; HEADER_BLOCK_START
; generated by OrcaSlicer 2.3.2 on 2026-05-31 at 22:49:30
; total layer number: 166
; filament_density: 0
; filament_diameter: 1.75
; max_z_height: 33.20
; filament: 1
; HEADER_BLOCK_END

; external perimeters extrusion width = 0.45mm
; perimeters extrusion width = 0.45mm
; infill extrusion width = 0.45mm
; solid infill extrusion width = 0.45mm
; top infill extrusion width = 0.40mm

; EXECUTABLE_BLOCK_START
M73 P0 R21
M201 X1000 Y1000 Z500 E5000
M203 X500 Y500 Z12 E120
M204 P1500 R1500 T1500
M205 X10.00 Y10.00 Z0.20 E2.50 ; sets the jerk limits, mm/sec
;TYPE:Custom
G90
M82
M104 S200
M140 S35
G28
G92 E0
M190 S35
M109 S200
G92 E0
G90
G21
M83 ; use relative distances for extrusion
M106 S0
;LAYER_CHANGE
;Z:0.2
;HEIGHT:0.2
G92 E0
;_SET_FAN_SPEED_CHANGING_LAYER
M204 S300
G1 E-.8 F1800
G1 X52.836 Y44.675 F7200
G1 Z.6
G1 Z.2
G1 E.8 F1800
;TYPE:Skirt
;WIDTH:0.45
G1 F1473.913
G1 X53.566 Y44.322 E.02746
G1 X61.542 Y41.548 E.28586
G1 X62.661 Y41.293 E.03884
G1 X63.616 Y41.259 E.03233
G1 X65.109 Y41.549 E.05151
G1 X66.312 Y42.138 E.04531
G1 X67.458 Y43.139 E.05151
G1 X68.198 Y44.242 E.04498
G1 X69.636 Y48.242 E.14387
G1 X69.888 Y49.366 E.03898
G1 X69.918 Y50.32 E.03233
G1 X69.782 Y51.265 E.03233
G1 X69.482 Y52.172 E.03233
G1 X69.03 Y53.013 E.03233
G1 X68.024 Y54.155 E.05151
G1 X66.92 Y54.891 E.04493
G1 X58.268 Y57.937 E.31047
G1 X57.334 Y58.137 E.03233
G1 X55.813 Y58.111 E.05151
G1 X54.886 Y57.88 E.03233
G1 X53.683 Y57.292 E.04531
G1 X52.537 Y56.291 E.05151
G1 X51.797 Y55.187 E.04498
G1 X50.304 Y50.998 E.15053
G1 X50.107 Y50.064 E.03233
G1 X50.138 Y48.543 E.05151
G1 X50.513 Y47.257 E.04531
G1 X50.966 Y46.417 E.03233
G1 X51.971 Y45.274 E.05151
G1 X52.747 Y44.718 E.03233
G1 X52.8 Y44.693 E.00198
; printing object magic-spinning-top.stl id:730144440329 copy 0
G1 E-.8 F1800
G1 X54.064 Y46.733 Z.6 F7200
G1 Z.2
G1 E.8 F1800
;TYPE:Brim
G1 F1473.913
G1 X54.531 Y46.527 E.01727
G1 X55.522 Y46.183 E.03549
G1 X56.049 Y46.051 E.01839
G1 X56.582 Y46.013 E.01809
G1 X56.73 Y46.028 E.00504
G1 X56.891 Y45.973 E.00578
G1 X57.022 Y45.848 E.00612
G1 X57.468 Y45.553 E.01811
G1 X57.934 Y45.346 E.01726
G1 X58.923 Y45.004 E.03542
G1 X59.45 Y44.871 E.01839
G1 X59.983 Y44.833 E.01809
G1 X60.131 Y44.849 E.00504
G1 X60.293 Y44.794 E.00578
G1 X60.424 Y44.669 E.00612
G1 X60.869 Y44.373 E.01811
G1 X61.336 Y44.167 E.01726
G1 X62.322 Y43.825 E.03535
G1 X62.849 Y43.692 E.01839
G1 X63.382 Y43.655 E.01809
G1 X63.914 Y43.71 E.01809
G1 X64.427 Y43.858 E.01809
G1 X64.907 Y44.093 E.01809
G1 X65.339 Y44.408 E.01809
G1 X65.709 Y44.793 E.01809
G1 X66.007 Y45.238 E.0181
G1 X66.216 Y45.707 E.01741
G1 X67.357 Y49.018 E.11852
G1 X67.488 Y49.545 E.01838
G1 X67.523 Y50.078 E.01809
G1 X67.466 Y50.609 E.01809
G1 X67.316 Y51.122 E.01809
G1 X67.08 Y51.601 E.01809
G1 X66.763 Y52.032 E.01809
G1 X66.376 Y52.401 E.01809
G1 X65.931 Y52.697 E.01811
G1 X65.464 Y52.903 E.01727
G1 X64.474 Y53.246 E.03549
G1 X63.947 Y53.379 E.01839
G1 X63.414 Y53.417 E.01809
G1 X63.266 Y53.401 E.00504
G1 X63.104 Y53.456 E.00578
G1 X62.973 Y53.581 E.00612
G1 X62.527 Y53.877 E.01811
G1 X62.061 Y54.083 E.01726
G1 X61.072 Y54.426 E.03542
G1 X60.545 Y54.558 E.01839
G1 X60.012 Y54.596 E.01809
G1 X59.864 Y54.58 E.00504
G1 X59.703 Y54.636 E.00578
G1 X59.572 Y54.76 E.00612
G1 X59.126 Y55.056 E.01811
G1 X58.66 Y55.262 E.01726
G1 X57.673 Y55.605 E.03535
G1 X57.146 Y55.737 E.01839
G1 X56.613 Y55.775 E.01809
G1 X56.081 Y55.719 E.01809
G1 X55.568 Y55.571 E.01809
G1 X55.088 Y55.337 E.01809
G1 X54.656 Y55.022 E.01809
G1 X54.286 Y54.636 E.01809
G1 X53.988 Y54.192 E.0181
G1 X53.779 Y53.722 E.01741
G1 X52.638 Y50.412 E.11852
G1 X52.508 Y49.885 E.01838
G1 X52.472 Y49.351 E.01809
G1 X52.529 Y48.82 E.01809
G1 X52.679 Y48.307 E.01809
G1 X52.916 Y47.828 E.01809
G1 X53.232 Y47.397 E.01809
G1 X53.619 Y47.029 E.01809
G1 X54.031 Y46.755 E.01675
G1 X54.256 Y47.096 F7200
G1 F1473.913
G1 X54.27 Y47.087 E.00058
G1 X54.685 Y46.904 E.01535
G1 X55.633 Y46.575 E.03396
G1 X56.103 Y46.457 E.01639
G1 X56.874 Y46.409 E.02614
G1 X57.01 Y46.363 E.00488
G1 X57.182 Y46.259 E.0068
G1 X57.286 Y46.162 E.00482
G1 X57.656 Y45.917 E.01501
G1 X58.088 Y45.724 E.01604
G1 X59.034 Y45.396 E.03389
G1 X59.504 Y45.277 E.01639
G1 X60.275 Y45.23 E.02614
G1 X60.411 Y45.183 E.00488
G1 X60.583 Y45.079 E.0068
G1 X60.688 Y44.982 E.00482
G1 X61.057 Y44.737 E.01501
G1 X61.49 Y44.545 E.01604
G1 X62.444 Y44.214 E.03419
G1 X62.925 Y44.095 E.01675
G1 X63.386 Y44.064 E.01566
G1 X63.846 Y44.114 E.01566
G1 X64.27 Y44.236 E.01494
G1 X64.687 Y44.438 E.01566
G1 X65.062 Y44.709 E.01566
G1 X65.397 Y45.058 E.01638
G1 X65.653 Y45.445 E.0157
G1 X65.835 Y45.852 E.0151
G1 X66.965 Y49.128 E.1173
G1 X67.085 Y49.619 E.0171
G1 X67.114 Y50.08 E.01566
G1 X67.062 Y50.54 E.01566
G1 X66.931 Y50.984 E.01566
G1 X66.724 Y51.398 E.01566
G1 X66.463 Y51.753 E.01494
G1 X66.112 Y52.087 E.01638
G1 X65.725 Y52.342 E.0157
G1 X65.31 Y52.525 E.01535
G1 X64.362 Y52.854 E.03396
G1 X63.893 Y52.973 E.01639
G1 X63.431 Y53.007 E.01566
G1 X63.321 Y52.998 E.00374
G1 X63.122 Y53.02 E.0068
G1 X62.985 Y53.066 E.00488
G1 X62.34 Y53.513 E.02656
G1 X61.916 Y53.702 E.0157
G1 X60.961 Y54.034 E.03423
G1 X60.491 Y54.152 E.01639
G1 X60.03 Y54.187 E.01566
G1 X59.92 Y54.177 E.00374
G1 X59.72 Y54.199 E.0068
G1 X59.584 Y54.246 E.00488
G1 X58.92 Y54.702 E.02726
G1 X58.506 Y54.885 E.01534
G1 X57.551 Y55.215 E.03419
G1 X57.071 Y55.334 E.01675
G1 X56.609 Y55.365 E.01566
G1 X56.17 Y55.319 E.01494
G1 X55.705 Y55.185 E.01638
G1 X55.308 Y54.991 E.01494
G1 X54.934 Y54.72 E.01566
G1 X54.598 Y54.371 E.01638
G1 X54.342 Y53.985 E.0157
G1 X54.16 Y53.577 E.0151
G1 X53.031 Y50.302 E.1173
G1 X52.914 Y49.832 E.01638
G1 X52.882 Y49.349 E.01638
G1 X52.933 Y48.889 E.01566
G1 X53.064 Y48.446 E.01566
G1 X53.271 Y48.032 E.01566
G1 X53.532 Y47.676 E.01494
G1 X53.883 Y47.342 E.01638
G1 X54.223 Y47.118 E.01377
G1 X54.446 Y47.461 F7200
G1 F1473.913
G1 X54.475 Y47.442 E.00118
G1 X54.839 Y47.282 E.01346
G1 X55.745 Y46.967 E.03245
G1 X56.154 Y46.864 E.01431
G1 X56.886 Y46.817 E.02482
G1 X57.135 Y46.75 E.00871
G1 X57.387 Y46.61 E.00975
G1 X57.547 Y46.477 E.00705
G1 X57.844 Y46.28 E.01205
G1 X58.243 Y46.101 E.01481
G1 X59.146 Y45.788 E.03235
G1 X59.556 Y45.684 E.01431
G1 X60.288 Y45.637 E.02482
G1 X60.536 Y45.57 E.00871
G1 X60.788 Y45.431 E.00975
G1 X60.949 Y45.298 E.00705
G1 X61.245 Y45.101 E.01205
G1 X61.644 Y44.922 E.01481
G1 X62.565 Y44.603 E.03298
G1 X62.977 Y44.502 E.01436
G1 X63.388 Y44.474 E.01395
G1 X63.777 Y44.518 E.01325
G1 X64.134 Y44.623 E.01257
G1 X64.468 Y44.784 E.01255
G1 X64.784 Y45.011 E.0132
G1 X65.084 Y45.323 E.01464
G1 X65.3 Y45.651 E.01328
G1 X65.454 Y45.997 E.01282
G1 X66.572 Y49.237 E.11605
G1 X66.681 Y49.691 E.01579
G1 X66.704 Y50.081 E.01322
G1 X66.658 Y50.469 E.01323
G1 X66.546 Y50.844 E.01323
G1 X66.38 Y51.175 E.01255
G1 X66.162 Y51.475 E.01253
G1 X65.849 Y51.773 E.01466
G1 X65.52 Y51.988 E.01328
G1 X65.156 Y52.148 E.01345
G1 X64.25 Y52.462 E.03246
G1 X63.837 Y52.567 E.01443
G1 X63.083 Y52.615 E.02557
G1 X62.859 Y52.68 E.0079
G1 X62.747 Y52.736 E.00426
G1 X62.149 Y53.15 E.02461
G1 X61.761 Y53.325 E.01438
G1 X60.849 Y53.641 E.03269
G1 X60.436 Y53.746 E.01443
G1 X59.682 Y53.795 E.02557
G1 X59.458 Y53.859 E.0079
G1 X59.346 Y53.915 E.00422
G1 X58.711 Y54.35 E.02606
G1 X58.352 Y54.507 E.01326
G1 X57.43 Y54.826 E.03302
G1 X56.997 Y54.931 E.01508
G1 X56.627 Y54.956 E.01255
G1 X56.259 Y54.919 E.01253
G1 X55.842 Y54.799 E.01467
G1 X55.51 Y54.635 E.01253
G1 X55.211 Y54.418 E.01251
G1 X54.911 Y54.106 E.01464
G1 X54.696 Y53.779 E.01328
G1 X54.542 Y53.433 E.01282
G1 X53.423 Y50.191 E.11608
G1 X53.32 Y49.779 E.01437
G1 X53.291 Y49.369 E.01391
G1 X53.337 Y48.96 E.01393
G1 X53.45 Y48.586 E.01323
G1 X53.615 Y48.254 E.01255
G1 X53.833 Y47.955 E.01253
G1 X54.146 Y47.656 E.01466
G1 X54.412 Y47.482 E.01075
G1 X54.634 Y47.826 F7200
G1 F1473.913
G1 X54.679 Y47.797 E.00181
G1 X54.992 Y47.659 E.0116
G1 X55.857 Y47.359 E.03097
G1 X56.207 Y47.27 E.01224
G1 X56.902 Y47.223 E.02357
G1 X57.23 Y47.145 E.0114
G1 X57.58 Y46.968 E.01327
G1 X58.05 Y46.634 E.01954
G1 X58.398 Y46.478 E.01291
G1 X59.258 Y46.18 E.0308
G1 X59.609 Y46.091 E.01224
G1 X60.303 Y46.044 E.02357
G1 X60.631 Y45.966 E.0114
G1 X60.981 Y45.789 E.01327
G1 X61.451 Y45.454 E.01954
G1 X61.8 Y45.299 E.01291
G1 X62.686 Y44.993 E.03175
G1 X63.051 Y44.905 E.0127
G1 X63.39 Y44.884 E.0115
G1 X63.686 Y44.918 E.0101
G1 X63.977 Y45.001 E.01024
G1 X64.249 Y45.131 E.01021
G1 X64.508 Y45.314 E.01071
G1 X64.771 Y45.587 E.01285
G1 X64.945 Y45.856 E.01084
G1 X65.076 Y46.151 E.01094
G1 X66.179 Y49.346 E.11441
G1 X66.274 Y49.74 E.01373
G1 X66.295 Y50.058 E.01078
G1 X66.255 Y50.396 E.01153
G1 X66.161 Y50.702 E.01083
G1 X66.036 Y50.954 E.00952
G1 X65.861 Y51.196 E.0101
G1 X65.586 Y51.459 E.01289
G1 X65.317 Y51.633 E.01084
G1 X65.003 Y51.77 E.0116
G1 X64.138 Y52.07 E.03097
G1 X63.785 Y52.16 E.01236
G1 X63.068 Y52.208 E.0243
G1 X62.755 Y52.287 E.01095
G1 X62.508 Y52.407 E.0093
G1 X61.957 Y52.788 E.02267
G1 X61.605 Y52.948 E.01307
G1 X60.737 Y53.249 E.03111
G1 X60.383 Y53.339 E.01236
G1 X59.667 Y53.388 E.0243
G1 X59.353 Y53.466 E.01095
G1 X59.109 Y53.584 E.00917
G1 X58.502 Y53.997 E.02485
G1 X58.199 Y54.13 E.01121
G1 X57.31 Y54.436 E.03183
G1 X56.924 Y54.528 E.0134
G1 X56.644 Y54.547 E.00951
G1 X56.347 Y54.519 E.01011
G1 X55.98 Y54.413 E.01292
G1 X55.73 Y54.29 E.00942
G1 X55.488 Y54.116 E.01009
G1 X55.225 Y53.842 E.01287
G1 X55.05 Y53.574 E.01084
G1 X54.923 Y53.288 E.01058
G1 X53.816 Y50.08 E.11487
G1 X53.726 Y49.725 E.01239
G1 X53.701 Y49.366 E.01218
G1 X53.74 Y49.032 E.01141
G1 X53.834 Y48.727 E.01079
G1 X53.96 Y48.475 E.00952
G1 X54.134 Y48.233 E.0101
G1 X54.409 Y47.97 E.01289
G1 X54.6 Y47.847 E.00768
G1 X54.814 Y48.217 F7200
G1 F1473.913
G1 X55.093 Y48.055 E.01089
G1 X56.04 Y47.727 E.03394
G1 X56.203 Y47.688 E.00567
G1 X56.511 Y47.658 E.01045
G1 X56.806 Y47.681 E.01001
G1 X57.047 Y47.749 E.00849
G1 X57.193 Y47.816 E.00545
G1 X57.375 Y47.948 E.00759
G1 X57.481 Y47.966 E.00364
G1 X57.564 Y47.882 E.004
G1 X57.612 Y47.715 E.0059
G1 X57.756 Y47.45 E.0102
G1 X57.966 Y47.21 E.01079
G1 X58.073 Y47.121 E.00471
G1 X58.496 Y46.875 E.01656
G1 X59.499 Y46.532 E.03588
G1 X59.914 Y46.479 E.01416
G1 X60.207 Y46.501 E.00995
G1 X60.449 Y46.569 E.00849
G1 X60.595 Y46.637 E.00545
G1 X60.776 Y46.768 E.00759
G1 X60.882 Y46.787 E.00364
G1 X60.965 Y46.703 E.004
G1 X61.013 Y46.535 E.0059
G1 X61.158 Y46.271 E.0102
G1 X61.368 Y46.031 E.01079
G1 X61.475 Y45.94 E.00476
G1 X61.796 Y45.744 E.01274
G1 X62.84 Y45.369 E.03755
G1 X63.067 Y45.321 E.00785
G1 X63.313 Y45.3 E.00833
G1 X63.528 Y45.31 E.00731
G1 X63.756 Y45.358 E.00786
G1 X63.999 Y45.46 E.00893
G1 X64.109 Y45.532 E.00443
G1 X64.357 Y45.748 E.01115
G1 X64.436 Y45.839 E.00409
G1 X64.643 Y46.177 E.01341
G1 X65.809 Y49.524 E.11997
G1 X65.87 Y49.813 E.00999
G1 X65.872 Y50.174 E.01222
G1 X65.786 Y50.535 E.01257
G1 X65.643 Y50.798 E.01012
G1 X65.433 Y51.038 E.01081
G1 X65.326 Y51.128 E.00472
G1 X64.902 Y51.374 E.01658
G1 X63.957 Y51.702 E.03385
G1 X63.674 Y51.761 E.00982
G1 X63.285 Y51.761 E.01317
G1 X63.04 Y51.713 E.00845
G1 X62.8 Y51.612 E.0088
G1 X62.62 Y51.482 E.00752
G1 X62.514 Y51.463 E.00364
G1 X62.431 Y51.547 E.004
G1 X62.383 Y51.715 E.0059
G1 X62.239 Y51.979 E.0102
G1 X62.029 Y52.219 E.01079
G1 X61.922 Y52.309 E.00471
G1 X61.499 Y52.554 E.01655
G1 X60.486 Y52.9 E.03625
G1 X60.163 Y52.95 E.01107
G1 X59.785 Y52.927 E.01282
G1 X59.547 Y52.86 E.00837
G1 X59.4 Y52.793 E.00545
G1 X59.219 Y52.661 E.00759
G1 X59.113 Y52.643 E.00364
G1 X59.03 Y52.726 E.004
G1 X58.982 Y52.894 E.0059
G1 X58.838 Y53.159 E.0102
G1 X58.628 Y53.398 E.01079
G1 X58.521 Y53.488 E.00471
G1 X58.098 Y53.734 E.01655
G1 X57.086 Y54.079 E.03618
G1 X56.762 Y54.129 E.01113
G1 X56.486 Y54.12 E.00934
G1 X56.239 Y54.071 E.00852
G1 X55.996 Y53.969 E.0089
G1 X55.887 Y53.898 E.00443
G1 X55.559 Y53.59 E.01521
G1 X55.353 Y53.252 E.01341
G1 X54.166 Y49.831 E.12257
G1 X54.125 Y49.615 E.00744
G1 X54.113 Y49.362 E.00856
G1 X54.174 Y49.002 E.01236
G1 X54.279 Y48.744 E.00945
G1 X54.349 Y48.635 E.00439
G1 X54.563 Y48.391 E.01097
G1 X54.669 Y48.301 E.00472
G1 X54.78 Y48.237 E.00434
G1 X54.991 Y48.581 F7200
G1 F1473.913
G1 X55.215 Y48.444 E.0089
G1 X56.18 Y48.109 E.03455
G1 X56.293 Y48.085 E.00394
G1 X56.554 Y48.063 E.00886
G1 X56.703 Y48.074 E.00506
G1 X56.868 Y48.114 E.00572
G1 X57.033 Y48.191 E.00619
G1 X57.294 Y48.419 E.01173
G1 X57.454 Y48.658 E.00973
G1 X58.623 Y52.026 E.12069
G1 X58.667 Y52.259 E.00803
G1 X58.671 Y52.445 E.00628
G1 X58.616 Y52.717 E.00941
G1 X58.54 Y52.88 E.00608
G1 X58.315 Y53.137 E.01156
G1 X57.976 Y53.345 E.01348
M73 P1 R21
G1 X57.016 Y53.678 E.03438
G1 X56.786 Y53.722 E.00793
G1 X56.489 Y53.713 E.01006
G1 X56.327 Y53.674 E.00563
G1 X56.161 Y53.597 E.00618
G1 X55.9 Y53.369 E.01172
G1 X55.741 Y53.131 E.00971
G1 X54.568 Y49.764 E.12068
G1 X54.523 Y49.531 E.00804
G1 X54.52 Y49.345 E.00628
G1 X54.574 Y49.073 E.00941
G1 X54.65 Y48.91 E.00608
G1 X54.875 Y48.652 E.01158
G1 X54.957 Y48.602 E.00324
G1 X55.165 Y48.937 F7200
G1 F1473.913
G1 X55.336 Y48.833 E.00678
G1 X56.32 Y48.491 E.03526
G1 X56.598 Y48.468 E.00945
G1 X56.784 Y48.513 E.00646
G1 X56.905 Y48.601 E.00507
G1 X57.007 Y48.707 E.00499
G1 X57.112 Y48.879 E.00682
G1 X58.241 Y52.166 E.11766
G1 X58.266 Y52.328 E.00555
G1 X58.264 Y52.445 E.00394
G1 X58.219 Y52.63 E.00647
G1 X58.131 Y52.75 E.00503
G1 X58.025 Y52.852 E.00496
G1 X57.855 Y52.956 E.00678
G1 X56.874 Y53.296 E.03513
G1 X56.712 Y53.322 E.00555
G1 X56.596 Y53.32 E.00394
G1 X56.41 Y53.275 E.00647
G1 X56.289 Y53.187 E.00506
G1 X56.187 Y53.081 E.00498
G1 X56.082 Y52.909 E.00681
G1 X54.95 Y49.623 E.11766
G1 X54.924 Y49.461 E.00555
G1 X54.927 Y49.345 E.00394
G1 X54.972 Y49.159 E.00647
G1 X55.059 Y49.039 E.00504
G1 X55.136 Y48.965 E.00361
G1 X55.418 Y49.259 F7200
G1 F1473.913
G1 X55.457 Y49.222 E.0018
G1 X56.464 Y48.872 E.03607
G1 X56.604 Y48.875 E.00475
G1 X56.723 Y48.999 E.0058
G1 X57.86 Y52.309 E.11847
G1 X57.857 Y52.449 E.00475
G1 X57.734 Y52.567 E.00576
G1 X56.731 Y52.915 E.03594
G1 X56.59 Y52.913 E.00475
G1 X56.472 Y52.789 E.00579
G1 X55.331 Y49.48 E.11847
G1 X55.334 Y49.34 E.00475
G1 X55.39 Y49.286 E.00262
G1 E-.8 F1800
G1 X57.971 Y48.583 Z.6 F7200
G1 Z.2
G1 E.8 F1800
G1 F1473.913
G1 X57.926 Y48.349 E.00803
G1 X57.923 Y48.164 E.00628
G1 X57.978 Y47.891 E.00941
G1 X58.054 Y47.729 E.00608
G1 X58.279 Y47.472 E.01156
G1 X58.618 Y47.264 E.01348
G1 X59.581 Y46.93 E.03449
G1 X59.695 Y46.906 E.00394
G1 X59.955 Y46.884 E.00886
G1 X60.104 Y46.895 E.00506
G1 X60.269 Y46.935 E.00572
G1 X60.435 Y47.011 E.00619
G1 X60.696 Y47.239 E.01173
G1 X60.855 Y47.479 E.00973
G1 X62.025 Y50.847 E.12069
G1 X62.069 Y51.08 E.00803
G1 X62.072 Y51.266 E.00628
G1 X62.017 Y51.538 E.00941
G1 X61.942 Y51.701 E.00608
G1 X61.717 Y51.958 E.01156
G1 X61.377 Y52.166 E.01348
G1 X60.415 Y52.499 E.03445
G1 X60.185 Y52.543 E.00793
G1 X59.888 Y52.534 E.01006
G1 X59.726 Y52.495 E.00563
G1 X59.56 Y52.418 E.00619
G1 X59.3 Y52.19 E.01173
G1 X59.14 Y51.951 E.00973
G1 X57.984 Y48.621 E.11933
G1 X58.368 Y48.488 F7200
G1 F1473.913
G1 X58.353 Y48.442 E.00165
G1 X58.327 Y48.28 E.00555
G1 X58.33 Y48.164 E.00394
G1 X58.375 Y47.978 E.00647
G1 X58.463 Y47.859 E.00503
G1 X58.568 Y47.757 E.00496
G1 X58.739 Y47.653 E.00678
G1 X59.721 Y47.312 E.03519
G1 X60 Y47.288 E.00945
G1 X60.185 Y47.333 E.00646
G1 X60.306 Y47.421 E.00507
G1 X60.408 Y47.528 E.00499
G1 X60.514 Y47.7 E.00682
G1 X61.643 Y50.987 E.11766
G1 X61.668 Y51.149 E.00555
G1 X61.665 Y51.265 E.00394
G1 X61.62 Y51.451 E.00647
G1 X61.532 Y51.571 E.00503
G1 X61.427 Y51.672 E.00496
G1 X61.256 Y51.777 E.00678
G1 X60.274 Y52.117 E.03519
G1 X60.112 Y52.143 E.00555
G1 X59.996 Y52.141 E.00394
G1 X59.81 Y52.096 E.00646
G1 X59.689 Y52.008 E.00507
G1 X59.587 Y51.902 E.00499
G1 X59.482 Y51.73 E.00682
G1 X58.381 Y48.526 E.11466
G1 X58.766 Y48.394 F7200
G1 F1473.913
G1 X58.734 Y48.3 E.00336
G1 X58.737 Y48.16 E.00475
G1 X58.86 Y48.042 E.00576
G1 X59.865 Y47.693 E.036
G1 X60.005 Y47.696 E.00475
G1 X60.124 Y47.819 E.0058
G1 X61.261 Y51.129 E.11847
G1 X61.258 Y51.27 E.00475
G1 X61.135 Y51.388 E.00576
G1 X60.13 Y51.736 E.036
G1 X59.99 Y51.734 E.00475
G1 X59.871 Y51.61 E.0058
G1 X58.779 Y48.432 E.11375
G1 E-.8 F1800
G1 X61.412 Y47.518 Z.6 F7200
G1 Z.2
G1 E.8 F1800
G1 F1473.913
G1 X61.372 Y47.403 E.0041
G1 X61.328 Y47.17 E.00803
G1 X61.325 Y46.984 E.00628
G1 X61.379 Y46.712 E.00941
G1 X61.455 Y46.549 E.00608
G1 X61.68 Y46.292 E.01156
G1 X62.02 Y46.084 E.01348
G1 X62.98 Y45.751 E.03442
G1 X63.094 Y45.727 E.00394
G1 X63.355 Y45.705 E.00886
G1 X63.504 Y45.716 E.00506
G1 X63.668 Y45.756 E.00573
G1 X63.834 Y45.832 E.00618
G1 X64.095 Y46.06 E.01172
G1 X64.254 Y46.299 E.00971
G1 X65.428 Y49.666 E.12068
G1 X65.472 Y49.899 E.00804
G1 X65.475 Y50.084 E.00628
G1 X65.421 Y50.357 E.00941
G1 X65.345 Y50.52 E.00608
G1 X65.12 Y50.777 E.01158
G1 X64.78 Y50.986 E.0135
G1 X63.817 Y51.32 E.03451
G1 X63.587 Y51.364 E.00793
G1 X63.289 Y51.354 E.01006
G1 X63.128 Y51.315 E.00563
G1 X62.962 Y51.239 E.00619
G1 X62.701 Y51.011 E.01173
G1 X62.542 Y50.771 E.00973
G1 X61.425 Y47.555 E.11524
G1 X61.809 Y47.423 F7200
G1 F1473.913
G1 X61.754 Y47.263 E.00574
G1 X61.729 Y47.101 E.00555
G1 X61.731 Y46.985 E.00394
G1 X61.777 Y46.799 E.00647
G1 X61.864 Y46.679 E.00503
G1 X61.97 Y46.578 E.00496
G1 X62.14 Y46.473 E.00678
G1 X63.121 Y46.133 E.03513
G1 X63.399 Y46.11 E.00945
G1 X63.585 Y46.154 E.00647
G1 X63.706 Y46.242 E.00506
G1 X63.808 Y46.348 E.00498
G1 X63.913 Y46.52 E.00681
G1 X65.046 Y49.806 E.11766
G1 X65.071 Y49.968 E.00555
G1 X65.069 Y50.085 E.00394
G1 X65.024 Y50.27 E.00647
G1 X64.936 Y50.39 E.00504
G1 X64.83 Y50.492 E.00496
G1 X64.659 Y50.597 E.00678
G1 X63.675 Y50.938 E.03526
G1 X63.513 Y50.964 E.00555
G1 X63.397 Y50.962 E.00394
G1 X63.211 Y50.917 E.00646
G1 X63.09 Y50.829 E.00507
G1 X62.988 Y50.722 E.00499
G1 X62.883 Y50.55 E.00682
G1 X61.822 Y47.461 E.11056
G1 X62.207 Y47.329 F7200
G1 F1473.913
G1 X62.136 Y47.121 E.00746
G1 X62.139 Y46.98 E.00475
G1 X62.261 Y46.862 E.00576
G1 X62.942 Y46.626 E.02438
G1 X63.264 Y46.514 E.01156
G1 X63.405 Y46.517 E.00475
G1 X63.524 Y46.64 E.00579
G1 X64.664 Y49.949 E.11847
G1 X64.661 Y50.09 E.00475
G1 X64.538 Y50.208 E.00577
G1 X63.532 Y50.557 E.03607
G1 X63.391 Y50.554 E.00475
G1 X63.272 Y50.431 E.0058
G1 X62.22 Y47.367 E.10966
G1 E-.8 F1800
G1 X64.133 Y49.851 Z.6 F7200
G1 Z.2
G1 E.8 F1800
;TYPE:Outer wall
;WIDTH:0.532594
G1 F1225.305
G1 X63.63 Y50.026 E.02169
G1 X62.665 Y47.219 E.12085
;WIDTH:0.531255
G1 F1228.665
G1 X63.167 Y47.045 E.02156
G1 X63.254 Y47.296 E.01081
;WIDTH:0.532594
G1 F1225.305
G1 X64.12 Y49.813 E.10839
G1 E-.8 F1800
G1 X60.731 Y51.031 Z.6 F7200
G1 Z.2
G1 E.8 F1800
;WIDTH:0.531867
G1 F1227.127
G1 X60.228 Y51.205 E.02162
G1 X59.264 Y48.398 E.12067
G1 X59.767 Y48.224 E.02163
G1 X60.718 Y50.993 E.11905
G1 E-.8 F1800
G1 X55.862 Y49.578 Z.6 F7200
G1 Z.2
G1 E.8 F1800
;WIDTH:0.532643
G1 F1225.182
G1 X56.365 Y49.404 E.0217
G1 X57.33 Y52.211 E.12086
;WIDTH:0.531207
G1 F1228.785
G1 X56.828 Y52.385 E.02156
G1 X56.742 Y52.133 E.0108
;WIDTH:0.532643
G1 F1225.182
G1 X55.875 Y49.616 E.1084
; stop printing object magic-spinning-top.stl id:730144440329 copy 0
M106 S255
;LAYER_CHANGE
;Z:0.4
;HEIGHT:0.2
G92 E0
;_SET_FAN_SPEED_CHANGING_LAYER
M204 S500
; printing object magic-spinning-top.stl id:730144440329 copy 0
M204 S10000
G1 E-.8 F1800
G1 X63.507 Y49.527 Z.8 F7200
G1 X63.941 Y49.522 Z.8
G1 Z.4
G1 E.8 F1800
M204 S1500
;TYPE:Inner wall
;WIDTH:0.423477
G1 F600
G1 X63.581 Y49.647 E.01204
G1 X62.856 Y47.549 E.07023
G1 X63.215 Y47.424 E.01204
G1 X63.927 Y49.484 E.06897
M204 S500
G1 X64.469 Y49.778 F7200
;TYPE:Outer wall
;WIDTH:0.449999
G1 F600
G1 X63.324 Y50.175 E.041
G1 X62.327 Y47.293 E.10324
G1 X63.472 Y46.896 E.04099
G1 X64.456 Y49.741 E.10188
M204 S10000
G1 E-.8 F1800
G1 X60.18 Y50.826 Z.8 F7200
G1 Z.4
G1 E.8 F1800
M204 S1500
;TYPE:Inner wall
;WIDTH:0.424418
G1 F600
G1 X59.455 Y48.729 E.07037
G1 X59.815 Y48.604 E.0121
G1 X60.54 Y50.701 E.07037
G1 X60.218 Y50.812 E.01083
M204 S500
G1 X59.923 Y51.355 F7200
;TYPE:Outer wall
;WIDTH:0.449999
G1 F600
G1 X58.926 Y48.472 E.10324
G1 X60.072 Y48.075 E.04106
G1 X61.069 Y50.957 E.10324
G1 X59.961 Y51.342 E.0397
M204 S10000
G1 E-.8 F1800
G1 X56.055 Y49.907 Z.8 F7200
G1 Z.4
G1 E.8 F1800
M204 S1500
;TYPE:Inner wall
;WIDTH:0.423407
G1 F600
G1 X56.414 Y49.783 E.01204
G1 X57.14 Y51.88 E.07022
G1 X56.78 Y52.005 E.01204
G1 X56.068 Y49.945 E.06895
M73 P2 R21
M204 S500
G1 X55.527 Y49.651 F7200
;TYPE:Outer wall
;WIDTH:0.449999
G1 F600
G1 X56.671 Y49.254 E.041
G1 X57.668 Y52.137 E.10324
G1 X56.524 Y52.533 E.04099
G1 X55.54 Y49.689 E.10188
; stop printing object magic-spinning-top.stl id:730144440329 copy 0
;LAYER_CHANGE
;Z:0.6
;HEIGHT:0.2
G92 E0
;_SET_FAN_SPEED_CHANGING_LAYER
; printing object magic-spinning-top.stl id:730144440329 copy 0
M204 S10000
G1 E-.8 F1800
G1 X63.168 Y49.444 Z1 F7200
G1 X63.992 Y49.418 Z1
G1 Z.6
G1 E.8 F1800
M204 S1500
;TYPE:Inner wall
;WIDTH:0.587054
G1 F600
G1 X63.478 Y49.596 E.02462
G1 X62.807 Y47.653 E.09302
;WIDTH:0.586857
G1 X63.321 Y47.474 E.0246
G1 X63.979 Y49.38 E.09118
M204 S500
G1 X64.624 Y49.724 F7200
;TYPE:Outer wall
;WIDTH:0.449999
G1 F600
G1 X63.171 Y50.228 E.05208
G1 X62.175 Y47.346 E.10324
G1 X63.628 Y46.842 E.05205
G1 X64.611 Y49.687 E.10188
M204 S10000
G1 E-.8 F1800
G1 X60.59 Y50.598 Z1 F7200
G1 Z.6
G1 E.8 F1800
M204 S1500
;TYPE:Inner wall
;WIDTH:0.586439
G1 F600
G1 X60.077 Y50.776 E.02456
G1 X59.405 Y48.832 E.09294
G1 X59.919 Y48.654 E.02456
G1 X60.577 Y50.56 E.09113
M204 S500
G1 X61.222 Y50.904 F7200
;TYPE:Outer wall
;WIDTH:0.449999
G1 F600
G1 X59.769 Y51.408 E.05203
G1 X58.774 Y48.525 E.10324
G1 X60.226 Y48.022 E.05203
G1 X61.209 Y50.867 E.10188
M204 S10000
G1 E-.8 F1800
G1 X56.003 Y50.012 Z1 F7200
G1 Z.6
G1 E.8 F1800
M204 S1500
;TYPE:Inner wall
;WIDTH:0.587059
G1 F600
G1 X56.517 Y49.834 E.02462
G1 X57.189 Y51.777 E.09302
;WIDTH:0.586847
G1 X56.675 Y51.955 E.0246
;WIDTH:0.587059
G1 X56.016 Y50.05 E.09121
M204 S500
G1 X55.371 Y49.705 F7200
;TYPE:Outer wall
;WIDTH:0.449999
G1 F600
G1 X56.824 Y49.201 E.05208
G1 X57.82 Y52.084 E.10324
G1 X56.368 Y52.588 E.05205
G1 X55.384 Y49.743 E.10188
; stop printing object magic-spinning-top.stl id:730144440329 copy 0
M106 S252
;LAYER_CHANGE
;Z:0.8
;HEIGHT:0.2
G92 E0
;_SET_FAN_SPEED_CHANGING_LAYER
; printing object magic-spinning-top.stl id:730144440329 copy 0
M204 S10000
G1 E-.8 F1800
G1 X63.011 Y49.467 Z1.2 F7200
G1 X64.181 Y49.424 Z1.2
G1 Z.8
G1 E.8 F1800
M204 S1500
;TYPE:Inner wall
G1 F712
G1 X63.336 Y49.718 E.03029
G1 X62.619 Y47.645 E.07423
G1 X63.463 Y47.353 E.03025
G1 X64.168 Y49.387 E.07287
M204 S500
G1 X64.727 Y49.689 F7200
;TYPE:Outer wall
G1 F712
G1 X63.071 Y50.263 E.05931
G1 X62.074 Y47.381 E.10324
G1 X63.727 Y46.807 E.05925
G1 X64.714 Y49.651 E.10188
M204 S10000
G1 E-.8 F1800
G1 X63.187 Y47.921 Z1.2 F7200
G1 Z.8
G1 E.8 F1800
M204 S500
;TYPE:Internal solid infill
;WIDTH:0.529648
G1 F712
G1 X63.599 Y49.111 E.05094
M204 S10000
G1 E-.8 F1800
G1 X60.778 Y50.605 Z1.2 F7200
G1 Z.8
G1 E.8 F1800
M204 S1500
;TYPE:Inner wall
;WIDTH:0.449999
G1 F712
G1 X59.935 Y50.897 E.03021
G1 X59.217 Y48.825 E.07423
G1 X60.061 Y48.532 E.03021
G1 X60.765 Y50.567 E.07287
M204 S500
G1 X61.323 Y50.869 F7200
;TYPE:Outer wall
G1 F712
G1 X59.67 Y51.442 E.05922
G1 X58.672 Y48.56 E.10324
G1 X60.325 Y47.987 E.05922
G1 X61.31 Y50.831 E.10188
M204 S10000
G1 E-.8 F1800
G1 X59.785 Y49.1 Z1.2 F7200
G1 Z.8
G1 E.8 F1800
M204 S500
;TYPE:Internal solid infill
;WIDTH:0.52844
G1 F712
G1 X60.197 Y50.291 E.05088
M204 S10000
G1 E-.8 F1800
G1 X55.814 Y50.005 Z1.2 F7200
G1 Z.8
G1 E.8 F1800
M204 S1500
;TYPE:Inner wall
;WIDTH:0.449999
G1 F712
G1 X56.659 Y49.712 E.03029
G1 X57.377 Y51.784 E.07423
G1 X56.532 Y52.077 E.03025
G1 X55.827 Y50.043 E.07287
M204 S500
G1 X55.269 Y49.74 F7200
;TYPE:Outer wall
G1 F712
G1 X56.924 Y49.166 E.05931
G1 X57.922 Y52.049 E.10324
G1 X56.268 Y52.622 E.05925
G1 X55.282 Y49.778 E.10188
M204 S10000
G1 X56.383 Y50.281 F7200
M204 S500
;TYPE:Internal solid infill
;WIDTH:0.530406
G1 F712
G1 X56.795 Y51.47 E.05102
; stop printing object magic-spinning-top.stl id:730144440329 copy 0
;LAYER_CHANGE
;Z:1
;HEIGHT:0.2
G92 E0
;_SET_FAN_SPEED_CHANGING_LAYER
; printing object magic-spinning-top.stl id:730144440329 copy 0
M204 S10000
G1 E-.8 F1800
G1 X64.149 Y49.429 Z1.4 F7200
G1 X64.25 Y49.401 Z1.4
G1 Z1
G1 E.8 F1800
M204 S1500
;TYPE:Inner wall
;WIDTH:0.449999
G1 F823
G1 X63.269 Y49.741 E.03514
G1 X62.551 Y47.669 E.07423
G1 X63.532 Y47.329 E.03514
G1 X64.237 Y49.363 E.07287
M204 S500
G1 X64.795 Y49.665 F7200
M73 P3 R21
;TYPE:Outer wall
G1 F823
G1 X63.004 Y50.286 E.06415
G1 X62.006 Y47.404 E.10324
G1 X63.796 Y46.783 E.06415
G1 X64.782 Y49.627 E.10188
M204 S10000
G1 X63.79 Y49.178 F7200
M204 S500
;TYPE:Internal solid infill
;WIDTH:0.358402
G1 F823
G1 X63.309 Y47.789 E.03857
G1 X63.01 Y47.892 E.00828
G1 X63.492 Y49.281 E.03857
G1 X63.752 Y49.191 E.00723
M204 S10000
G1 E-.8 F1800
G1 X60.128 Y48.509 Z1.4 F7200
G1 Z1
G1 E.8 F1800
M204 S1500
;TYPE:Inner wall
;WIDTH:0.449999
G1 F823
G1 X60.846 Y50.581 E.07423
G1 X59.868 Y50.92 E.03504
G1 X59.149 Y48.848 E.07423
G1 X60.09 Y48.522 E.03369
M204 S500
G1 X60.392 Y47.964 F7200
;TYPE:Outer wall
G1 F823
G1 X61.391 Y50.846 E.10324
G1 X59.603 Y51.466 E.06405
G1 X58.604 Y48.584 E.10324
G1 X60.354 Y47.977 E.0627
M204 S10000
G1 E-.8 F1800
G1 X60.09 Y50.461 Z1.4 F7200
G1 Z1
G1 E.8 F1800
M204 S500
;TYPE:Internal solid infill
;WIDTH:0.356991
G1 F823
G1 X60.387 Y50.359 E.0082
G1 X59.905 Y48.968 E.03844
G1 X59.608 Y49.071 E.0082
G1 X60.077 Y50.424 E.03739
M204 S10000
G1 E-.8 F1800
G1 X55.746 Y50.029 Z1.4 F7200
G1 Z1
G1 E.8 F1800
M204 S1500
;TYPE:Inner wall
;WIDTH:0.449999
G1 F823
G1 X56.726 Y49.689 E.03513
G1 X57.444 Y51.761 E.07423
G1 X56.464 Y52.101 E.03513
G1 X55.759 Y50.066 E.07287
M204 S500
G1 X55.2 Y49.764 F7200
;TYPE:Outer wall
G1 F823
G1 X56.991 Y49.143 E.06415
G1 X57.99 Y52.025 E.10324
G1 X56.199 Y52.646 E.06414
G1 X55.213 Y49.802 E.10188
M204 S10000
G1 E-.8 F1800
G1 X56.985 Y51.538 Z1.4 F7200
G1 Z1
G1 E.8 F1800
M204 S500
;TYPE:Internal solid infill
;WIDTH:0.358329
G1 F823
G1 X56.503 Y50.148 E.03856
G1 X56.205 Y50.252 E.00827
G1 X56.687 Y51.641 E.03856
G1 X56.947 Y51.551 E.00722
; stop printing object magic-spinning-top.stl id:730144440329 copy 0
;LAYER_CHANGE
;Z:1.2
;HEIGHT:0.2
G92 E0
;_SET_FAN_SPEED_CHANGING_LAYER
; printing object magic-spinning-top.stl id:730144440329 copy 0
M204 S10000
G1 E-.8 F1800
G1 X55.293 Y50.184 Z1.6 F7200
G1 Z1.2
G1 E.8 F1800
M204 S1500
;TYPE:Inner wall
;WIDTH:0.449999
G1 F968
G1 X57.532 Y49.408 E.08024
M204 S250
;TYPE:Overhang wall
M106 S255
G1 X58.343 Y49.127 E.02903
M204 S1500
;TYPE:Inner wall
M106 S252
G1 X60.934 Y48.229 E.09283
M204 S250
;TYPE:Overhang wall
M106 S255
G1 X61.744 Y47.948 E.02903
M204 S1500
;TYPE:Inner wall
M106 S252
G1 X63.985 Y47.172 E.08027
G1 X64.704 Y49.245 E.07428
G1 X62.463 Y50.021 E.08028
M204 S250
;TYPE:Overhang wall
M106 S255
G1 X61.653 Y50.302 E.02903
M204 S1500
;TYPE:Inner wall
M106 S252
G1 X59.061 Y51.2 E.09283
M204 S250
;TYPE:Overhang wall
M106 S255
G1 X58.251 Y51.481 E.02903
M204 S1500
;TYPE:Inner wall
M106 S252
G1 X56.017 Y52.256 E.08004
G1 X55.306 Y50.222 E.07292
M204 S500
G1 X54.881 Y49.873 F7200
;TYPE:Outer wall
G1 F968
G1 X57.392 Y49.003 E.08995
M204 S250
;TYPE:Overhang wall
M106 S255
G1 X58.202 Y48.722 E.02903
M204 S500
;TYPE:Outer wall
M106 S252
G1 X60.793 Y47.824 E.09282
M204 S250
;TYPE:Overhang wall
M106 S255
G1 X61.604 Y47.543 E.02903
M204 S500
;TYPE:Outer wall
M106 S252
G1 X64.106 Y46.676 E.08965
G1 X64.212 Y46.665 E.00358
M204 S250
;TYPE:Overhang wall
M106 S255
G1 X64.261 Y46.66 E.00168
G1 X65.236 Y49.472 E.10075
G1 X65.195 Y49.5 E.0017
M204 S500
;TYPE:Outer wall
M106 S252
G1 X65.114 Y49.556 E.00332
G1 X62.603 Y50.426 E.08995
M204 S250
;TYPE:Overhang wall
M106 S255
G1 X61.793 Y50.707 E.02903
M204 S500
;TYPE:Outer wall
M106 S252
G1 X59.202 Y51.605 E.09282
M204 S250
;TYPE:Overhang wall
M106 S255
G1 X58.391 Y51.886 E.02903
M204 S500
;TYPE:Outer wall
M106 S252
G1 X55.894 Y52.752 E.08946
G1 X55.784 Y52.767 E.00376
M204 S250
;TYPE:Overhang wall
M106 S255
G1 X55.743 Y52.772 E.0014
G1 X54.762 Y49.966 E.10063
G1 X54.802 Y49.935 E.00172
M204 S500
;TYPE:Outer wall
M106 S252
G1 X54.849 Y49.898 E.00202
M204 S10000
G1 E-.8 F1800
G1 X56.774 Y51.511 Z1.6 F7200
G1 Z1.2
G1 E.8 F1800
M204 S500
;TYPE:Internal solid infill
;WIDTH:0.548967
G1 F968
G1 X56.354 Y50.3 E.05393
G1 X55.875 Y50.466 E.02133
G1 X56.297 Y51.676 E.05393
G1 X56.736 Y51.524 E.01953
M73 P3 R20
M204 S10000
G1 X56.975 Y51.259 F7200
M204 S250
;TYPE:Bridge
;WIDTH:0.45
G1 F968
M106 S255
G1 X59.752 Y50.296 E.0995
G1 X59.619 Y49.912 E.01378
G1 X57.015 Y50.814 E.0933
G1 X56.882 Y50.429 E.01378
G1 X59.659 Y49.467 E.0995
M204 S10000
G1 X59.777 Y49.077 F7200
M204 S500
;TYPE:Internal solid infill
;WIDTH:0.479592
G1 F968
M106 S252
G1 X60.205 Y50.315 E.04759
M204 S10000
G1 X60.377 Y50.08 F7200
M204 S250
;TYPE:Bridge
;WIDTH:0.45
G1 F968
M106 S255
G1 X63.154 Y49.117 E.0995
G1 X63.021 Y48.733 E.01378
G1 X60.417 Y49.635 E.0933
G1 X60.283 Y49.251 E.01378
G1 X63.061 Y48.288 E.0995
M204 S10000
G1 X64.122 Y48.962 F7200
M204 S500
;TYPE:Internal solid infill
;WIDTH:0.550404
G1 F968
M106 S252
G1 X63.703 Y47.753 E.054
G1 X63.223 Y47.919 E.02141
G1 X63.642 Y49.129 E.054
G1 X64.084 Y48.976 E.01974
; stop printing object magic-spinning-top.stl id:730144440329 copy 0
;LAYER_CHANGE
;Z:1.4
;HEIGHT:0.2
G92 E0
;_SET_FAN_SPEED_CHANGING_LAYER
; printing object magic-spinning-top.stl id:730144440329 copy 0
M204 S10000
G1 E-.8 F1800
G1 X57.106 Y52.068 Z1.8 F7200
G1 X54.95 Y53.023 Z1.8
G1 Z1.4
G1 E.8 F1800
M204 S250
;TYPE:Overhang wall
;WIDTH:0.516238
G1 F1267.647
M106 S255
G1 X53.989 Y50.242 E.11582
M204 S10000
G1 E-.8 F1800
G1 X61.585 Y49.505 Z1.8 F7200
G1 X64.867 Y49.187 Z1.8
G1 Z1.4
G1 E.8 F1800
M204 S1500
;TYPE:Inner wall
;WIDTH:0.449999
G1 F1272
M106 S252
G1 X55.845 Y52.315 E.32324
G1 X55.127 Y50.243 E.07423
G1 X64.149 Y47.115 E.32324
G1 X64.854 Y49.149 E.07286
M204 S500
G1 X65.388 Y49.46 F7200
;TYPE:Outer wall
G1 F1272
G1 X55.581 Y52.86 E.35136
G1 X54.581 Y49.979 E.10324
M73 P4 R20
G1 X64.412 Y46.574 E.35216
G1 X65.403 Y49.423 E.10211
M204 S10000
G1 E-.8 F1800
G1 X58.007 Y51.31 Z1.8 F7200
G1 X56.096 Y51.797 Z1.8
G1 Z1.4
G1 E.8 F1800
M204 S500
;TYPE:Internal solid infill
G1 F1272
G1 X64.35 Y48.935 E.29568
G1 X63.898 Y47.633 E.04665
G1 X55.645 Y50.495 E.29568
G1 X56.083 Y51.759 E.04531
M204 S10000
G1 X56.442 Y50.691 F7200
M204 S500
;WIDTH:0.528619
G1 F1235.335
G1 X56.213 Y50.77 E.00981
G1 X56.372 Y51.229 E.01962
G1 X63.782 Y48.66 E.31673
G1 X63.623 Y48.201 E.01961
G1 X56.48 Y50.677 E.30531
M204 S10000
G1 E-.8 F1800
G1 X64.021 Y49.499 Z1.8 F7200
G1 X66.009 Y49.188 Z1.8
G1 Z1.4
G1 E.8 F1800
M204 S250
;TYPE:Overhang wall
;WIDTH:0.518348
G1 F1262.021
M106 S255
G1 X65.046 Y46.406 E.11637
; stop printing object magic-spinning-top.stl id:730144440329 copy 0
;LAYER_CHANGE
;Z:1.6
;HEIGHT:0.2
G92 E0
;_SET_FAN_SPEED_CHANGING_LAYER
; printing object magic-spinning-top.stl id:730144440329 copy 0
M204 S10000
G1 E-.8 F1800
G1 X57.919 Y49.136 Z2 F7200
G1 X54.071 Y50.609 Z2
G1 Z1.6
G1 E.8 F1800
M204 S1500
;TYPE:Inner wall
;WIDTH:0.449999
G1 F1032
M106 S252
G1 X65.203 Y46.749 E.3988
G1 X65.924 Y48.82 E.07423
G1 X54.792 Y52.68 E.39881
G1 X54.084 Y50.647 E.07287
M204 S500
G1 X53.525 Y50.345 F7200
;TYPE:Outer wall
G1 F1032
G1 X65.467 Y46.204 E.42781
G1 X66.47 Y49.084 E.10324
G1 X54.529 Y53.225 E.42782
G1 X53.538 Y50.383 E.10188
M204 S10000
G1 E-.8 F1800
G1 X55.737 Y50.827 Z2 F7200
G1 Z1.6
G1 E.8 F1800
M204 S250
;TYPE:Bridge
;WIDTH:0.45
G1 F1032
M106 S255
G1 X54.645 Y51.206 E.03912
G1 X54.779 Y51.59 E.01378
G1 X55.698 Y51.271 E.03294
G1 X55.833 Y51.656 E.01378
G1 X54.74 Y52.034 E.03915
M204 S10000
G1 X56.532 Y51.711 F7200
M204 S500
;TYPE:Sparse infill
G1 F1032
M106 S252
G1 X58.07 Y51.177 E.05512
G1 X56.891 Y49.998 E.05646
G1 X59.199 Y49.197 E.0827
G1 X60.379 Y50.377 E.05646
G1 X62.687 Y49.576 E.0827
G1 X61.507 Y48.397 E.05646
G1 X63.046 Y47.863 E.05512
M204 S10000
G1 E-.8 F1800
G1 X65.296 Y47.512 Z2 F7200
G1 Z1.6
G1 E.8 F1800
M204 S250
;TYPE:Bridge
G1 F1032
M106 S255
G1 X64.208 Y47.89 E.03899
G1 X64.341 Y48.274 E.01378
G1 X65.257 Y47.957 E.0328
G1 X65.391 Y48.341 E.01378
G1 X64.302 Y48.719 E.03903
; stop printing object magic-spinning-top.stl id:730144440329 copy 0
;LAYER_CHANGE
;Z:1.8
;HEIGHT:0.2
G92 E0
;_SET_FAN_SPEED_CHANGING_LAYER
; printing object magic-spinning-top.stl id:730144440329 copy 0
M204 S10000
G1 E-.8 F1800
G1 X56.8 Y50.126 Z2.2 F7200
G1 X53.89 Y50.672 Z2.2
G1 Z1.8
G1 E.8 F1800
M204 S1500
;TYPE:Inner wall
;WIDTH:0.449999
G1 F1001
M106 S252
G1 X65.388 Y46.685 E.41192
G1 X66.105 Y48.757 E.07423
G1 X54.607 Y52.744 E.41192
G1 X53.903 Y50.71 E.07287
M204 S500
G1 X53.345 Y50.407 F7200
;TYPE:Outer wall
G1 F1001
G1 X65.653 Y46.14 E.44093
G1 X66.65 Y49.022 E.10324
G1 X54.342 Y53.29 E.44093
M73 P5 R20
G1 X53.358 Y50.445 E.10188
M204 S10000
G1 X54.614 Y51.706 F7200
M204 S500
;TYPE:Sparse infill
;WIDTH:0.45
G1 F1001
G1 X54.821 Y52.304 E.02141
G1 X55.762 Y51.978 E.03371
G1 X54.582 Y50.798 E.05646
G1 X56.891 Y49.998 E.0827
G1 X58.07 Y51.177 E.05646
G1 X60.379 Y50.377 E.0827
G1 X59.199 Y49.197 E.05646
G1 X61.507 Y48.397 E.0827
G1 X62.687 Y49.576 E.05646
G1 X64.995 Y48.776 E.0827
G1 X63.816 Y47.596 E.05646
G1 X65.174 Y47.125 E.04867
G1 X65.237 Y47.305 E.00645
; stop printing object magic-spinning-top.stl id:730144440329 copy 0
;LAYER_CHANGE
;Z:2
;HEIGHT:0.2
G92 E0
;_SET_FAN_SPEED_CHANGING_LAYER
; printing object magic-spinning-top.stl id:730144440329 copy 0
M204 S10000
G1 E-.8 F1800
G1 X57.92 Y49.48 Z2.4 F7200
G1 X53.766 Y50.715 Z2.4
G1 Z2
G1 E.8 F1800
M204 S1500
;TYPE:Inner wall
;WIDTH:0.449999
G1 F1073
G1 X65.511 Y46.642 E.42078
G1 X66.229 Y48.714 E.07423
G1 X54.484 Y52.787 E.42079
G1 X53.779 Y50.753 E.07287
M204 S500
G1 X53.221 Y50.451 F7200
;TYPE:Outer wall
G1 F1073
G1 X65.776 Y46.097 E.4498
G1 X66.775 Y48.979 E.10324
G1 X54.22 Y53.332 E.4498
G1 X53.234 Y50.488 E.10188
M204 S10000
G1 E-.8 F1800
G1 X54.609 Y52.091 Z2.4 F7200
G1 Z2
G1 E.8 F1800
M204 S500
;TYPE:Sparse infill
;WIDTH:0.45
G1 F1073
G1 X54.206 Y50.929 E.04164
G1 X54.582 Y50.798 E.01348
G1 X55.762 Y51.978 E.05646
G1 X58.07 Y51.177 E.0827
G1 X56.891 Y49.998 E.05646
G1 X58.429 Y49.464 E.05512
M204 S10000
G1 E-.8 F1800
G1 X61.917 Y49.843 Z2.4 F7200
G1 Z2
G1 E.8 F1800
M204 S500
G1 F1073
G1 X60.379 Y50.377 E.05512
G1 X59.199 Y49.197 E.05646
G1 X61.507 Y48.397 E.0827
G1 X62.687 Y49.576 E.05646
G1 X64.995 Y48.776 E.0827
G1 X63.816 Y47.596 E.05646
G1 X65.298 Y47.083 E.05309
G1 X65.317 Y47.139 E.00203
; stop printing object magic-spinning-top.stl id:730144440329 copy 0
;LAYER_CHANGE
;Z:2.2
;HEIGHT:0.2
G92 E0
;_SET_FAN_SPEED_CHANGING_LAYER
; printing object magic-spinning-top.stl id:730144440329 copy 0
M204 S10000
G1 E-.8 F1800
G1 X58.027 Y49.398 Z2.6 F7200
G1 X53.675 Y50.747 Z2.6
G1 Z2.2
G1 E.8 F1800
M204 S1500
;TYPE:Inner wall
;WIDTH:0.449999
G1 F1079
G1 X65.601 Y46.611 E.42726
G1 X66.32 Y48.683 E.07423
G1 X54.394 Y52.818 E.42726
G1 X53.688 Y50.784 E.07287
M204 S500
G1 X53.129 Y50.482 F7200
;TYPE:Outer wall
G1 F1079
G1 X65.865 Y46.066 E.45627
G1 X66.866 Y48.947 E.10324
G1 X54.13 Y53.363 E.45628
G1 X53.143 Y50.52 E.10188
M204 S10000
G1 E-.8 F1800
G1 X54.58 Y52.299 Z2.6 F7200
G1 Z2.2
G1 E.8 F1800
M204 S500
;TYPE:Sparse infill
;WIDTH:0.45
G1 F1079
G1 X54.115 Y50.96 E.04796
G1 X54.315 Y50.891 E.00716
G1 X54.557 Y51.133 E.01159
G1 X55.986 Y51.9 E.05489
G1 X57.875 Y51.245 E.06767
G1 X57.666 Y51.133 E.00802
G1 X57.306 Y50.773 E.01723
G1 X56.89 Y49.998 E.02978
G1 X58.428 Y49.465 E.05512
M204 S10000
G1 E-.8 F1800
M73 P6 R20
G1 X61.768 Y49.895 Z2.6 F7200
G1 Z2.2
G1 E.8 F1800
M204 S500
G1 F1079
G1 X60.23 Y50.428 E.05512
G1 X59.58 Y49.219 E.04648
G1 X59.466 Y49.105 E.00546
G1 X61.484 Y48.405 E.07229
G1 X62.329 Y48.859 E.03247
G1 X62.689 Y49.219 E.01723
G1 X62.851 Y49.52 E.01156
G1 X65.171 Y48.715 E.08311
G1 X63.884 Y48.024 E.04945
G1 X63.548 Y47.689 E.01604
G1 X65.087 Y47.156 E.05512
; stop printing object magic-spinning-top.stl id:730144440329 copy 0
;LAYER_CHANGE
;Z:2.4
;HEIGHT:0.2
G92 E0
;_SET_FAN_SPEED_CHANGING_LAYER
; printing object magic-spinning-top.stl id:730144440329 copy 0
M204 S10000
G1 E-.8 F1800
G1 X57.807 Y49.448 Z2.8 F7200
G1 X53.617 Y50.767 Z2.8
G1 Z2.4
G1 E.8 F1800
M204 S1500
;TYPE:Inner wall
;WIDTH:0.449999
G1 F1093
G1 X65.658 Y46.591 E.43138
G1 X66.378 Y48.663 E.07423
G1 X54.337 Y52.838 E.43138
G1 X53.63 Y50.804 E.07287
M204 S500
G1 X53.071 Y50.502 F7200
;TYPE:Outer wall
G1 F1093
G1 X65.922 Y46.046 E.46039
G1 X66.924 Y48.927 E.10324
G1 X54.073 Y53.383 E.46039
G1 X53.085 Y50.54 E.10188
M204 S10000
G1 E-.8 F1800
G1 X55.586 Y50.45 Z2.8 F7200
G1 Z2.4
G1 E.8 F1800
M204 S500
;TYPE:Sparse infill
;WIDTH:0.45
G1 F1093
G1 X54.058 Y50.98 E.05475
G1 X54.061 Y50.99 E.00037
G1 X54.557 Y51.487 E.02375
G1 X56.112 Y51.614 E.05279
G1 X56.292 Y51.794 E.00862
G1 X57.54 Y51.361 E.04474
G1 X56.953 Y50.773 E.02814
G1 X56.889 Y49.998 E.02631
G1 X58.427 Y49.465 E.05512
M204 S10000
G1 E-.8 F1800
G1 X61.577 Y49.961 Z2.8 F7200
G1 Z2.4
G1 E.8 F1800
M204 S500
G1 F1093
G1 X60.039 Y50.495 E.05512
G1 X59.934 Y49.219 E.04334
G1 X59.729 Y49.014 E.00982
G1 X61.412 Y48.43 E.0603
G1 X62.329 Y48.505 E.03115
G1 X63.043 Y49.219 E.03415
G1 X63.061 Y49.447 E.00774
G1 X65.525 Y48.592 E.08827
G1 X65.438 Y48.505 E.00417
G1 X63.884 Y48.378 E.05279
G1 X63.286 Y47.78 E.02861
G1 X64.824 Y47.247 E.05512
; stop printing object magic-spinning-top.stl id:730144440329 copy 0
;LAYER_CHANGE
;Z:2.6
;HEIGHT:0.2
G92 E0
;_SET_FAN_SPEED_CHANGING_LAYER
; printing object magic-spinning-top.stl id:730144440329 copy 0
M204 S10000
G1 E-.8 F1800
G1 X57.543 Y49.534 Z3 F7200
G1 X53.596 Y50.774 Z3
G1 Z2.6
G1 E.8 F1800
M204 S1500
;TYPE:Inner wall
;WIDTH:0.449999
G1 F1067
G1 X65.679 Y46.584 E.43287
G1 X66.399 Y48.655 E.07423
G1 X54.316 Y52.845 E.43288
G1 X53.609 Y50.812 E.07287
M204 S500
G1 X53.05 Y50.51 F7200
;TYPE:Outer wall
G1 F1067
G1 X65.943 Y46.039 E.46188
G1 X66.945 Y48.92 E.10324
G1 X54.052 Y53.39 E.46189
G1 X53.064 Y50.547 E.10188
M204 S10000
G1 X54.787 Y50.727 F7200
M204 S500
;TYPE:Sparse infill
;WIDTH:0.45
G1 F1067
G1 X54.037 Y50.987 E.02687
G1 X54.311 Y51.776 E.02825
G1 X54.557 Y51.529 E.0118
G1 X56.112 Y51.571 E.05263
G1 X56.91 Y50.773 E.03821
G1 X56.889 Y49.998 E.02623
G1 X58.427 Y49.465 E.05512
M204 S10000
G1 E-.8 F1800
G1 X64.404 Y47.392 Z3 F7200
G1 Z2.6
G1 E.8 F1800
M204 S500
G1 F1067
G1 X62.866 Y47.926 E.05512
G1 X62.329 Y48.463 E.02569
G1 X61.391 Y48.437 E.03176
G1 X60.422 Y48.773 E.03473
G1 X59.977 Y49.219 E.02132
G1 X60.011 Y50.504 E.04353
G1 X63.091 Y49.436 E.11034
G1 X63.085 Y49.219 E.00737
G1 X63.884 Y48.42 E.03821
G1 X65.438 Y48.463 E.05263
G1 X65.83 Y48.071 E.01874
G1 X65.466 Y47.024 E.03751
G1 X64.974 Y47.195 E.01761
; stop printing object magic-spinning-top.stl id:730144440329 copy 0
;LAYER_CHANGE
;Z:2.8
;HEIGHT:0.2
G92 E0
;_SET_FAN_SPEED_CHANGING_LAYER
; printing object magic-spinning-top.stl id:730144440329 copy 0
M204 S10000
G1 E-.8 F1800
G1 X57.693 Y49.485 Z3.2 F7200
G1 X53.615 Y50.768 Z3.2
G1 Z2.8
M73 P7 R20
G1 E.8 F1800
M204 S1500
;TYPE:Inner wall
;WIDTH:0.449999
G1 F1077
G1 X65.661 Y46.59 E.43158
G1 X66.381 Y48.662 E.07423
G1 X54.334 Y52.839 E.43158
G1 X53.628 Y50.805 E.07287
M204 S500
G1 X53.069 Y50.503 F7200
;TYPE:Outer wall
G1 F1077
G1 X65.925 Y46.045 E.46059
G1 X66.926 Y48.926 E.10324
G1 X54.07 Y53.384 E.46059
G1 X53.082 Y50.541 E.10188
M204 S10000
G1 E-.8 F1800
G1 X55.349 Y50.532 Z3.2 F7200
G1 Z2.8
G1 E.8 F1800
M204 S500
;TYPE:Sparse infill
;WIDTH:0.45
G1 F1077
G1 X56.888 Y49.999 E.05512
G1 X56.556 Y50.773 E.0285
G1 X56.112 Y51.218 E.02129
G1 X54.557 Y51.883 E.05723
G1 X54.417 Y52.023 E.00671
G1 X54.548 Y52.399 E.01347
G1 X55.71 Y51.996 E.04165
M204 S10000
G1 E-.8 F1800
G1 X62.419 Y48.357 Z3.2 F7200
G1 X63.831 Y47.591 Z3.2
G1 Z2.8
G1 E.8 F1800
M204 S500
G1 F1077
G1 X62.292 Y48.125 E.05512
G1 X60.775 Y48.774 E.05587
G1 X60.33 Y49.219 E.02129
G1 X59.74 Y50.598 E.0508
G1 X63.39 Y49.333 E.13078
G1 X63.439 Y49.219 E.00419
G1 X63.884 Y48.774 E.02129
G1 X65.438 Y48.109 E.05723
G1 X65.723 Y47.824 E.01366
G1 X65.94 Y48.448 E.02238
G1 X65.027 Y48.765 E.03273
; stop printing object magic-spinning-top.stl id:730144440329 copy 0
;LAYER_CHANGE
;Z:3
;HEIGHT:0.2
G92 E0
;_SET_FAN_SPEED_CHANGING_LAYER
; printing object magic-spinning-top.stl id:730144440329 copy 0
M204 S10000
G1 E-.8 F1800
G1 X57.508 Y50.078 Z3.4 F7200
G1 X53.672 Y50.748 Z3.4
G1 Z3
G1 E.8 F1800
M204 S1500
;TYPE:Inner wall
;WIDTH:0.449999
G1 F1053
G1 X65.604 Y46.61 E.42748
G1 X66.323 Y48.682 E.07423
G1 X54.391 Y52.819 E.42748
G1 X53.685 Y50.785 E.07287
M204 S500
G1 X53.127 Y50.483 F7200
;TYPE:Outer wall
G1 F1053
G1 X65.869 Y46.065 E.45649
G1 X66.869 Y48.946 E.10324
G1 X54.127 Y53.365 E.45649
G1 X53.14 Y50.521 E.10188
M204 S10000
G1 E-.8 F1800
G1 X58.423 Y49.466 Z3.4 F7200
G1 Z3
G1 E.8 F1800
M204 S500
;TYPE:Sparse infill
;WIDTH:0.45
G1 F1053
G1 X56.885 Y50 E.05512
G1 X54.579 Y52.306 E.11038
G1 X54.605 Y52.379 E.00263
G1 X59.212 Y50.781 E.16507
G1 X61.644 Y48.35 E.11641
G1 X65.391 Y47.05 E.13423
G1 X65.561 Y47.541 E.01759
G1 X63.971 Y49.131 E.07611
G1 X62.433 Y49.665 E.05512
; stop printing object magic-spinning-top.stl id:730144440329 copy 0
;LAYER_CHANGE
;Z:3.2
;HEIGHT:0.2
G92 E0
;_SET_FAN_SPEED_CHANGING_LAYER
; printing object magic-spinning-top.stl id:730144440329 copy 0
M204 S10000
G1 E-.8 F1800
G1 X54.856 Y50.582 Z3.6 F7200
G1 X53.77 Y50.714 Z3.6
G1 Z3.2
G1 E.8 F1800
M204 S1500
;TYPE:Inner wall
;WIDTH:0.449999
G1 F1038
G1 X65.506 Y46.644 E.42048
G1 X66.226 Y48.716 E.07423
G1 X54.489 Y52.785 E.42048
G1 X53.783 Y50.752 E.07287
M73 P8 R20
M204 S500
G1 X53.224 Y50.449 F7200
;TYPE:Outer wall
G1 F1038
G1 X65.771 Y46.099 E.44949
G1 X66.771 Y48.98 E.10324
G1 X54.225 Y53.331 E.44949
G1 X53.237 Y50.487 E.10188
M204 S10000
G1 E-.8 F1800
G1 X58.423 Y49.466 Z3.6 F7200
G1 Z3.2
G1 E.8 F1800
M204 S500
;TYPE:Sparse infill
;WIDTH:0.45
G1 F1038
G1 X56.885 Y50 E.05512
G1 X54.66 Y52.224 E.10649
G1 X54.702 Y52.345 E.00433
G1 X59.212 Y50.781 E.16157
G1 X61.644 Y48.35 E.11641
G1 X65.293 Y47.084 E.13073
G1 X65.48 Y47.622 E.01929
G1 X63.971 Y49.131 E.07222
G1 X62.433 Y49.665 E.05512
M73 P8 R19
; stop printing object magic-spinning-top.stl id:730144440329 copy 0
;LAYER_CHANGE
;Z:3.4
;HEIGHT:0.2
G92 E0
;_SET_FAN_SPEED_CHANGING_LAYER
; printing object magic-spinning-top.stl id:730144440329 copy 0
M204 S10000
G1 E-.8 F1800
G1 X54.852 Y50.553 Z3.8 F7200
G1 X53.915 Y50.663 Z3.8
G1 Z3.4
G1 E.8 F1800
M204 S1500
;TYPE:Inner wall
;WIDTH:0.449999
G1 F1017
G1 X65.362 Y46.694 E.41009
G1 X66.08 Y48.766 E.07423
G1 X54.633 Y52.735 E.41009
G1 X53.928 Y50.701 E.07287
M204 S500
G1 X53.37 Y50.399 F7200
;TYPE:Outer wall
G1 F1017
G1 X65.627 Y46.149 E.4391
G1 X66.625 Y49.031 E.10324
G1 X54.369 Y53.281 E.4391
G1 X53.383 Y50.437 E.10188
M204 S10000
G1 E-.8 F1800
G1 X58.423 Y49.466 Z3.8 F7200
G1 Z3.4
G1 E.8 F1800
M204 S500
;TYPE:Sparse infill
;WIDTH:0.45
G1 F1017
G1 X56.885 Y50 E.05512
G1 X54.781 Y52.104 E.10073
G1 X54.847 Y52.295 E.00684
G1 X59.212 Y50.781 E.15639
G1 X61.644 Y48.35 E.11641
G1 X65.148 Y47.134 E.12555
G1 X65.359 Y47.743 E.0218
G1 X63.971 Y49.131 E.06645
G1 X62.433 Y49.665 E.05512
; stop printing object magic-spinning-top.stl id:730144440329 copy 0
;LAYER_CHANGE
;Z:3.6
;HEIGHT:0.2
G92 E0
;_SET_FAN_SPEED_CHANGING_LAYER
; printing object magic-spinning-top.stl id:730144440329 copy 0
M204 S10000
G1 E-.8 F1800
G1 X54.851 Y50.54 Z4 F7200
G1 X53.983 Y50.64 Z4
G1 Z3.6
G1 E.8 F1800
M204 S1500
;TYPE:Inner wall
;WIDTH:0.449999
G1 F1007
G1 X65.294 Y46.718 E.40524
G1 X66.012 Y48.79 E.07423
G1 X54.701 Y52.712 E.40524
G1 X53.996 Y50.678 E.07287
M204 S500
G1 X53.437 Y50.375 F7200
;TYPE:Outer wall
G1 F1007
G1 X65.559 Y46.172 E.43425
G1 X66.558 Y49.054 E.10324
G1 X54.437 Y53.257 E.43425
G1 X53.451 Y50.413 E.10188
M73 P9 R19
M204 S10000
G1 E-.8 F1800
G1 X58.423 Y49.466 Z4 F7200
G1 Z3.6
G1 E.8 F1800
M204 S500
;TYPE:Sparse infill
;WIDTH:0.45
G1 F1007
G1 X56.885 Y50 E.05512
G1 X54.837 Y52.048 E.09803
G1 X54.915 Y52.271 E.00802
G1 X59.212 Y50.781 E.15396
G1 X61.644 Y48.35 E.11641
G1 X65.08 Y47.158 E.12312
G1 X65.303 Y47.799 E.02298
G1 X63.971 Y49.131 E.06375
G1 X62.433 Y49.665 E.05512
; stop printing object magic-spinning-top.stl id:730144440329 copy 0
;LAYER_CHANGE
;Z:3.8
;HEIGHT:0.2
G92 E0
;_SET_FAN_SPEED_CHANGING_LAYER
; printing object magic-spinning-top.stl id:730144440329 copy 0
M204 S10000
G1 E-.8 F1800
G1 X54.853 Y50.562 Z4.2 F7200
G1 X53.874 Y50.678 Z4.2
G1 Z3.8
G1 E.8 F1800
M204 S1500
;TYPE:Inner wall
;WIDTH:0.449999
G1 F1023
G1 X65.403 Y46.68 E.41305
G1 X66.122 Y48.752 E.07423
G1 X54.592 Y52.75 E.41305
G1 X53.887 Y50.715 E.07287
M204 S500
G1 X53.328 Y50.413 F7200
;TYPE:Outer wall
G1 F1023
G1 X65.668 Y46.135 E.44206
G1 X66.667 Y49.016 E.10324
G1 X54.328 Y53.295 E.44206
G1 X53.341 Y50.451 E.10188
M204 S10000
G1 E-.8 F1800
G1 X58.423 Y49.466 Z4.2 F7200
G1 Z3.8
G1 E.8 F1800
M204 S500
;TYPE:Sparse infill
;WIDTH:0.45
G1 F1023
G1 X56.885 Y50 E.05512
G1 X54.746 Y52.138 E.10237
G1 X54.806 Y52.309 E.00613
G1 X59.212 Y50.781 E.15787
G1 X61.644 Y48.35 E.11641
G1 X65.19 Y47.12 E.12703
G1 X65.394 Y47.709 E.02108
G1 X63.971 Y49.131 E.0681
G1 X62.433 Y49.665 E.05512
; stop printing object magic-spinning-top.stl id:730144440329 copy 0
;LAYER_CHANGE
;Z:4
;HEIGHT:0.2
G92 E0
;_SET_FAN_SPEED_CHANGING_LAYER
; printing object magic-spinning-top.stl id:730144440329 copy 0
M204 S10000
G1 E-.8 F1800
G1 X54.856 Y50.583 Z4.4 F7200
G1 X53.765 Y50.716 Z4.4
G1 Z4
G1 E.8 F1800
M204 S1500
;TYPE:Inner wall
;WIDTH:0.449999
G1 F1039
G1 X65.512 Y46.642 E.42087
G1 X66.231 Y48.714 E.07423
G1 X54.483 Y52.787 E.42087
G1 X53.778 Y50.753 E.07287
M204 S500
G1 X53.219 Y50.451 F7200
;TYPE:Outer wall
G1 F1039
G1 X65.777 Y46.097 E.44988
G1 X66.776 Y48.978 E.10324
G1 X54.219 Y53.333 E.44988
G1 X53.232 Y50.489 E.10188
M204 S10000
G1 E-.8 F1800
G1 X58.423 Y49.466 Z4.4 F7200
G1 Z4
G1 E.8 F1800
M204 S500
;TYPE:Sparse infill
;WIDTH:0.45
G1 F1039
G1 X56.885 Y50 E.05512
G1 X54.656 Y52.229 E.10672
G1 X54.697 Y52.347 E.00423
G1 X59.212 Y50.781 E.16177
G1 X61.644 Y48.35 E.11641
G1 X65.299 Y47.082 E.13093
G1 X65.484 Y47.618 E.01919
G1 X63.971 Y49.131 E.07244
G1 X62.433 Y49.665 E.05512
; stop printing object magic-spinning-top.stl id:730144440329 copy 0
;LAYER_CHANGE
;Z:4.2
;HEIGHT:0.2
G92 E0
;_SET_FAN_SPEED_CHANGING_LAYER
; printing object magic-spinning-top.stl id:730144440329 copy 0
M204 S10000
G1 E-.8 F1800
G1 X54.858 Y50.604 Z4.6 F7200
G1 X53.655 Y50.753 Z4.6
M73 P10 R19
G1 Z4.2
G1 E.8 F1800
M204 S1500
;TYPE:Inner wall
;WIDTH:0.449999
G1 F1055
G1 X65.621 Y46.604 E.42869
G1 X66.34 Y48.676 E.07423
G1 X54.374 Y52.825 E.42869
G1 X53.669 Y50.791 E.07287
M204 S500
G1 X53.11 Y50.489 F7200
;TYPE:Outer wall
G1 F1055
G1 X65.886 Y46.059 E.4577
G1 X66.885 Y48.941 E.10324
G1 X54.109 Y53.371 E.4577
G1 X53.123 Y50.527 E.10188
M204 S10000
G1 E-.8 F1800
G1 X58.423 Y49.466 Z4.6 F7200
G1 Z4.2
G1 E.8 F1800
M204 S500
;TYPE:Sparse infill
;WIDTH:0.45
G1 F1055
G1 X56.885 Y50 E.05512
G1 X54.565 Y52.32 E.11106
G1 X54.587 Y52.385 E.00233
G1 X59.212 Y50.781 E.16568
G1 X61.644 Y48.35 E.11641
G1 X65.408 Y47.044 E.13484
G1 X65.575 Y47.527 E.01729
G1 X63.971 Y49.131 E.07678
G1 X62.433 Y49.665 E.05512
; stop printing object magic-spinning-top.stl id:730144440329 copy 0
;LAYER_CHANGE
;Z:4.4
;HEIGHT:0.2
G92 E0
;_SET_FAN_SPEED_CHANGING_LAYER
; printing object magic-spinning-top.stl id:730144440329 copy 0
M204 S10000
G1 E-.8 F1800
G1 X54.861 Y50.625 Z4.8 F7200
G1 X53.546 Y50.791 Z4.8
G1 Z4.4
G1 E.8 F1800
M204 S1500
;TYPE:Inner wall
;WIDTH:0.449999
G1 F1080
G1 X65.73 Y46.566 E.4365
G1 X66.449 Y48.638 E.07423
G1 X54.265 Y52.863 E.4365
G1 X53.559 Y50.829 E.07287
M204 S500
G1 X53.001 Y50.527 F7200
;TYPE:Outer wall
G1 F1080
G1 X65.995 Y46.021 E.46552
G1 X66.994 Y48.903 E.10324
G1 X54 Y53.408 E.46552
G1 X53.014 Y50.564 E.10188
M204 S10000
G1 E-.8 F1800
G1 X55.348 Y50.533 Z4.8 F7200
G1 Z4.4
G1 E.8 F1800
M204 S500
;TYPE:Sparse infill
;WIDTH:0.45
G1 F1080
G1 X56.887 Y49.999 E.05512
G1 X56.35 Y50.773 E.03188
G1 X56.112 Y51.011 E.0114
G1 X54.557 Y52.089 E.06403
G1 X54.413 Y52.234 E.00692
G1 X54.478 Y52.423 E.00678
G1 X55.828 Y51.955 E.04834
M204 S10000
G1 E-.8 F1800
G1 X62.486 Y48.224 Z4.8 F7200
G1 X63.264 Y47.788 Z4.8
G1 Z4.4
G1 E.8 F1800
M204 S500
G1 F1080
G1 X61.725 Y48.321 E.05512
G1 X60.775 Y48.98 E.03915
G1 X60.537 Y49.219 E.0114
G1 X59.529 Y50.671 E.05984
G1 X63.622 Y49.252 E.14663
G1 X63.884 Y48.98 E.01277
G1 X65.438 Y47.903 E.06403
G1 X65.676 Y47.664 E.0114
G1 X65.722 Y47.598 E.00272
G1 X65.517 Y47.007 E.0212
G1 X64.57 Y47.335 E.03392
; stop printing object magic-spinning-top.stl id:730144440329 copy 0
;LAYER_CHANGE
;Z:4.6
;HEIGHT:0.2
G92 E0
;_SET_FAN_SPEED_CHANGING_LAYER
; printing object magic-spinning-top.stl id:730144440329 copy 0
M204 S10000
G1 E-.8 F1800
G1 X57.293 Y49.637 Z5 F7200
G1 X52.538 Y51.141 Z5
G1 Z4.6
G1 E.8 F1800
M204 S250
;TYPE:Overhang wall
;WIDTH:0.449999
G1 F1323
M106 S255
G1 X52.74 Y51.071 E.00723
M204 S1500
;TYPE:Inner wall
M106 S252
G1 X66.537 Y46.287 E.49429
M204 S250
;TYPE:Overhang wall
M106 S255
G1 X66.733 Y46.219 E.00701
G1 X67.457 Y48.289 E.07423
G1 X67.255 Y48.359 E.00724
M204 S1500
;TYPE:Inner wall
M106 S252
G1 X53.458 Y53.143 E.49429
M204 S250
;TYPE:Overhang wall
M106 S255
G1 X53.263 Y53.211 E.00701
M73 P11 R19
G1 X52.551 Y51.179 E.07287
M204 S500
G1 X52.6 Y50.666 F7200
;TYPE:Outer wall
G1 F1323
M106 S252
G1 X66.396 Y45.882 E.49429
M204 S250
;TYPE:Overhang wall
M106 S255
G1 X66.996 Y45.674 E.02148
G1 X68.004 Y48.553 E.10324
G1 X67.396 Y48.763 E.02179
M204 S500
;TYPE:Outer wall
M106 S252
G1 X53.599 Y53.548 E.49429
M204 S250
;TYPE:Overhang wall
M106 S255
G1 X52.999 Y53.755 E.02148
G1 X51.992 Y50.877 E.10324
G1 X52.562 Y50.679 E.02042
M204 S10000
G1 X53.255 Y51.064 F7200
M204 S250
;TYPE:Bridge
;WIDTH:0.45
G1 F1323
G1 X53.812 Y52.654 E.057
G1 X54.196 Y52.521 E.01378
G1 X53.64 Y50.931 E.057
M204 S10000
G1 X55.35 Y50.532 F7200
M204 S500
;TYPE:Sparse infill
G1 F1323
M106 S252
G1 X56.888 Y49.999 E.05512
G1 X56.703 Y50.773 E.02695
G1 X56.112 Y51.365 E.02833
G1 X54.557 Y51.736 E.05409
G1 X54.48 Y51.813 E.00371
G1 X54.668 Y52.357 E.01948
G1 X55.663 Y52.012 E.03564
M204 S10000
G1 E-.8 F1800
G1 X62.392 Y48.41 Z5 F7200
G1 X64.088 Y47.502 Z5
G1 Z4.6
G1 E.8 F1800
M204 S500
G1 F1323
G1 X62.55 Y48.035 E.05512
G1 X62.329 Y48.256 E.01056
G1 X60.997 Y48.574 E.04635
G1 X60.738 Y48.664 E.00929
G1 X60.183 Y49.219 E.02657
G1 X59.864 Y50.555 E.04651
G1 X63.253 Y49.38 E.12142
G1 X63.292 Y49.219 E.00562
G1 X63.884 Y48.627 E.02833
G1 X65.438 Y48.256 E.05409
G1 X65.66 Y48.034 E.01064
G1 X65.819 Y48.49 E.01636
G1 X64.737 Y48.866 E.03875
M204 S10000
G1 E-.8 F1800
G1 X66.332 Y46.53 Z5 F7200
G1 Z4.6
G1 E.8 F1800
M204 S250
;TYPE:Bridge
G1 F1323
M106 S255
G1 X66.889 Y48.12 E.057
G1 X66.504 Y48.253 E.01378
G1 X65.947 Y46.663 E.057
; stop printing object magic-spinning-top.stl id:730144440329 copy 0
;LAYER_CHANGE
;Z:4.8
;HEIGHT:0.2
G92 E0
;_SET_FAN_SPEED_CHANGING_LAYER
; printing object magic-spinning-top.stl id:730144440329 copy 0
M204 S10000
G1 E-.8 F1800
G1 X58.708 Y49.082 Z5.2 F7200
G1 X52.285 Y51.228 Z5.2
G1 Z4.8
G1 E.8 F1800
M204 S1500
;TYPE:Inner wall
;WIDTH:0.449999
G1 F1332
M106 S252
G1 X66.989 Y46.13 E.52677
G1 X67.71 Y48.201 E.07423
G1 X53.006 Y53.3 E.52677
G1 X52.299 Y51.266 E.07287
M204 S500
G1 X51.74 Y50.964 F7200
;TYPE:Outer wall
G1 F1332
G1 X67.253 Y45.585 E.55578
G1 X68.256 Y48.465 E.10324
G1 X52.742 Y53.845 E.55579
G1 X51.753 Y51.002 E.10188
M204 S10000
G1 E-.8 F1800
G1 X55.405 Y52.102 Z5.2 F7200
G1 Z4.8
G1 E.8 F1800
M204 S500
;TYPE:Sparse infill
;WIDTH:0.45
G1 F1332
G1 X53.866 Y52.635 E.05512
G1 X53.923 Y52.327 E.01059
G1 X53.003 Y51.408 E.04404
G1 X52.731 Y51.457 E.00934
G1 X52.726 Y51.442 E.00056
G1 X53.899 Y51.035 E.04203
G1 X54.557 Y51.693 E.03149
G1 X56.112 Y51.408 E.05349
G1 X56.445 Y51.741 E.01596
G1 X57.387 Y51.414 E.03376
G1 X56.746 Y50.773 E.03069
G1 X56.888 Y49.999 E.02665
G1 X58.427 Y49.465 E.05512
M204 S10000
G1 E-.8 F1800
G1 X61.435 Y50.01 Z5.2 F7200
G1 Z4.8
G1 E.8 F1800
M204 S500
G1 F1332
G1 X59.897 Y50.544 E.05512
G1 X60.14 Y49.219 E.04561
G1 X59.882 Y48.96 E.01236
G1 X61.184 Y48.509 E.04664
G1 X62.329 Y48.299 E.03941
G1 X63.249 Y49.219 E.04404
G1 X63.217 Y49.393 E.00599
G1 X64.756 Y48.859 E.05512
M204 S10000
G1 X64.671 Y47.3 F7200
M204 S500
G1 F1332
G1 X63.133 Y47.833 E.05512
G1 X63.884 Y48.584 E.03594
G1 X65.438 Y48.299 E.05349
G1 X65.678 Y48.539 E.01151
G1 X66.621 Y48.212 E.03376
G1 X66.072 Y47.664 E.02624
G1 X66.239 Y46.756 E.03125
G1 X66.776 Y46.57 E.01923
G1 X67.124 Y47.571 E.03589
; stop printing object magic-spinning-top.stl id:730144440329 copy 0
M106 S250
;LAYER_CHANGE
;Z:5
;HEIGHT:0.2
G92 E0
;_SET_FAN_SPEED_CHANGING_LAYER
; printing object magic-spinning-top.stl id:730144440329 copy 0
M204 S10000
G1 E-.8 F1800
G1 X60.257 Y46.438 Z5.4 F7200
G1 Z5
G1 E.8 F1800
M204 S250
;TYPE:Overhang wall
;WIDTH:0.449999
G1 F1473.915
M106 S255
G1 X58.44 Y47.002 E.06442
G1 X58.382 Y46.326 E.02296
G1 X58.359 Y45.707 E.02095
G1 X60.22 Y45.817 E.06311
G1 X60.255 Y46.398 E.01969
M204 S10000
G1 X60.715 Y46.745 F7200
M204 S250
G1 F1473.915
G1 X58.08 Y47.562 E.09336
G1 X58.001 Y46.943 E.02111
G1 X57.94 Y46.153 E.02684
G1 X57.923 Y45.252 E.03049
G1 X60.643 Y45.413 E.09225
G1 X60.657 Y46.099 E.02323
G1 X60.711 Y46.705 E.02058
M204 S10000
G1 E-.8 F1800
G1 X58.556 Y46.394 Z5.4 F7200
G1 Z5
G1 E.8 F1800
M204 S250
;TYPE:Bridge
;WIDTH:0.45
G1 F1473.913
G1 X59.942 Y45.964 E.04911
M204 S10000
G1 E-.8 F1800
G1 X62.23 Y52.127 Z5.4 F7200
G1 Z5
G1 E.8 F1800
M204 S250
;TYPE:Overhang wall
;WIDTH:0.449999
G1 F1473.915
G1 X62.585 Y52.638 E.02105
G1 X61.195 Y53.873 E.06294
G1 X60.827 Y53.376 E.02094
G1 X60.453 Y52.81 E.02296
G1 X62.193 Y52.142 E.06306
M204 S10000
G1 X62.399 Y51.603 F7200
M204 S250
G1 F1473.915
G1 X62.791 Y52.201 E.02419
G1 X63.168 Y52.693 E.02098
M73 P12 R19
G1 X61.136 Y54.499 E.09199
G1 X60.573 Y53.766 E.03127
G1 X60.138 Y53.116 E.02648
G1 X59.825 Y52.592 E.02067
G1 X62.362 Y51.618 E.092
M204 S10000
G1 X62.013 Y52.928 F7200
M204 S250
;TYPE:Bridge
;WIDTH:0.45
G1 F1473.913
G1 X60.987 Y53.322 E.03719
M204 S10000
G1 E-.8 F1800
G1 X53.55 Y51.607 Z5.4 F7200
G1 X52.135 Y51.281 Z5.4
G1 Z5
G1 E.8 F1800
M204 S1500
;TYPE:Inner wall
;WIDTH:0.449999
G1 F1473.915
M106 S250
G1 X67.141 Y46.077 E.5376
G1 X67.86 Y48.149 E.07423
G1 X52.854 Y53.352 E.53761
G1 X52.148 Y51.318 E.07287
M204 S500
G1 X51.589 Y51.016 F7200
;TYPE:Outer wall
G1 F1473.915
G1 X67.405 Y45.532 E.56662
G1 X68.406 Y48.413 E.10324
G1 X52.59 Y53.897 E.56662
G1 X51.602 Y51.054 E.10188
M204 S10000
G1 E-.8 F1800
G1 X55.21 Y52.169 Z5.4 F7200
G1 Z5
G1 E.8 F1800
M204 S500
;TYPE:Sparse infill
;WIDTH:0.45
G1 F1473.913
G1 X53.671 Y52.703 E.05512
G1 X53.569 Y52.327 E.01316
G1 X53.003 Y51.761 E.02711
G1 X52.633 Y51.661 E.01297
G1 X52.575 Y51.494 E.00597
G1 X54.162 Y50.944 E.05684
G1 X54.557 Y51.339 E.01893
G1 X56.112 Y51.761 E.05452
G1 X56.182 Y51.832 E.00339
G1 X57.65 Y51.323 E.05257
G1 X57.1 Y50.773 E.02633
G1 X56.889 Y49.998 E.02718
G1 X58.428 Y49.465 E.05512
M204 S10000
G1 E-.8 F1800
G1 X61.663 Y49.931 Z5.4 F7200
G1 Z5
G1 E.8 F1800
M204 S500
G1 F1473.913
G1 X60.125 Y50.465 E.05512
G1 X59.787 Y49.219 E.04371
G1 X59.62 Y49.052 E.008
G1 X61.455 Y48.415 E.06575
G1 X62.329 Y48.652 E.03067
G1 X62.896 Y49.219 E.02711
G1 X62.966 Y49.48 E.00915
G1 X64.505 Y48.946 E.05512
M204 S10000
G1 X64.934 Y47.209 F7200
M204 S500
G1 F1473.913
G1 X63.395 Y47.742 E.05512
G1 X63.884 Y48.231 E.02338
G1 X65.39 Y48.639 E.05282
G1 X66.883 Y48.121 E.0535
G1 X66.426 Y47.664 E.02188
G1 X66.185 Y46.775 E.03119
G1 X66.927 Y46.517 E.02661
G1 X67.204 Y47.313 E.02851
; stop printing object magic-spinning-top.stl id:730144440329 copy 0
M106 S245
;LAYER_CHANGE
;Z:5.2
;HEIGHT:0.2
G92 E0
;_SET_FAN_SPEED_CHANGING_LAYER
; printing object magic-spinning-top.stl id:730144440329 copy 0
M204 S10000
G1 E-.8 F1800
G1 X59.824 Y49.261 Z5.6 F7200
G1 X52.026 Y51.318 Z5.6
G1 Z5.2
G1 E.8 F1800
M204 S1500
;TYPE:Inner wall
;WIDTH:0.449999
G1 F1473.915
G1 X67.252 Y46.039 E.54546
G1 X67.969 Y48.111 E.07423
G1 X52.744 Y53.391 E.54546
G1 X52.039 Y51.356 E.07287
M204 S500
G1 X51.481 Y51.054 F7200
;TYPE:Outer wall
G1 F1473.915
G1 X67.516 Y45.494 E.57447
G1 X68.514 Y48.376 E.10324
G1 X52.479 Y53.936 E.57447
G1 X51.494 Y51.091 E.10188
M204 S10000
G1 E-.8 F1800
G1 X55.063 Y52.22 Z5.6 F7200
G1 Z5.2
G1 E.8 F1800
M204 S500
;TYPE:Sparse infill
;WIDTH:0.45
G1 F1473.913
G1 X53.525 Y52.753 E.05512
G1 X53.216 Y52.327 E.01782
G1 X53.003 Y52.115 E.01019
G1 X52.556 Y51.79 E.0187
G1 X52.467 Y51.532 E.00925
G1 X54.424 Y50.853 E.07014
G1 X54.557 Y50.986 E.00636
G1 X55.871 Y51.94 E.05496
G1 X57.975 Y51.21 E.07538
G1 X57.666 Y50.986 E.01293
G1 X57.453 Y50.773 E.01019
G1 X56.89 Y49.998 E.03243
G1 X58.429 Y49.464 E.05512
M204 S10000
G1 E-.8 F1800
G1 X61.834 Y49.872 Z5.6 F7200
G1 Z5.2
G1 E.8 F1800
M204 S500
G1 F1473.913
G1 X60.295 Y50.406 E.05512
G1 X59.433 Y49.219 E.04966
M73 P12 R18
G1 X59.357 Y49.143 E.00364
G1 X61.496 Y48.401 E.07663
G1 X62.329 Y49.006 E.03485
G1 X62.542 Y49.219 E.01019
G1 X62.779 Y49.545 E.01364
G1 X64.317 Y49.011 E.05512
M204 S10000
G1 E-.8 F1800
G1 X65.199 Y47.117 Z5.6 F7200
G1 Z5.2
G1 E.8 F1800
M204 S500
G1 F1473.913
G1 X63.661 Y47.65 E.05512
G1 X63.884 Y47.877 E.01077
G1 X65.081 Y48.746 E.05008
G1 X67.185 Y48.017 E.07538
G1 X66.992 Y47.877 E.00805
G1 X66.78 Y47.664 E.01019
G1 X66.144 Y46.789 E.03661
G1 X67.038 Y46.479 E.03202
G1 X67.261 Y47.124 E.0231
M204 S10000
G1 E-.8 F1800
G1 X62.316 Y51.869 Z5.6 F7200
G1 Z5.2
G1 E.8 F1800
M204 S1500
;TYPE:Inner wall
;WIDTH:0.449999
G1 F1473.915
G1 X62.868 Y52.669 E.0329
G1 X61.162 Y54.185 E.07727
G1 X60.654 Y53.494 E.02901
G1 X60.15 Y52.707 E.03165
G1 X62.279 Y51.883 E.07727
M204 S500
G1 X62.488 Y51.343 F7200
M73 P13 R18
;TYPE:Outer wall
G1 F1473.915
G1 X62.961 Y52.079 E.02959
G1 X63.455 Y52.721 E.02744
G1 X61.111 Y54.803 E.10615
G1 X60.876 Y54.518 E.0125
G1 X60.298 Y53.732 E.03301
G1 X59.951 Y53.211 E.0212
G1 X59.528 Y52.488 E.02837
G1 X62.451 Y51.357 E.10609
M204 S10000
G1 E-.8 F1800
G1 X60.869 Y52.939 Z5.6 F7200
G1 Z5.2
G1 E.8 F1800
M204 S500
;TYPE:Internal solid infill
;WIDTH:0.588451
G1 F1099.846
G1 X61.241 Y53.477 E.02967
G1 X62.232 Y52.597 E.06014
G1 X62.132 Y52.451 E.00803
G1 X60.906 Y52.925 E.05962
M204 S10000
G1 E-.8 F1800
G1 X60.475 Y46.591 Z5.6 F7200
G1 Z5.2
G1 E.8 F1800
M204 S1500
;TYPE:Inner wall
;WIDTH:0.449999
G1 F1473.915
G1 X58.271 Y47.269 E.07807
G1 X58.219 Y46.928 E.01168
G1 X58.16 Y46.165 E.02591
G1 X58.144 Y45.484 E.02306
G1 X60.431 Y45.618 E.07753
G1 X60.434 Y46.067 E.0152
G1 X60.472 Y46.551 E.01642
M204 S500
G1 X60.941 Y46.896 F7200
;TYPE:Outer wall
G1 F1473.915
G1 X57.921 Y47.825 E.10695
G1 X57.791 Y46.951 E.02992
G1 X57.731 Y46.158 E.02692
G1 X57.722 Y45.029 E.03819
G1 X60.858 Y45.214 E.10634
G1 X60.866 Y46.091 E.0297
G1 X60.937 Y46.856 E.02599
M204 S10000
G1 E-.8 F1800
G1 X58.68 Y46.643 Z5.6 F7200
G1 Z5.2
G1 E.8 F1800
M204 S500
;TYPE:Internal solid infill
;WIDTH:0.590585
G1 F1095.56
G1 X59.975 Y46.245 E.06171
G1 X59.967 Y46.069 E.00802
G1 X58.633 Y45.991 E.06082
G1 X58.677 Y46.604 E.02799
; stop printing object magic-spinning-top.stl id:730144440329 copy 0
;LAYER_CHANGE
;Z:5.4
;HEIGHT:0.2
G92 E0
;_SET_FAN_SPEED_CHANGING_LAYER
; printing object magic-spinning-top.stl id:730144440329 copy 0
M204 S10000
G1 E-.8 F1800
G1 X52.439 Y51 Z5.8 F7200
G1 X51.949 Y51.345 Z5.8
G1 Z5.4
G1 E.8 F1800
M204 S1500
;TYPE:Inner wall
;WIDTH:0.449999
G1 F1473.915
G1 X67.33 Y46.012 E.55104
G1 X68.046 Y48.084 E.07423
G1 X52.665 Y53.418 E.55104
G1 X51.962 Y51.383 E.07287
M204 S500
G1 X51.404 Y51.08 F7200
;TYPE:Outer wall
G1 F1473.915
G1 X67.595 Y45.466 E.58005
G1 X68.591 Y48.349 E.10324
G1 X52.401 Y53.963 E.58005
G1 X51.417 Y51.118 E.10188
M204 S10000
G1 E-.8 F1800
G1 X53.691 Y51.107 Z5.8 F7200
G1 Z5.4
G1 E.8 F1800
M204 S500
;TYPE:Sparse infill
;WIDTH:0.45
G1 F1473.913
G1 X52.389 Y51.559 E.04665
G1 X52.471 Y51.795 E.00846
G1 X53.454 Y52.778 E.04706
G1 X55.762 Y51.978 E.0827
G1 X54.582 Y50.798 E.05646
G1 X56.891 Y49.998 E.0827
G1 X58.07 Y51.177 E.05646
G1 X60.379 Y50.377 E.0827
G1 X59.199 Y49.197 E.05646
G1 X61.507 Y48.397 E.0827
G1 X62.687 Y49.576 E.05646
G1 X64.225 Y49.043 E.05512
M204 S10000
G1 E-.8 F1800
G1 X65.354 Y47.063 Z5.8 F7200
G1 Z5.4
G1 E.8 F1800
M204 S500
G1 F1473.913
G1 X63.816 Y47.596 E.05512
G1 X64.995 Y48.776 E.05646
G1 X67.304 Y47.976 E.0827
G1 X66.124 Y46.796 E.05646
G1 X67.116 Y46.452 E.03554
G1 X67.305 Y46.999 E.01958
M204 S10000
G1 E-.8 F1800
G1 X62.366 Y51.722 Z5.8 F7200
G1 Z5.4
G1 E.8 F1800
M204 S1500
;TYPE:Inner wall
;WIDTH:0.449999
G1 F1473.915
G1 X62.714 Y52.267 E.02191
G1 X63.028 Y52.685 E.01767
G1 X61.17 Y54.336 E.08414
G1 X61.123 Y54.331 E.00158
G1 X60.555 Y53.559 E.03243
G1 X59.973 Y52.646 E.03665
G1 X62.329 Y51.736 E.08547
M204 S500
G1 X62.54 Y51.195 F7200
;TYPE:Outer wall
G1 F1473.915
G1 X63.057 Y52.01 E.03266
G1 X63.62 Y52.732 E.031
G1 X61.099 Y54.972 E.11415
G1 X60.781 Y54.588 E.01686
G1 X60.199 Y53.798 E.03322
G1 X59.85 Y53.273 E.02134
G1 X59.366 Y52.422 E.03316
G1 X62.502 Y51.21 E.11382
M204 S10000
G1 E-.8 F1800
G1 X60.58 Y52.848 Z5.8 F7200
G1 Z5.4
G1 E.8 F1800
M204 S500
;TYPE:Internal solid infill
G1 F1473.915
G1 X60.988 Y53.474 E.0253
G1 X61.204 Y53.761 E.01214
G1 X62.483 Y52.624 E.05793
G1 X62.207 Y52.22 E.01658
G1 X60.617 Y52.834 E.05767
M204 S10000
G1 X61.313 Y53.018 F7200
M204 S500
;WIDTH:0.56159
G1 F1156.805
G1 X61.248 Y53.018 E.0028
G1 X61.215 Y53.074 E.0028
G1 X61.248 Y53.13 E.0028
G1 X61.313 Y53.13 E.0028
G1 X61.325 Y53.109 E.00107
M204 S10000
G1 E-.8 F1800
G1 X60.601 Y46.677 Z5.8 F7200
G1 Z5.4
G1 E.8 F1800
M204 S1500
;TYPE:Inner wall
;WIDTH:0.449999
G1 F1473.915
G1 X58.164 Y47.428 E.08632
G1 X58.101 Y46.937 E.01673
G1 X58.041 Y46.151 E.0267
G1 X58.025 Y45.358 E.02683
G1 X60.551 Y45.507 E.08566
G1 X60.557 Y46.116 E.02062
G1 X60.597 Y46.637 E.01768
M204 S500
G1 X61.073 Y46.98 F7200
;TYPE:Outer wall
G1 F1473.915
G1 X57.826 Y47.98 E.11501
G1 X57.758 Y47.63 E.01208
G1 X57.674 Y46.97 E.0225
G1 X57.613 Y46.16 E.02749
G1 X57.608 Y44.904 E.04252
G1 X60.98 Y45.103 E.11433
G1 X60.984 Y46.083 E.03317
G1 X61.069 Y46.94 E.02915
M204 S10000
G1 E-.8 F1800
G1 X58.515 Y46.893 Z5.8 F7200
G1 Z5.4
G1 E.8 F1800
M204 S500
;TYPE:Internal solid infill
G1 F1473.915
G1 X60.174 Y46.382 E.05877
G1 X60.152 Y45.891 E.01663
G1 X58.44 Y45.79 E.05805
G1 X58.464 Y46.324 E.01808
G1 X58.511 Y46.853 E.018
M204 S10000
G1 X58.958 Y46.226 F7200
M204 S500
;WIDTH:0.561604
G1 F1156.774
G1 X58.893 Y46.226 E.0028
G1 X58.86 Y46.283 E.0028
G1 X58.893 Y46.339 E.0028
G1 X58.958 Y46.339 E.0028
G1 X58.97 Y46.317 E.00107
; stop printing object magic-spinning-top.stl id:730144440329 copy 0
;LAYER_CHANGE
;Z:5.6
;HEIGHT:0.2
G92 E0
;_SET_FAN_SPEED_CHANGING_LAYER
; printing object magic-spinning-top.stl id:730144440329 copy 0
M204 S10000
G1 E-.8 F1800
G1 X52.758 Y50.752 Z6 F7200
G1 X51.906 Y51.36 Z6
G1 Z5.6
G1 E.8 F1800
M204 S1500
;TYPE:Inner wall
;WIDTH:0.449999
G1 F1473.915
G1 X67.374 Y45.997 E.55413
G1 X68.089 Y48.07 E.07423
G1 X52.622 Y53.433 E.55413
M73 P14 R18
G1 X51.919 Y51.398 E.07287
M204 S500
G1 X51.362 Y51.095 F7200
;TYPE:Outer wall
G1 F1473.915
G1 X67.639 Y45.451 E.58315
G1 X68.634 Y48.334 E.10324
G1 X52.357 Y53.978 E.58314
G1 X51.375 Y51.133 E.10188
M204 S10000
G1 E-.8 F1800
G1 X54.992 Y52.245 Z6 F7200
G1 Z5.6
G1 E.8 F1800
M204 S500
;TYPE:Sparse infill
;WIDTH:0.45
G1 F1473.913
G1 X53.454 Y52.778 E.05512
G1 X52.397 Y51.722 E.05057
G1 X52.346 Y51.574 E.0053
G1 X54.582 Y50.798 E.08012
G1 X55.762 Y51.978 E.05646
G1 X58.07 Y51.177 E.0827
G1 X56.891 Y49.998 E.05646
G1 X59.199 Y49.197 E.0827
G1 X60.379 Y50.377 E.05646
G1 X62.687 Y49.576 E.0827
G1 X61.507 Y48.397 E.05646
G1 X63.816 Y47.596 E.0827
G1 X64.995 Y48.776 E.05646
G1 X67.304 Y47.976 E.0827
G1 X66.124 Y46.796 E.05646
G1 X67.16 Y46.437 E.0371
G1 X67.333 Y46.94 E.01802
M204 S10000
G1 E-.8 F1800
G1 X60.673 Y46.722 Z6 F7200
G1 Z5.6
G1 E.8 F1800
M204 S1500
;TYPE:Inner wall
;WIDTH:0.449999
G1 F1473.915
G1 X58.109 Y47.511 E.09081
G1 X58.035 Y46.941 E.01946
G1 X57.975 Y46.152 E.02678
G1 X57.961 Y45.289 E.02923
G1 X60.604 Y45.444 E.08963
G1 X60.623 Y46.11 E.02255
G1 X60.67 Y46.682 E.01943
M204 S500
G1 X61.146 Y47.025 F7200
;TYPE:Outer wall
G1 F1473.915
G1 X57.776 Y48.062 E.11934
G1 X57.713 Y47.791 E.00939
G1 X57.609 Y46.998 E.0271
G1 X57.547 Y46.195 E.02724
G1 X57.529 Y45.391 E.02724
G1 X57.546 Y44.835 E.01883
G1 X61.043 Y45.041 E.1186
G1 X61.032 Y45.411 E.01254
G1 X61.05 Y46.077 E.02254
G1 X61.142 Y46.985 E.0309
M204 S10000
G1 E-.8 F1800
G1 X58.459 Y46.977 Z6 F7200
G1 Z5.6
G1 E.8 F1800
M204 S500
;TYPE:Internal solid infill
G1 F1473.915
G1 X60.243 Y46.429 E.06319
G1 X60.211 Y45.829 E.02032
G1 X58.372 Y45.721 E.06236
G1 X58.399 Y46.331 E.02067
G1 X58.455 Y46.938 E.02062
M204 S10000
G1 X58.781 Y46.496 F7200
M204 S500
;WIDTH:0.367209
G1 F1850.201
G1 X59.83 Y46.173 E.02959
G1 X58.747 Y46.109 E.02927
G1 X58.778 Y46.456 E.00938
M204 S10000
G1 E-.8 F1800
G1 X62.395 Y51.641 Z6 F7200
G1 Z5.6
G1 E.8 F1800
M204 S1500
;TYPE:Inner wall
;WIDTH:0.449999
G1 F1473.915
G1 X62.769 Y52.229 E.02358
G1 X63.117 Y52.693 E.01965
G1 X61.138 Y54.452 E.08963
G1 X60.601 Y53.747 E.02997
G1 X60.167 Y53.098 E.02646
G1 X59.879 Y52.615 E.01904
G1 X62.357 Y51.656 E.08996
M204 S500
G1 X62.569 Y51.114 F7200
;TYPE:Outer wall
G1 F1473.915
G1 X63.111 Y51.971 E.03433
G1 X63.712 Y52.738 E.03296
G1 X61.093 Y55.065 E.1186
G1 X60.727 Y54.627 E.0193
G1 X60.145 Y53.835 E.03328
G1 X59.792 Y53.307 E.0215
G1 X59.276 Y52.388 E.03566
G1 X62.531 Y51.129 E.11814
M204 S10000
G1 E-.8 F1800
G1 X60.475 Y52.82 Z6 F7200
G1 Z5.6
G1 E.8 F1800
M204 S500
;TYPE:Internal solid infill
G1 F1473.915
G1 X60.839 Y53.37 E.02231
G1 X61.194 Y53.858 E.02041
G1 X62.573 Y52.632 E.06244
G1 X62.235 Y52.139 E.02022
G1 X60.512 Y52.806 E.06253
M204 S10000
G1 X61.03 Y52.998 F7200
M204 S500
;WIDTH:0.367626
G1 F1847.825
G1 X61.247 Y53.32 E.0105
G1 X62.058 Y52.6 E.02927
G1 X61.067 Y52.984 E.02868
; stop printing object magic-spinning-top.stl id:730144440329 copy 0
;LAYER_CHANGE
;Z:5.8
;HEIGHT:0.2
G92 E0
;_SET_FAN_SPEED_CHANGING_LAYER
; printing object magic-spinning-top.stl id:730144440329 copy 0
M204 S10000
G1 E-.8 F1800
G1 X60.698 Y46.738 Z6.2 F7200
G1 Z5.8
G1 E.8 F1800
M204 S1500
;TYPE:Inner wall
;WIDTH:0.449999
G1 F1473.915
G1 X58.091 Y47.541 E.09233
G1 X58.012 Y46.942 E.02046
G1 X57.952 Y46.153 E.02679
G1 X57.939 Y45.265 E.03005
G1 X60.626 Y45.423 E.09111
G1 X60.645 Y46.109 E.02321
G1 X60.695 Y46.698 E.02002
M204 S500
G1 X61.171 Y47.041 F7200
;TYPE:Outer wall
G1 F1473.915
G1 X57.761 Y48.091 E.12075
G1 X57.692 Y47.794 E.01033
G1 X57.587 Y47 E.02711
G1 X57.525 Y46.197 E.02727
G1 X57.506 Y45.391 E.02728
G1 X57.524 Y44.811 E.01963
G1 X61.067 Y45.02 E.12012
G1 X61.054 Y45.412 E.01326
G1 X61.073 Y46.076 E.02248
G1 X61.167 Y47.001 E.03149
M204 S10000
G1 E-.8 F1800
G1 X58.44 Y47.007 Z6.2 F7200
G1 Z5.8
G1 E.8 F1800
M204 S500
;TYPE:Internal solid infill
G1 F1473.915
G1 X60.267 Y46.445 E.0647
G1 X60.233 Y45.808 E.02158
G1 X58.349 Y45.697 E.06389
G1 X58.377 Y46.334 E.02159
G1 X58.437 Y46.968 E.02154
M204 S10000
G1 X58.772 Y46.511 F7200
M204 S500
;WIDTH:0.389869
G1 F1729.361
G1 X59.871 Y46.168 E.03321
G1 X58.735 Y46.097 E.03283
G1 X58.769 Y46.471 E.01082
M204 S10000
G1 E-.8 F1800
G1 X62.397 Y51.646 Z6.2 F7200
G1 Z5.8
G1 E.8 F1800
M204 S1500
;TYPE:Inner wall
;WIDTH:0.449999
G1 F1473.915
G1 X62.411 Y51.651 E.0005
G1 X62.787 Y52.216 E.02298
G1 X63.148 Y52.696 E.02032
G1 X61.136 Y54.484 E.09111
G1 X60.583 Y53.76 E.03081
G1 X60.148 Y53.11 E.02648
G1 X59.846 Y52.602 E.02001
G1 X62.354 Y51.633 E.09101
G1 X62.359 Y51.634 E.00016
M204 S500
G1 X62.574 Y51.088 F7200
;TYPE:Outer wall
G1 F1473.915
G1 X62.768 Y51.414 E.01282
G1 X63.13 Y51.958 E.02213
G1 X63.744 Y52.74 E.03363
G1 X61.091 Y55.097 E.12012
G1 X60.709 Y54.641 E.02014
G1 X60.126 Y53.847 E.03333
G1 X59.772 Y53.318 E.02155
G1 X59.247 Y52.374 E.03656
G1 X62.537 Y51.103 E.1194
M204 S10000
G1 E-.8 F1800
G1 X60.442 Y52.808 Z6.2 F7200
G1 Z5.8
G1 E.8 F1800
M204 S500
;TYPE:Internal solid infill
G1 F1473.915
G1 X60.82 Y53.382 E.02327
G1 X61.19 Y53.891 E.02128
G1 X62.602 Y52.637 E.0639
G1 X62.235 Y52.115 E.02157
G1 X60.479 Y52.794 E.06373
M204 S10000
G1 X61.215 Y52.914 F7200
M204 S500
;WIDTH:0.390332
G1 F1727.056
G1 X61.013 Y52.992 E.00627
G1 X61.246 Y53.337 E.01202
G1 X62.095 Y52.578 E.0329
G1 X61.252 Y52.9 E.02605
M204 S10000
G1 E-.8 F1800
G1 X53.721 Y51.661 Z6.2 F7200
G1 X51.902 Y51.361 Z6.2
G1 Z5.8
G1 E.8 F1800
M204 S1500
;TYPE:Inner wall
;WIDTH:0.449999
G1 F1473.915
G1 X67.377 Y45.995 E.55442
G1 X68.094 Y48.068 E.07423
M73 P15 R18
G1 X52.618 Y53.434 E.55442
G1 X51.915 Y51.399 E.07287
M204 S500
G1 X51.357 Y51.097 F7200
;TYPE:Outer wall
G1 F1473.915
G1 X67.642 Y45.45 E.58343
G1 X68.638 Y48.333 E.10324
G1 X52.353 Y53.979 E.58343
G1 X51.37 Y51.135 E.10188
M204 S10000
G1 E-.8 F1800
G1 X53.741 Y51.09 Z6.2 F7200
G1 Z5.8
G1 E.8 F1800
M204 S500
;TYPE:Sparse infill
;WIDTH:0.45
G1 F1473.913
G1 X52.342 Y51.575 E.05013
G1 X52.39 Y51.714 E.00499
G1 X53.454 Y52.778 E.05092
G1 X55.762 Y51.978 E.0827
G1 X54.582 Y50.798 E.05646
G1 X56.891 Y49.998 E.0827
G1 X58.07 Y51.177 E.05646
G1 X60.379 Y50.377 E.0827
G1 X59.199 Y49.197 E.05646
G1 X61.507 Y48.397 E.0827
G1 X62.687 Y49.576 E.05646
G1 X64.225 Y49.043 E.05512
M204 S10000
G1 E-.8 F1800
G1 X62.277 Y48.13 Z6.2 F7200
G1 Z5.8
G1 E.8 F1800
M204 S500
G1 F1473.913
G1 X63.816 Y47.596 E.05512
G1 X64.995 Y48.776 E.05646
G1 X67.304 Y47.976 E.0827
G1 X66.124 Y46.796 E.05646
G1 X67.163 Y46.436 E.03723
G1 X67.336 Y46.935 E.01789
; stop printing object magic-spinning-top.stl id:730144440329 copy 0
;LAYER_CHANGE
;Z:6
;HEIGHT:0.2
G92 E0
;_SET_FAN_SPEED_CHANGING_LAYER
; printing object magic-spinning-top.stl id:730144440329 copy 0
M204 S10000
G1 E-.8 F1800
G1 X59.999 Y49.038 Z6.4 F7200
G1 X51.936 Y51.35 Z6.4
G1 Z6
G1 E.8 F1800
M204 S1500
;TYPE:Inner wall
;WIDTH:0.449999
G1 F1473.915
G1 X67.342 Y46.008 E.55193
G1 X68.059 Y48.08 E.07423
G1 X52.653 Y53.422 E.55193
G1 X51.949 Y51.387 E.07287
M204 S500
G1 X51.391 Y51.085 F7200
;TYPE:Outer wall
G1 F1473.915
G1 X67.607 Y45.462 E.58094
G1 X68.604 Y48.344 E.10324
G1 X52.389 Y53.967 E.58094
G1 X51.404 Y51.123 E.10188
M204 S10000
G1 E-.8 F1800
G1 X54.992 Y52.245 Z6.4 F7200
G1 Z6
G1 E.8 F1800
M204 S500
;TYPE:Sparse infill
;WIDTH:0.45
G1 F1473.913
G1 X53.454 Y52.778 E.05512
G1 X52.449 Y51.773 E.0481
G1 X52.376 Y51.563 E.00753
G1 X54.582 Y50.798 E.07904
G1 X55.762 Y51.978 E.05646
G1 X58.07 Y51.177 E.0827
G1 X56.891 Y49.998 E.05646
G1 X58.429 Y49.464 E.05512
M204 S10000
G1 E-.8 F1800
G1 X61.917 Y49.843 Z6.4 F7200
G1 Z6
G1 E.8 F1800
M204 S500
G1 F1473.913
G1 X60.379 Y50.377 E.05512
G1 X59.199 Y49.197 E.05646
G1 X61.507 Y48.397 E.0827
G1 X62.687 Y49.576 E.05646
G1 X64.995 Y48.776 E.0827
G1 X63.816 Y47.596 E.05646
G1 X66.124 Y46.796 E.0827
G1 X67.304 Y47.976 E.05646
G1 X67.619 Y47.866 E.0113
G1 X67.196 Y46.643 E.04381
M204 S10000
G1 E-.8 F1800
G1 X60.699 Y46.738 Z6.4 F7200
G1 Z6
G1 E.8 F1800
M204 S1500
;TYPE:Inner wall
;WIDTH:0.449999
G1 F1473.915
G1 X58.09 Y47.542 E.09238
G1 X58.012 Y46.943 E.02045
G1 X57.951 Y46.153 E.0268
G1 X57.938 Y45.264 E.03009
G1 X60.627 Y45.423 E.09116
G1 X60.646 Y46.108 E.0232
G1 X60.695 Y46.698 E.02004
M204 S500
G1 X61.171 Y47.041 F7200
;TYPE:Outer wall
G1 F1473.915
G1 X57.761 Y48.092 E.12079
G1 X57.692 Y47.794 E.01035
G1 X57.586 Y47.001 E.02708
G1 X57.524 Y46.197 E.02728
G1 X57.505 Y45.391 E.02729
G1 X57.524 Y44.811 E.01967
G1 X61.067 Y45.02 E.12016
G1 X61.055 Y45.413 E.01333
G1 X61.074 Y46.075 E.0224
G1 X61.167 Y47.001 E.03152
M204 S10000
G1 E-.8 F1800
G1 X58.44 Y47.008 Z6.4 F7200
G1 Z6
G1 E.8 F1800
M204 S500
;TYPE:Internal solid infill
G1 F1473.915
G1 X60.268 Y46.445 E.06477
G1 X60.234 Y45.808 E.0216
G1 X58.348 Y45.696 E.06395
G1 X58.376 Y46.334 E.02161
G1 X58.436 Y46.968 E.02156
M204 S10000
G1 X58.771 Y46.511 F7200
M204 S500
;WIDTH:0.390408
G1 F1726.679
G1 X59.872 Y46.168 E.0333
G1 X58.735 Y46.097 E.03291
G1 X58.768 Y46.471 E.01086
M73 P16 R18
M204 S10000
G1 E-.8 F1800
G1 X62.392 Y51.621 Z6.4 F7200
G1 Z6
G1 E.8 F1800
M204 S1500
;TYPE:Inner wall
;WIDTH:0.449999
G1 F1473.915
G1 X62.786 Y52.213 E.02406
G1 X63.148 Y52.696 E.02044
G1 X61.135 Y54.485 E.09116
G1 X60.582 Y53.76 E.03085
G1 X60.147 Y53.11 E.02649
G1 X59.845 Y52.602 E.01998
G1 X62.355 Y51.635 E.09104
M204 S500
G1 X62.576 Y51.091 F7200
;TYPE:Outer wall
G1 F1473.915
G1 X62.787 Y51.445 E.01396
G1 X63.128 Y51.955 E.02078
G1 X63.744 Y52.74 E.03376
G1 X61.091 Y55.098 E.12016
G1 X60.708 Y54.641 E.02017
G1 X60.125 Y53.849 E.03329
G1 X59.771 Y53.317 E.02161
G1 X59.246 Y52.374 E.03654
G1 X62.539 Y51.105 E.11945
M204 S10000
G1 E-.8 F1800
G1 X60.441 Y52.809 Z6.4 F7200
G1 Z6
G1 E.8 F1800
M204 S500
;TYPE:Internal solid infill
G1 F1473.915
G1 X60.82 Y53.384 E.02329
G1 X61.19 Y53.892 E.02128
G1 X62.602 Y52.637 E.06395
G1 X62.236 Y52.117 E.02151
G1 X60.479 Y52.795 E.06375
M204 S10000
G1 X61.215 Y52.915 F7200
M204 S500
;WIDTH:0.3902
G1 F1727.712
G1 X61.012 Y52.993 E.00627
G1 X61.245 Y53.338 E.01201
G1 X62.096 Y52.578 E.03293
G1 X61.252 Y52.901 E.02609
; stop printing object magic-spinning-top.stl id:730144440329 copy 0
;LAYER_CHANGE
;Z:6.2
;HEIGHT:0.2
G92 E0
;_SET_FAN_SPEED_CHANGING_LAYER
; printing object magic-spinning-top.stl id:730144440329 copy 0
M204 S10000
G1 E-.8 F1800
G1 X53.728 Y51.617 Z6.6 F7200
G1 X52.009 Y51.324 Z6.6
G1 Z6.2
G1 E.8 F1800
M204 S1500
;TYPE:Inner wall
;WIDTH:0.449999
G1 F1473.915
G1 X67.269 Y46.033 E.54671
G1 X67.986 Y48.105 E.07423
G1 X52.726 Y53.397 E.54671
G1 X52.022 Y51.362 E.07287
M204 S500
G1 X51.464 Y51.06 F7200
;TYPE:Outer wall
G1 F1473.915
G1 X67.534 Y45.487 E.57572
G1 X68.531 Y48.37 E.10324
G1 X52.461 Y53.942 E.57572
G1 X51.478 Y51.097 E.10188
M204 S10000
G1 E-.8 F1800
G1 X53.627 Y51.129 Z6.6 F7200
G1 Z6.2
G1 E.8 F1800
M204 S500
;TYPE:Sparse infill
;WIDTH:0.45
G1 F1473.913
G1 X52.449 Y51.538 E.0422
G1 X52.574 Y51.899 E.01292
G1 X53.454 Y52.778 E.0421
G1 X55.762 Y51.978 E.0827
G1 X54.582 Y50.798 E.05646
G1 X56.891 Y49.998 E.0827
G1 X58.07 Y51.177 E.05646
G1 X56.532 Y51.711 E.05512
M204 S10000
G1 E-.8 F1800
G1 X60.738 Y48.664 Z6.6 F7200
G1 Z6.2
G1 E.8 F1800
M204 S500
G1 F1473.913
G1 X59.199 Y49.197 E.05512
G1 X60.379 Y50.377 E.05646
G1 X62.687 Y49.576 E.0827
G1 X61.507 Y48.397 E.05646
G1 X63.816 Y47.596 E.0827
G1 X64.995 Y48.776 E.05646
G1 X67.304 Y47.976 E.0827
G1 X66.124 Y46.796 E.05646
G1 X67.056 Y46.473 E.03337
G1 X67.265 Y47.08 E.02175
M204 S10000
G1 E-.8 F1800
G1 X62.394 Y51.623 Z6.6 F7200
G1 Z6.2
G1 E.8 F1800
M204 S1500
;TYPE:Inner wall
;WIDTH:0.449999
G1 F1473.915
G1 X62.784 Y52.21 E.02382
G1 X63.145 Y52.695 E.0205
G1 X61.135 Y54.485 E.09109
G1 X60.582 Y53.76 E.03087
G1 X60.146 Y53.109 E.02651
G1 X59.846 Y52.603 E.01992
G1 X62.357 Y51.638 E.09107
M204 S500
G1 X62.578 Y51.094 F7200
;TYPE:Outer wall
G1 F1473.915
G1 X62.795 Y51.458 E.01437
G1 X63.126 Y51.952 E.02013
G1 X63.744 Y52.74 E.03388
G1 X61.091 Y55.098 E.12016
G1 X60.708 Y54.641 E.02019
G1 X60.126 Y53.849 E.03325
G1 X59.771 Y53.316 E.02167
G1 X59.246 Y52.374 E.0365
G1 X62.541 Y51.108 E.11947
M204 S10000
G1 E-.8 F1800
G1 X60.442 Y52.81 Z6.6 F7200
G1 Z6.2
G1 E.8 F1800
M204 S500
;TYPE:Internal solid infill
G1 F1473.915
G1 X60.82 Y53.384 E.02328
G1 X61.19 Y53.892 E.02125
G1 X62.602 Y52.637 E.06395
G1 X62.237 Y52.12 E.02142
G1 X60.479 Y52.796 E.06376
M204 S10000
G1 X61.215 Y52.916 F7200
M204 S500
;WIDTH:0.389489
G1 F1731.257
G1 X61.012 Y52.994 E.00625
G1 X61.245 Y53.338 E.01197
G1 X62.098 Y52.579 E.03291
G1 X61.252 Y52.902 E.02609
M204 S10000
G1 E-.8 F1800
G1 X60.699 Y46.738 Z6.6 F7200
G1 Z6.2
G1 E.8 F1800
M204 S1500
;TYPE:Inner wall
;WIDTH:0.449999
G1 F1473.915
G1 X58.09 Y47.542 E.09238
G1 X58.012 Y46.944 E.02042
G1 X57.952 Y46.154 E.02681
G1 X57.938 Y45.264 E.03012
G1 X60.624 Y45.425 E.09109
G1 X60.646 Y46.108 E.02312
G1 X60.695 Y46.698 E.02006
M204 S500
G1 X61.171 Y47.041 F7200
;TYPE:Outer wall
G1 F1473.915
G1 X57.761 Y48.092 E.12079
G1 X57.692 Y47.794 E.01035
G1 X57.586 Y47.002 E.02704
G1 X57.524 Y46.198 E.0273
G1 X57.505 Y45.392 E.0273
G1 X57.524 Y44.811 E.01968
G1 X61.067 Y45.02 E.12016
G1 X61.055 Y45.415 E.01339
G1 X61.073 Y46.074 E.02232
G1 X61.167 Y47.001 E.03154
M204 S10000
G1 E-.8 F1800
G1 X58.44 Y47.008 Z6.6 F7200
G1 Z6.2
G1 E.8 F1800
M204 S500
;TYPE:Internal solid infill
G1 F1473.915
G1 X60.268 Y46.445 E.06478
G1 X60.234 Y45.808 E.0216
G1 X58.348 Y45.696 E.06395
G1 X58.376 Y46.334 E.02161
G1 X58.436 Y46.968 E.02156
M204 S10000
G1 X58.771 Y46.511 F7200
M204 S500
;WIDTH:0.390412
G1 F1726.658
G1 X59.872 Y46.168 E.0333
G1 X58.735 Y46.097 E.03292
G1 X58.768 Y46.471 E.01086
; stop printing object magic-spinning-top.stl id:730144440329 copy 0
;LAYER_CHANGE
;Z:6.4
;HEIGHT:0.2
G92 E0
;_SET_FAN_SPEED_CHANGING_LAYER
; printing object magic-spinning-top.stl id:730144440329 copy 0
M204 S10000
G1 E-.8 F1800
G1 X52.587 Y50.949 Z6.8 F7200
G1 X52.126 Y51.284 Z6.8
G1 Z6.4
G1 E.8 F1800
M204 S1500
;TYPE:Inner wall
;WIDTH:0.449999
G1 F1473.915
G1 X67.153 Y46.073 E.53835
G1 X67.87 Y48.146 E.07423
G1 X52.843 Y53.356 E.53835
M73 P17 R18
G1 X52.139 Y51.322 E.07287
M204 S500
G1 X51.581 Y51.019 F7200
;TYPE:Outer wall
G1 F1473.915
G1 X67.417 Y45.528 E.56736
G1 X68.415 Y48.41 E.10324
G1 X52.578 Y53.902 E.56736
G1 X51.594 Y51.057 E.10188
M204 S10000
G1 X53.504 Y51.172 F7200
M204 S500
;TYPE:Sparse infill
;WIDTH:0.45
G1 F1473.913
G1 X52.566 Y51.497 E.0336
G1 X52.774 Y52.098 E.02151
G1 X53.454 Y52.778 E.03255
G1 X55.762 Y51.978 E.0827
G1 X54.582 Y50.798 E.05646
G1 X56.891 Y49.998 E.0827
G1 X58.07 Y51.177 E.05646
G1 X60.379 Y50.377 E.0827
G1 X59.199 Y49.197 E.05646
G1 X61.507 Y48.397 E.0827
G1 X62.687 Y49.576 E.05646
G1 X64.225 Y49.043 E.05512
M204 S10000
G1 E-.8 F1800
G1 X62.277 Y48.13 Z6.8 F7200
G1 Z6.4
G1 E.8 F1800
M204 S500
G1 F1473.913
G1 X63.816 Y47.596 E.05512
G1 X64.995 Y48.776 E.05646
G1 X67.304 Y47.976 E.0827
G1 X66.124 Y46.796 E.05646
G1 X66.939 Y46.514 E.02919
G1 X67.189 Y47.238 E.02593
M204 S10000
G1 E-.8 F1800
G1 X60.699 Y46.738 Z6.8 F7200
G1 Z6.4
G1 E.8 F1800
M204 S1500
;TYPE:Inner wall
;WIDTH:0.449999
G1 F1473.915
G1 X58.09 Y47.542 E.09238
G1 X58.012 Y46.945 E.02038
G1 X57.952 Y46.155 E.02683
G1 X57.938 Y45.264 E.03014
G1 X60.622 Y45.427 E.09102
G1 X60.646 Y46.107 E.02304
G1 X60.695 Y46.698 E.02007
M204 S500
G1 X61.171 Y47.041 F7200
;TYPE:Outer wall
G1 F1473.915
G1 X57.761 Y48.092 E.12079
G1 X57.692 Y47.794 E.01035
G1 X57.586 Y47.003 E.02701
G1 X57.524 Y46.199 E.02731
G1 X57.505 Y45.392 E.02731
G1 X57.524 Y44.811 E.01969
G1 X61.067 Y45.02 E.12016
G1 X61.055 Y45.417 E.01345
G1 X61.073 Y46.074 E.02224
G1 X61.167 Y47.001 E.03156
M204 S10000
G1 E-.8 F1800
G1 X58.44 Y47.008 Z6.8 F7200
G1 Z6.4
G1 E.8 F1800
M204 S500
;TYPE:Internal solid infill
G1 F1473.915
G1 X60.269 Y46.445 E.06478
G1 X60.234 Y45.808 E.0216
M73 P17 R17
G1 X58.348 Y45.696 E.06395
G1 X58.376 Y46.334 E.02161
G1 X58.436 Y46.968 E.02156
M204 S10000
G1 X58.771 Y46.511 F7200
M204 S500
;WIDTH:0.390414
G1 F1726.649
G1 X59.872 Y46.168 E.03331
G1 X58.735 Y46.097 E.03292
G1 X58.768 Y46.471 E.01086
M204 S10000
G1 E-.8 F1800
G1 X62.391 Y51.618 Z6.8 F7200
G1 Z6.4
G1 E.8 F1800
M204 S1500
;TYPE:Inner wall
;WIDTH:0.449999
G1 F1473.915
G1 X62.781 Y52.206 E.0239
G1 X63.143 Y52.695 E.02056
G1 X61.135 Y54.485 E.09102
G1 X60.581 Y53.759 E.03089
G1 X60.145 Y53.108 E.02652
G1 X59.845 Y52.602 E.01993
G1 X62.353 Y51.633 E.09103
M204 S500
G1 X62.574 Y51.088 F7200
;TYPE:Outer wall
G1 F1473.915
G1 X62.781 Y51.436 E.0137
G1 X63.124 Y51.949 E.0209
G1 X63.744 Y52.74 E.034
G1 X61.091 Y55.098 E.12016
G1 X60.707 Y54.64 E.0202
G1 X60.125 Y53.848 E.0333
G1 X59.77 Y53.316 E.02164
G1 X59.246 Y52.374 E.03648
G1 X62.537 Y51.102 E.11943
M204 S10000
G1 E-.8 F1800
G1 X60.441 Y52.808 Z6.8 F7200
G1 Z6.4
G1 E.8 F1800
M204 S500
;TYPE:Internal solid infill
G1 F1473.915
G1 X60.819 Y53.383 E.02329
G1 X61.19 Y53.892 E.02131
G1 X62.602 Y52.637 E.06395
G1 X62.235 Y52.115 E.0216
G1 X60.478 Y52.794 E.06375
M204 S10000
G1 X61.215 Y52.914 F7200
M204 S500
;WIDTH:0.390871
G1 F1724.381
G1 X61.012 Y52.992 E.00629
G1 X61.245 Y53.337 E.01206
G1 X62.094 Y52.578 E.03296
G1 X61.252 Y52.9 E.02609
; stop printing object magic-spinning-top.stl id:730144440329 copy 0
;LAYER_CHANGE
;Z:6.6
;HEIGHT:0.2
G92 E0
;_SET_FAN_SPEED_CHANGING_LAYER
; printing object magic-spinning-top.stl id:730144440329 copy 0
M204 S10000
G1 E-.8 F1800
G1 X53.749 Y51.499 Z7 F7200
G1 X52.289 Y51.227 Z7
G1 Z6.6
G1 E.8 F1800
M204 S1500
;TYPE:Inner wall
;WIDTH:0.449999
G1 F1473.915
G1 X66.988 Y46.13 E.52658
G1 X67.706 Y48.202 E.07423
G1 X53.008 Y53.299 E.52658
G1 X52.302 Y51.265 E.07287
M204 S500
G1 X51.744 Y50.963 F7200
;TYPE:Outer wall
G1 F1473.915
G1 X67.252 Y45.585 E.55559
G1 X68.251 Y48.467 E.10324
G1 X52.743 Y53.844 E.55559
G1 X51.757 Y51 E.10188
M204 S10000
G1 X53.329 Y51.233 F7200
M204 S500
;TYPE:Sparse infill
;WIDTH:0.45
G1 F1473.913
G1 X52.73 Y51.441 E.02148
G1 X53.055 Y52.38 E.03364
G1 X53.454 Y52.778 E.01908
G1 X55.762 Y51.978 E.0827
G1 X54.582 Y50.798 E.05646
G1 X56.891 Y49.998 E.0827
G1 X58.07 Y51.177 E.05646
G1 X60.379 Y50.377 E.0827
G1 X59.199 Y49.197 E.05646
G1 X61.507 Y48.397 E.0827
G1 X62.687 Y49.576 E.05646
G1 X64.995 Y48.776 E.0827
G1 X63.816 Y47.596 E.05646
M73 P18 R17
G1 X66.124 Y46.796 E.0827
G1 X67.239 Y47.91 E.05335
G1 X67.266 Y47.989 E.0028
G1 X65.805 Y48.495 E.05231
M204 S10000
G1 E-.8 F1800
G1 X62.392 Y51.618 Z7 F7200
G1 Z6.6
G1 E.8 F1800
M204 S1500
;TYPE:Inner wall
;WIDTH:0.449999
G1 F1473.915
G1 X62.779 Y52.203 E.02377
G1 X63.149 Y52.696 E.02083
G1 X61.135 Y54.485 E.09117
G1 X60.581 Y53.759 E.03092
G1 X60.145 Y53.107 E.02653
G1 X59.845 Y52.602 E.0199
G1 X62.354 Y51.632 E.09106
M204 S500
G1 X62.575 Y51.088 F7200
;TYPE:Outer wall
G1 F1473.915
G1 X62.801 Y51.467 E.01495
G1 X63.122 Y51.946 E.01952
G1 X63.744 Y52.74 E.03413
G1 X61.091 Y55.098 E.12016
G1 X60.707 Y54.64 E.02021
G1 X60.125 Y53.848 E.03329
G1 X59.77 Y53.315 E.02168
G1 X59.246 Y52.374 E.03645
G1 X62.537 Y51.102 E.11944
M204 S10000
G1 E-.8 F1800
G1 X60.441 Y52.808 Z7 F7200
G1 Z6.6
G1 E.8 F1800
M204 S500
;TYPE:Internal solid infill
G1 F1473.915
G1 X60.819 Y53.383 E.02329
G1 X61.19 Y53.892 E.02131
G1 X62.602 Y52.637 E.06395
G1 X62.234 Y52.115 E.0216
G1 X60.478 Y52.794 E.06372
M204 S10000
G1 X61.215 Y52.914 F7200
M204 S500
;WIDTH:0.390875
G1 F1724.361
G1 X61.012 Y52.992 E.00629
G1 X61.246 Y53.337 E.01206
G1 X62.094 Y52.578 E.03294
G1 X61.252 Y52.9 E.02608
M204 S10000
G1 E-.8 F1800
G1 X60.699 Y46.738 Z7 F7200
G1 Z6.6
G1 E.8 F1800
M204 S1500
;TYPE:Inner wall
;WIDTH:0.449999
G1 F1473.915
G1 X58.09 Y47.542 E.09238
G1 X58.012 Y46.946 E.02035
G1 X57.952 Y46.155 E.02684
G1 X57.938 Y45.264 E.03016
G1 X60.627 Y45.429 E.09118
G1 X60.646 Y46.107 E.02296
G1 X60.695 Y46.698 E.02008
M204 S500
G1 X61.171 Y47.041 F7200
;TYPE:Outer wall
G1 F1473.915
G1 X57.761 Y48.092 E.12078
G1 X57.692 Y47.794 E.01035
G1 X57.587 Y47.004 E.02697
G1 X57.524 Y46.199 E.02732
G1 X57.505 Y45.392 E.02732
G1 X57.524 Y44.811 E.0197
G1 X61.067 Y45.02 E.12016
G1 X61.055 Y45.419 E.01352
G1 X61.073 Y46.073 E.02216
G1 X61.167 Y47.001 E.03157
M204 S10000
G1 E-.8 F1800
G1 X58.439 Y47.008 Z7 F7200
G1 Z6.6
G1 E.8 F1800
M204 S500
;TYPE:Internal solid infill
G1 F1473.915
G1 X60.269 Y46.445 E.06479
G1 X60.234 Y45.808 E.0216
G1 X58.348 Y45.696 E.06395
G1 X58.376 Y46.334 E.02161
G1 X58.436 Y46.968 E.02156
M204 S10000
G1 X58.771 Y46.511 F7200
M204 S500
;WIDTH:0.39042
G1 F1726.619
G1 X59.872 Y46.168 E.03331
G1 X58.735 Y46.097 E.03292
G1 X58.768 Y46.471 E.01086
; stop printing object magic-spinning-top.stl id:730144440329 copy 0
;LAYER_CHANGE
;Z:6.8
;HEIGHT:0.2
G92 E0
;_SET_FAN_SPEED_CHANGING_LAYER
; printing object magic-spinning-top.stl id:730144440329 copy 0
M204 S10000
G1 E-.8 F1800
G1 X52.606 Y50.975 Z7.2 F7200
G1 X52.237 Y51.245 Z7.2
G1 Z6.8
G1 E.8 F1800
M204 S1500
;TYPE:Inner wall
;WIDTH:0.449999
G1 F1473.915
G1 X67.04 Y46.112 E.53031
G1 X67.758 Y48.184 E.07423
G1 X52.956 Y53.317 E.53031
G1 X52.25 Y51.283 E.07287
M204 S500
G1 X51.692 Y50.981 F7200
;TYPE:Outer wall
G1 F1473.915
G1 X67.304 Y45.567 E.55932
G1 X68.303 Y48.449 E.10324
G1 X52.691 Y53.862 E.55932
G1 X51.705 Y51.018 E.10188
M204 S10000
G1 E-.8 F1800
G1 X55.166 Y52.184 Z7.2 F7200
G1 Z6.8
G1 E.8 F1800
M204 S500
;TYPE:Sparse infill
;WIDTH:0.45
G1 F1473.913
G1 X53.627 Y52.718 E.05512
G1 X53.473 Y52.327 E.01421
G1 X53.003 Y51.857 E.0225
G1 X52.786 Y51.772 E.00789
G1 X52.677 Y51.459 E.01121
G1 X54.233 Y50.919 E.05574
G1 X54.557 Y51.243 E.01551
G1 X56.11 Y51.857 E.05653
G1 X57.766 Y51.283 E.05932
G1 X57.666 Y51.243 E.00365
G1 X57.196 Y50.773 E.0225
G1 X56.89 Y49.998 E.0282
G1 X58.428 Y49.465 E.05512
M204 S10000
G1 E-.8 F1800
G1 X61.714 Y49.914 Z7.2 F7200
G1 Z6.8
G1 E.8 F1800
M204 S500
G1 F1473.913
G1 X60.176 Y50.447 E.05512
G1 X59.691 Y49.219 E.04471
G1 X59.548 Y49.076 E.00682
G1 X61.471 Y48.41 E.06889
G1 X62.329 Y48.749 E.03123
G1 X62.799 Y49.219 E.0225
G1 X62.91 Y49.499 E.01021
G1 X64.449 Y48.966 E.05512
M204 S10000
G1 X65.005 Y47.184 F7200
M204 S500
G1 F1473.913
G1 X63.467 Y47.718 E.05512
G1 X63.884 Y48.134 E.01996
G1 X65.268 Y48.681 E.05039
G1 X66.955 Y48.097 E.06042
G1 X66.522 Y47.664 E.0207
G1 X66.173 Y46.779 E.03221
G1 X66.826 Y46.553 E.02341
G1 X67.133 Y47.438 E.0317
M204 S10000
G1 E-.8 F1800
G1 X60.698 Y46.738 Z7.2 F7200
G1 Z6.8
G1 E.8 F1800
M204 S1500
;TYPE:Inner wall
;WIDTH:0.449999
G1 F1473.915
G1 X58.09 Y47.542 E.09238
G1 X58.012 Y46.947 E.02031
G1 X57.952 Y46.156 E.02685
G1 X57.938 Y45.264 E.03018
G1 X60.627 Y45.431 E.09118
G1 X60.646 Y46.107 E.02288
G1 X60.695 Y46.698 E.0201
M204 S500
G1 X61.171 Y47.041 F7200
;TYPE:Outer wall
G1 F1473.915
G1 X57.761 Y48.092 E.12078
G1 X57.692 Y47.794 E.01035
G1 X57.587 Y47.005 E.02694
G1 X57.524 Y46.2 E.02733
G1 X57.505 Y45.393 E.02733
G1 X57.524 Y44.811 E.01971
G1 X61.068 Y45.02 E.12016
G1 X61.055 Y45.421 E.01358
G1 X61.073 Y46.073 E.02208
G1 X61.167 Y47.001 E.03159
M204 S10000
G1 E-.8 F1800
G1 X58.439 Y47.008 Z7.2 F7200
G1 Z6.8
G1 E.8 F1800
M204 S500
;TYPE:Internal solid infill
G1 F1473.915
G1 X60.269 Y46.445 E.06479
G1 X60.234 Y45.808 E.0216
G1 X58.348 Y45.696 E.06395
G1 X58.376 Y46.334 E.02161
G1 X58.436 Y46.968 E.02156
M204 S10000
G1 X58.771 Y46.511 F7200
M204 S500
;WIDTH:0.390424
G1 F1726.599
G1 X59.872 Y46.168 E.03332
G1 X58.735 Y46.097 E.03293
G1 X58.768 Y46.471 E.01086
M204 S10000
G1 E-.8 F1800
G1 X62.37 Y51.626 Z7.2 F7200
G1 Z6.8
G1 E.8 F1800
M204 S1500
;TYPE:Inner wall
;WIDTH:0.449999
G1 F1473.915
G1 X62.419 Y51.664 E.00209
G1 X62.777 Y52.2 E.02183
G1 X63.149 Y52.696 E.02096
G1 X61.135 Y54.485 E.09117
G1 X60.581 Y53.758 E.03094
G1 X60.144 Y53.107 E.02654
G1 X59.845 Y52.602 E.01987
G1 X62.333 Y51.641 E.09028
M204 S500
G1 X62.574 Y51.088 F7200
;TYPE:Outer wall
G1 F1473.915
G1 X62.775 Y51.427 E.01333
G1 X63.12 Y51.943 E.02102
G1 X63.744 Y52.74 E.03425
G1 X61.091 Y55.098 E.12016
M73 P19 R17
G1 X60.707 Y54.64 E.02022
G1 X60.125 Y53.848 E.03328
G1 X59.769 Y53.314 E.02171
G1 X59.246 Y52.374 E.03641
G1 X62.537 Y51.102 E.11942
M204 S10000
G1 E-.8 F1800
G1 X60.441 Y52.808 Z7.2 F7200
G1 Z6.8
G1 E.8 F1800
M204 S500
;TYPE:Internal solid infill
G1 F1473.915
G1 X60.819 Y53.383 E.02329
G1 X61.19 Y53.892 E.02131
G1 X62.602 Y52.637 E.06395
G1 X62.235 Y52.115 E.0216
G1 X60.478 Y52.794 E.06376
M204 S10000
G1 X61.215 Y52.914 F7200
M204 S500
;WIDTH:0.390875
G1 F1724.361
G1 X61.012 Y52.992 E.00629
G1 X61.246 Y53.337 E.01206
G1 X62.095 Y52.578 E.03296
G1 X61.252 Y52.9 E.0261
; stop printing object magic-spinning-top.stl id:730144440329 copy 0
;LAYER_CHANGE
;Z:7
;HEIGHT:0.2
G92 E0
;_SET_FAN_SPEED_CHANGING_LAYER
; printing object magic-spinning-top.stl id:730144440329 copy 0
M204 S10000
G1 E-.8 F1800
G1 X53.737 Y51.568 Z7.4 F7200
G1 X52.128 Y51.283 Z7.4
G1 Z7
G1 E.8 F1800
M204 S1500
;TYPE:Inner wall
;WIDTH:0.449999
G1 F1473.915
G1 X67.149 Y46.075 E.53813
G1 X67.867 Y48.146 E.07423
G1 X52.847 Y53.355 E.53813
G1 X52.141 Y51.321 E.07287
M204 S500
G1 X51.583 Y51.018 F7200
;TYPE:Outer wall
G1 F1473.915
G1 X67.413 Y45.529 E.56714
G1 X68.412 Y48.411 E.10324
G1 X52.582 Y53.9 E.56714
G1 X51.596 Y51.056 E.10188
M204 S10000
G1 E-.8 F1800
G1 X55.345 Y52.122 Z7.4 F7200
G1 Z7
G1 E.8 F1800
M204 S500
;TYPE:Sparse infill
;WIDTH:0.45
G1 F1473.913
G1 X53.807 Y52.656 E.05512
G1 X53.827 Y52.327 E.01113
G1 X53.003 Y51.504 E.03943
G1 X52.58 Y51.529 E.01435
G1 X52.568 Y51.497 E.00117
G1 X53.971 Y51.01 E.05024
G1 X54.557 Y51.597 E.02807
G1 X56.112 Y51.504 E.05271
G1 X56.374 Y51.766 E.01254
G1 X57.459 Y51.389 E.03888
G1 X56.842 Y50.773 E.0295
G1 X56.889 Y49.998 E.02627
G1 X58.427 Y49.465 E.05512
M204 S10000
G1 E-.8 F1800
G1 X61.505 Y49.986 Z7.4 F7200
G1 Z7
G1 E.8 F1800
M204 S500
G1 F1473.913
G1 X59.966 Y50.52 E.05512
G1 X60.044 Y49.219 E.04412
G1 X59.811 Y48.985 E.01117
G1 X61.343 Y48.454 E.05489
G1 X62.329 Y48.395 E.03345
G1 X63.153 Y49.219 E.03943
G1 X63.141 Y49.419 E.00679
G1 X64.679 Y48.886 E.05512
M204 S10000
G1 X64.743 Y47.275 F7200
M204 S500
G1 F1473.913
G1 X63.204 Y47.809 E.05512
G1 X63.884 Y48.488 E.03252
G1 X65.438 Y48.395 E.05271
G1 X65.607 Y48.564 E.00809
G1 X66.692 Y48.188 E.03888
G1 X66.169 Y47.664 E.02505
G1 X66.223 Y46.762 E.0306
G1 X66.935 Y46.515 E.02553
G1 X67.222 Y47.341 E.02959
M204 S10000
G1 E-.8 F1800
G1 X62.375 Y51.624 Z7.4 F7200
G1 Z7
G1 E.8 F1800
M204 S1500
;TYPE:Inner wall
;WIDTH:0.449999
G1 F1473.915
G1 X62.416 Y51.659 E.00182
G1 X62.775 Y52.197 E.02189
G1 X63.149 Y52.696 E.02108
G1 X61.135 Y54.485 E.09117
G1 X60.58 Y53.758 E.03096
G1 X60.144 Y53.106 E.02655
G1 X59.845 Y52.602 E.01983
G1 X62.338 Y51.639 E.09046
M204 S500
G1 X62.574 Y51.088 F7200
;TYPE:Outer wall
G1 F1473.915
G1 X62.773 Y51.422 E.01315
G1 X63.118 Y51.94 E.02108
G1 X63.744 Y52.74 E.03437
G1 X61.091 Y55.098 E.12016
G1 X60.707 Y54.639 E.02023
G1 X60.125 Y53.848 E.03327
G1 X59.769 Y53.313 E.02174
G1 X59.246 Y52.374 E.03638
G1 X62.537 Y51.102 E.11942
M204 S10000
G1 E-.8 F1800
G1 X60.441 Y52.808 Z7.4 F7200
G1 Z7
G1 E.8 F1800
M204 S500
;TYPE:Internal solid infill
G1 F1473.915
G1 X60.819 Y53.383 E.02329
G1 X61.19 Y53.892 E.02131
G1 X62.602 Y52.637 E.06396
G1 X62.235 Y52.115 E.02159
G1 X60.478 Y52.794 E.06376
M204 S10000
G1 X61.215 Y52.914 F7200
M204 S500
;WIDTH:0.390876
G1 F1724.356
G1 X61.012 Y52.992 E.00629
G1 X61.246 Y53.337 E.01206
G1 X62.095 Y52.578 E.03296
G1 X61.252 Y52.9 E.0261
M204 S10000
G1 E-.8 F1800
G1 X60.698 Y46.738 Z7.4 F7200
G1 Z7
G1 E.8 F1800
M204 S1500
;TYPE:Inner wall
;WIDTH:0.449999
G1 F1473.915
G1 X58.09 Y47.542 E.09238
G1 X58.012 Y46.948 E.02028
G1 X57.952 Y46.157 E.02686
G1 X57.938 Y45.264 E.0302
G1 X60.627 Y45.433 E.09119
G1 X60.646 Y46.106 E.0228
G1 X60.695 Y46.698 E.02011
M204 S500
G1 X61.171 Y47.041 F7200
;TYPE:Outer wall
G1 F1473.915
G1 X57.761 Y48.092 E.12078
G1 X57.692 Y47.794 E.01035
G1 X57.587 Y47.006 E.0269
G1 X57.524 Y46.201 E.02734
G1 X57.505 Y45.393 E.02734
G1 X57.524 Y44.811 E.01972
G1 X61.068 Y45.02 E.12016
G1 X61.055 Y45.422 E.01364
G1 X61.073 Y46.072 E.02199
G1 X61.167 Y47.001 E.03161
M204 S10000
G1 E-.8 F1800
G1 X58.439 Y47.008 Z7.4 F7200
G1 Z7
G1 E.8 F1800
M204 S500
;TYPE:Internal solid infill
G1 F1473.915
G1 X60.269 Y46.445 E.0648
G1 X60.234 Y45.808 E.02159
G1 X58.348 Y45.696 E.06396
G1 X58.376 Y46.334 E.02161
G1 X58.436 Y46.968 E.02156
M204 S10000
G1 X58.771 Y46.511 F7200
M204 S500
;WIDTH:0.390427
G1 F1726.584
G1 X59.872 Y46.168 E.03332
G1 X58.735 Y46.097 E.03293
G1 X58.768 Y46.471 E.01086
; stop printing object magic-spinning-top.stl id:730144440329 copy 0
;LAYER_CHANGE
;Z:7.2
;HEIGHT:0.2
G92 E0
;_SET_FAN_SPEED_CHANGING_LAYER
; printing object magic-spinning-top.stl id:730144440329 copy 0
M204 S10000
G1 E-.8 F1800
G1 X52.57 Y50.925 Z7.6 F7200
G1 X52.019 Y51.321 Z7.6
G1 Z7.2
G1 E.8 F1800
M204 S1500
;TYPE:Inner wall
;WIDTH:0.449999
G1 F1473.915
G1 X67.258 Y46.037 E.54594
G1 X67.976 Y48.109 E.07423
G1 X52.737 Y53.393 E.54594
G1 X52.032 Y51.359 E.07287
M204 S500
G1 X51.474 Y51.056 F7200
M73 P20 R17
;TYPE:Outer wall
G1 F1473.915
G1 X67.522 Y45.491 E.57495
G1 X68.521 Y48.373 E.10324
G1 X52.473 Y53.938 E.57495
G1 X51.487 Y51.094 E.10188
M204 S10000
G1 E-.8 F1800
G1 X54.718 Y50.751 Z7.6 F7200
G1 Z7.2
G1 E.8 F1800
M204 S500
;TYPE:Sparse infill
;WIDTH:0.45
G1 F1473.913
G1 X53.179 Y51.285 E.05512
G1 X53.003 Y51.461 E.00844
G1 X52.459 Y51.534 E.01857
G1 X52.951 Y52.952 E.0508
G1 X53.833 Y52.647 E.03158
G1 X53.869 Y52.327 E.01088
G1 X54.557 Y51.639 E.03294
G1 X56.112 Y51.461 E.05296
G1 X56.8 Y50.773 E.03294
G1 X56.889 Y49.999 E.02639
G1 X58.427 Y49.465 E.05512
M204 S10000
G1 E-.8 F1800
G1 X64.236 Y47.451 Z7.6 F7200
G1 Z7.2
G1 E.8 F1800
M204 S500
G1 F1473.913
G1 X62.697 Y47.984 E.05512
G1 X62.329 Y48.352 E.01762
G1 X61.293 Y48.471 E.0353
G1 X60.591 Y48.715 E.02517
G1 X60.087 Y49.219 E.02412
G1 X59.936 Y50.53 E.04469
G1 X63.174 Y49.408 E.11599
G1 X63.196 Y49.219 E.00644
G1 X63.884 Y48.531 E.03294
G1 X65.438 Y48.352 E.05296
G1 X66.126 Y47.664 E.03294
G1 X66.23 Y46.759 E.03083
G1 X67.044 Y46.477 E.02918
G1 X67.295 Y47.201 E.02594
M204 S10000
G1 E-.8 F1800
G1 X62.38 Y51.622 Z7.6 F7200
G1 Z7.2
G1 E.8 F1800
M204 S1500
;TYPE:Inner wall
;WIDTH:0.449999
G1 F1473.915
G1 X62.773 Y52.194 E.02348
G1 X63.149 Y52.696 E.02121
G1 X61.135 Y54.485 E.09117
G1 X60.58 Y53.757 E.03098
G1 X60.143 Y53.105 E.02657
G1 X59.845 Y52.602 E.0198
G1 X62.343 Y51.637 E.09064
M204 S500
G1 X62.574 Y51.088 F7200
;TYPE:Outer wall
G1 F1473.915
G1 X62.77 Y51.417 E.01296
G1 X63.116 Y51.937 E.02114
G1 X63.744 Y52.739 E.03449
G1 X61.091 Y55.098 E.12016
G1 X60.706 Y54.639 E.02025
G1 X60.125 Y53.847 E.03326
G1 X59.768 Y53.312 E.02177
G1 X59.246 Y52.374 E.03635
G1 X62.537 Y51.102 E.11942
M204 S10000
G1 E-.8 F1800
G1 X60.441 Y52.808 Z7.6 F7200
G1 Z7.2
G1 E.8 F1800
M204 S500
;TYPE:Internal solid infill
G1 F1473.915
G1 X60.819 Y53.383 E.02329
G1 X61.19 Y53.892 E.02131
G1 X62.602 Y52.636 E.06396
G1 X62.235 Y52.115 E.02159
G1 X60.478 Y52.794 E.06377
M204 S10000
G1 X61.215 Y52.914 F7200
M204 S500
;WIDTH:0.390875
G1 F1724.361
G1 X61.012 Y52.992 E.00629
G1 X61.246 Y53.337 E.01205
G1 X62.095 Y52.578 E.03297
G1 X61.252 Y52.9 E.0261
M204 S10000
G1 E-.8 F1800
G1 X60.698 Y46.738 Z7.6 F7200
G1 Z7.2
G1 E.8 F1800
M204 S1500
;TYPE:Inner wall
;WIDTH:0.449999
G1 F1473.915
G1 X58.09 Y47.542 E.09237
G1 X58.012 Y46.949 E.02024
G1 X57.952 Y46.157 E.02688
G1 X57.938 Y45.264 E.03022
G1 X60.627 Y45.435 E.09119
G1 X60.646 Y46.106 E.02272
G1 X60.695 Y46.698 E.02012
M204 S500
G1 X61.171 Y47.041 F7200
;TYPE:Outer wall
G1 F1473.915
G1 X57.761 Y48.092 E.12078
G1 X57.692 Y47.794 E.01035
G1 X57.587 Y47.007 E.02687
G1 X57.524 Y46.201 E.02735
G1 X57.505 Y45.393 E.02735
G1 X57.524 Y44.811 E.01974
G1 X61.068 Y45.02 E.12016
G1 X61.055 Y45.424 E.0137
G1 X61.073 Y46.071 E.02191
G1 X61.167 Y47.001 E.03163
M204 S10000
G1 E-.8 F1800
G1 X58.439 Y47.008 Z7.6 F7200
G1 Z7.2
G1 E.8 F1800
M204 S500
;TYPE:Internal solid infill
G1 F1473.915
G1 X60.269 Y46.445 E.0648
G1 X60.234 Y45.808 E.02159
G1 X58.348 Y45.696 E.06396
G1 X58.376 Y46.334 E.02161
G1 X58.436 Y46.968 E.02156
M204 S10000
G1 X58.771 Y46.511 F7200
M204 S500
;WIDTH:0.39043
G1 F1726.569
G1 X59.872 Y46.168 E.03332
G1 X58.735 Y46.097 E.03293
G1 X58.768 Y46.471 E.01086
; stop printing object magic-spinning-top.stl id:730144440329 copy 0
;LAYER_CHANGE
;Z:7.4
;HEIGHT:0.2
G92 E0
;_SET_FAN_SPEED_CHANGING_LAYER
; printing object magic-spinning-top.stl id:730144440329 copy 0
M204 S10000
G1 E-.8 F1800
G1 X52.552 Y50.901 Z7.8 F7200
G1 X51.91 Y51.359 Z7.8
G1 Z7.4
G1 E.8 F1800
M204 S1500
;TYPE:Inner wall
;WIDTH:0.449999
G1 F1473.915
G1 X67.367 Y45.999 E.55376
G1 X68.085 Y48.071 E.07423
G1 X52.628 Y53.431 E.55376
G1 X51.923 Y51.396 E.07287
M204 S500
G1 X51.365 Y51.094 F7200
;TYPE:Outer wall
G1 F1473.915
G1 X67.631 Y45.454 E.58277
G1 X68.631 Y48.335 E.10324
G1 X52.364 Y53.976 E.58277
G1 X51.378 Y51.132 E.10188
M204 S10000
G1 E-.8 F1800
G1 X52.742 Y52.702 Z7.8 F7200
G1 Z7.4
G1 E.8 F1800
M204 S500
;TYPE:Sparse infill
;WIDTH:0.45
G1 F1473.913
G1 X52.842 Y52.99 E.01032
G1 X54.092 Y52.557 E.04479
G1 X54.223 Y52.327 E.00893
G1 X54.557 Y51.993 E.01601
G1 X56.112 Y51.108 E.06055
G1 X56.446 Y50.773 E.01601
G1 X56.887 Y49.999 E.03015
G1 X55.349 Y50.533 E.05512
M204 S10000
G1 E-.8 F1800
G1 X62.56 Y48.032 Z7.8 F7200
G1 X63.36 Y47.755 Z7.8
G1 Z7.4
G1 E.8 F1800
M204 S500
G1 F1473.913
G1 X61.821 Y48.288 E.05512
G1 X60.775 Y48.884 E.04077
G1 X60.44 Y49.219 E.01601
G1 X59.633 Y50.635 E.05518
G1 X63.507 Y49.292 E.13879
G1 X63.549 Y49.219 E.00286
G1 X63.884 Y48.884 E.01601
G1 X65.438 Y47.999 E.06055
G1 X65.772 Y47.664 E.01601
G1 X66.302 Y46.734 E.03623
G1 X67.153 Y46.439 E.03049
G1 X67.392 Y47.126 E.02462
M204 S10000
G1 E-.8 F1800
G1 X62.397 Y51.646 Z7.8 F7200
G1 Z7.4
M73 P21 R17
G1 E.8 F1800
M204 S1500
;TYPE:Inner wall
;WIDTH:0.449999
G1 F1473.915
G1 X62.41 Y51.65 E.00047
G1 X62.771 Y52.191 E.02202
G1 X63.149 Y52.696 E.02134
G1 X61.135 Y54.485 E.09117
G1 X60.579 Y53.757 E.03101
G1 X60.143 Y53.104 E.02658
G1 X59.845 Y52.602 E.01976
G1 X62.355 Y51.632 E.09107
G1 X62.359 Y51.633 E.00014
M204 S500
G1 X62.574 Y51.088 F7200
;TYPE:Outer wall
G1 F1473.915
G1 X62.767 Y51.413 E.01278
G1 X63.114 Y51.934 E.0212
G1 X63.744 Y52.739 E.03462
G1 X61.091 Y55.098 E.12016
G1 X60.706 Y54.639 E.02026
G1 X60.125 Y53.847 E.03325
G1 X59.768 Y53.311 E.0218
G1 X59.246 Y52.374 E.03631
G1 X62.537 Y51.102 E.11942
M204 S10000
G1 E-.8 F1800
G1 X60.441 Y52.808 Z7.8 F7200
G1 Z7.4
G1 E.8 F1800
M204 S500
;TYPE:Internal solid infill
G1 F1473.915
G1 X60.819 Y53.383 E.02329
G1 X61.19 Y53.892 E.02131
G1 X62.602 Y52.636 E.06396
G1 X62.235 Y52.115 E.02159
G1 X60.478 Y52.794 E.06377
M204 S10000
G1 X61.215 Y52.914 F7200
M204 S500
;WIDTH:0.390877
G1 F1724.351
G1 X61.012 Y52.992 E.00629
G1 X61.246 Y53.337 E.01205
G1 X62.095 Y52.578 E.03297
G1 X61.252 Y52.9 E.02611
M204 S10000
G1 E-.8 F1800
G1 X60.698 Y46.738 Z7.8 F7200
G1 Z7.4
G1 E.8 F1800
M204 S1500
;TYPE:Inner wall
;WIDTH:0.449999
G1 F1473.915
G1 X58.09 Y47.542 E.09237
G1 X58.012 Y46.95 E.02021
G1 X57.952 Y46.158 E.02689
G1 X57.938 Y45.264 E.03024
G1 X59.997 Y45.386 E.06982
G1 X60.627 Y45.437 E.02138
G1 X60.646 Y46.106 E.02265
G1 X60.695 Y46.698 E.02013
M204 S500
G1 X61.171 Y47.041 F7200
;TYPE:Outer wall
G1 F1473.915
G1 X57.761 Y48.092 E.12078
G1 X57.692 Y47.794 E.01035
G1 X57.587 Y47.008 E.02683
G1 X57.524 Y46.202 E.02737
G1 X57.505 Y45.394 E.02736
G1 X57.524 Y44.811 E.01975
G1 X61.068 Y45.02 E.12016
G1 X61.055 Y45.426 E.01376
G1 X61.073 Y46.071 E.02183
G1 X61.167 Y47.001 E.03165
M204 S10000
G1 E-.8 F1800
G1 X58.439 Y47.008 Z7.8 F7200
G1 Z7.4
G1 E.8 F1800
M204 S500
;TYPE:Internal solid infill
G1 F1473.915
G1 X60.269 Y46.445 E.06481
G1 X60.234 Y45.808 E.02159
G1 X58.348 Y45.696 E.06396
G1 X58.376 Y46.334 E.02161
G1 X58.436 Y46.968 E.02156
M204 S10000
G1 X58.771 Y46.511 F7200
M204 S500
;WIDTH:0.390435
G1 F1726.544
G1 X59.872 Y46.168 E.03333
G1 X58.735 Y46.097 E.03293
G1 X58.768 Y46.471 E.01086
; stop printing object magic-spinning-top.stl id:730144440329 copy 0
;LAYER_CHANGE
;Z:7.6
;HEIGHT:0.2
G92 E0
;_SET_FAN_SPEED_CHANGING_LAYER
; printing object magic-spinning-top.stl id:730144440329 copy 0
M204 S10000
G1 E-.8 F1800
G1 X52.535 Y50.877 Z8 F7200
G1 X51.801 Y51.396 Z8
G1 Z7.6
G1 E.8 F1800
M204 S1500
;TYPE:Inner wall
;WIDTH:0.449999
G1 F1473.915
G1 X67.476 Y45.961 E.56158
G1 X68.194 Y48.033 E.07423
G1 X52.519 Y53.468 E.56158
G1 X51.814 Y51.434 E.07287
M204 S500
G1 X51.256 Y51.132 F7200
;TYPE:Outer wall
G1 F1473.915
G1 X67.74 Y45.416 E.59059
G1 X68.74 Y48.297 E.10324
G1 X52.255 Y54.014 E.59059
G1 X51.269 Y51.17 E.10188
M204 S10000
G1 E-.8 F1800
G1 X52.915 Y52.965 Z8 F7200
G1 Z7.6
G1 E.8 F1800
M204 S500
;TYPE:Sparse infill
;WIDTH:0.45
G1 F1473.913
G1 X54.453 Y52.432 E.05512
G1 X56.885 Y50 E.11641
G1 X58.423 Y49.466 E.05512
M204 S10000
G1 X57.674 Y51.315 F7200
M204 S500
G1 F1473.913
G1 X59.212 Y50.781 E.05512
G1 X61.644 Y48.35 E.11641
G1 X63.182 Y47.816 E.05512
M204 S10000
G1 X62.433 Y49.665 F7200
M204 S500
G1 F1473.913
G1 X63.971 Y49.131 E.05512
G1 X66.403 Y46.699 E.11641
G1 X67.262 Y46.401 E.03079
G1 X67.498 Y47.08 E.02432
M204 S10000
G1 E-.8 F1800
G1 X62.398 Y51.642 Z8 F7200
G1 Z7.6
G1 E.8 F1800
M204 S1500
;TYPE:Inner wall
;WIDTH:0.449999
G1 F1473.915
G1 X62.407 Y51.645 E.00033
G1 X62.769 Y52.188 E.02208
G1 X63.149 Y52.696 E.02146
G1 X61.135 Y54.485 E.09117
G1 X60.579 Y53.756 E.03103
G1 X60.142 Y53.103 E.02659
G1 X59.845 Y52.602 E.01973
G1 X62.36 Y51.63 E.09125
M204 S500
G1 X62.574 Y51.088 F7200
;TYPE:Outer wall
G1 F1473.915
G1 X62.764 Y51.408 E.0126
G1 X63.112 Y51.931 E.02127
G1 X63.744 Y52.739 E.03474
G1 X61.091 Y55.098 E.12016
G1 X60.706 Y54.639 E.02027
G1 X60.124 Y53.847 E.03324
G1 X59.767 Y53.311 E.02183
G1 X59.246 Y52.374 E.03628
G1 X62.537 Y51.102 E.11942
M204 S10000
G1 E-.8 F1800
G1 X60.441 Y52.808 Z8 F7200
G1 Z7.6
G1 E.8 F1800
M204 S500
;TYPE:Internal solid infill
G1 F1473.915
G1 X60.819 Y53.383 E.02329
G1 X61.19 Y53.892 E.02131
G1 X62.602 Y52.636 E.06396
G1 X62.235 Y52.115 E.02159
G1 X60.478 Y52.794 E.06378
M204 S10000
G1 X61.215 Y52.914 F7200
M204 S500
;WIDTH:0.390878
G1 F1724.346
G1 X61.012 Y52.992 E.00629
G1 X61.246 Y53.337 E.01205
G1 X62.095 Y52.577 E.03297
G1 X61.252 Y52.9 E.02611
M204 S10000
G1 E-.8 F1800
G1 X60.698 Y46.738 Z8 F7200
G1 Z7.6
G1 E.8 F1800
M204 S1500
;TYPE:Inner wall
;WIDTH:0.449999
G1 F1473.915
G1 X58.09 Y47.542 E.09237
G1 X58.012 Y46.951 E.02017
G1 X57.952 Y46.158 E.02691
G1 X57.938 Y45.264 E.03027
G1 X59.993 Y45.386 E.06969
G1 X60.627 Y45.439 E.02152
G1 X60.646 Y46.105 E.02257
G1 X60.695 Y46.698 E.02015
M204 S500
G1 X61.171 Y47.041 F7200
;TYPE:Outer wall
G1 F1473.915
G1 X57.761 Y48.092 E.12078
G1 X57.692 Y47.794 E.01035
G1 X57.587 Y47.009 E.0268
G1 X57.524 Y46.203 E.02738
G1 X57.505 Y45.394 E.02738
G1 X57.524 Y44.811 E.01976
G1 X61.068 Y45.02 E.12016
G1 X61.055 Y45.428 E.01383
G1 X61.073 Y46.07 E.02175
G1 X61.167 Y47.001 E.03167
M204 S10000
G1 E-.8 F1800
G1 X58.439 Y47.008 Z8 F7200
G1 Z7.6
G1 E.8 F1800
M204 S500
;TYPE:Internal solid infill
G1 F1473.915
G1 X60.269 Y46.445 E.06481
G1 X60.234 Y45.808 E.02159
G1 X58.348 Y45.696 E.06396
G1 X58.376 Y46.334 E.02161
G1 X58.436 Y46.968 E.02156
M204 S10000
G1 X58.771 Y46.511 F7200
M204 S500
;WIDTH:0.390438
G1 F1726.529
G1 X59.873 Y46.168 E.03333
G1 X58.735 Y46.097 E.03294
G1 X58.768 Y46.471 E.01086
M73 P22 R17
; stop printing object magic-spinning-top.stl id:730144440329 copy 0
M106 S235
;LAYER_CHANGE
;Z:7.8
;HEIGHT:0.2
G92 E0
;_SET_FAN_SPEED_CHANGING_LAYER
; printing object magic-spinning-top.stl id:730144440329 copy 0
M204 S10000
G1 E-.8 F1800
G1 X52.426 Y50.718 Z8.2 F7200
G1 X50.994 Y51.676 Z8.2
G1 Z7.8
G1 E.8 F1800
M204 S1500
;TYPE:Inner wall
;WIDTH:0.449999
G1 F1473.915
G1 X68.282 Y45.681 E.61936
M204 S250
;TYPE:Overhang wall
M106 S255
G1 X68.56 Y45.585 E.00993
M73 P22 R16
G1 X69.282 Y47.656 E.07423
G1 X69.001 Y47.753 E.01007
M204 S1500
;TYPE:Inner wall
M106 S235
G1 X51.713 Y53.748 E.61936
M204 S250
;TYPE:Overhang wall
M106 S255
G1 X51.436 Y53.844 E.00993
G1 X50.713 Y51.774 E.07423
G1 X50.957 Y51.689 E.00871
M204 S500
G1 X50.854 Y51.271 F7200
;TYPE:Outer wall
G1 F1473.915
M106 S235
G1 X68.142 Y45.277 E.61936
M204 S250
;TYPE:Overhang wall
M106 S255
G1 X68.823 Y45.04 E.02441
G1 X69.828 Y47.92 E.10324
G1 X69.141 Y48.158 E.0246
M204 S500
;TYPE:Outer wall
M106 S235
G1 X51.853 Y54.153 E.61936
M204 S250
;TYPE:Overhang wall
M106 S255
G1 X51.172 Y54.389 E.02441
G1 X50.167 Y51.509 E.10324
G1 X50.816 Y51.284 E.02324
M204 S10000
G1 X51.333 Y51.731 F7200
M204 S250
;TYPE:Bridge
;WIDTH:0.45
G1 F1473.913
G1 X51.888 Y53.321 E.057
G1 X52.273 Y53.188 E.01378
G1 X51.718 Y51.598 E.057
M204 S10000
G1 X52.903 Y52.905 F7200
M204 S500
;TYPE:Internal solid infill
;WIDTH:0.449999
G1 F1473.915
M106 S235
G1 X67.544 Y47.828 E.52455
G1 X67.093 Y46.525 E.04667
G1 X52.451 Y51.602 E.52455
G1 X52.89 Y52.867 E.04532
M204 S10000
G1 X53.178 Y52.336 F7200
M204 S500
;WIDTH:0.528762
G1 F1234.971
G1 X66.976 Y47.552 E.58997
G1 X66.817 Y47.093 E.01963
G1 X53.019 Y51.877 E.58997
G1 X53.165 Y52.299 E.01801
M204 S10000
G1 E-.8 F1800
G1 X60.481 Y50.122 Z8.2 F7200
G1 X68.871 Y47.626 Z8.2
G1 Z7.8
G1 E.8 F1800
M204 S250
;TYPE:Bridge
;WIDTH:0.45
G1 F1473.913
M106 S255
G1 X68.317 Y46.036 E.057
G1 X67.932 Y46.169 E.01378
G1 X68.426 Y47.586 E.0508
G1 X68.042 Y47.72 E.01378
G1 X67.487 Y46.13 E.057
M204 S10000
G1 E-.8 F1800
G1 X62.399 Y51.638 Z8.2 F7200
G1 Z7.8
G1 E.8 F1800
M204 S1500
;TYPE:Inner wall
;WIDTH:0.449999
G1 F1473.915
M106 S235
G1 X62.404 Y51.64 E.00019
G1 X62.766 Y52.185 E.02215
G1 X63.149 Y52.696 E.02159
G1 X61.135 Y54.485 E.09117
G1 X60.579 Y53.756 E.03105
G1 X60.142 Y53.102 E.0266
G1 X59.845 Y52.602 E.0197
G1 X62.361 Y51.63 E.09129
M204 S500
G1 X62.574 Y51.088 F7200
;TYPE:Outer wall
G1 F1473.915
G1 X62.761 Y51.403 E.01241
G1 X63.11 Y51.928 E.02133
G1 X63.744 Y52.739 E.03486
G1 X61.091 Y55.098 E.12016
G1 X60.706 Y54.638 E.02028
G1 X60.124 Y53.847 E.03323
G1 X59.766 Y53.31 E.02186
G1 X59.246 Y52.374 E.03625
G1 X62.537 Y51.103 E.11941
M204 S10000
G1 E-.8 F1800
G1 X60.441 Y52.808 Z8.2 F7200
G1 Z7.8
G1 E.8 F1800
M204 S500
;TYPE:Internal solid infill
G1 F1473.915
G1 X60.819 Y53.383 E.02329
G1 X61.19 Y53.892 E.02132
G1 X62.602 Y52.636 E.06396
G1 X62.236 Y52.115 E.02159
G1 X60.478 Y52.794 E.06378
M204 S10000
G1 X61.215 Y52.914 F7200
M204 S500
;WIDTH:0.39088
G1 F1724.336
G1 X61.012 Y52.992 E.00629
G1 X61.246 Y53.337 E.01205
G1 X62.095 Y52.577 E.03297
G1 X61.252 Y52.9 E.02611
M204 S10000
G1 E-.8 F1800
G1 X60.698 Y46.738 Z8.2 F7200
G1 Z7.8
G1 E.8 F1800
M204 S1500
;TYPE:Inner wall
;WIDTH:0.449999
G1 F1473.915
G1 X58.09 Y47.542 E.09237
G1 X58.013 Y46.952 E.02014
G1 X57.952 Y46.159 E.02692
G1 X57.938 Y45.264 E.03029
G1 X59.99 Y45.385 E.06956
G1 X60.627 Y45.441 E.02165
G1 X60.646 Y46.105 E.02249
G1 X60.695 Y46.698 E.02016
M204 S500
G1 X61.171 Y47.041 F7200
;TYPE:Outer wall
G1 F1473.915
G1 X57.761 Y48.092 E.12078
G1 X57.692 Y47.794 E.01035
G1 X57.587 Y47.01 E.02676
G1 X57.524 Y46.203 E.02739
G1 X57.505 Y45.394 E.02739
G1 X57.524 Y44.811 E.01977
G1 X61.068 Y45.02 E.12016
G1 X61.055 Y45.43 E.01389
G1 X61.073 Y46.07 E.02167
G1 X61.167 Y47.001 E.03169
M204 S10000
G1 E-.8 F1800
G1 X58.439 Y47.008 Z8.2 F7200
G1 Z7.8
G1 E.8 F1800
M204 S500
;TYPE:Internal solid infill
G1 F1473.915
G1 X60.269 Y46.444 E.06482
G1 X60.235 Y45.808 E.02159
G1 X58.348 Y45.696 E.06396
G1 X58.376 Y46.334 E.02161
G1 X58.436 Y46.968 E.02156
M204 S10000
G1 X58.771 Y46.511 F7200
M204 S500
;WIDTH:0.390442
G1 F1726.509
G1 X59.873 Y46.168 E.03333
G1 X58.735 Y46.097 E.03294
G1 X58.768 Y46.471 E.01086
; stop printing object magic-spinning-top.stl id:730144440329 copy 0
;LAYER_CHANGE
;Z:8
;HEIGHT:0.2
G92 E0
;_SET_FAN_SPEED_CHANGING_LAYER
; printing object magic-spinning-top.stl id:730144440329 copy 0
M204 S10000
G1 E-.8 F1800
G1 X52.371 Y50.635 Z8.4 F7200
G1 X50.517 Y51.842 Z8.4
G1 Z8
G1 E.8 F1800
M204 S1500
;TYPE:Inner wall
;WIDTH:0.449999
G1 F1473.915
G1 X68.76 Y45.516 E.6536
G1 X69.479 Y47.588 E.07423
M73 P23 R16
G1 X51.235 Y53.914 E.6536
G1 X50.53 Y51.88 E.07287
M204 S500
G1 X49.971 Y51.577 F7200
;TYPE:Outer wall
G1 F1473.915
G1 X69.025 Y44.97 E.68261
G1 X70.024 Y47.852 E.10324
G1 X50.97 Y54.459 E.68261
G1 X49.985 Y51.615 E.10188
M204 S10000
G1 E-.8 F1800
G1 X51.486 Y53.396 Z8.4 F7200
G1 Z8
G1 E.8 F1800
M204 S500
;TYPE:Internal solid infill
G1 F1473.915
G1 X68.961 Y47.336 E.62604
G1 X68.509 Y46.034 E.04667
G1 X51.035 Y52.093 E.62604
G1 X51.473 Y53.358 E.04532
M204 S10000
G1 X51.832 Y52.289 F7200
M204 S500
;WIDTH:0.52876
G1 F1234.976
G1 X51.603 Y52.369 E.00981
G1 X51.762 Y52.828 E.01963
G1 X68.393 Y47.061 E.71109
G1 X68.233 Y46.602 E.01963
G1 X51.87 Y52.276 E.69966
M204 S10000
G1 E-.8 F1800
G1 X58.336 Y48.22 Z8.4 F7200
G1 X60.698 Y46.738 Z8.4
G1 Z8
G1 E.8 F1800
M204 S1500
;TYPE:Inner wall
;WIDTH:0.449999
G1 F1473.915
G1 X58.09 Y47.542 E.09237
G1 X58.013 Y46.953 E.0201
G1 X57.952 Y46.16 E.02693
G1 X57.938 Y45.264 E.03031
G1 X59.986 Y45.385 E.06943
G1 X60.627 Y45.443 E.02179
G1 X60.645 Y46.105 E.02241
G1 X60.695 Y46.698 E.02017
M204 S500
G1 X61.171 Y47.041 F7200
;TYPE:Outer wall
G1 F1473.915
G1 X57.761 Y48.092 E.12078
G1 X57.692 Y47.794 E.01035
G1 X57.587 Y47.011 E.02673
G1 X57.524 Y46.204 E.0274
G1 X57.505 Y45.395 E.0274
G1 X57.524 Y44.811 E.01978
G1 X61.068 Y45.02 E.12016
G1 X61.055 Y45.432 E.01395
G1 X61.073 Y46.069 E.02159
G1 X61.167 Y47.001 E.03171
M204 S10000
G1 E-.8 F1800
G1 X58.439 Y47.008 Z8.4 F7200
G1 Z8
G1 E.8 F1800
M204 S500
;TYPE:Internal solid infill
G1 F1473.915
G1 X60.265 Y46.446 E.06467
G1 X60.23 Y45.807 E.02164
G1 X58.348 Y45.696 E.0638
G1 X58.376 Y46.334 E.02161
G1 X58.436 Y46.969 E.02156
M204 S10000
G1 X58.771 Y46.511 F7200
M204 S500
;WIDTH:0.390445
G1 F1726.495
G1 X59.864 Y46.175 E.03305
G1 X58.735 Y46.097 E.03271
G1 X58.768 Y46.471 E.01086
M204 S10000
G1 E-.8 F1800
G1 X62.401 Y51.635 Z8.4 F7200
G1 Z8
G1 E.8 F1800
M204 S1500
;TYPE:Inner wall
;WIDTH:0.449999
G1 F1473.915
G1 X62.764 Y52.182 E.02221
G1 X63.149 Y52.696 E.02172
G1 X61.135 Y54.485 E.09117
G1 X60.578 Y53.755 E.03107
G1 X60.141 Y53.101 E.02661
G1 X59.845 Y52.602 E.01966
G1 X61.797 Y51.848 E.07083
G1 X62.364 Y51.649 E.02033
M204 S500
G1 X62.574 Y51.088 F7200
;TYPE:Outer wall
G1 F1473.915
G1 X62.759 Y51.399 E.01223
G1 X63.108 Y51.925 E.02139
G1 X63.745 Y52.739 E.03498
G1 X61.091 Y55.098 E.12016
G1 X60.706 Y54.638 E.02029
G1 X60.124 Y53.847 E.03322
G1 X59.766 Y53.309 E.02189
G1 X59.246 Y52.374 E.03621
G1 X62.537 Y51.103 E.11941
M204 S10000
G1 E-.8 F1800
G1 X60.441 Y52.808 Z8.4 F7200
G1 Z8
G1 E.8 F1800
M204 S500
;TYPE:Internal solid infill
G1 F1473.915
G1 X60.819 Y53.383 E.02329
G1 X61.19 Y53.892 E.02132
G1 X62.602 Y52.636 E.06396
G1 X62.236 Y52.115 E.02159
G1 X60.478 Y52.794 E.06379
M204 S10000
G1 X61.215 Y52.914 F7200
M204 S500
;WIDTH:0.390879
G1 F1724.341
G1 X61.012 Y52.992 E.00629
G1 X61.246 Y53.337 E.01205
G1 X62.095 Y52.577 E.03298
G1 X61.252 Y52.9 E.02612
; stop printing object magic-spinning-top.stl id:730144440329 copy 0
M106 S232
;LAYER_CHANGE
;Z:8.2
;HEIGHT:0.2
G92 E0
;_SET_FAN_SPEED_CHANGING_LAYER
; printing object magic-spinning-top.stl id:730144440329 copy 0
M204 S10000
G1 E-.8 F1800
G1 X53.652 Y52.192 Z8.6 F7200
G1 X50.384 Y51.888 Z8.6
G1 Z8.2
G1 E.8 F1800
M204 S1500
;TYPE:Inner wall
;WIDTH:0.449999
G1 F1473.915
G1 X68.893 Y45.47 E.66311
G1 X69.611 Y47.542 E.07423
G1 X51.102 Y53.96 E.66311
M73 P24 R16
G1 X50.397 Y51.926 E.07287
M204 S500
G1 X49.838 Y51.623 F7200
;TYPE:Outer wall
G1 F1473.915
G1 X69.157 Y44.924 E.69212
G1 X70.157 Y47.806 E.10324
G1 X50.838 Y54.505 E.69212
G1 X49.852 Y51.661 E.10188
M204 S10000
G1 E-.8 F1800
G1 X57.469 Y51.181 Z8.6 F7200
G1 X57.963 Y51.15 Z8.6
G1 Z8.2
G1 E.8 F1800
M204 S500
;TYPE:Internal solid infill
G1 F1473.915
G1 X57.511 Y49.847 E.04667
G1 X50.902 Y52.139 E.23679
G1 X51.354 Y53.442 E.04667
G1 X57.925 Y51.163 E.23544
M204 S10000
G1 X57.395 Y50.874 F7200
M204 S500
;WIDTH:0.528761
G1 F1234.972
G1 X57.236 Y50.415 E.01963
G1 X51.47 Y52.415 E.24654
G1 X51.629 Y52.874 E.01963
G1 X57.357 Y50.887 E.24492
M204 S10000
G1 E-.8 F1800
G1 X62.141 Y49.282 Z8.6 F7200
G1 Z8.2
G1 E.8 F1800
M204 S500
;TYPE:Top surface
;WIDTH:0.406996
G1 F1648.008
G1 X61.174 Y48.316 E.04138
M204 S10000
G1 X60.792 Y48.448 F7200
M204 S500
G1 F1648.008
G1 X62.263 Y49.92 E.063
M204 S10000
G1 X61.881 Y50.052 F7200
M204 S500
G1 F1648.008
G1 X60.41 Y48.581 E.063
M204 S10000
G1 X60.027 Y48.714 F7200
M204 S500
G1 F1648.008
G1 X61.499 Y50.185 E.063
M204 S10000
G1 X61.116 Y50.318 F7200
M204 S500
G1 F1648.008
G1 X59.645 Y48.846 E.063
M204 S10000
G1 X59.263 Y48.979 F7200
M204 S500
G1 F1648.008
G1 X60.734 Y50.45 E.063
M204 S10000
G1 X60.352 Y50.583 F7200
M204 S500
G1 F1648.008
G1 X58.88 Y49.111 E.063
M204 S10000
G1 X58.498 Y49.244 F7200
M204 S500
G1 F1648.008
G1 X59.969 Y50.715 E.063
M204 S10000
G1 X59.587 Y50.848 F7200
M204 S500
G1 F1648.008
G1 X58.116 Y49.376 E.063
M204 S10000
G1 X57.733 Y49.509 F7200
M204 S500
G1 F1648.008
G1 X59.205 Y50.98 E.063
M204 S10000
G1 X58.822 Y51.113 F7200
M204 S500
G1 F1648.008
G1 X57.846 Y50.136 E.04181
M204 S10000
G1 E-.8 F1800
G1 X62.48 Y49.584 Z8.6 F7200
G1 Z8.2
G1 E.8 F1800
M204 S500
;TYPE:Internal solid infill
;WIDTH:0.449999
G1 F1473.915
G1 X69.093 Y47.29 E.23695
G1 X68.642 Y45.988 E.04667
G1 X62.028 Y48.281 E.23695
G1 X62.466 Y49.546 E.04532
M204 S10000
G1 X62.755 Y49.016 F7200
M204 S500
;WIDTH:0.528762
G1 F1234.971
G1 X68.525 Y47.015 E.24672
G1 X68.366 Y46.556 E.01963
G1 X62.596 Y48.557 E.24672
G1 X62.742 Y48.978 E.01801
M204 S10000
G1 E-.8 F1800
G1 X60.698 Y46.738 Z8.6 F7200
G1 Z8.2
G1 E.8 F1800
M204 S1500
;TYPE:Inner wall
;WIDTH:0.449999
G1 F1473.915
G1 X58.09 Y47.542 E.09238
G1 X58.013 Y46.954 E.02007
G1 X57.952 Y46.16 E.02695
G1 X57.938 Y45.264 E.03033
G1 X59.982 Y45.385 E.0693
G1 X60.627 Y45.445 E.02192
G1 X60.645 Y46.104 E.02233
G1 X60.695 Y46.698 E.02018
M204 S500
G1 X61.171 Y47.041 F7200
;TYPE:Outer wall
G1 F1473.915
G1 X57.761 Y48.092 E.12078
G1 X57.692 Y47.794 E.01035
G1 X57.587 Y47.012 E.02669
G1 X57.524 Y46.205 E.02741
G1 X57.505 Y45.395 E.02741
G1 X57.524 Y44.811 E.01979
G1 X61.068 Y45.02 E.12016
G1 X61.055 Y45.433 E.01401
G1 X61.072 Y46.069 E.02151
G1 X61.167 Y47.001 E.03173
M204 S10000
G1 E-.8 F1800
G1 X58.439 Y47.008 Z8.6 F7200
G1 Z8.2
G1 E.8 F1800
M204 S500
;TYPE:Internal solid infill
G1 F1473.915
G1 X60.265 Y46.446 E.06467
G1 X60.23 Y45.807 E.02164
G1 X58.348 Y45.696 E.0638
G1 X58.376 Y46.334 E.02161
G1 X58.436 Y46.969 E.02156
M204 S10000
G1 X58.771 Y46.511 F7200
M204 S500
;WIDTH:0.390449
G1 F1726.475
G1 X59.864 Y46.175 E.03304
G1 X58.735 Y46.097 E.0327
G1 X58.768 Y46.471 E.01086
M204 S10000
G1 E-.8 F1800
G1 X62.398 Y51.631 Z8.6 F7200
G1 Z8.2
G1 E.8 F1800
M204 S1500
;TYPE:Inner wall
;WIDTH:0.449999
G1 F1473.915
G1 X62.762 Y52.179 E.02227
G1 X63.149 Y52.696 E.02184
G1 X61.135 Y54.485 E.09117
G1 X60.578 Y53.754 E.0311
G1 X60.141 Y53.101 E.02662
G1 X59.845 Y52.602 E.01963
G1 X61.797 Y51.848 E.07083
G1 X62.361 Y51.644 E.02029
M204 S500
G1 X62.574 Y51.088 F7200
;TYPE:Outer wall
G1 F1473.915
G1 X62.756 Y51.394 E.01205
G1 X63.106 Y51.922 E.02145
G1 X63.745 Y52.739 E.03511
G1 X61.091 Y55.098 E.12016
G1 X60.705 Y54.638 E.02031
G1 X60.124 Y53.847 E.03321
G1 X59.765 Y53.308 E.02192
G1 X59.246 Y52.374 E.03618
G1 X62.537 Y51.103 E.11941
M204 S10000
G1 E-.8 F1800
G1 X60.44 Y52.808 Z8.6 F7200
G1 Z8.2
G1 E.8 F1800
M204 S500
;TYPE:Internal solid infill
G1 F1473.915
G1 X60.819 Y53.383 E.02329
G1 X61.19 Y53.892 E.02132
G1 X62.602 Y52.636 E.06396
G1 X62.236 Y52.115 E.02159
G1 X60.478 Y52.794 E.06379
M204 S10000
G1 X61.215 Y52.914 F7200
M204 S500
;WIDTH:0.390881
G1 F1724.331
G1 X61.012 Y52.992 E.00629
G1 X61.246 Y53.337 E.01205
G1 X62.095 Y52.577 E.03298
G1 X61.252 Y52.9 E.02612
; stop printing object magic-spinning-top.stl id:730144440329 copy 0
M106 S242
;LAYER_CHANGE
;Z:8.4
;HEIGHT:0.2
G92 E0
;_SET_FAN_SPEED_CHANGING_LAYER
; printing object magic-spinning-top.stl id:730144440329 copy 0
M204 S10000
G1 E-.8 F1800
G1 X61.65 Y50.302 Z8.8 F7200
G1 Z8.4
G1 E.8 F1800
M204 S1500
;TYPE:Inner wall
;WIDTH:0.449999
G1 F1473.915
G1 X60.931 Y48.23 E.07423
G1 X68.989 Y45.436 E.2887
G1 X69.708 Y47.508 E.07423
G1 X61.687 Y50.289 E.28736
M204 S500
G1 X61.385 Y50.848 F7200
M73 P25 R16
;TYPE:Outer wall
G1 F1473.915
G1 X60.386 Y47.966 E.10324
G1 X69.254 Y44.891 E.3177
G1 X70.254 Y47.772 E.10324
G1 X61.423 Y50.835 E.31638
M204 S10000
G1 X62.433 Y49.665 F7200
M204 S500
;TYPE:Sparse infill
;WIDTH:0.45
G1 F1473.913
G1 X63.971 Y49.131 E.05512
G1 X66.403 Y46.699 E.11641
G1 X68.776 Y45.877 E.08502
G1 X69.177 Y47.034 E.04146
G1 X68.73 Y47.481 E.02142
G1 X67.192 Y48.014 E.05512
M204 S10000
G1 E-.8 F1800
G1 X62.403 Y51.613 Z8.8 F7200
G1 Z8.4
G1 E.8 F1800
M204 S1500
;TYPE:Inner wall
;WIDTH:0.449999
G1 F1473.915
G1 X62.76 Y52.176 E.02254
G1 X63.149 Y52.696 E.02197
G1 X61.135 Y54.485 E.09117
G1 X60.577 Y53.754 E.03112
G1 X60.14 Y53.1 E.02663
G1 X59.845 Y52.602 E.01959
G1 X62.366 Y51.628 E.09148
M204 S500
G1 X62.578 Y51.087 F7200
;TYPE:Outer wall
G1 F1473.915
G1 X63.104 Y51.919 E.03334
G1 X63.745 Y52.739 E.03523
G1 X61.091 Y55.098 E.12017
G1 X60.705 Y54.638 E.02032
G1 X60.124 Y53.847 E.0332
G1 X59.765 Y53.307 E.02195
G1 X59.246 Y52.374 E.03615
G1 X62.54 Y51.101 E.11955
M204 S10000
G1 E-.8 F1800
G1 X60.44 Y52.808 Z8.8 F7200
G1 Z8.4
G1 E.8 F1800
M204 S500
;TYPE:Internal solid infill
G1 F1473.915
G1 X60.819 Y53.383 E.02328
G1 X61.19 Y53.892 E.02132
G1 X62.604 Y52.635 E.06402
G1 X62.244 Y52.111 E.02151
G1 X60.478 Y52.794 E.06408
M204 S10000
G1 X61.215 Y52.914 F7200
M204 S500
;WIDTH:0.390883
G1 F1724.321
G1 X61.012 Y52.992 E.00629
G1 X61.246 Y53.337 E.01205
G1 X62.101 Y52.574 E.03316
G1 X61.252 Y52.899 E.0263
M204 S10000
G1 E-.8 F1800
G1 X59.06 Y51.2 Z8.8 F7200
G1 Z8.4
G1 E.8 F1800
M204 S1500
;TYPE:Inner wall
;WIDTH:0.449999
G1 F1473.915
G1 X51.006 Y53.993 E.28853
G1 X50.287 Y51.921 E.07423
G1 X58.341 Y49.129 E.28855
G1 X59.047 Y51.163 E.07287
M204 S500
G1 X59.605 Y51.465 F7200
;TYPE:Outer wall
G1 F1473.915
G1 X50.741 Y54.538 E.31754
G1 X49.741 Y51.657 E.10324
G1 X58.606 Y48.583 E.31757
G1 X59.592 Y51.427 E.10188
M204 S10000
G1 E-.8 F1800
G1 X58.23 Y49.865 Z8.8 F7200
G1 Z8.4
G1 E.8 F1800
M204 S500
;TYPE:Sparse infill
;WIDTH:0.45
G1 F1473.913
G1 X58.128 Y49.569 E.0106
G1 X56.885 Y50 E.04452
G1 X54.453 Y52.432 E.11641
G1 X51.219 Y53.553 E.11586
G1 X50.963 Y52.813 E.0265
G1 X52.126 Y51.65 E.05569
G1 X53.664 Y51.116 E.05512
M204 S10000
G1 E-.8 F1800
G1 X60.144 Y47.083 Z8.8 F7200
G1 X60.699 Y46.738 Z8.8
G1 Z8.4
G1 E.8 F1800
M204 S1500
;TYPE:Inner wall
;WIDTH:0.449999
G1 F1473.915
G1 X58.09 Y47.542 E.09238
G1 X58.013 Y46.955 E.02003
G1 X57.952 Y46.161 E.02696
G1 X57.938 Y45.264 E.03035
G1 X59.978 Y45.385 E.06917
G1 X60.627 Y45.447 E.02205
G1 X60.645 Y46.107 E.02234
G1 X60.695 Y46.698 E.0201
M204 S500
G1 X61.171 Y47.041 F7200
;TYPE:Outer wall
G1 F1473.915
G1 X57.761 Y48.092 E.12078
G1 X57.692 Y47.794 E.01035
G1 X57.588 Y47.013 E.02666
G1 X57.524 Y46.205 E.02743
G1 X57.505 Y45.395 E.02742
G1 X57.524 Y44.811 E.0198
G1 X61.068 Y45.02 E.12017
G1 X61.055 Y45.435 E.01407
G1 X61.072 Y46.071 E.02152
G1 X61.167 Y47.001 E.03166
M204 S10000
G1 E-.8 F1800
G1 X58.439 Y47.008 Z8.8 F7200
G1 Z8.4
G1 E.8 F1800
M204 S500
;TYPE:Internal solid infill
G1 F1473.915
G1 X60.265 Y46.446 E.06467
G1 X60.23 Y45.807 E.02164
G1 X58.348 Y45.696 E.0638
G1 X58.375 Y46.334 E.02161
G1 X58.436 Y46.969 E.02156
M204 S10000
G1 X58.771 Y46.511 F7200
M204 S500
;WIDTH:0.390453
G1 F1726.455
G1 X59.864 Y46.175 E.03304
G1 X58.735 Y46.097 E.0327
G1 X58.768 Y46.471 E.01086
; stop printing object magic-spinning-top.stl id:730144440329 copy 0
;LAYER_CHANGE
;Z:8.6
;HEIGHT:0.200001
G92 E0
;_SET_FAN_SPEED_CHANGING_LAYER
; printing object magic-spinning-top.stl id:730144440329 copy 0
M204 S10000
G1 E-.8 F1800
G1 X61.997 Y50.182 Z9 F7200
G1 Z8.6
G1 E.8 F1800
M204 S1500
;TYPE:Inner wall
;WIDTH:0.449999
G1 F1473.915
G1 X61.279 Y48.11 E.07423
G1 X69.052 Y45.415 E.27849
G1 X69.772 Y47.486 E.07423
G1 X62.035 Y50.169 E.2772
M204 S500
G1 X61.733 Y50.727 F7200
;TYPE:Outer wall
G1 F1473.915
G1 X60.733 Y47.846 E.10324
G1 X69.316 Y44.869 E.30749
G1 X70.318 Y47.75 E.10324
G1 X61.77 Y50.714 E.30622
M204 S10000
G1 X62.433 Y49.665 F7200
M204 S500
;TYPE:Sparse infill
;WIDTH:0.45
G1 F1473.913
G1 X63.971 Y49.131 E.05512
G1 X66.403 Y46.699 E.11641
G1 X68.839 Y45.855 E.08727
G1 X69.23 Y46.981 E.04035
G1 X68.73 Y47.481 E.02395
G1 X67.192 Y48.014 E.05512
M204 S10000
G1 E-.8 F1800
G1 X62.403 Y51.613 Z9 F7200
G1 Z8.6
G1 E.8 F1800
M204 S1500
;TYPE:Inner wall
;WIDTH:0.449999
G1 F1473.915
G1 X62.758 Y52.173 E.02242
G1 X63.149 Y52.696 E.0221
G1 X61.135 Y54.485 E.09117
G1 X60.577 Y53.753 E.03114
G1 X60.14 Y53.099 E.02665
G1 X59.845 Y52.602 E.01956
G1 X62.366 Y51.628 E.09148
M204 S500
G1 X62.578 Y51.087 F7200
;TYPE:Outer wall
G1 F1473.915
G1 X63.101 Y51.916 E.03322
G1 X63.745 Y52.739 E.03535
G1 X61.091 Y55.098 E.12017
G1 X60.705 Y54.637 E.02033
G1 X60.124 Y53.847 E.03319
G1 X59.764 Y53.306 E.02198
G1 X59.246 Y52.374 E.03611
G1 X62.54 Y51.101 E.11955
M73 P26 R16
M204 S10000
G1 E-.8 F1800
G1 X60.44 Y52.808 Z9 F7200
G1 Z8.6
G1 E.8 F1800
M204 S500
;TYPE:Internal solid infill
G1 F1473.915
G1 X60.819 Y53.383 E.02328
G1 X61.19 Y53.892 E.02132
G1 X62.604 Y52.635 E.06402
G1 X62.244 Y52.111 E.02151
G1 X60.478 Y52.794 E.06408
M204 S10000
G1 X61.215 Y52.914 F7200
M204 S500
;WIDTH:0.390883
G1 F1724.321
G1 X61.012 Y52.992 E.00629
G1 X61.246 Y53.337 E.01205
G1 X62.101 Y52.574 E.03316
G1 X61.252 Y52.899 E.0263
M204 S10000
G1 E-.8 F1800
G1 X58.726 Y51.316 Z9 F7200
G1 Z8.6
G1 E.8 F1800
M204 S1500
;TYPE:Inner wall
;WIDTH:0.449999
G1 F1473.915
G1 X50.943 Y54.015 E.27884
G1 X50.223 Y51.944 E.07423
G1 X58.008 Y49.244 E.2789
G1 X58.713 Y51.278 E.07287
M204 S500
G1 X59.272 Y51.58 F7200
;TYPE:Outer wall
G1 F1473.915
G1 X50.679 Y54.56 E.30784
G1 X49.677 Y51.679 E.10324
G1 X58.273 Y48.699 E.30793
G1 X59.259 Y51.543 E.10188
M204 S10000
G1 X58.013 Y50.313 F7200
M204 S500
;TYPE:Sparse infill
;WIDTH:0.45
G1 F1473.913
G1 X57.794 Y49.684 E.02253
G1 X56.885 Y50 E.03258
G1 X54.453 Y52.432 E.11641
G1 X51.156 Y53.575 E.11811
G1 X50.91 Y52.866 E.0254
G1 X52.126 Y51.65 E.05821
G1 X53.664 Y51.116 E.05512
M204 S10000
G1 E-.8 F1800
G1 X60.142 Y47.08 Z9 F7200
G1 X60.694 Y46.735 Z9
G1 Z8.6
G1 E.8 F1800
M204 S1500
;TYPE:Inner wall
;WIDTH:0.449999
G1 F1473.915
G1 X58.09 Y47.542 E.09227
G1 X58.013 Y46.956 E.02
G1 X57.952 Y46.162 E.02698
G1 X57.938 Y45.264 E.03037
G1 X60.601 Y45.421 E.09027
G1 X60.627 Y45.449 E.00128
G1 X60.645 Y46.107 E.02231
G1 X60.691 Y46.696 E.01997
M204 S500
G1 X61.171 Y47.041 F7200
;TYPE:Outer wall
G1 F1473.915
G1 X57.761 Y48.092 E.12078
G1 X57.692 Y47.794 E.01035
G1 X57.588 Y47.014 E.02662
G1 X57.524 Y46.206 E.02744
G1 X57.505 Y45.396 E.02743
G1 X57.524 Y44.811 E.01982
G1 X61.068 Y45.02 E.12017
G1 X61.055 Y45.437 E.01414
G1 X61.073 Y46.074 E.02158
G1 X61.167 Y47.001 E.03153
M204 S10000
G1 E-.8 F1800
G1 X58.439 Y47.008 Z9 F7200
G1 Z8.6
G1 E.8 F1800
M204 S500
;TYPE:Internal solid infill
G1 F1473.915
G1 X60.265 Y46.446 E.06468
G1 X60.23 Y45.807 E.02164
G1 X58.348 Y45.696 E.0638
G1 X58.375 Y46.334 E.02161
G1 X58.436 Y46.969 E.02156
M204 S10000
G1 X58.771 Y46.511 F7200
M204 S500
;WIDTH:0.390457
G1 F1726.435
G1 X59.859 Y46.176 E.03289
G1 X58.735 Y46.097 E.03256
G1 X58.768 Y46.471 E.01086
; stop printing object magic-spinning-top.stl id:730144440329 copy 0
M106 S237
;LAYER_CHANGE
;Z:8.8
;HEIGHT:0.2
G92 E0
;_SET_FAN_SPEED_CHANGING_LAYER
; printing object magic-spinning-top.stl id:730144440329 copy 0
M204 S10000
G1 E-.8 F1800
G1 X62.217 Y50.105 Z9.2 F7200
G1 Z8.8
G1 E.8 F1800
M204 S1500
;TYPE:Inner wall
;WIDTH:0.449999
G1 F1473.915
G1 X61.499 Y48.034 E.07423
G1 X69.079 Y45.405 E.27156
G1 X69.8 Y47.476 E.07423
G1 X62.255 Y50.092 E.27028
M204 S500
G1 X61.953 Y50.651 F7200
;TYPE:Outer wall
G1 F1473.915
G1 X60.954 Y47.769 E.10324
G1 X69.343 Y44.86 E.30056
G1 X70.345 Y47.741 E.10324
G1 X61.991 Y50.638 E.29931
M204 S10000
G1 X62.469 Y49.587 F7200
M204 S500
;TYPE:Internal solid infill
G1 F1473.915
G1 X69.281 Y47.225 E.24407
G1 X68.828 Y45.923 E.04667
M73 P26 R15
G1 X62.017 Y48.285 E.24402
G1 X62.456 Y49.55 E.04532
M204 S10000
G1 X62.744 Y49.019 F7200
M204 S500
;WIDTH:0.528761
G1 F1234.972
G1 X68.713 Y46.95 E.2552
G1 X68.553 Y46.491 E.01963
G1 X62.585 Y48.56 E.25518
G1 X62.731 Y48.982 E.01801
M204 S10000
G1 E-.8 F1800
G1 X62.403 Y51.613 Z9.2 F7200
G1 Z8.8
G1 E.8 F1800
M204 S1500
;TYPE:Inner wall
;WIDTH:0.449999
G1 F1473.915
G1 X62.756 Y52.17 E.02229
G1 X63.149 Y52.696 E.02222
G1 X61.135 Y54.485 E.09117
G1 X60.577 Y53.753 E.03116
G1 X60.139 Y53.098 E.02666
G1 X59.845 Y52.602 E.01952
G1 X62.366 Y51.628 E.09148
M204 S500
G1 X62.578 Y51.087 F7200
;TYPE:Outer wall
G1 F1473.915
G1 X63.099 Y51.914 E.03309
G1 X63.745 Y52.739 E.03547
G1 X61.091 Y55.098 E.12017
G1 X60.705 Y54.637 E.02034
G1 X60.124 Y53.847 E.03318
G1 X59.764 Y53.306 E.02202
G1 X59.246 Y52.374 E.03608
G1 X62.54 Y51.101 E.11955
M204 S10000
G1 E-.8 F1800
G1 X60.44 Y52.808 Z9.2 F7200
G1 Z8.8
G1 E.8 F1800
M204 S500
;TYPE:Internal solid infill
G1 F1473.915
G1 X60.819 Y53.383 E.02328
G1 X61.19 Y53.892 E.02132
G1 X62.604 Y52.635 E.06402
G1 X62.244 Y52.112 E.02151
G1 X60.478 Y52.794 E.06408
M204 S10000
G1 X61.215 Y52.914 F7200
M204 S500
;WIDTH:0.390884
G1 F1724.316
G1 X61.012 Y52.992 E.00629
G1 X61.246 Y53.337 E.01205
G1 X62.101 Y52.574 E.03316
G1 X61.252 Y52.899 E.0263
M204 S10000
G1 E-.8 F1800
G1 X58.504 Y51.393 Z9.2 F7200
G1 Z8.8
G1 E.8 F1800
M204 S1500
;TYPE:Inner wall
;WIDTH:0.449999
G1 F1473.915
G1 X50.916 Y54.024 E.27185
G1 X50.196 Y51.953 E.07423
G1 X57.786 Y49.321 E.27192
G1 X58.491 Y51.355 E.07287
M204 S500
G1 X59.049 Y51.658 F7200
;TYPE:Outer wall
G1 F1473.915
G1 X50.652 Y54.569 E.30084
G1 X49.65 Y51.689 E.10324
M73 P27 R15
G1 X58.05 Y48.776 E.30094
G1 X59.036 Y51.62 E.10188
M204 S10000
G1 X57.986 Y51.142 F7200
M204 S500
;TYPE:Internal solid infill
G1 F1473.915
G1 X57.534 Y49.839 E.04667
G1 X50.714 Y52.204 E.24435
G1 X51.167 Y53.506 E.04667
G1 X57.948 Y51.155 E.24295
M204 S10000
G1 X57.418 Y50.866 F7200
M204 S500
;WIDTH:0.528763
G1 F1234.967
G1 X57.259 Y50.407 E.01963
G1 X51.283 Y52.48 E.25553
G1 X51.442 Y52.938 E.01963
G1 X57.38 Y50.879 E.2539
M204 S10000
G1 E-.8 F1800
G1 X60.699 Y46.738 Z9.2 F7200
G1 Z8.8
G1 E.8 F1800
M204 S1500
;TYPE:Inner wall
;WIDTH:0.449999
G1 F1473.915
G1 X58.09 Y47.542 E.09239
G1 X58.013 Y46.957 E.01996
G1 X57.952 Y46.162 E.02699
G1 X57.938 Y45.264 E.03039
G1 X60.599 Y45.421 E.09021
G1 X60.627 Y45.451 E.00138
G1 X60.646 Y46.109 E.02231
G1 X60.695 Y46.698 E.02
M204 S500
G1 X61.171 Y47.041 F7200
;TYPE:Outer wall
G1 F1473.915
G1 X57.761 Y48.092 E.12078
G1 X57.692 Y47.794 E.01035
G1 X57.588 Y47.015 E.02659
G1 X57.524 Y46.207 E.02745
G1 X57.505 Y45.396 E.02745
G1 X57.524 Y44.811 E.01983
G1 X61.068 Y45.02 E.12017
G1 X61.055 Y45.439 E.0142
G1 X61.073 Y46.078 E.02164
G1 X61.167 Y47.001 E.03141
M204 S10000
G1 E-.8 F1800
G1 X58.439 Y47.008 Z9.2 F7200
G1 Z8.8
G1 E.8 F1800
M204 S500
;TYPE:Internal solid infill
G1 F1473.915
G1 X60.265 Y46.446 E.06468
G1 X60.23 Y45.807 E.02164
G1 X58.348 Y45.696 E.0638
G1 X58.375 Y46.334 E.02162
G1 X58.436 Y46.969 E.02156
M204 S10000
G1 X58.771 Y46.511 F7200
M204 S500
;WIDTH:0.390461
G1 F1726.415
G1 X59.859 Y46.176 E.03289
G1 X58.735 Y46.097 E.03256
G1 X58.768 Y46.471 E.01086
; stop printing object magic-spinning-top.stl id:730144440329 copy 0
;LAYER_CHANGE
;Z:9
;HEIGHT:0.2
G92 E0
;_SET_FAN_SPEED_CHANGING_LAYER
; printing object magic-spinning-top.stl id:730144440329 copy 0
M204 S10000
G1 E-.8 F1800
G1 X62.376 Y50.05 Z9.4 F7200
G1 Z9
G1 E.8 F1800
M204 S1500
;TYPE:Inner wall
;WIDTH:0.449999
G1 F1473.915
G1 X61.658 Y47.979 E.07423
G1 X69.068 Y45.409 E.26549
G1 X69.789 Y47.48 E.07423
G1 X62.414 Y50.037 E.2642
M204 S500
G1 X62.112 Y50.596 F7200
;TYPE:Outer wall
G1 F1473.915
G1 X61.113 Y47.714 E.10324
G1 X69.333 Y44.864 E.29449
G1 X70.334 Y47.744 E.10324
G1 X62.15 Y50.583 E.29323
M204 S10000
G1 X62.628 Y49.532 F7200
M204 S500
;TYPE:Internal solid infill
G1 F1473.915
G1 X69.27 Y47.229 E.23799
G1 X68.817 Y45.927 E.04667
G1 X62.176 Y48.23 E.23794
G1 X62.614 Y49.495 E.04532
M204 S10000
G1 X62.903 Y48.964 F7200
M204 S500
;WIDTH:0.528762
G1 F1234.969
G1 X68.702 Y46.954 E.24794
G1 X68.542 Y46.495 E.01963
G1 X62.744 Y48.505 E.24793
G1 X62.89 Y48.927 E.01801
M204 S10000
G1 E-.8 F1800
G1 X62.403 Y51.613 Z9.4 F7200
G1 Z9
G1 E.8 F1800
M204 S1500
;TYPE:Inner wall
;WIDTH:0.449999
G1 F1473.915
G1 X62.754 Y52.167 E.02216
G1 X63.149 Y52.696 E.02235
G1 X61.135 Y54.485 E.09117
G1 X60.576 Y53.752 E.03118
G1 X60.138 Y53.097 E.02667
G1 X59.845 Y52.602 E.01949
G1 X62.366 Y51.628 E.09148
M204 S500
G1 X62.578 Y51.087 F7200
;TYPE:Outer wall
G1 F1473.915
G1 X63.097 Y51.911 E.03297
G1 X63.745 Y52.739 E.03559
G1 X61.091 Y55.098 E.12017
G1 X60.705 Y54.637 E.02035
G1 X60.124 Y53.847 E.03317
G1 X59.763 Y53.305 E.02205
G1 X59.246 Y52.374 E.03604
G1 X62.54 Y51.101 E.11955
M204 S10000
G1 E-.8 F1800
G1 X60.44 Y52.808 Z9.4 F7200
G1 Z9
G1 E.8 F1800
M204 S500
;TYPE:Internal solid infill
G1 F1473.915
G1 X60.819 Y53.383 E.02328
G1 X61.19 Y53.892 E.02132
G1 X62.604 Y52.635 E.06402
G1 X62.244 Y52.112 E.02151
G1 X60.478 Y52.794 E.06408
M204 S10000
G1 X61.215 Y52.914 F7200
M204 S500
;WIDTH:0.390885
G1 F1724.311
G1 X61.012 Y52.992 E.00629
G1 X61.246 Y53.337 E.01205
G1 X62.101 Y52.574 E.03316
G1 X61.252 Y52.899 E.0263
M204 S10000
G1 E-.8 F1800
G1 X58.341 Y51.45 Z9.4 F7200
G1 Z9
G1 E.8 F1800
M204 S1500
;TYPE:Inner wall
;WIDTH:0.449999
G1 F1473.915
G1 X50.927 Y54.021 E.26563
G1 X50.207 Y51.949 E.07423
G1 X57.623 Y49.378 E.26569
G1 X58.328 Y51.412 E.07287
M204 S500
G1 X58.886 Y51.714 F7200
;TYPE:Outer wall
G1 F1473.915
G1 X50.663 Y54.566 E.29463
G1 X49.661 Y51.685 E.10324
G1 X57.887 Y48.832 E.29471
G1 X58.873 Y51.676 E.10188
M204 S10000
G1 X57.823 Y51.198 F7200
M204 S500
;TYPE:Internal solid infill
G1 F1473.915
G1 X57.372 Y49.896 E.04667
G1 X50.725 Y52.2 E.23812
G1 X51.178 Y53.503 E.04667
G1 X57.785 Y51.211 E.23673
M204 S10000
G1 X57.255 Y50.923 F7200
M204 S500
;WIDTH:0.52876
G1 F1234.974
G1 X57.096 Y50.464 E.01963
G1 X51.293 Y52.476 E.2481
M73 P28 R15
G1 X51.453 Y52.935 E.01963
G1 X57.217 Y50.936 E.24647
M204 S10000
G1 E-.8 F1800
G1 X60.699 Y46.738 Z9.4 F7200
G1 Z9
G1 E.8 F1800
M204 S1500
;TYPE:Inner wall
;WIDTH:0.449999
G1 F1473.915
G1 X58.09 Y47.542 E.09239
G1 X58.013 Y46.958 E.01992
G1 X57.952 Y46.163 E.027
G1 X57.938 Y45.264 E.03042
G1 X60.597 Y45.421 E.09014
G1 X60.627 Y45.453 E.00148
G1 X60.646 Y46.118 E.02254
G1 X60.695 Y46.698 E.01971
M204 S500
G1 X61.171 Y47.041 F7200
;TYPE:Outer wall
G1 F1473.915
G1 X57.761 Y48.092 E.12078
G1 X57.692 Y47.794 E.01035
G1 X57.588 Y47.016 E.02655
G1 X57.524 Y46.207 E.02746
G1 X57.505 Y45.396 E.02746
G1 X57.524 Y44.811 E.01984
G1 X61.068 Y45.02 E.12017
G1 X61.055 Y45.441 E.01426
G1 X61.073 Y46.082 E.0217
G1 X61.167 Y47.001 E.03129
M204 S10000
G1 E-.8 F1800
G1 X58.439 Y47.008 Z9.4 F7200
G1 Z9
G1 E.8 F1800
M204 S500
;TYPE:Internal solid infill
G1 F1473.915
G1 X60.265 Y46.446 E.06468
G1 X60.23 Y45.807 E.02164
G1 X58.348 Y45.696 E.0638
G1 X58.375 Y46.334 E.02162
G1 X58.436 Y46.969 E.02156
M204 S10000
G1 X58.771 Y46.511 F7200
M204 S500
;WIDTH:0.390465
G1 F1726.395
G1 X59.864 Y46.175 E.03304
G1 X58.735 Y46.097 E.0327
G1 X58.768 Y46.471 E.01086
; stop printing object magic-spinning-top.stl id:730144440329 copy 0
;LAYER_CHANGE
;Z:9.2
;HEIGHT:0.2
G92 E0
;_SET_FAN_SPEED_CHANGING_LAYER
; printing object magic-spinning-top.stl id:730144440329 copy 0
M204 S10000
G1 E-.8 F1800
G1 X62.495 Y50.009 Z9.6 F7200
G1 Z9.2
G1 E.8 F1800
M204 S1500
;TYPE:Inner wall
;WIDTH:0.449999
G1 F1473.915
G1 X61.777 Y47.937 E.07423
G1 X69.018 Y45.426 E.25944
G1 X69.738 Y47.498 E.07423
G1 X62.533 Y49.996 E.25812
M204 S500
G1 X62.231 Y50.554 F7200
;TYPE:Outer wall
G1 F1473.915
G1 X61.231 Y47.673 E.10324
G1 X69.283 Y44.881 E.28845
G1 X70.283 Y47.762 E.10324
G1 X62.268 Y50.541 E.28714
M204 S10000
G1 X62.746 Y49.491 F7200
M204 S500
;TYPE:Internal solid infill
G1 F1473.915
G1 X69.22 Y47.247 E.23191
G1 X68.767 Y45.944 E.04667
G1 X62.295 Y48.189 E.23189
G1 X62.733 Y49.453 E.04532
M204 S10000
G1 X63.022 Y48.923 F7200
M204 S500
;WIDTH:0.528762
G1 F1234.971
G1 X68.651 Y46.971 E.2407
G1 X68.492 Y46.512 E.01963
G1 X62.863 Y48.464 E.24069
G1 X63.009 Y48.885 E.01801
M204 S10000
G1 E-.8 F1800
G1 X62.403 Y51.614 Z9.6 F7200
G1 Z9.2
G1 E.8 F1800
M204 S1500
;TYPE:Inner wall
;WIDTH:0.449999
G1 F1473.915
G1 X62.752 Y52.163 E.02204
G1 X63.149 Y52.696 E.02247
G1 X61.135 Y54.485 E.09117
G1 X60.576 Y53.752 E.03121
G1 X60.138 Y53.096 E.02668
G1 X59.845 Y52.602 E.01946
G1 X62.366 Y51.628 E.09148
M204 S500
G1 X62.578 Y51.087 F7200
;TYPE:Outer wall
G1 F1473.915
G1 X63.095 Y51.908 E.03285
G1 X63.745 Y52.739 E.03572
G1 X61.091 Y55.098 E.12017
G1 X60.704 Y54.636 E.02037
G1 X60.124 Y53.847 E.03317
G1 X59.763 Y53.304 E.02208
G1 X59.246 Y52.374 E.03601
G1 X62.54 Y51.101 E.11955
M204 S10000
G1 E-.8 F1800
G1 X60.44 Y52.808 Z9.6 F7200
G1 Z9.2
G1 E.8 F1800
M204 S500
;TYPE:Internal solid infill
G1 F1473.915
G1 X60.819 Y53.383 E.02328
G1 X61.19 Y53.892 E.02132
G1 X62.604 Y52.635 E.06402
G1 X62.244 Y52.112 E.02151
G1 X60.478 Y52.794 E.06408
M204 S10000
G1 X61.215 Y52.914 F7200
M204 S500
;WIDTH:0.390887
G1 F1724.301
G1 X61.012 Y52.992 E.00629
G1 X61.246 Y53.337 E.01205
G1 X62.101 Y52.574 E.03315
G1 X61.252 Y52.899 E.0263
M204 S10000
G1 E-.8 F1800
G1 X58.217 Y51.493 Z9.6 F7200
G1 Z9.2
G1 E.8 F1800
M204 S1500
;TYPE:Inner wall
;WIDTH:0.449999
G1 F1473.915
G1 X50.977 Y54.003 E.25938
G1 X50.257 Y51.932 E.07423
G1 X57.498 Y49.421 E.2594
G1 X58.204 Y51.455 E.07287
M204 S500
G1 X58.762 Y51.757 F7200
;TYPE:Outer wall
G1 F1473.915
G1 X50.712 Y54.548 E.28838
G1 X49.712 Y51.667 E.10324
G1 X57.763 Y48.876 E.28842
G1 X58.749 Y51.719 E.10188
M204 S10000
G1 X57.699 Y51.242 F7200
M204 S500
;TYPE:Internal solid infill
G1 F1473.915
G1 X57.247 Y49.939 E.04667
G1 X50.776 Y52.183 E.23184
G1 X51.228 Y53.485 E.04667
G1 X57.661 Y51.255 E.23047
M204 S10000
G1 X57.131 Y50.966 F7200
M204 S500
;WIDTH:0.528763
G1 F1234.967
G1 X56.971 Y50.507 E.01963
G1 X51.344 Y52.458 E.24062
G1 X51.503 Y52.917 E.01963
G1 X57.093 Y50.979 E.239
M204 S10000
G1 E-.8 F1800
G1 X60.699 Y46.738 Z9.6 F7200
G1 Z9.2
G1 E.8 F1800
M204 S1500
;TYPE:Inner wall
;WIDTH:0.449999
G1 F1473.915
G1 X58.09 Y47.542 E.0924
G1 X58.013 Y46.959 E.01989
G1 X57.952 Y46.163 E.02702
G1 X57.938 Y45.264 E.03044
G1 X60.595 Y45.421 E.09007
G1 X60.627 Y45.454 E.00158
G1 X60.646 Y46.122 E.0226
G1 X60.696 Y46.698 E.01958
M204 S500
G1 X61.171 Y47.041 F7200
;TYPE:Outer wall
G1 F1473.915
G1 X57.761 Y48.092 E.12077
G1 X57.692 Y47.794 E.01035
G1 X57.588 Y47.017 E.02652
G1 X57.524 Y46.208 E.02747
G1 X57.505 Y45.397 E.02747
G1 X57.524 Y44.811 E.01985
G1 X61.068 Y45.02 E.12017
G1 X61.055 Y45.443 E.01432
M73 P29 R15
G1 X61.073 Y46.085 E.02176
G1 X61.167 Y47.001 E.03116
M204 S10000
G1 E-.8 F1800
G1 X58.439 Y47.008 Z9.6 F7200
G1 Z9.2
G1 E.8 F1800
M204 S500
;TYPE:Internal solid infill
G1 F1473.915
G1 X60.266 Y46.446 E.06468
G1 X60.23 Y45.807 E.02164
G1 X58.348 Y45.696 E.0638
G1 X58.375 Y46.334 E.02162
G1 X58.436 Y46.969 E.02156
M204 S10000
G1 X58.771 Y46.511 F7200
M204 S500
;WIDTH:0.390467
G1 F1726.385
G1 X59.864 Y46.175 E.03304
G1 X58.735 Y46.097 E.03269
G1 X58.768 Y46.471 E.01086
; stop printing object magic-spinning-top.stl id:730144440329 copy 0
M106 S240
;LAYER_CHANGE
;Z:9.4
;HEIGHT:0.2
G92 E0
;_SET_FAN_SPEED_CHANGING_LAYER
; printing object magic-spinning-top.stl id:730144440329 copy 0
M204 S10000
G1 E-.8 F1800
G1 X62.586 Y49.978 Z9.8 F7200
G1 Z9.4
G1 E.8 F1800
M204 S1500
;TYPE:Inner wall
;WIDTH:0.449999
G1 F1473.915
G1 X61.868 Y47.906 E.07423
G1 X68.928 Y45.457 E.25294
G1 X69.646 Y47.53 E.07423
G1 X62.624 Y49.964 E.25157
M204 S500
G1 X62.322 Y50.523 F7200
;TYPE:Outer wall
G1 F1473.915
G1 X61.322 Y47.641 E.10324
G1 X69.193 Y44.912 E.28196
G1 X70.191 Y47.794 E.10324
G1 X62.36 Y50.51 E.28057
M204 S10000
G1 X62.837 Y49.46 F7200
M204 S500
;TYPE:Internal solid infill
G1 F1473.915
G1 X69.128 Y47.278 E.22537
G1 X68.677 Y45.976 E.04667
G1 X62.386 Y48.157 E.22538
G1 X62.824 Y49.422 E.04532
M204 S10000
G1 X63.113 Y48.892 F7200
M204 S500
;WIDTH:0.52876
G1 F1234.974
G1 X68.56 Y47.003 E.2329
G1 X68.401 Y46.544 E.01963
G1 X62.954 Y48.433 E.23291
G1 X63.1 Y48.854 E.01801
M204 S10000
G1 E-.8 F1800
G1 X60.699 Y46.738 Z9.8 F7200
G1 Z9.4
G1 E.8 F1800
M204 S1500
;TYPE:Inner wall
;WIDTH:0.449999
G1 F1473.915
G1 X58.09 Y47.542 E.09241
G1 X58.013 Y46.96 E.01985
G1 X57.952 Y46.164 E.02703
G1 X57.938 Y45.264 E.03046
G1 X60.593 Y45.421 E.09
G1 X60.627 Y45.456 E.00167
G1 X60.647 Y46.126 E.02266
G1 X60.696 Y46.698 E.01945
M204 S500
G1 X61.171 Y47.041 F7200
;TYPE:Outer wall
G1 F1473.915
G1 X57.761 Y48.092 E.12077
G1 X57.692 Y47.794 E.01035
G1 X57.588 Y47.018 E.02648
G1 X57.524 Y46.209 E.02749
G1 X57.505 Y45.397 E.02748
G1 X57.524 Y44.811 E.01986
G1 X61.068 Y45.02 E.12017
G1 X61.055 Y45.444 E.01439
G1 X61.074 Y46.089 E.02183
G1 X61.167 Y47.001 E.03104
M204 S10000
G1 E-.8 F1800
G1 X58.439 Y47.008 Z9.8 F7200
G1 Z9.4
G1 E.8 F1800
M204 S500
;TYPE:Internal solid infill
G1 F1473.915
G1 X60.266 Y46.446 E.06469
G1 X60.23 Y45.807 E.02164
G1 X58.348 Y45.696 E.0638
G1 X58.375 Y46.334 E.02162
G1 X58.435 Y46.969 E.02156
M204 S10000
G1 X58.771 Y46.511 F7200
M204 S500
;WIDTH:0.390472
G1 F1726.36
G1 X59.864 Y46.175 E.03304
G1 X58.735 Y46.097 E.03269
G1 X58.768 Y46.471 E.01086
M204 S10000
G1 E-.8 F1800
G1 X62.403 Y51.614 Z9.8 F7200
G1 Z9.4
G1 E.8 F1800
M204 S1500
;TYPE:Inner wall
;WIDTH:0.449999
G1 F1473.915
G1 X62.749 Y52.16 E.02191
G1 X63.149 Y52.696 E.0226
G1 X61.135 Y54.485 E.09117
G1 X60.576 Y53.751 E.03123
G1 X60.137 Y53.096 E.02669
G1 X59.845 Y52.602 E.01942
G1 X62.366 Y51.628 E.09147
M204 S500
G1 X62.578 Y51.087 F7200
;TYPE:Outer wall
G1 F1473.915
G1 X63.093 Y51.905 E.03273
G1 X63.745 Y52.739 E.03584
G1 X61.091 Y55.098 E.12017
G1 X60.704 Y54.636 E.02038
G1 X60.124 Y53.847 E.03316
G1 X59.762 Y53.303 E.02211
G1 X59.246 Y52.374 E.03598
G1 X62.54 Y51.101 E.11955
M204 S10000
G1 E-.8 F1800
G1 X60.44 Y52.808 Z9.8 F7200
G1 Z9.4
G1 E.8 F1800
M204 S500
;TYPE:Internal solid infill
G1 F1473.915
G1 X60.819 Y53.383 E.02328
G1 X61.19 Y53.892 E.02132
G1 X62.604 Y52.635 E.06402
G1 X62.243 Y52.112 E.02151
G1 X60.478 Y52.794 E.06408
M204 S10000
G1 X61.215 Y52.914 F7200
M204 S500
;WIDTH:0.390888
G1 F1724.296
G1 X61.012 Y52.992 E.00629
G1 X61.246 Y53.337 E.01205
G1 X62.101 Y52.574 E.03315
G1 X61.252 Y52.899 E.02629
M204 S10000
G1 E-.8 F1800
G1 X58.123 Y51.525 Z9.8 F7200
G1 Z9.4
G1 E.8 F1800
M204 S1500
;TYPE:Inner wall
;WIDTH:0.449999
G1 F1473.915
G1 X51.067 Y53.972 E.25279
G1 X50.349 Y51.9 E.07423
G1 X57.405 Y49.453 E.25276
G1 X58.11 Y51.487 E.07287
M204 S500
G1 X58.668 Y51.79 F7200
;TYPE:Outer wall
G1 F1473.915
G1 X50.803 Y54.517 E.2818
G1 X49.804 Y51.635 E.10324
G1 X57.669 Y48.908 E.28177
G1 X58.655 Y51.752 E.10188
M204 S10000
G1 X57.605 Y51.274 F7200
M204 S500
;TYPE:Internal solid infill
G1 F1473.915
G1 X57.153 Y49.971 E.04667
G1 X50.867 Y52.151 E.22521
G1 X51.318 Y53.454 E.04667
G1 X57.567 Y51.287 E.22387
M204 S10000
G1 X57.037 Y50.998 F7200
M204 S500
;WIDTH:0.528763
G1 F1234.967
G1 X56.878 Y50.539 E.01963
G1 X51.435 Y52.427 E.23272
G1 X51.594 Y52.886 E.01963
G1 X56.999 Y51.012 E.23111
; stop printing object magic-spinning-top.stl id:730144440329 copy 0
M106 S237
;LAYER_CHANGE
;Z:9.6
;HEIGHT:0.200001
G92 E0
;_SET_FAN_SPEED_CHANGING_LAYER
; printing object magic-spinning-top.stl id:730144440329 copy 0
M204 S10000
G1 E-.8 F1800
G1 X62.655 Y49.954 Z10 F7200
G1 Z9.6
G1 E.8 F1800
M204 S1500
;TYPE:Inner wall
;WIDTH:0.449999
G1 F1473.915
G1 X61.937 Y47.882 E.07423
G1 X68.792 Y45.505 E.24559
G1 X69.51 Y47.577 E.07423
G1 X62.693 Y49.94 E.2442
M204 S500
G1 X62.391 Y50.499 F7200
M73 P30 R15
;TYPE:Outer wall
G1 F1473.915
G1 X61.392 Y47.617 E.10324
G1 X69.057 Y44.959 E.27461
G1 X70.055 Y47.841 E.10324
G1 X62.429 Y50.486 E.2732
M204 S10000
G1 X62.907 Y49.436 F7200
M204 S500
;TYPE:Internal solid infill
G1 F1473.915
G1 X68.992 Y47.326 E.218
G1 X68.541 Y46.023 E.04667
G1 X62.455 Y48.133 E.21803
G1 X62.894 Y49.398 E.04532
M204 S10000
G1 X63.182 Y48.868 F7200
M204 S500
;WIDTH:0.528761
G1 F1234.972
G1 X68.424 Y47.05 E.22412
G1 X68.265 Y46.591 E.01963
G1 X63.023 Y48.408 E.22413
G1 X63.169 Y48.83 E.01801
M204 S10000
G1 E-.8 F1800
G1 X62.403 Y51.613 Z10 F7200
G1 Z9.6
G1 E.8 F1800
M204 S1500
;TYPE:Inner wall
;WIDTH:0.449999
G1 F1473.915
G1 X62.747 Y52.157 E.02178
G1 X63.149 Y52.696 E.02273
G1 X61.135 Y54.485 E.09117
G1 X60.575 Y53.751 E.03125
G1 X60.137 Y53.095 E.02671
G1 X59.845 Y52.602 E.01939
G1 X60.671 Y52.254 E.03035
G1 X60.801 Y52.113 E.00649
G1 X60.866 Y51.728 E.01322
G1 X61.173 Y51.969 E.01322
G1 X61.331 Y51.987 E.0054
G1 X61.541 Y51.946 E.00724
G1 X62.366 Y51.628 E.02992
M204 S10000
G1 E-.8 F1800
G1 X60.015 Y46.957 Z10 F7200
G1 Z9.6
G1 E.8 F1800
M204 S1500
G1 F1473.915
G1 X59.638 Y47.104 E.0137
G1 X59.525 Y47.217 E.0054
G1 X59.433 Y47.596 E.01322
G1 X59.144 Y47.334 E.01322
G1 X58.987 Y47.305 E.0054
G1 X58.775 Y47.331 E.00724
G1 X58.09 Y47.542 E.02426
G1 X58.001 Y46.805 E.02512
G1 X57.952 Y46.165 E.02174
G1 X57.938 Y45.264 E.03048
G1 X60.591 Y45.421 E.08993
G1 X60.627 Y45.458 E.00177
G1 X60.647 Y46.13 E.02273
G1 X60.699 Y46.738 E.02067
G1 X60.116 Y46.918 E.02067
G1 X60.052 Y46.943 E.00231
M204 S500
G1 X59.898 Y47.445 F7200
;TYPE:Outer wall
;WIDTH:0.49917
G1 F1315.07
G1 X59.851 Y47.509 E.00301
;WIDTH:0.548341
G1 F1187.131
G1 X59.804 Y47.573 E.00334
;WIDTH:0.597511
G1 F1081.878
G1 X59.757 Y47.637 E.00366
;WIDTH:0.598728
G1 F1079.509
G1 X59.811 Y47.905 E.01263
M204 S250
;TYPE:Overhang wall
M106 S255
G1 X59.873 Y48.204 E.01412
;WIDTH:0.583502
G1 F1109.915
G1 X60.051 Y48.921 E.03324
G1 X60.274 Y49.627 E.03323
G1 X60.537 Y50.318 E.03323
;WIDTH:0.583285
G1 F1110.361
G1 X60.841 Y50.992 E.03325
;WIDTH:0.579258
G1 F1118.698
G1 X60.972 Y51.251 E.01295
M204 S500
;TYPE:Outer wall
;WIDTH:0.594538
G1 F1087.709
M106 S237
G1 X61.082 Y51.469 E.01117
G1 X61.147 Y51.497 E.00325
;WIDTH:0.546359
G1 F1191.804
G1 X61.212 Y51.525 E.00296
;WIDTH:0.498179
G1 F1317.932
G1 X61.277 Y51.554 E.00268
;WIDTH:0.449999
G1 F1473.915
G1 X61.387 Y51.547 E.00373
G1 X62.578 Y51.086 E.04323
G1 X63.091 Y51.902 E.0326
G1 X63.745 Y52.739 E.03596
G1 X61.091 Y55.098 E.12017
G1 X60.704 Y54.636 E.02039
G1 X60.105 Y53.818 E.03432
G1 X59.762 Y53.302 E.02096
G1 X59.246 Y52.374 E.03594
G1 X60.406 Y51.917 E.0422
;WIDTH:0.498179
G1 F1317.932
G1 X60.449 Y51.844 E.00323
;WIDTH:0.546359
G1 F1191.804
G1 X60.492 Y51.77 E.00357
;WIDTH:0.594538
G1 F1087.709
G1 X60.536 Y51.697 E.00391
G1 X60.424 Y51.463 E.01188
M204 S250
;TYPE:Overhang wall
;WIDTH:0.578952
G1 F1119.336
M106 S255
G1 X60.308 Y51.218 E.01208
;WIDTH:0.583502
G1 F1109.915
G1 X59.985 Y50.511 E.03492
G1 X59.712 Y49.788 E.03476
G1 X59.481 Y49.046 E.03492
;WIDTH:0.583285
G1 F1110.361
G1 X59.303 Y48.31 E.03405
;WIDTH:0.600211
G1 F1076.637
G1 X59.25 Y48.078 E.01104
M204 S500
;TYPE:Outer wall
M106 S237
G1 X59.189 Y47.812 E.01263
;WIDTH:0.597511
G1 F1081.878
G1 X59.13 Y47.788 E.00294
;WIDTH:0.548341
G1 F1187.131
G1 X59.071 Y47.765 E.00268
;WIDTH:0.49917
G1 F1315.07
G1 X59.011 Y47.741 E.00242
;WIDTH:0.449999
G1 F1473.915
G1 X58.901 Y47.74 E.00373
G1 X57.761 Y48.092 E.04039
G1 X57.692 Y47.794 E.01036
G1 X57.588 Y47.019 E.02645
G1 X57.524 Y46.209 E.0275
G1 X57.505 Y45.397 E.02749
G1 X57.524 Y44.811 E.01987
G1 X61.068 Y45.02 E.12017
G1 X61.055 Y45.446 E.01445
G1 X61.074 Y46.093 E.02189
G1 X61.171 Y47.041 E.03227
G1 X59.936 Y47.433 E.04386
M204 S10000
G1 X59.23 Y46.938 F7200
M204 S500
;TYPE:Internal solid infill
G1 F1473.915
G1 X59.422 Y46.761 E.00882
G1 X59.708 Y46.617 E.01086
G1 X60.266 Y46.446 E.01974
G1 X60.23 Y45.807 E.02164
G1 X58.348 Y45.696 E.0638
G1 X58.379 Y46.37 E.02282
G1 X58.44 Y47.021 E.02213
G1 X58.956 Y46.897 E.01793
G1 X59.191 Y46.932 E.00805
M204 S10000
G1 X59.127 Y46.489 F7200
M204 S500
;WIDTH:0.42095
G1 F1587.176
G1 X59.593 Y46.242 E.01657
G1 X59.809 Y46.176 E.0071
G1 X58.751 Y46.113 E.03331
G1 X58.808 Y46.522 E.01298
G1 X59.088 Y46.493 E.00883
M204 S10000
G1 E-.8 F1800
G1 X61.114 Y52.37 Z10 F7200
G1 Z9.6
G1 E.8 F1800
M204 S500
;WIDTH:0.449999
G1 F1473.915
G1 X60.88 Y52.599 E.01108
G1 X60.434 Y52.798 E.01651
G1 X60.799 Y53.354 E.0225
G1 X61.19 Y53.892 E.0225
G1 X62.604 Y52.635 E.06402
G1 X62.244 Y52.112 E.02151
G1 X61.688 Y52.326 E.02016
G1 X61.312 Y52.393 E.01294
G1 X61.154 Y52.375 E.00538
M204 S10000
G1 X61.235 Y52.818 F7200
M204 S500
;WIDTH:0.421021
G1 F1586.88
G1 X61.03 Y52.992 E.00845
G1 X61.248 Y53.315 E.01225
G1 X62.04 Y52.611 E.03332
G1 X61.729 Y52.721 E.01039
G1 X61.274 Y52.81 E.01456
M204 S10000
G1 E-.8 F1800
G1 X58.062 Y51.546 Z10 F7200
G1 Z9.6
G1 E.8 F1800
M204 S1500
;TYPE:Inner wall
;WIDTH:0.449999
G1 F1473.915
G1 X51.204 Y53.925 E.24572
G1 X50.486 Y51.852 E.07423
G1 X57.344 Y49.474 E.2457
G1 X58.049 Y51.508 E.07287
M204 S500
G1 X58.608 Y51.811 F7200
;TYPE:Outer wall
G1 F1473.915
G1 X50.939 Y54.47 E.27473
G1 X49.941 Y51.588 E.10324
G1 X57.608 Y48.929 E.2747
G1 X58.595 Y51.773 E.10188
M204 S10000
G1 X57.544 Y51.295 F7200
M204 S500
;TYPE:Internal solid infill
G1 F1473.915
G1 X57.093 Y49.992 E.04667
G1 X51.004 Y52.104 E.21814
G1 X51.455 Y53.407 E.04667
G1 X57.507 Y51.308 E.2168
M204 S10000
G1 X56.976 Y51.019 F7200
M204 S500
;WIDTH:0.528763
G1 F1234.968
G1 X56.817 Y50.56 E.01963
G1 X51.572 Y52.379 E.22428
G1 X51.731 Y52.838 E.01963
G1 X56.938 Y51.033 E.22267
; stop printing object magic-spinning-top.stl id:730144440329 copy 0
;LAYER_CHANGE
;Z:9.8
;HEIGHT:0.2
G92 E0
;_SET_FAN_SPEED_CHANGING_LAYER
; printing object magic-spinning-top.stl id:730144440329 copy 0
M204 S10000
G1 E-.8 F1800
G1 X62.694 Y49.94 Z10.2 F7200
G1 Z9.8
G1 E.8 F1800
M204 S1500
;TYPE:Inner wall
;WIDTH:0.449999
G1 F1473.915
G1 X61.976 Y47.868 E.07423
G1 X68.701 Y45.536 E.24091
G1 X69.419 Y47.608 E.07423
G1 X62.732 Y49.927 E.23956
M204 S500
G1 X62.43 Y50.485 F7200
;TYPE:Outer wall
G1 F1473.915
G1 X61.431 Y47.604 E.10324
G1 X68.964 Y44.993 E.26988
G1 X69.962 Y47.872 E.10313
G1 X62.468 Y50.472 E.26851
M204 S10000
G1 X62.946 Y49.422 F7200
M204 S500
;TYPE:Internal solid infill
G1 F1473.915
G1 X68.901 Y47.357 E.21335
G1 X68.449 Y46.054 E.04667
G1 X62.494 Y48.119 E.21335
G1 X62.933 Y49.384 E.04532
M73 P31 R15
M204 S10000
G1 X63.221 Y48.854 F7200
M204 S500
;WIDTH:0.528762
G1 F1234.971
G1 X68.333 Y47.082 E.21856
G1 X68.174 Y46.622 E.01963
G1 X63.062 Y48.395 E.21856
G1 X63.208 Y48.816 E.01801
M204 S10000
G1 E-.8 F1800
G1 X59.855 Y47.077 Z10.2 F7200
G1 Z9.8
G1 E.8 F1800
M204 S1500
;TYPE:Inner wall
;WIDTH:0.449999
G1 F1473.915
G1 X59.831 Y47.092 E.00096
G1 X59.728 Y47.245 E.00625
;WIDTH:0.472813
G1 F1395.696
G1 X59.668 Y47.624 E.01373
G1 X59.797 Y48.232 E.0222
;WIDTH:0.454831
G1 F1456.625
G1 X59.978 Y48.953 E.02548
G1 X60.202 Y49.663 E.02548
G1 X60.468 Y50.358 E.02548
;WIDTH:0.454646
G1 F1457.28
G1 X60.773 Y51.035 E.02542
;WIDTH:0.469277
G1 F1407.271
G1 X61.018 Y51.527 E.01952
G1 X61.315 Y51.822 E.01481
;WIDTH:0.449999
G1 F1473.915
G1 X61.49 Y51.878 E.00625
G1 X61.802 Y51.846 E.01059
G1 X62.403 Y51.614 E.02182
G1 X62.745 Y52.154 E.02166
G1 X63.146 Y52.695 E.0228
G1 X61.135 Y54.485 E.09111
G1 X60.575 Y53.75 E.03128
G1 X60.136 Y53.094 E.02672
G1 X59.845 Y52.602 E.01935
G1 X60.254 Y52.444 E.01483
G1 X60.499 Y52.27 E.01017
G1 X60.602 Y52.097 E.00683
;WIDTH:0.469277
G1 F1407.271
G1 X60.626 Y51.689 E.01449
G1 X60.385 Y51.172 E.02021
;WIDTH:0.454833
G1 F1456.618
G1 X60.069 Y50.471 E.02635
G1 X59.798 Y49.752 E.0263
G1 X59.569 Y49.018 E.02635
;WIDTH:0.454645
G1 F1457.283
G1 X59.389 Y48.286 E.02581
;WIDTH:0.472813
G1 F1395.696
G1 X59.26 Y47.75 E.0197
G1 X58.998 Y47.47 E.01373
;WIDTH:0.449999
G1 F1473.915
G1 X58.826 Y47.401 E.00625
G1 X58.578 Y47.396 E.00839
G1 X58.09 Y47.542 E.01724
G1 X58.014 Y46.962 E.01979
G1 X57.952 Y46.165 E.02705
G1 X57.938 Y45.264 E.0305
G1 X60.589 Y45.421 E.08986
G1 X60.627 Y45.46 E.00187
G1 X60.647 Y46.133 E.02279
G1 X60.7 Y46.738 E.02054
G1 X60.12 Y46.917 E.02054
G1 X59.889 Y47.056 E.00912
M204 S500
G1 X60.146 Y47.383 F7200
;TYPE:Outer wall
G1 F1473.915
G1 X60.1 Y47.541 E.00556
G1 X60.214 Y48.127 E.0202
G1 X60.389 Y48.824 E.02433
G1 X60.605 Y49.51 E.02433
G1 X60.861 Y50.182 E.02433
G1 X61.36 Y51.234 E.03944
G1 X61.505 Y51.438 E.00846
G1 X61.65 Y51.445 E.00492
G1 X62.578 Y51.086 E.03367
G1 X63.089 Y51.899 E.03248
G1 X63.745 Y52.739 E.03608
G1 X61.091 Y55.097 E.12017
G1 X60.704 Y54.636 E.0204
G1 X60.069 Y53.765 E.03646
G1 X59.7 Y53.197 E.02293
M73 P31 R14
G1 X59.246 Y52.374 E.03182
G1 X60.099 Y52.044 E.03097
G1 X60.203 Y51.941 E.00496
G1 X60.199 Y51.799 E.00481
G1 X59.681 Y50.663 E.04227
G1 X59.399 Y49.922 E.02682
G1 X59.162 Y49.166 E.02681
G1 X58.866 Y47.953 E.04227
G1 X58.781 Y47.839 E.00481
G1 X58.635 Y47.822 E.00496
G1 X57.761 Y48.092 E.03097
G1 X57.692 Y47.794 E.01036
G1 X57.588 Y47.02 E.02641
G1 X57.525 Y46.21 E.02751
G1 X57.505 Y45.398 E.0275
G1 X57.524 Y44.811 E.01989
G1 X61.068 Y45.02 E.12017
G1 X61.055 Y45.448 E.01451
G1 X61.074 Y46.096 E.02195
G1 X61.171 Y47.041 E.03215
G1 X60.183 Y47.37 E.03523
M204 S10000
G1 X59.324 Y47.233 F7200
M204 S500
;TYPE:Internal solid infill
G1 F1473.915
G1 X59.375 Y47.043 E.00665
G1 X59.572 Y46.782 E.01109
G1 X59.982 Y46.533 E.01622
G1 X60.266 Y46.446 E.01004
G1 X60.23 Y45.807 E.02164
G1 X58.348 Y45.696 E.0638
G1 X58.385 Y46.435 E.02503
G1 X58.44 Y47.013 E.01966
G1 X58.918 Y47.005 E.01618
G1 X59.247 Y47.153 E.01223
G1 X59.297 Y47.204 E.00241
M204 S10000
G1 X59.163 Y46.603 F7200
M204 S500
;WIDTH:0.479203
G1 F1375.254
G1 X59.346 Y46.425 E.00926
G1 X59.698 Y46.2 E.01513
G1 X58.78 Y46.143 E.03337
G1 X58.821 Y46.578 E.01583
G1 X59.123 Y46.6 E.011
M204 S10000
G1 E-.8 F1800
G1 X61.004 Y52.078 Z10.2 F7200
G1 Z9.8
G1 E.8 F1800
M204 S500
;WIDTH:0.449999
G1 F1473.915
G1 X60.968 Y52.273 E.00671
G1 X60.798 Y52.541 E.01074
G1 X60.438 Y52.804 E.01509
G1 X60.764 Y53.3 E.02009
G1 X61.19 Y53.892 E.02467
G1 X62.604 Y52.635 E.06402
G1 X62.243 Y52.112 E.02152
G1 X61.894 Y52.239 E.01257
G1 X61.397 Y52.273 E.01688
G1 X61.086 Y52.154 E.01126
G1 X61.034 Y52.105 E.00242
M204 S10000
G1 X61.23 Y52.663 F7200
M204 S500
;WIDTH:0.47886
G1 F1376.337
G1 X61.01 Y52.911 E.01205
G1 X61.252 Y53.27 E.01569
G1 X61.938 Y52.66 E.03325
G1 X61.361 Y52.697 E.02095
G1 X61.269 Y52.673 E.00345
M204 S10000
G1 E-.8 F1800
G1 X58.02 Y51.561 Z10.2 F7200
G1 Z9.8
G1 E.8 F1800
M204 S1500
;TYPE:Inner wall
;WIDTH:0.449999
G1 F1473.915
G1 X51.295 Y53.893 E.24093
G1 X50.576 Y51.821 E.07423
G1 X57.301 Y49.489 E.24093
G1 X58.007 Y51.523 E.07287
M204 S500
G1 X58.565 Y51.826 F7200
;TYPE:Outer wall
G1 F1473.915
G1 X51.03 Y54.438 E.26994
G1 X50.033 Y51.558 E.10318
G1 X57.566 Y48.944 E.26988
G1 X58.552 Y51.788 E.10188
M204 S10000
G1 X57.502 Y51.31 F7200
M204 S500
;TYPE:Internal solid infill
G1 F1473.915
G1 X57.05 Y50.007 E.04667
G1 X51.094 Y52.072 E.21337
G1 X51.546 Y53.375 E.04667
G1 X57.464 Y51.323 E.21201
M204 S10000
G1 X56.934 Y51.034 F7200
M204 S500
;WIDTH:0.528762
G1 F1234.971
G1 X56.774 Y50.575 E.01963
G1 X51.662 Y52.348 E.21858
G1 X51.822 Y52.807 E.01963
G1 X56.896 Y51.047 E.21696
; stop printing object magic-spinning-top.stl id:730144440329 copy 0
;LAYER_CHANGE
;Z:10
;HEIGHT:0.2
G92 E0
;_SET_FAN_SPEED_CHANGING_LAYER
; printing object magic-spinning-top.stl id:730144440329 copy 0
M204 S10000
G1 E-.8 F1800
G1 X62.714 Y49.933 Z10.4 F7200
G1 Z10
G1 E.8 F1800
M204 S1500
;TYPE:Inner wall
;WIDTH:0.449999
G1 F1473.915
G1 X61.995 Y47.861 E.07422
G1 X68.785 Y45.506 E.24325
G1 X69.503 Y47.577 E.07418
G1 X62.752 Y49.92 E.24189
M204 S500
G1 X62.449 Y50.479 F7200
;TYPE:Outer wall
G1 F1473.915
G1 X61.45 Y47.597 E.10324
G1 X69.049 Y44.961 E.27226
G1 X70.048 Y47.841 E.10319
G1 X62.487 Y50.465 E.2709
M204 S10000
G1 X62.965 Y49.415 F7200
M204 S500
;TYPE:Internal solid infill
G1 F1473.915
G1 X68.985 Y47.326 E.21569
G1 X68.534 Y46.024 E.04662
G1 X62.513 Y48.113 E.21569
G1 X62.952 Y49.377 E.04531
M204 S10000
G1 X63.241 Y48.847 F7200
M204 S500
;WIDTH:0.528355
G1 F1236.006
G1 X68.417 Y47.051 E.22118
G1 X68.258 Y46.592 E.01958
G1 X63.081 Y48.388 E.22118
G1 X63.227 Y48.809 E.01799
M204 S10000
G1 E-.8 F1800
G1 X59.836 Y47.375 Z10.4 F7200
G1 Z10
G1 E.8 F1800
M204 S1500
;TYPE:Inner wall
;WIDTH:0.595349
G1 F1086.114
G1 X59.799 Y47.462 E.00435
;WIDTH:0.643798
G1 F998.539
G1 X59.748 Y47.586 E.00673
G1 X59.879 Y48.216 E.03213
;WIDTH:0.623341
G1 F1033.732
G1 X60.059 Y48.933 E.03567
G1 X60.282 Y49.638 E.03567
G1 X60.545 Y50.328 E.03567
;WIDTH:0.623054
G1 F1034.244
G1 X60.851 Y51.003 E.03575
;WIDTH:0.620535
G1 F1038.754
G1 X61.132 Y51.534 E.02885
;WIDTH:0.613256
G1 F1052.011
G1 X61.247 Y51.601 E.00629
;WIDTH:0.572442
G1 F1133.098
G1 X61.361 Y51.669 E.00584
;WIDTH:0.531628
G1 F1227.728
G1 X61.475 Y51.736 E.00539
;WIDTH:0.490814
G1 F1339.605
G1 X61.59 Y51.803 E.00494
;WIDTH:0.449999
G1 F1473.915
G1 X61.91 Y51.801 E.01086
G1 X62.403 Y51.614 E.01784
G1 X62.743 Y52.151 E.02153
G1 X63.144 Y52.695 E.02286
G1 X61.135 Y54.485 E.09105
G1 X60.574 Y53.75 E.0313
G1 X60.136 Y53.093 E.02673
G1 X59.845 Y52.602 E.01932
G1 X60.254 Y52.415 E.01521
G1 X60.388 Y52.27 E.00671
G1 X60.465 Y52.099 E.00633
;WIDTH:0.497113
G1 F1321.025
G1 X60.486 Y52.005 E.00366
;WIDTH:0.544227
G1 F1196.873
G1 X60.507 Y51.91 E.00404
;WIDTH:0.591341
G1 F1094.052
G1 X60.528 Y51.816 E.00442
;WIDTH:0.638454
G1 F1007.499
G1 X60.549 Y51.721 E.0048
G1 X60.307 Y51.203 E.02829
;WIDTH:0.62334
G1 F1033.734
G1 X59.987 Y50.497 E.03743
G1 X59.715 Y49.773 E.0373
G1 X59.485 Y49.033 E.03743
M73 P32 R14
;WIDTH:0.623054
G1 F1034.244
G1 X59.305 Y48.296 E.03659
;WIDTH:0.643798
G1 F998.539
G1 X59.177 Y47.762 E.02742
G1 X59.064 Y47.689 E.00673
;WIDTH:0.595349
G1 F1086.114
G1 X58.951 Y47.615 E.00619
;WIDTH:0.546899
G1 F1190.527
G1 X58.838 Y47.541 E.00565
;WIDTH:0.498449
G1 F1317.151
G1 X58.725 Y47.468 E.0051
;WIDTH:0.449999
G1 F1473.915
G1 X58.527 Y47.435 E.00681
G1 X58.09 Y47.542 E.01521
G1 X58.014 Y46.962 E.01979
G1 X57.952 Y46.166 E.02703
G1 X57.938 Y45.264 E.03052
G1 X60.587 Y45.421 E.0898
G1 X60.627 Y45.462 E.00196
G1 X60.647 Y46.137 E.02286
G1 X60.7 Y46.738 E.02041
G1 X60.263 Y46.872 E.01547
G1 X59.955 Y47.089 E.01275
;WIDTH:0.498449
G1 F1317.151
G1 X59.903 Y47.213 E.0051
;WIDTH:0.546899
G1 F1190.527
G1 X59.851 Y47.338 E.00565
;WIDTH:0.595349
G1 F1086.114
M204 S500
G1 X60.264 Y47.49 F7200
;TYPE:Outer wall
;WIDTH:0.449999
G1 F1473.915
G1 X60.377 Y48.091 E.0207
G1 X60.55 Y48.778 E.02401
G1 X60.764 Y49.455 E.024
G1 X61.016 Y50.118 E.024
G1 X61.306 Y50.765 E.02402
G1 X61.649 Y51.367 E.02345
G1 X61.811 Y51.383 E.00552
G1 X62.578 Y51.087 E.02783
G1 X63.087 Y51.896 E.03236
G1 X63.745 Y52.739 E.03621
G1 X61.091 Y55.097 E.12017
G1 X60.703 Y54.635 E.02041
G1 X60.037 Y53.716 E.03843
G1 X59.614 Y53.053 E.02661
G1 X59.246 Y52.374 E.02615
G1 X59.943 Y52.105 E.02529
G1 X60.03 Y52.034 E.0038
G1 X60.043 Y51.859 E.00594
G1 X59.524 Y50.727 E.04214
G1 X59.239 Y49.978 E.02714
G1 X58.999 Y49.213 E.02714
G1 X58.706 Y48.003 E.04214
G1 X58.636 Y47.899 E.00424
G1 X58.475 Y47.872 E.00552
G1 X57.761 Y48.092 E.02529
G1 X57.692 Y47.794 E.01036
G1 X57.588 Y47.021 E.02638
G1 X57.525 Y46.211 E.02752
G1 X57.505 Y45.398 E.02752
G1 X57.524 Y44.811 E.0199
G1 X61.068 Y45.02 E.12017
G1 X61.055 Y45.45 E.01457
G1 X61.087 Y46.245 E.02695
G1 X61.171 Y47.041 E.02708
G1 X60.389 Y47.282 E.02768
G1 X60.297 Y47.346 E.0038
G1 X60.273 Y47.451 E.00362
M204 S10000
G1 X59.366 Y47.361 F7200
M204 S500
;TYPE:Internal solid infill
G1 F1473.915
G1 X59.611 Y46.874 E.01847
G1 X60.014 Y46.533 E.01788
G1 X60.266 Y46.449 E.00899
G1 X60.23 Y45.807 E.02174
G1 X58.348 Y45.696 E.0638
G1 X58.39 Y46.494 E.02705
G1 X58.442 Y47.039 E.01853
G1 X58.854 Y47.081 E.014
G1 X59.331 Y47.342 E.0184
M204 S10000
G1 X59.176 Y46.746 F7200
M204 S500
;WIDTH:0.528614
G1 F1235.346
G1 X59.383 Y46.461 E.01423
G1 X59.679 Y46.222 E.01536
G1 X58.808 Y46.171 E.03524
G1 X58.851 Y46.626 E.01846
G1 X59.138 Y46.732 E.01236
M204 S10000
G1 E-.8 F1800
G1 X60.94 Y51.931 Z10.4 F7200
G1 Z10
G1 E.8 F1800
M204 S500
;WIDTH:0.449999
G1 F1473.915
G1 X60.749 Y52.451 E.01876
G1 X60.477 Y52.754 E.0138
G1 X60.425 Y52.783 E.002
G1 X60.732 Y53.252 E.01898
G1 X61.19 Y53.892 E.02663
G1 X62.604 Y52.635 E.06402
G1 X62.242 Y52.109 E.02162
G1 X61.931 Y52.209 E.01105
G1 X61.457 Y52.187 E.01607
G1 X60.976 Y51.948 E.01817
M204 S10000
G1 X61.186 Y52.556 F7200
M204 S500
;WIDTH:0.528615
G1 F1235.343
G1 X61.004 Y52.856 E.01418
G1 X61.257 Y53.235 E.01838
G1 X61.91 Y52.655 E.03527
G1 X61.372 Y52.628 E.02176
G1 X61.223 Y52.571 E.00642
M204 S10000
G1 E-.8 F1800
G1 X57.995 Y51.57 Z10.4 F7200
G1 Z10
G1 E.8 F1800
M204 S1500
;TYPE:Inner wall
;WIDTH:0.449999
G1 F1473.915
G1 X51.211 Y53.921 E.24304
G1 X50.498 Y51.847 E.07422
G1 X57.277 Y49.498 E.24286
G1 X57.982 Y51.532 E.07287
M204 S500
G1 X58.54 Y51.834 F7200
;TYPE:Outer wall
G1 F1473.915
G1 X50.945 Y54.466 E.27209
G1 X49.967 Y51.623 E.10177
G1 X49.979 Y51.573 E.00173
G1 X57.541 Y48.952 E.2709
G1 X58.527 Y51.796 E.10188
M204 S10000
G1 X57.477 Y51.318 F7200
M204 S500
;TYPE:Internal solid infill
G1 F1473.915
G1 X57.025 Y50.016 E.04667
G1 X51.015 Y52.099 E.21533
G1 X51.463 Y53.403 E.04666
G1 X57.439 Y51.331 E.21409
M204 S10000
G1 X56.909 Y51.043 F7200
M204 S500
;WIDTH:0.528706
G1 F1235.112
G1 X56.75 Y50.584 E.01962
G1 X51.582 Y52.375 E.22094
G1 X51.74 Y52.834 E.01962
G1 X56.871 Y51.056 E.21938
; stop printing object magic-spinning-top.stl id:730144440329 copy 0
;LAYER_CHANGE
;Z:10.2
;HEIGHT:0.2
G92 E0
;_SET_FAN_SPEED_CHANGING_LAYER
; printing object magic-spinning-top.stl id:730144440329 copy 0
M204 S10000
G1 E-.8 F1800
G1 X62.718 Y49.931 Z10.6 F7200
G1 Z10.2
G1 E.8 F1800
M204 S1500
;TYPE:Inner wall
;WIDTH:0.449999
G1 F1473.915
G1 X62 Y47.86 E.07421
G1 X68.786 Y45.508 E.24309
G1 X69.501 Y47.573 E.07396
G1 X62.756 Y49.918 E.24173
M204 S500
G1 X62.454 Y50.477 F7200
;TYPE:Outer wall
G1 F1473.915
G1 X61.455 Y47.595 E.10323
G1 X69.05 Y44.963 E.2721
G1 X70.047 Y47.837 E.10295
G1 X62.492 Y50.464 E.27074
M204 S10000
G1 X62.969 Y49.413 F7200
M204 S500
;TYPE:Internal solid infill
G1 F1473.915
G1 X68.984 Y47.322 E.21553
G1 X68.534 Y46.026 E.04641
G1 X62.518 Y48.111 E.21553
G1 X62.956 Y49.375 E.04528
M204 S10000
G1 X63.244 Y48.845 F7200
M204 S500
;WIDTH:0.526601
G1 F1240.489
G1 X68.418 Y47.048 E.22026
G1 X68.26 Y46.592 E.01939
G1 X63.085 Y48.387 E.22026
G1 X63.231 Y48.807 E.0179
M204 S10000
G1 E-.8 F1800
G1 X59.951 Y47.446 Z10.6 F7200
G1 Z10.2
G1 E.8 F1800
M204 S1500
;TYPE:Inner wall
;WIDTH:0.449999
G1 F1473.915
G1 X59.947 Y47.54 E.00317
G1 X60.07 Y48.171 E.02179
G1 X60.249 Y48.877 E.02463
G1 X60.468 Y49.57 E.02463
G1 X60.727 Y50.25 E.02463
G1 X61.025 Y50.913 E.02458
G1 X61.282 Y51.411 E.019
G1 X61.489 Y51.668 E.01116
G1 X61.649 Y51.751 E.00609
G1 X61.935 Y51.778 E.00974
G1 X62.403 Y51.614 E.01678
G1 X62.741 Y52.148 E.02141
G1 X63.149 Y52.695 E.0231
G1 X61.135 Y54.485 E.09117
G1 X60.574 Y53.749 E.03132
G1 X60.135 Y53.092 E.02674
G1 X59.845 Y52.602 E.01928
G1 X60.209 Y52.402 E.01407
G1 X60.371 Y52.1 E.0116
G1 X60.328 Y51.721 E.01293
G1 X59.817 Y50.604 E.04156
G1 X59.539 Y49.874 E.02646
G1 X59.305 Y49.128 E.02646
G1 X59.016 Y47.935 E.04156
G1 X58.814 Y47.61 E.01293
G1 X58.5 Y47.473 E.0116
G1 X58.09 Y47.542 E.01407
G1 X58.014 Y46.962 E.0198
G1 X57.952 Y46.167 E.027
G1 X57.938 Y45.264 E.03055
G1 X60.622 Y45.423 E.09099
G1 X60.648 Y46.141 E.02433
G1 X60.7 Y46.738 E.02028
G1 X60.25 Y46.89 E.01608
G1 X60.039 Y47.085 E.00972
G1 X59.959 Y47.257 E.00642
G1 X59.953 Y47.406 E.00504
M204 S500
G1 X60.368 Y47.458 F7200
;TYPE:Outer wall
G1 F1473.915
G1 X60.486 Y48.067 E.02097
G1 X60.657 Y48.748 E.02378
G1 X60.868 Y49.418 E.02379
G1 X61.118 Y50.075 E.02379
G1 X61.405 Y50.716 E.02377
G1 X61.663 Y51.215 E.019
G1 X61.788 Y51.346 E.00613
G1 X61.913 Y51.344 E.00422
G1 X62.578 Y51.087 E.02415
G1 X63.085 Y51.893 E.03223
G1 X63.745 Y52.739 E.03633
G1 X61.091 Y55.097 E.12017
G1 X60.703 Y54.635 E.02043
G1 X60.002 Y53.664 E.04054
G1 X59.557 Y52.957 E.02827
G1 X59.246 Y52.374 E.02239
G1 X59.839 Y52.145 E.02152
G1 X59.933 Y52.063 E.00422
G1 X59.939 Y51.899 E.00554
G1 X59.421 Y50.77 E.04205
G1 X59.134 Y50.014 E.02736
G1 X58.892 Y49.243 E.02736
G1 X58.599 Y48.036 E.04205
G1 X58.493 Y47.911 E.00554
G1 X58.369 Y47.905 E.00422
G1 X57.761 Y48.092 E.02152
G1 X57.692 Y47.794 E.01035
G1 X57.589 Y47.022 E.02634
G1 X57.525 Y46.211 E.02753
G1 X57.505 Y45.399 E.02753
G1 X57.524 Y44.811 E.01991
G1 X61.068 Y45.02 E.12017
G1 X61.055 Y45.452 E.01463
G1 X61.096 Y46.353 E.03055
G1 X61.171 Y47.041 E.02342
G1 X60.493 Y47.25 E.024
M73 P33 R14
G1 X60.395 Y47.323 E.00413
G1 X60.376 Y47.419 E.00333
M204 S10000
G1 X59.203 Y46.834 F7200
M204 S500
;TYPE:Internal solid infill
;WIDTH:0.55552
G1 F1170.503
G1 X59.319 Y46.602 E.01109
G1 X59.685 Y46.236 E.02205
G1 X58.823 Y46.185 E.03681
G1 X58.87 Y46.677 E.02106
G1 X59.166 Y46.817 E.01398
M204 S10000
G1 X59.449 Y47.636 F7200
M204 S500
;WIDTH:0.630648
G1 F1020.881
G1 X59.475 Y47.532 E.00522
;WIDTH:0.590504
G1 F1095.723
G1 X59.501 Y47.429 E.00486
;WIDTH:0.55036
G1 F1182.407
G1 X59.526 Y47.325 E.00451
;WIDTH:0.510216
G1 F1283.985
G1 X59.552 Y47.221 E.00415
;WIDTH:0.450373
G1 F1472.564
G1 X59.578 Y47.118 E.00362
G1 X59.73 Y46.823 E.01123
G1 X60.07 Y46.528 E.01525
G1 X60.266 Y46.455 E.00711
G1 X60.23 Y45.807 E.02197
G1 X58.348 Y45.696 E.06386
G1 X58.394 Y46.527 E.02817
G1 X58.446 Y47.074 E.01862
G1 X58.793 Y47.132 E.01192
G1 X59.108 Y47.332 E.01264
;WIDTH:0.470071
G1 F1404.655
G1 X59.17 Y47.388 E.00296
;WIDTH:0.510216
G1 F1283.985
G1 X59.232 Y47.443 E.00324
;WIDTH:0.55036
G1 F1182.407
G1 X59.295 Y47.499 E.00352
;WIDTH:0.590504
G1 F1095.723
G1 X59.357 Y47.554 E.0038
;WIDTH:0.610576
G1 F1056.979
G1 X59.419 Y47.609 E.00394
M204 S10000
G1 X59.449 Y47.636 F7200
M204 S500
;WIDTH:0.616081
G1 F1046.827
G1 X59.766 Y48.961 E.06495
G1 X59.998 Y49.705 E.03714
G1 X60.268 Y50.416 E.03621
G1 X60.833 Y51.639 E.06422
M204 S10000
G1 X60.854 Y51.687 F7200
M204 S500
;WIDTH:0.618215
G1 F1042.945
G1 X60.83 Y51.818 E.00639
;WIDTH:0.570153
G1 F1138.017
G1 X60.807 Y51.95 E.00585
;WIDTH:0.522092
G1 F1252.162
G1 X60.784 Y52.081 E.00532
;WIDTH:0.450554
G1 F1471.911
G1 X60.761 Y52.213 E.00453
G1 X60.65 Y52.488 E.01007
G1 X60.467 Y52.715 E.00988
G1 X60.408 Y52.754 E.00238
G1 X60.697 Y53.2 E.01803
G1 X61.19 Y53.892 E.02878
G1 X62.604 Y52.635 E.0641
G1 X62.238 Y52.104 E.02184
G1 X61.947 Y52.182 E.01021
G1 X61.487 Y52.121 E.01574
G1 X61.215 Y51.966 E.01061
;WIDTH:0.47403
G1 F1391.757
G1 X61.133 Y51.902 E.00374
;WIDTH:0.522092
G1 F1252.162
G1 X61.05 Y51.839 E.00415
;WIDTH:0.570153
G1 F1138.017
G1 X60.968 Y51.775 E.00457
;WIDTH:0.594184
G1 F1088.409
G1 X60.885 Y51.711 E.00478
M204 S10000
G1 X61.157 Y52.471 F7200
M204 S500
;WIDTH:0.557588
G1 F1165.8
G1 X61.018 Y52.851 E.01733
G1 X61.26 Y53.213 E.01863
G1 X61.903 Y52.641 E.03685
G1 X61.389 Y52.58 E.02216
G1 X61.193 Y52.488 E.00927
M204 S10000
G1 E-.8 F1800
G1 X58 Y51.568 Z10.6 F7200
G1 Z10.2
G1 E.8 F1800
M204 S1500
;TYPE:Inner wall
;WIDTH:0.449999
G1 F1473.915
G1 X51.211 Y53.922 E.24321
G1 X50.498 Y51.848 E.07423
G1 X57.281 Y49.496 E.24302
G1 X57.987 Y51.53 E.07287
M204 S500
G1 X58.545 Y51.832 F7200
;TYPE:Outer wall
G1 F1473.915
G1 X50.993 Y54.451 E.27055
G1 X50.937 Y54.442 E.00193
G1 X49.954 Y51.583 E.10232
G1 X57.546 Y48.951 E.272
G1 X58.532 Y51.795 E.10188
M204 S10000
G1 X57.482 Y51.317 F7200
M204 S500
;TYPE:Internal solid infill
G1 F1473.915
G1 X57.03 Y50.014 E.04667
G1 X51.015 Y52.1 E.2155
G1 X51.463 Y53.404 E.04667
G1 X57.444 Y51.33 E.21426
M204 S10000
G1 X56.914 Y51.041 F7200
M204 S500
;WIDTH:0.528762
G1 F1234.971
G1 X56.754 Y50.582 E.01963
G1 X51.582 Y52.376 E.22117
G1 X51.74 Y52.835 E.01963
G1 X56.876 Y51.054 E.2196
; stop printing object magic-spinning-top.stl id:730144440329 copy 0
;LAYER_CHANGE
;Z:10.4
;HEIGHT:0.2
G92 E0
;_SET_FAN_SPEED_CHANGING_LAYER
; printing object magic-spinning-top.stl id:730144440329 copy 0
M204 S10000
G1 E-.8 F1800
G1 X62.694 Y49.94 Z10.8 F7200
G1 Z10.4
G1 E.8 F1800
M204 S1500
;TYPE:Inner wall
;WIDTH:0.449999
G1 F1473.915
G1 X61.976 Y47.868 E.07423
G1 X68.701 Y45.536 E.24092
G1 X69.419 Y47.608 E.07423
G1 X62.732 Y49.927 E.23957
M204 S500
G1 X62.43 Y50.485 F7200
;TYPE:Outer wall
G1 F1473.915
G1 X61.43 Y47.604 E.10324
G1 X68.964 Y44.993 E.26988
G1 X69.962 Y47.872 E.10313
G1 X62.467 Y50.472 E.26852
M204 S10000
G1 X62.945 Y49.422 F7200
M204 S500
;TYPE:Internal solid infill
G1 F1473.915
G1 X68.901 Y47.357 E.21336
G1 X68.449 Y46.054 E.04667
G1 X62.494 Y48.12 E.21336
G1 X62.932 Y49.384 E.04532
M204 S10000
G1 X63.221 Y48.854 F7200
M204 S500
;WIDTH:0.528761
G1 F1234.973
G1 X68.333 Y47.082 E.21857
G1 X68.174 Y46.622 E.01963
G1 X63.062 Y48.395 E.21857
G1 X63.208 Y48.816 E.01801
M204 S10000
G1 E-.8 F1800
G1 X60.012 Y47.432 Z10.8 F7200
G1 Z10.4
G1 E.8 F1800
M204 S1500
;TYPE:Inner wall
;WIDTH:0.449999
G1 F1473.915
G1 X60.01 Y47.519 E.00295
G1 X60.133 Y48.157 E.02201
G1 X60.311 Y48.859 E.0245
G1 X60.529 Y49.549 E.0245
G1 X60.787 Y50.226 E.0245
G1 X61.273 Y51.25 E.03838
G1 X61.532 Y51.631 E.0156
G1 X61.684 Y51.718 E.00591
G1 X61.963 Y51.758 E.00954
G1 X62.403 Y51.614 E.01568
G1 X62.739 Y52.145 E.02128
G1 X63.149 Y52.695 E.02323
G1 X61.135 Y54.485 E.09117
G1 X60.574 Y53.748 E.03134
G1 X60.135 Y53.091 E.02675
G1 X59.845 Y52.602 E.01925
G1 X60.181 Y52.389 E.01347
G1 X60.313 Y52.102 E.0107
G1 X60.266 Y51.743 E.01224
G1 X59.753 Y50.63 E.04149
G1 X59.474 Y49.896 E.02657
G1 X59.239 Y49.148 E.02657
G1 X58.953 Y47.956 E.04149
G1 X58.768 Y47.645 E.01224
G1 X58.486 Y47.501 E.0107
G1 X58.09 Y47.542 E.01347
G1 X58.014 Y46.962 E.0198
G1 X57.952 Y46.167 E.02698
G1 X57.938 Y45.264 E.03057
G1 X60.62 Y45.423 E.09093
G1 X60.648 Y46.145 E.02447
G1 X60.7 Y46.738 E.02015
G1 X60.281 Y46.89 E.01508
G1 X60.091 Y47.082 E.00914
G1 X60.017 Y47.26 E.00653
G1 X60.013 Y47.392 E.00447
M204 S500
G1 X60.431 Y47.439 F7200
;TYPE:Outer wall
G1 F1473.915
G1 X60.548 Y48.053 E.02117
G1 X60.719 Y48.731 E.02366
G1 X60.929 Y49.397 E.02366
G1 X61.178 Y50.051 E.02366
G1 X61.464 Y50.688 E.02366
G1 X61.721 Y51.185 E.01893
G1 X61.842 Y51.319 E.00611
G1 X61.974 Y51.32 E.00449
G1 X62.578 Y51.087 E.02191
G1 X63.083 Y51.89 E.03211
G1 X63.745 Y52.739 E.03645
G1 X61.091 Y55.097 E.12017
G1 X60.712 Y54.647 E.01992
G1 X60.224 Y53.996 E.02754
G1 X59.787 Y53.343 E.0266
G1 X59.523 Y52.9 E.01744
G1 X59.246 Y52.374 E.02014
G1 X59.777 Y52.169 E.01927
G1 X59.875 Y52.079 E.00449
G1 X59.877 Y51.923 E.0053
G1 X59.357 Y50.796 E.04199
G1 X59.069 Y50.037 E.02749
G1 X58.825 Y49.262 E.02749
G1 X58.536 Y48.056 E.042
G1 X58.437 Y47.934 E.0053
G1 X58.305 Y47.924 E.00449
G1 X57.761 Y48.092 E.01927
G1 X57.692 Y47.794 E.01036
G1 X57.589 Y47.023 E.02631
G1 X57.525 Y46.212 E.02754
G1 X57.505 Y45.399 E.02754
G1 X57.524 Y44.811 E.01992
G1 X61.068 Y45.02 E.12017
G1 X61.055 Y45.454 E.01469
G1 X61.102 Y46.419 E.0327
G1 X61.171 Y47.041 E.0212
G1 X60.556 Y47.231 E.02177
G1 X60.455 Y47.308 E.00432
G1 X60.438 Y47.399 E.00313
M204 S10000
G1 E-.8 F1800
G1 X61.133 Y52.409 Z10.8 F7200
G1 Z10.4
G1 E.8 F1800
M204 S500
;TYPE:Internal solid infill
;WIDTH:0.57463
G1 F1128.435
G1 X61.008 Y52.82 E.01901
G1 X61.261 Y53.2 E.0202
G1 X61.894 Y52.632 E.03757
G1 X61.368 Y52.535 E.02364
G1 X61.168 Y52.428 E.01002
M204 S10000
G1 E-.8 F1800
G1 X59.828 Y49.757 Z10.8 F7200
G1 Z10.4
G1 E.8 F1800
M204 S500
;WIDTH:0.395294
G1 F1702.737
G1 X60.101 Y50.477 E.02257
G1 X60.672 Y51.729 E.0403
;WIDTH:0.447328
G1 F1483.651
G1 X60.708 Y52.199 E.01586
G1 X60.613 Y52.468 E.00961
G1 X60.456 Y52.684 E.00897
G1 X60.394 Y52.73 E.0026
G1 X60.672 Y53.163 E.01734
G1 X61.19 Y53.892 E.03004
G1 X62.604 Y52.635 E.0636
G1 X62.235 Y52.1 E.02186
G1 X61.955 Y52.163 E.00966
G1 X61.504 Y52.078 E.01543
G1 X61.25 Y51.921 E.01002
G1 X61.008 Y51.582 E.01402
;WIDTH:0.395187
G1 F1703.257
G1 X60.732 Y51.025 E.01821
G1 X60.441 Y50.381 E.02071
G1 X60.166 Y49.662 E.02253
G1 X59.942 Y48.947 E.02195
G1 X59.765 Y48.241 E.02132
G1 X59.635 Y47.623 E.01849
;WIDTH:0.447533
G1 F1482.9
G1 X59.615 Y47.206 E.01403
G1 X59.773 Y46.832 E.01367
G1 X60.087 Y46.535 E.01455
G1 X60.267 Y46.461 E.00655
G1 X60.23 Y45.807 E.02201
G1 X58.348 Y45.696 E.06342
G1 X58.396 Y46.547 E.02865
G1 X58.449 Y47.102 E.01876
G1 X58.594 Y47.109 E.00488
G1 X58.824 Y47.195 E.00824
G1 X59.069 Y47.375 E.01024
G1 X59.28 Y47.716 E.0135
;WIDTH:0.397306
G1 F1693.072
G1 X59.593 Y49.001 E.03898
G1 X59.816 Y49.719 E.02214
M204 S10000
G1 E-.8 F1800
G1 X59.222 Y46.898 Z10.8 F7200
G1 Z10.4
M73 P34 R14
G1 E.8 F1800
M204 S500
;WIDTH:0.572322
G1 F1133.354
G1 X59.35 Y46.617 E.01357
G1 X59.694 Y46.245 E.02234
G1 X58.832 Y46.194 E.03802
G1 X58.882 Y46.713 E.02294
G1 X59.187 Y46.879 E.01527
M204 S10000
G1 E-.8 F1800
G1 X58.019 Y51.561 Z10.8 F7200
G1 Z10.4
G1 E.8 F1800
M204 S1500
;TYPE:Inner wall
;WIDTH:0.449999
G1 F1473.915
G1 X51.295 Y53.893 E.24092
G1 X50.576 Y51.821 E.07423
G1 X57.301 Y49.489 E.24092
G1 X58.006 Y51.523 E.07287
M204 S500
G1 X58.565 Y51.826 F7200
;TYPE:Outer wall
G1 F1473.915
G1 X51.03 Y54.438 E.26993
G1 X50.033 Y51.558 E.10318
G1 X57.565 Y48.944 E.26987
G1 X58.552 Y51.788 E.10188
M204 S10000
G1 X57.501 Y51.31 F7200
M204 S500
;TYPE:Internal solid infill
G1 F1473.915
G1 X57.05 Y50.007 E.04667
G1 X51.094 Y52.072 E.21336
G1 X51.546 Y53.375 E.04667
G1 X57.464 Y51.323 E.21201
M204 S10000
G1 X56.933 Y51.034 F7200
M204 S500
;WIDTH:0.528763
G1 F1234.968
G1 X56.774 Y50.575 E.01963
G1 X51.662 Y52.348 E.21857
G1 X51.822 Y52.807 E.01963
G1 X56.896 Y51.047 E.21695
; stop printing object magic-spinning-top.stl id:730144440329 copy 0
M106 S235
;LAYER_CHANGE
;Z:10.6
;HEIGHT:0.200001
G92 E0
;_SET_FAN_SPEED_CHANGING_LAYER
; printing object magic-spinning-top.stl id:730144440329 copy 0
M204 S10000
G1 E-.8 F1800
G1 X62.651 Y49.955 Z11 F7200
G1 Z10.6
G1 E.8 F1800
M204 S1500
;TYPE:Inner wall
;WIDTH:0.449999
G1 F1473.915
G1 X61.933 Y47.883 E.07423
G1 X68.792 Y45.505 E.24573
G1 X69.51 Y47.577 E.07423
G1 X62.689 Y49.942 E.24437
M204 S500
G1 X62.387 Y50.5 F7200
;TYPE:Outer wall
G1 F1473.915
G1 X61.388 Y47.619 E.10324
G1 X69.056 Y44.959 E.27474
G1 X70.055 Y47.841 E.10324
G1 X62.425 Y50.487 E.27338
M204 S10000
G1 X62.902 Y49.437 F7200
M204 S500
;TYPE:Internal solid infill
G1 F1473.915
G1 X68.992 Y47.325 E.21817
G1 X68.541 Y46.023 E.04667
G1 X62.451 Y48.134 E.21817
G1 X62.889 Y49.399 E.04532
M204 S10000
G1 X63.178 Y48.869 F7200
M204 S500
;WIDTH:0.528761
G1 F1234.972
G1 X68.424 Y47.05 E.22431
G1 X68.265 Y46.591 E.01963
G1 X63.019 Y48.41 E.22431
G1 X63.165 Y48.831 E.01801
M204 S10000
G1 E-.8 F1800
G1 X60.041 Y47.425 Z11 F7200
G1 Z10.6
G1 E.8 F1800
M204 S1500
;TYPE:Inner wall
;WIDTH:0.449999
G1 F1473.915
G1 X60.04 Y47.509 E.00285
G1 X60.163 Y48.151 E.02211
G1 X60.34 Y48.851 E.02444
G1 X60.558 Y49.539 E.02444
G1 X60.815 Y50.214 E.02444
G1 X61.297 Y51.231 E.0381
G1 X61.553 Y51.613 E.01555
G1 X61.7 Y51.701 E.00581
G1 X61.975 Y51.748 E.00945
G1 X62.403 Y51.614 E.01517
G1 X62.737 Y52.142 E.02116
G1 X63.149 Y52.695 E.02336
G1 X61.135 Y54.485 E.09118
G1 X60.573 Y53.748 E.03136
G1 X60.134 Y53.09 E.02676
G1 X59.845 Y52.602 E.01922
G1 X60.166 Y52.381 E.0132
G1 X60.285 Y52.103 E.01023
G1 X60.263 Y51.827 E.00938
G1 X59.703 Y50.598 E.0457
G1 X59.425 Y49.858 E.02675
G1 X59.191 Y49.103 E.02676
G1 X58.888 Y47.864 E.04318
G1 X58.744 Y47.662 E.0084
G1 X58.479 Y47.516 E.01023
G1 X58.09 Y47.542 E.0132
G1 X58.014 Y46.962 E.01978
G1 X57.952 Y46.168 E.02697
G1 X57.938 Y45.264 E.03059
G1 X60.618 Y45.422 E.09087
G1 X60.648 Y46.143 E.02442
G1 X60.7 Y46.738 E.0202
G1 X60.296 Y46.89 E.01461
G1 X60.116 Y47.081 E.00886
G1 X60.044 Y47.261 E.00659
G1 X60.042 Y47.385 E.0042
M204 S500
G1 X60.461 Y47.429 F7200
;TYPE:Outer wall
G1 F1473.915
G1 X60.578 Y48.046 E.02126
G1 X60.749 Y48.722 E.0236
G1 X60.958 Y49.387 E.0236
G1 X61.206 Y50.039 E.0236
G1 X61.491 Y50.675 E.0236
G1 X61.749 Y51.17 E.0189
G1 X61.867 Y51.306 E.00609
G1 X62.003 Y51.309 E.00462
G1 X62.578 Y51.087 E.02085
G1 X63.081 Y51.887 E.03199
G1 X63.745 Y52.739 E.03657
G1 X61.091 Y55.097 E.12017
G1 X60.712 Y54.647 E.01993
G1 X60.223 Y53.996 E.02755
G1 X59.771 Y53.319 E.02755
G1 X59.507 Y52.872 E.01757
G1 X59.246 Y52.374 E.01904
G1 X59.826 Y52.121 E.02141
G1 X59.857 Y51.964 E.00541
G1 X59.302 Y50.75 E.04518
G1 X59.016 Y49.987 E.0276
G1 X58.775 Y49.208 E.0276
G1 X58.506 Y48.07 E.03957
G1 X58.41 Y47.945 E.00533
G1 X58.274 Y47.934 E.00462
G1 X57.761 Y48.092 E.01817
G1 X57.692 Y47.794 E.01036
G1 X57.589 Y47.024 E.02627
G1 X57.525 Y46.213 E.02756
G1 X57.505 Y45.399 E.02755
G1 X57.524 Y44.811 E.01993
G1 X61.068 Y45.02 E.12017
G1 X61.055 Y45.455 E.01476
G1 X61.105 Y46.449 E.03369
G1 X61.171 Y47.041 E.02015
G1 X60.586 Y47.221 E.02071
G1 X60.484 Y47.301 E.0044
G1 X60.468 Y47.39 E.00304
M204 S10000
G1 E-.8 F1800
G1 X61.109 Y52.398 Z11 F7200
G1 Z10.6
G1 E.8 F1800
M204 S500
;TYPE:Internal solid infill
;WIDTH:0.582959
G1 F1111.031
G1 X60.962 Y52.744 E.01687
G1 X61.262 Y53.194 E.02428
G1 X61.907 Y52.621 E.03871
G1 X61.41 Y52.534 E.02264
G1 X61.145 Y52.415 E.01303
M204 S10000
G1 E-.8 F1800
G1 X59.809 Y49.762 Z11 F7200
G1 Z10.6
G1 E.8 F1800
M204 S500
;WIDTH:0.441215
G1 F1506.422
G1 X60.079 Y50.475 E.02523
G1 X60.656 Y51.735 E.04592
G1 X60.679 Y52.196 E.01528
G1 X60.45 Y52.667 E.01735
G1 X60.386 Y52.716 E.00268
G1 X60.696 Y53.199 E.01902
G1 X61.19 Y53.892 E.02817
G1 X62.604 Y52.635 E.06263
G1 X62.233 Y52.097 E.02164
G1 X61.957 Y52.153 E.00931
G1 X61.548 Y52.077 E.01378
G1 X61.267 Y51.9 E.01101
G1 X61.022 Y51.576 E.01346
G1 X60.746 Y51.021 E.02051
G1 X60.442 Y50.349 E.02443
G1 X60.18 Y49.657 E.02449
G1 X59.956 Y48.947 E.02468
G1 X59.772 Y48.217 E.02493
G1 X59.657 Y47.653 E.01906
G1 X59.642 Y47.213 E.01457
G1 X59.794 Y46.836 E.01345
G1 X60.094 Y46.54 E.01399
G1 X60.267 Y46.464 E.00625
G1 X60.23 Y45.807 E.02178
G1 X58.348 Y45.696 E.06243
G1 X58.397 Y46.556 E.02853
G1 X58.451 Y47.117 E.01867
G1 X58.628 Y47.141 E.00591
G1 X59.05 Y47.395 E.01632
G1 X59.268 Y47.737 E.01341
G1 X59.58 Y49.03 E.04406
G1 X59.797 Y49.724 E.0241
M204 S10000
G1 E-.8 F1800
G1 X59.231 Y46.934 Z11 F7200
G1 Z10.6
G1 E.8 F1800
M204 S500
;WIDTH:0.580525
G1 F1116.061
G1 X59.364 Y46.625 E.01505
G1 X59.7 Y46.249 E.02251
G1 X58.837 Y46.198 E.03864
G1 X58.89 Y46.745 E.02457
G1 X59.196 Y46.914 E.01562
M204 S10000
G1 E-.8 F1800
G1 X58.058 Y51.548 Z11 F7200
G1 Z10.6
G1 E.8 F1800
M204 S1500
;TYPE:Inner wall
;WIDTH:0.449999
G1 F1473.915
G1 X51.204 Y53.924 E.24554
G1 X50.485 Y51.853 E.07423
G1 X57.339 Y49.476 E.24556
G1 X58.045 Y51.51 E.07287
M73 P35 R14
M204 S500
G1 X58.603 Y51.812 F7200
;TYPE:Outer wall
G1 F1473.915
G1 X50.94 Y54.47 E.27455
G1 X49.94 Y51.588 E.10324
G1 X57.604 Y48.931 E.27457
G1 X58.59 Y51.775 E.10188
M204 S10000
G1 X57.54 Y51.297 F7200
M204 S500
;TYPE:Internal solid infill
G1 F1473.915
G1 X57.088 Y49.994 E.04667
G1 X51.003 Y52.104 E.218
G1 X51.455 Y53.406 E.04667
G1 X57.502 Y51.31 E.21663
M204 S10000
G1 X56.972 Y51.021 F7200
M204 S500
;WIDTH:0.528762
G1 F1234.969
G1 X56.813 Y50.562 E.01963
G1 X51.572 Y52.379 E.2241
G1 X51.731 Y52.838 E.01963
G1 X56.934 Y51.034 E.22248
; stop printing object magic-spinning-top.stl id:730144440329 copy 0
;LAYER_CHANGE
;Z:10.8
;HEIGHT:0.2
G92 E0
;_SET_FAN_SPEED_CHANGING_LAYER
; printing object magic-spinning-top.stl id:730144440329 copy 0
M204 S10000
G1 E-.8 F1800
G1 X62.59 Y49.976 Z11.2 F7200
G1 Z10.8
G1 E.8 F1800
M204 S1500
;TYPE:Inner wall
;WIDTH:0.449999
G1 F1473.915
G1 X61.872 Y47.904 E.07423
G1 X68.927 Y45.458 E.25277
G1 X69.647 Y47.529 E.07423
G1 X62.628 Y49.963 E.25144
M204 S500
G1 X62.326 Y50.521 F7200
;TYPE:Outer wall
G1 F1473.915
G1 X61.327 Y47.64 E.10324
G1 X69.192 Y44.912 E.28178
G1 X70.192 Y47.794 E.10324
G1 X62.364 Y50.508 E.28046
M204 S10000
G1 X62.842 Y49.458 F7200
M204 S500
;TYPE:Internal solid infill
G1 F1473.915
G1 X69.128 Y47.278 E.22523
G1 X68.676 Y45.976 E.04667
G1 X62.39 Y48.156 E.22522
G1 X62.828 Y49.42 E.04532
M204 S10000
G1 X63.117 Y48.89 F7200
M204 S500
;WIDTH:0.528761
G1 F1234.973
G1 X68.56 Y47.003 E.23273
G1 X68.401 Y46.544 E.01963
G1 X62.958 Y48.431 E.23273
G1 X63.104 Y48.852 E.01801
M204 S10000
G1 E-.8 F1800
G1 X60.041 Y47.425 Z11.2 F7200
G1 Z10.8
G1 E.8 F1800
M204 S1500
;TYPE:Inner wall
;WIDTH:0.449999
G1 F1473.915
G1 X60.04 Y47.509 E.00285
G1 X60.163 Y48.151 E.02211
G1 X60.34 Y48.851 E.02444
G1 X60.558 Y49.539 E.02444
G1 X60.815 Y50.214 E.02444
G1 X61.297 Y51.231 E.0381
G1 X61.553 Y51.613 E.01555
G1 X61.7 Y51.701 E.00581
G1 X61.975 Y51.748 E.00945
G1 X62.403 Y51.614 E.01517
G1 X62.735 Y52.139 E.02103
G1 X63.149 Y52.695 E.02348
G1 X61.135 Y54.485 E.09118
G1 X60.573 Y53.747 E.03139
G1 X60.134 Y53.09 E.02678
G1 X59.845 Y52.602 E.01918
G1 X60.166 Y52.381 E.01319
G1 X60.285 Y52.103 E.01025
G1 X60.263 Y51.827 E.00938
G1 X59.703 Y50.598 E.0457
G1 X59.425 Y49.858 E.02675
G1 X59.191 Y49.103 E.02676
G1 X58.888 Y47.864 E.04318
G1 X58.744 Y47.662 E.0084
G1 X58.479 Y47.516 E.01025
G1 X58.09 Y47.542 E.01319
G1 X58.014 Y46.963 E.01975
G1 X57.952 Y46.169 E.02698
G1 X57.938 Y45.264 E.03061
G1 X60.616 Y45.422 E.09081
G1 X60.648 Y46.152 E.02474
G1 X60.7 Y46.738 E.01989
G1 X60.298 Y46.889 E.01456
G1 X60.116 Y47.081 E.00892
G1 X60.044 Y47.261 E.00659
G1 X60.042 Y47.385 E.0042
M204 S500
G1 X60.461 Y47.429 F7200
;TYPE:Outer wall
G1 F1473.915
G1 X60.578 Y48.046 E.02126
G1 X60.749 Y48.722 E.0236
G1 X60.958 Y49.387 E.0236
G1 X61.206 Y50.039 E.0236
G1 X61.491 Y50.675 E.0236
G1 X61.749 Y51.17 E.0189
G1 X61.867 Y51.306 E.00609
G1 X62.003 Y51.309 E.00462
G1 X62.578 Y51.087 E.02085
G1 X63.079 Y51.884 E.03187
G1 X63.745 Y52.739 E.03669
G1 X61.091 Y55.097 E.12017
G1 X60.712 Y54.646 E.01994
G1 X60.223 Y53.995 E.02756
G1 X59.771 Y53.318 E.02757
G1 X59.507 Y52.872 E.01754
G1 X59.246 Y52.374 E.01904
G1 X59.826 Y52.121 E.02141
G1 X59.857 Y51.964 E.00542
G1 X59.302 Y50.75 E.04518
G1 X59.016 Y49.987 E.0276
G1 X58.775 Y49.208 E.0276
G1 X58.506 Y48.07 E.03957
G1 X58.41 Y47.945 E.00533
G1 X58.274 Y47.934 E.00462
G1 X57.761 Y48.092 E.01817
G1 X57.692 Y47.794 E.01036
G1 X57.589 Y47.025 E.02624
G1 X57.525 Y46.214 E.02757
G1 X57.505 Y45.4 E.02756
G1 X57.524 Y44.811 E.01994
G1 X61.068 Y45.02 E.12017
G1 X61.055 Y45.457 E.01482
G1 X61.105 Y46.449 E.03361
G1 X61.171 Y47.041 E.02017
G1 X60.586 Y47.221 E.02071
G1 X60.484 Y47.301 E.0044
G1 X60.468 Y47.39 E.00304
M204 S10000
G1 E-.8 F1800
G1 X61.12 Y52.377 Z11.2 F7200
G1 Z10.8
G1 E.8 F1800
M204 S500
;TYPE:Internal solid infill
;WIDTH:0.582959
G1 F1111.031
G1 X60.968 Y52.754 E.01826
G1 X61.262 Y53.194 E.02375
G1 X61.907 Y52.621 E.03871
G1 X61.41 Y52.534 E.02264
G1 X61.155 Y52.396 E.01303
M204 S10000
G1 E-.8 F1800
G1 X59.809 Y49.762 Z11.2 F7200
G1 Z10.8
G1 E.8 F1800
M204 S500
;WIDTH:0.441214
G1 F1506.428
G1 X60.079 Y50.475 E.02523
G1 X60.656 Y51.735 E.04592
G1 X60.677 Y52.204 E.01554
G1 X60.594 Y52.458 E.00885
G1 X60.45 Y52.668 E.00843
G1 X60.386 Y52.716 E.00266
G1 X60.659 Y53.144 E.01682
G1 X61.19 Y53.892 E.03036
G1 X62.604 Y52.635 E.06263
G1 X62.233 Y52.097 E.02164
G1 X61.957 Y52.153 E.00931
G1 X61.511 Y52.055 E.01513
G1 X61.267 Y51.9 E.00959
G1 X61.022 Y51.576 E.01346
G1 X60.746 Y51.021 E.02051
G1 X60.442 Y50.349 E.02443
G1 X60.18 Y49.657 E.02449
G1 X59.956 Y48.947 E.02468
G1 X59.772 Y48.217 E.02493
G1 X59.657 Y47.653 E.01906
G1 X59.642 Y47.213 E.01457
G1 X59.794 Y46.836 E.01345
G1 X60.094 Y46.54 E.01399
G1 X60.267 Y46.464 E.00626
G1 X60.23 Y45.807 E.02178
G1 X58.348 Y45.696 E.06243
G1 X58.397 Y46.556 E.02853
G1 X58.451 Y47.117 E.01866
M73 P35 R13
G1 X58.627 Y47.14 E.00589
G1 X59.05 Y47.395 E.01634
G1 X59.268 Y47.737 E.01341
G1 X59.58 Y49.03 E.04406
G1 X59.797 Y49.724 E.0241
M204 S10000
G1 E-.8 F1800
G1 X59.231 Y46.934 Z11.2 F7200
G1 Z10.8
G1 E.8 F1800
M204 S500
;WIDTH:0.580534
G1 F1116.042
G1 X59.364 Y46.625 E.01505
G1 X59.7 Y46.249 E.02251
G1 X58.837 Y46.198 E.03864
G1 X58.89 Y46.746 E.02458
G1 X59.196 Y46.914 E.01562
M204 S10000
G1 E-.8 F1800
G1 X58.127 Y51.524 Z11.2 F7200
G1 Z10.8
G1 E.8 F1800
M204 S1500
;TYPE:Inner wall
;WIDTH:0.449999
G1 F1473.915
G1 X51.068 Y53.972 E.25292
G1 X50.349 Y51.9 E.07423
G1 X57.409 Y49.452 E.25294
G1 X58.114 Y51.486 E.07287
M204 S500
G1 X58.673 Y51.788 F7200
;TYPE:Outer wall
G1 F1473.915
G1 X50.803 Y54.517 E.28192
G1 X49.803 Y51.636 E.10324
G1 X57.673 Y48.907 E.28196
G1 X58.66 Y51.75 E.10188
M73 P36 R13
M204 S10000
G1 X57.609 Y51.272 F7200
M204 S500
;TYPE:Internal solid infill
G1 F1473.915
G1 X57.158 Y49.97 E.04667
G1 X50.867 Y52.151 E.22538
G1 X51.319 Y53.454 E.04667
G1 X57.572 Y51.286 E.22401
M204 S10000
G1 X57.041 Y50.997 F7200
M204 S500
;WIDTH:0.528763
G1 F1234.968
G1 X56.882 Y50.538 E.01963
G1 X51.435 Y52.427 E.23291
G1 X51.594 Y52.886 E.01963
G1 X57.004 Y51.01 E.23128
; stop printing object magic-spinning-top.stl id:730144440329 copy 0
;LAYER_CHANGE
;Z:11
;HEIGHT:0.2
G92 E0
;_SET_FAN_SPEED_CHANGING_LAYER
; printing object magic-spinning-top.stl id:730144440329 copy 0
M204 S10000
G1 E-.8 F1800
G1 X62.497 Y50.008 Z11.4 F7200
G1 Z11
G1 E.8 F1800
M204 S1500
;TYPE:Inner wall
;WIDTH:0.449999
G1 F1473.915
G1 X61.779 Y47.937 E.07423
G1 X69.019 Y45.426 E.2594
G1 X69.737 Y47.498 E.07423
G1 X62.535 Y49.995 E.25801
M204 S500
G1 X62.233 Y50.554 F7200
;TYPE:Outer wall
G1 F1473.915
G1 X61.234 Y47.672 E.10324
G1 X69.284 Y44.881 E.28842
G1 X70.282 Y47.763 E.10324
G1 X62.271 Y50.541 E.28702
M204 S10000
G1 X62.748 Y49.49 F7200
M204 S500
;TYPE:Internal solid infill
G1 F1473.915
G1 X69.219 Y47.247 E.23182
G1 X68.768 Y45.944 E.04667
G1 X62.297 Y48.188 E.23184
G1 X62.735 Y49.453 E.04532
M204 S10000
G1 X63.024 Y48.922 F7200
M204 S500
;WIDTH:0.528761
G1 F1234.972
G1 X68.651 Y46.971 E.2406
G1 X68.492 Y46.512 E.01963
G1 X62.865 Y48.463 E.24061
G1 X63.011 Y48.885 E.01801
M204 S10000
G1 E-.8 F1800
G1 X60.012 Y47.432 Z11.4 F7200
G1 Z11
G1 E.8 F1800
M204 S1500
;TYPE:Inner wall
;WIDTH:0.449999
G1 F1473.915
G1 X60.01 Y47.519 E.00295
G1 X60.133 Y48.157 E.02201
G1 X60.311 Y48.859 E.0245
G1 X60.529 Y49.549 E.0245
G1 X60.787 Y50.226 E.0245
G1 X61.273 Y51.25 E.03838
G1 X61.532 Y51.631 E.0156
G1 X61.684 Y51.718 E.00591
G1 X61.963 Y51.758 E.00954
G1 X62.403 Y51.614 E.01568
G1 X62.732 Y52.136 E.02091
G1 X63.149 Y52.695 E.02361
G1 X61.135 Y54.485 E.09118
G1 X60.573 Y53.747 E.03141
G1 X60.133 Y53.089 E.02679
G1 X59.845 Y52.602 E.01915
G1 X60.18 Y52.39 E.01342
G1 X60.313 Y52.102 E.01075
G1 X60.266 Y51.743 E.01224
G1 X59.753 Y50.63 E.04149
G1 X59.474 Y49.896 E.02657
G1 X59.239 Y49.148 E.02657
G1 X58.953 Y47.956 E.04149
G1 X58.768 Y47.645 E.01224
G1 X58.485 Y47.501 E.01075
G1 X58.09 Y47.542 E.01342
G1 X58.014 Y46.965 E.01969
G1 X57.952 Y46.169 E.02702
G1 X57.938 Y45.264 E.03063
G1 X60.615 Y45.422 E.09075
G1 X60.627 Y45.472 E.00173
G1 X60.649 Y46.156 E.02318
G1 X60.701 Y46.738 E.01976
G1 X60.286 Y46.887 E.01493
G1 X60.091 Y47.082 E.00931
G1 X60.017 Y47.26 E.00653
G1 X60.013 Y47.392 E.00447
M204 S500
G1 X60.431 Y47.439 F7200
;TYPE:Outer wall
G1 F1473.915
G1 X60.548 Y48.053 E.02117
G1 X60.719 Y48.731 E.02366
G1 X60.929 Y49.397 E.02366
G1 X61.178 Y50.051 E.02366
G1 X61.464 Y50.688 E.02366
G1 X61.721 Y51.185 E.01893
G1 X61.842 Y51.319 E.00611
G1 X61.974 Y51.32 E.00449
G1 X62.578 Y51.087 E.02191
G1 X63.077 Y51.881 E.03175
G1 X63.745 Y52.739 E.03682
G1 X61.091 Y55.097 E.12017
G1 X60.712 Y54.646 E.01995
G1 X60.223 Y53.995 E.02757
G1 X59.786 Y53.34 E.02665
G1 X59.523 Y52.9 E.01733
G1 X59.246 Y52.374 E.02014
G1 X59.777 Y52.169 E.01927
G1 X59.875 Y52.079 E.00449
G1 X59.877 Y51.923 E.0053
G1 X59.357 Y50.796 E.04199
G1 X59.069 Y50.037 E.02749
G1 X58.825 Y49.262 E.02749
G1 X58.536 Y48.056 E.042
G1 X58.437 Y47.934 E.0053
G1 X58.305 Y47.924 E.00449
G1 X57.761 Y48.092 E.01927
G1 X57.692 Y47.794 E.01036
G1 X57.589 Y47.026 E.0262
G1 X57.525 Y46.214 E.02758
G1 X57.505 Y45.4 E.02757
G1 X57.524 Y44.811 E.01996
G1 X61.068 Y45.02 E.12017
G1 X61.055 Y45.459 E.01488
G1 X61.102 Y46.418 E.03248
G1 X61.171 Y47.041 E.02124
G1 X60.556 Y47.231 E.02176
G1 X60.455 Y47.308 E.00432
G1 X60.438 Y47.399 E.00313
M204 S10000
G1 E-.8 F1800
G1 X61.133 Y52.409 Z11.4 F7200
G1 Z11
G1 E.8 F1800
M204 S500
;TYPE:Internal solid infill
;WIDTH:0.574626
G1 F1128.443
G1 X61.007 Y52.819 E.01899
G1 X61.261 Y53.2 E.02025
G1 X61.894 Y52.633 E.03757
G1 X61.368 Y52.535 E.02364
G1 X61.168 Y52.428 E.01002
M204 S10000
G1 E-.8 F1800
G1 X59.828 Y49.757 Z11.4 F7200
G1 Z11
G1 E.8 F1800
M204 S500
;WIDTH:0.395294
G1 F1702.738
G1 X60.101 Y50.477 E.02257
G1 X60.672 Y51.729 E.0403
;WIDTH:0.447328
G1 F1483.652
G1 X60.708 Y52.199 E.01586
G1 X60.613 Y52.469 E.00962
G1 X60.455 Y52.686 E.00903
G1 X60.394 Y52.73 E.00253
G1 X60.672 Y53.163 E.01732
G1 X61.19 Y53.892 E.03005
G1 X62.604 Y52.635 E.06359
G1 X62.235 Y52.1 E.02186
G1 X61.955 Y52.163 E.00966
G1 X61.504 Y52.078 E.01542
G1 X61.25 Y51.921 E.01002
G1 X61.008 Y51.582 E.01402
;WIDTH:0.395187
G1 F1703.257
G1 X60.732 Y51.025 E.01821
G1 X60.441 Y50.381 E.02071
G1 X60.166 Y49.662 E.02253
G1 X59.942 Y48.947 E.02195
G1 X59.765 Y48.241 E.02132
G1 X59.635 Y47.623 E.01849
;WIDTH:0.447533
G1 F1482.9
G1 X59.615 Y47.206 E.01403
G1 X59.773 Y46.832 E.01367
G1 X60.087 Y46.535 E.01455
G1 X60.267 Y46.461 E.00656
G1 X60.23 Y45.807 E.02201
G1 X58.348 Y45.696 E.06342
G1 X58.396 Y46.547 E.02865
G1 X58.449 Y47.101 E.01874
G1 X58.592 Y47.109 E.00481
G1 X58.824 Y47.195 E.00832
G1 X59.069 Y47.375 E.01024
G1 X59.28 Y47.716 E.0135
;WIDTH:0.397306
G1 F1693.07
G1 X59.593 Y49.001 E.03898
G1 X59.816 Y49.719 E.02214
M204 S10000
G1 E-.8 F1800
G1 X59.222 Y46.898 Z11.4 F7200
G1 Z11
G1 E.8 F1800
M204 S500
;WIDTH:0.572348
G1 F1133.299
G1 X59.35 Y46.617 E.01357
G1 X59.694 Y46.245 E.02234
G1 X58.832 Y46.194 E.03802
G1 X58.882 Y46.713 E.02294
G1 X59.187 Y46.879 E.01528
M204 S10000
G1 E-.8 F1800
G1 X58.219 Y51.492 Z11.4 F7200
G1 Z11
G1 E.8 F1800
M204 S1500
;TYPE:Inner wall
;WIDTH:0.449999
G1 F1473.915
G1 X50.976 Y54.004 E.25948
G1 X50.258 Y51.931 E.07423
G1 X57.5 Y49.42 E.25945
G1 X58.205 Y51.454 E.07287
M204 S500
G1 X58.764 Y51.757 F7200
;TYPE:Outer wall
G1 F1473.915
G1 X50.711 Y54.549 E.28849
G1 X49.713 Y51.667 E.10324
G1 X57.765 Y48.875 E.28845
G1 X58.751 Y51.719 E.10188
M204 S10000
G1 X57.701 Y51.241 F7200
M204 S500
;TYPE:Internal solid infill
G1 F1473.915
G1 X57.249 Y49.938 E.04667
G1 X50.776 Y52.183 E.23189
G1 X51.227 Y53.485 E.04667
G1 X57.663 Y51.254 E.23056
M204 S10000
G1 X57.133 Y50.965 F7200
M73 P37 R13
M204 S500
;WIDTH:0.528763
G1 F1234.968
G1 X56.973 Y50.506 E.01963
G1 X51.344 Y52.458 E.2407
G1 X51.503 Y52.917 E.01963
G1 X57.095 Y50.978 E.23909
; stop printing object magic-spinning-top.stl id:730144440329 copy 0
;LAYER_CHANGE
;Z:11.2
;HEIGHT:0.2
G92 E0
;_SET_FAN_SPEED_CHANGING_LAYER
; printing object magic-spinning-top.stl id:730144440329 copy 0
M204 S10000
G1 E-.8 F1800
G1 X62.373 Y50.052 Z11.6 F7200
G1 Z11.2
G1 E.8 F1800
M204 S1500
;TYPE:Inner wall
;WIDTH:0.449999
G1 F1473.915
G1 X61.654 Y47.98 E.07423
G1 X69.07 Y45.408 E.26569
G1 X69.787 Y47.481 E.07423
G1 X62.41 Y50.039 E.26427
M204 S500
G1 X62.108 Y50.597 F7200
;TYPE:Outer wall
G1 F1473.915
G1 X61.109 Y47.715 E.10324
G1 X69.335 Y44.863 E.29472
G1 X70.332 Y47.745 E.10324
G1 X62.146 Y50.584 E.29327
M204 S10000
G1 X62.624 Y49.534 F7200
M204 S500
;TYPE:Internal solid infill
G1 F1473.915
G1 X69.269 Y47.229 E.23808
G1 X68.819 Y45.926 E.04667
G1 X62.172 Y48.231 E.23812
G1 X62.611 Y49.496 E.04532
M204 S10000
G1 X62.899 Y48.966 F7200
M204 S500
;WIDTH:0.52876
G1 F1234.974
G1 X68.701 Y46.954 E.24809
G1 X68.543 Y46.495 E.01963
G1 X62.74 Y48.507 E.2481
G1 X62.886 Y48.928 E.01801
M204 S10000
G1 E-.8 F1800
G1 X59.951 Y47.446 Z11.6 F7200
G1 Z11.2
G1 E.8 F1800
M204 S1500
;TYPE:Inner wall
;WIDTH:0.449999
G1 F1473.915
G1 X59.947 Y47.54 E.00317
G1 X60.07 Y48.171 E.02179
G1 X60.249 Y48.877 E.02463
G1 X60.468 Y49.57 E.02463
G1 X60.727 Y50.25 E.02463
G1 X61.025 Y50.913 E.02458
G1 X61.282 Y51.411 E.019
G1 X61.489 Y51.668 E.01116
G1 X61.649 Y51.751 E.00609
G1 X61.935 Y51.778 E.00974
G1 X62.403 Y51.614 E.01677
G1 X62.73 Y52.133 E.02078
G1 X63.149 Y52.695 E.02373
G1 X61.135 Y54.485 E.09118
G1 X60.572 Y53.746 E.03143
G1 X60.133 Y53.088 E.0268
G1 X59.845 Y52.602 E.01911
G1 X60.208 Y52.404 E.01398
G1 X60.371 Y52.1 E.01168
G1 X60.328 Y51.721 E.01293
G1 X59.817 Y50.604 E.04156
G1 X59.539 Y49.874 E.02646
G1 X59.305 Y49.128 E.02646
G1 X59.016 Y47.935 E.04156
G1 X58.814 Y47.61 E.01293
G1 X58.497 Y47.473 E.01168
G1 X58.09 Y47.542 E.01398
G1 X58.014 Y46.967 E.01962
G1 X57.952 Y46.17 E.02707
G1 X57.938 Y45.264 E.03065
G1 X60.613 Y45.422 E.09069
G1 X60.627 Y45.474 E.00182
G1 X60.649 Y46.16 E.02324
G1 X60.701 Y46.738 E.01963
G1 X60.258 Y46.886 E.01581
G1 X60.039 Y47.085 E.01001
G1 X59.959 Y47.257 E.00642
G1 X59.953 Y47.406 E.00504
M204 S500
G1 X60.368 Y47.458 F7200
;TYPE:Outer wall
G1 F1473.915
G1 X60.486 Y48.067 E.02097
G1 X60.657 Y48.748 E.02378
G1 X60.868 Y49.418 E.02379
G1 X61.118 Y50.075 E.02378
G1 X61.405 Y50.716 E.02377
G1 X61.663 Y51.215 E.019
G1 X61.788 Y51.346 E.00613
G1 X61.913 Y51.344 E.00422
G1 X62.578 Y51.087 E.02414
G1 X63.075 Y51.878 E.03162
G1 X63.745 Y52.739 E.03694
G1 X61.091 Y55.097 E.12017
G1 X60.702 Y54.634 E.02049
G1 X60.002 Y53.664 E.04049
G1 X59.557 Y52.957 E.02825
G1 X59.246 Y52.374 E.02239
G1 X59.839 Y52.145 E.02152
G1 X59.933 Y52.063 E.00422
G1 X59.939 Y51.899 E.00554
G1 X59.421 Y50.77 E.04205
G1 X59.134 Y50.014 E.02736
G1 X58.892 Y49.243 E.02736
G1 X58.599 Y48.036 E.04205
G1 X58.493 Y47.911 E.00554
G1 X58.369 Y47.905 E.00422
G1 X57.761 Y48.092 E.02152
G1 X57.692 Y47.794 E.01036
G1 X57.589 Y47.027 E.02617
G1 X57.525 Y46.215 E.02759
G1 X57.505 Y45.4 E.02758
G1 X57.524 Y44.811 E.01997
G1 X61.068 Y45.02 E.12017
G1 X61.055 Y45.461 E.01494
G1 X61.096 Y46.351 E.03018
G1 X61.171 Y47.041 E.02348
G1 X60.493 Y47.25 E.024
G1 X60.395 Y47.323 E.00413
G1 X60.376 Y47.419 E.00333
M204 S10000
G1 X59.203 Y46.834 F7200
M204 S500
;TYPE:Internal solid infill
;WIDTH:0.555562
G1 F1170.407
G1 X59.319 Y46.602 E.01109
G1 X59.685 Y46.236 E.02205
G1 X58.823 Y46.185 E.03682
G1 X58.87 Y46.677 E.02106
G1 X59.166 Y46.817 E.01398
M204 S10000
G1 X59.449 Y47.636 F7200
M204 S500
;WIDTH:0.63065
G1 F1020.877
G1 X59.475 Y47.532 E.00522
;WIDTH:0.590505
G1 F1095.72
G1 X59.501 Y47.429 E.00486
;WIDTH:0.550361
G1 F1182.405
G1 X59.526 Y47.325 E.00451
;WIDTH:0.510216
G1 F1283.983
G1 X59.552 Y47.221 E.00415
;WIDTH:0.450373
G1 F1472.564
G1 X59.578 Y47.118 E.00362
G1 X59.73 Y46.823 E.01123
G1 X60.07 Y46.528 E.01525
G1 X60.267 Y46.455 E.00712
G1 X60.23 Y45.807 E.02197
G1 X58.348 Y45.696 E.06386
G1 X58.394 Y46.527 E.02817
G1 X58.446 Y47.073 E.0186
G1 X58.793 Y47.132 E.01192
G1 X59.108 Y47.332 E.01265
;WIDTH:0.470072
G1 F1404.654
G1 X59.17 Y47.388 E.00296
;WIDTH:0.510216
G1 F1283.983
G1 X59.232 Y47.443 E.00324
;WIDTH:0.550361
G1 F1182.405
G1 X59.295 Y47.499 E.00352
;WIDTH:0.590505
G1 F1095.72
G1 X59.357 Y47.554 E.0038
;WIDTH:0.610578
G1 F1056.976
G1 X59.419 Y47.609 E.00394
M204 S10000
G1 X59.449 Y47.636 F7200
M204 S500
;WIDTH:0.61608
G1 F1046.828
G1 X59.766 Y48.961 E.06495
G1 X59.998 Y49.705 E.03714
G1 X60.268 Y50.416 E.03621
G1 X60.833 Y51.639 E.06422
M204 S10000
G1 X60.854 Y51.687 F7200
M204 S500
;WIDTH:0.618209
G1 F1042.954
G1 X60.83 Y51.818 E.00639
;WIDTH:0.570149
G1 F1138.025
G1 X60.807 Y51.95 E.00585
;WIDTH:0.522089
G1 F1252.168
G1 X60.784 Y52.081 E.00532
;WIDTH:0.450554
G1 F1471.91
G1 X60.761 Y52.213 E.00452
G1 X60.65 Y52.489 E.01009
G1 X60.408 Y52.754 E.01217
G1 X60.697 Y53.2 E.018
G1 X61.19 Y53.892 E.02879
G1 X62.604 Y52.635 E.0641
G1 X62.238 Y52.105 E.02185
G1 X61.947 Y52.182 E.0102
G1 X61.487 Y52.121 E.01574
G1 X61.215 Y51.966 E.01061
;WIDTH:0.474029
G1 F1391.759
G1 X61.133 Y51.902 E.00374
;WIDTH:0.522089
G1 F1252.168
G1 X61.05 Y51.839 E.00415
;WIDTH:0.570149
G1 F1138.025
G1 X60.968 Y51.775 E.00457
;WIDTH:0.594179
G1 F1088.418
G1 X60.885 Y51.711 E.00478
M204 S10000
G1 X61.157 Y52.471 F7200
M204 S500
;WIDTH:0.557582
G1 F1165.814
G1 X61.017 Y52.85 E.01729
G1 X61.26 Y53.213 E.0187
G1 X61.903 Y52.641 E.03685
G1 X61.389 Y52.58 E.02216
G1 X61.193 Y52.488 E.00927
M204 S10000
G1 E-.8 F1800
G1 X58.338 Y51.451 Z11.6 F7200
G1 Z11.2
G1 E.8 F1800
M204 S1500
;TYPE:Inner wall
;WIDTH:0.449999
G1 F1473.915
G1 X50.925 Y54.021 E.26556
G1 X50.208 Y51.949 E.07423
G1 X57.619 Y49.379 E.2655
G1 X58.325 Y51.413 E.07287
M204 S500
G1 X58.883 Y51.715 F7200
;TYPE:Outer wall
G1 F1473.915
G1 X50.66 Y54.567 E.29459
G1 X49.663 Y51.684 E.10324
G1 X57.884 Y48.834 E.2945
G1 X58.87 Y51.678 E.10188
M204 S10000
G1 X57.82 Y51.2 F7200
M204 S500
;TYPE:Internal solid infill
G1 F1473.915
G1 X57.368 Y49.897 E.04667
G1 X50.726 Y52.2 E.23795
G1 X51.177 Y53.503 E.04667
G1 X57.782 Y51.213 E.23664
M204 S10000
G1 X57.252 Y50.924 F7200
M204 S500
;WIDTH:0.528761
G1 F1234.972
G1 X57.092 Y50.465 E.01963
G1 X51.294 Y52.476 E.24794
G1 X51.453 Y52.935 E.01963
G1 X57.214 Y50.937 E.24634
; stop printing object magic-spinning-top.stl id:730144440329 copy 0
;LAYER_CHANGE
;Z:11.4
;HEIGHT:0.2
G92 E0
;_SET_FAN_SPEED_CHANGING_LAYER
; printing object magic-spinning-top.stl id:730144440329 copy 0
M204 S10000
G1 E-.8 F1800
G1 X62.21 Y50.108 Z11.8 F7200
G1 Z11.4
G1 E.8 F1800
M204 S1500
;TYPE:Inner wall
;WIDTH:0.449999
G1 F1473.915
G1 X61.491 Y48.036 E.07423
G1 X69.081 Y45.404 E.27192
G1 X69.798 Y47.477 E.07423
M73 P38 R13
G1 X62.247 Y50.095 E.27049
M204 S500
G1 X61.945 Y50.654 F7200
;TYPE:Outer wall
G1 F1473.915
G1 X60.946 Y47.772 E.10324
G1 X69.346 Y44.859 E.30095
G1 X70.342 Y47.742 E.10324
G1 X61.983 Y50.64 E.29949
M204 S10000
G1 X62.461 Y49.59 F7200
M204 S500
;TYPE:Internal solid infill
G1 F1473.915
G1 X69.28 Y47.226 E.2443
G1 X68.83 Y45.923 E.04667
G1 X62.009 Y48.288 E.24435
G1 X62.448 Y49.552 E.04532
M204 S10000
G1 X62.736 Y49.022 F7200
M204 S500
;WIDTH:0.528762
G1 F1234.969
G1 X68.712 Y46.95 E.25552
G1 X68.554 Y46.491 E.01963
G1 X62.577 Y48.563 E.25554
G1 X62.723 Y48.984 E.01801
M204 S10000
G1 E-.8 F1800
G1 X59.836 Y47.375 Z11.8 F7200
G1 Z11.4
G1 E.8 F1800
M204 S1500
;TYPE:Inner wall
;WIDTH:0.595348
G1 F1086.115
G1 X59.799 Y47.462 E.00435
;WIDTH:0.643797
G1 F998.54
G1 X59.748 Y47.586 E.00673
G1 X59.879 Y48.216 E.03213
;WIDTH:0.623341
G1 F1033.732
G1 X60.059 Y48.933 E.03567
G1 X60.282 Y49.638 E.03567
G1 X60.545 Y50.328 E.03567
;WIDTH:0.623053
G1 F1034.246
G1 X60.851 Y51.003 E.03575
;WIDTH:0.620535
G1 F1038.754
G1 X61.132 Y51.534 E.02885
;WIDTH:0.61325
G1 F1052.022
G1 X61.247 Y51.601 E.00629
;WIDTH:0.572438
G1 F1133.108
G1 X61.361 Y51.669 E.00584
;WIDTH:0.531625
G1 F1227.736
G1 X61.475 Y51.736 E.00539
;WIDTH:0.490812
G1 F1339.609
G1 X61.59 Y51.803 E.00494
;WIDTH:0.449999
G1 F1473.915
G1 X61.921 Y51.798 E.01123
G1 X62.403 Y51.614 E.01743
G1 X62.728 Y52.13 E.02066
G1 X63.149 Y52.695 E.02386
G1 X61.135 Y54.485 E.09118
G1 X60.572 Y53.746 E.03145
G1 X60.132 Y53.087 E.02681
G1 X59.845 Y52.602 E.01908
G1 X60.251 Y52.418 E.01509
G1 X60.388 Y52.27 E.00683
G1 X60.465 Y52.099 E.00633
;WIDTH:0.497113
G1 F1321.026
G1 X60.486 Y52.005 E.00366
;WIDTH:0.544226
G1 F1196.874
G1 X60.507 Y51.91 E.00404
;WIDTH:0.59134
G1 F1094.053
G1 X60.528 Y51.815 E.00442
;WIDTH:0.638453
G1 F1007.501
G1 X60.549 Y51.721 E.0048
G1 X60.307 Y51.203 E.02829
;WIDTH:0.62334
G1 F1033.734
G1 X59.987 Y50.497 E.03743
G1 X59.715 Y49.773 E.0373
G1 X59.485 Y49.033 E.03743
;WIDTH:0.623054
G1 F1034.244
G1 X59.305 Y48.296 E.03659
;WIDTH:0.643797
G1 F998.54
G1 X59.177 Y47.762 E.02742
G1 X59.064 Y47.689 E.00673
;WIDTH:0.595348
G1 F1086.115
G1 X58.951 Y47.615 E.00619
;WIDTH:0.546898
G1 F1190.528
G1 X58.838 Y47.541 E.00565
;WIDTH:0.498449
G1 F1317.151
G1 X58.725 Y47.468 E.0051
;WIDTH:0.449999
G1 F1473.915
G1 X58.523 Y47.435 E.00694
G1 X58.09 Y47.542 E.01509
G1 X58.014 Y46.97 E.01954
G1 X57.952 Y46.17 E.02713
G1 X57.938 Y45.264 E.03067
G1 X60.611 Y45.422 E.09062
G1 X60.627 Y45.476 E.0019
G1 X60.649 Y46.164 E.0233
G1 X60.701 Y46.738 E.0195
G1 X60.263 Y46.872 E.0155
G1 X59.955 Y47.089 E.01275
;WIDTH:0.498449
G1 F1317.151
G1 X59.903 Y47.213 E.0051
;WIDTH:0.546898
G1 F1190.528
G1 X59.851 Y47.338 E.00565
;WIDTH:0.595348
G1 F1086.115
M204 S500
G1 X60.264 Y47.49 F7200
;TYPE:Outer wall
;WIDTH:0.449999
G1 F1473.915
G1 X60.377 Y48.091 E.0207
G1 X60.55 Y48.778 E.02401
G1 X60.764 Y49.455 E.024
G1 X61.016 Y50.118 E.024
G1 X61.306 Y50.765 E.02402
G1 X61.649 Y51.367 E.02345
G1 X61.811 Y51.383 E.00552
G1 X62.578 Y51.087 E.02782
G1 X63.073 Y51.875 E.0315
G1 X63.745 Y52.739 E.03706
G1 X61.091 Y55.097 E.12017
G1 X60.702 Y54.633 E.0205
G1 X60.036 Y53.716 E.03837
G1 X59.614 Y53.053 E.0266
G1 X59.246 Y52.374 E.02615
G1 X59.943 Y52.105 E.02529
G1 X60.03 Y52.034 E.0038
G1 X60.043 Y51.859 E.00594
G1 X59.524 Y50.727 E.04214
G1 X59.239 Y49.978 E.02714
G1 X58.999 Y49.213 E.02714
G1 X58.706 Y48.003 E.04214
G1 X58.636 Y47.899 E.00424
G1 X58.475 Y47.872 E.00552
G1 X57.761 Y48.092 E.02529
G1 X57.692 Y47.794 E.01036
G1 X57.589 Y47.028 E.02614
G1 X57.525 Y46.216 E.0276
G1 X57.505 Y45.401 E.02759
G1 X57.524 Y44.811 E.01998
G1 X61.068 Y45.02 E.12017
G1 X61.055 Y45.463 E.015
G1 X61.086 Y46.243 E.02643
G1 X61.171 Y47.041 E.02717
G1 X60.389 Y47.282 E.02767
G1 X60.297 Y47.346 E.0038
G1 X60.273 Y47.451 E.00362
M204 S10000
G1 X59.366 Y47.361 F7200
M204 S500
;TYPE:Internal solid infill
G1 F1473.915
G1 X59.611 Y46.874 E.01847
G1 X60.014 Y46.533 E.01788
G1 X60.266 Y46.449 E.00899
G1 X60.23 Y45.807 E.02174
G1 X58.348 Y45.696 E.0638
G1 X58.39 Y46.494 E.02705
G1 X58.442 Y47.039 E.01851
G1 X58.854 Y47.081 E.01401
G1 X59.331 Y47.342 E.0184
M204 S10000
G1 X59.176 Y46.746 F7200
M204 S500
;WIDTH:0.528613
G1 F1235.348
G1 X59.383 Y46.461 E.01423
G1 X59.679 Y46.222 E.01536
G1 X58.808 Y46.171 E.03524
G1 X58.851 Y46.626 E.01846
G1 X59.138 Y46.732 E.01236
M204 S10000
G1 E-.8 F1800
G1 X60.94 Y51.931 Z11.8 F7200
G1 Z11.4
G1 E.8 F1800
M204 S500
;WIDTH:0.449999
G1 F1473.915
G1 X60.749 Y52.451 E.01876
G1 X60.472 Y52.758 E.01398
G1 X60.425 Y52.783 E.00181
G1 X60.732 Y53.252 E.01895
G1 X61.19 Y53.892 E.02664
G1 X62.604 Y52.635 E.06401
G1 X62.241 Y52.109 E.02162
G1 X61.931 Y52.209 E.01102
G1 X61.457 Y52.187 E.01607
G1 X60.976 Y51.948 E.01817
M204 S10000
G1 X61.186 Y52.556 F7200
M204 S500
;WIDTH:0.528614
G1 F1235.346
G1 X61.004 Y52.856 E.01418
G1 X61.257 Y53.235 E.01839
G1 X61.91 Y52.655 E.03527
G1 X61.372 Y52.628 E.02176
G1 X61.223 Y52.571 E.00642
M204 S10000
G1 E-.8 F1800
G1 X53.603 Y52.143 Z11.8 F7200
G1 X50.198 Y51.952 Z11.8
G1 Z11.4
G1 E.8 F1800
M204 S1500
;TYPE:Inner wall
;WIDTH:0.449999
G1 F1473.915
G1 X57.777 Y49.324 E.27155
G1 X58.494 Y51.39 E.074
G1 X50.914 Y54.024 E.27162
G1 X50.211 Y51.99 E.07286
M204 S500
G1 X49.653 Y51.688 F7200
;TYPE:Outer wall
G1 F1473.915
G1 X58.042 Y48.779 E.30055
G1 X59.039 Y51.654 E.103
G1 X50.649 Y54.57 E.30065
G1 X49.666 Y51.726 E.10188
M204 S10000
G1 E-.8 F1800
G1 X57.279 Y51.188 Z11.8 F7200
G1 X57.976 Y51.139 Z11.8
G1 Z11.4
G1 E.8 F1800
M204 S500
;TYPE:Internal solid infill
G1 F1473.915
G1 X57.526 Y49.842 E.04645
G1 X50.715 Y52.204 E.24401
G1 X51.165 Y53.506 E.04664
G1 X57.938 Y51.152 E.2427
M204 S10000
G1 X57.41 Y50.864 F7200
M204 S500
;WIDTH:0.52693
G1 F1239.645
G1 X57.251 Y50.408 E.01943
G1 X51.283 Y52.479 E.25427
G1 X51.441 Y52.938 E.01953
G1 X57.372 Y50.877 E.25268
; stop printing object magic-spinning-top.stl id:730144440329 copy 0
M106 S240
;LAYER_CHANGE
;Z:11.6
;HEIGHT:0.200001
G92 E0
;_SET_FAN_SPEED_CHANGING_LAYER
; printing object magic-spinning-top.stl id:730144440329 copy 0
M204 S10000
G1 E-.8 F1800
G1 X64.286 Y47.644 Z12 F7200
G1 X69.054 Y45.414 Z12
G1 Z11.6
G1 E.8 F1800
M204 S1500
;TYPE:Inner wall
;WIDTH:0.449999
G1 F1473.915
G1 X69.77 Y47.486 E.07423
G1 X61.987 Y50.185 E.27885
G1 X61.269 Y48.113 E.07423
G1 X69.016 Y45.427 E.27755
M204 S500
G1 X69.319 Y44.869 F7200
M73 P39 R13
;TYPE:Outer wall
G1 F1473.915
G1 X70.315 Y47.751 E.10324
G1 X61.723 Y50.731 E.30784
G1 X60.723 Y47.849 E.10324
G1 X69.281 Y44.882 E.30657
M204 S10000
G1 E-.8 F1800
G1 X61.917 Y46.89 Z12 F7200
G1 X59.688 Y47.498 Z12
G1 Z11.6
G1 E.8 F1800
M204 S1500
;TYPE:Inner wall
;WIDTH:0.472382
G1 F1397.097
G1 X59.669 Y47.627 E.00463
G1 X59.743 Y47.966 E.0124
;WIDTH:0.459441
G1 F1440.504
G1 X59.978 Y48.953 E.03516
;WIDTH:0.454831
G1 F1456.625
G1 X60.202 Y49.663 E.02548
G1 X60.468 Y50.358 E.02548
;WIDTH:0.454646
G1 F1457.28
G1 X60.775 Y51.039 E.02558
;WIDTH:0.46955
G1 F1406.371
G1 X61.02 Y51.531 E.01951
G1 X61.314 Y51.822 E.01466
;WIDTH:0.449999
G1 F1473.915
G1 X61.49 Y51.878 E.00627
G1 X61.802 Y51.846 E.0106
G1 X62.402 Y51.614 E.0218
G1 X62.726 Y52.127 E.02053
G1 X63.149 Y52.695 E.02399
G1 X61.135 Y54.485 E.09118
G1 X60.571 Y53.745 E.03148
G1 X60.132 Y53.086 E.02682
G1 X59.845 Y52.602 E.01905
G1 X60.254 Y52.444 E.01484
G1 X60.499 Y52.27 E.01017
G1 X60.602 Y52.096 E.00685
;WIDTH:0.46955
G1 F1406.371
G1 X60.626 Y51.691 E.0144
G1 X60.385 Y51.172 E.0203
;WIDTH:0.454832
G1 F1456.622
G1 X60.069 Y50.471 E.02636
G1 X59.798 Y49.752 E.0263
G1 X59.566 Y49.004 E.02683
;WIDTH:0.472382
G1 F1397.097
G1 X59.261 Y47.752 E.04602
G1 X58.998 Y47.47 E.01377
;WIDTH:0.449999
G1 F1473.915
G1 X58.826 Y47.401 E.00627
G1 X58.573 Y47.397 E.00856
G1 X58.09 Y47.542 E.01707
G1 X58.015 Y46.971 E.01948
G1 X57.952 Y46.171 E.02717
G1 X57.938 Y45.264 E.0307
G1 X60.609 Y45.422 E.09056
G1 X60.627 Y45.478 E.00198
G1 X60.649 Y46.168 E.02337
G1 X60.701 Y46.738 E.01937
G1 X60.154 Y46.906 E.01937
G1 X59.831 Y47.092 E.01262
G1 X59.727 Y47.245 E.00627
;WIDTH:0.472382
G1 F1397.097
G1 X59.695 Y47.459 E.00772
M204 S500
G1 X60.1 Y47.542 F7200
;TYPE:Outer wall
;WIDTH:0.449999
G1 F1473.915
G1 X60.165 Y47.867 E.01123
G1 X60.389 Y48.824 E.03326
G1 X60.605 Y49.51 E.02433
G1 X60.861 Y50.182 E.02433
G1 X61.362 Y51.236 E.03952
G1 X61.505 Y51.438 E.00837
G1 X61.65 Y51.445 E.00493
G1 X62.578 Y51.087 E.03366
G1 X63.071 Y51.872 E.03138
G1 X63.745 Y52.739 E.03718
G1 X61.091 Y55.097 E.12017
G1 X60.702 Y54.633 E.02051
G1 X60.069 Y53.764 E.03638
G1 X59.699 Y53.197 E.0229
G1 X59.246 Y52.374 E.03182
G1 X60.099 Y52.044 E.03097
G1 X60.203 Y51.941 E.00497
G1 X60.199 Y51.799 E.0048
G1 X59.681 Y50.663 E.04227
G1 X59.399 Y49.922 E.02682
G1 X59.162 Y49.166 E.02681
G1 X58.866 Y47.953 E.04227
G1 X58.781 Y47.839 E.0048
G1 X58.635 Y47.822 E.00497
G1 X57.761 Y48.092 E.03097
G1 X57.692 Y47.794 E.01036
G1 X57.589 Y47.03 E.0261
G1 X57.525 Y46.216 E.02761
G1 X57.505 Y45.401 E.02761
G1 X57.524 Y44.811 E.01999
G1 X61.068 Y45.02 E.12017
G1 X61.055 Y45.465 E.01507
G1 X61.076 Y46.129 E.0225
G1 X61.171 Y47.041 E.03104
G1 X60.145 Y47.383 E.03658
G1 X60.111 Y47.503 E.00423
M204 S10000
G1 X59.324 Y47.233 F7200
M204 S500
;TYPE:Internal solid infill
G1 F1473.915
G1 X59.374 Y47.044 E.00662
G1 X59.572 Y46.782 E.01113
G1 X60.001 Y46.527 E.01688
G1 X60.266 Y46.446 E.00938
G1 X60.23 Y45.807 E.02164
G1 X58.348 Y45.696 E.0638
G1 X58.385 Y46.435 E.02504
G1 X58.439 Y47.013 E.01964
G1 X58.918 Y47.005 E.01618
G1 X59.248 Y47.154 E.01228
G1 X59.297 Y47.204 E.00237
M204 S10000
G1 X59.163 Y46.603 F7200
M204 S500
;WIDTH:0.479195
G1 F1375.28
G1 X59.346 Y46.425 E.00927
G1 X59.698 Y46.2 E.01514
G1 X58.783 Y46.146 E.03325
G1 X58.821 Y46.578 E.01571
G1 X59.123 Y46.6 E.011
M204 S10000
G1 E-.8 F1800
G1 X64.608 Y47.322 Z12 F7200
G1 Z11.6
G1 E.8 F1800
M204 S500
;TYPE:Sparse infill
;WIDTH:0.45
G1 F1473.913
G1 X63.07 Y47.855 E.05512
G1 X62.329 Y48.596 E.03545
G1 X61.763 Y48.483 E.01953
G1 X62.201 Y49.745 E.0452
G1 X63.002 Y49.467 E.02869
G1 X62.952 Y49.219 E.00858
G1 X63.884 Y48.287 E.04459
G1 X65.438 Y48.596 E.05364
G1 X66.369 Y47.664 E.04459
G1 X66.192 Y46.772 E.03078
G1 X67.731 Y46.239 E.05512
M204 S10000
G1 E-.8 F1800
G1 X61.968 Y51.244 Z12 F7200
G1 X61.005 Y52.08 Z12
G1 Z11.6
G1 E.8 F1800
M204 S500
;TYPE:Internal solid infill
;WIDTH:0.449999
G1 F1473.915
G1 X60.968 Y52.272 E.00662
G1 X60.797 Y52.542 E.0108
G1 X60.438 Y52.805 E.01507
G1 X60.764 Y53.3 E.02006
G1 X61.19 Y53.892 E.02468
G1 X62.604 Y52.635 E.06401
G1 X62.243 Y52.112 E.02152
G1 X61.895 Y52.239 E.01254
G1 X61.397 Y52.273 E.01689
G1 X61.086 Y52.154 E.01124
G1 X61.035 Y52.107 E.00237
M204 S10000
G1 X61.23 Y52.663 F7200
M204 S500
;WIDTH:0.478276
G1 F1378.185
G1 X61.01 Y52.911 E.01202
G1 X61.258 Y53.268 E.01575
G1 X61.938 Y52.66 E.03301
G1 X61.361 Y52.697 E.02093
G1 X61.269 Y52.673 E.00344
M204 S10000
G1 E-.8 F1800
G1 X53.653 Y52.17 Z12 F7200
G1 X50.225 Y51.943 Z12
G1 Z11.6
G1 E.8 F1800
M204 S1500
;TYPE:Inner wall
;WIDTH:0.449999
G1 F1473.915
G1 X57.998 Y49.248 E.27849
G1 X58.717 Y51.319 E.07423
G1 X50.942 Y54.015 E.27855
G1 X50.238 Y51.981 E.07287
M204 S500
G1 X49.68 Y51.678 F7200
;TYPE:Outer wall
G1 F1473.915
G1 X58.263 Y48.702 E.30749
G1 X59.262 Y51.584 E.10324
G1 X50.677 Y54.561 E.30757
G1 X49.693 Y51.716 E.10188
M204 S10000
G1 X50.807 Y52.107 F7200
M204 S500
;TYPE:Sparse infill
;WIDTH:0.45
G1 F1473.913
G1 X52.345 Y51.574 E.05512
G1 X53.003 Y51.704 E.0227
G1 X53.552 Y51.156 E.02628
G1 X56.889 Y49.998 E.11957
G1 X57.043 Y50.773 E.02674
G1 X56.112 Y51.704 E.04459
G1 X54.557 Y51.396 E.05364
G1 X53.626 Y52.327 E.04459
G1 X53.698 Y52.693 E.01262
G1 X52.16 Y53.227 E.05512
; stop printing object magic-spinning-top.stl id:730144440329 copy 0
;LAYER_CHANGE
;Z:11.8
;HEIGHT:0.2
G92 E0
;_SET_FAN_SPEED_CHANGING_LAYER
; printing object magic-spinning-top.stl id:730144440329 copy 0
M204 S10000
G1 E-.8 F1800
G1 X59.454 Y50.98 Z12.2 F7200
G1 X61.596 Y50.321 Z12.2
G1 Z11.8
G1 E.8 F1800
M204 S1500
;TYPE:Inner wall
;WIDTH:0.449999
G1 F1473.915
G1 X61.633 Y50.24 E.00303
G1 X60.957 Y48.29 E.06984
G1 X60.877 Y48.249 E.00303
G1 X68.99 Y45.436 E.29064
G1 X69.708 Y47.508 E.07423
G1 X61.634 Y50.308 E.28926
M204 S500
G1 X61.111 Y50.577 F7200
;TYPE:Outer wall
;WIDTH:0.423419
G1 F1576.877
G1 X61.052 Y50.605 E.00207
;WIDTH:0.466073
G1 F1417.927
G1 X60.993 Y50.632 E.0023
;WIDTH:0.508727
G1 F1288.087
G1 X60.934 Y50.66 E.00253
;WIDTH:0.551381
G1 F1180.032
G1 X60.875 Y50.688 E.00276
;WIDTH:0.594035
G1 F1088.702
G1 X60.816 Y50.716 E.00299
;WIDTH:0.636689
G1 F1010.494
G1 X60.756 Y50.744 E.00322
G1 X60.644 Y50.524 E.01219
;WIDTH:0.610095
G1 F1057.875
G1 X60.531 Y50.304 E.01165
;WIDTH:0.583501
G1 F1109.917
G1 X60.274 Y49.627 E.03258
;WIDTH:0.589965
G1 F1096.802
G1 X60.059 Y48.912 E.03394
;WIDTH:0.609219
G1 F1059.511
G1 X60.008 Y48.674 E.01145
;WIDTH:0.636691
G1 F1010.491
G1 X59.956 Y48.437 E.012
G1 X60.02 Y48.422 E.00322
;WIDTH:0.594037
G1 F1088.698
G1 X60.084 Y48.407 E.00299
;WIDTH:0.551383
G1 F1180.028
G1 X60.147 Y48.393 E.00276
;WIDTH:0.508729
G1 F1288.083
G1 X60.211 Y48.378 E.00253
;WIDTH:0.466075
G1 F1417.922
G1 X60.275 Y48.363 E.0023
;WIDTH:0.423421
G1 F1576.872
G1 X60.338 Y48.349 E.00207
;WIDTH:0.415383
G1 F1610.9
G1 X60.445 Y48.39 E.00355
;WIDTH:0.449999
G1 F1473.915
G1 X60.552 Y48.43 E.00388
G1 X61.228 Y50.38 E.06984
G1 X61.17 Y50.478 E.00388
;WIDTH:0.415382
G1 F1610.903
G1 X61.131 Y50.542 E.00231
M204 S10000
G1 E-.8 F1800
G1 X59.875 Y47.013 Z12.2 F7200
G1 Z11.8
G1 E.8 F1800
M204 S1500
;TYPE:Inner wall
;WIDTH:0.449999
G1 F1473.915
G1 X59.638 Y47.104 E.00858
G1 X59.524 Y47.218 E.00545
G1 X59.435 Y47.601 E.01333
G1 X59.146 Y47.334 E.01333
G1 X58.987 Y47.305 E.00545
G1 X58.775 Y47.331 E.00724
G1 X58.09 Y47.542 E.02426
G1 X58.001 Y46.806 E.0251
G1 X57.952 Y46.172 E.02152
G1 X57.938 Y45.264 E.03072
G1 X60.607 Y45.422 E.0905
G1 X60.627 Y45.48 E.00207
G1 X60.65 Y46.172 E.02343
G1 X60.701 Y46.737 E.01923
G1 X60.158 Y46.905 E.01923
G1 X59.912 Y46.999 E.00891
M204 S10000
G1 E-.8 F1800
G1 X62.402 Y51.614 Z12.2 F7200
G1 Z11.8
G1 E.8 F1800
M204 S1500
G1 F1473.915
G1 X62.724 Y52.124 E.02041
G1 X63.149 Y52.695 E.02411
G1 X61.135 Y54.485 E.09118
G1 X60.571 Y53.745 E.0315
G1 X60.131 Y53.085 E.02683
G1 X59.845 Y52.602 E.01901
G1 X60.671 Y52.254 E.03035
G1 X60.802 Y52.112 E.00654
G1 X60.864 Y51.723 E.01333
G1 X61.172 Y51.969 E.01333
G1 X61.331 Y51.987 E.00545
G1 X61.541 Y51.946 E.00724
G1 X62.365 Y51.628 E.02989
M204 S10000
G1 E-.8 F1800
G1 X59.804 Y47.575 Z12.2 F7200
G1 Z11.8
G1 E.8 F1800
M204 S500
;TYPE:Outer wall
;WIDTH:0.596766
G1 F1083.334
G1 X59.758 Y47.64 E.00369
;WIDTH:0.636691
G1 F1010.491
M73 P40 R13
G1 X59.879 Y48.085 E.02274
G1 X59.936 Y48.068 E.00293
;WIDTH:0.594037
G1 F1088.698
G1 X59.993 Y48.052 E.00272
;WIDTH:0.551383
G1 F1180.028
G1 X60.05 Y48.036 E.00251
;WIDTH:0.508729
G1 F1288.083
G1 X60.107 Y48.019 E.0023
;WIDTH:0.466075
G1 F1417.922
G1 X60.164 Y48.003 E.00209
;WIDTH:0.423421
G1 F1576.872
G1 X60.221 Y47.986 E.00188
;WIDTH:0.415383
G1 F1610.9
G1 X60.539 Y47.895 E.01024
;WIDTH:0.449999
G1 F1473.915
G1 X60.857 Y47.803 E.0112
G1 X69.255 Y44.891 E.30086
G1 X70.253 Y47.773 E.10324
G1 X61.856 Y50.684 E.30083
;WIDTH:0.496672
G1 F1322.31
G1 X61.62 Y50.78 E.0096
;WIDTH:0.543344
G1 F1198.983
G1 X61.385 Y50.876 E.01058
;WIDTH:0.590017
G1 F1096.699
G1 X61.149 Y50.972 E.01157
;WIDTH:0.636689
G1 F1010.494
G1 X60.914 Y51.068 E.01256
G1 X61.088 Y51.479 E.02204
;WIDTH:0.595439
G1 F1085.936
G1 X61.151 Y51.504 E.00311
;WIDTH:0.546959
G1 F1190.384
G1 X61.214 Y51.529 E.00284
;WIDTH:0.498479
G1 F1317.063
G1 X61.277 Y51.553 E.00256
;WIDTH:0.449999
G1 F1473.915
G1 X61.387 Y51.547 E.00374
G1 X62.578 Y51.087 E.04321
G1 X63.068 Y51.869 E.03126
G1 X63.745 Y52.739 E.03731
G1 X61.091 Y55.097 E.12017
G1 X60.701 Y54.633 E.02052
G1 X60.104 Y53.817 E.03422
G1 X59.756 Y53.293 E.0213
G1 X59.246 Y52.374 E.03557
G1 X60.406 Y51.917 E.0422
;WIDTH:0.496754
G1 F1322.069
G1 X60.449 Y51.847 E.00311
;WIDTH:0.543509
G1 F1198.588
G1 X60.493 Y51.777 E.00343
;WIDTH:0.590264
G1 F1096.203
G1 X60.536 Y51.707 E.00375
;WIDTH:0.591456
G1 F1093.821
G1 X60.523 Y51.668 E.00189
;WIDTH:0.636689
G1 F1010.494
G1 X60.31 Y51.154 E.02746
G1 X60.148 Y50.833 E.01777
;WIDTH:0.610095
G1 F1057.875
G1 X59.985 Y50.511 E.01698
;WIDTH:0.583543
G1 F1109.831
G1 X59.709 Y49.779 E.03519
;WIDTH:0.589965
G1 F1096.802
G1 X59.489 Y49.064 E.03403
;WIDTH:0.636691
G1 F1010.491
G1 X59.352 Y48.391 E.03392
G1 X59.19 Y47.815 E.02952
;WIDTH:0.596766
G1 F1083.334
G1 X59.131 Y47.791 E.00297
;WIDTH:0.547844
G1 F1188.298
G1 X59.071 Y47.766 E.0027
;WIDTH:0.498922
G1 F1315.786
G1 X59.012 Y47.741 E.00244
;WIDTH:0.449999
G1 F1473.915
G1 X58.901 Y47.74 E.00374
G1 X57.761 Y48.092 E.04039
G1 X57.692 Y47.794 E.01036
G1 X57.589 Y47.031 E.02607
G1 X57.525 Y46.217 E.02762
G1 X57.505 Y45.401 E.02762
G1 X57.524 Y44.811 E.02
G1 X61.068 Y45.02 E.12017
G1 X61.055 Y45.466 E.01513
G1 X61.076 Y46.133 E.02256
G1 X61.171 Y47.041 E.03092
G1 X59.898 Y47.445 E.04519
;WIDTH:0.498922
G1 F1315.786
G1 X59.851 Y47.51 E.00304
;WIDTH:0.547844
G1 F1188.298
G1 X59.828 Y47.543 E.00169
M204 S10000
G1 X59.23 Y46.938 F7200
M204 S500
;TYPE:Internal solid infill
;WIDTH:0.449999
G1 F1473.915
G1 X59.422 Y46.761 E.00883
G1 X59.709 Y46.617 E.01086
G1 X60.266 Y46.446 E.01975
G1 X60.23 Y45.807 E.02164
G1 X58.348 Y45.696 E.0638
G1 X58.378 Y46.37 E.02282
G1 X58.44 Y47.021 E.02213
G1 X58.955 Y46.897 E.01794
G1 X59.191 Y46.932 E.00806
M204 S10000
G1 X59.127 Y46.49 F7200
M204 S500
;WIDTH:0.420955
G1 F1587.154
G1 X59.593 Y46.242 E.01659
G1 X59.809 Y46.176 E.00709
G1 X58.751 Y46.113 E.0333
G1 X58.808 Y46.522 E.01298
G1 X59.087 Y46.494 E.00882
M204 S10000
G1 E-.8 F1800
G1 X64.067 Y47.509 Z12.2 F7200
G1 Z11.8
G1 E.8 F1800
M204 S500
;TYPE:Sparse infill
;WIDTH:0.45
G1 F1473.913
G1 X62.529 Y48.043 E.05512
G1 X62.329 Y48.242 E.00954
G1 X61.39 Y48.483 E.03281
G1 X61.868 Y49.86 E.04935
G1 X63.265 Y49.376 E.05006
G1 X63.306 Y49.219 E.00549
G1 X63.884 Y48.641 E.02766
G1 X65.438 Y48.242 E.05432
G1 X66.016 Y47.664 E.02766
G1 X66.25 Y46.752 E.03186
G1 X67.788 Y46.219 E.05512
M204 S10000
G1 E-.8 F1800
G1 X62.176 Y51.392 Z12.2 F7200
G1 X61.114 Y52.37 Z12.2
G1 Z11.8
G1 E.8 F1800
M204 S500
;TYPE:Internal solid infill
;WIDTH:0.449999
G1 F1473.915
G1 X60.88 Y52.6 E.01109
G1 X60.434 Y52.798 E.01652
G1 X60.799 Y53.353 E.02249
G1 X61.19 Y53.892 E.02251
G1 X62.604 Y52.635 E.06401
G1 X62.243 Y52.112 E.02152
G1 X61.688 Y52.326 E.02012
G1 X61.311 Y52.393 E.01295
G1 X61.154 Y52.375 E.00538
M204 S10000
G1 X61.235 Y52.817 F7200
M204 S500
;WIDTH:0.421023
G1 F1586.871
G1 X61.03 Y52.992 E.00847
G1 X61.248 Y53.315 E.01225
G1 X62.04 Y52.611 E.03331
G1 X61.729 Y52.721 E.01038
G1 X61.275 Y52.81 E.01455
M204 S10000
G1 E-.8 F1800
G1 X53.667 Y52.195 Z12.2 F7200
G1 X50.287 Y51.921 Z12.2
G1 Z11.8
G1 E.8 F1800
M73 P40 R12
M204 S1500
;TYPE:Inner wall
;WIDTH:0.449999
G1 F1473.915
G1 X58.346 Y49.127 E.2887
G1 X59.064 Y51.199 E.07423
G1 X51.005 Y53.993 E.28872
G1 X50.3 Y51.959 E.07287
M204 S500
G1 X49.742 Y51.657 F7200
;TYPE:Outer wall
G1 F1473.915
G1 X58.61 Y48.582 E.31771
G1 X59.61 Y51.463 E.10324
G1 X50.741 Y54.539 E.31774
G1 X49.755 Y51.695 E.10188
M204 S10000
G1 E-.8 F1800
G1 X52.78 Y51.423 Z12.2 F7200
G1 Z11.8
G1 E.8 F1800
M204 S500
;TYPE:Sparse infill
;WIDTH:0.45
G1 F1473.913
G1 X51.241 Y51.957 E.05512
G1 X50.871 Y52.327 E.01775
G1 X50.838 Y52.454 E.00442
G1 X51.219 Y53.553 E.03937
G1 X53.904 Y52.622 E.09619
G1 X53.979 Y52.327 E.01029
G1 X54.557 Y51.75 E.02766
G1 X56.112 Y51.351 E.05432
G1 X56.69 Y50.773 E.02766
G1 X56.888 Y49.999 E.02706
G1 X58.132 Y49.567 E.04457
G1 X58.234 Y49.862 E.01054
; stop printing object magic-spinning-top.stl id:730144440329 copy 0
M106 S235
;LAYER_CHANGE
;Z:12
;HEIGHT:0.2
G92 E0
;_SET_FAN_SPEED_CHANGING_LAYER
; printing object magic-spinning-top.stl id:730144440329 copy 0
M204 S10000
G1 E-.8 F1800
G1 X50.844 Y51.769 Z12.4 F7200
G1 X50.384 Y51.888 Z12.4
G1 Z12
G1 E.8 F1800
M204 S1500
;TYPE:Inner wall
;WIDTH:0.449999
G1 F1473.915
G1 X68.893 Y45.47 E.66311
G1 X69.611 Y47.542 E.07423
G1 X51.102 Y53.96 E.66311
G1 X50.397 Y51.926 E.07287
M204 S500
G1 X49.839 Y51.623 F7200
;TYPE:Outer wall
G1 F1473.915
G1 X69.158 Y44.924 E.69212
G1 X70.157 Y47.806 E.10324
G1 X50.838 Y54.505 E.69212
G1 X49.852 Y51.661 E.10188
M204 S10000
G1 E-.8 F1800
G1 X57.465 Y51.126 Z12.4 F7200
G1 X58.175 Y51.076 Z12.4
G1 Z12
G1 E.8 F1800
M204 S500
;TYPE:Internal solid infill
G1 F1473.915
G1 X57.724 Y49.774 E.04667
G1 X50.902 Y52.139 E.2444
G1 X51.353 Y53.442 E.04667
G1 X58.138 Y51.089 E.24305
M73 P41 R12
M204 S10000
G1 X57.607 Y50.801 F7200
M204 S500
;WIDTH:0.528763
G1 F1234.968
G1 X57.448 Y50.342 E.01963
G1 X51.47 Y52.415 E.25562
G1 X51.629 Y52.874 E.01963
G1 X57.57 Y50.814 E.254
M204 S10000
G1 X58.315 Y50.795 F7200
M204 S250
;TYPE:Bridge
;WIDTH:0.45
G1 F1473.913
M106 S255
G1 X61.805 Y49.585 E.12503
G1 X61.671 Y49.2 E.01378
G1 X58.355 Y50.35 E.11883
G1 X58.221 Y49.966 E.01378
G1 X61.711 Y48.755 E.12503
M204 S10000
G1 X62.261 Y49.659 F7200
M204 S500
;TYPE:Internal solid infill
;WIDTH:0.449999
G1 F1473.915
M106 S235
G1 X69.093 Y47.29 E.24476
G1 X68.642 Y45.988 E.04667
G1 X61.81 Y48.357 E.24476
G1 X62.248 Y49.622 E.04532
M204 S10000
G1 X62.537 Y49.091 F7200
M204 S500
;WIDTH:0.52876
G1 F1234.974
G1 X68.525 Y47.015 E.25604
G1 X68.366 Y46.556 E.01963
G1 X62.378 Y48.632 E.25605
G1 X62.524 Y49.053 E.01801
M204 S10000
G1 E-.8 F1800
G1 X62.402 Y51.614 Z12.4 F7200
G1 Z12
G1 E.8 F1800
M204 S1500
;TYPE:Inner wall
;WIDTH:0.449999
G1 F1473.915
G1 X62.722 Y52.12 E.02027
G1 X63.149 Y52.695 E.02425
G1 X61.136 Y54.485 E.09119
G1 X60.571 Y53.744 E.03152
G1 X60.13 Y53.084 E.02685
G1 X59.845 Y52.602 E.01898
G1 X62.365 Y51.628 E.09144
M204 S500
G1 X62.577 Y51.087 F7200
;TYPE:Outer wall
G1 F1473.915
G1 X63.066 Y51.866 E.03113
G1 X63.745 Y52.739 E.03744
G1 X61.091 Y55.097 E.12017
G1 X60.701 Y54.632 E.02053
G1 X60.123 Y53.846 E.03304
G1 X59.755 Y53.292 E.02251
G1 X59.246 Y52.374 E.03554
G1 X62.54 Y51.101 E.11954
M204 S10000
G1 E-.8 F1800
G1 X60.44 Y52.808 Z12.4 F7200
G1 Z12
G1 E.8 F1800
M204 S500
;TYPE:Internal solid infill
G1 F1473.915
G1 X60.818 Y53.382 E.02327
G1 X61.19 Y53.892 E.02134
G1 X62.603 Y52.635 E.06401
G1 X62.242 Y52.112 E.02153
G1 X60.477 Y52.794 E.06405
M204 S10000
G1 X61.215 Y52.914 F7200
M204 S500
;WIDTH:0.390902
G1 F1724.227
G1 X61.012 Y52.992 E.00628
G1 X61.246 Y53.337 E.01205
G1 X62.1 Y52.575 E.03312
G1 X61.252 Y52.9 E.02627
M204 S10000
G1 E-.8 F1800
G1 X60.701 Y46.737 Z12.4 F7200
G1 Z12
G1 E.8 F1800
M204 S1500
;TYPE:Inner wall
;WIDTH:0.449999
G1 F1473.915
G1 X58.09 Y47.542 E.09248
G1 X58.015 Y46.974 E.0194
G1 X57.952 Y46.172 E.02721
G1 X57.938 Y45.264 E.03074
G1 X60.606 Y45.422 E.09044
G1 X60.627 Y45.482 E.00215
G1 X60.65 Y46.175 E.02349
G1 X60.698 Y46.698 E.01775
M204 S500
G1 X61.17 Y47.041 F7200
;TYPE:Outer wall
G1 F1473.915
G1 X57.761 Y48.092 E.12076
G1 X57.692 Y47.794 E.01036
G1 X57.59 Y47.032 E.02603
G1 X57.525 Y46.218 E.02764
G1 X57.505 Y45.402 E.02763
G1 X57.524 Y44.811 E.02001
G1 X61.068 Y45.02 E.12017
G1 X61.055 Y45.468 E.01519
G1 X61.077 Y46.136 E.02262
G1 X61.166 Y47.001 E.02944
M204 S10000
G1 E-.8 F1800
G1 X58.439 Y47.008 Z12.4 F7200
G1 Z12
G1 E.8 F1800
M204 S500
;TYPE:Internal solid infill
G1 F1473.915
G1 X60.266 Y46.445 E.06471
G1 X60.23 Y45.807 E.02164
G1 X58.348 Y45.696 E.0638
G1 X58.375 Y46.334 E.02162
G1 X58.435 Y46.969 E.02156
M204 S10000
G1 X58.771 Y46.511 F7200
M204 S500
;WIDTH:0.390523
G1 F1726.107
G1 X59.864 Y46.175 E.03306
G1 X58.735 Y46.097 E.0327
G1 X58.767 Y46.471 E.01086
; stop printing object magic-spinning-top.stl id:730144440329 copy 0
M106 S242
;LAYER_CHANGE
;Z:12.2
;HEIGHT:0.2
G92 E0
;_SET_FAN_SPEED_CHANGING_LAYER
; printing object magic-spinning-top.stl id:730144440329 copy 0
M204 S10000
G1 E-.8 F1800
G1 X52.371 Y50.635 Z12.6 F7200
G1 X50.516 Y51.842 Z12.6
G1 Z12.2
G1 E.8 F1800
M204 S1500
;TYPE:Inner wall
;WIDTH:0.449999
G1 F1473.915
G1 X68.76 Y45.516 E.6536
G1 X69.479 Y47.588 E.07423
G1 X51.235 Y53.914 E.6536
G1 X50.53 Y51.88 E.07287
M204 S500
G1 X49.971 Y51.577 F7200
;TYPE:Outer wall
G1 F1473.915
G1 X69.025 Y44.97 E.68261
G1 X70.024 Y47.852 E.10324
G1 X50.971 Y54.459 E.68261
G1 X49.984 Y51.615 E.10188
M204 S10000
G1 E-.8 F1800
G1 X53.664 Y51.116 Z12.6 F7200
G1 Z12.2
G1 E.8 F1800
M204 S500
;TYPE:Sparse infill
;WIDTH:0.45
G1 F1473.913
G1 X52.126 Y51.65 E.05512
G1 X51.153 Y52.622 E.04655
G1 X51.449 Y53.473 E.03049
G1 X54.453 Y52.432 E.10764
G1 X56.885 Y50 E.11641
G1 X58.052 Y49.595 E.04179
G1 X58.18 Y49.967 E.01332
M204 S10000
G1 X58.908 Y50.822 F7200
M204 S500
;TYPE:Internal solid infill
;WIDTH:0.449999
G1 F1473.915
G1 X61.544 Y49.908 E.09445
G1 X61.092 Y48.605 E.04667
G1 X58.456 Y49.52 E.09445
G1 X58.895 Y50.784 E.04532
M204 S10000
G1 X59.183 Y50.254 F7200
M204 S500
;WIDTH:0.528761
G1 F1234.972
G1 X60.976 Y49.633 E.07665
G1 X60.817 Y49.173 E.01963
G1 X59.024 Y49.795 E.07665
G1 X59.17 Y50.216 E.01801
M204 S10000
G1 E-.8 F1800
M73 P42 R12
G1 X62.433 Y49.665 Z12.6 F7200
G1 Z12.2
G1 E.8 F1800
M204 S500
;TYPE:Sparse infill
;WIDTH:0.45
G1 F1473.913
G1 X63.971 Y49.131 E.05512
G1 X66.403 Y46.699 E.11641
G1 X68.547 Y45.956 E.0768
G1 X68.987 Y47.224 E.04544
G1 X68.73 Y47.481 E.01228
G1 X67.192 Y48.014 E.05512
M204 S10000
G1 E-.8 F1800
G1 X62.402 Y51.614 Z12.6 F7200
G1 Z12.2
G1 E.8 F1800
M204 S1500
;TYPE:Inner wall
;WIDTH:0.449999
G1 F1473.915
G1 X62.719 Y52.117 E.02015
G1 X63.149 Y52.695 E.02437
G1 X61.136 Y54.485 E.09119
G1 X60.57 Y53.744 E.03154
G1 X60.13 Y53.084 E.02686
G1 X59.845 Y52.602 E.01894
G1 X62.365 Y51.628 E.09144
M204 S500
G1 X62.577 Y51.087 F7200
;TYPE:Outer wall
G1 F1473.915
G1 X63.064 Y51.863 E.03101
G1 X63.745 Y52.739 E.03756
G1 X61.091 Y55.097 E.12018
G1 X60.701 Y54.632 E.02055
G1 X60.123 Y53.846 E.03303
G1 X59.755 Y53.291 E.02254
G1 X59.246 Y52.374 E.03551
G1 X62.54 Y51.101 E.11954
M204 S10000
G1 E-.8 F1800
G1 X60.44 Y52.808 Z12.6 F7200
G1 Z12.2
G1 E.8 F1800
M204 S500
;TYPE:Internal solid infill
G1 F1473.915
G1 X60.818 Y53.382 E.02327
G1 X61.19 Y53.892 E.02134
G1 X62.603 Y52.636 E.064
G1 X62.242 Y52.112 E.02153
G1 X60.477 Y52.794 E.06404
M204 S10000
G1 X61.215 Y52.914 F7200
M204 S500
;WIDTH:0.390905
G1 F1724.212
G1 X61.012 Y52.992 E.00628
G1 X61.246 Y53.337 E.01205
G1 X62.1 Y52.575 E.03312
G1 X61.252 Y52.9 E.02627
M204 S10000
G1 E-.8 F1800
G1 X60.701 Y46.737 Z12.6 F7200
G1 Z12.2
G1 E.8 F1800
M204 S1500
;TYPE:Inner wall
;WIDTH:0.449999
G1 F1473.915
G1 X58.09 Y47.542 E.09248
G1 X58.015 Y46.975 E.01937
G1 X57.953 Y46.173 E.02722
G1 X57.938 Y45.264 E.03076
G1 X60.604 Y45.422 E.09038
G1 X60.627 Y45.484 E.00224
G1 X60.65 Y46.179 E.02356
G1 X60.698 Y46.698 E.01762
M204 S500
G1 X61.17 Y47.041 F7200
;TYPE:Outer wall
G1 F1473.915
G1 X57.761 Y48.092 E.12076
G1 X57.692 Y47.794 E.01036
G1 X57.59 Y47.033 E.026
G1 X57.525 Y46.218 E.02765
G1 X57.505 Y45.402 E.02764
G1 X57.524 Y44.811 E.02002
G1 X61.068 Y45.02 E.12018
G1 X61.055 Y45.47 E.01525
G1 X61.077 Y46.14 E.02269
G1 X61.166 Y47.001 E.02932
M204 S10000
G1 E-.8 F1800
G1 X58.439 Y47.008 Z12.6 F7200
G1 Z12.2
G1 E.8 F1800
M204 S500
;TYPE:Internal solid infill
G1 F1473.915
G1 X60.266 Y46.445 E.06472
G1 X60.23 Y45.807 E.02163
G1 X58.348 Y45.696 E.0638
G1 X58.375 Y46.334 E.02162
G1 X58.435 Y46.969 E.02156
M204 S10000
G1 X58.771 Y46.511 F7200
M204 S500
;WIDTH:0.390525
G1 F1726.097
G1 X59.864 Y46.175 E.03306
G1 X58.735 Y46.097 E.0327
G1 X58.767 Y46.471 E.01086
; stop printing object magic-spinning-top.stl id:730144440329 copy 0
;LAYER_CHANGE
;Z:12.4
;HEIGHT:0.2
G92 E0
;_SET_FAN_SPEED_CHANGING_LAYER
; printing object magic-spinning-top.stl id:730144440329 copy 0
M204 S10000
G1 E-.8 F1800
G1 X52.393 Y50.669 Z12.8 F7200
G1 X50.717 Y51.772 Z12.8
G1 Z12.4
G1 E.8 F1800
M204 S1500
;TYPE:Inner wall
;WIDTH:0.449999
G1 F1473.915
G1 X68.563 Y45.584 E.63936
G1 X69.278 Y47.657 E.07423
G1 X51.432 Y53.845 E.63935
G1 X50.73 Y51.81 E.07287
M204 S500
G1 X50.173 Y51.507 F7200
;TYPE:Outer wall
G1 F1473.915
G1 X68.829 Y45.038 E.66837
G1 X69.823 Y47.922 E.10324
G1 X51.167 Y54.391 E.66836
G1 X50.186 Y51.545 E.10188
M204 S10000
G1 E-.8 F1800
G1 X51.628 Y53.608 Z12.8 F7200
G1 Z12.4
G1 E.8 F1800
M204 S500
;TYPE:Top surface
;WIDTH:0.432144
G1 F1541.529
G1 X52.672 Y52.563 E.04781
M204 S10000
G1 X52.531 Y52.155 F7200
M204 S500
G1 F1541.529
G1 X51.406 Y53.279 E.05146
M204 S10000
G1 X51.265 Y52.869 F7200
M204 S500
G1 F1541.529
G1 X52.389 Y51.746 E.05143
M204 S10000
G1 X52.133 Y51.451 F7200
M204 S500
G1 F1541.529
G1 X51.124 Y52.46 E.04619
M204 S10000
G1 X52.991 Y52.807 F7200
M204 S500
;TYPE:Sparse infill
;WIDTH:0.45
G1 F1473.913
G1 X53.032 Y52.924 E.0042
G1 X54.453 Y52.432 E.05092
G1 X56.885 Y50 E.11641
G1 X58.423 Y49.466 E.05512
M204 S10000
G1 X57.674 Y51.315 F7200
M204 S500
G1 F1473.913
G1 X59.212 Y50.781 E.05512
G1 X61.644 Y48.35 E.11641
G1 X63.182 Y47.816 E.05512
M204 S10000
G1 X62.433 Y49.665 F7200
M204 S500
G1 F1473.913
G1 X63.971 Y49.131 E.05512
G1 X66.403 Y46.699 E.11641
G1 X66.963 Y46.505 E.02008
G1 X67.303 Y47.483 E.03503
M204 S10000
G1 X68.871 Y46.969 F7200
M204 S500
;TYPE:Top surface
;WIDTH:0.432148
G1 F1541.513
G1 X67.862 Y47.979 E.0462
M204 S10000
G1 X67.606 Y47.684 F7200
M204 S500
G1 F1541.513
G1 X68.73 Y46.56 E.05143
M204 S10000
G1 X68.589 Y46.15 F7200
M204 S500
G1 F1541.513
G1 X67.465 Y47.275 E.05146
M204 S10000
G1 X67.323 Y46.866 F7200
M204 S500
G1 F1541.513
G1 X68.367 Y45.822 E.04781
M204 S10000
G1 E-.8 F1800
G1 X62.892 Y51.139 Z12.8 F7200
G1 X62.402 Y51.614 Z12.8
G1 Z12.4
G1 E.8 F1800
M204 S1500
;TYPE:Inner wall
;WIDTH:0.449999
G1 F1473.915
G1 X62.718 Y52.116 E.02008
G1 X63.149 Y52.695 E.02444
G1 X61.136 Y54.484 E.09119
G1 X60.57 Y53.743 E.03157
G1 X60.129 Y53.083 E.02687
G1 X59.845 Y52.602 E.01891
G1 X62.365 Y51.628 E.09144
M204 S500
G1 X62.577 Y51.087 F7200
;TYPE:Outer wall
G1 F1473.915
G1 X63.063 Y51.861 E.03094
G1 X63.745 Y52.739 E.03763
G1 X61.091 Y55.097 E.12018
G1 X60.701 Y54.632 E.02056
G1 X60.123 Y53.846 E.03302
G1 X59.754 Y53.29 E.02257
G1 X59.246 Y52.374 E.03547
G1 X62.54 Y51.101 E.11954
M204 S10000
G1 E-.8 F1800
G1 X60.44 Y52.808 Z12.8 F7200
G1 Z12.4
G1 E.8 F1800
M204 S500
;TYPE:Internal solid infill
G1 F1473.915
G1 X60.818 Y53.382 E.02327
G1 X61.19 Y53.892 E.02134
G1 X62.603 Y52.636 E.064
G1 X62.242 Y52.112 E.02153
G1 X60.477 Y52.794 E.06404
M204 S10000
G1 X61.215 Y52.914 F7200
M73 P43 R12
M204 S500
;WIDTH:0.390907
G1 F1724.203
G1 X61.012 Y52.992 E.00628
G1 X61.246 Y53.337 E.01205
G1 X62.1 Y52.575 E.03311
G1 X61.252 Y52.9 E.02627
M204 S10000
G1 E-.8 F1800
G1 X60.701 Y46.737 Z12.8 F7200
G1 Z12.4
G1 E.8 F1800
M204 S1500
;TYPE:Inner wall
;WIDTH:0.449999
G1 F1473.915
G1 X58.09 Y47.542 E.09249
G1 X58.015 Y46.976 E.01933
G1 X57.953 Y46.174 E.02723
G1 X57.938 Y45.264 E.03078
G1 X60.602 Y45.422 E.09032
G1 X60.627 Y45.486 E.00232
G1 X60.65 Y46.183 E.02362
G1 X60.698 Y46.698 E.01749
M204 S500
G1 X61.17 Y47.041 F7200
;TYPE:Outer wall
G1 F1473.915
G1 X57.761 Y48.092 E.12076
G1 X57.692 Y47.794 E.01036
G1 X57.59 Y47.034 E.02596
G1 X57.525 Y46.219 E.02766
G1 X57.505 Y45.402 E.02765
G1 X57.524 Y44.811 E.02004
G1 X61.068 Y45.02 E.12018
G1 X61.055 Y45.472 E.01531
G1 X61.077 Y46.144 E.02275
G1 X61.166 Y47.001 E.0292
M204 S10000
G1 E-.8 F1800
G1 X58.439 Y47.008 Z12.8 F7200
G1 Z12.4
G1 E.8 F1800
M204 S500
;TYPE:Internal solid infill
G1 F1473.915
G1 X60.266 Y46.445 E.06472
G1 X60.23 Y45.807 E.02163
G1 X58.348 Y45.696 E.0638
G1 X58.375 Y46.335 E.02162
G1 X58.435 Y46.969 E.02156
M204 S10000
G1 X58.771 Y46.511 F7200
M204 S500
;WIDTH:0.39053
G1 F1726.072
G1 X59.859 Y46.176 E.03292
G1 X58.735 Y46.097 E.03257
G1 X58.767 Y46.472 E.01086
; stop printing object magic-spinning-top.stl id:730144440329 copy 0
M106 S245
;LAYER_CHANGE
;Z:12.6
;HEIGHT:0.200001
G92 E0
;_SET_FAN_SPEED_CHANGING_LAYER
; printing object magic-spinning-top.stl id:730144440329 copy 0
M204 S10000
G1 E-.8 F1800
G1 X52.535 Y50.877 Z13 F7200
G1 X51.801 Y51.396 Z13
G1 Z12.6
G1 E.8 F1800
M204 S1500
;TYPE:Inner wall
;WIDTH:0.449999
G1 F1473.915
G1 X67.476 Y45.961 E.56158
G1 X68.194 Y48.033 E.07423
G1 X52.519 Y53.468 E.56158
G1 X51.814 Y51.434 E.07287
M204 S500
G1 X51.256 Y51.132 F7200
;TYPE:Outer wall
G1 F1473.915
G1 X67.74 Y45.416 E.59059
G1 X68.74 Y48.297 E.10324
G1 X52.255 Y54.014 E.59059
G1 X51.269 Y51.17 E.10188
M204 S10000
G1 E-.8 F1800
G1 X52.915 Y52.965 Z13 F7200
G1 Z12.6
G1 E.8 F1800
M204 S500
;TYPE:Sparse infill
;WIDTH:0.45
G1 F1473.913
G1 X54.453 Y52.432 E.05512
G1 X56.885 Y50 E.11641
G1 X58.423 Y49.466 E.05512
M204 S10000
G1 X57.674 Y51.315 F7200
M204 S500
G1 F1473.913
G1 X59.212 Y50.781 E.05512
G1 X61.644 Y48.35 E.11641
G1 X63.182 Y47.816 E.05512
M204 S10000
G1 X62.433 Y49.665 F7200
M204 S500
G1 F1473.913
G1 X63.971 Y49.131 E.05512
G1 X66.403 Y46.699 E.11641
G1 X67.262 Y46.401 E.03079
G1 X67.498 Y47.08 E.02432
M204 S10000
G1 E-.8 F1800
G1 X62.402 Y51.614 Z13 F7200
G1 Z12.6
G1 E.8 F1800
M204 S1500
;TYPE:Inner wall
;WIDTH:0.449999
G1 F1473.915
G1 X62.719 Y52.116 E.02008
G1 X63.149 Y52.695 E.02443
G1 X61.136 Y54.484 E.09119
G1 X60.569 Y53.743 E.03159
G1 X60.129 Y53.082 E.02688
G1 X59.845 Y52.602 E.01888
G1 X62.365 Y51.628 E.09144
M204 S500
G1 X62.577 Y51.087 F7200
;TYPE:Outer wall
G1 F1473.915
G1 X63.063 Y51.861 E.03095
G1 X63.745 Y52.739 E.03762
G1 X61.091 Y55.097 E.12018
G1 X60.701 Y54.632 E.02057
G1 X60.123 Y53.846 E.03301
G1 X59.754 Y53.289 E.0226
G1 X59.246 Y52.374 E.03544
G1 X62.54 Y51.101 E.11954
M204 S10000
G1 E-.8 F1800
G1 X60.44 Y52.808 Z13 F7200
G1 Z12.6
G1 E.8 F1800
M204 S500
;TYPE:Internal solid infill
G1 F1473.915
G1 X60.818 Y53.382 E.02326
G1 X61.19 Y53.892 E.02134
G1 X62.603 Y52.636 E.064
G1 X62.242 Y52.112 E.02153
G1 X60.477 Y52.794 E.06404
M204 S10000
G1 X61.215 Y52.914 F7200
M204 S500
;WIDTH:0.390908
G1 F1724.197
G1 X61.012 Y52.992 E.00628
G1 X61.246 Y53.337 E.01205
G1 X62.1 Y52.575 E.03311
G1 X61.252 Y52.9 E.02626
M204 S10000
G1 E-.8 F1800
G1 X60.701 Y46.737 Z13 F7200
G1 Z12.6
G1 E.8 F1800
M204 S1500
;TYPE:Inner wall
;WIDTH:0.449999
G1 F1473.915
G1 X58.09 Y47.542 E.09249
G1 X58.015 Y46.977 E.01929
G1 X57.953 Y46.174 E.02725
G1 X57.938 Y45.264 E.0308
G1 X60.6 Y45.421 E.09026
G1 X60.627 Y45.487 E.00241
G1 X60.65 Y46.187 E.02369
G1 X60.698 Y46.697 E.01736
M204 S500
G1 X61.17 Y47.041 F7200
;TYPE:Outer wall
G1 F1473.915
G1 X57.761 Y48.092 E.12076
G1 X57.692 Y47.794 E.01036
G1 X57.59 Y47.035 E.02592
G1 X57.525 Y46.22 E.02767
G1 X57.505 Y45.403 E.02766
G1 X57.524 Y44.811 E.02005
G1 X61.068 Y45.02 E.12018
G1 X61.055 Y45.474 E.01538
G1 X61.077 Y46.147 E.02281
G1 X61.166 Y47.001 E.02907
M204 S10000
G1 E-.8 F1800
G1 X58.439 Y47.008 Z13 F7200
G1 Z12.6
G1 E.8 F1800
M204 S500
;TYPE:Internal solid infill
G1 F1473.915
G1 X60.266 Y46.445 E.06472
G1 X60.23 Y45.807 E.02163
G1 X58.348 Y45.696 E.0638
G1 X58.375 Y46.335 E.02162
G1 X58.435 Y46.969 E.02156
M204 S10000
G1 X58.771 Y46.511 F7200
M204 S500
;WIDTH:0.390533
G1 F1726.057
G1 X59.864 Y46.174 E.03307
G1 X58.735 Y46.097 E.0327
G1 X58.767 Y46.472 E.01086
; stop printing object magic-spinning-top.stl id:730144440329 copy 0
;LAYER_CHANGE
;Z:12.8
;HEIGHT:0.2
G92 E0
;_SET_FAN_SPEED_CHANGING_LAYER
; printing object magic-spinning-top.stl id:730144440329 copy 0
M204 S10000
G1 E-.8 F1800
G1 X52.552 Y50.901 Z13.2 F7200
G1 X51.91 Y51.359 Z13.2
G1 Z12.8
G1 E.8 F1800
M204 S1500
;TYPE:Inner wall
;WIDTH:0.449999
G1 F1473.915
G1 X67.367 Y45.999 E.55376
G1 X68.085 Y48.071 E.07423
G1 X52.628 Y53.431 E.55376
G1 X51.923 Y51.396 E.07287
M73 P44 R12
M204 S500
G1 X51.365 Y51.094 F7200
;TYPE:Outer wall
G1 F1473.915
G1 X67.631 Y45.454 E.58277
G1 X68.631 Y48.335 E.10324
G1 X52.364 Y53.976 E.58277
G1 X51.378 Y51.132 E.10188
M204 S10000
G1 E-.8 F1800
G1 X52.915 Y52.965 Z13.2 F7200
G1 Z12.8
G1 E.8 F1800
M204 S500
;TYPE:Sparse infill
;WIDTH:0.45
G1 F1473.913
G1 X54.453 Y52.432 E.05512
G1 X56.885 Y50 E.11641
G1 X58.423 Y49.466 E.05512
M204 S10000
G1 X57.674 Y51.315 F7200
M204 S500
G1 F1473.913
G1 X59.212 Y50.781 E.05512
G1 X61.644 Y48.35 E.11641
G1 X63.182 Y47.816 E.05512
M204 S10000
G1 X62.433 Y49.665 F7200
M204 S500
G1 F1473.913
G1 X63.971 Y49.131 E.05512
G1 X66.403 Y46.699 E.11641
G1 X67.153 Y46.439 E.02689
G1 X67.427 Y47.227 E.02823
M204 S10000
G1 E-.8 F1800
G1 X62.402 Y51.614 Z13.2 F7200
G1 Z12.8
G1 E.8 F1800
M204 S1500
;TYPE:Inner wall
;WIDTH:0.449999
G1 F1473.915
G1 X62.719 Y52.116 E.02009
G1 X63.149 Y52.695 E.02443
G1 X61.136 Y54.484 E.09119
G1 X60.569 Y53.742 E.03161
G1 X60.128 Y53.081 E.02689
G1 X59.845 Y52.602 E.01884
G1 X62.364 Y51.628 E.09143
M204 S500
G1 X62.577 Y51.087 F7200
;TYPE:Outer wall
G1 F1473.915
G1 X63.064 Y51.862 E.03096
G1 X63.745 Y52.739 E.0376
G1 X61.091 Y55.097 E.12018
G1 X60.7 Y54.631 E.02058
G1 X60.123 Y53.846 E.033
G1 X59.753 Y53.289 E.02264
G1 X59.246 Y52.374 E.03541
G1 X62.54 Y51.101 E.11954
M204 S10000
G1 E-.8 F1800
G1 X60.44 Y52.808 Z13.2 F7200
G1 Z12.8
G1 E.8 F1800
M204 S500
;TYPE:Internal solid infill
G1 F1473.915
G1 X60.818 Y53.382 E.02326
G1 X61.19 Y53.892 E.02134
G1 X62.603 Y52.636 E.064
G1 X62.242 Y52.112 E.02153
G1 X60.477 Y52.794 E.06404
M204 S10000
G1 X61.215 Y52.914 F7200
M204 S500
;WIDTH:0.390909
G1 F1724.192
G1 X61.012 Y52.992 E.00628
G1 X61.246 Y53.337 E.01205
G1 X62.099 Y52.575 E.03311
G1 X61.252 Y52.9 E.02626
M204 S10000
G1 E-.8 F1800
G1 X60.702 Y46.737 Z13.2 F7200
G1 Z12.8
G1 E.8 F1800
M204 S1500
;TYPE:Inner wall
;WIDTH:0.449999
G1 F1473.915
G1 X58.09 Y47.542 E.09249
G1 X58.015 Y46.978 E.01926
G1 X57.953 Y46.175 E.02726
G1 X57.938 Y45.264 E.03082
G1 X60.628 Y45.423 E.09119
G1 X60.651 Y46.191 E.02599
G1 X60.698 Y46.697 E.01723
M204 S500
G1 X61.17 Y47.041 F7200
;TYPE:Outer wall
G1 F1473.915
G1 X57.761 Y48.092 E.12076
G1 X57.692 Y47.794 E.01036
G1 X57.59 Y47.036 E.02589
G1 X57.525 Y46.22 E.02768
G1 X57.505 Y45.403 E.02768
G1 X57.524 Y44.811 E.02006
G1 X61.068 Y45.02 E.12018
G1 X61.055 Y45.476 E.01544
G1 X61.077 Y46.151 E.02287
G1 X61.166 Y47.002 E.02895
M204 S10000
G1 E-.8 F1800
G1 X58.439 Y47.008 Z13.2 F7200
G1 Z12.8
G1 E.8 F1800
M204 S500
;TYPE:Internal solid infill
G1 F1473.915
G1 X60.266 Y46.445 E.06472
G1 X60.23 Y45.807 E.02163
G1 X58.348 Y45.696 E.0638
G1 X58.375 Y46.335 E.02162
G1 X58.435 Y46.969 E.02156
M204 S10000
G1 X58.771 Y46.511 F7200
M204 S500
;WIDTH:0.390538
G1 F1726.033
G1 X59.864 Y46.174 E.03307
G1 X58.735 Y46.097 E.03271
G1 X58.767 Y46.472 E.01086
; stop printing object magic-spinning-top.stl id:730144440329 copy 0
M106 S247
;LAYER_CHANGE
;Z:13
;HEIGHT:0.2
G92 E0
;_SET_FAN_SPEED_CHANGING_LAYER
; printing object magic-spinning-top.stl id:730144440329 copy 0
M204 S10000
G1 E-.8 F1800
G1 X52.569 Y50.925 Z13.4 F7200
G1 X52.019 Y51.321 Z13.4
G1 Z13
G1 E.8 F1800
M204 S1500
;TYPE:Inner wall
;WIDTH:0.449999
G1 F1473.915
G1 X67.258 Y46.037 E.54594
G1 X67.976 Y48.109 E.07423
G1 X52.737 Y53.393 E.54594
G1 X52.032 Y51.359 E.07287
M204 S500
G1 X51.474 Y51.056 F7200
;TYPE:Outer wall
G1 F1473.915
G1 X67.522 Y45.491 E.57495
G1 X68.521 Y48.373 E.10324
G1 X52.473 Y53.938 E.57495
G1 X51.487 Y51.094 E.10188
M204 S10000
G1 E-.8 F1800
G1 X52.938 Y52.916 Z13.4 F7200
G1 Z13
G1 E.8 F1800
M204 S500
;TYPE:Sparse infill
;WIDTH:0.45
G1 F1473.913
G1 X52.951 Y52.952 E.0013
G1 X54.453 Y52.432 E.05382
G1 X56.885 Y50 E.11641
G1 X58.423 Y49.466 E.05512
M204 S10000
G1 X57.674 Y51.315 F7200
M204 S500
G1 F1473.913
G1 X59.212 Y50.781 E.05512
G1 X61.644 Y48.35 E.11641
G1 X63.182 Y47.816 E.05512
M204 S10000
G1 X62.433 Y49.665 F7200
M204 S500
G1 F1473.913
G1 X63.971 Y49.131 E.05512
G1 X66.403 Y46.699 E.11641
G1 X67.044 Y46.477 E.02298
G1 X67.355 Y47.374 E.03214
M204 S10000
G1 E-.8 F1800
G1 X62.402 Y51.614 Z13.4 F7200
G1 Z13
G1 E.8 F1800
M204 S1500
;TYPE:Inner wall
;WIDTH:0.449999
G1 F1473.915
G1 X62.719 Y52.116 E.0201
G1 X63.149 Y52.695 E.02442
G1 X61.136 Y54.484 E.09119
G1 X60.569 Y53.741 E.03163
G1 X60.128 Y53.08 E.02691
G1 X59.845 Y52.602 E.01881
G1 X62.364 Y51.628 E.09143
M204 S500
G1 X62.577 Y51.087 F7200
M73 P44 R11
;TYPE:Outer wall
G1 F1473.915
G1 X63.064 Y51.862 E.03097
G1 X63.745 Y52.739 E.03759
G1 X61.091 Y55.097 E.12018
G1 X60.7 Y54.631 E.0206
M73 P45 R11
G1 X60.123 Y53.846 E.03299
G1 X59.753 Y53.288 E.02267
G1 X59.246 Y52.374 E.03537
G1 X62.54 Y51.101 E.11954
M204 S10000
G1 E-.8 F1800
G1 X60.44 Y52.808 Z13.4 F7200
G1 Z13
G1 E.8 F1800
M204 S500
;TYPE:Internal solid infill
G1 F1473.915
G1 X60.818 Y53.382 E.02326
G1 X61.19 Y53.892 E.02134
G1 X62.603 Y52.636 E.064
G1 X62.242 Y52.112 E.02153
G1 X60.477 Y52.794 E.06403
M204 S10000
G1 X61.215 Y52.914 F7200
M204 S500
;WIDTH:0.39091
G1 F1724.187
G1 X61.012 Y52.992 E.00628
G1 X61.246 Y53.337 E.01205
G1 X62.099 Y52.575 E.0331
G1 X61.252 Y52.9 E.02626
M204 S10000
G1 E-.8 F1800
G1 X60.702 Y46.737 Z13.4 F7200
G1 Z13
G1 E.8 F1800
M204 S1500
;TYPE:Inner wall
;WIDTH:0.449999
G1 F1473.915
G1 X58.09 Y47.542 E.0925
G1 X58.015 Y46.979 E.01923
G1 X57.953 Y46.176 E.02727
G1 X57.938 Y45.264 E.03085
G1 X60.628 Y45.423 E.09119
G1 X60.651 Y46.194 E.02612
G1 X60.698 Y46.697 E.0171
M204 S500
G1 X61.17 Y47.041 F7200
;TYPE:Outer wall
G1 F1473.915
G1 X57.761 Y48.092 E.12075
G1 X57.692 Y47.794 E.01036
G1 X57.59 Y47.037 E.02586
G1 X57.525 Y46.221 E.02769
G1 X57.505 Y45.403 E.02769
G1 X57.524 Y44.811 E.02007
G1 X61.068 Y45.02 E.12018
G1 X61.055 Y45.477 E.0155
G1 X61.078 Y46.155 E.02293
G1 X61.166 Y47.002 E.02883
M204 S10000
G1 E-.8 F1800
G1 X58.439 Y47.008 Z13.4 F7200
G1 Z13
G1 E.8 F1800
M204 S500
;TYPE:Internal solid infill
G1 F1473.915
G1 X60.266 Y46.445 E.06472
G1 X60.23 Y45.807 E.02163
G1 X58.348 Y45.696 E.06381
G1 X58.375 Y46.335 E.02162
G1 X58.435 Y46.969 E.02156
M204 S10000
G1 X58.771 Y46.511 F7200
M204 S500
;WIDTH:0.390541
G1 F1726.018
G1 X59.864 Y46.174 E.03308
G1 X58.735 Y46.097 E.03271
G1 X58.767 Y46.472 E.01086
; stop printing object magic-spinning-top.stl id:730144440329 copy 0
;LAYER_CHANGE
;Z:13.2
;HEIGHT:0.2
G92 E0
;_SET_FAN_SPEED_CHANGING_LAYER
; printing object magic-spinning-top.stl id:730144440329 copy 0
M204 S10000
G1 X60.702 Y46.737 Z13.2 F7200
M204 S1500
;TYPE:Inner wall
;WIDTH:0.449999
G1 F1473.915
G1 X58.09 Y47.542 E.0925
G1 X58.015 Y46.98 E.01919
G1 X57.953 Y46.176 E.02729
G1 X57.938 Y45.264 E.03087
G1 X60.628 Y45.423 E.0912
G1 X60.651 Y46.198 E.02625
G1 X60.698 Y46.697 E.01697
M204 S500
G1 X61.17 Y47.041 F7200
;TYPE:Outer wall
G1 F1473.915
G1 X57.761 Y48.092 E.12075
G1 X57.692 Y47.794 E.01036
G1 X57.59 Y47.038 E.02582
G1 X57.525 Y46.222 E.02771
G1 X57.505 Y45.404 E.0277
G1 X57.524 Y44.811 E.02008
G1 X61.068 Y45.02 E.12018
G1 X61.055 Y45.479 E.01556
G1 X61.078 Y46.158 E.02299
G1 X61.166 Y47.002 E.0287
M204 S10000
G1 E-.8 F1800
G1 X58.439 Y47.008 Z13.6 F7200
G1 Z13.2
G1 E.8 F1800
M204 S500
;TYPE:Internal solid infill
G1 F1473.915
G1 X60.266 Y46.445 E.06472
G1 X60.23 Y45.807 E.02164
G1 X58.348 Y45.696 E.06381
G1 X58.375 Y46.335 E.02162
G1 X58.435 Y46.969 E.02156
M204 S10000
G1 X58.771 Y46.511 F7200
M204 S500
;WIDTH:0.390547
G1 F1725.988
G1 X59.864 Y46.174 E.03308
G1 X58.735 Y46.097 E.03271
G1 X58.767 Y46.472 E.01086
M204 S10000
G1 E-.8 F1800
G1 X62.402 Y51.614 Z13.6 F7200
G1 Z13.2
G1 E.8 F1800
M204 S1500
;TYPE:Inner wall
;WIDTH:0.449999
G1 F1473.915
G1 X62.719 Y52.116 E.02011
G1 X63.149 Y52.695 E.02441
G1 X61.136 Y54.484 E.0912
G1 X60.568 Y53.741 E.03166
G1 X60.127 Y53.079 E.02692
G1 X59.845 Y52.602 E.01877
G1 X62.364 Y51.629 E.09143
M204 S500
G1 X62.577 Y51.087 F7200
;TYPE:Outer wall
G1 F1473.915
G1 X63.064 Y51.862 E.03098
G1 X63.745 Y52.739 E.03758
G1 X61.091 Y55.097 E.12018
G1 X60.7 Y54.631 E.02061
G1 X60.123 Y53.846 E.03298
G1 X59.752 Y53.287 E.0227
G1 X59.246 Y52.374 E.03534
G1 X62.54 Y51.101 E.11953
M204 S10000
G1 E-.8 F1800
G1 X60.44 Y52.808 Z13.6 F7200
G1 Z13.2
G1 E.8 F1800
M204 S500
;TYPE:Internal solid infill
G1 F1473.915
G1 X60.818 Y53.382 E.02326
G1 X61.19 Y53.892 E.02134
G1 X62.603 Y52.636 E.064
G1 X62.242 Y52.112 E.02153
G1 X60.477 Y52.794 E.06403
M204 S10000
G1 X61.215 Y52.914 F7200
M204 S500
;WIDTH:0.390912
G1 F1724.178
G1 X61.012 Y52.992 E.00628
G1 X61.246 Y53.337 E.01205
G1 X62.099 Y52.575 E.0331
G1 X61.252 Y52.9 E.02626
M204 S10000
G1 E-.8 F1800
G1 X53.736 Y51.568 Z13.6 F7200
G1 X52.128 Y51.283 Z13.6
G1 Z13.2
G1 E.8 F1800
M204 S1500
;TYPE:Inner wall
;WIDTH:0.449999
G1 F1473.915
G1 X67.149 Y46.075 E.53813
G1 X67.867 Y48.146 E.07423
G1 X52.847 Y53.355 E.53813
G1 X52.141 Y51.321 E.07287
M204 S500
G1 X51.583 Y51.018 F7200
;TYPE:Outer wall
G1 F1473.915
G1 X67.413 Y45.529 E.56714
G1 X68.412 Y48.411 E.10324
G1 X52.582 Y53.9 E.56714
G1 X51.596 Y51.056 E.10188
M204 S10000
G1 E-.8 F1800
G1 X53.01 Y52.769 Z13.6 F7200
G1 Z13.2
G1 E.8 F1800
M204 S500
;TYPE:Sparse infill
;WIDTH:0.45
G1 F1473.913
G1 X53.06 Y52.915 E.00521
G1 X54.453 Y52.432 E.04991
G1 X56.885 Y50 E.11641
G1 X58.423 Y49.466 E.05512
M204 S10000
G1 X57.674 Y51.315 F7200
M204 S500
G1 F1473.913
G1 X59.212 Y50.781 E.05512
G1 X61.644 Y48.35 E.11641
G1 X63.182 Y47.816 E.05512
M204 S10000
G1 X62.433 Y49.665 F7200
M204 S500
G1 F1473.913
G1 X63.971 Y49.131 E.05512
G1 X66.403 Y46.699 E.11641
G1 X66.935 Y46.515 E.01907
G1 X67.284 Y47.521 E.03605
; stop printing object magic-spinning-top.stl id:730144440329 copy 0
;LAYER_CHANGE
;Z:13.4
;HEIGHT:0.2
G92 E0
;_SET_FAN_SPEED_CHANGING_LAYER
; printing object magic-spinning-top.stl id:730144440329 copy 0
M204 S10000
G1 E-.8 F1800
G1 X60.702 Y46.737 Z13.8 F7200
G1 Z13.4
G1 E.8 F1800
M204 S1500
;TYPE:Inner wall
;WIDTH:0.449999
G1 F1473.915
G1 X58.09 Y47.542 E.09251
G1 X58.016 Y46.981 E.01916
G1 X57.953 Y46.177 E.0273
G1 X57.938 Y45.264 E.03089
G1 X60.628 Y45.423 E.0912
G1 X60.651 Y46.202 E.02638
G1 X60.698 Y46.697 E.01684
M204 S500
G1 X61.17 Y47.041 F7200
;TYPE:Outer wall
G1 F1473.915
G1 X57.761 Y48.092 E.12075
G1 X57.692 Y47.794 E.01036
G1 X57.59 Y47.039 E.02579
G1 X57.525 Y46.222 E.02772
M73 P46 R11
G1 X57.505 Y45.404 E.02771
G1 X57.524 Y44.811 E.02009
G1 X61.068 Y45.02 E.12018
G1 X61.055 Y45.481 E.01562
G1 X61.078 Y46.162 E.02305
G1 X61.166 Y47.002 E.02858
M204 S10000
G1 E-.8 F1800
G1 X58.439 Y47.008 Z13.8 F7200
G1 Z13.4
G1 E.8 F1800
M204 S500
;TYPE:Internal solid infill
G1 F1473.915
G1 X60.266 Y46.445 E.06472
G1 X60.23 Y45.807 E.02164
G1 X58.348 Y45.696 E.06381
G1 X58.375 Y46.335 E.02162
G1 X58.435 Y46.969 E.02156
M204 S10000
G1 X58.771 Y46.511 F7200
M204 S500
;WIDTH:0.390549
G1 F1725.978
G1 X59.865 Y46.174 E.03308
G1 X58.735 Y46.097 E.03271
G1 X58.767 Y46.472 E.01086
M204 S10000
G1 E-.8 F1800
G1 X62.402 Y51.614 Z13.8 F7200
G1 Z13.4
G1 E.8 F1800
M204 S1500
;TYPE:Inner wall
;WIDTH:0.449999
G1 F1473.915
G1 X62.719 Y52.116 E.02011
G1 X63.15 Y52.695 E.02441
G1 X61.136 Y54.484 E.0912
G1 X60.568 Y53.74 E.03168
G1 X60.127 Y53.078 E.02693
G1 X59.845 Y52.602 E.01874
G1 X62.364 Y51.629 E.09143
M204 S500
G1 X62.577 Y51.087 F7200
;TYPE:Outer wall
G1 F1473.915
G1 X63.064 Y51.862 E.03099
G1 X63.745 Y52.739 E.03757
G1 X61.091 Y55.097 E.12018
G1 X60.7 Y54.631 E.02062
G1 X60.123 Y53.846 E.03297
G1 X59.752 Y53.286 E.02273
G1 X59.246 Y52.374 E.0353
G1 X62.54 Y51.101 E.11953
M204 S10000
G1 E-.8 F1800
G1 X60.44 Y52.808 Z13.8 F7200
G1 Z13.4
G1 E.8 F1800
M204 S500
;TYPE:Internal solid infill
G1 F1473.915
G1 X60.818 Y53.382 E.02326
G1 X61.19 Y53.892 E.02135
G1 X62.603 Y52.636 E.06399
G1 X62.242 Y52.112 E.02153
G1 X60.477 Y52.794 E.06403
M204 S10000
G1 X61.215 Y52.914 F7200
M204 S500
;WIDTH:0.390914
G1 F1724.168
G1 X61.012 Y52.992 E.00628
G1 X61.246 Y53.337 E.01205
G1 X62.099 Y52.575 E.0331
G1 X61.252 Y52.9 E.02626
M204 S10000
G1 E-.8 F1800
G1 X53.745 Y51.522 Z13.8 F7200
G1 X52.237 Y51.245 Z13.8
G1 Z13.4
G1 E.8 F1800
M204 S1500
;TYPE:Inner wall
;WIDTH:0.449999
G1 F1473.915
G1 X67.04 Y46.112 E.53031
G1 X67.758 Y48.184 E.07423
G1 X52.956 Y53.317 E.53031
G1 X52.25 Y51.283 E.07287
M204 S500
G1 X51.692 Y50.981 F7200
;TYPE:Outer wall
G1 F1473.915
G1 X67.304 Y45.567 E.55932
G1 X68.303 Y48.449 E.10324
G1 X52.691 Y53.862 E.55932
G1 X51.705 Y51.018 E.10188
M204 S10000
G1 E-.8 F1800
G1 X53.081 Y52.622 Z13.8 F7200
G1 Z13.4
G1 E.8 F1800
M204 S500
;TYPE:Sparse infill
;WIDTH:0.45
G1 F1473.913
G1 X53.169 Y52.877 E.00912
G1 X54.453 Y52.432 E.046
G1 X56.885 Y50 E.11641
G1 X58.423 Y49.466 E.05512
M204 S10000
G1 X57.674 Y51.315 F7200
M204 S500
G1 F1473.913
G1 X59.212 Y50.781 E.05512
G1 X61.644 Y48.35 E.11641
G1 X63.182 Y47.816 E.05512
M204 S10000
G1 X62.433 Y49.665 F7200
M204 S500
G1 F1473.913
G1 X63.971 Y49.131 E.05512
G1 X66.403 Y46.699 E.11641
G1 X66.826 Y46.553 E.01516
G1 X67.213 Y47.668 E.03996
; stop printing object magic-spinning-top.stl id:730144440329 copy 0
M106 S245
;LAYER_CHANGE
;Z:13.6
;HEIGHT:0.200001
G92 E0
;_SET_FAN_SPEED_CHANGING_LAYER
; printing object magic-spinning-top.stl id:730144440329 copy 0
M204 S10000
G1 E-.8 F1800
G1 X59.789 Y49.439 Z14 F7200
G1 X52.289 Y51.227 Z14
G1 Z13.6
G1 E.8 F1800
M204 S1500
;TYPE:Inner wall
;WIDTH:0.449999
G1 F1473.915
G1 X66.987 Y46.13 E.52658
G1 X67.706 Y48.202 E.07423
G1 X53.008 Y53.299 E.52658
G1 X52.302 Y51.265 E.07287
M204 S500
G1 X51.744 Y50.963 F7200
;TYPE:Outer wall
G1 F1473.915
G1 X67.252 Y45.585 E.55559
G1 X68.251 Y48.467 E.10324
G1 X52.743 Y53.844 E.55559
G1 X51.757 Y51 E.10188
M204 S10000
G1 X52.954 Y52.089 F7200
M204 S500
;TYPE:Sparse infill
;WIDTH:0.45
G1 F1473.913
G1 X53.221 Y52.859 E.02757
G1 X53.99 Y52.592 E.02755
G1 X54.099 Y52.327 E.00968
G1 X54.557 Y51.869 E.02195
G1 X56.112 Y51.232 E.05686
G1 X56.57 Y50.773 E.02195
G1 X56.888 Y49.999 E.02832
G1 X55.349 Y50.532 E.05512
M204 S10000
G1 E-.8 F1800
G1 X62.56 Y48.032 Z14 F7200
G1 X63.884 Y47.573 Z14
G1 Z13.6
G1 E.8 F1800
M204 S500
G1 F1473.913
G1 X62.346 Y48.106 E.05512
G1 X60.775 Y48.76 E.0576
G1 X60.316 Y49.219 E.02195
G1 X59.752 Y50.594 E.05031
G1 X63.376 Y49.337 E.12983
G1 X63.425 Y49.219 E.00434
G1 X63.884 Y48.76 E.02195
G1 X65.438 Y48.123 E.05686
G1 X65.897 Y47.664 E.02195
G1 X66.274 Y46.744 E.03366
G1 X66.774 Y46.571 E.01792
G1 X67.134 Y47.609 E.0372
M73 P47 R11
M204 S10000
G1 E-.8 F1800
G1 X62.401 Y51.614 Z14 F7200
G1 Z13.6
G1 E.8 F1800
M204 S1500
;TYPE:Inner wall
;WIDTH:0.449999
G1 F1473.915
G1 X62.72 Y52.116 E.02012
G1 X63.15 Y52.695 E.0244
G1 X61.136 Y54.484 E.0912
G1 X60.568 Y53.74 E.0317
G1 X60.126 Y53.078 E.02694
G1 X59.845 Y52.602 E.01871
G1 X62.364 Y51.629 E.09142
M204 S500
G1 X62.577 Y51.087 F7200
;TYPE:Outer wall
G1 F1473.915
G1 X63.065 Y51.862 E.031
G1 X63.745 Y52.739 E.03756
G1 X61.091 Y55.097 E.12018
G1 X60.699 Y54.63 E.02063
G1 X60.123 Y53.845 E.03296
G1 X59.751 Y53.285 E.02276
G1 X59.246 Y52.374 E.03527
G1 X62.54 Y51.101 E.11953
M204 S10000
G1 E-.8 F1800
G1 X60.44 Y52.808 Z14 F7200
G1 Z13.6
G1 E.8 F1800
M204 S500
;TYPE:Internal solid infill
G1 F1473.915
G1 X60.818 Y53.382 E.02326
G1 X61.19 Y53.892 E.02135
G1 X62.603 Y52.636 E.06399
G1 X62.242 Y52.112 E.02153
G1 X60.477 Y52.794 E.06403
M204 S10000
G1 X61.215 Y52.914 F7200
M204 S500
;WIDTH:0.390916
G1 F1724.158
G1 X61.012 Y52.992 E.00628
G1 X61.246 Y53.337 E.01205
G1 X62.099 Y52.575 E.0331
G1 X61.252 Y52.9 E.02625
M204 S10000
G1 E-.8 F1800
G1 X60.702 Y46.737 Z14 F7200
G1 Z13.6
G1 E.8 F1800
M204 S1500
;TYPE:Inner wall
;WIDTH:0.449999
G1 F1473.915
G1 X58.09 Y47.542 E.09251
G1 X58.016 Y46.982 E.01912
G1 X57.953 Y46.177 E.02731
G1 X57.938 Y45.264 E.03091
G1 X60.628 Y45.423 E.0912
G1 X60.652 Y46.206 E.02651
G1 X60.698 Y46.697 E.01671
M204 S500
G1 X61.17 Y47.041 F7200
;TYPE:Outer wall
G1 F1473.915
G1 X57.761 Y48.092 E.12075
G1 X57.692 Y47.794 E.01036
G1 X57.59 Y47.04 E.02575
G1 X57.525 Y46.223 E.02773
G1 X57.505 Y45.404 E.02772
G1 X57.524 Y44.811 E.02011
G1 X61.068 Y45.02 E.12018
G1 X61.055 Y45.483 E.01568
G1 X61.078 Y46.165 E.02311
G1 X61.166 Y47.002 E.02846
M204 S10000
G1 E-.8 F1800
G1 X58.439 Y47.008 Z14 F7200
G1 Z13.6
G1 E.8 F1800
M204 S500
;TYPE:Internal solid infill
G1 F1473.915
G1 X60.266 Y46.446 E.06472
G1 X60.23 Y45.807 E.02164
G1 X58.348 Y45.696 E.06381
G1 X58.375 Y46.335 E.02162
G1 X58.435 Y46.969 E.02156
M204 S10000
G1 X58.771 Y46.511 F7200
M204 S500
;WIDTH:0.390554
G1 F1725.953
G1 X59.865 Y46.174 E.03309
G1 X58.735 Y46.097 E.03272
G1 X58.767 Y46.472 E.01086
; stop printing object magic-spinning-top.stl id:730144440329 copy 0
;LAYER_CHANGE
;Z:13.8
;HEIGHT:0.2
G92 E0
;_SET_FAN_SPEED_CHANGING_LAYER
; printing object magic-spinning-top.stl id:730144440329 copy 0
M204 S10000
G1 X60.702 Y46.737 Z13.8 F7200
M204 S1500
;TYPE:Inner wall
;WIDTH:0.449999
G1 F1473.915
G1 X58.09 Y47.542 E.09251
G1 X58.016 Y46.983 E.01909
G1 X57.953 Y46.178 E.02733
G1 X57.938 Y45.264 E.03093
G1 X60.628 Y45.423 E.0912
G1 X60.652 Y46.21 E.02664
G1 X60.698 Y46.697 E.01658
M204 S500
G1 X61.17 Y47.041 F7200
;TYPE:Outer wall
G1 F1473.915
G1 X57.761 Y48.092 E.12075
G1 X57.692 Y47.794 E.01036
G1 X57.591 Y47.041 E.02572
G1 X57.525 Y46.224 E.02774
G1 X57.505 Y45.405 E.02773
G1 X57.524 Y44.811 E.02012
G1 X61.068 Y45.02 E.12018
G1 X61.055 Y45.485 E.01575
G1 X61.079 Y46.169 E.02318
G1 X61.166 Y47.002 E.02834
M204 S10000
G1 E-.8 F1800
G1 X58.439 Y47.008 Z14.2 F7200
G1 Z13.8
G1 E.8 F1800
M204 S500
;TYPE:Internal solid infill
G1 F1473.915
G1 X60.266 Y46.446 E.06472
G1 X60.23 Y45.807 E.02164
G1 X58.348 Y45.696 E.06381
G1 X58.375 Y46.335 E.02162
G1 X58.435 Y46.969 E.02156
M204 S10000
G1 X58.771 Y46.511 F7200
M204 S500
;WIDTH:0.390557
G1 F1725.938
G1 X59.865 Y46.174 E.03309
G1 X58.735 Y46.097 E.03272
G1 X58.767 Y46.472 E.01086
M204 S10000
G1 E-.8 F1800
G1 X62.401 Y51.614 Z14.2 F7200
G1 Z13.8
G1 E.8 F1800
M204 S1500
;TYPE:Inner wall
;WIDTH:0.449999
G1 F1473.915
G1 X62.72 Y52.116 E.02013
G1 X63.15 Y52.695 E.02439
G1 X61.136 Y54.484 E.0912
G1 X60.567 Y53.739 E.03172
G1 X60.126 Y53.077 E.02695
G1 X59.845 Y52.602 E.01867
G1 X62.364 Y51.629 E.09142
M204 S500
G1 X62.577 Y51.087 F7200
;TYPE:Outer wall
G1 F1473.915
G1 X63.065 Y51.862 E.03101
G1 X63.745 Y52.739 E.03755
G1 X61.091 Y55.097 E.12018
G1 X60.699 Y54.63 E.02064
G1 X60.123 Y53.845 E.03295
G1 X59.751 Y53.284 E.02279
G1 X59.246 Y52.374 E.03524
G1 X62.54 Y51.101 E.11953
M204 S10000
G1 E-.8 F1800
G1 X60.44 Y52.808 Z14.2 F7200
G1 Z13.8
G1 E.8 F1800
M204 S500
;TYPE:Internal solid infill
G1 F1473.915
G1 X60.818 Y53.382 E.02326
G1 X61.19 Y53.892 E.02135
G1 X62.603 Y52.636 E.06399
G1 X62.242 Y52.112 E.02153
G1 X60.477 Y52.794 E.06402
M204 S10000
G1 X61.214 Y52.914 F7200
M204 S500
;WIDTH:0.390915
G1 F1724.163
G1 X61.012 Y52.992 E.00628
G1 X61.246 Y53.337 E.01205
G1 X62.099 Y52.575 E.03309
G1 X61.252 Y52.9 E.02625
M204 S10000
G1 E-.8 F1800
G1 X53.736 Y51.57 Z14.2 F7200
G1 X52.124 Y51.284 Z14.2
G1 Z13.8
G1 E.8 F1800
M204 S1500
;TYPE:Inner wall
;WIDTH:0.449999
G1 F1473.915
G1 X67.151 Y46.074 E.53835
G1 X67.871 Y48.145 E.07423
G1 X52.844 Y53.356 E.53835
G1 X52.137 Y51.322 E.07287
M204 S500
G1 X51.579 Y51.02 F7200
;TYPE:Outer wall
G1 F1473.915
G1 X67.415 Y45.528 E.56736
G1 X68.417 Y48.409 E.10324
G1 X52.58 Y53.901 E.56736
G1 X51.592 Y51.058 E.10188
M204 S10000
G1 E-.8 F1800
G1 X54.908 Y50.685 Z14.2 F7200
G1 Z13.8
G1 E.8 F1800
M204 S500
;TYPE:Sparse infill
;WIDTH:0.45
G1 F1473.913
G1 X53.369 Y51.219 E.05512
G1 X53.003 Y51.585 E.01754
G1 X52.589 Y51.567 E.01403
G1 X53.057 Y52.916 E.04834
G1 X53.761 Y52.672 E.02519
G1 X53.745 Y52.327 E.01166
G1 X54.557 Y51.515 E.03888
G1 X56.112 Y51.585 E.05267
G1 X56.924 Y50.773 E.03888
G1 X56.889 Y49.998 E.02625
G1 X58.427 Y49.465 E.05512
M204 S10000
G1 E-.8 F1800
G1 X64.426 Y47.385 Z14.2 F7200
G1 Z13.8
G1 E.8 F1800
M204 S500
G1 F1473.913
G1 X62.887 Y47.918 E.05512
G1 X62.329 Y48.476 E.02671
G1 X61.399 Y48.435 E.03153
G1 X60.401 Y48.781 E.03576
M73 P48 R11
G1 X59.963 Y49.219 E.02097
G1 X60.02 Y50.501 E.04345
G1 X63.081 Y49.44 E.10966
G1 X63.071 Y49.219 E.00749
G1 X63.884 Y48.407 E.03888
G1 X65.438 Y48.476 E.05267
G1 X66.25 Y47.664 E.03888
G1 X66.21 Y46.766 E.03042
G1 X66.938 Y46.514 E.02608
G1 X67.219 Y47.324 E.02903
; stop printing object magic-spinning-top.stl id:730144440329 copy 0
;LAYER_CHANGE
;Z:14
;HEIGHT:0.2
G92 E0
;_SET_FAN_SPEED_CHANGING_LAYER
; printing object magic-spinning-top.stl id:730144440329 copy 0
M204 S10000
G1 E-.8 F1800
G1 X60.702 Y46.737 Z14.4 F7200
G1 Z14
G1 E.8 F1800
M204 S1500
;TYPE:Inner wall
;WIDTH:0.449999
G1 F1473.915
G1 X58.09 Y47.542 E.09252
G1 X58.016 Y46.984 E.01905
G1 X57.953 Y46.179 E.02734
G1 X57.938 Y45.264 E.03095
G1 X60.628 Y45.423 E.0912
G1 X60.652 Y46.213 E.02676
G1 X60.698 Y46.697 E.01645
M204 S500
G1 X61.17 Y47.041 F7200
;TYPE:Outer wall
G1 F1473.915
G1 X57.761 Y48.092 E.12075
G1 X57.692 Y47.794 E.01036
G1 X57.591 Y47.042 E.02568
G1 X57.525 Y46.224 E.02775
G1 X57.505 Y45.405 E.02774
G1 X57.524 Y44.811 E.02013
G1 X61.068 Y45.02 E.12018
G1 X61.055 Y45.487 E.01581
G1 X61.079 Y46.173 E.02324
G1 X61.166 Y47.002 E.02821
M204 S10000
G1 E-.8 F1800
G1 X58.439 Y47.008 Z14.4 F7200
G1 Z14
G1 E.8 F1800
M204 S500
;TYPE:Internal solid infill
G1 F1473.915
G1 X60.266 Y46.446 E.06472
G1 X60.23 Y45.807 E.02164
G1 X58.348 Y45.696 E.06381
G1 X58.375 Y46.335 E.02162
G1 X58.435 Y46.969 E.02156
M204 S10000
G1 X58.771 Y46.511 F7200
M204 S500
;WIDTH:0.390562
G1 F1725.913
G1 X59.865 Y46.174 E.0331
G1 X58.736 Y46.097 E.03272
G1 X58.767 Y46.472 E.01086
M204 S10000
G1 E-.8 F1800
G1 X62.401 Y51.614 Z14.4 F7200
G1 Z14
G1 E.8 F1800
M204 S1500
;TYPE:Inner wall
;WIDTH:0.449999
G1 F1473.915
G1 X62.72 Y52.116 E.02013
G1 X63.15 Y52.695 E.02439
G1 X61.136 Y54.484 E.0912
G1 X60.567 Y53.739 E.03175
G1 X60.125 Y53.076 E.02696
G1 X59.845 Y52.602 E.01864
G1 X62.364 Y51.629 E.09142
M204 S500
G1 X62.577 Y51.087 F7200
;TYPE:Outer wall
G1 F1473.915
G1 X63.065 Y51.863 E.03102
G1 X63.745 Y52.739 E.03754
G1 X61.091 Y55.097 E.12018
G1 X60.699 Y54.63 E.02066
G1 X60.123 Y53.845 E.03294
G1 X59.75 Y53.284 E.02282
G1 X59.246 Y52.374 E.0352
G1 X62.54 Y51.101 E.11953
M204 S10000
G1 E-.8 F1800
G1 X60.44 Y52.808 Z14.4 F7200
G1 Z14
G1 E.8 F1800
M204 S500
;TYPE:Internal solid infill
G1 F1473.915
G1 X60.818 Y53.382 E.02326
G1 X61.19 Y53.892 E.02135
G1 X62.603 Y52.636 E.06399
G1 X62.241 Y52.112 E.02154
G1 X60.477 Y52.794 E.06402
M204 S10000
G1 X61.214 Y52.914 F7200
M204 S500
;WIDTH:0.390916
G1 F1724.158
G1 X61.012 Y52.992 E.00628
G1 X61.246 Y53.337 E.01205
G1 X62.099 Y52.575 E.03309
G1 X61.252 Y52.9 E.02625
M204 S10000
G1 E-.8 F1800
G1 X53.728 Y51.618 Z14.4 F7200
G1 X52.007 Y51.325 Z14.4
G1 Z14
G1 E.8 F1800
M204 S1500
;TYPE:Inner wall
;WIDTH:0.449999
G1 F1473.915
G1 X67.267 Y46.033 E.54671
G1 X67.988 Y48.105 E.07423
G1 X52.728 Y53.396 E.54671
G1 X52.021 Y51.363 E.07287
M204 S500
G1 X51.462 Y51.06 F7200
;TYPE:Outer wall
G1 F1473.915
G1 X67.532 Y45.488 E.57572
G1 X68.534 Y48.369 E.10324
G1 X52.464 Y53.941 E.57572
G1 X51.475 Y51.098 E.10188
M204 S10000
G1 E-.8 F1800
G1 X55.276 Y52.146 Z14.4 F7200
G1 Z14
G1 E.8 F1800
M204 S500
;TYPE:Sparse infill
;WIDTH:0.45
G1 F1473.913
G1 X53.738 Y52.68 E.05512
G1 X53.702 Y52.327 E.01198
G1 X53.003 Y51.628 E.03349
G1 X52.46 Y51.574 E.01846
G1 X52.448 Y51.538 E.00127
G1 X54.063 Y50.978 E.05786
G1 X54.557 Y51.473 E.02366
G1 X56.112 Y51.628 E.05288
G1 X56.281 Y51.798 E.00812
G1 X57.551 Y51.357 E.04548
G1 X56.966 Y50.773 E.02797
G1 X56.889 Y49.998 E.02635
G1 X58.428 Y49.465 E.05512
M204 S10000
G1 E-.8 F1800
G1 X61.586 Y49.958 Z14.4 F7200
G1 Z14
G1 E.8 F1800
M204 S500
G1 F1473.913
G1 X60.047 Y50.492 E.05512
G1 X59.92 Y49.219 E.04331
G1 X59.719 Y49.017 E.00964
G1 X61.418 Y48.428 E.06087
G1 X62.329 Y48.519 E.03101
G1 X63.029 Y49.219 E.03349
G1 X63.052 Y49.45 E.00787
G1 X64.59 Y48.916 E.05512
M204 S10000
G1 X64.835 Y47.243 F7200
M204 S500
G1 F1473.913
G1 X63.296 Y47.777 E.05512
G1 X63.884 Y48.364 E.02811
G1 X65.438 Y48.519 E.05288
G1 X65.515 Y48.596 E.00368
G1 X66.784 Y48.156 E.04548
G1 X66.293 Y47.664 E.02352
G1 X66.203 Y46.769 E.03047
G1 X67.054 Y46.474 E.03048
G1 X67.293 Y47.161 E.02463
; stop printing object magic-spinning-top.stl id:730144440329 copy 0
;LAYER_CHANGE
;Z:14.2
;HEIGHT:0.2
G92 E0
;_SET_FAN_SPEED_CHANGING_LAYER
; printing object magic-spinning-top.stl id:730144440329 copy 0
M204 S10000
G1 E-.8 F1800
G1 X60.702 Y46.737 Z14.6 F7200
G1 Z14.2
G1 E.8 F1800
M204 S1500
;TYPE:Inner wall
;WIDTH:0.449999
G1 F1473.915
G1 X58.09 Y47.542 E.09252
G1 X58.016 Y46.985 E.01902
G1 X57.953 Y46.179 E.02735
G1 X57.938 Y45.264 E.03098
G1 X60.628 Y45.423 E.0912
G1 X60.652 Y46.217 E.02689
G1 X60.698 Y46.697 E.01632
M204 S500
G1 X61.17 Y47.041 F7200
;TYPE:Outer wall
G1 F1473.915
G1 X57.761 Y48.092 E.12075
G1 X57.692 Y47.794 E.01036
G1 X57.591 Y47.043 E.02565
G1 X57.525 Y46.225 E.02777
G1 X57.505 Y45.405 E.02776
G1 X57.524 Y44.811 E.02014
G1 X61.068 Y45.02 E.12018
G1 X61.055 Y45.488 E.01587
G1 X61.079 Y46.176 E.0233
G1 X61.166 Y47.002 E.02809
M204 S10000
G1 E-.8 F1800
G1 X58.439 Y47.008 Z14.6 F7200
G1 Z14.2
G1 E.8 F1800
M204 S500
;TYPE:Internal solid infill
G1 F1473.915
G1 X60.266 Y46.446 E.06472
G1 X60.23 Y45.807 E.02164
G1 X58.348 Y45.696 E.06381
G1 X58.375 Y46.335 E.02162
G1 X58.435 Y46.969 E.02156
M204 S10000
G1 X58.771 Y46.511 F7200
M204 S500
;WIDTH:0.390566
G1 F1725.894
G1 X59.865 Y46.174 E.0331
G1 X58.736 Y46.097 E.03272
G1 X58.767 Y46.472 E.01086
M204 S10000
G1 E-.8 F1800
G1 X62.401 Y51.614 Z14.6 F7200
G1 Z14.2
G1 E.8 F1800
M204 S1500
;TYPE:Inner wall
;WIDTH:0.449999
G1 F1473.915
G1 X62.72 Y52.117 E.02014
G1 X63.15 Y52.695 E.02438
G1 X61.136 Y54.484 E.0912
G1 X60.566 Y53.738 E.03177
M73 P49 R11
G1 X60.125 Y53.075 E.02698
G1 X59.845 Y52.602 E.0186
G1 X62.364 Y51.629 E.09141
M204 S500
G1 X62.577 Y51.087 F7200
;TYPE:Outer wall
G1 F1473.915
G1 X63.065 Y51.863 E.03103
G1 X63.745 Y52.739 E.03753
G1 X61.091 Y55.097 E.12018
G1 X60.699 Y54.629 E.02067
G1 X60.123 Y53.845 E.03293
G1 X59.75 Y53.283 E.02285
G1 X59.246 Y52.374 E.03517
G1 X62.54 Y51.101 E.11953
M204 S10000
G1 E-.8 F1800
G1 X60.44 Y52.808 Z14.6 F7200
G1 Z14.2
G1 E.8 F1800
M204 S500
;TYPE:Internal solid infill
G1 F1473.915
G1 X60.818 Y53.382 E.02326
G1 X61.19 Y53.892 E.02135
G1 X62.603 Y52.636 E.06399
G1 X62.241 Y52.112 E.02154
G1 X60.477 Y52.794 E.06402
M204 S10000
G1 X61.214 Y52.914 F7200
M204 S500
;WIDTH:0.390919
G1 F1724.143
G1 X61.012 Y52.992 E.00628
G1 X61.246 Y53.337 E.01205
G1 X62.099 Y52.575 E.03309
G1 X61.252 Y52.9 E.02625
M204 S10000
G1 E-.8 F1800
G1 X53.723 Y51.647 Z14.6 F7200
G1 X51.935 Y51.35 Z14.6
G1 Z14.2
G1 E.8 F1800
M204 S1500
;TYPE:Inner wall
;WIDTH:0.449999
G1 F1473.915
G1 X67.341 Y46.008 E.55193
G1 X68.06 Y48.079 E.07423
G1 X52.654 Y53.422 E.55193
G1 X51.948 Y51.388 E.07287
M204 S500
G1 X51.389 Y51.086 F7200
;TYPE:Outer wall
G1 F1473.915
G1 X67.605 Y45.463 E.58094
G1 X68.606 Y48.344 E.10324
G1 X52.39 Y53.967 E.58094
G1 X51.403 Y51.123 E.10188
M204 S10000
G1 E-.8 F1800
G1 X55.114 Y52.202 Z14.6 F7200
G1 Z14.2
G1 E.8 F1800
M204 S500
;TYPE:Sparse infill
;WIDTH:0.45
G1 F1473.913
G1 X53.575 Y52.736 E.05512
G1 X53.349 Y52.327 E.01581
G1 X53.003 Y51.981 E.01656
G1 X52.405 Y51.65 E.02313
G1 X52.375 Y51.563 E.0031
G1 X54.325 Y50.887 E.06986
G1 X54.557 Y51.119 E.0111
G1 X55.973 Y51.905 E.0548
G1 X57.886 Y51.241 E.06854
G1 X57.666 Y51.119 E.00852
G1 X57.32 Y50.773 E.01656
G1 X56.89 Y49.998 E.03
G1 X58.428 Y49.465 E.05512
M204 S10000
G1 E-.8 F1800
G1 X61.775 Y49.893 Z14.6 F7200
G1 Z14.2
G1 E.8 F1800
M204 S500
G1 F1473.913
G1 X60.236 Y50.426 E.05512
G1 X59.566 Y49.219 E.04674
G1 X59.456 Y49.108 E.00529
G1 X61.485 Y48.405 E.07271
G1 X62.329 Y48.873 E.03266
G1 X62.675 Y49.219 E.01656
G1 X62.844 Y49.522 E.01175
G1 X64.382 Y48.989 E.05512
M204 S10000
G1 X65.097 Y47.152 F7200
M204 S500
G1 F1473.913
G1 X63.559 Y47.686 E.05512
G1 X63.884 Y48.01 E.01554
G1 X65.16 Y48.719 E.04943
G1 X67.074 Y48.055 E.06854
G1 X66.992 Y48.01 E.00314
G1 X66.646 Y47.664 E.01656
G1 X66.158 Y46.784 E.03407
G1 X67.127 Y46.448 E.03473
G1 X67.325 Y47.017 E.02039
M73 P49 R10
; stop printing object magic-spinning-top.stl id:730144440329 copy 0
;LAYER_CHANGE
;Z:14.4
;HEIGHT:0.2
G92 E0
;_SET_FAN_SPEED_CHANGING_LAYER
; printing object magic-spinning-top.stl id:730144440329 copy 0
M204 S10000
G1 E-.8 F1800
G1 X60.702 Y46.737 Z14.8 F7200
G1 Z14.4
G1 E.8 F1800
M204 S1500
;TYPE:Inner wall
;WIDTH:0.449999
G1 F1473.915
G1 X58.09 Y47.542 E.09252
G1 X58.016 Y46.986 E.01898
G1 X57.953 Y46.18 E.02737
G1 X57.938 Y45.264 E.031
G1 X60.628 Y45.423 E.0912
G1 X60.653 Y46.221 E.02702
G1 X60.698 Y46.697 E.0162
M204 S500
G1 X61.17 Y47.041 F7200
;TYPE:Outer wall
G1 F1473.915
G1 X57.761 Y48.092 E.12074
G1 X57.692 Y47.794 E.01036
G1 X57.591 Y47.044 E.02561
G1 X57.525 Y46.226 E.02778
G1 X57.505 Y45.406 E.02777
G1 X57.524 Y44.811 E.02015
G1 X61.068 Y45.02 E.12018
G1 X61.055 Y45.49 E.01593
G1 X61.079 Y46.18 E.02336
G1 X61.166 Y47.002 E.02797
M204 S10000
G1 E-.8 F1800
G1 X58.439 Y47.008 Z14.8 F7200
G1 Z14.4
G1 E.8 F1800
M204 S500
;TYPE:Internal solid infill
G1 F1473.915
G1 X60.266 Y46.446 E.06471
G1 X60.23 Y45.807 E.02164
G1 X58.348 Y45.696 E.06381
G1 X58.375 Y46.335 E.02162
G1 X58.435 Y46.969 E.02156
M204 S10000
G1 X58.771 Y46.511 F7200
M204 S500
;WIDTH:0.39057
G1 F1725.874
G1 X59.865 Y46.174 E.0331
G1 X58.736 Y46.097 E.03272
G1 X58.767 Y46.472 E.01086
M204 S10000
G1 E-.8 F1800
G1 X62.401 Y51.614 Z14.8 F7200
G1 Z14.4
G1 E.8 F1800
M204 S1500
;TYPE:Inner wall
;WIDTH:0.449999
G1 F1473.915
G1 X62.72 Y52.117 E.02015
G1 X63.15 Y52.695 E.02437
G1 X61.136 Y54.484 E.0912
G1 X60.566 Y53.738 E.03179
G1 X60.124 Y53.074 E.02699
G1 X59.845 Y52.602 E.01857
G1 X62.364 Y51.629 E.09141
M204 S500
G1 X62.577 Y51.087 F7200
;TYPE:Outer wall
G1 F1473.915
G1 X63.066 Y51.863 E.03104
G1 X63.745 Y52.739 E.03752
G1 X61.091 Y55.097 E.12018
G1 X60.699 Y54.629 E.02068
G1 X60.123 Y53.845 E.03292
G1 X59.749 Y53.282 E.02288
G1 X59.246 Y52.374 E.03513
G1 X62.54 Y51.101 E.11953
M204 S10000
G1 E-.8 F1800
G1 X60.44 Y52.808 Z14.8 F7200
G1 Z14.4
G1 E.8 F1800
M204 S500
;TYPE:Internal solid infill
G1 F1473.915
G1 X60.818 Y53.382 E.02326
G1 X61.19 Y53.892 E.02135
G1 X62.603 Y52.636 E.06399
G1 X62.241 Y52.112 E.02154
G1 X60.477 Y52.794 E.06402
M204 S10000
G1 X61.214 Y52.914 F7200
M204 S500
;WIDTH:0.39092
G1 F1724.138
G1 X61.012 Y52.992 E.00628
G1 X61.246 Y53.337 E.01205
G1 X62.099 Y52.575 E.03308
G1 X61.252 Y52.9 E.02625
M204 S10000
G1 E-.8 F1800
G1 X53.72 Y51.661 Z14.8 F7200
G1 X51.9 Y51.362 Z14.8
G1 Z14.4
G1 E.8 F1800
M204 S1500
;TYPE:Inner wall
;WIDTH:0.449999
G1 F1473.915
G1 X67.375 Y45.996 E.55442
G1 X68.095 Y48.067 E.07423
G1 X52.62 Y53.433 E.55442
G1 X51.913 Y51.4 E.07287
M73 P50 R10
M204 S500
G1 X51.354 Y51.098 F7200
;TYPE:Outer wall
G1 F1473.915
G1 X67.639 Y45.451 E.58343
G1 X68.641 Y48.332 E.10324
G1 X52.356 Y53.979 E.58343
G1 X51.367 Y51.136 E.10188
M204 S10000
G1 E-.8 F1800
G1 X53.742 Y51.09 Z14.8 F7200
G1 Z14.4
G1 E.8 F1800
M204 S500
;TYPE:Sparse infill
;WIDTH:0.45
G1 F1473.913
G1 X52.34 Y51.576 E.05021
G1 X52.388 Y51.713 E.00491
G1 X53.454 Y52.778 E.05101
G1 X55.762 Y51.978 E.0827
G1 X54.582 Y50.798 E.05646
G1 X56.891 Y49.998 E.0827
G1 X58.07 Y51.177 E.05646
G1 X60.379 Y50.377 E.0827
G1 X59.199 Y49.197 E.05646
G1 X60.738 Y48.664 E.05512
M204 S10000
G1 E-.8 F1800
G1 X64.225 Y49.043 Z14.8 F7200
G1 Z14.4
G1 E.8 F1800
M204 S500
G1 F1473.913
G1 X62.687 Y49.576 E.05512
G1 X61.507 Y48.397 E.05646
G1 X63.816 Y47.596 E.0827
G1 X64.995 Y48.776 E.05646
G1 X67.304 Y47.976 E.0827
G1 X66.124 Y46.796 E.05646
G1 X67.162 Y46.436 E.03718
G1 X67.336 Y46.937 E.01794
; stop printing object magic-spinning-top.stl id:730144440329 copy 0
;LAYER_CHANGE
;Z:14.6
;HEIGHT:0.200001
G92 E0
;_SET_FAN_SPEED_CHANGING_LAYER
; printing object magic-spinning-top.stl id:730144440329 copy 0
M204 S10000
G1 E-.8 F1800
G1 X60.702 Y46.737 Z15 F7200
G1 Z14.6
G1 E.8 F1800
M204 S1500
;TYPE:Inner wall
;WIDTH:0.449999
G1 F1473.915
G1 X58.09 Y47.542 E.09252
G1 X58.016 Y46.987 E.01895
G1 X57.953 Y46.181 E.02738
G1 X57.938 Y45.264 E.03102
G1 X60.628 Y45.423 E.0912
G1 X60.653 Y46.225 E.02715
G1 X60.699 Y46.697 E.01607
M204 S500
G1 X61.17 Y47.041 F7200
;TYPE:Outer wall
G1 F1473.915
G1 X57.761 Y48.092 E.12074
G1 X57.692 Y47.794 E.01036
G1 X57.591 Y47.045 E.02558
G1 X57.525 Y46.226 E.02779
G1 X57.505 Y45.406 E.02778
G1 X57.524 Y44.811 E.02016
G1 X61.068 Y45.02 E.12018
G1 X61.055 Y45.492 E.01599
G1 X61.079 Y46.184 E.02342
G1 X61.166 Y47.002 E.02784
M204 S10000
G1 E-.8 F1800
G1 X58.439 Y47.008 Z15 F7200
G1 Z14.6
G1 E.8 F1800
M204 S500
;TYPE:Internal solid infill
G1 F1473.915
G1 X60.266 Y46.446 E.06471
G1 X60.23 Y45.807 E.02164
G1 X58.348 Y45.696 E.06381
G1 X58.362 Y46.196 E.01693
G1 X58.435 Y46.969 E.02626
M204 S10000
G1 X58.771 Y46.511 F7200
M204 S500
;WIDTH:0.390572
G1 F1725.864
G1 X59.865 Y46.174 E.03311
G1 X58.736 Y46.097 E.03273
G1 X58.767 Y46.472 E.01086
M204 S10000
G1 E-.8 F1800
G1 X62.401 Y51.614 Z15 F7200
G1 Z14.6
G1 E.8 F1800
M204 S1500
;TYPE:Inner wall
;WIDTH:0.449999
G1 F1473.915
G1 X62.72 Y52.117 E.02015
G1 X63.15 Y52.695 E.02437
G1 X61.136 Y54.484 E.0912
G1 X60.566 Y53.737 E.03181
G1 X60.123 Y53.073 E.027
G1 X59.845 Y52.602 E.01853
G1 X62.364 Y51.629 E.09141
M204 S500
G1 X62.577 Y51.087 F7200
;TYPE:Outer wall
G1 F1473.915
G1 X63.066 Y51.863 E.03105
G1 X63.745 Y52.739 E.03751
G1 X61.091 Y55.097 E.12018
G1 X60.698 Y54.629 E.02069
G1 X60.123 Y53.845 E.03291
G1 X59.748 Y53.281 E.02292
G1 X59.246 Y52.374 E.0351
G1 X62.54 Y51.101 E.11953
M204 S10000
G1 E-.8 F1800
G1 X60.44 Y52.808 Z15 F7200
G1 Z14.6
G1 E.8 F1800
M204 S500
;TYPE:Internal solid infill
G1 F1473.915
G1 X60.818 Y53.382 E.02326
G1 X61.19 Y53.892 E.02135
G1 X62.603 Y52.636 E.06398
G1 X62.241 Y52.112 E.02154
G1 X60.477 Y52.794 E.06401
M204 S10000
G1 X61.214 Y52.914 F7200
M204 S500
;WIDTH:0.39092
G1 F1724.138
G1 X61.012 Y52.992 E.00628
G1 X61.246 Y53.337 E.01205
G1 X62.099 Y52.575 E.03308
G1 X61.252 Y52.9 E.02624
M204 S10000
G1 E-.8 F1800
G1 X53.721 Y51.66 Z15 F7200
G1 X51.903 Y51.361 Z15
G1 Z14.6
G1 E.8 F1800
M204 S1500
;TYPE:Inner wall
;WIDTH:0.449999
G1 F1473.915
G1 X67.37 Y45.998 E.55413
G1 X68.092 Y48.068 E.07423
G1 X52.625 Y53.432 E.55413
G1 X51.916 Y51.399 E.07287
M204 S500
G1 X51.357 Y51.097 F7200
;TYPE:Outer wall
G1 F1473.915
G1 X67.634 Y45.453 E.58314
G1 X68.638 Y48.333 E.10324
G1 X52.361 Y53.977 E.58315
G1 X51.37 Y51.134 E.10188
M204 S10000
G1 E-.8 F1800
G1 X53.738 Y51.091 Z15 F7200
G1 Z14.6
G1 E.8 F1800
M204 S500
;TYPE:Sparse infill
;WIDTH:0.45
G1 F1473.913
G1 X52.344 Y51.574 E.04994
G1 X52.394 Y51.719 E.00518
G1 X53.454 Y52.778 E.05071
G1 X55.762 Y51.978 E.0827
G1 X54.582 Y50.798 E.05646
G1 X56.891 Y49.998 E.0827
G1 X58.07 Y51.177 E.05646
G1 X56.532 Y51.711 E.05512
M204 S10000
G1 E-.8 F1800
M73 P51 R10
G1 X57.661 Y49.731 Z15 F7200
G1 Z14.6
G1 E.8 F1800
M204 S500
G1 F1473.913
G1 X59.199 Y49.197 E.05512
G1 X60.379 Y50.377 E.05646
G1 X62.687 Y49.576 E.0827
G1 X61.507 Y48.397 E.05646
G1 X63.816 Y47.596 E.0827
G1 X64.995 Y48.776 E.05646
G1 X67.304 Y47.976 E.0827
G1 X66.124 Y46.796 E.05646
G1 X67.157 Y46.438 E.03702
G1 X67.333 Y46.943 E.0181
; stop printing object magic-spinning-top.stl id:730144440329 copy 0
;LAYER_CHANGE
;Z:14.8
;HEIGHT:0.2
G92 E0
;_SET_FAN_SPEED_CHANGING_LAYER
; printing object magic-spinning-top.stl id:730144440329 copy 0
M204 S10000
G1 E-.8 F1800
G1 X60.702 Y46.737 Z15.2 F7200
G1 Z14.8
G1 E.8 F1800
M204 S1500
;TYPE:Inner wall
;WIDTH:0.449999
G1 F1473.915
G1 X58.09 Y47.542 E.09253
G1 X58.016 Y46.988 E.01891
G1 X57.953 Y46.181 E.02739
G1 X57.938 Y45.264 E.03104
G1 X60.628 Y45.423 E.09121
G1 X60.653 Y46.229 E.02728
G1 X60.699 Y46.697 E.01594
M204 S500
G1 X61.17 Y47.041 F7200
;TYPE:Outer wall
G1 F1473.915
G1 X57.761 Y48.092 E.12074
G1 X57.692 Y47.794 E.01036
G1 X57.591 Y47.046 E.02554
G1 X57.525 Y46.227 E.0278
G1 X57.505 Y45.406 E.02779
G1 X57.524 Y44.811 E.02017
G1 X61.068 Y45.02 E.12018
G1 X61.055 Y45.494 E.01605
G1 X61.08 Y46.187 E.02348
G1 X61.166 Y47.002 E.02772
M204 S10000
G1 E-.8 F1800
G1 X58.439 Y47.009 Z15.2 F7200
G1 Z14.8
G1 E.8 F1800
M204 S500
;TYPE:Internal solid infill
G1 F1473.915
G1 X60.266 Y46.446 E.06471
G1 X60.23 Y45.807 E.02164
G1 X58.348 Y45.696 E.06381
G1 X58.362 Y46.197 E.01696
G1 X58.435 Y46.969 E.02623
M204 S10000
G1 X58.771 Y46.511 F7200
M204 S500
;WIDTH:0.390577
G1 F1725.839
G1 X59.865 Y46.174 E.03311
G1 X58.736 Y46.097 E.03273
G1 X58.767 Y46.472 E.01086
M204 S10000
G1 E-.8 F1800
G1 X62.401 Y51.614 Z15.2 F7200
G1 Z14.8
G1 E.8 F1800
M204 S1500
;TYPE:Inner wall
;WIDTH:0.449999
G1 F1473.915
G1 X62.721 Y52.117 E.02016
G1 X63.15 Y52.695 E.02436
G1 X61.136 Y54.484 E.09121
G1 X60.565 Y53.737 E.03183
G1 X60.123 Y53.072 E.02701
G1 X59.845 Y52.602 E.0185
G1 X62.364 Y51.629 E.09141
M204 S500
G1 X62.577 Y51.087 F7200
;TYPE:Outer wall
G1 F1473.915
G1 X63.066 Y51.863 E.03106
G1 X63.745 Y52.739 E.0375
G1 X61.091 Y55.097 E.12018
G1 X60.698 Y54.629 E.0207
G1 X60.123 Y53.845 E.03291
G1 X59.748 Y53.28 E.02295
G1 X59.246 Y52.374 E.03507
G1 X62.54 Y51.101 E.11953
M204 S10000
G1 E-.8 F1800
G1 X60.44 Y52.808 Z15.2 F7200
G1 Z14.8
G1 E.8 F1800
M204 S500
;TYPE:Internal solid infill
G1 F1473.915
G1 X60.818 Y53.382 E.02325
G1 X61.19 Y53.892 E.02135
G1 X62.603 Y52.636 E.06398
G1 X62.241 Y52.113 E.02154
G1 X60.477 Y52.794 E.06401
M204 S10000
G1 X61.214 Y52.914 F7200
M204 S500
;WIDTH:0.390924
G1 F1724.118
G1 X61.012 Y52.992 E.00628
G1 X61.246 Y53.337 E.01205
G1 X62.099 Y52.575 E.03308
G1 X61.252 Y52.9 E.02624
M204 S10000
G1 E-.8 F1800
G1 X53.724 Y51.642 Z15.2 F7200
G1 X51.947 Y51.346 Z15.2
G1 Z14.8
G1 E.8 F1800
M204 S1500
;TYPE:Inner wall
;WIDTH:0.449999
G1 F1473.915
G1 X67.328 Y46.012 E.55104
G1 X68.048 Y48.084 E.07423
G1 X52.667 Y53.417 E.55104
G1 X51.96 Y51.384 E.07287
M204 S500
G1 X51.401 Y51.081 F7200
;TYPE:Outer wall
G1 F1473.915
G1 X67.592 Y45.467 E.58005
G1 X68.594 Y48.348 E.10324
G1 X52.403 Y53.962 E.58005
G1 X51.414 Y51.119 E.10188
M204 S10000
G1 E-.8 F1800
G1 X53.692 Y51.107 Z15.2 F7200
G1 Z14.8
G1 E.8 F1800
M204 S500
;TYPE:Sparse infill
;WIDTH:0.45
G1 F1473.913
G1 X52.388 Y51.559 E.04672
G1 X52.469 Y51.794 E.0084
G1 X53.454 Y52.778 E.04713
G1 X55.762 Y51.978 E.0827
G1 X54.582 Y50.798 E.05646
G1 X56.891 Y49.998 E.0827
G1 X58.07 Y51.177 E.05646
G1 X60.379 Y50.377 E.0827
G1 X59.199 Y49.197 E.05646
G1 X61.507 Y48.397 E.0827
G1 X62.687 Y49.576 E.05646
G1 X64.225 Y49.043 E.05512
M204 S10000
G1 E-.8 F1800
G1 X65.354 Y47.063 Z15.2 F7200
G1 Z14.8
G1 E.8 F1800
M204 S500
G1 F1473.913
G1 X63.816 Y47.596 E.05512
G1 X64.995 Y48.776 E.05646
G1 X67.304 Y47.976 E.0827
G1 X66.124 Y46.796 E.05646
G1 X67.115 Y46.453 E.03549
G1 X67.305 Y47 E.01963
; stop printing object magic-spinning-top.stl id:730144440329 copy 0
;LAYER_CHANGE
;Z:15
;HEIGHT:0.2
G92 E0
;_SET_FAN_SPEED_CHANGING_LAYER
; printing object magic-spinning-top.stl id:730144440329 copy 0
M204 S10000
G1 E-.8 F1800
G1 X60.71 Y46.735 Z15.4 F7200
G1 Z15
G1 E.8 F1800
M204 S1500
;TYPE:Inner wall
;WIDTH:0.449999
G1 F1473.915
G1 X58.09 Y47.542 E.09278
G1 X58.016 Y46.989 E.01888
G1 X57.953 Y46.182 E.02741
G1 X57.938 Y45.264 E.03106
G1 X60.628 Y45.423 E.09121
G1 X60.651 Y46.195 E.02613
G1 X60.705 Y46.695 E.01704
M204 S500
G1 X61.175 Y47.04 F7200
;TYPE:Outer wall
G1 F1473.915
G1 X57.761 Y48.092 E.12092
G1 X57.692 Y47.794 E.01036
G1 X57.591 Y47.047 E.02551
G1 X57.525 Y46.228 E.02781
G1 X57.505 Y45.407 E.0278
G1 X57.524 Y44.811 E.02019
G1 X61.068 Y45.02 E.12018
G1 X61.055 Y45.496 E.01612
G1 X61.08 Y46.194 E.02364
G1 X61.171 Y47 E.02746
M204 S10000
G1 E-.8 F1800
G1 X58.439 Y47.009 Z15.4 F7200
G1 Z15
G1 E.8 F1800
M204 S500
;TYPE:Internal solid infill
G1 F1473.915
G1 X60.268 Y46.445 E.06481
G1 X60.23 Y45.807 E.02161
G1 X58.348 Y45.696 E.06381
G1 X58.362 Y46.198 E.01698
G1 X58.435 Y46.969 E.02621
M204 S10000
G1 X58.771 Y46.511 F7200
M204 S500
;WIDTH:0.39058
G1 F1725.824
G1 X59.865 Y46.174 E.03311
G1 X58.736 Y46.097 E.03273
G1 X58.767 Y46.472 E.01086
M204 S10000
G1 E-.8 F1800
G1 X62.401 Y51.614 Z15.4 F7200
G1 Z15
M73 P52 R10
G1 E.8 F1800
M204 S1500
;TYPE:Inner wall
;WIDTH:0.449999
G1 F1473.915
G1 X62.721 Y52.117 E.02017
G1 X63.15 Y52.695 E.02435
G1 X61.136 Y54.484 E.09121
G1 X60.565 Y53.736 E.03186
G1 X60.122 Y53.072 E.02702
G1 X59.845 Y52.602 E.01847
G1 X62.364 Y51.629 E.0914
M204 S500
G1 X62.577 Y51.087 F7200
;TYPE:Outer wall
G1 F1473.915
G1 X63.066 Y51.864 E.03107
G1 X63.745 Y52.739 E.03749
G1 X61.091 Y55.097 E.12018
G1 X60.698 Y54.628 E.02071
G1 X60.123 Y53.845 E.0329
G1 X59.747 Y53.279 E.02298
G1 X59.246 Y52.374 E.03503
G1 X62.54 Y51.101 E.11953
M204 S10000
G1 E-.8 F1800
G1 X60.44 Y52.808 Z15.4 F7200
G1 Z15
G1 E.8 F1800
M204 S500
;TYPE:Internal solid infill
G1 F1473.915
G1 X60.818 Y53.382 E.02325
G1 X61.19 Y53.892 E.02135
G1 X62.603 Y52.636 E.06398
G1 X62.241 Y52.113 E.02154
G1 X60.477 Y52.794 E.06401
M204 S10000
G1 X61.214 Y52.914 F7200
M204 S500
;WIDTH:0.390924
G1 F1724.118
G1 X61.012 Y52.992 E.00628
G1 X61.246 Y53.337 E.01205
G1 X62.099 Y52.575 E.03308
G1 X61.252 Y52.9 E.02624
M204 S10000
G1 E-.8 F1800
G1 X53.729 Y51.611 Z15.4 F7200
G1 X52.025 Y51.319 Z15.4
G1 Z15
G1 E.8 F1800
M204 S1500
;TYPE:Inner wall
;WIDTH:0.449999
G1 F1473.915
G1 X67.25 Y46.039 E.54546
G1 X67.97 Y48.111 E.07423
G1 X52.745 Y53.39 E.54546
G1 X52.038 Y51.356 E.07287
M204 S500
G1 X51.48 Y51.054 F7200
;TYPE:Outer wall
G1 F1473.915
G1 X67.515 Y45.494 E.57447
G1 X68.515 Y48.375 E.10324
G1 X52.481 Y53.935 E.57447
G1 X51.493 Y51.092 E.10188
M204 S10000
G1 E-.8 F1800
G1 X54.992 Y52.245 Z15.4 F7200
G1 Z15
G1 E.8 F1800
M204 S500
;TYPE:Sparse infill
;WIDTH:0.45
G1 F1473.913
G1 X53.454 Y52.778 E.05512
G1 X52.603 Y51.928 E.04071
G1 X52.466 Y51.532 E.01417
G1 X54.582 Y50.798 E.07583
G1 X55.762 Y51.978 E.05646
G1 X58.07 Y51.177 E.0827
G1 X56.891 Y49.998 E.05646
G1 X59.199 Y49.197 E.0827
G1 X60.379 Y50.377 E.05646
G1 X62.687 Y49.576 E.0827
G1 X61.507 Y48.397 E.05646
G1 X63.816 Y47.596 E.0827
G1 X64.995 Y48.776 E.05646
G1 X67.304 Y47.976 E.0827
G1 X66.124 Y46.796 E.05646
G1 X67.037 Y46.479 E.03271
G1 X67.254 Y47.105 E.02241
; stop printing object magic-spinning-top.stl id:730144440329 copy 0
;LAYER_CHANGE
;Z:15.2
;HEIGHT:0.2
G92 E0
;_SET_FAN_SPEED_CHANGING_LAYER
; printing object magic-spinning-top.stl id:730144440329 copy 0
M204 S10000
G1 E-.8 F1800
G1 X59.897 Y49.137 Z15.6 F7200
G1 X52.136 Y51.28 Z15.6
G1 Z15.2
G1 E.8 F1800
M204 S1500
;TYPE:Inner wall
;WIDTH:0.449999
G1 F1473.915
G1 X67.142 Y46.077 E.53761
G1 X67.859 Y48.149 E.07423
G1 X52.853 Y53.353 E.5376
G1 X52.149 Y51.318 E.07287
M204 S500
G1 X51.591 Y51.016 F7200
;TYPE:Outer wall
G1 F1473.915
G1 X67.407 Y45.531 E.56662
G1 X68.404 Y48.414 E.10324
G1 X52.588 Y53.898 E.56662
G1 X51.604 Y51.053 E.10188
M204 S10000
G1 E-.8 F1800
G1 X54.155 Y52.47 Z15.6 F7200
G1 Z15.2
G1 E.8 F1800
M204 S500
;TYPE:Internal solid infill
G1 F1473.915
G1 X53.703 Y51.168 E.04667
G1 X52.654 Y51.532 E.03758
G1 X53.105 Y52.835 E.04667
G1 X54.117 Y52.484 E.03626
M204 S10000
G1 X53.672 Y52.236 F7200
M204 S500
;WIDTH:0.394738
G1 F1705.43
G1 X53.469 Y51.651 E.01813
G1 X53.136 Y51.766 E.01029
G1 X53.339 Y52.352 E.01813
G1 X53.634 Y52.249 E.00913
M204 S10000
G1 X54.443 Y52.059 F7200
M204 S500
;TYPE:Sparse infill
;WIDTH:0.45
G1 F1473.913
G1 X54.559 Y52.395 E.01203
G1 X55.762 Y51.978 E.04309
G1 X54.582 Y50.798 E.05646
G1 X56.891 Y49.998 E.0827
G1 X58.07 Y51.177 E.05646
G1 X60.379 Y50.377 E.0827
G1 X59.199 Y49.197 E.05646
G1 X61.507 Y48.397 E.0827
G1 X62.687 Y49.576 E.05646
G1 X64.995 Y48.776 E.0827
G1 X63.816 Y47.596 E.05646
G1 X65.354 Y47.063 E.05512
M204 S10000
G1 X66.292 Y48.262 F7200
M204 S500
;TYPE:Internal solid infill
;WIDTH:0.449999
G1 F1473.915
G1 X67.341 Y47.898 E.03758
G1 X66.891 Y46.595 E.04667
M73 P53 R10
G1 X65.841 Y46.959 E.03761
G1 X66.279 Y48.224 E.04532
M204 S10000
G1 X66.859 Y47.664 F7200
M204 S500
;WIDTH:0.394801
G1 F1705.121
G1 X66.656 Y47.078 E.01814
G1 X66.324 Y47.193 E.0103
G1 X66.527 Y47.779 E.01814
G1 X66.821 Y47.677 E.00912
M204 S10000
G1 E-.8 F1800
G1 X62.401 Y51.614 Z15.6 F7200
G1 Z15.2
G1 E.8 F1800
M204 S1500
;TYPE:Inner wall
;WIDTH:0.449999
G1 F1473.915
G1 X62.721 Y52.117 E.02017
G1 X63.15 Y52.695 E.02435
G1 X61.136 Y54.484 E.09121
G1 X60.564 Y53.736 E.03188
G1 X60.122 Y53.071 E.02703
G1 X59.845 Y52.602 E.01843
G1 X62.363 Y51.629 E.0914
M204 S500
G1 X62.577 Y51.087 F7200
;TYPE:Outer wall
G1 F1473.915
G1 X63.067 Y51.864 E.03108
G1 X63.745 Y52.739 E.03749
G1 X61.091 Y55.097 E.12018
G1 X60.698 Y54.628 E.02073
G1 X60.122 Y53.845 E.03289
G1 X59.747 Y53.278 E.02301
G1 X59.246 Y52.374 E.035
G1 X62.54 Y51.101 E.11953
M204 S10000
G1 E-.8 F1800
G1 X60.44 Y52.808 Z15.6 F7200
G1 Z15.2
G1 E.8 F1800
M204 S500
;TYPE:Internal solid infill
G1 F1473.915
G1 X60.818 Y53.382 E.02325
G1 X61.19 Y53.892 E.02136
G1 X62.603 Y52.636 E.06398
G1 X62.241 Y52.113 E.02154
G1 X60.477 Y52.794 E.06401
M204 S10000
G1 X61.214 Y52.914 F7200
M204 S500
;WIDTH:0.390927
G1 F1724.103
G1 X61.012 Y52.992 E.00628
G1 X61.246 Y53.337 E.01205
G1 X62.099 Y52.575 E.03307
G1 X61.252 Y52.9 E.02624
M204 S10000
G1 E-.8 F1800
G1 X60.709 Y46.735 Z15.6 F7200
G1 Z15.2
G1 E.8 F1800
M204 S1500
;TYPE:Inner wall
;WIDTH:0.449999
G1 F1473.915
G1 X58.09 Y47.542 E.09278
G1 X58.017 Y46.99 E.01884
G1 X57.953 Y46.183 E.02742
G1 X57.939 Y45.264 E.03108
G1 X60.628 Y45.423 E.09121
G1 X60.651 Y46.198 E.02625
G1 X60.705 Y46.695 E.01691
M204 S500
G1 X61.175 Y47.04 F7200
;TYPE:Outer wall
G1 F1473.915
G1 X57.761 Y48.092 E.12092
G1 X57.692 Y47.794 E.01036
G1 X57.591 Y47.048 E.02547
G1 X57.525 Y46.229 E.02782
G1 X57.505 Y45.407 E.02781
G1 X57.524 Y44.811 E.0202
G1 X61.068 Y45.02 E.12018
G1 X61.055 Y45.498 E.01618
G1 X61.08 Y46.197 E.0237
G1 X61.17 Y47 E.02734
M204 S10000
G1 E-.8 F1800
G1 X58.439 Y47.009 Z15.6 F7200
G1 Z15.2
G1 E.8 F1800
M204 S500
;TYPE:Internal solid infill
G1 F1473.915
G1 X60.268 Y46.445 E.0648
G1 X60.23 Y45.807 E.02162
G1 X58.348 Y45.696 E.06381
G1 X58.362 Y46.198 E.017
G1 X58.435 Y46.969 E.02619
M204 S10000
G1 X58.771 Y46.511 F7200
M204 S500
;WIDTH:0.390584
G1 F1725.804
G1 X59.865 Y46.174 E.03312
G1 X58.736 Y46.097 E.03273
G1 X58.767 Y46.472 E.01086
; stop printing object magic-spinning-top.stl id:730144440329 copy 0
;LAYER_CHANGE
;Z:15.4
;HEIGHT:0.2
G92 E0
;_SET_FAN_SPEED_CHANGING_LAYER
; printing object magic-spinning-top.stl id:730144440329 copy 0
M204 S10000
G1 E-.8 F1800
G1 X52.614 Y50.988 Z15.8 F7200
G1 X52.288 Y51.228 Z15.8
G1 Z15.4
G1 E.8 F1800
M204 S1500
;TYPE:Inner wall
;WIDTH:0.449999
G1 F1473.915
G1 X66.991 Y46.129 E.52677
G1 X67.707 Y48.202 E.07423
G1 X53.004 Y53.3 E.52677
G1 X52.301 Y51.265 E.07287
M204 S500
G1 X51.743 Y50.963 F7200
;TYPE:Outer wall
G1 F1473.915
G1 X67.256 Y45.584 E.55579
G1 X68.252 Y48.466 E.10324
G1 X52.739 Y53.846 E.55578
G1 X51.756 Y51.001 E.10188
M204 S10000
G1 E-.8 F1800
G1 X54.992 Y52.245 Z15.8 F7200
G1 Z15.4
G1 E.8 F1800
M204 S500
;TYPE:Sparse infill
;WIDTH:0.45
G1 F1473.913
G1 X53.454 Y52.778 E.05512
G1 X53.05 Y52.375 E.01931
G1 X52.728 Y51.441 E.03343
G1 X54.582 Y50.798 E.06645
G1 X55.762 Y51.978 E.05646
G1 X58.07 Y51.177 E.0827
G1 X56.891 Y49.998 E.05646
G1 X59.199 Y49.197 E.0827
G1 X60.379 Y50.377 E.05646
G1 X61.917 Y49.843 E.05512
M204 S10000
G1 E-.8 F1800
G1 X63.046 Y47.863 Z15.8 F7200
G1 Z15.4
G1 E.8 F1800
M204 S500
G1 F1473.913
G1 X61.507 Y48.397 E.05512
G1 X62.687 Y49.576 E.05646
G1 X64.995 Y48.776 E.0827
G1 X63.816 Y47.596 E.05646
G1 X66.124 Y46.796 E.0827
G1 X67.242 Y47.914 E.05351
G1 X67.268 Y47.988 E.00266
G1 X65.803 Y48.496 E.05246
M204 S10000
G1 E-.8 F1800
G1 X62.401 Y51.614 Z15.8 F7200
G1 Z15.4
G1 E.8 F1800
M204 S1500
;TYPE:Inner wall
;WIDTH:0.449999
G1 F1473.915
G1 X62.721 Y52.117 E.02018
G1 X63.15 Y52.695 E.02434
G1 X61.136 Y54.484 E.09121
G1 X60.564 Y53.735 E.0319
G1 X60.121 Y53.07 E.02704
G1 X59.845 Y52.602 E.0184
G1 X62.363 Y51.629 E.0914
M204 S500
G1 X62.577 Y51.087 F7200
;TYPE:Outer wall
G1 F1473.915
G1 X63.067 Y51.864 E.03109
G1 X63.745 Y52.739 E.03748
G1 X61.091 Y55.097 E.12018
G1 X60.697 Y54.628 E.02074
G1 X60.122 Y53.845 E.03288
G1 X59.746 Y53.278 E.02304
G1 X59.246 Y52.374 E.03497
G1 X62.54 Y51.101 E.11953
M204 S10000
G1 E-.8 F1800
G1 X60.44 Y52.809 Z15.8 F7200
G1 Z15.4
G1 E.8 F1800
M204 S500
;TYPE:Internal solid infill
G1 F1473.915
G1 X60.818 Y53.382 E.02325
G1 X61.19 Y53.892 E.02136
G1 X62.603 Y52.636 E.06398
G1 X62.241 Y52.113 E.02154
G1 X60.477 Y52.794 E.064
M204 S10000
G1 X61.214 Y52.914 F7200
M204 S500
;WIDTH:0.390927
G1 F1724.103
G1 X61.012 Y52.992 E.00628
G1 X61.246 Y53.337 E.01205
G1 X62.098 Y52.575 E.03307
G1 X61.252 Y52.9 E.02623
M204 S10000
G1 E-.8 F1800
G1 X60.709 Y46.735 Z15.8 F7200
G1 Z15.4
G1 E.8 F1800
M204 S1500
;TYPE:Inner wall
;WIDTH:0.449999
G1 F1473.915
G1 X58.09 Y47.542 E.09277
G1 X58.017 Y46.991 E.01881
G1 X57.953 Y46.183 E.02743
G1 X57.939 Y45.264 E.0311
G1 X60.628 Y45.423 E.09121
G1 X60.651 Y46.202 E.02638
G1 X60.705 Y46.695 E.01679
M204 S500
G1 X61.175 Y47.04 F7200
;TYPE:Outer wall
G1 F1473.915
G1 X57.761 Y48.092 E.12092
G1 X57.692 Y47.794 E.01036
G1 X57.591 Y47.049 E.02544
G1 X57.526 Y46.229 E.02784
G1 X57.505 Y45.407 E.02783
M73 P54 R10
G1 X57.524 Y44.811 E.02021
G1 X61.068 Y45.02 E.12018
G1 X61.055 Y45.499 E.01624
G1 X61.081 Y46.201 E.02376
G1 X61.17 Y47 E.02722
M204 S10000
G1 E-.8 F1800
G1 X58.439 Y47.009 Z15.8 F7200
G1 Z15.4
G1 E.8 F1800
M204 S500
;TYPE:Internal solid infill
G1 F1473.915
G1 X60.268 Y46.445 E.0648
G1 X60.23 Y45.807 E.02162
G1 X58.348 Y45.696 E.06381
G1 X58.362 Y46.199 E.01702
G1 X58.435 Y46.969 E.02617
M204 S10000
G1 X58.771 Y46.511 F7200
M204 S500
;WIDTH:0.390589
G1 F1725.78
G1 X59.865 Y46.174 E.03312
G1 X58.736 Y46.097 E.03274
G1 X58.767 Y46.472 E.01086
; stop printing object magic-spinning-top.stl id:730144440329 copy 0
;LAYER_CHANGE
;Z:15.6
;HEIGHT:0.200001
G92 E0
;_SET_FAN_SPEED_CHANGING_LAYER
; printing object magic-spinning-top.stl id:730144440329 copy 0
M204 S10000
G1 E-.8 F1800
G1 X52.661 Y51.051 Z16 F7200
G1 X52.544 Y51.139 Z16
G1 Z15.6
G1 E.8 F1800
M204 S1500
;TYPE:Inner wall
;WIDTH:0.449999
G1 F1473.915
G1 X66.739 Y46.217 E.50854
G1 X67.451 Y48.291 E.07423
G1 X53.257 Y53.213 E.50853
M73 P54 R9
G1 X52.557 Y51.177 E.07287
M204 S500
G1 X52 Y50.874 F7200
;TYPE:Outer wall
G1 F1473.915
G1 X67.005 Y45.671 E.53755
G1 X67.995 Y48.556 E.10324
G1 X52.991 Y53.758 E.53754
G1 X52.013 Y50.912 E.10189
M204 S10000
G1 E-.8 F1800
G1 X53.393 Y52.996 Z16 F7200
G1 Z15.6
G1 E.8 F1800
M204 S500
;TYPE:Top surface
;WIDTH:0.425892
G1 F1566.694
G1 X54.421 Y51.968 E.04628
M204 S10000
G1 X54.282 Y51.566 F7200
M204 S500
G1 F1566.694
G1 X53.224 Y52.624 E.04765
M204 S10000
G1 X53.085 Y52.221 F7200
M204 S500
G1 F1566.694
G1 X54.142 Y51.164 E.0476
M204 S10000
G1 X53.94 Y50.824 F7200
M204 S500
G1 F1566.694
G1 X52.947 Y51.817 E.04471
M204 S10000
G1 X54.716 Y52.143 F7200
M204 S500
;TYPE:Sparse infill
;WIDTH:0.45
G1 F1473.913
G1 X54.286 Y50.901 E.04449
G1 X54.582 Y50.798 E.01063
G1 X55.762 Y51.978 E.05646
G1 X58.07 Y51.177 E.0827
G1 X56.891 Y49.998 E.05646
G1 X59.199 Y49.197 E.0827
G1 X60.379 Y50.377 E.05646
G1 X61.917 Y49.843 E.05512
M204 S10000
G1 E-.8 F1800
G1 X63.046 Y47.863 Z16 F7200
G1 Z15.6
G1 E.8 F1800
M204 S500
G1 F1473.913
G1 X61.507 Y48.397 E.05512
G1 X62.687 Y49.576 E.05646
G1 X64.995 Y48.776 E.0827
G1 X63.816 Y47.596 E.05646
G1 X65.218 Y47.11 E.05023
G1 X65.265 Y47.247 E.00488
M204 S10000
G1 X67.048 Y47.612 F7200
M204 S500
;TYPE:Top surface
;WIDTH:0.425896
G1 F1566.678
G1 X66.055 Y48.605 E.04472
M204 S10000
G1 X65.853 Y48.266 F7200
M204 S500
G1 F1566.678
G1 X66.91 Y47.209 E.04761
M204 S10000
G1 X66.772 Y46.806 F7200
M204 S500
G1 F1566.678
G1 X65.713 Y47.864 E.04765
M204 S10000
G1 X65.574 Y47.462 F7200
M204 S500
G1 F1566.678
G1 X66.602 Y46.434 E.04628
M204 S10000
G1 E-.8 F1800
G1 X62.401 Y51.614 Z16 F7200
G1 Z15.6
G1 E.8 F1800
M204 S1500
;TYPE:Inner wall
;WIDTH:0.449999
G1 F1473.915
G1 X62.721 Y52.117 E.02019
G1 X63.15 Y52.694 E.02433
G1 X61.136 Y54.484 E.09121
G1 X60.564 Y53.734 E.03192
G1 X60.121 Y53.069 E.02706
G1 X59.845 Y52.602 E.01836
G1 X62.363 Y51.629 E.0914
M204 S500
G1 X62.577 Y51.087 F7200
;TYPE:Outer wall
G1 F1473.915
G1 X63.067 Y51.864 E.0311
G1 X63.745 Y52.739 E.03747
G1 X61.091 Y55.097 E.12018
G1 X60.697 Y54.627 E.02075
G1 X60.122 Y53.845 E.03287
G1 X59.746 Y53.277 E.02307
G1 X59.246 Y52.374 E.03493
G1 X62.54 Y51.101 E.11952
M204 S10000
G1 E-.8 F1800
G1 X60.44 Y52.809 Z16 F7200
G1 Z15.6
G1 E.8 F1800
M204 S500
;TYPE:Internal solid infill
G1 F1473.915
G1 X60.818 Y53.382 E.02325
G1 X61.19 Y53.892 E.02136
G1 X62.603 Y52.636 E.06398
G1 X62.241 Y52.113 E.02154
G1 X60.477 Y52.794 E.064
M204 S10000
G1 X61.214 Y52.914 F7200
M204 S500
;WIDTH:0.390929
G1 F1724.093
G1 X61.012 Y52.992 E.00628
G1 X61.246 Y53.337 E.01205
G1 X62.098 Y52.575 E.03307
G1 X61.252 Y52.9 E.02623
M204 S10000
G1 E-.8 F1800
G1 X60.709 Y46.735 Z16 F7200
G1 Z15.6
G1 E.8 F1800
M204 S1500
;TYPE:Inner wall
;WIDTH:0.449999
G1 F1473.915
G1 X58.09 Y47.542 E.09277
G1 X58.017 Y46.992 E.01877
G1 X57.953 Y46.184 E.02745
G1 X57.939 Y45.264 E.03113
G1 X60.629 Y45.423 E.09121
G1 X60.652 Y46.206 E.0265
G1 X60.705 Y46.695 E.01666
M204 S500
G1 X61.175 Y47.04 F7200
;TYPE:Outer wall
G1 F1473.915
G1 X57.761 Y48.092 E.12092
G1 X57.692 Y47.794 E.01036
G1 X57.592 Y47.05 E.0254
G1 X57.526 Y46.23 E.02785
G1 X57.505 Y45.408 E.02784
G1 X57.524 Y44.811 E.02022
G1 X61.068 Y45.02 E.12018
G1 X61.055 Y45.501 E.0163
G1 X61.081 Y46.205 E.02382
G1 X61.17 Y47 E.0271
M204 S10000
G1 E-.8 F1800
G1 X58.439 Y47.009 Z16 F7200
G1 Z15.6
G1 E.8 F1800
M204 S500
;TYPE:Internal solid infill
G1 F1473.915
G1 X60.268 Y46.445 E.06479
G1 X60.23 Y45.807 E.02162
G1 X58.348 Y45.696 E.06381
G1 X58.362 Y46.2 E.01705
G1 X58.435 Y46.969 E.02614
M204 S10000
G1 X58.77 Y46.511 F7200
M204 S500
;WIDTH:0.390593
G1 F1725.76
G1 X59.865 Y46.174 E.03312
G1 X58.736 Y46.097 E.03274
G1 X58.767 Y46.472 E.01086
; stop printing object magic-spinning-top.stl id:730144440329 copy 0
M106 S247
;LAYER_CHANGE
;Z:15.8
;HEIGHT:0.2
G92 E0
;_SET_FAN_SPEED_CHANGING_LAYER
; printing object magic-spinning-top.stl id:730144440329 copy 0
M204 S10000
G1 X60.709 Y46.735 Z15.8 F7200
M204 S1500
;TYPE:Inner wall
;WIDTH:0.449999
G1 F1473.915
G1 X58.09 Y47.542 E.09277
G1 X58.017 Y46.993 E.01874
G1 X57.953 Y46.184 E.02746
G1 X57.939 Y45.264 E.03115
G1 X60.629 Y45.423 E.09121
G1 X60.652 Y46.209 E.02663
G1 X60.705 Y46.695 E.01654
M204 S500
G1 X61.175 Y47.04 F7200
;TYPE:Outer wall
G1 F1473.915
G1 X57.761 Y48.092 E.12092
G1 X57.692 Y47.794 E.01036
G1 X57.592 Y47.051 E.02537
G1 X57.526 Y46.231 E.02786
G1 X57.505 Y45.408 E.02785
G1 X57.524 Y44.811 E.02023
G1 X61.068 Y45.02 E.12018
G1 X61.055 Y45.503 E.01636
G1 X61.081 Y46.208 E.02388
G1 X61.17 Y47 E.02698
M204 S10000
G1 E-.8 F1800
G1 X58.439 Y47.009 Z16.2 F7200
G1 Z15.8
G1 E.8 F1800
M204 S500
;TYPE:Internal solid infill
G1 F1473.915
G1 X60.268 Y46.445 E.06479
G1 X60.23 Y45.807 E.02162
G1 X58.348 Y45.696 E.06381
G1 X58.362 Y46.2 E.01707
G1 X58.435 Y46.969 E.02612
M204 S10000
G1 X58.77 Y46.511 F7200
M204 S500
;WIDTH:0.390597
G1 F1725.74
G1 X59.866 Y46.174 E.03313
G1 X58.736 Y46.097 E.03274
G1 X58.767 Y46.472 E.01086
M204 S10000
G1 E-.8 F1800
G1 X53.546 Y50.791 Z16.2 F7200
G1 Z15.8
M73 P55 R9
G1 E.8 F1800
M204 S1500
;TYPE:Inner wall
;WIDTH:0.449999
G1 F1473.915
G1 X65.73 Y46.566 E.4365
G1 X66.449 Y48.638 E.07423
G1 X54.265 Y52.863 E.4365
G1 X53.559 Y50.829 E.07287
M204 S500
G1 X53.001 Y50.527 F7200
;TYPE:Outer wall
G1 F1473.915
G1 X65.995 Y46.021 E.46552
G1 X66.994 Y48.903 E.10324
G1 X54 Y53.408 E.46552
G1 X53.014 Y50.564 E.10188
M204 S10000
G1 E-.8 F1800
G1 X54.4 Y52.198 Z16.2 F7200
G1 Z15.8
G1 E.8 F1800
M204 S500
;TYPE:Sparse infill
;WIDTH:0.45
G1 F1473.913
G1 X53.987 Y51.005 E.04274
G1 X54.332 Y50.885 E.01238
G1 X54.557 Y51.11 E.01077
G1 X55.965 Y51.907 E.05476
G1 X57.893 Y51.239 E.06909
G1 X57.666 Y51.11 E.00884
G1 X57.329 Y50.773 E.01613
G1 X56.89 Y49.998 E.03015
G1 X58.429 Y49.465 E.05512
M204 S10000
G1 E-.8 F1800
G1 X61.779 Y49.891 Z16.2 F7200
G1 Z15.8
G1 E.8 F1800
M204 S500
G1 F1473.913
G1 X60.241 Y50.425 E.05512
G1 X59.557 Y49.219 E.04692
G1 X59.449 Y49.111 E.00517
G1 X61.486 Y48.404 E.07298
G1 X62.329 Y48.882 E.03279
G1 X62.666 Y49.219 E.01613
G1 X62.839 Y49.524 E.01187
G1 X65.154 Y48.721 E.08294
G1 X63.884 Y48.001 E.04943
G1 X63.566 Y47.683 E.01522
G1 X65.104 Y47.15 E.05512
M204 S10000
G1 E-.8 F1800
G1 X62.401 Y51.615 Z16.2 F7200
G1 Z15.8
G1 E.8 F1800
M204 S1500
;TYPE:Inner wall
;WIDTH:0.449999
G1 F1473.915
G1 X62.722 Y52.117 E.02019
G1 X63.15 Y52.694 E.02433
G1 X61.136 Y54.484 E.09121
G1 X60.563 Y53.734 E.03195
G1 X60.12 Y53.068 E.02707
G1 X59.845 Y52.602 E.01833
G1 X62.363 Y51.629 E.09139
M204 S500
G1 X62.577 Y51.087 F7200
;TYPE:Outer wall
G1 F1473.915
G1 X63.067 Y51.864 E.03111
G1 X63.745 Y52.739 E.03746
G1 X61.091 Y55.097 E.12018
G1 X60.697 Y54.627 E.02076
G1 X60.122 Y53.845 E.03286
G1 X59.745 Y53.276 E.0231
G1 X59.246 Y52.374 E.0349
G1 X62.54 Y51.101 E.11952
M204 S10000
G1 E-.8 F1800
G1 X60.44 Y52.809 Z16.2 F7200
G1 Z15.8
G1 E.8 F1800
M204 S500
;TYPE:Internal solid infill
G1 F1473.915
G1 X60.818 Y53.382 E.02325
G1 X61.19 Y53.892 E.02136
G1 X62.603 Y52.636 E.06397
G1 X62.241 Y52.113 E.02154
G1 X60.477 Y52.794 E.064
M204 S10000
G1 X61.214 Y52.914 F7200
M204 S500
;WIDTH:0.390931
G1 F1724.083
G1 X61.012 Y52.992 E.00628
G1 X61.246 Y53.337 E.01205
G1 X62.098 Y52.576 E.03306
G1 X61.252 Y52.9 E.02623
; stop printing object magic-spinning-top.stl id:730144440329 copy 0
;LAYER_CHANGE
;Z:16
;HEIGHT:0.2
G92 E0
;_SET_FAN_SPEED_CHANGING_LAYER
; printing object magic-spinning-top.stl id:730144440329 copy 0
M204 S10000
G1 E-.8 F1800
G1 X60.709 Y46.735 Z16.4 F7200
G1 Z16
G1 E.8 F1800
M204 S1500
;TYPE:Inner wall
;WIDTH:0.449999
G1 F1473.915
G1 X58.09 Y47.542 E.09276
G1 X58.017 Y46.994 E.0187
G1 X57.953 Y46.185 E.02748
G1 X57.939 Y45.264 E.03117
G1 X60.629 Y45.423 E.09121
G1 X60.652 Y46.213 E.02675
G1 X60.705 Y46.695 E.01642
M204 S500
G1 X61.175 Y47.04 F7200
;TYPE:Outer wall
G1 F1473.915
G1 X57.761 Y48.092 E.12091
G1 X57.691 Y47.794 E.01036
G1 X57.592 Y47.052 E.02533
G1 X57.526 Y46.231 E.02787
G1 X57.505 Y45.408 E.02786
G1 X57.524 Y44.811 E.02024
G1 X61.068 Y45.02 E.12018
G1 X61.055 Y45.505 E.01643
G1 X61.081 Y46.212 E.02394
G1 X61.17 Y47 E.02686
M204 S10000
G1 E-.8 F1800
G1 X58.439 Y47.009 Z16.4 F7200
G1 Z16
G1 E.8 F1800
M204 S500
;TYPE:Internal solid infill
G1 F1473.915
G1 X60.268 Y46.445 E.06479
G1 X60.23 Y45.807 E.02162
G1 X58.348 Y45.696 E.06381
G1 X58.362 Y46.201 E.01709
G1 X58.435 Y46.969 E.0261
M204 S10000
G1 X58.77 Y46.511 F7200
M204 S500
;WIDTH:0.390601
G1 F1725.72
G1 X59.866 Y46.174 E.03313
G1 X58.736 Y46.097 E.03274
G1 X58.767 Y46.472 E.01086
M204 S10000
G1 E-.8 F1800
G1 X62.4 Y51.615 Z16.4 F7200
G1 Z16
G1 E.8 F1800
M204 S1500
;TYPE:Inner wall
;WIDTH:0.449999
G1 F1473.915
G1 X62.722 Y52.117 E.0202
G1 X63.15 Y52.694 E.02432
G1 X61.136 Y54.484 E.09121
G1 X60.563 Y53.733 E.03197
G1 X60.12 Y53.067 E.02708
G1 X59.845 Y52.602 E.0183
G1 X62.363 Y51.629 E.09139
M204 S500
G1 X62.577 Y51.087 F7200
;TYPE:Outer wall
G1 F1473.915
G1 X63.067 Y51.864 E.03112
G1 X63.745 Y52.739 E.03745
G1 X61.091 Y55.097 E.12018
G1 X60.697 Y54.627 E.02078
G1 X60.122 Y53.845 E.03285
G1 X59.745 Y53.275 E.02313
G1 X59.246 Y52.374 E.03487
G1 X62.54 Y51.101 E.11952
M204 S10000
G1 E-.8 F1800
G1 X60.44 Y52.809 Z16.4 F7200
G1 Z16
G1 E.8 F1800
M204 S500
;TYPE:Internal solid infill
G1 F1473.915
G1 X60.818 Y53.382 E.02325
G1 X61.19 Y53.892 E.02136
G1 X62.603 Y52.636 E.06397
G1 X62.24 Y52.113 E.02155
G1 X60.477 Y52.794 E.06399
M204 S10000
G1 X61.214 Y52.914 F7200
M204 S500
;WIDTH:0.390931
G1 F1724.083
G1 X61.012 Y52.992 E.00628
G1 X61.246 Y53.337 E.01205
G1 X62.098 Y52.576 E.03306
G1 X61.252 Y52.9 E.02623
M204 S10000
G1 E-.8 F1800
G1 X53.907 Y50.824 Z16.4 F7200
G1 X53.655 Y50.753 Z16.4
G1 Z16
G1 E.8 F1800
M204 S1500
;TYPE:Inner wall
;WIDTH:0.449999
G1 F1473.915
G1 X65.621 Y46.604 E.42869
G1 X66.34 Y48.676 E.07423
G1 X54.374 Y52.825 E.42869
G1 X53.669 Y50.791 E.07287
M204 S500
G1 X53.11 Y50.489 F7200
;TYPE:Outer wall
G1 F1473.915
G1 X65.886 Y46.059 E.4577
G1 X66.885 Y48.941 E.10324
G1 X54.109 Y53.371 E.4577
M73 P56 R9
G1 X53.123 Y50.527 E.10188
M204 S10000
G1 E-.8 F1800
G1 X55.351 Y50.532 Z16.4 F7200
G1 Z16
G1 E.8 F1800
M204 S500
;TYPE:Sparse infill
;WIDTH:0.45
G1 F1473.913
G1 X56.889 Y49.998 E.05512
G1 X56.976 Y50.773 E.02639
G1 X57.558 Y51.355 E.02786
G1 X56.275 Y51.8 E.04596
G1 X56.112 Y51.637 E.0078
G1 X54.557 Y51.464 E.05294
G1 X54.114 Y51.021 E.0212
G1 X54.587 Y52.385 E.04888
G1 X54.762 Y52.325 E.00624
M204 S10000
G1 E-.8 F1800
G1 X61.591 Y49.956 Z16.4 F7200
G1 Z16
G1 E.8 F1800
M204 S500
G1 F1473.913
G1 X60.053 Y50.49 E.05512
G1 X59.911 Y49.219 E.0433
G1 X59.712 Y49.02 E.00953
G1 X61.421 Y48.427 E.06123
G1 X62.329 Y48.528 E.03093
G1 X63.02 Y49.219 E.03305
G1 X63.046 Y49.452 E.00795
G1 X65.508 Y48.598 E.08821
G1 X65.438 Y48.528 E.00335
G1 X63.884 Y48.355 E.05294
G1 X63.303 Y47.774 E.02779
G1 X64.842 Y47.241 E.05512
; stop printing object magic-spinning-top.stl id:730144440329 copy 0
;LAYER_CHANGE
;Z:16.2
;HEIGHT:0.200001
G92 E0
;_SET_FAN_SPEED_CHANGING_LAYER
; printing object magic-spinning-top.stl id:730144440329 copy 0
M204 S10000
G1 E-.8 F1800
G1 X60.709 Y46.735 Z16.6 F7200
G1 Z16.2
G1 E.8 F1800
M204 S1500
;TYPE:Inner wall
;WIDTH:0.449999
G1 F1473.915
G1 X58.09 Y47.542 E.09276
G1 X58.017 Y46.995 E.01866
G1 X57.953 Y46.186 E.02749
G1 X57.939 Y45.264 E.03119
G1 X60.629 Y45.423 E.09122
G1 X60.652 Y46.217 E.02688
G1 X60.705 Y46.695 E.01629
M204 S500
G1 X61.175 Y47.04 F7200
;TYPE:Outer wall
G1 F1473.915
G1 X57.761 Y48.092 E.12091
G1 X57.691 Y47.794 E.01036
G1 X57.592 Y47.053 E.0253
G1 X57.526 Y46.232 E.02788
G1 X57.505 Y45.409 E.02787
G1 X57.524 Y44.811 E.02025
G1 X61.068 Y45.02 E.12019
G1 X61.055 Y45.507 E.01649
G1 X61.081 Y46.215 E.024
G1 X61.17 Y47 E.02674
M204 S10000
G1 E-.8 F1800
G1 X58.439 Y47.009 Z16.6 F7200
G1 Z16.2
G1 E.8 F1800
M204 S500
;TYPE:Internal solid infill
G1 F1473.915
G1 X60.268 Y46.445 E.06478
G1 X60.23 Y45.807 E.02162
G1 X58.348 Y45.696 E.06381
G1 X58.362 Y46.202 E.01711
G1 X58.435 Y46.969 E.02608
M204 S10000
G1 X58.77 Y46.511 F7200
M204 S500
;WIDTH:0.390605
G1 F1725.7
G1 X59.866 Y46.174 E.03313
G1 X58.736 Y46.097 E.03274
G1 X58.767 Y46.472 E.01086
M204 S10000
G1 E-.8 F1800
G1 X62.4 Y51.615 Z16.6 F7200
G1 Z16.2
G1 E.8 F1800
M204 S1500
;TYPE:Inner wall
;WIDTH:0.449999
G1 F1473.915
G1 X62.722 Y52.118 E.02021
G1 X63.15 Y52.694 E.02432
G1 X61.136 Y54.484 E.09122
G1 X60.563 Y53.733 E.03199
G1 X60.119 Y53.066 E.02709
G1 X59.845 Y52.602 E.01826
G1 X62.363 Y51.629 E.09139
M204 S500
G1 X62.577 Y51.087 F7200
;TYPE:Outer wall
G1 F1473.915
G1 X63.068 Y51.865 E.03113
G1 X63.745 Y52.739 E.03744
G1 X61.091 Y55.097 E.12019
G1 X60.697 Y54.627 E.02079
G1 X60.122 Y53.845 E.03284
G1 X59.744 Y53.274 E.02316
G1 X59.246 Y52.374 E.03483
G1 X62.54 Y51.101 E.11952
M204 S10000
G1 E-.8 F1800
G1 X60.44 Y52.809 Z16.6 F7200
G1 Z16.2
G1 E.8 F1800
M204 S500
;TYPE:Internal solid infill
G1 F1473.915
G1 X60.818 Y53.382 E.02325
G1 X61.19 Y53.892 E.02136
G1 X62.603 Y52.636 E.06397
G1 X62.24 Y52.113 E.02155
G1 X60.477 Y52.794 E.06399
M204 S10000
G1 X61.214 Y52.914 F7200
M204 S500
;WIDTH:0.390933
G1 F1724.073
G1 X61.012 Y52.992 E.00628
G1 X61.246 Y53.337 E.01205
G1 X62.098 Y52.576 E.03306
G1 X61.252 Y52.9 E.02622
M204 S10000
G1 E-.8 F1800
G1 X53.925 Y50.762 Z16.6 F7200
G1 X53.765 Y50.716 Z16.6
G1 Z16.2
G1 E.8 F1800
M204 S1500
;TYPE:Inner wall
;WIDTH:0.449999
G1 F1473.915
G1 X65.512 Y46.642 E.42087
G1 X66.231 Y48.714 E.07423
G1 X54.483 Y52.787 E.42087
G1 X53.778 Y50.753 E.07287
M204 S500
G1 X53.219 Y50.451 F7200
;TYPE:Outer wall
G1 F1473.915
G1 X65.777 Y46.097 E.44988
G1 X66.776 Y48.978 E.10324
G1 X54.219 Y53.333 E.44988
G1 X53.232 Y50.489 E.10188
M204 S10000
G1 X55.053 Y50.635 F7200
M204 S500
;TYPE:Sparse infill
;WIDTH:0.45
G1 F1473.913
G1 X54.205 Y50.929 E.03039
G1 X54.444 Y51.619 E.02473
G1 X54.557 Y51.506 E.00541
G1 X56.112 Y51.594 E.0527
G1 X56.933 Y50.773 E.03931
G1 X56.889 Y49.998 E.02626
G1 X58.427 Y49.465 E.05512
M204 S10000
G1 E-.8 F1800
G1 X64.44 Y47.38 Z16.6 F7200
G1 Z16.2
G1 E.8 F1800
M204 S500
G1 F1473.913
G1 X62.901 Y47.914 E.05512
G1 X62.329 Y48.486 E.02738
G1 X61.403 Y48.433 E.0314
G1 X60.387 Y48.785 E.03641
G1 X59.954 Y49.219 E.02074
G1 X60.026 Y50.499 E.04341
G1 X63.075 Y49.442 E.10923
G1 X63.062 Y49.219 E.00757
G1 X63.884 Y48.397 E.03931
G1 X65.438 Y48.486 E.0527
G1 X65.696 Y48.228 E.01234
G1 X65.299 Y47.082 E.04103
G1 X64.906 Y47.219 E.01408
; stop printing object magic-spinning-top.stl id:730144440329 copy 0
;LAYER_CHANGE
;Z:16.4
;HEIGHT:0.199999
G92 E0
;_SET_FAN_SPEED_CHANGING_LAYER
; printing object magic-spinning-top.stl id:730144440329 copy 0
M204 S10000
G1 E-.8 F1800
G1 X60.709 Y46.735 Z16.8 F7200
G1 Z16.4
G1 E.8 F1800
M204 S1500
;TYPE:Inner wall
;WIDTH:0.449999
G1 F1473.915
G1 X58.09 Y47.542 E.09276
G1 X58.017 Y46.996 E.01863
G1 X57.953 Y46.186 E.0275
G1 X57.939 Y45.264 E.03121
G1 X60.629 Y45.423 E.09122
G1 X60.652 Y46.221 E.027
G1 X60.705 Y46.695 E.01617
M204 S500
G1 X61.175 Y47.04 F7200
;TYPE:Outer wall
G1 F1473.915
G1 X57.761 Y48.092 E.12091
G1 X57.691 Y47.794 E.01036
G1 X57.592 Y47.054 E.02526
G1 X57.526 Y46.233 E.0279
G1 X57.505 Y45.409 E.02788
G1 X57.524 Y44.811 E.02027
G1 X61.068 Y45.02 E.12019
G1 X61.055 Y45.508 E.01655
G1 X61.082 Y46.219 E.02406
G1 X61.17 Y47 E.02661
M204 S10000
G1 E-.8 F1800
G1 X58.439 Y47.009 Z16.8 F7200
G1 Z16.4
G1 E.8 F1800
M204 S500
;TYPE:Internal solid infill
G1 F1473.915
G1 X60.267 Y46.445 E.06478
G1 X60.23 Y45.807 E.02162
G1 X58.348 Y45.696 E.06381
G1 X58.362 Y46.202 E.01714
G1 X58.435 Y46.969 E.02606
M204 S10000
G1 X58.77 Y46.511 F7200
M204 S500
;WIDTH:0.390609
G1 F1725.68
G1 X59.866 Y46.174 E.03314
G1 X58.736 Y46.097 E.03275
G1 X58.767 Y46.472 E.01086
M204 S10000
G1 E-.8 F1800
G1 X62.4 Y51.615 Z16.8 F7200
G1 Z16.4
M73 P57 R9
G1 E.8 F1800
M204 S1500
;TYPE:Inner wall
;WIDTH:0.449999
G1 F1473.915
G1 X62.722 Y52.118 E.02021
G1 X63.15 Y52.694 E.02431
G1 X61.136 Y54.484 E.09122
G1 X60.562 Y53.732 E.03201
G1 X60.119 Y53.066 E.0271
G1 X59.845 Y52.602 E.01823
G1 X62.363 Y51.629 E.09138
M204 S500
G1 X62.577 Y51.087 F7200
;TYPE:Outer wall
G1 F1473.915
G1 X63.068 Y51.865 E.03114
G1 X63.745 Y52.739 E.03743
G1 X61.091 Y55.097 E.12019
G1 X60.696 Y54.626 E.0208
G1 X60.122 Y53.845 E.03283
G1 X59.744 Y53.273 E.02319
G1 X59.246 Y52.374 E.0348
G1 X62.54 Y51.101 E.11952
M204 S10000
G1 E-.8 F1800
G1 X60.44 Y52.809 Z16.8 F7200
G1 Z16.4
G1 E.8 F1800
M204 S500
;TYPE:Internal solid infill
G1 F1473.915
G1 X60.818 Y53.382 E.02325
G1 X61.19 Y53.892 E.02136
G1 X62.603 Y52.636 E.06397
G1 X62.24 Y52.113 E.02155
G1 X60.477 Y52.794 E.06399
M204 S10000
G1 X61.214 Y52.914 F7200
M204 S500
;WIDTH:0.390935
G1 F1724.064
G1 X61.012 Y52.992 E.00628
G1 X61.246 Y53.337 E.01205
G1 X62.098 Y52.576 E.03305
G1 X61.252 Y52.9 E.02622
M204 S10000
G1 E-.8 F1800
G1 X53.944 Y50.699 Z16.8 F7200
G1 X53.874 Y50.678 Z16.8
G1 Z16.4
G1 E.8 F1800
M204 S1500
;TYPE:Inner wall
;WIDTH:0.449999
G1 F1473.915
G1 X65.403 Y46.68 E.41305
G1 X66.122 Y48.752 E.07423
G1 X54.592 Y52.75 E.41305
G1 X53.887 Y50.715 E.07287
M204 S500
G1 X53.328 Y50.413 F7200
;TYPE:Outer wall
G1 F1473.915
G1 X65.668 Y46.135 E.44206
G1 X66.667 Y49.016 E.10324
G1 X54.328 Y53.295 E.44206
G1 X53.341 Y50.451 E.10188
M204 S10000
G1 E-.8 F1800
G1 X55.349 Y50.532 Z16.8 F7200
G1 Z16.4
G1 E.8 F1800
M204 S500
;TYPE:Sparse infill
;WIDTH:0.45
G1 F1473.913
G1 X56.888 Y49.999 E.05512
G1 X56.579 Y50.773 E.02821
G1 X56.112 Y51.241 E.02239
G1 X54.639 Y51.827 E.05367
G1 X54.806 Y52.309 E.01727
G1 X55.862 Y51.943 E.03785
M204 S10000
G1 E-.8 F1800
G1 X62.566 Y48.293 Z16.8 F7200
G1 X63.898 Y47.568 Z16.8
G1 Z16.4
G1 E.8 F1800
M204 S500
G1 F1473.913
G1 X62.36 Y48.101 E.05512
G1 X62.329 Y48.132 E.00147
G1 X60.775 Y48.751 E.05663
G1 X60.307 Y49.219 E.02239
G1 X59.761 Y50.591 E.05001
G1 X63.367 Y49.341 E.12922
G1 X63.416 Y49.219 E.00444
G1 X63.884 Y48.751 E.02239
G1 X65.438 Y48.132 E.05663
G1 X65.514 Y48.056 E.00364
G1 X65.681 Y48.538 E.01728
G1 X64.625 Y48.904 E.03784
; stop printing object magic-spinning-top.stl id:730144440329 copy 0
;LAYER_CHANGE
;Z:16.6
;HEIGHT:0.200001
G92 E0
;_SET_FAN_SPEED_CHANGING_LAYER
; printing object magic-spinning-top.stl id:730144440329 copy 0
M204 S10000
G1 E-.8 F1800
G1 X60.709 Y46.735 Z17 F7200
G1 Z16.6
G1 E.8 F1800
M204 S1500
;TYPE:Inner wall
;WIDTH:0.449999
G1 F1473.915
G1 X58.09 Y47.542 E.09276
G1 X58.017 Y46.997 E.0186
G1 X57.953 Y46.187 E.02751
G1 X57.939 Y45.264 E.03123
G1 X60.629 Y45.423 E.09122
G1 X60.653 Y46.224 E.02713
G1 X60.704 Y46.695 E.01604
M204 S500
G1 X61.175 Y47.04 F7200
;TYPE:Outer wall
G1 F1473.915
G1 X57.761 Y48.092 E.12091
G1 X57.691 Y47.794 E.01036
G1 X57.592 Y47.055 E.02523
G1 X57.526 Y46.233 E.02791
G1 X57.505 Y45.409 E.0279
G1 X57.524 Y44.811 E.02028
G1 X61.068 Y45.02 E.12019
G1 X61.055 Y45.51 E.01661
G1 X61.082 Y46.222 E.02412
G1 X61.17 Y47 E.02649
M204 S10000
G1 E-.8 F1800
G1 X58.439 Y47.009 Z17 F7200
G1 Z16.6
G1 E.8 F1800
M204 S500
;TYPE:Internal solid infill
G1 F1473.915
G1 X60.267 Y46.445 E.06477
G1 X60.23 Y45.807 E.02162
G1 X58.348 Y45.696 E.06381
G1 X58.362 Y46.203 E.01716
G1 X58.435 Y46.969 E.02603
M204 S10000
G1 X58.77 Y46.511 F7200
M204 S500
;WIDTH:0.390613
G1 F1725.66
G1 X59.866 Y46.174 E.03314
G1 X58.736 Y46.097 E.03275
G1 X58.767 Y46.472 E.01086
M204 S10000
G1 E-.8 F1800
G1 X62.4 Y51.615 Z17 F7200
G1 Z16.6
G1 E.8 F1800
M204 S1500
;TYPE:Inner wall
;WIDTH:0.449999
G1 F1473.915
G1 X62.722 Y52.118 E.02022
G1 X63.15 Y52.694 E.0243
G1 X61.136 Y54.484 E.09122
G1 X60.562 Y53.732 E.03204
G1 X60.118 Y53.065 E.02712
G1 X59.845 Y52.602 E.01819
G1 X62.363 Y51.629 E.09138
M204 S500
G1 X62.577 Y51.087 F7200
;TYPE:Outer wall
G1 F1473.915
G1 X63.068 Y51.865 E.03114
G1 X63.745 Y52.739 E.03742
G1 X61.091 Y55.097 E.12019
G1 X60.696 Y54.626 E.02081
G1 X60.122 Y53.845 E.03282
G1 X59.743 Y53.273 E.02323
G1 X59.246 Y52.374 E.03476
G1 X62.54 Y51.101 E.11952
M204 S10000
G1 E-.8 F1800
G1 X60.44 Y52.809 Z17 F7200
G1 Z16.6
G1 E.8 F1800
M204 S500
;TYPE:Internal solid infill
G1 F1473.915
G1 X60.818 Y53.382 E.02325
G1 X61.19 Y53.892 E.02136
G1 X62.603 Y52.636 E.06397
G1 X62.24 Y52.113 E.02155
G1 X60.477 Y52.794 E.06399
M204 S10000
G1 X61.214 Y52.914 F7200
M204 S500
;WIDTH:0.390936
G1 F1724.059
G1 X61.012 Y52.992 E.00627
G1 X61.246 Y53.337 E.01205
G1 X62.098 Y52.576 E.03305
G1 X61.252 Y52.9 E.02622
M204 S10000
G1 E-.8 F1800
G1 X53.983 Y50.64 Z17 F7200
G1 Z16.6
G1 E.8 F1800
M204 S1500
;TYPE:Inner wall
;WIDTH:0.449999
G1 F1473.915
G1 X65.294 Y46.718 E.40524
G1 X66.012 Y48.79 E.07423
G1 X54.701 Y52.712 E.40524
G1 X53.996 Y50.678 E.07287
M204 S500
G1 X53.437 Y50.375 F7200
;TYPE:Outer wall
G1 F1473.915
G1 X65.559 Y46.172 E.43425
G1 X66.558 Y49.054 E.10324
G1 X54.437 Y53.257 E.43425
G1 X53.451 Y50.413 E.10188
M73 P58 R9
M204 S10000
G1 E-.8 F1800
G1 X58.423 Y49.466 Z17 F7200
G1 Z16.6
G1 E.8 F1800
M204 S500
;TYPE:Sparse infill
;WIDTH:0.45
G1 F1473.913
G1 X56.885 Y50 E.05512
G1 X54.837 Y52.048 E.09803
G1 X54.915 Y52.271 E.00802
G1 X59.212 Y50.781 E.15396
G1 X61.644 Y48.35 E.11641
G1 X65.08 Y47.158 E.12312
G1 X65.303 Y47.799 E.02298
G1 X63.971 Y49.131 E.06375
G1 X62.433 Y49.665 E.05512
; stop printing object magic-spinning-top.stl id:730144440329 copy 0
;LAYER_CHANGE
;Z:16.8
;HEIGHT:0.199999
G92 E0
;_SET_FAN_SPEED_CHANGING_LAYER
; printing object magic-spinning-top.stl id:730144440329 copy 0
M204 S10000
G1 E-.8 F1800
G1 X60.709 Y46.735 Z17.2 F7200
G1 Z16.8
G1 E.8 F1800
M204 S1500
;TYPE:Inner wall
;WIDTH:0.449999
G1 F1473.915
G1 X58.09 Y47.542 E.09275
G1 X58.017 Y46.998 E.01856
G1 X57.953 Y46.188 E.02753
G1 X57.939 Y45.264 E.03126
G1 X60.629 Y45.423 E.09122
G1 X60.653 Y46.228 E.02725
G1 X60.704 Y46.695 E.01592
M204 S500
G1 X61.175 Y47.04 F7200
;TYPE:Outer wall
G1 F1473.915
G1 X57.761 Y48.092 E.12091
G1 X57.692 Y47.794 E.01036
G1 X57.592 Y47.056 E.02519
G1 X57.526 Y46.234 E.02792
G1 X57.505 Y45.41 E.02791
G1 X57.524 Y44.811 E.02029
G1 X61.068 Y45.02 E.12019
G1 X61.055 Y45.512 E.01667
G1 X61.082 Y46.226 E.02418
G1 X61.17 Y47 E.02637
M204 S10000
G1 E-.8 F1800
G1 X58.439 Y47.009 Z17.2 F7200
G1 Z16.8
G1 E.8 F1800
M204 S500
;TYPE:Internal solid infill
G1 F1473.915
G1 X60.267 Y46.445 E.06477
G1 X60.23 Y45.807 E.02163
G1 X58.348 Y45.696 E.06381
G1 X58.362 Y46.204 E.01718
G1 X58.435 Y46.969 E.02601
M204 S10000
G1 X58.77 Y46.511 F7200
M204 S500
;WIDTH:0.390617
G1 F1725.64
G1 X59.866 Y46.174 E.03314
G1 X58.736 Y46.097 E.03275
G1 X58.767 Y46.472 E.01086
M204 S10000
G1 E-.8 F1800
G1 X62.4 Y51.615 Z17.2 F7200
G1 Z16.8
G1 E.8 F1800
M204 S1500
;TYPE:Inner wall
;WIDTH:0.449999
G1 F1473.915
G1 X62.722 Y52.118 E.02023
G1 X63.15 Y52.694 E.0243
G1 X61.136 Y54.484 E.09122
G1 X60.561 Y53.731 E.03206
G1 X60.118 Y53.064 E.02713
G1 X59.845 Y52.602 E.01816
G1 X62.363 Y51.629 E.09138
M204 S500
G1 X62.577 Y51.087 F7200
;TYPE:Outer wall
G1 F1473.915
G1 X63.068 Y51.865 E.03115
G1 X63.745 Y52.739 E.03741
G1 X61.091 Y55.097 E.12019
G1 X60.696 Y54.626 E.02082
G1 X60.122 Y53.844 E.03281
G1 X59.743 Y53.272 E.02326
G1 X59.246 Y52.374 E.03473
G1 X62.54 Y51.101 E.11952
M204 S10000
G1 E-.8 F1800
G1 X60.44 Y52.809 Z17.2 F7200
G1 Z16.8
G1 E.8 F1800
M204 S500
;TYPE:Internal solid infill
G1 F1473.915
G1 X60.818 Y53.382 E.02325
G1 X61.19 Y53.892 E.02136
G1 X62.603 Y52.636 E.06396
G1 X62.24 Y52.113 E.02155
G1 X60.477 Y52.794 E.06398
M204 S10000
G1 X61.214 Y52.914 F7200
M204 S500
;WIDTH:0.390939
G1 F1724.044
G1 X61.012 Y52.992 E.00627
G1 X61.246 Y53.337 E.01205
G1 X62.098 Y52.576 E.03305
G1 X61.252 Y52.9 E.02622
M204 S10000
G1 E-.8 F1800
G1 X53.951 Y50.674 Z17.2 F7200
G1 X53.915 Y50.663 Z17.2
G1 Z16.8
G1 E.8 F1800
M204 S1500
;TYPE:Inner wall
;WIDTH:0.449999
G1 F1473.915
G1 X65.362 Y46.694 E.41009
G1 X66.08 Y48.766 E.07423
G1 X54.634 Y52.735 E.41009
G1 X53.928 Y50.701 E.07287
M204 S500
G1 X53.369 Y50.399 F7200
;TYPE:Outer wall
G1 F1473.915
G1 X65.626 Y46.149 E.4391
G1 X66.626 Y49.03 E.10324
G1 X54.369 Y53.28 E.4391
G1 X53.383 Y50.437 E.10188
M204 S10000
G1 E-.8 F1800
G1 X58.423 Y49.466 Z17.2 F7200
G1 Z16.8
G1 E.8 F1800
M204 S500
;TYPE:Sparse infill
;WIDTH:0.45
G1 F1473.913
G1 X56.885 Y50 E.05512
G1 X54.781 Y52.104 E.10072
G1 X54.847 Y52.295 E.00685
G1 X59.212 Y50.781 E.15638
G1 X61.644 Y48.35 E.11641
G1 X65.148 Y47.134 E.12554
G1 X65.359 Y47.743 E.0218
M73 P58 R8
G1 X63.971 Y49.131 E.06645
G1 X62.433 Y49.665 E.05512
; stop printing object magic-spinning-top.stl id:730144440329 copy 0
M106 S250
;LAYER_CHANGE
;Z:17
;HEIGHT:0.200001
G92 E0
;_SET_FAN_SPEED_CHANGING_LAYER
; printing object magic-spinning-top.stl id:730144440329 copy 0
M204 S10000
G1 E-.8 F1800
G1 X60.709 Y46.735 Z17.4 F7200
G1 Z17
G1 E.8 F1800
M204 S1500
;TYPE:Inner wall
;WIDTH:0.449999
G1 F1473.915
G1 X58.09 Y47.542 E.09275
G1 X58.018 Y46.999 E.01853
G1 X57.953 Y46.188 E.02754
G1 X57.939 Y45.264 E.03128
G1 X60.629 Y45.423 E.09122
G1 X60.653 Y46.232 E.02738
G1 X60.704 Y46.695 E.01579
M204 S500
G1 X61.175 Y47.04 F7200
;TYPE:Outer wall
G1 F1473.915
G1 X57.761 Y48.092 E.12091
G1 X57.691 Y47.794 E.01036
G1 X57.592 Y47.057 E.02516
G1 X57.526 Y46.235 E.02793
G1 X57.505 Y45.41 E.02792
G1 X57.524 Y44.811 E.0203
G1 X61.068 Y45.02 E.12019
G1 X61.055 Y45.514 E.01673
G1 X61.082 Y46.23 E.02424
G1 X61.17 Y47 E.02625
M204 S10000
G1 E-.8 F1800
G1 X58.439 Y47.009 Z17.4 F7200
G1 Z17
G1 E.8 F1800
M204 S500
;TYPE:Internal solid infill
G1 F1473.915
G1 X60.267 Y46.445 E.06476
G1 X60.23 Y45.807 E.02163
G1 X58.348 Y45.696 E.06381
G1 X58.362 Y46.204 E.01721
G1 X58.435 Y46.969 E.02599
M204 S10000
G1 X58.77 Y46.511 F7200
M204 S500
;WIDTH:0.390621
G1 F1725.621
G1 X59.866 Y46.174 E.03315
G1 X58.736 Y46.097 E.03275
G1 X58.767 Y46.472 E.01086
M204 S10000
G1 E-.8 F1800
G1 X53.771 Y50.713 Z17.4 F7200
G1 Z17
G1 E.8 F1800
M204 S1500
;TYPE:Inner wall
;WIDTH:0.449999
G1 F1473.915
G1 X65.507 Y46.644 E.42048
G1 X66.225 Y48.716 E.07423
G1 X54.488 Y52.786 E.42048
G1 X53.784 Y50.751 E.07287
M73 P59 R8
M204 S500
G1 X53.225 Y50.449 F7200
;TYPE:Outer wall
G1 F1473.915
G1 X65.772 Y46.098 E.44949
G1 X66.77 Y48.98 E.10324
G1 X54.223 Y53.331 E.44949
G1 X53.238 Y50.487 E.10188
M204 S10000
G1 E-.8 F1800
G1 X58.423 Y49.466 Z17.4 F7200
G1 Z17
G1 E.8 F1800
M204 S500
;TYPE:Sparse infill
;WIDTH:0.45
G1 F1473.913
G1 X56.885 Y50 E.05512
G1 X54.66 Y52.225 E.10651
G1 X54.702 Y52.345 E.00432
G1 X59.212 Y50.781 E.16159
G1 X61.644 Y48.35 E.11641
G1 X65.293 Y47.084 E.13075
G1 X65.48 Y47.622 E.01928
G1 X63.971 Y49.131 E.07223
G1 X62.433 Y49.665 E.05512
M204 S10000
G1 X62.4 Y51.615 F7200
M204 S1500
;TYPE:Inner wall
;WIDTH:0.449999
G1 F1473.915
G1 X62.722 Y52.118 E.02023
G1 X63.15 Y52.694 E.02429
G1 X61.136 Y54.484 E.09122
G1 X60.561 Y53.731 E.03208
G1 X60.117 Y53.063 E.02714
G1 X59.845 Y52.602 E.01813
G1 X62.363 Y51.629 E.09137
M204 S500
G1 X62.577 Y51.087 F7200
;TYPE:Outer wall
G1 F1473.915
G1 X63.069 Y51.865 E.03116
G1 X63.745 Y52.739 E.0374
G1 X61.091 Y55.097 E.12019
G1 X60.696 Y54.625 E.02084
G1 X60.122 Y53.844 E.0328
G1 X59.742 Y53.271 E.02329
G1 X59.246 Y52.374 E.0347
G1 X62.54 Y51.101 E.11952
M204 S10000
G1 E-.8 F1800
G1 X60.439 Y52.809 Z17.4 F7200
G1 Z17
G1 E.8 F1800
M204 S500
;TYPE:Internal solid infill
G1 F1473.915
G1 X60.818 Y53.382 E.02324
G1 X61.19 Y53.892 E.02137
G1 X62.603 Y52.636 E.06396
G1 X62.24 Y52.113 E.02155
G1 X60.477 Y52.794 E.06398
M204 S10000
G1 X61.214 Y52.914 F7200
M204 S500
;WIDTH:0.39094
G1 F1724.039
G1 X61.012 Y52.992 E.00627
G1 X61.246 Y53.337 E.01205
G1 X62.098 Y52.576 E.03304
G1 X61.252 Y52.9 E.02621
; stop printing object magic-spinning-top.stl id:730144440329 copy 0
M106 S247
;LAYER_CHANGE
;Z:17.2
;HEIGHT:0.200001
G92 E0
;_SET_FAN_SPEED_CHANGING_LAYER
; printing object magic-spinning-top.stl id:730144440329 copy 0
M204 S10000
G1 E-.8 F1800
G1 X60.709 Y46.735 Z17.6 F7200
G1 Z17.2
G1 E.8 F1800
M204 S1500
;TYPE:Inner wall
;WIDTH:0.449999
G1 F1473.915
G1 X58.09 Y47.542 E.09275
G1 X58.018 Y47 E.01849
G1 X57.953 Y46.189 E.02755
G1 X57.939 Y45.264 E.0313
G1 X60.629 Y45.423 E.09122
G1 X60.653 Y46.235 E.0275
G1 X60.704 Y46.695 E.01567
M204 S500
G1 X61.175 Y47.04 F7200
;TYPE:Outer wall
G1 F1473.915
G1 X57.761 Y48.092 E.12091
G1 X57.691 Y47.794 E.01036
G1 X57.592 Y47.058 E.02512
G1 X57.526 Y46.235 E.02794
G1 X57.505 Y45.41 E.02793
G1 X57.524 Y44.811 E.02031
G1 X61.068 Y45.02 E.12019
G1 X61.055 Y45.516 E.0168
G1 X61.083 Y46.233 E.0243
G1 X61.17 Y47 E.02613
M204 S10000
G1 E-.8 F1800
G1 X58.439 Y47.009 Z17.6 F7200
G1 Z17.2
G1 E.8 F1800
M204 S500
;TYPE:Internal solid infill
G1 F1473.915
G1 X60.267 Y46.445 E.06476
G1 X60.23 Y45.807 E.02163
G1 X58.348 Y45.696 E.06381
G1 X58.362 Y46.205 E.01723
G1 X58.435 Y46.969 E.02596
M204 S10000
G1 X58.77 Y46.511 F7200
M204 S500
;WIDTH:0.390627
G1 F1725.591
G1 X59.866 Y46.174 E.03315
G1 X58.736 Y46.097 E.03275
G1 X58.767 Y46.472 E.01086
M204 S10000
G1 E-.8 F1800
G1 X53.673 Y50.747 Z17.6 F7200
G1 Z17.2
G1 E.8 F1800
M204 S1500
;TYPE:Inner wall
;WIDTH:0.449999
G1 F1473.915
G1 X65.605 Y46.61 E.42748
G1 X66.323 Y48.682 E.07423
G1 X54.391 Y52.819 E.42748
G1 X53.686 Y50.785 E.07287
M204 S500
G1 X53.127 Y50.483 F7200
;TYPE:Outer wall
G1 F1473.915
G1 X65.869 Y46.065 E.45649
G1 X66.868 Y48.947 E.10324
G1 X54.126 Y53.365 E.45649
G1 X53.141 Y50.521 E.10188
M204 S10000
G1 E-.8 F1800
G1 X58.423 Y49.466 Z17.6 F7200
G1 Z17.2
G1 E.8 F1800
M204 S500
;TYPE:Sparse infill
;WIDTH:0.45
G1 F1473.913
G1 X56.885 Y50 E.05512
G1 X54.579 Y52.306 E.11039
G1 X54.604 Y52.379 E.00263
G1 X59.212 Y50.781 E.16508
G1 X61.644 Y48.35 E.11641
G1 X65.391 Y47.05 E.13424
G1 X65.561 Y47.541 E.01759
G1 X63.971 Y49.131 E.07611
G1 X62.433 Y49.665 E.05512
M204 S10000
G1 X62.4 Y51.615 F7200
M204 S1500
;TYPE:Inner wall
;WIDTH:0.449999
G1 F1473.915
G1 X62.723 Y52.118 E.02024
G1 X63.15 Y52.694 E.02428
G1 X61.136 Y54.484 E.09122
G1 X60.561 Y53.73 E.0321
G1 X60.116 Y53.062 E.02715
G1 X59.845 Y52.602 E.01809
G1 X62.363 Y51.629 E.09137
M204 S500
G1 X62.577 Y51.087 F7200
;TYPE:Outer wall
G1 F1473.915
G1 X63.069 Y51.865 E.03117
G1 X63.745 Y52.739 E.03739
G1 X61.091 Y55.097 E.12019
G1 X60.695 Y54.625 E.02085
G1 X60.122 Y53.844 E.03279
G1 X59.742 Y53.27 E.02332
G1 X59.246 Y52.374 E.03466
G1 X62.539 Y51.101 E.11952
M204 S10000
G1 E-.8 F1800
G1 X60.439 Y52.809 Z17.6 F7200
G1 Z17.2
G1 E.8 F1800
M204 S500
;TYPE:Internal solid infill
G1 F1473.915
G1 X60.818 Y53.382 E.02324
G1 X61.19 Y53.892 E.02137
G1 X62.602 Y52.636 E.06396
G1 X62.24 Y52.113 E.02155
G1 X60.477 Y52.794 E.06398
M204 S10000
G1 X61.214 Y52.914 F7200
M204 S500
;WIDTH:0.390941
G1 F1724.034
G1 X61.012 Y52.992 E.00627
G1 X61.246 Y53.337 E.01205
G1 X62.098 Y52.576 E.03304
G1 X61.252 Y52.9 E.02621
; stop printing object magic-spinning-top.stl id:730144440329 copy 0
;LAYER_CHANGE
;Z:17.4
;HEIGHT:0.199999
G92 E0
;_SET_FAN_SPEED_CHANGING_LAYER
; printing object magic-spinning-top.stl id:730144440329 copy 0
M204 S10000
G1 E-.8 F1800
M73 P60 R8
G1 X60.708 Y46.735 Z17.8 F7200
G1 Z17.4
G1 E.8 F1800
M204 S1500
;TYPE:Inner wall
;WIDTH:0.449999
G1 F1473.915
G1 X58.09 Y47.542 E.09274
G1 X58.018 Y47.001 E.01846
G1 X57.953 Y46.19 E.02757
G1 X57.939 Y45.264 E.03132
G1 X60.629 Y45.423 E.09122
G1 X60.65 Y46.14 E.02428
G1 X60.705 Y46.695 E.01889
M204 S500
G1 X61.175 Y47.04 F7200
;TYPE:Outer wall
G1 F1473.915
G1 X57.761 Y48.092 E.12091
G1 X57.691 Y47.794 E.01036
G1 X57.593 Y47.059 E.02509
G1 X57.526 Y46.236 E.02795
G1 X57.505 Y45.411 E.02794
G1 X57.524 Y44.811 E.02032
G1 X61.068 Y45.02 E.12019
G1 X61.055 Y45.518 E.01686
G1 X61.083 Y46.237 E.02436
G1 X61.17 Y47 E.02601
M204 S10000
G1 E-.8 F1800
G1 X58.439 Y47.009 Z17.8 F7200
G1 Z17.4
G1 E.8 F1800
M204 S500
;TYPE:Internal solid infill
G1 F1473.915
G1 X60.267 Y46.445 E.06475
G1 X60.23 Y45.807 E.02163
G1 X58.348 Y45.696 E.06381
G1 X58.362 Y46.206 E.01725
G1 X58.435 Y46.969 E.02594
M204 S10000
G1 X58.77 Y46.511 F7200
M204 S500
;WIDTH:0.39063
G1 F1725.576
G1 X59.866 Y46.174 E.03315
G1 X58.736 Y46.097 E.03275
G1 X58.767 Y46.472 E.01086
M204 S10000
G1 E-.8 F1800
G1 X53.616 Y50.767 Z17.8 F7200
G1 Z17.4
G1 E.8 F1800
M204 S1500
;TYPE:Inner wall
;WIDTH:0.449999
G1 F1473.915
G1 X65.662 Y46.59 E.43158
G1 X66.38 Y48.662 E.07423
G1 X54.333 Y52.839 E.43158
G1 X53.629 Y50.805 E.07287
M204 S500
G1 X53.071 Y50.503 F7200
;TYPE:Outer wall
G1 F1473.915
G1 X65.927 Y46.045 E.46059
G1 X66.925 Y48.927 E.10324
G1 X54.068 Y53.385 E.46059
G1 X53.084 Y50.54 E.10188
M204 S10000
G1 E-.8 F1800
G1 X58.423 Y49.466 Z17.8 F7200
G1 Z17.4
G1 E.8 F1800
M204 S500
;TYPE:Sparse infill
;WIDTH:0.45
G1 F1473.913
G1 X56.885 Y50 E.05512
G1 X54.531 Y52.354 E.11268
G1 X54.547 Y52.399 E.00163
G1 X59.212 Y50.781 E.16714
G1 X61.644 Y48.35 E.11641
G1 X65.448 Y47.03 E.1363
G1 X65.609 Y47.493 E.01659
G1 X63.971 Y49.131 E.0784
G1 X62.433 Y49.665 E.05512
M204 S10000
G1 X62.4 Y51.615 F7200
M204 S1500
;TYPE:Inner wall
;WIDTH:0.449999
G1 F1473.915
G1 X62.723 Y52.118 E.02025
G1 X63.15 Y52.694 E.02428
G1 X61.136 Y54.484 E.09122
G1 X60.56 Y53.73 E.03213
G1 X60.116 Y53.061 E.02716
G1 X59.845 Y52.602 E.01806
G1 X62.363 Y51.629 E.09137
M204 S500
G1 X62.577 Y51.087 F7200
;TYPE:Outer wall
G1 F1473.915
G1 X63.069 Y51.866 E.03118
G1 X63.745 Y52.739 E.03738
G1 X61.091 Y55.097 E.12019
G1 X60.695 Y54.625 E.02086
G1 X60.122 Y53.844 E.03278
G1 X59.741 Y53.269 E.02335
G1 X59.246 Y52.374 E.03463
G1 X62.539 Y51.101 E.11952
M204 S10000
G1 E-.8 F1800
G1 X60.439 Y52.809 Z17.8 F7200
G1 Z17.4
G1 E.8 F1800
M204 S500
;TYPE:Internal solid infill
G1 F1473.915
G1 X60.818 Y53.382 E.02324
G1 X61.19 Y53.892 E.02137
G1 X62.602 Y52.636 E.06396
G1 X62.24 Y52.113 E.02155
G1 X60.477 Y52.794 E.06397
M204 S10000
G1 X61.214 Y52.914 F7200
M204 S500
;WIDTH:0.390944
G1 F1724.019
G1 X61.012 Y52.992 E.00627
G1 X61.246 Y53.337 E.01205
G1 X62.098 Y52.576 E.03304
G1 X61.252 Y52.9 E.02621
; stop printing object magic-spinning-top.stl id:730144440329 copy 0
;LAYER_CHANGE
;Z:17.6
;HEIGHT:0.200001
G92 E0
;_SET_FAN_SPEED_CHANGING_LAYER
; printing object magic-spinning-top.stl id:730144440329 copy 0
M204 S10000
G1 E-.8 F1800
G1 X60.708 Y46.735 Z18 F7200
G1 Z17.6
G1 E.8 F1800
M204 S1500
;TYPE:Inner wall
;WIDTH:0.449999
G1 F1473.915
G1 X58.09 Y47.542 E.09274
G1 X58.018 Y47.003 E.01842
G1 X57.953 Y46.19 E.02758
G1 X57.939 Y45.264 E.03134
G1 X60.629 Y45.423 E.09122
G1 X60.65 Y46.14 E.02427
G1 X60.704 Y46.695 E.01889
M204 S500
G1 X61.175 Y47.04 F7200
;TYPE:Outer wall
G1 F1473.915
G1 X57.761 Y48.092 E.1209
G1 X57.691 Y47.794 E.01036
G1 X57.593 Y47.06 E.02505
G1 X57.526 Y46.237 E.02796
G1 X57.505 Y45.411 E.02795
G1 X57.524 Y44.811 E.02033
G1 X61.068 Y45.02 E.12019
G1 X61.055 Y45.519 E.01692
G1 X61.083 Y46.24 E.02442
G1 X61.17 Y47 E.02589
M204 S10000
G1 E-.8 F1800
G1 X58.439 Y47.009 Z18 F7200
G1 Z17.6
G1 E.8 F1800
M204 S500
;TYPE:Internal solid infill
G1 F1473.915
G1 X60.267 Y46.445 E.06475
G1 X60.23 Y45.807 E.02163
G1 X58.348 Y45.696 E.06381
G1 X58.362 Y46.206 E.01727
G1 X58.435 Y46.969 E.02592
M204 S10000
G1 X58.77 Y46.511 F7200
M204 S500
;WIDTH:0.390634
G1 F1725.556
G1 X59.866 Y46.174 E.03315
G1 X58.736 Y46.097 E.03276
G1 X58.767 Y46.472 E.01086
M204 S10000
G1 E-.8 F1800
G1 X53.598 Y50.773 Z18 F7200
G1 Z17.6
G1 E.8 F1800
M204 S1500
;TYPE:Inner wall
;WIDTH:0.449999
G1 F1473.915
G1 X65.681 Y46.584 E.43288
G1 X66.397 Y48.656 E.07423
G1 X54.315 Y52.846 E.43287
G1 X53.611 Y50.811 E.07287
M204 S500
G1 X53.053 Y50.509 F7200
;TYPE:Outer wall
G1 F1473.915
G1 X65.946 Y46.038 E.46189
G1 X66.942 Y48.921 E.10324
G1 X54.05 Y53.391 E.46188
G1 X53.066 Y50.546 E.10188
M73 P61 R8
M204 S10000
G1 E-.8 F1800
G1 X58.423 Y49.466 Z18 F7200
G1 Z17.6
G1 E.8 F1800
M204 S500
;TYPE:Sparse infill
;WIDTH:0.45
G1 F1473.913
G1 X56.885 Y50 E.05512
G1 X54.516 Y52.369 E.11341
G1 X54.528 Y52.405 E.00131
G1 X59.212 Y50.781 E.1678
G1 X61.644 Y48.35 E.11641
G1 X65.467 Y47.024 E.13696
G1 X65.624 Y47.478 E.01627
G1 X63.971 Y49.131 E.07912
G1 X62.433 Y49.665 E.05512
M204 S10000
G1 X62.4 Y51.615 F7200
M204 S1500
;TYPE:Inner wall
;WIDTH:0.449999
G1 F1473.915
G1 X62.723 Y52.118 E.02025
G1 X63.15 Y52.694 E.02427
G1 X61.136 Y54.484 E.09122
G1 X60.56 Y53.729 E.03215
G1 X60.115 Y53.06 E.02717
G1 X59.845 Y52.602 E.01802
G1 X62.362 Y51.629 E.09137
M204 S500
G1 X62.577 Y51.087 F7200
;TYPE:Outer wall
G1 F1473.915
G1 X63.069 Y51.866 E.03119
G1 X63.745 Y52.739 E.03737
G1 X61.091 Y55.097 E.12019
G1 X60.695 Y54.625 E.02087
G1 X60.122 Y53.844 E.03277
G1 X59.74 Y53.268 E.02338
G1 X59.246 Y52.374 E.0346
G1 X62.539 Y51.101 E.11951
M204 S10000
G1 E-.8 F1800
G1 X60.439 Y52.809 Z18 F7200
G1 Z17.6
G1 E.8 F1800
M204 S500
;TYPE:Internal solid infill
G1 F1473.915
G1 X60.818 Y53.382 E.02324
G1 X61.19 Y53.891 E.02137
G1 X62.602 Y52.636 E.06396
G1 X62.24 Y52.113 E.02155
G1 X60.477 Y52.794 E.06397
M204 S10000
G1 X61.214 Y52.914 F7200
M204 S500
;WIDTH:0.390944
G1 F1724.019
G1 X61.012 Y52.992 E.00627
G1 X61.246 Y53.337 E.01205
G1 X62.097 Y52.576 E.03303
G1 X61.252 Y52.9 E.0262
; stop printing object magic-spinning-top.stl id:730144440329 copy 0
;LAYER_CHANGE
;Z:17.8
;HEIGHT:0.199999
G92 E0
;_SET_FAN_SPEED_CHANGING_LAYER
; printing object magic-spinning-top.stl id:730144440329 copy 0
M204 S10000
G1 E-.8 F1800
G1 X60.708 Y46.735 Z18.2 F7200
G1 Z17.8
G1 E.8 F1800
M204 S1500
;TYPE:Inner wall
;WIDTH:0.449999
G1 F1473.915
G1 X58.09 Y47.542 E.09274
G1 X58.018 Y47.004 E.01839
G1 X57.953 Y46.191 E.0276
G1 X57.939 Y45.264 E.03136
G1 X60.629 Y45.423 E.09123
G1 X60.65 Y46.14 E.02427
G1 X60.704 Y46.695 E.0189
M204 S500
G1 X61.175 Y47.04 F7200
;TYPE:Outer wall
G1 F1473.915
G1 X57.761 Y48.092 E.1209
G1 X57.691 Y47.794 E.01036
G1 X57.593 Y47.061 E.02502
G1 X57.526 Y46.237 E.02798
G1 X57.505 Y45.411 E.02797
G1 X57.524 Y44.811 E.02035
G1 X61.068 Y45.02 E.12019
G1 X61.055 Y45.521 E.01698
G1 X61.083 Y46.244 E.02448
G1 X61.17 Y47 E.02576
M204 S10000
G1 E-.8 F1800
G1 X58.439 Y47.009 Z18.2 F7200
G1 Z17.8
G1 E.8 F1800
M204 S500
;TYPE:Internal solid infill
G1 F1473.915
G1 X60.266 Y46.445 E.06474
G1 X60.23 Y45.807 E.02163
G1 X58.348 Y45.696 E.06381
G1 X58.362 Y46.207 E.01729
G1 X58.435 Y46.969 E.0259
M204 S10000
G1 X58.77 Y46.511 F7200
M204 S500
;WIDTH:0.390637
G1 F1725.541
G1 X59.866 Y46.174 E.03316
G1 X58.736 Y46.097 E.03276
G1 X58.767 Y46.472 E.01086
M204 S10000
G1 E-.8 F1800
G1 X53.619 Y50.766 Z18.2 F7200
G1 Z17.8
G1 E.8 F1800
M204 S1500
;TYPE:Inner wall
;WIDTH:0.449999
G1 F1473.915
G1 X65.66 Y46.591 E.43138
G1 X66.376 Y48.663 E.07423
G1 X54.335 Y52.839 E.43138
G1 X53.632 Y50.804 E.07287
M204 S500
G1 X53.074 Y50.501 F7200
;TYPE:Outer wall
G1 F1473.915
G1 X65.925 Y46.045 E.46039
G1 X66.921 Y48.928 E.10324
G1 X54.071 Y53.384 E.46039
G1 X53.087 Y50.539 E.10188
M204 S10000
G1 E-.8 F1800
G1 X58.423 Y49.466 Z18.2 F7200
G1 Z17.8
G1 E.8 F1800
M204 S500
;TYPE:Sparse infill
;WIDTH:0.45
G1 F1473.913
G1 X56.885 Y50 E.05512
G1 X54.533 Y52.352 E.11258
G1 X54.549 Y52.398 E.00167
G1 X59.212 Y50.781 E.16705
G1 X61.644 Y48.35 E.11641
G1 X65.446 Y47.031 E.13621
G1 X65.607 Y47.496 E.01664
G1 X63.971 Y49.131 E.07829
G1 X62.433 Y49.665 E.05512
M204 S10000
G1 X62.4 Y51.615 F7200
M204 S1500
;TYPE:Inner wall
;WIDTH:0.449999
G1 F1473.915
G1 X62.723 Y52.118 E.02026
G1 X63.15 Y52.694 E.02427
G1 X61.136 Y54.484 E.09123
G1 X60.559 Y53.728 E.03217
G1 X60.115 Y53.06 E.02719
G1 X59.845 Y52.602 E.01799
G1 X62.362 Y51.629 E.09136
M204 S500
G1 X62.577 Y51.087 F7200
;TYPE:Outer wall
G1 F1473.915
G1 X63.007 Y51.78 E.0276
G1 X63.424 Y52.353 E.02401
G1 X63.745 Y52.739 E.01698
G1 X61.091 Y55.097 E.12019
G1 X60.695 Y54.624 E.02089
G1 X60.122 Y53.844 E.03276
G1 X59.74 Y53.268 E.02341
G1 X59.246 Y52.374 E.03456
G1 X62.539 Y51.101 E.11951
M204 S10000
G1 E-.8 F1800
G1 X60.439 Y52.809 Z18.2 F7200
G1 Z17.8
G1 E.8 F1800
M204 S500
;TYPE:Internal solid infill
G1 F1473.915
G1 X60.818 Y53.382 E.02324
G1 X61.19 Y53.892 E.02137
G1 X62.602 Y52.636 E.06395
G1 X62.24 Y52.113 E.02156
G1 X60.477 Y52.794 E.06397
M204 S10000
G1 X61.214 Y52.914 F7200
M204 S500
;WIDTH:0.390947
G1 F1724.004
G1 X61.012 Y52.992 E.00627
G1 X61.246 Y53.337 E.01205
G1 X62.097 Y52.576 E.03303
G1 X61.252 Y52.9 E.0262
; stop printing object magic-spinning-top.stl id:730144440329 copy 0
;LAYER_CHANGE
;Z:18
;HEIGHT:0.200001
G92 E0
;_SET_FAN_SPEED_CHANGING_LAYER
; printing object magic-spinning-top.stl id:730144440329 copy 0
M204 S10000
G1 E-.8 F1800
G1 X60.708 Y46.735 Z18.4 F7200
G1 Z18
G1 E.8 F1800
M204 S1500
;TYPE:Inner wall
;WIDTH:0.449999
G1 F1473.915
G1 X58.09 Y47.542 E.09273
G1 X58.018 Y47.005 E.01835
G1 X57.953 Y46.192 E.02761
G1 X57.939 Y45.264 E.03139
G1 X60.629 Y45.423 E.09123
G1 X60.65 Y46.14 E.02426
G1 X60.704 Y46.695 E.01891
M204 S500
G1 X61.174 Y47.04 F7200
;TYPE:Outer wall
G1 F1473.915
G1 X57.761 Y48.092 E.1209
G1 X57.691 Y47.794 E.01036
G1 X57.593 Y47.062 E.02498
G1 X57.526 Y46.238 E.02799
G1 X57.505 Y45.412 E.02798
G1 X57.524 Y44.811 E.02036
G1 X61.069 Y45.02 E.12019
G1 X61.055 Y45.523 E.01704
G1 X61.083 Y46.248 E.02454
G1 X61.17 Y47 E.02564
M204 S10000
G1 E-.8 F1800
G1 X58.438 Y47.009 Z18.4 F7200
G1 Z18
G1 E.8 F1800
M204 S500
;TYPE:Internal solid infill
G1 F1473.915
G1 X60.266 Y46.445 E.06474
G1 X60.23 Y45.807 E.02163
M73 P62 R8
G1 X58.348 Y45.696 E.06381
G1 X58.362 Y46.208 E.01732
G1 X58.435 Y46.969 E.02588
M204 S10000
G1 X58.77 Y46.511 F7200
M204 S500
;WIDTH:0.390642
G1 F1725.516
G1 X59.866 Y46.174 E.03316
G1 X58.736 Y46.097 E.03276
G1 X58.767 Y46.472 E.01086
M204 S10000
G1 E-.8 F1800
G1 X53.676 Y50.746 Z18.4 F7200
G1 Z18
G1 E.8 F1800
M204 S1500
;TYPE:Inner wall
;WIDTH:0.449999
G1 F1473.915
G1 X65.602 Y46.611 E.42726
G1 X66.319 Y48.683 E.07423
G1 X54.393 Y52.819 E.42726
G1 X53.689 Y50.784 E.07287
M204 S500
G1 X53.131 Y50.482 F7200
;TYPE:Outer wall
G1 F1473.915
G1 X65.867 Y46.065 E.45628
G1 X66.864 Y48.948 E.10324
G1 X54.129 Y53.364 E.45627
G1 X53.144 Y50.52 E.10188
M204 S10000
G1 E-.8 F1800
G1 X55.348 Y50.533 Z18.4 F7200
G1 Z18
G1 E.8 F1800
M204 S500
;TYPE:Sparse infill
;WIDTH:0.45
G1 F1473.913
G1 X56.886 Y49.999 E.05512
G1 X56.327 Y50.773 E.03232
G1 X56.112 Y50.988 E.0103
G1 X54.526 Y52.144 E.06641
G1 X54.607 Y52.378 E.0084
G1 X55.911 Y51.926 E.04672
M204 S10000
G1 E-.8 F1800
G1 X62.561 Y48.181 Z18.4 F7200
G1 X63.25 Y47.793 Z18.4
G1 Z18
G1 E.8 F1800
M204 S500
G1 F1473.913
G1 X61.712 Y48.326 E.05512
G1 X60.775 Y49.003 E.03913
G1 X60.56 Y49.219 E.0103
G1 X59.502 Y50.681 E.06107
G1 X63.651 Y49.242 E.14864
G1 X63.884 Y49.003 E.01127
G1 X65.438 Y47.88 E.06493
G1 X65.614 Y47.703 E.00843
G1 X65.388 Y47.051 E.02336
G1 X64.502 Y47.359 E.03175
M204 S10000
G1 E-.8 F1800
G1 X62.4 Y51.615 Z18.4 F7200
G1 Z18
G1 E.8 F1800
M204 S1500
;TYPE:Inner wall
;WIDTH:0.449999
G1 F1473.915
G1 X62.723 Y52.119 E.02026
G1 X63.15 Y52.694 E.02426
G1 X61.136 Y54.484 E.09123
G1 X60.559 Y53.728 E.03219
G1 X60.114 Y53.059 E.0272
G1 X59.845 Y52.602 E.01795
G1 X62.362 Y51.629 E.09136
M204 S500
G1 X62.577 Y51.087 F7200
;TYPE:Outer wall
G1 F1473.915
G1 X63.005 Y51.777 E.02748
G1 X63.423 Y52.352 E.02407
G1 X63.745 Y52.739 E.01704
G1 X61.091 Y55.097 E.12019
G1 X60.695 Y54.624 E.0209
G1 X60.122 Y53.844 E.03275
G1 X59.739 Y53.267 E.02344
G1 X59.246 Y52.374 E.03453
G1 X62.539 Y51.101 E.11951
M204 S10000
G1 E-.8 F1800
G1 X60.439 Y52.809 Z18.4 F7200
G1 Z18
G1 E.8 F1800
M204 S500
;TYPE:Internal solid infill
G1 F1473.915
G1 X60.818 Y53.382 E.02324
G1 X61.19 Y53.892 E.02137
G1 X62.602 Y52.637 E.06395
G1 X62.239 Y52.113 E.02156
G1 X60.477 Y52.794 E.06396
M204 S10000
G1 X61.214 Y52.914 F7200
M204 S500
;WIDTH:0.390947
G1 F1724.004
G1 X61.012 Y52.992 E.00627
G1 X61.246 Y53.337 E.01205
G1 X62.097 Y52.576 E.03303
G1 X61.252 Y52.9 E.0262
; stop printing object magic-spinning-top.stl id:730144440329 copy 0
;LAYER_CHANGE
;Z:18.2
;HEIGHT:0.200001
G92 E0
;_SET_FAN_SPEED_CHANGING_LAYER
; printing object magic-spinning-top.stl id:730144440329 copy 0
M204 S10000
G1 E-.8 F1800
G1 X60.708 Y46.735 Z18.6 F7200
G1 Z18.2
G1 E.8 F1800
M204 S1500
;TYPE:Inner wall
;WIDTH:0.449999
G1 F1473.915
G1 X58.09 Y47.542 E.09273
G1 X58.018 Y47.006 E.01832
G1 X57.954 Y46.192 E.02762
G1 X57.939 Y45.264 E.03141
G1 X60.629 Y45.423 E.09123
G1 X60.65 Y46.139 E.02425
G1 X60.704 Y46.695 E.01891
M204 S500
G1 X61.174 Y47.04 F7200
;TYPE:Outer wall
G1 F1473.915
G1 X57.761 Y48.092 E.1209
G1 X57.691 Y47.794 E.01036
G1 X57.593 Y47.063 E.02495
G1 X57.526 Y46.239 E.028
G1 X57.505 Y45.412 E.02799
G1 X57.524 Y44.811 E.02037
G1 X61.069 Y45.02 E.12019
G1 X61.055 Y45.525 E.0171
G1 X61.084 Y46.251 E.02461
G1 X61.17 Y47 E.02552
M204 S10000
G1 E-.8 F1800
G1 X58.438 Y47.009 Z18.6 F7200
G1 Z18.2
G1 E.8 F1800
M204 S500
;TYPE:Internal solid infill
G1 F1473.915
G1 X60.266 Y46.445 E.06473
G1 X60.23 Y45.807 E.02163
G1 X58.348 Y45.696 E.0638
G1 X58.362 Y46.208 E.01734
G1 X58.435 Y46.969 E.02585
M204 S10000
G1 X58.77 Y46.511 F7200
M204 S500
;WIDTH:0.390644
G1 F1725.506
G1 X59.866 Y46.174 E.03316
G1 X58.736 Y46.097 E.03276
G1 X58.767 Y46.472 E.01086
M204 S10000
G1 E-.8 F1800
G1 X53.766 Y50.715 Z18.6 F7200
G1 Z18.2
G1 E.8 F1800
M204 S1500
;TYPE:Inner wall
;WIDTH:0.449999
G1 F1473.915
G1 X65.511 Y46.642 E.42079
G1 X66.23 Y48.714 E.07423
G1 X54.484 Y52.787 E.42078
G1 X53.779 Y50.753 E.07287
M204 S500
G1 X53.22 Y50.451 F7200
;TYPE:Outer wall
G1 F1473.915
G1 X65.775 Y46.097 E.4498
G1 X66.775 Y48.979 E.10324
G1 X54.22 Y53.332 E.4498
G1 X53.233 Y50.488 E.10188
M204 S10000
G1 E-.8 F1800
G1 X55.35 Y50.532 Z18.6 F7200
G1 Z18.2
G1 E.8 F1800
M204 S500
;TYPE:Sparse infill
;WIDTH:0.45
G1 F1473.913
G1 X56.888 Y49.999 E.05512
G1 X56.68 Y50.773 E.02714
G1 X56.112 Y51.342 E.02723
G1 X54.557 Y51.759 E.05447
G1 X54.51 Y51.806 E.00225
G1 X54.698 Y52.347 E.01938
G1 X55.695 Y52.001 E.03574
M204 S10000
G1 E-.8 F1800
G1 X62.42 Y48.391 Z18.6 F7200
G1 X64.053 Y47.514 Z18.6
G1 Z18.2
G1 E.8 F1800
M204 S500
G1 F1473.913
G1 X62.515 Y48.048 E.05512
G1 X62.329 Y48.233 E.00888
M73 P63 R8
G1 X60.773 Y48.651 E.05454
G1 X60.206 Y49.219 E.02715
G1 X59.846 Y50.562 E.04706
G1 X63.273 Y49.373 E.12279
G1 X63.315 Y49.219 E.00541
G1 X63.884 Y48.65 E.02723
G1 X65.438 Y48.233 E.05447
G1 X65.63 Y48.041 E.00919
G1 X65.789 Y48.501 E.01646
G1 X64.71 Y48.875 E.03865
M204 S10000
G1 E-.8 F1800
G1 X62.399 Y51.615 Z18.6 F7200
G1 Z18.2
G1 E.8 F1800
M204 S1500
;TYPE:Inner wall
;WIDTH:0.449999
G1 F1473.915
G1 X62.723 Y52.119 E.02027
G1 X63.15 Y52.694 E.02425
G1 X61.136 Y54.484 E.09123
G1 X60.559 Y53.727 E.03222
G1 X60.114 Y53.058 E.02721
G1 X59.845 Y52.602 E.01792
G1 X62.362 Y51.629 E.09136
M204 S500
G1 X62.577 Y51.087 F7200
;TYPE:Outer wall
G1 F1473.915
G1 X63.003 Y51.774 E.02736
G1 X63.422 Y52.35 E.02413
G1 X63.745 Y52.739 E.0171
G1 X61.091 Y55.097 E.12019
G1 X60.694 Y54.624 E.02091
G1 X60.122 Y53.844 E.03275
G1 X59.739 Y53.266 E.02347
G1 X59.246 Y52.374 E.03449
G1 X62.539 Y51.101 E.11951
M204 S10000
G1 E-.8 F1800
G1 X60.439 Y52.809 Z18.6 F7200
G1 Z18.2
G1 E.8 F1800
M204 S500
;TYPE:Internal solid infill
G1 F1473.915
G1 X60.818 Y53.382 E.02324
G1 X61.19 Y53.891 E.02137
G1 X62.602 Y52.637 E.06395
G1 X62.239 Y52.113 E.02156
G1 X60.477 Y52.794 E.06396
M204 S10000
G1 X61.214 Y52.914 F7200
M204 S500
;WIDTH:0.390949
G1 F1723.994
G1 X61.012 Y52.992 E.00627
G1 X61.246 Y53.336 E.01205
G1 X62.097 Y52.576 E.03302
G1 X61.252 Y52.9 E.0262
; stop printing object magic-spinning-top.stl id:730144440329 copy 0
;LAYER_CHANGE
;Z:18.4
;HEIGHT:0.199999
G92 E0
;_SET_FAN_SPEED_CHANGING_LAYER
; printing object magic-spinning-top.stl id:730144440329 copy 0
M204 S10000
G1 E-.8 F1800
G1 X60.708 Y46.735 Z18.8 F7200
G1 Z18.4
G1 E.8 F1800
M204 S1500
;TYPE:Inner wall
;WIDTH:0.449999
G1 F1473.915
G1 X58.09 Y47.542 E.09273
G1 X58.018 Y47.007 E.01828
G1 X57.954 Y46.193 E.02764
G1 X57.939 Y45.264 E.03143
G1 X60.629 Y45.423 E.09123
G1 X60.65 Y46.139 E.02425
G1 X60.704 Y46.696 E.01892
M204 S500
G1 X61.174 Y47.04 F7200
;TYPE:Outer wall
G1 F1473.915
G1 X57.761 Y48.092 E.1209
G1 X57.691 Y47.794 E.01036
G1 X57.593 Y47.064 E.02491
G1 X57.526 Y46.239 E.02801
G1 X57.505 Y45.412 E.028
G1 X57.524 Y44.811 E.02038
G1 X61.069 Y45.02 E.12019
G1 X61.055 Y45.527 E.01716
G1 X61.084 Y46.255 E.02467
G1 X61.17 Y47 E.0254
M204 S10000
G1 E-.8 F1800
G1 X58.438 Y47.009 Z18.8 F7200
G1 Z18.4
G1 E.8 F1800
M204 S500
;TYPE:Internal solid infill
G1 F1473.915
G1 X60.266 Y46.446 E.06473
G1 X60.23 Y45.807 E.02164
G1 X58.348 Y45.696 E.0638
M73 P63 R7
G1 X58.362 Y46.209 E.01736
G1 X58.435 Y46.969 E.02583
M204 S10000
G1 X58.77 Y46.511 F7200
M204 S500
;WIDTH:0.390648
G1 F1725.487
G1 X59.866 Y46.174 E.03317
G1 X58.736 Y46.097 E.03276
G1 X58.767 Y46.472 E.01086
M204 S10000
G1 E-.8 F1800
G1 X62.399 Y51.615 Z18.8 F7200
G1 Z18.4
G1 E.8 F1800
M204 S1500
;TYPE:Inner wall
;WIDTH:0.449999
G1 F1473.915
G1 X62.724 Y52.119 E.02028
G1 X63.15 Y52.694 E.02425
G1 X61.136 Y54.484 E.09123
G1 X60.558 Y53.727 E.03224
G1 X60.113 Y53.057 E.02722
G1 X59.845 Y52.602 E.01789
G1 X62.362 Y51.629 E.09135
M204 S500
G1 X62.577 Y51.087 F7200
;TYPE:Outer wall
G1 F1473.915
G1 X63.001 Y51.771 E.02724
G1 X63.421 Y52.349 E.02419
G1 X63.745 Y52.739 E.01716
G1 X61.091 Y55.097 E.12019
G1 X60.694 Y54.624 E.02092
G1 X60.122 Y53.844 E.03274
G1 X59.738 Y53.265 E.02351
G1 X59.246 Y52.374 E.03446
G1 X62.539 Y51.101 E.11951
M204 S10000
G1 E-.8 F1800
G1 X60.439 Y52.809 Z18.8 F7200
G1 Z18.4
G1 E.8 F1800
M204 S500
;TYPE:Internal solid infill
G1 F1473.915
G1 X60.818 Y53.382 E.02324
G1 X61.19 Y53.891 E.02137
G1 X62.602 Y52.637 E.06395
G1 X62.239 Y52.113 E.02156
G1 X60.477 Y52.794 E.06396
M204 S10000
G1 X61.214 Y52.914 F7200
M204 S500
;WIDTH:0.390952
G1 F1723.98
G1 X61.012 Y52.992 E.00627
G1 X61.246 Y53.336 E.01205
G1 X62.097 Y52.576 E.03302
G1 X61.252 Y52.9 E.02619
M204 S10000
G1 E-.8 F1800
G1 X53.946 Y50.69 Z18.8 F7200
G1 X53.889 Y50.672 Z18.8
G1 Z18.4
G1 E.8 F1800
M204 S1500
;TYPE:Inner wall
;WIDTH:0.449999
G1 F1473.915
G1 X65.387 Y46.686 E.41192
G1 X66.107 Y48.757 E.07423
G1 X54.609 Y52.744 E.41192
G1 X53.902 Y50.71 E.07287
M204 S500
G1 X53.343 Y50.408 F7200
;TYPE:Outer wall
G1 F1473.915
G1 X65.651 Y46.14 E.44093
G1 X66.652 Y49.021 E.10324
G1 X54.344 Y53.289 E.44093
G1 X53.356 Y50.446 E.10188
M204 S10000
G1 X55.313 Y50.545 F7200
M204 S500
;TYPE:Sparse infill
;WIDTH:0.45
G1 F1473.913
G1 X54.329 Y50.886 E.03525
G1 X54.522 Y51.44 E.01987
G1 X54.557 Y51.405 E.00169
G1 X56.112 Y51.695 E.05352
G1 X57.034 Y50.773 E.04415
G1 X56.889 Y49.998 E.02668
G1 X58.428 Y49.465 E.05512
M204 S10000
G1 E-.8 F1800
G1 X64.594 Y47.327 Z18.8 F7200
G1 Z18.4
G1 E.8 F1800
M204 S500
G1 F1473.913
G1 X63.056 Y47.86 E.05512
G1 X62.329 Y48.587 E.03478
G1 X61.439 Y48.42 E.03064
G1 X60.232 Y48.839 E.04326
G1 X59.852 Y49.219 E.01817
G1 X60.088 Y50.478 E.04336
G1 X63.007 Y49.465 E.1046
G1 X62.961 Y49.219 E.00849
G1 X63.884 Y48.296 E.04415
G1 X65.438 Y48.587 E.05352
G1 X65.618 Y48.406 E.00863
G1 X65.173 Y47.126 E.04589
G1 X64.916 Y47.215 E.00923
; stop printing object magic-spinning-top.stl id:730144440329 copy 0
M106 S245
;LAYER_CHANGE
;Z:18.6
;HEIGHT:0.200001
G92 E0
;_SET_FAN_SPEED_CHANGING_LAYER
; printing object magic-spinning-top.stl id:730144440329 copy 0
M204 S10000
G1 E-.8 F1800
G1 X60.708 Y46.735 Z19 F7200
G1 Z18.6
G1 E.8 F1800
M204 S1500
;TYPE:Inner wall
;WIDTH:0.449999
G1 F1473.915
G1 X58.09 Y47.542 E.09272
G1 X58.018 Y47.008 E.01825
G1 X57.954 Y46.193 E.02765
G1 X57.939 Y45.264 E.03145
G1 X60.629 Y45.423 E.09123
G1 X60.65 Y46.139 E.02424
G1 X60.704 Y46.696 E.01893
M204 S500
G1 X61.174 Y47.04 F7200
;TYPE:Outer wall
G1 F1473.915
G1 X57.761 Y48.092 E.1209
G1 X57.691 Y47.794 E.01036
G1 X57.593 Y47.065 E.02488
G1 X57.526 Y46.24 E.02802
G1 X57.505 Y45.413 E.02801
G1 X57.524 Y44.811 E.02039
G1 X61.069 Y45.02 E.12019
G1 X61.055 Y45.529 E.01723
G1 X61.084 Y46.258 E.02473
G1 X61.17 Y47 E.02528
M204 S10000
G1 E-.8 F1800
G1 X58.438 Y47.009 Z19 F7200
G1 Z18.6
G1 E.8 F1800
M204 S500
;TYPE:Internal solid infill
G1 F1473.915
G1 X60.266 Y46.446 E.06472
G1 X60.23 Y45.807 E.02164
G1 X58.348 Y45.696 E.0638
G1 X58.362 Y46.21 E.01738
G1 X58.435 Y46.969 E.02581
M73 P64 R7
M204 S10000
G1 X58.77 Y46.511 F7200
M204 S500
;WIDTH:0.390654
G1 F1725.457
G1 X59.866 Y46.174 E.03317
G1 X58.736 Y46.097 E.03276
G1 X58.767 Y46.472 E.01086
M204 S10000
G1 E-.8 F1800
G1 X54.074 Y50.608 Z19 F7200
G1 Z18.6
G1 E.8 F1800
M204 S1500
;TYPE:Inner wall
;WIDTH:0.449999
G1 F1473.915
G1 X65.206 Y46.748 E.3988
G1 X65.921 Y48.821 E.07423
G1 X54.79 Y52.681 E.3988
G1 X54.087 Y50.646 E.07287
M204 S500
G1 X53.529 Y50.344 F7200
;TYPE:Outer wall
G1 F1473.915
G1 X65.471 Y46.203 E.42782
G1 X66.466 Y49.086 E.10324
G1 X54.525 Y53.227 E.42781
G1 X53.542 Y50.381 E.10188
M204 S10000
G1 X55.317 Y50.347 F7200
M204 S500
;TYPE:Top surface
;WIDTH:0.450199
G1 F1473.192
G1 X56.374 Y51.404 E.05063
M204 S10000
G1 X56.36 Y51.967 F7200
M204 S500
G1 F1473.192
G1 X54.889 Y50.495 E.07047
M204 S10000
G1 X54.461 Y50.644 F7200
M204 S500
G1 F1473.192
G1 X55.933 Y52.115 E.07047
M204 S10000
G1 X55.505 Y52.263 F7200
M204 S500
G1 F1473.192
G1 X54.451 Y51.209 E.05048
M204 S10000
G1 E-.8 F1800
G1 X56.675 Y51.596 Z19 F7200
G1 Z18.6
G1 E.8 F1800
M204 S500
;TYPE:Internal solid infill
;WIDTH:0.449999
G1 F1473.915
G1 X63.772 Y49.136 E.25426
G1 X63.32 Y47.833 E.04667
G1 X56.223 Y50.294 E.25426
G1 X56.662 Y51.559 E.04532
M204 S10000
G1 X56.951 Y51.028 F7200
M204 S500
;WIDTH:0.528762
G1 F1234.969
G1 X63.204 Y48.86 E.26738
G1 X63.045 Y48.401 E.01963
G1 X56.791 Y50.569 E.26738
G1 X56.937 Y50.991 E.01801
M204 S10000
G1 E-.8 F1800
G1 X64.203 Y48.652 Z19 F7200
G1 X65.544 Y48.22 Z19
G1 Z18.6
G1 E.8 F1800
M204 S500
;TYPE:Top surface
;WIDTH:0.450214
G1 F1473.137
G1 X64.49 Y47.166 E.05049
M204 S10000
G1 X64.062 Y47.314 F7200
M204 S500
G1 F1473.137
G1 X65.534 Y48.786 E.07047
M204 S10000
G1 X65.106 Y48.934 F7200
M204 S500
G1 F1473.137
G1 X63.635 Y47.463 E.07047
M204 S10000
G1 X63.621 Y48.025 F7200
M204 S500
G1 F1473.137
G1 X64.678 Y49.082 E.05063
M204 S10000
G1 E-.8 F1800
G1 X62.399 Y51.615 Z19 F7200
G1 Z18.6
G1 E.8 F1800
M204 S1500
;TYPE:Inner wall
;WIDTH:0.449999
G1 F1473.915
G1 X62.724 Y52.119 E.02028
G1 X63.15 Y52.694 E.02424
G1 X61.136 Y54.484 E.09123
G1 X60.558 Y53.726 E.03226
G1 X60.113 Y53.056 E.02723
G1 X59.845 Y52.602 E.01785
G1 X62.362 Y51.629 E.09135
M204 S500
G1 X62.577 Y51.087 F7200
;TYPE:Outer wall
G1 F1473.915
G1 X62.999 Y51.768 E.02712
G1 X63.42 Y52.347 E.02425
G1 X63.745 Y52.739 E.01723
G1 X61.091 Y55.097 E.12019
G1 X60.694 Y54.623 E.02093
G1 X60.122 Y53.844 E.03273
G1 X59.738 Y53.264 E.02354
G1 X59.246 Y52.374 E.03443
G1 X62.539 Y51.101 E.11951
M204 S10000
G1 E-.8 F1800
G1 X60.439 Y52.809 Z19 F7200
G1 Z18.6
G1 E.8 F1800
M204 S500
;TYPE:Internal solid infill
G1 F1473.915
G1 X60.818 Y53.382 E.02324
G1 X61.19 Y53.891 E.02137
G1 X62.602 Y52.637 E.06394
G1 X62.239 Y52.113 E.02156
G1 X60.477 Y52.794 E.06395
M204 S10000
G1 X61.214 Y52.914 F7200
M204 S500
;WIDTH:0.390953
G1 F1723.974
G1 X61.012 Y52.992 E.00627
G1 X61.246 Y53.336 E.01205
G1 X62.097 Y52.576 E.03302
G1 X61.252 Y52.9 E.02619
; stop printing object magic-spinning-top.stl id:730144440329 copy 0
;LAYER_CHANGE
;Z:18.8
;HEIGHT:0.199999
G92 E0
;_SET_FAN_SPEED_CHANGING_LAYER
; printing object magic-spinning-top.stl id:730144440329 copy 0
M204 S10000
G1 E-.8 F1800
G1 X54.084 Y50.278 Z19.2 F7200
G1 X53.987 Y50.242 Z19.2
G1 Z18.8
G1 E.8 F1800
M204 S500
;TYPE:Outer wall
;WIDTH:0.515766
G1 F1268.912
G1 X54.951 Y53.022 E.11569
M204 S10000
G1 E-.8 F1800
G1 X60.105 Y47.393 Z19.2 F7200
G1 X60.708 Y46.735 Z19.2
G1 Z18.8
G1 E.8 F1800
M204 S1500
;TYPE:Inner wall
;WIDTH:0.449999
G1 F1473.915
G1 X58.09 Y47.542 E.09272
G1 X58.019 Y47.009 E.01821
G1 X57.954 Y46.194 E.02766
G1 X57.939 Y45.264 E.03147
G1 X60.629 Y45.423 E.09123
G1 X60.65 Y46.139 E.02424
G1 X60.704 Y46.696 E.01893
M204 S500
G1 X61.174 Y47.04 F7200
;TYPE:Outer wall
G1 F1473.915
G1 X57.761 Y48.092 E.1209
G1 X57.691 Y47.794 E.01036
G1 X57.593 Y47.066 E.02484
G1 X57.526 Y46.241 E.02804
G1 X57.505 Y45.413 E.02802
G1 X57.524 Y44.811 E.02041
G1 X61.069 Y45.02 E.12019
G1 X61.055 Y45.53 E.01729
G1 X61.084 Y46.262 E.02479
G1 X61.17 Y47 E.02516
M204 S10000
G1 E-.8 F1800
G1 X58.438 Y47.009 Z19.2 F7200
G1 Z18.8
G1 E.8 F1800
M204 S500
;TYPE:Internal solid infill
G1 F1473.915
G1 X60.266 Y46.446 E.06472
G1 X60.23 Y45.807 E.02164
G1 X58.348 Y45.696 E.0638
G1 X58.362 Y46.21 E.01741
G1 X58.435 Y46.969 E.02579
M204 S10000
G1 X58.77 Y46.511 F7200
M204 S500
;WIDTH:0.390656
G1 F1725.447
G1 X59.866 Y46.174 E.03317
G1 X58.736 Y46.097 E.03276
G1 X58.767 Y46.472 E.01086
M204 S10000
G1 E-.8 F1800
G1 X64.151 Y47.116 Z19.2 F7200
G1 Z18.8
G1 E.8 F1800
M204 S1500
;TYPE:Inner wall
;WIDTH:0.449999
G1 F1473.915
G1 X64.869 Y49.186 E.07417
G1 X55.845 Y52.315 E.32328
G1 X55.127 Y50.243 E.07422
G1 X64.113 Y47.129 E.32192
M204 S500
G1 X64.415 Y46.571 F7200
;TYPE:Outer wall
G1 F1473.915
G1 X65.414 Y49.451 E.10317
G1 X55.581 Y52.86 E.35229
G1 X54.581 Y49.979 E.10324
G1 X64.377 Y46.584 E.35094
M204 S10000
G1 E-.8 F1800
M73 P65 R7
G1 X57.918 Y50.65 Z19.2 F7200
G1 X56.096 Y51.797 Z19.2
G1 Z18.8
G1 E.8 F1800
M204 S500
;TYPE:Internal solid infill
G1 F1473.915
G1 X64.351 Y48.935 E.29572
G1 X63.9 Y47.634 E.04661
G1 X55.645 Y50.495 E.29572
G1 X56.083 Y51.759 E.04531
M204 S10000
G1 X56.442 Y50.691 F7200
M204 S500
;WIDTH:0.528288
G1 F1236.177
G1 X56.213 Y50.77 E.0098
G1 X56.372 Y51.229 E.0196
G1 X63.783 Y48.66 E.31658
G1 X63.624 Y48.201 E.01957
G1 X56.48 Y50.678 E.30516
M204 S10000
G1 E-.8 F1800
G1 X63.31 Y47.272 Z19.2 F7200
G1 X65.045 Y46.407 Z19.2
G1 Z18.8
G1 E.8 F1800
M204 S500
;TYPE:Outer wall
;WIDTH:0.518334
G1 F1262.058
G1 X66.011 Y49.187 E.11636
M204 S10000
G1 E-.8 F1800
G1 X62.399 Y51.615 Z19.2 F7200
G1 Z18.8
G1 E.8 F1800
M204 S1500
;TYPE:Inner wall
;WIDTH:0.449999
G1 F1473.915
G1 X62.724 Y52.119 E.02029
G1 X63.15 Y52.694 E.02424
G1 X61.136 Y54.484 E.09123
G1 X60.558 Y53.726 E.03228
G1 X60.112 Y53.055 E.02724
G1 X59.845 Y52.602 E.01782
G1 X62.362 Y51.629 E.09135
M204 S500
G1 X62.577 Y51.087 F7200
;TYPE:Outer wall
G1 F1473.915
G1 X62.996 Y51.765 E.027
G1 X63.419 Y52.346 E.02431
G1 X63.745 Y52.739 E.01729
G1 X61.091 Y55.097 E.12019
G1 X60.694 Y54.623 E.02094
G1 X60.122 Y53.844 E.03272
G1 X59.737 Y53.263 E.02357
G1 X59.246 Y52.374 E.03439
G1 X62.539 Y51.101 E.11951
M204 S10000
G1 E-.8 F1800
G1 X60.439 Y52.809 Z19.2 F7200
G1 Z18.8
G1 E.8 F1800
M204 S500
;TYPE:Internal solid infill
G1 F1473.915
G1 X60.818 Y53.382 E.02324
G1 X61.19 Y53.891 E.02138
G1 X62.602 Y52.637 E.06394
G1 X62.239 Y52.113 E.02156
G1 X60.477 Y52.794 E.06395
M204 S10000
G1 X61.214 Y52.914 F7200
M204 S500
;WIDTH:0.390954
G1 F1723.969
G1 X61.012 Y52.992 E.00627
G1 X61.246 Y53.336 E.01205
G1 X62.097 Y52.576 E.03301
G1 X61.252 Y52.9 E.02619
; stop printing object magic-spinning-top.stl id:730144440329 copy 0
M106 S247
;LAYER_CHANGE
;Z:19
;HEIGHT:0.200001
G92 E0
;_SET_FAN_SPEED_CHANGING_LAYER
; printing object magic-spinning-top.stl id:730144440329 copy 0
M204 S10000
G1 E-.8 F1800
G1 X60.708 Y46.735 Z19.4 F7200
G1 Z19
G1 E.8 F1800
M204 S1500
;TYPE:Inner wall
;WIDTH:0.449999
G1 F1473.915
G1 X58.09 Y47.542 E.09272
G1 X58.019 Y47.01 E.01818
G1 X57.954 Y46.195 E.02767
G1 X57.939 Y45.264 E.03149
G1 X60.629 Y45.423 E.09123
G1 X60.65 Y46.139 E.02423
G1 X60.704 Y46.696 E.01894
M204 S500
G1 X61.174 Y47.04 F7200
;TYPE:Outer wall
G1 F1473.915
G1 X57.761 Y48.092 E.1209
G1 X57.691 Y47.794 E.01036
G1 X57.593 Y47.067 E.02481
G1 X57.526 Y46.241 E.02805
G1 X57.505 Y45.414 E.02803
G1 X57.524 Y44.811 E.02042
G1 X61.069 Y45.02 E.12019
G1 X61.055 Y45.532 E.01735
G1 X61.085 Y46.266 E.02485
G1 X61.17 Y47 E.02504
M204 S10000
G1 E-.8 F1800
G1 X58.438 Y47.009 Z19.4 F7200
G1 Z19
G1 E.8 F1800
M204 S500
;TYPE:Internal solid infill
G1 F1473.915
G1 X60.266 Y46.446 E.06472
G1 X60.23 Y45.807 E.02164
G1 X58.348 Y45.696 E.0638
G1 X58.362 Y46.211 E.01743
G1 X58.435 Y46.969 E.02576
M204 S10000
G1 X58.77 Y46.512 F7200
M204 S500
;WIDTH:0.39066
G1 F1725.427
G1 X59.867 Y46.174 E.03317
G1 X58.736 Y46.097 E.03277
G1 X58.767 Y46.472 E.01086
M204 S10000
G1 E-.8 F1800
G1 X55.293 Y50.184 Z19.4 F7200
G1 Z19
G1 E.8 F1800
M204 S1500
;TYPE:Inner wall
;WIDTH:0.449999
G1 F1473.915
G1 X63.985 Y47.171 E.31139
G1 X64.704 Y49.245 E.07431
G1 X56.017 Y52.257 E.3112
G1 X55.306 Y50.222 E.07295
M204 S500
G1 X54.762 Y49.966 F7200
;TYPE:Outer wall
G1 F1473.915
G1 X54.881 Y49.873 E.0051
G1 X64.081 Y46.684 E.32958
G1 X64.264 Y46.668 E.00622
G1 X65.236 Y49.472 E.10046
G1 X65.114 Y49.556 E.00501
G1 X55.901 Y52.75 E.33006
G1 X55.743 Y52.772 E.00539
G1 X54.775 Y50.004 E.09927
M204 S10000
G1 X55.868 Y50.463 F7200
M204 S500
;TYPE:Internal solid infill
;WIDTH:0.539018
G1 F1209.438
G1 X56.281 Y51.647 E.05172
M204 S10000
G1 E-.8 F1800
G1 X63.388 Y48.866 Z19.4 F7200
G1 X63.76 Y48.72 Z19.4
G1 Z19
G1 E.8 F1800
M204 S500
;TYPE:Top surface
;WIDTH:0.416658
G1 F1605.403
G1 X62.793 Y47.753 E.04249
M204 S10000
G1 X62.401 Y47.889 F7200
M204 S500
G1 F1605.403
G1 X63.874 Y49.363 E.06474
M204 S10000
G1 X63.481 Y49.499 F7200
M204 S500
G1 F1605.403
G1 X62.008 Y48.026 E.06475
M204 S10000
G1 X61.616 Y48.162 F7200
M204 S500
G1 F1605.403
G1 X63.089 Y49.635 E.06475
M204 S10000
G1 X62.697 Y49.771 F7200
M204 S500
G1 F1605.403
G1 X61.223 Y48.298 E.06475
M204 S10000
G1 X60.831 Y48.434 F7200
M204 S500
G1 F1605.403
G1 X62.304 Y49.907 E.06475
M204 S10000
G1 X61.912 Y50.043 F7200
M204 S500
G1 F1605.403
G1 X60.438 Y48.57 E.06475
M204 S10000
G1 X60.046 Y48.706 F7200
M204 S500
G1 F1605.403
G1 X61.519 Y50.179 E.06475
M204 S10000
G1 X61.127 Y50.315 F7200
M204 S500
G1 F1605.403
G1 X59.653 Y48.842 E.06475
M204 S10000
G1 X59.261 Y48.978 F7200
M204 S500
G1 F1605.403
G1 X60.734 Y50.451 E.06475
M204 S10000
G1 X60.342 Y50.587 F7200
M204 S500
G1 F1605.403
G1 X58.868 Y49.114 E.06475
M204 S10000
G1 X58.476 Y49.25 F7200
M204 S500
G1 F1605.403
G1 X59.949 Y50.724 E.06475
M204 S10000
G1 X59.557 Y50.86 F7200
M204 S500
G1 F1605.403
G1 X58.084 Y49.386 E.06475
M204 S10000
G1 X57.691 Y49.522 F7200
M204 S500
G1 F1605.403
G1 X59.164 Y50.996 E.06475
M204 S10000
G1 X58.772 Y51.132 F7200
M204 S500
G1 F1605.403
G1 X57.299 Y49.658 E.06475
M204 S10000
G1 X56.906 Y49.795 F7200
M204 S500
G1 F1605.403
G1 X58.379 Y51.268 E.06475
M204 S10000
G1 X57.987 Y51.404 F7200
M204 S500
G1 F1605.403
G1 X56.514 Y49.931 E.06474
M204 S10000
G1 X56.121 Y50.067 F7200
M204 S500
G1 F1605.403
G1 X57.594 Y51.54 E.06474
M204 S10000
G1 X57.202 Y51.676 F7200
M204 S500
G1 F1605.403
G1 X56.235 Y50.709 E.04248
M204 S10000
G1 E-.8 F1800
G1 X63.33 Y47.895 Z19.4 F7200
G1 X63.705 Y47.747 Z19.4
G1 Z19
G1 E.8 F1800
M204 S500
;TYPE:Internal solid infill
;WIDTH:0.54137
G1 F1203.732
G1 X64.115 Y48.928 E.0518
M204 S10000
G1 E-.8 F1800
G1 X62.399 Y51.615 Z19.4 F7200
G1 Z19
G1 E.8 F1800
M204 S1500
;TYPE:Inner wall
;WIDTH:0.449999
G1 F1473.915
G1 X62.724 Y52.119 E.0203
G1 X63.15 Y52.694 E.02423
G1 X61.136 Y54.484 E.09123
G1 X60.557 Y53.725 E.03231
M73 P66 R7
G1 X60.112 Y53.055 E.02725
G1 X59.845 Y52.602 E.01779
G1 X62.362 Y51.629 E.09134
M204 S500
G1 X62.577 Y51.087 F7200
;TYPE:Outer wall
G1 F1473.915
G1 X63.071 Y51.867 E.03125
G1 X63.425 Y52.354 E.02038
G1 X63.745 Y52.739 E.01695
G1 X61.091 Y55.097 E.12019
G1 X60.693 Y54.623 E.02096
G1 X60.121 Y53.844 E.03271
G1 X59.737 Y53.262 E.0236
G1 X59.246 Y52.374 E.03436
G1 X62.539 Y51.102 E.11951
M204 S10000
G1 E-.8 F1800
G1 X60.439 Y52.809 Z19.4 F7200
G1 Z19
G1 E.8 F1800
M204 S500
;TYPE:Internal solid infill
G1 F1473.915
G1 X60.818 Y53.381 E.02324
G1 X61.19 Y53.891 E.02138
G1 X62.602 Y52.637 E.06394
G1 X62.239 Y52.113 E.02156
G1 X60.477 Y52.794 E.06395
M204 S10000
G1 X61.214 Y52.914 F7200
M204 S500
;WIDTH:0.390956
G1 F1723.96
G1 X61.012 Y52.992 E.00627
G1 X61.246 Y53.336 E.01205
G1 X62.097 Y52.576 E.03301
G1 X61.252 Y52.9 E.02618
; stop printing object magic-spinning-top.stl id:730144440329 copy 0
M106 S252
;LAYER_CHANGE
;Z:19.2
;HEIGHT:0.200001
G92 E0
;_SET_FAN_SPEED_CHANGING_LAYER
; printing object magic-spinning-top.stl id:730144440329 copy 0
M204 S10000
G1 E-.8 F1800
G1 X60.708 Y46.735 Z19.6 F7200
G1 Z19.2
G1 E.8 F1800
M204 S1500
;TYPE:Inner wall
;WIDTH:0.449999
G1 F1473.915
G1 X58.09 Y47.542 E.09271
G1 X58.019 Y47.011 E.01814
G1 X57.954 Y46.195 E.02769
G1 X57.939 Y45.264 E.03151
G1 X60.629 Y45.423 E.09123
G1 X60.65 Y46.139 E.02423
G1 X60.704 Y46.696 E.01894
M204 S500
G1 X61.174 Y47.04 F7200
;TYPE:Outer wall
G1 F1473.915
G1 X57.761 Y48.092 E.12089
G1 X57.691 Y47.794 E.01036
G1 X57.594 Y47.068 E.02477
G1 X57.526 Y46.242 E.02806
G1 X57.505 Y45.414 E.02804
G1 X57.524 Y44.811 E.02043
G1 X61.069 Y45.02 E.12019
G1 X61.055 Y45.534 E.01741
G1 X61.085 Y46.269 E.02491
G1 X61.17 Y47 E.02491
M204 S10000
G1 E-.8 F1800
G1 X58.438 Y47.009 Z19.6 F7200
G1 Z19.2
G1 E.8 F1800
M204 S500
;TYPE:Internal solid infill
G1 F1473.915
G1 X60.265 Y46.446 E.06471
G1 X60.23 Y45.807 E.02164
G1 X58.348 Y45.696 E.0638
G1 X58.361 Y46.196 E.01693
G1 X58.435 Y46.969 E.02627
M204 S10000
G1 X58.77 Y46.512 F7200
M204 S500
;WIDTH:0.390665
G1 F1725.402
G1 X59.867 Y46.174 E.03318
G1 X58.736 Y46.097 E.03277
G1 X58.767 Y46.472 E.01086
M204 S10000
G1 E-.8 F1800
G1 X63.269 Y49.741 Z19.6 F7200
G1 Z19.2
G1 E.8 F1800
M204 S1500
;TYPE:Inner wall
;WIDTH:0.449999
G1 F1473.915
G1 X62.551 Y47.669 E.07423
G1 X63.532 Y47.329 E.03514
G1 X64.25 Y49.401 E.07423
G1 X63.307 Y49.728 E.03378
M204 S500
G1 X63.005 Y50.286 F7200
;TYPE:Outer wall
G1 F1473.915
G1 X62.005 Y47.404 E.10324
G1 X63.796 Y46.783 E.06416
G1 X64.795 Y49.665 E.10324
G1 X63.043 Y50.273 E.06278
M204 S10000
G1 X63.79 Y49.178 F7200
M204 S500
;TYPE:Internal solid infill
;WIDTH:0.358458
G1 F1901.516
G1 X63.309 Y47.789 E.03858
G1 X63.01 Y47.892 E.00828
G1 X63.492 Y49.281 E.03858
G1 X63.752 Y49.191 E.00723
M204 S10000
G1 E-.8 F1800
G1 X62.399 Y51.615 Z19.6 F7200
G1 Z19.2
G1 E.8 F1800
M204 S1500
;TYPE:Inner wall
;WIDTH:0.449999
G1 F1473.915
G1 X62.724 Y52.119 E.0203
G1 X63.151 Y52.694 E.02423
G1 X61.136 Y54.484 E.09123
G1 X60.557 Y53.725 E.03233
G1 X60.111 Y53.054 E.02727
G1 X59.845 Y52.602 E.01775
G1 X62.362 Y51.63 E.09134
M204 S500
G1 X62.577 Y51.087 F7200
;TYPE:Outer wall
G1 F1473.915
G1 X63.071 Y51.867 E.03126
G1 X63.424 Y52.352 E.02031
G1 X63.745 Y52.739 E.01701
G1 X61.091 Y55.097 E.12019
G1 X60.693 Y54.622 E.02097
G1 X60.121 Y53.844 E.0327
G1 X59.736 Y53.262 E.02363
G1 X59.246 Y52.374 E.03433
G1 X62.539 Y51.102 E.11951
M204 S10000
G1 E-.8 F1800
G1 X60.439 Y52.809 Z19.6 F7200
G1 Z19.2
G1 E.8 F1800
M204 S500
;TYPE:Internal solid infill
G1 F1473.915
G1 X60.818 Y53.381 E.02324
G1 X61.19 Y53.891 E.02138
G1 X62.602 Y52.637 E.06394
G1 X62.239 Y52.113 E.02157
G1 X60.477 Y52.794 E.06394
M204 S10000
G1 X61.214 Y52.914 F7200
M204 S500
;WIDTH:0.390958
G1 F1723.95
G1 X61.012 Y52.992 E.00627
G1 X61.246 Y53.336 E.01205
G1 X62.097 Y52.577 E.033
G1 X61.252 Y52.9 E.02618
M204 S10000
G1 E-.8 F1800
G1 X60.846 Y50.581 Z19.6 F7200
G1 Z19.2
G1 E.8 F1800
M204 S1500
;TYPE:Inner wall
;WIDTH:0.449999
G1 F1473.915
G1 X59.868 Y50.92 E.03504
G1 X59.149 Y48.848 E.07423
G1 X60.127 Y48.509 E.03504
G1 X60.833 Y50.543 E.07287
M204 S500
G1 X61.391 Y50.846 F7200
;TYPE:Outer wall
G1 F1473.915
G1 X59.603 Y51.465 E.06405
G1 X58.604 Y48.584 E.10324
G1 X60.392 Y47.964 E.06405
G1 X61.378 Y50.808 E.10188
M204 S10000
G1 X60.387 Y50.359 F7200
M204 S500
;TYPE:Internal solid infill
;WIDTH:0.356992
G1 F1910.39
G1 X59.905 Y48.968 E.03844
G1 X59.608 Y49.071 E.0082
G1 X60.09 Y50.461 E.03844
G1 X60.349 Y50.372 E.00716
M204 S10000
G1 E-.8 F1800
G1 X57.445 Y51.76 Z19.6 F7200
G1 Z19.2
G1 E.8 F1800
M204 S1500
;TYPE:Inner wall
;WIDTH:0.449999
G1 F1473.915
G1 X56.464 Y52.101 E.03513
G1 X55.746 Y50.029 E.07423
G1 X56.726 Y49.689 E.03513
G1 X57.432 Y51.723 E.07287
M204 S500
G1 X57.99 Y52.025 F7200
;TYPE:Outer wall
G1 F1473.915
G1 X56.2 Y52.646 E.06415
G1 X55.2 Y49.764 E.10324
G1 X56.99 Y49.143 E.06414
G1 X57.977 Y51.987 E.10188
M204 S10000
G1 X56.985 Y51.538 F7200
M204 S500
;TYPE:Internal solid infill
;WIDTH:0.358288
G1 F1902.541
G1 X56.503 Y50.148 E.03856
G1 X56.205 Y50.252 E.00827
G1 X56.687 Y51.641 E.03856
G1 X56.947 Y51.551 E.00722
; stop printing object magic-spinning-top.stl id:730144440329 copy 0
;LAYER_CHANGE
;Z:19.4
;HEIGHT:0.199999
G92 E0
;_SET_FAN_SPEED_CHANGING_LAYER
; printing object magic-spinning-top.stl id:730144440329 copy 0
M204 S10000
G1 E-.8 F1800
G1 X60.707 Y46.735 Z19.8 F7200
G1 Z19.4
G1 E.8 F1800
M204 S1500
;TYPE:Inner wall
;WIDTH:0.449999
G1 F1473.915
G1 X58.09 Y47.542 E.09271
G1 X58.019 Y47.011 E.01812
G1 X57.954 Y46.196 E.0277
G1 X57.939 Y45.264 E.03153
G1 X60.629 Y45.423 E.09123
G1 X60.65 Y46.138 E.02422
G1 X60.704 Y46.696 E.01895
M204 S500
G1 X61.174 Y47.04 F7200
;TYPE:Outer wall
G1 F1473.915
G1 X57.761 Y48.092 E.12089
G1 X57.691 Y47.794 E.01036
G1 X57.594 Y47.069 E.02475
G1 X57.526 Y46.243 E.02807
G1 X57.505 Y45.414 E.02805
G1 X57.524 Y44.811 E.02043
G1 X61.069 Y45.02 E.12019
G1 X61.055 Y45.535 E.01744
G1 X61.085 Y46.271 E.02494
G1 X61.17 Y47 E.02485
M204 S10000
G1 E-.8 F1800
G1 X58.438 Y47.009 Z19.8 F7200
G1 Z19.4
G1 E.8 F1800
M204 S500
;TYPE:Internal solid infill
G1 F1473.915
G1 X60.265 Y46.446 E.06471
G1 X60.23 Y45.807 E.02164
G1 X58.348 Y45.696 E.0638
G1 X58.361 Y46.197 E.01694
G1 X58.435 Y46.969 E.02626
M204 S10000
G1 X58.77 Y46.512 F7200
M204 S500
;WIDTH:0.390667
G1 F1725.392
G1 X59.867 Y46.174 E.03318
G1 X58.736 Y46.097 E.03277
G1 X58.767 Y46.472 E.01086
M204 S10000
G1 E-.8 F1800
G1 X63.337 Y49.717 Z19.8 F7200
G1 Z19.4
G1 E.8 F1800
M204 S1500
;TYPE:Inner wall
;WIDTH:0.449999
G1 F1473.915
G1 X62.617 Y47.646 E.07423
G1 X63.463 Y47.353 E.03029
G1 X64.181 Y49.424 E.07423
G1 X63.375 Y49.704 E.02889
M204 S500
G1 X63.073 Y50.262 F7200
;TYPE:Outer wall
G1 F1473.915
G1 X62.072 Y47.381 E.10324
G1 X63.727 Y46.807 E.05931
G1 X64.727 Y49.689 E.10324
G1 X63.111 Y50.249 E.05789
M204 S10000
G1 E-.8 F1800
G1 X63.187 Y47.922 Z19.8 F7200
G1 Z19.4
G1 E.8 F1800
M204 S500
;TYPE:Internal solid infill
;WIDTH:0.530414
G1 F1230.784
G1 X63.6 Y49.111 E.05102
M204 S10000
G1 E-.8 F1800
M73 P67 R7
G1 X62.399 Y51.615 Z19.8 F7200
G1 Z19.4
G1 E.8 F1800
M204 S1500
;TYPE:Inner wall
;WIDTH:0.449999
G1 F1473.915
G1 X62.724 Y52.119 E.02031
G1 X63.151 Y52.694 E.02422
G1 X61.136 Y54.484 E.09123
G1 X60.557 Y53.724 E.03234
G1 X60.111 Y53.053 E.02727
G1 X59.845 Y52.602 E.01773
G1 X62.362 Y51.63 E.09134
M204 S500
G1 X62.577 Y51.087 F7200
;TYPE:Outer wall
G1 F1473.915
G1 X63.071 Y51.867 E.03126
G1 X63.423 Y52.352 E.02028
G1 X63.745 Y52.739 E.01704
G1 X61.091 Y55.097 E.12019
G1 X60.693 Y54.622 E.02097
G1 X60.121 Y53.844 E.03269
G1 X59.736 Y53.261 E.02365
G1 X59.246 Y52.374 E.03431
G1 X62.539 Y51.102 E.11951
M204 S10000
G1 E-.8 F1800
G1 X60.439 Y52.809 Z19.8 F7200
G1 Z19.4
G1 E.8 F1800
M204 S500
;TYPE:Internal solid infill
G1 F1473.915
G1 X60.818 Y53.381 E.02323
G1 X61.19 Y53.891 E.02138
G1 X62.602 Y52.637 E.06394
G1 X62.239 Y52.113 E.02157
G1 X60.477 Y52.794 E.06394
M204 S10000
G1 X61.214 Y52.914 F7200
M204 S500
;WIDTH:0.390958
G1 F1723.95
G1 X61.012 Y52.992 E.00627
G1 X61.246 Y53.336 E.01205
G1 X62.097 Y52.577 E.033
G1 X61.252 Y52.9 E.02618
M204 S10000
G1 E-.8 F1800
G1 X60.779 Y50.604 Z19.8 F7200
G1 Z19.4
G1 E.8 F1800
M204 S1500
;TYPE:Inner wall
;WIDTH:0.449999
G1 F1473.915
G1 X59.936 Y50.897 E.03021
G1 X59.216 Y48.825 E.07423
G1 X60.059 Y48.533 E.03021
G1 X60.766 Y50.566 E.07287
M204 S500
G1 X61.325 Y50.869 F7200
;TYPE:Outer wall
G1 F1473.915
G1 X59.671 Y51.442 E.05922
G1 X58.671 Y48.561 E.10324
G1 X60.324 Y47.988 E.05922
G1 X61.311 Y50.831 E.10188
M204 S10000
G1 E-.8 F1800
G1 X59.784 Y49.101 Z19.8 F7200
G1 Z19.4
G1 E.8 F1800
M204 S500
;TYPE:Internal solid infill
;WIDTH:0.528442
G1 F1235.783
G1 X60.198 Y50.291 E.05088
M204 S10000
G1 E-.8 F1800
G1 X57.378 Y51.784 Z19.8 F7200
G1 Z19.4
G1 E.8 F1800
M204 S1500
;TYPE:Inner wall
;WIDTH:0.449999
G1 F1473.915
G1 X56.532 Y52.077 E.03029
G1 X55.814 Y50.005 E.07423
G1 X56.658 Y49.712 E.03025
G1 X57.365 Y51.746 E.07287
M204 S500
G1 X57.923 Y52.048 F7200
;TYPE:Outer wall
G1 F1473.915
G1 X56.268 Y52.622 E.05931
G1 X55.269 Y49.74 E.10324
G1 X56.922 Y49.167 E.05925
G1 X57.91 Y52.01 E.10188
M204 S10000
G1 E-.8 F1800
G1 X56.383 Y50.281 Z19.8 F7200
G1 Z19.4
G1 E.8 F1800
M204 S500
;TYPE:Internal solid infill
;WIDTH:0.529652
G1 F1232.711
G1 X56.795 Y51.47 E.05094
; stop printing object magic-spinning-top.stl id:730144440329 copy 0
;LAYER_CHANGE
;Z:19.6
;HEIGHT:0.200001
G92 E0
;_SET_FAN_SPEED_CHANGING_LAYER
; printing object magic-spinning-top.stl id:730144440329 copy 0
M204 S10000
G1 E-.8 F1800
G1 X60.707 Y46.735 Z20 F7200
G1 Z19.6
G1 E.8 F1800
M204 S1500
;TYPE:Inner wall
;WIDTH:0.449999
G1 F1473.915
G1 X58.09 Y47.542 E.09271
G1 X58.019 Y47.011 E.01812
G1 X57.954 Y46.196 E.0277
G1 X57.939 Y45.264 E.03153
G1 X60.629 Y45.423 E.09123
G1 X60.65 Y46.138 E.02422
G1 X60.704 Y46.696 E.01895
M204 S500
G1 X61.174 Y47.04 F7200
;TYPE:Outer wall
G1 F1473.915
G1 X57.761 Y48.092 E.12089
G1 X57.691 Y47.794 E.01036
G1 X57.594 Y47.069 E.02475
G1 X57.526 Y46.243 E.02807
G1 X57.505 Y45.414 E.02805
G1 X57.524 Y44.811 E.02043
G1 X61.069 Y45.02 E.12019
G1 X61.055 Y45.535 E.01744
G1 X61.085 Y46.271 E.02494
G1 X61.17 Y47 E.02485
M204 S10000
G1 E-.8 F1800
G1 X58.438 Y47.009 Z20 F7200
G1 Z19.6
G1 E.8 F1800
M204 S500
;TYPE:Internal solid infill
G1 F1473.915
G1 X60.265 Y46.446 E.06471
G1 X60.23 Y45.807 E.02164
G1 X58.348 Y45.696 E.0638
G1 X58.361 Y46.197 E.01694
G1 X58.435 Y46.969 E.02626
M204 S10000
G1 X58.77 Y46.512 F7200
M204 S500
;WIDTH:0.390666
G1 F1725.397
G1 X59.867 Y46.174 E.03318
G1 X58.736 Y46.097 E.03277
G1 X58.767 Y46.472 E.01086
M204 S10000
G1 E-.8 F1800
G1 X57.191 Y51.776 Z20 F7200
G1 Z19.6
G1 E.8 F1800
M204 S1500
;TYPE:Inner wall
;WIDTH:0.587058
G1 F1102.661
G1 X56.676 Y51.954 E.02462
G1 X56.001 Y50.012 E.09302
;WIDTH:0.586845
G1 F1103.093
G1 X56.515 Y49.834 E.0246
G1 X56.604 Y50.091 E.01229
;WIDTH:0.587058
G1 F1102.661
G1 X57.178 Y51.738 E.07892
M204 S500
G1 X57.824 Y52.083 F7200
;TYPE:Outer wall
;WIDTH:0.449999
G1 F1473.915
G1 X56.37 Y52.587 E.05208
G1 X55.368 Y49.706 E.10324
G1 X56.821 Y49.202 E.05205
G1 X57.811 Y52.045 E.10188
M204 S10000
G1 E-.8 F1800
G1 X60.592 Y50.597 Z20 F7200
G1 Z19.6
G1 E.8 F1800
M204 S1500
;TYPE:Inner wall
;WIDTH:0.586446
G1 F1103.903
G1 X60.079 Y50.775 E.02456
G1 X59.403 Y48.833 E.09294
G1 X59.916 Y48.655 E.02456
G1 X60.579 Y50.559 E.09113
M204 S500
G1 X61.225 Y50.903 F7200
;TYPE:Outer wall
;WIDTH:0.449999
G1 F1473.915
G1 X59.773 Y51.407 E.05203
G1 X58.77 Y48.526 E.10324
G1 X60.222 Y48.023 E.05203
G1 X61.212 Y50.865 E.10188
M204 S10000
G1 X62.399 Y51.615 F7200
M204 S1500
;TYPE:Inner wall
G1 F1473.915
G1 X62.724 Y52.119 E.02031
G1 X63.151 Y52.694 E.02422
G1 X61.136 Y54.484 E.09123
G1 X60.557 Y53.724 E.03234
G1 X60.111 Y53.053 E.02727
G1 X59.845 Y52.602 E.01773
G1 X62.362 Y51.63 E.09134
M204 S500
G1 X62.577 Y51.087 F7200
;TYPE:Outer wall
G1 F1473.915
G1 X63.071 Y51.867 E.03126
G1 X63.423 Y52.352 E.02028
G1 X63.745 Y52.739 E.01704
G1 X61.091 Y55.097 E.12019
G1 X60.693 Y54.622 E.02098
G1 X60.121 Y53.844 E.03269
G1 X59.736 Y53.261 E.02365
G1 X59.246 Y52.374 E.03431
G1 X62.539 Y51.102 E.11951
M204 S10000
G1 E-.8 F1800
G1 X60.439 Y52.809 Z20 F7200
G1 Z19.6
G1 E.8 F1800
M204 S500
;TYPE:Internal solid infill
G1 F1473.915
G1 X60.818 Y53.381 E.02323
G1 X61.19 Y53.891 E.02138
G1 X62.602 Y52.637 E.06394
G1 X62.239 Y52.113 E.02157
G1 X60.477 Y52.794 E.06394
M204 S10000
G1 X61.214 Y52.914 F7200
M204 S500
;WIDTH:0.39096
G1 F1723.94
G1 X61.012 Y52.992 E.00627
G1 X61.246 Y53.336 E.01205
G1 X62.097 Y52.577 E.033
G1 X61.252 Y52.9 E.02618
M204 S10000
G1 E-.8 F1800
G1 X63.48 Y49.595 Z20 F7200
G1 Z19.6
G1 E.8 F1800
M204 S1500
;TYPE:Inner wall
;WIDTH:0.587054
G1 F1102.67
G1 X62.805 Y47.653 E.09302
G1 X63.319 Y47.475 E.02462
G1 X63.994 Y49.417 E.09302
;WIDTH:0.586857
G1 F1103.069
G1 X63.518 Y49.582 E.02279
M204 S500
G1 X63.174 Y50.227 F7200
;TYPE:Outer wall
;WIDTH:0.449999
G1 F1473.915
G1 X62.172 Y47.347 E.10324
G1 X63.625 Y46.843 E.05208
G1 X64.627 Y49.724 E.10324
G1 X63.212 Y50.214 E.05069
; stop printing object magic-spinning-top.stl id:730144440329 copy 0
;LAYER_CHANGE
;Z:19.8
;HEIGHT:0.199999
G92 E0
;_SET_FAN_SPEED_CHANGING_LAYER
; printing object magic-spinning-top.stl id:730144440329 copy 0
M204 S10000
G1 E-.8 F1800
G1 X60.707 Y46.735 Z20.2 F7200
G1 Z19.8
G1 E.8 F1800
M204 S1500
;TYPE:Inner wall
G1 F1433
G1 X58.09 Y47.542 E.09271
G1 X58.019 Y47.011 E.01812
M73 P67 R6
G1 X57.954 Y46.196 E.0277
G1 X57.939 Y45.264 E.03153
G1 X60.629 Y45.423 E.09123
G1 X60.65 Y46.138 E.02422
G1 X60.704 Y46.696 E.01895
M204 S500
G1 X61.174 Y47.04 F7200
;TYPE:Outer wall
G1 F1433
G1 X57.761 Y48.092 E.12089
G1 X57.691 Y47.794 E.01036
G1 X57.594 Y47.069 E.02475
G1 X57.526 Y46.243 E.02807
G1 X57.505 Y45.414 E.02805
G1 X57.524 Y44.811 E.02043
G1 X61.069 Y45.02 E.12019
G1 X61.055 Y45.535 E.01744
G1 X61.085 Y46.271 E.02494
G1 X61.17 Y47 E.02485
M204 S10000
G1 E-.8 F1800
G1 X58.438 Y47.009 Z20.2 F7200
G1 Z19.8
M73 P68 R6
G1 E.8 F1800
M204 S500
;TYPE:Internal solid infill
G1 F1433
G1 X60.265 Y46.446 E.06471
G1 X60.23 Y45.807 E.02164
G1 X58.348 Y45.696 E.0638
G1 X58.361 Y46.197 E.01694
G1 X58.435 Y46.969 E.02626
M204 S10000
G1 X58.77 Y46.512 F7200
M204 S500
;WIDTH:0.390666
G1 F1433
G1 X59.867 Y46.174 E.03318
G1 X58.736 Y46.097 E.03277
G1 X58.767 Y46.472 E.01086
M204 S10000
G1 E-.8 F1800
G1 X62.854 Y47.55 Z20.2 F7200
G1 Z19.8
G1 E.8 F1800
M204 S1500
;TYPE:Inner wall
;WIDTH:0.42343
G1 F1433
G1 X63.213 Y47.425 E.01204
G1 X63.942 Y49.521 E.07022
G1 X63.583 Y49.646 E.01204
G1 X62.867 Y47.588 E.06896
M204 S500
G1 X62.325 Y47.294 F7200
;TYPE:Outer wall
;WIDTH:0.449999
G1 F1433
G1 X63.469 Y46.897 E.041
G1 X64.471 Y49.778 E.10324
G1 X63.327 Y50.174 E.04099
G1 X62.338 Y47.331 E.10188
M204 S10000
G1 E-.8 F1800
G1 X62.399 Y51.615 Z20.2 F7200
G1 Z19.8
G1 E.8 F1800
M204 S1500
;TYPE:Inner wall
G1 F1433
G1 X62.724 Y52.119 E.02031
G1 X63.151 Y52.694 E.02422
G1 X61.136 Y54.484 E.09123
G1 X60.557 Y53.724 E.03234
G1 X60.111 Y53.053 E.02727
G1 X59.845 Y52.602 E.01773
G1 X62.362 Y51.63 E.09134
M204 S500
G1 X62.577 Y51.087 F7200
;TYPE:Outer wall
G1 F1433
G1 X63.071 Y51.867 E.03126
G1 X63.423 Y52.352 E.02028
G1 X63.745 Y52.739 E.01704
G1 X61.091 Y55.097 E.12019
G1 X60.693 Y54.622 E.02098
G1 X60.121 Y53.844 E.03269
G1 X59.736 Y53.261 E.02365
G1 X59.246 Y52.374 E.03431
G1 X62.539 Y51.102 E.11951
M204 S10000
G1 E-.8 F1800
G1 X60.439 Y52.809 Z20.2 F7200
G1 Z19.8
G1 E.8 F1800
M204 S500
;TYPE:Internal solid infill
G1 F1433
G1 X60.818 Y53.381 E.02323
G1 X61.19 Y53.891 E.02138
G1 X62.602 Y52.637 E.06394
G1 X62.239 Y52.113 E.02157
G1 X60.477 Y52.794 E.06394
M204 S10000
G1 X61.214 Y52.914 F7200
M204 S500
;WIDTH:0.390959
G1 F1433
G1 X61.012 Y52.992 E.00627
G1 X61.246 Y53.336 E.01205
G1 X62.097 Y52.577 E.033
G1 X61.252 Y52.9 E.02618
M204 S10000
G1 E-.8 F1800
G1 X60.542 Y50.7 Z20.2 F7200
G1 Z19.8
G1 E.8 F1800
M204 S1500
;TYPE:Inner wall
;WIDTH:0.424432
G1 F1433
G1 X60.182 Y50.825 E.0121
G1 X59.453 Y48.729 E.07038
G1 X59.814 Y48.604 E.0121
G1 X60.529 Y50.662 E.06911
M204 S500
G1 X61.072 Y50.956 F7200
;TYPE:Outer wall
;WIDTH:0.449999
G1 F1433
G1 X59.925 Y51.354 E.04106
G1 X58.924 Y48.473 E.10324
G1 X60.07 Y48.076 E.04106
G1 X61.058 Y50.919 E.10188
M204 S10000
G1 E-.8 F1800
G1 X57.141 Y51.88 Z20.2 F7200
G1 Z19.8
G1 E.8 F1800
M204 S1500
;TYPE:Inner wall
;WIDTH:0.423481
G1 F1433
G1 X56.782 Y52.004 E.01204
G1 X56.053 Y49.908 E.07023
G1 X56.413 Y49.783 E.01204
G1 X57.128 Y51.842 E.06897
M204 S500
G1 X57.67 Y52.136 F7200
;TYPE:Outer wall
;WIDTH:0.449999
G1 F1433
G1 X56.526 Y52.533 E.041
G1 X55.524 Y49.652 E.10324
G1 X56.668 Y49.255 E.04099
G1 X57.657 Y52.098 E.10188
; stop printing object magic-spinning-top.stl id:730144440329 copy 0
;LAYER_CHANGE
;Z:20
;HEIGHT:0.200001
G92 E0
;_SET_FAN_SPEED_CHANGING_LAYER
; printing object magic-spinning-top.stl id:730144440329 copy 0
M204 S10000
G1 E-.8 F1800
G1 X60.707 Y46.735 Z20.4 F7200
G1 Z20
G1 E.8 F1800
M204 S1500
;TYPE:Inner wall
G1 F1136
G1 X58.09 Y47.542 E.09271
G1 X58.019 Y47.011 E.01812
G1 X57.954 Y46.196 E.0277
G1 X57.939 Y45.264 E.03153
G1 X60.629 Y45.423 E.09123
G1 X60.65 Y46.138 E.02422
G1 X60.704 Y46.696 E.01895
M204 S500
G1 X61.174 Y47.04 F7200
;TYPE:Outer wall
G1 F1136
G1 X57.761 Y48.092 E.12089
G1 X57.691 Y47.794 E.01036
G1 X57.594 Y47.069 E.02475
G1 X57.526 Y46.243 E.02807
G1 X57.505 Y45.414 E.02805
G1 X57.524 Y44.811 E.02043
G1 X61.069 Y45.02 E.12019
G1 X61.055 Y45.535 E.01744
G1 X61.085 Y46.271 E.02494
G1 X61.17 Y47 E.02485
M204 S10000
G1 E-.8 F1800
G1 X58.438 Y47.009 Z20.4 F7200
G1 Z20
G1 E.8 F1800
M204 S500
;TYPE:Internal solid infill
G1 F1136
G1 X60.265 Y46.446 E.06471
G1 X60.23 Y45.807 E.02164
G1 X58.348 Y45.696 E.0638
G1 X58.361 Y46.197 E.01694
G1 X58.435 Y46.969 E.02626
M204 S10000
G1 X58.77 Y46.512 F7200
M204 S500
;WIDTH:0.390667
G1 F1136
G1 X59.867 Y46.174 E.03318
G1 X58.736 Y46.097 E.03277
G1 X58.767 Y46.472 E.01086
M204 S10000
G1 E-.8 F1800
G1 X62.658 Y47.222 Z20.4 F7200
G1 Z20
G1 E.8 F1800
M204 S500
;TYPE:Outer wall
;WIDTH:0.532594
G1 F1136
G1 X63.161 Y47.047 E.02169
G1 X64.14 Y49.85 E.12085
;WIDTH:0.531256
G1 X63.638 Y50.024 E.02156
G1 X63.55 Y49.774 E.01075
;WIDTH:0.532594
G1 X62.671 Y47.26 E.10844
M204 S10000
G1 E-.8 F1800
G1 X62.399 Y51.615 Z20.4 F7200
G1 Z20
G1 E.8 F1800
M204 S1500
;TYPE:Inner wall
;WIDTH:0.449999
G1 F1136
G1 X62.724 Y52.119 E.02031
G1 X63.151 Y52.694 E.02422
G1 X61.136 Y54.484 E.09123
G1 X60.557 Y53.724 E.03234
G1 X60.111 Y53.053 E.02727
G1 X59.845 Y52.602 E.01773
G1 X62.362 Y51.63 E.09134
M204 S500
G1 X62.577 Y51.087 F7200
;TYPE:Outer wall
G1 F1136
G1 X63.071 Y51.867 E.03126
G1 X63.423 Y52.352 E.02028
G1 X63.745 Y52.739 E.01704
G1 X61.091 Y55.097 E.12019
G1 X60.693 Y54.622 E.02097
G1 X60.121 Y53.844 E.03269
G1 X59.736 Y53.261 E.02365
G1 X59.246 Y52.374 E.03431
G1 X62.539 Y51.102 E.11951
M204 S10000
G1 E-.8 F1800
G1 X60.439 Y52.809 Z20.4 F7200
G1 Z20
G1 E.8 F1800
M204 S500
;TYPE:Internal solid infill
G1 F1136
G1 X60.818 Y53.381 E.02323
G1 X61.19 Y53.891 E.02138
G1 X62.602 Y52.637 E.06394
G1 X62.239 Y52.113 E.02157
G1 X60.477 Y52.794 E.06394
M204 S10000
G1 X61.214 Y52.914 F7200
M204 S500
;WIDTH:0.390959
G1 F1136
G1 X61.012 Y52.992 E.00627
G1 X61.246 Y53.336 E.01205
G1 X62.097 Y52.577 E.033
G1 X61.252 Y52.9 E.02618
G1 X60.739 Y51.028 F7200
;TYPE:Outer wall
;WIDTH:0.53193
G1 F1136
G1 X60.237 Y51.202 E.02163
G1 X59.256 Y48.401 E.12069
G1 X59.759 Y48.227 E.02163
G1 X60.726 Y50.99 E.11906
M204 S10000
G1 E-.8 F1800
G1 X56.445 Y49.656 Z20.4 F7200
G1 Z20
G1 E.8 F1800
M204 S500
;WIDTH:0.532642
G1 F1136
G1 X57.338 Y52.207 E.11008
G1 X56.834 Y52.382 E.0217
G1 X55.856 Y49.58 E.12086
;WIDTH:0.531207
G1 X56.357 Y49.406 E.02156
G1 X56.432 Y49.618 E.00913
; stop printing object magic-spinning-top.stl id:730144440329 copy 0
;LAYER_CHANGE
;Z:20.2
;HEIGHT:0.200001
G92 E0
;_SET_FAN_SPEED_CHANGING_LAYER
; printing object magic-spinning-top.stl id:730144440329 copy 0
M204 S10000
G1 E-.8 F1800
G1 X62.399 Y51.615 Z20.6 F7200
G1 Z20.2
G1 E.8 F1800
M204 S1500
;TYPE:Inner wall
;WIDTH:0.449999
G1 F801
G1 X62.724 Y52.119 E.02031
G1 X63.151 Y52.694 E.02422
G1 X61.136 Y54.484 E.09123
G1 X60.557 Y53.724 E.03234
G1 X60.111 Y53.053 E.02727
G1 X59.845 Y52.602 E.01773
G1 X62.362 Y51.63 E.09134
M204 S500
G1 X62.577 Y51.087 F7200
M73 P69 R6
;TYPE:Outer wall
G1 F801
G1 X63.071 Y51.867 E.03126
G1 X63.423 Y52.352 E.02028
G1 X63.745 Y52.739 E.01704
G1 X61.091 Y55.097 E.12019
G1 X60.693 Y54.622 E.02097
G1 X60.121 Y53.844 E.03269
G1 X59.736 Y53.261 E.02365
G1 X59.246 Y52.374 E.03431
G1 X62.539 Y51.102 E.11951
M204 S10000
G1 E-.8 F1800
G1 X60.439 Y52.809 Z20.6 F7200
G1 Z20.2
G1 E.8 F1800
M204 S500
;TYPE:Internal solid infill
G1 F801
G1 X60.818 Y53.381 E.02323
G1 X61.19 Y53.891 E.02138
G1 X62.602 Y52.637 E.06394
G1 X62.239 Y52.113 E.02157
G1 X60.477 Y52.794 E.06394
M204 S10000
G1 X61.214 Y52.914 F7200
M204 S500
;WIDTH:0.39096
G1 F801
G1 X61.012 Y52.992 E.00627
G1 X61.246 Y53.336 E.01205
G1 X62.097 Y52.577 E.033
G1 X61.252 Y52.9 E.02618
M204 S10000
G1 E-.8 F1800
G1 X60.707 Y46.735 Z20.6 F7200
G1 Z20.2
G1 E.8 F1800
M204 S1500
;TYPE:Inner wall
;WIDTH:0.449999
G1 F801
G1 X58.09 Y47.542 E.09271
G1 X58.019 Y47.011 E.01812
G1 X57.954 Y46.196 E.0277
G1 X57.939 Y45.264 E.03153
G1 X60.629 Y45.423 E.09123
G1 X60.65 Y46.138 E.02422
G1 X60.704 Y46.696 E.01895
M204 S500
G1 X61.174 Y47.04 F7200
;TYPE:Outer wall
G1 F801
G1 X57.761 Y48.092 E.12089
G1 X57.691 Y47.794 E.01036
G1 X57.594 Y47.069 E.02475
G1 X57.526 Y46.243 E.02807
G1 X57.505 Y45.414 E.02805
G1 X57.524 Y44.811 E.02043
G1 X61.069 Y45.02 E.12019
G1 X61.055 Y45.535 E.01744
G1 X61.085 Y46.271 E.02494
G1 X61.17 Y47 E.02485
M204 S10000
G1 E-.8 F1800
G1 X58.438 Y47.009 Z20.6 F7200
G1 Z20.2
G1 E.8 F1800
M204 S500
;TYPE:Internal solid infill
G1 F801
G1 X60.265 Y46.446 E.06471
G1 X60.23 Y45.807 E.02164
G1 X58.348 Y45.696 E.0638
G1 X58.361 Y46.197 E.01694
G1 X58.435 Y46.969 E.02626
M204 S10000
G1 X58.77 Y46.512 F7200
M204 S500
;WIDTH:0.390667
G1 F801
G1 X59.867 Y46.174 E.03318
G1 X58.736 Y46.097 E.03277
G1 X58.767 Y46.472 E.01086
; stop printing object magic-spinning-top.stl id:730144440329 copy 0
;LAYER_CHANGE
;Z:20.4
;HEIGHT:0.199999
G92 E0
;_SET_FAN_SPEED_CHANGING_LAYER
; printing object magic-spinning-top.stl id:730144440329 copy 0
M204 S10000
G1 E-.8 F1800
G1 X62.399 Y51.615 Z20.8 F7200
G1 Z20.4
G1 E.8 F1800
M204 S1500
;TYPE:Inner wall
;WIDTH:0.449999
G1 F801
G1 X62.724 Y52.119 E.02031
G1 X63.151 Y52.694 E.02422
G1 X61.136 Y54.484 E.09123
G1 X60.557 Y53.724 E.03234
G1 X60.111 Y53.053 E.02727
G1 X59.845 Y52.602 E.01773
G1 X62.362 Y51.63 E.09134
M204 S500
G1 X62.577 Y51.087 F7200
;TYPE:Outer wall
G1 F801
G1 X63.071 Y51.867 E.03126
G1 X63.423 Y52.352 E.02028
G1 X63.745 Y52.739 E.01704
G1 X61.091 Y55.097 E.12019
G1 X60.693 Y54.622 E.02097
G1 X60.121 Y53.844 E.03269
G1 X59.736 Y53.261 E.02365
G1 X59.246 Y52.374 E.03431
G1 X62.539 Y51.102 E.11951
M204 S10000
G1 E-.8 F1800
G1 X60.439 Y52.809 Z20.8 F7200
G1 Z20.4
G1 E.8 F1800
M204 S500
;TYPE:Internal solid infill
G1 F801
G1 X60.818 Y53.381 E.02323
G1 X61.19 Y53.891 E.02138
G1 X62.602 Y52.637 E.06394
G1 X62.239 Y52.113 E.02157
G1 X60.477 Y52.794 E.06394
M204 S10000
G1 X61.214 Y52.914 F7200
M204 S500
;WIDTH:0.39096
G1 F801
G1 X61.012 Y52.992 E.00627
G1 X61.246 Y53.336 E.01205
G1 X62.097 Y52.577 E.033
G1 X61.252 Y52.9 E.02618
M204 S10000
G1 E-.8 F1800
G1 X60.707 Y46.735 Z20.8 F7200
G1 Z20.4
G1 E.8 F1800
M204 S1500
;TYPE:Inner wall
;WIDTH:0.449999
G1 F801
G1 X58.09 Y47.542 E.09271
G1 X58.019 Y47.011 E.01812
G1 X57.954 Y46.196 E.0277
G1 X57.939 Y45.264 E.03153
G1 X60.629 Y45.423 E.09123
G1 X60.65 Y46.138 E.02422
G1 X60.704 Y46.696 E.01895
M204 S500
G1 X61.174 Y47.04 F7200
;TYPE:Outer wall
G1 F801
G1 X57.761 Y48.092 E.12089
G1 X57.691 Y47.794 E.01036
G1 X57.594 Y47.069 E.02475
G1 X57.526 Y46.243 E.02807
G1 X57.505 Y45.414 E.02805
G1 X57.524 Y44.811 E.02043
G1 X61.069 Y45.02 E.12019
G1 X61.055 Y45.535 E.01744
G1 X61.085 Y46.271 E.02494
G1 X61.17 Y47 E.02485
M204 S10000
G1 E-.8 F1800
G1 X58.438 Y47.009 Z20.8 F7200
G1 Z20.4
G1 E.8 F1800
M204 S500
;TYPE:Internal solid infill
G1 F801
G1 X60.265 Y46.446 E.06471
G1 X60.23 Y45.807 E.02164
G1 X58.348 Y45.696 E.0638
G1 X58.361 Y46.197 E.01694
G1 X58.435 Y46.969 E.02626
M204 S10000
G1 X58.77 Y46.512 F7200
M204 S500
;WIDTH:0.390666
G1 F801
G1 X59.867 Y46.174 E.03318
G1 X58.736 Y46.097 E.03277
G1 X58.767 Y46.472 E.01086
; stop printing object magic-spinning-top.stl id:730144440329 copy 0
;LAYER_CHANGE
;Z:20.6
;HEIGHT:0.200001
G92 E0
;_SET_FAN_SPEED_CHANGING_LAYER
; printing object magic-spinning-top.stl id:730144440329 copy 0
M204 S10000
G1 E-.8 F1800
G1 X62.399 Y51.615 Z21 F7200
G1 Z20.6
G1 E.8 F1800
M204 S1500
;TYPE:Inner wall
;WIDTH:0.449999
G1 F801
G1 X62.724 Y52.119 E.02031
G1 X63.151 Y52.694 E.02422
G1 X61.136 Y54.484 E.09124
G1 X60.557 Y53.724 E.03234
G1 X60.111 Y53.053 E.02727
G1 X59.845 Y52.602 E.01773
G1 X62.362 Y51.63 E.09134
M204 S500
G1 X62.577 Y51.087 F7200
;TYPE:Outer wall
G1 F801
G1 X63.071 Y51.867 E.03126
G1 X63.423 Y52.352 E.02028
G1 X63.745 Y52.739 E.01704
G1 X61.091 Y55.097 E.12019
G1 X60.693 Y54.622 E.02098
G1 X60.121 Y53.844 E.03269
G1 X59.736 Y53.261 E.02365
G1 X59.246 Y52.374 E.03431
G1 X62.539 Y51.102 E.11951
M204 S10000
G1 E-.8 F1800
G1 X60.439 Y52.809 Z21 F7200
G1 Z20.6
G1 E.8 F1800
M204 S500
;TYPE:Internal solid infill
G1 F801
G1 X60.818 Y53.381 E.02323
G1 X61.19 Y53.891 E.02138
G1 X62.602 Y52.637 E.06394
G1 X62.239 Y52.113 E.02157
M73 P70 R6
G1 X60.477 Y52.794 E.06394
M204 S10000
G1 X61.214 Y52.914 F7200
M204 S500
;WIDTH:0.390958
G1 F801
G1 X61.012 Y52.992 E.00627
G1 X61.246 Y53.336 E.01205
G1 X62.097 Y52.577 E.033
G1 X61.252 Y52.9 E.02618
M204 S10000
G1 E-.8 F1800
G1 X60.707 Y46.735 Z21 F7200
G1 Z20.6
G1 E.8 F1800
M204 S1500
;TYPE:Inner wall
;WIDTH:0.449999
G1 F801
G1 X58.09 Y47.542 E.09271
G1 X58.019 Y47.011 E.01812
G1 X57.954 Y46.196 E.0277
G1 X57.939 Y45.264 E.03153
G1 X60.629 Y45.423 E.09123
G1 X60.65 Y46.138 E.02422
G1 X60.704 Y46.696 E.01895
M204 S500
G1 X61.174 Y47.04 F7200
;TYPE:Outer wall
G1 F801
G1 X57.761 Y48.092 E.12089
G1 X57.691 Y47.794 E.01036
G1 X57.594 Y47.069 E.02475
G1 X57.526 Y46.243 E.02807
G1 X57.505 Y45.414 E.02805
G1 X57.524 Y44.811 E.02043
G1 X61.069 Y45.02 E.12019
G1 X61.055 Y45.535 E.01744
G1 X61.085 Y46.271 E.02494
G1 X61.17 Y47 E.02485
M204 S10000
G1 E-.8 F1800
G1 X58.438 Y47.009 Z21 F7200
G1 Z20.6
G1 E.8 F1800
M204 S500
;TYPE:Internal solid infill
G1 F801
G1 X60.265 Y46.446 E.06471
G1 X60.23 Y45.807 E.02164
G1 X58.348 Y45.696 E.0638
G1 X58.361 Y46.197 E.01694
G1 X58.435 Y46.969 E.02626
M204 S10000
G1 X58.77 Y46.512 F7200
M204 S500
;WIDTH:0.390667
G1 F801
G1 X59.867 Y46.174 E.03318
G1 X58.736 Y46.097 E.03277
G1 X58.767 Y46.472 E.01086
; stop printing object magic-spinning-top.stl id:730144440329 copy 0
;LAYER_CHANGE
;Z:20.8
;HEIGHT:0.199999
G92 E0
;_SET_FAN_SPEED_CHANGING_LAYER
; printing object magic-spinning-top.stl id:730144440329 copy 0
M204 S10000
G1 E-.8 F1800
G1 X62.399 Y51.615 Z21.2 F7200
G1 Z20.8
G1 E.8 F1800
M204 S1500
;TYPE:Inner wall
;WIDTH:0.449999
G1 F801
G1 X62.724 Y52.119 E.02031
G1 X63.151 Y52.694 E.02422
G1 X61.136 Y54.484 E.09123
G1 X60.557 Y53.724 E.03234
G1 X60.111 Y53.053 E.02727
G1 X59.845 Y52.602 E.01773
G1 X62.362 Y51.63 E.09134
M204 S500
G1 X62.577 Y51.087 F7200
;TYPE:Outer wall
G1 F801
G1 X63.071 Y51.867 E.03126
G1 X63.423 Y52.352 E.02028
G1 X63.745 Y52.739 E.01704
G1 X61.091 Y55.097 E.12019
G1 X60.693 Y54.622 E.02097
G1 X60.121 Y53.844 E.03269
G1 X59.736 Y53.261 E.02365
G1 X59.246 Y52.374 E.03431
G1 X62.539 Y51.102 E.11951
M204 S10000
G1 E-.8 F1800
G1 X60.439 Y52.809 Z21.2 F7200
G1 Z20.8
G1 E.8 F1800
M204 S500
;TYPE:Internal solid infill
G1 F801
G1 X60.818 Y53.381 E.02323
G1 X61.19 Y53.891 E.02138
G1 X62.602 Y52.637 E.06394
G1 X62.239 Y52.113 E.02157
G1 X60.477 Y52.794 E.06394
M204 S10000
G1 X61.214 Y52.914 F7200
M204 S500
;WIDTH:0.39096
G1 F801
G1 X61.012 Y52.992 E.00627
G1 X61.246 Y53.336 E.01205
G1 X62.097 Y52.577 E.033
G1 X61.252 Y52.9 E.02618
M204 S10000
G1 E-.8 F1800
G1 X60.707 Y46.735 Z21.2 F7200
G1 Z20.8
G1 E.8 F1800
M204 S1500
;TYPE:Inner wall
;WIDTH:0.449999
G1 F801
G1 X58.09 Y47.542 E.09271
G1 X58.019 Y47.011 E.01812
G1 X57.954 Y46.196 E.0277
G1 X57.939 Y45.264 E.03153
G1 X60.629 Y45.423 E.09123
G1 X60.65 Y46.138 E.02422
G1 X60.704 Y46.696 E.01895
M204 S500
G1 X61.174 Y47.04 F7200
;TYPE:Outer wall
G1 F801
G1 X57.761 Y48.092 E.12089
G1 X57.691 Y47.794 E.01036
G1 X57.594 Y47.069 E.02475
G1 X57.526 Y46.243 E.02807
G1 X57.505 Y45.414 E.02805
G1 X57.524 Y44.811 E.02043
G1 X61.069 Y45.02 E.12019
G1 X61.055 Y45.535 E.01744
G1 X61.085 Y46.271 E.02494
G1 X61.17 Y47 E.02485
M204 S10000
G1 E-.8 F1800
G1 X58.438 Y47.009 Z21.2 F7200
G1 Z20.8
G1 E.8 F1800
M204 S500
;TYPE:Internal solid infill
G1 F801
G1 X60.265 Y46.446 E.06471
G1 X60.23 Y45.807 E.02164
G1 X58.348 Y45.696 E.0638
G1 X58.361 Y46.197 E.01694
G1 X58.435 Y46.969 E.02626
M204 S10000
G1 X58.77 Y46.512 F7200
M204 S500
;WIDTH:0.390667
G1 F801
G1 X59.867 Y46.174 E.03318
G1 X58.736 Y46.097 E.03277
G1 X58.767 Y46.472 E.01086
; stop printing object magic-spinning-top.stl id:730144440329 copy 0
;LAYER_CHANGE
;Z:21
;HEIGHT:0.200001
G92 E0
;_SET_FAN_SPEED_CHANGING_LAYER
; printing object magic-spinning-top.stl id:730144440329 copy 0
M204 S10000
G1 E-.8 F1800
G1 X62.399 Y51.615 Z21.4 F7200
G1 Z21
G1 E.8 F1800
M204 S1500
;TYPE:Inner wall
;WIDTH:0.449999
G1 F801
G1 X62.724 Y52.119 E.02031
G1 X63.151 Y52.694 E.02422
G1 X61.136 Y54.484 E.09124
G1 X60.557 Y53.724 E.03234
G1 X60.111 Y53.053 E.02727
G1 X59.845 Y52.602 E.01773
G1 X62.362 Y51.63 E.09134
M204 S500
G1 X62.577 Y51.087 F7200
;TYPE:Outer wall
G1 F801
G1 X63.071 Y51.867 E.03126
G1 X63.423 Y52.352 E.02028
G1 X63.745 Y52.739 E.01704
G1 X61.091 Y55.097 E.12019
G1 X60.693 Y54.622 E.02097
G1 X60.121 Y53.844 E.03269
G1 X59.736 Y53.261 E.02365
G1 X59.246 Y52.374 E.03431
G1 X62.539 Y51.102 E.11951
M204 S10000
G1 E-.8 F1800
G1 X60.439 Y52.809 Z21.4 F7200
G1 Z21
G1 E.8 F1800
M204 S500
;TYPE:Internal solid infill
G1 F801
G1 X60.818 Y53.381 E.02323
G1 X61.19 Y53.891 E.02138
G1 X62.602 Y52.637 E.06394
G1 X62.239 Y52.113 E.02157
G1 X60.477 Y52.794 E.06394
M204 S10000
G1 X61.214 Y52.914 F7200
M204 S500
;WIDTH:0.39096
G1 F801
G1 X61.012 Y52.992 E.00627
G1 X61.246 Y53.336 E.01205
G1 X62.097 Y52.577 E.033
G1 X61.252 Y52.9 E.02618
M204 S10000
G1 E-.8 F1800
G1 X60.707 Y46.735 Z21.4 F7200
G1 Z21
G1 E.8 F1800
M204 S1500
;TYPE:Inner wall
;WIDTH:0.449999
G1 F801
G1 X58.09 Y47.542 E.09271
G1 X58.019 Y47.011 E.01812
G1 X57.954 Y46.196 E.0277
G1 X57.939 Y45.264 E.03153
G1 X60.629 Y45.423 E.09123
G1 X60.65 Y46.138 E.02422
G1 X60.704 Y46.696 E.01895
M204 S500
G1 X61.174 Y47.04 F7200
;TYPE:Outer wall
G1 F801
G1 X57.761 Y48.092 E.12089
G1 X57.691 Y47.794 E.01036
M73 P71 R6
G1 X57.594 Y47.069 E.02475
G1 X57.526 Y46.243 E.02807
G1 X57.505 Y45.414 E.02805
G1 X57.524 Y44.811 E.02043
G1 X61.069 Y45.02 E.12019
G1 X61.055 Y45.535 E.01744
G1 X61.085 Y46.271 E.02494
G1 X61.17 Y47 E.02485
M204 S10000
G1 E-.8 F1800
G1 X58.438 Y47.009 Z21.4 F7200
G1 Z21
G1 E.8 F1800
M204 S500
;TYPE:Internal solid infill
G1 F801
G1 X60.265 Y46.446 E.06471
G1 X60.23 Y45.807 E.02164
G1 X58.348 Y45.696 E.0638
G1 X58.361 Y46.197 E.01694
G1 X58.435 Y46.969 E.02626
M204 S10000
G1 X58.77 Y46.512 F7200
M204 S500
;WIDTH:0.390667
G1 F801
G1 X59.867 Y46.174 E.03318
G1 X58.736 Y46.097 E.03277
G1 X58.767 Y46.472 E.01086
; stop printing object magic-spinning-top.stl id:730144440329 copy 0
;LAYER_CHANGE
;Z:21.2
;HEIGHT:0.200001
G92 E0
;_SET_FAN_SPEED_CHANGING_LAYER
; printing object magic-spinning-top.stl id:730144440329 copy 0
M204 S10000
G1 E-.8 F1800
G1 X62.399 Y51.615 Z21.6 F7200
G1 Z21.2
G1 E.8 F1800
M204 S1500
;TYPE:Inner wall
;WIDTH:0.449999
G1 F801
G1 X62.724 Y52.119 E.02031
G1 X63.151 Y52.694 E.02422
G1 X61.136 Y54.484 E.09124
G1 X60.557 Y53.724 E.03234
G1 X60.111 Y53.053 E.02727
G1 X59.845 Y52.602 E.01773
G1 X62.362 Y51.63 E.09134
M204 S500
G1 X62.577 Y51.087 F7200
;TYPE:Outer wall
G1 F801
G1 X63.071 Y51.867 E.03126
G1 X63.423 Y52.352 E.02028
G1 X63.745 Y52.739 E.01704
G1 X61.091 Y55.097 E.12019
G1 X60.693 Y54.622 E.02097
G1 X60.121 Y53.844 E.03269
G1 X59.736 Y53.261 E.02365
G1 X59.246 Y52.374 E.03431
G1 X62.539 Y51.102 E.11951
M204 S10000
G1 E-.8 F1800
G1 X60.439 Y52.809 Z21.6 F7200
G1 Z21.2
G1 E.8 F1800
M204 S500
;TYPE:Internal solid infill
G1 F801
G1 X60.818 Y53.381 E.02323
G1 X61.19 Y53.891 E.02138
G1 X62.602 Y52.637 E.06394
G1 X62.239 Y52.113 E.02157
G1 X60.477 Y52.794 E.06394
M204 S10000
G1 X61.214 Y52.914 F7200
M204 S500
;WIDTH:0.39096
G1 F801
G1 X61.012 Y52.992 E.00627
G1 X61.246 Y53.336 E.01205
G1 X62.097 Y52.577 E.033
G1 X61.252 Y52.9 E.02618
M204 S10000
G1 E-.8 F1800
G1 X60.707 Y46.735 Z21.6 F7200
G1 Z21.2
G1 E.8 F1800
M204 S1500
;TYPE:Inner wall
;WIDTH:0.449999
G1 F801
G1 X58.09 Y47.542 E.09271
G1 X58.019 Y47.011 E.01812
G1 X57.954 Y46.196 E.0277
G1 X57.939 Y45.264 E.03153
G1 X60.629 Y45.423 E.09123
G1 X60.65 Y46.138 E.02422
G1 X60.704 Y46.696 E.01895
M204 S500
G1 X61.174 Y47.04 F7200
;TYPE:Outer wall
G1 F801
G1 X57.761 Y48.092 E.12089
G1 X57.691 Y47.794 E.01036
G1 X57.594 Y47.069 E.02475
G1 X57.526 Y46.243 E.02807
G1 X57.505 Y45.414 E.02805
G1 X57.524 Y44.811 E.02043
G1 X61.069 Y45.02 E.12019
G1 X61.055 Y45.535 E.01744
G1 X61.085 Y46.271 E.02494
G1 X61.17 Y47 E.02485
M204 S10000
G1 E-.8 F1800
G1 X58.438 Y47.009 Z21.6 F7200
G1 Z21.2
G1 E.8 F1800
M204 S500
;TYPE:Internal solid infill
G1 F801
G1 X60.265 Y46.446 E.06471
G1 X60.23 Y45.807 E.02164
G1 X58.348 Y45.696 E.0638
G1 X58.361 Y46.197 E.01694
G1 X58.435 Y46.969 E.02626
M204 S10000
G1 X58.77 Y46.512 F7200
M204 S500
;WIDTH:0.390666
G1 F801
G1 X59.867 Y46.174 E.03318
G1 X58.736 Y46.097 E.03277
G1 X58.767 Y46.472 E.01086
; stop printing object magic-spinning-top.stl id:730144440329 copy 0
;LAYER_CHANGE
;Z:21.4
;HEIGHT:0.199999
G92 E0
;_SET_FAN_SPEED_CHANGING_LAYER
; printing object magic-spinning-top.stl id:730144440329 copy 0
M204 S10000
G1 E-.8 F1800
G1 X62.399 Y51.615 Z21.8 F7200
G1 Z21.4
G1 E.8 F1800
M204 S1500
;TYPE:Inner wall
;WIDTH:0.449999
G1 F801
G1 X62.724 Y52.119 E.02031
G1 X63.151 Y52.694 E.02422
G1 X61.136 Y54.484 E.09124
G1 X60.557 Y53.724 E.03234
G1 X60.111 Y53.053 E.02727
G1 X59.845 Y52.602 E.01773
G1 X62.362 Y51.63 E.09134
M204 S500
G1 X62.577 Y51.087 F7200
;TYPE:Outer wall
G1 F801
G1 X63.071 Y51.867 E.03126
G1 X63.423 Y52.352 E.02028
G1 X63.745 Y52.739 E.01704
G1 X61.091 Y55.097 E.12019
G1 X60.693 Y54.622 E.02098
G1 X60.121 Y53.844 E.03269
G1 X59.736 Y53.261 E.02365
G1 X59.246 Y52.374 E.03431
G1 X62.539 Y51.102 E.11951
M204 S10000
G1 E-.8 F1800
G1 X60.439 Y52.809 Z21.8 F7200
G1 Z21.4
G1 E.8 F1800
M204 S500
;TYPE:Internal solid infill
G1 F801
G1 X60.818 Y53.381 E.02323
G1 X61.19 Y53.891 E.02138
G1 X62.602 Y52.637 E.06394
G1 X62.239 Y52.113 E.02157
G1 X60.477 Y52.794 E.06394
M204 S10000
G1 X61.214 Y52.914 F7200
M204 S500
;WIDTH:0.390959
G1 F801
G1 X61.012 Y52.992 E.00627
G1 X61.246 Y53.336 E.01205
G1 X62.097 Y52.577 E.033
G1 X61.252 Y52.9 E.02618
M204 S10000
G1 E-.8 F1800
G1 X60.707 Y46.735 Z21.8 F7200
G1 Z21.4
G1 E.8 F1800
M204 S1500
;TYPE:Inner wall
;WIDTH:0.449999
G1 F801
G1 X58.09 Y47.542 E.09271
G1 X58.019 Y47.011 E.01812
G1 X57.954 Y46.196 E.0277
G1 X57.939 Y45.264 E.03153
G1 X60.629 Y45.423 E.09123
G1 X60.65 Y46.138 E.02422
G1 X60.704 Y46.696 E.01895
M204 S500
G1 X61.174 Y47.04 F7200
;TYPE:Outer wall
G1 F801
G1 X57.761 Y48.092 E.12089
G1 X57.691 Y47.794 E.01036
G1 X57.594 Y47.069 E.02475
G1 X57.526 Y46.243 E.02807
G1 X57.505 Y45.414 E.02805
G1 X57.524 Y44.811 E.02043
G1 X61.069 Y45.02 E.12019
G1 X61.055 Y45.535 E.01744
G1 X61.085 Y46.271 E.02494
G1 X61.17 Y47 E.02485
M204 S10000
G1 E-.8 F1800
G1 X58.438 Y47.009 Z21.8 F7200
G1 Z21.4
G1 E.8 F1800
M204 S500
;TYPE:Internal solid infill
G1 F801
G1 X60.265 Y46.446 E.06471
G1 X60.23 Y45.807 E.02164
G1 X58.348 Y45.696 E.0638
G1 X58.361 Y46.197 E.01694
G1 X58.435 Y46.969 E.02626
M204 S10000
G1 X58.77 Y46.512 F7200
M204 S500
;WIDTH:0.390667
G1 F801
G1 X59.867 Y46.174 E.03318
G1 X58.736 Y46.097 E.03277
M73 P72 R6
G1 X58.767 Y46.472 E.01086
; stop printing object magic-spinning-top.stl id:730144440329 copy 0
;LAYER_CHANGE
;Z:21.6
;HEIGHT:0.200001
G92 E0
;_SET_FAN_SPEED_CHANGING_LAYER
; printing object magic-spinning-top.stl id:730144440329 copy 0
M204 S10000
G1 E-.8 F1800
G1 X62.399 Y51.615 Z22 F7200
G1 Z21.6
G1 E.8 F1800
M204 S1500
;TYPE:Inner wall
;WIDTH:0.449999
G1 F801
G1 X62.724 Y52.119 E.02031
G1 X63.151 Y52.694 E.02422
G1 X61.136 Y54.484 E.09123
G1 X60.557 Y53.724 E.03234
G1 X60.111 Y53.053 E.02727
G1 X59.845 Y52.602 E.01773
G1 X62.362 Y51.63 E.09134
M204 S500
G1 X62.577 Y51.087 F7200
;TYPE:Outer wall
G1 F801
G1 X63.071 Y51.867 E.03126
G1 X63.423 Y52.352 E.02028
G1 X63.745 Y52.739 E.01704
G1 X61.091 Y55.097 E.12019
G1 X60.693 Y54.622 E.02097
G1 X60.121 Y53.844 E.03269
G1 X59.736 Y53.261 E.02365
G1 X59.246 Y52.374 E.03431
G1 X62.539 Y51.102 E.11951
M204 S10000
G1 E-.8 F1800
G1 X60.439 Y52.809 Z22 F7200
G1 Z21.6
G1 E.8 F1800
M204 S500
;TYPE:Internal solid infill
G1 F801
G1 X60.818 Y53.381 E.02323
G1 X61.19 Y53.891 E.02138
G1 X62.602 Y52.637 E.06394
G1 X62.239 Y52.113 E.02157
G1 X60.477 Y52.794 E.06394
M204 S10000
G1 X61.214 Y52.914 F7200
M204 S500
;WIDTH:0.390958
G1 F801
G1 X61.012 Y52.992 E.00627
G1 X61.246 Y53.336 E.01205
G1 X62.097 Y52.577 E.033
G1 X61.252 Y52.9 E.02618
M204 S10000
G1 E-.8 F1800
G1 X60.707 Y46.735 Z22 F7200
G1 Z21.6
G1 E.8 F1800
M204 S1500
;TYPE:Inner wall
;WIDTH:0.449999
G1 F801
G1 X58.09 Y47.542 E.09271
G1 X58.019 Y47.011 E.01812
G1 X57.954 Y46.196 E.0277
G1 X57.939 Y45.264 E.03153
G1 X60.629 Y45.423 E.09123
G1 X60.65 Y46.138 E.02422
G1 X60.704 Y46.696 E.01895
M204 S500
G1 X61.174 Y47.04 F7200
;TYPE:Outer wall
G1 F801
G1 X57.761 Y48.092 E.12089
G1 X57.691 Y47.794 E.01036
G1 X57.594 Y47.069 E.02475
G1 X57.526 Y46.243 E.02807
G1 X57.505 Y45.414 E.02805
G1 X57.524 Y44.811 E.02043
G1 X61.069 Y45.02 E.12019
G1 X61.055 Y45.535 E.01744
G1 X61.085 Y46.271 E.02494
G1 X61.17 Y47 E.02485
M204 S10000
G1 E-.8 F1800
G1 X58.438 Y47.009 Z22 F7200
G1 Z21.6
G1 E.8 F1800
M204 S500
;TYPE:Internal solid infill
G1 F801
G1 X60.265 Y46.446 E.06471
G1 X60.23 Y45.807 E.02164
G1 X58.348 Y45.696 E.0638
G1 X58.361 Y46.197 E.01694
G1 X58.435 Y46.969 E.02626
M204 S10000
G1 X58.77 Y46.512 F7200
M204 S500
;WIDTH:0.390667
G1 F801
G1 X59.867 Y46.174 E.03318
G1 X58.736 Y46.097 E.03277
G1 X58.767 Y46.472 E.01086
; stop printing object magic-spinning-top.stl id:730144440329 copy 0
;LAYER_CHANGE
;Z:21.8
;HEIGHT:0.199999
G92 E0
;_SET_FAN_SPEED_CHANGING_LAYER
; printing object magic-spinning-top.stl id:730144440329 copy 0
M204 S10000
G1 E-.8 F1800
G1 X62.399 Y51.615 Z22.2 F7200
G1 Z21.8
G1 E.8 F1800
M204 S1500
;TYPE:Inner wall
;WIDTH:0.449999
G1 F801
G1 X62.724 Y52.119 E.02031
G1 X63.151 Y52.694 E.02422
G1 X61.136 Y54.484 E.09123
G1 X60.557 Y53.724 E.03234
G1 X60.111 Y53.053 E.02727
G1 X59.845 Y52.602 E.01773
G1 X62.362 Y51.63 E.09134
M73 P72 R5
M204 S500
G1 X62.577 Y51.087 F7200
;TYPE:Outer wall
G1 F801
G1 X63.071 Y51.867 E.03126
G1 X63.423 Y52.352 E.02028
G1 X63.745 Y52.739 E.01704
G1 X61.091 Y55.097 E.12019
G1 X60.693 Y54.622 E.02097
G1 X60.121 Y53.844 E.03269
G1 X59.736 Y53.261 E.02365
G1 X59.246 Y52.374 E.03431
G1 X62.539 Y51.102 E.11951
M204 S10000
G1 E-.8 F1800
G1 X60.439 Y52.809 Z22.2 F7200
G1 Z21.8
G1 E.8 F1800
M204 S500
;TYPE:Internal solid infill
G1 F801
G1 X60.818 Y53.381 E.02323
G1 X61.19 Y53.891 E.02138
G1 X62.602 Y52.637 E.06394
G1 X62.239 Y52.113 E.02157
G1 X60.477 Y52.794 E.06394
M204 S10000
G1 X61.214 Y52.914 F7200
M204 S500
;WIDTH:0.390958
G1 F801
G1 X61.012 Y52.992 E.00627
G1 X61.246 Y53.336 E.01205
G1 X62.097 Y52.577 E.033
G1 X61.252 Y52.9 E.02618
M204 S10000
G1 E-.8 F1800
G1 X60.707 Y46.735 Z22.2 F7200
G1 Z21.8
G1 E.8 F1800
M204 S1500
;TYPE:Inner wall
;WIDTH:0.449999
G1 F801
G1 X58.09 Y47.542 E.09271
G1 X58.019 Y47.011 E.01812
G1 X57.954 Y46.196 E.0277
G1 X57.939 Y45.264 E.03153
G1 X60.629 Y45.423 E.09123
G1 X60.65 Y46.138 E.02422
G1 X60.704 Y46.696 E.01895
M204 S500
G1 X61.174 Y47.04 F7200
;TYPE:Outer wall
G1 F801
G1 X57.761 Y48.092 E.12089
G1 X57.691 Y47.794 E.01036
G1 X57.594 Y47.069 E.02475
G1 X57.526 Y46.243 E.02807
G1 X57.505 Y45.414 E.02805
G1 X57.524 Y44.811 E.02043
G1 X61.069 Y45.02 E.12019
G1 X61.055 Y45.535 E.01744
G1 X61.085 Y46.271 E.02494
G1 X61.17 Y47 E.02485
M204 S10000
G1 E-.8 F1800
G1 X58.438 Y47.009 Z22.2 F7200
G1 Z21.8
G1 E.8 F1800
M204 S500
;TYPE:Internal solid infill
G1 F801
G1 X60.265 Y46.446 E.06471
G1 X60.23 Y45.807 E.02164
G1 X58.348 Y45.696 E.0638
G1 X58.361 Y46.197 E.01694
G1 X58.435 Y46.969 E.02626
M204 S10000
G1 X58.77 Y46.512 F7200
M204 S500
;WIDTH:0.390667
G1 F801
G1 X59.867 Y46.174 E.03318
G1 X58.736 Y46.097 E.03277
G1 X58.767 Y46.472 E.01086
; stop printing object magic-spinning-top.stl id:730144440329 copy 0
;LAYER_CHANGE
;Z:22
;HEIGHT:0.200001
G92 E0
;_SET_FAN_SPEED_CHANGING_LAYER
; printing object magic-spinning-top.stl id:730144440329 copy 0
M204 S10000
G1 E-.8 F1800
G1 X62.399 Y51.615 Z22.4 F7200
G1 Z22
G1 E.8 F1800
M204 S1500
;TYPE:Inner wall
;WIDTH:0.449999
G1 F801
G1 X62.724 Y52.119 E.02031
G1 X63.151 Y52.694 E.02422
G1 X61.136 Y54.484 E.09123
G1 X60.557 Y53.724 E.03234
G1 X60.111 Y53.053 E.02727
G1 X59.845 Y52.602 E.01773
G1 X62.362 Y51.63 E.09133
M204 S500
G1 X62.576 Y51.087 F7200
;TYPE:Outer wall
G1 F801
G1 X63.071 Y51.867 E.03127
G1 X63.423 Y52.352 E.02028
G1 X63.745 Y52.739 E.01704
G1 X61.091 Y55.097 E.12019
G1 X60.693 Y54.622 E.02097
M73 P73 R5
G1 X60.121 Y53.844 E.03269
G1 X59.736 Y53.261 E.02365
G1 X59.246 Y52.374 E.03431
G1 X62.539 Y51.102 E.1195
M204 S10000
G1 E-.8 F1800
G1 X60.439 Y52.809 Z22.4 F7200
G1 Z22
G1 E.8 F1800
M204 S500
;TYPE:Internal solid infill
G1 F801
G1 X60.818 Y53.381 E.02323
G1 X61.19 Y53.891 E.02138
G1 X62.602 Y52.637 E.06393
G1 X62.239 Y52.113 E.02157
G1 X60.477 Y52.794 E.06394
M204 S10000
G1 X61.214 Y52.914 F7200
M204 S500
;WIDTH:0.390959
G1 F801
G1 X61.012 Y52.992 E.00627
G1 X61.246 Y53.336 E.01205
G1 X62.097 Y52.577 E.033
G1 X61.252 Y52.9 E.02618
M204 S10000
G1 E-.8 F1800
G1 X60.707 Y46.735 Z22.4 F7200
G1 Z22
G1 E.8 F1800
M204 S1500
;TYPE:Inner wall
;WIDTH:0.449999
G1 F801
G1 X58.09 Y47.542 E.09271
G1 X58.019 Y47.011 E.01812
G1 X57.954 Y46.196 E.0277
G1 X57.939 Y45.264 E.03153
G1 X60.629 Y45.423 E.09123
G1 X60.65 Y46.138 E.02422
G1 X60.704 Y46.696 E.01895
M204 S500
G1 X61.174 Y47.04 F7200
;TYPE:Outer wall
G1 F801
G1 X57.761 Y48.092 E.12089
G1 X57.691 Y47.794 E.01036
G1 X57.594 Y47.069 E.02475
G1 X57.526 Y46.243 E.02807
G1 X57.505 Y45.414 E.02805
G1 X57.524 Y44.811 E.02043
G1 X61.069 Y45.02 E.12019
G1 X61.055 Y45.535 E.01744
G1 X61.085 Y46.271 E.02494
G1 X61.17 Y47 E.02485
M204 S10000
G1 E-.8 F1800
G1 X58.438 Y47.009 Z22.4 F7200
G1 Z22
G1 E.8 F1800
M204 S500
;TYPE:Internal solid infill
G1 F801
G1 X60.265 Y46.446 E.06471
G1 X60.23 Y45.807 E.02164
G1 X58.348 Y45.696 E.0638
G1 X58.361 Y46.197 E.01694
G1 X58.435 Y46.969 E.02626
M204 S10000
G1 X58.77 Y46.512 F7200
M204 S500
;WIDTH:0.390667
G1 F801
G1 X59.867 Y46.174 E.03318
G1 X58.736 Y46.097 E.03277
G1 X58.767 Y46.472 E.01086
; stop printing object magic-spinning-top.stl id:730144440329 copy 0
;LAYER_CHANGE
;Z:22.2
;HEIGHT:0.200001
G92 E0
;_SET_FAN_SPEED_CHANGING_LAYER
; printing object magic-spinning-top.stl id:730144440329 copy 0
M204 S10000
G1 E-.8 F1800
G1 X62.399 Y51.615 Z22.6 F7200
G1 Z22.2
G1 E.8 F1800
M204 S1500
;TYPE:Inner wall
;WIDTH:0.449999
G1 F801
G1 X62.724 Y52.119 E.02031
G1 X63.151 Y52.694 E.02422
G1 X61.136 Y54.484 E.09124
G1 X60.557 Y53.724 E.03234
G1 X60.111 Y53.053 E.02727
G1 X59.845 Y52.602 E.01773
G1 X62.362 Y51.63 E.09134
M204 S500
G1 X62.577 Y51.087 F7200
;TYPE:Outer wall
G1 F801
G1 X63.071 Y51.867 E.03126
G1 X63.423 Y52.352 E.02028
G1 X63.745 Y52.739 E.01704
G1 X61.091 Y55.097 E.12019
G1 X60.693 Y54.622 E.02098
G1 X60.121 Y53.844 E.03269
G1 X59.736 Y53.261 E.02365
G1 X59.246 Y52.374 E.03431
G1 X62.539 Y51.101 E.11951
M204 S10000
G1 E-.8 F1800
G1 X60.439 Y52.809 Z22.6 F7200
G1 Z22.2
G1 E.8 F1800
M204 S500
;TYPE:Internal solid infill
G1 F801
G1 X60.818 Y53.381 E.02323
G1 X61.19 Y53.891 E.02138
G1 X62.602 Y52.637 E.06394
G1 X62.239 Y52.113 E.02157
G1 X60.477 Y52.794 E.06394
M204 S10000
G1 X61.214 Y52.914 F7200
M204 S500
;WIDTH:0.39096
G1 F801
G1 X61.012 Y52.992 E.00627
G1 X61.246 Y53.336 E.01205
G1 X62.097 Y52.577 E.033
G1 X61.252 Y52.9 E.02618
M204 S10000
G1 E-.8 F1800
G1 X60.707 Y46.735 Z22.6 F7200
G1 Z22.2
G1 E.8 F1800
M204 S1500
;TYPE:Inner wall
;WIDTH:0.449999
G1 F801
G1 X58.09 Y47.542 E.09271
G1 X58.019 Y47.011 E.01812
G1 X57.954 Y46.196 E.0277
G1 X57.939 Y45.264 E.03153
G1 X60.629 Y45.423 E.09123
G1 X60.65 Y46.138 E.02422
G1 X60.704 Y46.696 E.01895
M204 S500
G1 X61.174 Y47.04 F7200
;TYPE:Outer wall
G1 F801
G1 X57.761 Y48.092 E.12089
G1 X57.691 Y47.794 E.01036
G1 X57.594 Y47.069 E.02475
G1 X57.526 Y46.243 E.02807
G1 X57.505 Y45.414 E.02805
G1 X57.524 Y44.811 E.02043
G1 X61.069 Y45.02 E.12019
G1 X61.055 Y45.535 E.01744
G1 X61.085 Y46.271 E.02494
G1 X61.17 Y47 E.02485
M204 S10000
G1 E-.8 F1800
G1 X58.438 Y47.009 Z22.6 F7200
G1 Z22.2
G1 E.8 F1800
M204 S500
;TYPE:Internal solid infill
G1 F801
G1 X60.265 Y46.446 E.06471
G1 X60.23 Y45.807 E.02164
G1 X58.348 Y45.696 E.0638
G1 X58.361 Y46.197 E.01694
G1 X58.435 Y46.969 E.02626
M204 S10000
G1 X58.77 Y46.512 F7200
M204 S500
;WIDTH:0.390667
G1 F801
G1 X59.867 Y46.174 E.03318
G1 X58.736 Y46.097 E.03277
G1 X58.767 Y46.472 E.01086
; stop printing object magic-spinning-top.stl id:730144440329 copy 0
;LAYER_CHANGE
;Z:22.4
;HEIGHT:0.199999
G92 E0
;_SET_FAN_SPEED_CHANGING_LAYER
; printing object magic-spinning-top.stl id:730144440329 copy 0
M204 S10000
G1 E-.8 F1800
G1 X62.399 Y51.615 Z22.8 F7200
G1 Z22.4
G1 E.8 F1800
M204 S1500
;TYPE:Inner wall
;WIDTH:0.449999
G1 F801
G1 X62.724 Y52.119 E.0203
G1 X63.151 Y52.694 E.02422
G1 X61.136 Y54.484 E.09123
G1 X60.557 Y53.724 E.03234
G1 X60.111 Y53.053 E.02727
G1 X59.845 Y52.602 E.01773
G1 X62.362 Y51.629 E.09135
M204 S500
G1 X62.577 Y51.087 F7200
;TYPE:Outer wall
G1 F801
G1 X63.071 Y51.867 E.03126
G1 X63.423 Y52.352 E.02028
G1 X63.745 Y52.739 E.01704
G1 X61.091 Y55.097 E.12019
G1 X60.693 Y54.622 E.02097
G1 X60.121 Y53.844 E.03269
G1 X59.736 Y53.261 E.02365
G1 X59.246 Y52.374 E.03431
G1 X62.54 Y51.101 E.11953
M204 S10000
G1 E-.8 F1800
G1 X60.439 Y52.809 Z22.8 F7200
G1 Z22.4
G1 E.8 F1800
M204 S500
;TYPE:Internal solid infill
G1 F801
G1 X60.818 Y53.381 E.02323
G1 X61.19 Y53.891 E.02138
G1 X62.602 Y52.637 E.06394
G1 X62.239 Y52.113 E.02156
G1 X60.477 Y52.794 E.06395
M204 S10000
G1 X61.214 Y52.914 F7200
M204 S500
;WIDTH:0.390959
G1 F801
G1 X61.012 Y52.992 E.00627
G1 X61.246 Y53.336 E.01205
G1 X62.097 Y52.576 E.03301
G1 X61.252 Y52.9 E.02618
M204 S10000
G1 E-.8 F1800
G1 X60.707 Y46.735 Z22.8 F7200
G1 Z22.4
M73 P74 R5
G1 E.8 F1800
M204 S1500
;TYPE:Inner wall
;WIDTH:0.449999
G1 F801
G1 X58.09 Y47.542 E.09271
G1 X58.019 Y47.011 E.01812
G1 X57.954 Y46.196 E.0277
G1 X57.939 Y45.264 E.03153
G1 X60.629 Y45.423 E.09123
G1 X60.65 Y46.138 E.02422
G1 X60.704 Y46.696 E.01895
M204 S500
G1 X61.174 Y47.04 F7200
;TYPE:Outer wall
G1 F801
G1 X57.761 Y48.092 E.12089
G1 X57.691 Y47.794 E.01036
G1 X57.594 Y47.069 E.02475
G1 X57.526 Y46.243 E.02807
G1 X57.505 Y45.414 E.02805
G1 X57.524 Y44.811 E.02043
G1 X61.069 Y45.02 E.12019
G1 X61.055 Y45.535 E.01744
G1 X61.085 Y46.271 E.02494
G1 X61.17 Y47 E.02485
M204 S10000
G1 E-.8 F1800
G1 X58.438 Y47.009 Z22.8 F7200
G1 Z22.4
G1 E.8 F1800
M204 S500
;TYPE:Internal solid infill
G1 F801
G1 X60.265 Y46.446 E.06471
G1 X60.23 Y45.807 E.02164
G1 X58.348 Y45.696 E.0638
G1 X58.361 Y46.197 E.01694
G1 X58.435 Y46.969 E.02626
M204 S10000
G1 X58.77 Y46.512 F7200
M204 S500
;WIDTH:0.390667
G1 F801
G1 X59.867 Y46.174 E.03318
G1 X58.736 Y46.097 E.03277
G1 X58.767 Y46.472 E.01086
; stop printing object magic-spinning-top.stl id:730144440329 copy 0
;LAYER_CHANGE
;Z:22.6
;HEIGHT:0.200001
G92 E0
;_SET_FAN_SPEED_CHANGING_LAYER
; printing object magic-spinning-top.stl id:730144440329 copy 0
M204 S10000
G1 X60.702 Y46.717 Z22.6 F7200
M204 S1500
;TYPE:Inner wall
;WIDTH:0.449999
G1 F1220
G1 X60.703 Y46.737 E.00066
G1 X60.833 Y47.59 E.02922
M204 S250
;TYPE:Overhang wall
M106 S255
G1 X60.905 Y47.987 E.01365
G1 X61.071 Y48.644 E.02295
G1 X61.276 Y49.29 E.02295
G1 X61.517 Y49.924 E.02295
G1 X61.799 Y50.548 E.02318
G1 X61.969 Y50.866 E.01222
M204 S1500
;TYPE:Inner wall
M106 S252
G1 X62.236 Y51.365 E.01916
G1 X62.645 Y52.01 E.02582
G1 X63.151 Y52.694 E.02881
G1 X61.136 Y54.484 E.09124
G1 X60.543 Y53.704 E.03315
G1 X60.093 Y53.022 E.02767
G1 X59.732 Y52.407 E.02414
G1 X59.443 Y51.842 E.02149
M204 S250
;TYPE:Overhang wall
M106 S255
G1 X59.324 Y51.61 E.00883
G1 X58.988 Y50.846 E.02825
G1 X58.697 Y50.064 E.02824
G1 X58.452 Y49.266 E.02824
G1 X58.242 Y48.388 E.03056
M204 S1500
;TYPE:Inner wall
M106 S252
G1 X58.064 Y47.353 E.03555
G1 X58.002 Y46.806 E.01864
G1 X57.954 Y46.196 E.02072
G1 X57.939 Y45.264 E.03153
G1 X60.629 Y45.423 E.09123
G1 X60.7 Y46.677 E.04251
M204 S500
G1 X61.095 Y46.156 F7200
;TYPE:Outer wall
G1 F1220
G1 X61.129 Y46.692 E.01816
G1 X61.245 Y47.463 E.0264
M204 S250
;TYPE:Overhang wall
M106 S255
G1 X61.321 Y47.882 E.01441
G1 X61.48 Y48.515 E.02211
G1 X61.676 Y49.138 E.0221
G1 X61.909 Y49.749 E.0221
G1 X62.177 Y50.346 E.02218
G1 X62.371 Y50.711 E.01399
M204 S500
;TYPE:Outer wall
M106 S252
G1 X62.599 Y51.137 E.01634
G1 X62.991 Y51.758 E.02487
G1 X63.423 Y52.352 E.02486
G1 X63.745 Y52.739 E.01704
G1 X61.091 Y55.097 E.12019
G1 X60.703 Y54.635 E.02043
G1 X60.206 Y53.972 E.02805
G1 X59.748 Y53.281 E.02806
G1 X59.374 Y52.648 E.02489
G1 X59.037 Y51.999 E.02474
M204 S250
;TYPE:Overhang wall
M106 S255
G1 X58.626 Y51.1 E.03347
G1 X58.321 Y50.296 E.02909
G1 X58.063 Y49.476 E.02909
G1 X57.829 Y48.516 E.03347
M204 S500
;TYPE:Outer wall
M106 S252
G1 X57.692 Y47.798 E.02474
G1 X57.594 Y47.069 E.02489
G1 X57.526 Y46.243 E.02807
G1 X57.505 Y45.414 E.02805
G1 X57.524 Y44.811 E.02043
G1 X61.069 Y45.02 E.12019
G1 X61.055 Y45.535 E.01744
G1 X61.093 Y46.117 E.01973
M204 S10000
G1 E-.8 F1800
G1 X58.435 Y46.984 Z23 F7200
G1 Z22.6
G1 E.8 F1800
M204 S500
;TYPE:Internal solid infill
G1 F1220
G1 X60.255 Y46.423 E.06446
G1 X60.23 Y45.807 E.02087
G1 X58.348 Y45.696 E.06381
G1 X58.361 Y46.197 E.01694
G1 X58.432 Y46.944 E.02542
M204 S10000
G1 X58.763 Y46.494 F7200
M204 S500
;WIDTH:0.380271
G1 F1220
G1 X59.852 Y46.158 E.03198
G1 X58.731 Y46.092 E.03152
G1 X58.76 Y46.454 E.01019
M204 S10000
G1 X58.48 Y47.205 F7200
M204 S250
;TYPE:Bridge
;WIDTH:0.45
G1 F1220
M106 S255
G1 X60.098 Y52.351 E.18262
G1 X60.184 Y52.497 E.00573
G1 X60.529 Y52.364 E.01251
G1 X58.924 Y47.259 E.18112
G1 X59.313 Y47.14 E.01378
G1 X60.909 Y52.217 E.18015
G1 X61.29 Y52.07 E.01381
G1 X59.702 Y47.02 E.17919
G1 X60.091 Y46.9 E.01378
G1 X61.67 Y51.923 E.17823
G1 X62.051 Y51.776 E.01381
G1 X61.735 Y50.772 E.0356
M204 S10000
G1 E-.8 F1800
G1 X60.452 Y52.83 Z23 F7200
G1 Z22.6
G1 E.8 F1800
M204 S500
;TYPE:Internal solid infill
;WIDTH:0.449999
G1 F1220
M106 S252
G1 X60.824 Y53.391 E.0228
G1 X61.19 Y53.891 E.02097
G1 X62.599 Y52.639 E.06381
G1 X62.237 Y52.14 E.02087
G1 X60.489 Y52.816 E.06344
M204 S10000
G1 X61.018 Y53.01 F7200
M204 S500
;WIDTH:0.38052
G1 F1220
G1 X61.245 Y53.344 E.01134
G1 X62.085 Y52.598 E.03152
G1 X61.055 Y52.996 E.03098
; stop printing object magic-spinning-top.stl id:730144440329 copy 0
;LAYER_CHANGE
;Z:22.8
;HEIGHT:0.199999
G92 E0
;_SET_FAN_SPEED_CHANGING_LAYER
; printing object magic-spinning-top.stl id:730144440329 copy 0
M204 S10000
G1 E-.8 F1800
G1 X60.629 Y45.423 Z23.2 F7200
G1 Z22.8
G1 E.8 F1800
M204 S1500
;TYPE:Inner wall
;WIDTH:0.449999
G1 F1247
G1 X60.703 Y46.737 E.04453
G1 X60.773 Y47.26 E.01789
G1 X60.904 Y47.983 E.02487
G1 X61.071 Y48.642 E.02301
G1 X61.276 Y49.29 E.023
G1 X61.518 Y49.925 E.023
G1 X61.8 Y50.551 E.02323
G1 X62.236 Y51.365 E.03127
G1 X62.645 Y52.01 E.02582
G1 X63.151 Y52.694 E.02881
G1 X61.136 Y54.484 E.09123
G1 X60.543 Y53.704 E.03315
G1 X60.093 Y53.022 E.02767
G1 X59.739 Y52.42 E.02363
G1 X59.325 Y51.613 E.0307
G1 X58.988 Y50.848 E.02831
G1 X58.697 Y50.064 E.02831
G1 X58.451 Y49.265 E.02831
G1 X58.249 Y48.43 E.02906
G1 X58.064 Y47.353 E.03699
G1 X57.954 Y46.196 E.03936
G1 X57.939 Y45.264 E.03153
G1 X60.589 Y45.421 E.08988
M204 S500
G1 X61.069 Y45.02 F7200
;TYPE:Outer wall
G1 F1247
G1 X61.055 Y45.535 E.01744
G1 X61.11 Y46.511 E.03309
G1 X61.195 Y47.185 E.02299
G1 X61.32 Y47.879 E.02387
G1 X61.48 Y48.514 E.02217
G1 X61.676 Y49.138 E.02216
G1 X61.909 Y49.75 E.02216
G1 X62.178 Y50.349 E.02223
G1 X62.599 Y51.137 E.03022
G1 X62.991 Y51.758 E.02487
G1 X63.423 Y52.352 E.02486
G1 X63.745 Y52.739 E.01704
G1 X61.091 Y55.097 E.12019
G1 X60.703 Y54.635 E.02043
G1 X60.206 Y53.971 E.02805
G1 X59.748 Y53.281 E.02806
G1 X59.381 Y52.66 E.0244
G1 X58.976 Y51.883 E.02966
G1 X58.625 Y51.099 E.02907
G1 X58.321 Y50.296 E.02907
G1 X58.063 Y49.477 E.02907
G1 X57.853 Y48.644 E.02907
G1 X57.69 Y47.783 E.02966
G1 X57.594 Y47.069 E.0244
G1 X57.526 Y46.243 E.02807
G1 X57.505 Y45.414 E.02805
G1 X57.524 Y44.811 E.02043
G1 X61.029 Y45.017 E.11884
M204 S10000
G1 E-.8 F1800
G1 X59.111 Y50.022 Z23.2 F7200
G1 Z22.8
G1 E.8 F1800
M204 S500
;TYPE:Internal solid infill
G1 F1247
G1 X59.398 Y50.78 E.02742
G1 X59.729 Y51.519 E.02741
G1 X60.112 Y52.254 E.02807
G1 X60.456 Y52.837 E.0229
G1 X60.889 Y53.49 E.02652
G1 X61.19 Y53.891 E.01699
G1 X62.599 Y52.639 E.06382
G1 X62.285 Y52.204 E.01816
G1 X61.862 Y51.531 E.02692
G1 X61.416 Y50.692 E.03216
G1 X61.137 Y50.069 E.02311
G1 X60.887 Y49.413 E.02377
G1 X60.676 Y48.743 E.02377
G1 X60.509 Y48.083 E.02304
G1 X60.373 Y47.33 E.02588
G1 X60.299 Y46.776 E.01891
G1 X60.23 Y45.807 E.03288
G1 X58.348 Y45.696 E.06382
G1 X58.361 Y46.198 E.01699
G1 X58.425 Y46.979 E.02652
G1 X58.515 Y47.649 E.0229
G1 X58.67 Y48.464 E.02807
G1 X58.867 Y49.249 E.02741
G1 X59.099 Y49.984 E.02607
M204 S10000
G1 X59.481 Y49.842 F7200
M204 S500
G1 F1247
G1 X59.758 Y50.58 E.02667
G1 X60.068 Y51.28 E.02593
G1 X60.462 Y52.044 E.02909
G1 X60.794 Y52.609 E.02217
G1 X61.251 Y53.293 E.02785
G1 X62.054 Y52.579 E.03637
G1 X61.708 Y52.052 E.02134
M73 P75 R5
G1 X61.409 Y51.546 E.01991
G1 X61.054 Y50.878 E.02559
G1 X60.765 Y50.235 E.02387
G1 X60.507 Y49.557 E.02456
G1 X60.288 Y48.865 E.02458
G1 X60.115 Y48.182 E.02384
G1 X59.972 Y47.403 E.02681
G1 X59.894 Y46.82 E.0199
G1 X59.839 Y46.192 E.02134
G1 X58.766 Y46.129 E.03637
G1 X58.814 Y46.74 E.02076
G1 X58.88 Y47.306 E.01927
G1 X59.06 Y48.336 E.0354
G1 X59.247 Y49.09 E.02632
G1 X59.469 Y49.804 E.0253
M204 S10000
G1 X59.831 Y49.732 F7200
M204 S500
;WIDTH:0.371611
G1 F1247
G1 X60.101 Y50.449 E.02095
G1 X60.404 Y51.13 E.02035
G1 X60.789 Y51.874 E.02289
G1 X61.112 Y52.421 E.01736
G1 X61.321 Y52.738 E.01038
G1 X61.567 Y52.519 E.00899
G1 X61.206 Y51.942 E.0186
G1 X60.732 Y51.055 E.02749
G1 X60.43 Y50.385 E.02009
G1 X60.163 Y49.688 E.02041
G1 X59.937 Y48.975 E.02043
G1 X59.758 Y48.272 E.01983
G1 X59.609 Y47.469 E.02233
G1 X59.494 Y46.541 E.02556
G1 X59.165 Y46.521 E.00899
G1 X59.243 Y47.257 E.02021
G1 X59.421 Y48.267 E.02805
G1 X59.604 Y49.001 E.02065
G1 X59.819 Y49.694 E.01984
; stop printing object magic-spinning-top.stl id:730144440329 copy 0
;LAYER_CHANGE
;Z:23
;HEIGHT:0.200001
G92 E0
;_SET_FAN_SPEED_CHANGING_LAYER
; printing object magic-spinning-top.stl id:730144440329 copy 0
M204 S10000
G1 E-.8 F1800
G1 X60.629 Y45.423 Z23.4 F7200
G1 Z23
G1 E.8 F1800
M204 S1500
;TYPE:Inner wall
;WIDTH:0.449999
G1 F1208
G1 X60.703 Y46.737 E.04453
G1 X60.771 Y47.244 E.01734
G1 X60.91 Y48.008 E.02628
G1 X61.071 Y48.641 E.02209
G1 X61.276 Y49.29 E.02306
G1 X61.519 Y49.927 E.02305
G1 X61.789 Y50.527 E.02228
G1 X62.236 Y51.365 E.03217
G1 X62.645 Y52.01 E.02582
G1 X63.151 Y52.694 E.02881
G1 X61.136 Y54.484 E.09124
G1 X60.543 Y53.704 E.03315
G1 X60.093 Y53.022 E.02767
G1 X59.747 Y52.433 E.02312
G1 X59.315 Y51.589 E.03209
G1 X58.989 Y50.849 E.02737
G1 X58.697 Y50.064 E.02837
G1 X58.451 Y49.264 E.02834
G1 X58.254 Y48.458 E.02809
G1 X58.064 Y47.353 E.03793
G1 X57.954 Y46.196 E.03936
G1 X57.939 Y45.264 E.03153
G1 X60.589 Y45.421 E.08988
M204 S500
G1 X61.069 Y45.02 F7200
;TYPE:Outer wall
G1 F1208
G1 X61.055 Y45.535 E.01744
G1 X61.11 Y46.511 E.03309
G1 X61.192 Y47.168 E.02242
G1 X61.326 Y47.904 E.0253
G1 X61.479 Y48.512 E.02124
G1 X61.676 Y49.138 E.02221
G1 X61.91 Y49.751 E.02221
G1 X62.167 Y50.326 E.0213
G1 X62.599 Y51.136 E.03109
G1 X62.991 Y51.758 E.02487
G1 X63.423 Y52.352 E.02486
G1 X63.745 Y52.739 E.01704
G1 X61.091 Y55.097 E.12019
G1 X60.703 Y54.635 E.02043
G1 X60.206 Y53.972 E.02805
G1 X59.748 Y53.281 E.02806
G1 X59.389 Y52.673 E.0239
G1 X58.976 Y51.882 E.0302
G1 X58.625 Y51.099 E.02904
G1 X58.321 Y50.296 E.02905
G1 X58.063 Y49.478 E.02905
G1 X57.854 Y48.645 E.02904
G1 X57.688 Y47.769 E.0302
G1 X57.594 Y47.069 E.02391
G1 X57.526 Y46.243 E.02807
G1 X57.505 Y45.414 E.02805
G1 X57.524 Y44.811 E.02043
G1 X61.029 Y45.017 E.11884
M204 S10000
G1 E-.8 F1800
G1 X60.466 Y47.839 Z23.4 F7200
G1 Z23
G1 E.8 F1800
M204 S500
;TYPE:Internal solid infill
G1 F1208
G1 X60.34 Y47.15 E.02369
G1 X60.254 Y46.357 E.02702
G1 X60.23 Y45.807 E.01861
G1 X58.348 Y45.696 E.06382
G1 X58.375 Y45.774 E.00278
G1 X58.448 Y45.821 E.00295
G1 X60.438 Y47.811 E.09524
M204 S10000
G1 X59.924 Y46.771 F7200
M204 S500
;WIDTH:0.380216
G1 F1208
G1 X59.873 Y46.159 E.01721
G1 X59.277 Y46.124 E.01672
G1 X59.896 Y46.742 E.02453
M204 S10000
G1 X58.165 Y46.075 F7200
M204 S500
;WIDTH:0.477138
G1 F1208
G1 X60.707 Y48.618 E.12981
G1 X60.992 Y49.516 E.03404
G1 X58.399 Y46.924 E.13238
G1 X58.505 Y47.644 E.02628
G1 X61.425 Y50.563 E.14907
G1 X61.91 Y51.493 E.03787
G1 X62.197 Y51.949 E.01945
G1 X58.662 Y48.415 E.18046
G1 X58.774 Y48.898 E.0179
G1 X58.728 Y48.945 E.00238
G1 X58.778 Y49.145 E.00744
G1 X62.47 Y52.836 E.18849
G1 X62.144 Y53.125 E.0157
G1 X59.049 Y50.029 E.15807
G1 X59.341 Y50.803 E.02985
G1 X59.45 Y51.044 E.00957
G1 X61.819 Y53.414 E.12099
G1 X61.494 Y53.703 E.0157
G1 X59.61 Y51.819 E.09619
; stop printing object magic-spinning-top.stl id:730144440329 copy 0
;LAYER_CHANGE
;Z:23.2
;HEIGHT:0.200001
G92 E0
;_SET_FAN_SPEED_CHANGING_LAYER
; printing object magic-spinning-top.stl id:730144440329 copy 0
M204 S10000
G1 E-.8 F1800
G1 X60.629 Y45.423 Z23.6 F7200
G1 Z23.2
G1 E.8 F1800
M204 S1500
;TYPE:Inner wall
;WIDTH:0.449999
G1 F810
G1 X60.684 Y46.556 E.03838
G1 X60.768 Y47.23 E.02299
G1 X60.913 Y48.019 E.02716
G1 X61.07 Y48.639 E.02166
G1 X61.276 Y49.29 E.02312
G1 X61.519 Y49.928 E.02312
G1 X61.803 Y50.557 E.02333
G1 X62.236 Y51.365 E.03105
G1 X62.645 Y52.01 E.02582
G1 X63.151 Y52.694 E.02881
G1 X61.136 Y54.484 E.09123
G1 X60.543 Y53.704 E.03315
G1 X60.093 Y53.022 E.02767
G1 X59.754 Y52.446 E.02262
G1 X59.328 Y51.62 E.03147
G1 X58.99 Y50.851 E.02844
G1 X58.697 Y50.064 E.02843
G1 X58.451 Y49.262 E.02838
G1 X58.257 Y48.469 E.02765
G1 X58.064 Y47.353 E.03831
G1 X57.954 Y46.196 E.03936
G1 X57.939 Y45.264 E.03153
G1 X60.589 Y45.421 E.08988
M204 S500
G1 X61.069 Y45.02 F7200
;TYPE:Outer wall
G1 F810
G1 X61.055 Y45.535 E.01744
G1 X61.11 Y46.511 E.03309
G1 X61.19 Y47.153 E.0219
G1 X61.329 Y47.914 E.02619
G1 X61.479 Y48.511 E.02082
G1 X61.676 Y49.138 E.02227
G1 X61.91 Y49.753 E.02227
G1 X62.181 Y50.355 E.02234
G1 X62.599 Y51.137 E.03
G1 X62.991 Y51.758 E.02487
G1 X63.423 Y52.352 E.02486
G1 X63.745 Y52.739 E.01704
G1 X61.091 Y55.097 E.12019
G1 X60.703 Y54.635 E.02043
G1 X60.206 Y53.972 E.02805
G1 X59.748 Y53.281 E.02806
G1 X59.396 Y52.685 E.02342
G1 X58.975 Y51.88 E.03073
G1 X58.625 Y51.098 E.02902
G1 X58.321 Y50.296 E.02903
G1 X58.063 Y49.478 E.02903
G1 X57.854 Y48.647 E.02902
G1 X57.686 Y47.754 E.03073
G1 X57.594 Y47.069 E.02341
G1 X57.526 Y46.243 E.02807
G1 X57.505 Y45.414 E.02805
G1 X57.524 Y44.811 E.02043
G1 X61.029 Y45.017 E.11884
M204 S10000
G1 E-.8 F1800
G1 X60.977 Y49.478 Z23.6 F7200
G1 Z23.2
G1 E.8 F1800
M204 S500
;TYPE:Sparse infill
;WIDTH:0.45
G1 F810
G1 X60.733 Y48.719 E.02697
G1 X60.542 Y47.91 E.02813
G1 X60.296 Y47.664 E.01178
G1 X59.7 Y46.11 E.05635
G1 X59.28 Y45.69 E.02009
G1 X58.286 Y45.631 E.03371
G1 X58.3 Y46.201 E.01929
G1 X58.364 Y46.986 E.02664
G1 X58.451 Y47.631 E.02204
G1 X58.618 Y48.508 E.03024
G1 X59.22 Y48.739 E.02184
G1 X59.7 Y49.219 E.02294
G1 X60.296 Y50.773 E.05635
G1 X60.775 Y51.252 E.02294
G1 X62.071 Y51.749 E.047
G1 X62.332 Y52.165 E.0166
G1 X62.681 Y52.648 E.02019
G1 X62.276 Y53.008 E.01833
; stop printing object magic-spinning-top.stl id:730144440329 copy 0
;LAYER_CHANGE
;Z:23.4
;HEIGHT:0.199999
G92 E0
;_SET_FAN_SPEED_CHANGING_LAYER
; printing object magic-spinning-top.stl id:730144440329 copy 0
M204 S10000
G1 E-.8 F1800
G1 X60.657 Y45.549 Z23.8 F7200
G1 X60.629 Y45.423 Z23.8
G1 Z23.4
G1 E.8 F1800
M204 S1500
;TYPE:Inner wall
;WIDTH:0.449999
G1 F1208
G1 X60.684 Y46.556 E.03838
G1 X60.766 Y47.22 E.02265
G1 X60.902 Y47.974 E.02592
G1 X61.07 Y48.638 E.02318
G1 X61.276 Y49.29 E.02317
G1 X61.52 Y49.929 E.02315
G1 X61.779 Y50.506 E.0214
M73 P76 R5
G1 X62.236 Y51.365 E.03294
G1 X62.645 Y52.01 E.02582
G1 X63.151 Y52.694 E.02881
G1 X61.136 Y54.484 E.09123
G1 X60.543 Y53.704 E.03315
G1 X60.093 Y53.022 E.02767
G1 X59.762 Y52.459 E.02212
G1 X59.305 Y51.569 E.03384
G1 X58.99 Y50.853 E.02651
G1 X58.697 Y50.064 E.02849
G1 X58.45 Y49.259 E.02849
G1 X58.247 Y48.417 E.02931
G1 X58.064 Y47.353 E.03654
G1 X57.954 Y46.196 E.03936
G1 X57.939 Y45.264 E.03153
G1 X60.589 Y45.421 E.08988
M204 S500
G1 X61.069 Y45.02 F7200
;TYPE:Outer wall
G1 F1208
G1 X61.055 Y45.535 E.01744
G1 X61.11 Y46.511 E.03309
G1 X61.188 Y47.145 E.02161
G1 X61.318 Y47.869 E.02493
G1 X61.479 Y48.509 E.02233
G1 X61.676 Y49.138 E.02232
G1 X61.911 Y49.754 E.02231
G1 X62.158 Y50.305 E.02044
G1 X62.599 Y51.136 E.03184
G1 X62.991 Y51.758 E.02487
G1 X63.423 Y52.352 E.02486
G1 X63.745 Y52.739 E.01704
G1 X61.091 Y55.097 E.12019
G1 X60.703 Y54.635 E.02043
G1 X60.206 Y53.972 E.02805
G1 X59.748 Y53.281 E.02806
G1 X59.403 Y52.698 E.02292
G1 X58.975 Y51.879 E.03127
G1 X58.625 Y51.097 E.029
G1 X58.321 Y50.296 E.02901
G1 X58.063 Y49.479 E.02901
G1 X57.854 Y48.648 E.02899
G1 X57.684 Y47.74 E.03127
G1 X57.594 Y47.069 E.02292
G1 X57.526 Y46.243 E.02807
G1 X57.505 Y45.414 E.02805
G1 X57.524 Y44.811 E.02043
G1 X61.029 Y45.017 E.11884
M204 S10000
G1 E-.8 F1800
G1 X60.463 Y47.836 Z23.8 F7200
G1 Z23.4
G1 E.8 F1800
M204 S500
;TYPE:Internal solid infill
G1 F1208
G1 X60.34 Y47.148 E.02367
G1 X60.254 Y46.357 E.02694
G1 X60.23 Y45.807 E.01861
G1 X58.348 Y45.696 E.06382
G1 X58.375 Y45.774 E.00278
G1 X58.448 Y45.821 E.00295
G1 X60.435 Y47.808 E.09512
M204 S10000
G1 X59.924 Y46.771 F7200
M204 S500
;WIDTH:0.380217
G1 F1208
G1 X59.873 Y46.159 E.01721
G1 X59.277 Y46.124 E.01672
G1 X59.896 Y46.742 E.02453
M204 S10000
G1 X58.165 Y46.075 F7200
M204 S500
;WIDTH:0.477138
G1 F1208
G1 X60.707 Y48.618 E.12981
G1 X60.992 Y49.516 E.03403
G1 X58.399 Y46.924 E.13238
G1 X58.505 Y47.644 E.02629
G1 X61.424 Y50.563 E.14905
G1 X61.91 Y51.491 E.03783
G1 X62.197 Y51.949 E.01951
G1 X58.663 Y48.415 E.18044
G1 X58.774 Y48.898 E.01789
G1 X58.728 Y48.945 E.00238
G1 X58.778 Y49.145 E.00745
G1 X62.47 Y52.836 E.18849
G1 X62.144 Y53.125 E.0157
G1 X59.049 Y50.029 E.15807
G1 X59.341 Y50.802 E.02981
G1 X59.45 Y51.044 E.00961
G1 X61.819 Y53.414 E.12099
G1 X61.494 Y53.703 E.0157
G1 X59.611 Y51.82 E.09614
; stop printing object magic-spinning-top.stl id:730144440329 copy 0
;LAYER_CHANGE
;Z:23.6
;HEIGHT:0.200001
G92 E0
;_SET_FAN_SPEED_CHANGING_LAYER
; printing object magic-spinning-top.stl id:730144440329 copy 0
M204 S10000
G1 E-.8 F1800
G1 X60.629 Y45.423 Z24 F7200
G1 Z23.6
G1 E.8 F1800
M204 S1500
;TYPE:Inner wall
;WIDTH:0.449999
G1 F1247
G1 X60.684 Y46.556 E.03838
G1 X60.763 Y47.2 E.02199
G1 X60.918 Y48.04 E.02891
G1 X61.069 Y48.636 E.02081
G1 X61.276 Y49.291 E.02323
G1 X61.521 Y49.932 E.02323
G1 X61.806 Y50.562 E.02343
G1 X62.236 Y51.365 E.03083
G1 X62.645 Y52.01 E.02582
G1 X63.151 Y52.694 E.02881
G1 X61.136 Y54.484 E.09124
G1 X60.543 Y53.704 E.03315
G1 X60.093 Y53.022 E.02767
G1 X59.77 Y52.472 E.02161
G1 X59.331 Y51.626 E.03224
G1 X58.991 Y50.854 E.02856
G1 X58.697 Y50.063 E.02856
G1 X58.45 Y49.259 E.02847
G1 X58.261 Y48.491 E.02678
G1 X58.064 Y47.353 E.03909
G1 X57.954 Y46.196 E.03936
G1 X57.939 Y45.264 E.03153
G1 X60.589 Y45.421 E.08988
M204 S500
G1 X61.069 Y45.02 F7200
;TYPE:Outer wall
G1 F1247
G1 X61.055 Y45.535 E.01744
G1 X61.11 Y46.511 E.03309
G1 X61.185 Y47.123 E.02088
G1 X61.334 Y47.936 E.02796
G1 X61.478 Y48.508 E.01997
G1 X61.676 Y49.138 E.02237
G1 X61.912 Y49.756 E.02238
G1 X62.184 Y50.361 E.02244
G1 X62.599 Y51.137 E.02979
G1 X62.991 Y51.758 E.02487
G1 X63.423 Y52.352 E.02486
G1 X63.745 Y52.739 E.01704
G1 X61.091 Y55.097 E.12019
G1 X60.703 Y54.635 E.02043
G1 X60.206 Y53.972 E.02805
G1 X59.748 Y53.281 E.02806
G1 X59.411 Y52.71 E.02243
G1 X58.974 Y51.878 E.03181
G1 X58.625 Y51.097 E.02897
G1 X58.321 Y50.296 E.02899
G1 X58.064 Y49.479 E.02899
G1 X57.855 Y48.649 E.02897
G1 X57.682 Y47.726 E.03181
G1 X57.594 Y47.069 E.02243
G1 X57.526 Y46.243 E.02807
G1 X57.505 Y45.414 E.02805
G1 X57.524 Y44.811 E.02043
G1 X61.029 Y45.017 E.11884
M204 S10000
G1 E-.8 F1800
G1 X59.11 Y50.022 Z24 F7200
G1 Z23.6
G1 E.8 F1800
M204 S500
;TYPE:Internal solid infill
G1 F1247
G1 X59.397 Y50.778 E.02735
G1 X59.726 Y51.513 E.02727
G1 X60.141 Y52.304 E.03022
G1 X60.456 Y52.837 E.02097
G1 X60.889 Y53.49 E.02652
G1 X61.19 Y53.891 E.01699
G1 X62.599 Y52.639 E.06382
G1 X62.285 Y52.204 E.01816
G1 X61.862 Y51.531 E.0269
G1 X61.427 Y50.715 E.03131
G1 X61.138 Y50.072 E.02387
G1 X60.887 Y49.413 E.02387
G1 X60.675 Y48.74 E.02387
G1 X60.524 Y48.14 E.02096
G1 X60.363 Y47.272 E.02986
G1 X60.299 Y46.776 E.01693
G1 X60.23 Y45.807 E.03288
G1 X58.348 Y45.696 E.06382
G1 X58.361 Y46.198 E.01699
G1 X58.425 Y46.979 E.02652
G1 X58.508 Y47.593 E.02097
G1 X58.671 Y48.47 E.03021
G1 X58.868 Y49.252 E.02727
G1 X59.098 Y49.984 E.026
M204 S10000
G1 X59.481 Y49.842 F7200
M204 S500
G1 F1247
G1 X59.759 Y50.583 E.02677
G1 X60.079 Y51.304 E.02671
G1 X60.491 Y52.094 E.03014
G1 X60.794 Y52.609 E.02023
G1 X61.251 Y53.293 E.02786
G1 X62.054 Y52.579 E.03637
G1 X61.708 Y52.052 E.02134
G1 X61.434 Y51.595 E.01805
G1 X61.066 Y50.903 E.02652
G1 X60.766 Y50.238 E.02468
G1 X60.507 Y49.557 E.02467
G1 X60.287 Y48.862 E.02468
G1 X60.129 Y48.239 E.02174
G1 X59.962 Y47.346 E.03075
G1 X59.894 Y46.82 E.01797
G1 X59.839 Y46.192 E.02134
G1 X58.766 Y46.129 E.03637
G1 X58.814 Y46.74 E.02076
G1 X58.88 Y47.309 E.0194
G1 X59.066 Y48.367 E.03635
G1 X59.247 Y49.088 E.02518
G1 X59.469 Y49.804 E.02536
M204 S10000
G1 X59.831 Y49.732 F7200
M204 S500
;WIDTH:0.371545
G1 F1247
G1 X60.102 Y50.452 E.02103
G1 X60.414 Y51.154 E.02098
G1 X60.817 Y51.922 E.02371
G1 X61.112 Y52.421 E.01583
G1 X61.321 Y52.738 E.01038
G1 X61.567 Y52.519 E.00899
G1 X61.207 Y51.942 E.01859
G1 X60.743 Y51.079 E.02677
G1 X60.431 Y50.389 E.02071
G1 X60.163 Y49.688 E.02051
G1 X59.936 Y48.972 E.02051
G1 X59.773 Y48.329 E.01813
G1 X59.6 Y47.413 E.02547
G1 X59.494 Y46.541 E.02403
G1 X59.165 Y46.521 E.00899
G1 X59.244 Y47.26 E.02031
G1 X59.428 Y48.299 E.02884
G1 X59.603 Y48.999 E.01969
G1 X59.819 Y49.694 E.01989
; stop printing object magic-spinning-top.stl id:730144440329 copy 0
;LAYER_CHANGE
;Z:23.8
;HEIGHT:0.199999
G92 E0
;_SET_FAN_SPEED_CHANGING_LAYER
; printing object magic-spinning-top.stl id:730144440329 copy 0
M204 S10000
G1 E-.8 F1800
G1 X60.629 Y45.423 Z24.2 F7200
G1 Z23.8
G1 E.8 F1800
M204 S1500
;TYPE:Inner wall
;WIDTH:0.449999
G1 F1208
G1 X60.684 Y46.556 E.03838
G1 X60.761 Y47.193 E.02173
G1 X60.901 Y47.967 E.02663
G1 X61.069 Y48.635 E.02329
G1 X61.276 Y49.291 E.02329
G1 X61.521 Y49.933 E.02329
G1 X61.807 Y50.565 E.02348
G1 X62.236 Y51.365 E.03073
G1 X62.645 Y52.01 E.02582
G1 X63.151 Y52.694 E.02881
G1 X61.136 Y54.484 E.09124
G1 X60.543 Y53.704 E.03315
G1 X60.093 Y53.022 E.02767
G1 X59.777 Y52.485 E.02111
G1 X59.332 Y51.63 E.03262
G1 X58.991 Y50.856 E.02862
G1 X58.697 Y50.063 E.02862
G1 X58.449 Y49.255 E.02861
G1 X58.246 Y48.408 E.02947
G1 X58.064 Y47.353 E.03625
G1 X57.954 Y46.196 E.03936
G1 X57.939 Y45.264 E.03153
G1 X60.589 Y45.421 E.08988
M204 S500
G1 X61.069 Y45.02 F7200
;TYPE:Outer wall
G1 F1208
G1 X61.055 Y45.535 E.01744
G1 X61.11 Y46.511 E.03309
G1 X61.183 Y47.118 E.02068
G1 X61.317 Y47.863 E.02564
G1 X61.478 Y48.506 E.02244
G1 X61.676 Y49.138 E.02243
G1 X61.912 Y49.757 E.02243
G1 X62.185 Y50.363 E.02249
G1 X62.599 Y51.137 E.02968
G1 X62.991 Y51.758 E.02487
G1 X63.423 Y52.352 E.02486
G1 X63.745 Y52.739 E.01704
G1 X61.091 Y55.097 E.12019
G1 X60.703 Y54.635 E.02043
G1 X60.206 Y53.972 E.02805
M73 P77 R5
G1 X59.748 Y53.281 E.02806
G1 X59.418 Y52.723 E.02194
G1 X58.974 Y51.877 E.03234
G1 X58.624 Y51.096 E.02895
G1 X58.321 Y50.296 E.02897
G1 X58.064 Y49.48 E.02897
G1 X57.855 Y48.651 E.02895
G1 X57.68 Y47.711 E.03234
G1 X57.594 Y47.069 E.02193
G1 X57.526 Y46.243 E.02807
G1 X57.505 Y45.414 E.02805
G1 X57.524 Y44.811 E.02043
G1 X61.029 Y45.017 E.11884
M204 S10000
G1 E-.8 F1800
G1 X60.464 Y47.836 Z24.2 F7200
G1 Z23.8
G1 E.8 F1800
M204 S500
;TYPE:Internal solid infill
G1 F1208
G1 X60.34 Y47.148 E.02368
G1 X60.254 Y46.357 E.02694
G1 X60.23 Y45.807 E.01861
G1 X58.348 Y45.696 E.06382
G1 X58.375 Y45.774 E.00278
G1 X58.448 Y45.821 E.00295
G1 X60.435 Y47.808 E.09512
M204 S10000
G1 X59.924 Y46.771 F7200
M73 P77 R4
M204 S500
;WIDTH:0.380216
G1 F1208
G1 X59.873 Y46.159 E.01721
G1 X59.277 Y46.124 E.01672
G1 X59.896 Y46.742 E.02452
M204 S10000
G1 X58.165 Y46.075 F7200
M204 S500
;WIDTH:0.477138
G1 F1208
G1 X60.707 Y48.618 E.12981
G1 X60.992 Y49.516 E.03403
G1 X58.399 Y46.924 E.13238
G1 X58.506 Y47.644 E.0263
G1 X61.426 Y50.564 E.14911
G1 X61.911 Y51.495 E.03788
G1 X62.196 Y51.949 E.01937
G1 X58.663 Y48.416 E.18041
G1 X58.774 Y48.898 E.01788
G1 X58.728 Y48.945 E.00238
G1 X58.778 Y49.145 E.00745
G1 X62.47 Y52.836 E.18849
G1 X62.144 Y53.125 E.0157
G1 X59.049 Y50.029 E.15807
G1 X59.341 Y50.8 E.02977
G1 X59.45 Y51.044 E.00965
G1 X61.819 Y53.414 E.12099
G1 X61.494 Y53.703 E.0157
G1 X59.612 Y51.821 E.09608
; stop printing object magic-spinning-top.stl id:730144440329 copy 0
;LAYER_CHANGE
;Z:24
;HEIGHT:0.200001
G92 E0
;_SET_FAN_SPEED_CHANGING_LAYER
; printing object magic-spinning-top.stl id:730144440329 copy 0
M204 S10000
G1 E-.8 F1800
G1 X60.629 Y45.423 Z24.4 F7200
G1 Z24
G1 E.8 F1800
M204 S1500
;TYPE:Inner wall
;WIDTH:0.449999
G1 F1379
G1 X60.684 Y46.556 E.03838
G1 X60.759 Y47.179 E.02126
G1 X60.9 Y47.964 E.02699
G1 X61.068 Y48.633 E.02335
G1 X61.276 Y49.291 E.02334
G1 X61.522 Y49.934 E.02331
G1 X61.765 Y50.475 E.02008
G1 X62.236 Y51.365 E.0341
G1 X62.645 Y52.01 E.02582
G1 X63.151 Y52.694 E.02881
G1 X61.136 Y54.484 E.09124
G1 X60.543 Y53.704 E.03315
G1 X60.093 Y53.022 E.02767
G1 X59.785 Y52.498 E.0206
G1 X59.292 Y51.539 E.03648
G1 X58.992 Y50.857 E.02521
G1 X58.697 Y50.063 E.02868
G1 X58.449 Y49.253 E.02868
G1 X58.245 Y48.404 E.02955
G1 X58.064 Y47.353 E.0361
G1 X57.954 Y46.196 E.03936
G1 X57.939 Y45.264 E.03153
G1 X60.589 Y45.421 E.08988
M204 S500
G1 X61.069 Y45.02 F7200
;TYPE:Outer wall
G1 F1379
G1 X61.055 Y45.535 E.01744
G1 X61.11 Y46.511 E.03309
G1 X61.181 Y47.104 E.02022
G1 X61.316 Y47.86 E.026
G1 X61.477 Y48.505 E.02249
G1 X61.676 Y49.138 E.02248
G1 X61.913 Y49.759 E.02247
G1 X62.144 Y50.275 E.01915
G1 X62.599 Y51.136 E.03297
G1 X62.991 Y51.758 E.02487
G1 X63.423 Y52.352 E.02486
G1 X63.745 Y52.739 E.01704
G1 X61.091 Y55.097 E.12019
G1 X60.703 Y54.635 E.02043
G1 X60.206 Y53.972 E.02805
G1 X59.748 Y53.281 E.02806
G1 X59.426 Y52.735 E.02144
G1 X58.973 Y51.876 E.03288
G1 X58.624 Y51.096 E.02892
G1 X58.321 Y50.296 E.02895
G1 X58.064 Y49.48 E.02895
G1 X57.855 Y48.652 E.02892
G1 X57.678 Y47.697 E.03288
G1 X57.594 Y47.069 E.02144
G1 X57.526 Y46.243 E.02807
G1 X57.505 Y45.414 E.02805
G1 X57.524 Y44.811 E.02043
G1 X61.029 Y45.017 E.11884
M204 S10000
G1 E-.8 F1800
G1 X58.421 Y45.687 Z24.4 F7200
G1 Z24
G1 E.8 F1800
M204 S500
;TYPE:Internal solid infill
;WIDTH:0.531524
G1 F1227.988
G1 X58.36 Y45.687 E.00248
G1 X58.329 Y45.74 E.00248
G1 X58.36 Y45.793 E.00248
G1 X58.421 Y45.793 E.00248
G1 X58.431 Y45.774 E.00086
M204 S10000
G1 E-.8 F1800
G1 X62.578 Y52.182 Z24.4 F7200
G1 X62.613 Y52.237 Z24.4
G1 Z24
G1 E.8 F1800
M204 S500
;TYPE:Top surface
;WIDTH:0.411618
G1 F1379
G1 X61.425 Y53.425 E.0515
M204 S10000
G1 X60.691 Y53.637 F7200
M204 S500
G1 F1379
G1 X62.402 Y51.927 E.07415
M204 S10000
G1 X62.201 Y51.606 F7200
M204 S500
G1 F1379
G1 X60.483 Y53.324 E.07448
M204 S10000
G1 X60.275 Y53.011 F7200
M204 S500
G1 F1379
G1 X62.007 Y51.278 E.07511
M204 S10000
G1 X61.828 Y50.936 F7200
M204 S500
G1 F1379
G1 X60.079 Y52.685 E.07581
M204 S10000
G1 X59.89 Y52.353 F7200
M204 S500
G1 F1379
G1 X61.649 Y50.594 E.07626
M204 S10000
G1 X61.483 Y50.239 F7200
M204 S500
G1 F1379
G1 X59.71 Y52.011 E.07686
M204 S10000
G1 X59.53 Y51.67 F7200
M204 S500
G1 F1379
G1 X61.326 Y49.874 E.07788
M204 S10000
G1 X61.183 Y49.496 F7200
M204 S500
G1 F1379
G1 X59.366 Y51.312 E.07876
M204 S10000
G1 X59.205 Y50.952 F7200
M204 S500
G1 F1379
G1 X61.05 Y49.107 E.07998
M204 S10000
G1 X60.925 Y48.711 F7200
M204 S500
G1 F1379
G1 X59.058 Y50.578 E.08096
M204 S10000
G1 X58.914 Y50.2 F7200
M204 S500
G1 F1379
G1 X60.818 Y48.296 E.08255
M204 S10000
G1 X60.721 Y47.872 F7200
M204 S500
G1 F1379
G1 X58.784 Y49.808 E.08395
M204 S10000
G1 X58.66 Y49.412 F7200
M204 S500
G1 F1379
G1 X60.641 Y47.43 E.08591
M204 S10000
G1 X60.569 Y46.981 F7200
M204 S500
G1 F1379
G1 X58.55 Y49 E.08754
M204 S10000
G1 X58.445 Y48.583 F7200
M204 S500
G1 F1379
G1 X60.518 Y46.51 E.08989
M204 S10000
G1 X60.486 Y46.021 F7200
M204 S500
G1 F1379
G1 X58.36 Y48.147 E.09216
M204 S10000
G1 X58.279 Y47.707 F7200
M204 S500
G1 F1379
G1 X60.415 Y45.571 E.09259
M204 S10000
G1 X59.922 Y45.542 F7200
M204 S500
G1 F1379
G1 X58.259 Y47.205 E.0721
M204 S10000
G1 X58.161 Y46.782 F7200
M204 S500
G1 F1379
G1 X59.089 Y45.854 E.04024
M204 S10000
G1 E-.8 F1800
G1 X61.077 Y53.223 Z24.4 F7200
G1 X61.227 Y53.779 Z24.4
G1 Z24
G1 E.8 F1800
M204 S500
;TYPE:Internal solid infill
;WIDTH:0.531674
G1 F1227.611
G1 X61.166 Y53.779 E.00248
G1 X61.135 Y53.831 E.00248
G1 X61.166 Y53.884 E.00248
G1 X61.227 Y53.884 E.00248
G1 X61.237 Y53.866 E.00086
; stop printing object magic-spinning-top.stl id:730144440329 copy 0
;LAYER_CHANGE
;Z:24.2
;HEIGHT:0.200001
G92 E0
;_SET_FAN_SPEED_CHANGING_LAYER
; printing object magic-spinning-top.stl id:730144440329 copy 0
M204 S10000
G1 E-.8 F1800
G1 X60.64 Y46.465 Z24.6 F7200
G1 Z24.2
G1 E.8 F1800
M204 S1500
;TYPE:Inner wall
;WIDTH:0.53332
G1 F996
G1 X60.603 Y46.322 E.00602
;WIDTH:0.558758
G1 X60.233 Y45.96 E.02218
G1 X59.903 Y45.94 E.01419
;WIDTH:0.536647
G1 X58.998 Y46.113 E.03783
;WIDTH:0.493323
G1 X58.093 Y46.286 E.03451
;WIDTH:0.449999
G1 X57.976 Y46.487 E.00785
G1 X57.943 Y45.767 E.02438
G1 X57.939 Y45.264 E.01702
G1 X58.433 Y45.294 E.01675
;WIDTH:0.493323
G1 X59.05 Y45.348 E.02319
;WIDTH:0.536647
G1 X59.666 Y45.403 E.02543
;WIDTH:0.558758
G1 X60.574 Y45.474 E.03903
G1 X60.579 Y45.708 E.01001
G1 X60.637 Y46.425 E.03086
M204 S10000
G1 E-.8 F1800
G1 X60.425 Y53.526 Z24.6 F7200
G1 Z24.2
G1 E.8 F1800
M204 S1500
;WIDTH:0.449999
G1 F996
G1 X60.611 Y53.581 E.00657
G1 X60.973 Y53.405 E.01363
;WIDTH:0.483496
G1 X61.403 Y53.185 E.01771
;WIDTH:0.516992
G1 X61.833 Y52.964 E.01906
;WIDTH:0.550488
G1 X62.264 Y52.744 E.0204
;WIDTH:0.558758
G1 X62.507 Y52.517 E.01426
G1 X62.585 Y52.046 E.0205
;WIDTH:0.536865
G1 X62.542 Y51.92 E.00544
G1 X62.609 Y52.035 E.00546
;WIDTH:0.558758
G1 X63.075 Y52.688 E.03441
G1 X62.556 Y53.155 E.02996
;WIDTH:0.550488
G1 X62.086 Y53.603 E.02739
;WIDTH:0.516992
G1 X61.616 Y54.05 E.02558
;WIDTH:0.483496
G1 X61.146 Y54.498 E.02377
;WIDTH:0.449999
G1 X60.828 Y54.087 E.0176
G1 X60.448 Y53.558 E.02203
M204 S10000
G1 E-.8 F1800
G1 X61.001 Y45.946 Z24.6 F7200
G1 X61.069 Y45.02 Z24.6
G1 Z24.2
G1 E.8 F1800
M204 S500
;TYPE:Outer wall
G1 F996
G1 X61.062 Y45.689 E.02265
G1 X61.1 Y46.416 E.02467
G1 X61.182 Y47.109 E.0236
G1 X61.342 Y47.968 E.02956
G1 X61.477 Y48.503 E.01869
G1 X61.676 Y49.138 E.02254
G1 X61.949 Y49.839 E.02546
G1 X62.228 Y50.433 E.02222
G1 X62.599 Y51.136 E.0269
G1 X62.991 Y51.758 E.02487
G1 X63.423 Y52.352 E.02486
G1 X63.745 Y52.739 E.01704
G1 X61.091 Y55.097 E.12019
G1 X60.693 Y54.622 E.02098
G1 X60.198 Y53.959 E.028
;WIDTH:0.486166
G1 X59.986 Y53.607 E.01513
;WIDTH:0.522333
G1 X59.775 Y53.256 E.01637
;WIDTH:0.539597
G1 X59.386 Y52.563 E.03279
;WIDTH:0.565451
G1 X59.002 Y51.8 E.03712
M73 P78 R4
;WIDTH:0.588577
G1 X58.666 Y51.012 E.03888
;WIDTH:0.599872
G1 X58.389 Y50.263 E.03696
G1 X58.129 Y49.454 E.03938
;WIDTH:0.588179
G1 X57.91 Y48.632 E.03857
;WIDTH:0.565011
G1 X57.719 Y47.669 E.04262
;WIDTH:0.53864
G1 X57.614 Y46.912 E.03149
;WIDTH:0.515836
G1 X57.57 Y46.577 E.01328
;WIDTH:0.482918
G1 X57.526 Y46.243 E.01235
;WIDTH:0.449999
G1 X57.505 Y45.414 E.02805
G1 X57.524 Y44.811 E.02043
G1 X61.029 Y45.017 E.11884
M204 S10000
G1 E-.8 F1800
G1 X60.545 Y52.635 Z24.6 F7200
G1 X60.511 Y53.164 Z24.6
G1 Z24.2
G1 E.8 F1800
M204 S500
;WIDTH:0.482917
G1 F996
G1 X60.401 Y53.135 E.00419
;WIDTH:0.515834
G1 X60.29 Y53.106 E.0045
;WIDTH:0.53864
G1 X59.946 Y52.471 E.02979
;WIDTH:0.565009
G1 X59.536 Y51.61 E.04137
;WIDTH:0.588453
G1 X59.235 Y50.852 E.037
;WIDTH:0.599872
G1 X58.702 Y49.317 E.07528
;WIDTH:0.588292
G1 X58.469 Y48.539 E.03682
;WIDTH:0.565442
G1 X58.281 Y47.741 E.03559
;WIDTH:0.539597
G1 X58.146 Y46.988 E.03161
;WIDTH:0.522337
G1 X58.13 Y46.893 E.00383
;WIDTH:0.517192
G1 X58.201 Y46.787 E.00504
;WIDTH:0.483596
G1 X58.271 Y46.68 E.00468
;WIDTH:0.449999
G1 X59.978 Y46.406 E.05852
G1 X60.069 Y46.414 E.00309
G1 X60.186 Y46.551 E.0061
G1 X60.325 Y47.283 E.02521
G1 X60.495 Y47.958 E.02357
G1 X60.711 Y48.645 E.02436
G1 X61.227 Y50.132 E.05327
G1 X61.475 Y50.786 E.02369
G1 X61.76 Y51.422 E.02358
G1 X62.104 Y52.083 E.02521
G1 X62.096 Y52.289 E.007
G1 X60.547 Y53.145 E.0599
M204 S10000
G1 E-.8 F1800
G1 X62.542 Y51.92 Z24.6 F7200
G1 Z24.2
G1 E.8 F1800
M204 S1500
;TYPE:Inner wall
;WIDTH:0.525712
G1 F996
G1 X62.514 Y51.869 E.00234
;WIDTH:0.518212
G1 X62.334 Y51.55 E.01448
;WIDTH:0.492822
G1 X62.154 Y51.231 E.0137
;WIDTH:0.467432
G1 X61.961 Y50.825 E.01588
;WIDTH:0.433006
G1 X61.767 Y50.419 E.01459
;WIDTH:0.39858
G1 X61.55 Y49.887 E.01699
;WIDTH:0.362614
G1 X61.315 Y49.24 E.01829
;WIDTH:0.370406
G1 X61.081 Y48.523 E.02056
;WIDTH:0.397714
G1 X60.988 Y48.184 E.01036
;WIDTH:0.425022
G1 X60.896 Y47.845 E.01116
;WIDTH:0.470132
G1 X60.724 Y47.034 E.02946
;WIDTH:0.518214
G1 X60.64 Y46.465 E.02273
M204 S10000
G1 E-.8 F1800
G1 X58.427 Y45.705 Z24.6 F7200
G1 Z24.2
G1 E.8 F1800
M204 S500
;TYPE:Internal solid infill
;WIDTH:0.541218
G1 F996
G1 X58.364 Y45.705 E.00258
G1 X58.333 Y45.759 E.00258
G1 X58.364 Y45.812 E.00258
G1 X58.427 Y45.812 E.00258
G1 X58.438 Y45.793 E.00092
M204 S10000
G1 E-.8 F1800
G1 X60.962 Y52.996 Z24.6 F7200
G1 X61.229 Y53.761 Z24.6
G1 Z24.2
G1 E.8 F1800
M204 S500
;WIDTH:0.552684
G1 F996
G1 X61.166 Y53.761 E.0027
G1 X61.134 Y53.816 E.0027
G1 X61.166 Y53.871 E.0027
G1 X61.229 Y53.871 E.0027
G1 X61.241 Y53.85 E.00101
; stop printing object magic-spinning-top.stl id:730144440329 copy 0
;LAYER_CHANGE
;Z:24.4
;HEIGHT:0.199999
G92 E0
;_SET_FAN_SPEED_CHANGING_LAYER
; printing object magic-spinning-top.stl id:730144440329 copy 0
M204 S10000
G1 E-.8 F1800
G1 X60.64 Y46.465 Z24.8 F7200
G1 Z24.4
G1 E.8 F1800
M204 S1500
;TYPE:Inner wall
;WIDTH:0.533318
G1 F996
G1 X60.603 Y46.322 E.00602
;WIDTH:0.558758
G1 X60.233 Y45.96 E.02218
G1 X59.903 Y45.94 E.01419
;WIDTH:0.536647
G1 X58.998 Y46.113 E.03783
;WIDTH:0.493323
G1 X58.093 Y46.286 E.03451
;WIDTH:0.449999
G1 X57.976 Y46.487 E.00785
G1 X57.943 Y45.767 E.02438
G1 X57.939 Y45.264 E.01702
G1 X58.433 Y45.294 E.01675
;WIDTH:0.493323
G1 X59.05 Y45.348 E.02319
;WIDTH:0.536647
G1 X59.666 Y45.403 E.02542
;WIDTH:0.558758
G1 X60.574 Y45.474 E.03903
G1 X60.579 Y45.708 E.01001
G1 X60.637 Y46.425 E.03086
M204 S10000
G1 E-.8 F1800
G1 X60.425 Y53.526 Z24.8 F7200
G1 Z24.4
G1 E.8 F1800
M204 S1500
;WIDTH:0.449999
G1 F996
G1 X60.611 Y53.581 E.00657
G1 X60.973 Y53.405 E.01363
;WIDTH:0.483496
G1 X61.403 Y53.185 E.01771
;WIDTH:0.516992
G1 X61.833 Y52.964 E.01906
;WIDTH:0.550488
G1 X62.264 Y52.744 E.0204
;WIDTH:0.558759
G1 X62.507 Y52.517 E.01426
G1 X62.585 Y52.046 E.0205
;WIDTH:0.536866
G1 X62.542 Y51.92 E.00544
G1 X62.609 Y52.035 E.00546
;WIDTH:0.558759
G1 X63.075 Y52.688 E.03441
G1 X62.556 Y53.155 E.02996
;WIDTH:0.550488
G1 X62.086 Y53.603 E.02739
;WIDTH:0.516992
G1 X61.616 Y54.05 E.02558
;WIDTH:0.483496
G1 X61.146 Y54.498 E.02377
;WIDTH:0.449999
G1 X60.828 Y54.087 E.0176
G1 X60.448 Y53.558 E.02203
M204 S10000
G1 E-.8 F1800
G1 X61.001 Y45.946 Z24.8 F7200
G1 X61.069 Y45.02 Z24.8
G1 Z24.4
G1 E.8 F1800
M204 S500
;TYPE:Outer wall
G1 F996
G1 X61.062 Y45.689 E.02265
G1 X61.1 Y46.416 E.02467
G1 X61.182 Y47.109 E.02359
G1 X61.344 Y47.978 E.02994
G1 X61.476 Y48.502 E.01827
G1 X61.676 Y49.138 E.02259
G1 X61.949 Y49.839 E.02543
G1 X62.222 Y50.433 E.02215
G1 X62.599 Y51.137 E.02701
G1 X62.991 Y51.758 E.02487
G1 X63.423 Y52.352 E.02486
G1 X63.745 Y52.739 E.01704
G1 X61.091 Y55.097 E.12019
G1 X60.693 Y54.622 E.02098
G1 X60.198 Y53.959 E.028
;WIDTH:0.486166
G1 X59.986 Y53.607 E.01513
;WIDTH:0.522333
G1 X59.775 Y53.256 E.01637
;WIDTH:0.539309
G1 X59.387 Y52.563 E.03276
;WIDTH:0.565457
G1 X59.002 Y51.8 E.03711
;WIDTH:0.588298
G1 X58.673 Y51.03 E.03798
;WIDTH:0.599873
G1 X58.389 Y50.263 E.03788
G1 X58.129 Y49.454 E.03935
;WIDTH:0.588187
G1 X57.91 Y48.633 E.03854
;WIDTH:0.565025
G1 X57.717 Y47.655 E.04329
;WIDTH:0.53825
G1 X57.614 Y46.912 E.03087
;WIDTH:0.515836
G1 X57.57 Y46.577 E.01328
;WIDTH:0.482918
G1 X57.526 Y46.243 E.01235
;WIDTH:0.449999
G1 X57.505 Y45.414 E.02805
G1 X57.524 Y44.811 E.02043
G1 X61.029 Y45.017 E.11884
M204 S10000
G1 E-.8 F1800
G1 X60.545 Y52.635 Z24.8 F7200
G1 X60.512 Y53.164 Z24.8
G1 Z24.4
G1 E.8 F1800
M204 S500
;WIDTH:0.482917
G1 F996
G1 X60.401 Y53.135 E.00419
;WIDTH:0.515834
G1 X60.29 Y53.106 E.0045
;WIDTH:0.538245
G1 X59.953 Y52.484 E.02916
;WIDTH:0.565027
G1 X59.536 Y51.609 E.04206
;WIDTH:0.588186
G1 X59.234 Y50.852 E.03696
;WIDTH:0.599873
G1 X58.702 Y49.317 E.07524
;WIDTH:0.588299
G1 X58.469 Y48.539 E.03682
;WIDTH:0.565456
G1 X58.281 Y47.741 E.0356
;WIDTH:0.539312
G1 X58.146 Y46.988 E.03159
;WIDTH:0.522337
G1 X58.128 Y46.87 E.00475
;WIDTH:0.515836
G1 X58.221 Y46.772 E.00532
;WIDTH:0.482918
G1 X58.313 Y46.673 E.00495
;WIDTH:0.449999
G1 X59.978 Y46.406 E.05706
G1 X60.069 Y46.414 E.00309
G1 X60.186 Y46.551 E.0061
G1 X60.325 Y47.283 E.02521
G1 X60.495 Y47.958 E.02357
G1 X60.723 Y48.679 E.0256
G1 X61.227 Y50.132 E.05203
G1 X61.475 Y50.786 E.02369
G1 X61.76 Y51.422 E.02358
G1 X62.104 Y52.083 E.02521
G1 X62.096 Y52.289 E.007
G1 X60.547 Y53.145 E.0599
M204 S10000
G1 E-.8 F1800
G1 X62.542 Y51.92 Z24.8 F7200
G1 Z24.4
G1 E.8 F1800
M204 S1500
;TYPE:Inner wall
;WIDTH:0.525712
G1 F996
G1 X62.514 Y51.869 E.00234
;WIDTH:0.518212
G1 X62.334 Y51.55 E.01448
;WIDTH:0.492436
G1 X62.154 Y51.231 E.01369
;WIDTH:0.46666
G1 X61.983 Y50.88 E.01377
;WIDTH:0.436725
G1 X61.813 Y50.528 E.0128
;WIDTH:0.40679
G1 X61.55 Y49.889 E.0209
;WIDTH:0.362716
G1 X61.315 Y49.24 E.01834
;WIDTH:0.367202
G1 X61.091 Y48.557 E.01938
;WIDTH:0.396385
G1 X60.993 Y48.201 E.01086
;WIDTH:0.425568
G1 X60.896 Y47.845 E.01176
;WIDTH:0.47013
G1 X60.724 Y47.034 E.02944
;WIDTH:0.518212
G1 X60.64 Y46.465 E.02273
M204 S10000
G1 E-.8 F1800
G1 X58.427 Y45.705 Z24.8 F7200
G1 Z24.4
G1 E.8 F1800
M204 S500
;TYPE:Internal solid infill
;WIDTH:0.541214
G1 F996
G1 X58.364 Y45.705 E.00258
G1 X58.333 Y45.759 E.00258
G1 X58.364 Y45.812 E.00258
G1 X58.427 Y45.812 E.00258
G1 X58.438 Y45.793 E.00092
M204 S10000
G1 E-.8 F1800
G1 X60.962 Y52.996 Z24.8 F7200
G1 X61.229 Y53.761 Z24.8
G1 Z24.4
G1 E.8 F1800
M204 S500
;WIDTH:0.552686
G1 F996
G1 X61.166 Y53.761 E.0027
G1 X61.134 Y53.816 E.0027
G1 X61.166 Y53.871 E.0027
G1 X61.229 Y53.871 E.0027
G1 X61.241 Y53.85 E.00101
; stop printing object magic-spinning-top.stl id:730144440329 copy 0
;LAYER_CHANGE
;Z:24.6
;HEIGHT:0.200001
G92 E0
;_SET_FAN_SPEED_CHANGING_LAYER
; printing object magic-spinning-top.stl id:730144440329 copy 0
M204 S10000
G1 E-.8 F1800
G1 X60.64 Y46.465 Z25 F7200
G1 Z24.6
G1 E.8 F1800
M204 S1500
;TYPE:Inner wall
;WIDTH:0.533318
G1 F996
G1 X60.603 Y46.322 E.00602
;WIDTH:0.558758
G1 X60.233 Y45.96 E.02218
G1 X59.903 Y45.94 E.01419
;WIDTH:0.536647
G1 X58.998 Y46.113 E.03783
;WIDTH:0.493323
G1 X58.093 Y46.286 E.03451
;WIDTH:0.449999
G1 X57.976 Y46.487 E.00785
G1 X57.943 Y45.767 E.02438
G1 X57.939 Y45.264 E.01702
G1 X58.433 Y45.294 E.01675
;WIDTH:0.493323
G1 X59.05 Y45.348 E.02319
;WIDTH:0.536647
G1 X59.666 Y45.403 E.02542
;WIDTH:0.558758
G1 X60.574 Y45.474 E.03903
G1 X60.579 Y45.708 E.01001
G1 X60.637 Y46.425 E.03086
M204 S10000
G1 E-.8 F1800
G1 X60.425 Y53.526 Z25 F7200
G1 Z24.6
G1 E.8 F1800
M204 S1500
;WIDTH:0.449999
G1 F996
G1 X60.611 Y53.581 E.00657
G1 X60.973 Y53.405 E.01363
;WIDTH:0.483496
G1 X61.403 Y53.185 E.01771
;WIDTH:0.516992
G1 X61.833 Y52.964 E.01906
;WIDTH:0.550488
G1 X62.264 Y52.744 E.0204
;WIDTH:0.558759
G1 X62.507 Y52.517 E.01426
G1 X62.585 Y52.046 E.0205
;WIDTH:0.536865
G1 X62.542 Y51.92 E.00544
G1 X62.609 Y52.035 E.00546
;WIDTH:0.558759
G1 X63.075 Y52.688 E.03441
G1 X62.556 Y53.155 E.02996
;WIDTH:0.550488
G1 X62.086 Y53.603 E.02739
;WIDTH:0.516992
G1 X61.616 Y54.05 E.02558
;WIDTH:0.483496
G1 X61.146 Y54.498 E.02377
;WIDTH:0.449999
G1 X60.828 Y54.087 E.0176
G1 X60.448 Y53.558 E.02203
M204 S10000
G1 E-.8 F1800
G1 X61.001 Y45.946 Z25 F7200
G1 X61.069 Y45.02 Z25
G1 Z24.6
G1 E.8 F1800
M204 S500
;TYPE:Outer wall
G1 F996
G1 X61.062 Y45.689 E.02265
G1 X61.1 Y46.416 E.02467
G1 X61.182 Y47.112 E.02371
G1 X61.314 Y47.851 E.0254
G1 X61.476 Y48.5 E.02265
G1 X61.676 Y49.138 E.02264
G1 X61.949 Y49.839 E.02543
G1 X62.222 Y50.433 E.02215
G1 X62.599 Y51.137 E.02702
G1 X62.991 Y51.758 E.02487
G1 X63.423 Y52.352 E.02486
G1 X63.745 Y52.739 E.01704
G1 X61.091 Y55.097 E.12019
G1 X60.693 Y54.622 E.02098
G1 X60.198 Y53.959 E.028
;WIDTH:0.486166
G1 X59.986 Y53.607 E.01513
;WIDTH:0.522333
G1 X59.775 Y53.256 E.01637
;WIDTH:0.539033
G1 X59.387 Y52.563 E.03273
;WIDTH:0.565472
G1 X59.002 Y51.8 E.03712
;WIDTH:0.588307
G1 X58.673 Y51.03 E.03798
;WIDTH:0.599873
G1 X58.389 Y50.263 E.03788
G1 X58.129 Y49.455 E.03932
;WIDTH:0.588195
G1 X57.911 Y48.634 E.03851
;WIDTH:0.565043
G1 X57.715 Y47.64 E.04398
;WIDTH:0.537858
G1 X57.614 Y46.912 E.03025
;WIDTH:0.515836
G1 X57.57 Y46.577 E.01328
;WIDTH:0.482918
G1 X57.526 Y46.243 E.01235
;WIDTH:0.449999
G1 X57.505 Y45.414 E.02805
G1 X57.524 Y44.811 E.02043
G1 X61.029 Y45.017 E.11884
M204 S10000
G1 E-.8 F1800
M73 P79 R4
G1 X60.545 Y52.635 Z25 F7200
G1 X60.512 Y53.164 Z25
G1 Z24.6
G1 E.8 F1800
M204 S500
;WIDTH:0.482917
G1 F996
G1 X60.401 Y53.135 E.00419
;WIDTH:0.515834
G1 X60.29 Y53.106 E.0045
;WIDTH:0.537858
G1 X59.96 Y52.496 E.02855
;WIDTH:0.565043
G1 X59.535 Y51.608 E.04275
;WIDTH:0.588196
G1 X59.234 Y50.851 E.03692
;WIDTH:0.599873
G1 X58.702 Y49.317 E.07521
;WIDTH:0.588308
G1 X58.469 Y48.539 E.03682
;WIDTH:0.565473
G1 X58.281 Y47.741 E.0356
;WIDTH:0.539034
G1 X58.146 Y46.988 E.03157
;WIDTH:0.522337
G1 X58.128 Y46.87 E.00475
;WIDTH:0.515836
G1 X58.221 Y46.772 E.00532
;WIDTH:0.482918
G1 X58.313 Y46.673 E.00495
;WIDTH:0.449999
G1 X59.978 Y46.406 E.05706
G1 X60.069 Y46.414 E.00309
G1 X60.186 Y46.551 E.0061
G1 X60.325 Y47.283 E.02521
G1 X60.495 Y47.958 E.02356
G1 X60.735 Y48.714 E.02684
G1 X61.227 Y50.132 E.05079
G1 X61.475 Y50.786 E.02369
G1 X61.76 Y51.422 E.02358
G1 X62.104 Y52.083 E.02521
G1 X62.096 Y52.289 E.007
G1 X60.547 Y53.145 E.0599
M204 S10000
G1 E-.8 F1800
G1 X62.542 Y51.92 Z25 F7200
G1 Z24.6
G1 E.8 F1800
M204 S1500
;TYPE:Inner wall
;WIDTH:0.525712
G1 F996
G1 X62.514 Y51.869 E.00234
;WIDTH:0.518214
G1 X62.334 Y51.55 E.01448
;WIDTH:0.492431
G1 X62.154 Y51.232 E.01369
;WIDTH:0.466648
G1 X61.984 Y50.881 E.01372
;WIDTH:0.436872
G1 X61.814 Y50.531 E.01275
;WIDTH:0.407096
G1 X61.551 Y49.89 E.02097
;WIDTH:0.362812
G1 X61.315 Y49.24 E.01839
;WIDTH:0.364586
G1 X61.099 Y48.583 E.01851
;WIDTH:0.39203
G1 X60.996 Y48.214 E.01112
;WIDTH:0.419474
G1 X60.893 Y47.845 E.01199
;WIDTH:0.44481
G1 X60.808 Y47.439 E.01385
;WIDTH:0.470146
G1 X60.724 Y47.034 E.01472
;WIDTH:0.518212
G1 X60.64 Y46.465 E.02272
M204 S10000
G1 E-.8 F1800
G1 X58.427 Y45.705 Z25 F7200
G1 Z24.6
G1 E.8 F1800
M204 S500
;TYPE:Internal solid infill
;WIDTH:0.541214
G1 F996
G1 X58.364 Y45.705 E.00258
G1 X58.333 Y45.759 E.00258
G1 X58.364 Y45.812 E.00258
G1 X58.427 Y45.812 E.00258
G1 X58.438 Y45.793 E.00092
M204 S10000
G1 E-.8 F1800
G1 X60.962 Y52.996 Z25 F7200
G1 X61.229 Y53.761 Z25
G1 Z24.6
G1 E.8 F1800
M204 S500
;WIDTH:0.552686
G1 F996
G1 X61.166 Y53.761 E.0027
G1 X61.134 Y53.816 E.0027
G1 X61.166 Y53.871 E.0027
G1 X61.229 Y53.871 E.0027
G1 X61.241 Y53.85 E.00101
; stop printing object magic-spinning-top.stl id:730144440329 copy 0
;LAYER_CHANGE
;Z:24.8
;HEIGHT:0.199999
G92 E0
;_SET_FAN_SPEED_CHANGING_LAYER
; printing object magic-spinning-top.stl id:730144440329 copy 0
M204 S10000
G1 E-.8 F1800
G1 X60.64 Y46.465 Z25.2 F7200
G1 Z24.8
G1 E.8 F1800
M204 S1500
;TYPE:Inner wall
;WIDTH:0.53332
G1 F996
G1 X60.603 Y46.322 E.00602
;WIDTH:0.558758
G1 X60.233 Y45.96 E.02218
G1 X59.903 Y45.94 E.01419
;WIDTH:0.536646
G1 X58.998 Y46.113 E.03783
;WIDTH:0.493323
G1 X58.093 Y46.286 E.03451
;WIDTH:0.449999
G1 X57.976 Y46.487 E.00785
G1 X57.943 Y45.767 E.02438
G1 X57.939 Y45.264 E.01702
G1 X58.433 Y45.294 E.01675
;WIDTH:0.493323
G1 X59.05 Y45.348 E.02319
;WIDTH:0.536646
G1 X59.666 Y45.403 E.02542
;WIDTH:0.558758
G1 X60.574 Y45.474 E.03903
G1 X60.579 Y45.708 E.01001
G1 X60.637 Y46.425 E.03086
M204 S10000
G1 E-.8 F1800
G1 X60.425 Y53.526 Z25.2 F7200
G1 Z24.8
G1 E.8 F1800
M204 S1500
;WIDTH:0.449999
G1 F996
G1 X60.611 Y53.581 E.00657
G1 X60.973 Y53.405 E.01363
;WIDTH:0.483495
G1 X61.403 Y53.185 E.01771
;WIDTH:0.516991
G1 X61.833 Y52.964 E.01906
;WIDTH:0.550487
G1 X62.264 Y52.744 E.0204
;WIDTH:0.558758
G1 X62.507 Y52.517 E.01426
G1 X62.585 Y52.046 E.0205
;WIDTH:0.536862
G1 X62.542 Y51.92 E.00544
G1 X62.609 Y52.035 E.00546
;WIDTH:0.558758
G1 X63.075 Y52.688 E.03441
G1 X62.556 Y53.155 E.02996
;WIDTH:0.550487
G1 X62.086 Y53.603 E.02739
;WIDTH:0.516991
G1 X61.616 Y54.05 E.02558
;WIDTH:0.483495
G1 X61.146 Y54.498 E.02377
;WIDTH:0.449999
G1 X60.828 Y54.087 E.0176
G1 X60.448 Y53.558 E.02203
M204 S10000
G1 E-.8 F1800
G1 X61.001 Y45.946 Z25.2 F7200
G1 X61.069 Y45.02 Z25.2
G1 Z24.8
G1 E.8 F1800
M204 S500
;TYPE:Outer wall
G1 F996
G1 X61.062 Y45.689 E.02265
G1 X61.1 Y46.416 E.02467
G1 X61.182 Y47.112 E.02371
G1 X61.313 Y47.848 E.02529
G1 X61.48 Y48.512 E.02317
G1 X61.676 Y49.138 E.02223
G1 X61.949 Y49.839 E.02546
G1 X62.23 Y50.433 E.02224
G1 X62.599 Y51.136 E.02687
G1 X62.991 Y51.758 E.02488
G1 X63.423 Y52.352 E.02486
G1 X63.745 Y52.739 E.01704
G1 X61.091 Y55.097 E.12019
G1 X60.693 Y54.622 E.02098
G1 X60.198 Y53.959 E.028
;WIDTH:0.486166
G1 X59.986 Y53.607 E.01513
;WIDTH:0.522333
G1 X59.775 Y53.256 E.01637
;WIDTH:0.538759
G1 X59.388 Y52.563 E.03271
;WIDTH:0.565486
G1 X59.002 Y51.8 E.03713
;WIDTH:0.588315
G1 X58.673 Y51.03 E.03798
;WIDTH:0.599875
G1 X58.389 Y50.263 E.03788
G1 X58.129 Y49.456 E.03929
;WIDTH:0.588205
G1 X57.911 Y48.635 E.03849
;WIDTH:0.565059
G1 X57.713 Y47.626 E.04466
;WIDTH:0.537467
G1 X57.614 Y46.912 E.02963
;WIDTH:0.515836
G1 X57.57 Y46.577 E.01328
;WIDTH:0.482918
G1 X57.526 Y46.243 E.01235
;WIDTH:0.449999
G1 X57.505 Y45.414 E.02805
G1 X57.524 Y44.811 E.02043
G1 X61.029 Y45.017 E.11884
M204 S10000
G1 E-.8 F1800
G1 X60.545 Y52.635 Z25.2 F7200
G1 X60.512 Y53.164 Z25.2
G1 Z24.8
G1 E.8 F1800
M204 S500
;WIDTH:0.482917
G1 F996
G1 X60.401 Y53.135 E.00419
;WIDTH:0.515834
G1 X60.29 Y53.106 E.0045
;WIDTH:0.537463
G1 X59.966 Y52.509 E.02793
;WIDTH:0.565057
G1 X59.535 Y51.607 E.04344
;WIDTH:0.588204
G1 X59.234 Y50.85 E.03689
;WIDTH:0.599875
G1 X58.702 Y49.317 E.07519
;WIDTH:0.588317
G1 X58.469 Y48.539 E.03682
;WIDTH:0.565487
G1 X58.281 Y47.741 E.0356
;WIDTH:0.538762
G1 X58.146 Y46.988 E.03155
;WIDTH:0.522336
G1 X58.128 Y46.87 E.00475
;WIDTH:0.515836
G1 X58.221 Y46.772 E.00532
;WIDTH:0.482918
G1 X58.313 Y46.673 E.00495
;WIDTH:0.449999
G1 X59.978 Y46.406 E.05706
G1 X60.069 Y46.414 E.00309
G1 X60.186 Y46.551 E.0061
G1 X60.325 Y47.283 E.02521
G1 X60.495 Y47.958 E.02356
G1 X60.747 Y48.748 E.02808
G1 X61.227 Y50.132 E.04956
G1 X61.475 Y50.786 E.02369
G1 X61.76 Y51.422 E.02358
G1 X62.104 Y52.083 E.02521
G1 X62.096 Y52.289 E.007
G1 X60.547 Y53.145 E.0599
M204 S10000
G1 E-.8 F1800
G1 X62.542 Y51.92 Z25.2 F7200
G1 Z24.8
G1 E.8 F1800
M204 S1500
;TYPE:Inner wall
;WIDTH:0.525708
G1 F996
G1 X62.514 Y51.869 E.00234
;WIDTH:0.518212
G1 X62.334 Y51.55 E.01448
;WIDTH:0.492924
G1 X62.154 Y51.231 E.01371
;WIDTH:0.467636
G1 X61.954 Y50.81 E.01647
;WIDTH:0.43209
G1 X61.754 Y50.389 E.01509
;WIDTH:0.396544
G1 X61.551 Y49.892 E.01579
;WIDTH:0.362908
G1 X61.315 Y49.24 E.01844
;WIDTH:0.36377
G1 X61.099 Y48.581 E.01851
;WIDTH:0.391585
G1 X60.996 Y48.213 E.01109
;WIDTH:0.4194
G1 X60.893 Y47.845 E.01197
;WIDTH:0.444772
G1 X60.808 Y47.439 E.01384
;WIDTH:0.470144
G1 X60.724 Y47.034 E.01471
;WIDTH:0.518214
G1 X60.64 Y46.465 E.02272
M204 S10000
G1 E-.8 F1800
G1 X58.427 Y45.705 Z25.2 F7200
G1 Z24.8
G1 E.8 F1800
M204 S500
;TYPE:Internal solid infill
;WIDTH:0.541214
G1 F996
G1 X58.364 Y45.705 E.00258
G1 X58.333 Y45.759 E.00258
G1 X58.364 Y45.812 E.00258
G1 X58.427 Y45.812 E.00258
G1 X58.438 Y45.793 E.00092
M204 S10000
G1 E-.8 F1800
G1 X60.962 Y52.996 Z25.2 F7200
G1 X61.229 Y53.761 Z25.2
G1 Z24.8
G1 E.8 F1800
M204 S500
;WIDTH:0.552684
G1 F996
G1 X61.166 Y53.761 E.0027
G1 X61.134 Y53.816 E.0027
G1 X61.166 Y53.871 E.0027
G1 X61.229 Y53.871 E.0027
G1 X61.241 Y53.85 E.00101
; stop printing object magic-spinning-top.stl id:730144440329 copy 0
;LAYER_CHANGE
;Z:25
;HEIGHT:0.200001
G92 E0
;_SET_FAN_SPEED_CHANGING_LAYER
; printing object magic-spinning-top.stl id:730144440329 copy 0
M204 S10000
G1 E-.8 F1800
G1 X60.64 Y46.465 Z25.4 F7200
G1 Z25
G1 E.8 F1800
M204 S1500
;TYPE:Inner wall
;WIDTH:0.53332
G1 F996
G1 X60.603 Y46.322 E.00602
;WIDTH:0.558758
G1 X60.233 Y45.96 E.02218
G1 X59.903 Y45.94 E.01419
;WIDTH:0.536647
G1 X58.998 Y46.113 E.03783
;WIDTH:0.493323
G1 X58.093 Y46.286 E.03451
;WIDTH:0.449999
G1 X57.976 Y46.487 E.00785
G1 X57.943 Y45.767 E.02438
G1 X57.939 Y45.264 E.01702
G1 X58.433 Y45.294 E.01675
;WIDTH:0.493323
G1 X59.05 Y45.348 E.02319
;WIDTH:0.536647
G1 X59.666 Y45.403 E.02542
;WIDTH:0.558758
G1 X60.574 Y45.474 E.03903
G1 X60.579 Y45.708 E.01001
G1 X60.637 Y46.425 E.03086
M204 S10000
G1 E-.8 F1800
G1 X60.425 Y53.526 Z25.4 F7200
G1 Z25
G1 E.8 F1800
M204 S1500
;WIDTH:0.449999
G1 F996
G1 X60.611 Y53.581 E.00657
G1 X60.973 Y53.405 E.01363
;WIDTH:0.483496
G1 X61.403 Y53.185 E.01771
;WIDTH:0.516992
G1 X61.833 Y52.964 E.01906
;WIDTH:0.550488
G1 X62.264 Y52.744 E.0204
;WIDTH:0.558758
G1 X62.507 Y52.517 E.01426
G1 X62.585 Y52.046 E.0205
;WIDTH:0.536865
G1 X62.542 Y51.92 E.00544
G1 X62.609 Y52.035 E.00546
;WIDTH:0.558758
G1 X63.075 Y52.688 E.03441
G1 X62.556 Y53.155 E.02996
;WIDTH:0.550488
G1 X62.086 Y53.603 E.02739
;WIDTH:0.516992
G1 X61.616 Y54.05 E.02558
;WIDTH:0.483496
G1 X61.146 Y54.498 E.02377
;WIDTH:0.449999
G1 X60.828 Y54.087 E.0176
G1 X60.448 Y53.558 E.02203
M204 S10000
G1 E-.8 F1800
G1 X61.001 Y45.946 Z25.4 F7200
G1 X61.069 Y45.02 Z25.4
G1 Z25
G1 E.8 F1800
M204 S500
;TYPE:Outer wall
G1 F996
G1 X61.062 Y45.689 E.02265
G1 X61.1 Y46.416 E.02467
G1 X61.182 Y47.108 E.02357
G1 X61.354 Y48.016 E.03129
G1 X61.676 Y49.138 E.03953
G1 X61.948 Y49.838 E.02542
G1 X62.222 Y50.433 E.02215
G1 X62.599 Y51.137 E.02702
G1 X62.991 Y51.758 E.02487
G1 X63.423 Y52.352 E.02486
G1 X63.745 Y52.739 E.01704
G1 X61.091 Y55.097 E.12019
G1 X60.693 Y54.622 E.02098
G1 X60.198 Y53.959 E.028
;WIDTH:0.48613
G1 X59.986 Y53.607 E.01514
;WIDTH:0.522261
G1 X59.775 Y53.256 E.01637
;WIDTH:0.546959
G1 X59.334 Y52.475 E.03758
;WIDTH:0.565501
G1 X59.002 Y51.8 E.03265
;WIDTH:0.588322
G1 X58.673 Y51.03 E.03798
;WIDTH:0.599875
G1 X58.389 Y50.263 E.03788
G1 X58.129 Y49.456 E.03927
;WIDTH:0.588213
G1 X57.911 Y48.637 E.03846
;WIDTH:0.565076
G1 X57.745 Y47.817 E.03631
;WIDTH:0.540536
G1 X57.614 Y46.912 E.03782
;WIDTH:0.515835
G1 X57.57 Y46.577 E.01328
;WIDTH:0.482917
G1 X57.526 Y46.243 E.01235
;WIDTH:0.449999
G1 X57.505 Y45.414 E.02805
G1 X57.524 Y44.811 E.02043
G1 X61.029 Y45.017 E.11884
M204 S10000
G1 E-.8 F1800
G1 X60.545 Y52.635 Z25.4 F7200
G1 X60.512 Y53.164 Z25.4
G1 Z25
G1 E.8 F1800
M204 S500
;WIDTH:0.482917
G1 F996
G1 X60.401 Y53.135 E.00419
;WIDTH:0.515834
G1 X60.29 Y53.106 E.0045
;WIDTH:0.540535
G1 X59.876 Y52.339 E.03605
M73 P80 R4
;WIDTH:0.565074
G1 X59.536 Y51.609 E.03499
;WIDTH:0.588212
G1 X59.234 Y50.85 E.03704
;WIDTH:0.599875
G1 X58.702 Y49.317 E.07516
;WIDTH:0.588324
G1 X58.469 Y48.539 E.03683
;WIDTH:0.565503
G1 X58.302 Y47.838 E.03129
;WIDTH:0.546958
G1 X58.146 Y46.987 E.03629
;WIDTH:0.522266
G1 X58.128 Y46.87 E.00469
;WIDTH:0.515835
G1 X58.221 Y46.772 E.00532
;WIDTH:0.482917
G1 X58.313 Y46.673 E.00495
;WIDTH:0.449999
G1 X59.978 Y46.406 E.05706
G1 X60.069 Y46.414 E.00309
G1 X60.186 Y46.551 E.0061
G1 X60.325 Y47.283 E.02521
G1 X60.495 Y47.958 E.02356
G1 X60.759 Y48.783 E.02933
G1 X61.227 Y50.132 E.04832
G1 X61.475 Y50.786 E.02369
G1 X61.76 Y51.422 E.02358
G1 X62.104 Y52.083 E.02521
G1 X62.096 Y52.289 E.007
G1 X60.547 Y53.145 E.0599
M204 S10000
G1 E-.8 F1800
G1 X62.542 Y51.92 Z25.4 F7200
G1 Z25
G1 E.8 F1800
M204 S1500
;TYPE:Inner wall
;WIDTH:0.525712
G1 F996
G1 X62.514 Y51.869 E.00234
;WIDTH:0.518214
G1 X62.334 Y51.55 E.01448
;WIDTH:0.492416
G1 X62.154 Y51.231 E.01369
;WIDTH:0.466618
G1 X61.985 Y50.884 E.0136
;WIDTH:0.437162
G1 X61.817 Y50.537 E.01265
;WIDTH:0.407706
G1 X61.552 Y49.893 E.02111
;WIDTH:0.36301
G1 X61.311 Y49.227 E.01885
;WIDTH:0.376164
G1 X61.131 Y48.659 E.01651
;WIDTH:0.401643
G1 X61.014 Y48.251 E.01266
;WIDTH:0.427122
G1 X60.896 Y47.843 E.01356
;WIDTH:0.470128
G1 X60.724 Y47.034 E.0294
;WIDTH:0.518214
G1 X60.64 Y46.465 E.02273
M204 S10000
G1 E-.8 F1800
G1 X58.427 Y45.705 Z25.4 F7200
G1 Z25
G1 E.8 F1800
M204 S500
;TYPE:Internal solid infill
;WIDTH:0.541214
G1 F996
G1 X58.364 Y45.705 E.00258
G1 X58.333 Y45.759 E.00258
G1 X58.364 Y45.812 E.00258
G1 X58.427 Y45.812 E.00258
G1 X58.438 Y45.793 E.00092
M204 S10000
G1 E-.8 F1800
G1 X60.962 Y52.996 Z25.4 F7200
G1 X61.229 Y53.761 Z25.4
G1 Z25
G1 E.8 F1800
M204 S500
;WIDTH:0.55268
G1 F996
G1 X61.166 Y53.761 E.0027
G1 X61.134 Y53.816 E.0027
G1 X61.166 Y53.871 E.0027
G1 X61.229 Y53.871 E.0027
G1 X61.241 Y53.85 E.00101
; stop printing object magic-spinning-top.stl id:730144440329 copy 0
;LAYER_CHANGE
;Z:25.2
;HEIGHT:0.200001
G92 E0
;_SET_FAN_SPEED_CHANGING_LAYER
; printing object magic-spinning-top.stl id:730144440329 copy 0
M204 S10000
G1 E-.8 F1800
G1 X60.64 Y46.465 Z25.6 F7200
G1 Z25.2
G1 E.8 F1800
M204 S1500
;TYPE:Inner wall
;WIDTH:0.533318
G1 F996
G1 X60.603 Y46.322 E.00602
;WIDTH:0.558758
G1 X60.233 Y45.96 E.02218
G1 X59.903 Y45.94 E.01419
;WIDTH:0.536647
G1 X58.998 Y46.113 E.03783
;WIDTH:0.493323
G1 X58.093 Y46.286 E.03451
;WIDTH:0.449999
G1 X57.976 Y46.487 E.00785
G1 X57.943 Y45.767 E.02438
G1 X57.939 Y45.264 E.01702
G1 X58.433 Y45.294 E.01675
;WIDTH:0.493323
G1 X59.05 Y45.348 E.02319
;WIDTH:0.536647
G1 X59.666 Y45.403 E.02542
;WIDTH:0.558758
G1 X60.574 Y45.474 E.03903
G1 X60.579 Y45.708 E.01001
G1 X60.637 Y46.425 E.03086
M204 S10000
G1 E-.8 F1800
G1 X60.425 Y53.526 Z25.6 F7200
G1 Z25.2
G1 E.8 F1800
M204 S1500
;WIDTH:0.449999
G1 F996
G1 X60.611 Y53.581 E.00657
G1 X60.973 Y53.405 E.01363
;WIDTH:0.483495
G1 X61.403 Y53.185 E.01771
;WIDTH:0.516991
G1 X61.833 Y52.964 E.01906
;WIDTH:0.550487
G1 X62.264 Y52.744 E.0204
;WIDTH:0.558759
G1 X62.507 Y52.517 E.01426
G1 X62.585 Y52.046 E.0205
;WIDTH:0.536864
G1 X62.542 Y51.92 E.00544
G1 X62.609 Y52.035 E.00546
;WIDTH:0.558759
G1 X63.075 Y52.688 E.03441
G1 X62.556 Y53.155 E.02996
;WIDTH:0.550487
G1 X62.086 Y53.603 E.02739
;WIDTH:0.516991
G1 X61.616 Y54.05 E.02558
;WIDTH:0.483495
G1 X61.146 Y54.498 E.02377
;WIDTH:0.449999
G1 X60.828 Y54.087 E.0176
G1 X60.448 Y53.558 E.02203
M204 S10000
G1 E-.8 F1800
G1 X61.001 Y45.946 Z25.6 F7200
G1 X61.069 Y45.02 Z25.6
G1 Z25.2
G1 E.8 F1800
M204 S500
;TYPE:Outer wall
G1 F996
G1 X61.062 Y45.689 E.02265
G1 X61.1 Y46.416 E.02467
G1 X61.182 Y47.107 E.02356
G1 X61.357 Y48.027 E.03167
G1 X61.677 Y49.138 E.03915
G1 X61.948 Y49.838 E.02542
G1 X62.222 Y50.433 E.02215
G1 X62.599 Y51.137 E.02702
G1 X62.991 Y51.758 E.02487
G1 X63.423 Y52.352 E.02486
G1 X63.745 Y52.739 E.01704
G1 X61.091 Y55.097 E.12019
G1 X60.693 Y54.622 E.02098
G1 X60.198 Y53.959 E.028
;WIDTH:0.486131
G1 X59.986 Y53.607 E.01514
;WIDTH:0.522263
G1 X59.775 Y53.256 E.01637
;WIDTH:0.546888
G1 X59.335 Y52.476 E.0375
;WIDTH:0.565517
G1 X59.002 Y51.8 E.03273
;WIDTH:0.588332
G1 X58.673 Y51.03 E.03798
;WIDTH:0.599875
G1 X58.389 Y50.263 E.03788
G1 X58.129 Y49.457 E.03924
;WIDTH:0.588221
G1 X57.911 Y48.638 E.03844
;WIDTH:0.565092
G1 X57.745 Y47.817 E.03637
;WIDTH:0.540558
G1 X57.614 Y46.912 E.03782
;WIDTH:0.515836
G1 X57.57 Y46.577 E.01328
;WIDTH:0.482918
G1 X57.526 Y46.243 E.01235
;WIDTH:0.449999
G1 X57.505 Y45.414 E.02805
G1 X57.524 Y44.811 E.02043
G1 X61.029 Y45.017 E.11884
M204 S10000
G1 E-.8 F1800
G1 X60.545 Y52.635 Z25.6 F7200
G1 X60.512 Y53.164 Z25.6
G1 Z25.2
G1 E.8 F1800
M204 S500
;WIDTH:0.482917
G1 F996
G1 X60.401 Y53.135 E.00419
;WIDTH:0.515834
G1 X60.29 Y53.106 E.0045
;WIDTH:0.540558
G1 X59.876 Y52.339 E.03605
;WIDTH:0.565092
G1 X59.535 Y51.608 E.03504
;WIDTH:0.58822
G1 X59.234 Y50.849 E.03701
;WIDTH:0.599875
G1 X58.702 Y49.317 E.07513
;WIDTH:0.588332
G1 X58.469 Y48.539 E.03683
;WIDTH:0.565518
G1 X58.301 Y47.837 E.03136
;WIDTH:0.54689
G1 X58.146 Y46.987 E.03621
;WIDTH:0.522267
G1 X58.128 Y46.87 E.00469
;WIDTH:0.515836
G1 X58.221 Y46.772 E.00532
;WIDTH:0.482918
G1 X58.313 Y46.673 E.00495
;WIDTH:0.449999
G1 X59.978 Y46.406 E.05706
G1 X60.069 Y46.414 E.00309
G1 X60.186 Y46.551 E.0061
G1 X60.325 Y47.283 E.02521
G1 X60.495 Y47.958 E.02355
G1 X60.771 Y48.818 E.03057
G1 X61.227 Y50.132 E.04708
G1 X61.475 Y50.786 E.02369
G1 X61.76 Y51.422 E.02358
G1 X62.104 Y52.083 E.02521
G1 X62.096 Y52.289 E.007
G1 X60.547 Y53.145 E.0599
M204 S10000
G1 E-.8 F1800
G1 X62.542 Y51.92 Z25.6 F7200
G1 Z25.2
G1 E.8 F1800
M204 S1500
;TYPE:Inner wall
;WIDTH:0.52571
G1 F996
G1 X62.514 Y51.869 E.00234
;WIDTH:0.518212
G1 X62.334 Y51.55 E.01448
;WIDTH:0.492408
G1 X62.154 Y51.231 E.01369
;WIDTH:0.466604
G1 X61.986 Y50.886 E.01354
;WIDTH:0.437309
G1 X61.818 Y50.54 E.01261
;WIDTH:0.408014
G1 X61.553 Y49.895 E.02118
;WIDTH:0.363106
G1 X61.311 Y49.227 E.0189
;WIDTH:0.373976
G1 X61.142 Y48.694 E.01541
;WIDTH:0.400795
G1 X61.019 Y48.268 E.01318
;WIDTH:0.427614
G1 X60.896 Y47.843 E.01417
;WIDTH:0.470126
G1 X60.724 Y47.034 E.02938
;WIDTH:0.518212
G1 X60.64 Y46.465 E.02273
M204 S10000
G1 E-.8 F1800
G1 X58.427 Y45.705 Z25.6 F7200
G1 Z25.2
G1 E.8 F1800
M204 S500
;TYPE:Internal solid infill
;WIDTH:0.541214
G1 F996
G1 X58.364 Y45.705 E.00258
G1 X58.333 Y45.759 E.00258
G1 X58.364 Y45.812 E.00258
G1 X58.427 Y45.812 E.00258
G1 X58.438 Y45.793 E.00092
M204 S10000
G1 E-.8 F1800
G1 X60.962 Y52.996 Z25.6 F7200
G1 X61.229 Y53.761 Z25.6
G1 Z25.2
G1 E.8 F1800
M204 S500
;WIDTH:0.552686
G1 F996
G1 X61.166 Y53.761 E.0027
G1 X61.134 Y53.816 E.0027
G1 X61.166 Y53.871 E.0027
G1 X61.229 Y53.871 E.0027
G1 X61.241 Y53.85 E.00101
; stop printing object magic-spinning-top.stl id:730144440329 copy 0
;LAYER_CHANGE
;Z:25.4
;HEIGHT:0.199999
G92 E0
;_SET_FAN_SPEED_CHANGING_LAYER
; printing object magic-spinning-top.stl id:730144440329 copy 0
M204 S10000
G1 E-.8 F1800
G1 X60.64 Y46.465 Z25.8 F7200
G1 Z25.4
G1 E.8 F1800
M204 S1500
;TYPE:Inner wall
;WIDTH:0.533318
G1 F996
G1 X60.603 Y46.322 E.00602
;WIDTH:0.558758
G1 X60.233 Y45.96 E.02218
G1 X59.903 Y45.94 E.01419
;WIDTH:0.536647
G1 X58.998 Y46.113 E.03783
;WIDTH:0.493323
G1 X58.093 Y46.286 E.03451
;WIDTH:0.449999
G1 X57.976 Y46.487 E.00785
G1 X57.943 Y45.767 E.02438
G1 X57.939 Y45.264 E.01702
G1 X58.433 Y45.294 E.01675
;WIDTH:0.493323
G1 X59.05 Y45.348 E.02319
;WIDTH:0.536647
G1 X59.666 Y45.403 E.02542
;WIDTH:0.558758
G1 X60.574 Y45.474 E.03903
G1 X60.579 Y45.708 E.01001
G1 X60.637 Y46.425 E.03086
M204 S10000
G1 E-.8 F1800
G1 X60.425 Y53.526 Z25.8 F7200
G1 Z25.4
G1 E.8 F1800
M204 S1500
;WIDTH:0.449999
G1 F996
G1 X60.611 Y53.581 E.00657
G1 X60.973 Y53.405 E.01363
;WIDTH:0.483495
G1 X61.403 Y53.185 E.01771
;WIDTH:0.516991
G1 X61.833 Y52.964 E.01906
;WIDTH:0.550487
G1 X62.264 Y52.744 E.0204
;WIDTH:0.558758
G1 X62.507 Y52.517 E.01426
G1 X62.585 Y52.046 E.0205
;WIDTH:0.536863
G1 X62.542 Y51.92 E.00544
G1 X62.609 Y52.035 E.00546
;WIDTH:0.558758
G1 X63.075 Y52.688 E.03441
G1 X62.556 Y53.155 E.02996
;WIDTH:0.550487
G1 X62.086 Y53.603 E.02739
;WIDTH:0.516991
G1 X61.616 Y54.05 E.02558
;WIDTH:0.483495
G1 X61.146 Y54.498 E.02377
;WIDTH:0.449999
G1 X60.828 Y54.087 E.0176
G1 X60.448 Y53.558 E.02203
M204 S10000
G1 E-.8 F1800
G1 X61.001 Y45.946 Z25.8 F7200
G1 X61.069 Y45.02 Z25.8
G1 Z25.4
G1 E.8 F1800
M204 S500
;TYPE:Outer wall
G1 F996
G1 X61.062 Y45.689 E.02265
G1 X61.1 Y46.416 E.02467
G1 X61.182 Y47.112 E.02372
G1 X61.311 Y47.838 E.02496
G1 X61.513 Y48.616 E.02719
G1 X61.677 Y49.138 E.01853
G1 X61.948 Y49.838 E.02542
G1 X62.221 Y50.433 E.02215
G1 X62.599 Y51.137 E.02702
G1 X62.991 Y51.758 E.02487
G1 X63.423 Y52.352 E.02486
G1 X63.745 Y52.739 E.01704
G1 X61.091 Y55.097 E.12019
G1 X60.693 Y54.622 E.02098
G1 X60.198 Y53.959 E.028
;WIDTH:0.486132
G1 X59.986 Y53.607 E.01514
;WIDTH:0.522264
G1 X59.775 Y53.256 E.01637
;WIDTH:0.546818
G1 X59.336 Y52.478 E.03742
;WIDTH:0.565637
G1 X59.001 Y51.797 E.03297
;WIDTH:0.591801
G1 X58.59 Y50.805 E.04901
;WIDTH:0.599875
G1 X58.389 Y50.263 E.02675
G1 X58.13 Y49.457 E.03921
;WIDTH:0.58823
G1 X57.911 Y48.639 E.03841
;WIDTH:0.565108
G1 X57.745 Y47.817 E.03642
;WIDTH:0.54058
G1 X57.614 Y46.912 E.03782
;WIDTH:0.515836
G1 X57.57 Y46.577 E.01328
;WIDTH:0.482918
G1 X57.526 Y46.243 E.01235
;WIDTH:0.449999
G1 X57.505 Y45.414 E.02805
G1 X57.524 Y44.811 E.02043
G1 X61.029 Y45.017 E.11884
M204 S10000
G1 E-.8 F1800
G1 X60.545 Y52.635 Z25.8 F7200
G1 X60.512 Y53.164 Z25.8
G1 Z25.4
G1 E.8 F1800
M204 S500
;WIDTH:0.482917
G1 F996
G1 X60.401 Y53.135 E.00419
;WIDTH:0.515834
G1 X60.29 Y53.106 E.0045
;WIDTH:0.540579
G1 X59.876 Y52.339 E.03605
;WIDTH:0.565106
G1 X59.535 Y51.607 E.0351
;WIDTH:0.590869
G1 X59.238 Y50.849 E.03707
;WIDTH:0.599875
G1 X58.702 Y49.317 E.07519
;WIDTH:0.588342
G1 X58.469 Y48.539 E.03683
;WIDTH:0.565533
G1 X58.301 Y47.835 E.03144
;WIDTH:0.546821
G1 X58.146 Y46.987 E.03613
;WIDTH:0.522268
G1 X58.13 Y46.893 E.00378
;WIDTH:0.517192
G1 X58.201 Y46.787 E.00504
;WIDTH:0.483596
G1 X58.271 Y46.68 E.00468
;WIDTH:0.449999
G1 X59.978 Y46.406 E.05852
G1 X60.069 Y46.414 E.00309
G1 X60.186 Y46.551 E.0061
G1 X60.325 Y47.283 E.02521
G1 X60.495 Y47.958 E.02355
M73 P81 R4
G1 X60.783 Y48.852 E.03181
G1 X61.227 Y50.132 E.04584
G1 X61.475 Y50.786 E.02369
G1 X61.76 Y51.422 E.02358
G1 X62.104 Y52.083 E.02521
G1 X62.096 Y52.289 E.007
G1 X60.547 Y53.145 E.0599
M204 S10000
G1 E-.8 F1800
G1 X62.542 Y51.92 Z25.8 F7200
G1 Z25.4
G1 E.8 F1800
M204 S1500
;TYPE:Inner wall
;WIDTH:0.52571
G1 F996
G1 X62.514 Y51.869 E.00234
;WIDTH:0.518212
G1 X62.334 Y51.55 E.01448
;WIDTH:0.492401
G1 X62.154 Y51.232 E.01369
;WIDTH:0.46659
G1 X61.986 Y50.887 E.01348
;WIDTH:0.437453
G1 X61.819 Y50.543 E.01256
;WIDTH:0.408316
G1 X61.553 Y49.896 E.02124
;WIDTH:0.363206
G1 X61.315 Y49.24 E.01859
;WIDTH:0.361744
G1 X61.098 Y48.576 E.01852
;WIDTH:0.390452
G1 X60.995 Y48.21 E.01099
;WIDTH:0.41916
G1 X60.892 Y47.844 E.0119
;WIDTH:0.444653
G1 X60.808 Y47.439 E.01382
;WIDTH:0.470146
G1 X60.724 Y47.034 E.0147
;WIDTH:0.518212
G1 X60.64 Y46.465 E.02272
M204 S10000
G1 E-.8 F1800
G1 X58.427 Y45.705 Z25.8 F7200
G1 Z25.4
G1 E.8 F1800
M204 S500
;TYPE:Internal solid infill
;WIDTH:0.541214
G1 F996
G1 X58.364 Y45.705 E.00258
G1 X58.333 Y45.759 E.00258
G1 X58.364 Y45.812 E.00258
G1 X58.427 Y45.812 E.00258
G1 X58.438 Y45.793 E.00092
M204 S10000
G1 E-.8 F1800
G1 X60.962 Y52.996 Z25.8 F7200
G1 X61.229 Y53.761 Z25.8
G1 Z25.4
G1 E.8 F1800
M204 S500
;WIDTH:0.552686
G1 F996
G1 X61.166 Y53.761 E.0027
G1 X61.134 Y53.816 E.0027
G1 X61.166 Y53.871 E.0027
G1 X61.229 Y53.871 E.0027
G1 X61.241 Y53.85 E.00101
; stop printing object magic-spinning-top.stl id:730144440329 copy 0
;LAYER_CHANGE
;Z:25.6
;HEIGHT:0.200001
G92 E0
;_SET_FAN_SPEED_CHANGING_LAYER
; printing object magic-spinning-top.stl id:730144440329 copy 0
M204 S10000
G1 E-.8 F1800
G1 X60.64 Y46.465 Z26 F7200
G1 Z25.6
G1 E.8 F1800
M204 S1500
;TYPE:Inner wall
;WIDTH:0.533318
G1 F996
G1 X60.603 Y46.322 E.00602
;WIDTH:0.558758
G1 X60.233 Y45.96 E.02218
G1 X59.903 Y45.94 E.01419
;WIDTH:0.536647
G1 X58.998 Y46.113 E.03783
;WIDTH:0.493323
G1 X58.093 Y46.286 E.03451
;WIDTH:0.449999
G1 X57.976 Y46.487 E.00785
G1 X57.943 Y45.767 E.02438
G1 X57.939 Y45.264 E.01702
G1 X58.433 Y45.294 E.01675
;WIDTH:0.493323
G1 X59.05 Y45.348 E.02319
;WIDTH:0.536647
G1 X59.666 Y45.403 E.02542
;WIDTH:0.558758
G1 X60.574 Y45.474 E.03903
G1 X60.579 Y45.708 E.01001
G1 X60.637 Y46.425 E.03086
M204 S10000
G1 E-.8 F1800
G1 X60.425 Y53.526 Z26 F7200
G1 Z25.6
G1 E.8 F1800
M204 S1500
;WIDTH:0.449999
G1 F996
G1 X60.611 Y53.581 E.00657
G1 X60.973 Y53.405 E.01363
;WIDTH:0.483495
G1 X61.403 Y53.185 E.01771
;WIDTH:0.516991
G1 X61.833 Y52.964 E.01906
;WIDTH:0.550487
G1 X62.264 Y52.744 E.0204
;WIDTH:0.558758
G1 X62.507 Y52.517 E.01426
G1 X62.585 Y52.046 E.0205
;WIDTH:0.536864
G1 X62.542 Y51.92 E.00544
G1 X62.609 Y52.035 E.00546
;WIDTH:0.558758
G1 X63.075 Y52.688 E.03441
G1 X62.556 Y53.155 E.02996
;WIDTH:0.550487
G1 X62.086 Y53.603 E.02739
;WIDTH:0.516991
G1 X61.616 Y54.05 E.02558
;WIDTH:0.483495
G1 X61.146 Y54.498 E.02377
;WIDTH:0.449999
G1 X60.828 Y54.087 E.0176
G1 X60.448 Y53.558 E.02203
M204 S10000
G1 E-.8 F1800
G1 X61.001 Y45.946 Z26 F7200
G1 X61.069 Y45.02 Z26
G1 Z25.6
G1 E.8 F1800
M204 S500
;TYPE:Outer wall
G1 F996
G1 X61.062 Y45.689 E.02265
G1 X61.1 Y46.416 E.02467
G1 X61.182 Y47.107 E.02354
G1 X61.362 Y48.049 E.03245
G1 X61.677 Y49.138 E.0384
G1 X61.948 Y49.838 E.02541
G1 X62.221 Y50.433 E.02215
G1 X62.599 Y51.137 E.02703
G1 X62.991 Y51.758 E.02487
G1 X63.423 Y52.352 E.02486
G1 X63.745 Y52.739 E.01704
G1 X61.091 Y55.097 E.12019
G1 X60.693 Y54.622 E.02098
G1 X60.198 Y53.959 E.028
;WIDTH:0.486132
G1 X59.986 Y53.607 E.01514
;WIDTH:0.522265
G1 X59.775 Y53.256 E.01637
;WIDTH:0.54675
G1 X59.337 Y52.479 E.03734
;WIDTH:0.565667
G1 X59.001 Y51.797 E.03307
;WIDTH:0.592335
G1 X58.577 Y50.771 E.05072
;WIDTH:0.599875
G1 X58.389 Y50.263 E.02505
G1 X58.13 Y49.458 E.03918
;WIDTH:0.588238
G1 X57.912 Y48.64 E.03838
;WIDTH:0.565124
G1 X57.744 Y47.817 E.03648
;WIDTH:0.540602
G1 X57.614 Y46.912 E.03782
;WIDTH:0.515836
G1 X57.57 Y46.577 E.01328
;WIDTH:0.482918
G1 X57.526 Y46.243 E.01235
;WIDTH:0.449999
G1 X57.505 Y45.414 E.02805
G1 X57.524 Y44.811 E.02043
G1 X61.029 Y45.017 E.11884
M204 S10000
G1 E-.8 F1800
G1 X60.545 Y52.635 Z26 F7200
G1 X60.512 Y53.164 Z26
G1 Z25.6
G1 E.8 F1800
M204 S500
;WIDTH:0.482917
G1 F996
G1 X60.401 Y53.135 E.00419
;WIDTH:0.515834
G1 X60.29 Y53.106 E.0045
;WIDTH:0.540601
G1 X59.876 Y52.339 E.03605
;WIDTH:0.565124
G1 X59.534 Y51.606 E.03515
;WIDTH:0.591178
G1 X59.238 Y50.849 E.03706
;WIDTH:0.599875
G1 X58.702 Y49.317 E.07517
;WIDTH:0.58835
G1 X58.469 Y48.539 E.03683
;WIDTH:0.565549
G1 X58.3 Y47.833 E.03152
;WIDTH:0.546751
G1 X58.146 Y46.987 E.03605
;WIDTH:0.522268
G1 X58.128 Y46.87 E.0047
;WIDTH:0.515836
G1 X58.221 Y46.772 E.00532
;WIDTH:0.482918
G1 X58.313 Y46.673 E.00495
;WIDTH:0.449999
G1 X59.978 Y46.406 E.05706
G1 X60.069 Y46.414 E.00309
G1 X60.186 Y46.551 E.0061
G1 X60.325 Y47.283 E.02521
G1 X60.495 Y47.958 E.02355
G1 X60.795 Y48.887 E.03306
G1 X61.227 Y50.132 E.0446
G1 X61.475 Y50.786 E.02369
G1 X61.76 Y51.422 E.02358
G1 X62.104 Y52.083 E.02521
G1 X62.096 Y52.289 E.007
G1 X60.547 Y53.145 E.0599
M204 S10000
G1 E-.8 F1800
G1 X62.542 Y51.92 Z26 F7200
G1 Z25.6
G1 E.8 F1800
M204 S1500
;TYPE:Inner wall
;WIDTH:0.52571
G1 F996
G1 X62.514 Y51.869 E.00234
;WIDTH:0.518214
G1 X62.334 Y51.55 E.01448
;WIDTH:0.492394
G1 X62.154 Y51.232 E.01369
;WIDTH:0.466574
G1 X61.987 Y50.889 E.01343
;WIDTH:0.437598
G1 X61.821 Y50.546 E.01251
;WIDTH:0.408622
G1 X61.554 Y49.898 E.02131
;WIDTH:0.363306
G1 X61.32 Y49.256 E.01819
;WIDTH:0.369682
G1 X61.164 Y48.763 E.01405
;WIDTH:0.399136
G1 X61.03 Y48.303 E.0142
;WIDTH:0.42859
G1 X60.897 Y47.842 E.01538
;WIDTH:0.470174
G1 X60.724 Y47.033 E.02939
;WIDTH:0.518212
G1 X60.64 Y46.465 E.02271
M204 S10000
G1 E-.8 F1800
G1 X58.427 Y45.705 Z26 F7200
G1 Z25.6
G1 E.8 F1800
M204 S500
;TYPE:Internal solid infill
;WIDTH:0.541214
G1 F996
G1 X58.364 Y45.705 E.00258
G1 X58.333 Y45.759 E.00258
G1 X58.364 Y45.812 E.00258
G1 X58.427 Y45.812 E.00258
G1 X58.438 Y45.793 E.00092
M204 S10000
G1 E-.8 F1800
G1 X60.962 Y52.996 Z26 F7200
G1 X61.229 Y53.761 Z26
G1 Z25.6
G1 E.8 F1800
M204 S500
;WIDTH:0.552686
G1 F996
G1 X61.166 Y53.761 E.0027
G1 X61.134 Y53.816 E.0027
G1 X61.166 Y53.871 E.0027
G1 X61.229 Y53.871 E.0027
G1 X61.241 Y53.85 E.00101
; stop printing object magic-spinning-top.stl id:730144440329 copy 0
;LAYER_CHANGE
;Z:25.8
;HEIGHT:0.199999
G92 E0
;_SET_FAN_SPEED_CHANGING_LAYER
; printing object magic-spinning-top.stl id:730144440329 copy 0
M204 S10000
G1 E-.8 F1800
G1 X60.64 Y46.465 Z26.2 F7200
G1 Z25.8
G1 E.8 F1800
M204 S1500
;TYPE:Inner wall
;WIDTH:0.533319
G1 F996
G1 X60.603 Y46.322 E.00602
;WIDTH:0.558757
G1 X60.233 Y45.96 E.02218
G1 X59.903 Y45.94 E.01419
;WIDTH:0.536646
G1 X58.998 Y46.113 E.03783
;WIDTH:0.493323
G1 X58.093 Y46.286 E.03451
;WIDTH:0.449999
G1 X57.976 Y46.487 E.00785
G1 X57.943 Y45.767 E.02438
G1 X57.939 Y45.264 E.01702
G1 X58.433 Y45.294 E.01675
;WIDTH:0.493323
G1 X59.05 Y45.348 E.0232
;WIDTH:0.536646
G1 X59.667 Y45.403 E.02543
;WIDTH:0.558757
G1 X60.574 Y45.474 E.03902
G1 X60.579 Y45.708 E.01001
G1 X60.637 Y46.425 E.03086
M204 S10000
G1 E-.8 F1800
G1 X60.425 Y53.526 Z26.2 F7200
G1 Z25.8
M73 P81 R3
G1 E.8 F1800
M204 S1500
;WIDTH:0.449999
G1 F996
G1 X60.611 Y53.581 E.00657
G1 X60.973 Y53.405 E.01363
;WIDTH:0.483495
G1 X61.403 Y53.185 E.01771
;WIDTH:0.516991
G1 X61.833 Y52.964 E.01906
;WIDTH:0.550487
G1 X62.264 Y52.744 E.0204
;WIDTH:0.558758
G1 X62.507 Y52.517 E.01426
G1 X62.585 Y52.046 E.0205
;WIDTH:0.536864
G1 X62.542 Y51.92 E.00544
G1 X62.609 Y52.035 E.00546
;WIDTH:0.558758
G1 X63.075 Y52.688 E.03441
G1 X62.556 Y53.155 E.02996
;WIDTH:0.550487
G1 X62.086 Y53.603 E.02739
;WIDTH:0.516991
G1 X61.616 Y54.05 E.02558
;WIDTH:0.483495
G1 X61.146 Y54.498 E.02377
;WIDTH:0.449999
G1 X60.828 Y54.087 E.0176
G1 X60.448 Y53.558 E.02203
M204 S10000
G1 E-.8 F1800
G1 X61.001 Y45.946 Z26.2 F7200
G1 X61.069 Y45.02 Z26.2
G1 Z25.8
G1 E.8 F1800
M204 S500
;TYPE:Outer wall
G1 F996
G1 X61.062 Y45.689 E.02265
G1 X61.1 Y46.416 E.02467
G1 X61.182 Y47.107 E.02353
G1 X61.365 Y48.059 E.03283
G1 X61.677 Y49.138 E.03802
G1 X61.948 Y49.838 E.02541
G1 X62.221 Y50.433 E.02216
G1 X62.599 Y51.137 E.02703
G1 X62.991 Y51.758 E.02487
G1 X63.423 Y52.352 E.02486
G1 X63.745 Y52.739 E.01704
G1 X61.091 Y55.097 E.12019
G1 X60.693 Y54.622 E.02098
G1 X60.198 Y53.959 E.028
;WIDTH:0.48613
G1 X59.986 Y53.607 E.01513
;WIDTH:0.522261
G1 X59.775 Y53.256 E.01637
;WIDTH:0.546683
G1 X59.337 Y52.481 E.03727
;WIDTH:0.565564
G1 X59.002 Y51.8 E.03296
;WIDTH:0.588356
G1 X58.673 Y51.03 E.03798
;WIDTH:0.599875
G1 X58.389 Y50.263 E.03788
G1 X58.13 Y49.459 E.03916
;WIDTH:0.588245
G1 X57.912 Y48.641 E.03835
;WIDTH:0.565141
G1 X57.744 Y47.817 E.03653
;WIDTH:0.54062
G1 X57.614 Y46.912 E.03782
;WIDTH:0.515836
G1 X57.57 Y46.577 E.01328
;WIDTH:0.482918
G1 X57.526 Y46.243 E.01235
;WIDTH:0.449999
G1 X57.505 Y45.414 E.02805
G1 X57.524 Y44.811 E.02043
G1 X61.029 Y45.017 E.11884
M204 S10000
G1 E-.8 F1800
G1 X60.545 Y52.635 Z26.2 F7200
G1 X60.512 Y53.164 Z26.2
G1 Z25.8
G1 E.8 F1800
M204 S500
;WIDTH:0.482917
G1 F996
G1 X60.401 Y53.135 E.00419
;WIDTH:0.515834
G1 X60.29 Y53.106 E.0045
;WIDTH:0.540619
G1 X59.876 Y52.339 E.03606
;WIDTH:0.565141
G1 X59.534 Y51.605 E.0352
;WIDTH:0.588246
G1 X59.233 Y50.848 E.03693
;WIDTH:0.599875
G1 X58.702 Y49.317 E.07505
;WIDTH:0.588357
G1 X58.469 Y48.539 E.03683
;WIDTH:0.565564
G1 X58.3 Y47.832 E.03159
;WIDTH:0.546684
G1 X58.146 Y46.987 E.03598
;WIDTH:0.522263
G1 X58.128 Y46.87 E.00469
;WIDTH:0.515836
G1 X58.221 Y46.772 E.00532
;WIDTH:0.482918
G1 X58.313 Y46.673 E.00495
;WIDTH:0.449999
G1 X59.978 Y46.406 E.05706
G1 X60.069 Y46.414 E.00309
G1 X60.186 Y46.551 E.0061
G1 X60.325 Y47.283 E.02521
G1 X60.495 Y47.958 E.02354
G1 X60.807 Y48.921 E.0343
G1 X61.227 Y50.132 E.04336
G1 X61.475 Y50.786 E.02369
G1 X61.76 Y51.422 E.02358
G1 X62.104 Y52.083 E.02521
G1 X62.096 Y52.289 E.007
G1 X60.547 Y53.145 E.0599
M204 S10000
G1 E-.8 F1800
G1 X62.542 Y51.92 Z26.2 F7200
G1 Z25.8
M73 P82 R3
G1 E.8 F1800
M204 S1500
;TYPE:Inner wall
;WIDTH:0.52571
G1 F996
G1 X62.514 Y51.869 E.00234
;WIDTH:0.518212
G1 X62.334 Y51.55 E.01448
;WIDTH:0.492387
G1 X62.154 Y51.232 E.01369
;WIDTH:0.466562
G1 X61.988 Y50.89 E.01337
;WIDTH:0.437745
G1 X61.822 Y50.549 E.01246
;WIDTH:0.408928
G1 X61.554 Y49.899 E.02138
;WIDTH:0.36757
G1 X61.175 Y48.798 E.03144
;WIDTH:0.39831
G1 X61.036 Y48.32 E.01471
;WIDTH:0.42905
G1 X60.897 Y47.842 E.01599
;WIDTH:0.470172
G1 X60.724 Y47.033 E.02938
;WIDTH:0.518212
G1 X60.64 Y46.465 E.02271
M204 S10000
G1 E-.8 F1800
G1 X58.427 Y45.705 Z26.2 F7200
G1 Z25.8
G1 E.8 F1800
M204 S500
;TYPE:Internal solid infill
;WIDTH:0.541214
G1 F996
G1 X58.364 Y45.705 E.00258
G1 X58.333 Y45.759 E.00258
G1 X58.364 Y45.812 E.00258
G1 X58.427 Y45.812 E.00258
G1 X58.438 Y45.793 E.00092
M204 S10000
G1 E-.8 F1800
G1 X60.962 Y52.996 Z26.2 F7200
G1 X61.229 Y53.761 Z26.2
G1 Z25.8
G1 E.8 F1800
M204 S500
;WIDTH:0.552686
G1 F996
G1 X61.166 Y53.761 E.0027
G1 X61.134 Y53.816 E.0027
G1 X61.166 Y53.871 E.0027
G1 X61.229 Y53.871 E.0027
G1 X61.241 Y53.85 E.00101
; stop printing object magic-spinning-top.stl id:730144440329 copy 0
;LAYER_CHANGE
;Z:26
;HEIGHT:0.200001
G92 E0
;_SET_FAN_SPEED_CHANGING_LAYER
; printing object magic-spinning-top.stl id:730144440329 copy 0
M204 S10000
G1 E-.8 F1800
G1 X60.64 Y46.465 Z26.4 F7200
G1 Z26
G1 E.8 F1800
M204 S1500
;TYPE:Inner wall
;WIDTH:0.53332
G1 F996
G1 X60.603 Y46.322 E.00602
;WIDTH:0.558758
G1 X60.233 Y45.96 E.02218
G1 X59.903 Y45.94 E.01419
;WIDTH:0.536647
G1 X58.998 Y46.113 E.03783
;WIDTH:0.493323
G1 X58.093 Y46.286 E.03451
;WIDTH:0.449999
G1 X57.976 Y46.487 E.00785
G1 X57.943 Y45.767 E.02438
G1 X57.939 Y45.264 E.01702
G1 X58.433 Y45.294 E.01675
;WIDTH:0.493323
G1 X59.05 Y45.348 E.02319
;WIDTH:0.536647
G1 X59.666 Y45.403 E.02542
;WIDTH:0.558758
G1 X60.574 Y45.474 E.03903
G1 X60.579 Y45.708 E.01001
G1 X60.637 Y46.425 E.03086
M204 S10000
G1 E-.8 F1800
G1 X60.425 Y53.526 Z26.4 F7200
G1 Z26
G1 E.8 F1800
M204 S1500
;WIDTH:0.449999
G1 F996
G1 X60.611 Y53.581 E.00657
G1 X60.973 Y53.405 E.01363
;WIDTH:0.483495
G1 X61.403 Y53.185 E.01771
;WIDTH:0.516991
G1 X61.833 Y52.964 E.01906
;WIDTH:0.550487
G1 X62.264 Y52.744 E.0204
;WIDTH:0.558758
G1 X62.507 Y52.517 E.01426
G1 X62.585 Y52.046 E.0205
;WIDTH:0.536863
G1 X62.542 Y51.92 E.00544
G1 X62.609 Y52.035 E.00546
;WIDTH:0.558758
G1 X63.075 Y52.688 E.03441
G1 X62.556 Y53.155 E.02996
;WIDTH:0.550487
G1 X62.086 Y53.603 E.02739
;WIDTH:0.516991
G1 X61.616 Y54.05 E.02558
;WIDTH:0.483495
G1 X61.146 Y54.498 E.02377
;WIDTH:0.449999
G1 X60.828 Y54.087 E.0176
G1 X60.448 Y53.558 E.02203
M204 S10000
G1 E-.8 F1800
G1 X61.001 Y45.946 Z26.4 F7200
G1 X61.069 Y45.02 Z26.4
G1 Z26
G1 E.8 F1800
M204 S500
;TYPE:Outer wall
G1 F996
G1 X61.062 Y45.689 E.02265
G1 X61.1 Y46.416 E.02467
G1 X61.182 Y47.113 E.02373
G1 X61.309 Y47.829 E.02463
G1 X61.473 Y48.489 E.02303
G1 X61.677 Y49.138 E.02302
G1 X61.948 Y49.838 E.02541
G1 X62.221 Y50.433 E.02216
G1 X62.599 Y51.137 E.02703
G1 X62.991 Y51.758 E.02487
G1 X63.423 Y52.352 E.02486
G1 X63.745 Y52.739 E.01704
G1 X61.091 Y55.097 E.12019
G1 X60.693 Y54.622 E.02098
G1 X60.198 Y53.959 E.028
;WIDTH:0.48613
G1 X59.986 Y53.607 E.01513
;WIDTH:0.522261
G1 X59.775 Y53.256 E.01637
;WIDTH:0.546614
G1 X59.338 Y52.482 E.03719
;WIDTH:0.565721
G1 X59 Y51.796 E.03326
;WIDTH:0.591741
G1 X58.684 Y51.055 E.03675
;WIDTH:0.599875
G1 X58.389 Y50.263 E.03914
G1 X58.13 Y49.459 E.03913
;WIDTH:0.588254
G1 X57.912 Y48.642 E.03833
;WIDTH:0.565156
G1 X57.744 Y47.817 E.03658
;WIDTH:0.540641
G1 X57.614 Y46.912 E.03783
;WIDTH:0.515836
G1 X57.57 Y46.577 E.01328
;WIDTH:0.482918
G1 X57.526 Y46.243 E.01235
;WIDTH:0.449999
G1 X57.505 Y45.414 E.02805
G1 X57.524 Y44.811 E.02043
G1 X61.029 Y45.017 E.11884
M204 S10000
G1 E-.8 F1800
G1 X60.545 Y52.635 Z26.4 F7200
G1 X60.512 Y53.164 Z26.4
G1 Z26
G1 E.8 F1800
M204 S500
;WIDTH:0.482917
G1 F996
G1 X60.401 Y53.135 E.00419
;WIDTH:0.515834
G1 X60.29 Y53.106 E.0045
;WIDTH:0.54064
G1 X59.876 Y52.339 E.03606
;WIDTH:0.565155
G1 X59.533 Y51.604 E.03526
;WIDTH:0.591741
G1 X59.239 Y50.848 E.03702
;WIDTH:0.599875
G1 X58.702 Y49.317 E.07513
;WIDTH:0.588365
G1 X58.469 Y48.539 E.03683
;WIDTH:0.565579
G1 X58.3 Y47.83 E.03167
;WIDTH:0.546614
G1 X58.146 Y46.987 E.0359
;WIDTH:0.522263
G1 X58.13 Y46.893 E.00377
;WIDTH:0.517192
G1 X58.201 Y46.787 E.00504
;WIDTH:0.483596
G1 X58.271 Y46.68 E.00468
;WIDTH:0.449999
G1 X59.978 Y46.406 E.05852
G1 X60.069 Y46.414 E.00309
G1 X60.186 Y46.551 E.0061
G1 X60.325 Y47.283 E.02521
G1 X60.495 Y47.957 E.02354
G1 X60.819 Y48.956 E.03554
G1 X61.227 Y50.132 E.04212
G1 X61.475 Y50.786 E.02369
G1 X61.76 Y51.422 E.02358
G1 X62.104 Y52.083 E.02521
G1 X62.096 Y52.289 E.007
G1 X60.547 Y53.145 E.0599
M204 S10000
G1 E-.8 F1800
G1 X62.542 Y51.92 Z26.4 F7200
G1 Z26
G1 E.8 F1800
M204 S1500
;TYPE:Inner wall
;WIDTH:0.52571
G1 F996
G1 X62.514 Y51.869 E.00234
;WIDTH:0.518212
G1 X62.334 Y51.55 E.01448
;WIDTH:0.49238
G1 X62.154 Y51.232 E.01369
;WIDTH:0.466548
G1 X61.988 Y50.892 E.01331
;WIDTH:0.43789
G1 X61.823 Y50.552 E.01241
;WIDTH:0.409232
G1 X61.555 Y49.901 E.02145
;WIDTH:0.363502
G1 X61.315 Y49.24 E.01874
;WIDTH:0.360202
G1 X61.098 Y48.571 E.01856
;WIDTH:0.389556
G1 X60.995 Y48.207 E.0109
;WIDTH:0.41891
G1 X60.892 Y47.843 E.01182
;WIDTH:0.444529
G1 X60.808 Y47.438 E.0138
;WIDTH:0.470148
G1 X60.724 Y47.034 E.01469
;WIDTH:0.518214
G1 X60.64 Y46.465 E.02272
M204 S10000
G1 E-.8 F1800
G1 X58.427 Y45.705 Z26.4 F7200
G1 Z26
G1 E.8 F1800
M204 S500
;TYPE:Internal solid infill
;WIDTH:0.541214
G1 F996
G1 X58.364 Y45.705 E.00258
G1 X58.333 Y45.759 E.00258
G1 X58.364 Y45.812 E.00258
G1 X58.427 Y45.812 E.00258
G1 X58.438 Y45.793 E.00092
M204 S10000
G1 E-.8 F1800
G1 X60.962 Y52.996 Z26.4 F7200
G1 X61.229 Y53.761 Z26.4
G1 Z26
G1 E.8 F1800
M204 S500
;WIDTH:0.552686
G1 F996
G1 X61.166 Y53.761 E.0027
G1 X61.134 Y53.816 E.0027
G1 X61.166 Y53.871 E.0027
G1 X61.229 Y53.871 E.0027
G1 X61.241 Y53.85 E.00101
; stop printing object magic-spinning-top.stl id:730144440329 copy 0
;LAYER_CHANGE
;Z:26.2
;HEIGHT:0.200001
G92 E0
;_SET_FAN_SPEED_CHANGING_LAYER
; printing object magic-spinning-top.stl id:730144440329 copy 0
M204 S10000
G1 E-.8 F1800
G1 X60.64 Y46.465 Z26.6 F7200
G1 Z26.2
G1 E.8 F1800
M204 S1500
;TYPE:Inner wall
;WIDTH:0.533318
G1 F996
G1 X60.603 Y46.322 E.00602
;WIDTH:0.558758
G1 X60.233 Y45.96 E.02218
G1 X59.903 Y45.94 E.01419
;WIDTH:0.536647
G1 X58.998 Y46.113 E.03783
;WIDTH:0.493323
G1 X58.093 Y46.286 E.03451
;WIDTH:0.449999
G1 X57.976 Y46.487 E.00785
G1 X57.943 Y45.767 E.02438
G1 X57.939 Y45.264 E.01702
G1 X58.433 Y45.294 E.01675
;WIDTH:0.493323
G1 X59.05 Y45.348 E.02319
;WIDTH:0.536647
G1 X59.666 Y45.403 E.02542
;WIDTH:0.558758
G1 X60.574 Y45.474 E.03903
G1 X60.579 Y45.708 E.01001
G1 X60.637 Y46.425 E.03086
M204 S10000
G1 E-.8 F1800
G1 X60.425 Y53.526 Z26.6 F7200
G1 Z26.2
G1 E.8 F1800
M204 S1500
;WIDTH:0.449999
G1 F996
G1 X60.611 Y53.581 E.00657
G1 X60.973 Y53.405 E.01363
;WIDTH:0.483495
G1 X61.403 Y53.185 E.01771
;WIDTH:0.516991
G1 X61.833 Y52.964 E.01906
;WIDTH:0.550487
G1 X62.264 Y52.744 E.0204
;WIDTH:0.558758
G1 X62.507 Y52.517 E.01426
G1 X62.585 Y52.046 E.0205
;WIDTH:0.536863
G1 X62.542 Y51.92 E.00544
G1 X62.609 Y52.035 E.00546
;WIDTH:0.558758
G1 X63.075 Y52.688 E.03441
G1 X62.556 Y53.155 E.02996
;WIDTH:0.550487
G1 X62.086 Y53.603 E.02739
;WIDTH:0.516991
G1 X61.616 Y54.05 E.02558
;WIDTH:0.483495
G1 X61.146 Y54.498 E.02377
;WIDTH:0.449999
G1 X60.828 Y54.087 E.0176
G1 X60.448 Y53.558 E.02203
M204 S10000
G1 E-.8 F1800
G1 X61.001 Y45.946 Z26.6 F7200
G1 X61.069 Y45.02 Z26.6
G1 Z26.2
G1 E.8 F1800
M204 S500
;TYPE:Outer wall
G1 F996
G1 X61.062 Y45.689 E.02265
G1 X61.1 Y46.416 E.02467
G1 X61.182 Y47.113 E.02373
G1 X61.309 Y47.826 E.02452
G1 X61.473 Y48.488 E.02308
G1 X61.677 Y49.138 E.02308
G1 X61.948 Y49.838 E.0254
G1 X62.221 Y50.433 E.02216
G1 X62.599 Y51.137 E.02703
G1 X62.991 Y51.758 E.02487
G1 X63.423 Y52.352 E.02486
G1 X63.745 Y52.739 E.01704
G1 X61.091 Y55.097 E.12019
G1 X60.693 Y54.622 E.02098
G1 X60.198 Y53.959 E.028
;WIDTH:0.48613
G1 X59.986 Y53.607 E.01513
;WIDTH:0.522261
G1 X59.775 Y53.256 E.01637
;WIDTH:0.546544
G1 X59.339 Y52.484 E.03711
;WIDTH:0.565746
G1 X59 Y51.796 E.03335
;WIDTH:0.591997
G1 X58.684 Y51.055 E.03678
;WIDTH:0.599875
G1 X58.389 Y50.263 E.03911
G1 X58.13 Y49.46 E.0391
;WIDTH:0.588262
G1 X57.912 Y48.644 E.0383
;WIDTH:0.565172
G1 X57.744 Y47.817 E.03664
;WIDTH:0.540664
G1 X57.614 Y46.912 E.03783
;WIDTH:0.515836
G1 X57.57 Y46.577 E.01328
;WIDTH:0.482918
G1 X57.526 Y46.243 E.01235
;WIDTH:0.449999
G1 X57.505 Y45.414 E.02805
G1 X57.524 Y44.811 E.02043
G1 X61.029 Y45.017 E.11884
M204 S10000
G1 E-.8 F1800
G1 X60.545 Y52.635 Z26.6 F7200
G1 X60.512 Y53.164 Z26.6
G1 Z26.2
G1 E.8 F1800
M204 S500
;WIDTH:0.482917
G1 F996
G1 X60.401 Y53.135 E.00419
;WIDTH:0.515834
G1 X60.29 Y53.106 E.0045
;WIDTH:0.540663
G1 X59.876 Y52.339 E.03606
;WIDTH:0.565172
G1 X59.533 Y51.602 E.03531
;WIDTH:0.591997
G1 X59.239 Y50.847 E.037
;WIDTH:0.599875
G1 X58.702 Y49.317 E.07512
;WIDTH:0.588373
G1 X58.469 Y48.539 E.03683
;WIDTH:0.565594
G1 X58.299 Y47.828 E.03175
;WIDTH:0.546545
G1 X58.146 Y46.987 E.03582
;WIDTH:0.522263
G1 X58.13 Y46.893 E.00377
;WIDTH:0.517192
G1 X58.201 Y46.787 E.00504
;WIDTH:0.483596
G1 X58.271 Y46.68 E.00468
;WIDTH:0.449999
G1 X59.978 Y46.406 E.05852
G1 X60.069 Y46.414 E.00309
G1 X60.186 Y46.551 E.0061
G1 X60.325 Y47.283 E.02521
G1 X60.495 Y47.957 E.02354
G1 X60.831 Y48.991 E.03678
G1 X61.227 Y50.132 E.04088
G1 X61.475 Y50.786 E.02369
G1 X61.76 Y51.422 E.02358
G1 X62.104 Y52.083 E.02521
G1 X62.096 Y52.289 E.007
G1 X60.547 Y53.145 E.0599
M204 S10000
G1 E-.8 F1800
G1 X62.542 Y51.92 Z26.6 F7200
G1 Z26.2
G1 E.8 F1800
M204 S1500
;TYPE:Inner wall
;WIDTH:0.52571
G1 F996
G1 X62.514 Y51.869 E.00234
;WIDTH:0.518212
G1 X62.334 Y51.55 E.01448
;WIDTH:0.492372
G1 X62.154 Y51.232 E.01369
;WIDTH:0.466532
G1 X61.989 Y50.893 E.01325
;WIDTH:0.438034
G1 X61.825 Y50.555 E.01236
;WIDTH:0.409536
G1 X61.555 Y49.902 E.02152
;WIDTH:0.3636
G1 X61.315 Y49.24 E.01879
;WIDTH:0.359768
G1 X61.097 Y48.569 E.01858
;WIDTH:0.389294
G1 X60.995 Y48.206 E.01087
;WIDTH:0.41882
G1 X60.892 Y47.843 E.0118
;WIDTH:0.444483
G1 X60.808 Y47.438 E.0138
;WIDTH:0.470146
G1 X60.724 Y47.034 E.01468
;WIDTH:0.518212
G1 X60.64 Y46.465 E.02272
M204 S10000
G1 E-.8 F1800
G1 X58.427 Y45.705 Z26.6 F7200
G1 Z26.2
M73 P83 R3
G1 E.8 F1800
M204 S500
;TYPE:Internal solid infill
;WIDTH:0.541214
G1 F996
G1 X58.364 Y45.705 E.00258
G1 X58.333 Y45.759 E.00258
G1 X58.364 Y45.812 E.00258
G1 X58.427 Y45.812 E.00258
G1 X58.438 Y45.793 E.00092
M204 S10000
G1 E-.8 F1800
G1 X60.962 Y52.996 Z26.6 F7200
G1 X61.229 Y53.761 Z26.6
G1 Z26.2
G1 E.8 F1800
M204 S500
;WIDTH:0.552686
G1 F996
G1 X61.166 Y53.761 E.0027
G1 X61.134 Y53.816 E.0027
G1 X61.166 Y53.871 E.0027
G1 X61.229 Y53.871 E.0027
G1 X61.241 Y53.85 E.00101
; stop printing object magic-spinning-top.stl id:730144440329 copy 0
;LAYER_CHANGE
;Z:26.4
;HEIGHT:0.199999
G92 E0
;_SET_FAN_SPEED_CHANGING_LAYER
; printing object magic-spinning-top.stl id:730144440329 copy 0
M204 S10000
G1 E-.8 F1800
G1 X60.64 Y46.465 Z26.8 F7200
G1 Z26.4
G1 E.8 F1800
M204 S1500
;TYPE:Inner wall
;WIDTH:0.533318
G1 F996
G1 X60.603 Y46.322 E.00602
;WIDTH:0.558758
G1 X60.233 Y45.96 E.02218
G1 X59.903 Y45.94 E.01419
;WIDTH:0.536647
G1 X58.998 Y46.113 E.03783
;WIDTH:0.493323
G1 X58.093 Y46.286 E.03451
;WIDTH:0.449999
G1 X57.976 Y46.487 E.00785
G1 X57.943 Y45.767 E.02438
G1 X57.939 Y45.264 E.01702
G1 X58.433 Y45.294 E.01675
;WIDTH:0.493323
G1 X59.05 Y45.348 E.02319
;WIDTH:0.536647
G1 X59.666 Y45.403 E.02542
;WIDTH:0.558758
G1 X60.574 Y45.474 E.03903
G1 X60.579 Y45.708 E.01001
G1 X60.637 Y46.425 E.03086
M204 S10000
G1 E-.8 F1800
G1 X60.425 Y53.526 Z26.8 F7200
G1 Z26.4
G1 E.8 F1800
M204 S1500
;WIDTH:0.449999
G1 F996
G1 X60.611 Y53.581 E.00657
G1 X60.973 Y53.405 E.01363
;WIDTH:0.483495
G1 X61.403 Y53.185 E.01771
;WIDTH:0.516991
G1 X61.833 Y52.964 E.01906
;WIDTH:0.550487
G1 X62.264 Y52.744 E.0204
;WIDTH:0.558758
G1 X62.507 Y52.517 E.01426
G1 X62.585 Y52.046 E.0205
;WIDTH:0.536865
G1 X62.542 Y51.92 E.00544
G1 X62.609 Y52.035 E.00546
;WIDTH:0.558758
G1 X63.075 Y52.688 E.03441
G1 X62.556 Y53.155 E.02996
;WIDTH:0.550487
G1 X62.086 Y53.603 E.02739
;WIDTH:0.516991
G1 X61.616 Y54.05 E.02558
;WIDTH:0.483495
G1 X61.146 Y54.498 E.02377
;WIDTH:0.449999
G1 X60.828 Y54.087 E.0176
G1 X60.448 Y53.558 E.02203
M204 S10000
G1 E-.8 F1800
G1 X61.001 Y45.946 Z26.8 F7200
G1 X61.069 Y45.02 Z26.8
G1 Z26.4
G1 E.8 F1800
M204 S500
;TYPE:Outer wall
G1 F996
G1 X61.062 Y45.689 E.02265
G1 X61.1 Y46.416 E.02467
G1 X61.182 Y47.113 E.02373
G1 X61.308 Y47.823 E.02441
G1 X61.472 Y48.486 E.02314
G1 X61.677 Y49.138 E.02313
G1 X61.948 Y49.838 E.0254
G1 X62.221 Y50.433 E.02216
G1 X62.599 Y51.137 E.02703
G1 X62.991 Y51.758 E.02487
G1 X63.423 Y52.352 E.02486
G1 X63.745 Y52.739 E.01704
G1 X61.091 Y55.097 E.12019
G1 X60.693 Y54.622 E.02098
G1 X60.198 Y53.959 E.028
;WIDTH:0.486131
G1 X59.986 Y53.607 E.01513
;WIDTH:0.522263
G1 X59.775 Y53.256 E.01637
;WIDTH:0.546474
G1 X59.34 Y52.486 E.03703
;WIDTH:0.565772
G1 X59 Y51.795 E.03345
;WIDTH:0.592242
G1 X58.684 Y51.054 E.03681
;WIDTH:0.599875
G1 X58.389 Y50.263 E.03908
G1 X58.13 Y49.46 E.03907
;WIDTH:0.588271
G1 X57.913 Y48.645 E.03828
;WIDTH:0.565187
G1 X57.744 Y47.817 E.03669
;WIDTH:0.540686
G1 X57.614 Y46.912 E.03783
;WIDTH:0.515836
G1 X57.57 Y46.577 E.01328
;WIDTH:0.482918
G1 X57.526 Y46.243 E.01235
;WIDTH:0.449999
G1 X57.505 Y45.414 E.02805
G1 X57.524 Y44.811 E.02043
G1 X61.029 Y45.017 E.11884
M204 S10000
G1 E-.8 F1800
G1 X60.545 Y52.635 Z26.8 F7200
G1 X60.512 Y53.164 Z26.8
G1 Z26.4
G1 E.8 F1800
M204 S500
;WIDTH:0.482917
G1 F996
G1 X60.401 Y53.135 E.00419
;WIDTH:0.515834
G1 X60.29 Y53.106 E.0045
;WIDTH:0.540687
G1 X59.876 Y52.339 E.03606
;WIDTH:0.565187
G1 X59.532 Y51.601 E.03536
;WIDTH:0.592242
G1 X59.239 Y50.847 E.03698
;WIDTH:0.599875
G1 X58.702 Y49.317 E.0751
;WIDTH:0.588381
G1 X58.469 Y48.539 E.03683
;WIDTH:0.56561
G1 X58.299 Y47.826 E.03183
;WIDTH:0.546474
G1 X58.146 Y46.987 E.03574
;WIDTH:0.522263
G1 X58.13 Y46.893 E.00378
;WIDTH:0.517192
G1 X58.201 Y46.787 E.00504
;WIDTH:0.483596
G1 X58.271 Y46.68 E.00468
;WIDTH:0.449999
G1 X59.978 Y46.406 E.05852
G1 X60.069 Y46.414 E.00309
G1 X60.186 Y46.551 E.0061
G1 X60.325 Y47.283 E.02521
G1 X60.495 Y47.957 E.02354
G1 X60.843 Y49.025 E.03803
G1 X61.227 Y50.132 E.03964
G1 X61.475 Y50.786 E.02369
G1 X61.76 Y51.422 E.02358
G1 X62.104 Y52.083 E.02521
G1 X62.096 Y52.289 E.007
G1 X60.547 Y53.145 E.0599
M204 S10000
G1 E-.8 F1800
G1 X62.542 Y51.92 Z26.8 F7200
G1 Z26.4
G1 E.8 F1800
M204 S1500
;TYPE:Inner wall
;WIDTH:0.525712
G1 F996
G1 X62.514 Y51.869 E.00234
;WIDTH:0.518214
G1 X62.334 Y51.55 E.01448
;WIDTH:0.492363
G1 X62.154 Y51.232 E.01369
;WIDTH:0.466512
G1 X61.99 Y50.895 E.01319
;WIDTH:0.438177
G1 X61.826 Y50.558 E.01231
;WIDTH:0.409842
G1 X61.556 Y49.904 E.02158
;WIDTH:0.363696
G1 X61.315 Y49.24 E.01884
;WIDTH:0.359372
G1 X61.097 Y48.568 E.0186
;WIDTH:0.389051
G1 X60.994 Y48.205 E.01084
;WIDTH:0.41873
G1 X60.892 Y47.843 E.01177
;WIDTH:0.444439
G1 X60.808 Y47.438 E.0138
;WIDTH:0.470148
G1 X60.724 Y47.034 E.01468
;WIDTH:0.518212
G1 X60.64 Y46.465 E.02272
M204 S10000
G1 E-.8 F1800
G1 X58.427 Y45.705 Z26.8 F7200
G1 Z26.4
G1 E.8 F1800
M204 S500
;TYPE:Internal solid infill
;WIDTH:0.541214
G1 F996
G1 X58.364 Y45.705 E.00258
G1 X58.333 Y45.759 E.00258
G1 X58.364 Y45.812 E.00258
G1 X58.427 Y45.812 E.00258
G1 X58.438 Y45.793 E.00092
M204 S10000
G1 E-.8 F1800
G1 X60.962 Y52.996 Z26.8 F7200
G1 X61.229 Y53.761 Z26.8
G1 Z26.4
G1 E.8 F1800
M204 S500
;WIDTH:0.552686
G1 F996
G1 X61.166 Y53.761 E.0027
G1 X61.134 Y53.816 E.0027
G1 X61.166 Y53.871 E.0027
G1 X61.229 Y53.871 E.0027
G1 X61.241 Y53.85 E.00101
; stop printing object magic-spinning-top.stl id:730144440329 copy 0
;LAYER_CHANGE
;Z:26.6
;HEIGHT:0.200001
G92 E0
;_SET_FAN_SPEED_CHANGING_LAYER
; printing object magic-spinning-top.stl id:730144440329 copy 0
M204 S10000
G1 E-.8 F1800
G1 X60.64 Y46.465 Z27 F7200
G1 Z26.6
G1 E.8 F1800
M204 S1500
;TYPE:Inner wall
;WIDTH:0.533318
G1 F996
G1 X60.603 Y46.322 E.00602
;WIDTH:0.558758
G1 X60.233 Y45.96 E.02218
G1 X59.903 Y45.94 E.01419
;WIDTH:0.536647
G1 X58.998 Y46.113 E.03783
;WIDTH:0.493323
G1 X58.093 Y46.286 E.03451
;WIDTH:0.449999
G1 X57.976 Y46.487 E.00785
G1 X57.943 Y45.767 E.02438
G1 X57.939 Y45.264 E.01702
G1 X58.433 Y45.294 E.01675
;WIDTH:0.493323
G1 X59.05 Y45.348 E.02319
;WIDTH:0.536647
G1 X59.666 Y45.403 E.02542
;WIDTH:0.558758
G1 X60.574 Y45.474 E.03903
G1 X60.579 Y45.708 E.01001
G1 X60.637 Y46.425 E.03086
M204 S10000
G1 E-.8 F1800
G1 X60.425 Y53.526 Z27 F7200
G1 Z26.6
G1 E.8 F1800
M204 S1500
;WIDTH:0.449999
G1 F996
G1 X60.611 Y53.581 E.00657
G1 X60.973 Y53.405 E.01363
;WIDTH:0.483496
G1 X61.403 Y53.185 E.01771
;WIDTH:0.516992
G1 X61.833 Y52.964 E.01906
;WIDTH:0.550488
G1 X62.264 Y52.744 E.0204
;WIDTH:0.558758
G1 X62.507 Y52.517 E.01426
G1 X62.585 Y52.046 E.0205
;WIDTH:0.536865
G1 X62.542 Y51.92 E.00544
G1 X62.609 Y52.035 E.00546
;WIDTH:0.558758
G1 X63.075 Y52.688 E.03441
G1 X62.556 Y53.155 E.02996
;WIDTH:0.550488
G1 X62.086 Y53.603 E.02739
;WIDTH:0.516992
G1 X61.616 Y54.05 E.02558
;WIDTH:0.483496
G1 X61.146 Y54.498 E.02377
;WIDTH:0.449999
G1 X60.828 Y54.087 E.0176
G1 X60.448 Y53.558 E.02203
M204 S10000
G1 E-.8 F1800
G1 X61.001 Y45.946 Z27 F7200
G1 X61.069 Y45.02 Z27
G1 Z26.6
G1 E.8 F1800
M204 S500
;TYPE:Outer wall
G1 F996
G1 X61.062 Y45.689 E.02265
G1 X61.1 Y46.416 E.02467
G1 X61.182 Y47.113 E.02373
G1 X61.307 Y47.82 E.0243
G1 X61.472 Y48.485 E.0232
G1 X61.677 Y49.138 E.02318
G1 X61.948 Y49.838 E.0254
G1 X62.221 Y50.433 E.02216
G1 X62.599 Y51.137 E.02704
G1 X62.991 Y51.758 E.02487
G1 X63.423 Y52.352 E.02486
G1 X63.745 Y52.739 E.01704
G1 X61.091 Y55.097 E.12019
G1 X60.693 Y54.622 E.02098
G1 X60.198 Y53.959 E.028
;WIDTH:0.486132
G1 X59.986 Y53.607 E.01513
;WIDTH:0.522264
G1 X59.775 Y53.256 E.01637
;WIDTH:0.546405
G1 X59.341 Y52.487 E.03695
;WIDTH:0.565626
G1 X59.002 Y51.8 E.03328
;WIDTH:0.588389
G1 X58.673 Y51.03 E.03798
;WIDTH:0.599875
G1 X58.389 Y50.263 E.03788
G1 X58.131 Y49.461 E.03905
;WIDTH:0.58828
G1 X57.913 Y48.646 E.03825
;WIDTH:0.565204
G1 X57.744 Y47.817 E.03675
;WIDTH:0.540709
G1 X57.614 Y46.912 E.03783
;WIDTH:0.515836
G1 X57.57 Y46.577 E.01328
;WIDTH:0.482918
G1 X57.526 Y46.243 E.01235
;WIDTH:0.449999
G1 X57.505 Y45.414 E.02805
G1 X57.524 Y44.811 E.02043
G1 X61.029 Y45.017 E.11884
M204 S10000
G1 E-.8 F1800
G1 X60.545 Y52.635 Z27 F7200
G1 X60.512 Y53.164 Z27
G1 Z26.6
G1 E.8 F1800
M204 S500
;WIDTH:0.482917
G1 F996
G1 X60.401 Y53.135 E.00419
;WIDTH:0.515834
G1 X60.29 Y53.106 E.0045
;WIDTH:0.540709
G1 X59.876 Y52.339 E.03606
;WIDTH:0.565205
G1 X59.532 Y51.6 E.03542
;WIDTH:0.588279
G1 X59.232 Y50.846 E.03682
;WIDTH:0.599875
G1 X58.702 Y49.317 E.07494
;WIDTH:0.588391
G1 X58.469 Y48.539 E.03683
;WIDTH:0.565626
G1 X58.298 Y47.825 E.03191
;WIDTH:0.546405
G1 X58.146 Y46.987 E.03566
;WIDTH:0.522263
G1 X58.128 Y46.87 E.00469
;WIDTH:0.515836
G1 X58.221 Y46.772 E.00532
;WIDTH:0.482918
G1 X58.313 Y46.673 E.00495
;WIDTH:0.449999
G1 X59.978 Y46.406 E.05706
G1 X60.069 Y46.414 E.00309
G1 X60.186 Y46.551 E.0061
G1 X60.325 Y47.283 E.02521
G1 X60.495 Y47.957 E.02353
G1 X60.855 Y49.06 E.03927
G1 X61.227 Y50.132 E.03839
G1 X61.475 Y50.786 E.02369
G1 X61.76 Y51.422 E.02358
G1 X62.104 Y52.083 E.02521
G1 X62.096 Y52.289 E.007
G1 X60.547 Y53.145 E.0599
M204 S10000
G1 E-.8 F1800
G1 X62.542 Y51.92 Z27 F7200
G1 Z26.6
G1 E.8 F1800
M204 S1500
;TYPE:Inner wall
;WIDTH:0.525712
G1 F996
G1 X62.514 Y51.869 E.00234
;WIDTH:0.518212
G1 X62.334 Y51.55 E.01448
;WIDTH:0.492357
G1 X62.154 Y51.232 E.01369
;WIDTH:0.466502
G1 X61.99 Y50.896 E.01314
;WIDTH:0.438325
G1 X61.827 Y50.561 E.01226
;WIDTH:0.410148
G1 X61.557 Y49.905 E.02165
;WIDTH:0.363796
G1 X61.315 Y49.24 E.01889
;WIDTH:0.359008
G1 X61.097 Y48.566 E.01862
;WIDTH:0.388823
G1 X60.994 Y48.204 E.01081
;WIDTH:0.418638
G1 X60.892 Y47.843 E.01174
;WIDTH:0.444393
G1 X60.808 Y47.438 E.01379
;WIDTH:0.470148
G1 X60.724 Y47.034 E.01468
;WIDTH:0.518212
G1 X60.64 Y46.465 E.02272
M204 S10000
G1 E-.8 F1800
G1 X58.427 Y45.705 Z27 F7200
G1 Z26.6
G1 E.8 F1800
M204 S500
;TYPE:Internal solid infill
;WIDTH:0.541214
G1 F996
G1 X58.364 Y45.705 E.00258
G1 X58.333 Y45.759 E.00258
G1 X58.364 Y45.812 E.00258
G1 X58.427 Y45.812 E.00258
G1 X58.438 Y45.793 E.00092
M204 S10000
G1 E-.8 F1800
G1 X60.962 Y52.996 Z27 F7200
G1 X61.229 Y53.761 Z27
G1 Z26.6
G1 E.8 F1800
M73 P84 R3
M204 S500
;WIDTH:0.552686
G1 F996
G1 X61.166 Y53.761 E.0027
G1 X61.134 Y53.816 E.0027
G1 X61.166 Y53.871 E.0027
G1 X61.229 Y53.871 E.0027
G1 X61.241 Y53.85 E.00101
; stop printing object magic-spinning-top.stl id:730144440329 copy 0
;LAYER_CHANGE
;Z:26.8
;HEIGHT:0.199999
G92 E0
;_SET_FAN_SPEED_CHANGING_LAYER
; printing object magic-spinning-top.stl id:730144440329 copy 0
M204 S10000
G1 E-.8 F1800
G1 X60.64 Y46.465 Z27.2 F7200
G1 Z26.8
G1 E.8 F1800
M204 S1500
;TYPE:Inner wall
;WIDTH:0.533318
G1 F996
G1 X60.603 Y46.322 E.00602
;WIDTH:0.558758
G1 X60.233 Y45.96 E.02218
G1 X59.903 Y45.94 E.01419
;WIDTH:0.536647
G1 X58.998 Y46.113 E.03783
;WIDTH:0.493323
G1 X58.093 Y46.286 E.03451
;WIDTH:0.449999
G1 X57.976 Y46.487 E.00785
G1 X57.943 Y45.767 E.02438
G1 X57.939 Y45.264 E.01702
G1 X58.433 Y45.294 E.01675
;WIDTH:0.493323
G1 X59.05 Y45.348 E.02319
;WIDTH:0.536647
G1 X59.666 Y45.403 E.02542
;WIDTH:0.558758
G1 X60.574 Y45.474 E.03903
G1 X60.579 Y45.708 E.01001
G1 X60.637 Y46.425 E.03086
M204 S10000
G1 E-.8 F1800
G1 X60.425 Y53.526 Z27.2 F7200
G1 Z26.8
G1 E.8 F1800
M204 S1500
;WIDTH:0.449999
G1 F996
G1 X60.611 Y53.581 E.00657
G1 X60.973 Y53.405 E.01363
;WIDTH:0.483495
G1 X61.403 Y53.185 E.01771
;WIDTH:0.516991
G1 X61.833 Y52.964 E.01906
;WIDTH:0.550487
G1 X62.264 Y52.744 E.0204
;WIDTH:0.558758
G1 X62.507 Y52.517 E.01426
G1 X62.585 Y52.046 E.0205
;WIDTH:0.536864
G1 X62.542 Y51.92 E.00544
G1 X62.609 Y52.035 E.00546
;WIDTH:0.558758
G1 X63.075 Y52.688 E.03441
G1 X62.556 Y53.155 E.02996
;WIDTH:0.550487
G1 X62.086 Y53.603 E.02739
;WIDTH:0.516991
G1 X61.616 Y54.05 E.02558
;WIDTH:0.483495
G1 X61.146 Y54.498 E.02377
;WIDTH:0.449999
G1 X60.828 Y54.087 E.0176
G1 X60.448 Y53.558 E.02203
M204 S10000
G1 E-.8 F1800
G1 X61.001 Y45.946 Z27.2 F7200
G1 X61.069 Y45.02 Z27.2
G1 Z26.8
G1 E.8 F1800
M204 S500
;TYPE:Outer wall
G1 F996
G1 X61.062 Y45.689 E.02265
G1 X61.1 Y46.416 E.02467
G1 X61.182 Y47.113 E.02373
G1 X61.307 Y47.817 E.02419
G1 X61.471 Y48.483 E.02324
G1 X61.677 Y49.138 E.02324
G1 X61.948 Y49.838 E.02539
G1 X62.221 Y50.433 E.02216
G1 X62.599 Y51.137 E.02704
G1 X62.991 Y51.758 E.02487
G1 X63.423 Y52.352 E.02486
G1 X63.745 Y52.739 E.01704
G1 X61.091 Y55.097 E.12019
G1 X60.693 Y54.622 E.02098
G1 X60.198 Y53.959 E.028
;WIDTH:0.486131
G1 X59.986 Y53.607 E.01513
;WIDTH:0.522263
G1 X59.775 Y53.256 E.01637
;WIDTH:0.546334
G1 X59.342 Y52.489 E.03687
;WIDTH:0.565824
G1 X59 Y51.795 E.03363
;WIDTH:0.592688
G1 X58.684 Y51.053 E.03686
;WIDTH:0.599875
G1 X58.389 Y50.263 E.03902
G1 X58.131 Y49.461 E.03902
;WIDTH:0.588287
G1 X57.913 Y48.647 E.03822
;WIDTH:0.56522
G1 X57.744 Y47.817 E.0368
;WIDTH:0.540731
G1 X57.614 Y46.912 E.03783
;WIDTH:0.515835
G1 X57.57 Y46.577 E.01328
;WIDTH:0.482917
G1 X57.526 Y46.243 E.01235
;WIDTH:0.449999
G1 X57.505 Y45.414 E.02805
G1 X57.524 Y44.811 E.02043
G1 X61.029 Y45.017 E.11884
M204 S10000
G1 E-.8 F1800
G1 X60.545 Y52.635 Z27.2 F7200
G1 X60.512 Y53.164 Z27.2
G1 Z26.8
G1 E.8 F1800
M204 S500
;WIDTH:0.482917
G1 F996
G1 X60.401 Y53.135 E.00419
;WIDTH:0.515834
G1 X60.29 Y53.106 E.0045
;WIDTH:0.540731
G1 X59.876 Y52.339 E.03606
;WIDTH:0.565221
G1 X59.531 Y51.599 E.03547
;WIDTH:0.592688
G1 X59.239 Y50.846 E.03694
;WIDTH:0.595527
G1 X58.702 Y49.317 E.07447
;WIDTH:0.588397
G1 X58.469 Y48.539 E.03683
;WIDTH:0.565642
G1 X58.298 Y47.823 E.03199
;WIDTH:0.546335
G1 X58.146 Y46.987 E.03558
;WIDTH:0.522264
G1 X58.13 Y46.893 E.00378
;WIDTH:0.517192
G1 X58.201 Y46.787 E.00504
;WIDTH:0.483596
G1 X58.271 Y46.68 E.00468
;WIDTH:0.449999
G1 X59.978 Y46.406 E.05852
G1 X60.069 Y46.414 E.00309
G1 X60.186 Y46.551 E.0061
G1 X60.325 Y47.283 E.02521
G1 X60.495 Y47.957 E.02353
G1 X60.867 Y49.095 E.04051
G1 X61.227 Y50.132 E.03715
G1 X61.475 Y50.786 E.02369
G1 X61.76 Y51.422 E.02358
G1 X62.104 Y52.083 E.02521
G1 X62.096 Y52.289 E.007
G1 X60.547 Y53.145 E.0599
M204 S10000
G1 E-.8 F1800
G1 X62.542 Y51.92 Z27.2 F7200
G1 Z26.8
G1 E.8 F1800
M204 S1500
;TYPE:Inner wall
;WIDTH:0.52571
G1 F996
G1 X62.514 Y51.869 E.00234
;WIDTH:0.518214
G1 X62.334 Y51.55 E.01448
;WIDTH:0.492349
G1 X62.154 Y51.232 E.01369
;WIDTH:0.466484
G1 X61.991 Y50.898 E.01308
;WIDTH:0.438467
G1 X61.828 Y50.564 E.01221
;WIDTH:0.41045
G1 X61.557 Y49.907 E.02172
;WIDTH:0.363894
G1 X61.315 Y49.24 E.01894
;WIDTH:0.358674
G1 X61.097 Y48.564 E.01864
;WIDTH:0.38861
G1 X60.994 Y48.203 E.01078
;WIDTH:0.418546
G1 X60.892 Y47.842 E.01172
;WIDTH:0.444347
G1 X60.808 Y47.438 E.01379
;WIDTH:0.470148
G1 X60.724 Y47.034 E.01467
;WIDTH:0.518212
G1 X60.64 Y46.465 E.02272
M204 S10000
G1 E-.8 F1800
G1 X58.427 Y45.705 Z27.2 F7200
G1 Z26.8
G1 E.8 F1800
M204 S500
;TYPE:Internal solid infill
;WIDTH:0.541214
G1 F996
G1 X58.364 Y45.705 E.00258
G1 X58.333 Y45.759 E.00258
G1 X58.364 Y45.812 E.00258
G1 X58.427 Y45.812 E.00258
G1 X58.438 Y45.793 E.00092
M204 S10000
G1 E-.8 F1800
G1 X60.962 Y52.996 Z27.2 F7200
G1 X61.229 Y53.761 Z27.2
G1 Z26.8
G1 E.8 F1800
M204 S500
;WIDTH:0.552686
G1 F996
G1 X61.166 Y53.761 E.0027
G1 X61.134 Y53.816 E.0027
G1 X61.166 Y53.871 E.0027
G1 X61.229 Y53.871 E.0027
G1 X61.241 Y53.85 E.00101
; stop printing object magic-spinning-top.stl id:730144440329 copy 0
;LAYER_CHANGE
;Z:27
;HEIGHT:0.200001
G92 E0
;_SET_FAN_SPEED_CHANGING_LAYER
; printing object magic-spinning-top.stl id:730144440329 copy 0
M204 S10000
G1 E-.8 F1800
G1 X60.64 Y46.465 Z27.4 F7200
G1 Z27
G1 E.8 F1800
M204 S1500
;TYPE:Inner wall
;WIDTH:0.533318
G1 F996
G1 X60.603 Y46.322 E.00602
;WIDTH:0.558758
G1 X60.233 Y45.96 E.02218
G1 X59.903 Y45.94 E.01419
;WIDTH:0.536647
G1 X58.998 Y46.113 E.03783
;WIDTH:0.493323
G1 X58.093 Y46.286 E.03451
;WIDTH:0.449999
G1 X57.976 Y46.487 E.00785
G1 X57.943 Y45.767 E.02438
G1 X57.939 Y45.264 E.01702
G1 X58.433 Y45.294 E.01675
;WIDTH:0.493323
G1 X59.05 Y45.348 E.02319
;WIDTH:0.536647
G1 X59.666 Y45.403 E.02542
;WIDTH:0.558758
G1 X60.574 Y45.474 E.03903
G1 X60.579 Y45.708 E.01001
G1 X60.637 Y46.425 E.03086
M204 S10000
G1 E-.8 F1800
G1 X60.425 Y53.526 Z27.4 F7200
G1 Z27
G1 E.8 F1800
M204 S1500
;WIDTH:0.449999
G1 F996
G1 X60.611 Y53.581 E.00657
G1 X60.973 Y53.405 E.01363
;WIDTH:0.483495
G1 X61.403 Y53.185 E.01771
;WIDTH:0.516991
G1 X61.833 Y52.964 E.01906
;WIDTH:0.550487
G1 X62.264 Y52.744 E.0204
;WIDTH:0.558758
G1 X62.507 Y52.517 E.01426
G1 X62.585 Y52.046 E.0205
;WIDTH:0.536864
G1 X62.542 Y51.92 E.00544
G1 X62.609 Y52.035 E.00546
;WIDTH:0.558758
G1 X63.075 Y52.688 E.03441
G1 X62.556 Y53.155 E.02996
;WIDTH:0.550487
G1 X62.086 Y53.603 E.02739
;WIDTH:0.516991
G1 X61.616 Y54.05 E.02558
;WIDTH:0.483495
G1 X61.146 Y54.498 E.02377
;WIDTH:0.449999
G1 X60.828 Y54.087 E.0176
G1 X60.448 Y53.558 E.02203
M204 S10000
G1 E-.8 F1800
G1 X61.001 Y45.946 Z27.4 F7200
G1 X61.069 Y45.02 Z27.4
G1 Z27
G1 E.8 F1800
M204 S500
;TYPE:Outer wall
G1 F996
G1 X61.062 Y45.689 E.02265
G1 X61.1 Y46.416 E.02467
G1 X61.182 Y47.113 E.02374
G1 X61.306 Y47.813 E.02408
G1 X61.471 Y48.482 E.02331
G1 X61.677 Y49.138 E.02329
G1 X61.948 Y49.838 E.02539
G1 X62.22 Y50.433 E.02216
G1 X62.599 Y51.137 E.02704
G1 X62.991 Y51.758 E.02487
G1 X63.423 Y52.352 E.02486
G1 X63.745 Y52.739 E.01704
G1 X61.091 Y55.097 E.12019
G1 X60.693 Y54.622 E.02098
G1 X60.198 Y53.959 E.028
;WIDTH:0.486132
G1 X59.986 Y53.607 E.01513
;WIDTH:0.522265
G1 X59.775 Y53.256 E.01637
;WIDTH:0.546262
G1 X59.342 Y52.49 E.03679
;WIDTH:0.565847
G1 X59 Y51.795 E.03373
;WIDTH:0.592895
G1 X58.684 Y51.052 E.03689
;WIDTH:0.599876
G1 X58.389 Y50.263 E.039
G1 X58.131 Y49.462 E.03899
;WIDTH:0.588296
G1 X57.914 Y48.648 E.0382
;WIDTH:0.565235
G1 X57.744 Y47.817 E.03685
;WIDTH:0.540755
G1 X57.614 Y46.912 E.03783
;WIDTH:0.515836
G1 X57.57 Y46.577 E.01328
;WIDTH:0.482918
G1 X57.526 Y46.243 E.01235
;WIDTH:0.449999
G1 X57.505 Y45.414 E.02805
G1 X57.524 Y44.811 E.02043
G1 X61.029 Y45.017 E.11884
M204 S10000
G1 E-.8 F1800
G1 X60.545 Y52.635 Z27.4 F7200
G1 X60.512 Y53.164 Z27.4
G1 Z27
G1 E.8 F1800
M204 S500
;WIDTH:0.482917
G1 F996
G1 X60.401 Y53.135 E.00419
;WIDTH:0.515834
G1 X60.29 Y53.106 E.0045
;WIDTH:0.540754
G1 X59.876 Y52.339 E.03607
;WIDTH:0.565235
G1 X59.531 Y51.598 E.03553
;WIDTH:0.592895
G1 X59.239 Y50.845 E.03692
;WIDTH:0.596057
G1 X58.701 Y49.317 E.07452
;WIDTH:0.588407
G1 X58.469 Y48.539 E.03683
;WIDTH:0.565657
G1 X58.298 Y47.821 E.03206
;WIDTH:0.546265
G1 X58.146 Y46.987 E.0355
;WIDTH:0.522267
G1 X58.13 Y46.893 E.00378
;WIDTH:0.517192
G1 X58.201 Y46.787 E.00504
;WIDTH:0.483596
G1 X58.271 Y46.68 E.00468
;WIDTH:0.449999
G1 X59.978 Y46.406 E.05852
G1 X60.069 Y46.414 E.00309
G1 X60.186 Y46.551 E.0061
G1 X60.325 Y47.283 E.02521
G1 X60.495 Y47.957 E.02353
G1 X61.227 Y50.132 E.07767
G1 X61.475 Y50.786 E.02369
G1 X61.76 Y51.422 E.02358
G1 X62.104 Y52.083 E.02521
G1 X62.096 Y52.289 E.007
G1 X60.547 Y53.145 E.0599
M204 S10000
G1 E-.8 F1800
G1 X62.542 Y51.92 Z27.4 F7200
G1 Z27
G1 E.8 F1800
M204 S1500
;TYPE:Inner wall
;WIDTH:0.52571
G1 F996
G1 X62.514 Y51.869 E.00234
;WIDTH:0.518214
G1 X62.334 Y51.55 E.01448
;WIDTH:0.492342
G1 X62.154 Y51.232 E.01369
;WIDTH:0.46647
G1 X61.992 Y50.899 E.01302
;WIDTH:0.438622
G1 X61.83 Y50.567 E.01216
;WIDTH:0.410774
G1 X61.558 Y49.908 E.0218
;WIDTH:0.363988
G1 X61.315 Y49.24 E.01899
;WIDTH:0.358362
G1 X61.096 Y48.563 E.01867
;WIDTH:0.388407
G1 X60.994 Y48.202 E.01076
;WIDTH:0.418452
G1 X60.891 Y47.842 E.01169
;WIDTH:0.4443
G1 X60.808 Y47.438 E.01378
;WIDTH:0.470148
G1 X60.724 Y47.034 E.01467
;WIDTH:0.518212
G1 X60.64 Y46.465 E.02272
M204 S10000
G1 E-.8 F1800
G1 X58.427 Y45.705 Z27.4 F7200
G1 Z27
G1 E.8 F1800
M204 S500
;TYPE:Internal solid infill
;WIDTH:0.541214
G1 F996
G1 X58.364 Y45.705 E.00258
G1 X58.333 Y45.759 E.00258
G1 X58.364 Y45.812 E.00258
G1 X58.427 Y45.812 E.00258
G1 X58.438 Y45.793 E.00092
M204 S10000
G1 E-.8 F1800
G1 X60.962 Y52.996 Z27.4 F7200
G1 X61.229 Y53.761 Z27.4
G1 Z27
G1 E.8 F1800
M204 S500
;WIDTH:0.552686
G1 F996
G1 X61.166 Y53.761 E.0027
G1 X61.134 Y53.816 E.0027
G1 X61.166 Y53.871 E.0027
G1 X61.229 Y53.871 E.0027
G1 X61.241 Y53.85 E.00101
; stop printing object magic-spinning-top.stl id:730144440329 copy 0
;LAYER_CHANGE
;Z:27.2
;HEIGHT:0.200001
G92 E0
;_SET_FAN_SPEED_CHANGING_LAYER
; printing object magic-spinning-top.stl id:730144440329 copy 0
M204 S10000
G1 E-.8 F1800
G1 X60.64 Y46.465 Z27.6 F7200
G1 Z27.2
G1 E.8 F1800
M204 S1500
;TYPE:Inner wall
;WIDTH:0.533318
G1 F996
G1 X60.603 Y46.322 E.00602
;WIDTH:0.558758
G1 X60.233 Y45.96 E.02218
G1 X59.903 Y45.94 E.01419
;WIDTH:0.536647
G1 X58.998 Y46.113 E.03783
;WIDTH:0.493323
G1 X58.093 Y46.286 E.03451
;WIDTH:0.449999
G1 X57.976 Y46.487 E.00785
M73 P85 R3
G1 X57.943 Y45.767 E.02438
G1 X57.939 Y45.264 E.01702
G1 X58.433 Y45.294 E.01675
;WIDTH:0.493323
G1 X59.05 Y45.348 E.02319
;WIDTH:0.536647
G1 X59.666 Y45.403 E.02542
;WIDTH:0.558758
G1 X60.574 Y45.474 E.03903
G1 X60.579 Y45.708 E.01001
G1 X60.637 Y46.425 E.03086
M204 S10000
G1 E-.8 F1800
G1 X60.425 Y53.526 Z27.6 F7200
G1 Z27.2
G1 E.8 F1800
M204 S1500
;WIDTH:0.449999
G1 F996
G1 X60.611 Y53.581 E.00657
G1 X60.973 Y53.405 E.01363
;WIDTH:0.483495
G1 X61.403 Y53.185 E.01771
;WIDTH:0.516991
G1 X61.833 Y52.964 E.01906
;WIDTH:0.550487
G1 X62.264 Y52.744 E.0204
;WIDTH:0.558758
G1 X62.507 Y52.517 E.01426
G1 X62.585 Y52.046 E.0205
;WIDTH:0.536864
G1 X62.542 Y51.92 E.00544
G1 X62.609 Y52.035 E.00546
;WIDTH:0.558758
G1 X63.075 Y52.688 E.03441
G1 X62.556 Y53.155 E.02996
;WIDTH:0.550487
G1 X62.086 Y53.603 E.02739
;WIDTH:0.516991
G1 X61.616 Y54.05 E.02558
;WIDTH:0.483495
G1 X61.146 Y54.498 E.02377
;WIDTH:0.449999
G1 X60.828 Y54.087 E.0176
G1 X60.448 Y53.558 E.02203
M204 S10000
G1 E-.8 F1800
G1 X61.001 Y45.946 Z27.6 F7200
G1 X61.069 Y45.02 Z27.6
G1 Z27.2
G1 E.8 F1800
M204 S500
;TYPE:Outer wall
G1 F996
G1 X61.062 Y45.689 E.02265
G1 X61.1 Y46.416 E.02467
G1 X61.182 Y47.113 E.02374
G1 X61.305 Y47.81 E.02397
G1 X61.47 Y48.48 E.02335
G1 X61.677 Y49.138 E.02335
G1 X61.948 Y49.838 E.02539
G1 X62.22 Y50.433 E.02216
G1 X62.599 Y51.137 E.02704
G1 X62.991 Y51.758 E.02487
G1 X63.423 Y52.352 E.02486
G1 X63.745 Y52.739 E.01704
G1 X61.091 Y55.097 E.12019
G1 X60.693 Y54.622 E.02098
G1 X60.198 Y53.959 E.028
;WIDTH:0.486132
G1 X59.986 Y53.607 E.01513
;WIDTH:0.522265
G1 X59.775 Y53.256 E.01637
;WIDTH:0.546193
G1 X59.343 Y52.492 E.03671
;WIDTH:0.565674
G1 X59.002 Y51.8 E.03352
;WIDTH:0.588414
G1 X58.673 Y51.03 E.03798
;WIDTH:0.599875
G1 X58.389 Y50.263 E.03787
G1 X58.131 Y49.463 E.03896
;WIDTH:0.588304
G1 X57.914 Y48.649 E.0382
;WIDTH:0.565235
G1 X57.744 Y47.817 E.03688
;WIDTH:0.540778
G1 X57.614 Y46.912 E.03783
;WIDTH:0.515836
G1 X57.57 Y46.577 E.01328
;WIDTH:0.482918
G1 X57.526 Y46.243 E.01235
;WIDTH:0.449999
G1 X57.505 Y45.414 E.02805
G1 X57.524 Y44.811 E.02043
G1 X61.029 Y45.017 E.11884
M204 S10000
G1 E-.8 F1800
G1 X60.545 Y52.635 Z27.6 F7200
G1 X60.512 Y53.164 Z27.6
G1 Z27.2
G1 E.8 F1800
M204 S500
;WIDTH:0.482917
G1 F996
G1 X60.401 Y53.135 E.00419
;WIDTH:0.515834
G1 X60.29 Y53.106 E.0045
;WIDTH:0.540777
G1 X59.876 Y52.339 E.03607
;WIDTH:0.565235
G1 X59.53 Y51.597 E.03555
;WIDTH:0.588304
G1 X59.231 Y50.844 E.03676
;WIDTH:0.599875
G1 X58.701 Y49.317 E.07486
;WIDTH:0.588415
G1 X58.469 Y48.539 E.03683
;WIDTH:0.565673
G1 X58.297 Y47.819 E.03214
;WIDTH:0.546195
G1 X58.146 Y46.987 E.03542
;WIDTH:0.522268
G1 X58.128 Y46.87 E.0047
;WIDTH:0.515836
G1 X58.221 Y46.772 E.00532
;WIDTH:0.482918
G1 X58.313 Y46.673 E.00495
;WIDTH:0.449999
G1 X59.978 Y46.406 E.05706
G1 X60.069 Y46.414 E.00309
G1 X60.186 Y46.551 E.0061
G1 X60.325 Y47.283 E.02521
G1 X60.495 Y47.957 E.02353
G1 X60.891 Y49.164 E.043
G1 X61.227 Y50.132 E.03467
G1 X61.475 Y50.786 E.02369
G1 X61.76 Y51.422 E.02358
G1 X62.104 Y52.083 E.02521
G1 X62.096 Y52.289 E.007
G1 X60.547 Y53.145 E.0599
M204 S10000
G1 E-.8 F1800
G1 X62.542 Y51.92 Z27.6 F7200
G1 Z27.2
G1 E.8 F1800
M204 S1500
;TYPE:Inner wall
;WIDTH:0.52571
G1 F996
G1 X62.514 Y51.869 E.00234
;WIDTH:0.518214
G1 X62.334 Y51.55 E.01448
;WIDTH:0.492334
G1 X62.154 Y51.232 E.01369
;WIDTH:0.466454
G1 X61.992 Y50.901 E.01296
;WIDTH:0.438758
G1 X61.831 Y50.57 E.01211
;WIDTH:0.411062
G1 X61.558 Y49.91 E.02186
;WIDTH:0.364092
G1 X61.25 Y49.043 E.02458
;WIDTH:0.358076
G1 X61.096 Y48.561 E.01326
;WIDTH:0.388214
G1 X60.994 Y48.201 E.01073
;WIDTH:0.418352
G1 X60.891 Y47.842 E.01166
;WIDTH:0.44425
G1 X60.808 Y47.438 E.01378
;WIDTH:0.470148
G1 X60.724 Y47.034 E.01467
;WIDTH:0.518212
G1 X60.64 Y46.465 E.02272
M204 S10000
G1 E-.8 F1800
G1 X58.427 Y45.705 Z27.6 F7200
G1 Z27.2
G1 E.8 F1800
M204 S500
;TYPE:Internal solid infill
;WIDTH:0.541214
G1 F996
G1 X58.364 Y45.705 E.00258
G1 X58.333 Y45.759 E.00258
G1 X58.364 Y45.812 E.00258
G1 X58.427 Y45.812 E.00258
G1 X58.438 Y45.793 E.00092
M204 S10000
G1 E-.8 F1800
G1 X60.962 Y52.996 Z27.6 F7200
G1 X61.229 Y53.761 Z27.6
G1 Z27.2
G1 E.8 F1800
M204 S500
;WIDTH:0.552686
G1 F996
G1 X61.166 Y53.761 E.0027
G1 X61.134 Y53.816 E.0027
G1 X61.166 Y53.871 E.0027
G1 X61.229 Y53.871 E.0027
G1 X61.241 Y53.85 E.00101
; stop printing object magic-spinning-top.stl id:730144440329 copy 0
;LAYER_CHANGE
;Z:27.4
;HEIGHT:0.199999
G92 E0
;_SET_FAN_SPEED_CHANGING_LAYER
; printing object magic-spinning-top.stl id:730144440329 copy 0
M204 S10000
G1 E-.8 F1800
G1 X60.64 Y46.465 Z27.8 F7200
G1 Z27.4
G1 E.8 F1800
M204 S1500
;TYPE:Inner wall
;WIDTH:0.533318
G1 F996
G1 X60.603 Y46.322 E.00602
;WIDTH:0.558758
G1 X60.233 Y45.96 E.02218
G1 X59.903 Y45.94 E.01419
;WIDTH:0.536647
G1 X58.998 Y46.113 E.03783
;WIDTH:0.493323
G1 X58.093 Y46.286 E.03451
;WIDTH:0.449999
G1 X57.976 Y46.487 E.00785
G1 X57.943 Y45.767 E.02438
G1 X57.939 Y45.264 E.01702
G1 X58.433 Y45.294 E.01675
;WIDTH:0.493323
G1 X59.05 Y45.348 E.02319
;WIDTH:0.536647
G1 X59.666 Y45.403 E.02542
;WIDTH:0.558758
G1 X60.574 Y45.474 E.03903
G1 X60.579 Y45.708 E.01001
G1 X60.637 Y46.425 E.03086
M204 S10000
G1 E-.8 F1800
G1 X60.425 Y53.526 Z27.8 F7200
G1 Z27.4
G1 E.8 F1800
M204 S1500
;WIDTH:0.449999
G1 F996
G1 X60.611 Y53.581 E.00657
G1 X60.973 Y53.405 E.01363
;WIDTH:0.483495
G1 X61.403 Y53.185 E.01771
;WIDTH:0.516991
G1 X61.833 Y52.964 E.01906
;WIDTH:0.550487
G1 X62.264 Y52.744 E.0204
;WIDTH:0.558758
G1 X62.507 Y52.517 E.01426
G1 X62.585 Y52.046 E.0205
;WIDTH:0.536865
G1 X62.542 Y51.92 E.00544
G1 X62.609 Y52.035 E.00546
;WIDTH:0.558758
G1 X63.075 Y52.688 E.03441
G1 X62.556 Y53.155 E.02996
;WIDTH:0.550487
G1 X62.086 Y53.603 E.02739
;WIDTH:0.516991
G1 X61.616 Y54.05 E.02558
;WIDTH:0.483495
G1 X61.146 Y54.498 E.02377
;WIDTH:0.449999
G1 X60.828 Y54.087 E.0176
G1 X60.448 Y53.558 E.02203
M204 S10000
G1 E-.8 F1800
G1 X61.001 Y45.946 Z27.8 F7200
G1 X61.069 Y45.02 Z27.8
G1 Z27.4
G1 E.8 F1800
M204 S500
;TYPE:Outer wall
G1 F996
G1 X61.062 Y45.689 E.02265
G1 X61.1 Y46.416 E.02467
G1 X61.182 Y47.113 E.02374
G1 X61.305 Y47.807 E.02386
G1 X61.47 Y48.479 E.02341
G1 X61.677 Y49.138 E.0234
G1 X61.948 Y49.838 E.02538
G1 X62.22 Y50.433 E.02216
G1 X62.599 Y51.137 E.02705
G1 X62.991 Y51.758 E.02487
G1 X63.423 Y52.352 E.02486
G1 X63.745 Y52.739 E.01704
G1 X61.091 Y55.097 E.12019
G1 X60.693 Y54.622 E.02098
G1 X60.198 Y53.959 E.028
;WIDTH:0.486133
G1 X59.986 Y53.607 E.01513
;WIDTH:0.522266
G1 X59.775 Y53.256 E.01637
;WIDTH:0.546123
G1 X59.344 Y52.493 E.03663
;WIDTH:0.565688
G1 X59.002 Y51.8 E.0336
;WIDTH:0.588422
G1 X58.673 Y51.03 E.03798
;WIDTH:0.599876
G1 X58.389 Y50.263 E.03787
G1 X58.131 Y49.463 E.03893
;WIDTH:0.588314
G1 X57.914 Y48.649 E.03823
;WIDTH:0.56522
G1 X57.744 Y47.817 E.03688
;WIDTH:0.540801
G1 X57.614 Y46.912 E.03783
;WIDTH:0.515836
G1 X57.57 Y46.577 E.01328
;WIDTH:0.482918
G1 X57.526 Y46.243 E.01235
;WIDTH:0.449999
G1 X57.505 Y45.414 E.02805
G1 X57.524 Y44.811 E.02043
G1 X61.029 Y45.017 E.11884
M204 S10000
G1 E-.8 F1800
G1 X60.545 Y52.635 Z27.8 F7200
G1 X60.512 Y53.164 Z27.8
G1 Z27.4
G1 E.8 F1800
M204 S500
;WIDTH:0.482917
G1 F996
G1 X60.401 Y53.135 E.00419
;WIDTH:0.515834
G1 X60.29 Y53.106 E.0045
;WIDTH:0.540801
G1 X59.876 Y52.339 E.03607
;WIDTH:0.56522
G1 X59.53 Y51.597 E.03555
;WIDTH:0.588313
G1 X59.231 Y50.843 E.03679
;WIDTH:0.599876
G1 X58.701 Y49.317 E.07483
;WIDTH:0.588424
G1 X58.469 Y48.539 E.03683
;WIDTH:0.56569
G1 X58.297 Y47.818 E.03222
;WIDTH:0.546125
G1 X58.146 Y46.987 E.03534
;WIDTH:0.522269
G1 X58.13 Y46.893 E.00378
;WIDTH:0.517192
G1 X58.201 Y46.787 E.00504
;WIDTH:0.483596
G1 X58.271 Y46.68 E.00468
;WIDTH:0.449999
G1 X59.978 Y46.406 E.05852
G1 X60.069 Y46.414 E.00309
G1 X60.186 Y46.551 E.0061
G1 X60.325 Y47.283 E.02521
G1 X60.495 Y47.957 E.02353
G1 X60.903 Y49.198 E.04424
G1 X61.227 Y50.132 E.03343
G1 X61.475 Y50.786 E.02369
G1 X61.76 Y51.422 E.02358
G1 X62.104 Y52.083 E.02521
G1 X62.096 Y52.289 E.007
G1 X60.547 Y53.145 E.0599
M204 S10000
G1 E-.8 F1800
G1 X62.542 Y51.92 Z27.8 F7200
G1 Z27.4
G1 E.8 F1800
M204 S1500
;TYPE:Inner wall
;WIDTH:0.525712
G1 F996
G1 X62.514 Y51.869 E.00234
;WIDTH:0.518214
G1 X62.334 Y51.55 E.01448
;WIDTH:0.492326
G1 X62.154 Y51.232 E.01369
;WIDTH:0.466438
G1 X61.993 Y50.902 E.0129
;WIDTH:0.43891
G1 X61.832 Y50.573 E.01206
;WIDTH:0.411382
G1 X61.559 Y49.911 E.02194
;WIDTH:0.364186
G1 X61.261 Y49.078 E.02365
;WIDTH:0.357808
G1 X61.096 Y48.559 E.01425
;WIDTH:0.388032
G1 X60.993 Y48.201 E.0107
;WIDTH:0.418256
G1 X60.891 Y47.842 E.01164
;WIDTH:0.444202
G1 X60.808 Y47.438 E.01377
;WIDTH:0.470148
G1 X60.724 Y47.034 E.01466
;WIDTH:0.518212
G1 X60.64 Y46.465 E.02272
M204 S10000
G1 E-.8 F1800
G1 X58.427 Y45.705 Z27.8 F7200
G1 Z27.4
G1 E.8 F1800
M204 S500
;TYPE:Internal solid infill
;WIDTH:0.541214
G1 F996
G1 X58.364 Y45.705 E.00258
G1 X58.333 Y45.759 E.00258
G1 X58.364 Y45.812 E.00258
G1 X58.427 Y45.812 E.00258
G1 X58.438 Y45.793 E.00092
M204 S10000
G1 E-.8 F1800
G1 X60.962 Y52.996 Z27.8 F7200
G1 X61.229 Y53.761 Z27.8
G1 Z27.4
G1 E.8 F1800
M204 S500
;WIDTH:0.552686
G1 F996
G1 X61.166 Y53.761 E.0027
G1 X61.134 Y53.816 E.0027
G1 X61.166 Y53.871 E.0027
G1 X61.229 Y53.871 E.0027
G1 X61.241 Y53.85 E.00101
; stop printing object magic-spinning-top.stl id:730144440329 copy 0
;LAYER_CHANGE
;Z:27.6
;HEIGHT:0.200001
G92 E0
;_SET_FAN_SPEED_CHANGING_LAYER
; printing object magic-spinning-top.stl id:730144440329 copy 0
M204 S10000
G1 E-.8 F1800
G1 X60.64 Y46.465 Z28 F7200
G1 Z27.6
G1 E.8 F1800
M204 S1500
;TYPE:Inner wall
;WIDTH:0.53332
G1 F996
G1 X60.603 Y46.322 E.00602
;WIDTH:0.558758
G1 X60.233 Y45.96 E.02218
G1 X59.903 Y45.94 E.01419
;WIDTH:0.536647
G1 X58.998 Y46.113 E.03783
;WIDTH:0.493323
G1 X58.093 Y46.286 E.03451
;WIDTH:0.449999
G1 X57.976 Y46.487 E.00785
G1 X57.943 Y45.767 E.02438
G1 X57.939 Y45.264 E.01702
G1 X58.433 Y45.294 E.01675
;WIDTH:0.493323
G1 X59.05 Y45.348 E.02319
;WIDTH:0.536647
G1 X59.666 Y45.403 E.02542
;WIDTH:0.558758
G1 X60.574 Y45.474 E.03903
G1 X60.579 Y45.708 E.01001
G1 X60.637 Y46.425 E.03086
M204 S10000
G1 E-.8 F1800
G1 X60.425 Y53.526 Z28 F7200
G1 Z27.6
M73 P86 R3
G1 E.8 F1800
M204 S1500
;WIDTH:0.449999
G1 F996
G1 X60.611 Y53.581 E.00657
G1 X60.973 Y53.405 E.01363
;WIDTH:0.483496
G1 X61.403 Y53.185 E.01771
;WIDTH:0.516992
G1 X61.833 Y52.964 E.01906
;WIDTH:0.550488
G1 X62.264 Y52.744 E.0204
;WIDTH:0.558758
G1 X62.507 Y52.517 E.01426
G1 X62.585 Y52.046 E.0205
;WIDTH:0.536862
G1 X62.542 Y51.92 E.00544
G1 X62.609 Y52.035 E.00546
;WIDTH:0.558758
G1 X63.075 Y52.688 E.03441
G1 X62.556 Y53.155 E.02996
;WIDTH:0.550488
G1 X62.086 Y53.603 E.02739
;WIDTH:0.516992
G1 X61.616 Y54.05 E.02558
;WIDTH:0.483496
G1 X61.146 Y54.498 E.02377
;WIDTH:0.449999
G1 X60.828 Y54.087 E.0176
G1 X60.448 Y53.558 E.02203
M204 S10000
G1 E-.8 F1800
G1 X61.001 Y45.946 Z28 F7200
G1 X61.069 Y45.02 Z28
G1 Z27.6
G1 E.8 F1800
M204 S500
;TYPE:Outer wall
G1 F996
G1 X61.062 Y45.689 E.02265
G1 X61.1 Y46.416 E.02467
G1 X61.182 Y47.113 E.02374
G1 X61.304 Y47.804 E.02375
G1 X61.47 Y48.477 E.02346
G1 X61.677 Y49.139 E.02346
G1 X61.948 Y49.838 E.02538
G1 X62.22 Y50.433 E.02216
G1 X62.599 Y51.137 E.02705
G1 X62.991 Y51.758 E.02487
G1 X63.423 Y52.352 E.02486
G1 X63.745 Y52.739 E.01704
G1 X61.091 Y55.097 E.12019
G1 X60.693 Y54.622 E.02098
G1 X60.198 Y53.959 E.028
;WIDTH:0.486133
G1 X59.986 Y53.607 E.01513
;WIDTH:0.522267
G1 X59.775 Y53.256 E.01637
;WIDTH:0.546055
G1 X59.345 Y52.495 E.03655
;WIDTH:0.565705
G1 X59.002 Y51.8 E.03368
;WIDTH:0.58843
G1 X58.673 Y51.03 E.03798
;WIDTH:0.599876
G1 X58.389 Y50.263 E.03787
G1 X58.131 Y49.464 E.03891
;WIDTH:0.588321
G1 X57.914 Y48.649 E.03826
;WIDTH:0.565203
G1 X57.744 Y47.817 E.03688
;WIDTH:0.540824
G1 X57.614 Y46.912 E.03783
;WIDTH:0.515836
G1 X57.57 Y46.577 E.01328
;WIDTH:0.482918
G1 X57.526 Y46.243 E.01235
;WIDTH:0.449999
G1 X57.505 Y45.414 E.02805
G1 X57.524 Y44.811 E.02043
G1 X61.029 Y45.017 E.11884
M204 S10000
G1 E-.8 F1800
G1 X60.545 Y52.635 Z28 F7200
G1 X60.512 Y53.164 Z28
G1 Z27.6
G1 E.8 F1800
M204 S500
;WIDTH:0.482917
G1 F996
G1 X60.401 Y53.135 E.00419
;WIDTH:0.515834
G1 X60.29 Y53.106 E.0045
;WIDTH:0.540823
G1 X59.876 Y52.339 E.03607
;WIDTH:0.565205
G1 X59.53 Y51.597 E.03555
;WIDTH:0.588321
G1 X59.231 Y50.843 E.03682
;WIDTH:0.599876
G1 X58.701 Y49.317 E.07481
;WIDTH:0.588431
G1 X58.469 Y48.539 E.03683
;WIDTH:0.565704
G1 X58.296 Y47.816 E.0323
;WIDTH:0.546053
G1 X58.146 Y46.987 E.03526
;WIDTH:0.522269
G1 X58.13 Y46.893 E.00378
;WIDTH:0.517192
G1 X58.201 Y46.787 E.00504
;WIDTH:0.483596
G1 X58.271 Y46.68 E.00468
;WIDTH:0.449999
G1 X59.978 Y46.406 E.05852
G1 X60.069 Y46.414 E.00309
G1 X60.186 Y46.551 E.0061
G1 X60.325 Y47.283 E.02521
G1 X60.495 Y47.957 E.02352
G1 X61.227 Y50.132 E.07767
M73 P86 R2
G1 X61.475 Y50.786 E.02369
G1 X61.76 Y51.422 E.02358
G1 X62.104 Y52.083 E.02521
G1 X62.096 Y52.289 E.007
G1 X60.547 Y53.145 E.0599
M204 S10000
G1 E-.8 F1800
G1 X62.542 Y51.92 Z28 F7200
G1 Z27.6
G1 E.8 F1800
M204 S1500
;TYPE:Inner wall
;WIDTH:0.525708
G1 F996
G1 X62.514 Y51.869 E.00234
;WIDTH:0.518212
G1 X62.334 Y51.55 E.01448
;WIDTH:0.492317
G1 X62.154 Y51.232 E.01369
;WIDTH:0.466422
G1 X61.994 Y50.904 E.01285
;WIDTH:0.439047
G1 X61.834 Y50.576 E.01202
;WIDTH:0.411672
G1 X61.559 Y49.913 E.022
;WIDTH:0.364286
G1 X61.273 Y49.112 E.02273
;WIDTH:0.357568
G1 X61.095 Y48.557 E.01524
;WIDTH:0.387859
G1 X60.993 Y48.2 E.01067
;WIDTH:0.41815
G1 X60.891 Y47.842 E.01161
;WIDTH:0.44415
G1 X60.808 Y47.438 E.01377
;WIDTH:0.47015
G1 X60.724 Y47.034 E.01466
;WIDTH:0.518214
G1 X60.64 Y46.465 E.02272
M204 S10000
G1 E-.8 F1800
G1 X58.427 Y45.705 Z28 F7200
G1 Z27.6
G1 E.8 F1800
M204 S500
;TYPE:Internal solid infill
;WIDTH:0.541214
G1 F996
G1 X58.364 Y45.705 E.00258
G1 X58.333 Y45.759 E.00258
G1 X58.364 Y45.812 E.00258
G1 X58.427 Y45.812 E.00258
G1 X58.438 Y45.793 E.00092
M204 S10000
G1 E-.8 F1800
G1 X60.962 Y52.996 Z28 F7200
G1 X61.229 Y53.761 Z28
G1 Z27.6
G1 E.8 F1800
M204 S500
;WIDTH:0.552686
G1 F996
G1 X61.166 Y53.761 E.0027
G1 X61.134 Y53.816 E.0027
G1 X61.166 Y53.871 E.0027
G1 X61.229 Y53.871 E.0027
G1 X61.241 Y53.85 E.00101
; stop printing object magic-spinning-top.stl id:730144440329 copy 0
;LAYER_CHANGE
;Z:27.8
;HEIGHT:0.199999
G92 E0
;_SET_FAN_SPEED_CHANGING_LAYER
; printing object magic-spinning-top.stl id:730144440329 copy 0
M204 S10000
G1 E-.8 F1800
G1 X60.64 Y46.465 Z28.2 F7200
G1 Z27.8
G1 E.8 F1800
M204 S1500
;TYPE:Inner wall
;WIDTH:0.533318
G1 F996
G1 X60.603 Y46.322 E.00602
;WIDTH:0.558758
G1 X60.233 Y45.96 E.02218
G1 X59.903 Y45.94 E.01419
;WIDTH:0.536647
G1 X58.998 Y46.113 E.03783
;WIDTH:0.493323
G1 X58.093 Y46.286 E.03451
;WIDTH:0.449999
G1 X57.976 Y46.487 E.00785
G1 X57.943 Y45.767 E.02438
G1 X57.939 Y45.264 E.01702
G1 X58.433 Y45.294 E.01675
;WIDTH:0.493323
G1 X59.05 Y45.348 E.02319
;WIDTH:0.536647
G1 X59.666 Y45.403 E.02542
;WIDTH:0.558758
G1 X60.574 Y45.474 E.03903
G1 X60.579 Y45.708 E.01001
G1 X60.637 Y46.425 E.03086
M204 S10000
G1 E-.8 F1800
G1 X60.425 Y53.526 Z28.2 F7200
G1 Z27.8
G1 E.8 F1800
M204 S1500
;WIDTH:0.449999
G1 F996
G1 X60.611 Y53.581 E.00657
G1 X60.973 Y53.405 E.01363
;WIDTH:0.483495
G1 X61.403 Y53.185 E.01771
;WIDTH:0.516991
G1 X61.833 Y52.964 E.01906
;WIDTH:0.550487
G1 X62.264 Y52.744 E.0204
;WIDTH:0.558758
G1 X62.507 Y52.517 E.01426
G1 X62.585 Y52.046 E.0205
;WIDTH:0.536864
G1 X62.542 Y51.92 E.00544
G1 X62.609 Y52.035 E.00546
;WIDTH:0.558758
G1 X63.075 Y52.688 E.03441
G1 X62.556 Y53.155 E.02996
;WIDTH:0.550487
G1 X62.086 Y53.603 E.02739
;WIDTH:0.516991
G1 X61.616 Y54.05 E.02558
;WIDTH:0.483495
G1 X61.146 Y54.498 E.02377
;WIDTH:0.449999
G1 X60.828 Y54.087 E.0176
G1 X60.448 Y53.558 E.02203
M204 S10000
G1 E-.8 F1800
G1 X61.001 Y45.946 Z28.2 F7200
G1 X61.069 Y45.02 Z28.2
G1 Z27.8
G1 E.8 F1800
M204 S500
;TYPE:Outer wall
G1 F996
G1 X61.062 Y45.689 E.02265
G1 X61.1 Y46.416 E.02467
G1 X61.182 Y47.113 E.02374
G1 X61.303 Y47.801 E.02364
G1 X61.469 Y48.476 E.02352
G1 X61.677 Y49.139 E.02351
G1 X61.948 Y49.837 E.02538
G1 X62.22 Y50.433 E.02217
G1 X62.599 Y51.137 E.02705
G1 X62.991 Y51.758 E.02487
G1 X63.423 Y52.352 E.02486
G1 X63.745 Y52.739 E.01704
G1 X61.091 Y55.097 E.12019
G1 X60.693 Y54.622 E.02098
G1 X60.198 Y53.959 E.028
;WIDTH:0.486134
G1 X59.986 Y53.607 E.01513
;WIDTH:0.522268
G1 X59.775 Y53.256 E.01637
;WIDTH:0.545983
G1 X59.346 Y52.497 E.03647
;WIDTH:0.565721
G1 X59.002 Y51.8 E.03376
;WIDTH:0.58844
G1 X58.673 Y51.03 E.03798
;WIDTH:0.599878
G1 X58.389 Y50.263 E.03787
G1 X58.132 Y49.464 E.03888
;WIDTH:0.588329
G1 X57.914 Y48.649 E.03828
;WIDTH:0.565188
G1 X57.744 Y47.817 E.03688
;WIDTH:0.540848
G1 X57.614 Y46.912 E.03784
;WIDTH:0.515836
G1 X57.57 Y46.577 E.01328
;WIDTH:0.482918
G1 X57.526 Y46.243 E.01235
;WIDTH:0.449999
G1 X57.505 Y45.414 E.02805
G1 X57.524 Y44.811 E.02043
G1 X61.029 Y45.017 E.11884
M204 S10000
G1 E-.8 F1800
G1 X60.545 Y52.635 Z28.2 F7200
G1 X60.512 Y53.164 Z28.2
G1 Z27.8
G1 E.8 F1800
M204 S500
;WIDTH:0.482917
G1 F996
G1 X60.401 Y53.135 E.00419
;WIDTH:0.515834
G1 X60.29 Y53.106 E.0045
;WIDTH:0.540846
G1 X59.876 Y52.339 E.03607
;WIDTH:0.565188
G1 X59.53 Y51.597 E.03555
;WIDTH:0.58833
G1 X59.231 Y50.842 E.03684
;WIDTH:0.599878
G1 X58.701 Y49.317 E.07478
;WIDTH:0.58844
G1 X58.469 Y48.539 E.03683
;WIDTH:0.565723
G1 X58.296 Y47.814 E.03238
;WIDTH:0.545985
G1 X58.146 Y46.987 E.03518
;WIDTH:0.52227
G1 X58.13 Y46.893 E.00378
;WIDTH:0.517192
G1 X58.201 Y46.787 E.00504
;WIDTH:0.483596
G1 X58.271 Y46.68 E.00468
;WIDTH:0.449999
G1 X59.978 Y46.406 E.05852
G1 X60.069 Y46.414 E.00309
G1 X60.186 Y46.551 E.0061
G1 X60.325 Y47.283 E.02521
G1 X60.495 Y47.959 E.02358
G1 X60.705 Y48.626 E.02369
G1 X61.227 Y50.132 E.05394
G1 X61.475 Y50.786 E.02369
G1 X61.76 Y51.422 E.02358
G1 X62.104 Y52.083 E.02521
G1 X62.096 Y52.289 E.007
G1 X60.547 Y53.145 E.0599
M204 S10000
G1 E-.8 F1800
G1 X62.542 Y51.92 Z28.2 F7200
G1 Z27.8
G1 E.8 F1800
M204 S1500
;TYPE:Inner wall
;WIDTH:0.52571
G1 F996
G1 X62.514 Y51.869 E.00234
;WIDTH:0.518214
G1 X62.334 Y51.55 E.01448
;WIDTH:0.492311
G1 X62.154 Y51.232 E.01369
;WIDTH:0.466408
G1 X61.994 Y50.905 E.01279
;WIDTH:0.439191
G1 X61.835 Y50.579 E.01197
;WIDTH:0.411974
G1 X61.56 Y49.914 E.02206
;WIDTH:0.364386
G1 X61.315 Y49.24 E.01919
;WIDTH:0.37173
G1 X61.075 Y48.504 E.02116
;WIDTH:0.417724
G1 X60.892 Y47.846 E.02127
;WIDTH:0.443936
G1 X60.808 Y47.44 E.01384
;WIDTH:0.470148
G1 X60.724 Y47.034 E.01474
;WIDTH:0.518212
G1 X60.64 Y46.465 E.02272
M204 S10000
G1 E-.8 F1800
G1 X58.427 Y45.705 Z28.2 F7200
G1 Z27.8
G1 E.8 F1800
M204 S500
;TYPE:Internal solid infill
;WIDTH:0.541214
G1 F996
G1 X58.364 Y45.705 E.00258
G1 X58.333 Y45.759 E.00258
G1 X58.364 Y45.812 E.00258
G1 X58.427 Y45.812 E.00258
G1 X58.438 Y45.793 E.00092
M204 S10000
G1 E-.8 F1800
G1 X60.962 Y52.996 Z28.2 F7200
G1 X61.229 Y53.761 Z28.2
G1 Z27.8
G1 E.8 F1800
M204 S500
;WIDTH:0.552686
G1 F996
G1 X61.166 Y53.761 E.0027
G1 X61.134 Y53.816 E.0027
G1 X61.166 Y53.871 E.0027
G1 X61.229 Y53.871 E.0027
G1 X61.241 Y53.85 E.00101
; stop printing object magic-spinning-top.stl id:730144440329 copy 0
;LAYER_CHANGE
;Z:28
;HEIGHT:0.200001
G92 E0
;_SET_FAN_SPEED_CHANGING_LAYER
; printing object magic-spinning-top.stl id:730144440329 copy 0
M204 S10000
G1 E-.8 F1800
G1 X60.64 Y46.465 Z28.4 F7200
G1 Z28
G1 E.8 F1800
M204 S1500
;TYPE:Inner wall
;WIDTH:0.533318
G1 F996
G1 X60.603 Y46.322 E.00602
;WIDTH:0.558758
G1 X60.233 Y45.96 E.02218
G1 X59.903 Y45.94 E.01419
;WIDTH:0.536647
G1 X58.998 Y46.113 E.03783
;WIDTH:0.493323
G1 X58.093 Y46.286 E.03451
;WIDTH:0.449999
G1 X57.976 Y46.487 E.00785
G1 X57.943 Y45.767 E.02438
G1 X57.939 Y45.264 E.01702
G1 X58.433 Y45.294 E.01675
;WIDTH:0.493323
G1 X59.05 Y45.348 E.02319
;WIDTH:0.536647
G1 X59.666 Y45.403 E.02542
;WIDTH:0.558758
G1 X60.574 Y45.474 E.03903
G1 X60.579 Y45.708 E.01001
G1 X60.637 Y46.425 E.03086
M204 S10000
G1 E-.8 F1800
G1 X60.425 Y53.526 Z28.4 F7200
G1 Z28
G1 E.8 F1800
M204 S1500
;WIDTH:0.449999
G1 F996
G1 X60.611 Y53.581 E.00657
G1 X60.973 Y53.405 E.01363
;WIDTH:0.483495
G1 X61.403 Y53.185 E.01771
;WIDTH:0.516991
G1 X61.833 Y52.964 E.01906
;WIDTH:0.550487
G1 X62.264 Y52.744 E.0204
;WIDTH:0.558758
G1 X62.507 Y52.517 E.01426
G1 X62.585 Y52.046 E.0205
;WIDTH:0.536865
G1 X62.542 Y51.92 E.00544
G1 X62.609 Y52.035 E.00546
;WIDTH:0.558758
G1 X63.075 Y52.688 E.03441
G1 X62.556 Y53.155 E.02996
;WIDTH:0.550487
G1 X62.086 Y53.603 E.02739
;WIDTH:0.516991
G1 X61.616 Y54.05 E.02558
;WIDTH:0.483495
G1 X61.146 Y54.498 E.02377
;WIDTH:0.449999
G1 X60.828 Y54.087 E.0176
G1 X60.448 Y53.558 E.02203
M73 P87 R2
M204 S10000
G1 E-.8 F1800
G1 X61.001 Y45.946 Z28.4 F7200
G1 X61.069 Y45.02 Z28.4
G1 Z28
G1 E.8 F1800
M204 S500
;TYPE:Outer wall
G1 F996
G1 X61.062 Y45.689 E.02265
G1 X61.1 Y46.416 E.02467
G1 X61.182 Y47.113 E.02375
G1 X61.303 Y47.798 E.02353
G1 X61.469 Y48.474 E.02357
G1 X61.677 Y49.139 E.02356
G1 X61.947 Y49.837 E.02537
G1 X62.22 Y50.433 E.02217
G1 X62.599 Y51.137 E.02705
G1 X62.991 Y51.758 E.02487
G1 X63.423 Y52.352 E.02486
G1 X63.745 Y52.739 E.01704
G1 X61.091 Y55.097 E.12019
G1 X60.693 Y54.622 E.02098
G1 X60.198 Y53.959 E.028
;WIDTH:0.486134
G1 X59.986 Y53.607 E.01513
;WIDTH:0.522269
G1 X59.775 Y53.256 E.01637
;WIDTH:0.545914
G1 X59.347 Y52.498 E.03639
;WIDTH:0.565737
G1 X59.002 Y51.8 E.03384
;WIDTH:0.588448
G1 X58.673 Y51.03 E.03798
;WIDTH:0.599878
G1 X58.389 Y50.263 E.03787
G1 X58.132 Y49.465 E.03885
;WIDTH:0.588338
G1 X57.914 Y48.649 E.03831
;WIDTH:0.565172
G1 X57.744 Y47.817 E.03688
;WIDTH:0.54087
G1 X57.614 Y46.912 E.03784
;WIDTH:0.515836
G1 X57.57 Y46.577 E.01328
;WIDTH:0.482918
G1 X57.526 Y46.243 E.01235
;WIDTH:0.449999
G1 X57.505 Y45.414 E.02805
G1 X57.524 Y44.811 E.02043
G1 X61.029 Y45.017 E.11884
M204 S10000
G1 E-.8 F1800
G1 X60.545 Y52.635 Z28.4 F7200
G1 X60.512 Y53.164 Z28.4
G1 Z28
G1 E.8 F1800
M204 S500
;WIDTH:0.482917
G1 F996
G1 X60.401 Y53.135 E.00419
;WIDTH:0.515834
G1 X60.29 Y53.106 E.0045
;WIDTH:0.540869
G1 X59.876 Y52.339 E.03607
;WIDTH:0.565173
G1 X59.53 Y51.597 E.03555
;WIDTH:0.588339
G1 X59.231 Y50.842 E.03687
;WIDTH:0.599878
G1 X58.701 Y49.317 E.07475
;WIDTH:0.588449
G1 X58.469 Y48.539 E.03683
;WIDTH:0.565739
G1 X58.296 Y47.812 E.03246
;WIDTH:0.545914
G1 X58.146 Y46.987 E.0351
;WIDTH:0.522271
G1 X58.13 Y46.893 E.00378
;WIDTH:0.517192
G1 X58.201 Y46.787 E.00504
;WIDTH:0.483596
G1 X58.271 Y46.68 E.00468
;WIDTH:0.449999
G1 X59.978 Y46.406 E.05852
G1 X60.069 Y46.414 E.00309
G1 X60.186 Y46.551 E.0061
G1 X60.325 Y47.283 E.02521
G1 X60.495 Y47.959 E.02358
G1 X60.705 Y48.626 E.02369
G1 X61.227 Y50.132 E.05394
G1 X61.475 Y50.786 E.02369
G1 X61.76 Y51.422 E.02358
G1 X62.104 Y52.083 E.02521
G1 X62.096 Y52.289 E.007
G1 X60.547 Y53.145 E.0599
M204 S10000
G1 E-.8 F1800
G1 X62.542 Y51.92 Z28.4 F7200
G1 Z28
G1 E.8 F1800
M204 S1500
;TYPE:Inner wall
;WIDTH:0.525712
G1 F996
G1 X62.514 Y51.869 E.00234
;WIDTH:0.518214
G1 X62.334 Y51.55 E.01448
;WIDTH:0.492303
G1 X62.154 Y51.232 E.01369
;WIDTH:0.466392
G1 X61.995 Y50.907 E.01273
;WIDTH:0.439337
G1 X61.836 Y50.582 E.01192
;WIDTH:0.412282
G1 X61.561 Y49.916 E.02213
;WIDTH:0.364484
G1 X61.315 Y49.24 E.01924
;WIDTH:0.371692
G1 X61.075 Y48.504 E.02116
;WIDTH:0.417612
G1 X60.892 Y47.846 E.02127
;WIDTH:0.443881
G1 X60.808 Y47.44 E.01384
;WIDTH:0.47015
G1 X60.724 Y47.034 E.01474
;WIDTH:0.518212
G1 X60.64 Y46.465 E.02272
M204 S10000
G1 E-.8 F1800
G1 X58.427 Y45.705 Z28.4 F7200
G1 Z28
G1 E.8 F1800
M204 S500
;TYPE:Internal solid infill
;WIDTH:0.541214
G1 F996
G1 X58.364 Y45.705 E.00258
G1 X58.333 Y45.759 E.00258
G1 X58.364 Y45.812 E.00258
G1 X58.427 Y45.812 E.00258
G1 X58.438 Y45.793 E.00092
M204 S10000
G1 E-.8 F1800
G1 X60.962 Y52.996 Z28.4 F7200
G1 X61.229 Y53.761 Z28.4
G1 Z28
G1 E.8 F1800
M204 S500
;WIDTH:0.552686
G1 F996
G1 X61.166 Y53.761 E.0027
G1 X61.134 Y53.816 E.0027
G1 X61.166 Y53.871 E.0027
G1 X61.229 Y53.871 E.0027
G1 X61.241 Y53.85 E.00101
; stop printing object magic-spinning-top.stl id:730144440329 copy 0
;LAYER_CHANGE
;Z:28.2
;HEIGHT:0.200001
G92 E0
;_SET_FAN_SPEED_CHANGING_LAYER
; printing object magic-spinning-top.stl id:730144440329 copy 0
M204 S10000
G1 E-.8 F1800
G1 X60.64 Y46.465 Z28.6 F7200
G1 Z28.2
G1 E.8 F1800
M204 S1500
;TYPE:Inner wall
;WIDTH:0.53332
G1 F996
G1 X60.603 Y46.322 E.00602
;WIDTH:0.558758
G1 X60.233 Y45.96 E.02218
G1 X59.903 Y45.94 E.01419
;WIDTH:0.536647
G1 X58.998 Y46.113 E.03783
;WIDTH:0.493323
G1 X58.093 Y46.286 E.03451
;WIDTH:0.449999
G1 X57.976 Y46.487 E.00785
G1 X57.943 Y45.767 E.02438
G1 X57.939 Y45.264 E.01702
G1 X58.433 Y45.294 E.01675
;WIDTH:0.493323
G1 X59.05 Y45.348 E.02319
;WIDTH:0.536647
G1 X59.666 Y45.403 E.02542
;WIDTH:0.558758
G1 X60.574 Y45.474 E.03903
G1 X60.579 Y45.708 E.01001
G1 X60.637 Y46.425 E.03086
M204 S10000
G1 E-.8 F1800
G1 X60.425 Y53.526 Z28.6 F7200
G1 Z28.2
G1 E.8 F1800
M204 S1500
;WIDTH:0.449999
G1 F996
G1 X60.611 Y53.581 E.00657
G1 X60.973 Y53.405 E.01363
;WIDTH:0.483495
G1 X61.403 Y53.185 E.01771
;WIDTH:0.516991
G1 X61.833 Y52.964 E.01906
;WIDTH:0.550487
G1 X62.264 Y52.744 E.0204
;WIDTH:0.558758
G1 X62.507 Y52.517 E.01426
G1 X62.585 Y52.046 E.0205
;WIDTH:0.536865
G1 X62.542 Y51.92 E.00544
G1 X62.609 Y52.035 E.00546
;WIDTH:0.558758
G1 X63.075 Y52.688 E.03441
G1 X62.556 Y53.155 E.02996
;WIDTH:0.550487
G1 X62.086 Y53.603 E.02739
;WIDTH:0.516991
G1 X61.616 Y54.05 E.02558
;WIDTH:0.483495
G1 X61.146 Y54.498 E.02377
;WIDTH:0.449999
G1 X60.828 Y54.087 E.0176
G1 X60.448 Y53.558 E.02203
M204 S10000
G1 E-.8 F1800
G1 X61.001 Y45.946 Z28.6 F7200
G1 X61.069 Y45.02 Z28.6
G1 Z28.2
G1 E.8 F1800
M204 S500
;TYPE:Outer wall
G1 F996
G1 X61.062 Y45.689 E.02265
G1 X61.1 Y46.416 E.02467
G1 X61.182 Y47.113 E.02375
G1 X61.302 Y47.795 E.02343
G1 X61.468 Y48.473 E.02362
G1 X61.677 Y49.139 E.02362
G1 X61.947 Y49.837 E.02537
G1 X62.22 Y50.433 E.02217
G1 X62.599 Y51.137 E.02705
G1 X62.991 Y51.758 E.02487
G1 X63.423 Y52.352 E.02486
G1 X63.745 Y52.739 E.01704
G1 X61.091 Y55.097 E.12019
G1 X60.693 Y54.622 E.02098
G1 X60.198 Y53.959 E.028
;WIDTH:0.486134
G1 X59.986 Y53.607 E.01513
;WIDTH:0.522269
G1 X59.775 Y53.256 E.01637
;WIDTH:0.545844
G1 X59.347 Y52.5 E.03631
;WIDTH:0.565753
G1 X59.002 Y51.8 E.03392
;WIDTH:0.588454
G1 X58.673 Y51.03 E.03798
;WIDTH:0.599876
G1 X58.389 Y50.263 E.03787
G1 X58.132 Y49.466 E.03882
;WIDTH:0.588346
G1 X57.914 Y48.649 E.03834
;WIDTH:0.565156
G1 X57.744 Y47.817 E.03688
;WIDTH:0.540895
G1 X57.614 Y46.912 E.03784
;WIDTH:0.515836
G1 X57.57 Y46.577 E.01328
;WIDTH:0.482918
G1 X57.526 Y46.243 E.01235
;WIDTH:0.449999
G1 X57.505 Y45.414 E.02805
G1 X57.524 Y44.811 E.02043
G1 X61.029 Y45.017 E.11884
M204 S10000
G1 E-.8 F1800
G1 X60.545 Y52.635 Z28.6 F7200
G1 X60.512 Y53.164 Z28.6
G1 Z28.2
G1 E.8 F1800
M204 S500
;WIDTH:0.482917
G1 F996
G1 X60.401 Y53.135 E.00419
;WIDTH:0.515834
G1 X60.29 Y53.106 E.0045
;WIDTH:0.540892
G1 X59.876 Y52.339 E.03608
;WIDTH:0.565156
G1 X59.53 Y51.597 E.03555
;WIDTH:0.588346
G1 X59.23 Y50.841 E.0369
;WIDTH:0.599876
G1 X58.701 Y49.317 E.07473
;WIDTH:0.588455
G1 X58.469 Y48.539 E.03683
;WIDTH:0.565755
G1 X58.295 Y47.811 E.03254
;WIDTH:0.545842
G1 X58.146 Y46.987 E.03501
;WIDTH:0.522278
G1 X58.13 Y46.893 E.00379
;WIDTH:0.517192
G1 X58.201 Y46.787 E.00504
;WIDTH:0.483596
G1 X58.271 Y46.68 E.00468
;WIDTH:0.449999
G1 X59.978 Y46.406 E.05852
G1 X60.069 Y46.414 E.00309
G1 X60.186 Y46.551 E.0061
G1 X60.325 Y47.283 E.02521
G1 X60.495 Y47.959 E.02358
G1 X60.705 Y48.626 E.02369
G1 X61.227 Y50.132 E.05394
G1 X61.475 Y50.786 E.02369
G1 X61.76 Y51.422 E.02358
G1 X62.104 Y52.083 E.02521
G1 X62.096 Y52.289 E.007
G1 X60.547 Y53.145 E.0599
M204 S10000
G1 E-.8 F1800
G1 X62.542 Y51.92 Z28.6 F7200
G1 Z28.2
G1 E.8 F1800
M204 S1500
;TYPE:Inner wall
;WIDTH:0.525712
G1 F996
G1 X62.514 Y51.869 E.00234
;WIDTH:0.51821
G1 X62.334 Y51.55 E.01448
;WIDTH:0.492293
G1 X62.154 Y51.232 E.01369
;WIDTH:0.466376
G1 X61.996 Y50.908 E.01267
;WIDTH:0.439481
G1 X61.838 Y50.585 E.01187
;WIDTH:0.412586
G1 X61.561 Y49.917 E.0222
;WIDTH:0.364582
G1 X61.315 Y49.24 E.01929
;WIDTH:0.371646
G1 X61.075 Y48.504 E.02115
;WIDTH:0.4175
G1 X60.892 Y47.846 E.02126
;WIDTH:0.443825
G1 X60.808 Y47.44 E.01383
;WIDTH:0.47015
G1 X60.724 Y47.034 E.01474
;WIDTH:0.518214
G1 X60.64 Y46.465 E.02272
M204 S10000
G1 E-.8 F1800
G1 X58.427 Y45.705 Z28.6 F7200
G1 Z28.2
G1 E.8 F1800
M204 S500
;TYPE:Internal solid infill
;WIDTH:0.541214
G1 F996
G1 X58.364 Y45.705 E.00258
G1 X58.333 Y45.759 E.00258
G1 X58.364 Y45.812 E.00258
G1 X58.427 Y45.812 E.00258
G1 X58.438 Y45.793 E.00092
M204 S10000
G1 E-.8 F1800
G1 X60.962 Y52.996 Z28.6 F7200
G1 X61.229 Y53.761 Z28.6
G1 Z28.2
G1 E.8 F1800
M204 S500
;WIDTH:0.552686
G1 F996
G1 X61.166 Y53.761 E.0027
G1 X61.134 Y53.816 E.0027
G1 X61.166 Y53.871 E.0027
G1 X61.229 Y53.871 E.0027
G1 X61.241 Y53.85 E.00101
; stop printing object magic-spinning-top.stl id:730144440329 copy 0
;LAYER_CHANGE
;Z:28.4
;HEIGHT:0.199999
G92 E0
;_SET_FAN_SPEED_CHANGING_LAYER
; printing object magic-spinning-top.stl id:730144440329 copy 0
M204 S10000
G1 E-.8 F1800
G1 X60.64 Y46.465 Z28.8 F7200
G1 Z28.4
G1 E.8 F1800
M204 S1500
;TYPE:Inner wall
;WIDTH:0.53332
G1 F996
G1 X60.603 Y46.322 E.00602
;WIDTH:0.558758
G1 X60.233 Y45.96 E.02218
G1 X59.903 Y45.94 E.01419
;WIDTH:0.536647
G1 X58.998 Y46.113 E.03783
;WIDTH:0.493323
G1 X58.093 Y46.286 E.03451
;WIDTH:0.449999
G1 X57.976 Y46.487 E.00785
G1 X57.943 Y45.767 E.02438
G1 X57.939 Y45.264 E.01702
G1 X58.433 Y45.294 E.01675
;WIDTH:0.493323
G1 X59.05 Y45.348 E.0232
;WIDTH:0.536647
G1 X59.667 Y45.403 E.02543
;WIDTH:0.558758
G1 X60.574 Y45.474 E.03902
G1 X60.579 Y45.708 E.01001
G1 X60.637 Y46.425 E.03086
M204 S10000
G1 E-.8 F1800
G1 X60.425 Y53.526 Z28.8 F7200
G1 Z28.4
G1 E.8 F1800
M204 S1500
;WIDTH:0.449999
G1 F996
G1 X60.611 Y53.581 E.00657
G1 X60.973 Y53.405 E.01363
;WIDTH:0.483495
G1 X61.403 Y53.185 E.01771
;WIDTH:0.516991
G1 X61.833 Y52.964 E.01906
;WIDTH:0.550487
G1 X62.264 Y52.744 E.0204
;WIDTH:0.558758
G1 X62.507 Y52.517 E.01426
G1 X62.585 Y52.046 E.0205
;WIDTH:0.536864
G1 X62.542 Y51.92 E.00544
G1 X62.609 Y52.035 E.00546
;WIDTH:0.558758
G1 X63.075 Y52.688 E.03441
G1 X62.556 Y53.155 E.02996
;WIDTH:0.550487
G1 X62.086 Y53.603 E.02739
;WIDTH:0.516991
G1 X61.616 Y54.05 E.02558
;WIDTH:0.483495
G1 X61.146 Y54.498 E.02377
;WIDTH:0.449999
G1 X60.828 Y54.087 E.0176
G1 X60.448 Y53.558 E.02203
M204 S10000
G1 E-.8 F1800
G1 X61.001 Y45.946 Z28.8 F7200
G1 X61.069 Y45.02 Z28.8
G1 Z28.4
G1 E.8 F1800
M204 S500
;TYPE:Outer wall
G1 F996
G1 X61.062 Y45.689 E.02265
G1 X61.1 Y46.416 E.02467
G1 X61.182 Y47.113 E.02375
G1 X61.301 Y47.792 E.02331
M73 P88 R2
G1 X61.468 Y48.471 E.02368
G1 X61.677 Y49.139 E.02367
G1 X61.947 Y49.837 E.02537
G1 X62.22 Y50.433 E.02217
G1 X62.599 Y51.137 E.02706
G1 X62.991 Y51.758 E.02487
G1 X63.423 Y52.352 E.02486
G1 X63.745 Y52.739 E.01704
G1 X61.091 Y55.097 E.12019
G1 X60.693 Y54.622 E.02098
G1 X60.198 Y53.959 E.028
;WIDTH:0.486136
G1 X59.986 Y53.607 E.01513
;WIDTH:0.522272
G1 X59.775 Y53.256 E.01637
;WIDTH:0.545774
G1 X59.348 Y52.501 E.03622
;WIDTH:0.56577
G1 X59.002 Y51.8 E.034
;WIDTH:0.588464
G1 X58.673 Y51.03 E.03798
;WIDTH:0.599876
G1 X58.389 Y50.263 E.03787
G1 X58.132 Y49.466 E.0388
;WIDTH:0.588355
G1 X57.914 Y48.649 E.03837
;WIDTH:0.56514
G1 X57.744 Y47.817 E.03688
;WIDTH:0.540919
G1 X57.614 Y46.912 E.03784
;WIDTH:0.515836
G1 X57.57 Y46.577 E.01328
;WIDTH:0.482918
G1 X57.526 Y46.243 E.01235
;WIDTH:0.449999
G1 X57.505 Y45.414 E.02805
G1 X57.524 Y44.811 E.02043
G1 X61.029 Y45.017 E.11884
M204 S10000
G1 E-.8 F1800
G1 X60.545 Y52.635 Z28.8 F7200
G1 X60.512 Y53.164 Z28.8
G1 Z28.4
G1 E.8 F1800
M204 S500
;WIDTH:0.482917
G1 F996
G1 X60.401 Y53.135 E.00419
;WIDTH:0.515834
G1 X60.29 Y53.106 E.0045
;WIDTH:0.540916
G1 X59.876 Y52.339 E.03608
;WIDTH:0.565141
G1 X59.53 Y51.597 E.03554
;WIDTH:0.588355
G1 X59.23 Y50.841 E.03693
;WIDTH:0.599876
G1 X58.701 Y49.317 E.0747
;WIDTH:0.588464
G1 X58.469 Y48.539 E.03683
;WIDTH:0.56577
G1 X58.295 Y47.809 E.03262
;WIDTH:0.545772
G1 X58.146 Y46.987 E.03493
;WIDTH:0.522279
G1 X58.13 Y46.893 E.00379
;WIDTH:0.517192
G1 X58.201 Y46.787 E.00504
;WIDTH:0.483596
G1 X58.271 Y46.68 E.00468
;WIDTH:0.449999
G1 X59.978 Y46.406 E.05852
G1 X60.069 Y46.414 E.00309
G1 X60.186 Y46.551 E.0061
G1 X60.325 Y47.283 E.02521
G1 X60.495 Y47.959 E.02358
G1 X60.705 Y48.626 E.02369
G1 X61.227 Y50.132 E.05394
G1 X61.475 Y50.786 E.02369
G1 X61.76 Y51.422 E.02358
G1 X62.104 Y52.083 E.02521
G1 X62.096 Y52.289 E.007
G1 X60.547 Y53.145 E.0599
M204 S10000
G1 E-.8 F1800
G1 X62.542 Y51.92 Z28.8 F7200
G1 Z28.4
G1 E.8 F1800
M204 S1500
;TYPE:Inner wall
;WIDTH:0.52571
G1 F996
G1 X62.514 Y51.869 E.00234
;WIDTH:0.518214
G1 X62.334 Y51.55 E.01448
;WIDTH:0.492285
G1 X62.154 Y51.232 E.01369
;WIDTH:0.466356
G1 X61.996 Y50.91 E.01261
;WIDTH:0.439623
G1 X61.839 Y50.588 E.01182
;WIDTH:0.41289
G1 X61.562 Y49.919 E.02227
;WIDTH:0.36468
G1 X61.315 Y49.24 E.01934
;WIDTH:0.37161
G1 X61.075 Y48.504 E.02115
;WIDTH:0.417386
G1 X60.892 Y47.846 E.02125
;WIDTH:0.443768
G1 X60.808 Y47.44 E.01383
;WIDTH:0.47015
G1 X60.724 Y47.034 E.01474
;WIDTH:0.518214
G1 X60.64 Y46.465 E.02272
M204 S10000
G1 E-.8 F1800
G1 X58.427 Y45.705 Z28.8 F7200
G1 Z28.4
G1 E.8 F1800
M204 S500
;TYPE:Internal solid infill
;WIDTH:0.541214
G1 F996
G1 X58.364 Y45.705 E.00258
G1 X58.333 Y45.759 E.00258
G1 X58.364 Y45.812 E.00258
G1 X58.427 Y45.812 E.00258
G1 X58.438 Y45.793 E.00092
M204 S10000
G1 E-.8 F1800
G1 X60.962 Y52.996 Z28.8 F7200
G1 X61.229 Y53.761 Z28.8
G1 Z28.4
G1 E.8 F1800
M204 S500
;WIDTH:0.552686
G1 F996
G1 X61.166 Y53.761 E.0027
G1 X61.134 Y53.816 E.0027
G1 X61.166 Y53.871 E.0027
G1 X61.229 Y53.871 E.0027
G1 X61.241 Y53.85 E.00101
; stop printing object magic-spinning-top.stl id:730144440329 copy 0
;LAYER_CHANGE
;Z:28.6
;HEIGHT:0.200001
G92 E0
;_SET_FAN_SPEED_CHANGING_LAYER
; printing object magic-spinning-top.stl id:730144440329 copy 0
M204 S10000
G1 E-.8 F1800
G1 X60.64 Y46.465 Z29 F7200
G1 Z28.6
G1 E.8 F1800
M204 S1500
;TYPE:Inner wall
;WIDTH:0.533319
G1 F996
G1 X60.603 Y46.322 E.00602
;WIDTH:0.558758
G1 X60.233 Y45.96 E.02218
G1 X59.903 Y45.94 E.01419
;WIDTH:0.536647
G1 X58.998 Y46.113 E.03783
;WIDTH:0.493323
G1 X58.093 Y46.286 E.03451
;WIDTH:0.449999
G1 X57.976 Y46.487 E.00785
G1 X57.943 Y45.767 E.02438
G1 X57.939 Y45.264 E.01702
G1 X58.433 Y45.294 E.01675
;WIDTH:0.493323
G1 X59.05 Y45.348 E.02319
;WIDTH:0.536647
G1 X59.666 Y45.403 E.02542
;WIDTH:0.558758
G1 X60.574 Y45.474 E.03903
G1 X60.579 Y45.708 E.01001
G1 X60.637 Y46.425 E.03086
M204 S10000
G1 E-.8 F1800
G1 X60.425 Y53.526 Z29 F7200
G1 Z28.6
G1 E.8 F1800
M204 S1500
;WIDTH:0.449999
G1 F996
G1 X60.611 Y53.581 E.00657
G1 X60.973 Y53.405 E.01363
;WIDTH:0.483495
G1 X61.403 Y53.185 E.01771
;WIDTH:0.516991
G1 X61.833 Y52.964 E.01906
;WIDTH:0.550487
G1 X62.264 Y52.744 E.0204
;WIDTH:0.558758
G1 X62.507 Y52.517 E.01426
G1 X62.585 Y52.046 E.0205
;WIDTH:0.536864
G1 X62.542 Y51.92 E.00544
G1 X62.609 Y52.035 E.00546
;WIDTH:0.558758
G1 X63.075 Y52.688 E.03441
G1 X62.556 Y53.155 E.02996
;WIDTH:0.550487
G1 X62.086 Y53.603 E.02739
;WIDTH:0.516991
G1 X61.616 Y54.05 E.02558
;WIDTH:0.483495
G1 X61.146 Y54.498 E.02377
;WIDTH:0.449999
G1 X60.828 Y54.087 E.0176
G1 X60.448 Y53.558 E.02203
M204 S10000
G1 E-.8 F1800
G1 X61.001 Y45.946 Z29 F7200
G1 X61.069 Y45.02 Z29
G1 Z28.6
G1 E.8 F1800
M204 S500
;TYPE:Outer wall
G1 F996
G1 X61.062 Y45.689 E.02265
G1 X61.1 Y46.416 E.02467
G1 X61.182 Y47.113 E.02375
G1 X61.301 Y47.789 E.02321
G1 X61.467 Y48.47 E.02373
G1 X61.677 Y49.139 E.02373
G1 X61.947 Y49.837 E.02536
G1 X62.219 Y50.433 E.02217
G1 X62.599 Y51.137 E.02706
G1 X62.991 Y51.758 E.02487
G1 X63.423 Y52.352 E.02486
G1 X63.745 Y52.739 E.01704
G1 X61.091 Y55.097 E.12019
G1 X60.693 Y54.622 E.02098
G1 X60.198 Y53.959 E.028
;WIDTH:0.486135
G1 X59.986 Y53.607 E.01513
;WIDTH:0.52227
G1 X59.775 Y53.256 E.01637
;WIDTH:0.545703
G1 X59.349 Y52.503 E.03615
;WIDTH:0.565787
G1 X59.002 Y51.8 E.03408
;WIDTH:0.588471
G1 X58.673 Y51.03 E.03798
;WIDTH:0.599878
G1 X58.389 Y50.263 E.03787
G1 X58.132 Y49.467 E.03877
;WIDTH:0.588363
G1 X57.914 Y48.649 E.0384
;WIDTH:0.565123
G1 X57.744 Y47.817 E.03688
;WIDTH:0.540943
G1 X57.614 Y46.912 E.03784
;WIDTH:0.515836
G1 X57.57 Y46.577 E.01328
;WIDTH:0.482918
G1 X57.526 Y46.243 E.01235
;WIDTH:0.449999
G1 X57.505 Y45.414 E.02805
G1 X57.524 Y44.811 E.02043
G1 X61.029 Y45.017 E.11884
M204 S10000
G1 E-.8 F1800
G1 X60.545 Y52.635 Z29 F7200
G1 X60.512 Y53.164 Z29
G1 Z28.6
G1 E.8 F1800
M204 S500
;WIDTH:0.482917
G1 F996
G1 X60.401 Y53.135 E.00419
;WIDTH:0.515834
G1 X60.29 Y53.106 E.0045
;WIDTH:0.54094
G1 X59.876 Y52.339 E.03608
;WIDTH:0.565127
G1 X59.53 Y51.597 E.03554
;WIDTH:0.588362
G1 X59.23 Y50.84 E.03695
;WIDTH:0.599878
G1 X58.701 Y49.317 E.07467
;WIDTH:0.588473
G1 X58.469 Y48.539 E.03684
;WIDTH:0.565787
G1 X58.294 Y47.807 E.0327
;WIDTH:0.545704
G1 X58.146 Y46.987 E.03485
;WIDTH:0.522279
G1 X58.13 Y46.893 E.00379
;WIDTH:0.517192
G1 X58.201 Y46.787 E.00504
;WIDTH:0.483596
G1 X58.271 Y46.68 E.00468
;WIDTH:0.449999
G1 X59.978 Y46.406 E.05852
G1 X60.069 Y46.414 E.00309
G1 X60.186 Y46.551 E.0061
G1 X60.325 Y47.283 E.02521
G1 X60.495 Y47.959 E.02358
G1 X60.705 Y48.626 E.02369
G1 X61.227 Y50.132 E.05394
G1 X61.475 Y50.786 E.02369
G1 X61.76 Y51.422 E.02358
G1 X62.104 Y52.083 E.02521
G1 X62.096 Y52.289 E.007
G1 X60.547 Y53.145 E.0599
M204 S10000
G1 E-.8 F1800
G1 X62.542 Y51.92 Z29 F7200
G1 Z28.6
G1 E.8 F1800
M204 S1500
;TYPE:Inner wall
;WIDTH:0.52571
G1 F996
G1 X62.514 Y51.869 E.00234
;WIDTH:0.518212
G1 X62.334 Y51.55 E.01448
;WIDTH:0.492277
G1 X62.154 Y51.232 E.01369
;WIDTH:0.466342
G1 X61.997 Y50.911 E.01256
;WIDTH:0.439768
G1 X61.84 Y50.591 E.01177
;WIDTH:0.413194
G1 X61.562 Y49.92 E.02234
;WIDTH:0.36478
G1 X61.315 Y49.24 E.01939
;WIDTH:0.371566
G1 X61.075 Y48.504 E.02114
;WIDTH:0.417268
G1 X60.892 Y47.846 E.02125
;WIDTH:0.443709
G1 X60.808 Y47.44 E.01383
;WIDTH:0.47015
G1 X60.724 Y47.033 E.01474
;WIDTH:0.518212
G1 X60.64 Y46.465 E.02272
M204 S10000
G1 E-.8 F1800
G1 X58.427 Y45.705 Z29 F7200
G1 Z28.6
G1 E.8 F1800
M204 S500
;TYPE:Internal solid infill
;WIDTH:0.541214
G1 F996
G1 X58.364 Y45.705 E.00258
G1 X58.333 Y45.759 E.00258
G1 X58.364 Y45.812 E.00258
G1 X58.427 Y45.812 E.00258
G1 X58.438 Y45.793 E.00092
M204 S10000
G1 E-.8 F1800
G1 X60.962 Y52.996 Z29 F7200
G1 X61.229 Y53.761 Z29
G1 Z28.6
G1 E.8 F1800
M204 S500
;WIDTH:0.552686
G1 F996
G1 X61.166 Y53.761 E.0027
G1 X61.134 Y53.816 E.0027
G1 X61.166 Y53.871 E.0027
G1 X61.229 Y53.871 E.0027
G1 X61.241 Y53.85 E.00101
; stop printing object magic-spinning-top.stl id:730144440329 copy 0
;LAYER_CHANGE
;Z:28.8
;HEIGHT:0.199999
G92 E0
;_SET_FAN_SPEED_CHANGING_LAYER
; printing object magic-spinning-top.stl id:730144440329 copy 0
M204 S10000
G1 E-.8 F1800
G1 X60.64 Y46.465 Z29.2 F7200
G1 Z28.8
G1 E.8 F1800
M204 S1500
;TYPE:Inner wall
;WIDTH:0.533318
G1 F996
G1 X60.603 Y46.322 E.00602
;WIDTH:0.558758
G1 X60.233 Y45.96 E.02218
G1 X59.903 Y45.94 E.01419
;WIDTH:0.536647
G1 X58.998 Y46.113 E.03783
;WIDTH:0.493323
G1 X58.093 Y46.286 E.03451
;WIDTH:0.449999
G1 X57.976 Y46.487 E.00785
G1 X57.943 Y45.767 E.02438
G1 X57.939 Y45.264 E.01702
G1 X58.433 Y45.294 E.01675
;WIDTH:0.493323
G1 X59.05 Y45.348 E.02319
;WIDTH:0.536647
G1 X59.666 Y45.403 E.02542
;WIDTH:0.558758
G1 X60.574 Y45.474 E.03903
G1 X60.579 Y45.708 E.01001
G1 X60.637 Y46.425 E.03086
M204 S10000
G1 E-.8 F1800
G1 X60.425 Y53.526 Z29.2 F7200
G1 Z28.8
G1 E.8 F1800
M204 S1500
;WIDTH:0.449999
G1 F996
G1 X60.611 Y53.581 E.00657
G1 X60.973 Y53.405 E.01363
;WIDTH:0.483495
G1 X61.403 Y53.185 E.01771
;WIDTH:0.516991
G1 X61.833 Y52.964 E.01906
;WIDTH:0.550487
G1 X62.264 Y52.744 E.0204
;WIDTH:0.558758
G1 X62.507 Y52.517 E.01426
G1 X62.585 Y52.046 E.0205
;WIDTH:0.536864
G1 X62.542 Y51.92 E.00544
G1 X62.609 Y52.035 E.00546
;WIDTH:0.558758
G1 X63.075 Y52.688 E.03441
G1 X62.556 Y53.155 E.02996
;WIDTH:0.550487
G1 X62.086 Y53.603 E.02739
;WIDTH:0.516991
G1 X61.616 Y54.05 E.02558
;WIDTH:0.483495
G1 X61.146 Y54.498 E.02377
;WIDTH:0.449999
G1 X60.828 Y54.087 E.0176
G1 X60.448 Y53.558 E.02203
M204 S10000
G1 E-.8 F1800
G1 X61.001 Y45.946 Z29.2 F7200
G1 X61.069 Y45.02 Z29.2
G1 Z28.8
G1 E.8 F1800
M204 S500
;TYPE:Outer wall
G1 F996
G1 X61.062 Y45.689 E.02265
G1 X61.1 Y46.416 E.02467
G1 X61.182 Y47.113 E.02376
G1 X61.3 Y47.785 E.02309
G1 X61.467 Y48.468 E.02379
G1 X61.677 Y49.139 E.02378
G1 X61.947 Y49.837 E.02536
G1 X62.22 Y50.434 E.02222
G1 X62.599 Y51.137 E.02701
G1 X62.991 Y51.758 E.02487
G1 X63.423 Y52.352 E.02486
G1 X63.745 Y52.739 E.01704
G1 X61.091 Y55.097 E.12019
G1 X60.693 Y54.622 E.02098
M73 P89 R2
G1 X60.198 Y53.959 E.028
;WIDTH:0.486136
G1 X59.986 Y53.607 E.01513
;WIDTH:0.522272
G1 X59.775 Y53.256 E.01637
;WIDTH:0.545634
G1 X59.35 Y52.505 E.03607
;WIDTH:0.565802
G1 X59.002 Y51.8 E.03416
;WIDTH:0.58848
G1 X58.673 Y51.03 E.03798
;WIDTH:0.599877
G1 X58.389 Y50.263 E.03787
G1 X58.132 Y49.467 E.03874
;WIDTH:0.588372
G1 X57.914 Y48.649 E.03842
;WIDTH:0.565108
G1 X57.744 Y47.817 E.03688
;WIDTH:0.540966
G1 X57.614 Y46.912 E.03784
;WIDTH:0.515836
G1 X57.57 Y46.577 E.01328
;WIDTH:0.482918
G1 X57.526 Y46.243 E.01235
;WIDTH:0.449999
G1 X57.505 Y45.414 E.02805
G1 X57.524 Y44.811 E.02043
G1 X61.029 Y45.017 E.11884
M204 S10000
G1 E-.8 F1800
G1 X60.545 Y52.635 Z29.2 F7200
G1 X60.512 Y53.164 Z29.2
G1 Z28.8
G1 E.8 F1800
M204 S500
;WIDTH:0.482917
G1 F996
G1 X60.401 Y53.135 E.00419
;WIDTH:0.515834
G1 X60.29 Y53.106 E.0045
;WIDTH:0.540963
G1 X59.876 Y52.339 E.03608
;WIDTH:0.565109
G1 X59.53 Y51.597 E.03554
;WIDTH:0.588371
G1 X59.23 Y50.84 E.03698
;WIDTH:0.599877
G1 X58.701 Y49.317 E.07465
;WIDTH:0.588481
G1 X58.469 Y48.539 E.03684
;WIDTH:0.565803
G1 X58.294 Y47.805 E.03278
;WIDTH:0.545633
G1 X58.146 Y46.987 E.03477
;WIDTH:0.52228
G1 X58.13 Y46.893 E.00379
;WIDTH:0.517192
G1 X58.201 Y46.787 E.00504
;WIDTH:0.483596
G1 X58.271 Y46.68 E.00468
;WIDTH:0.449999
G1 X59.978 Y46.406 E.05852
G1 X60.069 Y46.414 E.00309
G1 X60.186 Y46.551 E.0061
G1 X60.325 Y47.283 E.02521
G1 X60.495 Y47.959 E.02358
G1 X60.705 Y48.626 E.02369
G1 X61.227 Y50.132 E.05394
G1 X61.475 Y50.786 E.02369
G1 X61.76 Y51.422 E.02358
G1 X62.104 Y52.083 E.02521
G1 X62.096 Y52.289 E.007
G1 X60.547 Y53.145 E.0599
M204 S10000
G1 E-.8 F1800
G1 X62.542 Y51.92 Z29.2 F7200
G1 Z28.8
G1 E.8 F1800
M204 S1500
;TYPE:Inner wall
;WIDTH:0.52571
G1 F996
G1 X62.514 Y51.869 E.00234
;WIDTH:0.518212
G1 X62.334 Y51.55 E.01448
;WIDTH:0.492268
G1 X62.154 Y51.232 E.01369
;WIDTH:0.466324
G1 X61.997 Y50.913 E.0125
;WIDTH:0.439912
G1 X61.841 Y50.594 E.01172
;WIDTH:0.4135
G1 X61.563 Y49.922 E.02241
;WIDTH:0.364878
G1 X61.315 Y49.239 E.01944
;WIDTH:0.371532
G1 X61.075 Y48.504 E.02114
;WIDTH:0.417276
G1 X60.891 Y47.845 E.0213
;WIDTH:0.443713
G1 X60.808 Y47.439 E.0138
;WIDTH:0.47015
G1 X60.724 Y47.033 E.01471
;WIDTH:0.518212
G1 X60.64 Y46.465 E.02272
M204 S10000
G1 E-.8 F1800
G1 X58.427 Y45.705 Z29.2 F7200
G1 Z28.8
G1 E.8 F1800
M204 S500
;TYPE:Internal solid infill
;WIDTH:0.541214
G1 F996
G1 X58.364 Y45.705 E.00258
G1 X58.333 Y45.759 E.00258
G1 X58.364 Y45.812 E.00258
G1 X58.427 Y45.812 E.00258
G1 X58.438 Y45.793 E.00092
M204 S10000
G1 E-.8 F1800
G1 X60.962 Y52.996 Z29.2 F7200
G1 X61.229 Y53.761 Z29.2
G1 Z28.8
G1 E.8 F1800
M204 S500
;WIDTH:0.552686
G1 F996
G1 X61.166 Y53.761 E.0027
G1 X61.134 Y53.816 E.0027
G1 X61.166 Y53.871 E.0027
G1 X61.229 Y53.871 E.0027
G1 X61.241 Y53.85 E.00101
; stop printing object magic-spinning-top.stl id:730144440329 copy 0
;LAYER_CHANGE
;Z:29
;HEIGHT:0.200001
G92 E0
;_SET_FAN_SPEED_CHANGING_LAYER
; printing object magic-spinning-top.stl id:730144440329 copy 0
M204 S10000
G1 E-.8 F1800
G1 X60.64 Y46.465 Z29.4 F7200
G1 Z29
G1 E.8 F1800
M204 S1500
;TYPE:Inner wall
;WIDTH:0.533318
G1 F996
G1 X60.603 Y46.322 E.00602
;WIDTH:0.558758
G1 X60.233 Y45.96 E.02218
G1 X59.903 Y45.94 E.01419
;WIDTH:0.536647
G1 X58.998 Y46.113 E.03783
;WIDTH:0.493323
G1 X58.093 Y46.286 E.03451
;WIDTH:0.449999
G1 X57.976 Y46.487 E.00785
G1 X57.943 Y45.767 E.02438
G1 X57.939 Y45.264 E.01702
G1 X58.433 Y45.294 E.01675
;WIDTH:0.493323
G1 X59.05 Y45.348 E.02319
;WIDTH:0.536647
G1 X59.666 Y45.403 E.02542
;WIDTH:0.558758
G1 X60.574 Y45.474 E.03903
G1 X60.579 Y45.708 E.01001
G1 X60.637 Y46.425 E.03086
M204 S10000
G1 E-.8 F1800
G1 X60.425 Y53.526 Z29.4 F7200
G1 Z29
G1 E.8 F1800
M204 S1500
;WIDTH:0.449999
G1 F996
G1 X60.611 Y53.581 E.00657
G1 X60.973 Y53.405 E.01363
;WIDTH:0.483495
G1 X61.403 Y53.185 E.01771
;WIDTH:0.516991
G1 X61.833 Y52.964 E.01906
;WIDTH:0.550487
G1 X62.264 Y52.744 E.0204
;WIDTH:0.558759
G1 X62.507 Y52.517 E.01426
G1 X62.585 Y52.046 E.0205
;WIDTH:0.536864
G1 X62.542 Y51.92 E.00544
G1 X62.609 Y52.035 E.00546
;WIDTH:0.558759
G1 X63.075 Y52.688 E.03441
G1 X62.556 Y53.155 E.02996
;WIDTH:0.550487
G1 X62.086 Y53.603 E.02739
;WIDTH:0.516991
G1 X61.616 Y54.05 E.02558
;WIDTH:0.483495
G1 X61.146 Y54.498 E.02377
;WIDTH:0.449999
G1 X60.828 Y54.087 E.0176
G1 X60.448 Y53.558 E.02203
M204 S10000
G1 E-.8 F1800
G1 X61.001 Y45.946 Z29.4 F7200
G1 X61.069 Y45.02 Z29.4
G1 Z29
G1 E.8 F1800
M204 S500
;TYPE:Outer wall
G1 F996
G1 X61.062 Y45.689 E.02265
G1 X61.1 Y46.416 E.02467
G1 X61.182 Y47.114 E.02376
G1 X61.301 Y47.788 E.02318
G1 X61.676 Y49.138 E.04745
G1 X61.947 Y49.837 E.02537
G1 X62.221 Y50.437 E.02233
G1 X62.599 Y51.137 E.0269
G1 X62.991 Y51.758 E.02487
G1 X63.423 Y52.352 E.02486
G1 X63.745 Y52.739 E.01704
G1 X61.091 Y55.097 E.12019
G1 X60.693 Y54.622 E.02098
G1 X60.198 Y53.959 E.028
;WIDTH:0.486137
G1 X59.986 Y53.607 E.01513
;WIDTH:0.522274
G1 X59.775 Y53.256 E.01637
;WIDTH:0.545561
G1 X59.351 Y52.506 E.03598
;WIDTH:0.565819
G1 X59.002 Y51.8 E.03424
;WIDTH:0.588488
G1 X58.673 Y51.03 E.03798
;WIDTH:0.599876
G1 X58.389 Y50.264 E.03787
G1 X58.133 Y49.468 E.03871
;WIDTH:0.588381
G1 X57.914 Y48.649 E.03845
;WIDTH:0.565093
G1 X57.744 Y47.817 E.03688
;WIDTH:0.54099
G1 X57.614 Y46.912 E.03784
;WIDTH:0.515836
G1 X57.57 Y46.577 E.01328
;WIDTH:0.482918
G1 X57.526 Y46.243 E.01235
;WIDTH:0.449999
G1 X57.505 Y45.414 E.02805
G1 X57.524 Y44.811 E.02043
G1 X61.029 Y45.017 E.11884
M204 S10000
G1 E-.8 F1800
G1 X60.545 Y52.635 Z29.4 F7200
G1 X60.512 Y53.164 Z29.4
G1 Z29
G1 E.8 F1800
M204 S500
;WIDTH:0.482917
G1 F996
G1 X60.401 Y53.135 E.00419
;WIDTH:0.515834
G1 X60.29 Y53.106 E.0045
;WIDTH:0.540987
G1 X59.876 Y52.339 E.03608
;WIDTH:0.565092
G1 X59.53 Y51.597 E.03554
;WIDTH:0.588379
G1 X59.23 Y50.839 E.03701
;WIDTH:0.599876
G1 X58.701 Y49.317 E.07462
;WIDTH:0.588489
G1 X58.469 Y48.539 E.03684
;WIDTH:0.56582
G1 X58.294 Y47.804 E.03286
;WIDTH:0.545564
G1 X58.146 Y46.987 E.03469
;WIDTH:0.522281
G1 X58.128 Y46.87 E.00471
;WIDTH:0.515836
G1 X58.221 Y46.772 E.00532
;WIDTH:0.482918
G1 X58.313 Y46.673 E.00495
;WIDTH:0.449999
G1 X59.978 Y46.406 E.05706
G1 X60.069 Y46.414 E.00309
G1 X60.186 Y46.551 E.0061
G1 X60.325 Y47.283 E.02521
G1 X60.495 Y47.959 E.02358
G1 X60.705 Y48.626 E.02369
G1 X61.227 Y50.132 E.05394
G1 X61.475 Y50.786 E.02369
G1 X61.76 Y51.422 E.02358
G1 X62.104 Y52.083 E.02521
G1 X62.096 Y52.289 E.007
G1 X60.547 Y53.145 E.0599
M204 S10000
G1 E-.8 F1800
G1 X62.542 Y51.92 Z29.4 F7200
G1 Z29
G1 E.8 F1800
M204 S1500
;TYPE:Inner wall
;WIDTH:0.52571
G1 F996
G1 X62.514 Y51.869 E.00234
;WIDTH:0.518212
G1 X62.334 Y51.55 E.01448
;WIDTH:0.49226
G1 X62.154 Y51.232 E.01369
;WIDTH:0.466308
G1 X61.998 Y50.914 E.01244
;WIDTH:0.440057
G1 X61.843 Y50.597 E.01167
;WIDTH:0.413806
G1 X61.563 Y49.923 E.02248
;WIDTH:0.364976
G1 X61.309 Y49.222 E.01997
;WIDTH:0.391578
G1 X61.084 Y48.501 E.02191
;WIDTH:0.417398
G1 X60.891 Y47.842 E.02139
;WIDTH:0.443774
G1 X60.807 Y47.438 E.01375
;WIDTH:0.47015
G1 X60.724 Y47.033 E.01466
;WIDTH:0.518212
G1 X60.64 Y46.465 E.02272
M204 S10000
G1 E-.8 F1800
G1 X58.427 Y45.705 Z29.4 F7200
G1 Z29
G1 E.8 F1800
M204 S500
;TYPE:Internal solid infill
;WIDTH:0.541214
G1 F996
G1 X58.364 Y45.705 E.00258
G1 X58.333 Y45.759 E.00258
G1 X58.364 Y45.812 E.00258
G1 X58.427 Y45.812 E.00258
G1 X58.438 Y45.793 E.00092
M204 S10000
G1 E-.8 F1800
G1 X60.962 Y52.996 Z29.4 F7200
G1 X61.229 Y53.761 Z29.4
G1 Z29
G1 E.8 F1800
M204 S500
;WIDTH:0.552686
G1 F996
G1 X61.166 Y53.761 E.0027
G1 X61.134 Y53.816 E.0027
G1 X61.166 Y53.871 E.0027
G1 X61.229 Y53.871 E.0027
G1 X61.241 Y53.85 E.00101
; stop printing object magic-spinning-top.stl id:730144440329 copy 0
;LAYER_CHANGE
;Z:29.2
;HEIGHT:0.200001
G92 E0
;_SET_FAN_SPEED_CHANGING_LAYER
; printing object magic-spinning-top.stl id:730144440329 copy 0
M204 S10000
G1 E-.8 F1800
G1 X60.64 Y46.465 Z29.6 F7200
G1 Z29.2
G1 E.8 F1800
M204 S1500
;TYPE:Inner wall
;WIDTH:0.533318
G1 F996
G1 X60.603 Y46.322 E.00602
;WIDTH:0.558758
G1 X60.233 Y45.96 E.02218
G1 X59.903 Y45.94 E.01419
;WIDTH:0.536647
G1 X58.998 Y46.113 E.03783
;WIDTH:0.493323
G1 X58.093 Y46.286 E.03451
;WIDTH:0.449999
G1 X57.976 Y46.487 E.00785
G1 X57.943 Y45.767 E.02438
G1 X57.939 Y45.264 E.01702
G1 X58.433 Y45.294 E.01675
;WIDTH:0.493323
G1 X59.05 Y45.348 E.02319
;WIDTH:0.536647
G1 X59.666 Y45.403 E.02542
;WIDTH:0.558758
G1 X60.574 Y45.474 E.03903
G1 X60.579 Y45.708 E.01001
G1 X60.637 Y46.425 E.03086
M204 S10000
G1 E-.8 F1800
G1 X60.425 Y53.526 Z29.6 F7200
G1 Z29.2
G1 E.8 F1800
M204 S1500
;WIDTH:0.449999
G1 F996
G1 X60.611 Y53.581 E.00657
G1 X60.973 Y53.405 E.01363
;WIDTH:0.483495
G1 X61.403 Y53.185 E.01771
;WIDTH:0.516991
G1 X61.833 Y52.964 E.01906
;WIDTH:0.550487
G1 X62.264 Y52.744 E.0204
;WIDTH:0.558758
G1 X62.507 Y52.517 E.01426
G1 X62.585 Y52.046 E.0205
;WIDTH:0.536864
G1 X62.542 Y51.92 E.00544
G1 X62.609 Y52.035 E.00546
;WIDTH:0.558758
G1 X63.075 Y52.688 E.03441
G1 X62.556 Y53.155 E.02996
;WIDTH:0.550487
G1 X62.086 Y53.603 E.02739
;WIDTH:0.516991
G1 X61.616 Y54.05 E.02558
;WIDTH:0.483495
G1 X61.146 Y54.498 E.02377
;WIDTH:0.449999
G1 X60.828 Y54.087 E.0176
G1 X60.448 Y53.558 E.02203
M204 S10000
G1 E-.8 F1800
G1 X61.001 Y45.946 Z29.6 F7200
G1 X61.069 Y45.02 Z29.6
G1 Z29.2
G1 E.8 F1800
M204 S500
;TYPE:Outer wall
G1 F996
G1 X61.062 Y45.689 E.02265
G1 X61.1 Y46.416 E.02467
G1 X61.182 Y47.114 E.02376
G1 X61.299 Y47.779 E.02288
G1 X61.466 Y48.465 E.02389
G1 X61.678 Y49.141 E.02398
G1 X62.018 Y49.996 E.03114
G1 X62.599 Y51.137 E.04333
G1 X62.991 Y51.758 E.02487
G1 X63.423 Y52.352 E.02486
G1 X63.745 Y52.739 E.01704
G1 X61.091 Y55.097 E.12019
G1 X60.693 Y54.622 E.02098
G1 X60.198 Y53.959 E.028
;WIDTH:0.486136
G1 X59.986 Y53.607 E.01513
;WIDTH:0.522272
G1 X59.775 Y53.256 E.01637
;WIDTH:0.545494
G1 X59.352 Y52.508 E.03591
;WIDTH:0.565836
G1 X59.002 Y51.8 E.03432
;WIDTH:0.588497
G1 X58.673 Y51.03 E.03798
;WIDTH:0.599878
G1 X58.389 Y50.264 E.03787
G1 X58.133 Y49.468 E.03869
;WIDTH:0.588388
G1 X57.914 Y48.649 E.03848
;WIDTH:0.565076
G1 X57.744 Y47.817 E.03687
;WIDTH:0.541013
G1 X57.614 Y46.912 E.03784
M73 P90 R2
;WIDTH:0.515836
G1 X57.57 Y46.577 E.01328
;WIDTH:0.482918
G1 X57.526 Y46.243 E.01235
;WIDTH:0.449999
G1 X57.505 Y45.414 E.02805
G1 X57.524 Y44.811 E.02043
G1 X61.029 Y45.017 E.11884
M204 S10000
G1 E-.8 F1800
G1 X60.545 Y52.635 Z29.6 F7200
G1 X60.512 Y53.164 Z29.6
G1 Z29.2
G1 E.8 F1800
M204 S500
;WIDTH:0.482917
G1 F996
G1 X60.401 Y53.135 E.00419
;WIDTH:0.515834
G1 X60.29 Y53.106 E.0045
;WIDTH:0.541011
G1 X59.876 Y52.339 E.03608
;WIDTH:0.565077
G1 X59.53 Y51.597 E.03554
;WIDTH:0.588387
G1 X59.229 Y50.837 E.03713
;WIDTH:0.599878
G1 X58.701 Y49.317 E.07449
;WIDTH:0.588497
G1 X58.469 Y48.539 E.03684
;WIDTH:0.565836
G1 X58.293 Y47.802 E.03294
;WIDTH:0.545493
G1 X58.146 Y46.987 E.03461
;WIDTH:0.522281
G1 X58.128 Y46.87 E.00471
;WIDTH:0.515836
G1 X58.221 Y46.772 E.00532
;WIDTH:0.482918
G1 X58.313 Y46.673 E.00495
;WIDTH:0.449999
G1 X59.978 Y46.406 E.05706
G1 X60.069 Y46.414 E.00309
G1 X60.186 Y46.551 E.0061
G1 X60.325 Y47.283 E.02521
G1 X60.495 Y47.959 E.02358
G1 X60.705 Y48.626 E.02369
G1 X61.476 Y50.787 E.07767
G1 X61.76 Y51.422 E.02352
G1 X62.104 Y52.083 E.02521
G1 X62.096 Y52.289 E.007
G1 X60.547 Y53.145 E.0599
M204 S10000
G1 E-.8 F1800
G1 X62.542 Y51.92 Z29.6 F7200
G1 Z29.2
G1 E.8 F1800
M204 S1500
;TYPE:Inner wall
;WIDTH:0.52571
G1 F996
G1 X62.514 Y51.869 E.00234
;WIDTH:0.518212
G1 X62.155 Y51.231 E.02895
;WIDTH:0.468828
G1 X61.867 Y50.629 E.02363
;WIDTH:0.435484
G1 X61.761 Y50.385 E.00869
;WIDTH:0.404182
G1 X61.656 Y50.14 E.008
;WIDTH:0.37288
G1 X61.315 Y49.24 E.02642
;WIDTH:0.37144
G1 X61.075 Y48.504 E.02114
;WIDTH:0.417514
G1 X60.89 Y47.839 E.02151
;WIDTH:0.443833
G1 X60.807 Y47.436 E.0137
;WIDTH:0.470152
G1 X60.724 Y47.033 E.0146
;WIDTH:0.518212
G1 X60.64 Y46.465 E.02272
M204 S10000
G1 E-.8 F1800
G1 X58.427 Y45.705 Z29.6 F7200
G1 Z29.2
G1 E.8 F1800
M204 S500
;TYPE:Internal solid infill
;WIDTH:0.541214
G1 F996
G1 X58.364 Y45.705 E.00258
G1 X58.333 Y45.759 E.00258
G1 X58.364 Y45.812 E.00258
G1 X58.427 Y45.812 E.00258
G1 X58.438 Y45.793 E.00092
M204 S10000
G1 E-.8 F1800
G1 X60.962 Y52.996 Z29.6 F7200
G1 X61.229 Y53.761 Z29.6
G1 Z29.2
G1 E.8 F1800
M204 S500
;WIDTH:0.552686
G1 F996
G1 X61.166 Y53.761 E.0027
G1 X61.134 Y53.816 E.0027
G1 X61.166 Y53.871 E.0027
G1 X61.229 Y53.871 E.0027
G1 X61.241 Y53.85 E.00101
; stop printing object magic-spinning-top.stl id:730144440329 copy 0
;LAYER_CHANGE
;Z:29.4
;HEIGHT:0.199999
G92 E0
;_SET_FAN_SPEED_CHANGING_LAYER
; printing object magic-spinning-top.stl id:730144440329 copy 0
M204 S10000
G1 E-.8 F1800
G1 X60.644 Y46.464 Z29.8 F7200
G1 Z29.4
G1 E.8 F1800
M204 S1500
;TYPE:Inner wall
;WIDTH:0.554092
G1 F997
G1 X60.517 Y46.162 E.01391
;WIDTH:0.558756
G1 X60.233 Y45.96 E.01494
G1 X59.903 Y45.94 E.01419
;WIDTH:0.536647
G1 X58.998 Y46.113 E.03783
;WIDTH:0.493323
G1 X58.093 Y46.286 E.03451
;WIDTH:0.449999
G1 X57.976 Y46.487 E.00785
G1 X57.943 Y45.767 E.02438
G1 X57.939 Y45.264 E.01702
G1 X58.433 Y45.294 E.01675
;WIDTH:0.493323
G1 X59.05 Y45.348 E.0232
;WIDTH:0.536647
G1 X59.667 Y45.403 E.02543
;WIDTH:0.558756
G1 X60.574 Y45.474 E.03902
G1 X60.579 Y45.708 E.01001
G1 X60.64 Y46.424 E.03085
M204 S10000
G1 E-.8 F1800
G1 X60.425 Y53.526 Z29.8 F7200
G1 Z29.4
G1 E.8 F1800
M204 S1500
;WIDTH:0.449999
G1 F997
G1 X60.611 Y53.581 E.00657
G1 X60.973 Y53.405 E.01363
;WIDTH:0.483495
G1 X61.403 Y53.185 E.01771
;WIDTH:0.516991
G1 X61.833 Y52.964 E.01906
;WIDTH:0.550487
G1 X62.264 Y52.744 E.0204
;WIDTH:0.558758
G1 X62.507 Y52.517 E.01426
G1 X62.585 Y52.046 E.0205
;WIDTH:0.536865
G1 X62.542 Y51.92 E.00544
G1 X62.609 Y52.035 E.00546
;WIDTH:0.558758
G1 X63.075 Y52.688 E.03441
G1 X62.556 Y53.155 E.02996
;WIDTH:0.550487
G1 X62.086 Y53.603 E.02739
;WIDTH:0.516991
G1 X61.616 Y54.05 E.02558
;WIDTH:0.483495
G1 X61.146 Y54.498 E.02377
;WIDTH:0.449999
G1 X60.828 Y54.087 E.0176
G1 X60.448 Y53.558 E.02203
M204 S10000
G1 E-.8 F1800
G1 X61.001 Y45.946 Z29.8 F7200
G1 X61.069 Y45.02 Z29.8
G1 Z29.4
G1 E.8 F1800
M204 S500
;TYPE:Outer wall
G1 F997
G1 X61.062 Y45.689 E.02265
G1 X61.108 Y46.421 E.02485
G1 X61.182 Y47.114 E.02356
G1 X61.299 Y47.782 E.02296
G1 X61.731 Y49.281 E.0528
G1 X61.93 Y49.799 E.01879
G1 X62.224 Y50.443 E.02396
G1 X62.599 Y51.137 E.02669
G1 X62.991 Y51.758 E.02487
G1 X63.423 Y52.352 E.02486
G1 X63.745 Y52.739 E.01704
G1 X61.091 Y55.097 E.12019
G1 X60.693 Y54.622 E.02098
G1 X60.198 Y53.959 E.028
;WIDTH:0.486137
G1 X59.986 Y53.607 E.01513
;WIDTH:0.522275
G1 X59.775 Y53.256 E.01637
;WIDTH:0.545424
G1 X59.352 Y52.509 E.03582
;WIDTH:0.565852
G1 X59.002 Y51.8 E.0344
;WIDTH:0.588505
G1 X58.673 Y51.03 E.03798
;WIDTH:0.599877
G1 X58.389 Y50.264 E.03787
G1 X58.133 Y49.469 E.03866
;WIDTH:0.588395
G1 X57.914 Y48.649 E.03851
;WIDTH:0.565061
G1 X57.744 Y47.817 E.03687
;WIDTH:0.541036
G1 X57.614 Y46.912 E.03784
;WIDTH:0.515836
G1 X57.57 Y46.577 E.01328
;WIDTH:0.482918
G1 X57.526 Y46.243 E.01235
;WIDTH:0.449999
G1 X57.505 Y45.414 E.02805
G1 X57.524 Y44.811 E.02043
G1 X61.029 Y45.017 E.11884
M204 S10000
G1 E-.8 F1800
G1 X60.545 Y52.635 Z29.8 F7200
G1 X60.512 Y53.164 Z29.8
G1 Z29.4
G1 E.8 F1800
M204 S500
;WIDTH:0.482917
G1 F997
G1 X60.401 Y53.135 E.00419
;WIDTH:0.515834
G1 X60.29 Y53.106 E.0045
;WIDTH:0.541036
G1 X59.876 Y52.339 E.03609
;WIDTH:0.565061
G1 X59.53 Y51.597 E.03554
;WIDTH:0.588396
G1 X59.229 Y50.838 E.03706
;WIDTH:0.599877
G1 X58.701 Y49.317 E.07456
;WIDTH:0.588505
G1 X58.469 Y48.539 E.03684
;WIDTH:0.565853
G1 X58.293 Y47.8 E.03301
;WIDTH:0.545423
G1 X58.146 Y46.987 E.03453
;WIDTH:0.522282
G1 X58.128 Y46.87 E.00471
;WIDTH:0.515836
G1 X58.221 Y46.772 E.00532
;WIDTH:0.482918
G1 X58.313 Y46.673 E.00495
;WIDTH:0.449999
G1 X59.978 Y46.406 E.05706
G1 X60.141 Y46.462 E.00583
G1 X60.489 Y47.936 E.05127
G1 X60.703 Y48.621 E.02428
G1 X60.954 Y49.345 E.02596
G1 X61.476 Y50.787 E.05191
G1 X61.76 Y51.422 E.02353
G1 X62.104 Y52.083 E.02521
G1 X62.096 Y52.289 E.007
G1 X60.547 Y53.145 E.0599
M204 S10000
G1 E-.8 F1800
G1 X62.542 Y51.92 Z29.8 F7200
G1 Z29.4
G1 E.8 F1800
M204 S1500
;TYPE:Inner wall
;WIDTH:0.525712
G1 F997
G1 X62.514 Y51.869 E.00234
;WIDTH:0.51821
G1 X62.334 Y51.55 E.01448
;WIDTH:0.492242
G1 X62.154 Y51.232 E.01369
;WIDTH:0.466274
G1 X62 Y50.917 E.01232
;WIDTH:0.439999
G1 X61.846 Y50.603 E.01156
;WIDTH:0.413724
G1 X61.707 Y50.264 E.01129
;WIDTH:0.385244
G1 X61.569 Y49.925 E.01042
;WIDTH:0.356764
G1 X61.309 Y49.222 E.01955
;WIDTH:0.391786
G1 X61.084 Y48.501 E.02192
;WIDTH:0.417638
G1 X60.889 Y47.835 E.02161
;WIDTH:0.444266
G1 X60.806 Y47.43 E.0138
;WIDTH:0.470894
G1 X60.723 Y47.025 E.01472
;WIDTH:0.498309
G1 X60.683 Y46.745 E.01073
;WIDTH:0.525724
G1 X60.644 Y46.464 E.01137
M204 S10000
G1 E-.8 F1800
G1 X58.427 Y45.705 Z29.8 F7200
G1 Z29.4
G1 E.8 F1800
M204 S500
;TYPE:Internal solid infill
;WIDTH:0.541214
G1 F997
G1 X58.364 Y45.705 E.00258
G1 X58.333 Y45.759 E.00258
G1 X58.364 Y45.812 E.00258
G1 X58.427 Y45.812 E.00258
G1 X58.438 Y45.793 E.00092
M204 S10000
G1 E-.8 F1800
G1 X60.962 Y52.996 Z29.8 F7200
G1 X61.229 Y53.761 Z29.8
G1 Z29.4
G1 E.8 F1800
M204 S500
;WIDTH:0.552686
G1 F997
G1 X61.166 Y53.761 E.0027
G1 X61.134 Y53.816 E.0027
G1 X61.166 Y53.871 E.0027
G1 X61.229 Y53.871 E.0027
G1 X61.241 Y53.85 E.00101
; stop printing object magic-spinning-top.stl id:730144440329 copy 0
;LAYER_CHANGE
;Z:29.6
;HEIGHT:0.200001
G92 E0
;_SET_FAN_SPEED_CHANGING_LAYER
; printing object magic-spinning-top.stl id:730144440329 copy 0
M204 S10000
G1 E-.8 F1800
G1 X60.64 Y46.465 Z30 F7200
G1 Z29.6
G1 E.8 F1800
M204 S1500
;TYPE:Inner wall
;WIDTH:0.53332
G1 F996
G1 X60.603 Y46.322 E.00602
;WIDTH:0.558758
G1 X60.233 Y45.96 E.02218
G1 X59.903 Y45.94 E.01419
;WIDTH:0.536647
G1 X58.999 Y46.113 E.03777
;WIDTH:0.493323
G1 X58.096 Y46.286 E.03446
;WIDTH:0.449999
G1 X57.979 Y46.486 E.00785
G1 X57.943 Y45.767 E.02438
G1 X57.939 Y45.264 E.01702
G1 X58.433 Y45.294 E.01675
;WIDTH:0.493323
G1 X59.05 Y45.348 E.02319
;WIDTH:0.536647
G1 X59.666 Y45.403 E.02542
;WIDTH:0.558758
G1 X60.574 Y45.474 E.03903
G1 X60.579 Y45.708 E.01001
G1 X60.637 Y46.425 E.03086
M204 S10000
G1 E-.8 F1800
G1 X60.425 Y53.526 Z30 F7200
G1 Z29.6
G1 E.8 F1800
M204 S1500
;WIDTH:0.449999
G1 F996
G1 X60.611 Y53.581 E.00657
G1 X60.973 Y53.405 E.01363
;WIDTH:0.483495
G1 X61.403 Y53.185 E.01771
;WIDTH:0.516991
G1 X61.833 Y52.964 E.01906
;WIDTH:0.550487
G1 X62.264 Y52.744 E.0204
;WIDTH:0.558758
G1 X62.507 Y52.517 E.01426
G1 X62.585 Y52.046 E.0205
;WIDTH:0.536864
G1 X62.542 Y51.92 E.00544
G1 X62.609 Y52.035 E.00546
;WIDTH:0.558758
G1 X63.075 Y52.688 E.03441
G1 X62.556 Y53.155 E.02996
;WIDTH:0.550487
G1 X62.086 Y53.603 E.02739
;WIDTH:0.516991
G1 X61.616 Y54.05 E.02558
;WIDTH:0.483495
G1 X61.146 Y54.498 E.02377
;WIDTH:0.449999
G1 X60.828 Y54.087 E.0176
G1 X60.448 Y53.558 E.02203
M204 S10000
G1 E-.8 F1800
G1 X61.001 Y45.946 Z30 F7200
G1 X61.069 Y45.02 Z30
G1 Z29.6
G1 E.8 F1800
M204 S500
;TYPE:Outer wall
G1 F996
G1 X61.062 Y45.689 E.02265
G1 X61.1 Y46.416 E.02467
M73 P90 R1
G1 X61.182 Y47.114 E.02376
G1 X61.299 Y47.779 E.02285
G1 X61.677 Y49.138 E.04777
G1 X61.947 Y49.837 E.02536
G1 X62.226 Y50.446 E.02266
G1 X62.599 Y51.137 E.02658
G1 X62.991 Y51.758 E.02487
G1 X63.423 Y52.352 E.02486
G1 X63.745 Y52.739 E.01704
G1 X61.091 Y55.097 E.12019
G1 X60.693 Y54.622 E.02098
G1 X60.198 Y53.959 E.028
;WIDTH:0.486138
G1 X59.986 Y53.607 E.01513
;WIDTH:0.522276
G1 X59.775 Y53.256 E.01637
;WIDTH:0.545354
G1 X59.353 Y52.511 E.03575
;WIDTH:0.56587
G1 X59.002 Y51.8 E.03448
;WIDTH:0.588514
G1 X58.673 Y51.03 E.03798
;WIDTH:0.596782
G1 X58.321 Y50.053 E.04782
G1 X58.135 Y49.469 E.02825
;WIDTH:0.593321
G1 X57.914 Y48.649 E.03887
;WIDTH:0.565053
G1 X57.744 Y47.817 E.03687
;WIDTH:0.541137
G1 X57.62 Y46.92 E.03751
;WIDTH:0.511867
G1 X57.573 Y46.581 E.01336
;WIDTH:0.480933
G1 X57.526 Y46.241 E.01248
;WIDTH:0.449999
G1 X57.505 Y45.414 E.02801
G1 X57.524 Y44.811 E.02043
G1 X61.029 Y45.017 E.11884
M204 S10000
G1 E-.8 F1800
G1 X60.545 Y52.635 Z30 F7200
G1 X60.512 Y53.164 Z30
M73 P91 R1
G1 Z29.6
G1 E.8 F1800
M204 S500
;WIDTH:0.482917
G1 F996
G1 X60.401 Y53.135 E.00419
;WIDTH:0.515834
G1 X60.29 Y53.106 E.0045
;WIDTH:0.541059
G1 X59.876 Y52.339 E.03609
;WIDTH:0.565046
G1 X59.53 Y51.597 E.03554
;WIDTH:0.588404
G1 X59.229 Y50.836 E.03714
;WIDTH:0.599878
G1 X58.705 Y49.303 E.07502
;WIDTH:0.593321
G1 X58.469 Y48.542 E.03647
;WIDTH:0.566071
G1 X58.292 Y47.798 E.03326
;WIDTH:0.545344
G1 X58.186 Y47.215 E.02476
;WIDTH:0.528531
G1 X58.13 Y46.873 E.01401
;WIDTH:0.511867
G1 X58.222 Y46.773 E.00528
;WIDTH:0.480933
G1 X58.313 Y46.673 E.00493
;WIDTH:0.449999
G1 X59.978 Y46.406 E.05706
G1 X60.069 Y46.414 E.00309
G1 X60.186 Y46.551 E.0061
G1 X60.325 Y47.283 E.02521
G1 X60.495 Y47.959 E.02358
G1 X60.705 Y48.626 E.02369
G1 X61.227 Y50.132 E.05394
G1 X61.475 Y50.786 E.02369
G1 X61.76 Y51.422 E.02358
G1 X62.104 Y52.083 E.02521
G1 X62.096 Y52.289 E.007
G1 X60.547 Y53.145 E.0599
M204 S10000
G1 E-.8 F1800
G1 X62.542 Y51.92 Z30 F7200
G1 Z29.6
G1 E.8 F1800
M204 S1500
;TYPE:Inner wall
;WIDTH:0.52571
G1 F996
G1 X62.514 Y51.869 E.00234
;WIDTH:0.518214
G1 X62.334 Y51.55 E.01448
;WIDTH:0.492235
G1 X62.154 Y51.232 E.01368
;WIDTH:0.466256
G1 X62 Y50.919 E.01227
;WIDTH:0.440488
G1 X61.847 Y50.606 E.01152
;WIDTH:0.41472
G1 X61.565 Y49.928 E.02269
;WIDTH:0.36527
G1 X61.309 Y49.222 E.02012
;WIDTH:0.39189
G1 X61.084 Y48.501 E.02193
;WIDTH:0.41776
G1 X60.889 Y47.832 E.02171
;WIDTH:0.443956
G1 X60.806 Y47.433 E.0136
;WIDTH:0.470152
G1 X60.724 Y47.033 E.01448
;WIDTH:0.518214
G1 X60.64 Y46.465 E.02272
M204 S10000
G1 E-.8 F1800
G1 X58.427 Y45.705 Z30 F7200
G1 Z29.6
G1 E.8 F1800
M204 S500
;TYPE:Internal solid infill
;WIDTH:0.541076
G1 F996
G1 X58.364 Y45.705 E.00258
G1 X58.333 Y45.758 E.00258
G1 X58.364 Y45.812 E.00258
G1 X58.427 Y45.812 E.00258
G1 X58.438 Y45.793 E.00092
M204 S10000
G1 E-.8 F1800
G1 X60.962 Y52.996 Z30 F7200
G1 X61.229 Y53.761 Z30
G1 Z29.6
G1 E.8 F1800
M204 S500
;WIDTH:0.552686
G1 F996
G1 X61.166 Y53.761 E.0027
G1 X61.134 Y53.816 E.0027
G1 X61.166 Y53.871 E.0027
G1 X61.229 Y53.871 E.0027
G1 X61.241 Y53.85 E.00101
; stop printing object magic-spinning-top.stl id:730144440329 copy 0
;LAYER_CHANGE
;Z:29.8
;HEIGHT:0.199999
G92 E0
;_SET_FAN_SPEED_CHANGING_LAYER
; printing object magic-spinning-top.stl id:730144440329 copy 0
M204 S10000
G1 E-.8 F1800
G1 X60.643 Y46.464 Z30.2 F7200
G1 Z29.8
G1 E.8 F1800
M204 S1500
;TYPE:Inner wall
;WIDTH:0.552054
G1 F996
G1 X60.529 Y46.179 E.013
;WIDTH:0.558757
G1 X60.233 Y45.96 E.01577
G1 X59.903 Y45.94 E.01419
;WIDTH:0.536647
G1 X58.999 Y46.113 E.03778
;WIDTH:0.493323
G1 X58.096 Y46.286 E.03446
;WIDTH:0.449999
G1 X57.979 Y46.486 E.00785
G1 X57.943 Y45.767 E.02438
G1 X57.939 Y45.264 E.01702
G1 X58.433 Y45.294 E.01675
;WIDTH:0.493323
G1 X59.05 Y45.348 E.0232
;WIDTH:0.536647
G1 X59.667 Y45.403 E.02543
;WIDTH:0.558757
G1 X60.574 Y45.474 E.03902
G1 X60.579 Y45.708 E.01001
G1 X60.64 Y46.424 E.03085
M204 S10000
G1 E-.8 F1800
G1 X60.425 Y53.526 Z30.2 F7200
G1 Z29.8
G1 E.8 F1800
M204 S1500
;WIDTH:0.449999
G1 F996
G1 X60.611 Y53.581 E.00657
G1 X60.973 Y53.405 E.01363
;WIDTH:0.483495
G1 X61.403 Y53.185 E.01771
;WIDTH:0.516991
G1 X61.833 Y52.964 E.01906
;WIDTH:0.550487
G1 X62.264 Y52.744 E.0204
;WIDTH:0.558759
G1 X62.507 Y52.517 E.01426
G1 X62.585 Y52.046 E.0205
;WIDTH:0.536864
G1 X62.542 Y51.92 E.00544
G1 X62.609 Y52.035 E.00546
;WIDTH:0.558759
G1 X63.075 Y52.688 E.03441
G1 X62.556 Y53.155 E.02996
;WIDTH:0.550487
G1 X62.086 Y53.603 E.02739
;WIDTH:0.516991
G1 X61.616 Y54.05 E.02558
;WIDTH:0.483495
G1 X61.146 Y54.498 E.02377
;WIDTH:0.449999
G1 X60.828 Y54.087 E.0176
G1 X60.448 Y53.558 E.02203
M204 S10000
G1 E-.8 F1800
G1 X61.001 Y45.946 Z30.2 F7200
G1 X61.069 Y45.02 Z30.2
G1 Z29.8
G1 E.8 F1800
M204 S500
;TYPE:Outer wall
G1 F996
G1 X61.062 Y45.689 E.02265
G1 X61.107 Y46.421 E.02483
G1 X61.182 Y47.114 E.02359
G1 X61.296 Y47.769 E.02253
G1 X61.453 Y48.391 E.02169
G1 X61.677 Y49.138 E.02641
G1 X61.931 Y49.802 E.02406
G1 X62.227 Y50.449 E.02407
G1 X62.599 Y51.137 E.02647
G1 X62.991 Y51.758 E.02487
G1 X63.423 Y52.352 E.02486
G1 X63.745 Y52.739 E.01704
G1 X61.091 Y55.097 E.12019
G1 X60.693 Y54.622 E.02098
G1 X60.198 Y53.959 E.028
;WIDTH:0.486137
G1 X59.986 Y53.607 E.01513
;WIDTH:0.522275
G1 X59.775 Y53.256 E.01637
;WIDTH:0.545284
G1 X59.354 Y52.513 E.03567
;WIDTH:0.565887
G1 X59.002 Y51.8 E.03456
;WIDTH:0.588523
G1 X58.673 Y51.03 E.03798
;WIDTH:0.596263
G1 X58.31 Y50.018 E.04947
G1 X58.136 Y49.469 E.02649
;WIDTH:0.593152
G1 X57.914 Y48.649 E.03888
;WIDTH:0.565036
G1 X57.744 Y47.817 E.03687
;WIDTH:0.541155
G1 X57.62 Y46.92 E.03752
;WIDTH:0.512065
G1 X57.573 Y46.58 E.01336
;WIDTH:0.481032
G1 X57.526 Y46.241 E.01247
;WIDTH:0.449999
G1 X57.505 Y45.414 E.02801
G1 X57.524 Y44.811 E.02043
G1 X61.029 Y45.017 E.11884
M204 S10000
G1 E-.8 F1800
G1 X60.545 Y52.635 Z30.2 F7200
G1 X60.512 Y53.164 Z30.2
G1 Z29.8
G1 E.8 F1800
M204 S500
;WIDTH:0.482917
G1 F996
G1 X60.401 Y53.135 E.00419
;WIDTH:0.515834
G1 X60.29 Y53.106 E.0045
;WIDTH:0.541083
G1 X59.876 Y52.339 E.03609
;WIDTH:0.565029
G1 X59.53 Y51.597 E.03554
;WIDTH:0.588414
G1 X59.229 Y50.837 E.03712
;WIDTH:0.599877
G1 X58.705 Y49.304 E.07501
;WIDTH:0.593152
G1 X58.469 Y48.542 E.0365
;WIDTH:0.566079
G1 X58.292 Y47.796 E.03334
;WIDTH:0.545274
G1 X58.183 Y47.201 E.02529
;WIDTH:0.528143
G1 X58.13 Y46.872 E.01342
;WIDTH:0.512065
G1 X58.222 Y46.773 E.00528
;WIDTH:0.481032
G1 X58.313 Y46.673 E.00493
;WIDTH:0.449999
G1 X59.978 Y46.406 E.05706
G1 X60.069 Y46.414 E.00309
G1 X60.15 Y46.474 E.00342
G1 X60.488 Y47.93 E.05059
G1 X60.958 Y49.356 E.05083
G1 X61.476 Y50.787 E.05153
G1 X61.76 Y51.422 E.02353
G1 X62.104 Y52.083 E.02521
G1 X62.096 Y52.289 E.007
G1 X60.547 Y53.145 E.0599
M204 S10000
G1 E-.8 F1800
G1 X62.542 Y51.92 Z30.2 F7200
G1 Z29.8
G1 E.8 F1800
M204 S1500
;TYPE:Inner wall
;WIDTH:0.52571
G1 F996
G1 X62.514 Y51.869 E.00234
;WIDTH:0.518214
G1 X62.334 Y51.55 E.01448
;WIDTH:0.492227
G1 X62.153 Y51.232 E.01368
;WIDTH:0.46624
G1 X62.001 Y50.92 E.01221
;WIDTH:0.440351
G1 X61.848 Y50.609 E.01146
;WIDTH:0.414462
G1 X61.709 Y50.268 E.01136
;WIDTH:0.386039
G1 X61.569 Y49.928 E.01049
;WIDTH:0.357616
G1 X61.313 Y49.233 E.0194
;WIDTH:0.379876
G1 X61.033 Y48.357 E.02575
;WIDTH:0.41788
G1 X60.888 Y47.829 E.01709
;WIDTH:0.44435
G1 X60.805 Y47.427 E.01368
;WIDTH:0.47082
G1 X60.723 Y47.026 E.01459
;WIDTH:0.497914
G1 X60.683 Y46.745 E.01073
;WIDTH:0.525008
G1 X60.643 Y46.464 E.01137
M204 S10000
G1 E-.8 F1800
G1 X58.427 Y45.705 Z30.2 F7200
G1 Z29.8
G1 E.8 F1800
M204 S500
;TYPE:Internal solid infill
;WIDTH:0.54108
G1 F996
G1 X58.364 Y45.705 E.00258
G1 X58.333 Y45.758 E.00258
G1 X58.364 Y45.812 E.00258
G1 X58.427 Y45.812 E.00258
G1 X58.438 Y45.793 E.00092
M204 S10000
G1 E-.8 F1800
G1 X60.962 Y52.996 Z30.2 F7200
G1 X61.229 Y53.761 Z30.2
G1 Z29.8
G1 E.8 F1800
M204 S500
;WIDTH:0.552686
G1 F996
G1 X61.166 Y53.761 E.0027
G1 X61.134 Y53.816 E.0027
G1 X61.166 Y53.871 E.0027
G1 X61.229 Y53.871 E.0027
G1 X61.241 Y53.85 E.00101
; stop printing object magic-spinning-top.stl id:730144440329 copy 0
;LAYER_CHANGE
;Z:30
;HEIGHT:0.200001
G92 E0
;_SET_FAN_SPEED_CHANGING_LAYER
; printing object magic-spinning-top.stl id:730144440329 copy 0
M204 S10000
G1 E-.8 F1800
G1 X60.64 Y46.465 Z30.4 F7200
G1 Z30
G1 E.8 F1800
M204 S1500
;TYPE:Inner wall
;WIDTH:0.53332
G1 F996
G1 X60.603 Y46.322 E.00602
;WIDTH:0.558758
G1 X60.233 Y45.96 E.02218
G1 X59.903 Y45.94 E.01419
;WIDTH:0.536647
G1 X58.998 Y46.113 E.03783
;WIDTH:0.493323
G1 X58.093 Y46.286 E.03451
;WIDTH:0.449999
G1 X57.976 Y46.487 E.00785
G1 X57.943 Y45.767 E.02438
G1 X57.939 Y45.264 E.01702
G1 X58.433 Y45.294 E.01675
;WIDTH:0.493323
G1 X59.05 Y45.348 E.0232
;WIDTH:0.536647
G1 X59.667 Y45.403 E.02543
;WIDTH:0.558758
G1 X60.574 Y45.474 E.03902
G1 X60.579 Y45.708 E.01001
G1 X60.637 Y46.425 E.03086
M204 S10000
G1 E-.8 F1800
G1 X60.425 Y53.526 Z30.4 F7200
G1 Z30
G1 E.8 F1800
M204 S1500
;WIDTH:0.449999
G1 F996
G1 X60.611 Y53.581 E.00657
G1 X60.973 Y53.405 E.01363
;WIDTH:0.483495
G1 X61.403 Y53.185 E.01771
;WIDTH:0.516991
G1 X61.833 Y52.964 E.01906
;WIDTH:0.550487
G1 X62.264 Y52.744 E.0204
;WIDTH:0.558758
G1 X62.507 Y52.517 E.01426
G1 X62.585 Y52.046 E.0205
;WIDTH:0.536864
G1 X62.542 Y51.92 E.00544
G1 X62.609 Y52.035 E.00546
;WIDTH:0.558758
G1 X63.081 Y52.683 E.03437
G1 X62.556 Y53.155 E.03029
;WIDTH:0.550487
G1 X62.086 Y53.603 E.02739
;WIDTH:0.516991
G1 X61.616 Y54.05 E.02558
;WIDTH:0.483495
G1 X61.146 Y54.498 E.02377
;WIDTH:0.449999
G1 X60.828 Y54.087 E.0176
G1 X60.448 Y53.558 E.02203
M204 S10000
G1 E-.8 F1800
G1 X61.001 Y45.946 Z30.4 F7200
G1 X61.069 Y45.02 Z30.4
G1 Z30
G1 E.8 F1800
M204 S500
;TYPE:Outer wall
G1 F996
G1 X61.062 Y45.689 E.02265
G1 X61.1 Y46.416 E.02467
G1 X61.182 Y47.114 E.02377
G1 X61.296 Y47.767 E.02244
G1 X61.464 Y48.459 E.02411
G1 X61.677 Y49.139 E.02411
G1 X61.932 Y49.804 E.02411
G1 X62.228 Y50.451 E.02412
G1 X62.599 Y51.137 E.02637
G1 X62.991 Y51.758 E.02487
G1 X63.334 Y52.229 E.01972
G1 X63.747 Y52.737 E.02217
G1 X61.091 Y55.097 E.12027
G1 X60.693 Y54.622 E.02098
G1 X60.198 Y53.959 E.028
;WIDTH:0.486139
G1 X59.986 Y53.607 E.01513
;WIDTH:0.522278
G1 X59.775 Y53.256 E.01637
;WIDTH:0.545215
G1 X59.355 Y52.514 E.03559
;WIDTH:0.565904
G1 X59.002 Y51.8 E.03464
;WIDTH:0.588532
G1 X58.673 Y51.03 E.03798
;WIDTH:0.595745
G1 X58.298 Y49.983 E.05112
G1 X58.136 Y49.47 E.02474
;WIDTH:0.592974
G1 X57.914 Y48.648 E.03892
;WIDTH:0.56499
G1 X57.743 Y47.816 E.03688
;WIDTH:0.541761
G1 X57.614 Y46.912 E.03788
;WIDTH:0.515836
G1 X57.57 Y46.577 E.01328
;WIDTH:0.482918
G1 X57.526 Y46.243 E.01235
;WIDTH:0.449999
G1 X57.505 Y45.414 E.02805
G1 X57.524 Y44.811 E.02043
G1 X61.029 Y45.017 E.11884
M204 S10000
G1 E-.8 F1800
G1 X60.545 Y52.635 Z30.4 F7200
G1 X60.512 Y53.164 Z30.4
G1 Z30
G1 E.8 F1800
M204 S500
;WIDTH:0.482917
G1 F996
G1 X60.401 Y53.135 E.00419
;WIDTH:0.515834
G1 X60.29 Y53.106 E.0045
;WIDTH:0.541108
G1 X59.876 Y52.339 E.03609
;WIDTH:0.565014
G1 X59.53 Y51.597 E.03554
;WIDTH:0.588414
G1 X59.229 Y50.837 E.03713
;WIDTH:0.599879
G1 X58.705 Y49.305 E.07496
;WIDTH:0.592974
G1 X58.469 Y48.542 E.03653
;WIDTH:0.566087
G1 X58.28 Y47.746 E.03558
;WIDTH:0.543177
G1 X58.146 Y46.987 E.03205
M73 P92 R1
;WIDTH:0.522303
G1 X58.128 Y46.87 E.00472
;WIDTH:0.515836
G1 X58.2 Y46.775 E.00469
;WIDTH:0.482918
G1 X58.272 Y46.68 E.00437
;WIDTH:0.449999
G1 X59.978 Y46.406 E.0585
G1 X60.069 Y46.414 E.00309
G1 X60.186 Y46.551 E.0061
G1 X60.325 Y47.283 E.02521
G1 X60.495 Y47.959 E.02358
G1 X60.705 Y48.626 E.02369
G1 X61.476 Y50.787 E.07767
G1 X61.76 Y51.422 E.02353
G1 X62.104 Y52.083 E.02521
G1 X62.096 Y52.289 E.007
G1 X60.547 Y53.145 E.0599
M204 S10000
G1 E-.8 F1800
G1 X62.542 Y51.92 Z30.4 F7200
G1 Z30
G1 E.8 F1800
M204 S1500
;TYPE:Inner wall
;WIDTH:0.52571
G1 F996
G1 X62.514 Y51.869 E.00234
;WIDTH:0.518212
G1 X62.334 Y51.55 E.01448
;WIDTH:0.492217
G1 X62.153 Y51.232 E.01368
;WIDTH:0.466222
G1 X62.001 Y50.922 E.01215
;WIDTH:0.440526
G1 X61.849 Y50.612 E.01141
;WIDTH:0.41483
G1 X61.71 Y50.271 E.0114
;WIDTH:0.38645
G1 X61.57 Y49.93 E.01053
;WIDTH:0.35807
G1 X61.315 Y49.239 E.01929
;WIDTH:0.371264
G1 X61.075 Y48.504 E.02112
;WIDTH:0.417996
G1 X60.887 Y47.826 E.02194
;WIDTH:0.444074
G1 X60.806 Y47.43 E.01349
;WIDTH:0.470152
G1 X60.724 Y47.033 E.01437
;WIDTH:0.518214
G1 X60.64 Y46.465 E.02272
M204 S10000
G1 E-.8 F1800
G1 X58.427 Y45.705 Z30.4 F7200
G1 Z30
G1 E.8 F1800
M204 S500
;TYPE:Internal solid infill
;WIDTH:0.541214
G1 F996
G1 X58.364 Y45.705 E.00258
G1 X58.333 Y45.759 E.00258
G1 X58.364 Y45.812 E.00258
G1 X58.427 Y45.812 E.00258
G1 X58.438 Y45.793 E.00092
M204 S10000
G1 E-.8 F1800
G1 X60.962 Y52.996 Z30.4 F7200
G1 X61.229 Y53.761 Z30.4
G1 Z30
G1 E.8 F1800
M204 S500
;WIDTH:0.552686
G1 F996
G1 X61.166 Y53.761 E.0027
G1 X61.134 Y53.816 E.0027
G1 X61.166 Y53.871 E.0027
G1 X61.229 Y53.871 E.0027
G1 X61.241 Y53.85 E.00101
; stop printing object magic-spinning-top.stl id:730144440329 copy 0
;LAYER_CHANGE
;Z:30.2
;HEIGHT:0.200001
G92 E0
;_SET_FAN_SPEED_CHANGING_LAYER
; printing object magic-spinning-top.stl id:730144440329 copy 0
M204 S10000
G1 E-.8 F1800
G1 X60.643 Y46.464 Z30.6 F7200
G1 Z30.2
G1 E.8 F1800
M204 S1500
;TYPE:Inner wall
;WIDTH:0.549929
G1 F996
G1 X60.541 Y46.196 E.01209
;WIDTH:0.558757
G1 X60.233 Y45.96 E.01662
G1 X59.903 Y45.94 E.01419
;WIDTH:0.536647
G1 X58.998 Y46.113 E.03783
;WIDTH:0.493323
G1 X58.093 Y46.286 E.03451
;WIDTH:0.449999
G1 X57.976 Y46.487 E.00785
G1 X57.943 Y45.767 E.02438
G1 X57.939 Y45.264 E.01702
G1 X58.433 Y45.294 E.01675
;WIDTH:0.493323
G1 X59.05 Y45.348 E.0232
;WIDTH:0.536647
G1 X59.667 Y45.403 E.02543
;WIDTH:0.558757
G1 X60.574 Y45.474 E.03902
G1 X60.579 Y45.708 E.01001
G1 X60.64 Y46.424 E.03085
M204 S10000
G1 E-.8 F1800
G1 X60.425 Y53.526 Z30.6 F7200
G1 Z30.2
G1 E.8 F1800
M204 S1500
;WIDTH:0.449999
G1 F996
G1 X60.611 Y53.581 E.00657
G1 X60.973 Y53.405 E.01363
;WIDTH:0.483495
G1 X61.403 Y53.185 E.01771
;WIDTH:0.516991
G1 X61.833 Y52.964 E.01906
;WIDTH:0.550487
G1 X62.264 Y52.744 E.0204
;WIDTH:0.558758
G1 X62.507 Y52.517 E.01426
G1 X62.585 Y52.046 E.0205
;WIDTH:0.536865
G1 X62.542 Y51.92 E.00544
G1 X62.609 Y52.035 E.00546
;WIDTH:0.558758
G1 X63.075 Y52.688 E.03441
G1 X62.556 Y53.155 E.02996
;WIDTH:0.550487
G1 X62.086 Y53.603 E.02739
;WIDTH:0.516991
G1 X61.616 Y54.05 E.02558
;WIDTH:0.483495
G1 X61.146 Y54.498 E.02377
;WIDTH:0.449999
G1 X60.828 Y54.087 E.0176
G1 X60.448 Y53.558 E.02203
M204 S10000
G1 E-.8 F1800
G1 X61.001 Y45.946 Z30.6 F7200
G1 X61.069 Y45.02 Z30.6
G1 Z30.2
G1 E.8 F1800
M204 S500
;TYPE:Outer wall
G1 F996
G1 X61.062 Y45.689 E.02265
G1 X61.107 Y46.42 E.02481
G1 X61.182 Y47.114 E.02361
G1 X61.295 Y47.763 E.02231
G1 X61.452 Y48.391 E.02189
G1 X61.677 Y49.138 E.02643
G1 X61.932 Y49.805 E.02417
G1 X62.23 Y50.454 E.02417
G1 X62.599 Y51.137 E.02626
G1 X62.991 Y51.758 E.02487
G1 X63.423 Y52.352 E.02486
G1 X63.745 Y52.739 E.01704
G1 X61.091 Y55.097 E.12019
G1 X60.693 Y54.622 E.02098
G1 X60.198 Y53.959 E.028
;WIDTH:0.486138
G1 X59.986 Y53.607 E.01513
;WIDTH:0.522277
G1 X59.775 Y53.256 E.01637
;WIDTH:0.545142
G1 X59.356 Y52.516 E.0355
;WIDTH:0.565921
G1 X59.002 Y51.8 E.03472
;WIDTH:0.588539
G1 X58.673 Y51.03 E.03798
;WIDTH:0.595227
G1 X58.287 Y49.948 E.05277
G1 X58.136 Y49.471 E.02299
;WIDTH:0.592783
G1 X57.914 Y48.648 E.03893
;WIDTH:0.564975
G1 X57.743 Y47.816 E.03688
;WIDTH:0.541738
G1 X57.614 Y46.912 E.03788
;WIDTH:0.515835
G1 X57.57 Y46.577 E.01328
;WIDTH:0.482917
G1 X57.526 Y46.243 E.01235
;WIDTH:0.449999
G1 X57.505 Y45.414 E.02805
G1 X57.524 Y44.811 E.02043
G1 X61.029 Y45.017 E.11884
M204 S10000
G1 E-.8 F1800
G1 X60.545 Y52.635 Z30.6 F7200
G1 X60.512 Y53.164 Z30.6
G1 Z30.2
G1 E.8 F1800
M204 S500
;WIDTH:0.482917
G1 F996
G1 X60.401 Y53.135 E.00419
;WIDTH:0.515834
G1 X60.29 Y53.106 E.0045
;WIDTH:0.541132
G1 X59.876 Y52.339 E.03609
;WIDTH:0.564997
G1 X59.53 Y51.597 E.03553
;WIDTH:0.588406
G1 X59.229 Y50.837 E.03713
;WIDTH:0.599878
G1 X58.705 Y49.306 E.07493
;WIDTH:0.592783
G1 X58.469 Y48.542 E.03655
;WIDTH:0.566094
G1 X58.281 Y47.748 E.03549
;WIDTH:0.541738
G1 X58.146 Y46.987 E.03203
;WIDTH:0.522301
G1 X58.128 Y46.87 E.00472
;WIDTH:0.515835
G1 X58.221 Y46.772 E.00532
;WIDTH:0.482917
G1 X58.313 Y46.673 E.00495
;WIDTH:0.449999
G1 X59.978 Y46.406 E.05706
G1 X60.069 Y46.414 E.00309
G1 X60.186 Y46.551 E.0061
G1 X60.325 Y47.283 E.02521
G1 X60.495 Y47.959 E.02358
G1 X60.705 Y48.626 E.02369
G1 X61.071 Y49.681 E.03778
G1 X61.476 Y50.787 E.03989
G1 X61.76 Y51.422 E.02353
G1 X62.104 Y52.083 E.02521
G1 X62.096 Y52.289 E.007
G1 X60.547 Y53.145 E.0599
M204 S10000
G1 E-.8 F1800
G1 X62.542 Y51.92 Z30.6 F7200
G1 Z30.2
G1 E.8 F1800
M204 S1500
;TYPE:Inner wall
;WIDTH:0.525712
G1 F996
G1 X62.514 Y51.869 E.00234
;WIDTH:0.51821
G1 X62.334 Y51.55 E.01448
;WIDTH:0.492207
G1 X62.153 Y51.232 E.01368
;WIDTH:0.466204
G1 X62.002 Y50.923 E.01209
;WIDTH:0.440701
G1 X61.851 Y50.615 E.01136
;WIDTH:0.415198
G1 X61.71 Y50.273 E.01143
;WIDTH:0.386874
G1 X61.57 Y49.931 E.01056
;WIDTH:0.35855
G1 X61.313 Y49.233 E.01952
;WIDTH:0.378518
G1 X61.039 Y48.379 E.02505
;WIDTH:0.418122
G1 X60.886 Y47.823 E.01798
;WIDTH:0.444431
G1 X60.805 Y47.425 E.01356
;WIDTH:0.47074
G1 X60.723 Y47.027 E.01445
;WIDTH:0.497497
G1 X60.683 Y46.745 E.01074
;WIDTH:0.524254
G1 X60.643 Y46.464 E.01137
M204 S10000
G1 E-.8 F1800
G1 X58.427 Y45.705 Z30.6 F7200
G1 Z30.2
G1 E.8 F1800
M204 S500
;TYPE:Internal solid infill
;WIDTH:0.541214
G1 F996
G1 X58.364 Y45.705 E.00258
G1 X58.333 Y45.759 E.00258
G1 X58.364 Y45.812 E.00258
G1 X58.427 Y45.812 E.00258
G1 X58.438 Y45.793 E.00092
M204 S10000
G1 E-.8 F1800
G1 X60.962 Y52.996 Z30.6 F7200
G1 X61.229 Y53.761 Z30.6
G1 Z30.2
G1 E.8 F1800
M204 S500
;WIDTH:0.552686
G1 F996
G1 X61.166 Y53.761 E.0027
G1 X61.134 Y53.816 E.0027
G1 X61.166 Y53.871 E.0027
G1 X61.229 Y53.871 E.0027
G1 X61.241 Y53.85 E.00101
; stop printing object magic-spinning-top.stl id:730144440329 copy 0
;LAYER_CHANGE
;Z:30.4
;HEIGHT:0.199999
G92 E0
;_SET_FAN_SPEED_CHANGING_LAYER
; printing object magic-spinning-top.stl id:730144440329 copy 0
M204 S10000
G1 E-.8 F1800
G1 X60.64 Y46.465 Z30.8 F7200
G1 Z30.4
G1 E.8 F1800
M204 S1500
;TYPE:Inner wall
;WIDTH:0.533321
G1 F996
G1 X60.603 Y46.322 E.00602
;WIDTH:0.558758
G1 X60.233 Y45.96 E.02218
G1 X59.903 Y45.94 E.01419
;WIDTH:0.536647
G1 X58.998 Y46.113 E.03783
;WIDTH:0.493323
G1 X58.093 Y46.286 E.03451
;WIDTH:0.449999
G1 X57.976 Y46.487 E.00785
G1 X57.943 Y45.767 E.02438
G1 X57.939 Y45.264 E.01702
G1 X58.433 Y45.294 E.01675
;WIDTH:0.493323
G1 X59.05 Y45.348 E.0232
;WIDTH:0.536647
G1 X59.667 Y45.403 E.02543
;WIDTH:0.558758
G1 X60.574 Y45.474 E.03902
G1 X60.579 Y45.708 E.01001
G1 X60.637 Y46.425 E.03086
M204 S10000
G1 E-.8 F1800
G1 X60.425 Y53.526 Z30.8 F7200
G1 Z30.4
G1 E.8 F1800
M204 S1500
;WIDTH:0.449999
G1 F996
G1 X60.611 Y53.581 E.00657
G1 X60.973 Y53.405 E.01363
;WIDTH:0.483495
G1 X61.403 Y53.185 E.01771
;WIDTH:0.516991
G1 X61.833 Y52.964 E.01906
;WIDTH:0.550487
G1 X62.264 Y52.744 E.0204
;WIDTH:0.558758
G1 X62.507 Y52.517 E.01426
G1 X62.585 Y52.046 E.0205
;WIDTH:0.536864
G1 X62.542 Y51.92 E.00544
G1 X62.609 Y52.035 E.00546
;WIDTH:0.558758
G1 X63.075 Y52.688 E.03441
G1 X62.556 Y53.155 E.02996
;WIDTH:0.550487
G1 X62.086 Y53.603 E.02739
;WIDTH:0.516991
G1 X61.616 Y54.05 E.02558
;WIDTH:0.483495
G1 X61.146 Y54.498 E.02377
;WIDTH:0.449999
G1 X60.828 Y54.087 E.0176
G1 X60.448 Y53.558 E.02203
M204 S10000
G1 E-.8 F1800
G1 X61.001 Y45.946 Z30.8 F7200
G1 X61.069 Y45.02 Z30.8
G1 Z30.4
G1 E.8 F1800
M204 S500
;TYPE:Outer wall
G1 F996
G1 X61.062 Y45.689 E.02265
G1 X61.1 Y46.416 E.02467
G1 X61.182 Y47.114 E.02377
G1 X61.295 Y47.76 E.0222
G1 X61.451 Y48.391 E.02199
G1 X61.677 Y49.138 E.02644
G1 X61.947 Y49.837 E.02534
G1 X62.231 Y50.457 E.0231
G1 X62.599 Y51.137 E.02615
G1 X62.991 Y51.758 E.02487
G1 X63.423 Y52.352 E.02486
G1 X63.745 Y52.739 E.01704
G1 X61.091 Y55.097 E.12019
G1 X60.693 Y54.622 E.02098
G1 X60.198 Y53.959 E.028
;WIDTH:0.48615
G1 X59.986 Y53.607 E.01513
;WIDTH:0.5223
G1 X59.775 Y53.256 E.01637
;WIDTH:0.543326
G1 X59.377 Y52.556 E.03349
;WIDTH:0.565937
G1 X59.002 Y51.8 E.03669
;WIDTH:0.588547
G1 X58.673 Y51.03 E.03798
;WIDTH:0.599879
G1 X58.389 Y50.264 E.03787
G1 X58.198 Y49.667 E.029
;WIDTH:0.593624
G1 X57.92 Y48.676 E.04713
;WIDTH:0.565913
G1 X57.744 Y47.817 E.03817
;WIDTH:0.541157
G1 X57.614 Y46.912 E.03785
;WIDTH:0.515836
G1 X57.57 Y46.577 E.01328
;WIDTH:0.482918
G1 X57.526 Y46.243 E.01235
;WIDTH:0.449999
G1 X57.505 Y45.414 E.02805
G1 X57.524 Y44.811 E.02043
G1 X61.029 Y45.017 E.11884
M204 S10000
G1 E-.8 F1800
G1 X60.545 Y52.635 Z30.8 F7200
G1 X60.512 Y53.164 Z30.8
G1 Z30.4
G1 E.8 F1800
M204 S500
;WIDTH:0.482917
G1 F996
G1 X60.401 Y53.135 E.00419
;WIDTH:0.515834
G1 X60.29 Y53.106 E.0045
;WIDTH:0.541716
G1 X59.876 Y52.34 E.03614
;WIDTH:0.564955
G1 X59.53 Y51.597 E.03553
;WIDTH:0.588399
G1 X59.229 Y50.837 E.03713
;WIDTH:0.599879
G1 X58.767 Y49.499 E.06553
;WIDTH:0.593624
G1 X58.469 Y48.541 E.04592
;WIDTH:0.565913
G1 X58.291 Y47.792 E.03352
;WIDTH:0.541157
G1 X58.146 Y46.987 E.03387
;WIDTH:0.52228
G1 X58.128 Y46.87 E.00471
;WIDTH:0.515836
G1 X58.221 Y46.772 E.00532
;WIDTH:0.482918
G1 X58.313 Y46.673 E.00495
;WIDTH:0.449999
G1 X59.978 Y46.406 E.05706
G1 X60.069 Y46.414 E.00309
G1 X60.186 Y46.551 E.0061
G1 X60.325 Y47.283 E.02521
G1 X60.495 Y47.959 E.02358
G1 X60.705 Y48.626 E.02369
G1 X61.227 Y50.132 E.05394
G1 X61.475 Y50.786 E.02369
G1 X61.76 Y51.422 E.02358
G1 X62.104 Y52.083 E.02521
G1 X62.096 Y52.289 E.007
M73 P93 R1
G1 X60.547 Y53.145 E.0599
M204 S10000
G1 E-.8 F1800
G1 X62.542 Y51.92 Z30.8 F7200
G1 Z30.4
G1 E.8 F1800
M204 S1500
;TYPE:Inner wall
;WIDTH:0.52571
G1 F996
G1 X62.514 Y51.869 E.00234
;WIDTH:0.518212
G1 X62.334 Y51.55 E.01448
;WIDTH:0.492199
G1 X62.153 Y51.232 E.01368
;WIDTH:0.466186
G1 X62.003 Y50.925 E.01204
;WIDTH:0.441061
G1 X61.852 Y50.618 E.01132
;WIDTH:0.415936
G1 X61.71 Y50.276 E.01148
;WIDTH:0.3908
G1 X61.567 Y49.934 E.01071
;WIDTH:0.365664
G1 X61.313 Y49.234 E.02
;WIDTH:0.377842
G1 X61.042 Y48.389 E.0247
;WIDTH:0.418244
G1 X60.886 Y47.82 E.01843
;WIDTH:0.444199
G1 X60.805 Y47.427 E.01339
;WIDTH:0.470154
G1 X60.724 Y47.033 E.01426
;WIDTH:0.518216
G1 X60.64 Y46.465 E.02272
M204 S10000
G1 E-.8 F1800
G1 X58.427 Y45.705 Z30.8 F7200
G1 Z30.4
G1 E.8 F1800
M204 S500
;TYPE:Internal solid infill
;WIDTH:0.541214
G1 F996
G1 X58.364 Y45.705 E.00258
G1 X58.333 Y45.759 E.00258
G1 X58.364 Y45.812 E.00258
G1 X58.427 Y45.812 E.00258
G1 X58.438 Y45.793 E.00092
M204 S10000
G1 E-.8 F1800
G1 X60.962 Y52.996 Z30.8 F7200
G1 X61.229 Y53.761 Z30.8
G1 Z30.4
G1 E.8 F1800
M204 S500
;WIDTH:0.552686
G1 F996
G1 X61.166 Y53.761 E.0027
G1 X61.134 Y53.816 E.0027
G1 X61.166 Y53.871 E.0027
G1 X61.229 Y53.871 E.0027
G1 X61.241 Y53.85 E.00101
; stop printing object magic-spinning-top.stl id:730144440329 copy 0
;LAYER_CHANGE
;Z:30.6
;HEIGHT:0.200001
G92 E0
;_SET_FAN_SPEED_CHANGING_LAYER
; printing object magic-spinning-top.stl id:730144440329 copy 0
M204 S10000
G1 E-.8 F1800
G1 X60.64 Y46.465 Z31 F7200
G1 Z30.6
G1 E.8 F1800
M204 S1500
;TYPE:Inner wall
;WIDTH:0.53332
G1 F996
G1 X60.603 Y46.322 E.00602
;WIDTH:0.558758
G1 X60.233 Y45.96 E.02218
G1 X59.903 Y45.94 E.01419
;WIDTH:0.536647
G1 X58.998 Y46.113 E.03783
;WIDTH:0.493323
G1 X58.093 Y46.286 E.03451
;WIDTH:0.449999
G1 X57.976 Y46.487 E.00785
G1 X57.943 Y45.767 E.02438
G1 X57.939 Y45.264 E.01702
G1 X58.433 Y45.294 E.01675
;WIDTH:0.493323
G1 X59.05 Y45.348 E.02319
;WIDTH:0.536647
G1 X59.666 Y45.403 E.02543
;WIDTH:0.558758
G1 X60.574 Y45.474 E.03903
G1 X60.579 Y45.708 E.01001
G1 X60.637 Y46.425 E.03086
M204 S10000
G1 E-.8 F1800
G1 X60.426 Y53.524 Z31 F7200
G1 Z30.6
G1 E.8 F1800
M204 S1500
;WIDTH:0.449999
G1 F996
G1 X60.614 Y53.58 E.00661
G1 X60.973 Y53.405 E.01353
;WIDTH:0.483495
G1 X61.403 Y53.185 E.01771
;WIDTH:0.516991
G1 X61.833 Y52.964 E.01906
;WIDTH:0.550487
G1 X62.264 Y52.744 E.0204
;WIDTH:0.558758
G1 X62.507 Y52.517 E.01426
G1 X62.585 Y52.046 E.0205
;WIDTH:0.536864
G1 X62.542 Y51.92 E.00544
G1 X62.609 Y52.035 E.00546
;WIDTH:0.558758
G1 X63.075 Y52.688 E.03441
G1 X62.556 Y53.155 E.02996
;WIDTH:0.550487
G1 X62.086 Y53.603 E.02739
;WIDTH:0.516991
G1 X61.616 Y54.05 E.02558
;WIDTH:0.483495
G1 X61.146 Y54.498 E.02377
;WIDTH:0.449999
G1 X60.828 Y54.087 E.0176
G1 X60.45 Y53.557 E.02203
M204 S10000
G1 E-.8 F1800
G1 X61.002 Y45.945 Z31 F7200
G1 X61.069 Y45.02 Z31
G1 Z30.6
G1 E.8 F1800
M204 S500
;TYPE:Outer wall
G1 F996
G1 X61.062 Y45.689 E.02265
G1 X61.1 Y46.416 E.02467
G1 X61.182 Y47.114 E.02378
G1 X61.294 Y47.758 E.02211
G1 X61.463 Y48.454 E.02427
G1 X61.677 Y49.139 E.02427
G1 X61.933 Y49.808 E.02427
G1 X62.233 Y50.46 E.02428
G1 X62.599 Y51.137 E.02605
G1 X62.991 Y51.758 E.02487
G1 X63.423 Y52.352 E.02486
G1 X63.745 Y52.739 E.01704
G1 X61.091 Y55.097 E.12019
G1 X60.693 Y54.622 E.02098
G1 X60.198 Y53.958 E.02805
;WIDTH:0.488291
G1 X59.947 Y53.538 E.01814
;WIDTH:0.526582
G1 X59.695 Y53.117 E.0197
;WIDTH:0.544999
G1 X59.357 Y52.519 E.02867
;WIDTH:0.565954
G1 X59.002 Y51.8 E.03489
;WIDTH:0.588556
G1 X58.673 Y51.03 E.03798
;WIDTH:0.599879
G1 X58.389 Y50.264 E.03786
G1 X58.136 Y49.472 E.03849
;WIDTH:0.592363
G1 X57.914 Y48.648 E.03896
;WIDTH:0.564946
G1 X57.743 Y47.816 E.03688
;WIDTH:0.541696
G1 X57.614 Y46.912 E.03788
;WIDTH:0.515836
G1 X57.57 Y46.577 E.01328
;WIDTH:0.482918
G1 X57.526 Y46.243 E.01235
;WIDTH:0.449999
G1 X57.505 Y45.414 E.02805
G1 X57.524 Y44.811 E.02043
G1 X61.029 Y45.017 E.11884
M204 S10000
G1 E-.8 F1800
G1 X60.546 Y52.635 Z31 F7200
G1 X60.512 Y53.164 Z31
G1 Z30.6
G1 E.8 F1800
M204 S500
;WIDTH:0.481454
G1 F996
G1 X60.401 Y53.134 E.00419
;WIDTH:0.512909
G1 X60.29 Y53.104 E.00449
;WIDTH:0.541222
G1 X59.876 Y52.339 E.03602
;WIDTH:0.564966
G1 X59.53 Y51.597 E.03553
;WIDTH:0.588391
G1 X59.229 Y50.837 E.03713
;WIDTH:0.599879
G1 X58.705 Y49.307 E.07486
;WIDTH:0.592363
G1 X58.469 Y48.541 E.03661
;WIDTH:0.566108
G1 X58.282 Y47.751 E.03533
;WIDTH:0.541696
G1 X58.146 Y46.987 E.03218
;WIDTH:0.5223
G1 X58.128 Y46.87 E.00472
;WIDTH:0.515836
G1 X58.221 Y46.772 E.00532
;WIDTH:0.482918
G1 X58.313 Y46.673 E.00495
;WIDTH:0.449999
G1 X59.978 Y46.406 E.05706
G1 X60.069 Y46.414 E.00309
G1 X60.186 Y46.551 E.0061
G1 X60.325 Y47.283 E.02521
G1 X60.495 Y47.959 E.02358
G1 X60.705 Y48.626 E.02369
G1 X61.095 Y49.75 E.04026
G1 X61.476 Y50.787 E.0374
G1 X61.76 Y51.422 E.02354
G1 X62.104 Y52.083 E.02521
G1 X62.096 Y52.289 E.007
G1 X60.547 Y53.145 E.05988
M204 S10000
G1 E-.8 F1800
G1 X62.542 Y51.92 Z31 F7200
G1 Z30.6
G1 E.8 F1800
M204 S1500
;TYPE:Inner wall
;WIDTH:0.52571
G1 F996
G1 X62.514 Y51.869 E.00234
;WIDTH:0.518212
G1 X62.334 Y51.55 E.01448
;WIDTH:0.49219
G1 X62.153 Y51.232 E.01368
;WIDTH:0.466168
G1 X62.003 Y50.926 E.01198
;WIDTH:0.441045
G1 X61.853 Y50.621 E.01127
;WIDTH:0.415922
G1 X61.712 Y50.278 E.01151
;WIDTH:0.387749
G1 X61.571 Y49.934 E.01064
;WIDTH:0.359576
G1 X61.315 Y49.239 E.01951
;WIDTH:0.371122
G1 X61.074 Y48.504 E.02111
;WIDTH:0.418362
G1 X60.885 Y47.816 E.02227
;WIDTH:0.444257
G1 X60.804 Y47.425 E.01334
;WIDTH:0.470152
G1 X60.724 Y47.033 E.0142
;WIDTH:0.518214
G1 X60.64 Y46.465 E.02272
M204 S10000
G1 E-.8 F1800
G1 X58.427 Y45.705 Z31 F7200
G1 Z30.6
G1 E.8 F1800
M204 S500
;TYPE:Internal solid infill
;WIDTH:0.541214
G1 F996
G1 X58.364 Y45.705 E.00258
G1 X58.333 Y45.759 E.00258
G1 X58.364 Y45.812 E.00258
G1 X58.427 Y45.812 E.00258
G1 X58.438 Y45.793 E.00092
M204 S10000
G1 E-.8 F1800
G1 X60.962 Y52.996 Z31 F7200
G1 X61.229 Y53.761 Z31
G1 Z30.6
G1 E.8 F1800
M204 S500
;WIDTH:0.55259
G1 F996
G1 X61.166 Y53.761 E.0027
G1 X61.134 Y53.816 E.0027
G1 X61.166 Y53.871 E.0027
G1 X61.229 Y53.871 E.0027
G1 X61.241 Y53.85 E.001
; stop printing object magic-spinning-top.stl id:730144440329 copy 0
;LAYER_CHANGE
;Z:30.8
;HEIGHT:0.199999
G92 E0
;_SET_FAN_SPEED_CHANGING_LAYER
; printing object magic-spinning-top.stl id:730144440329 copy 0
M204 S10000
G1 E-.8 F1800
G1 X60.64 Y46.465 Z31.2 F7200
G1 Z30.8
G1 E.8 F1800
M204 S1500
;TYPE:Inner wall
;WIDTH:0.53332
G1 F996
G1 X60.603 Y46.322 E.00602
;WIDTH:0.558758
G1 X60.233 Y45.96 E.02218
G1 X59.903 Y45.94 E.01419
;WIDTH:0.536647
G1 X58.998 Y46.113 E.03783
;WIDTH:0.493323
G1 X58.093 Y46.286 E.03451
;WIDTH:0.449999
G1 X57.976 Y46.487 E.00785
G1 X57.943 Y45.767 E.02438
G1 X57.939 Y45.264 E.01702
G1 X58.433 Y45.294 E.01675
;WIDTH:0.493323
G1 X59.05 Y45.348 E.02319
;WIDTH:0.536647
G1 X59.666 Y45.403 E.02543
;WIDTH:0.558758
G1 X60.574 Y45.474 E.03903
G1 X60.579 Y45.708 E.01001
G1 X60.637 Y46.425 E.03086
M204 S10000
G1 E-.8 F1800
G1 X60.426 Y53.525 Z31.2 F7200
G1 Z30.8
G1 E.8 F1800
M204 S1500
;WIDTH:0.449999
G1 F996
G1 X60.613 Y53.58 E.00661
G1 X60.973 Y53.405 E.01354
;WIDTH:0.483495
G1 X61.403 Y53.185 E.01771
;WIDTH:0.516991
G1 X61.833 Y52.964 E.01906
;WIDTH:0.550487
G1 X62.264 Y52.744 E.0204
;WIDTH:0.558758
G1 X62.507 Y52.517 E.01426
G1 X62.585 Y52.046 E.0205
;WIDTH:0.536862
G1 X62.542 Y51.92 E.00544
G1 X62.609 Y52.035 E.00546
;WIDTH:0.558758
G1 X63.075 Y52.688 E.03441
G1 X62.556 Y53.155 E.02996
;WIDTH:0.550487
G1 X62.086 Y53.603 E.02739
;WIDTH:0.516991
G1 X61.616 Y54.05 E.02558
;WIDTH:0.483495
G1 X61.146 Y54.498 E.02377
;WIDTH:0.449999
G1 X60.828 Y54.087 E.0176
G1 X60.45 Y53.557 E.02203
M204 S10000
G1 E-.8 F1800
G1 X61.002 Y45.945 Z31.2 F7200
G1 X61.069 Y45.02 Z31.2
G1 Z30.8
G1 E.8 F1800
M204 S500
;TYPE:Outer wall
G1 F996
G1 X61.062 Y45.689 E.02265
G1 X61.1 Y46.416 E.02467
G1 X61.182 Y47.114 E.02378
G1 X61.293 Y47.754 E.02199
G1 X61.45 Y48.39 E.02219
G1 X61.677 Y49.139 E.02645
G1 X61.934 Y49.81 E.02433
G1 X62.234 Y50.463 E.02433
G1 X62.599 Y51.137 E.02594
G1 X62.991 Y51.758 E.02487
G1 X63.423 Y52.352 E.02486
G1 X63.745 Y52.739 E.01704
G1 X61.091 Y55.097 E.12019
G1 X60.693 Y54.622 E.02098
G1 X60.198 Y53.958 E.02805
;WIDTH:0.488096
G1 X59.95 Y53.544 E.01786
;WIDTH:0.526193
G1 X59.703 Y53.13 E.01939
;WIDTH:0.544927
G1 X59.358 Y52.521 E.0292
;WIDTH:0.565971
G1 X59.002 Y51.8 E.03497
;WIDTH:0.588564
G1 X58.673 Y51.03 E.03798
;WIDTH:0.59988
G1 X58.389 Y50.264 E.03787
G1 X58.136 Y49.473 E.03846
;WIDTH:0.592133
G1 X57.914 Y48.648 E.03897
;WIDTH:0.564932
G1 X57.743 Y47.816 E.03688
;WIDTH:0.541673
G1 X57.614 Y46.912 E.03788
;WIDTH:0.515836
G1 X57.57 Y46.577 E.01328
;WIDTH:0.482918
G1 X57.526 Y46.243 E.01235
;WIDTH:0.449999
G1 X57.505 Y45.414 E.02805
G1 X57.524 Y44.811 E.02043
G1 X61.029 Y45.017 E.11884
M204 S10000
G1 E-.8 F1800
G1 X60.546 Y52.635 Z31.2 F7200
G1 X60.512 Y53.164 Z31.2
G1 Z30.8
G1 E.8 F1800
M204 S500
;WIDTH:0.481568
G1 F996
G1 X60.401 Y53.134 E.00419
;WIDTH:0.513136
G1 X60.29 Y53.104 E.00449
;WIDTH:0.541242
G1 X59.876 Y52.339 E.03603
;WIDTH:0.564948
G1 X59.53 Y51.597 E.03553
;WIDTH:0.588382
G1 X59.229 Y50.837 E.03713
;WIDTH:0.59988
G1 X58.704 Y49.308 E.07483
;WIDTH:0.592133
G1 X58.469 Y48.541 E.03663
;WIDTH:0.566117
G1 X58.282 Y47.753 E.03524
;WIDTH:0.541673
G1 X58.146 Y46.987 E.03225
;WIDTH:0.5223
G1 X58.128 Y46.87 E.00472
;WIDTH:0.515836
G1 X58.221 Y46.772 E.00532
;WIDTH:0.482918
G1 X58.313 Y46.673 E.00495
;WIDTH:0.449999
G1 X59.978 Y46.406 E.05706
G1 X60.069 Y46.414 E.00309
G1 X60.186 Y46.551 E.0061
G1 X60.325 Y47.283 E.02521
G1 X60.495 Y47.959 E.02358
G1 X60.705 Y48.626 E.02369
G1 X61.107 Y49.784 E.0415
G1 X61.476 Y50.787 E.03616
G1 X61.76 Y51.422 E.02354
G1 X62.104 Y52.083 E.02521
G1 X62.096 Y52.289 E.007
G1 X60.547 Y53.145 E.05988
M204 S10000
G1 E-.8 F1800
G1 X62.542 Y51.92 Z31.2 F7200
G1 Z30.8
G1 E.8 F1800
M204 S1500
;TYPE:Inner wall
;WIDTH:0.525708
G1 F996
G1 X62.514 Y51.869 E.00234
;WIDTH:0.518212
G1 X62.334 Y51.55 E.01448
;WIDTH:0.492181
G1 X62.153 Y51.232 E.01368
;WIDTH:0.46615
G1 X61.855 Y50.624 E.02384
;WIDTH:0.41628
G1 X61.713 Y50.28 E.01154
;WIDTH:0.388206
G1 X61.571 Y49.936 E.01068
;WIDTH:0.360132
G1 X61.313 Y49.235 E.01972
;WIDTH:0.376484
G1 X61.048 Y48.41 E.02401
M73 P94 R1
;WIDTH:0.418486
G1 X60.884 Y47.813 E.01933
;WIDTH:0.44432
G1 X60.804 Y47.423 E.01329
;WIDTH:0.470154
G1 X60.724 Y47.033 E.01414
;WIDTH:0.518214
G1 X60.64 Y46.465 E.02272
M204 S10000
G1 E-.8 F1800
G1 X58.427 Y45.705 Z31.2 F7200
G1 Z30.8
G1 E.8 F1800
M204 S500
;TYPE:Internal solid infill
;WIDTH:0.541214
G1 F996
G1 X58.364 Y45.705 E.00258
G1 X58.333 Y45.759 E.00258
G1 X58.364 Y45.812 E.00258
G1 X58.427 Y45.812 E.00258
G1 X58.438 Y45.793 E.00092
M204 S10000
G1 E-.8 F1800
G1 X60.962 Y52.996 Z31.2 F7200
G1 X61.229 Y53.761 Z31.2
G1 Z30.8
G1 E.8 F1800
M204 S500
;WIDTH:0.552602
G1 F996
G1 X61.166 Y53.761 E.0027
G1 X61.134 Y53.816 E.0027
G1 X61.166 Y53.871 E.0027
G1 X61.229 Y53.871 E.0027
G1 X61.241 Y53.85 E.001
; stop printing object magic-spinning-top.stl id:730144440329 copy 0
;LAYER_CHANGE
;Z:31
;HEIGHT:0.200001
G92 E0
;_SET_FAN_SPEED_CHANGING_LAYER
; printing object magic-spinning-top.stl id:730144440329 copy 0
M204 S10000
G1 E-.8 F1800
G1 X60.64 Y46.465 Z31.4 F7200
G1 Z31
G1 E.8 F1800
M204 S1500
;TYPE:Inner wall
;WIDTH:0.53332
G1 F996
G1 X60.603 Y46.322 E.00602
;WIDTH:0.558758
G1 X60.233 Y45.96 E.02218
G1 X59.903 Y45.94 E.01419
;WIDTH:0.536647
G1 X58.998 Y46.113 E.03783
;WIDTH:0.493323
G1 X58.093 Y46.286 E.03451
;WIDTH:0.449999
G1 X57.976 Y46.487 E.00785
G1 X57.943 Y45.767 E.02438
G1 X57.939 Y45.264 E.01702
G1 X58.433 Y45.294 E.01675
;WIDTH:0.493323
G1 X59.05 Y45.348 E.0232
;WIDTH:0.536647
G1 X59.667 Y45.403 E.02543
;WIDTH:0.558758
G1 X60.574 Y45.474 E.03902
G1 X60.579 Y45.708 E.01001
G1 X60.637 Y46.425 E.03086
M204 S10000
G1 E-.8 F1800
G1 X60.426 Y53.525 Z31.4 F7200
G1 Z31
G1 E.8 F1800
M204 S1500
;WIDTH:0.449999
G1 F996
G1 X60.613 Y53.58 E.0066
G1 X60.973 Y53.405 E.01355
;WIDTH:0.483495
G1 X61.403 Y53.185 E.01771
;WIDTH:0.516991
G1 X61.833 Y52.964 E.01906
;WIDTH:0.550487
G1 X62.264 Y52.744 E.0204
;WIDTH:0.558758
G1 X62.507 Y52.517 E.01426
G1 X62.585 Y52.046 E.0205
;WIDTH:0.536864
G1 X62.542 Y51.92 E.00544
G1 X62.609 Y52.035 E.00546
;WIDTH:0.558758
G1 X63.075 Y52.688 E.03441
G1 X62.556 Y53.155 E.02996
;WIDTH:0.550487
G1 X62.086 Y53.603 E.02739
;WIDTH:0.516991
G1 X61.616 Y54.05 E.02558
;WIDTH:0.483495
G1 X61.146 Y54.498 E.02377
;WIDTH:0.449999
G1 X60.828 Y54.087 E.0176
G1 X60.449 Y53.557 E.02203
M204 S10000
G1 E-.8 F1800
G1 X61.002 Y45.945 Z31.4 F7200
G1 X61.069 Y45.02 Z31.4
G1 Z31
G1 E.8 F1800
M204 S500
;TYPE:Outer wall
G1 F996
G1 X61.062 Y45.689 E.02265
G1 X61.1 Y46.416 E.02467
G1 X61.182 Y47.114 E.02378
G1 X61.293 Y47.751 E.02189
G1 X61.462 Y48.451 E.02438
G1 X61.677 Y49.139 E.02437
G1 X61.935 Y49.811 E.02438
G1 X62.235 Y50.466 E.02438
G1 X62.599 Y51.137 E.02583
G1 X62.991 Y51.758 E.02487
G1 X63.423 Y52.352 E.02486
G1 X63.745 Y52.739 E.01704
G1 X61.091 Y55.097 E.12019
G1 X60.693 Y54.622 E.02098
G1 X60.198 Y53.958 E.02804
;WIDTH:0.487903
G1 X59.954 Y53.55 E.01759
;WIDTH:0.525806
G1 X59.71 Y53.142 E.01909
;WIDTH:0.544856
G1 X59.359 Y52.522 E.02972
;WIDTH:0.565991
G1 X59.002 Y51.8 E.03505
;WIDTH:0.588573
G1 X58.673 Y51.03 E.03798
;WIDTH:0.59988
G1 X58.389 Y50.264 E.03786
G1 X58.136 Y49.473 E.03844
;WIDTH:0.591884
G1 X57.914 Y48.648 E.03898
;WIDTH:0.564916
G1 X57.743 Y47.816 E.03688
;WIDTH:0.541652
G1 X57.614 Y46.912 E.03787
;WIDTH:0.515836
G1 X57.57 Y46.577 E.01328
;WIDTH:0.482918
G1 X57.526 Y46.243 E.01235
;WIDTH:0.449999
G1 X57.505 Y45.414 E.02805
G1 X57.524 Y44.811 E.02043
G1 X61.029 Y45.017 E.11884
M204 S10000
G1 E-.8 F1800
G1 X60.546 Y52.635 Z31.4 F7200
G1 X60.512 Y53.164 Z31.4
G1 Z31
G1 E.8 F1800
M204 S500
;WIDTH:0.481684
G1 F996
G1 X60.401 Y53.134 E.00419
;WIDTH:0.513369
G1 X60.29 Y53.104 E.00449
;WIDTH:0.541261
G1 X59.876 Y52.339 E.03603
;WIDTH:0.564933
G1 X59.53 Y51.597 E.03553
;WIDTH:0.588374
G1 X59.229 Y50.837 E.03713
;WIDTH:0.59988
G1 X58.704 Y49.309 E.07479
;WIDTH:0.591884
G1 X58.469 Y48.541 E.03666
;WIDTH:0.566123
G1 X58.282 Y47.755 E.03516
;WIDTH:0.541652
G1 X58.146 Y46.987 E.03233
;WIDTH:0.522299
G1 X58.128 Y46.87 E.00472
;WIDTH:0.515836
G1 X58.221 Y46.772 E.00532
;WIDTH:0.482918
G1 X58.313 Y46.673 E.00495
;WIDTH:0.449999
G1 X59.978 Y46.406 E.05706
G1 X60.069 Y46.414 E.00309
G1 X60.186 Y46.551 E.0061
G1 X60.325 Y47.283 E.02521
G1 X60.495 Y47.959 E.02358
G1 X60.705 Y48.626 E.02369
G1 X61.119 Y49.819 E.04274
G1 X61.476 Y50.787 E.03492
G1 X61.76 Y51.422 E.02354
G1 X62.104 Y52.083 E.02521
G1 X62.096 Y52.289 E.007
G1 X60.547 Y53.145 E.05988
M204 S10000
G1 E-.8 F1800
G1 X62.542 Y51.92 Z31.4 F7200
G1 Z31
G1 E.8 F1800
M204 S1500
;TYPE:Inner wall
;WIDTH:0.52571
G1 F996
G1 X62.514 Y51.869 E.00234
;WIDTH:0.518214
G1 X62.334 Y51.55 E.01448
;WIDTH:0.492173
G1 X62.153 Y51.232 E.01368
;WIDTH:0.466132
G1 X61.856 Y50.627 E.02373
;WIDTH:0.416632
G1 X61.714 Y50.282 E.01158
;WIDTH:0.388675
G1 X61.572 Y49.938 E.01071
;WIDTH:0.360718
G1 X61.315 Y49.239 E.01967
;WIDTH:0.371024
G1 X61.074 Y48.504 E.0211
;WIDTH:0.418604
G1 X60.883 Y47.81 E.02248
;WIDTH:0.444379
G1 X60.804 Y47.422 E.01323
;WIDTH:0.470154
G1 X60.724 Y47.033 E.01408
;WIDTH:0.518214
G1 X60.64 Y46.465 E.02272
M204 S10000
G1 E-.8 F1800
G1 X58.427 Y45.705 Z31.4 F7200
G1 Z31
G1 E.8 F1800
M204 S500
;TYPE:Internal solid infill
;WIDTH:0.541214
G1 F996
G1 X58.364 Y45.705 E.00258
G1 X58.333 Y45.759 E.00258
G1 X58.364 Y45.812 E.00258
G1 X58.427 Y45.812 E.00258
G1 X58.438 Y45.793 E.00092
M204 S10000
G1 E-.8 F1800
G1 X60.962 Y52.996 Z31.4 F7200
G1 X61.229 Y53.761 Z31.4
G1 Z31
G1 E.8 F1800
M204 S500
;WIDTH:0.552608
G1 F996
G1 X61.166 Y53.761 E.0027
G1 X61.134 Y53.816 E.0027
G1 X61.166 Y53.871 E.0027
G1 X61.229 Y53.871 E.0027
G1 X61.241 Y53.85 E.001
; stop printing object magic-spinning-top.stl id:730144440329 copy 0
;LAYER_CHANGE
;Z:31.2
;HEIGHT:0.200001
G92 E0
;_SET_FAN_SPEED_CHANGING_LAYER
; printing object magic-spinning-top.stl id:730144440329 copy 0
M204 S10000
G1 E-.8 F1800
G1 X60.642 Y46.464 Z31.6 F7200
G1 Z31.2
G1 E.8 F1800
M204 S1500
;TYPE:Inner wall
;WIDTH:0.544185
G1 F996
G1 X60.568 Y46.242 E.00978
;WIDTH:0.558757
G1 X60.233 Y45.96 E.01874
G1 X59.903 Y45.94 E.01419
;WIDTH:0.536647
G1 X58.998 Y46.113 E.03783
;WIDTH:0.493323
G1 X58.093 Y46.286 E.03451
;WIDTH:0.449999
G1 X57.976 Y46.487 E.00785
G1 X57.943 Y45.767 E.02438
G1 X57.939 Y45.264 E.01702
G1 X58.433 Y45.294 E.01675
;WIDTH:0.493323
G1 X59.05 Y45.348 E.0232
;WIDTH:0.536647
G1 X59.667 Y45.403 E.02543
;WIDTH:0.558757
G1 X60.574 Y45.474 E.03902
G1 X60.579 Y45.708 E.01001
G1 X60.639 Y46.425 E.03085
M204 S10000
G1 E-.8 F1800
G1 X60.426 Y53.525 Z31.6 F7200
G1 Z31.2
G1 E.8 F1800
M204 S1500
;WIDTH:0.449999
G1 F996
G1 X60.613 Y53.581 E.0066
G1 X60.973 Y53.405 E.01356
;WIDTH:0.483495
G1 X61.403 Y53.185 E.01771
;WIDTH:0.516991
G1 X61.833 Y52.964 E.01906
;WIDTH:0.550487
G1 X62.264 Y52.744 E.0204
;WIDTH:0.558759
G1 X62.507 Y52.517 E.01426
G1 X62.585 Y52.046 E.0205
;WIDTH:0.536864
G1 X62.542 Y51.92 E.00544
G1 X62.609 Y52.035 E.00546
;WIDTH:0.558759
G1 X63.075 Y52.688 E.03441
G1 X62.556 Y53.155 E.02996
;WIDTH:0.550487
G1 X62.086 Y53.603 E.02739
;WIDTH:0.516991
G1 X61.616 Y54.05 E.02558
;WIDTH:0.483495
G1 X61.146 Y54.498 E.02377
;WIDTH:0.449999
G1 X60.828 Y54.087 E.0176
G1 X60.449 Y53.557 E.02203
M204 S10000
G1 E-.8 F1800
G1 X61.001 Y45.945 Z31.6 F7200
G1 X61.069 Y45.02 Z31.6
G1 Z31.2
G1 E.8 F1800
M204 S500
;TYPE:Outer wall
G1 F996
G1 X61.062 Y45.689 E.02265
G1 X61.104 Y46.419 E.02476
G1 X61.182 Y47.114 E.02368
G1 X61.292 Y47.75 E.02185
G1 X61.449 Y48.39 E.02231
G1 X61.677 Y49.139 E.02647
G1 X61.935 Y49.812 E.02443
G1 X62.237 Y50.468 E.02444
G1 X62.599 Y51.137 E.02572
G1 X62.991 Y51.758 E.02486
G1 X63.423 Y52.352 E.02486
G1 X63.745 Y52.739 E.01704
G1 X61.091 Y55.097 E.12019
G1 X60.693 Y54.622 E.02098
G1 X60.198 Y53.958 E.02804
;WIDTH:0.487708
G1 X59.957 Y53.557 E.01732
;WIDTH:0.525416
G1 X59.717 Y53.155 E.01878
;WIDTH:0.544789
G1 X59.36 Y52.524 E.03025
;WIDTH:0.566008
G1 X59.001 Y51.8 E.03513
;WIDTH:0.588582
G1 X58.673 Y51.03 E.03798
;WIDTH:0.599879
G1 X58.389 Y50.264 E.03786
G1 X58.136 Y49.474 E.03841
;WIDTH:0.591618
G1 X57.914 Y48.649 E.03899
;WIDTH:0.564902
G1 X57.743 Y47.816 E.03688
;WIDTH:0.54163
G1 X57.614 Y46.912 E.03787
;WIDTH:0.515836
G1 X57.57 Y46.577 E.01328
;WIDTH:0.482918
G1 X57.526 Y46.243 E.01235
;WIDTH:0.449999
G1 X57.505 Y45.414 E.02805
G1 X57.524 Y44.811 E.02043
G1 X61.029 Y45.017 E.11884
M204 S10000
G1 E-.8 F1800
G1 X60.546 Y52.635 Z31.6 F7200
G1 X60.512 Y53.164 Z31.6
G1 Z31.2
G1 E.8 F1800
M204 S500
;WIDTH:0.481804
G1 F996
G1 X60.401 Y53.134 E.00419
;WIDTH:0.513609
G1 X60.29 Y53.104 E.00449
;WIDTH:0.541281
G1 X59.876 Y52.339 E.03604
;WIDTH:0.564918
G1 X59.53 Y51.597 E.03553
;WIDTH:0.588367
G1 X59.229 Y50.836 E.03713
;WIDTH:0.599879
G1 X58.796 Y49.596 E.06082
;WIDTH:0.592748
G1 X58.469 Y48.541 E.05053
;WIDTH:0.566129
G1 X58.283 Y47.756 E.03507
;WIDTH:0.54163
G1 X58.146 Y46.987 E.0324
;WIDTH:0.522297
G1 X58.128 Y46.87 E.00472
;WIDTH:0.515836
G1 X58.221 Y46.772 E.00532
;WIDTH:0.482918
G1 X58.313 Y46.673 E.00495
;WIDTH:0.449999
G1 X59.978 Y46.406 E.05706
G1 X60.069 Y46.414 E.00309
G1 X60.186 Y46.551 E.0061
G1 X60.325 Y47.283 E.02521
G1 X60.495 Y47.959 E.02358
G1 X60.705 Y48.626 E.02369
G1 X61.131 Y49.854 E.04398
G1 X61.476 Y50.787 E.03368
G1 X61.76 Y51.422 E.02354
G1 X62.104 Y52.083 E.02521
G1 X62.096 Y52.289 E.007
G1 X60.547 Y53.145 E.05988
M204 S10000
G1 E-.8 F1800
G1 X62.542 Y51.92 Z31.6 F7200
G1 Z31.2
G1 E.8 F1800
M204 S1500
;TYPE:Inner wall
;WIDTH:0.52571
G1 F996
G1 X62.514 Y51.869 E.00234
;WIDTH:0.518214
G1 X62.334 Y51.55 E.01448
;WIDTH:0.492163
G1 X62.153 Y51.232 E.01368
;WIDTH:0.466112
G1 X61.857 Y50.63 E.02361
;WIDTH:0.416986
G1 X61.674 Y50.177 E.01518
;WIDTH:0.387825
G1 X61.491 Y49.724 E.014
;WIDTH:0.358664
G1 X61.313 Y49.235 E.01367
;WIDTH:0.375126
G1 X61.054 Y48.431 E.02333
;WIDTH:0.41873
G1 X60.883 Y47.807 E.02023
;WIDTH:0.444631
G1 X60.803 Y47.418 E.01326
;WIDTH:0.470532
G1 X60.723 Y47.029 E.01412
;WIDTH:0.496364
G1 X60.683 Y46.747 E.01075
;WIDTH:0.522196
G1 X60.642 Y46.464 E.01137
M204 S10000
G1 E-.8 F1800
G1 X58.427 Y45.705 Z31.6 F7200
G1 Z31.2
G1 E.8 F1800
M204 S500
;TYPE:Internal solid infill
;WIDTH:0.541214
G1 F996
G1 X58.364 Y45.705 E.00258
G1 X58.333 Y45.759 E.00258
G1 X58.364 Y45.812 E.00258
G1 X58.427 Y45.812 E.00258
G1 X58.438 Y45.793 E.00092
M204 S10000
G1 E-.8 F1800
G1 X60.962 Y52.996 Z31.6 F7200
G1 X61.229 Y53.761 Z31.6
M73 P95 R1
G1 Z31.2
G1 E.8 F1800
M204 S500
;WIDTH:0.552614
G1 F996
G1 X61.166 Y53.761 E.0027
G1 X61.134 Y53.816 E.0027
G1 X61.166 Y53.871 E.0027
G1 X61.229 Y53.871 E.0027
G1 X61.241 Y53.85 E.001
; stop printing object magic-spinning-top.stl id:730144440329 copy 0
;LAYER_CHANGE
;Z:31.4
;HEIGHT:0.199999
G92 E0
;_SET_FAN_SPEED_CHANGING_LAYER
; printing object magic-spinning-top.stl id:730144440329 copy 0
M204 S10000
G1 E-.8 F1800
G1 X60.64 Y46.465 Z31.8 F7200
G1 Z31.4
G1 E.8 F1800
M204 S1500
;TYPE:Inner wall
;WIDTH:0.533318
G1 F996
G1 X60.603 Y46.322 E.00602
;WIDTH:0.558758
G1 X60.233 Y45.96 E.02218
G1 X59.903 Y45.94 E.01419
;WIDTH:0.536647
G1 X58.998 Y46.113 E.03783
;WIDTH:0.493323
G1 X58.093 Y46.286 E.03451
;WIDTH:0.449999
G1 X57.976 Y46.487 E.00785
G1 X57.943 Y45.767 E.02438
G1 X57.939 Y45.264 E.01702
G1 X58.433 Y45.294 E.01675
;WIDTH:0.493323
G1 X59.05 Y45.348 E.0232
;WIDTH:0.536647
G1 X59.667 Y45.403 E.02543
;WIDTH:0.558758
G1 X60.574 Y45.474 E.03902
G1 X60.579 Y45.708 E.01001
G1 X60.637 Y46.425 E.03086
M204 S10000
G1 E-.8 F1800
G1 X60.425 Y53.526 Z31.8 F7200
G1 Z31.4
G1 E.8 F1800
M204 S1500
;WIDTH:0.449999
G1 F996
G1 X60.611 Y53.581 E.00657
G1 X60.973 Y53.405 E.01363
;WIDTH:0.483496
G1 X61.403 Y53.185 E.01771
;WIDTH:0.516992
G1 X61.833 Y52.964 E.01906
;WIDTH:0.550488
G1 X62.264 Y52.744 E.0204
;WIDTH:0.558759
G1 X62.507 Y52.517 E.01426
G1 X62.585 Y52.046 E.0205
;WIDTH:0.536864
G1 X62.542 Y51.92 E.00544
G1 X62.609 Y52.035 E.00546
;WIDTH:0.558759
G1 X63.075 Y52.688 E.03441
G1 X62.556 Y53.155 E.02996
;WIDTH:0.550488
G1 X62.086 Y53.603 E.02739
;WIDTH:0.516992
G1 X61.616 Y54.05 E.02558
;WIDTH:0.483496
G1 X61.146 Y54.498 E.02377
;WIDTH:0.449999
G1 X60.828 Y54.087 E.0176
G1 X60.448 Y53.558 E.02203
M204 S10000
G1 E-.8 F1800
G1 X61.001 Y45.946 Z31.8 F7200
G1 X61.069 Y45.02 Z31.8
G1 Z31.4
G1 E.8 F1800
M204 S500
;TYPE:Outer wall
G1 F996
G1 X61.062 Y45.689 E.02265
G1 X61.1 Y46.416 E.02467
G1 X61.182 Y47.114 E.02379
G1 X61.293 Y47.75 E.02184
G1 X61.448 Y48.39 E.0223
G1 X61.677 Y49.139 E.02648
G1 X61.936 Y49.814 E.02449
G1 X62.238 Y50.471 E.02449
G1 X62.599 Y51.137 E.02562
G1 X62.991 Y51.758 E.02486
G1 X63.423 Y52.352 E.02486
G1 X63.745 Y52.739 E.01704
G1 X61.091 Y55.097 E.12019
G1 X60.693 Y54.622 E.02098
G1 X60.198 Y53.959 E.028
;WIDTH:0.486148
G1 X59.986 Y53.607 E.01513
;WIDTH:0.522296
G1 X59.775 Y53.256 E.01637
;WIDTH:0.543602
G1 X59.373 Y52.548 E.03389
;WIDTH:0.56935
G1 X58.956 Y51.695 E.04153
;WIDTH:0.58859
G1 X58.673 Y51.03 E.0328
;WIDTH:0.59988
G1 X58.389 Y50.264 E.03786
G1 X58.136 Y49.474 E.03838
;WIDTH:0.591334
G1 X57.914 Y48.649 E.03899
;WIDTH:0.564887
G1 X57.743 Y47.816 E.03687
;WIDTH:0.541608
G1 X57.614 Y46.912 E.03787
;WIDTH:0.515836
G1 X57.57 Y46.577 E.01328
;WIDTH:0.482918
G1 X57.526 Y46.243 E.01235
;WIDTH:0.449999
G1 X57.505 Y45.414 E.02805
G1 X57.524 Y44.811 E.02043
G1 X61.029 Y45.017 E.11884
M204 S10000
G1 E-.8 F1800
G1 X60.545 Y52.635 Z31.8 F7200
G1 X60.512 Y53.164 Z31.8
G1 Z31.4
G1 E.8 F1800
M204 S500
;WIDTH:0.482917
G1 F996
G1 X60.401 Y53.135 E.00419
;WIDTH:0.515834
G1 X60.29 Y53.106 E.0045
;WIDTH:0.541609
G1 X59.876 Y52.339 E.03613
;WIDTH:0.562191
G1 X59.532 Y51.597 E.03534
;WIDTH:0.588363
G1 X59.229 Y50.836 E.03712
;WIDTH:0.59988
G1 X58.784 Y49.562 E.06252
;WIDTH:0.592237
G1 X58.469 Y48.541 E.04881
;WIDTH:0.566135
G1 X58.283 Y47.758 E.03499
;WIDTH:0.541608
G1 X58.146 Y46.987 E.03247
;WIDTH:0.522296
G1 X58.128 Y46.87 E.00472
;WIDTH:0.515836
G1 X58.221 Y46.772 E.00532
;WIDTH:0.482918
G1 X58.313 Y46.673 E.00495
;WIDTH:0.449999
G1 X59.978 Y46.406 E.05706
G1 X60.069 Y46.414 E.00309
G1 X60.186 Y46.551 E.0061
G1 X60.325 Y47.283 E.02521
G1 X60.495 Y47.959 E.02358
G1 X60.705 Y48.626 E.02369
G1 X61.143 Y49.888 E.04522
G1 X61.476 Y50.787 E.03243
G1 X61.76 Y51.422 E.02355
G1 X62.104 Y52.083 E.02521
G1 X62.096 Y52.289 E.007
G1 X60.547 Y53.145 E.0599
M204 S10000
G1 E-.8 F1800
G1 X62.542 Y51.92 Z31.8 F7200
G1 Z31.4
G1 E.8 F1800
M204 S1500
;TYPE:Inner wall
;WIDTH:0.52571
G1 F996
G1 X62.514 Y51.869 E.00234
;WIDTH:0.51821
G1 X62.334 Y51.55 E.01448
;WIDTH:0.492152
G1 X62.153 Y51.232 E.01368
;WIDTH:0.466094
G1 X61.858 Y50.631 E.02357
;WIDTH:0.417174
G1 X61.681 Y50.195 E.01464
;WIDTH:0.388525
G1 X61.504 Y49.759 E.01352
;WIDTH:0.359876
G1 X61.313 Y49.236 E.01467
;WIDTH:0.374448
G1 X61.057 Y48.442 E.02299
;WIDTH:0.41885
G1 X60.882 Y47.804 E.02069
;WIDTH:0.444502
G1 X60.803 Y47.419 E.01313
;WIDTH:0.470154
G1 X60.724 Y47.033 E.01397
;WIDTH:0.518212
G1 X60.64 Y46.465 E.02272
M73 P95 R0
M204 S10000
G1 E-.8 F1800
G1 X58.427 Y45.705 Z31.8 F7200
G1 Z31.4
G1 E.8 F1800
M204 S500
;TYPE:Internal solid infill
;WIDTH:0.541214
G1 F996
G1 X58.364 Y45.705 E.00258
G1 X58.333 Y45.759 E.00258
G1 X58.364 Y45.812 E.00258
G1 X58.427 Y45.812 E.00258
G1 X58.438 Y45.793 E.00092
M204 S10000
G1 E-.8 F1800
G1 X60.962 Y52.996 Z31.8 F7200
G1 X61.229 Y53.761 Z31.8
G1 Z31.4
G1 E.8 F1800
M204 S500
;WIDTH:0.552684
G1 F996
G1 X61.166 Y53.761 E.0027
G1 X61.134 Y53.816 E.0027
G1 X61.166 Y53.871 E.0027
G1 X61.229 Y53.871 E.0027
G1 X61.241 Y53.85 E.00101
; stop printing object magic-spinning-top.stl id:730144440329 copy 0
;LAYER_CHANGE
;Z:31.6
;HEIGHT:0.200001
G92 E0
;_SET_FAN_SPEED_CHANGING_LAYER
; printing object magic-spinning-top.stl id:730144440329 copy 0
M204 S10000
G1 E-.8 F1800
G1 X60.642 Y46.464 Z32 F7200
G1 Z31.6
G1 E.8 F1800
M204 S1500
;TYPE:Inner wall
;WIDTH:0.541686
G1 F996
G1 X60.577 Y46.261 E.00885
;WIDTH:0.558757
G1 X60.233 Y45.96 E.0196
G1 X59.903 Y45.94 E.01419
;WIDTH:0.536647
G1 X58.998 Y46.113 E.03783
;WIDTH:0.493323
G1 X58.093 Y46.286 E.03451
;WIDTH:0.449999
G1 X57.976 Y46.487 E.00785
G1 X57.943 Y45.767 E.02438
G1 X57.939 Y45.264 E.01702
G1 X58.433 Y45.294 E.01675
;WIDTH:0.493323
G1 X59.05 Y45.348 E.0232
;WIDTH:0.536647
G1 X59.667 Y45.403 E.02543
;WIDTH:0.558757
G1 X60.574 Y45.474 E.03902
G1 X60.579 Y45.708 E.01001
G1 X60.638 Y46.425 E.03086
M204 S10000
G1 E-.8 F1800
G1 X60.426 Y53.525 Z32 F7200
G1 Z31.6
G1 E.8 F1800
M204 S1500
;WIDTH:0.449999
G1 F996
G1 X60.612 Y53.581 E.00659
G1 X60.973 Y53.405 E.01357
;WIDTH:0.483496
G1 X61.403 Y53.185 E.01771
;WIDTH:0.516992
G1 X61.833 Y52.964 E.01906
;WIDTH:0.550488
G1 X62.264 Y52.744 E.0204
;WIDTH:0.558759
G1 X62.507 Y52.517 E.01426
G1 X62.585 Y52.046 E.0205
;WIDTH:0.536863
G1 X62.542 Y51.92 E.00544
G1 X62.609 Y52.035 E.00546
;WIDTH:0.558759
G1 X63.075 Y52.688 E.03441
G1 X62.556 Y53.155 E.02996
;WIDTH:0.550488
G1 X62.086 Y53.603 E.02739
;WIDTH:0.516992
G1 X61.616 Y54.05 E.02558
;WIDTH:0.483496
G1 X61.146 Y54.498 E.02377
;WIDTH:0.449999
G1 X60.828 Y54.087 E.0176
G1 X60.449 Y53.558 E.02203
M204 S10000
G1 E-.8 F1800
G1 X61.001 Y45.945 Z32 F7200
G1 X61.069 Y45.02 Z32
G1 Z31.6
G1 E.8 F1800
M204 S500
;TYPE:Outer wall
G1 F996
G1 X61.062 Y45.689 E.02265
G1 X61.104 Y46.418 E.02474
G1 X61.182 Y47.114 E.02371
G1 X61.293 Y47.75 E.02184
G1 X61.448 Y48.39 E.02229
G1 X61.677 Y49.139 E.02649
G1 X61.937 Y49.815 E.02454
G1 X62.24 Y50.474 E.02454
G1 X62.599 Y51.137 E.02551
G1 X62.991 Y51.758 E.02486
G1 X63.423 Y52.352 E.02486
G1 X63.745 Y52.739 E.01704
G1 X61.091 Y55.097 E.12019
G1 X60.693 Y54.622 E.02097
G1 X60.198 Y53.959 E.02803
;WIDTH:0.48732
G1 X59.965 Y53.569 E.01677
;WIDTH:0.52464
G1 X59.731 Y53.18 E.01818
;WIDTH:0.544649
G1 X59.362 Y52.527 E.0313
;WIDTH:0.566042
G1 X59.001 Y51.8 E.03529
;WIDTH:0.588598
G1 X58.673 Y51.03 E.03798
;WIDTH:0.59988
G1 X58.389 Y50.264 E.03786
G1 X58.136 Y49.475 E.03835
;WIDTH:0.591027
G1 X57.914 Y48.649 E.039
;WIDTH:0.564872
G1 X57.743 Y47.816 E.03687
;WIDTH:0.541587
G1 X57.614 Y46.912 E.03787
;WIDTH:0.515836
G1 X57.57 Y46.577 E.01328
;WIDTH:0.482918
G1 X57.526 Y46.243 E.01235
;WIDTH:0.449999
G1 X57.505 Y45.414 E.02805
G1 X57.524 Y44.811 E.02043
G1 X61.029 Y45.017 E.11884
M204 S10000
G1 E-.8 F1800
G1 X60.546 Y52.635 Z32 F7200
G1 X60.512 Y53.164 Z32
G1 Z31.6
G1 E.8 F1800
M204 S500
;WIDTH:0.482056
G1 F996
G1 X60.401 Y53.134 E.00419
;WIDTH:0.514113
G1 X60.29 Y53.105 E.0045
;WIDTH:0.541324
G1 X59.876 Y52.339 E.03606
;WIDTH:0.564885
G1 X59.531 Y51.597 E.03553
;WIDTH:0.588352
G1 X59.229 Y50.836 E.03713
;WIDTH:0.59988
G1 X58.773 Y49.527 E.06422
;WIDTH:0.591725
G1 X58.469 Y48.54 E.0471
;WIDTH:0.566138
G1 X58.284 Y47.76 E.0349
;WIDTH:0.541587
G1 X58.146 Y46.987 E.03255
;WIDTH:0.522296
G1 X58.128 Y46.87 E.00472
;WIDTH:0.515836
G1 X58.221 Y46.772 E.00532
;WIDTH:0.482918
G1 X58.313 Y46.673 E.00495
;WIDTH:0.449999
G1 X59.978 Y46.406 E.05706
G1 X60.069 Y46.414 E.00309
G1 X60.186 Y46.551 E.0061
G1 X60.325 Y47.283 E.02521
G1 X60.495 Y47.959 E.02358
G1 X60.705 Y48.626 E.02369
G1 X61.155 Y49.923 E.04646
G1 X61.476 Y50.787 E.03119
G1 X61.76 Y51.422 E.02355
G1 X62.104 Y52.083 E.02521
G1 X62.096 Y52.289 E.007
G1 X60.547 Y53.145 E.05989
M204 S10000
G1 E-.8 F1800
G1 X62.542 Y51.92 Z32 F7200
G1 Z31.6
G1 E.8 F1800
M204 S1500
;TYPE:Inner wall
;WIDTH:0.525708
G1 F996
G1 X62.514 Y51.869 E.00234
;WIDTH:0.518212
G1 X62.334 Y51.55 E.01448
;WIDTH:0.492142
G1 X62.153 Y51.232 E.01368
;WIDTH:0.466072
G1 X61.857 Y50.63 E.02358
;WIDTH:0.417252
G1 X61.687 Y50.212 E.01407
;WIDTH:0.38917
G1 X61.516 Y49.793 E.01302
;WIDTH:0.361088
G1 X61.314 Y49.236 E.01568
;WIDTH:0.373768
G1 X61.06 Y48.453 E.02266
;WIDTH:0.41897
G1 X60.881 Y47.801 E.02114
;WIDTH:0.444707
G1 X60.802 Y47.415 E.01314
;WIDTH:0.470444
G1 X60.724 Y47.03 E.01398
;WIDTH:0.495864
G1 X60.683 Y46.747 E.01076
;WIDTH:0.521284
G1 X60.642 Y46.464 E.01137
M204 S10000
G1 E-.8 F1800
G1 X58.427 Y45.705 Z32 F7200
G1 Z31.6
G1 E.8 F1800
M204 S500
;TYPE:Internal solid infill
;WIDTH:0.541214
G1 F996
G1 X58.364 Y45.705 E.00258
G1 X58.333 Y45.759 E.00258
G1 X58.364 Y45.812 E.00258
G1 X58.427 Y45.812 E.00258
G1 X58.438 Y45.793 E.00092
M204 S10000
G1 E-.8 F1800
G1 X60.962 Y52.996 Z32 F7200
G1 X61.229 Y53.761 Z32
G1 Z31.6
G1 E.8 F1800
M204 S500
;WIDTH:0.55263
G1 F996
G1 X61.166 Y53.761 E.0027
G1 X61.134 Y53.816 E.0027
G1 X61.166 Y53.871 E.0027
G1 X61.229 Y53.871 E.0027
G1 X61.241 Y53.85 E.00101
; stop printing object magic-spinning-top.stl id:730144440329 copy 0
;LAYER_CHANGE
;Z:31.8
;HEIGHT:0.199999
G92 E0
;_SET_FAN_SPEED_CHANGING_LAYER
; printing object magic-spinning-top.stl id:730144440329 copy 0
M204 S10000
G1 E-.8 F1800
G1 X60.64 Y46.465 Z32.2 F7200
G1 Z31.8
M73 P96 R0
G1 E.8 F1800
M204 S1500
;TYPE:Inner wall
;WIDTH:0.533318
G1 F996
G1 X60.603 Y46.322 E.00602
;WIDTH:0.558758
G1 X60.233 Y45.96 E.02218
G1 X59.903 Y45.94 E.01419
;WIDTH:0.536647
G1 X58.998 Y46.113 E.03783
;WIDTH:0.493323
G1 X58.093 Y46.286 E.03451
;WIDTH:0.449999
G1 X57.976 Y46.487 E.00785
G1 X57.943 Y45.767 E.02438
G1 X57.939 Y45.264 E.01702
G1 X58.433 Y45.294 E.01675
;WIDTH:0.493323
G1 X59.05 Y45.348 E.02319
;WIDTH:0.536647
G1 X59.666 Y45.403 E.02542
;WIDTH:0.558758
G1 X60.574 Y45.474 E.03903
G1 X60.579 Y45.708 E.01001
G1 X60.637 Y46.425 E.03086
M204 S10000
G1 E-.8 F1800
G1 X60.426 Y53.525 Z32.2 F7200
G1 Z31.8
G1 E.8 F1800
M204 S1500
;WIDTH:0.449999
G1 F996
G1 X60.612 Y53.581 E.00659
G1 X60.973 Y53.405 E.01358
;WIDTH:0.483496
G1 X61.403 Y53.185 E.01771
;WIDTH:0.516992
G1 X61.833 Y52.964 E.01906
;WIDTH:0.550488
G1 X62.264 Y52.744 E.0204
;WIDTH:0.558758
G1 X62.507 Y52.517 E.01426
G1 X62.585 Y52.046 E.0205
;WIDTH:0.536864
G1 X62.542 Y51.92 E.00544
G1 X62.609 Y52.035 E.00546
;WIDTH:0.558758
G1 X63.075 Y52.688 E.03441
G1 X62.556 Y53.155 E.02996
;WIDTH:0.550488
G1 X62.086 Y53.603 E.02739
;WIDTH:0.516992
G1 X61.616 Y54.05 E.02558
;WIDTH:0.483496
G1 X61.146 Y54.498 E.02377
;WIDTH:0.449999
G1 X60.828 Y54.087 E.0176
G1 X60.449 Y53.558 E.02203
M204 S10000
G1 E-.8 F1800
G1 X61.001 Y45.945 Z32.2 F7200
G1 X61.069 Y45.02 Z32.2
G1 Z31.8
G1 E.8 F1800
M204 S500
;TYPE:Outer wall
G1 F996
G1 X61.062 Y45.689 E.02265
G1 X61.1 Y46.416 E.02467
G1 X61.182 Y47.115 E.02379
G1 X61.293 Y47.75 E.02184
G1 X61.447 Y48.39 E.02228
G1 X61.677 Y49.139 E.0265
G1 X61.937 Y49.817 E.0246
G1 X62.241 Y50.477 E.0246
G1 X62.599 Y51.137 E.0254
G1 X62.991 Y51.758 E.02486
G1 X63.423 Y52.352 E.02486
G1 X63.745 Y52.739 E.01704
G1 X61.091 Y55.097 E.12019
G1 X60.693 Y54.622 E.02098
G1 X60.198 Y53.959 E.02803
;WIDTH:0.487124
G1 X59.968 Y53.576 E.0165
;WIDTH:0.524249
G1 X59.739 Y53.192 E.01788
;WIDTH:0.544582
G1 X59.362 Y52.529 E.03183
;WIDTH:0.566059
G1 X59.001 Y51.8 E.03537
;WIDTH:0.588608
G1 X58.673 Y51.03 E.03798
;WIDTH:0.59988
G1 X58.389 Y50.264 E.03786
G1 X58.136 Y49.476 E.03833
;WIDTH:0.590695
G1 X57.914 Y48.649 E.039
;WIDTH:0.564858
G1 X57.743 Y47.816 E.03687
;WIDTH:0.541566
G1 X57.614 Y46.912 E.03787
;WIDTH:0.515836
G1 X57.57 Y46.577 E.01328
;WIDTH:0.482918
G1 X57.526 Y46.243 E.01235
;WIDTH:0.449999
G1 X57.505 Y45.414 E.02805
G1 X57.524 Y44.811 E.02043
G1 X61.029 Y45.017 E.11884
M204 S10000
G1 E-.8 F1800
G1 X60.546 Y52.635 Z32.2 F7200
G1 X60.512 Y53.164 Z32.2
G1 Z31.8
G1 E.8 F1800
M204 S500
;WIDTH:0.482188
G1 F996
G1 X60.401 Y53.134 E.00419
;WIDTH:0.514376
G1 X60.29 Y53.105 E.0045
;WIDTH:0.541343
G1 X59.876 Y52.339 E.03607
;WIDTH:0.564868
G1 X59.531 Y51.597 E.03553
;WIDTH:0.588344
G1 X59.229 Y50.836 E.03713
;WIDTH:0.59988
G1 X58.761 Y49.492 E.06592
;WIDTH:0.591213
G1 X58.469 Y48.54 E.04539
;WIDTH:0.566142
G1 X58.284 Y47.762 E.03481
;WIDTH:0.541566
G1 X58.146 Y46.987 E.03262
;WIDTH:0.522295
G1 X58.128 Y46.87 E.00472
;WIDTH:0.515836
G1 X58.221 Y46.772 E.00532
;WIDTH:0.482918
G1 X58.313 Y46.673 E.00495
;WIDTH:0.449999
G1 X59.978 Y46.406 E.05706
G1 X60.069 Y46.414 E.00309
G1 X60.186 Y46.551 E.0061
G1 X60.325 Y47.283 E.02521
G1 X60.495 Y47.959 E.02358
G1 X60.705 Y48.626 E.02369
G1 X61.167 Y49.957 E.0477
G1 X61.476 Y50.787 E.02995
G1 X61.76 Y51.422 E.02355
G1 X62.104 Y52.083 E.02521
G1 X62.096 Y52.289 E.007
G1 X60.547 Y53.145 E.05989
M204 S10000
G1 E-.8 F1800
G1 X62.542 Y51.92 Z32.2 F7200
G1 Z31.8
G1 E.8 F1800
M204 S1500
;TYPE:Inner wall
;WIDTH:0.52571
G1 F996
G1 X62.514 Y51.869 E.00234
;WIDTH:0.518212
G1 X62.334 Y51.55 E.01448
;WIDTH:0.492134
G1 X62.153 Y51.232 E.01368
;WIDTH:0.466056
G1 X61.857 Y50.63 E.02359
;WIDTH:0.41733
G1 X61.693 Y50.229 E.01351
;WIDTH:0.389817
G1 X61.529 Y49.827 E.01251
;WIDTH:0.362304
G1 X61.314 Y49.236 E.01669
;WIDTH:0.373088
G1 X61.063 Y48.463 E.02232
;WIDTH:0.419092
G1 X60.881 Y47.797 E.02159
;WIDTH:0.444623
G1 X60.802 Y47.415 E.01302
;WIDTH:0.470154
G1 X60.724 Y47.033 E.01385
;WIDTH:0.518212
G1 X60.64 Y46.465 E.02272
M204 S10000
G1 E-.8 F1800
G1 X58.427 Y45.705 Z32.2 F7200
G1 Z31.8
G1 E.8 F1800
M204 S500
;TYPE:Internal solid infill
;WIDTH:0.541214
G1 F996
G1 X58.364 Y45.705 E.00258
G1 X58.333 Y45.759 E.00258
G1 X58.364 Y45.812 E.00258
G1 X58.427 Y45.812 E.00258
G1 X58.438 Y45.793 E.00092
M204 S10000
G1 E-.8 F1800
G1 X60.962 Y52.996 Z32.2 F7200
G1 X61.229 Y53.761 Z32.2
G1 Z31.8
G1 E.8 F1800
M204 S500
;WIDTH:0.552636
G1 F996
G1 X61.166 Y53.761 E.0027
G1 X61.134 Y53.816 E.0027
G1 X61.166 Y53.871 E.0027
G1 X61.229 Y53.871 E.0027
G1 X61.241 Y53.85 E.00101
; stop printing object magic-spinning-top.stl id:730144440329 copy 0
;LAYER_CHANGE
;Z:32
;HEIGHT:0.200001
G92 E0
;_SET_FAN_SPEED_CHANGING_LAYER
; printing object magic-spinning-top.stl id:730144440329 copy 0
M204 S10000
G1 E-.8 F1800
G1 X60.641 Y46.465 Z32.4 F7200
G1 Z32
G1 E.8 F1800
M204 S1500
;TYPE:Inner wall
;WIDTH:0.539064
G1 F996
G1 X60.587 Y46.281 E.00792
;WIDTH:0.558758
G1 X60.233 Y45.96 E.02045
G1 X59.903 Y45.94 E.01419
;WIDTH:0.536647
G1 X58.998 Y46.113 E.03783
;WIDTH:0.493323
G1 X58.093 Y46.286 E.03451
;WIDTH:0.449999
G1 X57.976 Y46.487 E.00785
G1 X57.943 Y45.767 E.02438
G1 X57.939 Y45.264 E.01702
G1 X58.433 Y45.294 E.01675
;WIDTH:0.493323
G1 X59.05 Y45.348 E.02319
;WIDTH:0.536647
G1 X59.666 Y45.403 E.02543
;WIDTH:0.558758
G1 X60.574 Y45.474 E.03903
G1 X60.579 Y45.708 E.01001
G1 X60.638 Y46.425 E.03086
M204 S10000
G1 E-.8 F1800
G1 X60.425 Y53.525 Z32.4 F7200
G1 Z32
G1 E.8 F1800
M204 S1500
;WIDTH:0.449999
G1 F996
G1 X60.612 Y53.581 E.00659
G1 X60.973 Y53.405 E.01359
;WIDTH:0.483496
G1 X61.403 Y53.185 E.01771
;WIDTH:0.516992
G1 X61.833 Y52.964 E.01906
;WIDTH:0.550488
G1 X62.264 Y52.744 E.0204
;WIDTH:0.558759
G1 X62.507 Y52.517 E.01426
G1 X62.585 Y52.046 E.0205
;WIDTH:0.536864
G1 X62.542 Y51.92 E.00544
G1 X62.609 Y52.035 E.00546
;WIDTH:0.558759
G1 X63.075 Y52.688 E.03441
G1 X62.556 Y53.155 E.02996
;WIDTH:0.550488
G1 X62.086 Y53.603 E.02739
;WIDTH:0.516992
G1 X61.616 Y54.05 E.02558
;WIDTH:0.483496
G1 X61.146 Y54.498 E.02377
;WIDTH:0.449999
G1 X60.828 Y54.087 E.0176
G1 X60.449 Y53.558 E.02203
M204 S10000
G1 E-.8 F1800
G1 X61.001 Y45.945 Z32.4 F7200
G1 X61.069 Y45.02 Z32.4
G1 Z32
G1 E.8 F1800
M204 S500
;TYPE:Outer wall
G1 F996
G1 X61.062 Y45.689 E.02265
G1 X61.102 Y46.418 E.02472
G1 X61.182 Y47.115 E.02374
G1 X61.293 Y47.75 E.02183
G1 X61.46 Y48.444 E.02416
G1 X61.677 Y49.139 E.02465
G1 X61.938 Y49.818 E.02465
G1 X62.242 Y50.48 E.02465
G1 X62.599 Y51.137 E.0253
G1 X62.991 Y51.758 E.02486
G1 X63.423 Y52.352 E.02486
G1 X63.745 Y52.739 E.01704
G1 X61.091 Y55.097 E.12019
G1 X60.693 Y54.622 E.02098
G1 X60.198 Y53.959 E.02802
;WIDTH:0.48693
G1 X59.972 Y53.582 E.01623
;WIDTH:0.52386
G1 X59.746 Y53.205 E.01758
;WIDTH:0.544511
G1 X59.363 Y52.53 E.03235
;WIDTH:0.566077
G1 X59.001 Y51.8 E.03545
;WIDTH:0.588616
G1 X58.673 Y51.03 E.03798
;WIDTH:0.59988
G1 X58.389 Y50.264 E.03786
G1 X58.136 Y49.476 E.0383
;WIDTH:0.590338
G1 X57.914 Y48.649 E.039
;WIDTH:0.564844
G1 X57.743 Y47.816 E.03687
;WIDTH:0.541543
G1 X57.614 Y46.912 E.03787
;WIDTH:0.515836
G1 X57.57 Y46.577 E.01328
;WIDTH:0.482918
G1 X57.526 Y46.243 E.01235
;WIDTH:0.449999
G1 X57.505 Y45.414 E.02805
G1 X57.524 Y44.811 E.02043
G1 X61.029 Y45.017 E.11884
M204 S10000
G1 E-.8 F1800
G1 X60.545 Y52.635 Z32.4 F7200
G1 X60.512 Y53.164 Z32.4
G1 Z32
G1 E.8 F1800
M204 S500
;WIDTH:0.482323
G1 F996
G1 X60.401 Y53.135 E.00419
;WIDTH:0.514646
G1 X60.29 Y53.105 E.0045
;WIDTH:0.541366
G1 X59.876 Y52.339 E.03608
;WIDTH:0.564853
G1 X59.531 Y51.597 E.03553
;WIDTH:0.588337
G1 X59.229 Y50.837 E.03712
;WIDTH:0.59988
G1 X58.749 Y49.457 E.06762
;WIDTH:0.590704
G1 X58.469 Y48.54 E.04369
;WIDTH:0.566146
G1 X58.284 Y47.763 E.03473
;WIDTH:0.541543
G1 X58.146 Y46.987 E.03269
;WIDTH:0.522293
G1 X58.128 Y46.87 E.00472
;WIDTH:0.515836
G1 X58.221 Y46.772 E.00532
;WIDTH:0.482918
G1 X58.313 Y46.673 E.00495
;WIDTH:0.449999
G1 X59.978 Y46.406 E.05706
G1 X60.069 Y46.414 E.00309
G1 X60.186 Y46.551 E.0061
G1 X60.325 Y47.283 E.02521
G1 X60.495 Y47.959 E.02358
G1 X60.705 Y48.626 E.02369
G1 X61.179 Y49.992 E.04894
G1 X61.476 Y50.786 E.02871
G1 X61.76 Y51.422 E.02356
G1 X62.104 Y52.083 E.02521
G1 X62.096 Y52.289 E.007
G1 X60.547 Y53.145 E.05989
M204 S10000
G1 E-.8 F1800
G1 X62.542 Y51.92 Z32.4 F7200
G1 Z32
G1 E.8 F1800
M204 S1500
;TYPE:Inner wall
;WIDTH:0.52571
G1 F996
G1 X62.514 Y51.869 E.00234
;WIDTH:0.518212
G1 X62.334 Y51.55 E.01448
;WIDTH:0.492124
G1 X62.153 Y51.232 E.01368
;WIDTH:0.466036
G1 X61.857 Y50.63 E.0236
;WIDTH:0.417406
G1 X61.699 Y50.246 E.01294
;WIDTH:0.390466
G1 X61.541 Y49.861 E.012
;WIDTH:0.363526
G1 X61.315 Y49.239 E.01766
;WIDTH:0.370772
G1 X61.074 Y48.504 E.02108
;WIDTH:0.419212
G1 X60.88 Y47.794 E.02302
;WIDTH:0.444782
G1 X60.802 Y47.413 E.01302
;WIDTH:0.470352
G1 X60.724 Y47.031 E.01384
;WIDTH:0.52033
G1 X60.641 Y46.465 E.02273
M204 S10000
G1 E-.8 F1800
G1 X58.427 Y45.705 Z32.4 F7200
G1 Z32
G1 E.8 F1800
M204 S500
;TYPE:Internal solid infill
;WIDTH:0.541214
G1 F996
G1 X58.364 Y45.705 E.00258
G1 X58.333 Y45.759 E.00258
G1 X58.364 Y45.812 E.00258
G1 X58.427 Y45.812 E.00258
G1 X58.438 Y45.793 E.00092
M204 S10000
G1 E-.8 F1800
G1 X60.962 Y52.996 Z32.4 F7200
G1 X61.229 Y53.761 Z32.4
G1 Z32
G1 E.8 F1800
M204 S500
;WIDTH:0.552648
G1 F996
G1 X61.166 Y53.761 E.0027
G1 X61.134 Y53.816 E.0027
G1 X61.166 Y53.871 E.0027
G1 X61.229 Y53.871 E.0027
G1 X61.241 Y53.85 E.00101
; stop printing object magic-spinning-top.stl id:730144440329 copy 0
;LAYER_CHANGE
;Z:32.2
;HEIGHT:0.200001
G92 E0
;_SET_FAN_SPEED_CHANGING_LAYER
; printing object magic-spinning-top.stl id:730144440329 copy 0
M204 S10000
G1 E-.8 F1800
G1 X60.64 Y46.465 Z32.6 F7200
G1 Z32.2
G1 E.8 F1800
M204 S1500
;TYPE:Inner wall
;WIDTH:0.533322
G1 F996
G1 X60.603 Y46.322 E.00602
;WIDTH:0.558759
G1 X60.233 Y45.96 E.02218
G1 X59.903 Y45.94 E.01419
;WIDTH:0.536648
G1 X58.998 Y46.113 E.03783
;WIDTH:0.493324
G1 X58.093 Y46.286 E.03451
;WIDTH:0.449999
G1 X57.976 Y46.487 E.00785
G1 X57.943 Y45.767 E.02438
G1 X57.939 Y45.264 E.01702
G1 X58.433 Y45.294 E.01675
;WIDTH:0.493324
G1 X59.05 Y45.348 E.02319
;WIDTH:0.536648
G1 X59.666 Y45.403 E.02542
;WIDTH:0.558759
G1 X60.574 Y45.474 E.03903
G1 X60.579 Y45.708 E.01001
G1 X60.637 Y46.425 E.03086
M73 P97 R0
M204 S10000
G1 E-.8 F1800
G1 X60.425 Y53.525 Z32.6 F7200
G1 Z32.2
G1 E.8 F1800
M204 S1500
;WIDTH:0.449999
G1 F996
G1 X60.612 Y53.581 E.00658
G1 X60.973 Y53.405 E.0136
;WIDTH:0.483496
G1 X61.403 Y53.185 E.01771
;WIDTH:0.516992
G1 X61.833 Y52.964 E.01906
;WIDTH:0.550488
G1 X62.264 Y52.744 E.0204
;WIDTH:0.558758
G1 X62.507 Y52.517 E.01426
G1 X62.585 Y52.046 E.0205
;WIDTH:0.536864
G1 X62.542 Y51.92 E.00544
G1 X62.609 Y52.035 E.00546
;WIDTH:0.558758
G1 X63.075 Y52.688 E.03441
G1 X62.556 Y53.155 E.02996
;WIDTH:0.550488
G1 X62.086 Y53.603 E.02739
;WIDTH:0.516992
G1 X61.616 Y54.05 E.02558
;WIDTH:0.483496
G1 X61.146 Y54.498 E.02377
;WIDTH:0.449999
G1 X60.828 Y54.087 E.0176
G1 X60.449 Y53.558 E.02203
M204 S10000
G1 E-.8 F1800
G1 X61.001 Y45.946 Z32.6 F7200
G1 X61.069 Y45.02 Z32.6
G1 Z32.2
G1 E.8 F1800
M204 S500
;TYPE:Outer wall
G1 F996
G1 X61.062 Y45.689 E.02265
G1 X61.1 Y46.416 E.02467
G1 X61.182 Y47.115 E.0238
G1 X61.293 Y47.75 E.02183
G1 X61.45 Y48.404 E.02278
G1 X61.677 Y49.139 E.02603
G1 X61.954 Y49.855 E.02598
G1 X62.244 Y50.483 E.02341
G1 X62.599 Y51.137 E.02519
G1 X62.991 Y51.758 E.02486
G1 X63.423 Y52.352 E.02486
G1 X63.745 Y52.739 E.01704
G1 X61.091 Y55.097 E.12019
G1 X60.693 Y54.622 E.02097
G1 X60.198 Y53.959 E.02802
;WIDTH:0.486733
G1 X59.975 Y53.588 E.01595
;WIDTH:0.523466
G1 X59.753 Y53.218 E.01727
;WIDTH:0.544442
G1 X59.364 Y52.532 E.03288
;WIDTH:0.566107
G1 X59.001 Y51.8 E.03554
;WIDTH:0.588625
G1 X58.673 Y51.03 E.03796
;WIDTH:0.599881
G1 X58.389 Y50.264 E.03786
G1 X58.136 Y49.477 E.03827
;WIDTH:0.58995
G1 X57.914 Y48.649 E.039
;WIDTH:0.56483
G1 X57.743 Y47.816 E.03687
;WIDTH:0.541524
G1 X57.614 Y46.912 E.03787
;WIDTH:0.515835
G1 X57.57 Y46.577 E.01328
;WIDTH:0.482917
G1 X57.526 Y46.243 E.01235
;WIDTH:0.449999
G1 X57.505 Y45.414 E.02805
G1 X57.524 Y44.811 E.02043
G1 X61.029 Y45.017 E.11884
M204 S10000
G1 E-.8 F1800
G1 X60.545 Y52.635 Z32.6 F7200
G1 X60.512 Y53.164 Z32.6
G1 Z32.2
G1 E.8 F1800
M204 S500
;WIDTH:0.482464
G1 F996
G1 X60.401 Y53.135 E.00419
;WIDTH:0.514929
G1 X60.29 Y53.105 E.0045
;WIDTH:0.541388
G1 X59.876 Y52.339 E.03609
;WIDTH:0.564836
G1 X59.531 Y51.597 E.03552
;WIDTH:0.58833
G1 X59.229 Y50.836 E.03712
;WIDTH:0.599881
G1 X58.737 Y49.423 E.06932
;WIDTH:0.590195
G1 X58.469 Y48.54 E.04199
;WIDTH:0.566149
G1 X58.285 Y47.765 E.03464
;WIDTH:0.541524
G1 X58.146 Y46.987 E.03276
;WIDTH:0.522295
G1 X58.128 Y46.87 E.00472
;WIDTH:0.515835
G1 X58.221 Y46.772 E.00532
;WIDTH:0.482917
G1 X58.313 Y46.673 E.00495
;WIDTH:0.449999
G1 X59.978 Y46.406 E.05706
G1 X60.069 Y46.414 E.00309
G1 X60.186 Y46.551 E.0061
G1 X60.325 Y47.283 E.02521
G1 X60.495 Y47.959 E.02358
G1 X60.705 Y48.626 E.02369
G1 X61.227 Y50.132 E.05394
G1 X61.475 Y50.786 E.02369
G1 X61.76 Y51.422 E.02358
G1 X62.104 Y52.083 E.02521
G1 X62.096 Y52.289 E.007
G1 X60.547 Y53.145 E.05989
M204 S10000
G1 E-.8 F1800
G1 X62.542 Y51.92 Z32.6 F7200
G1 Z32.2
G1 E.8 F1800
M204 S1500
;TYPE:Inner wall
;WIDTH:0.52571
G1 F996
G1 X62.514 Y51.869 E.00234
;WIDTH:0.518214
G1 X62.334 Y51.55 E.01448
;WIDTH:0.492115
G1 X62.153 Y51.232 E.01368
;WIDTH:0.466016
G1 X61.857 Y50.628 E.02365
;WIDTH:0.417462
G1 X61.587 Y49.984 E.02174
;WIDTH:0.369924
G1 X61.314 Y49.237 E.02163
;WIDTH:0.371732
G1 X61.069 Y48.484 E.02166
;WIDTH:0.419336
G1 X60.879 Y47.791 E.02249
;WIDTH:0.444747
G1 X60.802 Y47.412 E.01292
;WIDTH:0.470158
G1 X60.724 Y47.033 E.01374
;WIDTH:0.518218
G1 X60.64 Y46.465 E.02272
M204 S10000
G1 E-.8 F1800
G1 X58.427 Y45.705 Z32.6 F7200
G1 Z32.2
G1 E.8 F1800
M204 S500
;TYPE:Internal solid infill
;WIDTH:0.541212
G1 F996
G1 X58.364 Y45.705 E.00258
G1 X58.333 Y45.759 E.00258
G1 X58.364 Y45.812 E.00258
G1 X58.427 Y45.812 E.00258
G1 X58.438 Y45.793 E.00092
M204 S10000
G1 E-.8 F1800
G1 X60.962 Y52.996 Z32.6 F7200
G1 X61.229 Y53.761 Z32.6
G1 Z32.2
G1 E.8 F1800
M204 S500
;WIDTH:0.552656
G1 F996
G1 X61.166 Y53.761 E.0027
G1 X61.134 Y53.816 E.0027
G1 X61.166 Y53.871 E.0027
G1 X61.229 Y53.871 E.0027
G1 X61.241 Y53.85 E.00101
; stop printing object magic-spinning-top.stl id:730144440329 copy 0
;LAYER_CHANGE
;Z:32.4
;HEIGHT:0.200001
G92 E0
;_SET_FAN_SPEED_CHANGING_LAYER
; printing object magic-spinning-top.stl id:730144440329 copy 0
M204 S10000
G1 E-.8 F1800
G1 X60.641 Y46.465 Z32.8 F7200
G1 Z32.4
G1 E.8 F1800
M204 S1500
;TYPE:Inner wall
;WIDTH:0.536295
G1 F996
G1 X60.595 Y46.301 E.00698
;WIDTH:0.558757
G1 X60.233 Y45.96 E.02131
G1 X59.903 Y45.94 E.01419
;WIDTH:0.536647
G1 X58.998 Y46.113 E.03783
;WIDTH:0.493323
G1 X58.093 Y46.286 E.03451
;WIDTH:0.449999
G1 X57.976 Y46.487 E.00785
G1 X57.943 Y45.767 E.02438
G1 X57.939 Y45.264 E.01702
G1 X58.433 Y45.294 E.01675
;WIDTH:0.493323
G1 X59.05 Y45.348 E.02319
;WIDTH:0.536647
G1 X59.666 Y45.403 E.02542
;WIDTH:0.558757
G1 X60.574 Y45.474 E.03903
G1 X60.579 Y45.708 E.01001
G1 X60.637 Y46.425 E.03086
M204 S10000
G1 E-.8 F1800
G1 X60.425 Y53.526 Z32.8 F7200
G1 Z32.4
G1 E.8 F1800
M204 S1500
;WIDTH:0.449999
G1 F996
G1 X60.611 Y53.581 E.00658
G1 X60.973 Y53.405 E.01361
;WIDTH:0.483496
G1 X61.403 Y53.185 E.01771
;WIDTH:0.516992
G1 X61.833 Y52.964 E.01906
;WIDTH:0.550488
G1 X62.264 Y52.744 E.0204
;WIDTH:0.558759
G1 X62.507 Y52.517 E.01426
G1 X62.585 Y52.046 E.0205
;WIDTH:0.536862
G1 X62.542 Y51.92 E.00544
G1 X62.609 Y52.035 E.00546
;WIDTH:0.558759
G1 X63.075 Y52.688 E.03441
G1 X62.556 Y53.155 E.02996
;WIDTH:0.550488
G1 X62.086 Y53.603 E.02739
;WIDTH:0.516992
G1 X61.616 Y54.05 E.02558
;WIDTH:0.483496
G1 X61.146 Y54.498 E.02377
;WIDTH:0.449999
G1 X60.828 Y54.087 E.0176
G1 X60.448 Y53.558 E.02203
M204 S10000
G1 E-.8 F1800
G1 X61.001 Y45.946 Z32.8 F7200
G1 X61.069 Y45.02 Z32.8
G1 Z32.4
G1 E.8 F1800
M204 S500
;TYPE:Outer wall
G1 F996
G1 X61.062 Y45.689 E.02265
G1 X61.101 Y46.417 E.02469
G1 X61.182 Y47.115 E.02377
G1 X61.293 Y47.75 E.02183
G1 X61.453 Y48.415 E.02316
G1 X61.677 Y49.139 E.02564
G1 X61.949 Y49.845 E.02561
G1 X62.245 Y50.486 E.02389
G1 X62.599 Y51.137 E.02508
G1 X62.991 Y51.758 E.02486
G1 X63.423 Y52.352 E.02486
G1 X63.745 Y52.739 E.01704
G1 X61.091 Y55.097 E.12019
G1 X60.693 Y54.622 E.02097
G1 X60.198 Y53.959 E.02801
;WIDTH:0.486542
G1 X59.979 Y53.595 E.01569
;WIDTH:0.523084
G1 X59.76 Y53.23 E.01698
;WIDTH:0.544373
G1 X59.365 Y52.533 E.0334
;WIDTH:0.566158
G1 X59.001 Y51.799 E.03568
;WIDTH:0.588633
G1 X58.673 Y51.03 E.03791
;WIDTH:0.59988
G1 X58.389 Y50.264 E.03786
G1 X58.136 Y49.478 E.03824
;WIDTH:0.589526
G1 X57.914 Y48.649 E.039
;WIDTH:0.564814
G1 X57.743 Y47.816 E.03687
;WIDTH:0.541503
G1 X57.614 Y46.912 E.03787
;WIDTH:0.515837
G1 X57.57 Y46.577 E.01328
;WIDTH:0.482918
G1 X57.526 Y46.243 E.01235
;WIDTH:0.449999
G1 X57.505 Y45.414 E.02805
G1 X57.524 Y44.811 E.02043
G1 X61.029 Y45.017 E.11884
M204 S10000
G1 E-.8 F1800
G1 X60.545 Y52.635 Z32.8 F7200
G1 X60.512 Y53.164 Z32.8
G1 Z32.4
G1 E.8 F1800
M204 S500
;WIDTH:0.482606
G1 F996
G1 X60.401 Y53.135 E.00419
;WIDTH:0.515213
G1 X60.29 Y53.105 E.0045
;WIDTH:0.541412
G1 X59.876 Y52.339 E.0361
;WIDTH:0.564821
G1 X59.531 Y51.597 E.03552
;WIDTH:0.588323
G1 X59.229 Y50.836 E.03712
;WIDTH:0.59988
G1 X58.725 Y49.388 E.07103
;WIDTH:0.589684
G1 X58.469 Y48.54 E.04028
;WIDTH:0.566157
G1 X58.285 Y47.767 E.03456
;WIDTH:0.541503
G1 X58.146 Y46.987 E.03284
;WIDTH:0.522295
G1 X58.128 Y46.87 E.00472
;WIDTH:0.515837
G1 X58.221 Y46.772 E.00532
;WIDTH:0.482918
G1 X58.313 Y46.673 E.00495
;WIDTH:0.449999
G1 X59.978 Y46.406 E.05706
G1 X60.069 Y46.414 E.00309
G1 X60.186 Y46.551 E.0061
G1 X60.325 Y47.283 E.02521
G1 X60.495 Y47.959 E.02358
G1 X60.705 Y48.626 E.02369
G1 X61.227 Y50.132 E.05394
G1 X61.475 Y50.786 E.02369
G1 X61.76 Y51.422 E.02358
G1 X62.104 Y52.083 E.02521
G1 X62.096 Y52.289 E.007
G1 X60.547 Y53.145 E.0599
M204 S10000
G1 E-.8 F1800
G1 X62.542 Y51.92 Z32.8 F7200
G1 Z32.4
G1 E.8 F1800
M204 S1500
;TYPE:Inner wall
;WIDTH:0.525708
G1 F996
G1 X62.514 Y51.869 E.00234
;WIDTH:0.518212
G1 X62.334 Y51.55 E.01448
;WIDTH:0.492105
G1 X62.153 Y51.232 E.01368
;WIDTH:0.465998
G1 X61.857 Y50.628 E.02365
;WIDTH:0.41754
G1 X61.583 Y49.974 E.0221
;WIDTH:0.368912
G1 X61.314 Y49.238 E.02124
;WIDTH:0.37105
G1 X61.072 Y48.495 E.02132
;WIDTH:0.419458
G1 X60.878 Y47.788 E.02294
;WIDTH:0.444857
G1 X60.801 Y47.41 E.01289
;WIDTH:0.470256
G1 X60.724 Y47.032 E.01371
;WIDTH:0.51931
G1 X60.641 Y46.465 E.02272
M204 S10000
G1 E-.8 F1800
G1 X58.427 Y45.705 Z32.8 F7200
G1 Z32.4
G1 E.8 F1800
M204 S500
;TYPE:Internal solid infill
;WIDTH:0.541214
G1 F996
G1 X58.364 Y45.705 E.00258
G1 X58.333 Y45.759 E.00258
G1 X58.364 Y45.812 E.00258
G1 X58.427 Y45.812 E.00258
G1 X58.438 Y45.793 E.00092
M204 S10000
G1 E-.8 F1800
G1 X60.962 Y52.996 Z32.8 F7200
G1 X61.229 Y53.761 Z32.8
G1 Z32.4
G1 E.8 F1800
M204 S500
;WIDTH:0.552664
G1 F996
G1 X61.166 Y53.761 E.0027
G1 X61.134 Y53.816 E.0027
G1 X61.166 Y53.871 E.0027
G1 X61.229 Y53.871 E.0027
G1 X61.241 Y53.85 E.00101
; stop printing object magic-spinning-top.stl id:730144440329 copy 0
;LAYER_CHANGE
;Z:32.6
;HEIGHT:0.199997
G92 E0
;_SET_FAN_SPEED_CHANGING_LAYER
; printing object magic-spinning-top.stl id:730144440329 copy 0
M204 S10000
G1 E-.8 F1800
G1 X60.64 Y46.465 Z33 F7200
G1 Z32.6
G1 E.8 F1800
M204 S1500
;TYPE:Inner wall
;WIDTH:0.533319
G1 F996
G1 X60.603 Y46.322 E.00602
;WIDTH:0.558758
G1 X60.233 Y45.96 E.02218
G1 X59.903 Y45.94 E.01419
;WIDTH:0.536648
G1 X58.998 Y46.113 E.03783
;WIDTH:0.493324
G1 X58.093 Y46.286 E.03451
;WIDTH:0.449999
G1 X57.976 Y46.487 E.00785
G1 X57.943 Y45.767 E.02438
G1 X57.939 Y45.264 E.01702
G1 X58.433 Y45.294 E.01675
;WIDTH:0.493324
G1 X59.05 Y45.348 E.02319
;WIDTH:0.536648
G1 X59.666 Y45.403 E.02542
;WIDTH:0.558758
G1 X60.574 Y45.474 E.03903
G1 X60.579 Y45.708 E.01001
G1 X60.637 Y46.425 E.03086
M204 S10000
G1 E-.8 F1800
G1 X60.425 Y53.526 Z33 F7200
G1 Z32.6
G1 E.8 F1800
M204 S1500
;WIDTH:0.449999
G1 F996
G1 X60.611 Y53.581 E.00657
G1 X60.973 Y53.405 E.01363
;WIDTH:0.483496
G1 X61.403 Y53.185 E.01771
;WIDTH:0.516992
G1 X61.833 Y52.964 E.01906
;WIDTH:0.550488
G1 X62.264 Y52.744 E.0204
;WIDTH:0.558759
G1 X62.507 Y52.517 E.01426
G1 X62.585 Y52.046 E.0205
;WIDTH:0.536866
G1 X62.542 Y51.92 E.00544
G1 X62.609 Y52.035 E.00546
M73 P98 R0
;WIDTH:0.558759
G1 X63.075 Y52.688 E.03441
G1 X62.556 Y53.155 E.02996
;WIDTH:0.550488
G1 X62.086 Y53.603 E.02739
;WIDTH:0.516992
G1 X61.616 Y54.05 E.02558
;WIDTH:0.483496
G1 X61.146 Y54.498 E.02377
;WIDTH:0.449999
G1 X60.828 Y54.087 E.0176
G1 X60.448 Y53.558 E.02203
M204 S10000
G1 E-.8 F1800
G1 X61.001 Y45.946 Z33 F7200
G1 X61.069 Y45.02 Z33
G1 Z32.6
G1 E.8 F1800
M204 S500
;TYPE:Outer wall
G1 F996
G1 X61.062 Y45.689 E.02265
G1 X61.1 Y46.416 E.02467
G1 X61.182 Y47.115 E.0238
G1 X61.293 Y47.75 E.02183
G1 X61.456 Y48.426 E.02354
G1 X61.677 Y49.139 E.02526
G1 X61.945 Y49.835 E.02524
G1 X62.247 Y50.488 E.02437
G1 X62.599 Y51.137 E.02497
G1 X62.991 Y51.758 E.02486
G1 X63.423 Y52.352 E.02486
G1 X63.745 Y52.739 E.01704
G1 X61.091 Y55.097 E.12019
G1 X60.693 Y54.622 E.02097
G1 X60.198 Y53.959 E.028
;WIDTH:0.486146
G1 X59.986 Y53.607 E.01513
;WIDTH:0.522292
G1 X59.775 Y53.256 E.01637
;WIDTH:0.544137
G1 X59.367 Y52.538 E.03438
;WIDTH:0.566715
G1 X58.993 Y51.782 E.03677
;WIDTH:0.588641
G1 X58.673 Y51.03 E.03706
;WIDTH:0.59988
G1 X58.389 Y50.264 E.03786
G1 X58.134 Y49.471 E.03858
;WIDTH:0.588315
G1 X57.914 Y48.649 E.03859
;WIDTH:0.564803
G1 X57.743 Y47.816 E.03686
;WIDTH:0.541432
G1 X57.614 Y46.912 E.03786
;WIDTH:0.515836
G1 X57.57 Y46.577 E.01328
;WIDTH:0.482918
G1 X57.526 Y46.243 E.01235
;WIDTH:0.449999
G1 X57.505 Y45.414 E.02805
G1 X57.524 Y44.811 E.02043
G1 X61.029 Y45.017 E.11884
M204 S10000
G1 E-.8 F1800
G1 X60.545 Y52.635 Z33 F7200
G1 X60.512 Y53.164 Z33
G1 Z32.6
G1 E.8 F1800
M204 S500
;WIDTH:0.482917
G1 F996
G1 X60.401 Y53.135 E.00419
;WIDTH:0.515835
G1 X60.29 Y53.106 E.0045
;WIDTH:0.541481
G1 X59.876 Y52.339 E.03612
;WIDTH:0.564369
G1 X59.531 Y51.597 E.03549
;WIDTH:0.588315
G1 X59.229 Y50.836 E.03712
;WIDTH:0.59988
G1 X58.701 Y49.317 E.07449
;WIDTH:0.588642
G1 X58.469 Y48.542 E.03672
;WIDTH:0.56621
G1 X58.286 Y47.772 E.03441
;WIDTH:0.541432
G1 X58.146 Y46.987 E.03306
;WIDTH:0.522291
G1 X58.128 Y46.87 E.00471
;WIDTH:0.515836
G1 X58.221 Y46.772 E.00532
;WIDTH:0.482918
G1 X58.313 Y46.673 E.00495
;WIDTH:0.449999
G1 X59.978 Y46.406 E.05706
G1 X60.069 Y46.414 E.00309
G1 X60.186 Y46.551 E.0061
G1 X60.325 Y47.283 E.02521
G1 X60.495 Y47.959 E.02358
G1 X60.705 Y48.626 E.02369
G1 X61.215 Y50.096 E.05265
G1 X61.476 Y50.786 E.02498
G1 X61.76 Y51.422 E.02357
G1 X62.104 Y52.083 E.02521
G1 X62.096 Y52.289 E.007
G1 X60.547 Y53.145 E.0599
M204 S10000
G1 E-.8 F1800
G1 X62.542 Y51.92 Z33 F7200
G1 Z32.6
G1 E.8 F1800
M204 S1500
;TYPE:Inner wall
;WIDTH:0.525712
G1 F996
G1 X62.514 Y51.869 E.00234
;WIDTH:0.518214
G1 X62.334 Y51.55 E.01448
;WIDTH:0.492096
G1 X62.153 Y51.232 E.01368
;WIDTH:0.465978
G1 X61.857 Y50.629 E.02363
;WIDTH:0.417628
G1 X61.579 Y49.963 E.02248
;WIDTH:0.3679
G1 X61.314 Y49.238 E.02085
;WIDTH:0.37047
G1 X61.074 Y48.504 E.02104
;WIDTH:0.41958
G1 X60.878 Y47.785 E.02335
;WIDTH:0.444867
G1 X60.801 Y47.409 E.01282
;WIDTH:0.470154
G1 X60.724 Y47.033 E.01362
;WIDTH:0.518212
G1 X60.64 Y46.465 E.02272
M204 S10000
G1 E-.8 F1800
G1 X58.427 Y45.705 Z33 F7200
G1 Z32.6
G1 E.8 F1800
M204 S500
;TYPE:Internal solid infill
;WIDTH:0.541218
G1 F996
G1 X58.364 Y45.705 E.00258
G1 X58.333 Y45.759 E.00258
G1 X58.364 Y45.812 E.00258
G1 X58.427 Y45.812 E.00258
G1 X58.438 Y45.793 E.00092
M204 S10000
G1 E-.8 F1800
G1 X60.962 Y52.996 Z33 F7200
G1 X61.229 Y53.761 Z33
G1 Z32.6
G1 E.8 F1800
M204 S500
;WIDTH:0.552682
G1 F996
G1 X61.166 Y53.761 E.0027
G1 X61.134 Y53.816 E.0027
G1 X61.166 Y53.871 E.0027
G1 X61.229 Y53.871 E.0027
G1 X61.241 Y53.85 E.00101
; stop printing object magic-spinning-top.stl id:730144440329 copy 0
;LAYER_CHANGE
;Z:32.8
;HEIGHT:0.200001
G92 E0
;_SET_FAN_SPEED_CHANGING_LAYER
; printing object magic-spinning-top.stl id:730144440329 copy 0
M204 S10000
G1 E-.8 F1800
G1 X60.64 Y46.465 Z33.2 F7200
G1 Z32.8
G1 E.8 F1800
M204 S1500
;TYPE:Inner wall
;WIDTH:0.533312
G1 F996
G1 X60.603 Y46.322 E.00602
;WIDTH:0.558735
G1 X60.233 Y45.96 E.02218
G1 X59.903 Y45.94 E.01419
;WIDTH:0.536631
G1 X58.998 Y46.113 E.03783
;WIDTH:0.493315
G1 X58.093 Y46.286 E.03451
;WIDTH:0.449999
G1 X57.976 Y46.487 E.00785
G1 X57.943 Y45.767 E.02438
G1 X57.939 Y45.265 E.01702
G1 X58.433 Y45.294 E.01675
;WIDTH:0.493315
G1 X59.049 Y45.349 E.02317
;WIDTH:0.536631
G1 X59.665 Y45.403 E.0254
;WIDTH:0.558735
G1 X60.574 Y45.474 E.03908
G1 X60.579 Y45.708 E.01001
G1 X60.637 Y46.425 E.03086
M204 S10000
G1 E-.8 F1800
G1 X60.425 Y53.526 Z33.2 F7200
G1 Z32.8
G1 E.8 F1800
M204 S1500
;WIDTH:0.449999
G1 F996
G1 X60.611 Y53.581 E.00659
G1 X60.973 Y53.405 E.01361
;WIDTH:0.483496
G1 X61.403 Y53.185 E.01771
;WIDTH:0.516992
G1 X61.833 Y52.964 E.01906
;WIDTH:0.550488
G1 X62.264 Y52.744 E.0204
;WIDTH:0.558758
G1 X62.507 Y52.517 E.01426
G1 X62.585 Y52.046 E.0205
;WIDTH:0.536864
G1 X62.542 Y51.92 E.00543
G1 X62.609 Y52.035 E.00546
;WIDTH:0.558758
G1 X63.075 Y52.688 E.03441
G1 X62.556 Y53.155 E.02996
;WIDTH:0.550488
G1 X62.086 Y53.603 E.02739
;WIDTH:0.516992
G1 X61.616 Y54.05 E.02558
;WIDTH:0.483496
G1 X61.146 Y54.498 E.02377
;WIDTH:0.449999
G1 X60.828 Y54.087 E.0176
G1 X60.448 Y53.558 E.02204
M204 S10000
G1 E-.8 F1800
G1 X61.001 Y45.946 Z33.2 F7200
G1 X61.069 Y45.02 Z33.2
G1 Z32.8
G1 E.8 F1800
M204 S500
;TYPE:Outer wall
G1 F996
G1 X61.062 Y45.689 E.02265
G1 X61.1 Y46.416 E.02467
G1 X61.182 Y47.115 E.0238
G1 X61.293 Y47.75 E.02182
G1 X61.458 Y48.437 E.02393
G1 X61.677 Y49.139 E.02486
G1 X61.945 Y49.835 E.02525
G1 X62.248 Y50.491 E.02447
G1 X62.599 Y51.136 E.02486
G1 X62.991 Y51.758 E.02487
G1 X63.423 Y52.352 E.02486
G1 X63.745 Y52.739 E.01704
G1 X61.091 Y55.097 E.12019
G1 X60.693 Y54.622 E.02098
G1 X60.198 Y53.96 E.02799
;WIDTH:0.486154
G1 X59.986 Y53.607 E.01515
;WIDTH:0.522308
G1 X59.774 Y53.255 E.01639
;WIDTH:0.544227
G1 X59.367 Y52.537 E.03443
;WIDTH:0.566262
G1 X59 Y51.796 E.03596
;WIDTH:0.588649
G1 X58.673 Y51.03 E.0378
;WIDTH:0.599881
G1 X58.389 Y50.264 E.03786
G1 X58.134 Y49.472 E.03851
;WIDTH:0.588365
G1 X57.914 Y48.649 E.03866
;WIDTH:0.564787
G1 X57.743 Y47.816 E.03686
;WIDTH:0.541459
G1 X57.614 Y46.912 E.03787
;WIDTH:0.515836
G1 X57.57 Y46.577 E.01328
;WIDTH:0.482918
G1 X57.526 Y46.243 E.01235
;WIDTH:0.449999
G1 X57.505 Y45.414 E.02805
G1 X57.524 Y44.811 E.02043
G1 X61.029 Y45.017 E.11884
M204 S10000
G1 E-.8 F1800
G1 X60.545 Y52.635 Z33.2 F7200
G1 X60.512 Y53.164 Z33.2
G1 Z32.8
G1 E.8 F1800
M204 S500
;WIDTH:0.482909
G1 F996
G1 X60.401 Y53.135 E.00419
;WIDTH:0.515818
G1 X60.29 Y53.106 E.0045
;WIDTH:0.541461
G1 X59.876 Y52.339 E.03612
;WIDTH:0.564788
G1 X59.531 Y51.597 E.03552
;WIDTH:0.588306
G1 X59.229 Y50.836 E.03712
;WIDTH:0.599881
G1 X58.702 Y49.318 E.07443
;WIDTH:0.588669
G1 X58.47 Y48.543 E.03673
;WIDTH:0.56626
G1 X58.286 Y47.771 E.03454
;WIDTH:0.541459
G1 X58.146 Y46.987 E.03299
;WIDTH:0.522292
G1 X58.128 Y46.87 E.00471
;WIDTH:0.515836
G1 X58.221 Y46.772 E.00532
;WIDTH:0.482918
G1 X58.313 Y46.673 E.00495
;WIDTH:0.449999
G1 X59.978 Y46.406 E.05706
G1 X60.069 Y46.414 E.00309
G1 X60.186 Y46.551 E.0061
G1 X60.325 Y47.283 E.02521
G1 X60.495 Y47.959 E.02358
G1 X60.705 Y48.626 E.02369
G1 X61.227 Y50.13 E.05389
G1 X61.476 Y50.787 E.02376
G1 X61.76 Y51.422 E.02356
G1 X62.104 Y52.083 E.02521
G1 X62.096 Y52.289 E.007
G1 X60.547 Y53.145 E.0599
M204 S10000
G1 E-.8 F1800
G1 X62.542 Y51.92 Z33.2 F7200
G1 Z32.8
G1 E.8 F1800
M204 S1500
;TYPE:Inner wall
;WIDTH:0.525712
G1 F996
G1 X62.514 Y51.869 E.00234
;WIDTH:0.518216
G1 X62.334 Y51.55 E.01448
;WIDTH:0.492085
G1 X62.153 Y51.232 E.01368
;WIDTH:0.465954
G1 X61.857 Y50.629 E.02363
;WIDTH:0.41771
G1 X61.716 Y50.291 E.01143
;WIDTH:0.392278
G1 X61.574 Y49.952 E.01065
;WIDTH:0.366846
G1 X61.315 Y49.239 E.02045
;WIDTH:0.370552
G1 X61.074 Y48.504 E.02106
;WIDTH:0.419706
G1 X60.877 Y47.782 E.02347
;WIDTH:0.444931
G1 X60.8 Y47.407 E.01276
;WIDTH:0.470156
G1 X60.724 Y47.033 E.01356
;WIDTH:0.518214
G1 X60.64 Y46.465 E.02272
M204 S10000
G1 E-.8 F1800
G1 X58.427 Y45.705 Z33.2 F7200
G1 Z32.8
G1 E.8 F1800
M204 S500
;TYPE:Internal solid infill
;WIDTH:0.541084
G1 F996
G1 X58.364 Y45.705 E.00258
G1 X58.333 Y45.759 E.00258
G1 X58.364 Y45.813 E.00258
G1 X58.427 Y45.813 E.00258
G1 X58.438 Y45.793 E.00092
M204 S10000
G1 E-.8 F1800
G1 X60.962 Y52.996 Z33.2 F7200
G1 X61.229 Y53.761 Z33.2
G1 Z32.8
G1 E.8 F1800
M204 S500
;WIDTH:0.552672
G1 F996
G1 X61.166 Y53.761 E.0027
G1 X61.134 Y53.816 E.0027
G1 X61.166 Y53.871 E.0027
G1 X61.229 Y53.871 E.0027
G1 X61.241 Y53.85 E.00101
; stop printing object magic-spinning-top.stl id:730144440329 copy 0
;LAYER_CHANGE
;Z:33
;HEIGHT:0.200001
G92 E0
;_SET_FAN_SPEED_CHANGING_LAYER
; printing object magic-spinning-top.stl id:730144440329 copy 0
M204 S10000
G1 E-.8 F1800
G1 X60.602 Y46.277 Z33.4 F7200
G1 Z33
G1 E.8 F1800
M204 S1500
;TYPE:Inner wall
;WIDTH:0.51272
G1 F977
G1 X60.248 Y45.933 E.01929
G1 X59.938 Y45.914 E.0121
;WIDTH:0.497965
G1 X58.069 Y46.245 E.07185
;WIDTH:0.449999
G1 X58.008 Y46.346 E.00398
G1 X57.98 Y45.306 E.0352
G1 X58.434 Y45.333 E.0154
;WIDTH:0.497965
G1 X60.2 Y45.466 E.06702
;WIDTH:0.51272
G1 X60.534 Y45.488 E.01307
G1 X60.599 Y46.238 E.02938
M204 S10000
G1 E-.8 F1800
G1 X60.528 Y53.604 Z33.4 F7200
G1 Z33
G1 E.8 F1800
M204 S1500
;WIDTH:0.449999
G1 F977
G1 X60.617 Y53.628 E.00313
G1 X60.995 Y53.438 E.01432
;WIDTH:0.478472
G1 X61.651 Y53.089 E.0269
;WIDTH:0.506945
G1 X62.306 Y52.74 E.02865
;WIDTH:0.512732
G1 X62.535 Y52.53 E.01214
G1 X62.568 Y52.285 E.00965
;WIDTH:0.487276
G1 X62.6 Y52.04 E.00912
G1 X62.825 Y52.365 E.01458
;WIDTH:0.512732
G1 X63.05 Y52.689 E.01542
G1 X62.573 Y53.116 E.025
;WIDTH:0.506945
G1 X61.86 Y53.775 E.03744
;WIDTH:0.478472
G1 X61.147 Y54.433 E.03515
;WIDTH:0.449999
G1 X60.552 Y53.636 E.03368
M204 S10000
G1 E-.8 F1800
G1 X60.973 Y46.015 Z33.4 F7200
G1 X61.026 Y45.057 Z33.4
G1 Z33
G1 E.8 F1800
M73 P99 R0
M204 S500
;TYPE:Outer wall
G1 F977
G1 X61.018 Y45.684 E.02124
G1 X61.053 Y46.379 E.02356
G1 X61.155 Y47.211 E.02836
G1 X61.262 Y47.803 E.02038
G1 X61.417 Y48.449 E.02247
G1 X61.636 Y49.153 E.02496
G1 X61.907 Y49.855 E.02548
G1 X62.21 Y50.511 E.02443
G1 X62.562 Y51.158 E.02496
G1 X62.956 Y51.782 E.02496
G1 X63.295 Y52.248 E.01952
G1 X63.689 Y52.736 E.02124
G1 X61.095 Y55.041 E.11746
G1 X60.729 Y54.598 E.01945
G1 X60.234 Y53.936 E.028
;WIDTH:0.481734
G1 X59.696 Y53.076 E.037
;WIDTH:0.502855
G1 X59.325 Y52.407 E.02927
;WIDTH:0.524247
G1 X58.989 Y51.717 E.0307
;WIDTH:0.54557
G1 X58.693 Y51.023 E.03156
;WIDTH:0.556801
G1 X58.409 Y50.257 E.03488
G1 X58.155 Y49.468 E.03542
;WIDTH:0.545313
G1 X57.943 Y48.678 E.03417
;WIDTH:0.523704
G1 X57.775 Y47.871 E.03296
;WIDTH:0.502734
G1 X57.637 Y46.92 E.03674
;WIDTH:0.47521
G1 X57.569 Y46.24 E.02455
;WIDTH:0.449999
G1 X57.548 Y45.413 E.02799
G1 X57.562 Y44.852 E.019
G1 X60.986 Y45.054 E.1161
M204 S10000
G1 E-.8 F1800
G1 X60.536 Y52.673 Z33.4 F7200
G1 X60.504 Y53.215 Z33.4
G1 Z33
G1 E.8 F1800
M204 S500
;WIDTH:0.473994
G1 F977
G1 X60.294 Y53.147 E.00791
;WIDTH:0.501913
G1 X59.834 Y52.3 E.03681
;WIDTH:0.523703
G1 X59.499 Y51.576 E.03186
;WIDTH:0.545312
G1 X59.208 Y50.842 E.03299
;WIDTH:0.556801
G1 X58.681 Y49.324 E.06867
;WIDTH:0.54557
G1 X58.469 Y48.622 E.03063
;WIDTH:0.524247
G1 X58.293 Y47.905 E.02957
;WIDTH:0.502853
G1 X58.129 Y46.991 E.03552
;WIDTH:0.482444
G1 X58.105 Y46.836 E.00573
;WIDTH:0.473995
G1 X58.232 Y46.646 E.00817
;WIDTH:0.449999
G1 X60.01 Y46.361 E.06096
G1 X60.098 Y46.368 E.00299
G1 X60.218 Y46.505 E.00615
G1 X60.387 Y47.364 E.02963
G1 X60.549 Y47.991 E.02192
G1 X60.746 Y48.612 E.02204
G1 X61.268 Y50.118 E.05395
G1 X61.498 Y50.727 E.02204
G1 X61.759 Y51.32 E.02193
G1 X62.157 Y52.099 E.02963
G1 X62.147 Y52.306 E.00701
G1 X60.539 Y53.196 E.06222
M204 S10000
G1 E-.8 F1800
G1 X62.558 Y51.951 Z33.4 F7200
G1 Z33
G1 E.8 F1800
M204 S1500
;TYPE:Inner wall
;WIDTH:0.445186
G1 F977
G1 X62.534 Y51.907 E.00169
;WIDTH:0.43851
G1 X62.323 Y51.529 E.01422
;WIDTH:0.406869
G1 X62.113 Y51.152 E.01308
;WIDTH:0.375228
G1 X61.839 Y50.587 E.01732
;WIDTH:0.329726
G1 X61.575 Y49.953 E.01638
;WIDTH:0.280734
G1 X61.315 Y49.24 E.01501
;WIDTH:0.284514
G1 X61.074 Y48.503 E.01558
;WIDTH:0.332742
G1 X60.877 Y47.783 E.01799
;WIDTH:0.382608
G1 X60.725 Y47.035 E.02157
;WIDTH:0.410558
G1 X60.679 Y46.729 E.00945
;WIDTH:0.438508
G1 X60.633 Y46.423 E.01017
M204 S10000
G1 E-.8 F1800
G1 X58.429 Y45.709 Z33.4 F7200
G1 Z33
G1 E.8 F1800
M204 S500
;TYPE:Internal solid infill
;WIDTH:0.469788
G1 F977
G1 X58.376 Y45.709 E.00189
G1 X58.349 Y45.755 E.00189
G1 X58.376 Y45.801 E.00189
G1 X58.429 Y45.801 E.00189
G1 X58.436 Y45.79 E.00047
M204 S10000
G1 E-.8 F1800
G1 X60.957 Y52.994 Z33.4 F7200
G1 X61.228 Y53.766 Z33.4
G1 Z33
G1 E.8 F1800
M204 S500
;WIDTH:0.474622
G1 F977
G1 X61.174 Y53.766 E.00194
G1 X61.147 Y53.813 E.00194
G1 X61.174 Y53.86 E.00194
G1 X61.228 Y53.86 E.00194
G1 X61.235 Y53.848 E.0005
; stop printing object magic-spinning-top.stl id:730144440329 copy 0
;LAYER_CHANGE
;Z:33.2
;HEIGHT:0.200001
G92 E0
;_SET_FAN_SPEED_CHANGING_LAYER
; printing object magic-spinning-top.stl id:730144440329 copy 0
M204 S10000
G1 E-.8 F1800
G1 X60.194 Y46.287 Z33.6 F7200
G1 X60.109 Y45.67 Z33.6
G1 Z33.2
G1 E.8 F1800
M204 S1500
;TYPE:Inner wall
;WIDTH:0.615996
G1 F793
G1 X59.144 Y45.855 E.0468
;WIDTH:0.566119
G1 X58.18 Y46.04 E.04273
;WIDTH:0.516242
G1 X58.166 Y45.504 E.02111
G1 X58.423 Y45.519 E.01013
;WIDTH:0.566119
G1 X59.266 Y45.595 E.03681
;WIDTH:0.615996
G1 X60.069 Y45.667 E.03842
M204 S10000
G1 E-.8 F1800
G1 X58.024 Y47.837 Z33.6 F7200
G1 Z33.2
G1 E.8 F1800
M204 S500
;TYPE:Outer wall
;WIDTH:0.655574
G1 F793
G1 X57.895 Y47.036 E.04134
;WIDTH:0.619044
G1 X57.853 Y46.715 E.0155
M204 S10000
G1 E-.8 F1800
G1 X59.607 Y52.203 Z33.6 F7200
G1 Z33.2
G1 E.8 F1800
M204 S500
;WIDTH:0.554473
G1 F793
G1 X59.608 Y52.273 E.00297
;WIDTH:0.603892
G1 X59.609 Y52.342 E.00325
;WIDTH:0.65331
G1 X59.609 Y52.412 E.00354
G1 X59.555 Y52.368 E.00356
;WIDTH:0.603892
G1 X59.5 Y52.324 E.00327
;WIDTH:0.554473
G1 X59.446 Y52.279 E.00298
;WIDTH:0.505054
G1 X59.391 Y52.235 E.0027
;WIDTH:0.455635
G1 X59.337 Y52.191 E.00241
;WIDTH:0.406216
G1 X59.282 Y52.147 E.00212
;WIDTH:0.370477
G1 X59.059 Y51.686 E.01396
;WIDTH:0.396626
G1 X58.77 Y51.001 E.02185
;WIDTH:0.402974
G1 X58.483 Y50.234 E.02453
G1 X58.231 Y49.455 E.02452
;WIDTH:0.39168
G1 X58.039 Y48.744 E.02136
;WIDTH:0.370332
G1 X57.93 Y48.248 E.01383
;WIDTH:0.406592
G1 X57.946 Y48.179 E.00212
;WIDTH:0.456388
G1 X57.962 Y48.111 E.00242
;WIDTH:0.506185
G1 X57.977 Y48.042 E.00271
;WIDTH:0.555981
G1 X57.993 Y47.974 E.003
;WIDTH:0.605778
G1 X58.008 Y47.905 E.00329
;WIDTH:0.655574
G1 X58.024 Y47.837 E.00358
G1 X58.066 Y47.892 E.00355
;WIDTH:0.605778
G1 X58.109 Y47.947 E.00326
;WIDTH:0.555981
G1 X58.151 Y48.002 E.00297
;WIDTH:0.506185
G1 X58.193 Y48.058 E.00268
;WIDTH:0.456388
G1 X58.236 Y48.113 E.00239
;WIDTH:0.406592
G1 X58.278 Y48.168 E.00211
;WIDTH:0.370332
G1 X58.395 Y48.642 E.01328
;WIDTH:0.391746
G1 X58.608 Y49.349 E.02143
;WIDTH:0.402693
G1 X59.142 Y50.864 E.04804
;WIDTH:0.396626
G1 X59.605 Y51.994 E.03592
;WIDTH:0.406216
G1 X59.605 Y52.064 E.00211
;WIDTH:0.455635
G1 X59.606 Y52.133 E.00239
;WIDTH:0.505054
G1 X59.607 Y52.163 E.00114
G1 X60.198 Y53.437 F7200
;WIDTH:0.6121
G1 F793
G1 X59.913 Y52.971 E.02586
;WIDTH:0.65331
G1 X59.609 Y52.412 E.03227
M204 S10000
G1 E-.8 F1800
G1 X62.546 Y52.852 Z33.6 F7200
G1 Z33.2
G1 E.8 F1800
M204 S1500
;TYPE:Inner wall
;WIDTH:0.63056
G1 F793
G1 X62.088 Y53.289 E.03093
;WIDTH:0.592454
G1 X61.63 Y53.726 E.02892
;WIDTH:0.554348
G1 X61.172 Y54.163 E.02692
;WIDTH:0.516241
G1 X60.85 Y53.732 E.02114
G1 X61.086 Y53.601 E.01065
;WIDTH:0.554348
G1 X61.573 Y53.351 E.02326
;WIDTH:0.592454
G1 X62.06 Y53.102 E.02499
;WIDTH:0.63056
G1 X62.511 Y52.871 E.02477
M204 S10000
G1 E-.8 F1800
G1 X60.917 Y45.406 Z33.6 F7200
G1 X60.873 Y45.201 Z33.6
G1 Z33.2
G1 E.8 F1800
M204 S500
;TYPE:Outer wall
;WIDTH:0.449999
G1 F793
G1 X60.88 Y45.684 E.01634
;WIDTH:0.495973
G1 X60.865 Y46.285 E.02266
G1 X60.997 Y47.239 E.03627
;WIDTH:0.462315
G1 X61.117 Y47.838 E.0213
;WIDTH:0.439618
G1 X61.285 Y48.484 E.02203
;WIDTH:0.415175
G1 X61.512 Y49.195 E.02309
;WIDTH:0.417084
G1 X61.783 Y49.915 E.02392
;WIDTH:0.440915
G1 X62.076 Y50.577 E.02398
;WIDTH:0.465029
G1 X62.423 Y51.24 E.02625
;WIDTH:0.498786
G1 X62.816 Y51.893 E.02891
G1 X63.475 Y52.722 E.0401
;WIDTH:0.449999
G1 X61.11 Y54.823 E.10707
G1 X60.858 Y54.514 E.0135
G1 X60.385 Y53.882 E.02673
;WIDTH:0.497289
G1 X60.323 Y53.733 E.00607
;WIDTH:0.544579
G1 X60.261 Y53.585 E.00671
;WIDTH:0.591868
G1 X60.198 Y53.437 E.00734
G1 X60.292 Y53.428 E.00429
;WIDTH:0.544579
G1 X60.386 Y53.419 E.00392
;WIDTH:0.497289
G1 X60.479 Y53.41 E.00355
;WIDTH:0.449999
G1 X62.346 Y52.37 E.07234
;WIDTH:0.495973
G1 X62.372 Y52.117 E.00958
G1 X61.9 Y51.244 E.0374
;WIDTH:0.462317
G1 X61.633 Y50.665 E.02223
;WIDTH:0.439616
G1 X61.38 Y50.026 E.02266
;WIDTH:0.415175
G1 X61.126 Y49.311 E.0235
;WIDTH:0.417084
G1 X60.875 Y48.564 E.02452
;WIDTH:0.440917
G1 X60.665 Y47.843 E.02485
;WIDTH:0.465027
G1 X60.498 Y47.083 E.0273
;WIDTH:0.495973
G1 X60.375 Y46.358 E.02771
G1 X60.218 Y46.19 E.00868
;WIDTH:0.449999
G1 X60.139 Y46.185 E.00268
G1 X58.096 Y46.513 E.07005
;WIDTH:0.495912
G1 X58.015 Y46.58 E.00396
;WIDTH:0.541825
G1 X57.934 Y46.647 E.00437
;WIDTH:0.587738
G1 X57.853 Y46.715 E.00477
G1 X57.81 Y46.557 E.00742
;WIDTH:0.541825
G1 X57.767 Y46.399 E.0068
;WIDTH:0.495912
G1 X57.724 Y46.241 E.00617
;WIDTH:0.449999
G1 X57.709 Y45.014 E.04151
G1 X60.833 Y45.199 E.10594
M204 S10000
G1 E-.8 F1800
G1 X62.745 Y52.588 Z33.6 F7200
G1 X62.764 Y52.661 Z33.6
G1 Z33.2
G1 E.8 F1800
M204 S1500
;TYPE:Inner wall
;WIDTH:0.63056
G1 F793
G1 X62.546 Y52.852 E.01419
M204 S10000
G1 E-.8 F1800
G1 X60.088 Y45.672 Z33.6 F7200
G1 Z33.2
G1 E.8 F1800
M204 S1500
;WIDTH:0.630834
G1 F793
G1 X60.361 Y45.691 E.01337
; stop printing object magic-spinning-top.stl id:730144440329 copy 0
G1 E-.8 F1800
M106 S0
;TYPE:Custom
M104 S0
M140 S0
M107
G28 X0 Y0
M84
M73 P100 R0
; EXECUTABLE_BLOCK_END

; filament used [mm] = 671.92
; filament used [cm3] = 1.62
; total filament used [g] = 0.00
; total filament cost = 0.00
; total layers count = 166
; estimated printing time (normal mode) = 21m 47s
; estimated first layer printing time (normal mode) = 1s

; CONFIG_BLOCK_START
; accel_to_decel_enable = 1
; accel_to_decel_factor = 50%
; activate_air_filtration = 0
; activate_chamber_temp_control = 0
; adaptive_bed_mesh_margin = 0
; adaptive_pressure_advance = 0
; adaptive_pressure_advance_bridges = 0
; adaptive_pressure_advance_model = "0,0,0\n0,0,0"
; adaptive_pressure_advance_overhangs = 0
; additional_cooling_fan_speed = 0
; align_infill_direction_to_model = 0
; alternate_extra_wall = 0
; auxiliary_fan = 0
; bbl_calib_mark_logo = 1
; bed_custom_model = 
; bed_custom_texture = 
; bed_exclude_area = 0x0
; bed_mesh_max = 99999,99999
; bed_mesh_min = -99999,-99999
; bed_mesh_probe_distance = 50,50
; bed_temperature_formula = by_highest_temp
; before_layer_change_gcode = G92 E0
; best_object_pos = 0.5,0.5
; bottom_shell_layers = 3
; bottom_shell_thickness = 0
; bottom_solid_infill_flow_ratio = 1
; bottom_surface_density = 100%
; bottom_surface_pattern = monotonic
; bridge_acceleration = 50%
; bridge_angle = 0
; bridge_density = 100%
; bridge_flow = 1
; bridge_no_support = 0
; bridge_speed = 25
; brim_ears_detection_length = 1
; brim_ears_max_angle = 125
; brim_object_gap = 0
; brim_type = auto_brim
; brim_use_efc_outline = 0
; brim_width = 0
; calib_flowrate_topinfill_special_order = 0
; chamber_temperature = 0
; change_extrusion_role_gcode = 
; change_filament_gcode = 
; close_fan_the_first_x_layers = 1
; complete_print_exhaust_fan_speed = 80
; cool_plate_temp = 35
; cool_plate_temp_initial_layer = 35
; cooling_tube_length = 5
; cooling_tube_retraction = 91.5
; counterbore_hole_bridging = none
; curr_bed_type = Cool Plate
; default_acceleration = 500
; default_filament_colour = ""
; default_jerk = 0
; default_junction_deviation = 0
; deretraction_speed = 0
; detect_narrow_internal_solid_infill = 1
; detect_overhang_wall = 1
; detect_thin_wall = 0
; different_settings_to_system = ;
; disable_m73 = 0
; dont_filter_internal_bridges = disabled
; dont_slow_down_outer_wall = 0
; draft_shield = disabled
; during_print_exhaust_fan_speed = 60
; elefant_foot_compensation = 0
; elefant_foot_compensation_layers = 1
; emit_machine_limits_to_gcode = 1
; enable_arc_fitting = 0
; enable_extra_bridge_layer = disabled
; enable_filament_ramming = 1
; enable_long_retraction_when_cut = 0
; enable_overhang_bridge_fan = 1
; enable_overhang_speed = 1
; enable_power_loss_recovery = printer_configuration
; enable_pressure_advance = 0
; enable_prime_tower = 0
; enable_support = 0
; enable_tower_interface_cooldown_during_tower = 0
; enable_tower_interface_features = 0
; enable_wrapping_detection = 0
; enforce_support_layers = 0
; eng_plate_temp = 45
; eng_plate_temp_initial_layer = 45
; ensure_vertical_shell_thickness = ensure_all
; exclude_object = 0
; extra_loading_move = -2
; extra_perimeters_on_overhangs = 0
; extra_solid_infills = 
; extruder_ams_count = 
; extruder_clearance_height_to_lid = 120
; extruder_clearance_height_to_rod = 40
; extruder_clearance_radius = 40
; extruder_colour = #F2754E
; extruder_offset = 0x0
; extruder_printable_area = 
; extruder_printable_height = 0
; extruder_type = Direct Drive
; extrusion_rate_smoothing_external_perimeter_only = 0
; fan_cooling_layer_time = 60
; fan_kickstart = 0
; fan_max_speed = 100
; fan_min_speed = 20
; fan_speedup_overhangs = 1
; fan_speedup_time = 0
; filament_adaptive_volumetric_speed = 0
; filament_adhesiveness_category = 0
; filament_change_length = 10
; filament_colour = #F2754E
; filament_cooling_final_speed = 3.4
; filament_cooling_initial_speed = 2.2
; filament_cooling_moves = 4
; filament_cost = 0
; filament_density = 0
; filament_diameter = 1.75
; filament_end_gcode = " "
; filament_extruder_variant = "Direct Drive Standard"
; filament_flow_ratio = 1
; filament_flush_temp = 0
; filament_flush_volumetric_speed = 0
; filament_ids = 
; filament_is_support = 0
; filament_loading_speed = 28
; filament_loading_speed_start = 3
; filament_map = 1
; filament_map_mode = Auto For Flush
; filament_max_volumetric_speed = 2
; filament_minimal_purge_on_wipe_tower = 15
; filament_multitool_ramming = 0
; filament_multitool_ramming_flow = 10
; filament_multitool_ramming_volume = 10
; filament_notes = ""
; filament_printable = 3
; filament_ramming_parameters = "120 100 6.6 6.8 7.2 7.6 7.9 8.2 8.7 9.4 9.9 10.0| 0.05 6.6 0.45 6.8 0.95 7.8 1.45 8.3 1.95 9.7 2.45 10 2.95 7.6 3.45 7.6 3.95 7.6 4.45 7.6 4.95 7.6"
; filament_settings_id = ""
; filament_shrink = 100%
; filament_shrinkage_compensation_z = 100%
; filament_soluble = 0
; filament_stamping_distance = 0
; filament_stamping_loading_speed = 0
; filament_start_gcode = " "
; filament_toolchange_delay = 0
; filament_tower_interface_pre_extrusion_dist = 10
; filament_tower_interface_pre_extrusion_length = 0
; filament_tower_interface_print_temp = -1
; filament_tower_interface_purge_volume = 20
; filament_tower_ironing_area = 4
; filament_type = PLA
; filament_unloading_speed = 90
; filament_unloading_speed_start = 100
; filament_vendor = (Undefined)
; file_start_gcode = 
; filename_format = {input_filename_base}_{filament_type[initial_tool]}_{print_time}.gcode
; fill_multiline = 1
; filter_out_gap_fill = 0
; first_layer_flow_ratio = 1
; first_layer_print_sequence = 0
; flush_into_infill = 0
; flush_into_objects = 0
; flush_into_support = 1
; flush_multiplier = 0.3
; flush_volumes_matrix = 0,280,280,280,280,0,280,280,280,280,0,280,280,280,280,0
; flush_volumes_vector = 140,140,140,140,140,140,140,140
; full_fan_speed_layer = 0
; fuzzy_skin = disabled_fuzzy
; fuzzy_skin_first_layer = 0
; fuzzy_skin_mode = displacement
; fuzzy_skin_noise_type = classic
; fuzzy_skin_octaves = 4
; fuzzy_skin_persistence = 0.5
; fuzzy_skin_point_distance = 0.3
; fuzzy_skin_scale = 1
; fuzzy_skin_thickness = 0.2
; gap_fill_flow_ratio = 1
; gap_fill_target = nowhere
; gap_infill_speed = 30
; gcode_add_line_number = 0
; gcode_comments = 0
; gcode_flavor = marlin
; gcode_label_objects = 1
; grab_length = 0
; has_scarf_joint_seam = 0
; head_wrap_detect_zone = 
; high_current_on_filament_swap = 0
; hole_to_polyhole = 0
; hole_to_polyhole_threshold = 0.01
; hole_to_polyhole_twisted = 1
; hot_plate_temp = 45
; hot_plate_temp_initial_layer = 45
; idle_temperature = 0
; independent_support_layer_height = 1
; infill_anchor = 400%
; infill_anchor_max = 20
; infill_combination = 0
; infill_combination_max_layer_height = 100%
; infill_direction = 45
; infill_jerk = 9
; infill_lock_depth = 1
; infill_overhang_angle = 60
; infill_shift_step = 0.4
; infill_wall_overlap = 15%
; inherits_group = ;
; initial_layer_acceleration = 300
; initial_layer_infill_speed = 60
; initial_layer_jerk = 9
; initial_layer_line_width = 0
; initial_layer_min_bead_width = 85%
; initial_layer_print_height = 0.2
; initial_layer_speed = 30
; initial_layer_travel_speed = 100%
; inner_wall_acceleration = 10000
; inner_wall_flow_ratio = 1
; inner_wall_jerk = 9
; inner_wall_line_width = 0
; inner_wall_speed = 60
; interface_shells = 0
; interlocking_beam = 0
; interlocking_beam_layer_count = 2
; interlocking_beam_width = 0.8
; interlocking_boundary_avoidance = 2
; interlocking_depth = 2
; interlocking_orientation = 22.5
; internal_bridge_angle = 0
; internal_bridge_density = 100%
; internal_bridge_fan_speed = -1
; internal_bridge_flow = 1
; internal_bridge_speed = 150%
; internal_solid_infill_acceleration = 100%
; internal_solid_infill_flow_ratio = 1
; internal_solid_infill_line_width = 0
; internal_solid_infill_pattern = monotonic
; internal_solid_infill_speed = 100
; ironing_angle = 0
; ironing_angle_fixed = 0
; ironing_fan_speed = -1
; ironing_flow = 10%
; ironing_inset = 0
; ironing_pattern = rectilinear
; ironing_spacing = 0.1
; ironing_speed = 20
; ironing_type = no ironing
; is_infill_first = 0
; lateral_lattice_angle_1 = -45
; lateral_lattice_angle_2 = 45
; layer_change_gcode = 
; layer_height = 0.2
; line_width = 0
; long_retractions_when_cut = 0
; long_retractions_when_ec = 0
; machine_end_gcode = M104 S0\nM140 S0\nM107\nG28 X0 Y0\nM84
; machine_load_filament_time = 0
; machine_max_acceleration_e = 5000,5000
; machine_max_acceleration_extruding = 1500,1250
; machine_max_acceleration_retracting = 1500,1250
; machine_max_acceleration_travel = 0,0
; machine_max_acceleration_x = 1000,1000
; machine_max_acceleration_y = 1000,1000
; machine_max_acceleration_z = 500,200
; machine_max_jerk_e = 2.5,2.5
; machine_max_jerk_x = 10,10
; machine_max_jerk_y = 10,10
; machine_max_jerk_z = 0.2,0.4
; machine_max_junction_deviation = 0.01
; machine_max_speed_e = 120,120
; machine_max_speed_x = 500,200
; machine_max_speed_y = 500,200
; machine_max_speed_z = 12,12
; machine_min_extruding_rate = 0,0
; machine_min_travel_rate = 0,0
; machine_pause_gcode = 
; machine_start_gcode = G90\nM82\nM104 S[first_layer_temperature]\nM140 S[first_layer_bed_temperature]\nG28\nG92 E0\nM190 S[first_layer_bed_temperature]\nM109 S[first_layer_temperature]\nG92 E0
; machine_tool_change_time = 0
; machine_unload_filament_time = 0
; make_overhang_printable = 0
; make_overhang_printable_angle = 55
; make_overhang_printable_hole_size = 0
; manual_filament_change = 0
; master_extruder_id = 1
; max_bridge_length = 10
; max_layer_height = 0
; max_resonance_avoidance_speed = 120
; max_travel_detour_distance = 0
; max_volumetric_extrusion_rate_slope = 0
; max_volumetric_extrusion_rate_slope_segment_length = 3
; min_bead_width = 85%
; min_feature_size = 25%
; min_layer_height = 0.07
; min_length_factor = 0.5
; min_resonance_avoidance_speed = 70
; min_skirt_length = 0
; min_width_top_surface = 300%
; minimum_sparse_infill_area = 15
; mmu_segmented_region_interlocking_depth = 0
; mmu_segmented_region_max_width = 0
; notes = 
; nozzle_diameter = 0.4
; nozzle_flush_dataset = 0
; nozzle_height = 2.5
; nozzle_hrc = 0
; nozzle_temperature = 200
; nozzle_temperature_initial_layer = 200
; nozzle_temperature_range_high = 240
; nozzle_temperature_range_low = 190
; nozzle_type = undefine
; nozzle_volume = 0
; nozzle_volume_type = Standard
; only_one_wall_first_layer = 0
; only_one_wall_top = 0
; ooze_prevention = 0
; other_layers_print_sequence = 0
; other_layers_print_sequence_nums = 0
; outer_wall_acceleration = 500
; outer_wall_flow_ratio = 1
; outer_wall_jerk = 9
; outer_wall_line_width = 0
; outer_wall_speed = 60
; overhang_1_4_speed = 0
; overhang_2_4_speed = 0
; overhang_3_4_speed = 0
; overhang_4_4_speed = 0
; overhang_fan_speed = 100
; overhang_fan_threshold = 95%
; overhang_flow_ratio = 1
; overhang_reverse = 0
; overhang_reverse_internal_only = 0
; overhang_reverse_threshold = 50%
; parking_pos_retraction = 92
; physical_extruder_map = 0
; post_process = 
; precise_outer_wall = 1
; precise_z_height = 0
; preferred_orientation = 0
; preheat_steps = 1
; preheat_time = 30
; pressure_advance = 0.02
; prime_tower_brim_width = 3
; prime_tower_enable_framework = 0
; prime_tower_flat_ironing = 0
; prime_tower_infill_gap = 150%
; prime_tower_skip_points = 1
; prime_tower_width = 60
; prime_volume = 45
; print_compatible_printers = "WEEFUN Tina 2 0.4 nozzle"
; print_extruder_id = 1
; print_extruder_variant = "Direct Drive Standard"
; print_flow_ratio = 1
; print_order = default
; print_sequence = by layer
; print_settings_id = 0.20mm Tina 2 @MyMarlin
; printable_area = 0x0,120x0,120x100,0x100
; printable_height = 100
; printer_extruder_id = 1
; printer_extruder_variant = "Direct Drive Standard"
; printer_model = WEEFUN Tina 2
; printer_notes = 
; printer_settings_id = WEEFUN Tina 2 0.4 nozzle
; printer_structure = undefine
; printer_technology = FFF
; printing_by_object_gcode = 
; purge_in_prime_tower = 1
; raft_contact_distance = 0.1
; raft_expansion = 1.5
; raft_first_layer_density = 90%
; raft_first_layer_expansion = 2
; raft_layers = 0
; reduce_crossing_wall = 0
; reduce_fan_stop_start_freq = 0
; reduce_infill_retraction = 0
; required_nozzle_HRC = 0
; resolution = 0.01
; resonance_avoidance = 0
; retract_before_wipe = 100%
; retract_length_toolchange = 10
; retract_lift_above = 0
; retract_lift_below = 0
; retract_lift_enforce = All Surfaces
; retract_restart_extra = 0
; retract_restart_extra_toolchange = 0
; retract_when_changing_layer = 0
; retraction_distances_when_cut = 18
; retraction_distances_when_ec = 10
; retraction_length = 0.8
; retraction_minimum_travel = 2
; retraction_speed = 30
; role_based_wipe_speed = 1
; scan_first_layer = 0
; scarf_angle_threshold = 155
; scarf_joint_flow_ratio = 1
; scarf_joint_speed = 100%
; scarf_overhang_threshold = 40%
; seam_gap = 10%
; seam_position = aligned
; seam_slope_conditional = 0
; seam_slope_entire_loop = 0
; seam_slope_inner_walls = 0
; seam_slope_min_length = 20
; seam_slope_start_height = 0
; seam_slope_steps = 10
; seam_slope_type = none
; set_other_flow_ratios = 0
; silent_mode = 0
; single_extruder_multi_material = 1
; single_extruder_multi_material_priming = 0
; single_loop_draft_shield = 0
; skeleton_infill_density = 25%
; skeleton_infill_line_width = 100%
; skin_infill_density = 25%
; skin_infill_depth = 2
; skin_infill_line_width = 100%
; skirt_distance = 2
; skirt_height = 1
; skirt_loops = 1
; skirt_speed = 50
; skirt_start_angle = -135
; skirt_type = combined
; slice_closing_radius = 0.049
; slicing_mode = regular
; slow_down_for_layer_cooling = 1
; slow_down_layer_time = 5
; slow_down_layers = 0
; slow_down_min_speed = 10
; slowdown_for_curled_perimeters = 1
; small_area_infill_flow_compensation = 0
; small_area_infill_flow_compensation_model = 0,0;"\n0.2,0.4444";"\n0.4,0.6145";"\n0.6,0.7059";"\n0.8,0.7619";"\n1.5,0.8571";"\n2,0.8889";"\n3,0.9231";"\n5,0.9520";"\n10,1"
; small_perimeter_speed = 50%
; small_perimeter_threshold = 0
; solid_infill_direction = 45
; solid_infill_filament = 1
; solid_infill_rotate_template = 
; sparse_infill_acceleration = 100%
; sparse_infill_density = 20%
; sparse_infill_filament = 1
; sparse_infill_flow_ratio = 1
; sparse_infill_line_width = 0
; sparse_infill_pattern = crosshatch
; sparse_infill_rotate_template = 
; sparse_infill_speed = 100
; spiral_finishing_flow_ratio = 0
; spiral_mode = 0
; spiral_mode_max_xy_smoothing = 200%
; spiral_mode_smooth = 0
; spiral_starting_flow_ratio = 0
; staggered_inner_seams = 0
; standby_temperature_delta = -5
; start_end_points = 30x-3,54x245
; supertack_plate_temp = 35
; supertack_plate_temp_initial_layer = 35
; support_air_filtration = 1
; support_angle = 0
; support_base_pattern = default
; support_base_pattern_spacing = 2.5
; support_bottom_interface_spacing = 0.5
; support_bottom_z_distance = 0.2
; support_chamber_temp_control = 1
; support_critical_regions_only = 0
; support_expansion = 0
; support_filament = 0
; support_flow_ratio = 1
; support_interface_bottom_layers = 0
; support_interface_filament = 0
; support_interface_flow_ratio = 1
; support_interface_loop_pattern = 0
; support_interface_not_for_body = 1
; support_interface_pattern = auto
; support_interface_spacing = 0.5
; support_interface_speed = 80
; support_interface_top_layers = 3
; support_ironing = 0
; support_ironing_flow = 10%
; support_ironing_pattern = rectilinear
; support_ironing_spacing = 0.1
; support_line_width = 0
; support_material_interface_fan_speed = -1
; support_multi_bed_types = 0
; support_object_first_layer_gap = 0.2
; support_object_skip_flush = 0
; support_object_xy_distance = 0.35
; support_on_build_plate_only = 0
; support_remove_small_overhang = 1
; support_speed = 80
; support_style = default
; support_threshold_angle = 30
; support_threshold_overlap = 50%
; support_top_z_distance = 0.2
; support_type = normal(auto)
; symmetric_infill_y_axis = 0
; temperature_vitrification = 100
; template_custom_gcode = 
; textured_cool_plate_temp = 40
; textured_cool_plate_temp_initial_layer = 40
; textured_plate_temp = 45
; textured_plate_temp_initial_layer = 45
; thick_bridges = 0
; thick_internal_bridges = 1
; thumbnails = 48x48/PNG,300x300/PNG
; time_cost = 0
; time_lapse_gcode = 
; timelapse_type = 0
; top_bottom_infill_wall_overlap = 25%
; top_shell_layers = 4
; top_shell_thickness = 0.6
; top_solid_infill_flow_ratio = 1
; top_surface_acceleration = 500
; top_surface_density = 100%
; top_surface_jerk = 9
; top_surface_line_width = 0
; top_surface_pattern = monotonicline
; top_surface_speed = 100
; travel_acceleration = 10000
; travel_jerk = 12
; travel_slope = 3
; travel_speed = 120
; travel_speed_z = 0
; tree_support_angle_slow = 25
; tree_support_auto_brim = 1
; tree_support_branch_angle = 40
; tree_support_branch_angle_organic = 40
; tree_support_branch_diameter = 5
; tree_support_branch_diameter_angle = 5
; tree_support_branch_diameter_organic = 2
; tree_support_branch_distance = 5
; tree_support_branch_distance_organic = 1
; tree_support_brim_width = 3
; tree_support_tip_diameter = 0.8
; tree_support_top_rate = 30%
; tree_support_wall_count = 0
; use_firmware_retraction = 0
; use_relative_e_distances = 1
; volumetric_speed_coefficients = ""
; wall_direction = auto
; wall_distribution_count = 1
; wall_filament = 1
; wall_generator = arachne
; wall_loops = 2
; wall_sequence = inner wall/outer wall
; wall_transition_angle = 10
; wall_transition_filter_deviation = 25%
; wall_transition_length = 100%
; wipe = 0
; wipe_before_external_loop = 0
; wipe_distance = 1
; wipe_on_loops = 0
; wipe_speed = 80%
; wipe_tower_bridging = 10
; wipe_tower_cone_angle = 30
; wipe_tower_extra_flow = 100%
; wipe_tower_extra_rib_length = 0
; wipe_tower_extra_spacing = 100%
; wipe_tower_filament = 0
; wipe_tower_fillet_wall = 1
; wipe_tower_max_purge_speed = 90
; wipe_tower_no_sparse_layers = 0
; wipe_tower_rib_width = 8
; wipe_tower_rotation_angle = 0
; wipe_tower_type = type2
; wipe_tower_wall_type = rectangle
; wipe_tower_x = 15.000
; wipe_tower_x = 15
; wipe_tower_y = 220.000
; wipe_tower_y = 220
; wiping_volumes_extruders = 70,70,70,70,70,70,70,70,70,70
; wrapping_detection_gcode = 
; wrapping_detection_layers = 20
; wrapping_exclude_area = 
; xy_contour_compensation = 0
; xy_hole_compensation = 0
; z_hop = 0.4
; z_hop_types = Slope Lift
; z_offset = 0
; first_layer_bed_temperature = 35
; bed_shape = 0x0,120x0,120x100,0x100
; first_layer_temperature = 200
; first_layer_height = 0.200
; CONFIG_BLOCK_END


