; HEADER_BLOCK_START
; generated by OrcaSlicer 2.3.2 on 2026-05-31 at 22:23:22
; total layer number: 90
; filament_density: 0
; filament_diameter: 1.75
; max_z_height: 18.00
; filament: 1
; HEADER_BLOCK_END

; external perimeters extrusion width = 0.45mm
; perimeters extrusion width = 0.45mm
; infill extrusion width = 0.45mm
; solid infill extrusion width = 0.45mm
; top infill extrusion width = 0.40mm

; external perimeters extrusion width = 0.45mm
; perimeters extrusion width = 0.45mm
; infill extrusion width = 0.45mm
; solid infill extrusion width = 0.45mm
; top infill extrusion width = 0.40mm

; external perimeters extrusion width = 0.45mm
; perimeters extrusion width = 0.45mm
; infill extrusion width = 0.45mm
; solid infill extrusion width = 0.45mm
; top infill extrusion width = 0.40mm

; external perimeters extrusion width = 0.45mm
; perimeters extrusion width = 0.45mm
; infill extrusion width = 0.45mm
; solid infill extrusion width = 0.45mm
; top infill extrusion width = 0.40mm

; external perimeters extrusion width = 0.45mm
; perimeters extrusion width = 0.45mm
; infill extrusion width = 0.45mm
; solid infill extrusion width = 0.45mm
; top infill extrusion width = 0.40mm

; external perimeters extrusion width = 0.45mm
; perimeters extrusion width = 0.45mm
; infill extrusion width = 0.45mm
; solid infill extrusion width = 0.45mm
; top infill extrusion width = 0.40mm

; external perimeters extrusion width = 0.45mm
; perimeters extrusion width = 0.45mm
; infill extrusion width = 0.45mm
; solid infill extrusion width = 0.45mm
; top infill extrusion width = 0.40mm

; external perimeters extrusion width = 0.45mm
; perimeters extrusion width = 0.45mm
; infill extrusion width = 0.45mm
; solid infill extrusion width = 0.45mm
; top infill extrusion width = 0.40mm

; external perimeters extrusion width = 0.45mm
; perimeters extrusion width = 0.45mm
; infill extrusion width = 0.45mm
; solid infill extrusion width = 0.45mm
; top infill extrusion width = 0.40mm

; EXECUTABLE_BLOCK_START
M73 P0 R17
M201 X1000 Y1000 Z500 E5000
M203 X500 Y500 Z12 E120
M204 P1500 R1500 T1500
M205 X10.00 Y10.00 Z0.20 E2.50 ; sets the jerk limits, mm/sec
;TYPE:Custom
G90
M82
M104 S200
M140 S35
G28
G92 E0
M190 S35
M109 S200
G92 E0
G90
G21
M83 ; use relative distances for extrusion
M106 S0
;LAYER_CHANGE
;Z:0.2
;HEIGHT:0.2
G92 E0
;_SET_FAN_SPEED_CHANGING_LAYER
M204 S300
G1 E-.8 F1800
G1 X48.634 Y39.179 F7200
G1 Z.6
G1 Z.2
G1 E.8 F1800
;TYPE:Skirt
;WIDTH:0.45
G1 F1473.913
G1 X49.45 Y38.444 E.03719
G1 X50.304 Y37.899 E.03429
G1 X51.893 Y37.272 E.05783
G1 X59.367 Y35.348 E.26124
G1 X60.209 Y35.19 E.02899
G1 X65.761 Y35.131 E.18794
G1 X66.827 Y35.18 E.03611
G1 X68.487 Y35.585 E.05783
G1 X69.407 Y36.009 E.03429
G1 X70.504 Y36.756 E.04492
G1 X71.236 Y37.456 E.03429
G1 X72.223 Y38.85 E.05783
G1 X72.639 Y39.774 E.03429
G1 X72.932 Y40.815 E.03662
G1 X73.252 Y43.045 E.07625
G1 X73.294 Y57.572 E.49173
G1 X73.231 Y58.583 E.03429
G1 X73.024 Y59.575 E.03429
G1 X72.361 Y61.15 E.05783
G1 X71.797 Y61.991 E.03429
G1 X71.118 Y62.743 E.03429
G1 X70.08 Y63.569 E.04492
G1 X69.194 Y64.06 E.03429
G1 X68.256 Y64.418 E.03398
G1 X66.111 Y64.819 E.07385
G1 X64.581 Y64.946 E.05199
G1 X62.649 Y64.947 E.06539
G1 X53.047 Y64.579 E.32525
G1 X51.742 Y64.338 E.04492
G1 X50.167 Y63.676 E.05783
G1 X49.325 Y63.112 E.03429
G1 X48.573 Y62.434 E.03429
G1 X47.746 Y61.396 E.04492
G1 X47.255 Y60.511 E.03429
G1 X46.896 Y59.571 E.03405
G1 X46.496 Y57.443 E.0733
G1 X46.356 Y55.563 E.0638
G1 X46.36 Y45.953 E.32529
G1 X46.438 Y44.735 E.04131
G1 X46.714 Y42.83 E.06515
G1 X47.045 Y41.64 E.04179
G1 X47.468 Y40.72 E.03429
G1 X48.464 Y39.332 E.05783
G1 X48.604 Y39.206 E.00638
; printing object fidget-finger-massager-2000-rods-rod-07.stl id:0 copy 0
G1 E-.8 F1800
G1 X48.894 Y46.833 Z.6 F7200
G1 X49.071 Y51.485 Z.6
G1 Z.2
G1 E.8 F1800
;TYPE:Brim
G1 F1473.913
G1 X49.108 Y51.576 E.00331
G1 X49.489 Y52.229 E.02561
G1 X49.924 Y52.776 E.02364
G1 X50.453 Y53.276 E.02463
G1 X51.072 Y53.711 E.02561
G1 X51.695 Y54.027 E.02364
G1 X51.969 Y54.122 E.00982
G1 X51.969 Y55.872 E.05923
G1 X52.012 Y56.512 E.02173
G1 X52.091 Y57.26 E.02545
G1 X52.226 Y58.159 E.03077
G1 X52.276 Y58.437 E.00955
G1 X52.447 Y59.111 E.02354
G1 X52.723 Y59.784 E.02463
G1 X53.092 Y60.411 E.02463
G1 X53.527 Y60.957 E.02364
G1 X54.078 Y61.476 E.02561
G1 X54.649 Y61.877 E.02364
G1 X54.973 Y62.044 E.01232
G1 X54.499 Y62.132 E.01633
G1 X53.827 Y62.202 E.02287
G1 X53.158 Y62.175 E.02265
G1 X52.5 Y62.053 E.02266
G1 X51.866 Y61.839 E.02265
G1 X51.269 Y61.536 E.02265
G1 X50.721 Y61.151 E.02266
G1 X50.234 Y60.692 E.02265
G1 X49.817 Y60.169 E.02266
G1 X49.479 Y59.591 E.02265
G1 X49.227 Y58.97 E.02267
G1 X49.07 Y58.345 E.02184
G1 X48.892 Y57.205 E.03904
G1 X48.794 Y56.202 E.03413
G1 X48.763 Y55.558 E.02181
G1 X48.763 Y54.275 E.04343
G1 X48.812 Y53.39 E.02999
G1 X48.892 Y52.628 E.02594
G1 X49.065 Y51.525 E.0378
G1 X49.325 Y52.85 F7200
G1 F1473.913
G1 X49.433 Y52.839 E.00364
G1 X49.485 Y52.878 E.0022
G1 X49.6 Y53.022 E.00626
G1 X50.226 Y53.614 E.02914
G1 X50.831 Y54.039 E.02503
G1 X51.496 Y54.382 E.02532
G1 X51.562 Y54.491 E.0043
G1 X51.562 Y55.867 E.0466
G1 X51.607 Y56.558 E.02341
G1 X51.689 Y57.323 E.02604
G1 X51.825 Y58.233 E.03117
G1 X51.883 Y58.541 E.01059
G1 X52.051 Y59.203 E.02312
G1 X52.344 Y59.931 E.02655
G1 X52.737 Y60.61 E.02659
G1 X53.204 Y61.205 E.02557
G1 X53.585 Y61.571 E.01789
G1 X53.622 Y61.672 E.00364
G1 X53.564 Y61.763 E.00364
G1 X53.495 Y61.781 E.00241
G1 X53.212 Y61.77 E.00961
G1 X52.594 Y61.655 E.02127
G1 X52.016 Y61.458 E.02068
G1 X51.472 Y61.181 E.02068
G1 X50.972 Y60.829 E.02068
G1 X50.529 Y60.409 E.02068
G1 X50.149 Y59.93 E.02068
G1 X49.842 Y59.402 E.02068
G1 X49.613 Y58.835 E.0207
G1 X49.468 Y58.258 E.02015
G1 X49.296 Y57.157 E.0377
G1 X49.2 Y56.169 E.03361
G1 X49.17 Y55.545 E.02114
G1 X49.17 Y54.29 E.0425
G1 X49.218 Y53.42 E.02949
G1 X49.268 Y52.941 E.0163
G1 X49.304 Y52.884 E.00229
G1 X49.654 Y53.767 F7200
G1 F1473.913
G1 X49.807 Y53.779 E.0052
G1 X49.94 Y53.904 E.00617
G1 X50.591 Y54.368 E.02706
G1 X51.089 Y54.631 E.01908
G1 X51.155 Y54.739 E.00427
G1 X51.154 Y55.863 E.03807
G1 X51.201 Y56.582 E.02437
G1 X51.287 Y57.385 E.02733
G1 X51.482 Y58.612 E.04207
G1 X51.676 Y59.362 E.02621
G1 X51.963 Y60.075 E.026
G1 X52.382 Y60.809 E.02862
G1 X52.49 Y60.955 E.00614
G1 X52.51 Y61.061 E.00364
G1 X52.438 Y61.141 E.00364
G1 X52.353 Y61.143 E.00288
G1 X52.183 Y61.085 E.00607
G1 X51.675 Y60.827 E.01929
G1 X51.238 Y60.518 E.01811
G1 X50.836 Y60.139 E.0187
G1 X50.482 Y59.693 E.01929
G1 X50.205 Y59.215 E.0187
G1 X50.004 Y58.717 E.01818
G1 X49.867 Y58.171 E.01904
G1 X49.701 Y57.11 E.03637
G1 X49.607 Y56.143 E.03289
G1 X49.577 Y55.538 E.02048
G1 X49.577 Y54.304 E.04178
G1 X49.602 Y53.861 E.01503
G1 X49.635 Y53.802 E.00229
G1 X50.032 Y54.576 F7200
G1 F1473.913
G1 X50.177 Y54.573 E.00493
G1 X50.348 Y54.695 E.0071
G1 X50.684 Y54.877 E.01291
G1 X50.747 Y54.984 E.00422
G1 X50.749 Y55.894 E.03078
G1 X50.796 Y56.628 E.0249
G1 X50.885 Y57.452 E.02806
G1 X51.089 Y58.72 E.04348
G1 X51.28 Y59.457 E.02578
G1 X51.417 Y59.808 E.01273
G1 X51.407 Y59.915 E.00364
G1 X51.317 Y59.973 E.00364
G1 X51.209 Y59.93 E.00393
G1 X50.827 Y59.473 E.02018
G1 X50.576 Y59.043 E.01683
G1 X50.39 Y58.582 E.01683
G1 X50.265 Y58.085 E.01736
G1 X50.105 Y57.062 E.03503
G1 X50.013 Y56.116 E.03218
G1 X49.985 Y55.526 E.02001
G1 X49.984 Y54.673 E.02887
G1 X50.014 Y54.612 E.00229
G1 E-.8 F1800
G1 X54.394 Y52.695 Z.6 F7200
G1 Z.2
G1 E.8 F1800
;TYPE:Outer wall
;WIDTH:0.511839
G1 F1279.539
G1 X54.307 Y53.234 E.0213
G1 X54.248 Y53.768 E.02092
G1 X54.212 Y54.287 E.02029
G1 X54.212 Y55.571 E.05008
G1 X54.254 Y56.117 E.02136
;WIDTH:0.511033
G1 F1281.742
G1 X54.394 Y57.137 E.04008
G1 X53.89 Y57.226 E.01995
;WIDTH:0.511686
G1 F1279.956
G1 X53.798 Y56.655 E.02257
G1 X53.746 Y56.152 E.01968
;WIDTH:0.511838
G1 X53.701 Y55.547 E.02369
G1 X53.701 Y54.263 E.05004
G1 X53.745 Y53.658 E.02367
;WIDTH:0.510738
G1 F1282.55
M73 P1 R17
G1 X53.807 Y53.117 E.02117
;WIDTH:0.511322
G1 F1280.951
G1 X53.889 Y52.606 E.02017
G1 X54.355 Y52.688 E.01843
; stop printing object fidget-finger-massager-2000-rods-rod-07.stl id:0 copy 0
; printing object fidget-finger-massager-2000-rods-rod-04.stl id:0 copy 0
G1 X54.679 Y54.327 F7200
;TYPE:Brim
;WIDTH:0.45
G1 F1473.913
G1 X55.654 Y54.15 E.03356
G1 X55.924 Y54.241 E.00965
G1 X55.937 Y54.58 E.01148
G1 X56.06 Y55.267 E.02364
G1 X56.187 Y55.658 E.01389
G1 X55.985 Y56.749 E.03755
G1 X55.912 Y57.427 E.0231
G1 X55.937 Y58.183 E.02559
G1 X56.067 Y58.898 E.02463
G1 X56.287 Y59.562 E.02364
G1 X56.61 Y60.213 E.02463
G1 X57.022 Y60.813 E.02463
G1 X57.537 Y61.367 E.02561
G1 X58.081 Y61.805 E.02364
G1 X58.506 Y62.06 E.01678
G1 X58.102 Y62.132 E.0139
G1 X57.429 Y62.202 E.0229
G1 X56.761 Y62.175 E.02265
G1 X56.102 Y62.053 E.02266
G1 X55.468 Y61.839 E.02265
G1 X54.871 Y61.536 E.02265
G1 X54.324 Y61.151 E.02266
G1 X53.837 Y60.692 E.02265
G1 X53.42 Y60.169 E.02266
G1 X53.082 Y59.591 E.02265
G1 X52.83 Y58.97 E.02267
G1 X52.673 Y58.345 E.02184
G1 X52.606 Y57.963 E.01312
G1 X52.494 Y57.204 E.02596
G1 X52.417 Y56.474 E.02484
G1 X52.366 Y55.558 E.03107
G1 X52.374 Y54.259 E.04397
G1 X53.098 Y54.396 E.02494
G1 X53.245 Y54.404 E.00497
G1 X53.241 Y55.576 E.03966
G1 X53.344 Y56.728 E.03915
G1 X53.478 Y57.555 E.02838
G1 X53.546 Y57.678 E.00475
G1 X53.714 Y57.724 E.00588
G1 X54.723 Y57.545 E.0347
G1 X54.845 Y57.475 E.00475
G1 X54.889 Y57.311 E.00572
G1 X54.768 Y56.589 E.02478
G1 X54.672 Y55.561 E.03497
G1 X54.678 Y54.367 E.04039
G1 E-.8 F1800
G1 X55.35 Y57.386 Z.6 F7200
G1 Z.2
G1 E.8 F1800
G1 F1473.913
G1 X55.457 Y57.404 E.00364
G1 X55.507 Y57.499 E.00364
G1 X55.53 Y58.188 E.02331
G1 X55.665 Y58.963 E.02664
G1 X55.926 Y59.75 E.02804
G1 X56.279 Y60.451 E.02659
G1 X56.682 Y61.037 E.02406
G1 X57.176 Y61.576 E.02475
G1 X57.206 Y61.679 E.00364
G1 X57.143 Y61.766 E.00364
G1 X57.081 Y61.78 E.00215
G1 X56.797 Y61.768 E.00962
G1 X56.214 Y61.66 E.02009
G1 X55.635 Y61.465 E.02068
G1 X55.089 Y61.19 E.02068
G1 X54.589 Y60.84 E.02068
G1 X54.143 Y60.422 E.02068
G1 X53.762 Y59.945 E.02068
G1 X53.453 Y59.418 E.02068
G1 X53.221 Y58.852 E.02072
G1 X53.033 Y58.039 E.02824
G1 X53.057 Y57.934 E.00364
G1 X53.155 Y57.889 E.00364
G1 X53.243 Y57.93 E.00327
G1 X53.312 Y58.008 E.00354
G1 X53.45 Y58.074 E.00517
G1 X53.594 Y58.113 E.00505
G1 X53.798 Y58.122 E.00691
G1 X54.784 Y57.948 E.03387
G1 X55.038 Y57.833 E.00945
G1 X55.175 Y57.707 E.00633
G1 X55.271 Y57.459 E.00897
G1 X55.321 Y57.414 E.00229
G1 X55.101 Y58.315 F7200
G1 F1473.913
G1 X55.153 Y58.395 E.00326
G1 X55.263 Y59.024 E.02161
G1 X55.566 Y59.941 E.03268
G1 X55.912 Y60.628 E.02603
G1 X56.147 Y60.977 E.01424
G1 X56.161 Y61.083 E.00364
G1 X56.086 Y61.16 E.00364
G1 X56.007 Y61.161 E.00268
G1 X55.8 Y61.091 E.00736
G1 X55.292 Y60.835 E.01929
G1 X54.853 Y60.528 E.01811
G1 X54.449 Y60.151 E.0187
G1 X54.104 Y59.72 E.0187
G1 X53.823 Y59.245 E.0187
G1 X53.603 Y58.693 E.02009
G1 X53.612 Y58.586 E.00364
G1 X53.714 Y58.526 E.00398
G1 X53.878 Y58.521 E.00556
G1 X54.845 Y58.351 E.03326
G1 X54.994 Y58.3 E.00531
G1 X55.061 Y58.309 E.00229
G1 X54.788 Y58.822 F7200
G1 F1473.913
G1 X54.826 Y58.892 E.00268
G1 X54.86 Y59.085 E.00666
G1 X55.129 Y59.915 E.02953
G1 X55.114 Y60.022 E.00364
G1 X55.02 Y60.075 E.00364
G1 X54.929 Y60.042 E.00326
G1 X54.743 Y59.867 E.00867
G1 X54.434 Y59.48 E.01675
G1 X54.184 Y59.047 E.01692
G1 X54.176 Y58.94 E.00364
G1 X54.268 Y58.866 E.00399
G1 X54.685 Y58.792 E.01432
G1 X54.75 Y58.811 E.00229
G1 X55.362 Y57.305 F7200
G1 F1473.913
G1 X55.285 Y57.211 E.00411
G1 X55.172 Y56.533 E.02328
G1 X55.08 Y55.549 E.03344
G1 X55.083 Y54.769 E.02641
G1 X55.131 Y54.672 E.00364
G1 X55.183 Y54.649 E.00193
G1 X55.405 Y54.609 E.00761
G1 X55.508 Y54.638 E.00364
G1 X55.547 Y54.708 E.00269
G1 X55.658 Y55.332 E.02146
G1 X55.762 Y55.716 E.01348
G1 X55.586 Y56.67 E.03285
G1 X55.527 Y57.204 E.0182
G1 X55.469 Y57.295 E.00364
G1 X55.401 Y57.301 E.00229
G1 E-.8 F1800
G1 X57.997 Y52.695 Z.6 F7200
G1 Z.2
G1 E.8 F1800
;TYPE:Outer wall
;WIDTH:0.511839
G1 F1279.539
G1 X57.91 Y53.234 E.0213
G1 X57.851 Y53.768 E.02092
G1 X57.815 Y54.287 E.02029
G1 X57.815 Y55.571 E.05008
G1 X57.856 Y56.117 E.02136
;WIDTH:0.511033
G1 F1281.742
G1 X57.997 Y57.137 E.04008
G1 X57.492 Y57.226 E.01995
;WIDTH:0.511686
G1 F1279.956
G1 X57.401 Y56.655 E.02257
G1 X57.349 Y56.152 E.01968
;WIDTH:0.511838
G1 X57.303 Y55.547 E.02369
G1 X57.303 Y54.263 E.05004
G1 X57.348 Y53.658 E.02367
;WIDTH:0.510738
G1 F1282.55
G1 X57.41 Y53.117 E.02117
;WIDTH:0.511322
G1 F1280.951
G1 X57.491 Y52.606 E.02017
G1 X57.958 Y52.688 E.01843
; stop printing object fidget-finger-massager-2000-rods-rod-04.stl id:0 copy 0
; printing object fidget-finger-massager-2000-rods-rod-01.stl id:0 copy 0
G1 E-.8 F1800
G1 X56.475 Y56.34 Z.6 F7200
G1 Z.2
G1 E.8 F1800
;TYPE:Brim
;WIDTH:0.45
G1 F1473.913
G1 X56.61 Y56.611 E.01023
G1 X57.02 Y57.198 E.02424
G1 X57.081 Y57.557 E.01234
G1 X57.151 Y57.679 E.00475
G1 X57.317 Y57.724 E.00582
G1 X57.472 Y57.696 E.00532
G1 X58.081 Y58.202 E.02682
G1 X58.706 Y58.575 E.02463
G1 X59.377 Y58.856 E.02463
G1 X60.082 Y59.037 E.02463
G1 X61.055 Y59.195 E.03337
G1 X61.833 Y59.286 E.0265
G1 X62.646 Y59.345 E.02761
G1 X64.248 Y59.354 E.05423
G1 X65.362 Y59.287 E.03777
G1 X66.15 Y59.196 E.02685
G1 X66.997 Y59.062 E.02904
G1 X67.795 Y58.867 E.02778
G1 X68.468 Y58.591 E.02463
G1 X69.071 Y58.239 E.02364
G1 X69.642 Y57.788 E.02463
G1 X70.161 Y57.238 E.02561
G1 X70.563 Y56.666 E.02364
G1 X70.73 Y56.34 E.01241
G1 X70.819 Y56.817 E.01642
G1 X70.888 Y57.489 E.02287
G1 X70.861 Y58.158 E.02265
G1 X70.739 Y58.816 E.02265
G1 X70.524 Y59.45 E.02265
G1 X70.221 Y60.047 E.02266
G1 X69.836 Y60.594 E.02265
G1 X69.377 Y61.081 E.02265
G1 X68.853 Y61.498 E.02265
G1 X68.275 Y61.835 E.02266
G1 X67.655 Y62.087 E.02267
G1 X67.031 Y62.244 E.02177
G1 X65.892 Y62.422 E.03903
G1 X64.57 Y62.539 E.04491
G1 X62.655 Y62.54 E.06483
G1 X61.877 Y62.484 E.02641
G1 X60.555 Y62.31 E.04514
G1 X60.175 Y62.244 E.01305
G1 X59.519 Y62.077 E.02289
G1 X58.901 Y61.821 E.02265
G1 X58.325 Y61.479 E.02265
G1 X57.804 Y61.059 E.02266
G1 X57.349 Y60.569 E.02265
G1 X56.967 Y60.019 E.02265
G1 X56.669 Y59.42 E.02265
G1 X56.458 Y58.784 E.02266
G1 X56.341 Y58.125 E.02265
G1 X56.318 Y57.456 E.02267
G1 X56.387 Y56.815 E.02183
G1 X56.467 Y56.379 E.01499
G1 X56.802 Y58.042 F7200
G1 F1473.913
G1 X56.93 Y58.016 E.00444
G1 X57.056 Y58.075 E.00469
G1 X57.375 Y58.145 E.01106
G1 X57.88 Y58.556 E.02203
G1 X58.557 Y58.954 E.02658
G1 X59.213 Y59.228 E.02406
G1 X59.975 Y59.43 E.0267
G1 X60.987 Y59.597 E.0347
G1 X61.806 Y59.692 E.0279
G1 X62.648 Y59.752 E.02857
G1 X64.242 Y59.762 E.05396
G1 X65.384 Y59.693 E.03872
G1 X66.216 Y59.597 E.02837
G1 X67.056 Y59.464 E.02878
G1 X67.883 Y59.264 E.0288
G1 X68.615 Y58.971 E.02669
G1 X69.27 Y58.595 E.02556
G1 X69.888 Y58.112 E.02654
G1 X70.258 Y57.728 E.01804
G1 X70.359 Y57.692 E.00364
G1 X70.45 Y57.749 E.00364
G1 X70.468 Y57.818 E.0024
G1 X70.456 Y58.104 E.00968
G1 X70.341 Y58.721 E.02127
G1 X70.144 Y59.3 E.02068
G1 X69.875 Y59.829 E.02009
G1 X69.514 Y60.343 E.02127
G1 X69.107 Y60.774 E.02009
G1 X68.63 Y61.155 E.02068
G1 X68.087 Y61.472 E.02127
G1 X67.536 Y61.696 E.02014
G1 X66.955 Y61.843 E.02027
G1 X65.838 Y62.018 E.03827
G1 X64.546 Y62.132 E.04389
G1 X62.674 Y62.133 E.06338
G1 X61.913 Y62.078 E.02581
G1 X60.256 Y61.844 E.05667
G1 X59.64 Y61.686 E.02151
G1 X59.076 Y61.451 E.02068
G1 X58.551 Y61.138 E.02068
G1 X58.089 Y60.766 E.02009
G1 X57.662 Y60.306 E.02127
G1 X57.324 Y59.818 E.02009
G1 X57.05 Y59.272 E.02068
G1 X56.857 Y58.692 E.02068
G1 X56.758 Y58.148 E.01871
G1 X56.781 Y58.07 E.00276
G1 X57.39 Y58.854 F7200
G1 F1473.913
G1 X57.483 Y58.8 E.00364
G1 X57.564 Y58.824 E.00287
G1 X57.679 Y58.91 E.00485
G1 X58.407 Y59.333 E.02849
G1 X59.116 Y59.624 E.02594
G1 X59.865 Y59.822 E.02624
G1 X60.943 Y60.002 E.03697
G1 X61.779 Y60.098 E.0285
G1 X62.649 Y60.159 E.02951
G1 X64.235 Y60.169 E.05369
G1 X65.405 Y60.1 E.03965
G1 X66.26 Y60.002 E.02915
G1 X67.115 Y59.867 E.02929
G1 X67.971 Y59.662 E.02979
G1 X68.759 Y59.352 E.02868
G1 X69.467 Y58.951 E.02753
G1 X69.642 Y58.82 E.0074
G1 X69.748 Y58.801 E.00364
G1 X69.828 Y58.872 E.00364
G1 X69.831 Y58.958 E.00289
G1 X69.764 Y59.149 E.00684
G1 X69.521 Y59.626 E.01813
G1 X69.203 Y60.077 E.0187
G1 X68.836 Y60.468 E.01813
G1 X68.391 Y60.823 E.01929
G1 X67.914 Y61.102 E.01868
G1 X67.416 Y61.305 E.01822
G1 X66.868 Y61.445 E.01916
G1 X65.785 Y61.614 E.0371
G1 X64.523 Y61.725 E.04287
G1 X62.693 Y61.726 E.06194
G1 X61.953 Y61.672 E.02513
G1 X60.342 Y61.445 E.05507
G1 X59.778 Y61.301 E.01969
G1 X59.252 Y61.082 E.01929
G1 X58.792 Y60.808 E.01813
G1 X58.375 Y60.473 E.01812
G1 X57.975 Y60.043 E.01988
G1 X57.671 Y59.602 E.01812
G1 X57.424 Y59.107 E.01872
G1 X57.375 Y58.961 E.00523
G1 X57.384 Y58.894 E.00229
G1 X58.598 Y59.912 F7200
G1 F1473.913
G1 X58.714 Y59.899 E.00393
G1 X59.019 Y60.019 E.0111
G1 X59.804 Y60.225 E.02748
G1 X60.899 Y60.406 E.03758
G1 X61.753 Y60.504 E.02911
G1 X62.65 Y60.566 E.03043
G1 X64.229 Y60.576 E.05343
G1 X65.454 Y60.504 E.04155
G1 X66.326 Y60.404 E.02971
G1 X67.214 Y60.262 E.03045
G1 X68.058 Y60.06 E.02936
G1 X68.502 Y59.89 E.0161
G1 X68.609 Y59.9 E.00364
G1 X68.667 Y59.991 E.00364
G1 X68.635 Y60.088 E.00346
M73 P2 R17
G1 X68.553 Y60.173 E.00401
G1 X68.167 Y60.481 E.0167
G1 X67.741 Y60.731 E.01671
G1 X67.296 Y60.914 E.01629
G1 X66.78 Y61.047 E.01803
G1 X65.739 Y61.209 E.03565
G1 X64.5 Y61.318 E.04213
G1 X62.703 Y61.319 E.0608
G1 X61.992 Y61.267 E.02415
G1 X60.414 Y61.043 E.05393
G1 X59.899 Y60.911 E.018
G1 X59.428 Y60.713 E.0173
G1 X59.016 Y60.465 E.01627
G1 X58.59 Y60.105 E.01887
G1 X58.547 Y60.007 E.00364
G1 X58.579 Y59.947 E.00229
G1 E-.8 F1800
G1 X65.621 Y57.004 Z.6 F7200
G1 X65.824 Y56.919 Z.6
G1 Z.2
G1 E.8 F1800
;TYPE:Outer wall
;WIDTH:0.511322
G1 F1280.951
G1 X65.913 Y57.425 E.01999
;WIDTH:0.511839
G1 F1279.539
G1 X65.342 Y57.515 E.02256
G1 X64.787 Y57.576 E.02175
G1 X64.232 Y57.613 E.02169
G1 X62.957 Y57.613 E.04972
G1 X62.351 Y57.561 E.02372
;WIDTH:0.510623
G1 F1282.865
G1 X61.803 Y57.506 E.02139
;WIDTH:0.511033
G1 F1281.742
G1 X61.293 Y57.424 E.02015
G1 X61.382 Y56.919 E.01995
G1 X61.873 Y57.001 E.01939
;WIDTH:0.510623
G1 F1282.865
G1 X62.41 Y57.059 E.02102
;WIDTH:0.511745
G1 F1279.795
G1 X62.978 Y57.101 E.02219
G1 X64.232 Y57.101 E.04889
G1 X64.751 Y57.066 E.02028
G1 X65.285 Y57.007 E.02092
G1 X65.784 Y56.926 E.01973
; stop printing object fidget-finger-massager-2000-rods-rod-01.stl id:0 copy 0
; printing object fidget-finger-massager-2000-rods-rod-02.stl id:0 copy 0
G1 X65.638 Y55.652 F7200
;TYPE:Brim
;WIDTH:0.45
G1 F1473.913
G1 X66.142 Y55.594 E.01717
G1 X67.185 Y55.423 E.03578
G1 X67.769 Y55.272 E.02043
G1 X68.468 Y54.989 E.02553
G1 X69.095 Y54.62 E.02463
G1 X69.663 Y54.166 E.02463
G1 X70.161 Y53.635 E.02463
G1 X70.563 Y53.063 E.02364
G1 X70.734 Y52.731 E.01266
G1 X70.819 Y53.214 E.01659
G1 X70.888 Y53.887 E.0229
G1 X70.861 Y54.555 E.02265
G1 X70.739 Y55.213 E.02265
G1 X70.524 Y55.847 E.02265
G1 X70.221 Y56.444 E.02266
G1 X69.836 Y56.992 E.02265
G1 X69.377 Y57.478 E.02265
G1 X68.853 Y57.895 E.02265
G1 X68.275 Y58.232 E.02266
G1 X67.654 Y58.485 E.02269
G1 X67.107 Y58.626 E.01914
G1 X66.09 Y58.793 E.03486
G1 X65.33 Y58.881 E.02589
G1 X64.572 Y58.936 E.02575
G1 X62.654 Y58.938 E.0649
G1 X62.046 Y58.896 E.02064
G1 X61.316 Y58.819 E.02485
G1 X60.173 Y58.64 E.03916
G1 X59.519 Y58.474 E.02282
G1 X58.901 Y58.218 E.02265
G1 X58.325 Y57.876 E.02265
G1 X57.989 Y57.605 E.01464
G1 X58.326 Y57.545 E.0116
G1 X58.448 Y57.475 E.00475
G1 X58.492 Y57.311 E.00572
G1 X58.371 Y56.589 E.02478
G1 X58.275 Y55.56 E.03499
G1 X58.275 Y54.717 E.02855
G1 X58.732 Y54.986 E.01795
G1 X59.405 Y55.262 E.02463
G1 X60.1 Y55.438 E.02429
G1 X61.268 Y55.621 E.03999
G1 X62.007 Y55.699 E.02515
G1 X62.634 Y55.741 E.02127
G1 X64.248 Y55.752 E.05465
G1 X65.362 Y55.684 E.03777
G1 X65.598 Y55.657 E.00804
G1 X66.374 Y56.045 F7200
G1 F1473.913
G1 X66.473 Y55.952 E.00459
G1 X67.245 Y55.826 E.02649
G1 X67.864 Y55.669 E.0216
G1 X68.613 Y55.369 E.02733
G1 X69.356 Y54.932 E.02917
G1 X69.911 Y54.489 E.02405
G1 X70.257 Y54.127 E.01694
G1 X70.358 Y54.09 E.00364
G1 X70.45 Y54.148 E.00364
G1 X70.468 Y54.217 E.00241
G1 X70.456 Y54.501 E.00963
G1 X70.346 Y55.102 E.02068
G1 X70.151 Y55.681 E.02068
G1 X69.875 Y56.226 E.02068
G1 X69.514 Y56.74 E.02127
G1 X69.107 Y57.172 E.02009
G1 X68.63 Y57.553 E.02068
G1 X68.103 Y57.862 E.02068
G1 X67.533 Y58.094 E.02082
G1 X67.028 Y58.226 E.01769
G1 X66.722 Y58.277 E.01049
G1 X66.619 Y58.246 E.00364
G1 X66.581 Y58.145 E.00364
G1 X66.617 Y58.069 E.00283
G1 X66.715 Y57.972 E.00467
G1 X66.788 Y57.796 E.00646
G1 X66.809 Y57.518 E.00945
G1 X66.635 Y56.533 E.03387
G1 X66.558 Y56.348 E.00678
G1 X66.398 Y56.15 E.00863
G1 X66.383 Y56.084 E.00229
G1 X67.048 Y56.298 F7200
G1 F1473.913
G1 X67.118 Y56.259 E.00271
G1 X67.35 Y56.219 E.00799
G1 X67.957 Y56.065 E.02117
G1 X68.756 Y55.75 E.02907
G1 X69.65 Y55.22 E.03518
G1 X69.757 Y55.212 E.00364
G1 X69.829 Y55.292 E.00364
G1 X69.828 Y55.364 E.00246
G1 X69.77 Y55.531 E.00597
G1 X69.52 Y56.023 E.01869
G1 X69.203 Y56.475 E.01868
G1 X68.836 Y56.865 E.01813
G1 X68.405 Y57.211 E.01871
G1 X67.929 Y57.492 E.0187
G1 X67.379 Y57.713 E.02008
G1 X67.272 Y57.705 E.00364
G1 X67.212 Y57.602 E.00403
G1 X67.208 Y57.438 E.00554
G1 X67.018 Y56.402 E.03567
G1 X67.037 Y56.337 E.00229
G1 X67.52 Y56.617 F7200
G1 F1473.913
G1 X67.581 Y56.581 E.0024
G1 X68.05 Y56.461 E.01639
G1 X68.502 Y56.288 E.01638
G1 X68.609 Y56.297 E.00364
G1 X68.667 Y56.388 E.00364
G1 X68.635 Y56.485 E.00347
G1 X68.18 Y56.87 E.02014
G1 X67.732 Y57.131 E.01756
G1 X67.625 Y57.138 E.00364
G1 X67.551 Y57.047 E.00397
G1 X67.491 Y56.721 E.01122
G1 X67.509 Y56.656 E.00229
G1 X66.282 Y56.873 F7200
G1 F1473.913
G1 X66.41 Y57.599 E.02498
G1 X66.385 Y57.738 E.00475
G1 X66.242 Y57.836 E.00588
G1 X65.414 Y57.969 E.02838
G1 X64.829 Y58.034 E.01994
G1 X64.25 Y58.072 E.01966
G1 X62.938 Y58.072 E.04439
G1 X61.806 Y57.971 E.03848
G1 X60.963 Y57.836 E.02887
G1 X60.841 Y57.767 E.00475
G1 X60.795 Y57.599 E.00588
G1 X60.974 Y56.59 E.0347
G1 X61.044 Y56.469 E.00475
G1 X61.208 Y56.425 E.00572
G1 X61.929 Y56.545 E.02478
G1 X62.959 Y56.642 E.03499
G1 X64.247 Y56.642 E.0436
G1 X65.277 Y56.545 E.03503
G1 X65.993 Y56.425 E.02457
G1 X66.132 Y56.448 E.00475
G1 X66.232 Y56.59 E.00588
G1 X66.275 Y56.833 E.00836
G1 E-.8 F1800
G1 X60.8 Y56.152 Z.6 F7200
G1 Z.2
G1 E.8 F1800
G1 F1473.913
G1 X60.686 Y56.275 E.00569
G1 X60.571 Y56.53 E.00945
G1 X60.397 Y57.515 E.03387
G1 X60.406 Y57.719 E.00691
G1 X60.445 Y57.863 E.00505
G1 X60.511 Y58.001 E.00517
G1 X60.582 Y58.065 E.00325
G1 X60.623 Y58.165 E.00364
G1 X60.569 Y58.258 E.00364
G1 X60.482 Y58.277 E.00299
G1 X60.26 Y58.242 E.0076
G1 X59.657 Y58.089 E.02109
G1 X59.092 Y57.856 E.02068
G1 X58.887 Y57.736 E.00802
G1 X58.832 Y57.597 E.00506
G1 X58.881 Y57.429 E.00594
G1 X58.891 Y57.231 E.00669
G1 X58.775 Y56.533 E.02398
G1 X58.687 Y55.601 E.03168
G1 X58.725 Y55.5 E.00364
G1 X58.855 Y55.476 E.00447
G1 X59.243 Y55.635 E.01417
G1 X59.996 Y55.832 E.02634
G1 X60.729 Y55.948 E.02514
G1 X60.817 Y56.011 E.00364
G1 X60.804 Y56.112 E.00347
G1 X60.176 Y56.322 F7200
G1 F1473.913
G1 X60.188 Y56.401 E.00272
G1 X59.998 Y57.436 E.03562
G1 X59.993 Y57.601 E.00557
G1 X59.943 Y57.696 E.00364
G1 X59.826 Y57.711 E.00399
G1 X59.367 Y57.529 E.01671
G1 X59.29 Y57.415 E.00466
G1 X59.291 Y57.154 E.00883
G1 X59.179 Y56.484 E.02299
G1 X59.152 Y56.202 E.0096
G1 X59.191 Y56.101 E.00364
G1 X59.305 Y56.072 E.00399
G1 X59.888 Y56.224 E.02039
G1 X60.088 Y56.259 E.00689
G1 X60.143 Y56.298 E.00229
G1 E-.8 F1800
G1 X56.9 Y56.28 Z.6 F7200
G1 Z.2
G1 E.8 F1800
G1 F1473.913
G1 X56.669 Y55.817 E.01753
G1 X56.458 Y55.182 E.02266
G1 X56.341 Y54.523 E.02265
G1 X56.334 Y54.328 E.00658
G1 X56.701 Y54.396 E.01262
G1 X56.847 Y54.404 E.00497
G1 X56.844 Y55.562 E.0392
G1 X56.897 Y56.241 E.02303
G1 E-.8 F1800
G1 X64.15 Y53.865 Z.6 F7200
G1 X65.824 Y53.316 Z.6
G1 Z.2
G1 E.8 F1800
;TYPE:Outer wall
;WIDTH:0.511322
G1 F1280.951
G1 X65.913 Y53.822 E.01999
;WIDTH:0.511839
G1 F1279.539
G1 X65.342 Y53.912 E.02256
G1 X64.787 Y53.973 E.02175
G1 X64.232 Y54.01 E.02169
G1 X62.957 Y54.01 E.04972
G1 X62.351 Y53.959 E.02372
;WIDTH:0.510623
G1 F1282.865
G1 X61.803 Y53.904 E.02139
;WIDTH:0.511033
G1 F1281.742
G1 X61.293 Y53.821 E.02015
G1 X61.382 Y53.316 E.01995
G1 X61.873 Y53.398 E.01939
;WIDTH:0.510623
G1 F1282.865
G1 X62.41 Y53.456 E.02102
;WIDTH:0.511745
G1 F1279.795
G1 X62.978 Y53.498 E.02219
G1 X64.232 Y53.498 E.04889
G1 X64.751 Y53.463 E.02028
G1 X65.285 Y53.404 E.02092
G1 X65.784 Y53.323 E.01973
; stop printing object fidget-finger-massager-2000-rods-rod-02.stl id:0 copy 0
; printing object fidget-finger-massager-2000-rods-rod-03.stl id:0 copy 0
G1 X65.709 Y52.87 F7200
;TYPE:Brim
;WIDTH:0.45
G1 F1473.913
G1 X65.276 Y52.942 E.01485
G1 X64.247 Y53.039 E.03499
G1 X62.959 Y53.039 E.0436
G1 X61.728 Y52.909 E.0419
G1 X62.273 Y52.33 E.02693
G1 X62.416 Y52.123 E.00852
G1 X62.956 Y52.149 E.01828
G1 X64.25 Y52.149 E.04378
G1 X65.166 Y52.098 E.03106
G1 X65.948 Y52.016 E.02662
G1 X67.18 Y51.821 E.04223
G1 X67.795 Y51.661 E.02148
G1 X68.468 Y51.386 E.02463
G1 X69.071 Y51.034 E.02364
G1 X69.642 Y50.582 E.02463
G1 X70.161 Y50.032 E.02561
G1 X70.563 Y49.461 E.02364
G1 X70.734 Y49.128 E.01266
G1 X70.819 Y49.611 E.01659
G1 X70.888 Y50.284 E.0229
G1 X70.861 Y50.953 E.02265
G1 X70.739 Y51.611 E.02265
G1 X70.524 Y52.244 E.02265
G1 X70.221 Y52.841 E.02266
G1 X69.836 Y53.389 E.02265
G1 X69.377 Y53.876 E.02265
G1 X68.853 Y54.292 E.02265
G1 X68.275 Y54.63 E.02266
G1 X67.654 Y54.882 E.02269
G1 X67.107 Y55.024 E.01913
G1 X65.891 Y55.216 E.04166
G1 X64.57 Y55.334 E.0449
G1 X62.655 Y55.335 E.06483
G1 X61.875 Y55.278 E.02646
G1 X61.115 Y55.19 E.02589
G1 X60.173 Y55.038 E.0323
G1 X59.519 Y54.871 E.02284
G1 X58.901 Y54.615 E.02265
G1 X58.388 Y54.311 E.0202
G1 X59.175 Y54.175 E.02703
G1 X59.922 Y53.983 E.02611
G1 X60.594 Y53.7 E.02466
G1 X60.878 Y53.527 E.01129
G1 X60.795 Y53.997 E.01616
G1 X60.82 Y54.135 E.00475
G1 X60.963 Y54.233 E.00588
G1 X61.791 Y54.366 E.02838
G1 X62.956 Y54.47 E.03958
G1 X64.25 Y54.47 E.04378
G1 X65.404 Y54.368 E.03924
G1 X66.242 Y54.233 E.02873
G1 X66.365 Y54.164 E.00475
G1 X66.41 Y53.997 E.00588
G1 X66.232 Y52.987 E.0347
G1 X66.161 Y52.866 E.00475
M73 P3 R17
G1 X65.998 Y52.822 E.00572
G1 X65.748 Y52.864 E.00857
G1 E-.8 F1800
G1 X60.626 Y54.57 Z.6 F7200
G1 Z.2
G1 E.8 F1800
G1 F1473.913
G1 X60.567 Y54.66 E.00364
G1 X60.481 Y54.675 E.00297
G1 X60.087 Y54.596 E.01358
G1 X60.002 Y54.53 E.00364
G1 X60.002 Y54.422 E.00364
G1 X60.065 Y54.363 E.00293
G1 X60.313 Y54.26 E.0091
G1 X60.42 Y54.267 E.00364
G1 X60.491 Y54.37 E.00422
G1 X60.591 Y54.468 E.00475
G1 X60.613 Y54.532 E.00229
G1 E-.8 F1800
G1 X66.585 Y54.539 Z.6 F7200
G1 Z.2
G1 E.8 F1800
G1 F1473.913
G1 X66.625 Y54.46 E.003
G1 X66.695 Y54.398 E.00314
G1 X66.76 Y54.261 E.00517
G1 X66.799 Y54.117 E.00505
G1 X66.809 Y53.913 E.00691
G1 X66.635 Y52.927 E.03387
G1 X66.578 Y52.773 E.00555
G1 X66.52 Y52.673 E.00394
G1 X66.405 Y52.548 E.00572
G1 X66.375 Y52.445 E.00364
G1 X66.476 Y52.345 E.00482
G1 X67.238 Y52.224 E.02612
G1 X67.89 Y52.057 E.02277
G1 X68.614 Y51.766 E.02643
G1 X69.33 Y51.348 E.02806
G1 X69.888 Y50.907 E.02405
G1 X70.258 Y50.523 E.01805
G1 X70.359 Y50.486 E.00364
M73 P3 R16
G1 X70.45 Y50.544 E.00364
G1 X70.468 Y50.612 E.0024
G1 X70.456 Y50.898 E.00968
G1 X70.346 Y51.499 E.02068
G1 X70.151 Y52.078 E.02068
G1 X69.875 Y52.623 E.02068
G1 X69.514 Y53.137 E.02127
G1 X69.107 Y53.569 E.02009
G1 X68.63 Y53.95 E.02068
G1 X68.103 Y54.259 E.02068
G1 X67.533 Y54.491 E.02082
G1 X67.03 Y54.623 E.01762
G1 X66.726 Y54.672 E.01041
G1 X66.623 Y54.64 E.00364
G1 X66.599 Y54.577 E.00229
G1 X67.273 Y54.102 F7200
G1 F1473.913
G1 X67.213 Y54 E.004
G1 X67.208 Y53.833 E.00564
G1 X67.02 Y52.798 E.03563
G1 X67.049 Y52.694 E.00364
G1 X67.12 Y52.655 E.00272
G1 X67.345 Y52.617 E.00772
G1 X67.984 Y52.453 E.02233
G1 X68.759 Y52.146 E.02822
G1 X69.53 Y51.702 E.03014
G1 X69.641 Y51.621 E.00464
G1 X69.747 Y51.602 E.00364
G1 X69.827 Y51.674 E.00364
G1 X69.829 Y51.758 E.00284
G1 X69.777 Y51.912 E.00549
G1 X69.52 Y52.42 E.01928
G1 X69.203 Y52.872 E.01868
G1 X68.836 Y53.262 E.01813
G1 X68.405 Y53.608 E.01871
G1 X67.929 Y53.889 E.0187
G1 X67.38 Y54.11 E.02005
G1 X67.312 Y54.105 E.00229
G1 X67.625 Y53.535 F7200
G1 F1473.913
G1 X67.551 Y53.444 E.00398
G1 X67.492 Y53.117 E.01125
G1 X67.521 Y53.013 E.00364
G1 X67.581 Y52.977 E.00239
G1 X68.078 Y52.849 E.01735
G1 X68.5 Y52.687 E.01532
G1 X68.607 Y52.696 E.00364
G1 X68.665 Y52.787 E.00364
G1 X68.633 Y52.884 E.00347
G1 X68.18 Y53.267 E.02007
G1 X67.732 Y53.528 E.01754
G1 X67.665 Y53.533 E.00229
G1 E-.8 F1800
G1 X65.824 Y49.714 Z.6 F7200
G1 Z.2
G1 E.8 F1800
;TYPE:Outer wall
;WIDTH:0.511322
G1 F1280.951
G1 X65.913 Y50.219 E.01999
;WIDTH:0.511839
G1 F1279.539
G1 X65.342 Y50.31 E.02256
G1 X64.787 Y50.37 E.02175
G1 X64.232 Y50.407 E.02169
G1 X62.957 Y50.407 E.04972
G1 X62.351 Y50.356 E.02372
;WIDTH:0.510623
G1 F1282.865
G1 X61.803 Y50.301 E.02139
;WIDTH:0.511033
G1 F1281.742
G1 X61.293 Y50.218 E.02015
G1 X61.382 Y49.714 E.01995
G1 X61.873 Y49.795 E.01939
;WIDTH:0.510623
G1 F1282.865
G1 X62.41 Y49.854 E.02102
;WIDTH:0.511745
G1 F1279.795
G1 X62.978 Y49.895 E.02219
G1 X64.232 Y49.895 E.04889
G1 X64.751 Y49.86 E.02028
G1 X65.285 Y49.801 E.02092
G1 X65.784 Y49.72 E.01973
; stop printing object fidget-finger-massager-2000-rods-rod-03.stl id:0 copy 0
; printing object fidget-finger-massager-2000-rods-rod-05.stl id:0 copy 0
G1 X65.709 Y49.267 F7200
;TYPE:Brim
;WIDTH:0.45
G1 F1473.913
G1 X65.274 Y49.34 E.01492
G1 X64.249 Y49.436 E.03485
G1 X63.361 Y49.436 E.03006
G1 X63.374 Y48.941 E.01675
G1 X63.329 Y48.544 E.01352
G1 X64.537 Y48.535 E.04088
G1 X65.329 Y48.477 E.02689
G1 X66.107 Y48.387 E.02652
G1 X67.138 Y48.218 E.03534
G1 X67.751 Y48.059 E.02145
G1 X68.424 Y47.783 E.02463
G1 X69.027 Y47.431 E.02364
G1 X69.598 Y46.98 E.02463
G1 X70.117 Y46.429 E.02561
G1 X70.519 Y45.858 E.02364
G1 X70.723 Y45.461 E.0151
G1 X70.819 Y46.008 E.0188
G1 X70.888 Y46.681 E.0229
G1 X70.861 Y47.35 E.02265
G1 X70.739 Y48.008 E.02265
G1 X70.524 Y48.642 E.02265
G1 X70.221 Y49.238 E.02266
G1 X69.836 Y49.786 E.02265
G1 X69.377 Y50.273 E.02265
G1 X68.853 Y50.689 E.02265
G1 X68.275 Y51.027 E.02266
G1 X67.654 Y51.279 E.02269
G1 X67.107 Y51.421 E.01913
G1 X65.891 Y51.613 E.04166
G1 X64.569 Y51.731 E.04492
G1 X62.96 Y51.742 E.05447
G1 X62.685 Y51.729 E.00933
G1 X63.005 Y51.077 E.02458
G1 X63.076 Y50.865 E.00756
G1 X64.263 Y50.866 E.0402
G1 X65.414 Y50.764 E.03912
G1 X66.242 Y50.63 E.02838
G1 X66.365 Y50.561 E.00475
G1 X66.41 Y50.394 E.00588
G1 X66.232 Y49.384 E.0347
G1 X66.161 Y49.263 E.00475
G1 X65.998 Y49.219 E.00572
G1 X65.748 Y49.261 E.00857
G1 X66.403 Y48.943 F7200
G1 F1473.913
G1 X66.372 Y48.84 E.00364
G1 X66.473 Y48.74 E.00481
G1 X67.198 Y48.621 E.02486
G1 X67.846 Y48.454 E.02264
G1 X68.636 Y48.13 E.02892
G1 X69.286 Y47.745 E.02557
G1 X69.844 Y47.304 E.02407
G1 X70.259 Y46.871 E.02031
G1 X70.361 Y46.835 E.00364
G1 X70.452 Y46.892 E.00364
G1 X70.47 Y46.961 E.00241
G1 X70.456 Y47.295 E.01133
G1 X70.346 Y47.896 E.02068
G1 X70.151 Y48.475 E.02068
G1 X69.875 Y49.02 E.02068
G1 X69.514 Y49.534 E.02127
G1 X69.107 Y49.966 E.02009
G1 X68.63 Y50.347 E.02068
G1 X68.103 Y50.656 E.02068
G1 X67.533 Y50.889 E.02082
G1 X67.03 Y51.02 E.01762
G1 X66.726 Y51.069 E.01041
G1 X66.623 Y51.037 E.00364
G1 X66.585 Y50.936 E.00364
G1 X66.625 Y50.857 E.003
G1 X66.695 Y50.796 E.00314
G1 X66.76 Y50.658 E.00517
G1 X66.799 Y50.514 E.00505
G1 X66.809 Y50.31 E.00691
G1 X66.635 Y49.324 E.03387
G1 X66.578 Y49.17 E.00555
G1 X66.52 Y49.07 E.00394
G1 X66.43 Y48.972 E.00449
G1 X67.031 Y49.143 F7200
G1 F1473.913
G1 X67.048 Y49.085 E.00202
G1 X67.11 Y49.048 E.00246
G1 X67.94 Y48.85 E.02889
G1 X68.783 Y48.51 E.03076
G1 X69.488 Y48.099 E.02764
G1 X69.655 Y47.972 E.0071
G1 X69.761 Y47.952 E.00364
G1 X69.842 Y48.023 E.00364
G1 X69.845 Y48.108 E.0029
G1 X69.777 Y48.309 E.00718
G1 X69.52 Y48.818 E.01928
G1 X69.203 Y49.269 E.01868
G1 X68.836 Y49.66 E.01813
G1 X68.405 Y50.005 E.01871
G1 X67.929 Y50.286 E.0187
G1 X67.38 Y50.507 E.02005
G1 X67.273 Y50.499 E.00364
G1 X67.213 Y50.397 E.004
G1 X67.208 Y50.23 E.00564
G1 X67.018 Y49.189 E.03584
G1 X67.02 Y49.181 E.00027
G1 X67.517 Y49.392 F7200
G1 F1473.913
G1 X67.578 Y49.355 E.00242
G1 X68.1 Y49.225 E.01822
G1 X68.529 Y49.052 E.01566
G1 X68.637 Y49.059 E.00364
G1 X68.696 Y49.149 E.00364
G1 X68.664 Y49.248 E.00353
G1 X68.553 Y49.365 E.00547
G1 X68.18 Y49.664 E.01616
G1 X67.732 Y49.925 E.01755
G1 X67.625 Y49.933 E.00364
G1 X67.551 Y49.841 E.00397
G1 X67.488 Y49.495 E.0119
G1 X67.506 Y49.43 E.00229
G1 E-.8 F1800
G1 X65.824 Y46.111 Z.6 F7200
G1 Z.2
G1 E.8 F1800
;TYPE:Outer wall
;WIDTH:0.511322
G1 F1280.951
G1 X65.913 Y46.616 E.01999
;WIDTH:0.511839
G1 F1279.539
G1 X65.342 Y46.707 E.02256
G1 X64.787 Y46.768 E.02175
G1 X64.232 Y46.805 E.02169
G1 X62.957 Y46.805 E.04972
G1 X62.351 Y46.753 E.02372
;WIDTH:0.510623
G1 F1282.865
G1 X61.803 Y46.698 E.02139
;WIDTH:0.511033
G1 F1281.742
G1 X61.293 Y46.615 E.02015
G1 X61.382 Y46.111 E.01995
G1 X61.873 Y46.192 E.01939
;WIDTH:0.510623
G1 F1282.865
G1 X62.41 Y46.251 E.02102
;WIDTH:0.511745
G1 F1279.795
G1 X62.978 Y46.293 E.02219
G1 X64.232 Y46.293 E.04889
G1 X64.751 Y46.257 E.02028
G1 X65.285 Y46.198 E.02092
G1 X65.784 Y46.117 E.01973
; stop printing object fidget-finger-massager-2000-rods-rod-05.stl id:0 copy 0
; printing object fidget-finger-massager-2000-rods-rod-09.stl id:0 copy 0
G1 X65.709 Y45.665 F7200
;TYPE:Brim
;WIDTH:0.45
G1 F1473.913
G1 X65.276 Y45.737 E.01485
G1 X64.247 Y45.833 E.03499
G1 X63.204 Y45.833 E.03531
G1 X63.375 Y44.503 E.0454
G1 X63.333 Y43.661 E.02853
G1 X64.206 Y43.661 E.02954
G1 X64.793 Y43.622 E.01994
G1 X65.37 Y43.558 E.01965
G1 X66.198 Y43.425 E.02838
G1 X66.321 Y43.356 E.00475
G1 X66.366 Y43.188 E.00588
G1 X66.188 Y42.179 E.0347
G1 X66.117 Y42.057 E.00475
G1 X65.954 Y42.013 E.00572
G1 X65.232 Y42.134 E.02478
G1 X64.203 Y42.23 E.03497
G1 X62.925 Y42.223 E.04327
G1 X62.654 Y41.689 E.02029
G1 X62.236 Y41.093 E.02463
G1 X61.738 Y40.563 E.02463
G1 X61.169 Y40.11 E.02463
G1 X60.541 Y39.743 E.02463
G1 X59.867 Y39.468 E.02463
G1 X59.176 Y39.295 E.02414
G1 X58.163 Y39.116 E.03479
G1 X57.675 Y39.06 E.01665
G1 X58.185 Y38.576 E.02379
G1 X58.734 Y38.193 E.02265
G1 X59.332 Y37.893 E.02266
G1 X59.966 Y37.68 E.02265
G1 X60.625 Y37.561 E.02266
G1 X61.293 Y37.536 E.02263
G1 X62.023 Y37.619 E.02486
G1 X62.495 Y37.697 E.01621
G1 X63.083 Y37.753 E.01998
G1 X64.035 Y37.753 E.0322
G1 X64.292 Y37.734 E.00872
G1 X65.771 Y37.538 E.05051
G1 X66.439 Y37.555 E.02261
G1 X67.099 Y37.667 E.02265
G1 X67.736 Y37.872 E.02266
G1 X68.337 Y38.166 E.02265
G1 X68.891 Y38.542 E.02266
G1 X69.385 Y38.994 E.02265
G1 X69.809 Y39.511 E.02265
G1 X70.156 Y40.084 E.02266
G1 X70.417 Y40.699 E.02263
G1 X70.599 Y41.408 E.02476
G1 X70.775 Y42.405 E.03428
G1 X70.844 Y43.078 E.0229
G1 X70.817 Y43.747 E.02265
G1 X70.695 Y44.405 E.02265
G1 X70.48 Y45.039 E.02265
G1 X70.177 Y45.636 E.02266
G1 X69.792 Y46.183 E.02265
G1 X69.333 Y46.67 E.02265
G1 X68.809 Y47.087 E.02265
G1 X68.231 Y47.424 E.02266
G1 X67.611 Y47.676 E.02267
G1 X66.986 Y47.833 E.02179
G1 X66.047 Y47.984 E.03221
G1 X65.084 Y48.09 E.03279
G1 X64.2 Y48.139 E.02997
G1 X63.277 Y48.139 E.03125
G1 X63.177 Y47.434 E.02412
G1 X63.169 Y47.264 E.00575
G1 X64.25 Y47.264 E.03658
G1 X64.837 Y47.225 E.01994
G1 X65.414 Y47.161 E.01965
G1 X66.242 Y47.027 E.02838
G1 X66.365 Y46.959 E.00475
G1 X66.41 Y46.791 E.00588
G1 X66.232 Y45.782 E.0347
G1 X66.161 Y45.66 E.00475
G1 X65.998 Y45.616 E.00572
G1 X65.748 Y45.658 E.00857
G1 X65.681 Y45.256 F7200
G1 F1473.913
G1 X65.219 Y45.333 E.01586
G1 X64.233 Y45.426 E.03351
G1 X63.805 Y45.426 E.0145
G1 X63.709 Y45.379 E.00364
G1 X63.684 Y45.288 E.00317
G1 X63.777 Y44.564 E.02471
G1 X63.767 Y44.194 E.01255
G1 X63.812 Y44.096 E.00364
G1 X63.889 Y44.068 E.00277
G1 X64.237 Y44.067 E.01179
G1 X64.841 Y44.026 E.02049
G1 X65.438 Y43.959 E.02035
G1 X66.252 Y43.828 E.02792
G1 X66.508 Y43.717 E.00945
G1 X66.651 Y43.59 E.00646
G1 X66.716 Y43.452 E.00517
G1 X66.755 Y43.308 E.00505
G1 X66.765 Y43.104 E.00691
G1 X66.591 Y42.119 E.03387
G1 X66.476 Y41.864 E.00945
G1 X66.346 Y41.724 E.00647
M73 P4 R16
G1 X66.213 Y41.662 E.00498
G1 X66.073 Y41.624 E.00492
G1 X65.874 Y41.614 E.00673
G1 X65.175 Y41.73 E.02398
G1 X64.192 Y41.823 E.03344
G1 X63.25 Y41.818 E.03185
G1 X63.143 Y41.753 E.00425
G1 X62.983 Y41.449 E.01162
G1 X62.527 Y40.808 E.02662
G1 X62.04 Y40.291 E.02406
G1 X61.429 Y39.797 E.0266
G1 X60.754 Y39.395 E.02659
G1 X60.028 Y39.094 E.02659
G1 X59.278 Y38.901 E.02621
G1 X58.894 Y38.832 E.01321
G1 X58.807 Y38.768 E.00364
G1 X58.805 Y38.66 E.00364
G1 X58.95 Y38.54 E.0064
G1 X59.497 Y38.267 E.02068
G1 X60.06 Y38.078 E.02009
G1 X60.66 Y37.968 E.02068
G1 X61.287 Y37.945 E.02122
G1 X61.964 Y38.022 E.02306
G1 X62.461 Y38.102 E.01704
G1 X63.089 Y38.16 E.02134
G1 X64.03 Y38.16 E.03188
G1 X64.317 Y38.141 E.00972
G1 X65.802 Y37.946 E.05071
G1 X66.408 Y37.963 E.02051
G1 X66.993 Y38.062 E.02009
G1 X67.575 Y38.248 E.02068
G1 X68.124 Y38.515 E.02068
G1 X68.63 Y38.857 E.02068
G1 X69.094 Y39.281 E.02127
G1 X69.48 Y39.754 E.02068
G1 X69.788 Y40.262 E.02009
G1 X70.026 Y40.822 E.0206
G1 X70.202 Y41.499 E.02367
G1 X70.371 Y42.457 E.03294
G1 X70.436 Y43.1 E.02186
G1 X70.412 Y43.693 E.02009
G1 X70.302 Y44.293 E.02068
G1 X70.1 Y44.888 E.02127
G1 X69.823 Y45.433 E.02068
G1 X69.47 Y45.932 E.02068
G1 X69.063 Y46.363 E.02009
G1 X68.571 Y46.754 E.02127
G1 X68.043 Y47.061 E.02068
G1 X67.473 Y47.291 E.02079
G1 X66.739 Y47.46 E.02551
G1 X66.634 Y47.436 E.00364
G1 X66.59 Y47.338 E.00364
G1 X66.63 Y47.25 E.00327
G1 X66.695 Y47.193 E.00292
G1 X66.76 Y47.055 E.00517
G1 X66.799 Y46.911 E.00505
G1 X66.809 Y46.707 E.00691
G1 X66.635 Y45.722 E.03387
G1 X66.52 Y45.467 E.00945
G1 X66.39 Y45.326 E.00647
G1 X66.257 Y45.264 E.00498
G1 X66.117 Y45.227 E.00492
G1 X65.918 Y45.217 E.00673
G1 X65.721 Y45.25 E.00677
G1 X65.661 Y44.854 F7200
G1 F1473.913
G1 X65.162 Y44.93 E.01708
G1 X64.28 Y45.012 E.02999
G1 X64.18 Y44.974 E.00364
G1 X64.147 Y44.876 E.00348
G1 X64.183 Y44.579 E.01015
G1 X64.241 Y44.488 E.00364
G1 X65.48 Y44.364 E.04215
G1 X66.304 Y44.232 E.02825
G1 X66.663 Y44.093 E.01303
G1 X66.787 Y44.014 E.00498
G1 X66.913 Y43.901 E.00571
G1 X67.022 Y43.756 E.00616
G1 X67.11 Y43.553 E.00747
G1 X67.163 Y43.316 E.00822
G1 X67.171 Y43.136 E.00612
G1 X66.993 Y42.055 E.03707
G1 X66.959 Y41.944 E.00391
G1 X66.851 Y41.706 E.00886
G1 X66.769 Y41.581 E.00506
G1 X66.654 Y41.457 E.00573
G1 X66.507 Y41.35 E.00614
G1 X66.189 Y41.234 E.01146
G1 X65.794 Y41.215 E.01338
G1 X65.118 Y41.327 E.02319
G1 X64.167 Y41.415 E.03233
G1 X63.497 Y41.412 E.0227
G1 X63.391 Y41.35 E.00416
G1 X63.311 Y41.208 E.00552
G1 X62.864 Y40.579 E.02612
G1 X62.289 Y39.969 E.02837
G1 X61.691 Y39.485 E.02604
G1 X60.969 Y39.05 E.02856
G1 X60.144 Y38.705 E.03024
G1 X60.074 Y38.624 E.00364
G1 X60.094 Y38.518 E.00364
G1 X60.169 Y38.472 E.00298
G1 X60.714 Y38.373 E.01872
G1 X61.28 Y38.354 E.01919
G1 X61.905 Y38.425 E.02129
G1 X62.428 Y38.508 E.01791
G1 X63.046 Y38.565 E.02102
G1 X64.027 Y38.567 E.03318
G1 X64.374 Y38.544 E.01177
G1 X65.814 Y38.356 E.04917
G1 X66.377 Y38.37 E.01906
G1 X66.905 Y38.461 E.01814
G1 X67.415 Y38.624 E.01813
G1 X67.912 Y38.864 E.0187
G1 X68.37 Y39.173 E.01868
G1 X68.791 Y39.556 E.01926
G1 X69.152 Y39.997 E.01929
G1 X69.428 Y40.456 E.01814
G1 X69.636 Y40.945 E.018
G1 X69.804 Y41.59 E.02256
G1 X69.967 Y42.509 E.03157
G1 X70.028 Y43.121 E.02082
G1 X70.005 Y43.656 E.01813
G1 X69.908 Y44.182 E.01811
G1 X69.727 Y44.721 E.01926
G1 X69.468 Y45.229 E.01928
G1 X69.159 Y45.666 E.01813
G1 X68.793 Y46.056 E.01812
G1 X68.348 Y46.412 E.01927
G1 X67.871 Y46.69 E.01868
G1 X67.381 Y46.889 E.01792
G1 X67.274 Y46.881 E.00364
G1 X67.213 Y46.78 E.00399
G1 X67.208 Y46.628 E.00516
G1 X67.037 Y45.658 E.03332
G1 X67.003 Y45.547 E.00394
G1 X66.895 Y45.309 E.00886
G1 X66.813 Y45.184 E.00506
G1 X66.698 Y45.059 E.00573
G1 X66.551 Y44.952 E.00614
G1 X66.231 Y44.836 E.01154
G1 X65.948 Y44.811 E.00962
G1 X65.701 Y44.848 E.00845
G1 X66.788 Y44.557 F7200
G1 F1473.913
G1 X66.846 Y44.454 E.00399
G1 X67.001 Y44.36 E.00613
G1 X67.178 Y44.21 E.00786
G1 X67.342 Y44.007 E.00883
G1 X67.479 Y43.724 E.01066
G1 X67.569 Y43.326 E.01379
G1 X67.571 Y43.059 E.00904
G1 X67.38 Y41.932 E.0387
G1 X67.225 Y41.545 E.01412
G1 X67.063 Y41.3 E.00995
G1 X66.886 Y41.122 E.00848
G1 X66.754 Y41.026 E.00552
G1 X66.638 Y40.964 E.00446
G1 X66.337 Y40.855 E.01086
G1 X66.201 Y40.827 E.00467
G1 X65.716 Y40.815 E.01642
G1 X65.062 Y40.923 E.02246
G1 X64.156 Y41.008 E.03081
G1 X63.73 Y41.006 E.01441
G1 X63.631 Y40.956 E.00375
G1 X63.155 Y40.294 E.02759
G1 X62.591 Y39.696 E.02783
G1 X61.952 Y39.173 E.02795
G1 X61.76 Y39.051 E.0077
G1 X61.704 Y38.96 E.00364
G1 X61.742 Y38.859 E.00364
G1 X61.844 Y38.827 E.00362
G1 X62.395 Y38.914 E.01887
G1 X63.004 Y38.969 E.02071
G1 X64.022 Y38.974 E.03445
G1 X64.43 Y38.947 E.01386
G1 X65.825 Y38.765 E.04763
G1 X66.328 Y38.776 E.01701
G1 X66.816 Y38.86 E.01677
G1 X67.272 Y39.007 E.0162
G1 X67.701 Y39.215 E.01615
G1 X68.111 Y39.489 E.01668
G1 X68.488 Y39.831 E.01723
G1 X68.812 Y40.225 E.01729
G1 X69.068 Y40.65 E.01677
G1 X69.252 Y41.086 E.01603
G1 X69.407 Y41.682 E.02084
G1 X69.562 Y42.56 E.03018
G1 X69.62 Y43.141 E.01976
G1 X69.6 Y43.602 E.01561
G1 X69.515 Y44.071 E.01615
G1 X69.354 Y44.555 E.01724
G1 X69.123 Y45.01 E.01728
G1 X68.837 Y45.414 E.01676
G1 X68.509 Y45.762 E.01618
G1 X68.124 Y46.07 E.01668
G1 X67.731 Y46.301 E.01544
G1 X67.623 Y46.309 E.00364
G1 X67.549 Y46.217 E.00399
G1 X67.425 Y45.536 E.02343
G1 X67.269 Y45.148 E.01417
G1 X67.105 Y44.901 E.01003
G1 X67.003 Y44.79 E.00509
G1 X66.833 Y44.654 E.00737
G1 X66.805 Y44.593 E.00229
G1 X67.436 Y44.626 F7200
G1 F1473.913
G1 X67.441 Y44.521 E.00353
G1 X67.713 Y44.175 E.01491
G1 X67.879 Y43.803 E.01378
G1 X67.976 Y43.318 E.01673
G1 X67.971 Y42.983 E.01135
G1 X67.753 Y41.769 E.04176
G1 X67.606 Y41.403 E.01333
G1 X67.407 Y41.083 E.01279
G1 X67.18 Y40.841 E.01121
G1 X66.939 Y40.663 E.01013
G1 X66.77 Y40.579 E.00639
G1 X66.483 Y40.474 E.01036
G1 X66.291 Y40.43 E.00667
G1 X65.639 Y40.415 E.02208
G1 X65.005 Y40.52 E.02172
G1 X64.143 Y40.6 E.02931
G1 X63.939 Y40.6 E.00692
G1 X63.84 Y40.549 E.00375
G1 X63.489 Y40.062 E.02031
G1 X63.044 Y39.582 E.02217
G1 X63.013 Y39.479 E.00364
G1 X63.075 Y39.392 E.00364
G1 X63.134 Y39.377 E.00203
G1 X64.052 Y39.38 E.0311
G1 X64.487 Y39.35 E.01474
G1 X65.838 Y39.173 E.04612
G1 X66.279 Y39.182 E.01495
G1 X66.71 Y39.255 E.01479
G1 X67.112 Y39.383 E.01427
G1 X67.505 Y39.573 E.0148
G1 X67.866 Y39.817 E.01472
G1 X68.198 Y40.119 E.01522
G1 X68.473 Y40.454 E.01466
G1 X68.7 Y40.827 E.01479
G1 X68.868 Y41.226 E.01464
G1 X69.01 Y41.773 E.01915
G1 X69.158 Y42.611 E.02878
G1 X69.211 Y43.144 E.01813
G1 X69.195 Y43.548 E.0137
G1 X69.121 Y43.962 E.01421
G1 X68.973 Y44.405 E.01584
G1 X68.768 Y44.807 E.01525
G1 X68.515 Y45.162 E.01477
G1 X68.239 Y45.456 E.01365
G1 X68.036 Y45.619 E.00879
G1 X67.931 Y45.642 E.00364
G1 X67.842 Y45.552 E.0043
G1 X67.799 Y45.376 E.00611
G1 X67.65 Y45.006 E.0135
G1 X67.436 Y44.665 E.01365
G1 X67.929 Y44.684 F7200
G1 F1473.913
G1 X67.934 Y44.552 E.00445
G1 X68.088 Y44.331 E.00913
G1 X68.28 Y43.872 E.01686
G1 X68.373 Y43.41 E.01594
G1 X68.378 Y42.985 E.01439
G1 X68.127 Y41.606 E.04743
G1 X67.947 Y41.181 E.01563
G1 X67.697 Y40.798 E.01549
G1 X67.415 Y40.508 E.01369
G1 X67.114 Y40.296 E.01246
G1 X66.904 Y40.194 E.00791
G1 X66.628 Y40.094 E.00993
G1 X66.392 Y40.036 E.00821
G1 X65.658 Y40.009 E.02487
G1 X64.949 Y40.116 E.02427
G1 X64.157 Y40.19 E.02691
G1 X64.047 Y40.14 E.0041
G1 X63.932 Y39.98 E.00665
G1 X63.914 Y39.874 E.00364
G1 X64.023 Y39.787 E.00473
G1 X64.544 Y39.753 E.01766
G1 X65.851 Y39.582 E.04464
G1 X66.232 Y39.589 E.0129
G1 X66.605 Y39.65 E.0128
G1 X66.952 Y39.76 E.01232
G1 X67.294 Y39.923 E.01283
G1 X67.606 Y40.133 E.01272
G1 X67.896 Y40.395 E.01322
G1 X68.135 Y40.683 E.01267
G1 X68.332 Y41.006 E.01279
G1 X68.478 Y41.349 E.01262
G1 X68.613 Y41.865 E.01806
G1 X68.754 Y42.662 E.0274
G1 X68.802 Y43.147 E.01652
G1 X68.789 Y43.496 E.0118
G1 X68.723 Y43.869 E.01284
G1 X68.592 Y44.256 E.0138
G1 X68.414 Y44.602 E.0132
G1 X68.231 Y44.86 E.01069
G1 X68.136 Y44.911 E.00364
G1 X68.026 Y44.851 E.00426
G1 X67.949 Y44.718 E.00518
G1 E-.8 F1800
G1 X65.78 Y42.508 Z.6 F7200
G1 Z.2
G1 E.8 F1800
;TYPE:Outer wall
;WIDTH:0.511322
G1 F1280.951
G1 X65.869 Y43.014 E.01999
;WIDTH:0.511839
G1 F1279.539
G1 X65.298 Y43.104 E.02256
G1 X64.743 Y43.165 E.02175
G1 X64.188 Y43.202 E.02169
G1 X62.913 Y43.202 E.04972
G1 X62.307 Y43.15 E.02372
;WIDTH:0.510623
G1 F1282.865
G1 X61.76 Y43.095 E.02139
;WIDTH:0.511033
G1 F1281.742
G1 X61.249 Y43.013 E.02015
G1 X61.338 Y42.508 E.01995
G1 X61.829 Y42.589 E.01939
;WIDTH:0.510623
G1 F1282.865
G1 X62.366 Y42.648 E.02102
;WIDTH:0.511745
G1 F1279.795
G1 X62.934 Y42.69 E.02219
G1 X64.188 Y42.69 E.04889
G1 X64.707 Y42.654 E.02028
G1 X65.241 Y42.596 E.02092
G1 X65.74 Y42.515 E.01973
; stop printing object fidget-finger-massager-2000-rods-rod-09.stl id:0 copy 0
; printing object fidget-finger-massager-2000-rods-rod-06.stl id:0 copy 0
G1 E-.8 F1800
G1 X61.013 Y48.507 Z.6 F7200
G1 X56.879 Y53.748 Z.6
G1 Z.2
G1 E.8 F1800
;TYPE:Brim
;WIDTH:0.45
G1 F1473.913
G1 X56.862 Y53.997 E.00846
G1 X56.44 Y53.934 E.01444
G1 X56.842 Y53.764 E.01478
G1 X58.308 Y53.904 F7200
G1 F1473.913
G1 X58.371 Y53.243 E.02249
G1 X58.491 Y52.527 E.02458
G1 X58.688 Y52.307 E.01
G1 X59.081 Y51.73 E.02364
G1 X59.402 Y51.077 E.02463
G1 X59.627 Y50.385 E.02463
G1 X59.751 Y49.668 E.02463
G1 X59.77 Y48.912 E.02561
G1 X59.687 Y48.218 E.02364
G1 X59.61 Y47.752 E.016
G1 X59.557 Y47.2 E.01875
G1 X59.557 Y46.266 E.03162
G1 X59.573 Y46.037 E.00778
G1 X59.772 Y44.503 E.05236
G1 X59.745 Y43.743 E.02576
G1 X59.613 Y43.027 E.02463
G1 X59.391 Y42.365 E.02364
G1 X59.066 Y41.714 E.02463
G1 X58.652 Y41.116 E.02463
G1 X58.156 Y40.583 E.02463
G1 X57.59 Y40.127 E.02463
G1 X56.964 Y39.755 E.02463
G1 X56.433 Y39.535 E.01946
G1 X56.863 Y39.465 E.01474
G1 X57.534 Y39.453 E.02269
G1 X58.099 Y39.518 E.01925
G1 X59.098 Y39.694 E.03434
G1 X59.754 Y39.859 E.0229
G1 X60.373 Y40.114 E.02266
G1 X60.95 Y40.453 E.02266
G1 X61.472 Y40.872 E.02266
G1 X61.929 Y41.361 E.02265
G1 X62.312 Y41.91 E.02266
G1 X62.452 Y42.188 E.01056
G1 X61.886 Y42.134 E.01926
G1 X61.164 Y42.013 E.02478
G1 X61.026 Y42.04 E.00475
G1 X60.93 Y42.179 E.00572
G1 X60.751 Y43.188 E.0347
G1 X60.776 Y43.327 E.00475
G1 X60.92 Y43.425 E.00588
G1 X61.747 Y43.558 E.02838
G1 X62.324 Y43.622 E.01965
G1 X62.917 Y43.653 E.02011
G1 X62.944 Y43.801 E.0051
G1 X62.969 Y44.468 E.02258
G1 X62.795 Y45.816 E.04602
G1 X61.929 Y45.737 E.02944
G1 X61.208 Y45.616 E.02477
G1 X61.069 Y45.642 E.00475
G1 X60.974 Y45.782 E.00572
G1 X60.795 Y46.791 E.0347
G1 X60.82 Y46.929 E.00475
G1 X60.963 Y47.027 E.00588
G1 X61.806 Y47.163 E.02887
G1 X62.766 Y47.248 E.03264
G1 X62.808 Y47.794 E.01853
G1 X62.887 Y48.271 E.01637
G1 X62.967 Y48.945 E.02298
G1 X62.954 Y49.425 E.01626
G1 X62.447 Y49.399 E.0172
G1 X61.931 Y49.34 E.01755
G1 X61.208 Y49.219 E.02484
G1 X61.069 Y49.245 E.00475
G1 X60.974 Y49.384 E.00572
G1 X60.795 Y50.394 E.0347
G1 X60.82 Y50.532 E.00475
G1 X60.963 Y50.63 E.00588
G1 X61.805 Y50.765 E.02887
G1 X62.656 Y50.841 E.02889
M73 P5 R16
G1 X62.339 Y51.513 E.02512
G1 X61.963 Y52.066 E.02266
G1 X61.511 Y52.56 E.02265
G1 X61.186 Y52.827 E.01423
G1 X61.074 Y52.845 E.00386
G1 X60.972 Y52.998 E.00623
G1 X60.421 Y53.331 E.02177
G1 X59.806 Y53.592 E.02263
G1 X59.097 Y53.775 E.02476
G1 X58.339 Y53.906 E.02603
G1 X58.827 Y53.367 F7200
G1 F1473.913
G1 X58.782 Y53.251 E.0042
G1 X58.867 Y52.746 E.01733
G1 X59.45 Y51.903 E.03472
G1 X59.792 Y51.195 E.02661
G1 X60.012 Y50.519 E.02406
G1 X60.151 Y49.745 E.0266
G1 X60.176 Y48.93 E.02762
G1 X60.092 Y48.173 E.02579
G1 X60.014 Y47.695 E.01639
G1 X59.964 Y47.173 E.01773
G1 X59.979 Y46.075 E.03719
G1 X60.174 Y44.565 E.05152
G1 X60.143 Y43.66 E.03065
G1 X59.996 Y42.891 E.02652
G1 X59.752 Y42.176 E.02558
G1 X59.434 Y41.54 E.02405
G1 X58.944 Y40.832 E.02914
G1 X58.459 Y40.311 E.0241
G1 X58.334 Y40.204 E.00557
G1 X58.292 Y40.105 E.00364
G1 X58.345 Y40.011 E.00364
G1 X58.435 Y39.991 E.00315
G1 X59.008 Y40.092 E.01969
G1 X59.618 Y40.245 E.02127
G1 X60.199 Y40.484 E.02127
G1 X60.725 Y40.795 E.02068
G1 X61.188 Y41.166 E.02009
G1 X61.43 Y41.423 E.01196
G1 X61.461 Y41.526 E.00364
G1 X61.399 Y41.614 E.00364
G1 X61.335 Y41.629 E.00222
G1 X61.074 Y41.616 E.00885
G1 X60.963 Y41.637 E.00382
G1 X60.787 Y41.712 E.00647
G1 X60.684 Y41.817 E.00498
G1 X60.602 Y41.937 E.00492
G1 X60.526 Y42.121 E.00673
G1 X60.352 Y43.107 E.03389
G1 X60.373 Y43.385 E.00945
G1 X60.447 Y43.561 E.00646
G1 X60.555 Y43.669 E.00517
G1 X60.678 Y43.753 E.00505
G1 X60.868 Y43.829 E.00691
G1 X61.705 Y43.963 E.02869
G1 X62.44 Y44.036 E.025
G1 X62.531 Y44.092 E.00364
G1 X62.55 Y44.153 E.00214
G1 X62.559 Y44.459 E.01038
G1 X62.457 Y45.258 E.02727
G1 X62.397 Y45.348 E.00364
G1 X62.324 Y45.364 E.00253
G1 X61.986 Y45.333 E.01151
G1 X61.285 Y45.217 E.02405
G1 X61.007 Y45.24 E.00945
G1 X60.831 Y45.315 E.00647
G1 X60.728 Y45.42 E.00498
G1 X60.646 Y45.54 E.00492
G1 X60.57 Y45.724 E.00673
G1 X60.396 Y46.71 E.03389
G1 X60.397 Y46.874 E.00555
G1 X60.417 Y46.988 E.00394
G1 X60.491 Y47.164 E.00646
G1 X60.599 Y47.271 E.00517
G1 X60.722 Y47.356 E.00505
G1 X60.912 Y47.431 E.00692
G1 X61.737 Y47.564 E.02827
G1 X62.284 Y47.614 E.01859
G1 X62.394 Y47.719 E.00516
G1 X62.545 Y48.847 E.03853
G1 X62.511 Y48.949 E.00364
G1 X62.41 Y48.985 E.00361
G1 X61.985 Y48.936 E.01448
G1 X61.285 Y48.819 E.02402
G1 X61.121 Y48.821 E.00555
G1 X61.007 Y48.843 E.00394
G1 X60.831 Y48.918 E.00647
G1 X60.728 Y49.023 E.00498
G1 X60.646 Y49.143 E.00492
G1 X60.57 Y49.327 E.00673
G1 X60.396 Y50.312 E.03389
G1 X60.417 Y50.591 E.00945
G1 X60.491 Y50.767 E.00646
G1 X60.599 Y50.874 E.00517
G1 X60.722 Y50.958 E.00505
G1 X60.912 Y51.034 E.00691
G1 X61.862 Y51.179 E.03255
G1 X61.951 Y51.241 E.00364
G1 X61.945 Y51.369 E.00433
G1 X61.637 Y51.82 E.01849
G1 X61.236 Y52.258 E.02009
G1 X61.022 Y52.435 E.0094
G1 X60.847 Y52.511 E.00646
G1 X60.66 Y52.711 E.00928
G1 X60.227 Y52.971 E.01709
G1 X59.683 Y53.202 E.02001
G1 X58.932 Y53.39 E.0262
G1 X58.866 Y53.376 E.00229
G1 E-.8 F1800
G1 X59.695 Y45.788 Z.6 F7200
G1 X60.126 Y41.847 Z.6
G1 Z.2
G1 E.8 F1800
G1 F1473.913
G1 X60.01 Y41.781 E.00454
G1 X59.764 Y41.301 E.01822
G1 X59.461 Y40.863 E.01804
G1 X59.445 Y40.757 E.00364
G1 X59.519 Y40.679 E.00364
G1 X59.608 Y40.681 E.00299
G1 X60.027 Y40.855 E.01536
G1 X60.556 Y41.182 E.02105
G1 X60.613 Y41.273 E.00364
G1 X60.571 Y41.378 E.00381
G1 X60.399 Y41.528 E.00775
G1 X60.219 Y41.793 E.01083
G1 X60.161 Y41.827 E.00229
G1 E-.8 F1800
G1 X60.674 Y44.221 Z.6 F7200
G1 Z.2
G1 E.8 F1800
G1 F1473.913
G1 X60.728 Y44.209 E.00187
G1 X60.81 Y44.232 E.00288
G1 X61.637 Y44.364 E.02834
G1 X62.03 Y44.404 E.01336
G1 X62.121 Y44.461 E.00364
G1 X62.138 Y44.541 E.00278
G1 X62.104 Y44.812 E.00923
G1 X62.044 Y44.901 E.00364
G1 X61.962 Y44.917 E.00282
G1 X61.243 Y44.812 E.0246
G1 X60.987 Y44.833 E.00871
G1 X60.715 Y44.922 E.0097
G1 X60.608 Y44.907 E.00364
G1 X60.555 Y44.793 E.00423
G1 X60.581 Y44.543 E.00851
G1 X60.574 Y44.331 E.00719
G1 X60.618 Y44.233 E.00364
G1 X60.635 Y44.229 E.0006
G1 E-.8 F1800
G1 X60.624 Y47.754 Z.6 F7200
G1 Z.2
G1 E.8 F1800
G1 F1473.913
G1 X60.75 Y47.805 E.0046
G1 X61.669 Y47.965 E.03161
G1 X61.924 Y47.99 E.00866
G1 X62.033 Y48.095 E.00514
G1 X62.071 Y48.378 E.00965
G1 X62.037 Y48.48 E.00364
G1 X61.93 Y48.514 E.00381
G1 X61.361 Y48.419 E.01954
G1 X61.123 Y48.414 E.00804
G1 X60.939 Y48.442 E.00629
G1 X60.695 Y48.533 E.00884
G1 X60.588 Y48.523 E.00364
G1 X60.531 Y48.435 E.00354
G1 X60.457 Y47.884 E.01882
G1 X60.491 Y47.782 E.00364
G1 X60.584 Y47.763 E.00321
G1 E-.8 F1800
G1 X60.282 Y51.198 Z.6 F7200
G1 Z.2
G1 E.8 F1800
G1 F1473.913
G1 X60.378 Y51.216 E.0033
G1 X60.483 Y51.288 E.00432
G1 X60.752 Y51.408 E.00997
G1 X61.142 Y51.481 E.01342
G1 X61.228 Y51.546 E.00364
G1 X61.21 Y51.684 E.00471
G1 X60.948 Y51.968 E.01306
G1 X60.821 Y52.074 E.00562
G1 X60.697 Y52.133 E.00465
G1 X60.542 Y52.242 E.00641
G1 X60.387 Y52.4 E.00749
G1 X60.034 Y52.611 E.01392
G1 X59.602 Y52.794 E.01588
G1 X59.495 Y52.788 E.00364
G1 X59.434 Y52.7 E.00364
G1 X59.453 Y52.613 E.003
G1 X59.82 Y52.072 E.02212
G1 X60.198 Y51.265 E.03018
G1 X60.251 Y51.223 E.00229
G1 E-.8 F1800
G1 X57.997 Y44.514 Z.6 F7200
G1 Z.2
G1 E.8 F1800
;TYPE:Outer wall
;WIDTH:0.511839
G1 F1279.539
G1 X57.91 Y45.053 E.0213
G1 X57.851 Y45.586 E.02092
G1 X57.815 Y46.105 E.02029
G1 X57.815 Y47.39 E.05008
G1 X57.856 Y47.936 E.02136
;WIDTH:0.511033
G1 F1281.742
G1 X57.997 Y48.956 E.04008
G1 X57.492 Y49.045 E.01995
;WIDTH:0.511686
G1 F1279.956
G1 X57.401 Y48.473 E.02257
G1 X57.349 Y47.971 E.01968
;WIDTH:0.511838
G1 X57.303 Y47.365 E.02369
G1 X57.303 Y46.082 E.05004
G1 X57.348 Y45.476 E.02367
;WIDTH:0.510738
G1 F1282.55
G1 X57.41 Y44.936 E.02117
;WIDTH:0.511322
G1 F1280.951
G1 X57.491 Y44.424 E.02017
G1 X57.958 Y44.507 E.01843
; stop printing object fidget-finger-massager-2000-rods-rod-06.stl id:0 copy 0
; printing object fidget-finger-massager-2000-rods-rod-08.stl id:0 copy 0
G1 X59.338 Y44.685 F7200
;TYPE:Brim
;WIDTH:0.45
G1 F1473.913
G1 X59.168 Y46.002 E.04495
G1 X59.15 Y46.259 E.00872
G1 X59.15 Y47.21 E.0322
G1 X59.206 Y47.798 E.01998
G1 X59.284 Y48.271 E.01623
G1 X59.364 Y48.945 E.02299
G1 X59.347 Y49.614 E.02265
G1 X59.235 Y50.274 E.02265
G1 X59.03 Y50.911 E.02266
G1 X58.737 Y51.513 E.02265
G1 X58.36 Y52.066 E.02266
G1 X58.182 Y52.261 E.00895
G1 X57.317 Y52.109 E.02973
G1 X57.179 Y52.134 E.00475
G1 X57.08 Y52.279 E.00595
G1 X56.933 Y53.262 E.03363
G1 X56.818 Y53.331 E.00455
G1 X56.203 Y53.592 E.02263
G1 X55.494 Y53.775 E.02476
G1 X54.704 Y53.911 E.02715
G1 X54.768 Y53.243 E.02273
G1 X54.889 Y52.521 E.02478
G1 X54.863 Y52.383 E.00475
G1 X54.723 Y52.287 E.00572
G1 X53.714 Y52.109 E.0347
G1 X53.576 Y52.134 E.00475
G1 X53.478 Y52.277 E.00588
G1 X53.343 Y53.119 E.02886
G1 X53.263 Y53.998 E.02987
G1 X53.158 Y53.993 E.00358
G1 X52.5 Y53.872 E.02266
G1 X51.866 Y53.657 E.02265
G1 X51.269 Y53.354 E.02265
G1 X50.721 Y52.97 E.02266
G1 X50.234 Y52.511 E.02265
G1 X49.817 Y51.987 E.02266
G1 X49.479 Y51.409 E.02265
G1 X49.227 Y50.789 E.02267
G1 X49.07 Y50.164 E.0218
G1 X48.918 Y49.222 E.03231
G1 X48.83 Y48.463 E.02585
G1 X48.763 Y47.375 E.03691
G1 X48.763 Y46.094 E.04336
G1 X48.83 Y45.006 E.03691
G1 X48.918 Y44.247 E.02586
G1 X49.05 Y43.413 E.02858
G1 X49.261 Y42.581 E.02907
G1 X49.526 Y41.968 E.0226
G1 X49.876 Y41.398 E.02265
G1 X50.305 Y40.883 E.02266
G1 X50.802 Y40.435 E.02266
G1 X51.358 Y40.063 E.02265
G1 X51.961 Y39.773 E.02266
G1 X52.6 Y39.573 E.02265
G1 X53.261 Y39.465 E.02266
G1 X53.931 Y39.453 E.02269
G1 X54.496 Y39.518 E.01925
G1 X55.495 Y39.694 E.03434
G1 X56.151 Y39.859 E.0229
G1 X56.77 Y40.114 E.02266
G1 X57.347 Y40.453 E.02266
G1 X57.869 Y40.872 E.02266
G1 X58.326 Y41.361 E.02265
G1 X58.709 Y41.91 E.02266
G1 X59.01 Y42.508 E.02265
G1 X59.222 Y43.142 E.02266
G1 X59.342 Y43.801 E.02265
G1 X59.366 Y44.468 E.02258
G1 X59.343 Y44.645 E.00606
G1 X58.895 Y43.883 F7200
G1 F1473.913
G1 X58.795 Y43.924 E.00364
G1 X58.721 Y43.892 E.00272
G1 X58.54 Y43.759 E.00759
G1 X58.386 Y43.703 E.00555
G1 X57.4 Y43.529 E.03389
G1 X57.204 Y43.536 E.00666
G1 X57.064 Y43.571 E.00487
G1 X56.932 Y43.63 E.0049
G1 X56.8 Y43.769 E.00648
G1 X56.741 Y43.865 E.00381
G1 X56.663 Y44.111 E.00876
G1 X56.545 Y44.857 E.02557
G1 X56.477 Y45.475 E.02103
G1 X56.437 Y46.092 E.02092
G1 X56.437 Y47.376 E.04347
G1 X56.539 Y48.563 E.04034
G1 X56.676 Y49.425 E.02954
G1 X56.752 Y49.615 E.00692
G1 X56.836 Y49.738 E.00505
G1 X56.944 Y49.847 E.00517
G1 X57.12 Y49.92 E.00646
G1 X57.398 Y49.941 E.00945
G1 X58.384 Y49.767 E.03389
G1 X58.566 Y49.693 E.00665
G1 X58.728 Y49.571 E.00686
G1 X58.834 Y49.551 E.00364
G1 X58.914 Y49.623 E.00364
G1 X58.922 Y49.689 E.00227
G1 X58.836 Y50.186 E.01705
G1 X58.648 Y50.767 E.02068
G1 X58.387 Y51.3 E.02009
G1 X58.078 Y51.757 E.01866
G1 X57.956 Y51.808 E.00449
G1 X57.398 Y51.71 E.01918
G1 X57.234 Y51.71 E.00555
G1 X57.12 Y51.731 E.00394
G1 X56.944 Y51.804 E.00645
G1 X56.835 Y51.915 E.00526
G1 X56.751 Y52.04 E.00511
G1 X56.675 Y52.233 E.007
G1 X56.571 Y52.931 E.02389
G1 X56.498 Y53.025 E.00404
G1 X56.062 Y53.208 E.01601
G1 X55.329 Y53.39 E.02555
G1 X55.224 Y53.367 E.00364
G1 X55.18 Y53.251 E.0042
G1 X55.289 Y52.599 E.0224
G1 X55.287 Y52.435 E.00555
G1 X55.265 Y52.32 E.00394
G1 X55.19 Y52.145 E.00647
G1 X55.085 Y52.042 E.00498
G1 X54.965 Y51.959 E.00492
G1 X54.781 Y51.884 E.00673
G1 X53.795 Y51.71 E.03389
G1 X53.631 Y51.71 E.00555
G1 X53.517 Y51.731 E.00394
G1 X53.341 Y51.804 E.00646
G1 X53.234 Y51.913 E.00517
G1 X53.149 Y52.036 E.00505
G1 X53.074 Y52.226 E.00692
G1 X52.941 Y53.05 E.02827
G1 X52.909 Y53.398 E.01182
G1 X52.852 Y53.49 E.00364
G1 X52.765 Y53.507 E.00302
G1 X52.594 Y53.474 E.00588
G1 X52.016 Y53.277 E.02068
G1 X51.487 Y53.008 E.02009
G1 X50.986 Y52.658 E.02068
G1 X50.529 Y52.228 E.02127
G1 X50.149 Y51.749 E.02068
G1 X49.842 Y51.221 E.02068
G1 X49.618 Y50.67 E.02013
G1 X49.471 Y50.087 E.02035
G1 X49.322 Y49.169 E.03149
G1 X49.236 Y48.431 E.02515
G1 X49.17 Y47.359 E.03635
G1 X49.17 Y46.11 E.04226
G1 X49.235 Y45.045 E.03613
G1 X49.322 Y44.299 E.0254
M73 P6 R16
G1 X49.448 Y43.5 E.02738
G1 X49.651 Y42.703 E.02785
G1 X49.893 Y42.149 E.02047
G1 X50.203 Y41.643 E.02009
G1 X50.593 Y41.173 E.02068
G1 X51.06 Y40.752 E.02127
G1 X51.568 Y40.413 E.02068
G1 X52.119 Y40.15 E.02068
G1 X52.703 Y39.968 E.02068
G1 X53.288 Y39.873 E.02009
G1 X53.919 Y39.862 E.02136
G1 X54.441 Y39.922 E.01778
G1 X55.414 Y40.094 E.03345
G1 X56.032 Y40.25 E.02157
G1 X56.596 Y40.484 E.02068
G1 X57.122 Y40.795 E.02068
G1 X57.598 Y41.178 E.02068
G1 X58.014 Y41.625 E.02068
G1 X58.362 Y42.126 E.02068
G1 X58.629 Y42.657 E.02009
G1 X58.824 Y43.236 E.02068
G1 X58.924 Y43.78 E.01873
G1 X58.906 Y43.845 E.00229
G1 X58.334 Y43.206 F7200
G1 F1473.913
G1 X58.212 Y43.258 E.00452
G1 X57.484 Y43.13 E.02501
G1 X57.096 Y43.144 E.01313
G1 X56.773 Y43.257 E.01159
G1 X56.63 Y43.357 E.00592
G1 X56.512 Y43.48 E.00574
G1 X56.396 Y43.65 E.00699
G1 X56.26 Y44.056 E.01448
G1 X56.144 Y44.791 E.0252
G1 X56.073 Y45.428 E.02167
G1 X56.03 Y46.096 E.02266
G1 X56.03 Y47.371 E.04316
G1 X56.133 Y48.594 E.04156
G1 X56.273 Y49.478 E.03029
G1 X56.372 Y49.758 E.01005
G1 X56.498 Y49.963 E.00814
G1 X56.647 Y50.125 E.00747
G1 X56.798 Y50.227 E.00616
G1 X56.954 Y50.292 E.00572
G1 X57.097 Y50.326 E.00498
G1 X57.482 Y50.34 E.01303
G1 X58.211 Y50.211 E.02509
G1 X58.315 Y50.241 E.00364
G1 X58.349 Y50.369 E.00448
G1 X58.266 Y50.622 E.00902
G1 X58.038 Y51.088 E.01756
G1 X57.889 Y51.31 E.00903
G1 X57.769 Y51.362 E.00443
G1 X57.388 Y51.303 E.01307
G1 X57.056 Y51.329 E.01127
G1 X56.796 Y51.425 E.00938
G1 X56.645 Y51.528 E.00619
G1 X56.551 Y51.623 E.00454
G1 X56.419 Y51.804 E.00759
G1 X56.3 Y52.076 E.01002
G1 X56.202 Y52.647 E.01961
G1 X56.123 Y52.741 E.00415
G1 X55.845 Y52.842 E.01001
G1 X55.738 Y52.83 E.00364
G1 X55.682 Y52.714 E.00436
G1 X55.685 Y52.354 E.01221
G1 X55.635 Y52.151 E.00707
G1 X55.569 Y51.995 E.00573
G1 X55.466 Y51.846 E.00614
G1 X55.205 Y51.631 E.01146
G1 X54.839 Y51.481 E.01338
G1 X53.875 Y51.31 E.03314
G1 X53.637 Y51.303 E.00804
G1 X53.453 Y51.329 E.00628
G1 X53.193 Y51.425 E.00939
G1 X53.044 Y51.525 E.00608
G1 X52.895 Y51.688 E.00747
G1 X52.767 Y51.895 E.00822
G1 X52.7 Y52.063 E.00614
G1 X52.556 Y52.882 E.02814
G1 X52.492 Y52.969 E.00364
G1 X52.396 Y52.976 E.00326
G1 X52.167 Y52.897 E.00823
G1 X51.689 Y52.653 E.01814
G1 X51.237 Y52.336 E.01871
G1 X50.836 Y51.958 E.01866
G1 X50.482 Y51.511 E.01928
G1 X50.205 Y51.033 E.01871
G1 X50.004 Y50.535 E.01819
G1 X49.869 Y49.999 E.01869
G1 X49.725 Y49.11 E.03049
G1 X49.642 Y48.392 E.02448
G1 X49.578 Y47.35 E.03532
G1 X49.578 Y46.119 E.04167
G1 X49.641 Y45.084 E.0351
G1 X49.725 Y44.357 E.02477
G1 X49.848 Y43.577 E.02673
G1 X50.042 Y42.827 E.02624
G1 X50.251 Y42.345 E.01777
G1 X50.531 Y41.888 E.01814
G1 X50.894 Y41.449 E.01929
G1 X51.304 Y41.08 E.01866
G1 X51.762 Y40.773 E.01869
G1 X52.277 Y40.528 E.01929
G1 X52.788 Y40.368 E.01813
G1 X53.316 Y40.281 E.01812
G1 X53.908 Y40.27 E.02002
G1 X54.386 Y40.325 E.01629
G1 X55.333 Y40.493 E.03255
G1 X55.895 Y40.636 E.01962
G1 X56.421 Y40.853 E.01929
G1 X56.896 Y41.136 E.0187
G1 X57.326 Y41.483 E.0187
G1 X57.701 Y41.888 E.0187
G1 X58.007 Y42.328 E.01813
G1 X58.249 Y42.806 E.01814
G1 X58.348 Y43.099 E.01048
G1 X58.34 Y43.166 E.00229
G1 E-.8 F1800
G1 X55.937 Y49.936 Z.6 F7200
G1 Z.2
G1 E.8 F1800
G1 F1473.913
G1 X56.039 Y49.994 E.00396
G1 X56.146 Y50.168 E.00692
G1 X56.424 Y50.465 E.01378
G1 X56.647 Y50.605 E.00892
G1 X56.947 Y50.71 E.01075
G1 X57.023 Y50.786 E.00364
G1 X57.008 Y50.893 E.00364
G1 X56.947 Y50.94 E.0026
G1 X56.665 Y51.04 E.01013
G1 X56.424 Y51.186 E.00956
G1 X56.218 Y51.39 E.00981
G1 X56.035 Y51.66 E.01104
G1 X55.942 Y51.714 E.00364
G1 X55.841 Y51.671 E.00372
G1 X55.717 Y51.524 E.00651
G1 X55.471 Y51.322 E.01078
G1 X55.352 Y51.251 E.00467
G1 X54.898 Y51.078 E.01644
G1 X54.15 Y50.946 E.02572
G1 X54.063 Y50.882 E.00364
G1 X54.06 Y50.775 E.00364
G1 X54.15 Y50.705 E.00384
G1 X54.903 Y50.572 E.02587
G1 X55.241 Y50.457 E.0121
G1 X55.595 Y50.239 E.01405
G1 X55.736 Y50.11 E.00649
G1 X55.84 Y49.981 E.00558
G1 X55.901 Y49.953 E.00229
G1 X55.936 Y50.559 F7200
G1 F1473.913
G1 X55.983 Y50.59 E.00191
G1 X56.125 Y50.742 E.00704
G1 X56.157 Y50.845 E.00364
G1 X56.122 Y50.912 E.00256
G1 X55.969 Y51.063 E.00726
G1 X55.867 Y51.097 E.00364
G1 X55.591 Y50.919 E.01112
G1 X55.54 Y50.825 E.00364
G1 X55.597 Y50.716 E.00415
G1 X55.829 Y50.57 E.00929
G1 X55.896 Y50.563 E.00229
G1 X55.322 Y49.937 F7200
G1 F1473.913
G1 X55.311 Y49.947 E.0005
G1 X55.112 Y50.071 E.00793
G1 X54.841 Y50.17 E.00975
G1 X53.874 Y50.341 E.03326
G1 X53.757 Y50.346 E.00394
G1 X53.496 Y50.327 E.00886
G1 X53.351 Y50.292 E.00506
G1 X53.195 Y50.227 E.00572
G1 X53.043 Y50.124 E.00623
G1 X52.952 Y50.032 E.00436
G1 X52.768 Y49.756 E.01124
G1 X52.67 Y49.479 E.00996
G1 X52.54 Y48.67 E.02774
G1 X52.427 Y47.371 E.04413
G1 X52.427 Y46.096 E.04316
G1 X52.468 Y45.451 E.02186
G1 X52.541 Y44.79 E.02253
G1 X52.675 Y43.963 E.02836
G1 X52.825 Y43.603 E.01319
G1 X52.91 Y43.48 E.00505
G1 X53.025 Y43.359 E.00565
G1 X53.209 Y43.241 E.00741
G1 X53.459 Y43.154 E.00894
G1 X53.593 Y43.129 E.00461
G1 X53.879 Y43.13 E.00968
G1 X54.846 Y43.3 E.03323
G1 X55.071 Y43.375 E.00804
G1 X55.235 Y43.462 E.00628
G1 X55.447 Y43.642 E.00941
G1 X55.553 Y43.786 E.00605
G1 X55.669 Y44.107 E.01154
G1 X55.694 Y44.39 E.00962
G1 X55.575 Y45.175 E.02688
G1 X55.486 Y46.14 E.0328
G1 X55.487 Y47.352 E.04103
G1 X55.575 Y48.294 E.03204
G1 X55.688 Y48.973 E.02328
G1 X55.671 Y49.357 E.01302
G1 X55.635 Y49.5 E.00498
G1 X55.569 Y49.655 E.00573
G1 X55.468 Y49.803 E.00607
G1 X55.351 Y49.91 E.00534
G1 X55.085 Y49.609 F7200
G1 F1473.913
G1 X54.965 Y49.692 E.00492
G1 X54.781 Y49.767 E.00673
G1 X53.795 Y49.941 E.03389
G1 X53.517 Y49.92 E.00945
G1 X53.341 Y49.847 E.00646
G1 X53.234 Y49.738 E.00517
G1 X53.149 Y49.615 E.00505
G1 X53.074 Y49.425 E.00692
G1 X52.941 Y48.601 E.02826
G1 X52.834 Y47.376 E.04161
G1 X52.834 Y46.092 E.04347
G1 X52.874 Y45.475 E.02092
G1 X52.942 Y44.858 E.02103
G1 X53.078 Y44.019 E.02876
G1 X53.197 Y43.769 E.00938
G1 X53.329 Y43.63 E.00648
G1 X53.601 Y43.536 E.00974
G1 X53.798 Y43.529 E.00666
G1 X54.784 Y43.703 E.03389
G1 X54.937 Y43.759 E.00555
G1 X55.038 Y43.817 E.00394
G1 X55.179 Y43.947 E.00647
G1 X55.241 Y44.08 E.00498
G1 X55.278 Y44.221 E.00492
G1 X55.288 Y44.419 E.00673
G1 X55.172 Y45.118 E.02398
G1 X55.079 Y46.115 E.0339
G1 X55.079 Y47.365 E.04231
G1 X55.172 Y48.351 E.03351
G1 X55.289 Y49.052 E.02406
G1 X55.265 Y49.33 E.00945
G1 X55.19 Y49.506 E.00647
G1 X55.113 Y49.581 E.00362
G1 X54.863 Y49.268 F7200
G1 F1473.913
G1 X54.723 Y49.364 E.00572
G1 X53.714 Y49.542 E.0347
G1 X53.576 Y49.517 E.00475
G1 X53.478 Y49.374 E.00588
G1 X53.342 Y48.532 E.02887
G1 X53.241 Y47.381 E.03909
G1 X53.241 Y46.088 E.04378
G1 X53.281 Y45.5 E.01994
G1 X53.344 Y44.924 E.01962
G1 X53.464 Y44.166 E.02598
G1 X53.479 Y44.089 E.00266
G1 X53.552 Y43.968 E.00475
G1 X53.714 Y43.927 E.00567
G1 X54.723 Y44.105 E.0347
G1 X54.845 Y44.176 E.00475
G1 X54.889 Y44.339 E.00572
G1 X54.768 Y45.061 E.02478
G1 X54.672 Y46.091 E.03499
G1 X54.672 Y47.379 E.0436
G1 X54.768 Y48.408 E.03499
G1 X54.889 Y49.13 E.02478
G1 X54.87 Y49.229 E.0034
G1 E-.8 F1800
G1 X53.353 Y50.72 Z.6 F7200
G1 Z.2
G1 E.8 F1800
G1 F1473.913
G1 X53.418 Y50.786 E.00315
G1 X53.403 Y50.893 E.00364
G1 X53.347 Y50.938 E.00243
G1 X52.957 Y51.094 E.01421
G1 X52.737 Y51.258 E.00929
G1 X52.603 Y51.403 E.0067
G1 X52.387 Y51.752 E.01389
G1 X52.298 Y52.002 E.00901
G1 X52.245 Y52.302 E.01031
G1 X52.181 Y52.389 E.00364
G1 X52.069 Y52.39 E.0038
G1 X51.893 Y52.299 E.00671
G1 X51.489 Y52.013 E.01675
G1 X51.131 Y51.675 E.01668
G1 X50.825 Y51.289 E.01667
G1 X50.569 Y50.846 E.01732
G1 X50.39 Y50.4 E.01627
G1 X50.269 Y49.922 E.01669
G1 X50.128 Y49.057 E.02966
G1 X50.048 Y48.359 E.02378
G1 X49.985 Y47.334 E.03476
G1 X49.985 Y46.128 E.04083
G1 X50.046 Y45.123 E.03407
G1 X50.129 Y44.41 E.0243
G1 X50.249 Y43.654 E.02589
G1 X50.432 Y42.95 E.02462
G1 X50.617 Y42.526 E.01567
G1 X50.858 Y42.133 E.01561
G1 X51.195 Y41.726 E.01789
G1 X51.562 Y41.397 E.01667
G1 X51.957 Y41.133 E.0161
G1 X52.434 Y40.905 E.01789
G1 X52.874 Y40.768 E.0156
G1 X53.345 Y40.689 E.01615
G1 X53.896 Y40.679 E.01868
G1 X54.331 Y40.729 E.01481
G1 X55.251 Y40.893 E.03165
G1 X55.775 Y41.026 E.01828
G1 X56.246 Y41.223 E.0173
G1 X56.67 Y41.476 E.0167
G1 X57.053 Y41.788 E.01672
G1 X57.388 Y42.151 E.01674
G1 X57.656 Y42.538 E.01591
G1 X57.671 Y42.644 E.00364
G1 X57.557 Y42.729 E.00482
G1 X57.089 Y42.737 E.01585
G1 X56.954 Y42.763 E.00465
G1 X56.647 Y42.869 E.01099
G1 X56.533 Y42.928 E.00433
G1 X56.33 Y43.082 E.00864
G1 X56.173 Y43.255 E.00791
G1 X56.034 Y43.473 E.00875
G1 X55.942 Y43.529 E.00364
G1 X55.838 Y43.486 E.00383
G1 X55.703 Y43.325 E.00711
G1 X55.508 Y43.159 E.00864
G1 X55.189 Y42.985 E.0123
G1 X54.909 Y42.898 E.00993
G1 X53.871 Y42.723 E.03565
G1 X53.509 Y42.731 E.01223
G1 X53.318 Y42.772 E.00662
G1 X53.087 Y42.853 E.00829
G1 X52.809 Y43.015 E.01088
G1 X52.726 Y43.083 E.00365
G1 X52.495 Y43.364 E.01231
G1 X52.272 Y43.905 E.0198
G1 X52.14 Y44.722 E.02802
G1 X52.061 Y45.428 E.02406
G1 X52.02 Y46.099 E.02276
G1 X52.02 Y47.365 E.04285
G1 X52.134 Y48.701 E.04536
G1 X52.266 Y49.534 E.02855
G1 X52.382 Y49.886 E.01255
G1 X52.433 Y49.987 E.00383
G1 X52.668 Y50.324 E.0139
G1 X52.821 Y50.465 E.00706
G1 X53.045 Y50.605 E.00892
G1 X53.318 Y50.701 E.00982
G1 X52.553 Y50.842 F7200
G1 F1473.913
G1 X52.521 Y50.909 E.00251
G1 X52.251 Y51.198 E.01338
G1 X52.046 Y51.529 E.01319
G1 X51.979 Y51.682 E.00563
G1 X51.897 Y51.751 E.00364
G1 X51.785 Y51.723 E.00392
G1 X51.427 Y51.392 E.0165
G1 X51.158 Y51.051 E.01469
G1 X50.94 Y50.675 E.01473
G1 X50.781 Y50.281 E.01437
G1 X50.669 Y49.844 E.01527
G1 X50.532 Y49.004 E.02883
G1 X50.453 Y48.32 E.0233
G1 X50.392 Y47.325 E.03373
G1 X50.392 Y46.144 E.03998
G1 X50.452 Y45.156 E.03352
G1 X50.532 Y44.463 E.02361
G1 X50.647 Y43.744 E.02464
G1 X50.815 Y43.093 E.02273
G1 X50.984 Y42.708 E.01424
G1 X51.196 Y42.363 E.01369
G1 X51.484 Y42.016 E.01528
G1 X51.806 Y41.725 E.01469
G1 X52.167 Y41.483 E.01472
G1 X52.575 Y41.289 E.0153
G1 X52.961 Y41.167 E.01368
G1 X53.391 Y41.095 E.01478
G1 X53.885 Y41.087 E.01671
G1 X54.275 Y41.133 E.01331
G1 X55.161 Y41.29 E.03044
G1 X55.653 Y41.417 E.01722
G1 X56.055 Y41.584 E.01471
G1 X56.428 Y41.806 E.01471
G1 X56.78 Y42.092 E.01533
G1 X56.863 Y42.182 E.00419
G1 X56.894 Y42.286 E.00364
G1 X56.814 Y42.381 E.00421
G1 X56.52 Y42.483 E.01052
G1 X56.355 Y42.562 E.00622
G1 X56.09 Y42.754 E.01107
G1 X55.971 Y42.872 E.00566
G1 X55.869 Y42.906 E.00364
G1 X55.395 Y42.633 E.01853
G1 X54.968 Y42.495 E.01517
G1 X53.95 Y42.323 E.03496
G1 X53.413 Y42.335 E.01818
G1 X52.963 Y42.465 E.01584
G1 X52.612 Y42.659 E.01357
G1 X52.404 Y42.834 E.0092
G1 X52.186 Y43.099 E.01162
G1 X52.116 Y43.216 E.00461
G1 X51.868 Y43.853 E.02313
G1 X51.735 Y44.68 E.02837
G1 X51.657 Y45.381 E.02386
G1 X51.614 Y46.071 E.0234
G1 X51.615 Y47.405 E.04518
G1 X51.728 Y48.731 E.04502
G1 X51.883 Y49.67 E.03222
G1 X51.993 Y50.006 E.01199
G1 X52.066 Y50.163 E.00586
G1 X52.329 Y50.549 E.01579
G1 X52.518 Y50.74 E.0091
G1 X52.54 Y50.804 E.00229
G1 X51.978 Y50.791 F7200
G1 F1473.913
G1 X51.975 Y50.896 E.00355
G1 X51.868 Y51.044 E.00618
G1 X51.773 Y51.094 E.00364
G1 X51.673 Y51.047 E.00371
G1 X51.491 Y50.815 E.01
G1 X51.303 Y50.488 E.01277
G1 X51.166 Y50.146 E.01245
G1 X51.067 Y49.756 E.01364
G1 X50.936 Y48.95 E.02762
G1 X50.859 Y48.287 E.02259
G1 X50.799 Y47.309 E.03317
G1 X50.799 Y46.153 E.03914
G1 X50.858 Y45.188 E.03271
G1 X50.936 Y44.515 E.02292
G1 X51.047 Y43.821 E.02379
G1 X51.199 Y43.236 E.02046
G1 X51.35 Y42.89 E.01279
G1 X51.533 Y42.595 E.01175
G1 X51.773 Y42.305 E.01272
G1 X52.05 Y42.053 E.01271
G1 X52.377 Y41.834 E.01331
G1 X52.717 Y41.672 E.01274
G1 X53.048 Y41.567 E.01175
G1 X53.437 Y41.502 E.01337
G1 X53.872 Y41.496 E.01473
G1 X54.22 Y41.536 E.01183
G1 X55.07 Y41.687 E.02922
G1 X55.515 Y41.802 E.01558
G1 X55.879 Y41.953 E.01333
M73 P7 R16
G1 X56.061 Y42.061 E.00718
G1 X56.12 Y42.152 E.00364
G1 X56.07 Y42.265 E.0042
G1 X55.913 Y42.379 E.00657
G1 X55.785 Y42.388 E.00436
G1 X55.51 Y42.243 E.01051
G1 X55.102 Y42.111 E.01451
G1 X53.929 Y41.917 E.04025
G1 X53.293 Y41.946 E.02156
G1 X52.761 Y42.111 E.01884
G1 X52.343 Y42.353 E.01636
G1 X52.083 Y42.583 E.01174
G1 X51.878 Y42.834 E.01097
G1 X51.734 Y43.076 E.00954
G1 X51.464 Y43.8 E.02614
G1 X51.333 Y44.612 E.02786
G1 X51.251 Y45.358 E.02539
G1 X51.207 Y46.075 E.0243
G1 X51.21 Y47.445 E.04639
G1 X51.322 Y48.761 E.04469
G1 X51.48 Y49.728 E.03316
G1 X51.605 Y50.128 E.01421
G1 X51.694 Y50.327 E.00736
G1 X51.975 Y50.752 E.01727
G1 E-.8 F1800
G1 X57.08 Y49.374 Z.6 F7200
G1 Z.2
G1 E.8 F1800
G1 F1473.913
G1 X56.945 Y48.532 E.02887
G1 X56.844 Y47.381 E.03909
G1 X56.844 Y46.088 E.04378
G1 X56.883 Y45.5 E.01994
G1 X56.947 Y44.924 E.01962
G1 X57.067 Y44.166 E.02598
G1 X57.082 Y44.089 E.00266
G1 X57.155 Y43.968 E.00475
G1 X57.317 Y43.927 E.00567
G1 X58.326 Y44.105 E.0347
G1 X58.448 Y44.176 E.00475
G1 X58.492 Y44.339 E.00572
G1 X58.371 Y45.061 E.02478
G1 X58.275 Y46.091 E.03499
G1 X58.275 Y47.379 E.0436
G1 X58.371 Y48.408 E.03499
G1 X58.492 Y49.13 E.02478
G1 X58.465 Y49.268 E.00475
G1 X58.326 Y49.364 E.00572
G1 X57.317 Y49.542 E.0347
G1 X57.179 Y49.517 E.00475
G1 X57.103 Y49.407 E.00452
G1 E-.8 F1800
G1 X54.394 Y44.514 Z.6 F7200
G1 Z.2
G1 E.8 F1800
;TYPE:Outer wall
;WIDTH:0.511839
G1 F1279.539
G1 X54.307 Y45.053 E.0213
G1 X54.248 Y45.586 E.02092
G1 X54.212 Y46.105 E.02029
G1 X54.212 Y47.39 E.05008
G1 X54.254 Y47.936 E.02136
;WIDTH:0.511033
G1 F1281.742
G1 X54.394 Y48.956 E.04008
G1 X53.89 Y49.045 E.01995
;WIDTH:0.511686
G1 F1279.956
G1 X53.798 Y48.473 E.02257
G1 X53.746 Y47.971 E.01968
;WIDTH:0.511838
G1 X53.701 Y47.365 E.02369
G1 X53.701 Y46.082 E.05004
G1 X53.745 Y45.476 E.02367
;WIDTH:0.510738
G1 F1282.55
G1 X53.807 Y44.936 E.02117
;WIDTH:0.511322
G1 F1280.951
G1 X53.889 Y44.424 E.02017
G1 X54.355 Y44.507 E.01843
; stop printing object fidget-finger-massager-2000-rods-rod-08.stl id:0 copy 0
M106 S245
;LAYER_CHANGE
;Z:0.4
;HEIGHT:0.2
G92 E0
;_SET_FAN_SPEED_CHANGING_LAYER
M204 S500
; printing object fidget-finger-massager-2000-rods-rod-07.stl id:0 copy 0
M204 S10000
G1 E-.8 F1800
G1 X54.577 Y52.136 Z.8 F7200
G1 X54.587 Y52.456 Z.8
G1 Z.4
G1 E.8 F1800
M204 S500
;WIDTH:0.449999
G1 F1473.915
G1 X54.597 Y52.458 E.00035
G1 X54.461 Y53.25 E.0272
G1 X54.402 Y53.779 E.01801
G1 X54.367 Y54.288 E.01727
G1 X54.367 Y55.575 E.04356
G1 X54.406 Y56.102 E.01791
G1 X54.597 Y57.374 E.04352
G1 X53.788 Y57.517 E.0278
G1 X53.644 Y56.668 E.02912
G1 X53.583 Y56.111 E.01898
G1 X53.546 Y55.544 E.01922
G1 X53.546 Y54.268 E.04322
G1 X53.592 Y53.638 E.02136
G1 X53.659 Y53.061 E.01968
G1 X53.784 Y52.315 E.02561
G1 X54.547 Y52.449 E.02623
M204 S10000
G1 E-.8 F1800
G1 X54.122 Y57.042 Z.8 F7200
G1 Z.4
G1 E.8 F1800
M204 S1500
;TYPE:Inner wall
;WIDTH:0.414372
G1 F1615.283
G1 X54.052 Y56.624 E.0131
G1 X53.993 Y56.083 E.01678
;WIDTH:0.414248
G1 X53.956 Y55.544 E.01668
G1 X53.956 Y54.262 E.03959
G1 X53.999 Y53.683 E.01793
;WIDTH:0.419856
G1 F1591.782
G1 X54.118 Y52.794 E.02813
; stop printing object fidget-finger-massager-2000-rods-rod-07.stl id:0 copy 0
; printing object fidget-finger-massager-2000-rods-rod-04.stl id:0 copy 0
M204 S10000
G1 E-.8 F1800
G1 X58.189 Y52.456 Z.8 F7200
G1 Z.4
G1 E.8 F1800
M204 S500
;TYPE:Outer wall
;WIDTH:0.449999
G1 F1473.915
G1 X58.199 Y52.458 E.00035
G1 X58.064 Y53.25 E.0272
G1 X58.005 Y53.779 E.01801
G1 X57.97 Y54.288 E.01727
G1 X57.97 Y55.575 E.04356
G1 X58.009 Y56.102 E.01791
G1 X58.199 Y57.374 E.04352
G1 X57.391 Y57.517 E.0278
G1 X57.247 Y56.668 E.02912
G1 X57.186 Y56.111 E.01898
G1 X57.149 Y55.544 E.01922
G1 X57.149 Y54.268 E.04322
G1 X57.194 Y53.638 E.02136
G1 X57.262 Y53.061 E.01968
G1 X57.387 Y52.315 E.02561
G1 X58.15 Y52.449 E.02623
M204 S10000
G1 E-.8 F1800
G1 X57.725 Y57.042 Z.8 F7200
G1 Z.4
G1 E.8 F1800
M204 S1500
;TYPE:Inner wall
;WIDTH:0.414372
G1 F1615.283
G1 X57.655 Y56.624 E.0131
G1 X57.595 Y56.083 E.01678
;WIDTH:0.414248
G1 X57.559 Y55.544 E.01668
G1 X57.559 Y54.262 E.03959
G1 X57.602 Y53.683 E.01793
;WIDTH:0.419856
G1 F1591.782
G1 X57.721 Y52.794 E.02813
; stop printing object fidget-finger-massager-2000-rods-rod-04.stl id:0 copy 0
; printing object fidget-finger-massager-2000-rods-rod-01.stl id:0 copy 0
M204 S10000
G1 E-.8 F1800
G1 X64.624 Y56.05 Z.8 F7200
G1 X66.063 Y56.728 Z.8
G1 Z.4
G1 E.8 F1800
M204 S500
;TYPE:Outer wall
;WIDTH:0.449999
G1 F1473.915
G1 X66.203 Y57.526 E.0274
G1 X65.355 Y57.669 E.02912
G1 X64.798 Y57.73 E.01898
G1 X64.231 Y57.768 E.01922
G1 X62.954 Y57.768 E.04322
G1 X62.325 Y57.722 E.02136
G1 X61.749 Y57.655 E.01964
G1 X61.001 Y57.529 E.02564
G1 X61.145 Y56.717 E.02791
G1 X61.937 Y56.853 E.0272
G1 X62.466 Y56.911 E.01801
G1 X62.974 Y56.946 E.01727
G1 X64.261 Y56.946 E.04356
G1 X64.789 Y56.907 E.01791
G1 X65.324 Y56.846 E.01824
G1 X66.033 Y56.722 E.02435
M204 S10000
G1 X65.728 Y57.191 F7200
M204 S1500
;TYPE:Inner wall
;WIDTH:0.414372
G1 F1615.283
G1 X65.31 Y57.261 E.0131
G1 X64.77 Y57.321 E.01678
;WIDTH:0.414248
G1 X64.231 Y57.357 E.01668
G1 X62.949 Y57.357 E.03959
G1 X62.37 Y57.314 E.01793
;WIDTH:0.419546
G1 F1593.092
G1 X61.48 Y57.195 E.02811
; stop printing object fidget-finger-massager-2000-rods-rod-01.stl id:0 copy 0
; printing object fidget-finger-massager-2000-rods-rod-02.stl id:0 copy 0
M204 S10000
G1 E-.8 F1800
G1 X66.063 Y53.126 Z.8 F7200
G1 Z.4
G1 E.8 F1800
M204 S500
;TYPE:Outer wall
;WIDTH:0.449999
G1 F1473.915
G1 X66.203 Y53.923 E.0274
G1 X65.355 Y54.067 E.02912
G1 X64.798 Y54.128 E.01898
G1 X64.231 Y54.165 E.01922
G1 X62.954 Y54.165 E.04322
G1 X62.325 Y54.119 E.02136
G1 X61.749 Y54.052 E.01964
G1 X61.001 Y53.927 E.02564
G1 X61.145 Y53.115 E.02791
G1 X61.937 Y53.25 E.0272
G1 X62.466 Y53.308 E.01801
G1 X62.974 Y53.344 E.01727
G1 X64.261 Y53.344 E.04356
G1 X64.789 Y53.305 E.01791
G1 X65.324 Y53.243 E.01824
G1 X66.033 Y53.119 E.02435
M204 S10000
G1 X65.728 Y53.588 F7200
M204 S1500
;TYPE:Inner wall
;WIDTH:0.414372
G1 F1615.283
G1 X65.31 Y53.658 E.0131
G1 X64.77 Y53.718 E.01678
;WIDTH:0.414248
G1 X64.231 Y53.754 E.01668
G1 X62.949 Y53.754 E.03959
G1 X62.37 Y53.712 E.01793
;WIDTH:0.419546
G1 F1593.092
G1 X61.48 Y53.593 E.02811
; stop printing object fidget-finger-massager-2000-rods-rod-02.stl id:0 copy 0
; printing object fidget-finger-massager-2000-rods-rod-03.stl id:0 copy 0
M204 S10000
G1 E-.8 F1800
G1 X66.063 Y49.523 Z.8 F7200
G1 Z.4
G1 E.8 F1800
M204 S500
;TYPE:Outer wall
;WIDTH:0.449999
G1 F1473.915
G1 X66.203 Y50.32 E.0274
G1 X65.355 Y50.464 E.02912
G1 X64.798 Y50.525 E.01898
G1 X64.231 Y50.562 E.01922
G1 X62.954 Y50.562 E.04322
G1 X62.325 Y50.516 E.02136
G1 X61.749 Y50.449 E.01964
G1 X61.001 Y50.324 E.02564
G1 X61.145 Y49.512 E.02791
G1 X61.937 Y49.647 E.0272
G1 X62.466 Y49.706 E.01801
G1 X62.974 Y49.741 E.01727
G1 X64.261 Y49.741 E.04356
G1 X64.789 Y49.702 E.01791
G1 X65.324 Y49.64 E.01824
G1 X66.033 Y49.516 E.02435
M204 S10000
G1 X65.728 Y49.985 F7200
M204 S1500
;TYPE:Inner wall
;WIDTH:0.414372
G1 F1615.283
G1 X65.31 Y50.056 E.0131
G1 X64.77 Y50.115 E.01678
;WIDTH:0.414248
G1 X64.231 Y50.151 E.01668
G1 X62.949 Y50.151 E.03959
G1 X62.37 Y50.109 E.01793
;WIDTH:0.419546
G1 F1593.092
G1 X61.48 Y49.99 E.02811
; stop printing object fidget-finger-massager-2000-rods-rod-03.stl id:0 copy 0
; printing object fidget-finger-massager-2000-rods-rod-05.stl id:0 copy 0
M204 S10000
G1 E-.8 F1800
G1 X66.063 Y45.92 Z.8 F7200
G1 Z.4
G1 E.8 F1800
M204 S500
;TYPE:Outer wall
;WIDTH:0.449999
G1 F1473.915
G1 X66.203 Y46.717 E.0274
G1 X65.355 Y46.861 E.02912
G1 X64.798 Y46.922 E.01898
G1 X64.231 Y46.959 E.01922
G1 X62.954 Y46.959 E.04322
G1 X62.325 Y46.913 E.02136
G1 X61.749 Y46.846 E.01964
G1 X61.001 Y46.721 E.02564
G1 X61.145 Y45.909 E.02791
G1 X61.937 Y46.044 E.0272
G1 X62.466 Y46.103 E.01801
G1 X62.974 Y46.138 E.01727
G1 X64.261 Y46.138 E.04356
G1 X64.789 Y46.099 E.01791
G1 X65.324 Y46.038 E.01824
G1 X66.033 Y45.913 E.02435
M204 S10000
G1 X65.728 Y46.383 F7200
M204 S1500
;TYPE:Inner wall
;WIDTH:0.414372
G1 F1615.283
G1 X65.31 Y46.453 E.0131
G1 X64.77 Y46.512 E.01678
;WIDTH:0.414248
G1 X64.231 Y46.549 E.01668
G1 X62.949 Y46.549 E.03959
G1 X62.37 Y46.506 E.01793
;WIDTH:0.419546
G1 F1593.092
G1 X61.48 Y46.387 E.02811
; stop printing object fidget-finger-massager-2000-rods-rod-05.stl id:0 copy 0
; printing object fidget-finger-massager-2000-rods-rod-09.stl id:0 copy 0
M204 S10000
G1 E-.8 F1800
G1 X66.019 Y42.317 Z.8 F7200
G1 Z.4
G1 E.8 F1800
M204 S500
;TYPE:Outer wall
;WIDTH:0.449999
G1 F1473.915
G1 X66.159 Y43.115 E.0274
G1 X65.311 Y43.258 E.02912
G1 X64.754 Y43.319 E.01898
G1 X64.187 Y43.356 E.01922
G1 X62.91 Y43.356 E.04322
G1 X62.281 Y43.311 E.02136
G1 X61.705 Y43.243 E.01964
G1 X60.958 Y43.118 E.02564
G1 X61.101 Y42.306 E.02791
G1 X61.893 Y42.441 E.0272
G1 X62.422 Y42.5 E.01801
G1 X62.931 Y42.535 E.01727
G1 X64.218 Y42.535 E.04356
G1 X64.745 Y42.496 E.01791
G1 X65.28 Y42.435 E.01824
G1 X65.989 Y42.311 E.02435
M204 S10000
G1 X65.684 Y42.78 F7200
M204 S1500
;TYPE:Inner wall
;WIDTH:0.414372
G1 F1615.283
G1 X65.266 Y42.85 E.0131
G1 X64.726 Y42.91 E.01678
M73 P8 R16
;WIDTH:0.414248
G1 X64.187 Y42.946 E.01668
G1 X62.905 Y42.946 E.03959
G1 X62.326 Y42.903 E.01793
;WIDTH:0.419546
G1 F1593.092
G1 X61.436 Y42.784 E.02811
; stop printing object fidget-finger-massager-2000-rods-rod-09.stl id:0 copy 0
; printing object fidget-finger-massager-2000-rods-rod-06.stl id:0 copy 0
M204 S10000
G1 E-.8 F1800
G1 X58.189 Y44.275 Z.8 F7200
G1 Z.4
G1 E.8 F1800
M204 S500
;TYPE:Outer wall
;WIDTH:0.449999
G1 F1473.915
G1 X58.199 Y44.277 E.00035
G1 X58.064 Y45.069 E.0272
G1 X58.005 Y45.597 E.01801
G1 X57.97 Y46.106 E.01727
G1 X57.97 Y47.393 E.04356
G1 X58.009 Y47.921 E.01791
G1 X58.199 Y49.193 E.04352
G1 X57.391 Y49.335 E.0278
G1 X57.247 Y48.487 E.02912
G1 X57.186 Y47.929 E.01898
G1 X57.149 Y47.363 E.01922
G1 X57.149 Y46.086 E.04322
G1 X57.194 Y45.457 E.02136
G1 X57.262 Y44.88 E.01968
G1 X57.387 Y44.133 E.02561
G1 X58.15 Y44.268 E.02623
M204 S10000
G1 E-.8 F1800
G1 X57.725 Y48.86 Z.8 F7200
G1 Z.4
G1 E.8 F1800
M204 S1500
;TYPE:Inner wall
;WIDTH:0.414372
G1 F1615.283
G1 X57.655 Y48.442 E.0131
G1 X57.595 Y47.902 E.01678
;WIDTH:0.414248
G1 X57.559 Y47.363 E.01668
G1 X57.559 Y46.081 E.03959
G1 X57.602 Y45.502 E.01793
;WIDTH:0.419856
G1 F1591.782
G1 X57.721 Y44.612 E.02813
; stop printing object fidget-finger-massager-2000-rods-rod-06.stl id:0 copy 0
; printing object fidget-finger-massager-2000-rods-rod-08.stl id:0 copy 0
M204 S10000
G1 E-.8 F1800
G1 X54.587 Y44.275 Z.8 F7200
G1 Z.4
G1 E.8 F1800
M204 S500
;TYPE:Outer wall
;WIDTH:0.449999
G1 F1473.915
G1 X54.597 Y44.277 E.00035
G1 X54.461 Y45.069 E.0272
G1 X54.402 Y45.597 E.01801
G1 X54.367 Y46.106 E.01727
G1 X54.367 Y47.393 E.04356
G1 X54.406 Y47.921 E.01791
G1 X54.597 Y49.193 E.04352
G1 X53.788 Y49.335 E.0278
G1 X53.644 Y48.487 E.02912
G1 X53.583 Y47.929 E.01898
G1 X53.546 Y47.363 E.01922
G1 X53.546 Y46.086 E.04322
G1 X53.592 Y45.457 E.02136
G1 X53.659 Y44.88 E.01968
G1 X53.784 Y44.133 E.02561
G1 X54.547 Y44.268 E.02623
M204 S10000
G1 E-.8 F1800
G1 X54.122 Y48.86 Z.8 F7200
G1 Z.4
G1 E.8 F1800
M204 S1500
;TYPE:Inner wall
;WIDTH:0.414372
G1 F1615.283
G1 X54.052 Y48.442 E.0131
G1 X53.993 Y47.902 E.01678
;WIDTH:0.414248
G1 X53.956 Y47.363 E.01668
G1 X53.956 Y46.081 E.03959
G1 X53.999 Y45.502 E.01793
;WIDTH:0.419856
G1 F1591.782
G1 X54.118 Y44.612 E.02813
; stop printing object fidget-finger-massager-2000-rods-rod-08.stl id:0 copy 0
M106 S242
;LAYER_CHANGE
;Z:0.6
;HEIGHT:0.2
G92 E0
;_SET_FAN_SPEED_CHANGING_LAYER
; printing object fidget-finger-massager-2000-rods-rod-07.stl id:0 copy 0
M204 S10000
G1 E-.8 F1800
G1 X54.622 Y52.228 Z1 F7200
G1 X54.63 Y52.344 Z1
G1 Z.6
G1 E.8 F1800
M204 S500
;TYPE:Outer wall
;WIDTH:0.449999
G1 F1473.915
G1 X54.475 Y53.249 E.03106
G1 X54.416 Y53.781 E.01813
G1 X54.381 Y54.288 E.0172
G1 X54.381 Y55.574 E.04354
G1 X54.421 Y56.109 E.01815
G1 X54.481 Y56.635 E.0179
G1 X54.63 Y57.488 E.02932
G1 X53.794 Y57.635 E.02873
G1 X53.712 Y57.209 E.0147
G1 X53.63 Y56.673 E.01834
G1 X53.569 Y56.111 E.01914
G1 X53.531 Y55.544 E.01923
G1 X53.531 Y54.267 E.04323
G1 X53.579 Y53.629 E.02167
G1 X53.644 Y53.068 E.0191
G1 X53.794 Y52.197 E.02992
G1 X54.591 Y52.337 E.0274
M204 S10000
G1 E-.8 F1800
G1 X54.131 Y57.145 Z1 F7200
G1 Z.6
G1 E.8 F1800
M204 S1500
;TYPE:Inner wall
;WIDTH:0.442168
G1 F1502.825
G1 X54.053 Y56.627 E.0174
G1 X53.993 Y56.082 E.01818
;WIDTH:0.44292
G1 F1500
G1 X53.956 Y55.544 E.01794
G1 X53.956 Y54.263 E.0426
G1 X53.997 Y53.7 E.01879
;WIDTH:0.44206
G1 F1503.232
G1 X54.053 Y53.2 E.01669
G1 X54.131 Y52.687 E.01722
; stop printing object fidget-finger-massager-2000-rods-rod-07.stl id:0 copy 0
; printing object fidget-finger-massager-2000-rods-rod-04.stl id:0 copy 0
M204 S10000
G1 E-.8 F1800
G1 X58.233 Y52.344 Z1 F7200
G1 Z.6
G1 E.8 F1800
M204 S500
;TYPE:Outer wall
;WIDTH:0.449999
G1 F1473.915
G1 X58.078 Y53.249 E.03106
G1 X58.019 Y53.781 E.01813
G1 X57.984 Y54.288 E.0172
G1 X57.984 Y55.574 E.04354
G1 X58.023 Y56.109 E.01815
G1 X58.084 Y56.635 E.0179
G1 X58.233 Y57.488 E.02932
G1 X57.397 Y57.635 E.02873
G1 X57.315 Y57.209 E.0147
G1 X57.233 Y56.673 E.01834
G1 X57.172 Y56.111 E.01914
G1 X57.134 Y55.544 E.01923
G1 X57.134 Y54.267 E.04323
G1 X57.182 Y53.629 E.02167
G1 X57.247 Y53.068 E.0191
G1 X57.396 Y52.197 E.02992
G1 X58.193 Y52.337 E.0274
M204 S10000
G1 E-.8 F1800
G1 X57.734 Y57.145 Z1 F7200
G1 Z.6
G1 E.8 F1800
M204 S1500
;TYPE:Inner wall
;WIDTH:0.442168
G1 F1502.825
G1 X57.655 Y56.627 E.0174
G1 X57.595 Y56.082 E.01818
;WIDTH:0.44292
G1 F1500
G1 X57.559 Y55.544 E.01794
G1 X57.559 Y54.263 E.0426
G1 X57.6 Y53.7 E.01879
;WIDTH:0.44206
G1 F1503.232
G1 X57.656 Y53.2 E.01669
G1 X57.734 Y52.687 E.01722
; stop printing object fidget-finger-massager-2000-rods-rod-04.stl id:0 copy 0
; printing object fidget-finger-massager-2000-rods-rod-01.stl id:0 copy 0
M204 S10000
G1 E-.8 F1800
G1 X64.633 Y55.953 Z1 F7200
G1 X66.175 Y56.683 Z1
G1 Z.6
G1 E.8 F1800
M204 S500
;TYPE:Outer wall
;WIDTH:0.449999
G1 F1473.915
G1 X66.322 Y57.519 E.02873
G1 X65.36 Y57.683 E.03304
G1 X64.798 Y57.744 E.01914
G1 X64.231 Y57.782 E.01923
G1 X62.954 Y57.782 E.04323
G1 X62.315 Y57.735 E.02166
G1 X61.755 Y57.669 E.01909
G1 X60.884 Y57.519 E.02993
G1 X61.032 Y56.683 E.02873
G1 X61.941 Y56.839 E.03122
G1 X62.468 Y56.897 E.01795
G1 X62.975 Y56.932 E.01721
G1 X64.261 Y56.932 E.04353
G1 X64.796 Y56.893 E.01815
G1 X65.321 Y56.832 E.0179
G1 X66.135 Y56.69 E.02797
M204 S10000
G1 E-.8 F1800
G1 X61.374 Y57.182 Z1 F7200
G1 Z.6
G1 E.8 F1800
M204 S1500
;TYPE:Inner wall
;WIDTH:0.442204
G1 F1502.69
G1 X61.892 Y57.261 E.01739
G1 X62.437 Y57.321 E.01819
;WIDTH:0.442918
G1 F1500.007
G1 X62.963 Y57.357 E.01754
G1 X64.231 Y57.357 E.04217
G1 X64.769 Y57.321 E.01794
;WIDTH:0.44217
G1 F1502.818
G1 X65.313 Y57.261 E.01818
G1 X65.831 Y57.182 E.0174
; stop printing object fidget-finger-massager-2000-rods-rod-01.stl id:0 copy 0
; printing object fidget-finger-massager-2000-rods-rod-02.stl id:0 copy 0
M204 S10000
G1 E-.8 F1800
G1 X66.175 Y53.081 Z1 F7200
G1 Z.6
G1 E.8 F1800
M204 S500
;TYPE:Outer wall
;WIDTH:0.449999
G1 F1473.915
G1 X66.322 Y53.916 E.02873
G1 X65.36 Y54.08 E.03304
G1 X64.798 Y54.142 E.01914
G1 X64.231 Y54.179 E.01923
G1 X62.954 Y54.179 E.04323
G1 X62.315 Y54.132 E.02166
G1 X61.755 Y54.067 E.01909
G1 X60.884 Y53.916 E.02993
G1 X61.032 Y53.081 E.02873
G1 X61.941 Y53.236 E.03122
G1 X62.468 Y53.294 E.01795
G1 X62.975 Y53.329 E.01721
G1 X64.261 Y53.329 E.04353
G1 X64.796 Y53.29 E.01815
G1 X65.321 Y53.23 E.0179
G1 X66.135 Y53.088 E.02797
M204 S10000
G1 E-.8 F1800
G1 X61.374 Y53.579 Z1 F7200
G1 Z.6
G1 E.8 F1800
M204 S1500
;TYPE:Inner wall
;WIDTH:0.442204
G1 F1502.69
G1 X61.892 Y53.658 E.01739
G1 X62.437 Y53.718 E.01819
;WIDTH:0.442918
G1 F1500.007
G1 X62.963 Y53.754 E.01754
G1 X64.231 Y53.754 E.04217
G1 X64.769 Y53.718 E.01794
;WIDTH:0.44217
G1 F1502.818
G1 X65.313 Y53.658 E.01818
G1 X65.831 Y53.579 E.0174
; stop printing object fidget-finger-massager-2000-rods-rod-02.stl id:0 copy 0
; printing object fidget-finger-massager-2000-rods-rod-03.stl id:0 copy 0
M204 S10000
G1 E-.8 F1800
G1 X66.175 Y49.478 Z1 F7200
G1 Z.6
G1 E.8 F1800
M204 S500
;TYPE:Outer wall
;WIDTH:0.449999
G1 F1473.915
G1 X66.322 Y50.314 E.02873
G1 X65.36 Y50.477 E.03304
G1 X64.798 Y50.539 E.01914
G1 X64.231 Y50.576 E.01923
G1 X62.954 Y50.576 E.04323
G1 X62.315 Y50.529 E.02166
G1 X61.755 Y50.464 E.01909
G1 X60.884 Y50.314 E.02993
G1 X61.032 Y49.478 E.02873
G1 X61.941 Y49.633 E.03122
M73 P8 R15
G1 X62.468 Y49.692 E.01795
G1 X62.975 Y49.726 E.01721
G1 X64.261 Y49.726 E.04353
G1 X64.796 Y49.687 E.01815
G1 X65.321 Y49.627 E.0179
G1 X66.135 Y49.485 E.02797
M204 S10000
G1 E-.8 F1800
G1 X61.374 Y49.977 Z1 F7200
G1 Z.6
G1 E.8 F1800
M204 S1500
;TYPE:Inner wall
;WIDTH:0.442204
G1 F1502.69
G1 X61.892 Y50.055 E.01739
G1 X62.437 Y50.115 E.01819
;WIDTH:0.442918
G1 F1500.007
G1 X62.963 Y50.151 E.01754
G1 X64.231 Y50.151 E.04217
G1 X64.769 Y50.115 E.01794
;WIDTH:0.44217
G1 F1502.818
G1 X65.313 Y50.055 E.01818
G1 X65.831 Y49.976 E.0174
; stop printing object fidget-finger-massager-2000-rods-rod-03.stl id:0 copy 0
; printing object fidget-finger-massager-2000-rods-rod-05.stl id:0 copy 0
M204 S10000
G1 E-.8 F1800
G1 X66.175 Y45.875 Z1 F7200
G1 Z.6
G1 E.8 F1800
M204 S500
;TYPE:Outer wall
;WIDTH:0.449999
G1 F1473.915
G1 X66.322 Y46.711 E.02873
G1 X65.36 Y46.875 E.03304
G1 X64.798 Y46.936 E.01914
G1 X64.231 Y46.974 E.01923
G1 X62.954 Y46.974 E.04323
G1 X62.315 Y46.926 E.02166
G1 X61.755 Y46.861 E.01909
G1 X60.884 Y46.711 E.02993
G1 X61.032 Y45.875 E.02873
G1 X61.941 Y46.031 E.03122
G1 X62.468 Y46.089 E.01795
G1 X62.975 Y46.124 E.01721
G1 X64.261 Y46.124 E.04353
G1 X64.796 Y46.084 E.01815
G1 X65.321 Y46.024 E.0179
G1 X66.135 Y45.882 E.02797
M204 S10000
G1 E-.8 F1800
G1 X61.374 Y46.374 Z1 F7200
G1 Z.6
M73 P9 R15
G1 E.8 F1800
M204 S1500
;TYPE:Inner wall
;WIDTH:0.442204
G1 F1502.69
G1 X61.892 Y46.453 E.01739
G1 X62.437 Y46.512 E.01819
;WIDTH:0.442918
G1 F1500.007
G1 X62.963 Y46.549 E.01754
G1 X64.231 Y46.549 E.04217
G1 X64.769 Y46.512 E.01794
;WIDTH:0.44217
G1 F1502.818
G1 X65.313 Y46.453 E.01818
G1 X65.831 Y46.374 E.0174
; stop printing object fidget-finger-massager-2000-rods-rod-05.stl id:0 copy 0
; printing object fidget-finger-massager-2000-rods-rod-09.stl id:0 copy 0
M204 S10000
G1 E-.8 F1800
G1 X66.131 Y42.272 Z1 F7200
G1 Z.6
G1 E.8 F1800
M204 S500
;TYPE:Outer wall
;WIDTH:0.449999
G1 F1473.915
G1 X66.278 Y43.108 E.02873
G1 X65.316 Y43.272 E.03304
G1 X64.754 Y43.333 E.01914
G1 X64.187 Y43.371 E.01923
G1 X62.91 Y43.371 E.04323
G1 X62.271 Y43.323 E.02166
G1 X61.711 Y43.258 E.01909
G1 X60.84 Y43.108 E.02993
G1 X60.988 Y42.272 E.02873
G1 X61.897 Y42.428 E.03122
G1 X62.424 Y42.486 E.01795
G1 X62.931 Y42.521 E.01721
G1 X64.217 Y42.521 E.04353
G1 X64.752 Y42.482 E.01815
G1 X65.277 Y42.421 E.0179
G1 X66.091 Y42.279 E.02797
M204 S10000
G1 E-.8 F1800
G1 X61.331 Y42.771 Z1 F7200
G1 Z.6
G1 E.8 F1800
M204 S1500
;TYPE:Inner wall
;WIDTH:0.442204
G1 F1502.69
G1 X61.848 Y42.85 E.01739
G1 X62.393 Y42.91 E.01819
;WIDTH:0.442918
G1 F1500.007
G1 X62.919 Y42.946 E.01754
G1 X64.187 Y42.946 E.04217
G1 X64.725 Y42.91 E.01794
;WIDTH:0.44217
G1 F1502.818
G1 X65.269 Y42.85 E.01818
G1 X65.788 Y42.771 E.0174
; stop printing object fidget-finger-massager-2000-rods-rod-09.stl id:0 copy 0
; printing object fidget-finger-massager-2000-rods-rod-06.stl id:0 copy 0
M204 S10000
G1 E-.8 F1800
G1 X58.281 Y44.154 Z1 F7200
G1 X58.233 Y44.163 Z1
G1 Z.6
G1 E.8 F1800
M204 S500
;TYPE:Outer wall
;WIDTH:0.449999
G1 F1473.915
G1 X58.078 Y45.067 E.03106
G1 X58.019 Y45.6 E.01813
G1 X57.984 Y46.107 E.0172
G1 X57.984 Y47.393 E.04354
G1 X58.023 Y47.928 E.01815
G1 X58.084 Y48.453 E.0179
G1 X58.233 Y49.306 E.02932
G1 X57.397 Y49.454 E.02873
G1 X57.315 Y49.027 E.0147
G1 X57.233 Y48.491 E.01834
G1 X57.172 Y47.929 E.01914
G1 X57.134 Y47.363 E.01923
G1 X57.134 Y46.085 E.04323
G1 X57.182 Y45.447 E.02167
G1 X57.247 Y44.887 E.0191
G1 X57.396 Y44.015 E.02992
G1 X58.193 Y44.156 E.0274
M204 S10000
G1 E-.8 F1800
G1 X57.734 Y48.963 Z1 F7200
G1 Z.6
G1 E.8 F1800
M204 S1500
;TYPE:Inner wall
;WIDTH:0.442168
G1 F1502.825
G1 X57.655 Y48.445 E.0174
G1 X57.595 Y47.901 E.01818
;WIDTH:0.44292
G1 F1500
G1 X57.559 Y47.363 E.01794
G1 X57.559 Y46.082 E.0426
G1 X57.6 Y45.518 E.01879
;WIDTH:0.44206
G1 F1503.232
G1 X57.656 Y45.019 E.01669
G1 X57.734 Y44.506 E.01722
; stop printing object fidget-finger-massager-2000-rods-rod-06.stl id:0 copy 0
; printing object fidget-finger-massager-2000-rods-rod-08.stl id:0 copy 0
M204 S10000
G1 E-.8 F1800
G1 X54.63 Y44.163 Z1 F7200
G1 Z.6
G1 E.8 F1800
M204 S500
;TYPE:Outer wall
;WIDTH:0.449999
G1 F1473.915
G1 X54.475 Y45.067 E.03106
G1 X54.416 Y45.6 E.01813
G1 X54.381 Y46.107 E.0172
G1 X54.381 Y47.393 E.04354
G1 X54.421 Y47.928 E.01815
G1 X54.481 Y48.453 E.0179
G1 X54.63 Y49.306 E.02932
G1 X53.794 Y49.454 E.02873
G1 X53.712 Y49.027 E.0147
G1 X53.63 Y48.491 E.01834
G1 X53.569 Y47.929 E.01914
G1 X53.531 Y47.363 E.01923
G1 X53.531 Y46.085 E.04323
G1 X53.579 Y45.447 E.02167
G1 X53.644 Y44.887 E.0191
G1 X53.794 Y44.015 E.02992
G1 X54.591 Y44.156 E.0274
M204 S10000
G1 E-.8 F1800
G1 X54.131 Y48.963 Z1 F7200
G1 Z.6
G1 E.8 F1800
M204 S1500
;TYPE:Inner wall
;WIDTH:0.442168
G1 F1502.825
G1 X54.053 Y48.445 E.0174
G1 X53.993 Y47.901 E.01818
;WIDTH:0.44292
G1 F1500
G1 X53.956 Y47.363 E.01794
G1 X53.956 Y46.082 E.0426
G1 X53.997 Y45.518 E.01879
;WIDTH:0.44206
G1 F1503.232
G1 X54.053 Y45.019 E.01669
G1 X54.131 Y44.506 E.01722
; stop printing object fidget-finger-massager-2000-rods-rod-08.stl id:0 copy 0
;LAYER_CHANGE
;Z:0.8
;HEIGHT:0.2
G92 E0
;_SET_FAN_SPEED_CHANGING_LAYER
; printing object fidget-finger-massager-2000-rods-rod-07.stl id:0 copy 0
M204 S10000
G1 E-.8 F1800
G1 X54.63 Y52.122 Z1.2 F7200
G1 X54.641 Y52.293 Z1.2
G1 Z.8
G1 E.8 F1800
M204 S500
;TYPE:Outer wall
;WIDTH:0.449999
G1 F1473.915
G1 X54.556 Y52.721 E.01476
G1 X54.476 Y53.242 E.01785
G1 X54.416 Y53.783 E.01843
G1 X54.381 Y54.288 E.01713
G1 X54.381 Y55.574 E.04354
G1 X54.421 Y56.11 E.01817
G1 X54.481 Y56.636 E.01793
G1 X54.641 Y57.539 E.03104
G1 X53.805 Y57.686 E.02873
G1 X53.717 Y57.241 E.01537
G1 X53.63 Y56.669 E.0196
G1 X53.569 Y56.109 E.01906
G1 X53.531 Y55.544 E.01916
G1 X53.531 Y54.267 E.04324
G1 X53.579 Y53.628 E.02168
G1 X53.644 Y53.067 E.01912
G1 X53.805 Y52.146 E.03164
G1 X54.602 Y52.286 E.02741
M204 S10000
G1 E-.8 F1800
G1 X54.14 Y57.197 Z1.2 F7200
G1 Z.8
G1 E.8 F1800
M204 S1500
;TYPE:Inner wall
;WIDTH:0.441984
G1 F1503.518
G1 X54.136 Y57.177 E.00066
;WIDTH:0.442236
G1 F1502.569
G1 X54.052 Y56.622 E.01863
G1 X53.993 Y56.08 E.01811
;WIDTH:0.44292
G1 F1500
G1 X53.956 Y55.544 E.01786
G1 X53.956 Y54.262 E.04263
G1 X54 Y53.674 E.01962
;WIDTH:0.44004
G1 F1510.878
G1 X54.063 Y53.131 E.01806
;WIDTH:0.441114
G1 F1506.803
G1 X54.14 Y52.636 E.01659
; stop printing object fidget-finger-massager-2000-rods-rod-07.stl id:0 copy 0
; printing object fidget-finger-massager-2000-rods-rod-04.stl id:0 copy 0
M204 S10000
G1 E-.8 F1800
G1 X58.244 Y52.293 Z1.2 F7200
G1 Z.8
G1 E.8 F1800
M204 S500
;TYPE:Outer wall
;WIDTH:0.449999
G1 F1473.915
G1 X58.159 Y52.721 E.01476
G1 X58.079 Y53.242 E.01785
G1 X58.019 Y53.783 E.01843
G1 X57.984 Y54.288 E.01713
G1 X57.984 Y55.574 E.04354
G1 X58.023 Y56.11 E.01817
G1 X58.084 Y56.636 E.01793
G1 X58.244 Y57.539 E.03104
G1 X57.408 Y57.686 E.02873
G1 X57.32 Y57.241 E.01537
G1 X57.233 Y56.669 E.0196
G1 X57.172 Y56.109 E.01906
G1 X57.134 Y55.544 E.01916
G1 X57.134 Y54.267 E.04324
G1 X57.182 Y53.628 E.02168
G1 X57.247 Y53.067 E.01912
G1 X57.407 Y52.146 E.03164
G1 X58.205 Y52.286 E.02741
M204 S10000
G1 E-.8 F1800
G1 X57.743 Y57.197 Z1.2 F7200
G1 Z.8
G1 E.8 F1800
M204 S1500
;TYPE:Inner wall
;WIDTH:0.441984
G1 F1503.518
G1 X57.739 Y57.177 E.00066
;WIDTH:0.442236
G1 F1502.569
G1 X57.655 Y56.622 E.01863
G1 X57.595 Y56.08 E.01811
;WIDTH:0.44292
G1 F1500
G1 X57.559 Y55.544 E.01786
G1 X57.559 Y54.262 E.04263
G1 X57.603 Y53.674 E.01962
;WIDTH:0.44004
G1 F1510.878
G1 X57.666 Y53.131 E.01806
;WIDTH:0.441114
G1 F1506.803
G1 X57.743 Y52.636 E.01659
; stop printing object fidget-finger-massager-2000-rods-rod-04.stl id:0 copy 0
; printing object fidget-finger-massager-2000-rods-rod-01.stl id:0 copy 0
M204 S10000
G1 E-.8 F1800
G1 X64.635 Y55.915 Z1.2 F7200
G1 X66.225 Y56.672 Z1.2
G1 Z.8
G1 E.8 F1800
M204 S500
;TYPE:Outer wall
;WIDTH:0.449999
G1 F1473.915
G1 X66.373 Y57.508 E.02873
G1 X65.928 Y57.597 E.01537
G1 X65.355 Y57.683 E.0196
G1 X64.795 Y57.745 E.01906
G1 X64.231 Y57.782 E.01916
G1 X62.953 Y57.782 E.04324
G1 X62.315 Y57.734 E.02168
G1 X61.754 Y57.669 E.01911
G1 X60.834 Y57.509 E.03161
G1 X60.985 Y56.673 E.02875
G1 X61.424 Y56.76 E.01513
G1 X61.945 Y56.839 E.01785
G1 X62.47 Y56.897 E.01787
G1 X62.975 Y56.932 E.01714
G1 X64.261 Y56.932 E.04354
G1 X64.796 Y56.893 E.01817
G1 X65.323 Y56.832 E.01793
G1 X66.186 Y56.679 E.02969
M204 S10000
G1 X65.883 Y57.173 F7200
M204 S1500
;TYPE:Inner wall
;WIDTH:0.441984
G1 F1503.518
G1 X65.864 Y57.177 E.00066
;WIDTH:0.442234
G1 F1502.577
G1 X65.309 Y57.261 E.01863
G1 X64.767 Y57.321 E.01811
;WIDTH:0.442918
G1 F1500.007
G1 X64.231 Y57.357 E.01786
G1 X62.949 Y57.357 E.04263
G1 X62.361 Y57.313 E.01962
;WIDTH:0.439898
G1 F1511.419
G1 X61.82 Y57.251 E.01796
;WIDTH:0.440826
G1 F1507.894
G1 X61.325 Y57.174 E.01658
; stop printing object fidget-finger-massager-2000-rods-rod-01.stl id:0 copy 0
; printing object fidget-finger-massager-2000-rods-rod-02.stl id:0 copy 0
M204 S10000
G1 E-.8 F1800
G1 X66.225 Y53.07 Z1.2 F7200
G1 Z.8
G1 E.8 F1800
M204 S500
;TYPE:Outer wall
;WIDTH:0.449999
G1 F1473.915
G1 X66.373 Y53.905 E.02873
G1 X65.928 Y53.994 E.01537
G1 X65.355 Y54.081 E.0196
G1 X64.795 Y54.142 E.01906
G1 X64.231 Y54.179 E.01916
G1 X62.953 Y54.179 E.04324
G1 X62.315 Y54.132 E.02168
G1 X61.754 Y54.066 E.01911
G1 X60.834 Y53.906 E.03161
G1 X60.985 Y53.07 E.02875
G1 X61.424 Y53.157 E.01513
G1 X61.945 Y53.237 E.01785
G1 X62.47 Y53.295 E.01787
G1 X62.975 Y53.329 E.01714
G1 X64.261 Y53.329 E.04354
G1 X64.796 Y53.29 E.01817
G1 X65.323 Y53.229 E.01793
G1 X66.186 Y53.077 E.02969
M204 S10000
G1 X65.883 Y53.571 F7200
M204 S1500
;TYPE:Inner wall
;WIDTH:0.441984
G1 F1503.518
G1 X65.864 Y53.574 E.00066
;WIDTH:0.442234
G1 F1502.577
G1 X65.309 Y53.659 E.01863
G1 X64.767 Y53.718 E.01811
;WIDTH:0.442918
G1 F1500.007
G1 X64.231 Y53.754 E.01786
G1 X62.949 Y53.754 E.04263
G1 X62.361 Y53.711 E.01962
;WIDTH:0.439898
G1 F1511.419
G1 X61.82 Y53.648 E.01796
;WIDTH:0.440826
G1 F1507.894
G1 X61.325 Y53.571 E.01658
; stop printing object fidget-finger-massager-2000-rods-rod-02.stl id:0 copy 0
; printing object fidget-finger-massager-2000-rods-rod-03.stl id:0 copy 0
M204 S10000
G1 E-.8 F1800
G1 X66.225 Y49.467 Z1.2 F7200
G1 Z.8
G1 E.8 F1800
M204 S500
;TYPE:Outer wall
;WIDTH:0.449999
G1 F1473.915
G1 X66.373 Y50.303 E.02873
G1 X65.928 Y50.391 E.01537
G1 X65.355 Y50.478 E.0196
G1 X64.795 Y50.539 E.01906
G1 X64.231 Y50.576 E.01916
G1 X62.953 Y50.576 E.04324
G1 X62.315 Y50.529 E.02168
G1 X61.754 Y50.464 E.01911
G1 X60.834 Y50.303 E.03161
G1 X60.985 Y49.468 E.02875
G1 X61.424 Y49.555 E.01513
G1 X61.945 Y49.634 E.01785
G1 X62.47 Y49.692 E.01787
G1 X62.975 Y49.726 E.01714
G1 X64.261 Y49.726 E.04354
G1 X64.796 Y49.687 E.01817
G1 X65.323 Y49.627 E.01793
G1 X66.186 Y49.474 E.02969
M204 S10000
G1 X65.883 Y49.968 F7200
M204 S1500
;TYPE:Inner wall
;WIDTH:0.441984
G1 F1503.518
G1 X65.864 Y49.971 E.00066
;WIDTH:0.442234
G1 F1502.577
G1 X65.309 Y50.056 E.01863
G1 X64.767 Y50.115 E.01811
;WIDTH:0.442918
G1 F1500.007
G1 X64.231 Y50.151 E.01786
G1 X62.949 Y50.151 E.04263
G1 X62.361 Y50.108 E.01962
;WIDTH:0.439898
G1 F1511.419
G1 X61.82 Y50.045 E.01796
;WIDTH:0.440826
G1 F1507.894
M73 P10 R15
G1 X61.325 Y49.968 E.01658
; stop printing object fidget-finger-massager-2000-rods-rod-03.stl id:0 copy 0
; printing object fidget-finger-massager-2000-rods-rod-05.stl id:0 copy 0
M204 S10000
G1 E-.8 F1800
G1 X66.225 Y45.864 Z1.2 F7200
G1 Z.8
G1 E.8 F1800
M204 S500
;TYPE:Outer wall
;WIDTH:0.449999
G1 F1473.915
G1 X66.373 Y46.7 E.02873
G1 X65.928 Y46.788 E.01537
G1 X65.355 Y46.875 E.0196
G1 X64.795 Y46.936 E.01906
G1 X64.231 Y46.974 E.01916
G1 X62.953 Y46.974 E.04324
G1 X62.315 Y46.926 E.02168
G1 X61.754 Y46.861 E.01911
G1 X60.834 Y46.701 E.03161
G1 X60.985 Y45.865 E.02875
G1 X61.424 Y45.952 E.01513
G1 X61.945 Y46.031 E.01785
G1 X62.47 Y46.089 E.01787
G1 X62.975 Y46.124 E.01714
G1 X64.261 Y46.124 E.04354
G1 X64.796 Y46.084 E.01817
G1 X65.323 Y46.024 E.01793
G1 X66.186 Y45.871 E.02969
M204 S10000
G1 X65.883 Y46.365 F7200
M204 S1500
;TYPE:Inner wall
;WIDTH:0.441984
G1 F1503.518
G1 X65.864 Y46.369 E.00066
;WIDTH:0.442234
G1 F1502.577
G1 X65.309 Y46.453 E.01863
G1 X64.767 Y46.513 E.01811
;WIDTH:0.442918
G1 F1500.007
G1 X64.231 Y46.549 E.01786
G1 X62.949 Y46.549 E.04263
G1 X62.361 Y46.505 E.01962
;WIDTH:0.439898
G1 F1511.419
G1 X61.82 Y46.443 E.01796
;WIDTH:0.440826
G1 F1507.894
G1 X61.325 Y46.365 E.01658
; stop printing object fidget-finger-massager-2000-rods-rod-05.stl id:0 copy 0
; printing object fidget-finger-massager-2000-rods-rod-09.stl id:0 copy 0
M204 S10000
G1 E-.8 F1800
G1 X66.182 Y42.261 Z1.2 F7200
G1 Z.8
G1 E.8 F1800
M204 S500
;TYPE:Outer wall
;WIDTH:0.449999
G1 F1473.915
G1 X66.329 Y43.097 E.02873
G1 X65.884 Y43.185 E.01537
G1 X65.311 Y43.272 E.0196
G1 X64.751 Y43.333 E.01906
G1 X64.187 Y43.371 E.01916
G1 X62.909 Y43.371 E.04324
G1 X62.271 Y43.323 E.02168
G1 X61.71 Y43.258 E.01911
G1 X60.79 Y43.098 E.03161
G1 X60.941 Y42.262 E.02875
G1 X61.38 Y42.349 E.01513
G1 X61.901 Y42.428 E.01785
G1 X62.426 Y42.486 E.01787
G1 X62.931 Y42.521 E.01714
G1 X64.217 Y42.521 E.04354
G1 X64.752 Y42.482 E.01817
G1 X65.279 Y42.421 E.01793
G1 X66.142 Y42.268 E.02969
M204 S10000
G1 X65.839 Y42.762 F7200
M204 S1500
;TYPE:Inner wall
;WIDTH:0.441984
G1 F1503.518
G1 X65.82 Y42.766 E.00066
;WIDTH:0.442234
G1 F1502.577
G1 X65.265 Y42.85 E.01863
G1 X64.723 Y42.91 E.01811
;WIDTH:0.442918
G1 F1500.007
G1 X64.187 Y42.946 E.01786
G1 X62.905 Y42.946 E.04263
G1 X62.317 Y42.902 E.01962
;WIDTH:0.439898
G1 F1511.419
G1 X61.776 Y42.84 E.01796
;WIDTH:0.440826
G1 F1507.894
G1 X61.281 Y42.763 E.01658
; stop printing object fidget-finger-massager-2000-rods-rod-09.stl id:0 copy 0
; printing object fidget-finger-massager-2000-rods-rod-06.stl id:0 copy 0
M204 S10000
G1 E-.8 F1800
G1 X58.244 Y44.112 Z1.2 F7200
G1 Z.8
G1 E.8 F1800
M204 S500
;TYPE:Outer wall
;WIDTH:0.449999
G1 F1473.915
G1 X58.159 Y44.539 E.01476
G1 X58.079 Y45.061 E.01785
G1 X58.019 Y45.602 E.01843
G1 X57.984 Y46.107 E.01713
G1 X57.984 Y47.393 E.04354
G1 X58.023 Y47.928 E.01817
G1 X58.084 Y48.454 E.01793
G1 X58.244 Y49.357 E.03104
G1 X57.408 Y49.505 E.02873
G1 X57.32 Y49.059 E.01537
G1 X57.233 Y48.487 E.0196
G1 X57.172 Y47.927 E.01906
G1 X57.134 Y47.363 E.01916
G1 X57.134 Y46.085 E.04324
G1 X57.182 Y45.446 E.02168
G1 X57.247 Y44.885 E.01912
G1 X57.407 Y43.964 E.03164
G1 X58.205 Y44.105 E.02741
M204 S10000
G1 E-.8 F1800
G1 X57.743 Y49.015 Z1.2 F7200
G1 Z.8
G1 E.8 F1800
M204 S1500
;TYPE:Inner wall
;WIDTH:0.441984
G1 F1503.518
G1 X57.739 Y48.995 E.00066
;WIDTH:0.442236
G1 F1502.569
G1 X57.655 Y48.441 E.01863
G1 X57.595 Y47.898 E.01811
;WIDTH:0.44292
G1 F1500
G1 X57.559 Y47.363 E.01786
G1 X57.559 Y46.081 E.04263
G1 X57.603 Y45.493 E.01962
;WIDTH:0.44004
G1 F1510.878
G1 X57.666 Y44.949 E.01806
;WIDTH:0.441114
G1 F1506.803
G1 X57.743 Y44.454 E.01659
; stop printing object fidget-finger-massager-2000-rods-rod-06.stl id:0 copy 0
; printing object fidget-finger-massager-2000-rods-rod-08.stl id:0 copy 0
M204 S10000
G1 E-.8 F1800
G1 X54.641 Y44.112 Z1.2 F7200
G1 Z.8
G1 E.8 F1800
M204 S500
;TYPE:Outer wall
;WIDTH:0.449999
G1 F1473.915
G1 X54.556 Y44.539 E.01476
G1 X54.476 Y45.061 E.01785
G1 X54.416 Y45.602 E.01843
G1 X54.381 Y46.107 E.01713
G1 X54.381 Y47.393 E.04354
G1 X54.421 Y47.928 E.01817
G1 X54.481 Y48.454 E.01793
G1 X54.641 Y49.357 E.03104
G1 X53.805 Y49.505 E.02873
G1 X53.717 Y49.059 E.01537
G1 X53.63 Y48.487 E.0196
G1 X53.569 Y47.927 E.01906
G1 X53.531 Y47.363 E.01916
G1 X53.531 Y46.085 E.04324
G1 X53.579 Y45.446 E.02168
G1 X53.644 Y44.885 E.01912
G1 X53.805 Y43.964 E.03164
G1 X54.602 Y44.105 E.02741
M204 S10000
G1 E-.8 F1800
G1 X54.14 Y49.015 Z1.2 F7200
G1 Z.8
G1 E.8 F1800
M204 S1500
;TYPE:Inner wall
;WIDTH:0.441984
G1 F1503.518
G1 X54.136 Y48.995 E.00066
;WIDTH:0.442236
G1 F1502.569
G1 X54.052 Y48.441 E.01863
G1 X53.993 Y47.898 E.01811
;WIDTH:0.44292
G1 F1500
G1 X53.956 Y47.363 E.01786
G1 X53.956 Y46.081 E.04263
G1 X54 Y45.493 E.01962
;WIDTH:0.44004
G1 F1510.878
G1 X54.063 Y44.949 E.01806
;WIDTH:0.441114
G1 F1506.803
G1 X54.14 Y44.454 E.01659
; stop printing object fidget-finger-massager-2000-rods-rod-08.stl id:0 copy 0
;LAYER_CHANGE
;Z:1
;HEIGHT:0.2
G92 E0
;_SET_FAN_SPEED_CHANGING_LAYER
; printing object fidget-finger-massager-2000-rods-rod-07.stl id:0 copy 0
M204 S10000
G1 E-.8 F1800
G1 X54.627 Y52.071 Z1.4 F7200
G1 X54.641 Y52.287 Z1.4
G1 Z1
G1 E.8 F1800
M204 S500
;TYPE:Outer wall
;WIDTH:0.449999
G1 F1473.915
G1 X54.477 Y53.236 E.0326
G1 X54.416 Y53.786 E.01873
G1 X54.381 Y54.288 E.01705
G1 X54.381 Y55.574 E.04354
G1 X54.421 Y56.11 E.01819
G1 X54.481 Y56.637 E.01795
G1 X54.642 Y57.545 E.03122
G1 X53.807 Y57.693 E.02873
G1 X53.718 Y57.245 E.01544
G1 X53.629 Y56.664 E.0199
G1 X53.569 Y56.107 E.01899
G1 X53.531 Y55.544 E.01908
G1 X53.531 Y54.266 E.04325
G1 X53.579 Y53.627 E.0217
G1 X53.646 Y53.054 E.01952
G1 X53.806 Y52.139 E.03143
G1 X54.602 Y52.28 E.02734
M204 S10000
G1 E-.8 F1800
G1 X54.141 Y57.203 Z1.4 F7200
G1 Z1
G1 E.8 F1800
M204 S1500
;TYPE:Inner wall
;WIDTH:0.441912
G1 F1503.79
G1 X54.137 Y57.181 E.00073
;WIDTH:0.442296
G1 F1502.343
G1 X54.052 Y56.618 E.01892
G1 X53.992 Y56.078 E.01805
;WIDTH:0.44292
G1 F1500
G1 X53.956 Y55.544 E.01779
G1 X53.956 Y54.262 E.04263
G1 X54 Y53.674 E.01964
;WIDTH:0.440054
G1 F1510.825
G1 X54.063 Y53.131 E.01803
;WIDTH:0.450086
G1 F1473.6
G1 X54.145 Y52.634 E.01705
; stop printing object fidget-finger-massager-2000-rods-rod-07.stl id:0 copy 0
; printing object fidget-finger-massager-2000-rods-rod-04.stl id:0 copy 0
M204 S10000
G1 E-.8 F1800
G1 X58.244 Y52.287 Z1.4 F7200
G1 Z1
G1 E.8 F1800
M204 S500
;TYPE:Outer wall
;WIDTH:0.449999
G1 F1473.915
G1 X58.079 Y53.236 E.0326
G1 X58.019 Y53.786 E.01873
G1 X57.984 Y54.288 E.01705
G1 X57.984 Y55.574 E.04354
G1 X58.023 Y56.11 E.01819
G1 X58.084 Y56.637 E.01795
G1 X58.245 Y57.545 E.03122
G1 X57.409 Y57.693 E.02873
G1 X57.32 Y57.245 E.01544
G1 X57.232 Y56.664 E.0199
G1 X57.171 Y56.107 E.01899
G1 X57.134 Y55.544 E.01908
G1 X57.134 Y54.266 E.04325
G1 X57.182 Y53.627 E.0217
G1 X57.249 Y53.054 E.01952
G1 X57.409 Y52.139 E.03143
G1 X58.204 Y52.28 E.02734
M204 S10000
G1 E-.8 F1800
G1 X57.744 Y57.203 Z1.4 F7200
G1 Z1
G1 E.8 F1800
M204 S1500
;TYPE:Inner wall
;WIDTH:0.441912
G1 F1503.79
G1 X57.74 Y57.181 E.00073
;WIDTH:0.442296
G1 F1502.343
G1 X57.654 Y56.618 E.01892
G1 X57.595 Y56.078 E.01805
;WIDTH:0.44292
G1 F1500
G1 X57.559 Y55.544 E.01779
G1 X57.559 Y54.262 E.04263
G1 X57.603 Y53.674 E.01964
;WIDTH:0.440054
G1 F1510.825
G1 X57.665 Y53.131 E.01803
;WIDTH:0.450086
G1 F1473.6
G1 X57.747 Y52.634 E.01705
; stop printing object fidget-finger-massager-2000-rods-rod-04.stl id:0 copy 0
; printing object fidget-finger-massager-2000-rods-rod-01.stl id:0 copy 0
M204 S10000
G1 E-.8 F1800
G1 X64.64 Y55.913 Z1.4 F7200
G1 X66.232 Y56.671 Z1.4
G1 Z1
G1 E.8 F1800
M204 S500
;TYPE:Outer wall
;WIDTH:0.449999
G1 F1473.915
G1 X66.379 Y57.507 E.02873
G1 X65.932 Y57.596 E.01544
G1 X65.351 Y57.684 E.0199
G1 X64.793 Y57.745 E.01899
G1 X64.231 Y57.782 E.01908
G1 X62.955 Y57.782 E.04319
G1 X62.339 Y57.737 E.0209
G1 X61.837 Y57.682 E.0171
G1 X60.833 Y57.508 E.0345
G1 X60.98 Y56.672 E.02874
G1 X61.401 Y56.756 E.01453
G1 X62.472 Y56.897 E.03657
G1 X62.975 Y56.932 E.01706
G1 X64.261 Y56.932 E.04354
G1 X64.797 Y56.893 E.01819
G1 X65.324 Y56.832 E.01795
G1 X66.193 Y56.678 E.02987
M204 S10000
G1 X65.89 Y57.172 F7200
M204 S1500
;TYPE:Inner wall
;WIDTH:0.44191
G1 F1503.797
G1 X65.868 Y57.176 E.00073
;WIDTH:0.442294
G1 F1502.351
G1 X65.305 Y57.262 E.01892
G1 X64.765 Y57.321 E.01805
;WIDTH:0.442918
G1 F1500.007
G1 X64.231 Y57.357 E.01779
G1 X62.963 Y57.357 E.04217
G1 X62.441 Y57.321 E.0174
;WIDTH:0.451424
G1 F1468.774
G1 X61.322 Y57.173 E.03834
; stop printing object fidget-finger-massager-2000-rods-rod-01.stl id:0 copy 0
; printing object fidget-finger-massager-2000-rods-rod-02.stl id:0 copy 0
M204 S10000
G1 E-.8 F1800
G1 X66.232 Y53.068 Z1.4 F7200
G1 Z1
G1 E.8 F1800
M204 S500
;TYPE:Outer wall
;WIDTH:0.449999
G1 F1473.915
G1 X66.379 Y53.904 E.02873
G1 X65.932 Y53.993 E.01544
G1 X65.351 Y54.081 E.0199
G1 X64.793 Y54.142 E.01899
G1 X64.231 Y54.179 E.01908
G1 X62.955 Y54.179 E.04319
G1 X62.339 Y54.134 E.0209
G1 X61.837 Y54.079 E.0171
G1 X60.833 Y53.905 E.0345
G1 X60.98 Y53.069 E.02874
G1 X61.401 Y53.154 E.01453
G1 X62.472 Y53.295 E.03657
G1 X62.975 Y53.329 E.01706
G1 X64.261 Y53.329 E.04354
G1 X64.797 Y53.29 E.01819
G1 X65.324 Y53.229 E.01795
G1 X66.193 Y53.075 E.02987
M204 S10000
G1 X65.89 Y53.569 F7200
M204 S1500
;TYPE:Inner wall
;WIDTH:0.44191
G1 F1503.797
G1 X65.868 Y53.573 E.00073
;WIDTH:0.442294
G1 F1502.351
G1 X65.305 Y53.659 E.01892
G1 X64.765 Y53.718 E.01805
;WIDTH:0.442918
G1 F1500.007
G1 X64.231 Y53.754 E.01779
G1 X62.963 Y53.754 E.04217
G1 X62.441 Y53.718 E.0174
;WIDTH:0.451424
G1 F1468.774
G1 X61.322 Y53.57 E.03834
; stop printing object fidget-finger-massager-2000-rods-rod-02.stl id:0 copy 0
; printing object fidget-finger-massager-2000-rods-rod-03.stl id:0 copy 0
M204 S10000
G1 E-.8 F1800
G1 X66.232 Y49.465 Z1.4 F7200
G1 Z1
G1 E.8 F1800
M204 S500
;TYPE:Outer wall
;WIDTH:0.449999
G1 F1473.915
G1 X66.379 Y50.301 E.02873
G1 X65.932 Y50.39 E.01544
G1 X65.351 Y50.478 E.0199
G1 X64.793 Y50.539 E.01899
G1 X64.231 Y50.576 E.01908
G1 X62.955 Y50.576 E.04319
G1 X62.339 Y50.532 E.0209
G1 X61.837 Y50.476 E.0171
G1 X60.833 Y50.302 E.0345
G1 X60.98 Y49.466 E.02874
M73 P11 R15
G1 X61.401 Y49.551 E.01453
G1 X62.472 Y49.692 E.03657
G1 X62.975 Y49.726 E.01706
G1 X64.261 Y49.726 E.04354
G1 X64.797 Y49.687 E.01819
G1 X65.324 Y49.626 E.01795
G1 X66.193 Y49.472 E.02987
M204 S10000
G1 X65.89 Y49.967 F7200
M204 S1500
;TYPE:Inner wall
;WIDTH:0.44191
G1 F1503.797
G1 X65.868 Y49.971 E.00073
;WIDTH:0.442294
G1 F1502.351
G1 X65.305 Y50.056 E.01892
G1 X64.765 Y50.115 E.01805
;WIDTH:0.442918
G1 F1500.007
G1 X64.231 Y50.151 E.01779
G1 X62.963 Y50.151 E.04217
G1 X62.441 Y50.115 E.0174
;WIDTH:0.451424
G1 F1468.774
G1 X61.322 Y49.968 E.03834
; stop printing object fidget-finger-massager-2000-rods-rod-03.stl id:0 copy 0
; printing object fidget-finger-massager-2000-rods-rod-05.stl id:0 copy 0
M204 S10000
G1 E-.8 F1800
G1 X66.232 Y45.863 Z1.4 F7200
G1 Z1
G1 E.8 F1800
M204 S500
;TYPE:Outer wall
;WIDTH:0.449999
G1 F1473.915
G1 X66.379 Y46.699 E.02873
G1 X65.932 Y46.787 E.01544
G1 X65.351 Y46.876 E.0199
G1 X64.793 Y46.936 E.01899
G1 X64.231 Y46.974 E.01908
G1 X62.955 Y46.974 E.04319
G1 X62.339 Y46.929 E.0209
G1 X61.837 Y46.873 E.0171
G1 X60.833 Y46.7 E.0345
G1 X60.98 Y45.863 E.02874
G1 X61.401 Y45.948 E.01453
G1 X62.472 Y46.089 E.03657
G1 X62.975 Y46.124 E.01706
G1 X64.261 Y46.124 E.04354
G1 X64.797 Y46.084 E.01819
G1 X65.324 Y46.024 E.01795
G1 X66.193 Y45.87 E.02987
M204 S10000
G1 X65.89 Y46.364 F7200
M204 S1500
;TYPE:Inner wall
;WIDTH:0.44191
G1 F1503.797
G1 X65.868 Y46.368 E.00073
;WIDTH:0.442294
G1 F1502.351
G1 X65.305 Y46.454 E.01892
G1 X64.765 Y46.513 E.01805
;WIDTH:0.442918
G1 F1500.007
G1 X64.231 Y46.549 E.01779
G1 X62.963 Y46.549 E.04217
G1 X62.441 Y46.513 E.0174
;WIDTH:0.451424
G1 F1468.774
G1 X61.322 Y46.365 E.03834
; stop printing object fidget-finger-massager-2000-rods-rod-05.stl id:0 copy 0
; printing object fidget-finger-massager-2000-rods-rod-09.stl id:0 copy 0
M204 S10000
G1 E-.8 F1800
G1 X66.188 Y42.26 Z1.4 F7200
G1 Z1
G1 E.8 F1800
M204 S500
;TYPE:Outer wall
;WIDTH:0.449999
G1 F1473.915
G1 X66.336 Y43.096 E.02873
G1 X65.888 Y43.185 E.01544
G1 X65.307 Y43.273 E.0199
G1 X64.749 Y43.334 E.01899
G1 X64.187 Y43.371 E.01908
G1 X62.911 Y43.371 E.04319
G1 X62.295 Y43.326 E.0209
G1 X61.793 Y43.271 E.0171
G1 X60.789 Y43.097 E.0345
G1 X60.936 Y42.261 E.02874
G1 X61.357 Y42.345 E.01453
G1 X62.428 Y42.486 E.03657
G1 X62.931 Y42.521 E.01706
G1 X64.217 Y42.521 E.04354
G1 X64.753 Y42.482 E.01819
G1 X65.28 Y42.421 E.01795
G1 X66.149 Y42.267 E.02987
M204 S10000
G1 X65.846 Y42.761 F7200
M204 S1500
;TYPE:Inner wall
;WIDTH:0.44191
G1 F1503.797
G1 X65.824 Y42.765 E.00073
;WIDTH:0.442294
G1 F1502.351
G1 X65.261 Y42.851 E.01892
G1 X64.721 Y42.91 E.01805
;WIDTH:0.442918
G1 F1500.007
G1 X64.187 Y42.946 E.01779
G1 X62.919 Y42.946 E.04217
G1 X62.397 Y42.91 E.0174
;WIDTH:0.451424
G1 F1468.774
G1 X61.278 Y42.762 E.03834
; stop printing object fidget-finger-massager-2000-rods-rod-09.stl id:0 copy 0
; printing object fidget-finger-massager-2000-rods-rod-06.stl id:0 copy 0
M204 S10000
G1 E-.8 F1800
G1 X58.244 Y44.105 Z1.4 F7200
G1 Z1
G1 E.8 F1800
M204 S500
;TYPE:Outer wall
;WIDTH:0.449999
G1 F1473.915
G1 X58.079 Y45.054 E.0326
G1 X58.019 Y45.604 E.01873
G1 X57.984 Y46.107 E.01705
G1 X57.984 Y47.393 E.04354
G1 X58.023 Y47.929 E.01819
G1 X58.084 Y48.456 E.01795
G1 X58.245 Y49.364 E.03122
G1 X57.409 Y49.511 E.02873
G1 X57.32 Y49.064 E.01544
G1 X57.232 Y48.483 E.0199
G1 X57.171 Y47.925 E.01899
G1 X57.134 Y47.363 E.01908
G1 X57.134 Y46.085 E.04325
G1 X57.182 Y45.445 E.0217
G1 X57.249 Y44.872 E.01952
G1 X57.409 Y43.958 E.03143
G1 X58.204 Y44.098 E.02734
M204 S10000
G1 E-.8 F1800
G1 X57.744 Y49.022 Z1.4 F7200
G1 Z1
G1 E.8 F1800
M204 S1500
;TYPE:Inner wall
;WIDTH:0.441912
G1 F1503.79
G1 X57.74 Y49 E.00073
;WIDTH:0.442296
G1 F1502.343
G1 X57.654 Y48.437 E.01892
G1 X57.595 Y47.896 E.01805
;WIDTH:0.44292
G1 F1500
G1 X57.559 Y47.363 E.01779
G1 X57.559 Y46.081 E.04263
G1 X57.603 Y45.492 E.01964
;WIDTH:0.440054
G1 F1510.825
G1 X57.665 Y44.95 E.01803
;WIDTH:0.450086
G1 F1473.6
G1 X57.747 Y44.453 E.01705
; stop printing object fidget-finger-massager-2000-rods-rod-06.stl id:0 copy 0
; printing object fidget-finger-massager-2000-rods-rod-08.stl id:0 copy 0
M204 S10000
G1 E-.8 F1800
G1 X54.641 Y44.105 Z1.4 F7200
G1 Z1
G1 E.8 F1800
M204 S500
;TYPE:Outer wall
;WIDTH:0.449999
G1 F1473.915
G1 X54.477 Y45.054 E.0326
G1 X54.416 Y45.604 E.01873
G1 X54.381 Y46.107 E.01705
G1 X54.381 Y47.393 E.04354
G1 X54.421 Y47.929 E.01819
G1 X54.481 Y48.456 E.01795
G1 X54.642 Y49.364 E.03122
G1 X53.807 Y49.511 E.02873
G1 X53.718 Y49.064 E.01544
G1 X53.629 Y48.483 E.0199
G1 X53.569 Y47.925 E.01899
G1 X53.531 Y47.363 E.01908
G1 X53.531 Y46.085 E.04325
G1 X53.579 Y45.445 E.0217
G1 X53.646 Y44.872 E.01952
G1 X53.806 Y43.958 E.03143
G1 X54.602 Y44.098 E.02734
M204 S10000
G1 E-.8 F1800
G1 X54.141 Y49.022 Z1.4 F7200
G1 Z1
G1 E.8 F1800
M204 S1500
;TYPE:Inner wall
;WIDTH:0.441912
G1 F1503.79
G1 X54.137 Y49 E.00073
;WIDTH:0.442296
G1 F1502.343
G1 X54.052 Y48.437 E.01892
G1 X53.992 Y47.896 E.01805
;WIDTH:0.44292
G1 F1500
G1 X53.956 Y47.363 E.01779
G1 X53.956 Y46.081 E.04263
G1 X54 Y45.492 E.01964
;WIDTH:0.440054
G1 F1510.825
G1 X54.063 Y44.95 E.01803
;WIDTH:0.450086
G1 F1473.6
G1 X54.145 Y44.453 E.01705
; stop printing object fidget-finger-massager-2000-rods-rod-08.stl id:0 copy 0
;LAYER_CHANGE
;Z:1.2
;HEIGHT:0.2
G92 E0
;_SET_FAN_SPEED_CHANGING_LAYER
; printing object fidget-finger-massager-2000-rods-rod-07.stl id:0 copy 0
M204 S10000
G1 E-.8 F1800
G1 X54.629 Y52.07 Z1.6 F7200
G1 X54.643 Y52.287 Z1.6
G1 Z1.2
G1 E.8 F1800
M204 S500
;TYPE:Outer wall
;WIDTH:0.449999
G1 F1473.915
G1 X54.556 Y52.722 E.01501
G1 X54.486 Y53.238 E.01765
G1 X54.416 Y53.788 E.01875
G1 X54.381 Y54.288 E.01697
G1 X54.381 Y55.574 E.04354
G1 X54.421 Y56.111 E.01822
G1 X54.482 Y56.638 E.01797
G1 X54.642 Y57.545 E.03118
G1 X53.806 Y57.693 E.02873
G1 X53.718 Y57.25 E.01528
G1 X53.629 Y56.66 E.0202
G1 X53.568 Y56.105 E.01891
G1 X53.531 Y55.544 E.01901
G1 X53.531 Y54.265 E.04329
G1 X53.581 Y53.614 E.0221
G1 X53.636 Y53.116 E.01698
G1 X53.806 Y52.139 E.03355
G1 X54.604 Y52.28 E.02742
M204 S10000
G1 E-.8 F1800
G1 X54.141 Y57.203 Z1.6 F7200
G1 Z1.2
G1 E.8 F1800
M204 S1500
;TYPE:Inner wall
;WIDTH:0.441842
G1 F1504.053
G1 X54.138 Y57.186 E.00058
;WIDTH:0.442358
G1 F1502.11
G1 X54.051 Y56.614 E.01923
G1 X53.992 Y56.076 E.01797
;WIDTH:0.44292
G1 F1500
G1 X53.956 Y55.544 E.01772
G1 X53.956 Y54.263 E.04261
G1 X53.998 Y53.698 E.01884
;WIDTH:0.451236
G1 F1469.45
G1 X54.141 Y52.629 E.03661
; stop printing object fidget-finger-massager-2000-rods-rod-07.stl id:0 copy 0
; printing object fidget-finger-massager-2000-rods-rod-04.stl id:0 copy 0
M204 S10000
G1 E-.8 F1800
G1 X58.246 Y52.287 Z1.6 F7200
G1 Z1.2
G1 E.8 F1800
M204 S500
;TYPE:Outer wall
;WIDTH:0.449999
G1 F1473.915
G1 X58.158 Y52.722 E.01501
G1 X58.089 Y53.238 E.01765
G1 X58.018 Y53.788 E.01875
G1 X57.984 Y54.288 E.01697
G1 X57.984 Y55.574 E.04354
G1 X58.024 Y56.111 E.01822
G1 X58.084 Y56.638 E.01797
G1 X58.245 Y57.545 E.03118
G1 X57.409 Y57.693 E.02873
G1 X57.321 Y57.25 E.01528
G1 X57.232 Y56.66 E.0202
G1 X57.171 Y56.105 E.01891
G1 X57.134 Y55.544 E.01901
G1 X57.134 Y54.265 E.04329
G1 X57.183 Y53.614 E.0221
G1 X57.239 Y53.116 E.01698
G1 X57.409 Y52.139 E.03355
G1 X58.206 Y52.28 E.02742
M204 S10000
G1 E-.8 F1800
G1 X57.744 Y57.203 Z1.6 F7200
G1 Z1.2
G1 E.8 F1800
M204 S1500
;TYPE:Inner wall
;WIDTH:0.441842
G1 F1504.053
G1 X57.741 Y57.186 E.00058
;WIDTH:0.442358
G1 F1502.11
G1 X57.654 Y56.614 E.01923
G1 X57.595 Y56.076 E.01797
;WIDTH:0.44292
G1 F1500
G1 X57.559 Y55.544 E.01772
G1 X57.559 Y54.263 E.04261
G1 X57.6 Y53.698 E.01884
;WIDTH:0.451236
G1 F1469.45
G1 X57.744 Y52.629 E.03661
; stop printing object fidget-finger-massager-2000-rods-rod-04.stl id:0 copy 0
; printing object fidget-finger-massager-2000-rods-rod-01.stl id:0 copy 0
M204 S10000
G1 E-.8 F1800
G1 X64.636 Y55.908 Z1.6 F7200
G1 X66.231 Y56.667 Z1.6
G1 Z1.2
G1 E.8 F1800
M204 S500
;TYPE:Outer wall
;WIDTH:0.449999
G1 F1473.915
G1 X66.38 Y57.507 E.02889
G1 X65.937 Y57.595 E.01527
G1 X65.385 Y57.679 E.0189
G1 X64.791 Y57.745 E.02025
G1 X64.231 Y57.782 E.01899
G1 X62.953 Y57.782 E.04325
G1 X62.313 Y57.734 E.02171
G1 X61.751 Y57.669 E.01916
G1 X60.826 Y57.507 E.03179
G1 X60.973 Y56.671 E.02872
G1 X61.437 Y56.762 E.01598
G1 X61.953 Y56.84 E.01768
G1 X62.474 Y56.898 E.01773
G1 X62.975 Y56.932 E.01699
G1 X64.261 Y56.932 E.04354
G1 X64.798 Y56.893 E.01822
G1 X65.329 Y56.831 E.01812
G1 X66.192 Y56.674 E.02968
M204 S10000
G1 X65.883 Y57.168 F7200
M204 S1500
;TYPE:Inner wall
;WIDTH:0.453384
G1 F1461.76
G1 X65.338 Y57.258 E.01883
;WIDTH:0.44232
G1 F1502.253
G1 X64.762 Y57.321 E.01926
;WIDTH:0.442918
G1 F1500.007
G1 X64.231 Y57.357 E.01771
G1 X62.949 Y57.357 E.04263
G1 X62.36 Y57.313 E.01966
;WIDTH:0.439816
G1 F1511.731
G1 X61.815 Y57.25 E.0181
;WIDTH:0.440114
G1 F1510.597
G1 X61.315 Y57.172 E.01669
; stop printing object fidget-finger-massager-2000-rods-rod-01.stl id:0 copy 0
; printing object fidget-finger-massager-2000-rods-rod-02.stl id:0 copy 0
M204 S10000
G1 E-.8 F1800
G1 X66.231 Y53.064 Z1.6 F7200
G1 Z1.2
G1 E.8 F1800
M204 S500
;TYPE:Outer wall
;WIDTH:0.449999
G1 F1473.915
G1 X66.38 Y53.905 E.02889
G1 X65.937 Y53.992 E.01527
G1 X65.385 Y54.077 E.0189
G1 X64.791 Y54.142 E.02025
G1 X64.231 Y54.179 E.01899
G1 X62.953 Y54.179 E.04325
G1 X62.313 Y54.131 E.02171
G1 X61.751 Y54.066 E.01916
G1 X60.826 Y53.904 E.03179
G1 X60.973 Y53.068 E.02872
G1 X61.437 Y53.159 E.01598
G1 X61.953 Y53.238 E.01768
G1 X62.474 Y53.295 E.01773
G1 X62.975 Y53.329 E.01699
G1 X64.261 Y53.329 E.04354
G1 X64.798 Y53.29 E.01822
G1 X65.329 Y53.228 E.01812
G1 X66.192 Y53.071 E.02968
M204 S10000
G1 X65.883 Y53.565 F7200
M204 S1500
;TYPE:Inner wall
;WIDTH:0.453384
G1 F1461.76
G1 X65.338 Y53.655 E.01883
;WIDTH:0.44232
G1 F1502.253
G1 X64.762 Y53.718 E.01926
;WIDTH:0.442918
G1 F1500.007
G1 X64.231 Y53.754 E.01771
G1 X62.949 Y53.754 E.04263
G1 X62.36 Y53.711 E.01966
;WIDTH:0.439816
G1 F1511.731
G1 X61.815 Y53.647 E.0181
;WIDTH:0.440114
G1 F1510.597
G1 X61.315 Y53.569 E.01669
; stop printing object fidget-finger-massager-2000-rods-rod-02.stl id:0 copy 0
; printing object fidget-finger-massager-2000-rods-rod-03.stl id:0 copy 0
M204 S10000
G1 E-.8 F1800
G1 X66.231 Y49.461 Z1.6 F7200
G1 Z1.2
M73 P12 R15
G1 E.8 F1800
M204 S500
;TYPE:Outer wall
;WIDTH:0.449999
G1 F1473.915
G1 X66.38 Y50.302 E.02889
G1 X65.937 Y50.389 E.01527
G1 X65.385 Y50.474 E.0189
G1 X64.791 Y50.539 E.02025
G1 X64.231 Y50.576 E.01899
G1 X62.953 Y50.576 E.04325
G1 X62.313 Y50.529 E.02171
G1 X61.751 Y50.463 E.01916
G1 X60.826 Y50.301 E.03179
G1 X60.973 Y49.465 E.02872
G1 X61.437 Y49.556 E.01598
G1 X61.953 Y49.635 E.01768
G1 X62.474 Y49.692 E.01773
G1 X62.975 Y49.726 E.01699
G1 X64.261 Y49.726 E.04354
G1 X64.798 Y49.687 E.01822
G1 X65.329 Y49.626 E.01812
G1 X66.192 Y49.468 E.02968
M204 S10000
G1 X65.883 Y49.962 F7200
M204 S1500
;TYPE:Inner wall
;WIDTH:0.453384
G1 F1461.76
G1 X65.338 Y50.052 E.01883
;WIDTH:0.44232
G1 F1502.253
G1 X64.762 Y50.116 E.01926
;WIDTH:0.442918
G1 F1500.007
G1 X64.231 Y50.151 E.01771
G1 X62.949 Y50.151 E.04263
G1 X62.36 Y50.108 E.01966
;WIDTH:0.439816
G1 F1511.731
G1 X61.815 Y50.045 E.0181
;WIDTH:0.440114
G1 F1510.597
G1 X61.315 Y49.966 E.01669
; stop printing object fidget-finger-massager-2000-rods-rod-03.stl id:0 copy 0
; printing object fidget-finger-massager-2000-rods-rod-05.stl id:0 copy 0
M204 S10000
G1 E-.8 F1800
G1 X66.231 Y45.859 Z1.6 F7200
G1 Z1.2
G1 E.8 F1800
M204 S500
;TYPE:Outer wall
;WIDTH:0.449999
G1 F1473.915
G1 X66.38 Y46.699 E.02889
G1 X65.937 Y46.787 E.01527
G1 X65.385 Y46.871 E.0189
G1 X64.791 Y46.937 E.02025
G1 X64.231 Y46.974 E.01899
G1 X62.953 Y46.974 E.04325
G1 X62.313 Y46.926 E.02171
G1 X61.751 Y46.86 E.01916
G1 X60.826 Y46.698 E.03179
G1 X60.973 Y45.863 E.02872
G1 X61.437 Y45.954 E.01598
G1 X61.953 Y46.032 E.01768
G1 X62.474 Y46.089 E.01773
G1 X62.975 Y46.124 E.01699
G1 X64.261 Y46.124 E.04354
G1 X64.798 Y46.084 E.01822
G1 X65.329 Y46.023 E.01812
G1 X66.192 Y45.866 E.02968
M204 S10000
G1 X65.883 Y46.359 F7200
M204 S1500
;TYPE:Inner wall
;WIDTH:0.453384
G1 F1461.76
G1 X65.338 Y46.449 E.01883
;WIDTH:0.44232
G1 F1502.253
G1 X64.762 Y46.513 E.01926
;WIDTH:0.442918
G1 F1500.007
G1 X64.231 Y46.549 E.01771
G1 X62.949 Y46.549 E.04263
G1 X62.36 Y46.505 E.01966
;WIDTH:0.439816
G1 F1511.731
G1 X61.815 Y46.442 E.0181
;WIDTH:0.440114
G1 F1510.597
G1 X61.315 Y46.363 E.01669
; stop printing object fidget-finger-massager-2000-rods-rod-05.stl id:0 copy 0
; printing object fidget-finger-massager-2000-rods-rod-09.stl id:0 copy 0
M204 S10000
G1 E-.8 F1800
G1 X66.187 Y42.256 Z1.6 F7200
G1 Z1.2
G1 E.8 F1800
M204 S500
;TYPE:Outer wall
;WIDTH:0.449999
G1 F1473.915
G1 X66.336 Y43.096 E.02889
G1 X65.893 Y43.184 E.01527
G1 X65.341 Y43.268 E.0189
G1 X64.747 Y43.334 E.02025
G1 X64.187 Y43.371 E.01899
G1 X62.909 Y43.371 E.04325
G1 X62.27 Y43.323 E.02171
G1 X61.707 Y43.258 E.01916
G1 X60.782 Y43.095 E.03179
G1 X60.93 Y42.26 E.02872
G1 X61.393 Y42.351 E.01598
G1 X61.909 Y42.429 E.01768
G1 X62.43 Y42.487 E.01773
G1 X62.931 Y42.521 E.01699
G1 X64.217 Y42.521 E.04354
G1 X64.754 Y42.482 E.01822
G1 X65.285 Y42.42 E.01812
G1 X66.148 Y42.263 E.02968
M204 S10000
G1 X65.839 Y42.756 F7200
M204 S1500
;TYPE:Inner wall
;WIDTH:0.453384
G1 F1461.76
G1 X65.295 Y42.846 E.01883
;WIDTH:0.44232
G1 F1502.253
G1 X64.718 Y42.91 E.01926
;WIDTH:0.442918
G1 F1500.007
G1 X64.187 Y42.946 E.01771
G1 X62.905 Y42.946 E.04263
G1 X62.316 Y42.902 E.01966
;WIDTH:0.439816
G1 F1511.731
G1 X61.771 Y42.839 E.0181
;WIDTH:0.440114
G1 F1510.597
G1 X61.271 Y42.761 E.01669
; stop printing object fidget-finger-massager-2000-rods-rod-09.stl id:0 copy 0
; printing object fidget-finger-massager-2000-rods-rod-06.stl id:0 copy 0
M204 S10000
G1 E-.8 F1800
G1 X58.246 Y44.105 Z1.6 F7200
G1 Z1.2
G1 E.8 F1800
M204 S500
;TYPE:Outer wall
;WIDTH:0.449999
G1 F1473.915
G1 X58.158 Y44.54 E.01501
G1 X58.089 Y45.057 E.01765
G1 X58.018 Y45.606 E.01875
G1 X57.984 Y46.107 E.01697
G1 X57.984 Y47.393 E.04354
G1 X58.024 Y47.93 E.01822
G1 X58.084 Y48.457 E.01797
G1 X58.245 Y49.364 E.03118
G1 X57.409 Y49.511 E.02873
G1 X57.321 Y49.068 E.01528
G1 X57.232 Y48.478 E.0202
G1 X57.171 Y47.923 E.01891
G1 X57.134 Y47.363 E.01901
G1 X57.134 Y46.084 E.04329
G1 X57.183 Y45.433 E.0221
G1 X57.239 Y44.934 E.01698
G1 X57.409 Y43.958 E.03355
G1 X58.206 Y44.098 E.02742
M204 S10000
G1 E-.8 F1800
G1 X57.744 Y49.022 Z1.6 F7200
G1 Z1.2
G1 E.8 F1800
M204 S1500
;TYPE:Inner wall
;WIDTH:0.441842
G1 F1504.053
G1 X57.741 Y49.004 E.00058
;WIDTH:0.442358
G1 F1502.11
G1 X57.654 Y48.432 E.01923
G1 X57.595 Y47.894 E.01797
;WIDTH:0.44292
G1 F1500
G1 X57.559 Y47.363 E.01772
G1 X57.559 Y46.081 E.04261
G1 X57.6 Y45.516 E.01884
;WIDTH:0.451236
G1 F1469.45
G1 X57.744 Y44.448 E.03661
; stop printing object fidget-finger-massager-2000-rods-rod-06.stl id:0 copy 0
; printing object fidget-finger-massager-2000-rods-rod-08.stl id:0 copy 0
M204 S10000
G1 E-.8 F1800
G1 X54.643 Y44.105 Z1.6 F7200
G1 Z1.2
G1 E.8 F1800
M204 S500
;TYPE:Outer wall
;WIDTH:0.449999
G1 F1473.915
G1 X54.556 Y44.54 E.01501
G1 X54.486 Y45.057 E.01765
G1 X54.416 Y45.606 E.01875
G1 X54.381 Y46.107 E.01697
G1 X54.381 Y47.393 E.04354
G1 X54.421 Y47.93 E.01822
G1 X54.482 Y48.457 E.01797
G1 X54.642 Y49.364 E.03118
G1 X53.806 Y49.511 E.02873
G1 X53.718 Y49.068 E.01528
G1 X53.629 Y48.478 E.0202
G1 X53.568 Y47.923 E.01891
G1 X53.531 Y47.363 E.01901
G1 X53.531 Y46.084 E.04329
G1 X53.581 Y45.433 E.0221
G1 X53.636 Y44.934 E.01698
G1 X53.806 Y43.958 E.03355
G1 X54.604 Y44.098 E.02742
M204 S10000
G1 E-.8 F1800
G1 X54.141 Y49.022 Z1.6 F7200
G1 Z1.2
G1 E.8 F1800
M204 S1500
;TYPE:Inner wall
;WIDTH:0.441842
G1 F1504.053
G1 X54.138 Y49.004 E.00058
;WIDTH:0.442358
G1 F1502.11
G1 X54.051 Y48.432 E.01923
G1 X53.992 Y47.894 E.01797
;WIDTH:0.44292
G1 F1500
G1 X53.956 Y47.363 E.01772
G1 X53.956 Y46.081 E.04261
G1 X53.998 Y45.516 E.01884
;WIDTH:0.451236
G1 F1469.45
G1 X54.141 Y44.448 E.03661
; stop printing object fidget-finger-massager-2000-rods-rod-08.stl id:0 copy 0
;LAYER_CHANGE
;Z:1.4
;HEIGHT:0.2
G92 E0
;_SET_FAN_SPEED_CHANGING_LAYER
; printing object fidget-finger-massager-2000-rods-rod-07.stl id:0 copy 0
M204 S10000
G1 E-.8 F1800
G1 X54.629 Y52.065 Z1.8 F7200
G1 X54.643 Y52.287 Z1.8
G1 Z1.4
G1 E.8 F1800
M204 S500
;TYPE:Outer wall
;WIDTH:0.449999
G1 F1473.915
G1 X54.553 Y52.736 E.01549
G1 X54.42 Y53.728 E.0339
G1 X54.381 Y54.288 E.019
G1 X54.381 Y55.574 E.04354
G1 X54.421 Y56.112 E.01824
G1 X54.482 Y56.64 E.01799
G1 X54.642 Y57.545 E.03114
G1 X53.806 Y57.693 E.02873
G1 X53.719 Y57.255 E.01512
G1 X53.628 Y56.656 E.02051
G1 X53.568 Y56.102 E.01883
G1 X53.531 Y55.544 E.01894
G1 X53.531 Y54.265 E.0433
G1 X53.581 Y53.614 E.02211
G1 X53.637 Y53.109 E.01719
G1 X53.806 Y52.139 E.03332
G1 X54.604 Y52.28 E.02742
M204 S10000
G1 E-.8 F1800
G1 X54.141 Y57.203 Z1.8 F7200
G1 Z1.4
G1 E.8 F1800
M204 S1500
;TYPE:Inner wall
;WIDTH:0.441774
G1 F1504.31
G1 X54.139 Y57.191 E.00042
;WIDTH:0.442418
G1 F1501.885
G1 X54.051 Y56.61 E.01953
G1 X53.992 Y56.074 E.0179
;WIDTH:0.44292
G1 F1500
G1 X53.956 Y55.544 E.01765
G1 X53.956 Y54.262 E.04264
G1 X54 Y53.674 E.0196
;WIDTH:0.451048
G1 F1470.127
G1 X54.141 Y52.63 E.03578
; stop printing object fidget-finger-massager-2000-rods-rod-07.stl id:0 copy 0
; printing object fidget-finger-massager-2000-rods-rod-04.stl id:0 copy 0
M204 S10000
G1 E-.8 F1800
G1 X58.246 Y52.287 Z1.8 F7200
G1 Z1.4
G1 E.8 F1800
M204 S500
;TYPE:Outer wall
;WIDTH:0.449999
G1 F1473.915
G1 X58.156 Y52.736 E.01549
G1 X58.023 Y53.728 E.0339
G1 X57.984 Y54.288 E.019
G1 X57.984 Y55.574 E.04354
G1 X58.024 Y56.112 E.01824
G1 X58.084 Y56.64 E.01799
G1 X58.245 Y57.545 E.03114
G1 X57.409 Y57.693 E.02873
G1 X57.322 Y57.255 E.01512
G1 X57.231 Y56.656 E.02051
G1 X57.171 Y56.102 E.01883
G1 X57.134 Y55.544 E.01894
G1 X57.134 Y54.265 E.0433
G1 X57.184 Y53.614 E.02211
G1 X57.24 Y53.109 E.01719
G1 X57.409 Y52.139 E.03332
G1 X58.207 Y52.28 E.02742
M204 S10000
G1 E-.8 F1800
G1 X57.744 Y57.203 Z1.8 F7200
G1 Z1.4
G1 E.8 F1800
M204 S1500
;TYPE:Inner wall
;WIDTH:0.441774
G1 F1504.31
G1 X57.742 Y57.191 E.00042
;WIDTH:0.442418
G1 F1501.885
G1 X57.653 Y56.61 E.01953
G1 X57.595 Y56.074 E.0179
;WIDTH:0.44292
G1 F1500
G1 X57.559 Y55.544 E.01765
G1 X57.559 Y54.262 E.04264
G1 X57.603 Y53.674 E.0196
;WIDTH:0.451048
G1 F1470.127
G1 X57.744 Y52.63 E.03578
; stop printing object fidget-finger-massager-2000-rods-rod-04.stl id:0 copy 0
; printing object fidget-finger-massager-2000-rods-rod-01.stl id:0 copy 0
M204 S10000
G1 E-.8 F1800
G1 X64.637 Y55.908 Z1.8 F7200
G1 X66.231 Y56.667 Z1.8
G1 Z1.4
G1 E.8 F1800
M204 S500
;TYPE:Outer wall
;WIDTH:0.449999
G1 F1473.915
G1 X66.38 Y57.507 E.02889
G1 X65.942 Y57.594 E.01511
G1 X65.392 Y57.678 E.01882
G1 X64.788 Y57.745 E.02056
G1 X64.231 Y57.782 E.01892
G1 X62.953 Y57.782 E.04326
G1 X62.313 Y57.734 E.02172
G1 X61.75 Y57.668 E.01918
G1 X60.826 Y57.506 E.03175
G1 X60.973 Y56.671 E.02872
G1 X61.887 Y56.833 E.03139
G1 X62.415 Y56.893 E.01799
G1 X62.975 Y56.932 E.019
G1 X64.261 Y56.932 E.04354
G1 X64.798 Y56.893 E.01824
G1 X65.331 Y56.831 E.01814
G1 X66.192 Y56.674 E.02964
M204 S10000
G1 X65.883 Y57.168 F7200
M204 S1500
;TYPE:Inner wall
;WIDTH:0.45337
G1 F1461.81
G1 X65.345 Y57.257 E.0186
;WIDTH:0.442358
G1 F1502.11
G1 X64.76 Y57.321 E.01956
;WIDTH:0.442918
G1 F1500.007
G1 X64.231 Y57.357 E.01763
G1 X62.949 Y57.357 E.04264
G1 X62.359 Y57.313 E.01968
;WIDTH:0.439778
G1 F1511.876
G1 X61.813 Y57.25 E.01812
;WIDTH:0.43996
G1 X61.315 Y57.172 E.01665
; stop printing object fidget-finger-massager-2000-rods-rod-01.stl id:0 copy 0
; printing object fidget-finger-massager-2000-rods-rod-02.stl id:0 copy 0
M204 S10000
G1 E-.8 F1800
G1 X66.231 Y53.064 Z1.8 F7200
G1 Z1.4
G1 E.8 F1800
M204 S500
;TYPE:Outer wall
;WIDTH:0.449999
G1 F1473.915
G1 X66.38 Y53.905 E.02889
G1 X65.942 Y53.991 E.01511
G1 X65.392 Y54.076 E.01882
G1 X64.788 Y54.142 E.02056
G1 X64.231 Y54.179 E.01892
G1 X62.953 Y54.179 E.04326
G1 X62.313 Y54.131 E.02172
G1 X61.75 Y54.066 E.01918
G1 X60.826 Y53.904 E.03175
G1 X60.973 Y53.068 E.02872
G1 X61.887 Y53.23 E.03139
G1 X62.415 Y53.291 E.01799
M73 P13 R15
G1 X62.975 Y53.329 E.019
G1 X64.261 Y53.329 E.04354
G1 X64.798 Y53.29 E.01824
G1 X65.331 Y53.228 E.01814
G1 X66.192 Y53.071 E.02964
M204 S10000
G1 X65.883 Y53.565 F7200
M204 S1500
;TYPE:Inner wall
;WIDTH:0.45337
G1 F1461.81
G1 X65.345 Y53.654 E.0186
;WIDTH:0.442358
G1 F1502.11
G1 X64.76 Y53.719 E.01956
;WIDTH:0.442918
G1 F1500.007
G1 X64.231 Y53.754 E.01763
G1 X62.949 Y53.754 E.04264
G1 X62.359 Y53.71 E.01968
;WIDTH:0.439778
G1 F1511.876
G1 X61.813 Y53.647 E.01812
;WIDTH:0.43996
G1 X61.315 Y53.569 E.01665
; stop printing object fidget-finger-massager-2000-rods-rod-02.stl id:0 copy 0
; printing object fidget-finger-massager-2000-rods-rod-03.stl id:0 copy 0
M204 S10000
G1 E-.8 F1800
G1 X66.231 Y49.461 Z1.8 F7200
G1 Z1.4
G1 E.8 F1800
M204 S500
;TYPE:Outer wall
;WIDTH:0.449999
G1 F1473.915
G1 X66.38 Y50.302 E.02889
G1 X65.942 Y50.389 E.01511
G1 X65.392 Y50.473 E.01882
G1 X64.788 Y50.54 E.02056
G1 X64.231 Y50.576 E.01892
G1 X62.953 Y50.576 E.04326
G1 X62.313 Y50.529 E.02172
G1 X61.75 Y50.463 E.01918
G1 X60.826 Y50.301 E.03175
G1 X60.973 Y49.465 E.02872
G1 X61.887 Y49.627 E.03139
G1 X62.415 Y49.688 E.01799
G1 X62.975 Y49.726 E.019
G1 X64.261 Y49.726 E.04354
G1 X64.798 Y49.687 E.01824
G1 X65.331 Y49.625 E.01814
G1 X66.192 Y49.468 E.02964
M204 S10000
G1 X65.883 Y49.962 F7200
M204 S1500
;TYPE:Inner wall
;WIDTH:0.45337
G1 F1461.81
G1 X65.345 Y50.051 E.0186
;WIDTH:0.442358
G1 F1502.11
G1 X64.76 Y50.116 E.01956
;WIDTH:0.442918
G1 F1500.007
G1 X64.231 Y50.151 E.01763
G1 X62.949 Y50.151 E.04264
G1 X62.359 Y50.108 E.01968
;WIDTH:0.439778
G1 F1511.876
G1 X61.813 Y50.044 E.01812
;WIDTH:0.43996
G1 X61.315 Y49.966 E.01665
; stop printing object fidget-finger-massager-2000-rods-rod-03.stl id:0 copy 0
; printing object fidget-finger-massager-2000-rods-rod-05.stl id:0 copy 0
M204 S10000
G1 E-.8 F1800
G1 X66.231 Y45.859 Z1.8 F7200
G1 Z1.4
G1 E.8 F1800
M204 S500
;TYPE:Outer wall
;WIDTH:0.449999
G1 F1473.915
G1 X66.38 Y46.699 E.02889
G1 X65.942 Y46.786 E.01511
G1 X65.392 Y46.87 E.01882
G1 X64.788 Y46.937 E.02056
G1 X64.231 Y46.974 E.01892
G1 X62.953 Y46.974 E.04326
G1 X62.313 Y46.926 E.02172
G1 X61.75 Y46.86 E.01918
G1 X60.826 Y46.698 E.03175
G1 X60.973 Y45.863 E.02872
G1 X61.887 Y46.024 E.03139
G1 X62.415 Y46.085 E.01799
G1 X62.975 Y46.124 E.019
G1 X64.261 Y46.124 E.04354
G1 X64.798 Y46.084 E.01824
G1 X65.331 Y46.023 E.01814
G1 X66.192 Y45.866 E.02964
M204 S10000
G1 X65.883 Y46.359 F7200
M204 S1500
;TYPE:Inner wall
;WIDTH:0.45337
G1 F1461.81
G1 X65.345 Y46.448 E.0186
;WIDTH:0.442358
G1 F1502.11
G1 X64.76 Y46.513 E.01956
;WIDTH:0.442918
G1 F1500.007
G1 X64.231 Y46.549 E.01763
G1 X62.949 Y46.549 E.04264
G1 X62.359 Y46.505 E.01968
;WIDTH:0.439778
G1 F1511.876
G1 X61.813 Y46.442 E.01812
;WIDTH:0.43996
G1 X61.315 Y46.363 E.01665
; stop printing object fidget-finger-massager-2000-rods-rod-05.stl id:0 copy 0
; printing object fidget-finger-massager-2000-rods-rod-09.stl id:0 copy 0
M204 S10000
G1 E-.8 F1800
G1 X66.187 Y42.256 Z1.8 F7200
G1 Z1.4
G1 E.8 F1800
M204 S500
;TYPE:Outer wall
;WIDTH:0.449999
G1 F1473.915
G1 X66.336 Y43.096 E.02889
G1 X65.898 Y43.183 E.01511
G1 X65.348 Y43.267 E.01882
G1 X64.744 Y43.334 E.02056
G1 X64.187 Y43.371 E.01892
G1 X62.909 Y43.371 E.04326
G1 X62.269 Y43.323 E.02172
G1 X61.706 Y43.257 E.01918
G1 X60.782 Y43.095 E.03175
G1 X60.93 Y42.26 E.02872
G1 X61.843 Y42.422 E.03139
G1 X62.371 Y42.482 E.01799
G1 X62.931 Y42.521 E.019
G1 X64.217 Y42.521 E.04354
G1 X64.754 Y42.481 E.01824
G1 X65.287 Y42.42 E.01814
G1 X66.148 Y42.263 E.02964
M204 S10000
G1 X65.839 Y42.756 F7200
M204 S1500
;TYPE:Inner wall
;WIDTH:0.45337
G1 F1461.81
G1 X65.301 Y42.846 E.0186
;WIDTH:0.442358
G1 F1502.11
G1 X64.716 Y42.91 E.01956
;WIDTH:0.442918
G1 F1500.007
G1 X64.187 Y42.946 E.01763
G1 X62.905 Y42.946 E.04264
G1 X62.315 Y42.902 E.01968
;WIDTH:0.439778
G1 F1511.876
G1 X61.769 Y42.839 E.01812
;WIDTH:0.43996
G1 X61.271 Y42.76 E.01665
; stop printing object fidget-finger-massager-2000-rods-rod-09.stl id:0 copy 0
; printing object fidget-finger-massager-2000-rods-rod-06.stl id:0 copy 0
M204 S10000
G1 E-.8 F1800
G1 X58.246 Y44.105 Z1.8 F7200
G1 Z1.4
G1 E.8 F1800
M204 S500
;TYPE:Outer wall
;WIDTH:0.449999
G1 F1473.915
G1 X58.156 Y44.554 E.01549
G1 X58.023 Y45.547 E.0339
G1 X57.984 Y46.107 E.019
G1 X57.984 Y47.393 E.04354
G1 X58.024 Y47.93 E.01824
G1 X58.084 Y48.458 E.01799
G1 X58.245 Y49.364 E.03114
G1 X57.409 Y49.511 E.02873
G1 X57.322 Y49.073 E.01512
G1 X57.231 Y48.474 E.02051
G1 X57.171 Y47.921 E.01883
G1 X57.134 Y47.363 E.01894
G1 X57.134 Y46.083 E.0433
G1 X57.184 Y45.432 E.02211
G1 X57.24 Y44.928 E.01719
G1 X57.409 Y43.958 E.03332
G1 X58.207 Y44.098 E.02742
M204 S10000
G1 E-.8 F1800
G1 X57.744 Y49.022 Z1.8 F7200
G1 Z1.4
G1 E.8 F1800
M204 S1500
;TYPE:Inner wall
;WIDTH:0.441774
G1 F1504.31
G1 X57.742 Y49.009 E.00042
;WIDTH:0.442418
G1 F1501.885
G1 X57.653 Y48.428 E.01953
G1 X57.595 Y47.892 E.0179
;WIDTH:0.44292
G1 F1500
G1 X57.559 Y47.363 E.01765
G1 X57.559 Y46.081 E.04264
G1 X57.603 Y45.493 E.0196
;WIDTH:0.451048
G1 F1470.127
G1 X57.744 Y44.448 E.03578
; stop printing object fidget-finger-massager-2000-rods-rod-06.stl id:0 copy 0
; printing object fidget-finger-massager-2000-rods-rod-08.stl id:0 copy 0
M204 S10000
G1 E-.8 F1800
G1 X54.643 Y44.105 Z1.8 F7200
G1 Z1.4
G1 E.8 F1800
M204 S500
;TYPE:Outer wall
;WIDTH:0.449999
G1 F1473.915
G1 X54.553 Y44.554 E.01549
G1 X54.42 Y45.547 E.0339
G1 X54.381 Y46.107 E.019
G1 X54.381 Y47.393 E.04354
G1 X54.421 Y47.93 E.01824
G1 X54.482 Y48.458 E.01799
G1 X54.642 Y49.364 E.03114
G1 X53.806 Y49.511 E.02873
G1 X53.719 Y49.073 E.01512
G1 X53.628 Y48.474 E.02051
G1 X53.568 Y47.921 E.01883
G1 X53.531 Y47.363 E.01894
G1 X53.531 Y46.083 E.0433
G1 X53.581 Y45.432 E.02211
G1 X53.637 Y44.928 E.01719
G1 X53.806 Y43.958 E.03332
G1 X54.604 Y44.098 E.02742
M204 S10000
G1 E-.8 F1800
G1 X54.141 Y49.022 Z1.8 F7200
G1 Z1.4
G1 E.8 F1800
M204 S1500
;TYPE:Inner wall
;WIDTH:0.441774
G1 F1504.31
G1 X54.139 Y49.009 E.00042
;WIDTH:0.442418
G1 F1501.885
G1 X54.051 Y48.428 E.01953
G1 X53.992 Y47.892 E.0179
;WIDTH:0.44292
G1 F1500
G1 X53.956 Y47.363 E.01765
G1 X53.956 Y46.081 E.04264
G1 X54 Y45.493 E.0196
;WIDTH:0.451048
G1 F1470.127
G1 X54.141 Y44.448 E.03578
; stop printing object fidget-finger-massager-2000-rods-rod-08.stl id:0 copy 0
M106 S240
;LAYER_CHANGE
;Z:1.6
;HEIGHT:0.2
G92 E0
;_SET_FAN_SPEED_CHANGING_LAYER
; printing object fidget-finger-massager-2000-rods-rod-07.stl id:0 copy 0
M204 S10000
G1 E-.8 F1800
G1 X54.628 Y52.065 Z2 F7200
G1 X54.642 Y52.287 Z2
G1 Z1.6
G1 E.8 F1800
M204 S500
;TYPE:Outer wall
;WIDTH:0.449999
G1 F1473.915
G1 X54.559 Y52.703 E.01438
G1 X54.479 Y53.216 E.01755
G1 X54.42 Y53.728 E.01744
G1 X54.381 Y54.288 E.01902
G1 X54.381 Y55.574 E.04354
G1 X54.421 Y56.112 E.01826
G1 X54.482 Y56.641 E.01801
G1 X54.642 Y57.545 E.03109
G1 X53.806 Y57.693 E.02873
G1 X53.72 Y57.259 E.01496
G1 X53.636 Y56.712 E.01874
G1 X53.568 Y56.1 E.02086
G1 X53.531 Y55.544 E.01884
G1 X53.531 Y54.265 E.04328
G1 X53.58 Y53.625 E.02175
G1 X53.645 Y53.061 E.01922
G1 X53.806 Y52.139 E.03166
G1 X54.603 Y52.28 E.02739
M204 S10000
G1 E-.8 F1800
G1 X54.141 Y57.203 Z2 F7200
G1 Z1.6
G1 E.8 F1800
M204 S1500
;TYPE:Inner wall
;WIDTH:0.441734
G1 F1504.461
G1 X54.058 Y56.665 E.01805
;WIDTH:0.442394
G1 F1501.975
G1 X53.992 Y56.071 E.01986
;WIDTH:0.44292
G1 F1500
G1 X53.956 Y55.544 E.01756
G1 X53.956 Y54.262 E.04264
G1 X54 Y53.672 E.01969
;WIDTH:0.440186
G1 F1510.323
G1 X54.063 Y53.125 E.01816
;WIDTH:0.441404
G1 F1505.707
G1 X54.141 Y52.629 E.01664
; stop printing object fidget-finger-massager-2000-rods-rod-07.stl id:0 copy 0
; printing object fidget-finger-massager-2000-rods-rod-04.stl id:0 copy 0
M204 S10000
G1 E-.8 F1800
G1 X58.245 Y52.287 Z2 F7200
G1 Z1.6
G1 E.8 F1800
M204 S500
;TYPE:Outer wall
;WIDTH:0.449999
G1 F1473.915
G1 X58.162 Y52.703 E.01438
G1 X58.082 Y53.216 E.01755
G1 X58.023 Y53.728 E.01744
G1 X57.984 Y54.288 E.01902
G1 X57.984 Y55.574 E.04354
G1 X58.024 Y56.112 E.01826
G1 X58.085 Y56.641 E.01801
G1 X58.245 Y57.545 E.03109
G1 X57.409 Y57.693 E.02873
G1 X57.323 Y57.259 E.01496
G1 X57.239 Y56.712 E.01874
G1 X57.171 Y56.1 E.02086
G1 X57.134 Y55.544 E.01884
G1 X57.134 Y54.265 E.04328
G1 X57.182 Y53.625 E.02175
G1 X57.248 Y53.061 E.01922
G1 X57.409 Y52.139 E.03166
G1 X58.206 Y52.28 E.02739
M204 S10000
G1 E-.8 F1800
G1 X57.744 Y57.203 Z2 F7200
G1 Z1.6
G1 E.8 F1800
M204 S1500
;TYPE:Inner wall
;WIDTH:0.441734
G1 F1504.461
G1 X57.66 Y56.665 E.01805
;WIDTH:0.442394
G1 F1501.975
G1 X57.595 Y56.071 E.01986
;WIDTH:0.44292
G1 F1500
G1 X57.559 Y55.544 E.01756
G1 X57.559 Y54.262 E.04264
G1 X57.603 Y53.672 E.01969
;WIDTH:0.440186
G1 F1510.323
G1 X57.666 Y53.125 E.01816
;WIDTH:0.441404
G1 F1505.707
G1 X57.744 Y52.629 E.01664
; stop printing object fidget-finger-massager-2000-rods-rod-04.stl id:0 copy 0
; printing object fidget-finger-massager-2000-rods-rod-01.stl id:0 copy 0
M204 S10000
G1 E-.8 F1800
G1 X64.635 Y55.91 Z2 F7200
G1 X66.232 Y56.67 Z2
G1 Z1.6
G1 E.8 F1800
M204 S500
;TYPE:Outer wall
;WIDTH:0.449999
G1 F1473.915
G1 X66.379 Y57.506 E.02875
G1 X65.895 Y57.602 E.01671
G1 X65.355 Y57.683 E.01848
G1 X64.857 Y57.739 E.01699
G1 X64.245 Y57.782 E.02076
G1 X62.96 Y57.782 E.04348
G1 X62.41 Y57.745 E.01868
G1 X61.858 Y57.685 E.01878
G1 X61.32 Y57.604 E.01843
G1 X60.826 Y57.506 E.01704
G1 X60.973 Y56.671 E.02872
G1 X61.886 Y56.833 E.03135
G1 X62.414 Y56.893 E.01801
G1 X62.975 Y56.932 E.01902
G1 X64.263 Y56.932 E.0436
G1 X65.234 Y56.834 E.03305
G1 X66.192 Y56.676 E.03286
M204 S10000
G1 E-.8 F1800
G1 X61.315 Y57.171 Z2 F7200
G1 Z1.6
G1 E.8 F1800
M204 S1500
;TYPE:Inner wall
;WIDTH:0.439736
G1 F1512.036
G1 X61.812 Y57.25 E.0166
G1 X62.358 Y57.313 E.01814
;WIDTH:0.442918
G1 F1500.007
G1 X62.949 Y57.357 E.0197
G1 X64.23 Y57.357 E.04261
G1 X64.818 Y57.316 E.01962
M73 P14 R15
;WIDTH:0.442436
G1 F1501.817
G1 X65.89 Y57.171 E.03591
; stop printing object fidget-finger-massager-2000-rods-rod-01.stl id:0 copy 0
; printing object fidget-finger-massager-2000-rods-rod-02.stl id:0 copy 0
M204 S10000
G1 E-.8 F1800
G1 X66.232 Y53.067 Z2 F7200
G1 Z1.6
G1 E.8 F1800
M204 S500
;TYPE:Outer wall
;WIDTH:0.449999
G1 F1473.915
G1 X66.379 Y53.904 E.02875
G1 X65.895 Y53.999 E.01671
G1 X65.355 Y54.081 E.01848
G1 X64.857 Y54.136 E.01699
G1 X64.245 Y54.179 E.02076
G1 X62.96 Y54.179 E.04348
G1 X62.41 Y54.142 E.01868
G1 X61.858 Y54.082 E.01878
G1 X61.32 Y54.001 E.01843
G1 X60.826 Y53.904 E.01704
G1 X60.973 Y53.068 E.02872
G1 X61.886 Y53.23 E.03135
G1 X62.414 Y53.29 E.01801
G1 X62.975 Y53.329 E.01902
G1 X64.263 Y53.329 E.0436
G1 X65.234 Y53.231 E.03305
G1 X66.192 Y53.074 E.03286
M204 S10000
G1 E-.8 F1800
G1 X61.315 Y53.569 Z2 F7200
G1 Z1.6
G1 E.8 F1800
M204 S1500
;TYPE:Inner wall
;WIDTH:0.439736
G1 F1512.036
G1 X61.812 Y53.647 E.0166
G1 X62.358 Y53.71 E.01814
;WIDTH:0.442918
G1 F1500.007
G1 X62.949 Y53.754 E.0197
G1 X64.23 Y53.754 E.04261
G1 X64.818 Y53.714 E.01962
;WIDTH:0.442436
G1 F1501.817
G1 X65.89 Y53.568 E.03591
; stop printing object fidget-finger-massager-2000-rods-rod-02.stl id:0 copy 0
; printing object fidget-finger-massager-2000-rods-rod-03.stl id:0 copy 0
M204 S10000
G1 E-.8 F1800
G1 X66.232 Y49.464 Z2 F7200
G1 Z1.6
G1 E.8 F1800
M204 S500
;TYPE:Outer wall
;WIDTH:0.449999
G1 F1473.915
G1 X66.379 Y50.301 E.02875
G1 X65.895 Y50.397 E.01671
G1 X65.355 Y50.478 E.01848
G1 X64.857 Y50.533 E.01699
G1 X64.245 Y50.576 E.02076
G1 X62.96 Y50.576 E.04348
G1 X62.41 Y50.539 E.01868
G1 X61.858 Y50.479 E.01878
G1 X61.32 Y50.398 E.01843
G1 X60.826 Y50.301 E.01704
G1 X60.973 Y49.465 E.02872
G1 X61.886 Y49.627 E.03135
G1 X62.414 Y49.688 E.01801
G1 X62.975 Y49.726 E.01902
G1 X64.263 Y49.726 E.0436
G1 X65.234 Y49.628 E.03305
G1 X66.192 Y49.471 E.03286
M204 S10000
G1 E-.8 F1800
G1 X61.315 Y49.966 Z2 F7200
G1 Z1.6
G1 E.8 F1800
M204 S1500
;TYPE:Inner wall
;WIDTH:0.439736
G1 F1512.036
G1 X61.812 Y50.044 E.0166
G1 X62.358 Y50.108 E.01814
;WIDTH:0.442918
G1 F1500.007
G1 X62.949 Y50.151 E.0197
G1 X64.23 Y50.151 E.04261
G1 X64.818 Y50.111 E.01962
;WIDTH:0.442436
G1 F1501.817
G1 X65.89 Y49.965 E.03591
; stop printing object fidget-finger-massager-2000-rods-rod-03.stl id:0 copy 0
; printing object fidget-finger-massager-2000-rods-rod-05.stl id:0 copy 0
M204 S10000
G1 E-.8 F1800
G1 X66.232 Y45.862 Z2 F7200
G1 Z1.6
G1 E.8 F1800
M204 S500
;TYPE:Outer wall
;WIDTH:0.449999
G1 F1473.915
G1 X66.379 Y46.698 E.02875
G1 X65.895 Y46.794 E.01671
G1 X65.355 Y46.875 E.01848
G1 X64.857 Y46.93 E.01699
G1 X64.245 Y46.974 E.02076
G1 X62.96 Y46.974 E.04348
G1 X62.41 Y46.936 E.01868
G1 X61.858 Y46.876 E.01878
G1 X61.32 Y46.795 E.01843
G1 X60.826 Y46.698 E.01704
G1 X60.973 Y45.863 E.02872
G1 X61.886 Y46.024 E.03135
G1 X62.414 Y46.085 E.01801
G1 X62.975 Y46.124 E.01902
G1 X64.263 Y46.124 E.0436
G1 X65.234 Y46.026 E.03305
G1 X66.192 Y45.868 E.03286
M204 S10000
G1 E-.8 F1800
G1 X61.315 Y46.363 Z2 F7200
G1 Z1.6
G1 E.8 F1800
M204 S1500
;TYPE:Inner wall
;WIDTH:0.439736
G1 F1512.036
G1 X61.812 Y46.441 E.0166
G1 X62.358 Y46.505 E.01814
;WIDTH:0.442918
G1 F1500.007
G1 X62.949 Y46.549 E.0197
G1 X64.23 Y46.549 E.04261
G1 X64.818 Y46.508 E.01962
;WIDTH:0.442436
G1 F1501.817
G1 X65.89 Y46.363 E.03591
; stop printing object fidget-finger-massager-2000-rods-rod-05.stl id:0 copy 0
; printing object fidget-finger-massager-2000-rods-rod-09.stl id:0 copy 0
M204 S10000
G1 E-.8 F1800
G1 X66.188 Y42.259 Z2 F7200
G1 Z1.6
G1 E.8 F1800
M204 S500
;TYPE:Outer wall
;WIDTH:0.449999
G1 F1473.915
G1 X66.335 Y43.095 E.02875
G1 X65.851 Y43.191 E.01671
G1 X65.311 Y43.272 E.01848
G1 X64.813 Y43.328 E.01699
G1 X64.201 Y43.371 E.02076
G1 X62.916 Y43.371 E.04348
G1 X62.366 Y43.334 E.01868
G1 X61.814 Y43.274 E.01878
G1 X61.276 Y43.192 E.01843
G1 X60.782 Y43.095 E.01704
G1 X60.93 Y42.26 E.02872
G1 X61.842 Y42.421 E.03135
G1 X62.37 Y42.482 E.01801
G1 X62.931 Y42.521 E.01902
G1 X64.219 Y42.521 E.0436
G1 X65.19 Y42.423 E.03305
G1 X66.149 Y42.265 E.03286
M204 S10000
G1 E-.8 F1800
G1 X61.271 Y42.76 Z2 F7200
G1 Z1.6
G1 E.8 F1800
M204 S1500
;TYPE:Inner wall
;WIDTH:0.439736
G1 F1512.036
G1 X61.768 Y42.839 E.0166
G1 X62.314 Y42.902 E.01814
;WIDTH:0.442918
G1 F1500.007
G1 X62.905 Y42.946 E.0197
G1 X64.186 Y42.946 E.04261
G1 X64.774 Y42.905 E.01962
;WIDTH:0.442436
G1 F1501.817
G1 X65.846 Y42.76 E.03591
; stop printing object fidget-finger-massager-2000-rods-rod-09.stl id:0 copy 0
; printing object fidget-finger-massager-2000-rods-rod-06.stl id:0 copy 0
M204 S10000
G1 E-.8 F1800
G1 X58.33 Y44.09 Z2 F7200
G1 X58.245 Y44.105 Z2
M73 P14 R14
G1 Z1.6
G1 E.8 F1800
M204 S500
;TYPE:Outer wall
;WIDTH:0.449999
G1 F1473.915
G1 X58.162 Y44.522 E.01438
G1 X58.082 Y45.034 E.01755
G1 X58.023 Y45.546 E.01744
G1 X57.984 Y46.107 E.01902
G1 X57.984 Y47.393 E.04354
G1 X58.024 Y47.931 E.01826
G1 X58.085 Y48.459 E.01801
G1 X58.245 Y49.364 E.03109
G1 X57.409 Y49.511 E.02873
G1 X57.323 Y49.078 E.01496
G1 X57.239 Y48.531 E.01874
G1 X57.171 Y47.918 E.02086
G1 X57.134 Y47.363 E.01884
G1 X57.134 Y46.084 E.04328
G1 X57.182 Y45.443 E.02175
G1 X57.248 Y44.879 E.01922
G1 X57.409 Y43.958 E.03166
G1 X58.206 Y44.098 E.02739
M204 S10000
G1 E-.8 F1800
G1 X57.744 Y49.022 Z2 F7200
G1 Z1.6
G1 E.8 F1800
M204 S1500
;TYPE:Inner wall
;WIDTH:0.441734
G1 F1504.461
G1 X57.66 Y48.484 E.01805
;WIDTH:0.442394
G1 F1501.975
G1 X57.595 Y47.889 E.01986
;WIDTH:0.44292
G1 F1500
G1 X57.559 Y47.363 E.01756
G1 X57.559 Y46.08 E.04264
G1 X57.603 Y45.49 E.01969
;WIDTH:0.440186
G1 F1510.323
G1 X57.666 Y44.944 E.01816
;WIDTH:0.441404
G1 F1505.707
G1 X57.744 Y44.448 E.01664
; stop printing object fidget-finger-massager-2000-rods-rod-06.stl id:0 copy 0
; printing object fidget-finger-massager-2000-rods-rod-08.stl id:0 copy 0
M204 S10000
G1 E-.8 F1800
G1 X54.642 Y44.105 Z2 F7200
G1 Z1.6
G1 E.8 F1800
M204 S500
;TYPE:Outer wall
;WIDTH:0.449999
G1 F1473.915
G1 X54.559 Y44.522 E.01438
G1 X54.479 Y45.034 E.01755
G1 X54.42 Y45.546 E.01744
G1 X54.381 Y46.107 E.01902
G1 X54.381 Y47.393 E.04354
G1 X54.421 Y47.931 E.01826
G1 X54.482 Y48.459 E.01801
G1 X54.642 Y49.364 E.03109
G1 X53.806 Y49.511 E.02873
G1 X53.72 Y49.078 E.01496
G1 X53.636 Y48.531 E.01874
G1 X53.568 Y47.918 E.02086
G1 X53.531 Y47.363 E.01884
G1 X53.531 Y46.084 E.04328
G1 X53.58 Y45.443 E.02175
G1 X53.645 Y44.879 E.01922
G1 X53.806 Y43.958 E.03166
G1 X54.603 Y44.098 E.02739
M204 S10000
G1 E-.8 F1800
G1 X54.141 Y49.022 Z2 F7200
G1 Z1.6
G1 E.8 F1800
M204 S1500
;TYPE:Inner wall
;WIDTH:0.441734
G1 F1504.461
G1 X54.058 Y48.484 E.01805
;WIDTH:0.442394
G1 F1501.975
G1 X53.992 Y47.889 E.01986
;WIDTH:0.44292
G1 F1500
G1 X53.956 Y47.363 E.01756
G1 X53.956 Y46.08 E.04264
G1 X54 Y45.49 E.01969
;WIDTH:0.440186
G1 F1510.323
G1 X54.063 Y44.944 E.01816
;WIDTH:0.441404
G1 F1505.707
G1 X54.141 Y44.448 E.01664
; stop printing object fidget-finger-massager-2000-rods-rod-08.stl id:0 copy 0
M106 S245
;LAYER_CHANGE
;Z:1.8
;HEIGHT:0.2
G92 E0
;_SET_FAN_SPEED_CHANGING_LAYER
; printing object fidget-finger-massager-2000-rods-rod-07.stl id:0 copy 0
M204 S10000
G1 E-.8 F1800
G1 X54.628 Y52.065 Z2.2 F7200
G1 X54.642 Y52.287 Z2.2
G1 Z1.8
G1 E.8 F1800
M204 S500
;TYPE:Outer wall
;WIDTH:0.449999
G1 F1473.915
G1 X54.56 Y52.699 E.01423
G1 X54.48 Y53.209 E.01748
G1 X54.42 Y53.727 E.01764
G1 X54.381 Y54.288 E.01904
G1 X54.381 Y55.574 E.04354
G1 X54.421 Y56.113 E.01828
G1 X54.482 Y56.642 E.01803
G1 X54.642 Y57.545 E.03105
G1 X53.806 Y57.693 E.02873
G1 X53.721 Y57.264 E.0148
G1 X53.637 Y56.719 E.01867
G1 X53.568 Y56.097 E.02117
G1 X53.531 Y55.544 E.01876
G1 X53.531 Y54.265 E.04329
G1 X53.58 Y53.624 E.02177
G1 X53.645 Y53.059 E.01924
G1 X53.806 Y52.139 E.03161
G1 X54.603 Y52.28 E.02739
M204 S10000
G1 X54.141 Y52.629 F7200
M204 S1500
;TYPE:Inner wall
;WIDTH:0.44167
G1 F1504.702
G1 X54.058 Y53.161 E.01783
;WIDTH:0.44243
G1 F1501.84
G1 X53.992 Y53.764 E.02016
;WIDTH:0.44292
G1 F1500
G1 X53.956 Y54.288 E.01748
G1 X53.956 Y55.57 E.04265
G1 X54 Y56.161 E.01971
;WIDTH:0.440228
G1 F1510.163
G1 X54.064 Y56.708 E.01819
;WIDTH:0.441498
G1 F1505.352
G1 X54.141 Y57.203 E.0166
; stop printing object fidget-finger-massager-2000-rods-rod-07.stl id:0 copy 0
; printing object fidget-finger-massager-2000-rods-rod-04.stl id:0 copy 0
M204 S10000
G1 E-.8 F1800
G1 X58.245 Y52.287 Z2.2 F7200
G1 Z1.8
G1 E.8 F1800
M204 S500
;TYPE:Outer wall
;WIDTH:0.449999
G1 F1473.915
G1 X58.162 Y52.699 E.01423
G1 X58.082 Y53.209 E.01748
G1 X58.023 Y53.727 E.01764
G1 X57.984 Y54.288 E.01904
G1 X57.984 Y55.574 E.04354
G1 X58.024 Y56.113 E.01828
G1 X58.085 Y56.642 E.01803
G1 X58.245 Y57.545 E.03105
G1 X57.409 Y57.693 E.02873
G1 X57.324 Y57.264 E.0148
G1 X57.24 Y56.719 E.01867
G1 X57.171 Y56.097 E.02117
G1 X57.134 Y55.544 E.01876
G1 X57.134 Y54.265 E.04329
G1 X57.183 Y53.624 E.02177
G1 X57.248 Y53.059 E.01924
G1 X57.409 Y52.139 E.03161
G1 X58.206 Y52.28 E.02739
M204 S10000
G1 X57.744 Y52.629 F7200
M204 S1500
;TYPE:Inner wall
;WIDTH:0.44167
G1 F1504.702
G1 X57.661 Y53.161 E.01783
;WIDTH:0.44243
G1 F1501.84
G1 X57.594 Y53.764 E.02016
;WIDTH:0.44292
G1 F1500
G1 X57.559 Y54.288 E.01748
G1 X57.559 Y55.57 E.04265
G1 X57.603 Y56.161 E.01971
;WIDTH:0.440228
G1 F1510.163
G1 X57.666 Y56.708 E.01819
;WIDTH:0.441498
G1 F1505.352
G1 X57.744 Y57.203 E.0166
; stop printing object fidget-finger-massager-2000-rods-rod-04.stl id:0 copy 0
; printing object fidget-finger-massager-2000-rods-rod-01.stl id:0 copy 0
M204 S10000
G1 E-.8 F1800
G1 X65.361 Y56.726 Z2.2 F7200
G1 X66.232 Y56.671 Z2.2
M73 P15 R14
G1 Z1.8
G1 E.8 F1800
M204 S500
;TYPE:Outer wall
;WIDTH:0.449999
G1 F1473.915
G1 X66.379 Y57.506 E.02871
G1 X65.889 Y57.603 E.01693
G1 X65.345 Y57.685 E.01862
G1 X64.243 Y57.782 E.03743
G1 X62.96 Y57.782 E.04342
G1 X62.412 Y57.745 E.0186
G1 X61.863 Y57.685 E.01871
G1 X61.317 Y57.603 E.01868
G1 X60.826 Y57.506 E.01693
G1 X60.974 Y56.67 E.02875
G1 X61.446 Y56.764 E.0163
G1 X62.413 Y56.893 E.03303
G1 X62.975 Y56.932 E.01905
G1 X64.261 Y56.932 E.04354
G1 X64.8 Y56.892 E.01828
G1 X65.329 Y56.831 E.01803
G1 X66.193 Y56.678 E.0297
M204 S10000
G1 X65.89 Y57.171 F7200
M204 S1500
;TYPE:Inner wall
;WIDTH:0.439716
G1 F1512.112
G1 X65.37 Y57.253 E.01739
G1 X64.822 Y57.311 E.01816
;WIDTH:0.442918
G1 F1500.007
G1 X64.225 Y57.357 E.01995
G1 X62.963 Y57.357 E.04197
G1 X62.449 Y57.322 E.01712
;WIDTH:0.45071
G1 F1471.346
G1 X61.316 Y57.171 E.03877
; stop printing object fidget-finger-massager-2000-rods-rod-01.stl id:0 copy 0
; printing object fidget-finger-massager-2000-rods-rod-02.stl id:0 copy 0
M204 S10000
G1 E-.8 F1800
G1 X66.232 Y53.068 Z2.2 F7200
G1 Z1.8
G1 E.8 F1800
M204 S500
;TYPE:Outer wall
;WIDTH:0.449999
G1 F1473.915
G1 X66.379 Y53.904 E.02871
G1 X65.889 Y54 E.01693
G1 X65.345 Y54.082 E.01862
G1 X64.243 Y54.179 E.03743
G1 X62.96 Y54.179 E.04342
G1 X62.412 Y54.142 E.0186
G1 X61.863 Y54.082 E.01871
G1 X61.317 Y54 E.01868
G1 X60.826 Y53.904 E.01693
G1 X60.974 Y53.067 E.02875
G1 X61.446 Y53.161 E.0163
G1 X62.413 Y53.29 E.03303
G1 X62.975 Y53.329 E.01905
G1 X64.261 Y53.329 E.04354
G1 X64.8 Y53.29 E.01828
G1 X65.329 Y53.229 E.01803
G1 X66.193 Y53.075 E.0297
M204 S10000
G1 X65.89 Y53.569 F7200
M204 S1500
;TYPE:Inner wall
;WIDTH:0.439716
G1 F1512.112
G1 X65.37 Y53.65 E.01739
G1 X64.822 Y53.708 E.01816
;WIDTH:0.442918
G1 F1500.007
G1 X64.225 Y53.754 E.01995
G1 X62.963 Y53.754 E.04197
G1 X62.449 Y53.719 E.01712
;WIDTH:0.45071
G1 F1471.346
G1 X61.316 Y53.568 E.03877
; stop printing object fidget-finger-massager-2000-rods-rod-02.stl id:0 copy 0
; printing object fidget-finger-massager-2000-rods-rod-03.stl id:0 copy 0
M204 S10000
G1 E-.8 F1800
G1 X66.232 Y49.465 Z2.2 F7200
G1 Z1.8
G1 E.8 F1800
M204 S500
;TYPE:Outer wall
;WIDTH:0.449999
G1 F1473.915
G1 X66.379 Y50.301 E.02871
G1 X65.889 Y50.398 E.01693
G1 X65.345 Y50.479 E.01862
G1 X64.243 Y50.576 E.03743
G1 X62.96 Y50.576 E.04342
G1 X62.412 Y50.539 E.0186
G1 X61.863 Y50.48 E.01871
G1 X61.317 Y50.398 E.01868
G1 X60.826 Y50.301 E.01693
G1 X60.974 Y49.464 E.02875
G1 X61.446 Y49.558 E.0163
G1 X62.413 Y49.688 E.03303
G1 X62.975 Y49.726 E.01905
G1 X64.261 Y49.726 E.04354
G1 X64.8 Y49.687 E.01828
G1 X65.329 Y49.626 E.01803
G1 X66.193 Y49.472 E.0297
M204 S10000
G1 X65.89 Y49.966 F7200
M204 S1500
;TYPE:Inner wall
;WIDTH:0.439716
G1 F1512.112
G1 X65.37 Y50.047 E.01739
G1 X64.822 Y50.105 E.01816
;WIDTH:0.442918
G1 F1500.007
G1 X64.225 Y50.151 E.01995
G1 X62.963 Y50.151 E.04197
G1 X62.449 Y50.116 E.01712
;WIDTH:0.45071
G1 F1471.346
G1 X61.316 Y49.965 E.03877
; stop printing object fidget-finger-massager-2000-rods-rod-03.stl id:0 copy 0
; printing object fidget-finger-massager-2000-rods-rod-05.stl id:0 copy 0
M204 S10000
G1 E-.8 F1800
G1 X66.232 Y45.863 Z2.2 F7200
G1 Z1.8
G1 E.8 F1800
M204 S500
;TYPE:Outer wall
;WIDTH:0.449999
G1 F1473.915
G1 X66.379 Y46.698 E.02871
G1 X65.889 Y46.795 E.01693
G1 X65.345 Y46.877 E.01862
G1 X64.243 Y46.974 E.03743
G1 X62.96 Y46.974 E.04342
G1 X62.412 Y46.937 E.0186
G1 X61.863 Y46.877 E.01871
G1 X61.317 Y46.795 E.01868
G1 X60.826 Y46.698 E.01693
G1 X60.974 Y45.862 E.02875
G1 X61.446 Y45.955 E.0163
G1 X62.413 Y46.085 E.03303
G1 X62.975 Y46.124 E.01905
G1 X64.261 Y46.124 E.04354
G1 X64.8 Y46.084 E.01828
G1 X65.329 Y46.023 E.01803
G1 X66.193 Y45.87 E.0297
M204 S10000
G1 X65.89 Y46.363 F7200
M204 S1500
;TYPE:Inner wall
;WIDTH:0.439716
G1 F1512.112
G1 X65.37 Y46.445 E.01739
G1 X64.822 Y46.502 E.01816
;WIDTH:0.442918
G1 F1500.007
G1 X64.225 Y46.549 E.01995
G1 X62.963 Y46.549 E.04197
G1 X62.449 Y46.513 E.01712
;WIDTH:0.45071
G1 F1471.346
G1 X61.316 Y46.362 E.03877
; stop printing object fidget-finger-massager-2000-rods-rod-05.stl id:0 copy 0
; printing object fidget-finger-massager-2000-rods-rod-09.stl id:0 copy 0
M204 S10000
G1 E-.8 F1800
G1 X66.188 Y42.26 Z2.2 F7200
G1 Z1.8
G1 E.8 F1800
M204 S500
;TYPE:Outer wall
;WIDTH:0.449999
G1 F1473.915
G1 X66.335 Y43.095 E.02871
G1 X65.845 Y43.192 E.01693
G1 X65.301 Y43.274 E.01862
G1 X64.199 Y43.371 E.03743
G1 X62.916 Y43.371 E.04342
G1 X62.368 Y43.334 E.0186
G1 X61.819 Y43.274 E.01871
G1 X61.273 Y43.192 E.01868
G1 X60.782 Y43.095 E.01693
G1 X60.93 Y42.259 E.02875
G1 X61.402 Y42.353 E.0163
G1 X62.369 Y42.482 E.03303
G1 X62.931 Y42.521 E.01905
G1 X64.217 Y42.521 E.04354
G1 X64.756 Y42.481 E.01828
G1 X65.285 Y42.42 E.01803
G1 X66.149 Y42.267 E.0297
M204 S10000
G1 X65.846 Y42.76 F7200
M204 S1500
;TYPE:Inner wall
;WIDTH:0.439716
G1 F1512.112
G1 X65.326 Y42.842 E.01739
G1 X64.779 Y42.9 E.01816
;WIDTH:0.442918
G1 F1500.007
G1 X64.181 Y42.946 E.01995
G1 X62.919 Y42.946 E.04197
G1 X62.405 Y42.911 E.01712
;WIDTH:0.45071
G1 F1471.346
G1 X61.272 Y42.76 E.03877
; stop printing object fidget-finger-massager-2000-rods-rod-09.stl id:0 copy 0
; printing object fidget-finger-massager-2000-rods-rod-06.stl id:0 copy 0
M204 S10000
G1 E-.8 F1800
G1 X58.245 Y44.105 Z2.2 F7200
G1 Z1.8
G1 E.8 F1800
M204 S500
;TYPE:Outer wall
;WIDTH:0.449999
G1 F1473.915
G1 X58.162 Y44.517 E.01423
G1 X58.082 Y45.028 E.01748
G1 X58.023 Y45.545 E.01764
G1 X57.984 Y46.107 E.01904
G1 X57.984 Y47.393 E.04354
G1 X58.024 Y47.931 E.01828
G1 X58.085 Y48.461 E.01803
G1 X58.245 Y49.364 E.03105
G1 X57.409 Y49.511 E.02873
G1 X57.324 Y49.082 E.0148
G1 X57.24 Y48.537 E.01867
G1 X57.171 Y47.916 E.02117
G1 X57.134 Y47.363 E.01876
G1 X57.134 Y46.084 E.04329
G1 X57.183 Y45.442 E.02177
G1 X57.248 Y44.878 E.01924
G1 X57.409 Y43.958 E.03161
G1 X58.206 Y44.098 E.02739
M204 S10000
G1 X57.744 Y44.448 F7200
M204 S1500
;TYPE:Inner wall
;WIDTH:0.44167
G1 F1504.702
G1 X57.661 Y44.979 E.01783
;WIDTH:0.44243
G1 F1501.84
G1 X57.594 Y45.582 E.02016
;WIDTH:0.44292
G1 F1500
G1 X57.559 Y46.107 E.01748
G1 X57.559 Y47.389 E.04265
G1 X57.603 Y47.98 E.01971
;WIDTH:0.440228
G1 F1510.163
G1 X57.666 Y48.527 E.01819
;WIDTH:0.441498
G1 F1505.352
G1 X57.744 Y49.021 E.0166
; stop printing object fidget-finger-massager-2000-rods-rod-06.stl id:0 copy 0
; printing object fidget-finger-massager-2000-rods-rod-08.stl id:0 copy 0
M204 S10000
G1 E-.8 F1800
G1 X54.642 Y44.105 Z2.2 F7200
G1 Z1.8
G1 E.8 F1800
M204 S500
;TYPE:Outer wall
;WIDTH:0.449999
G1 F1473.915
G1 X54.56 Y44.517 E.01423
G1 X54.48 Y45.028 E.01748
G1 X54.42 Y45.545 E.01764
G1 X54.381 Y46.107 E.01904
G1 X54.381 Y47.393 E.04354
G1 X54.421 Y47.931 E.01828
G1 X54.482 Y48.461 E.01803
G1 X54.642 Y49.364 E.03105
G1 X53.806 Y49.511 E.02873
G1 X53.721 Y49.082 E.0148
G1 X53.637 Y48.537 E.01867
G1 X53.568 Y47.916 E.02117
G1 X53.531 Y47.363 E.01876
G1 X53.531 Y46.084 E.04329
G1 X53.58 Y45.442 E.02177
G1 X53.645 Y44.878 E.01924
G1 X53.806 Y43.958 E.03161
G1 X54.603 Y44.098 E.02739
M204 S10000
G1 X54.141 Y44.448 F7200
M204 S1500
;TYPE:Inner wall
;WIDTH:0.44167
G1 F1504.702
G1 X54.058 Y44.979 E.01783
;WIDTH:0.44243
G1 F1501.84
G1 X53.992 Y45.582 E.02016
;WIDTH:0.44292
G1 F1500
G1 X53.956 Y46.107 E.01748
G1 X53.956 Y47.389 E.04265
G1 X54 Y47.98 E.01971
;WIDTH:0.440228
G1 F1510.163
G1 X54.064 Y48.527 E.01819
;WIDTH:0.441498
G1 F1505.352
G1 X54.141 Y49.021 E.0166
; stop printing object fidget-finger-massager-2000-rods-rod-08.stl id:0 copy 0
M106 S242
;LAYER_CHANGE
;Z:2
;HEIGHT:0.2
G92 E0
;_SET_FAN_SPEED_CHANGING_LAYER
; printing object fidget-finger-massager-2000-rods-rod-07.stl id:0 copy 0
M204 S10000
G1 E-.8 F1800
G1 X54.644 Y52.287 Z2.4 F7200
G1 Z2
G1 E.8 F1800
M204 S500
;TYPE:Outer wall
;WIDTH:0.449999
G1 F1473.915
G1 X54.559 Y52.713 E.01471
G1 X54.42 Y53.726 E.03459
G1 X54.381 Y54.288 E.01907
G1 X54.381 Y55.574 E.04354
G1 X54.421 Y56.114 E.0183
G1 X54.482 Y56.643 E.01806
G1 X54.642 Y57.545 E.03101
G1 X53.806 Y57.693 E.02874
G1 X53.722 Y57.267 E.0147
G1 X53.627 Y56.643 E.02138
G1 X53.568 Y56.096 E.0186
G1 X53.531 Y55.544 E.01872
G1 X53.531 Y54.264 E.04333
G1 X53.581 Y53.612 E.02215
G1 X53.711 Y52.635 E.03336
G1 X53.806 Y52.139 E.01707
G1 X54.604 Y52.28 E.02744
M204 S10000
G1 E-.8 F1800
G1 X54.141 Y57.203 Z2.4 F7200
G1 Z2
G1 E.8 F1800
M204 S1500
;TYPE:Inner wall
;WIDTH:0.442594
G1 F1501.224
G1 X54.049 Y56.597 E.02038
G1 X53.992 Y56.068 E.01769
;WIDTH:0.44292
G1 F1500
G1 X53.956 Y55.544 E.01745
G1 X53.956 Y54.261 E.04267
G1 X54.002 Y53.659 E.0201
;WIDTH:0.45042
G1 F1472.393
G1 X54.142 Y52.63 E.03517
; stop printing object fidget-finger-massager-2000-rods-rod-07.stl id:0 copy 0
; printing object fidget-finger-massager-2000-rods-rod-04.stl id:0 copy 0
M204 S10000
G1 E-.8 F1800
G1 X58.246 Y52.287 Z2.4 F7200
G1 Z2
G1 E.8 F1800
M204 S500
;TYPE:Outer wall
;WIDTH:0.449999
G1 F1473.915
G1 X58.162 Y52.713 E.01471
G1 X58.023 Y53.726 E.03459
G1 X57.984 Y54.288 E.01907
G1 X57.984 Y55.574 E.04354
G1 X58.024 Y56.114 E.0183
G1 X58.085 Y56.643 E.01806
G1 X58.245 Y57.545 E.03101
G1 X57.409 Y57.693 E.02874
G1 X57.324 Y57.267 E.0147
G1 X57.229 Y56.643 E.02138
G1 X57.171 Y56.096 E.0186
G1 X57.134 Y55.544 E.01872
G1 X57.134 Y54.264 E.04333
G1 X57.184 Y53.612 E.02215
G1 X57.314 Y52.635 E.03336
G1 X57.409 Y52.139 E.01707
G1 X58.207 Y52.28 E.02744
M204 S10000
G1 E-.8 F1800
G1 X57.744 Y57.203 Z2.4 F7200
G1 Z2
G1 E.8 F1800
M204 S1500
;TYPE:Inner wall
;WIDTH:0.442594
G1 F1501.224
G1 X57.652 Y56.597 E.02038
G1 X57.594 Y56.068 E.01769
;WIDTH:0.44292
G1 F1500
G1 X57.559 Y55.544 E.01745
G1 X57.559 Y54.261 E.04267
G1 X57.605 Y53.659 E.0201
;WIDTH:0.45042
G1 F1472.393
G1 X57.745 Y52.63 E.03517
; stop printing object fidget-finger-massager-2000-rods-rod-04.stl id:0 copy 0
; printing object fidget-finger-massager-2000-rods-rod-01.stl id:0 copy 0
M204 S10000
G1 E-.8 F1800
G1 X64.636 Y55.911 Z2.4 F7200
G1 X66.232 Y56.671 Z2.4
M73 P16 R14
G1 Z2
G1 E.8 F1800
M204 S500
;TYPE:Outer wall
;WIDTH:0.449999
G1 F1473.915
G1 X66.379 Y57.507 E.02874
G1 X65.965 Y57.59 E.01432
G1 X65.338 Y57.686 E.02145
G1 X64.791 Y57.745 E.01862
G1 X64.245 Y57.782 E.01853
G1 X62.96 Y57.782 E.04349
G1 X62.414 Y57.745 E.01853
G1 X61.867 Y57.686 E.01863
G1 X61.323 Y57.604 E.01861
G1 X60.826 Y57.506 E.01715
G1 X60.974 Y56.67 E.02875
G1 X61.455 Y56.765 E.01661
G1 X62.413 Y56.893 E.0327
G1 X62.975 Y56.932 E.01907
G1 X64.261 Y56.932 E.04354
G1 X64.8 Y56.892 E.0183
G1 X65.33 Y56.831 E.01806
G1 X66.193 Y56.678 E.02965
M204 S10000
G1 X65.89 Y57.172 F7200
M204 S1500
;TYPE:Inner wall
;WIDTH:0.442592
G1 F1501.231
G1 X65.283 Y57.264 E.02038
G1 X64.754 Y57.322 E.01769
;WIDTH:0.442918
G1 F1500.007
G1 X64.231 Y57.357 E.01745
G1 X62.963 Y57.357 E.04218
G1 X62.451 Y57.322 E.01705
;WIDTH:0.45054
G1 F1471.959
G1 X61.316 Y57.17 E.03882
; stop printing object fidget-finger-massager-2000-rods-rod-01.stl id:0 copy 0
; printing object fidget-finger-massager-2000-rods-rod-02.stl id:0 copy 0
M204 S10000
G1 E-.8 F1800
G1 X66.232 Y53.068 Z2.4 F7200
G1 Z2
G1 E.8 F1800
M204 S500
;TYPE:Outer wall
;WIDTH:0.449999
G1 F1473.915
G1 X66.379 Y53.904 E.02874
G1 X65.965 Y53.987 E.01432
G1 X65.338 Y54.083 E.02145
G1 X64.791 Y54.142 E.01862
G1 X64.245 Y54.179 E.01853
G1 X62.96 Y54.179 E.04349
G1 X62.414 Y54.142 E.01853
G1 X61.867 Y54.083 E.01863
G1 X61.323 Y54.001 E.01861
G1 X60.826 Y53.904 E.01715
G1 X60.974 Y53.067 E.02875
G1 X61.455 Y53.162 E.01661
G1 X62.413 Y53.29 E.0327
G1 X62.975 Y53.329 E.01907
G1 X64.261 Y53.329 E.04354
G1 X64.8 Y53.29 E.0183
G1 X65.33 Y53.228 E.01806
G1 X66.193 Y53.075 E.02965
M204 S10000
G1 X65.89 Y53.57 F7200
M204 S1500
;TYPE:Inner wall
;WIDTH:0.442592
G1 F1501.231
G1 X65.283 Y53.662 E.02038
G1 X64.754 Y53.719 E.01769
;WIDTH:0.442918
G1 F1500.007
G1 X64.231 Y53.754 E.01745
G1 X62.963 Y53.754 E.04218
G1 X62.451 Y53.719 E.01705
;WIDTH:0.45054
G1 F1471.959
G1 X61.316 Y53.568 E.03882
; stop printing object fidget-finger-massager-2000-rods-rod-02.stl id:0 copy 0
; printing object fidget-finger-massager-2000-rods-rod-03.stl id:0 copy 0
M204 S10000
G1 E-.8 F1800
G1 X66.232 Y49.465 Z2.4 F7200
G1 Z2
G1 E.8 F1800
M204 S500
;TYPE:Outer wall
;WIDTH:0.449999
G1 F1473.915
G1 X66.379 Y50.301 E.02874
G1 X65.965 Y50.385 E.01432
G1 X65.338 Y50.48 E.02145
G1 X64.791 Y50.54 E.01862
G1 X64.245 Y50.576 E.01853
G1 X62.96 Y50.576 E.04349
G1 X62.414 Y50.54 E.01853
G1 X61.867 Y50.48 E.01863
G1 X61.323 Y50.399 E.01861
G1 X60.826 Y50.301 E.01715
G1 X60.974 Y49.464 E.02875
G1 X61.455 Y49.56 E.01661
G1 X62.413 Y49.688 E.0327
G1 X62.975 Y49.726 E.01907
G1 X64.261 Y49.726 E.04354
G1 X64.8 Y49.687 E.0183
G1 X65.33 Y49.626 E.01806
G1 X66.193 Y49.472 E.02965
M204 S10000
G1 X65.89 Y49.967 F7200
M204 S1500
;TYPE:Inner wall
;WIDTH:0.442592
G1 F1501.231
G1 X65.283 Y50.059 E.02038
G1 X64.754 Y50.116 E.01769
;WIDTH:0.442918
G1 F1500.007
G1 X64.231 Y50.151 E.01745
G1 X62.963 Y50.151 E.04218
G1 X62.451 Y50.116 E.01705
;WIDTH:0.45054
G1 F1471.959
G1 X61.316 Y49.965 E.03882
; stop printing object fidget-finger-massager-2000-rods-rod-03.stl id:0 copy 0
; printing object fidget-finger-massager-2000-rods-rod-05.stl id:0 copy 0
M204 S10000
G1 E-.8 F1800
G1 X66.232 Y45.863 Z2.4 F7200
G1 Z2
G1 E.8 F1800
M204 S500
;TYPE:Outer wall
;WIDTH:0.449999
G1 F1473.915
G1 X66.379 Y46.699 E.02874
G1 X65.965 Y46.782 E.01432
G1 X65.338 Y46.877 E.02145
G1 X64.791 Y46.937 E.01862
G1 X64.245 Y46.974 E.01853
G1 X62.96 Y46.974 E.04349
G1 X62.414 Y46.937 E.01853
G1 X61.867 Y46.877 E.01863
G1 X61.323 Y46.796 E.01861
G1 X60.826 Y46.698 E.01715
G1 X60.974 Y45.861 E.02875
G1 X61.455 Y45.957 E.01661
G1 X62.413 Y46.085 E.0327
G1 X62.975 Y46.124 E.01907
G1 X64.261 Y46.124 E.04354
G1 X64.8 Y46.084 E.0183
G1 X65.33 Y46.023 E.01806
G1 X66.193 Y45.87 E.02965
M204 S10000
G1 X65.89 Y46.364 F7200
M204 S1500
;TYPE:Inner wall
;WIDTH:0.442592
G1 F1501.231
G1 X65.283 Y46.456 E.02038
G1 X64.754 Y46.514 E.01769
;WIDTH:0.442918
G1 F1500.007
G1 X64.231 Y46.549 E.01745
G1 X62.963 Y46.549 E.04218
G1 X62.451 Y46.514 E.01705
;WIDTH:0.45054
G1 F1471.959
G1 X61.316 Y46.362 E.03882
; stop printing object fidget-finger-massager-2000-rods-rod-05.stl id:0 copy 0
; printing object fidget-finger-massager-2000-rods-rod-09.stl id:0 copy 0
M204 S10000
G1 E-.8 F1800
G1 X66.188 Y42.26 Z2.4 F7200
G1 Z2
G1 E.8 F1800
M204 S500
;TYPE:Outer wall
;WIDTH:0.449999
G1 F1473.915
G1 X66.336 Y43.096 E.02874
G1 X65.921 Y43.179 E.01432
G1 X65.294 Y43.275 E.02145
G1 X64.747 Y43.334 E.01862
G1 X64.201 Y43.371 E.01853
G1 X62.916 Y43.371 E.04349
G1 X62.37 Y43.334 E.01853
G1 X61.823 Y43.275 E.01863
G1 X61.279 Y43.193 E.01861
G1 X60.782 Y43.095 E.01715
G1 X60.93 Y42.259 E.02875
G1 X61.411 Y42.354 E.01661
G1 X62.369 Y42.482 E.0327
G1 X62.931 Y42.521 E.01907
G1 X64.217 Y42.521 E.04354
G1 X64.756 Y42.481 E.0183
G1 X65.286 Y42.42 E.01806
G1 X66.149 Y42.267 E.02965
M204 S10000
G1 X65.846 Y42.761 F7200
M204 S1500
;TYPE:Inner wall
;WIDTH:0.442592
G1 F1501.231
G1 X65.239 Y42.853 E.02038
G1 X64.71 Y42.911 E.01769
;WIDTH:0.442918
G1 F1500.007
G1 X64.187 Y42.946 E.01745
G1 X62.919 Y42.946 E.04218
G1 X62.407 Y42.911 E.01705
;WIDTH:0.45054
G1 F1471.959
G1 X61.272 Y42.759 E.03882
; stop printing object fidget-finger-massager-2000-rods-rod-09.stl id:0 copy 0
; printing object fidget-finger-massager-2000-rods-rod-06.stl id:0 copy 0
M204 S10000
G1 E-.8 F1800
G1 X58.246 Y44.106 Z2.4 F7200
G1 Z2
G1 E.8 F1800
M204 S500
;TYPE:Outer wall
;WIDTH:0.449999
G1 F1473.915
G1 X58.162 Y44.532 E.01471
G1 X58.023 Y45.544 E.03459
G1 X57.984 Y46.107 E.01907
G1 X57.984 Y47.393 E.04354
G1 X58.024 Y47.932 E.0183
G1 X58.085 Y48.462 E.01806
G1 X58.245 Y49.364 E.03101
G1 X57.409 Y49.511 E.02874
G1 X57.324 Y49.085 E.0147
G1 X57.229 Y48.461 E.02138
G1 X57.171 Y47.915 E.0186
G1 X57.134 Y47.363 E.01872
G1 X57.134 Y46.083 E.04333
G1 X57.184 Y45.43 E.02215
G1 X57.314 Y44.453 E.03336
G1 X57.409 Y43.958 E.01707
G1 X58.207 Y44.099 E.02744
M204 S10000
G1 E-.8 F1800
G1 X57.744 Y49.021 Z2.4 F7200
G1 Z2
G1 E.8 F1800
M204 S1500
;TYPE:Inner wall
;WIDTH:0.442594
G1 F1501.224
G1 X57.652 Y48.415 E.02038
G1 X57.594 Y47.886 E.01769
;WIDTH:0.44292
G1 F1500
G1 X57.559 Y47.363 E.01745
G1 X57.559 Y46.08 E.04267
G1 X57.605 Y45.477 E.0201
;WIDTH:0.45042
G1 F1472.393
G1 X57.745 Y44.449 E.03517
; stop printing object fidget-finger-massager-2000-rods-rod-06.stl id:0 copy 0
; printing object fidget-finger-massager-2000-rods-rod-08.stl id:0 copy 0
M204 S10000
G1 E-.8 F1800
G1 X54.644 Y44.106 Z2.4 F7200
G1 Z2
G1 E.8 F1800
M204 S500
;TYPE:Outer wall
;WIDTH:0.449999
G1 F1473.915
G1 X54.559 Y44.532 E.01471
G1 X54.42 Y45.544 E.03459
G1 X54.381 Y46.107 E.01907
G1 X54.381 Y47.393 E.04354
G1 X54.421 Y47.932 E.0183
G1 X54.482 Y48.462 E.01806
G1 X54.642 Y49.364 E.03101
G1 X53.806 Y49.511 E.02874
G1 X53.722 Y49.085 E.0147
G1 X53.627 Y48.461 E.02138
G1 X53.568 Y47.915 E.0186
G1 X53.531 Y47.363 E.01872
G1 X53.531 Y46.083 E.04333
G1 X53.581 Y45.43 E.02215
G1 X53.711 Y44.453 E.03336
G1 X53.806 Y43.958 E.01707
G1 X54.604 Y44.099 E.02744
M204 S10000
G1 E-.8 F1800
G1 X54.141 Y49.021 Z2.4 F7200
G1 Z2
G1 E.8 F1800
M204 S1500
;TYPE:Inner wall
;WIDTH:0.442594
G1 F1501.224
G1 X54.049 Y48.415 E.02038
G1 X53.992 Y47.886 E.01769
;WIDTH:0.44292
G1 F1500
G1 X53.956 Y47.363 E.01745
G1 X53.956 Y46.08 E.04267
G1 X54.002 Y45.477 E.0201
;WIDTH:0.45042
G1 F1472.393
G1 X54.142 Y44.449 E.03517
; stop printing object fidget-finger-massager-2000-rods-rod-08.stl id:0 copy 0
;LAYER_CHANGE
;Z:2.2
;HEIGHT:0.2
G92 E0
;_SET_FAN_SPEED_CHANGING_LAYER
; printing object fidget-finger-massager-2000-rods-rod-07.stl id:0 copy 0
M204 S10000
G1 E-.8 F1800
G1 X54.63 Y52.066 Z2.6 F7200
G1 X54.644 Y52.287 Z2.6
G1 Z2.2
G1 E.8 F1800
M204 S500
;TYPE:Outer wall
;WIDTH:0.449999
G1 F1473.915
G1 X54.56 Y52.707 E.0145
G1 X54.42 Y53.725 E.03478
G1 X54.381 Y54.288 E.01909
G1 X54.381 Y55.574 E.04354
G1 X54.421 Y56.114 E.01832
G1 X54.482 Y56.645 E.01808
G1 X54.642 Y57.545 E.03097
G1 X53.806 Y57.693 E.02874
G1 X53.724 Y57.283 E.01416
G1 X53.627 Y56.647 E.02175
G1 X53.568 Y56.103 E.01855
G1 X53.531 Y55.559 E.01846
G1 X53.531 Y54.274 E.04349
G1 X53.568 Y53.73 E.01844
G1 X53.64 Y53.094 E.02168
G1 X53.81 Y52.14 E.03279
G1 X54.604 Y52.28 E.02732
M204 S10000
G1 E-.8 F1800
G1 X54.141 Y57.203 Z2.6 F7200
G1 Z2.2
G1 E.8 F1800
M204 S1500
;TYPE:Inner wall
;WIDTH:0.44265
G1 F1501.013
G1 X54.049 Y56.592 E.02053
G1 X53.991 Y56.065 E.01762
;WIDTH:0.44292
G1 F1500
G1 X53.956 Y55.544 E.01737
G1 X53.956 Y54.261 E.04267
G1 X54.002 Y53.658 E.02011
;WIDTH:0.450056
G1 F1473.709
G1 X54.149 Y52.626 E.03531
; stop printing object fidget-finger-massager-2000-rods-rod-07.stl id:0 copy 0
; printing object fidget-finger-massager-2000-rods-rod-04.stl id:0 copy 0
M204 S10000
G1 E-.8 F1800
G1 X58.247 Y52.287 Z2.6 F7200
G1 Z2.2
G1 E.8 F1800
M204 S500
;TYPE:Outer wall
;WIDTH:0.449999
G1 F1473.915
G1 X58.163 Y52.707 E.0145
G1 X58.023 Y53.725 E.03478
G1 X57.984 Y54.288 E.01909
G1 X57.984 Y55.574 E.04354
G1 X58.024 Y56.114 E.01832
G1 X58.085 Y56.645 E.01808
G1 X58.245 Y57.545 E.03097
G1 X57.409 Y57.693 E.02874
G1 X57.327 Y57.283 E.01416
G1 X57.23 Y56.647 E.02175
G1 X57.171 Y56.103 E.01855
G1 X57.134 Y55.559 E.01846
G1 X57.134 Y54.274 E.04349
G1 X57.171 Y53.73 E.01844
G1 X57.242 Y53.094 E.02168
G1 X57.412 Y52.14 E.03279
G1 X58.207 Y52.28 E.02732
M204 S10000
G1 E-.8 F1800
G1 X57.744 Y57.203 Z2.6 F7200
G1 Z2.2
M73 P17 R14
G1 E.8 F1800
M204 S1500
;TYPE:Inner wall
;WIDTH:0.44265
G1 F1501.013
G1 X57.651 Y56.592 E.02053
G1 X57.594 Y56.065 E.01762
;WIDTH:0.44292
G1 F1500
G1 X57.559 Y55.544 E.01737
G1 X57.559 Y54.261 E.04267
G1 X57.605 Y53.658 E.02011
;WIDTH:0.450056
G1 F1473.709
G1 X57.752 Y52.626 E.03531
; stop printing object fidget-finger-massager-2000-rods-rod-04.stl id:0 copy 0
; printing object fidget-finger-massager-2000-rods-rod-01.stl id:0 copy 0
M204 S10000
G1 E-.8 F1800
G1 X64.641 Y55.912 Z2.6 F7200
G1 X66.232 Y56.671 Z2.6
G1 Z2.2
G1 E.8 F1800
M204 S500
;TYPE:Outer wall
;WIDTH:0.449999
G1 F1473.915
G1 X66.379 Y57.507 E.02874
G1 X65.969 Y57.589 E.01416
G1 X65.334 Y57.686 E.02175
G1 X64.789 Y57.745 E.01855
G1 X64.245 Y57.782 E.01846
G1 X62.96 Y57.782 E.04349
G1 X62.416 Y57.745 E.01846
G1 X61.871 Y57.686 E.01856
G1 X61.33 Y57.605 E.01854
G1 X60.826 Y57.506 E.01736
G1 X60.974 Y56.67 E.02876
G1 X61.466 Y56.767 E.01696
G1 X62.412 Y56.893 E.03231
G1 X62.975 Y56.932 E.0191
G1 X64.261 Y56.932 E.04354
G1 X64.801 Y56.892 E.01832
G1 X65.331 Y56.831 E.01808
G1 X66.193 Y56.678 E.02961
M204 S10000
G1 X65.89 Y57.172 F7200
M204 S1500
;TYPE:Inner wall
;WIDTH:0.44265
G1 F1501.013
G1 X65.279 Y57.265 E.02053
G1 X64.752 Y57.322 E.01762
;WIDTH:0.442918
G1 F1500.007
G1 X64.231 Y57.357 E.01737
G1 X62.975 Y57.357 E.04178
G1 X62.453 Y57.322 E.01737
;WIDTH:0.450364
G1 F1472.595
G1 X61.317 Y57.17 E.03886
; stop printing object fidget-finger-massager-2000-rods-rod-01.stl id:0 copy 0
; printing object fidget-finger-massager-2000-rods-rod-02.stl id:0 copy 0
M204 S10000
G1 E-.8 F1800
G1 X66.232 Y53.068 Z2.6 F7200
G1 Z2.2
G1 E.8 F1800
M204 S500
;TYPE:Outer wall
;WIDTH:0.449999
G1 F1473.915
G1 X66.379 Y53.904 E.02874
G1 X65.969 Y53.987 E.01416
G1 X65.334 Y54.083 E.02175
G1 X64.789 Y54.142 E.01855
G1 X64.245 Y54.179 E.01846
G1 X62.96 Y54.179 E.04349
G1 X62.416 Y54.142 E.01846
G1 X61.871 Y54.083 E.01856
G1 X61.33 Y54.002 E.01854
G1 X60.826 Y53.903 E.01736
G1 X60.974 Y53.067 E.02876
G1 X61.466 Y53.164 E.01696
G1 X62.412 Y53.29 E.03231
G1 X62.975 Y53.329 E.0191
G1 X64.261 Y53.329 E.04354
G1 X64.801 Y53.29 E.01832
G1 X65.331 Y53.228 E.01808
G1 X66.193 Y53.075 E.02961
M204 S10000
G1 X65.89 Y53.569 F7200
M204 S1500
;TYPE:Inner wall
;WIDTH:0.44265
G1 F1501.013
G1 X65.279 Y53.662 E.02053
G1 X64.752 Y53.719 E.01762
;WIDTH:0.442918
G1 F1500.007
G1 X64.231 Y53.754 E.01737
G1 X62.975 Y53.754 E.04178
G1 X62.453 Y53.719 E.01737
;WIDTH:0.450364
G1 F1472.595
G1 X61.317 Y53.567 E.03886
; stop printing object fidget-finger-massager-2000-rods-rod-02.stl id:0 copy 0
; printing object fidget-finger-massager-2000-rods-rod-03.stl id:0 copy 0
M204 S10000
G1 E-.8 F1800
G1 X66.232 Y49.465 Z2.6 F7200
G1 Z2.2
G1 E.8 F1800
M204 S500
;TYPE:Outer wall
;WIDTH:0.449999
G1 F1473.915
G1 X66.379 Y50.301 E.02874
G1 X65.969 Y50.384 E.01416
G1 X65.334 Y50.481 E.02175
G1 X64.789 Y50.54 E.01855
G1 X64.245 Y50.576 E.01846
G1 X62.96 Y50.576 E.04349
G1 X62.416 Y50.54 E.01846
G1 X61.871 Y50.481 E.01856
G1 X61.33 Y50.4 E.01854
G1 X60.826 Y50.301 E.01736
G1 X60.974 Y49.464 E.02876
G1 X61.466 Y49.561 E.01696
G1 X62.412 Y49.687 E.03231
G1 X62.975 Y49.726 E.0191
G1 X64.261 Y49.726 E.04354
G1 X64.801 Y49.687 E.01832
G1 X65.331 Y49.625 E.01808
G1 X66.193 Y49.472 E.02961
M204 S10000
G1 X65.89 Y49.967 F7200
M204 S1500
;TYPE:Inner wall
;WIDTH:0.44265
G1 F1501.013
G1 X65.279 Y50.059 E.02053
G1 X64.752 Y50.116 E.01762
;WIDTH:0.442918
G1 F1500.007
G1 X64.231 Y50.151 E.01737
G1 X62.975 Y50.151 E.04178
G1 X62.453 Y50.116 E.01737
;WIDTH:0.450364
G1 F1472.595
G1 X61.317 Y49.965 E.03886
; stop printing object fidget-finger-massager-2000-rods-rod-03.stl id:0 copy 0
; printing object fidget-finger-massager-2000-rods-rod-05.stl id:0 copy 0
M204 S10000
G1 E-.8 F1800
G1 X66.232 Y45.863 Z2.6 F7200
G1 Z2.2
G1 E.8 F1800
M204 S500
;TYPE:Outer wall
;WIDTH:0.449999
G1 F1473.915
G1 X66.379 Y46.699 E.02874
G1 X65.969 Y46.781 E.01416
G1 X65.334 Y46.878 E.02175
G1 X64.789 Y46.937 E.01855
G1 X64.245 Y46.974 E.01846
G1 X62.96 Y46.974 E.04349
G1 X62.416 Y46.937 E.01846
G1 X61.871 Y46.878 E.01856
G1 X61.33 Y46.797 E.01854
G1 X60.826 Y46.698 E.01736
G1 X60.974 Y45.861 E.02876
G1 X61.466 Y45.959 E.01696
G1 X62.412 Y46.085 E.03231
G1 X62.975 Y46.124 E.0191
G1 X64.261 Y46.124 E.04354
G1 X64.801 Y46.084 E.01832
G1 X65.331 Y46.023 E.01808
G1 X66.193 Y45.87 E.02961
M204 S10000
G1 X65.89 Y46.364 F7200
M204 S1500
;TYPE:Inner wall
;WIDTH:0.44265
G1 F1501.013
G1 X65.279 Y46.457 E.02053
G1 X64.752 Y46.514 E.01762
;WIDTH:0.442918
G1 F1500.007
G1 X64.231 Y46.549 E.01737
G1 X62.975 Y46.549 E.04178
G1 X62.453 Y46.514 E.01737
;WIDTH:0.450364
G1 F1472.595
G1 X61.317 Y46.362 E.03886
; stop printing object fidget-finger-massager-2000-rods-rod-05.stl id:0 copy 0
; printing object fidget-finger-massager-2000-rods-rod-09.stl id:0 copy 0
M204 S10000
G1 E-.8 F1800
G1 X66.188 Y42.26 Z2.6 F7200
G1 Z2.2
G1 E.8 F1800
M204 S500
;TYPE:Outer wall
;WIDTH:0.449999
G1 F1473.915
G1 X66.336 Y43.096 E.02874
G1 X65.925 Y43.178 E.01416
G1 X65.29 Y43.275 E.02175
G1 X64.745 Y43.334 E.01855
G1 X64.201 Y43.371 E.01846
G1 X62.916 Y43.371 E.04349
G1 X62.372 Y43.334 E.01846
G1 X61.827 Y43.275 E.01856
G1 X61.286 Y43.194 E.01854
G1 X60.782 Y43.095 E.01736
G1 X60.93 Y42.259 E.02876
G1 X61.422 Y42.356 E.01696
G1 X62.368 Y42.482 E.03231
G1 X62.931 Y42.521 E.0191
G1 X64.217 Y42.521 E.04354
G1 X64.757 Y42.481 E.01832
G1 X65.287 Y42.42 E.01808
G1 X66.149 Y42.267 E.02961
M204 S10000
G1 X65.846 Y42.761 F7200
M204 S1500
;TYPE:Inner wall
;WIDTH:0.44265
G1 F1501.013
G1 X65.235 Y42.854 E.02053
G1 X64.708 Y42.911 E.01762
;WIDTH:0.442918
G1 F1500.007
G1 X64.187 Y42.946 E.01737
G1 X62.931 Y42.946 E.04178
G1 X62.41 Y42.911 E.01737
;WIDTH:0.450364
G1 F1472.595
G1 X61.273 Y42.759 E.03886
; stop printing object fidget-finger-massager-2000-rods-rod-09.stl id:0 copy 0
; printing object fidget-finger-massager-2000-rods-rod-06.stl id:0 copy 0
M204 S10000
G1 E-.8 F1800
G1 X58.247 Y44.106 Z2.6 F7200
G1 Z2.2
G1 E.8 F1800
M204 S500
;TYPE:Outer wall
;WIDTH:0.449999
G1 F1473.915
G1 X58.163 Y44.526 E.0145
G1 X58.023 Y45.544 E.03478
G1 X57.984 Y46.106 E.01909
G1 X57.984 Y47.393 E.04354
G1 X58.024 Y47.933 E.01832
G1 X58.085 Y48.463 E.01808
G1 X58.245 Y49.364 E.03097
G1 X57.409 Y49.511 E.02874
G1 X57.327 Y49.101 E.01416
G1 X57.23 Y48.466 E.02175
G1 X57.171 Y47.921 E.01855
G1 X57.134 Y47.377 E.01846
G1 X57.134 Y46.092 E.04349
G1 X57.171 Y45.549 E.01844
G1 X57.242 Y44.912 E.02168
G1 X57.412 Y43.958 E.03279
G1 X58.207 Y44.099 E.02732
M204 S10000
G1 E-.8 F1800
G1 X57.744 Y49.021 Z2.6 F7200
G1 Z2.2
G1 E.8 F1800
M204 S1500
;TYPE:Inner wall
;WIDTH:0.44265
G1 F1501.013
G1 X57.651 Y48.411 E.02053
G1 X57.594 Y47.884 E.01762
;WIDTH:0.44292
G1 F1500
G1 X57.559 Y47.363 E.01737
G1 X57.559 Y46.08 E.04267
G1 X57.605 Y45.477 E.02011
;WIDTH:0.450056
G1 F1473.709
G1 X57.752 Y44.444 E.03531
; stop printing object fidget-finger-massager-2000-rods-rod-06.stl id:0 copy 0
; printing object fidget-finger-massager-2000-rods-rod-08.stl id:0 copy 0
M204 S10000
G1 E-.8 F1800
G1 X54.644 Y44.106 Z2.6 F7200
G1 Z2.2
G1 E.8 F1800
M204 S500
;TYPE:Outer wall
;WIDTH:0.449999
G1 F1473.915
G1 X54.56 Y44.526 E.0145
G1 X54.42 Y45.544 E.03478
G1 X54.381 Y46.106 E.01909
G1 X54.381 Y47.393 E.04354
G1 X54.421 Y47.933 E.01832
G1 X54.482 Y48.463 E.01808
G1 X54.642 Y49.364 E.03097
G1 X53.806 Y49.511 E.02874
G1 X53.724 Y49.101 E.01416
G1 X53.627 Y48.466 E.02175
G1 X53.568 Y47.921 E.01855
G1 X53.531 Y47.377 E.01846
G1 X53.531 Y46.092 E.04349
G1 X53.568 Y45.549 E.01844
G1 X53.64 Y44.912 E.02168
G1 X53.81 Y43.958 E.03279
G1 X54.604 Y44.099 E.02732
M204 S10000
G1 E-.8 F1800
G1 X54.141 Y49.021 Z2.6 F7200
G1 Z2.2
G1 E.8 F1800
M204 S1500
;TYPE:Inner wall
;WIDTH:0.44265
G1 F1501.013
G1 X54.049 Y48.411 E.02053
G1 X53.991 Y47.884 E.01762
;WIDTH:0.44292
G1 F1500
G1 X53.956 Y47.363 E.01737
G1 X53.956 Y46.08 E.04267
G1 X54.002 Y45.477 E.02011
;WIDTH:0.450056
G1 F1473.709
G1 X54.149 Y44.444 E.03531
; stop printing object fidget-finger-massager-2000-rods-rod-08.stl id:0 copy 0
M106 S240
;LAYER_CHANGE
;Z:2.4
;HEIGHT:0.2
G92 E0
;_SET_FAN_SPEED_CHANGING_LAYER
; printing object fidget-finger-massager-2000-rods-rod-07.stl id:0 copy 0
M204 S10000
G1 E-.8 F1800
G1 X54.63 Y52.061 Z2.8 F7200
G1 X54.644 Y52.287 Z2.8
G1 Z2.4
G1 E.8 F1800
M204 S500
;TYPE:Outer wall
;WIDTH:0.449999
G1 F1473.915
G1 X54.561 Y52.707 E.0145
G1 X54.42 Y53.725 E.03476
G1 X54.381 Y54.288 E.01912
G1 X54.381 Y55.574 E.04354
G1 X54.421 Y56.115 E.01834
G1 X54.483 Y56.646 E.0181
G1 X54.642 Y57.545 E.03092
G1 X53.806 Y57.693 E.02874
G1 X53.725 Y57.287 E.01401
G1 X53.627 Y56.643 E.02205
G1 X53.568 Y56.1 E.01847
G1 X53.531 Y55.559 E.01838
G1 X53.531 Y54.274 E.04349
G1 X53.568 Y53.732 E.01837
G1 X53.64 Y53.087 E.02199
G1 X53.81 Y52.14 E.03256
G1 X54.605 Y52.28 E.02732
M204 S10000
G1 E-.8 F1800
G1 X54.141 Y57.203 Z2.8 F7200
G1 Z2.4
G1 E.8 F1800
M204 S1500
;TYPE:Inner wall
;WIDTH:0.442708
G1 F1500.795
G1 X54.048 Y56.588 E.02067
G1 X53.991 Y56.063 E.01755
;WIDTH:0.44292
G1 X53.956 Y55.544 E.0173
G1 X53.956 Y54.261 E.04268
G1 X54.002 Y53.658 E.02012
;WIDTH:0.449844
G1 F1474.477
G1 X54.149 Y52.626 E.03527
; stop printing object fidget-finger-massager-2000-rods-rod-07.stl id:0 copy 0
; printing object fidget-finger-massager-2000-rods-rod-04.stl id:0 copy 0
M204 S10000
G1 E-.8 F1800
G1 X58.247 Y52.287 Z2.8 F7200
G1 Z2.4
G1 E.8 F1800
M204 S500
;TYPE:Outer wall
;WIDTH:0.449999
G1 F1473.915
G1 X58.164 Y52.707 E.0145
G1 X58.023 Y53.725 E.03476
G1 X57.984 Y54.288 E.01912
G1 X57.984 Y55.574 E.04354
G1 X58.024 Y56.115 E.01834
G1 X58.085 Y56.646 E.0181
G1 X58.245 Y57.545 E.03092
G1 X57.409 Y57.693 E.02874
G1 X57.328 Y57.287 E.01401
M73 P18 R14
G1 X57.229 Y56.643 E.02205
G1 X57.171 Y56.1 E.01847
G1 X57.134 Y55.559 E.01838
G1 X57.134 Y54.274 E.04349
G1 X57.171 Y53.732 E.01837
G1 X57.243 Y53.087 E.02199
G1 X57.412 Y52.14 E.03256
G1 X58.207 Y52.28 E.02732
M204 S10000
G1 E-.8 F1800
G1 X57.744 Y57.203 Z2.8 F7200
G1 Z2.4
G1 E.8 F1800
M204 S1500
;TYPE:Inner wall
;WIDTH:0.442708
G1 F1500.795
G1 X57.651 Y56.588 E.02067
G1 X57.594 Y56.063 E.01755
;WIDTH:0.44292
G1 X57.559 Y55.544 E.0173
G1 X57.559 Y54.261 E.04268
G1 X57.605 Y53.658 E.02012
;WIDTH:0.449844
G1 F1474.477
G1 X57.752 Y52.626 E.03527
; stop printing object fidget-finger-massager-2000-rods-rod-04.stl id:0 copy 0
; printing object fidget-finger-massager-2000-rods-rod-01.stl id:0 copy 0
M204 S10000
G1 E-.8 F1800
G1 X64.641 Y55.911 Z2.8 F7200
G1 X66.232 Y56.669 Z2.8
G1 Z2.4
G1 E.8 F1800
M204 S500
;TYPE:Outer wall
;WIDTH:0.449999
G1 F1473.915
G1 X66.38 Y57.507 E.02879
G1 X65.974 Y57.588 E.01401
G1 X65.33 Y57.687 E.02205
G1 X64.787 Y57.745 E.01847
G1 X64.245 Y57.782 E.01838
G1 X62.96 Y57.782 E.04349
G1 X62.418 Y57.745 E.01838
G1 X61.875 Y57.687 E.01849
G1 X61.336 Y57.606 E.01846
G1 X60.826 Y57.506 E.01758
G1 X60.973 Y56.671 E.02871
G1 X61.88 Y56.832 E.03118
G1 X62.412 Y56.893 E.0181
G1 X62.975 Y56.932 E.0191
G1 X64.448 Y56.932 E.04988
G1 X65.74 Y56.767 E.04409
G1 X66.193 Y56.677 E.01561
M204 S10000
G1 E-.8 F1800
G1 X61.315 Y57.171 Z2.8 F7200
G1 Z2.4
G1 E.8 F1800
M204 S1500
;TYPE:Inner wall
;WIDTH:0.439212
G1 F1514.035
G1 X61.812 Y57.25 E.01658
;WIDTH:0.439596
G1 F1512.569
G1 X62.355 Y57.313 E.01804
;WIDTH:0.442918
G1 F1500.007
G1 X62.948 Y57.357 E.01978
G1 X64.231 Y57.357 E.04265
G1 X64.75 Y57.322 E.0173
;WIDTH:0.450164
G1 F1473.318
G1 X65.785 Y57.189 E.03534
;WIDTH:0.443868
G1 F1496.454
G1 X65.888 Y57.171 E.00349
; stop printing object fidget-finger-massager-2000-rods-rod-01.stl id:0 copy 0
; printing object fidget-finger-massager-2000-rods-rod-02.stl id:0 copy 0
M204 S10000
G1 E-.8 F1800
G1 X66.232 Y53.067 Z2.8 F7200
G1 Z2.4
G1 E.8 F1800
M204 S500
;TYPE:Outer wall
;WIDTH:0.449999
G1 F1473.915
G1 X66.38 Y53.904 E.02879
G1 X65.974 Y53.986 E.01401
G1 X65.33 Y54.084 E.02205
G1 X64.787 Y54.143 E.01847
G1 X64.245 Y54.179 E.01838
G1 X62.96 Y54.179 E.04349
G1 X62.418 Y54.143 E.01838
G1 X61.875 Y54.084 E.01849
G1 X61.336 Y54.004 E.01846
G1 X60.826 Y53.903 E.01758
G1 X60.973 Y53.068 E.02871
G1 X61.88 Y53.229 E.03118
G1 X62.412 Y53.29 E.0181
G1 X62.975 Y53.329 E.0191
G1 X64.448 Y53.329 E.04988
G1 X65.74 Y53.164 E.04409
G1 X66.193 Y53.074 E.01561
M204 S10000
G1 E-.8 F1800
G1 X61.315 Y53.568 Z2.8 F7200
G1 Z2.4
G1 E.8 F1800
M204 S1500
;TYPE:Inner wall
;WIDTH:0.439212
G1 F1514.035
G1 X61.812 Y53.647 E.01658
;WIDTH:0.439596
G1 F1512.569
G1 X62.355 Y53.71 E.01804
;WIDTH:0.442918
G1 F1500.007
G1 X62.948 Y53.754 E.01978
G1 X64.231 Y53.754 E.04265
G1 X64.75 Y53.719 E.0173
;WIDTH:0.450164
G1 F1473.318
G1 X65.785 Y53.586 E.03534
;WIDTH:0.443868
G1 F1496.454
G1 X65.888 Y53.568 E.00349
; stop printing object fidget-finger-massager-2000-rods-rod-02.stl id:0 copy 0
; printing object fidget-finger-massager-2000-rods-rod-03.stl id:0 copy 0
M204 S10000
G1 E-.8 F1800
G1 X66.232 Y49.464 Z2.8 F7200
G1 Z2.4
G1 E.8 F1800
M204 S500
;TYPE:Outer wall
;WIDTH:0.449999
G1 F1473.915
G1 X66.38 Y50.302 E.02879
G1 X65.974 Y50.383 E.01401
G1 X65.33 Y50.481 E.02205
G1 X64.787 Y50.54 E.01847
G1 X64.245 Y50.576 E.01838
G1 X62.96 Y50.576 E.04349
G1 X62.418 Y50.54 E.01838
G1 X61.875 Y50.481 E.01849
G1 X61.336 Y50.401 E.01846
G1 X60.826 Y50.301 E.01758
G1 X60.973 Y49.465 E.02871
G1 X61.88 Y49.626 E.03118
G1 X62.412 Y49.687 E.0181
G1 X62.975 Y49.726 E.0191
G1 X64.448 Y49.726 E.04988
G1 X65.74 Y49.561 E.04409
G1 X66.193 Y49.472 E.01561
M204 S10000
G1 E-.8 F1800
G1 X61.315 Y49.965 Z2.8 F7200
G1 Z2.4
G1 E.8 F1800
M204 S1500
;TYPE:Inner wall
;WIDTH:0.439212
G1 F1514.035
G1 X61.812 Y50.044 E.01658
;WIDTH:0.439596
G1 F1512.569
G1 X62.355 Y50.107 E.01804
;WIDTH:0.442918
G1 F1500.007
G1 X62.948 Y50.151 E.01978
G1 X64.231 Y50.151 E.04265
G1 X64.75 Y50.117 E.0173
;WIDTH:0.450164
G1 F1473.318
G1 X65.785 Y49.983 E.03534
;WIDTH:0.443868
G1 F1496.454
G1 X65.888 Y49.966 E.00349
; stop printing object fidget-finger-massager-2000-rods-rod-03.stl id:0 copy 0
; printing object fidget-finger-massager-2000-rods-rod-05.stl id:0 copy 0
M204 S10000
G1 E-.8 F1800
G1 X66.232 Y45.861 Z2.8 F7200
G1 Z2.4
G1 E.8 F1800
M204 S500
;TYPE:Outer wall
;WIDTH:0.449999
G1 F1473.915
G1 X66.38 Y46.699 E.02879
G1 X65.974 Y46.78 E.01401
G1 X65.33 Y46.878 E.02205
G1 X64.787 Y46.937 E.01847
G1 X64.245 Y46.974 E.01838
G1 X62.96 Y46.974 E.04349
G1 X62.418 Y46.937 E.01838
G1 X61.875 Y46.878 E.01849
G1 X61.336 Y46.798 E.01846
G1 X60.826 Y46.698 E.01758
G1 X60.973 Y45.863 E.02871
G1 X61.88 Y46.024 E.03118
G1 X62.412 Y46.085 E.0181
G1 X62.975 Y46.124 E.0191
G1 X64.448 Y46.124 E.04988
G1 X65.74 Y45.958 E.04409
G1 X66.193 Y45.869 E.01561
M204 S10000
G1 E-.8 F1800
G1 X61.315 Y46.363 Z2.8 F7200
G1 Z2.4
G1 E.8 F1800
M204 S1500
;TYPE:Inner wall
;WIDTH:0.439212
G1 F1514.035
G1 X61.812 Y46.441 E.01658
;WIDTH:0.439596
G1 F1512.569
G1 X62.355 Y46.504 E.01804
;WIDTH:0.442918
G1 F1500.007
G1 X62.948 Y46.549 E.01978
G1 X64.231 Y46.549 E.04265
G1 X64.75 Y46.514 E.0173
;WIDTH:0.450164
G1 F1473.318
G1 X65.785 Y46.38 E.03534
;WIDTH:0.443868
G1 F1496.454
G1 X65.888 Y46.363 E.00349
; stop printing object fidget-finger-massager-2000-rods-rod-05.stl id:0 copy 0
; printing object fidget-finger-massager-2000-rods-rod-09.stl id:0 copy 0
M204 S10000
G1 E-.8 F1800
G1 X66.188 Y42.258 Z2.8 F7200
G1 Z2.4
G1 E.8 F1800
M204 S500
;TYPE:Outer wall
;WIDTH:0.449999
G1 F1473.915
G1 X66.336 Y43.096 E.02879
G1 X65.93 Y43.177 E.01401
G1 X65.286 Y43.276 E.02205
G1 X64.743 Y43.334 E.01847
G1 X64.201 Y43.371 E.01838
G1 X62.916 Y43.371 E.04349
G1 X62.375 Y43.334 E.01838
G1 X61.832 Y43.276 E.01849
G1 X61.292 Y43.195 E.01846
G1 X60.782 Y43.095 E.01758
G1 X60.93 Y42.26 E.02871
G1 X61.837 Y42.421 E.03118
G1 X62.368 Y42.482 E.0181
G1 X62.931 Y42.521 E.0191
G1 X64.404 Y42.521 E.04988
G1 X65.696 Y42.356 E.04409
G1 X66.149 Y42.266 E.01561
M204 S10000
G1 E-.8 F1800
G1 X61.271 Y42.76 Z2.8 F7200
G1 Z2.4
G1 E.8 F1800
M204 S1500
;TYPE:Inner wall
;WIDTH:0.439212
G1 F1514.035
G1 X61.768 Y42.838 E.01658
;WIDTH:0.439596
G1 F1512.569
G1 X62.312 Y42.902 E.01804
;WIDTH:0.442918
G1 F1500.007
G1 X62.905 Y42.946 E.01978
G1 X64.187 Y42.946 E.04265
G1 X64.706 Y42.911 E.0173
;WIDTH:0.450164
G1 F1473.318
G1 X65.741 Y42.778 E.03534
;WIDTH:0.443868
G1 F1496.454
G1 X65.844 Y42.76 E.00349
; stop printing object fidget-finger-massager-2000-rods-rod-09.stl id:0 copy 0
; printing object fidget-finger-massager-2000-rods-rod-06.stl id:0 copy 0
M204 S10000
G1 E-.8 F1800
G1 X58.329 Y44.091 Z2.8 F7200
G1 X58.247 Y44.106 Z2.8
G1 Z2.4
G1 E.8 F1800
M204 S500
;TYPE:Outer wall
;WIDTH:0.449999
G1 F1473.915
G1 X58.164 Y44.526 E.0145
G1 X58.023 Y45.543 E.03476
G1 X57.984 Y46.106 E.01912
G1 X57.984 Y47.393 E.04354
G1 X58.024 Y47.933 E.01834
G1 X58.085 Y48.464 E.0181
G1 X58.245 Y49.364 E.03092
G1 X57.409 Y49.511 E.02874
G1 X57.328 Y49.106 E.01401
G1 X57.229 Y48.462 E.02205
G1 X57.171 Y47.919 E.01847
G1 X57.134 Y47.377 E.01838
G1 X57.134 Y46.092 E.04349
G1 X57.171 Y45.551 E.01837
G1 X57.243 Y44.905 E.02199
G1 X57.412 Y43.958 E.03256
G1 X58.207 Y44.099 E.02732
M204 S10000
G1 E-.8 F1800
G1 X57.744 Y49.021 Z2.8 F7200
G1 Z2.4
G1 E.8 F1800
M204 S1500
;TYPE:Inner wall
;WIDTH:0.442708
G1 F1500.795
G1 X57.651 Y48.407 E.02067
G1 X57.594 Y47.882 E.01755
;WIDTH:0.44292
G1 X57.559 Y47.363 E.0173
G1 X57.559 Y46.08 E.04268
G1 X57.605 Y45.476 E.02012
;WIDTH:0.449844
G1 F1474.477
G1 X57.752 Y44.444 E.03527
; stop printing object fidget-finger-massager-2000-rods-rod-06.stl id:0 copy 0
; printing object fidget-finger-massager-2000-rods-rod-08.stl id:0 copy 0
M204 S10000
G1 E-.8 F1800
G1 X54.644 Y44.106 Z2.8 F7200
G1 Z2.4
G1 E.8 F1800
M204 S500
;TYPE:Outer wall
;WIDTH:0.449999
G1 F1473.915
G1 X54.561 Y44.526 E.0145
G1 X54.42 Y45.543 E.03476
G1 X54.381 Y46.106 E.01912
G1 X54.381 Y47.393 E.04354
G1 X54.421 Y47.933 E.01834
G1 X54.483 Y48.464 E.0181
G1 X54.642 Y49.364 E.03092
G1 X53.806 Y49.511 E.02874
G1 X53.725 Y49.106 E.01401
G1 X53.627 Y48.462 E.02205
G1 X53.568 Y47.919 E.01847
G1 X53.531 Y47.377 E.01838
G1 X53.531 Y46.092 E.04349
G1 X53.568 Y45.551 E.01837
G1 X53.64 Y44.905 E.02199
G1 X53.81 Y43.958 E.03256
G1 X54.605 Y44.099 E.02732
M204 S10000
G1 E-.8 F1800
G1 X54.141 Y49.021 Z2.8 F7200
G1 Z2.4
G1 E.8 F1800
M204 S1500
;TYPE:Inner wall
;WIDTH:0.442708
G1 F1500.795
G1 X54.048 Y48.407 E.02067
G1 X53.991 Y47.882 E.01755
;WIDTH:0.44292
G1 X53.956 Y47.363 E.0173
G1 X53.956 Y46.08 E.04268
G1 X54.002 Y45.476 E.02012
;WIDTH:0.449844
G1 F1474.477
G1 X54.149 Y44.444 E.03527
; stop printing object fidget-finger-massager-2000-rods-rod-08.stl id:0 copy 0
M106 S245
;LAYER_CHANGE
;Z:2.6
;HEIGHT:0.2
G92 E0
;_SET_FAN_SPEED_CHANGING_LAYER
; printing object fidget-finger-massager-2000-rods-rod-07.stl id:0 copy 0
M204 S10000
G1 E-.8 F1800
G1 X54.63 Y52.062 Z3 F7200
G1 X54.644 Y52.287 Z3
M73 P19 R14
G1 Z2.6
G1 E.8 F1800
M204 S500
;TYPE:Outer wall
;WIDTH:0.449999
G1 F1473.915
G1 X54.49 Y53.197 E.03123
G1 X54.42 Y53.724 E.018
G1 X54.381 Y54.288 E.01913
G1 X54.381 Y55.574 E.04354
G1 X54.421 Y56.116 E.01837
G1 X54.483 Y56.647 E.01812
G1 X54.642 Y57.545 E.03088
G1 X53.806 Y57.693 E.02874
G1 X53.726 Y57.291 E.01386
G1 X53.642 Y56.755 E.01839
G1 X53.568 Y56.098 E.02237
G1 X53.531 Y55.559 E.01829
G1 X53.531 Y54.274 E.04349
G1 X53.568 Y53.734 E.01829
G1 X53.641 Y53.08 E.02231
G1 X53.805 Y52.139 E.03231
G1 X54.605 Y52.28 E.0275
M204 S10000
G1 X54.148 Y52.627 F7200
M204 S1500
;TYPE:Inner wall
;WIDTH:0.449656
G1 F1475.158
G1 X54.002 Y53.657 E.03518
;WIDTH:0.44292
G1 F1500
G1 X53.956 Y54.261 E.02013
G1 X53.956 Y55.544 E.04268
G1 X53.991 Y56.06 E.01718
;WIDTH:0.44258
G1 F1501.276
G1 X54.061 Y56.688 E.02102
;WIDTH:0.441394
G1 F1505.744
G1 X54.141 Y57.203 E.01726
; stop printing object fidget-finger-massager-2000-rods-rod-07.stl id:0 copy 0
; printing object fidget-finger-massager-2000-rods-rod-04.stl id:0 copy 0
M204 S10000
G1 E-.8 F1800
G1 X58.247 Y52.287 Z3 F7200
G1 Z2.6
G1 E.8 F1800
M204 S500
;TYPE:Outer wall
;WIDTH:0.449999
G1 F1473.915
G1 X58.093 Y53.197 E.03123
G1 X58.023 Y53.724 E.018
G1 X57.984 Y54.288 E.01913
G1 X57.984 Y55.574 E.04354
G1 X58.024 Y56.116 E.01837
G1 X58.086 Y56.647 E.01812
G1 X58.245 Y57.545 E.03088
G1 X57.409 Y57.693 E.02874
G1 X57.328 Y57.291 E.01386
G1 X57.244 Y56.755 E.01839
G1 X57.171 Y56.098 E.02237
G1 X57.134 Y55.559 E.01829
G1 X57.134 Y54.274 E.04349
G1 X57.171 Y53.734 E.01829
G1 X57.244 Y53.08 E.02231
G1 X57.407 Y52.139 E.03231
G1 X58.207 Y52.28 E.0275
M204 S10000
G1 X57.75 Y52.627 F7200
M204 S1500
;TYPE:Inner wall
;WIDTH:0.449656
G1 F1475.158
G1 X57.605 Y53.657 E.03518
;WIDTH:0.44292
G1 F1500
G1 X57.559 Y54.261 E.02013
G1 X57.559 Y55.544 E.04268
G1 X57.594 Y56.06 E.01718
;WIDTH:0.44258
G1 F1501.276
G1 X57.663 Y56.688 E.02102
;WIDTH:0.441394
G1 F1505.744
G1 X57.744 Y57.203 E.01726
; stop printing object fidget-finger-massager-2000-rods-rod-04.stl id:0 copy 0
; printing object fidget-finger-massager-2000-rods-rod-01.stl id:0 copy 0
M204 S10000
G1 E-.8 F1800
G1 X65.361 Y56.724 Z3 F7200
G1 X66.232 Y56.669 Z3
G1 Z2.6
G1 E.8 F1800
M204 S500
;TYPE:Outer wall
;WIDTH:0.449999
G1 F1473.915
G1 X66.38 Y57.507 E.02879
G1 X65.978 Y57.588 E.01385
G1 X65.325 Y57.687 E.02236
G1 X64.785 Y57.746 E.0184
G1 X64.245 Y57.782 E.01831
G1 X62.96 Y57.782 E.04349
G1 X62.421 Y57.746 E.01831
G1 X61.88 Y57.687 E.01841
G1 X61.342 Y57.607 E.01839
G1 X60.826 Y57.506 E.0178
G1 X60.973 Y56.671 E.0287
G1 X61.879 Y56.832 E.03114
G1 X62.411 Y56.893 E.01812
G1 X62.975 Y56.932 E.01912
G1 X64.446 Y56.932 E.04981
G1 X65.729 Y56.768 E.04379
G1 X66.193 Y56.677 E.01598
M204 S10000
G1 X65.888 Y57.171 F7200
M204 S1500
;TYPE:Inner wall
;WIDTH:0.444092
G1 F1495.618
G1 X65.774 Y57.19 E.00385
;WIDTH:0.44999
G1 F1473.948
G1 X64.748 Y57.322 E.03502
;WIDTH:0.442918
G1 F1500.007
G1 X64.231 Y57.357 E.01723
G1 X62.948 Y57.357 E.04266
G1 X62.355 Y57.313 E.0198
;WIDTH:0.439568
G1 F1512.676
G1 X61.811 Y57.249 E.01806
;WIDTH:0.43907
G1 F1514.578
G1 X61.315 Y57.171 E.01655
; stop printing object fidget-finger-massager-2000-rods-rod-01.stl id:0 copy 0
; printing object fidget-finger-massager-2000-rods-rod-02.stl id:0 copy 0
M204 S10000
G1 E-.8 F1800
G1 X66.232 Y53.067 Z3 F7200
G1 Z2.6
G1 E.8 F1800
M204 S500
;TYPE:Outer wall
;WIDTH:0.449999
G1 F1473.915
G1 X66.38 Y53.904 E.02879
G1 X65.978 Y53.985 E.01385
G1 X65.325 Y54.085 E.02236
G1 X64.785 Y54.143 E.0184
G1 X64.245 Y54.179 E.01831
G1 X62.96 Y54.179 E.04349
G1 X62.421 Y54.143 E.01831
G1 X61.88 Y54.085 E.01841
G1 X61.342 Y54.005 E.01839
G1 X60.826 Y53.903 E.0178
G1 X60.973 Y53.068 E.0287
G1 X61.879 Y53.229 E.03114
G1 X62.411 Y53.29 E.01812
G1 X62.975 Y53.329 E.01912
G1 X64.446 Y53.329 E.04981
G1 X65.729 Y53.166 E.04379
G1 X66.193 Y53.074 E.01598
M204 S10000
G1 X65.888 Y53.568 F7200
M204 S1500
;TYPE:Inner wall
;WIDTH:0.444092
G1 F1495.618
G1 X65.774 Y53.587 E.00385
;WIDTH:0.44999
G1 F1473.948
G1 X64.748 Y53.72 E.03502
;WIDTH:0.442918
G1 F1500.007
G1 X64.231 Y53.754 E.01723
G1 X62.948 Y53.754 E.04266
G1 X62.355 Y53.71 E.0198
;WIDTH:0.439568
G1 F1512.676
G1 X61.811 Y53.647 E.01806
;WIDTH:0.43907
G1 F1514.578
G1 X61.315 Y53.568 E.01655
; stop printing object fidget-finger-massager-2000-rods-rod-02.stl id:0 copy 0
; printing object fidget-finger-massager-2000-rods-rod-03.stl id:0 copy 0
M204 S10000
G1 E-.8 F1800
G1 X66.232 Y49.464 Z3 F7200
G1 Z2.6
G1 E.8 F1800
M204 S500
;TYPE:Outer wall
;WIDTH:0.449999
G1 F1473.915
G1 X66.38 Y50.302 E.02879
G1 X65.978 Y50.382 E.01385
G1 X65.325 Y50.482 E.02236
G1 X64.785 Y50.54 E.0184
G1 X64.245 Y50.576 E.01831
G1 X62.96 Y50.576 E.04349
G1 X62.421 Y50.54 E.01831
G1 X61.88 Y50.482 E.01841
G1 X61.342 Y50.402 E.01839
G1 X60.826 Y50.301 E.0178
G1 X60.973 Y49.465 E.0287
G1 X61.879 Y49.626 E.03114
G1 X62.411 Y49.687 E.01812
G1 X62.975 Y49.726 E.01912
G1 X64.446 Y49.726 E.04981
G1 X65.729 Y49.563 E.04379
G1 X66.193 Y49.472 E.01598
M204 S10000
G1 X65.888 Y49.965 F7200
M204 S1500
;TYPE:Inner wall
;WIDTH:0.444092
G1 F1495.618
G1 X65.774 Y49.985 E.00385
;WIDTH:0.44999
G1 F1473.948
G1 X64.748 Y50.117 E.03502
;WIDTH:0.442918
G1 F1500.007
G1 X64.231 Y50.151 E.01723
G1 X62.948 Y50.151 E.04266
G1 X62.355 Y50.107 E.0198
;WIDTH:0.439568
G1 F1512.676
G1 X61.811 Y50.044 E.01806
;WIDTH:0.43907
G1 F1514.578
G1 X61.315 Y49.965 E.01655
; stop printing object fidget-finger-massager-2000-rods-rod-03.stl id:0 copy 0
; printing object fidget-finger-massager-2000-rods-rod-05.stl id:0 copy 0
M204 S10000
G1 E-.8 F1800
G1 X66.232 Y45.861 Z3 F7200
G1 Z2.6
G1 E.8 F1800
M204 S500
;TYPE:Outer wall
;WIDTH:0.449999
G1 F1473.915
G1 X66.38 Y46.699 E.02879
G1 X65.978 Y46.779 E.01385
G1 X65.325 Y46.879 E.02236
G1 X64.785 Y46.937 E.0184
G1 X64.245 Y46.974 E.01831
G1 X62.96 Y46.974 E.04349
G1 X62.421 Y46.937 E.01831
G1 X61.88 Y46.879 E.01841
G1 X61.342 Y46.799 E.01839
G1 X60.826 Y46.698 E.0178
G1 X60.973 Y45.863 E.0287
G1 X61.879 Y46.023 E.03114
G1 X62.411 Y46.085 E.01812
G1 X62.975 Y46.124 E.01912
G1 X64.446 Y46.124 E.04981
G1 X65.729 Y45.96 E.04379
G1 X66.193 Y45.869 E.01598
M204 S10000
G1 X65.888 Y46.363 F7200
M204 S1500
;TYPE:Inner wall
;WIDTH:0.444092
G1 F1495.618
G1 X65.774 Y46.382 E.00385
;WIDTH:0.44999
G1 F1473.948
G1 X64.748 Y46.514 E.03502
;WIDTH:0.442918
G1 F1500.007
G1 X64.231 Y46.549 E.01723
G1 X62.948 Y46.549 E.04266
G1 X62.355 Y46.504 E.0198
;WIDTH:0.439568
G1 F1512.676
G1 X61.811 Y46.441 E.01806
;WIDTH:0.43907
G1 F1514.578
G1 X61.315 Y46.362 E.01655
; stop printing object fidget-finger-massager-2000-rods-rod-05.stl id:0 copy 0
; printing object fidget-finger-massager-2000-rods-rod-09.stl id:0 copy 0
M204 S10000
G1 E-.8 F1800
G1 X66.188 Y42.258 Z3 F7200
G1 Z2.6
G1 E.8 F1800
M204 S500
;TYPE:Outer wall
;WIDTH:0.449999
G1 F1473.915
G1 X66.336 Y43.096 E.02879
G1 X65.934 Y43.177 E.01385
G1 X65.281 Y43.276 E.02236
G1 X64.741 Y43.335 E.0184
G1 X64.201 Y43.371 E.01831
G1 X62.916 Y43.371 E.04349
G1 X62.377 Y43.335 E.01831
G1 X61.836 Y43.276 E.01841
G1 X61.298 Y43.196 E.01839
G1 X60.782 Y43.095 E.0178
G1 X60.93 Y42.26 E.0287
G1 X61.835 Y42.421 E.03114
G1 X62.367 Y42.482 E.01812
G1 X62.931 Y42.521 E.01912
G1 X64.402 Y42.521 E.04981
G1 X65.686 Y42.357 E.04379
G1 X66.149 Y42.266 E.01598
M204 S10000
G1 X65.844 Y42.76 F7200
M204 S1500
;TYPE:Inner wall
;WIDTH:0.444092
G1 F1495.618
G1 X65.73 Y42.779 E.00385
;WIDTH:0.44999
G1 F1473.948
G1 X64.704 Y42.911 E.03502
;WIDTH:0.442918
G1 F1500.007
G1 X64.187 Y42.946 E.01723
G1 X62.904 Y42.946 E.04266
G1 X62.311 Y42.902 E.0198
;WIDTH:0.439568
G1 F1512.676
G1 X61.767 Y42.838 E.01806
;WIDTH:0.43907
G1 F1514.578
G1 X61.271 Y42.76 E.01655
; stop printing object fidget-finger-massager-2000-rods-rod-09.stl id:0 copy 0
; printing object fidget-finger-massager-2000-rods-rod-06.stl id:0 copy 0
M204 S10000
G1 E-.8 F1800
G1 X58.247 Y44.106 Z3 F7200
G1 Z2.6
G1 E.8 F1800
M204 S500
;TYPE:Outer wall
;WIDTH:0.449999
G1 F1473.915
G1 X58.093 Y45.015 E.03123
G1 X58.023 Y45.542 E.018
G1 X57.984 Y46.106 E.01913
G1 X57.984 Y47.393 E.04354
G1 X58.024 Y47.934 E.01837
G1 X58.086 Y48.466 E.01812
G1 X58.245 Y49.364 E.03088
G1 X57.409 Y49.511 E.02874
G1 X57.328 Y49.11 E.01386
G1 X57.244 Y48.573 E.01839
G1 X57.171 Y47.916 E.02237
G1 X57.134 Y47.377 E.01829
G1 X57.134 Y46.092 E.04349
G1 X57.171 Y45.553 E.01829
G1 X57.244 Y44.898 E.02231
G1 X57.407 Y43.958 E.03231
G1 X58.207 Y44.099 E.0275
M204 S10000
G1 X57.75 Y44.446 F7200
M204 S1500
;TYPE:Inner wall
;WIDTH:0.449656
G1 F1475.158
G1 X57.605 Y45.476 E.03518
;WIDTH:0.44292
G1 F1500
G1 X57.559 Y46.079 E.02013
G1 X57.559 Y47.363 E.04268
G1 X57.594 Y47.878 E.01718
;WIDTH:0.44258
G1 F1501.276
G1 X57.663 Y48.507 E.02102
;WIDTH:0.441394
G1 F1505.744
G1 X57.744 Y49.021 E.01726
; stop printing object fidget-finger-massager-2000-rods-rod-06.stl id:0 copy 0
; printing object fidget-finger-massager-2000-rods-rod-08.stl id:0 copy 0
M204 S10000
G1 E-.8 F1800
G1 X54.644 Y44.106 Z3 F7200
G1 Z2.6
G1 E.8 F1800
M204 S500
;TYPE:Outer wall
;WIDTH:0.449999
G1 F1473.915
G1 X54.49 Y45.015 E.03123
G1 X54.42 Y45.542 E.018
G1 X54.381 Y46.106 E.01913
G1 X54.381 Y47.393 E.04354
G1 X54.421 Y47.934 E.01837
G1 X54.483 Y48.466 E.01812
G1 X54.642 Y49.364 E.03088
G1 X53.806 Y49.511 E.02874
G1 X53.726 Y49.11 E.01386
G1 X53.642 Y48.573 E.01839
G1 X53.568 Y47.916 E.02237
G1 X53.531 Y47.377 E.01829
G1 X53.531 Y46.092 E.04349
G1 X53.568 Y45.553 E.01829
G1 X53.641 Y44.898 E.02231
G1 X53.805 Y43.958 E.03231
G1 X54.605 Y44.099 E.0275
M204 S10000
G1 X54.148 Y44.446 F7200
M204 S1500
;TYPE:Inner wall
;WIDTH:0.449656
G1 F1475.158
G1 X54.002 Y45.476 E.03518
;WIDTH:0.44292
G1 F1500
G1 X53.956 Y46.079 E.02013
G1 X53.956 Y47.363 E.04268
G1 X53.991 Y47.878 E.01718
;WIDTH:0.44258
G1 F1501.276
G1 X54.061 Y48.507 E.02102
;WIDTH:0.441394
G1 F1505.744
G1 X54.141 Y49.021 E.01726
; stop printing object fidget-finger-massager-2000-rods-rod-08.stl id:0 copy 0
M106 S242
;LAYER_CHANGE
;Z:2.8
;HEIGHT:0.2
G92 E0
;_SET_FAN_SPEED_CHANGING_LAYER
; printing object fidget-finger-massager-2000-rods-rod-07.stl id:0 copy 0
M204 S10000
G1 E-.8 F1800
G1 X54.644 Y52.287 Z3.2 F7200
G1 Z2.8
G1 E.8 F1800
M204 S500
;TYPE:Outer wall
;WIDTH:0.449999
G1 F1473.915
G1 X54.541 Y52.811 E.01809
G1 X54.421 Y53.723 E.03114
G1 X54.381 Y54.265 E.01837
G1 X54.381 Y55.574 E.04434
G1 X54.421 Y56.116 E.01839
G1 X54.483 Y56.649 E.01814
G1 X54.642 Y57.545 E.03084
G1 X53.806 Y57.693 E.02874
G1 X53.643 Y56.761 E.03202
G1 X53.568 Y56.096 E.02268
G1 X53.531 Y55.559 E.0182
G1 X53.54 Y54.148 E.04776
M73 P20 R14
G1 X53.626 Y53.196 E.03237
G1 X53.806 Y52.139 E.03628
G1 X54.605 Y52.28 E.02745
M204 S10000
G1 E-.8 F1800
G1 X54.141 Y57.203 Z3.2 F7200
G1 Z2.8
G1 E.8 F1800
M204 S1500
;TYPE:Inner wall
;WIDTH:0.441332
G1 F1505.979
G1 X54.061 Y56.69 E.01722
;WIDTH:0.44262
G1 F1501.126
G1 X53.991 Y56.058 E.02114
;WIDTH:0.442792
G1 F1500.48
G1 X53.957 Y55.546 E.01704
G1 X53.96 Y54.198 E.04484
;WIDTH:0.449704
G1 F1474.984
G1 X54.051 Y53.248 E.03229
G1 X54.143 Y52.631 E.02108
; stop printing object fidget-finger-massager-2000-rods-rod-07.stl id:0 copy 0
; printing object fidget-finger-massager-2000-rods-rod-04.stl id:0 copy 0
M204 S10000
G1 E-.8 F1800
G1 X58.247 Y52.287 Z3.2 F7200
G1 Z2.8
G1 E.8 F1800
M204 S500
;TYPE:Outer wall
;WIDTH:0.449999
G1 F1473.915
G1 X58.144 Y52.811 E.01809
G1 X58.023 Y53.723 E.03114
G1 X57.984 Y54.265 E.01837
G1 X57.984 Y55.574 E.04434
G1 X58.024 Y56.116 E.01839
G1 X58.086 Y56.649 E.01814
G1 X58.245 Y57.545 E.03084
G1 X57.409 Y57.693 E.02874
G1 X57.245 Y56.761 E.03202
G1 X57.17 Y56.096 E.02268
G1 X57.134 Y55.559 E.0182
G1 X57.142 Y54.148 E.04776
G1 X57.229 Y53.196 E.03237
G1 X57.409 Y52.139 E.03628
G1 X58.208 Y52.28 E.02745
M204 S10000
G1 E-.8 F1800
G1 X57.744 Y57.203 Z3.2 F7200
G1 Z2.8
G1 E.8 F1800
M204 S1500
;TYPE:Inner wall
;WIDTH:0.441332
G1 F1505.979
G1 X57.664 Y56.69 E.01722
;WIDTH:0.44262
G1 F1501.126
G1 X57.594 Y56.058 E.02114
;WIDTH:0.442792
G1 F1500.48
G1 X57.559 Y55.546 E.01704
G1 X57.563 Y54.198 E.04484
;WIDTH:0.449704
G1 F1474.984
G1 X57.654 Y53.248 E.03229
G1 X57.745 Y52.631 E.02108
; stop printing object fidget-finger-massager-2000-rods-rod-04.stl id:0 copy 0
; printing object fidget-finger-massager-2000-rods-rod-01.stl id:0 copy 0
M204 S10000
G1 E-.8 F1800
G1 X64.637 Y55.912 Z3.2 F7200
G1 X66.232 Y56.671 Z3.2
G1 Z2.8
G1 E.8 F1800
M204 S500
;TYPE:Outer wall
;WIDTH:0.449999
G1 F1473.915
G1 X66.38 Y57.507 E.02874
G1 X65.448 Y57.671 E.03202
G1 X64.782 Y57.746 E.02268
M73 P20 R13
G1 X64.245 Y57.782 E.01822
G1 X62.96 Y57.782 E.04349
G1 X62.423 Y57.746 E.01824
G1 X61.884 Y57.688 E.01834
G1 X61.349 Y57.608 E.01832
G1 X60.826 Y57.506 E.01802
G1 X60.974 Y56.669 E.02876
G1 X61.498 Y56.772 E.01806
G1 X62.41 Y56.893 E.03114
G1 X62.975 Y56.932 E.01915
G1 X64.261 Y56.932 E.04354
G1 X64.803 Y56.892 E.01839
G1 X65.335 Y56.83 E.01814
G1 X66.193 Y56.678 E.02948
M204 S10000
G1 X65.89 Y57.172 F7200
M204 S1500
;TYPE:Inner wall
;WIDTH:0.441332
G1 F1505.979
G1 X65.376 Y57.252 E.01722
;WIDTH:0.442618
G1 F1501.133
G1 X64.744 Y57.323 E.02114
;WIDTH:0.442918
G1 F1500.007
G1 X64.231 Y57.357 E.01711
G1 X62.975 Y57.357 E.04179
G1 X62.46 Y57.322 E.01716
;WIDTH:0.449848
G1 F1474.462
G1 X61.317 Y57.17 E.03901
; stop printing object fidget-finger-massager-2000-rods-rod-01.stl id:0 copy 0
; printing object fidget-finger-massager-2000-rods-rod-02.stl id:0 copy 0
M204 S10000
G1 E-.8 F1800
G1 X66.232 Y53.068 Z3.2 F7200
G1 Z2.8
G1 E.8 F1800
M204 S500
;TYPE:Outer wall
;WIDTH:0.449999
G1 F1473.915
G1 X66.38 Y53.904 E.02874
G1 X65.448 Y54.068 E.03202
G1 X64.782 Y54.143 E.02268
G1 X64.245 Y54.179 E.01822
G1 X62.96 Y54.179 E.04349
G1 X62.423 Y54.143 E.01824
G1 X61.884 Y54.085 E.01834
G1 X61.349 Y54.006 E.01832
G1 X60.826 Y53.903 E.01802
G1 X60.974 Y53.067 E.02876
G1 X61.498 Y53.169 E.01806
G1 X62.41 Y53.29 E.03114
G1 X62.975 Y53.329 E.01915
G1 X64.261 Y53.329 E.04354
G1 X64.803 Y53.289 E.01839
G1 X65.335 Y53.228 E.01814
G1 X66.193 Y53.075 E.02948
M204 S10000
G1 X65.89 Y53.569 F7200
M204 S1500
;TYPE:Inner wall
;WIDTH:0.441332
G1 F1505.979
G1 X65.376 Y53.65 E.01722
;WIDTH:0.442618
G1 F1501.133
G1 X64.744 Y53.72 E.02114
;WIDTH:0.442918
G1 F1500.007
G1 X64.231 Y53.754 E.01711
G1 X62.975 Y53.754 E.04179
G1 X62.46 Y53.72 E.01716
;WIDTH:0.449848
G1 F1474.462
G1 X61.317 Y53.567 E.03901
; stop printing object fidget-finger-massager-2000-rods-rod-02.stl id:0 copy 0
; printing object fidget-finger-massager-2000-rods-rod-03.stl id:0 copy 0
M204 S10000
G1 E-.8 F1800
G1 X66.232 Y49.465 Z3.2 F7200
G1 Z2.8
G1 E.8 F1800
M204 S500
;TYPE:Outer wall
;WIDTH:0.449999
G1 F1473.915
G1 X66.38 Y50.302 E.02874
G1 X65.448 Y50.465 E.03202
G1 X64.782 Y50.54 E.02268
G1 X64.245 Y50.576 E.01822
G1 X62.96 Y50.576 E.04349
G1 X62.423 Y50.54 E.01824
G1 X61.884 Y50.482 E.01834
G1 X61.349 Y50.403 E.01832
G1 X60.826 Y50.301 E.01802
G1 X60.974 Y49.464 E.02876
G1 X61.498 Y49.566 E.01806
G1 X62.41 Y49.687 E.03114
G1 X62.975 Y49.726 E.01915
G1 X64.261 Y49.726 E.04354
G1 X64.803 Y49.687 E.01839
G1 X65.335 Y49.625 E.01814
G1 X66.193 Y49.472 E.02948
M204 S10000
G1 X65.89 Y49.967 F7200
M204 S1500
;TYPE:Inner wall
;WIDTH:0.441332
G1 F1505.979
G1 X65.376 Y50.047 E.01722
;WIDTH:0.442618
G1 F1501.133
G1 X64.744 Y50.117 E.02114
;WIDTH:0.442918
G1 F1500.007
G1 X64.231 Y50.151 E.01711
G1 X62.975 Y50.151 E.04179
G1 X62.46 Y50.117 E.01716
;WIDTH:0.449848
G1 F1474.462
G1 X61.317 Y49.964 E.03901
; stop printing object fidget-finger-massager-2000-rods-rod-03.stl id:0 copy 0
; printing object fidget-finger-massager-2000-rods-rod-05.stl id:0 copy 0
M204 S10000
G1 E-.8 F1800
G1 X66.232 Y45.863 Z3.2 F7200
G1 Z2.8
G1 E.8 F1800
M204 S500
;TYPE:Outer wall
;WIDTH:0.449999
G1 F1473.915
G1 X66.38 Y46.699 E.02874
G1 X65.448 Y46.862 E.03202
G1 X64.782 Y46.938 E.02268
G1 X64.245 Y46.974 E.01822
G1 X62.96 Y46.974 E.04349
G1 X62.423 Y46.937 E.01824
G1 X61.884 Y46.879 E.01834
G1 X61.349 Y46.8 E.01832
G1 X60.826 Y46.698 E.01802
G1 X60.974 Y45.861 E.02876
G1 X61.498 Y45.964 E.01806
G1 X62.41 Y46.085 E.03114
G1 X62.975 Y46.124 E.01915
G1 X64.261 Y46.124 E.04354
G1 X64.803 Y46.084 E.01839
G1 X65.335 Y46.022 E.01814
G1 X66.193 Y45.87 E.02948
M204 S10000
G1 X65.89 Y46.364 F7200
M204 S1500
;TYPE:Inner wall
;WIDTH:0.441332
G1 F1505.979
G1 X65.376 Y46.444 E.01722
;WIDTH:0.442618
G1 F1501.133
G1 X64.744 Y46.514 E.02114
;WIDTH:0.442918
G1 F1500.007
G1 X64.231 Y46.549 E.01711
G1 X62.975 Y46.549 E.04179
G1 X62.46 Y46.514 E.01716
;WIDTH:0.449848
G1 F1474.462
G1 X61.317 Y46.361 E.03901
; stop printing object fidget-finger-massager-2000-rods-rod-05.stl id:0 copy 0
; printing object fidget-finger-massager-2000-rods-rod-09.stl id:0 copy 0
M204 S10000
G1 E-.8 F1800
G1 X66.188 Y42.26 Z3.2 F7200
G1 Z2.8
G1 E.8 F1800
M204 S500
;TYPE:Outer wall
;WIDTH:0.449999
G1 F1473.915
G1 X66.336 Y43.096 E.02874
G1 X65.404 Y43.26 E.03202
G1 X64.738 Y43.335 E.02268
G1 X64.201 Y43.371 E.01822
G1 X62.916 Y43.371 E.04349
G1 X62.379 Y43.335 E.01824
G1 X61.84 Y43.277 E.01834
G1 X61.305 Y43.197 E.01832
G1 X60.782 Y43.095 E.01802
G1 X60.93 Y42.258 E.02876
G1 X61.454 Y42.361 E.01806
G1 X62.366 Y42.482 E.03114
G1 X62.931 Y42.521 E.01915
G1 X64.217 Y42.521 E.04354
G1 X64.759 Y42.481 E.01839
G1 X65.291 Y42.419 E.01814
G1 X66.149 Y42.267 E.02948
M204 S10000
G1 X65.846 Y42.761 F7200
M204 S1500
;TYPE:Inner wall
;WIDTH:0.441332
G1 F1505.979
G1 X65.332 Y42.841 E.01722
;WIDTH:0.442618
G1 F1501.133
G1 X64.7 Y42.911 E.02114
;WIDTH:0.442918
G1 F1500.007
G1 X64.187 Y42.946 E.01711
G1 X62.931 Y42.946 E.04179
G1 X62.416 Y42.911 E.01716
;WIDTH:0.449848
G1 F1474.462
G1 X61.273 Y42.758 E.03901
; stop printing object fidget-finger-massager-2000-rods-rod-09.stl id:0 copy 0
; printing object fidget-finger-massager-2000-rods-rod-06.stl id:0 copy 0
M204 S10000
G1 E-.8 F1800
G1 X58.247 Y44.106 Z3.2 F7200
G1 Z2.8
G1 E.8 F1800
M204 S500
;TYPE:Outer wall
;WIDTH:0.449999
G1 F1473.915
G1 X58.144 Y44.63 E.01809
G1 X58.023 Y45.542 E.03114
G1 X57.984 Y46.083 E.01837
G1 X57.984 Y47.393 E.04434
G1 X58.024 Y47.935 E.01839
G1 X58.086 Y48.467 E.01814
G1 X58.245 Y49.364 E.03084
G1 X57.409 Y49.511 E.02874
G1 X57.245 Y48.58 E.03202
G1 X57.17 Y47.914 E.02268
G1 X57.134 Y47.378 E.0182
G1 X57.142 Y45.967 E.04776
G1 X57.229 Y45.014 E.03237
G1 X57.409 Y43.958 E.03628
G1 X58.208 Y44.099 E.02745
M204 S10000
G1 E-.8 F1800
G1 X57.744 Y49.021 Z3.2 F7200
G1 Z2.8
G1 E.8 F1800
M204 S1500
;TYPE:Inner wall
;WIDTH:0.441332
G1 F1505.979
G1 X57.664 Y48.508 E.01722
;WIDTH:0.44262
G1 F1501.126
G1 X57.594 Y47.876 E.02114
;WIDTH:0.442792
G1 F1500.48
G1 X57.559 Y47.365 E.01704
G1 X57.563 Y46.016 E.04484
;WIDTH:0.449704
G1 F1474.984
G1 X57.654 Y45.066 E.03229
G1 X57.745 Y44.449 E.02108
; stop printing object fidget-finger-massager-2000-rods-rod-06.stl id:0 copy 0
; printing object fidget-finger-massager-2000-rods-rod-08.stl id:0 copy 0
M204 S10000
G1 E-.8 F1800
G1 X54.644 Y44.106 Z3.2 F7200
G1 Z2.8
G1 E.8 F1800
M204 S500
;TYPE:Outer wall
;WIDTH:0.449999
G1 F1473.915
G1 X54.541 Y44.63 E.01809
G1 X54.421 Y45.542 E.03114
G1 X54.381 Y46.083 E.01837
G1 X54.381 Y47.393 E.04434
G1 X54.421 Y47.935 E.01839
G1 X54.483 Y48.467 E.01814
G1 X54.642 Y49.364 E.03084
G1 X53.806 Y49.511 E.02874
G1 X53.643 Y48.58 E.03202
G1 X53.568 Y47.914 E.02268
G1 X53.531 Y47.378 E.0182
G1 X53.54 Y45.967 E.04776
G1 X53.626 Y45.014 E.03237
G1 X53.806 Y43.958 E.03628
G1 X54.605 Y44.099 E.02745
M204 S10000
G1 E-.8 F1800
G1 X54.141 Y49.021 Z3.2 F7200
G1 Z2.8
G1 E.8 F1800
M204 S1500
;TYPE:Inner wall
;WIDTH:0.441332
G1 F1505.979
G1 X54.061 Y48.508 E.01722
;WIDTH:0.44262
G1 F1501.126
G1 X53.991 Y47.876 E.02114
;WIDTH:0.442792
G1 F1500.48
G1 X53.957 Y47.365 E.01704
G1 X53.96 Y46.016 E.04484
;WIDTH:0.449704
G1 F1474.984
G1 X54.051 Y45.066 E.03229
G1 X54.143 Y44.449 E.02108
; stop printing object fidget-finger-massager-2000-rods-rod-08.stl id:0 copy 0
M106 S245
;LAYER_CHANGE
;Z:3
;HEIGHT:0.2
G92 E0
;_SET_FAN_SPEED_CHANGING_LAYER
; printing object fidget-finger-massager-2000-rods-rod-07.stl id:0 copy 0
M204 S10000
G1 E-.8 F1800
G1 X54.63 Y52.066 Z3.4 F7200
G1 X54.644 Y52.287 Z3.4
G1 Z3
M73 P21 R13
G1 E.8 F1800
M204 S500
;TYPE:Outer wall
;WIDTH:0.449999
G1 F1473.915
G1 X54.54 Y52.822 E.01845
G1 X54.421 Y53.723 E.03075
G1 X54.381 Y54.265 E.01839
G1 X54.381 Y55.574 E.04434
G1 X54.421 Y56.117 E.01841
G1 X54.483 Y56.65 E.01816
G1 X54.642 Y57.545 E.03079
G1 X53.806 Y57.693 E.02874
G1 X53.644 Y56.768 E.03179
G1 X53.567 Y56.093 E.02298
G1 X53.531 Y55.559 E.01812
G1 X53.54 Y54.137 E.04814
G1 X53.625 Y53.2 E.03184
G1 X53.806 Y52.139 E.03643
G1 X54.605 Y52.28 E.02745
M204 S10000
G1 X54.143 Y52.631 F7200
M204 S1500
;TYPE:Inner wall
;WIDTH:0.44953
G1 F1475.615
G1 X54.051 Y53.252 E.02122
G1 X53.961 Y54.191 E.0319
;WIDTH:0.442782
G1 F1500.518
G1 X53.957 Y55.546 E.04506
G1 X53.991 Y56.055 E.01696
;WIDTH:0.442656
G1 X54.061 Y56.691 E.02125
;WIDTH:0.441274
G1 F1506.198
G1 X54.141 Y57.203 E.01717
; stop printing object fidget-finger-massager-2000-rods-rod-07.stl id:0 copy 0
; printing object fidget-finger-massager-2000-rods-rod-04.stl id:0 copy 0
M204 S10000
G1 E-.8 F1800
G1 X58.247 Y52.287 Z3.4 F7200
G1 Z3
G1 E.8 F1800
M204 S500
;TYPE:Outer wall
;WIDTH:0.449999
G1 F1473.915
G1 X58.142 Y52.822 E.01845
G1 X58.023 Y53.723 E.03075
G1 X57.984 Y54.265 E.01839
G1 X57.984 Y55.574 E.04434
G1 X58.024 Y56.117 E.01841
G1 X58.086 Y56.65 E.01816
G1 X58.245 Y57.545 E.03079
G1 X57.409 Y57.693 E.02874
G1 X57.246 Y56.768 E.03179
G1 X57.17 Y56.093 E.02298
G1 X57.134 Y55.559 E.01812
G1 X57.143 Y54.137 E.04814
G1 X57.228 Y53.2 E.03184
G1 X57.409 Y52.139 E.03643
G1 X58.208 Y52.28 E.02745
M204 S10000
G1 X57.746 Y52.631 F7200
M204 S1500
;TYPE:Inner wall
;WIDTH:0.44953
G1 F1475.615
G1 X57.653 Y53.252 E.02122
G1 X57.564 Y54.191 E.0319
;WIDTH:0.442782
G1 F1500.518
G1 X57.559 Y55.546 E.04506
G1 X57.593 Y56.055 E.01696
;WIDTH:0.442656
G1 X57.664 Y56.691 E.02125
;WIDTH:0.441274
G1 F1506.198
G1 X57.744 Y57.203 E.01717
; stop printing object fidget-finger-massager-2000-rods-rod-04.stl id:0 copy 0
; printing object fidget-finger-massager-2000-rods-rod-01.stl id:0 copy 0
M204 S10000
G1 E-.8 F1800
G1 X65.362 Y56.726 Z3.4 F7200
G1 X66.232 Y56.671 Z3.4
G1 Z3
G1 E.8 F1800
M204 S500
;TYPE:Outer wall
;WIDTH:0.449999
G1 F1473.915
G1 X66.38 Y57.507 E.02874
G1 X65.455 Y57.67 E.03179
G1 X64.78 Y57.746 E.02298
G1 X64.245 Y57.782 E.01814
G1 X62.96 Y57.782 E.04349
G1 X62.425 Y57.746 E.01816
G1 X61.888 Y57.688 E.01827
G1 X61.355 Y57.609 E.01824
G1 X60.826 Y57.506 E.01824
G1 X60.974 Y56.669 E.02876
G1 X61.509 Y56.774 E.01843
G1 X62.409 Y56.893 E.03075
G1 X62.975 Y56.932 E.01918
G1 X64.261 Y56.932 E.04354
G1 X64.803 Y56.892 E.01841
G1 X65.336 Y56.83 E.01816
G1 X66.193 Y56.678 E.02944
M204 S10000
G1 X65.89 Y57.172 F7200
M204 S1500
;TYPE:Inner wall
;WIDTH:0.441274
G1 F1506.198
G1 X65.377 Y57.252 E.01717
;WIDTH:0.442656
G1 F1500.991
G1 X64.742 Y57.323 E.02125
;WIDTH:0.442918
G1 X64.231 Y57.357 E.01703
G1 X62.975 Y57.357 E.04179
G1 X62.462 Y57.323 E.01709
;WIDTH:0.449676
G1 F1475.086
G1 X61.942 Y57.263 E.01768
G1 X61.317 Y57.169 E.02138
; stop printing object fidget-finger-massager-2000-rods-rod-01.stl id:0 copy 0
; printing object fidget-finger-massager-2000-rods-rod-02.stl id:0 copy 0
M204 S10000
G1 E-.8 F1800
G1 X66.232 Y53.068 Z3.4 F7200
G1 Z3
G1 E.8 F1800
M204 S500
;TYPE:Outer wall
;WIDTH:0.449999
G1 F1473.915
G1 X66.38 Y53.904 E.02874
G1 X65.455 Y54.067 E.03179
G1 X64.78 Y54.143 E.02298
G1 X64.245 Y54.179 E.01814
G1 X62.96 Y54.179 E.04349
G1 X62.425 Y54.143 E.01816
G1 X61.888 Y54.086 E.01827
G1 X61.355 Y54.007 E.01824
G1 X60.826 Y53.903 E.01824
G1 X60.974 Y53.066 E.02876
G1 X61.509 Y53.171 E.01843
G1 X62.409 Y53.29 E.03075
G1 X62.975 Y53.329 E.01918
G1 X64.261 Y53.329 E.04354
G1 X64.803 Y53.289 E.01841
G1 X65.336 Y53.228 E.01816
G1 X66.193 Y53.075 E.02944
M204 S10000
G1 X65.89 Y53.569 F7200
M204 S1500
;TYPE:Inner wall
;WIDTH:0.441274
G1 F1506.198
G1 X65.377 Y53.649 E.01717
;WIDTH:0.442656
G1 F1500.991
G1 X64.742 Y53.72 E.02125
;WIDTH:0.442918
G1 X64.231 Y53.754 E.01703
G1 X62.975 Y53.754 E.04179
G1 X62.462 Y53.72 E.01709
;WIDTH:0.449676
G1 F1475.086
G1 X61.942 Y53.661 E.01768
G1 X61.317 Y53.566 E.02138
; stop printing object fidget-finger-massager-2000-rods-rod-02.stl id:0 copy 0
; printing object fidget-finger-massager-2000-rods-rod-03.stl id:0 copy 0
M204 S10000
G1 E-.8 F1800
G1 X66.232 Y49.466 Z3.4 F7200
G1 Z3
G1 E.8 F1800
M204 S500
;TYPE:Outer wall
;WIDTH:0.449999
G1 F1473.915
G1 X66.38 Y50.302 E.02874
G1 X65.455 Y50.464 E.03179
G1 X64.78 Y50.54 E.02298
G1 X64.245 Y50.576 E.01814
G1 X62.96 Y50.576 E.04349
G1 X62.425 Y50.54 E.01816
G1 X61.888 Y50.483 E.01827
G1 X61.355 Y50.404 E.01824
G1 X60.826 Y50.3 E.01824
G1 X60.974 Y49.464 E.02876
G1 X61.509 Y49.568 E.01843
G1 X62.409 Y49.687 E.03075
G1 X62.975 Y49.726 E.01918
G1 X64.261 Y49.726 E.04354
G1 X64.803 Y49.687 E.01841
G1 X65.336 Y49.625 E.01816
G1 X66.193 Y49.473 E.02944
M204 S10000
G1 X65.89 Y49.966 F7200
M204 S1500
;TYPE:Inner wall
;WIDTH:0.441274
G1 F1506.198
G1 X65.377 Y50.047 E.01717
;WIDTH:0.442656
G1 F1500.991
G1 X64.742 Y50.117 E.02125
;WIDTH:0.442918
G1 X64.231 Y50.151 E.01703
G1 X62.975 Y50.151 E.04179
G1 X62.462 Y50.117 E.01709
;WIDTH:0.449676
G1 F1475.086
G1 X61.942 Y50.058 E.01768
G1 X61.317 Y49.964 E.02138
; stop printing object fidget-finger-massager-2000-rods-rod-03.stl id:0 copy 0
; printing object fidget-finger-massager-2000-rods-rod-05.stl id:0 copy 0
M204 S10000
G1 E-.8 F1800
G1 X66.232 Y45.863 Z3.4 F7200
G1 Z3
G1 E.8 F1800
M204 S500
;TYPE:Outer wall
;WIDTH:0.449999
G1 F1473.915
G1 X66.38 Y46.699 E.02874
G1 X65.455 Y46.861 E.03179
G1 X64.78 Y46.938 E.02298
G1 X64.245 Y46.974 E.01814
G1 X62.96 Y46.974 E.04349
G1 X62.425 Y46.938 E.01816
G1 X61.888 Y46.88 E.01827
G1 X61.355 Y46.801 E.01824
G1 X60.826 Y46.698 E.01824
G1 X60.974 Y45.861 E.02876
G1 X61.509 Y45.965 E.01843
G1 X62.409 Y46.084 E.03075
G1 X62.975 Y46.124 E.01918
G1 X64.261 Y46.124 E.04354
G1 X64.803 Y46.084 E.01841
G1 X65.336 Y46.022 E.01816
G1 X66.193 Y45.87 E.02944
M204 S10000
G1 X65.89 Y46.364 F7200
M204 S1500
;TYPE:Inner wall
;WIDTH:0.441274
G1 F1506.198
G1 X65.377 Y46.444 E.01717
;WIDTH:0.442656
G1 F1500.991
G1 X64.742 Y46.514 E.02125
;WIDTH:0.442918
G1 X64.231 Y46.549 E.01703
G1 X62.975 Y46.549 E.04179
G1 X62.462 Y46.514 E.01709
;WIDTH:0.449676
G1 F1475.086
G1 X61.942 Y46.455 E.01768
G1 X61.317 Y46.361 E.02138
; stop printing object fidget-finger-massager-2000-rods-rod-05.stl id:0 copy 0
; printing object fidget-finger-massager-2000-rods-rod-09.stl id:0 copy 0
M204 S10000
G1 E-.8 F1800
G1 X66.188 Y42.26 Z3.4 F7200
G1 Z3
G1 E.8 F1800
M204 S500
;TYPE:Outer wall
;WIDTH:0.449999
G1 F1473.915
G1 X66.336 Y43.096 E.02874
G1 X65.411 Y43.259 E.03179
G1 X64.736 Y43.335 E.02298
G1 X64.201 Y43.371 E.01814
G1 X62.916 Y43.371 E.04349
G1 X62.381 Y43.335 E.01816
G1 X61.844 Y43.277 E.01827
G1 X61.311 Y43.198 E.01824
G1 X60.782 Y43.095 E.01824
G1 X60.931 Y42.258 E.02876
G1 X61.465 Y42.363 E.01843
G1 X62.365 Y42.482 E.03075
G1 X62.931 Y42.521 E.01918
G1 X64.217 Y42.521 E.04354
G1 X64.759 Y42.481 E.01841
G1 X65.292 Y42.419 E.01816
G1 X66.149 Y42.267 E.02944
M204 S10000
G1 X65.846 Y42.761 F7200
M204 S1500
;TYPE:Inner wall
;WIDTH:0.441274
G1 F1506.198
G1 X65.334 Y42.841 E.01717
;WIDTH:0.442656
G1 F1500.991
G1 X64.698 Y42.912 E.02125
;WIDTH:0.442918
G1 X64.187 Y42.946 E.01703
G1 X62.931 Y42.946 E.04179
G1 X62.418 Y42.912 E.01709
;WIDTH:0.449676
G1 F1475.086
G1 X61.899 Y42.852 E.01768
G1 X61.273 Y42.758 E.02138
; stop printing object fidget-finger-massager-2000-rods-rod-09.stl id:0 copy 0
; printing object fidget-finger-massager-2000-rods-rod-06.stl id:0 copy 0
M204 S10000
G1 E-.8 F1800
G1 X58.247 Y44.106 Z3.4 F7200
G1 Z3
G1 E.8 F1800
M204 S500
;TYPE:Outer wall
;WIDTH:0.449999
G1 F1473.915
G1 X58.142 Y44.641 E.01845
G1 X58.023 Y45.541 E.03075
G1 X57.984 Y46.083 E.01839
G1 X57.984 Y47.393 E.04434
G1 X58.024 Y47.935 E.01841
G1 X58.086 Y48.468 E.01816
G1 X58.245 Y49.364 E.03079
G1 X57.409 Y49.511 E.02874
G1 X57.246 Y48.586 E.03179
G1 X57.17 Y47.912 E.02298
G1 X57.134 Y47.378 E.01812
G1 X57.143 Y45.956 E.04814
G1 X57.228 Y45.019 E.03184
G1 X57.409 Y43.958 E.03643
G1 X58.208 Y44.099 E.02745
M204 S10000
G1 X57.746 Y44.45 F7200
M204 S1500
;TYPE:Inner wall
;WIDTH:0.44953
G1 F1475.615
G1 X57.653 Y45.07 E.02122
G1 X57.564 Y46.01 E.0319
;WIDTH:0.442782
G1 F1500.518
G1 X57.559 Y47.365 E.04506
G1 X57.593 Y47.874 E.01696
;WIDTH:0.442656
G1 X57.664 Y48.509 E.02125
;WIDTH:0.441274
G1 F1506.198
G1 X57.744 Y49.022 E.01717
; stop printing object fidget-finger-massager-2000-rods-rod-06.stl id:0 copy 0
; printing object fidget-finger-massager-2000-rods-rod-08.stl id:0 copy 0
M204 S10000
G1 E-.8 F1800
G1 X54.644 Y44.106 Z3.4 F7200
G1 Z3
G1 E.8 F1800
M204 S500
;TYPE:Outer wall
;WIDTH:0.449999
G1 F1473.915
G1 X54.54 Y44.641 E.01845
G1 X54.421 Y45.541 E.03075
G1 X54.381 Y46.083 E.01839
G1 X54.381 Y47.393 E.04434
G1 X54.421 Y47.935 E.01841
G1 X54.483 Y48.468 E.01816
G1 X54.642 Y49.364 E.03079
G1 X53.806 Y49.511 E.02874
G1 X53.644 Y48.586 E.03179
G1 X53.567 Y47.912 E.02298
G1 X53.531 Y47.378 E.01812
G1 X53.54 Y45.956 E.04814
G1 X53.625 Y45.019 E.03184
G1 X53.806 Y43.958 E.03643
G1 X54.605 Y44.099 E.02745
M204 S10000
G1 X54.143 Y44.45 F7200
M204 S1500
;TYPE:Inner wall
;WIDTH:0.44953
G1 F1475.615
G1 X54.051 Y45.07 E.02122
G1 X53.961 Y46.01 E.0319
;WIDTH:0.442782
G1 F1500.518
G1 X53.957 Y47.365 E.04506
G1 X53.991 Y47.874 E.01696
;WIDTH:0.442656
G1 X54.061 Y48.509 E.02125
;WIDTH:0.441274
G1 F1506.198
G1 X54.141 Y49.022 E.01717
; stop printing object fidget-finger-massager-2000-rods-rod-08.stl id:0 copy 0
M106 S242
;LAYER_CHANGE
;Z:3.2
;HEIGHT:0.2
G92 E0
;_SET_FAN_SPEED_CHANGING_LAYER
; printing object fidget-finger-massager-2000-rods-rod-07.stl id:0 copy 0
M204 S10000
G1 E-.8 F1800
G1 X54.644 Y52.287 Z3.6 F7200
G1 Z3.2
G1 E.8 F1800
M204 S500
;TYPE:Outer wall
;WIDTH:0.449999
G1 F1473.915
G1 X54.538 Y52.833 E.01882
G1 X54.421 Y53.722 E.03036
G1 X54.381 Y54.265 E.01841
G1 X54.381 Y55.574 E.04434
G1 X54.421 Y56.117 E.01843
G1 X54.483 Y56.651 E.01818
G1 X54.642 Y57.545 E.03075
G1 X53.806 Y57.693 E.02874
G1 X53.728 Y57.306 E.01337
G1 X53.624 Y56.626 E.02327
G1 X53.567 Y56.092 E.01818
G1 X53.531 Y55.559 E.01807
G1 X53.541 Y54.126 E.04852
G1 X53.625 Y53.205 E.03132
G1 X53.806 Y52.139 E.03658
G1 X54.605 Y52.28 E.02746
M73 P22 R13
M204 S10000
G1 E-.8 F1800
G1 X54.142 Y57.203 Z3.6 F7200
G1 Z3.2
G1 E.8 F1800
M204 S1500
;TYPE:Inner wall
;WIDTH:0.442924
G1 F1499.985
G1 X54.046 Y56.571 E.02126
G1 X53.991 Y56.055 E.01726
;WIDTH:0.442774
G1 F1500.548
G1 X53.957 Y55.547 E.01694
G1 X53.961 Y54.185 E.04528
;WIDTH:0.449356
G1 F1476.247
G1 X54.05 Y53.256 E.03151
G1 X54.143 Y52.631 E.02136
; stop printing object fidget-finger-massager-2000-rods-rod-07.stl id:0 copy 0
; printing object fidget-finger-massager-2000-rods-rod-04.stl id:0 copy 0
M204 S10000
G1 E-.8 F1800
G1 X58.247 Y52.287 Z3.6 F7200
G1 Z3.2
G1 E.8 F1800
M204 S500
;TYPE:Outer wall
;WIDTH:0.449999
G1 F1473.915
G1 X58.141 Y52.833 E.01882
G1 X58.023 Y53.722 E.03036
G1 X57.984 Y54.265 E.01841
G1 X57.984 Y55.574 E.04434
G1 X58.024 Y56.117 E.01843
G1 X58.086 Y56.651 E.01818
G1 X58.245 Y57.545 E.03075
G1 X57.409 Y57.693 E.02874
G1 X57.331 Y57.306 E.01337
G1 X57.227 Y56.626 E.02327
G1 X57.17 Y56.092 E.01818
G1 X57.134 Y55.559 E.01807
G1 X57.144 Y54.126 E.04852
G1 X57.227 Y53.205 E.03132
G1 X57.409 Y52.139 E.03658
G1 X58.208 Y52.28 E.02746
M204 S10000
G1 E-.8 F1800
G1 X57.744 Y57.203 Z3.6 F7200
G1 Z3.2
G1 E.8 F1800
M204 S1500
;TYPE:Inner wall
;WIDTH:0.442924
G1 F1499.985
G1 X57.649 Y56.571 E.02126
G1 X57.593 Y56.055 E.01726
;WIDTH:0.442774
G1 F1500.548
G1 X57.559 Y55.547 E.01694
G1 X57.564 Y54.185 E.04528
;WIDTH:0.449356
G1 F1476.247
G1 X57.653 Y53.256 E.03151
G1 X57.746 Y52.631 E.02136
; stop printing object fidget-finger-massager-2000-rods-rod-04.stl id:0 copy 0
; printing object fidget-finger-massager-2000-rods-rod-01.stl id:0 copy 0
M204 S10000
G1 E-.8 F1800
G1 X64.638 Y55.911 Z3.6 F7200
G1 X66.232 Y56.669 Z3.6
G1 Z3.2
G1 E.8 F1800
M204 S500
;TYPE:Outer wall
;WIDTH:0.449999
G1 F1473.915
G1 X66.379 Y57.507 E.02881
G1 X65.992 Y57.585 E.01335
G1 X65.312 Y57.689 E.02327
G1 X64.779 Y57.746 E.01818
G1 X64.245 Y57.782 E.01809
G1 X62.96 Y57.782 E.04349
G1 X62.427 Y57.746 E.01809
G1 X61.893 Y57.689 E.0182
G1 X61.361 Y57.61 E.01817
G1 X60.826 Y57.506 E.01846
G1 X60.973 Y56.671 E.02869
G1 X61.875 Y56.831 E.03101
G1 X62.409 Y56.893 E.01818
G1 X62.975 Y56.932 E.01918
G1 X64.263 Y56.932 E.0436
G1 X65.201 Y56.84 E.03192
G1 X65.697 Y56.774 E.01693
G1 X66.192 Y56.677 E.01708
M204 S10000
G1 X65.887 Y57.17 F7200
M204 S1500
;TYPE:Inner wall
;WIDTH:0.444708
G1 F1493.325
G1 X65.753 Y57.193 E.00454
;WIDTH:0.44946
G1 F1475.869
G1 X64.742 Y57.323 E.03448
;WIDTH:0.442918
G1 F1500.007
G1 X64.231 Y57.357 E.01702
G1 X62.948 Y57.357 E.04267
G1 X62.353 Y57.313 E.01986
;WIDTH:0.439482
G1 F1513.004
G1 X61.827 Y57.251 E.01746
;WIDTH:0.439158
G1 F1514.241
G1 X61.315 Y57.17 E.01708
; stop printing object fidget-finger-massager-2000-rods-rod-01.stl id:0 copy 0
; printing object fidget-finger-massager-2000-rods-rod-02.stl id:0 copy 0
M204 S10000
G1 E-.8 F1800
G1 X66.232 Y53.066 Z3.6 F7200
G1 Z3.2
G1 E.8 F1800
M204 S500
;TYPE:Outer wall
;WIDTH:0.449999
G1 F1473.915
G1 X66.379 Y53.905 E.02881
G1 X65.992 Y53.982 E.01335
G1 X65.312 Y54.086 E.02327
G1 X64.779 Y54.143 E.01818
G1 X64.245 Y54.179 E.01809
G1 X62.96 Y54.179 E.04349
G1 X62.427 Y54.143 E.01809
G1 X61.893 Y54.086 E.0182
G1 X61.361 Y54.008 E.01817
G1 X60.826 Y53.903 E.01846
G1 X60.973 Y53.068 E.02869
G1 X61.875 Y53.228 E.03101
G1 X62.409 Y53.29 E.01818
G1 X62.975 Y53.329 E.01918
G1 X64.263 Y53.329 E.0436
G1 X65.201 Y53.237 E.03192
G1 X65.697 Y53.171 E.01693
G1 X66.192 Y53.074 E.01708
M204 S10000
G1 X65.887 Y53.568 F7200
M204 S1500
;TYPE:Inner wall
;WIDTH:0.444708
G1 F1493.325
G1 X65.753 Y53.591 E.00454
;WIDTH:0.44946
G1 F1475.869
G1 X64.742 Y53.72 E.03448
;WIDTH:0.442918
G1 F1500.007
G1 X64.231 Y53.754 E.01702
G1 X62.948 Y53.754 E.04267
G1 X62.353 Y53.71 E.01986
;WIDTH:0.439482
G1 F1513.004
G1 X61.827 Y53.649 E.01746
;WIDTH:0.439158
G1 F1514.241
G1 X61.315 Y53.568 E.01708
; stop printing object fidget-finger-massager-2000-rods-rod-02.stl id:0 copy 0
; printing object fidget-finger-massager-2000-rods-rod-03.stl id:0 copy 0
M204 S10000
G1 E-.8 F1800
G1 X66.232 Y49.463 Z3.6 F7200
G1 Z3.2
G1 E.8 F1800
M204 S500
;TYPE:Outer wall
;WIDTH:0.449999
G1 F1473.915
G1 X66.379 Y50.302 E.02881
G1 X65.992 Y50.38 E.01335
G1 X65.312 Y50.483 E.02327
G1 X64.779 Y50.541 E.01818
G1 X64.245 Y50.576 E.01809
G1 X62.96 Y50.576 E.04349
G1 X62.427 Y50.541 E.01809
G1 X61.893 Y50.483 E.0182
G1 X61.361 Y50.405 E.01817
G1 X60.826 Y50.3 E.01846
G1 X60.973 Y49.466 E.02869
G1 X61.875 Y49.626 E.03101
G1 X62.409 Y49.687 E.01818
G1 X62.975 Y49.726 E.01918
G1 X64.263 Y49.726 E.0436
G1 X65.201 Y49.634 E.03192
G1 X65.697 Y49.568 E.01693
G1 X66.192 Y49.471 E.01708
M204 S10000
G1 X65.887 Y49.965 F7200
M204 S1500
;TYPE:Inner wall
;WIDTH:0.444708
G1 F1493.325
G1 X65.753 Y49.988 E.00454
;WIDTH:0.44946
G1 F1475.869
G1 X64.742 Y50.117 E.03448
;WIDTH:0.442918
G1 F1500.007
G1 X64.231 Y50.151 E.01702
G1 X62.948 Y50.151 E.04267
G1 X62.353 Y50.107 E.01986
;WIDTH:0.439482
G1 F1513.004
G1 X61.827 Y50.046 E.01746
;WIDTH:0.439158
G1 F1514.241
G1 X61.315 Y49.965 E.01708
; stop printing object fidget-finger-massager-2000-rods-rod-03.stl id:0 copy 0
; printing object fidget-finger-massager-2000-rods-rod-05.stl id:0 copy 0
M204 S10000
G1 E-.8 F1800
G1 X66.232 Y45.861 Z3.6 F7200
G1 Z3.2
G1 E.8 F1800
M204 S500
;TYPE:Outer wall
;WIDTH:0.449999
G1 F1473.915
G1 X66.379 Y46.699 E.02881
G1 X65.992 Y46.777 E.01335
G1 X65.312 Y46.881 E.02327
G1 X64.779 Y46.938 E.01818
G1 X64.245 Y46.974 E.01809
G1 X62.96 Y46.974 E.04349
G1 X62.427 Y46.938 E.01809
G1 X61.893 Y46.881 E.0182
G1 X61.361 Y46.802 E.01817
G1 X60.826 Y46.698 E.01846
G1 X60.973 Y45.863 E.02869
G1 X61.875 Y46.023 E.03101
G1 X62.409 Y46.084 E.01818
G1 X62.975 Y46.124 E.01918
G1 X64.263 Y46.124 E.0436
G1 X65.201 Y46.031 E.03192
G1 X65.697 Y45.965 E.01693
G1 X66.192 Y45.868 E.01708
M204 S10000
G1 X65.887 Y46.362 F7200
M204 S1500
;TYPE:Inner wall
;WIDTH:0.444708
G1 F1493.325
G1 X65.753 Y46.385 E.00454
;WIDTH:0.44946
G1 F1475.869
G1 X64.742 Y46.514 E.03448
;WIDTH:0.442918
G1 F1500.007
G1 X64.231 Y46.549 E.01702
G1 X62.948 Y46.549 E.04267
G1 X62.353 Y46.504 E.01986
;WIDTH:0.439482
G1 F1513.004
G1 X61.827 Y46.443 E.01746
;WIDTH:0.439158
G1 F1514.241
G1 X61.315 Y46.362 E.01708
; stop printing object fidget-finger-massager-2000-rods-rod-05.stl id:0 copy 0
; printing object fidget-finger-massager-2000-rods-rod-09.stl id:0 copy 0
M204 S10000
G1 E-.8 F1800
G1 X66.188 Y42.258 Z3.6 F7200
G1 Z3.2
G1 E.8 F1800
M204 S500
;TYPE:Outer wall
;WIDTH:0.449999
G1 F1473.915
G1 X66.335 Y43.096 E.02881
G1 X65.948 Y43.174 E.01335
G1 X65.269 Y43.278 E.02327
G1 X64.735 Y43.335 E.01818
G1 X64.201 Y43.371 E.01809
G1 X62.916 Y43.371 E.04349
G1 X62.383 Y43.335 E.01809
G1 X61.849 Y43.278 E.0182
G1 X61.318 Y43.199 E.01817
G1 X60.782 Y43.095 E.01846
G1 X60.93 Y42.26 E.02869
G1 X61.832 Y42.42 E.03101
G1 X62.365 Y42.482 E.01818
G1 X62.931 Y42.521 E.01918
G1 X64.219 Y42.521 E.0436
G1 X65.157 Y42.428 E.03192
G1 X65.653 Y42.362 E.01693
G1 X66.148 Y42.266 E.01708
M204 S10000
G1 X65.843 Y42.759 F7200
M204 S1500
;TYPE:Inner wall
;WIDTH:0.444708
G1 F1493.325
G1 X65.71 Y42.782 E.00454
;WIDTH:0.44946
G1 F1475.869
G1 X64.698 Y42.912 E.03448
;WIDTH:0.442918
G1 F1500.007
G1 X64.187 Y42.946 E.01702
G1 X62.904 Y42.946 E.04267
G1 X62.309 Y42.901 E.01986
;WIDTH:0.439482
G1 F1513.004
G1 X61.783 Y42.84 E.01746
;WIDTH:0.439158
G1 F1514.241
G1 X61.271 Y42.759 E.01708
; stop printing object fidget-finger-massager-2000-rods-rod-09.stl id:0 copy 0
; printing object fidget-finger-massager-2000-rods-rod-06.stl id:0 copy 0
M204 S10000
G1 E-.8 F1800
G1 X58.247 Y44.106 Z3.6 F7200
G1 Z3.2
G1 E.8 F1800
M204 S500
;TYPE:Outer wall
;WIDTH:0.449999
G1 F1473.915
G1 X58.141 Y44.651 E.01882
G1 X58.023 Y45.541 E.03036
G1 X57.984 Y46.083 E.01841
G1 X57.984 Y47.393 E.04434
G1 X58.024 Y47.936 E.01843
G1 X58.086 Y48.469 E.01818
G1 X58.245 Y49.364 E.03075
G1 X57.409 Y49.511 E.02874
G1 X57.331 Y49.124 E.01337
G1 X57.227 Y48.444 E.02327
G1 X57.17 Y47.91 E.01818
G1 X57.134 Y47.378 E.01807
G1 X57.144 Y45.945 E.04852
G1 X57.227 Y45.023 E.03132
G1 X57.409 Y43.958 E.03658
G1 X58.208 Y44.099 E.02746
M204 S10000
G1 E-.8 F1800
G1 X57.744 Y49.022 Z3.6 F7200
G1 Z3.2
G1 E.8 F1800
M204 S1500
;TYPE:Inner wall
;WIDTH:0.442924
G1 F1499.985
G1 X57.649 Y48.39 E.02126
G1 X57.593 Y47.873 E.01726
;WIDTH:0.442774
G1 F1500.548
G1 X57.559 Y47.365 E.01694
G1 X57.564 Y46.003 E.04528
;WIDTH:0.449356
G1 F1476.247
G1 X57.653 Y45.075 E.03151
G1 X57.746 Y44.45 E.02136
; stop printing object fidget-finger-massager-2000-rods-rod-06.stl id:0 copy 0
; printing object fidget-finger-massager-2000-rods-rod-08.stl id:0 copy 0
M204 S10000
G1 E-.8 F1800
G1 X54.644 Y44.106 Z3.6 F7200
G1 Z3.2
G1 E.8 F1800
M204 S500
;TYPE:Outer wall
;WIDTH:0.449999
G1 F1473.915
G1 X54.538 Y44.651 E.01882
G1 X54.421 Y45.541 E.03036
G1 X54.381 Y46.083 E.01841
G1 X54.381 Y47.393 E.04434
G1 X54.421 Y47.936 E.01843
G1 X54.483 Y48.469 E.01818
G1 X54.642 Y49.364 E.03075
G1 X53.806 Y49.511 E.02874
G1 X53.728 Y49.124 E.01337
G1 X53.624 Y48.444 E.02327
G1 X53.567 Y47.91 E.01818
G1 X53.531 Y47.378 E.01807
G1 X53.541 Y45.945 E.04852
G1 X53.625 Y45.023 E.03132
G1 X53.806 Y43.958 E.03658
G1 X54.605 Y44.099 E.02746
M204 S10000
G1 E-.8 F1800
G1 X54.142 Y49.022 Z3.6 F7200
G1 Z3.2
G1 E.8 F1800
M204 S1500
;TYPE:Inner wall
;WIDTH:0.442924
G1 F1499.985
G1 X54.046 Y48.39 E.02126
G1 X53.991 Y47.873 E.01726
;WIDTH:0.442774
G1 F1500.548
G1 X53.957 Y47.365 E.01694
G1 X53.961 Y46.003 E.04528
;WIDTH:0.449356
G1 F1476.247
G1 X54.05 Y45.075 E.03151
G1 X54.143 Y44.45 E.02136
; stop printing object fidget-finger-massager-2000-rods-rod-08.stl id:0 copy 0
;LAYER_CHANGE
;Z:3.4
;HEIGHT:0.2
G92 E0
;_SET_FAN_SPEED_CHANGING_LAYER
; printing object fidget-finger-massager-2000-rods-rod-07.stl id:0 copy 0
M204 S10000
G1 E-.8 F1800
G1 X54.63 Y52.067 Z3.8 F7200
G1 X54.644 Y52.287 Z3.8
G1 Z3.4
G1 E.8 F1800
M204 S500
;TYPE:Outer wall
;WIDTH:0.449999
G1 F1473.915
G1 X54.536 Y52.844 E.01919
G1 X54.421 Y53.722 E.02997
M73 P23 R13
G1 X54.381 Y54.265 E.01843
G1 X54.381 Y55.574 E.04434
G1 X54.421 Y56.118 E.01845
G1 X54.483 Y56.652 E.01821
G1 X54.642 Y57.545 E.03071
G1 X53.806 Y57.693 E.02874
G1 X53.729 Y57.31 E.01322
G1 X53.624 Y56.622 E.02358
G1 X53.567 Y56.09 E.0181
G1 X53.531 Y55.559 E.01799
G1 X53.542 Y54.115 E.04889
G1 X53.624 Y53.209 E.03079
G1 X53.806 Y52.139 E.03672
G1 X54.605 Y52.28 E.02746
M204 S10000
G1 E-.8 F1800
G1 X54.142 Y57.203 Z3.8 F7200
G1 Z3.4
G1 E.8 F1800
M204 S1500
;TYPE:Inner wall
;WIDTH:0.442972
G1 F1499.805
G1 X54.046 Y56.567 E.02141
G1 X53.99 Y56.053 E.01719
;WIDTH:0.442764
G1 F1500.585
G1 X53.957 Y55.547 E.01687
G1 X53.961 Y54.178 E.04551
;WIDTH:0.449178
G1 F1476.894
G1 X54.049 Y53.261 E.03113
G1 X54.143 Y52.631 E.02149
; stop printing object fidget-finger-massager-2000-rods-rod-07.stl id:0 copy 0
; printing object fidget-finger-massager-2000-rods-rod-04.stl id:0 copy 0
M204 S10000
G1 E-.8 F1800
G1 X58.247 Y52.287 Z3.8 F7200
G1 Z3.4
G1 E.8 F1800
M204 S500
;TYPE:Outer wall
;WIDTH:0.449999
G1 F1473.915
G1 X58.139 Y52.844 E.01919
G1 X58.023 Y53.722 E.02997
G1 X57.984 Y54.265 E.01843
G1 X57.984 Y55.574 E.04434
G1 X58.024 Y56.118 E.01845
G1 X58.086 Y56.652 E.01821
G1 X58.245 Y57.545 E.03071
G1 X57.409 Y57.693 E.02874
G1 X57.332 Y57.31 E.01322
G1 X57.227 Y56.622 E.02358
G1 X57.17 Y56.09 E.0181
G1 X57.134 Y55.559 E.01799
G1 X57.145 Y54.115 E.04889
G1 X57.227 Y53.209 E.03079
G1 X57.409 Y52.139 E.03672
G1 X58.208 Y52.28 E.02746
M204 S10000
G1 E-.8 F1800
G1 X57.744 Y57.203 Z3.8 F7200
G1 Z3.4
G1 E.8 F1800
M204 S1500
;TYPE:Inner wall
;WIDTH:0.442972
G1 F1499.805
G1 X57.648 Y56.567 E.02141
G1 X57.593 Y56.053 E.01719
;WIDTH:0.442764
G1 F1500.585
G1 X57.559 Y55.547 E.01687
G1 X57.564 Y54.178 E.04551
;WIDTH:0.449178
G1 F1476.894
G1 X57.652 Y53.261 E.03113
G1 X57.746 Y52.631 E.02149
; stop printing object fidget-finger-massager-2000-rods-rod-04.stl id:0 copy 0
; printing object fidget-finger-massager-2000-rods-rod-01.stl id:0 copy 0
M204 S10000
G1 E-.8 F1800
G1 X64.638 Y55.912 Z3.8 F7200
G1 X66.232 Y56.671 Z3.8
G1 Z3.4
G1 E.8 F1800
M204 S500
;TYPE:Outer wall
;WIDTH:0.449999
G1 F1473.915
G1 X66.38 Y57.507 E.02874
G1 X65.997 Y57.584 E.01322
G1 X65.308 Y57.689 E.02358
G1 X64.776 Y57.746 E.0181
G1 X64.245 Y57.782 E.01802
G1 X62.96 Y57.782 E.04349
G1 X62.429 Y57.746 E.01802
G1 X61.897 Y57.689 E.01812
G1 X61.368 Y57.611 E.0181
G1 X60.826 Y57.506 E.01867
G1 X60.975 Y56.669 E.02877
G1 X61.53 Y56.777 E.01916
G1 X62.408 Y56.893 E.02997
G1 X62.975 Y56.932 E.01922
G1 X64.261 Y56.932 E.04355
G1 X64.805 Y56.892 E.01845
G1 X65.339 Y56.83 E.01821
G1 X66.193 Y56.678 E.02935
M204 S10000
G1 X65.89 Y57.172 F7200
M204 S1500
;TYPE:Inner wall
;WIDTH:0.442972
G1 F1499.805
G1 X65.253 Y57.268 E.02141
G1 X64.74 Y57.323 E.01719
G1 X64.231 Y57.357 E.01695
G1 X62.975 Y57.357 E.0418
G1 X62.466 Y57.323 E.01695
;WIDTH:0.449328
G1 F1476.349
G1 X61.951 Y57.265 E.01752
G1 X61.318 Y57.169 E.02164
; stop printing object fidget-finger-massager-2000-rods-rod-01.stl id:0 copy 0
; printing object fidget-finger-massager-2000-rods-rod-02.stl id:0 copy 0
M204 S10000
G1 E-.8 F1800
G1 X66.232 Y53.068 Z3.8 F7200
G1 Z3.4
G1 E.8 F1800
M204 S500
;TYPE:Outer wall
;WIDTH:0.449999
G1 F1473.915
G1 X66.38 Y53.904 E.02874
G1 X65.997 Y53.982 E.01322
G1 X65.308 Y54.087 E.02358
G1 X64.776 Y54.144 E.0181
G1 X64.245 Y54.179 E.01802
G1 X62.96 Y54.179 E.04349
G1 X62.429 Y54.144 E.01802
G1 X61.897 Y54.087 E.01812
G1 X61.368 Y54.009 E.0181
G1 X60.826 Y53.903 E.01867
G1 X60.975 Y53.066 E.02877
G1 X61.53 Y53.174 E.01916
G1 X62.408 Y53.29 E.02997
G1 X62.975 Y53.329 E.01922
G1 X64.261 Y53.329 E.04355
G1 X64.805 Y53.289 E.01845
G1 X65.339 Y53.227 E.01821
G1 X66.193 Y53.075 E.02935
M204 S10000
G1 X65.89 Y53.569 F7200
M204 S1500
;TYPE:Inner wall
;WIDTH:0.442972
G1 F1499.805
G1 X65.253 Y53.665 E.02141
G1 X64.74 Y53.72 E.01719
G1 X64.231 Y53.754 E.01695
G1 X62.975 Y53.754 E.0418
G1 X62.466 Y53.72 E.01695
;WIDTH:0.449328
G1 F1476.349
G1 X61.951 Y53.662 E.01752
G1 X61.318 Y53.566 E.02164
; stop printing object fidget-finger-massager-2000-rods-rod-02.stl id:0 copy 0
; printing object fidget-finger-massager-2000-rods-rod-03.stl id:0 copy 0
M204 S10000
G1 E-.8 F1800
G1 X66.232 Y49.466 Z3.8 F7200
G1 Z3.4
G1 E.8 F1800
M204 S500
;TYPE:Outer wall
;WIDTH:0.449999
G1 F1473.915
G1 X66.38 Y50.302 E.02874
G1 X65.997 Y50.379 E.01322
G1 X65.308 Y50.484 E.02358
G1 X64.776 Y50.541 E.0181
G1 X64.245 Y50.576 E.01802
G1 X62.96 Y50.576 E.04349
G1 X62.429 Y50.541 E.01802
G1 X61.897 Y50.484 E.01812
G1 X61.368 Y50.406 E.0181
G1 X60.826 Y50.3 E.01867
G1 X60.975 Y49.464 E.02877
G1 X61.53 Y49.572 E.01916
G1 X62.408 Y49.687 E.02997
G1 X62.975 Y49.726 E.01922
G1 X64.261 Y49.726 E.04355
G1 X64.805 Y49.686 E.01845
G1 X65.339 Y49.624 E.01821
G1 X66.193 Y49.473 E.02935
M204 S10000
G1 X65.89 Y49.966 F7200
M204 S1500
;TYPE:Inner wall
;WIDTH:0.442972
G1 F1499.805
G1 X65.253 Y50.062 E.02141
G1 X64.74 Y50.117 E.01719
G1 X64.231 Y50.151 E.01695
G1 X62.975 Y50.151 E.0418
G1 X62.466 Y50.117 E.01695
;WIDTH:0.449328
G1 F1476.349
G1 X61.951 Y50.059 E.01752
G1 X61.318 Y49.963 E.02164
; stop printing object fidget-finger-massager-2000-rods-rod-03.stl id:0 copy 0
; printing object fidget-finger-massager-2000-rods-rod-05.stl id:0 copy 0
M204 S10000
G1 E-.8 F1800
G1 X66.232 Y45.863 Z3.8 F7200
G1 Z3.4
G1 E.8 F1800
M204 S500
;TYPE:Outer wall
;WIDTH:0.449999
G1 F1473.915
G1 X66.38 Y46.699 E.02874
G1 X65.997 Y46.776 E.01322
G1 X65.308 Y46.881 E.02358
G1 X64.776 Y46.938 E.0181
G1 X64.245 Y46.974 E.01802
G1 X62.96 Y46.974 E.04349
G1 X62.429 Y46.938 E.01802
G1 X61.897 Y46.881 E.01812
G1 X61.368 Y46.803 E.0181
G1 X60.826 Y46.698 E.01867
G1 X60.975 Y45.861 E.02877
G1 X61.53 Y45.969 E.01916
G1 X62.408 Y46.084 E.02997
G1 X62.975 Y46.124 E.01922
G1 X64.261 Y46.124 E.04355
G1 X64.805 Y46.084 E.01845
G1 X65.339 Y46.022 E.01821
G1 X66.193 Y45.87 E.02935
M204 S10000
G1 X65.89 Y46.363 F7200
M204 S1500
;TYPE:Inner wall
;WIDTH:0.442972
G1 F1499.805
G1 X65.253 Y46.46 E.02141
G1 X64.74 Y46.515 E.01719
G1 X64.231 Y46.549 E.01695
G1 X62.975 Y46.549 E.0418
G1 X62.466 Y46.515 E.01695
;WIDTH:0.449328
G1 F1476.349
G1 X61.951 Y46.456 E.01752
G1 X61.318 Y46.361 E.02164
; stop printing object fidget-finger-massager-2000-rods-rod-05.stl id:0 copy 0
; printing object fidget-finger-massager-2000-rods-rod-09.stl id:0 copy 0
M204 S10000
G1 E-.8 F1800
G1 X66.188 Y42.26 Z3.8 F7200
G1 Z3.4
G1 E.8 F1800
M204 S500
;TYPE:Outer wall
;WIDTH:0.449999
G1 F1473.915
G1 X66.336 Y43.096 E.02874
G1 X65.953 Y43.173 E.01322
G1 X65.264 Y43.278 E.02358
G1 X64.732 Y43.335 E.0181
G1 X64.201 Y43.371 E.01802
G1 X62.916 Y43.371 E.04349
G1 X62.385 Y43.335 E.01802
G1 X61.853 Y43.278 E.01812
G1 X61.324 Y43.2 E.0181
G1 X60.782 Y43.095 E.01867
G1 X60.931 Y42.258 E.02877
G1 X61.486 Y42.366 E.01916
G1 X62.364 Y42.482 E.02997
G1 X62.931 Y42.521 E.01922
G1 X64.217 Y42.521 E.04355
G1 X64.761 Y42.481 E.01845
G1 X65.295 Y42.419 E.01821
G1 X66.149 Y42.267 E.02935
M204 S10000
G1 X65.846 Y42.761 F7200
M204 S1500
;TYPE:Inner wall
;WIDTH:0.442972
G1 F1499.805
G1 X65.21 Y42.857 E.02141
G1 X64.696 Y42.912 E.01719
G1 X64.187 Y42.946 E.01695
G1 X62.931 Y42.946 E.0418
G1 X62.422 Y42.912 E.01695
;WIDTH:0.449328
G1 F1476.349
G1 X61.907 Y42.853 E.01752
G1 X61.274 Y42.758 E.02164
; stop printing object fidget-finger-massager-2000-rods-rod-09.stl id:0 copy 0
; printing object fidget-finger-massager-2000-rods-rod-06.stl id:0 copy 0
M204 S10000
G1 E-.8 F1800
G1 X58.247 Y44.106 Z3.8 F7200
G1 Z3.4
G1 E.8 F1800
M204 S500
;TYPE:Outer wall
;WIDTH:0.449999
G1 F1473.915
G1 X58.139 Y44.662 E.01919
G1 X58.023 Y45.54 E.02997
G1 X57.984 Y46.083 E.01843
G1 X57.984 Y47.393 E.04434
G1 X58.024 Y47.937 E.01845
G1 X58.086 Y48.471 E.01821
G1 X58.245 Y49.364 E.03071
G1 X57.409 Y49.511 E.02874
G1 X57.332 Y49.129 E.01322
G1 X57.227 Y48.44 E.02358
G1 X57.17 Y47.908 E.0181
G1 X57.134 Y47.378 E.01799
G1 X57.145 Y45.933 E.04889
G1 X57.227 Y45.027 E.03079
G1 X57.409 Y43.958 E.03672
G1 X58.208 Y44.099 E.02746
M204 S10000
G1 E-.8 F1800
G1 X57.744 Y49.022 Z3.8 F7200
G1 Z3.4
G1 E.8 F1800
M204 S1500
;TYPE:Inner wall
;WIDTH:0.442972
G1 F1499.805
G1 X57.648 Y48.385 E.02141
G1 X57.593 Y47.871 E.01719
;WIDTH:0.442764
G1 F1500.585
G1 X57.559 Y47.365 E.01687
G1 X57.564 Y45.996 E.04551
;WIDTH:0.449178
G1 F1476.894
G1 X57.652 Y45.079 E.03113
G1 X57.746 Y44.45 E.02149
; stop printing object fidget-finger-massager-2000-rods-rod-06.stl id:0 copy 0
; printing object fidget-finger-massager-2000-rods-rod-08.stl id:0 copy 0
M204 S10000
G1 E-.8 F1800
G1 X54.644 Y44.106 Z3.8 F7200
G1 Z3.4
G1 E.8 F1800
M204 S500
;TYPE:Outer wall
;WIDTH:0.449999
G1 F1473.915
G1 X54.536 Y44.662 E.01919
G1 X54.421 Y45.54 E.02997
G1 X54.381 Y46.083 E.01843
G1 X54.381 Y47.393 E.04434
G1 X54.421 Y47.937 E.01845
G1 X54.483 Y48.471 E.01821
G1 X54.642 Y49.364 E.03071
G1 X53.806 Y49.511 E.02874
G1 X53.729 Y49.129 E.01322
G1 X53.624 Y48.44 E.02358
G1 X53.567 Y47.908 E.0181
G1 X53.531 Y47.378 E.01799
G1 X53.542 Y45.933 E.04889
G1 X53.624 Y45.027 E.03079
G1 X53.806 Y43.958 E.03672
G1 X54.605 Y44.099 E.02746
M204 S10000
G1 E-.8 F1800
G1 X54.142 Y49.022 Z3.8 F7200
G1 Z3.4
G1 E.8 F1800
M204 S1500
;TYPE:Inner wall
;WIDTH:0.442972
G1 F1499.805
G1 X54.046 Y48.385 E.02141
G1 X53.99 Y47.871 E.01719
;WIDTH:0.442764
G1 F1500.585
G1 X53.957 Y47.365 E.01687
G1 X53.961 Y45.996 E.04551
M73 P24 R13
;WIDTH:0.449178
G1 F1476.894
G1 X54.049 Y45.079 E.03113
G1 X54.143 Y44.45 E.02149
; stop printing object fidget-finger-massager-2000-rods-rod-08.stl id:0 copy 0
;LAYER_CHANGE
;Z:3.6
;HEIGHT:0.2
G92 E0
;_SET_FAN_SPEED_CHANGING_LAYER
; printing object fidget-finger-massager-2000-rods-rod-07.stl id:0 copy 0
M204 S10000
G1 E-.8 F1800
G1 X54.631 Y52.067 Z4 F7200
G1 X54.645 Y52.287 Z4
G1 Z3.6
G1 E.8 F1800
M204 S500
;TYPE:Outer wall
;WIDTH:0.449999
G1 F1473.915
G1 X54.535 Y52.855 E.01956
G1 X54.421 Y53.721 E.02958
G1 X54.381 Y54.265 E.01845
G1 X54.381 Y55.574 E.04434
G1 X54.421 Y56.119 E.01847
G1 X54.484 Y56.654 E.01823
G1 X54.642 Y57.545 E.03066
G1 X53.806 Y57.693 E.02874
G1 X53.73 Y57.315 E.01306
G1 X53.623 Y56.617 E.02388
G1 X53.567 Y56.088 E.01803
G1 X53.531 Y55.56 E.01792
G1 X53.543 Y54.104 E.04927
G1 X53.624 Y53.213 E.03027
G1 X53.806 Y52.139 E.03687
G1 X54.605 Y52.28 E.02747
M204 S10000
G1 E-.8 F1800
G1 X54.142 Y57.203 Z4 F7200
G1 Z3.6
G1 E.8 F1800
M204 S1500
;TYPE:Inner wall
;WIDTH:0.443028
G1 F1499.595
G1 X54.045 Y56.563 E.02156
G1 X53.99 Y56.051 E.01712
;WIDTH:0.442784
G1 F1500.51
G1 X53.957 Y55.547 E.01679
G1 X53.962 Y54.171 E.04573
;WIDTH:0.449002
G1 F1477.534
G1 X54.049 Y53.265 E.03075
G1 X54.144 Y52.632 E.02163
; stop printing object fidget-finger-massager-2000-rods-rod-07.stl id:0 copy 0
; printing object fidget-finger-massager-2000-rods-rod-04.stl id:0 copy 0
M204 S10000
G1 E-.8 F1800
G1 X58.247 Y52.287 Z4 F7200
G1 Z3.6
G1 E.8 F1800
M204 S500
;TYPE:Outer wall
;WIDTH:0.449999
G1 F1473.915
G1 X58.137 Y52.855 E.01956
G1 X58.024 Y53.721 E.02958
G1 X57.984 Y54.265 E.01845
G1 X57.984 Y55.574 E.04434
G1 X58.024 Y56.119 E.01847
G1 X58.086 Y56.654 E.01823
G1 X58.245 Y57.545 E.03066
G1 X57.409 Y57.693 E.02874
G1 X57.333 Y57.315 E.01306
G1 X57.226 Y56.617 E.02388
G1 X57.17 Y56.088 E.01803
G1 X57.134 Y55.56 E.01792
G1 X57.145 Y54.104 E.04927
G1 X57.226 Y53.213 E.03027
G1 X57.409 Y52.139 E.03687
G1 X58.208 Y52.28 E.02747
M204 S10000
G1 E-.8 F1800
G1 X57.745 Y57.203 Z4 F7200
G1 Z3.6
G1 E.8 F1800
M204 S1500
;TYPE:Inner wall
;WIDTH:0.443028
G1 F1499.595
G1 X57.648 Y56.563 E.02156
G1 X57.593 Y56.051 E.01712
;WIDTH:0.442784
G1 F1500.51
G1 X57.559 Y55.547 E.01679
G1 X57.565 Y54.171 E.04573
;WIDTH:0.449002
G1 F1477.534
G1 X57.652 Y53.265 E.03075
G1 X57.746 Y52.632 E.02163
; stop printing object fidget-finger-massager-2000-rods-rod-04.stl id:0 copy 0
; printing object fidget-finger-massager-2000-rods-rod-01.stl id:0 copy 0
M204 S10000
G1 E-.8 F1800
G1 X64.638 Y55.912 Z4 F7200
G1 X66.232 Y56.671 Z4
G1 Z3.6
G1 E.8 F1800
M204 S500
;TYPE:Outer wall
;WIDTH:0.449999
G1 F1473.915
G1 X66.38 Y57.507 E.02874
G1 X66.001 Y57.583 E.01306
G1 X65.304 Y57.69 E.02388
G1 X64.774 Y57.747 E.01803
G1 X64.245 Y57.782 E.01795
G1 X62.96 Y57.782 E.04349
G1 X62.431 Y57.747 E.01795
G1 X61.901 Y57.69 E.01805
G1 X61.374 Y57.613 E.01802
G1 X60.826 Y57.506 E.0189
G1 X60.974 Y56.669 E.02877
G1 X61.541 Y56.779 E.01956
G1 X62.408 Y56.893 E.02958
G1 X62.974 Y56.932 E.01924
G1 X64.261 Y56.932 E.04355
G1 X64.805 Y56.892 E.01847
G1 X65.34 Y56.83 E.01823
G1 X66.193 Y56.678 E.02931
M204 S10000
G1 X65.89 Y57.172 F7200
M204 S1500
;TYPE:Inner wall
;WIDTH:0.443026
G1 F1499.603
G1 X65.249 Y57.268 E.02156
G1 X64.738 Y57.323 E.01712
;WIDTH:0.442918
G1 F1500.007
G1 X64.231 Y57.357 E.01688
G1 X62.974 Y57.357 E.04179
G1 X62.468 Y57.323 E.01688
;WIDTH:0.449154
G1 F1476.981
G1 X61.955 Y57.265 E.01744
G1 X61.317 Y57.169 E.02178
; stop printing object fidget-finger-massager-2000-rods-rod-01.stl id:0 copy 0
; printing object fidget-finger-massager-2000-rods-rod-02.stl id:0 copy 0
M204 S10000
G1 E-.8 F1800
G1 X66.232 Y53.068 Z4 F7200
G1 Z3.6
G1 E.8 F1800
M204 S500
;TYPE:Outer wall
;WIDTH:0.449999
G1 F1473.915
G1 X66.38 Y53.904 E.02874
G1 X66.001 Y53.981 E.01306
G1 X65.304 Y54.087 E.02388
G1 X64.774 Y54.144 E.01803
G1 X64.245 Y54.179 E.01795
G1 X62.96 Y54.179 E.04349
G1 X62.431 Y54.144 E.01795
G1 X61.901 Y54.087 E.01805
G1 X61.374 Y54.01 E.01802
G1 X60.826 Y53.903 E.0189
G1 X60.974 Y53.066 E.02877
G1 X61.541 Y53.176 E.01956
G1 X62.408 Y53.29 E.02958
G1 X62.974 Y53.329 E.01924
G1 X64.261 Y53.329 E.04355
G1 X64.805 Y53.289 E.01847
G1 X65.34 Y53.227 E.01823
G1 X66.193 Y53.075 E.02931
M204 S10000
G1 X65.89 Y53.569 F7200
M204 S1500
;TYPE:Inner wall
;WIDTH:0.443026
G1 F1499.603
G1 X65.249 Y53.666 E.02156
G1 X64.738 Y53.72 E.01712
;WIDTH:0.442918
G1 F1500.007
G1 X64.231 Y53.754 E.01688
G1 X62.974 Y53.754 E.04179
G1 X62.468 Y53.72 E.01688
;WIDTH:0.449154
G1 F1476.981
G1 X61.955 Y53.662 E.01744
G1 X61.317 Y53.566 E.02178
; stop printing object fidget-finger-massager-2000-rods-rod-02.stl id:0 copy 0
; printing object fidget-finger-massager-2000-rods-rod-03.stl id:0 copy 0
M204 S10000
G1 E-.8 F1800
G1 X66.232 Y49.466 Z4 F7200
G1 Z3.6
G1 E.8 F1800
M204 S500
;TYPE:Outer wall
;WIDTH:0.449999
G1 F1473.915
G1 X66.38 Y50.302 E.02874
G1 X66.001 Y50.378 E.01306
G1 X65.304 Y50.484 E.02388
G1 X64.774 Y50.541 E.01803
G1 X64.245 Y50.576 E.01795
G1 X62.96 Y50.576 E.04349
G1 X62.431 Y50.541 E.01795
G1 X61.901 Y50.484 E.01805
G1 X61.374 Y50.407 E.01802
G1 X60.826 Y50.3 E.0189
G1 X60.974 Y49.463 E.02877
G1 X61.541 Y49.573 E.01956
G1 X62.408 Y49.687 E.02958
G1 X62.974 Y49.726 E.01924
G1 X64.261 Y49.726 E.04355
G1 X64.805 Y49.686 E.01847
G1 X65.34 Y49.624 E.01823
G1 X66.193 Y49.473 E.02931
M204 S10000
G1 X65.89 Y49.966 F7200
M204 S1500
;TYPE:Inner wall
;WIDTH:0.443026
G1 F1499.603
G1 X65.249 Y50.063 E.02156
G1 X64.738 Y50.118 E.01712
;WIDTH:0.442918
G1 F1500.007
G1 X64.231 Y50.151 E.01688
G1 X62.974 Y50.151 E.04179
G1 X62.468 Y50.118 E.01688
;WIDTH:0.449154
G1 F1476.981
G1 X61.955 Y50.06 E.01744
G1 X61.317 Y49.963 E.02178
; stop printing object fidget-finger-massager-2000-rods-rod-03.stl id:0 copy 0
; printing object fidget-finger-massager-2000-rods-rod-05.stl id:0 copy 0
M204 S10000
G1 E-.8 F1800
G1 X66.232 Y45.863 Z4 F7200
G1 Z3.6
G1 E.8 F1800
M204 S500
;TYPE:Outer wall
;WIDTH:0.449999
G1 F1473.915
G1 X66.38 Y46.699 E.02874
G1 X66.001 Y46.775 E.01306
G1 X65.304 Y46.882 E.02388
G1 X64.774 Y46.938 E.01803
G1 X64.245 Y46.974 E.01795
G1 X62.96 Y46.974 E.04349
G1 X62.431 Y46.938 E.01795
G1 X61.901 Y46.882 E.01805
G1 X61.374 Y46.804 E.01802
G1 X60.826 Y46.697 E.0189
G1 X60.974 Y45.86 E.02877
G1 X61.541 Y45.971 E.01956
G1 X62.408 Y46.084 E.02958
G1 X62.974 Y46.124 E.01924
G1 X64.261 Y46.124 E.04355
G1 X64.805 Y46.084 E.01847
G1 X65.34 Y46.021 E.01823
G1 X66.193 Y45.87 E.02931
M204 S10000
G1 X65.89 Y46.363 F7200
M204 S1500
;TYPE:Inner wall
;WIDTH:0.443026
G1 F1499.603
G1 X65.249 Y46.46 E.02156
G1 X64.738 Y46.515 E.01712
;WIDTH:0.442918
G1 F1500.007
G1 X64.231 Y46.549 E.01688
G1 X62.974 Y46.549 E.04179
G1 X62.468 Y46.515 E.01688
;WIDTH:0.449154
G1 F1476.981
G1 X61.955 Y46.457 E.01744
G1 X61.317 Y46.36 E.02178
; stop printing object fidget-finger-massager-2000-rods-rod-05.stl id:0 copy 0
; printing object fidget-finger-massager-2000-rods-rod-09.stl id:0 copy 0
M204 S10000
G1 E-.8 F1800
G1 X66.188 Y42.26 Z4 F7200
G1 Z3.6
G1 E.8 F1800
M204 S500
;TYPE:Outer wall
;WIDTH:0.449999
G1 F1473.915
G1 X66.336 Y43.096 E.02874
G1 X65.957 Y43.172 E.01306
G1 X65.26 Y43.279 E.02388
G1 X64.73 Y43.335 E.01803
G1 X64.201 Y43.371 E.01795
G1 X62.916 Y43.371 E.04349
G1 X62.387 Y43.335 E.01795
G1 X61.857 Y43.279 E.01805
G1 X61.33 Y43.201 E.01802
G1 X60.782 Y43.095 E.0189
G1 X60.93 Y42.258 E.02877
G1 X61.497 Y42.368 E.01956
G1 X62.364 Y42.482 E.02958
G1 X62.931 Y42.521 E.01924
G1 X64.217 Y42.521 E.04355
G1 X64.761 Y42.481 E.01847
G1 X65.296 Y42.419 E.01823
G1 X66.149 Y42.267 E.02931
M204 S10000
G1 X65.846 Y42.761 F7200
M204 S1500
;TYPE:Inner wall
;WIDTH:0.443026
G1 F1499.603
G1 X65.205 Y42.857 E.02156
G1 X64.694 Y42.912 E.01712
;WIDTH:0.442918
G1 F1500.007
G1 X64.187 Y42.946 E.01688
G1 X62.931 Y42.946 E.04179
G1 X62.424 Y42.912 E.01688
;WIDTH:0.449154
G1 F1476.981
G1 X61.911 Y42.854 E.01744
G1 X61.273 Y42.757 E.02178
; stop printing object fidget-finger-massager-2000-rods-rod-09.stl id:0 copy 0
; printing object fidget-finger-massager-2000-rods-rod-06.stl id:0 copy 0
M204 S10000
G1 E-.8 F1800
G1 X58.247 Y44.106 Z4 F7200
G1 Z3.6
G1 E.8 F1800
M204 S500
;TYPE:Outer wall
;WIDTH:0.449999
G1 F1473.915
G1 X58.137 Y44.673 E.01956
G1 X58.024 Y45.539 E.02958
G1 X57.984 Y46.083 E.01845
G1 X57.984 Y47.393 E.04434
G1 X58.024 Y47.937 E.01847
G1 X58.086 Y48.472 E.01823
G1 X58.245 Y49.364 E.03066
G1 X57.409 Y49.511 E.02874
G1 X57.333 Y49.133 E.01306
G1 X57.226 Y48.436 E.02388
G1 X57.17 Y47.906 E.01803
G1 X57.134 Y47.378 E.01792
G1 X57.145 Y45.922 E.04927
G1 X57.226 Y45.032 E.03027
G1 X57.409 Y43.958 E.03687
G1 X58.208 Y44.099 E.02747
M204 S10000
G1 E-.8 F1800
G1 X57.745 Y49.022 Z4 F7200
G1 Z3.6
G1 E.8 F1800
M204 S1500
;TYPE:Inner wall
;WIDTH:0.443028
G1 F1499.595
G1 X57.648 Y48.381 E.02156
G1 X57.593 Y47.869 E.01712
;WIDTH:0.442784
G1 F1500.51
G1 X57.559 Y47.365 E.01679
G1 X57.565 Y45.99 E.04573
;WIDTH:0.449002
G1 F1477.534
G1 X57.652 Y45.084 E.03075
G1 X57.746 Y44.45 E.02163
; stop printing object fidget-finger-massager-2000-rods-rod-06.stl id:0 copy 0
; printing object fidget-finger-massager-2000-rods-rod-08.stl id:0 copy 0
M204 S10000
G1 E-.8 F1800
G1 X54.645 Y44.106 Z4 F7200
G1 Z3.6
G1 E.8 F1800
M204 S500
;TYPE:Outer wall
;WIDTH:0.449999
G1 F1473.915
G1 X54.535 Y44.673 E.01956
G1 X54.421 Y45.539 E.02958
G1 X54.381 Y46.083 E.01845
G1 X54.381 Y47.393 E.04434
G1 X54.421 Y47.937 E.01847
G1 X54.484 Y48.472 E.01823
G1 X54.642 Y49.364 E.03066
G1 X53.806 Y49.511 E.02874
G1 X53.73 Y49.133 E.01306
G1 X53.623 Y48.436 E.02388
G1 X53.567 Y47.906 E.01803
G1 X53.531 Y47.378 E.01792
G1 X53.543 Y45.922 E.04927
G1 X53.624 Y45.032 E.03027
G1 X53.806 Y43.958 E.03687
M73 P25 R13
G1 X54.605 Y44.099 E.02747
M204 S10000
G1 E-.8 F1800
G1 X54.142 Y49.022 Z4 F7200
G1 Z3.6
G1 E.8 F1800
M204 S1500
;TYPE:Inner wall
;WIDTH:0.443028
G1 F1499.595
G1 X54.045 Y48.381 E.02156
G1 X53.99 Y47.869 E.01712
;WIDTH:0.442784
G1 F1500.51
G1 X53.957 Y47.365 E.01679
G1 X53.962 Y45.99 E.04573
;WIDTH:0.449002
G1 F1477.534
G1 X54.049 Y45.084 E.03075
G1 X54.144 Y44.45 E.02163
; stop printing object fidget-finger-massager-2000-rods-rod-08.stl id:0 copy 0
;LAYER_CHANGE
;Z:3.8
;HEIGHT:0.2
G92 E0
;_SET_FAN_SPEED_CHANGING_LAYER
; printing object fidget-finger-massager-2000-rods-rod-07.stl id:0 copy 0
M204 S10000
G1 E-.8 F1800
G1 X54.631 Y52.067 Z4.2 F7200
G1 X54.645 Y52.287 Z4.2
G1 Z3.8
G1 E.8 F1800
M204 S500
;TYPE:Outer wall
;WIDTH:0.449999
G1 F1473.915
G1 X54.533 Y52.865 E.01993
G1 X54.421 Y53.72 E.02919
G1 X54.381 Y54.294 E.01946
G1 X54.381 Y55.574 E.04335
G1 X54.422 Y56.119 E.01849
G1 X54.484 Y56.655 E.01825
G1 X54.642 Y57.545 E.03062
G1 X53.806 Y57.693 E.02874
G1 X53.731 Y57.319 E.0129
G1 X53.623 Y56.613 E.02419
G1 X53.567 Y56.085 E.01796
G1 X53.531 Y55.559 E.01787
G1 X53.531 Y54.275 E.04344
G1 X53.623 Y53.217 E.03595
G1 X53.806 Y52.139 E.03701
G1 X54.605 Y52.28 E.02747
M204 S10000
G1 E-.8 F1800
G1 X54.142 Y57.203 Z4.2 F7200
G1 Z3.8
G1 E.8 F1800
M204 S1500
;TYPE:Inner wall
;WIDTH:0.443074
G1 F1499.423
G1 X54.045 Y56.558 E.0217
G1 X53.99 Y56.049 E.01705
;WIDTH:0.44292
G1 F1500
G1 X53.956 Y55.544 E.01681
G1 X53.956 Y54.264 E.0426
;WIDTH:0.448798
G1 F1478.277
G1 X54.048 Y53.268 E.03374
G1 X54.144 Y52.632 E.02172
; stop printing object fidget-finger-massager-2000-rods-rod-07.stl id:0 copy 0
; printing object fidget-finger-massager-2000-rods-rod-04.stl id:0 copy 0
M204 S10000
G1 E-.8 F1800
G1 X58.247 Y52.287 Z4.2 F7200
G1 Z3.8
G1 E.8 F1800
M204 S500
;TYPE:Outer wall
;WIDTH:0.449999
G1 F1473.915
G1 X58.136 Y52.865 E.01993
G1 X58.024 Y53.72 E.02919
G1 X57.984 Y54.294 E.01946
G1 X57.984 Y55.574 E.04335
G1 X58.024 Y56.119 E.01849
G1 X58.087 Y56.655 E.01825
G1 X58.245 Y57.545 E.03062
G1 X57.409 Y57.693 E.02874
G1 X57.333 Y57.319 E.0129
G1 X57.226 Y56.613 E.02419
G1 X57.169 Y56.085 E.01796
G1 X57.134 Y55.559 E.01787
G1 X57.134 Y54.275 E.04344
G1 X57.226 Y53.217 E.03595
G1 X57.409 Y52.139 E.03701
G1 X58.208 Y52.28 E.02747
M204 S10000
G1 E-.8 F1800
G1 X57.745 Y57.203 Z4.2 F7200
G1 Z3.8
G1 E.8 F1800
M204 S1500
;TYPE:Inner wall
;WIDTH:0.443074
G1 F1499.423
G1 X57.647 Y56.558 E.0217
G1 X57.593 Y56.049 E.01705
;WIDTH:0.44292
G1 F1500
G1 X57.559 Y55.544 E.01681
G1 X57.559 Y54.264 E.0426
;WIDTH:0.448798
G1 F1478.277
G1 X57.651 Y53.268 E.03374
G1 X57.746 Y52.632 E.02172
; stop printing object fidget-finger-massager-2000-rods-rod-04.stl id:0 copy 0
; printing object fidget-finger-massager-2000-rods-rod-01.stl id:0 copy 0
M204 S10000
G1 E-.8 F1800
G1 X64.638 Y55.912 Z4.2 F7200
G1 X66.232 Y56.671 Z4.2
G1 Z3.8
G1 E.8 F1800
M204 S500
;TYPE:Outer wall
;WIDTH:0.449999
G1 F1473.915
G1 X66.38 Y57.507 E.02874
G1 X66.006 Y57.583 E.0129
G1 X65.3 Y57.691 E.02419
G1 X64.772 Y57.747 E.01796
G1 X64.245 Y57.782 E.01787
G1 X62.96 Y57.782 E.0435
G1 X62.433 Y57.747 E.01787
G1 X61.905 Y57.69 E.01798
G1 X61.381 Y57.614 E.01795
G1 X60.826 Y57.506 E.01911
G1 X60.974 Y56.669 E.02877
G1 X61.552 Y56.781 E.01993
G1 X62.407 Y56.893 E.02919
G1 X62.974 Y56.932 E.01926
G1 X64.261 Y56.932 E.04355
G1 X64.806 Y56.892 E.01849
G1 X65.341 Y56.83 E.01825
G1 X66.193 Y56.678 E.02927
M204 S10000
G1 X65.89 Y57.172 F7200
M204 S1500
;TYPE:Inner wall
;WIDTH:0.443076
G1 F1499.415
G1 X65.245 Y57.269 E.0217
G1 X64.735 Y57.323 E.01705
;WIDTH:0.442918
G1 F1500.007
G1 X64.231 Y57.357 E.01681
G1 X62.974 Y57.357 E.0418
G1 X62.47 Y57.323 E.01681
;WIDTH:0.44898
G1 F1477.614
G1 X61.959 Y57.266 E.01737
G1 X61.317 Y57.168 E.02191
; stop printing object fidget-finger-massager-2000-rods-rod-01.stl id:0 copy 0
; printing object fidget-finger-massager-2000-rods-rod-02.stl id:0 copy 0
M204 S10000
G1 E-.8 F1800
G1 X66.232 Y53.068 Z4.2 F7200
G1 Z3.8
G1 E.8 F1800
M204 S500
;TYPE:Outer wall
;WIDTH:0.449999
G1 F1473.915
G1 X66.38 Y53.904 E.02874
G1 X66.006 Y53.98 E.0129
G1 X65.3 Y54.088 E.02419
G1 X64.772 Y54.144 E.01796
G1 X64.245 Y54.179 E.01787
G1 X62.96 Y54.179 E.0435
G1 X62.433 Y54.144 E.01787
G1 X61.905 Y54.088 E.01798
G1 X61.381 Y54.011 E.01795
G1 X60.826 Y53.903 E.01911
G1 X60.974 Y53.066 E.02877
G1 X61.552 Y53.178 E.01993
G1 X62.407 Y53.29 E.02919
G1 X62.974 Y53.329 E.01926
G1 X64.261 Y53.329 E.04355
G1 X64.806 Y53.289 E.01849
G1 X65.341 Y53.227 E.01825
G1 X66.193 Y53.075 E.02927
M204 S10000
G1 X65.89 Y53.569 F7200
M204 S1500
;TYPE:Inner wall
;WIDTH:0.443076
G1 F1499.415
G1 X65.245 Y53.666 E.0217
G1 X64.735 Y53.72 E.01705
;WIDTH:0.442918
G1 F1500.007
G1 X64.231 Y53.754 E.01681
G1 X62.974 Y53.754 E.0418
G1 X62.47 Y53.72 E.01681
;WIDTH:0.44898
G1 F1477.614
G1 X61.959 Y53.663 E.01737
G1 X61.317 Y53.566 E.02191
; stop printing object fidget-finger-massager-2000-rods-rod-02.stl id:0 copy 0
; printing object fidget-finger-massager-2000-rods-rod-03.stl id:0 copy 0
M204 S10000
G1 E-.8 F1800
G1 X66.232 Y49.466 Z4.2 F7200
G1 Z3.8
G1 E.8 F1800
M204 S500
;TYPE:Outer wall
;WIDTH:0.449999
G1 F1473.915
G1 X66.38 Y50.302 E.02874
G1 X66.006 Y50.377 E.0129
G1 X65.3 Y50.485 E.02419
G1 X64.772 Y50.541 E.01796
G1 X64.245 Y50.576 E.01787
G1 X62.96 Y50.576 E.0435
G1 X62.433 Y50.541 E.01787
G1 X61.905 Y50.485 E.01798
G1 X61.381 Y50.408 E.01795
G1 X60.826 Y50.3 E.01911
G1 X60.974 Y49.463 E.02877
G1 X61.552 Y49.575 E.01993
G1 X62.407 Y49.687 E.02919
G1 X62.974 Y49.726 E.01926
G1 X64.261 Y49.726 E.04355
G1 X64.806 Y49.686 E.01849
G1 X65.341 Y49.624 E.01825
G1 X66.193 Y49.473 E.02927
M204 S10000
G1 X65.89 Y49.966 F7200
M204 S1500
;TYPE:Inner wall
;WIDTH:0.443076
G1 F1499.415
G1 X65.245 Y50.063 E.0217
G1 X64.735 Y50.118 E.01705
;WIDTH:0.442918
G1 F1500.007
G1 X64.231 Y50.151 E.01681
G1 X62.974 Y50.151 E.0418
G1 X62.47 Y50.118 E.01681
;WIDTH:0.44898
G1 F1477.614
G1 X61.959 Y50.06 E.01737
G1 X61.317 Y49.963 E.02191
; stop printing object fidget-finger-massager-2000-rods-rod-03.stl id:0 copy 0
; printing object fidget-finger-massager-2000-rods-rod-05.stl id:0 copy 0
M204 S10000
G1 E-.8 F1800
G1 X66.232 Y45.863 Z4.2 F7200
G1 Z3.8
G1 E.8 F1800
M204 S500
;TYPE:Outer wall
;WIDTH:0.449999
G1 F1473.915
G1 X66.38 Y46.699 E.02874
G1 X66.006 Y46.774 E.0129
G1 X65.3 Y46.882 E.02419
G1 X64.772 Y46.938 E.01796
G1 X64.245 Y46.974 E.01787
G1 X62.96 Y46.974 E.0435
G1 X62.433 Y46.938 E.01787
G1 X61.905 Y46.882 E.01798
G1 X61.381 Y46.805 E.01795
G1 X60.826 Y46.697 E.01911
G1 X60.974 Y45.86 E.02877
G1 X61.552 Y45.972 E.01993
G1 X62.407 Y46.084 E.02919
G1 X62.974 Y46.124 E.01926
G1 X64.261 Y46.124 E.04355
G1 X64.806 Y46.084 E.01849
G1 X65.341 Y46.021 E.01825
G1 X66.193 Y45.87 E.02927
M204 S10000
G1 X65.89 Y46.363 F7200
M204 S1500
;TYPE:Inner wall
;WIDTH:0.443076
G1 F1499.415
G1 X65.245 Y46.461 E.0217
G1 X64.735 Y46.515 E.01705
;WIDTH:0.442918
G1 F1500.007
G1 X64.231 Y46.549 E.01681
G1 X62.974 Y46.549 E.0418
G1 X62.47 Y46.515 E.01681
;WIDTH:0.44898
G1 F1477.614
G1 X61.959 Y46.457 E.01737
G1 X61.317 Y46.36 E.02191
; stop printing object fidget-finger-massager-2000-rods-rod-05.stl id:0 copy 0
; printing object fidget-finger-massager-2000-rods-rod-09.stl id:0 copy 0
M204 S10000
G1 E-.8 F1800
G1 X66.188 Y42.26 Z4.2 F7200
G1 Z3.8
G1 E.8 F1800
M204 S500
;TYPE:Outer wall
;WIDTH:0.449999
G1 F1473.915
G1 X66.336 Y43.096 E.02874
G1 X65.962 Y43.172 E.0129
G1 X65.256 Y43.279 E.02419
G1 X64.728 Y43.336 E.01796
G1 X64.201 Y43.371 E.01787
G1 X62.916 Y43.371 E.0435
G1 X62.39 Y43.336 E.01787
G1 X61.861 Y43.279 E.01798
G1 X61.337 Y43.202 E.01795
G1 X60.782 Y43.095 E.01911
G1 X60.93 Y42.258 E.02877
G1 X61.508 Y42.369 E.01993
G1 X62.363 Y42.481 E.02919
G1 X62.931 Y42.521 E.01926
G1 X64.217 Y42.521 E.04355
G1 X64.762 Y42.481 E.01849
G1 X65.298 Y42.418 E.01825
G1 X66.149 Y42.267 E.02927
M204 S10000
G1 X65.846 Y42.76 F7200
M204 S1500
;TYPE:Inner wall
;WIDTH:0.443076
G1 F1499.415
G1 X65.201 Y42.858 E.0217
G1 X64.691 Y42.912 E.01705
;WIDTH:0.442918
G1 F1500.007
G1 X64.187 Y42.946 E.01681
G1 X62.931 Y42.946 E.0418
G1 X62.426 Y42.912 E.01681
;WIDTH:0.44898
G1 F1477.614
G1 X61.915 Y42.855 E.01737
G1 X61.273 Y42.757 E.02191
; stop printing object fidget-finger-massager-2000-rods-rod-09.stl id:0 copy 0
; printing object fidget-finger-massager-2000-rods-rod-06.stl id:0 copy 0
M204 S10000
G1 E-.8 F1800
G1 X58.247 Y44.106 Z4.2 F7200
G1 Z3.8
G1 E.8 F1800
M204 S500
;TYPE:Outer wall
;WIDTH:0.449999
G1 F1473.915
G1 X58.136 Y44.684 E.01993
G1 X58.024 Y45.539 E.02919
G1 X57.984 Y46.112 E.01946
G1 X57.984 Y47.393 E.04335
G1 X58.024 Y47.938 E.01849
G1 X58.087 Y48.473 E.01825
G1 X58.245 Y49.364 E.03062
G1 X57.409 Y49.511 E.02874
G1 X57.333 Y49.138 E.0129
G1 X57.226 Y48.431 E.02419
G1 X57.169 Y47.904 E.01796
G1 X57.134 Y47.377 E.01787
G1 X57.134 Y46.094 E.04344
G1 X57.226 Y45.036 E.03595
G1 X57.409 Y43.958 E.03701
G1 X58.208 Y44.099 E.02747
M204 S10000
G1 E-.8 F1800
G1 X57.745 Y49.022 Z4.2 F7200
G1 Z3.8
M73 P25 R12
G1 E.8 F1800
M204 S1500
;TYPE:Inner wall
;WIDTH:0.443074
G1 F1499.423
G1 X57.647 Y48.377 E.0217
G1 X57.593 Y47.867 E.01705
;WIDTH:0.44292
G1 F1500
G1 X57.559 Y47.363 E.01681
G1 X57.559 Y46.082 E.0426
;WIDTH:0.448798
G1 F1478.277
G1 X57.651 Y45.087 E.03374
G1 X57.746 Y44.45 E.02172
; stop printing object fidget-finger-massager-2000-rods-rod-06.stl id:0 copy 0
; printing object fidget-finger-massager-2000-rods-rod-08.stl id:0 copy 0
M204 S10000
G1 E-.8 F1800
G1 X54.645 Y44.106 Z4.2 F7200
G1 Z3.8
G1 E.8 F1800
M204 S500
;TYPE:Outer wall
;WIDTH:0.449999
G1 F1473.915
G1 X54.533 Y44.684 E.01993
G1 X54.421 Y45.539 E.02919
M73 P26 R12
G1 X54.381 Y46.112 E.01946
G1 X54.381 Y47.393 E.04335
G1 X54.422 Y47.938 E.01849
G1 X54.484 Y48.473 E.01825
G1 X54.642 Y49.364 E.03062
G1 X53.806 Y49.511 E.02874
G1 X53.731 Y49.138 E.0129
G1 X53.623 Y48.431 E.02419
G1 X53.567 Y47.904 E.01796
G1 X53.531 Y47.377 E.01787
G1 X53.531 Y46.094 E.04344
G1 X53.623 Y45.036 E.03595
G1 X53.806 Y43.958 E.03701
G1 X54.605 Y44.099 E.02747
M204 S10000
G1 E-.8 F1800
G1 X54.142 Y49.022 Z4.2 F7200
G1 Z3.8
G1 E.8 F1800
M204 S1500
;TYPE:Inner wall
;WIDTH:0.443074
G1 F1499.423
G1 X54.045 Y48.377 E.0217
G1 X53.99 Y47.867 E.01705
;WIDTH:0.44292
G1 F1500
G1 X53.956 Y47.363 E.01681
G1 X53.956 Y46.082 E.0426
;WIDTH:0.448798
G1 F1478.277
G1 X54.048 Y45.087 E.03374
G1 X54.144 Y44.45 E.02172
; stop printing object fidget-finger-massager-2000-rods-rod-08.stl id:0 copy 0
;LAYER_CHANGE
;Z:4
;HEIGHT:0.2
G92 E0
;_SET_FAN_SPEED_CHANGING_LAYER
; printing object fidget-finger-massager-2000-rods-rod-07.stl id:0 copy 0
M204 S10000
G1 E-.8 F1800
G1 X54.538 Y52.072 Z4.4 F7200
G1 X54.568 Y52.651 Z4.4
G1 Z4
G1 E.8 F1800
M204 S500
;TYPE:Outer wall
;WIDTH:0.449999
G1 F1473.915
G1 X54.483 Y53.184 E.01827
G1 X54.421 Y53.72 E.01827
G1 X54.381 Y54.294 E.01947
G1 X54.381 Y55.574 E.04335
G1 X54.422 Y56.123 E.01862
G1 X54.533 Y56.967 E.02882
G1 X54.645 Y57.545 E.01992
G1 X53.806 Y57.693 E.02883
G1 X53.732 Y57.324 E.01274
G1 X53.622 Y56.609 E.02449
G1 X53.566 Y56.083 E.01788
G1 X53.531 Y55.559 E.0178
G1 X53.531 Y54.275 E.04344
G1 X53.649 Y53.046 E.0418
G1 X53.806 Y52.139 E.03114
G1 X54.642 Y52.287 E.02874
G1 X54.576 Y52.612 E.01122
M204 S10000
G1 E-.8 F1800
G1 X54.144 Y57.201 Z4.4 F7200
G1 Z4
G1 E.8 F1800
M204 S1500
;TYPE:Inner wall
;WIDTH:0.448754
G1 F1478.437
G1 X54.047 Y56.554 E.02207
G1 X53.99 Y56.047 E.01721
;WIDTH:0.44292
G1 F1500
G1 X53.956 Y55.544 E.01674
G1 X53.956 Y54.294 E.0416
G1 X54.003 Y53.689 E.02016
;WIDTH:0.437924
G1 F1518.972
G1 X54.063 Y53.135 E.01831
;WIDTH:0.44064
G1 F1508.599
G1 X54.142 Y52.629 E.01694
; stop printing object fidget-finger-massager-2000-rods-rod-07.stl id:0 copy 0
; printing object fidget-finger-massager-2000-rods-rod-04.stl id:0 copy 0
M204 S10000
G1 E-.8 F1800
G1 X58.17 Y52.651 Z4.4 F7200
G1 Z4
G1 E.8 F1800
M204 S500
;TYPE:Outer wall
;WIDTH:0.449999
G1 F1473.915
G1 X58.086 Y53.184 E.01827
G1 X58.024 Y53.72 E.01827
G1 X57.984 Y54.294 E.01947
G1 X57.984 Y55.574 E.04335
G1 X58.025 Y56.123 E.01862
G1 X58.136 Y56.967 E.02882
G1 X58.248 Y57.545 E.01992
G1 X57.409 Y57.693 E.02883
G1 X57.334 Y57.324 E.01274
G1 X57.225 Y56.609 E.02449
G1 X57.169 Y56.083 E.01788
G1 X57.134 Y55.559 E.0178
G1 X57.134 Y54.275 E.04344
G1 X57.252 Y53.046 E.0418
G1 X57.409 Y52.139 E.03114
G1 X58.245 Y52.287 E.02874
G1 X58.178 Y52.612 E.01122
M204 S10000
G1 E-.8 F1800
G1 X57.747 Y57.201 Z4.4 F7200
G1 Z4
G1 E.8 F1800
M204 S1500
;TYPE:Inner wall
;WIDTH:0.448754
G1 F1478.437
G1 X57.65 Y56.554 E.02207
G1 X57.593 Y56.047 E.01721
;WIDTH:0.44292
G1 F1500
G1 X57.559 Y55.544 E.01674
G1 X57.559 Y54.294 E.0416
G1 X57.606 Y53.689 E.02016
;WIDTH:0.437924
G1 F1518.972
G1 X57.666 Y53.135 E.01831
;WIDTH:0.44064
G1 F1508.599
G1 X57.745 Y52.629 E.01694
; stop printing object fidget-finger-massager-2000-rods-rod-04.stl id:0 copy 0
; printing object fidget-finger-massager-2000-rods-rod-01.stl id:0 copy 0
M204 S10000
G1 E-.8 F1800
G1 X64.636 Y55.911 Z4.4 F7200
G1 X66.232 Y56.671 Z4.4
G1 Z4
G1 E.8 F1800
M204 S500
;TYPE:Outer wall
;WIDTH:0.449999
G1 F1473.915
G1 X66.38 Y57.507 E.02874
G1 X66.01 Y57.582 E.01274
G1 X65.295 Y57.691 E.02449
G1 X64.77 Y57.747 E.01788
G1 X64.245 Y57.782 E.0178
G1 X62.96 Y57.782 E.0435
G1 X62.436 Y57.747 E.0178
G1 X61.91 Y57.691 E.0179
G1 X61.387 Y57.615 E.01788
G1 X60.826 Y57.506 E.01933
G1 X60.975 Y56.669 E.02877
G1 X61.563 Y56.782 E.02026
G1 X62.406 Y56.892 E.0288
G1 X62.974 Y56.932 E.01928
G1 X64.261 Y56.932 E.04355
G1 X64.807 Y56.892 E.01852
G1 X65.343 Y56.829 E.01827
G1 X66.193 Y56.678 E.02922
M204 S10000
G1 X65.89 Y57.171 F7200
M204 S1500
;TYPE:Inner wall
;WIDTH:0.443126
G1 F1499.228
G1 X65.241 Y57.269 E.02185
G1 X64.733 Y57.323 E.01698
;WIDTH:0.442918
G1 F1500.007
G1 X64.231 Y57.357 E.01674
G1 X62.974 Y57.357 E.0418
G1 X62.472 Y57.323 E.01674
;WIDTH:0.448806
G1 F1478.248
G1 X61.963 Y57.266 E.01729
G1 X61.318 Y57.168 E.02202
; stop printing object fidget-finger-massager-2000-rods-rod-01.stl id:0 copy 0
; printing object fidget-finger-massager-2000-rods-rod-02.stl id:0 copy 0
M204 S10000
G1 E-.8 F1800
G1 X66.232 Y53.068 Z4.4 F7200
G1 Z4
G1 E.8 F1800
M204 S500
;TYPE:Outer wall
;WIDTH:0.449999
G1 F1473.915
G1 X66.38 Y53.905 E.02874
G1 X66.01 Y53.979 E.01274
G1 X65.295 Y54.088 E.02449
G1 X64.77 Y54.144 E.01788
G1 X64.245 Y54.179 E.0178
G1 X62.96 Y54.179 E.0435
G1 X62.436 Y54.144 E.0178
G1 X61.91 Y54.088 E.0179
G1 X61.387 Y54.012 E.01788
G1 X60.826 Y53.903 E.01933
G1 X60.975 Y53.066 E.02877
G1 X61.563 Y53.179 E.02026
G1 X62.406 Y53.29 E.0288
G1 X62.974 Y53.329 E.01928
G1 X64.261 Y53.329 E.04355
G1 X64.807 Y53.289 E.01852
G1 X65.343 Y53.227 E.01827
G1 X66.193 Y53.075 E.02922
M204 S10000
G1 X65.89 Y53.569 F7200
M204 S1500
;TYPE:Inner wall
;WIDTH:0.443126
G1 F1499.228
G1 X65.241 Y53.667 E.02185
G1 X64.733 Y53.721 E.01698
;WIDTH:0.442918
G1 F1500.007
G1 X64.231 Y53.754 E.01674
G1 X62.974 Y53.754 E.0418
G1 X62.472 Y53.721 E.01674
;WIDTH:0.448806
G1 F1478.248
G1 X61.963 Y53.664 E.01729
G1 X61.318 Y53.565 E.02202
; stop printing object fidget-finger-massager-2000-rods-rod-02.stl id:0 copy 0
; printing object fidget-finger-massager-2000-rods-rod-03.stl id:0 copy 0
M204 S10000
G1 E-.8 F1800
G1 X66.232 Y49.466 Z4.4 F7200
G1 Z4
G1 E.8 F1800
M204 S500
;TYPE:Outer wall
;WIDTH:0.449999
G1 F1473.915
G1 X66.38 Y50.302 E.02874
G1 X66.01 Y50.376 E.01274
G1 X65.295 Y50.486 E.02449
G1 X64.77 Y50.541 E.01788
G1 X64.245 Y50.576 E.0178
G1 X62.96 Y50.576 E.0435
G1 X62.436 Y50.541 E.0178
G1 X61.91 Y50.485 E.0179
G1 X61.387 Y50.409 E.01788
G1 X60.826 Y50.3 E.01933
G1 X60.975 Y49.463 E.02877
G1 X61.563 Y49.577 E.02026
G1 X62.406 Y49.687 E.0288
G1 X62.974 Y49.726 E.01928
G1 X64.261 Y49.726 E.04355
G1 X64.807 Y49.686 E.01852
G1 X65.343 Y49.624 E.01827
G1 X66.193 Y49.473 E.02922
M204 S10000
G1 X65.89 Y49.966 F7200
M204 S1500
;TYPE:Inner wall
;WIDTH:0.443126
G1 F1499.228
G1 X65.241 Y50.064 E.02185
G1 X64.733 Y50.118 E.01698
;WIDTH:0.442918
G1 F1500.007
G1 X64.231 Y50.151 E.01674
G1 X62.974 Y50.151 E.0418
G1 X62.472 Y50.118 E.01674
;WIDTH:0.448806
G1 F1478.248
G1 X61.963 Y50.061 E.01729
G1 X61.318 Y49.963 E.02202
; stop printing object fidget-finger-massager-2000-rods-rod-03.stl id:0 copy 0
; printing object fidget-finger-massager-2000-rods-rod-05.stl id:0 copy 0
M204 S10000
G1 E-.8 F1800
G1 X66.232 Y45.863 Z4.4 F7200
G1 Z4
G1 E.8 F1800
M204 S500
;TYPE:Outer wall
;WIDTH:0.449999
G1 F1473.915
G1 X66.38 Y46.699 E.02874
G1 X66.01 Y46.774 E.01274
G1 X65.295 Y46.883 E.02449
G1 X64.77 Y46.939 E.01788
G1 X64.245 Y46.974 E.0178
G1 X62.96 Y46.974 E.0435
G1 X62.436 Y46.939 E.0178
G1 X61.91 Y46.883 E.0179
G1 X61.387 Y46.806 E.01788
G1 X60.826 Y46.697 E.01933
G1 X60.975 Y45.86 E.02877
G1 X61.563 Y45.974 E.02026
G1 X62.406 Y46.084 E.0288
G1 X62.974 Y46.124 E.01928
G1 X64.261 Y46.124 E.04355
G1 X64.807 Y46.083 E.01852
G1 X65.343 Y46.021 E.01827
G1 X66.193 Y45.87 E.02922
M204 S10000
G1 X65.89 Y46.363 F7200
M204 S1500
;TYPE:Inner wall
;WIDTH:0.443126
G1 F1499.228
G1 X65.241 Y46.461 E.02185
G1 X64.733 Y46.515 E.01698
;WIDTH:0.442918
G1 F1500.007
G1 X64.231 Y46.549 E.01674
G1 X62.974 Y46.549 E.0418
G1 X62.472 Y46.515 E.01674
;WIDTH:0.448806
G1 F1478.248
G1 X61.963 Y46.458 E.01729
G1 X61.318 Y46.36 E.02202
; stop printing object fidget-finger-massager-2000-rods-rod-05.stl id:0 copy 0
; printing object fidget-finger-massager-2000-rods-rod-09.stl id:0 copy 0
M204 S10000
G1 E-.8 F1800
G1 X66.188 Y42.26 Z4.4 F7200
G1 Z4
G1 E.8 F1800
M204 S500
;TYPE:Outer wall
;WIDTH:0.449999
G1 F1473.915
G1 X66.336 Y43.096 E.02874
G1 X65.967 Y43.171 E.01274
G1 X65.251 Y43.28 E.02449
G1 X64.726 Y43.336 E.01788
G1 X64.201 Y43.371 E.0178
G1 X62.916 Y43.371 E.0435
G1 X62.392 Y43.336 E.0178
G1 X61.866 Y43.28 E.0179
G1 X61.343 Y43.204 E.01788
G1 X60.783 Y43.095 E.01933
G1 X60.931 Y42.258 E.02877
G1 X61.519 Y42.371 E.02026
G1 X62.362 Y42.481 E.0288
G1 X62.931 Y42.521 E.01928
G1 X64.217 Y42.521 E.04355
G1 X64.763 Y42.481 E.01852
G1 X65.299 Y42.418 E.01827
G1 X66.149 Y42.267 E.02922
M204 S10000
G1 X65.846 Y42.76 F7200
M204 S1500
;TYPE:Inner wall
;WIDTH:0.443126
G1 F1499.228
G1 X65.197 Y42.858 E.02185
G1 X64.689 Y42.912 E.01698
;WIDTH:0.442918
G1 F1500.007
G1 X64.187 Y42.946 E.01674
G1 X62.931 Y42.946 E.0418
G1 X62.428 Y42.912 E.01674
;WIDTH:0.448806
G1 F1478.248
G1 X61.919 Y42.855 E.01729
G1 X61.274 Y42.757 E.02202
; stop printing object fidget-finger-massager-2000-rods-rod-09.stl id:0 copy 0
; printing object fidget-finger-massager-2000-rods-rod-06.stl id:0 copy 0
M204 S10000
G1 E-.8 F1800
G1 X58.17 Y44.469 Z4.4 F7200
G1 Z4
G1 E.8 F1800
M204 S500
;TYPE:Outer wall
;WIDTH:0.449999
G1 F1473.915
G1 X58.086 Y45.002 E.01827
G1 X58.024 Y45.538 E.01827
G1 X57.984 Y46.112 E.01947
G1 X57.984 Y47.393 E.04335
G1 X58.025 Y47.941 E.01862
G1 X58.136 Y48.786 E.02882
G1 X58.248 Y49.363 E.01992
G1 X57.409 Y49.511 E.02883
G1 X57.334 Y49.142 E.01274
G1 X57.225 Y48.427 E.02449
G1 X57.169 Y47.902 E.01788
G1 X57.134 Y47.377 E.0178
G1 X57.134 Y46.094 E.04344
G1 X57.252 Y44.864 E.0418
G1 X57.409 Y43.958 E.03114
G1 X58.245 Y44.105 E.02874
G1 X58.178 Y44.43 E.01122
M204 S10000
G1 E-.8 F1800
G1 X57.747 Y49.019 Z4.4 F7200
G1 Z4
M73 P27 R12
G1 E.8 F1800
M204 S1500
;TYPE:Inner wall
;WIDTH:0.448754
G1 F1478.437
G1 X57.65 Y48.372 E.02207
G1 X57.593 Y47.865 E.01721
;WIDTH:0.44292
G1 F1500
G1 X57.559 Y47.363 E.01674
G1 X57.559 Y46.112 E.0416
G1 X57.606 Y45.508 E.02016
;WIDTH:0.437924
G1 F1518.972
G1 X57.666 Y44.954 E.01831
;WIDTH:0.44064
G1 F1508.599
G1 X57.745 Y44.447 E.01694
; stop printing object fidget-finger-massager-2000-rods-rod-06.stl id:0 copy 0
; printing object fidget-finger-massager-2000-rods-rod-08.stl id:0 copy 0
M204 S10000
G1 E-.8 F1800
G1 X54.568 Y44.469 Z4.4 F7200
G1 Z4
G1 E.8 F1800
M204 S500
;TYPE:Outer wall
;WIDTH:0.449999
G1 F1473.915
G1 X54.483 Y45.002 E.01827
G1 X54.421 Y45.538 E.01827
G1 X54.381 Y46.112 E.01947
G1 X54.381 Y47.393 E.04335
G1 X54.422 Y47.941 E.01862
G1 X54.533 Y48.786 E.02882
G1 X54.645 Y49.363 E.01992
G1 X53.806 Y49.511 E.02883
G1 X53.732 Y49.142 E.01274
G1 X53.622 Y48.427 E.02449
G1 X53.566 Y47.902 E.01788
G1 X53.531 Y47.377 E.0178
G1 X53.531 Y46.094 E.04344
G1 X53.649 Y44.864 E.0418
G1 X53.806 Y43.958 E.03114
G1 X54.642 Y44.105 E.02874
G1 X54.576 Y44.43 E.01122
M204 S10000
G1 E-.8 F1800
G1 X54.144 Y49.019 Z4.4 F7200
G1 Z4
G1 E.8 F1800
M204 S1500
;TYPE:Inner wall
;WIDTH:0.448754
G1 F1478.437
G1 X54.047 Y48.372 E.02207
G1 X53.99 Y47.865 E.01721
;WIDTH:0.44292
G1 F1500
G1 X53.956 Y47.363 E.01674
G1 X53.956 Y46.112 E.0416
G1 X54.003 Y45.508 E.02016
;WIDTH:0.437924
G1 F1518.972
G1 X54.063 Y44.954 E.01831
;WIDTH:0.44064
G1 F1508.599
G1 X54.142 Y44.447 E.01694
; stop printing object fidget-finger-massager-2000-rods-rod-08.stl id:0 copy 0
;LAYER_CHANGE
;Z:4.2
;HEIGHT:0.2
G92 E0
;_SET_FAN_SPEED_CHANGING_LAYER
; printing object fidget-finger-massager-2000-rods-rod-07.stl id:0 copy 0
M204 S10000
G1 E-.8 F1800
G1 X54.538 Y52.07 Z4.6 F7200
G1 X54.568 Y52.649 Z4.6
G1 Z4.2
G1 E.8 F1800
M204 S500
;TYPE:Outer wall
;WIDTH:0.449999
G1 F1473.915
G1 X54.483 Y53.183 E.01829
G1 X54.421 Y53.719 E.01829
G1 X54.381 Y54.294 E.01949
G1 X54.381 Y55.574 E.04335
G1 X54.422 Y56.124 E.01864
G1 X54.531 Y56.956 E.02843
G1 X54.645 Y57.545 E.02029
G1 X53.806 Y57.693 E.02883
G1 X53.732 Y57.328 E.01259
G1 X53.622 Y56.604 E.0248
G1 X53.566 Y56.081 E.01781
G1 X53.531 Y55.559 E.01773
G1 X53.531 Y54.275 E.04344
G1 X53.65 Y53.045 E.04185
G1 X53.806 Y52.139 E.0311
G1 X54.642 Y52.287 E.02874
G1 X54.576 Y52.61 E.01116
M204 S10000
G1 E-.8 F1800
G1 X54.144 Y57.2 Z4.6 F7200
G1 Z4.2
G1 E.8 F1800
M204 S1500
;TYPE:Inner wall
;WIDTH:0.448578
G1 F1479.078
G1 X54.046 Y56.549 E.02221
G1 X53.99 Y56.045 E.01713
;WIDTH:0.44292
G1 F1500
G1 X53.956 Y55.545 E.01667
G1 X53.956 Y54.294 E.0416
G1 X54.003 Y53.689 E.02018
;WIDTH:0.43778
G1 F1519.526
G1 X54.063 Y53.134 E.01833
;WIDTH:0.440544
G1 F1508.963
G1 X54.142 Y52.629 E.01689
; stop printing object fidget-finger-massager-2000-rods-rod-07.stl id:0 copy 0
; printing object fidget-finger-massager-2000-rods-rod-04.stl id:0 copy 0
M204 S10000
G1 E-.8 F1800
G1 X58.171 Y52.649 Z4.6 F7200
G1 Z4.2
G1 E.8 F1800
M204 S500
;TYPE:Outer wall
;WIDTH:0.449999
G1 F1473.915
G1 X58.086 Y53.183 E.01829
G1 X58.024 Y53.719 E.01829
G1 X57.984 Y54.294 E.01949
G1 X57.984 Y55.574 E.04335
G1 X58.025 Y56.124 E.01864
G1 X58.134 Y56.956 E.02843
G1 X58.248 Y57.545 E.02029
G1 X57.409 Y57.693 E.02883
G1 X57.335 Y57.328 E.01259
G1 X57.225 Y56.604 E.0248
G1 X57.169 Y56.081 E.01781
G1 X57.134 Y55.559 E.01773
G1 X57.134 Y54.275 E.04344
G1 X57.253 Y53.045 E.04185
G1 X57.409 Y52.139 E.0311
G1 X58.245 Y52.287 E.02874
G1 X58.179 Y52.61 E.01116
M204 S10000
G1 E-.8 F1800
G1 X57.747 Y57.2 Z4.6 F7200
G1 Z4.2
G1 E.8 F1800
M204 S1500
;TYPE:Inner wall
;WIDTH:0.448578
G1 F1479.078
G1 X57.649 Y56.549 E.02221
G1 X57.593 Y56.045 E.01713
;WIDTH:0.44292
G1 F1500
G1 X57.559 Y55.545 E.01667
G1 X57.559 Y54.294 E.0416
G1 X57.606 Y53.689 E.02018
;WIDTH:0.43778
G1 F1519.526
G1 X57.666 Y53.134 E.01833
;WIDTH:0.440544
G1 F1508.963
G1 X57.745 Y52.629 E.01689
; stop printing object fidget-finger-massager-2000-rods-rod-04.stl id:0 copy 0
; printing object fidget-finger-massager-2000-rods-rod-01.stl id:0 copy 0
M204 S10000
G1 E-.8 F1800
G1 X64.636 Y55.909 Z4.6 F7200
G1 X66.232 Y56.668 Z4.6
G1 Z4.2
G1 E.8 F1800
M204 S500
;TYPE:Outer wall
;WIDTH:0.449999
G1 F1473.915
G1 X66.38 Y57.507 E.02883
G1 X66.015 Y57.581 E.01259
G1 X65.291 Y57.692 E.0248
G1 X64.768 Y57.747 E.01781
G1 X64.245 Y57.782 E.01773
G1 X62.96 Y57.782 E.0435
G1 X62.438 Y57.747 E.01773
G1 X61.914 Y57.692 E.01783
G1 X61.393 Y57.616 E.0178
G1 X60.826 Y57.506 E.01955
G1 X60.973 Y56.671 E.02868
G1 X61.869 Y56.83 E.0308
G1 X62.406 Y56.892 E.01829
G1 X62.974 Y56.932 E.01929
G1 X64.261 Y56.932 E.04355
G1 X64.81 Y56.891 E.01864
G1 X65.643 Y56.782 E.02843
G1 X66.192 Y56.676 E.01894
M204 S10000
G1 X65.887 Y57.169 F7200
M204 S1500
;TYPE:Inner wall
;WIDTH:0.448576
G1 F1479.086
G1 X65.236 Y57.267 E.02221
G1 X64.731 Y57.324 E.01713
;WIDTH:0.442918
G1 F1500.007
G1 X64.231 Y57.357 E.01667
G1 X62.948 Y57.357 E.04268
G1 X62.35 Y57.312 E.01995
;WIDTH:0.439366
G1 F1513.447
G1 X61.82 Y57.25 E.01756
;WIDTH:0.438896
G1 F1515.243
G1 X61.315 Y57.17 E.01686
; stop printing object fidget-finger-massager-2000-rods-rod-01.stl id:0 copy 0
; printing object fidget-finger-massager-2000-rods-rod-02.stl id:0 copy 0
M204 S10000
G1 E-.8 F1800
G1 X66.232 Y53.066 Z4.6 F7200
G1 Z4.2
G1 E.8 F1800
M204 S500
;TYPE:Outer wall
;WIDTH:0.449999
G1 F1473.915
G1 X66.38 Y53.905 E.02883
G1 X66.015 Y53.978 E.01259
G1 X65.291 Y54.089 E.0248
G1 X64.768 Y54.144 E.01781
G1 X64.245 Y54.179 E.01773
G1 X62.96 Y54.179 E.0435
G1 X62.438 Y54.144 E.01773
G1 X61.914 Y54.089 E.01783
G1 X61.393 Y54.013 E.0178
G1 X60.826 Y53.903 E.01955
G1 X60.973 Y53.068 E.02868
G1 X61.869 Y53.228 E.0308
G1 X62.406 Y53.29 E.01829
G1 X62.974 Y53.329 E.01929
G1 X64.261 Y53.329 E.04355
G1 X64.81 Y53.289 E.01864
G1 X65.643 Y53.179 E.02843
G1 X66.192 Y53.073 E.01894
M204 S10000
G1 X65.887 Y53.566 F7200
M204 S1500
;TYPE:Inner wall
;WIDTH:0.448576
G1 F1479.086
G1 X65.236 Y53.664 E.02221
G1 X64.731 Y53.721 E.01713
;WIDTH:0.442918
G1 F1500.007
G1 X64.231 Y53.754 E.01667
G1 X62.948 Y53.754 E.04268
G1 X62.35 Y53.709 E.01995
;WIDTH:0.439366
G1 F1513.447
G1 X61.82 Y53.648 E.01756
;WIDTH:0.438896
G1 F1515.243
G1 X61.315 Y53.567 E.01686
; stop printing object fidget-finger-massager-2000-rods-rod-02.stl id:0 copy 0
; printing object fidget-finger-massager-2000-rods-rod-03.stl id:0 copy 0
M204 S10000
G1 E-.8 F1800
G1 X66.232 Y49.463 Z4.6 F7200
G1 Z4.2
G1 E.8 F1800
M204 S500
;TYPE:Outer wall
;WIDTH:0.449999
G1 F1473.915
G1 X66.38 Y50.302 E.02883
G1 X66.015 Y50.375 E.01259
G1 X65.291 Y50.486 E.0248
G1 X64.768 Y50.542 E.01781
G1 X64.245 Y50.576 E.01773
G1 X62.96 Y50.576 E.0435
G1 X62.438 Y50.542 E.01773
G1 X61.914 Y50.486 E.01783
G1 X61.393 Y50.41 E.0178
G1 X60.826 Y50.3 E.01955
G1 X60.973 Y49.466 E.02868
G1 X61.869 Y49.625 E.0308
G1 X62.406 Y49.687 E.01829
G1 X62.974 Y49.726 E.01929
G1 X64.261 Y49.726 E.04355
G1 X64.81 Y49.686 E.01864
G1 X65.643 Y49.577 E.02843
G1 X66.192 Y49.471 E.01894
M204 S10000
G1 X65.887 Y49.964 F7200
M204 S1500
;TYPE:Inner wall
;WIDTH:0.448576
G1 F1479.086
G1 X65.236 Y50.062 E.02221
G1 X64.731 Y50.118 E.01713
;WIDTH:0.442918
G1 F1500.007
G1 X64.231 Y50.151 E.01667
G1 X62.948 Y50.151 E.04268
G1 X62.35 Y50.107 E.01995
;WIDTH:0.439366
G1 F1513.447
G1 X61.82 Y50.045 E.01756
;WIDTH:0.438896
G1 F1515.243
G1 X61.315 Y49.964 E.01686
; stop printing object fidget-finger-massager-2000-rods-rod-03.stl id:0 copy 0
; printing object fidget-finger-massager-2000-rods-rod-05.stl id:0 copy 0
M204 S10000
G1 E-.8 F1800
G1 X66.232 Y45.86 Z4.6 F7200
G1 Z4.2
G1 E.8 F1800
M204 S500
;TYPE:Outer wall
;WIDTH:0.449999
G1 F1473.915
G1 X66.38 Y46.699 E.02883
G1 X66.015 Y46.773 E.01259
G1 X65.291 Y46.883 E.0248
G1 X64.768 Y46.939 E.01781
G1 X64.245 Y46.974 E.01773
G1 X62.96 Y46.974 E.0435
G1 X62.438 Y46.939 E.01773
G1 X61.914 Y46.883 E.01783
G1 X61.393 Y46.807 E.0178
G1 X60.826 Y46.697 E.01955
G1 X60.973 Y45.863 E.02868
G1 X61.869 Y46.022 E.0308
G1 X62.406 Y46.084 E.01829
G1 X62.974 Y46.124 E.01929
G1 X64.261 Y46.124 E.04355
G1 X64.81 Y46.083 E.01864
G1 X65.643 Y45.974 E.02843
G1 X66.192 Y45.868 E.01894
M204 S10000
G1 X65.887 Y46.361 F7200
M204 S1500
;TYPE:Inner wall
;WIDTH:0.448576
G1 F1479.086
G1 X65.236 Y46.459 E.02221
G1 X64.731 Y46.515 E.01713
;WIDTH:0.442918
G1 F1500.007
G1 X64.231 Y46.549 E.01667
G1 X62.948 Y46.549 E.04268
G1 X62.35 Y46.504 E.01995
;WIDTH:0.439366
G1 F1513.447
G1 X61.82 Y46.442 E.01756
;WIDTH:0.438896
G1 F1515.243
G1 X61.315 Y46.362 E.01686
; stop printing object fidget-finger-massager-2000-rods-rod-05.stl id:0 copy 0
; printing object fidget-finger-massager-2000-rods-rod-09.stl id:0 copy 0
M204 S10000
G1 E-.8 F1800
G1 X66.188 Y42.257 Z4.6 F7200
G1 Z4.2
G1 E.8 F1800
M204 S500
;TYPE:Outer wall
;WIDTH:0.449999
G1 F1473.915
G1 X66.336 Y43.096 E.02883
G1 X65.971 Y43.17 E.01259
G1 X65.247 Y43.281 E.0248
G1 X64.724 Y43.336 E.01781
G1 X64.201 Y43.371 E.01773
G1 X62.916 Y43.371 E.0435
G1 X62.394 Y43.336 E.01773
G1 X61.87 Y43.28 E.01783
G1 X61.349 Y43.205 E.0178
G1 X60.782 Y43.095 E.01955
G1 X60.93 Y42.26 E.02868
G1 X61.825 Y42.419 E.0308
G1 X62.362 Y42.481 E.01829
G1 X62.93 Y42.521 E.01929
G1 X64.217 Y42.521 E.04355
G1 X64.766 Y42.48 E.01864
G1 X65.599 Y42.371 E.02843
G1 X66.148 Y42.265 E.01894
M204 S10000
G1 X65.843 Y42.758 F7200
M204 S1500
;TYPE:Inner wall
;WIDTH:0.448576
G1 F1479.086
G1 X65.192 Y42.856 E.02221
G1 X64.687 Y42.912 E.01713
;WIDTH:0.442918
G1 F1500.007
G1 X64.187 Y42.946 E.01667
G1 X62.904 Y42.946 E.04268
G1 X62.306 Y42.901 E.01995
;WIDTH:0.439366
G1 F1513.447
G1 X61.776 Y42.839 E.01756
;WIDTH:0.438896
G1 F1515.243
G1 X61.271 Y42.759 E.01686
; stop printing object fidget-finger-massager-2000-rods-rod-09.stl id:0 copy 0
; printing object fidget-finger-massager-2000-rods-rod-06.stl id:0 copy 0
M204 S10000
G1 E-.8 F1800
G1 X58.171 Y44.467 Z4.6 F7200
G1 Z4.2
G1 E.8 F1800
M204 S500
;TYPE:Outer wall
;WIDTH:0.449999
G1 F1473.915
G1 X58.086 Y45.001 E.01829
G1 X58.024 Y45.538 E.01829
G1 X57.984 Y46.112 E.01949
G1 X57.984 Y47.393 E.04335
G1 X58.025 Y47.942 E.01864
G1 X58.134 Y48.775 E.02843
G1 X58.248 Y49.363 E.02029
G1 X57.409 Y49.511 E.02883
G1 X57.335 Y49.147 E.01259
M73 P28 R12
G1 X57.225 Y48.423 E.0248
G1 X57.169 Y47.9 E.01781
G1 X57.134 Y47.377 E.01773
G1 X57.134 Y46.094 E.04344
G1 X57.253 Y44.863 E.04185
G1 X57.409 Y43.958 E.0311
G1 X58.245 Y44.105 E.02874
G1 X58.179 Y44.428 E.01116
M204 S10000
G1 E-.8 F1800
G1 X57.747 Y49.019 Z4.6 F7200
G1 Z4.2
G1 E.8 F1800
M204 S1500
;TYPE:Inner wall
;WIDTH:0.448578
G1 F1479.078
G1 X57.649 Y48.368 E.02221
G1 X57.593 Y47.863 E.01713
;WIDTH:0.44292
G1 F1500
G1 X57.559 Y47.363 E.01667
G1 X57.559 Y46.112 E.0416
G1 X57.606 Y45.507 E.02018
;WIDTH:0.43778
G1 F1519.526
G1 X57.666 Y44.952 E.01833
;WIDTH:0.440544
G1 F1508.963
G1 X57.745 Y44.447 E.01689
; stop printing object fidget-finger-massager-2000-rods-rod-06.stl id:0 copy 0
; printing object fidget-finger-massager-2000-rods-rod-08.stl id:0 copy 0
M204 S10000
G1 E-.8 F1800
G1 X54.568 Y44.467 Z4.6 F7200
G1 Z4.2
G1 E.8 F1800
M204 S500
;TYPE:Outer wall
;WIDTH:0.449999
G1 F1473.915
G1 X54.483 Y45.001 E.01829
G1 X54.421 Y45.538 E.01829
G1 X54.381 Y46.112 E.01949
G1 X54.381 Y47.393 E.04335
G1 X54.422 Y47.942 E.01864
G1 X54.531 Y48.775 E.02843
G1 X54.645 Y49.363 E.02029
G1 X53.806 Y49.511 E.02883
G1 X53.732 Y49.147 E.01259
G1 X53.622 Y48.423 E.0248
G1 X53.566 Y47.9 E.01781
G1 X53.531 Y47.377 E.01773
G1 X53.531 Y46.094 E.04344
G1 X53.65 Y44.863 E.04185
G1 X53.806 Y43.958 E.0311
G1 X54.642 Y44.105 E.02874
G1 X54.576 Y44.428 E.01116
M204 S10000
G1 E-.8 F1800
G1 X54.144 Y49.019 Z4.6 F7200
G1 Z4.2
G1 E.8 F1800
M204 S1500
;TYPE:Inner wall
;WIDTH:0.448578
G1 F1479.078
G1 X54.046 Y48.368 E.02221
G1 X53.99 Y47.863 E.01713
;WIDTH:0.44292
G1 F1500
G1 X53.956 Y47.363 E.01667
G1 X53.956 Y46.112 E.0416
G1 X54.003 Y45.507 E.02018
;WIDTH:0.43778
G1 F1519.526
G1 X54.063 Y44.952 E.01833
;WIDTH:0.440544
G1 F1508.963
G1 X54.142 Y44.447 E.01689
; stop printing object fidget-finger-massager-2000-rods-rod-08.stl id:0 copy 0
M106 S240
;LAYER_CHANGE
;Z:4.4
;HEIGHT:0.2
G92 E0
;_SET_FAN_SPEED_CHANGING_LAYER
; printing object fidget-finger-massager-2000-rods-rod-07.stl id:0 copy 0
M204 S10000
G1 E-.8 F1800
G1 X54.538 Y52.07 Z4.8 F7200
G1 X54.568 Y52.647 Z4.8
G1 Z4.4
G1 E.8 F1800
M204 S500
;TYPE:Outer wall
;WIDTH:0.449999
G1 F1473.915
G1 X54.483 Y53.181 E.01831
G1 X54.421 Y53.719 E.01831
G1 X54.381 Y54.291 E.01941
G1 X54.381 Y55.574 E.04345
G1 X54.422 Y56.124 E.01865
G1 X54.529 Y56.946 E.02805
G1 X54.645 Y57.545 E.02066
G1 X53.806 Y57.693 E.02884
G1 X53.733 Y57.333 E.01243
G1 X53.621 Y56.6 E.0251
G1 X53.566 Y56.079 E.01773
G1 X53.531 Y55.559 E.01765
G1 X53.531 Y54.275 E.04346
G1 X53.587 Y53.54 E.02496
G1 X53.697 Y52.712 E.02827
G1 X53.808 Y52.14 E.01972
G1 X54.642 Y52.287 E.02868
G1 X54.576 Y52.608 E.01109
M204 S10000
G1 E-.8 F1800
G1 X54.144 Y57.2 Z4.8 F7200
G1 Z4.4
G1 E.8 F1800
M204 S1500
;TYPE:Inner wall
;WIDTH:0.448398
G1 F1479.735
G1 X54.046 Y56.545 E.02234
G1 X53.956 Y55.744 E.02717
;WIDTH:0.44292
G1 F1500
G1 X53.956 Y54.291 E.04834
G1 X54 Y53.688 E.02011
;WIDTH:0.43762
G1 F1520.142
G1 X54.066 Y53.133 E.01835
;WIDTH:0.437914
G1 F1519.01
G1 X54.144 Y52.628 E.01678
; stop printing object fidget-finger-massager-2000-rods-rod-07.stl id:0 copy 0
; printing object fidget-finger-massager-2000-rods-rod-04.stl id:0 copy 0
M204 S10000
G1 E-.8 F1800
G1 X58.171 Y52.647 Z4.8 F7200
G1 Z4.4
G1 E.8 F1800
M204 S500
;TYPE:Outer wall
;WIDTH:0.449999
G1 F1473.915
G1 X58.086 Y53.181 E.01831
G1 X58.024 Y53.719 E.01831
G1 X57.984 Y54.291 E.01941
G1 X57.984 Y55.574 E.04345
G1 X58.025 Y56.124 E.01865
G1 X58.132 Y56.946 E.02805
G1 X58.248 Y57.545 E.02066
G1 X57.409 Y57.693 E.02884
G1 X57.336 Y57.333 E.01243
G1 X57.224 Y56.6 E.0251
G1 X57.169 Y56.079 E.01773
G1 X57.134 Y55.559 E.01765
G1 X57.134 Y54.275 E.04346
G1 X57.19 Y53.54 E.02496
G1 X57.3 Y52.712 E.02827
G1 X57.411 Y52.14 E.01972
G1 X58.245 Y52.287 E.02868
G1 X58.179 Y52.608 E.01109
M204 S10000
G1 E-.8 F1800
G1 X57.747 Y57.2 Z4.8 F7200
G1 Z4.4
G1 E.8 F1800
M204 S1500
;TYPE:Inner wall
;WIDTH:0.448398
G1 F1479.735
G1 X57.648 Y56.545 E.02234
G1 X57.559 Y55.744 E.02717
;WIDTH:0.44292
G1 F1500
G1 X57.559 Y54.291 E.04834
G1 X57.603 Y53.688 E.02011
;WIDTH:0.43762
G1 F1520.142
G1 X57.668 Y53.133 E.01835
;WIDTH:0.437914
G1 F1519.01
G1 X57.746 Y52.628 E.01678
; stop printing object fidget-finger-massager-2000-rods-rod-04.stl id:0 copy 0
; printing object fidget-finger-massager-2000-rods-rod-01.stl id:0 copy 0
M204 S10000
G1 E-.8 F1800
G1 X64.637 Y55.911 Z4.8 F7200
G1 X66.232 Y56.671 Z4.8
G1 Z4.4
G1 E.8 F1800
M204 S500
;TYPE:Outer wall
;WIDTH:0.449999
G1 F1473.915
G1 X66.38 Y57.507 E.02874
G1 X66.02 Y57.58 E.01243
G1 X65.287 Y57.692 E.0251
G1 X64.766 Y57.747 E.01773
G1 X64.245 Y57.782 E.01765
G1 X62.96 Y57.782 E.0435
G1 X62.44 Y57.747 E.01765
G1 X61.918 Y57.692 E.01776
G1 X61.4 Y57.617 E.01773
G1 X60.827 Y57.506 E.01976
G1 X60.975 Y56.669 E.02877
G1 X61.584 Y56.786 E.02099
G1 X62.405 Y56.892 E.02802
G1 X62.974 Y56.932 E.01932
G1 X64.261 Y56.932 E.04355
G1 X64.808 Y56.892 E.01856
G1 X65.345 Y56.829 E.01831
G1 X66.193 Y56.678 E.02914
M204 S10000
G1 E-.8 F1800
G1 X61.318 Y57.168 Z4.8 F7200
G1 Z4.4
G1 E.8 F1800
M204 S1500
;TYPE:Inner wall
;WIDTH:0.448458
G1 F1479.516
G1 X61.971 Y57.268 E.02228
G1 X62.774 Y57.357 E.02725
;WIDTH:0.442918
G1 F1500.007
G1 X64.231 Y57.357 E.04845
G1 X64.831 Y57.315 E.02
;WIDTH:0.43963
G1 F1512.44
G1 X65.386 Y57.25 E.01844
;WIDTH:0.440452
G1 F1509.313
G1 X65.89 Y57.171 E.01685
; stop printing object fidget-finger-massager-2000-rods-rod-01.stl id:0 copy 0
; printing object fidget-finger-massager-2000-rods-rod-02.stl id:0 copy 0
M204 S10000
G1 E-.8 F1800
G1 X66.232 Y53.068 Z4.8 F7200
G1 Z4.4
G1 E.8 F1800
M204 S500
;TYPE:Outer wall
;WIDTH:0.449999
G1 F1473.915
G1 X66.38 Y53.905 E.02874
G1 X66.02 Y53.977 E.01243
G1 X65.287 Y54.089 E.0251
G1 X64.766 Y54.144 E.01773
G1 X64.245 Y54.179 E.01765
G1 X62.96 Y54.179 E.0435
G1 X62.44 Y54.144 E.01765
G1 X61.918 Y54.089 E.01776
G1 X61.4 Y54.014 E.01773
G1 X60.827 Y53.903 E.01976
G1 X60.975 Y53.066 E.02877
G1 X61.584 Y53.183 E.02099
G1 X62.405 Y53.29 E.02802
G1 X62.974 Y53.329 E.01932
G1 X64.261 Y53.329 E.04355
G1 X64.808 Y53.289 E.01856
G1 X65.345 Y53.226 E.01831
G1 X66.193 Y53.075 E.02914
M204 S10000
G1 E-.8 F1800
G1 X61.318 Y53.565 Z4.8 F7200
G1 Z4.4
G1 E.8 F1800
M204 S1500
;TYPE:Inner wall
;WIDTH:0.448458
G1 F1479.516
G1 X61.971 Y53.665 E.02228
G1 X62.774 Y53.754 E.02725
;WIDTH:0.442918
G1 F1500.007
G1 X64.231 Y53.754 E.04845
G1 X64.831 Y53.712 E.02
;WIDTH:0.43963
G1 F1512.44
G1 X65.386 Y53.647 E.01844
;WIDTH:0.440452
G1 F1509.313
G1 X65.89 Y53.569 E.01685
; stop printing object fidget-finger-massager-2000-rods-rod-02.stl id:0 copy 0
; printing object fidget-finger-massager-2000-rods-rod-03.stl id:0 copy 0
M204 S10000
G1 E-.8 F1800
G1 X66.232 Y49.466 Z4.8 F7200
G1 Z4.4
G1 E.8 F1800
M204 S500
;TYPE:Outer wall
;WIDTH:0.449999
G1 F1473.915
G1 X66.38 Y50.302 E.02874
G1 X66.02 Y50.375 E.01243
G1 X65.287 Y50.487 E.0251
G1 X64.766 Y50.542 E.01773
G1 X64.245 Y50.576 E.01765
G1 X62.96 Y50.576 E.0435
G1 X62.44 Y50.542 E.01765
G1 X61.918 Y50.486 E.01776
G1 X61.4 Y50.411 E.01773
G1 X60.827 Y50.3 E.01976
G1 X60.975 Y49.463 E.02877
G1 X61.584 Y49.58 E.02099
G1 X62.405 Y49.687 E.02802
G1 X62.974 Y49.726 E.01932
G1 X64.261 Y49.726 E.04355
G1 X64.808 Y49.686 E.01856
G1 X65.345 Y49.624 E.01831
G1 X66.193 Y49.473 E.02914
M204 S10000
G1 E-.8 F1800
G1 X61.318 Y49.962 Z4.8 F7200
G1 Z4.4
G1 E.8 F1800
M204 S1500
;TYPE:Inner wall
;WIDTH:0.448458
G1 F1479.516
G1 X61.971 Y50.062 E.02228
G1 X62.774 Y50.151 E.02725
;WIDTH:0.442918
G1 F1500.007
G1 X64.231 Y50.151 E.04845
G1 X64.831 Y50.109 E.02
;WIDTH:0.43963
G1 F1512.44
G1 X65.386 Y50.044 E.01844
;WIDTH:0.440452
G1 F1509.313
G1 X65.89 Y49.966 E.01685
; stop printing object fidget-finger-massager-2000-rods-rod-03.stl id:0 copy 0
; printing object fidget-finger-massager-2000-rods-rod-05.stl id:0 copy 0
M204 S10000
G1 E-.8 F1800
G1 X66.232 Y45.863 Z4.8 F7200
G1 Z4.4
G1 E.8 F1800
M204 S500
;TYPE:Outer wall
;WIDTH:0.449999
G1 F1473.915
G1 X66.38 Y46.699 E.02874
G1 X66.02 Y46.772 E.01243
G1 X65.287 Y46.884 E.0251
G1 X64.766 Y46.939 E.01773
G1 X64.245 Y46.974 E.01765
G1 X62.96 Y46.974 E.0435
G1 X62.44 Y46.939 E.01765
G1 X61.918 Y46.884 E.01776
G1 X61.4 Y46.808 E.01773
G1 X60.827 Y46.697 E.01976
G1 X60.975 Y45.86 E.02877
G1 X61.584 Y45.977 E.02099
G1 X62.405 Y46.084 E.02802
G1 X62.974 Y46.124 E.01932
G1 X64.261 Y46.124 E.04355
G1 X64.808 Y46.083 E.01856
G1 X65.345 Y46.021 E.01831
G1 X66.193 Y45.87 E.02914
M204 S10000
G1 E-.8 F1800
G1 X61.318 Y46.359 Z4.8 F7200
G1 Z4.4
G1 E.8 F1800
M204 S1500
;TYPE:Inner wall
;WIDTH:0.448458
G1 F1479.516
G1 X61.971 Y46.459 E.02228
G1 X62.774 Y46.549 E.02725
;WIDTH:0.442918
G1 F1500.007
G1 X64.231 Y46.549 E.04845
G1 X64.831 Y46.506 E.02
;WIDTH:0.43963
G1 F1512.44
G1 X65.386 Y46.441 E.01844
;WIDTH:0.440452
G1 F1509.313
G1 X65.89 Y46.363 E.01685
; stop printing object fidget-finger-massager-2000-rods-rod-05.stl id:0 copy 0
; printing object fidget-finger-massager-2000-rods-rod-09.stl id:0 copy 0
M204 S10000
G1 E-.8 F1800
M73 P29 R12
G1 X66.188 Y42.26 Z4.8 F7200
G1 Z4.4
G1 E.8 F1800
M204 S500
;TYPE:Outer wall
;WIDTH:0.449999
G1 F1473.915
G1 X66.336 Y43.096 E.02874
G1 X65.976 Y43.169 E.01243
G1 X65.243 Y43.281 E.0251
G1 X64.722 Y43.336 E.01773
G1 X64.201 Y43.371 E.01765
G1 X62.916 Y43.371 E.0435
G1 X62.396 Y43.336 E.01765
G1 X61.874 Y43.281 E.01776
G1 X61.356 Y43.206 E.01773
G1 X60.783 Y43.095 E.01976
G1 X60.931 Y42.258 E.02877
G1 X61.54 Y42.375 E.02099
G1 X62.361 Y42.481 E.02802
G1 X62.93 Y42.521 E.01932
G1 X64.217 Y42.521 E.04355
G1 X64.764 Y42.481 E.01856
G1 X65.301 Y42.418 E.01831
G1 X66.149 Y42.267 E.02914
M204 S10000
G1 E-.8 F1800
G1 X61.274 Y42.757 Z4.8 F7200
G1 Z4.4
G1 E.8 F1800
M204 S1500
;TYPE:Inner wall
;WIDTH:0.448458
G1 F1479.516
G1 X61.927 Y42.856 E.02228
G1 X62.731 Y42.946 E.02725
;WIDTH:0.442918
G1 F1500.007
G1 X64.187 Y42.946 E.04845
G1 X64.787 Y42.904 E.02
;WIDTH:0.43963
G1 F1512.44
G1 X65.342 Y42.839 E.01844
;WIDTH:0.440452
G1 F1509.313
G1 X65.846 Y42.76 E.01685
; stop printing object fidget-finger-massager-2000-rods-rod-09.stl id:0 copy 0
; printing object fidget-finger-massager-2000-rods-rod-06.stl id:0 copy 0
M204 S10000
G1 E-.8 F1800
G1 X58.395 Y44.416 Z4.8 F7200
G1 X58.171 Y44.465 Z4.8
G1 Z4.4
G1 E.8 F1800
M204 S500
;TYPE:Outer wall
;WIDTH:0.449999
G1 F1473.915
G1 X58.086 Y45 E.01831
G1 X58.024 Y45.537 E.01831
G1 X57.984 Y46.109 E.01941
G1 X57.984 Y47.393 E.04345
G1 X58.025 Y47.943 E.01865
G1 X58.132 Y48.764 E.02805
G1 X58.248 Y49.363 E.02066
G1 X57.409 Y49.511 E.02884
G1 X57.336 Y49.151 E.01243
G1 X57.224 Y48.418 E.0251
G1 X57.169 Y47.897 E.01773
G1 X57.134 Y47.377 E.01765
G1 X57.134 Y46.093 E.04346
G1 X57.19 Y45.358 E.02496
G1 X57.3 Y44.53 E.02827
G1 X57.411 Y43.958 E.01972
G1 X58.245 Y44.105 E.02868
G1 X58.179 Y44.426 E.01109
M204 S10000
G1 E-.8 F1800
G1 X57.747 Y49.019 Z4.8 F7200
G1 Z4.4
G1 E.8 F1800
M204 S1500
;TYPE:Inner wall
;WIDTH:0.448398
G1 F1479.735
G1 X57.648 Y48.364 E.02234
G1 X57.559 Y47.563 E.02717
;WIDTH:0.44292
G1 F1500
G1 X57.559 Y46.109 E.04834
G1 X57.603 Y45.506 E.02011
;WIDTH:0.43762
G1 F1520.142
G1 X57.668 Y44.951 E.01835
;WIDTH:0.437914
G1 F1519.01
G1 X57.746 Y44.446 E.01678
; stop printing object fidget-finger-massager-2000-rods-rod-06.stl id:0 copy 0
; printing object fidget-finger-massager-2000-rods-rod-08.stl id:0 copy 0
M204 S10000
G1 E-.8 F1800
G1 X54.568 Y44.465 Z4.8 F7200
G1 Z4.4
G1 E.8 F1800
M204 S500
;TYPE:Outer wall
;WIDTH:0.449999
G1 F1473.915
G1 X54.483 Y45 E.01831
G1 X54.421 Y45.537 E.01831
G1 X54.381 Y46.109 E.01941
G1 X54.381 Y47.393 E.04345
G1 X54.422 Y47.943 E.01865
G1 X54.529 Y48.764 E.02805
G1 X54.645 Y49.363 E.02066
G1 X53.806 Y49.511 E.02884
G1 X53.733 Y49.151 E.01243
G1 X53.621 Y48.418 E.0251
G1 X53.566 Y47.897 E.01773
G1 X53.531 Y47.377 E.01765
G1 X53.531 Y46.093 E.04346
G1 X53.587 Y45.358 E.02496
G1 X53.697 Y44.53 E.02827
G1 X53.808 Y43.958 E.01972
G1 X54.642 Y44.105 E.02868
G1 X54.576 Y44.426 E.01109
M204 S10000
G1 E-.8 F1800
G1 X54.144 Y49.019 Z4.8 F7200
G1 Z4.4
G1 E.8 F1800
M204 S1500
;TYPE:Inner wall
;WIDTH:0.448398
G1 F1479.735
G1 X54.046 Y48.364 E.02234
G1 X53.956 Y47.563 E.02717
;WIDTH:0.44292
G1 F1500
G1 X53.956 Y46.109 E.04834
G1 X54 Y45.506 E.02011
;WIDTH:0.43762
G1 F1520.142
G1 X54.066 Y44.951 E.01835
;WIDTH:0.437914
G1 F1519.01
G1 X54.144 Y44.446 E.01678
; stop printing object fidget-finger-massager-2000-rods-rod-08.stl id:0 copy 0
M106 S242
;LAYER_CHANGE
;Z:4.6
;HEIGHT:0.2
G92 E0
;_SET_FAN_SPEED_CHANGING_LAYER
; printing object fidget-finger-massager-2000-rods-rod-07.stl id:0 copy 0
M204 S10000
G1 E-.8 F1800
G1 X54.539 Y52.069 Z5 F7200
G1 X54.569 Y52.645 Z5
G1 Z4.6
G1 E.8 F1800
M204 S500
;TYPE:Outer wall
;WIDTH:0.449999
G1 F1473.915
G1 X54.483 Y53.18 E.01833
G1 X54.421 Y53.718 E.01834
G1 X54.381 Y54.291 E.01944
G1 X54.381 Y55.574 E.04344
G1 X54.422 Y56.125 E.01867
G1 X54.528 Y56.935 E.02766
G1 X54.645 Y57.545 E.02103
G1 X53.806 Y57.693 E.02884
G1 X53.734 Y57.338 E.01227
G1 X53.621 Y56.596 E.0254
G1 X53.566 Y56.077 E.01766
G1 X53.531 Y55.559 E.01758
G1 X53.531 Y54.275 E.04346
G1 X53.588 Y53.531 E.02526
G1 X53.696 Y52.718 E.02774
G1 X53.808 Y52.14 E.01994
G1 X54.642 Y52.287 E.02868
G1 X54.577 Y52.606 E.01103
M204 S10000
G1 E-.8 F1800
G1 X54.144 Y57.2 Z5 F7200
G1 Z4.6
G1 E.8 F1800
M204 S1500
;TYPE:Inner wall
;WIDTH:0.44822
G1 F1480.385
G1 X54.045 Y56.541 E.02247
G1 X53.956 Y55.743 E.02707
;WIDTH:0.44292
G1 F1500
G1 X53.956 Y54.291 E.04828
G1 X54 Y53.687 E.02013
;WIDTH:0.437432
G1 F1520.866
G1 X54.066 Y53.131 E.01836
;WIDTH:0.437794
G1 F1519.472
G1 X54.144 Y52.628 E.01673
; stop printing object fidget-finger-massager-2000-rods-rod-07.stl id:0 copy 0
; printing object fidget-finger-massager-2000-rods-rod-04.stl id:0 copy 0
M204 S10000
G1 E-.8 F1800
G1 X58.171 Y52.645 Z5 F7200
G1 Z4.6
G1 E.8 F1800
M204 S500
;TYPE:Outer wall
;WIDTH:0.449999
G1 F1473.915
G1 X58.086 Y53.18 E.01833
G1 X58.024 Y53.718 E.01834
G1 X57.984 Y54.291 E.01944
G1 X57.984 Y55.574 E.04344
G1 X58.025 Y56.125 E.01867
G1 X58.131 Y56.935 E.02766
G1 X58.248 Y57.545 E.02103
G1 X57.409 Y57.693 E.02884
G1 X57.337 Y57.338 E.01227
G1 X57.223 Y56.596 E.0254
G1 X57.169 Y56.077 E.01766
G1 X57.134 Y55.559 E.01758
G1 X57.134 Y54.275 E.04346
G1 X57.191 Y53.531 E.02526
G1 X57.299 Y52.718 E.02774
G1 X57.411 Y52.14 E.01994
G1 X58.245 Y52.287 E.02868
G1 X58.179 Y52.606 E.01103
M204 S10000
G1 E-.8 F1800
G1 X57.747 Y57.2 Z5 F7200
G1 Z4.6
G1 E.8 F1800
M204 S1500
;TYPE:Inner wall
;WIDTH:0.44822
G1 F1480.385
G1 X57.648 Y56.541 E.02247
G1 X57.559 Y55.743 E.02707
;WIDTH:0.44292
G1 F1500
G1 X57.559 Y54.291 E.04828
G1 X57.603 Y53.687 E.02013
;WIDTH:0.437432
G1 F1520.866
G1 X57.668 Y53.131 E.01836
;WIDTH:0.437794
G1 F1519.472
G1 X57.746 Y52.628 E.01673
; stop printing object fidget-finger-massager-2000-rods-rod-04.stl id:0 copy 0
; printing object fidget-finger-massager-2000-rods-rod-01.stl id:0 copy 0
M204 S10000
G1 E-.8 F1800
G1 X64.637 Y55.911 Z5 F7200
G1 X66.232 Y56.671 Z5
G1 Z4.6
G1 E.8 F1800
M204 S500
;TYPE:Outer wall
;WIDTH:0.449999
G1 F1473.915
G1 X66.38 Y57.507 E.02874
G1 X66.024 Y57.579 E.01227
G1 X65.282 Y57.693 E.0254
G1 X64.764 Y57.747 E.01766
G1 X64.245 Y57.782 E.01758
G1 X62.96 Y57.782 E.0435
G1 X62.442 Y57.747 E.01758
G1 X61.922 Y57.693 E.01769
G1 X61.406 Y57.618 E.01766
G1 X60.827 Y57.506 E.01998
G1 X60.975 Y56.669 E.02878
G1 X61.595 Y56.787 E.02136
G1 X62.404 Y56.892 E.02763
G1 X62.974 Y56.932 E.01934
G1 X64.261 Y56.932 E.04355
G1 X64.809 Y56.892 E.01858
G1 X65.347 Y56.829 E.01834
G1 X66.193 Y56.678 E.02909
M204 S10000
G1 X65.89 Y57.171 F7200
M204 S1500
;TYPE:Inner wall
;WIDTH:0.440356
G1 F1509.677
G1 X65.388 Y57.249 E.0168
;WIDTH:0.43961
G1 F1512.516
G1 X64.832 Y57.315 E.01846
;WIDTH:0.442918
G1 F1500.007
G1 X64.231 Y57.357 E.02002
G1 X62.776 Y57.357 E.04839
;WIDTH:0.448282
G1 F1480.159
G1 X61.975 Y57.268 E.02715
G1 X61.318 Y57.168 E.0224
; stop printing object fidget-finger-massager-2000-rods-rod-01.stl id:0 copy 0
; printing object fidget-finger-massager-2000-rods-rod-02.stl id:0 copy 0
M204 S10000
G1 E-.8 F1800
G1 X66.232 Y53.068 Z5 F7200
G1 Z4.6
G1 E.8 F1800
M204 S500
;TYPE:Outer wall
;WIDTH:0.449999
G1 F1473.915
G1 X66.38 Y53.905 E.02874
G1 X66.024 Y53.977 E.01227
G1 X65.282 Y54.09 E.0254
G1 X64.764 Y54.145 E.01766
G1 X64.245 Y54.179 E.01758
G1 X62.96 Y54.179 E.0435
G1 X62.442 Y54.145 E.01758
G1 X61.922 Y54.09 E.01769
G1 X61.406 Y54.015 E.01766
G1 X60.827 Y53.903 E.01998
G1 X60.975 Y53.066 E.02878
G1 X61.595 Y53.185 E.02136
G1 X62.404 Y53.29 E.02763
G1 X62.974 Y53.329 E.01934
G1 X64.261 Y53.329 E.04355
G1 X64.809 Y53.289 E.01858
G1 X65.347 Y53.226 E.01834
G1 X66.193 Y53.075 E.02909
M204 S10000
G1 X65.89 Y53.568 F7200
M204 S1500
;TYPE:Inner wall
;WIDTH:0.440356
G1 F1509.677
G1 X65.388 Y53.647 E.0168
;WIDTH:0.43961
G1 F1512.516
G1 X64.832 Y53.712 E.01846
;WIDTH:0.442918
G1 F1500.007
G1 X64.231 Y53.754 E.02002
G1 X62.776 Y53.754 E.04839
;WIDTH:0.448282
G1 F1480.159
G1 X61.975 Y53.665 E.02715
G1 X61.318 Y53.565 E.0224
; stop printing object fidget-finger-massager-2000-rods-rod-02.stl id:0 copy 0
; printing object fidget-finger-massager-2000-rods-rod-03.stl id:0 copy 0
M204 S10000
G1 E-.8 F1800
G1 X66.232 Y49.466 Z5 F7200
G1 Z4.6
G1 E.8 F1800
M204 S500
;TYPE:Outer wall
;WIDTH:0.449999
G1 F1473.915
G1 X66.38 Y50.302 E.02874
G1 X66.024 Y50.374 E.01227
G1 X65.282 Y50.487 E.0254
G1 X64.764 Y50.542 E.01766
G1 X64.245 Y50.576 E.01758
G1 X62.96 Y50.576 E.0435
G1 X62.442 Y50.542 E.01758
G1 X61.922 Y50.487 E.01769
G1 X61.406 Y50.412 E.01766
G1 X60.827 Y50.3 E.01998
G1 X60.975 Y49.463 E.02878
G1 X61.595 Y49.582 E.02136
G1 X62.404 Y49.687 E.02763
G1 X62.974 Y49.726 E.01934
G1 X64.261 Y49.726 E.04355
G1 X64.809 Y49.686 E.01858
G1 X65.347 Y49.623 E.01834
G1 X66.193 Y49.473 E.02909
M204 S10000
G1 X65.89 Y49.966 F7200
M204 S1500
;TYPE:Inner wall
;WIDTH:0.440356
G1 F1509.677
G1 X65.388 Y50.044 E.0168
;WIDTH:0.43961
G1 F1512.516
G1 X64.832 Y50.109 E.01846
;WIDTH:0.442918
G1 F1500.007
G1 X64.231 Y50.151 E.02002
G1 X62.776 Y50.151 E.04839
;WIDTH:0.448282
G1 F1480.159
G1 X61.975 Y50.063 E.02715
G1 X61.318 Y49.962 E.0224
; stop printing object fidget-finger-massager-2000-rods-rod-03.stl id:0 copy 0
; printing object fidget-finger-massager-2000-rods-rod-05.stl id:0 copy 0
M204 S10000
G1 E-.8 F1800
G1 X66.232 Y45.863 Z5 F7200
G1 Z4.6
G1 E.8 F1800
M73 P30 R12
M204 S500
;TYPE:Outer wall
;WIDTH:0.449999
G1 F1473.915
G1 X66.38 Y46.699 E.02874
G1 X66.024 Y46.771 E.01227
G1 X65.282 Y46.884 E.0254
G1 X64.764 Y46.939 E.01766
G1 X64.245 Y46.974 E.01758
G1 X62.96 Y46.974 E.0435
G1 X62.442 Y46.939 E.01758
G1 X61.922 Y46.884 E.01769
G1 X61.406 Y46.809 E.01766
G1 X60.827 Y46.697 E.01998
G1 X60.975 Y45.86 E.02878
G1 X61.595 Y45.979 E.02136
G1 X62.404 Y46.084 E.02763
G1 X62.974 Y46.124 E.01934
G1 X64.261 Y46.124 E.04355
G1 X64.809 Y46.083 E.01858
G1 X65.347 Y46.021 E.01834
G1 X66.193 Y45.87 E.02909
M204 S10000
G1 X65.89 Y46.363 F7200
M204 S1500
;TYPE:Inner wall
;WIDTH:0.440356
G1 F1509.677
G1 X65.388 Y46.441 E.0168
;WIDTH:0.43961
G1 F1512.516
G1 X64.832 Y46.506 E.01846
;WIDTH:0.442918
G1 F1500.007
G1 X64.231 Y46.549 E.02002
G1 X62.776 Y46.549 E.04839
;WIDTH:0.448282
G1 F1480.159
G1 X61.975 Y46.46 E.02715
G1 X61.318 Y46.359 E.0224
; stop printing object fidget-finger-massager-2000-rods-rod-05.stl id:0 copy 0
; printing object fidget-finger-massager-2000-rods-rod-09.stl id:0 copy 0
M204 S10000
G1 E-.8 F1800
G1 X66.188 Y42.26 Z5 F7200
G1 Z4.6
G1 E.8 F1800
M204 S500
;TYPE:Outer wall
;WIDTH:0.449999
G1 F1473.915
G1 X66.336 Y43.096 E.02874
G1 X65.98 Y43.168 E.01227
G1 X65.238 Y43.282 E.0254
G1 X64.72 Y43.336 E.01766
G1 X64.201 Y43.371 E.01758
G1 X62.916 Y43.371 E.0435
G1 X62.398 Y43.336 E.01758
G1 X61.878 Y43.281 E.01769
G1 X61.362 Y43.207 E.01766
G1 X60.783 Y43.094 E.01998
G1 X60.931 Y42.257 E.02878
G1 X61.551 Y42.376 E.02136
G1 X62.361 Y42.481 E.02763
G1 X62.93 Y42.521 E.01934
G1 X64.217 Y42.521 E.04355
G1 X64.765 Y42.481 E.01858
G1 X65.303 Y42.418 E.01834
G1 X66.149 Y42.267 E.02909
M204 S10000
G1 X65.846 Y42.76 F7200
M204 S1500
;TYPE:Inner wall
;WIDTH:0.440356
G1 F1509.677
G1 X65.344 Y42.838 E.0168
;WIDTH:0.43961
G1 F1512.516
G1 X64.788 Y42.903 E.01846
;WIDTH:0.442918
G1 F1500.007
G1 X64.187 Y42.946 E.02002
G1 X62.732 Y42.946 E.04839
;WIDTH:0.448282
G1 F1480.159
G1 X61.932 Y42.857 E.02715
G1 X61.275 Y42.757 E.0224
; stop printing object fidget-finger-massager-2000-rods-rod-09.stl id:0 copy 0
; printing object fidget-finger-massager-2000-rods-rod-06.stl id:0 copy 0
M204 S10000
G1 E-.8 F1800
G1 X58.171 Y44.464 Z5 F7200
G1 Z4.6
G1 E.8 F1800
M204 S500
;TYPE:Outer wall
;WIDTH:0.449999
G1 F1473.915
G1 X58.086 Y44.998 E.01833
G1 X58.024 Y45.537 E.01834
G1 X57.984 Y46.109 E.01944
G1 X57.984 Y47.393 E.04344
G1 X58.025 Y47.943 E.01867
G1 X58.131 Y48.753 E.02766
G1 X58.248 Y49.363 E.02103
G1 X57.409 Y49.511 E.02884
G1 X57.337 Y49.156 E.01227
G1 X57.223 Y48.414 E.0254
G1 X57.169 Y47.895 E.01766
G1 X57.134 Y47.377 E.01758
G1 X57.134 Y46.093 E.04346
G1 X57.191 Y45.349 E.02526
G1 X57.299 Y44.537 E.02774
G1 X57.411 Y43.958 E.01994
G1 X58.245 Y44.105 E.02868
G1 X58.179 Y44.424 E.01103
M204 S10000
G1 E-.8 F1800
G1 X57.747 Y49.019 Z5 F7200
G1 Z4.6
G1 E.8 F1800
M204 S1500
;TYPE:Inner wall
;WIDTH:0.44822
G1 F1480.385
G1 X57.648 Y48.359 E.02247
G1 X57.559 Y47.561 E.02707
;WIDTH:0.44292
G1 F1500
G1 X57.559 Y46.109 E.04828
G1 X57.603 Y45.506 E.02013
;WIDTH:0.437432
G1 F1520.866
G1 X57.668 Y44.95 E.01836
;WIDTH:0.437794
G1 F1519.472
G1 X57.746 Y44.446 E.01673
; stop printing object fidget-finger-massager-2000-rods-rod-06.stl id:0 copy 0
; printing object fidget-finger-massager-2000-rods-rod-08.stl id:0 copy 0
M204 S10000
G1 E-.8 F1800
G1 X54.569 Y44.464 Z5 F7200
G1 Z4.6
G1 E.8 F1800
M204 S500
;TYPE:Outer wall
;WIDTH:0.449999
G1 F1473.915
G1 X54.483 Y44.998 E.01833
G1 X54.421 Y45.537 E.01834
G1 X54.381 Y46.109 E.01944
G1 X54.381 Y47.393 E.04344
G1 X54.422 Y47.943 E.01867
G1 X54.528 Y48.753 E.02766
G1 X54.645 Y49.363 E.02103
G1 X53.806 Y49.511 E.02884
G1 X53.734 Y49.156 E.01227
G1 X53.621 Y48.414 E.0254
G1 X53.566 Y47.895 E.01766
G1 X53.531 Y47.377 E.01758
G1 X53.531 Y46.093 E.04346
G1 X53.588 Y45.349 E.02526
G1 X53.696 Y44.537 E.02774
G1 X53.808 Y43.958 E.01994
G1 X54.642 Y44.105 E.02868
G1 X54.577 Y44.424 E.01103
M204 S10000
G1 E-.8 F1800
G1 X54.144 Y49.019 Z5 F7200
G1 Z4.6
G1 E.8 F1800
M204 S1500
;TYPE:Inner wall
;WIDTH:0.44822
G1 F1480.385
G1 X54.045 Y48.359 E.02247
G1 X53.956 Y47.561 E.02707
;WIDTH:0.44292
G1 F1500
G1 X53.956 Y46.109 E.04828
G1 X54 Y45.506 E.02013
;WIDTH:0.437432
G1 F1520.866
G1 X54.066 Y44.95 E.01836
;WIDTH:0.437794
G1 F1519.472
G1 X54.144 Y44.446 E.01673
; stop printing object fidget-finger-massager-2000-rods-rod-08.stl id:0 copy 0
;LAYER_CHANGE
;Z:4.8
;HEIGHT:0.2
G92 E0
;_SET_FAN_SPEED_CHANGING_LAYER
; printing object fidget-finger-massager-2000-rods-rod-07.stl id:0 copy 0
M204 S10000
G1 E-.8 F1800
G1 X54.539 Y52.068 Z5.2 F7200
G1 X54.569 Y52.643 Z5.2
G1 Z4.8
G1 E.8 F1800
M204 S500
;TYPE:Outer wall
;WIDTH:0.449999
G1 F1473.915
G1 X54.484 Y53.179 E.01836
G1 X54.421 Y53.718 E.01836
G1 X54.381 Y54.291 E.01946
G1 X54.381 Y55.574 E.04344
G1 X54.422 Y56.125 E.01869
G1 X54.526 Y56.924 E.02727
G1 X54.645 Y57.545 E.0214
G1 X53.806 Y57.693 E.02885
G1 X53.652 Y56.829 E.02972
G1 X53.566 Y56.074 E.02572
G1 X53.531 Y55.559 E.01747
G1 X53.531 Y54.275 E.04346
G1 X53.589 Y53.522 E.02557
G1 X53.695 Y52.725 E.02722
G1 X53.808 Y52.14 E.02016
G1 X54.642 Y52.287 E.02868
G1 X54.577 Y52.604 E.01096
M204 S10000
G1 E-.8 F1800
G1 X54.144 Y57.2 Z5.2 F7200
G1 Z4.8
G1 E.8 F1800
M204 S1500
;TYPE:Inner wall
;WIDTH:0.446654
G1 F1486.127
G1 X54.003 Y56.179 E.03458
;WIDTH:0.44292
G1 F1500
G1 X53.956 Y55.572 E.02025
G1 X53.956 Y54.291 E.04261
G1 X54 Y53.687 E.02016
;WIDTH:0.437248
G1 F1521.576
G1 X54.066 Y53.13 E.01837
;WIDTH:0.437678
G1 F1519.919
G1 X54.144 Y52.628 E.01669
; stop printing object fidget-finger-massager-2000-rods-rod-07.stl id:0 copy 0
; printing object fidget-finger-massager-2000-rods-rod-04.stl id:0 copy 0
M204 S10000
G1 E-.8 F1800
G1 X58.172 Y52.643 Z5.2 F7200
G1 Z4.8
G1 E.8 F1800
M204 S500
;TYPE:Outer wall
;WIDTH:0.449999
G1 F1473.915
G1 X58.086 Y53.179 E.01836
G1 X58.024 Y53.718 E.01836
G1 X57.984 Y54.291 E.01946
G1 X57.984 Y55.574 E.04344
G1 X58.025 Y56.125 E.01869
G1 X58.129 Y56.924 E.02727
G1 X58.248 Y57.545 E.0214
G1 X57.409 Y57.693 E.02885
G1 X57.255 Y56.829 E.02972
G1 X57.168 Y56.074 E.02572
G1 X57.134 Y55.559 E.01747
G1 X57.134 Y54.275 E.04346
G1 X57.192 Y53.522 E.02557
G1 X57.298 Y52.725 E.02722
G1 X57.411 Y52.14 E.02016
G1 X58.245 Y52.287 E.02868
G1 X58.18 Y52.604 E.01096
M204 S10000
G1 E-.8 F1800
G1 X57.747 Y57.2 Z5.2 F7200
G1 Z4.8
G1 E.8 F1800
M204 S1500
;TYPE:Inner wall
;WIDTH:0.446654
G1 F1486.127
G1 X57.606 Y56.179 E.03458
;WIDTH:0.44292
G1 F1500
G1 X57.559 Y55.572 E.02025
G1 X57.559 Y54.291 E.04261
G1 X57.603 Y53.687 E.02016
;WIDTH:0.437248
G1 F1521.576
G1 X57.668 Y53.13 E.01837
;WIDTH:0.437678
G1 F1519.919
G1 X57.747 Y52.628 E.01669
; stop printing object fidget-finger-massager-2000-rods-rod-04.stl id:0 copy 0
; printing object fidget-finger-massager-2000-rods-rod-01.stl id:0 copy 0
M204 S10000
G1 E-.8 F1800
G1 X64.638 Y55.909 Z5.2 F7200
G1 X66.232 Y56.668 Z5.2
G1 Z4.8
G1 E.8 F1800
M204 S500
;TYPE:Outer wall
;WIDTH:0.449999
G1 F1473.915
G1 X66.38 Y57.507 E.02885
G1 X65.515 Y57.661 E.02972
G1 X64.76 Y57.748 E.02572
G1 X64.245 Y57.782 E.01747
G1 X62.96 Y57.782 E.0435
G1 X62.444 Y57.748 E.01751
G1 X61.927 Y57.693 E.01762
G1 X61.413 Y57.619 E.01758
G1 X60.826 Y57.505 E.02021
G1 X60.973 Y56.671 E.02868
G1 X61.865 Y56.83 E.03067
G1 X62.404 Y56.892 E.01836
G1 X62.974 Y56.932 E.01935
G1 X64.261 Y56.932 E.04355
G1 X64.812 Y56.891 E.01869
G1 X65.611 Y56.787 E.02727
G1 X66.192 Y56.676 E.02005
M204 S10000
G1 X65.886 Y57.169 F7200
M204 S1500
;TYPE:Inner wall
;WIDTH:0.446762
G1 F1485.729
G1 X64.833 Y57.314 E.03572
;WIDTH:0.442918
G1 F1500.007
G1 X64.231 Y57.357 E.02006
G1 X62.948 Y57.357 E.04269
G1 X62.347 Y57.312 E.02001
;WIDTH:0.439316
G1 F1513.638
G1 X61.817 Y57.25 E.01762
;WIDTH:0.438792
G1 F1515.641
G1 X61.314 Y57.17 E.01674
; stop printing object fidget-finger-massager-2000-rods-rod-01.stl id:0 copy 0
; printing object fidget-finger-massager-2000-rods-rod-02.stl id:0 copy 0
M204 S10000
G1 E-.8 F1800
G1 X66.232 Y53.065 Z5.2 F7200
G1 Z4.8
G1 E.8 F1800
M204 S500
;TYPE:Outer wall
;WIDTH:0.449999
G1 F1473.915
G1 X66.38 Y53.905 E.02885
G1 X65.515 Y54.058 E.02972
G1 X64.76 Y54.145 E.02572
G1 X64.245 Y54.179 E.01747
G1 X62.96 Y54.179 E.0435
G1 X62.444 Y54.145 E.01751
G1 X61.927 Y54.09 E.01762
G1 X61.413 Y54.016 E.01758
G1 X60.826 Y53.903 E.02021
G1 X60.973 Y53.068 E.02868
G1 X61.865 Y53.227 E.03067
G1 X62.404 Y53.29 E.01836
G1 X62.974 Y53.329 E.01935
G1 X64.261 Y53.329 E.04355
G1 X64.812 Y53.288 E.01869
G1 X65.611 Y53.185 E.02727
G1 X66.192 Y53.073 E.02005
M204 S10000
G1 X65.886 Y53.566 F7200
M204 S1500
;TYPE:Inner wall
;WIDTH:0.446762
G1 F1485.729
G1 X64.833 Y53.711 E.03572
;WIDTH:0.442918
G1 F1500.007
G1 X64.231 Y53.754 E.02006
G1 X62.948 Y53.754 E.04269
G1 X62.347 Y53.709 E.02001
;WIDTH:0.439316
G1 F1513.638
G1 X61.817 Y53.647 E.01762
;WIDTH:0.438792
G1 F1515.641
G1 X61.314 Y53.567 E.01674
; stop printing object fidget-finger-massager-2000-rods-rod-02.stl id:0 copy 0
; printing object fidget-finger-massager-2000-rods-rod-03.stl id:0 copy 0
M204 S10000
G1 E-.8 F1800
G1 X66.232 Y49.463 Z5.2 F7200
G1 Z4.8
G1 E.8 F1800
M204 S500
;TYPE:Outer wall
;WIDTH:0.449999
G1 F1473.915
G1 X66.38 Y50.302 E.02885
G1 X65.515 Y50.456 E.02972
G1 X64.76 Y50.542 E.02572
G1 X64.245 Y50.576 E.01747
G1 X62.96 Y50.576 E.0435
G1 X62.444 Y50.542 E.01751
G1 X61.927 Y50.488 E.01762
G1 X61.413 Y50.413 E.01758
G1 X60.826 Y50.3 E.02021
G1 X60.973 Y49.466 E.02868
G1 X61.865 Y49.624 E.03067
G1 X62.404 Y49.687 E.01836
G1 X62.974 Y49.726 E.01935
G1 X64.261 Y49.726 E.04355
G1 X64.812 Y49.686 E.01869
M73 P31 R12
G1 X65.611 Y49.582 E.02727
G1 X66.192 Y49.47 E.02005
M204 S10000
G1 X65.886 Y49.964 F7200
M204 S1500
;TYPE:Inner wall
;WIDTH:0.446762
G1 F1485.729
G1 X64.833 Y50.108 E.03572
;WIDTH:0.442918
G1 F1500.007
G1 X64.231 Y50.151 E.02006
G1 X62.948 Y50.151 E.04269
G1 X62.347 Y50.106 E.02001
;WIDTH:0.439316
G1 F1513.638
G1 X61.817 Y50.044 E.01762
;WIDTH:0.438792
G1 F1515.641
G1 X61.314 Y49.964 E.01674
; stop printing object fidget-finger-massager-2000-rods-rod-03.stl id:0 copy 0
; printing object fidget-finger-massager-2000-rods-rod-05.stl id:0 copy 0
M204 S10000
G1 E-.8 F1800
G1 X66.232 Y45.86 Z5.2 F7200
G1 Z4.8
G1 E.8 F1800
M204 S500
;TYPE:Outer wall
;WIDTH:0.449999
G1 F1473.915
G1 X66.38 Y46.699 E.02885
G1 X65.515 Y46.853 E.02972
G1 X64.76 Y46.939 E.02572
G1 X64.245 Y46.974 E.01747
G1 X62.96 Y46.974 E.0435
G1 X62.444 Y46.939 E.01751
G1 X61.927 Y46.885 E.01762
G1 X61.413 Y46.81 E.01758
G1 X60.826 Y46.697 E.02021
G1 X60.973 Y45.863 E.02868
G1 X61.865 Y46.021 E.03067
G1 X62.404 Y46.084 E.01836
G1 X62.974 Y46.124 E.01935
G1 X64.261 Y46.124 E.04355
G1 X64.812 Y46.083 E.01869
G1 X65.611 Y45.979 E.02727
G1 X66.192 Y45.867 E.02005
M204 S10000
G1 X65.886 Y46.361 F7200
M204 S1500
;TYPE:Inner wall
;WIDTH:0.446762
G1 F1485.729
G1 X64.833 Y46.506 E.03572
;WIDTH:0.442918
G1 F1500.007
G1 X64.231 Y46.549 E.02006
G1 X62.948 Y46.549 E.04269
G1 X62.347 Y46.504 E.02001
;WIDTH:0.439316
G1 F1513.638
G1 X61.817 Y46.442 E.01762
;WIDTH:0.438792
G1 F1515.641
G1 X61.314 Y46.361 E.01674
; stop printing object fidget-finger-massager-2000-rods-rod-05.stl id:0 copy 0
; printing object fidget-finger-massager-2000-rods-rod-09.stl id:0 copy 0
M204 S10000
G1 E-.8 F1800
G1 X66.188 Y42.257 Z5.2 F7200
G1 Z4.8
G1 E.8 F1800
M204 S500
;TYPE:Outer wall
;WIDTH:0.449999
G1 F1473.915
G1 X66.336 Y43.096 E.02885
G1 X65.471 Y43.25 E.02972
G1 X64.716 Y43.337 E.02572
G1 X64.201 Y43.371 E.01747
G1 X62.916 Y43.371 E.0435
G1 X62.4 Y43.337 E.01751
G1 X61.883 Y43.282 E.01762
G1 X61.369 Y43.208 E.01758
G1 X60.782 Y43.094 E.02021
G1 X60.93 Y42.26 E.02868
G1 X61.822 Y42.419 E.03067
G1 X62.36 Y42.481 E.01836
G1 X62.93 Y42.521 E.01935
G1 X64.217 Y42.521 E.04355
G1 X64.768 Y42.48 E.01869
G1 X65.567 Y42.376 E.02727
G1 X66.148 Y42.265 E.02005
M204 S10000
G1 X65.843 Y42.758 F7200
M204 S1500
;TYPE:Inner wall
;WIDTH:0.446762
G1 F1485.729
G1 X64.789 Y42.903 E.03572
;WIDTH:0.442918
G1 F1500.007
G1 X64.187 Y42.946 E.02006
G1 X62.904 Y42.946 E.04269
G1 X62.304 Y42.901 E.02001
;WIDTH:0.439316
G1 F1513.638
G1 X61.773 Y42.839 E.01762
;WIDTH:0.438792
G1 F1515.641
G1 X61.271 Y42.759 E.01674
; stop printing object fidget-finger-massager-2000-rods-rod-09.stl id:0 copy 0
; printing object fidget-finger-massager-2000-rods-rod-06.stl id:0 copy 0
M204 S10000
G1 E-.8 F1800
G1 X58.172 Y44.462 Z5.2 F7200
G1 Z4.8
G1 E.8 F1800
M204 S500
;TYPE:Outer wall
;WIDTH:0.449999
G1 F1473.915
G1 X58.086 Y44.997 E.01836
G1 X58.024 Y45.536 E.01836
G1 X57.984 Y46.11 E.01946
G1 X57.984 Y47.393 E.04344
G1 X58.025 Y47.944 E.01869
G1 X58.129 Y48.743 E.02727
G1 X58.248 Y49.363 E.0214
G1 X57.409 Y49.511 E.02885
G1 X57.255 Y48.647 E.02972
G1 X57.168 Y47.892 E.02572
G1 X57.134 Y47.377 E.01747
G1 X57.134 Y46.093 E.04346
G1 X57.192 Y45.34 E.02557
G1 X57.298 Y44.543 E.02722
G1 X57.411 Y43.958 E.02016
G1 X58.245 Y44.105 E.02868
G1 X58.18 Y44.423 E.01096
M204 S10000
G1 E-.8 F1800
G1 X57.747 Y49.018 Z5.2 F7200
G1 Z4.8
G1 E.8 F1800
M204 S1500
;TYPE:Inner wall
;WIDTH:0.446654
G1 F1486.127
G1 X57.606 Y47.998 E.03458
;WIDTH:0.44292
G1 F1500
G1 X57.559 Y47.391 E.02025
G1 X57.559 Y46.11 E.04261
G1 X57.603 Y45.505 E.02016
;WIDTH:0.437248
G1 F1521.576
G1 X57.668 Y44.949 E.01837
;WIDTH:0.437678
G1 F1519.919
G1 X57.747 Y44.446 E.01669
; stop printing object fidget-finger-massager-2000-rods-rod-06.stl id:0 copy 0
; printing object fidget-finger-massager-2000-rods-rod-08.stl id:0 copy 0
M204 S10000
G1 E-.8 F1800
G1 X54.569 Y44.462 Z5.2 F7200
G1 Z4.8
G1 E.8 F1800
M204 S500
;TYPE:Outer wall
;WIDTH:0.449999
G1 F1473.915
G1 X54.484 Y44.997 E.01836
G1 X54.421 Y45.536 E.01836
G1 X54.381 Y46.11 E.01946
G1 X54.381 Y47.393 E.04344
G1 X54.422 Y47.944 E.01869
G1 X54.526 Y48.743 E.02727
G1 X54.645 Y49.363 E.0214
G1 X53.806 Y49.511 E.02885
G1 X53.652 Y48.647 E.02972
G1 X53.566 Y47.892 E.02572
G1 X53.531 Y47.377 E.01747
G1 X53.531 Y46.093 E.04346
G1 X53.589 Y45.34 E.02557
G1 X53.695 Y44.543 E.02722
G1 X53.808 Y43.958 E.02016
G1 X54.642 Y44.105 E.02868
G1 X54.577 Y44.423 E.01096
M204 S10000
G1 E-.8 F1800
G1 X54.144 Y49.018 Z5.2 F7200
G1 Z4.8
G1 E.8 F1800
M204 S1500
;TYPE:Inner wall
;WIDTH:0.446654
G1 F1486.127
G1 X54.003 Y47.998 E.03458
;WIDTH:0.44292
G1 F1500
G1 X53.956 Y47.391 E.02025
G1 X53.956 Y46.11 E.04261
G1 X54 Y45.505 E.02016
;WIDTH:0.437248
G1 F1521.576
G1 X54.066 Y44.949 E.01837
;WIDTH:0.437678
G1 F1519.919
G1 X54.144 Y44.446 E.01669
; stop printing object fidget-finger-massager-2000-rods-rod-08.stl id:0 copy 0
;LAYER_CHANGE
;Z:5
;HEIGHT:0.2
G92 E0
;_SET_FAN_SPEED_CHANGING_LAYER
; printing object fidget-finger-massager-2000-rods-rod-07.stl id:0 copy 0
M204 S10000
G1 E-.8 F1800
G1 X54.54 Y52.068 Z5.4 F7200
G1 X54.569 Y52.641 Z5.4
G1 Z5
G1 E.8 F1800
M204 S500
;TYPE:Outer wall
;WIDTH:0.449999
G1 F1473.915
G1 X54.484 Y53.178 E.01838
G1 X54.421 Y53.717 E.01838
G1 X54.381 Y54.291 E.01949
G1 X54.381 Y55.574 E.04344
G1 X54.422 Y56.126 E.01871
G1 X54.524 Y56.913 E.02688
G1 X54.645 Y57.545 E.02177
G1 X53.806 Y57.693 E.02885
G1 X53.736 Y57.347 E.01196
G1 X53.62 Y56.587 E.02601
G1 X53.566 Y56.073 E.01751
G1 X53.531 Y55.559 E.01744
G1 X53.531 Y54.275 E.04346
G1 X53.59 Y53.513 E.02587
G1 X53.694 Y52.731 E.02669
G1 X53.808 Y52.14 E.02039
G1 X54.642 Y52.287 E.02867
G1 X54.577 Y52.602 E.0109
M204 S10000
G1 E-.8 F1800
G1 X54.145 Y57.2 Z5.4 F7200
G1 Z5
G1 E.8 F1800
M204 S1500
;TYPE:Inner wall
;WIDTH:0.447866
G1 F1481.679
G1 X54.044 Y56.532 E.02273
G1 X53.956 Y55.579 E.03225
;WIDTH:0.44292
G1 F1500
G1 X53.956 Y54.291 E.04282
G1 X54 Y53.686 E.02018
;WIDTH:0.437066
G1 F1522.278
G1 X54.066 Y53.129 E.01838
;WIDTH:0.437566
G1 F1520.35
G1 X54.144 Y52.628 E.01664
; stop printing object fidget-finger-massager-2000-rods-rod-07.stl id:0 copy 0
; printing object fidget-finger-massager-2000-rods-rod-04.stl id:0 copy 0
M204 S10000
G1 E-.8 F1800
G1 X58.172 Y52.641 Z5.4 F7200
G1 Z5
M73 P31 R11
G1 E.8 F1800
M204 S500
;TYPE:Outer wall
;WIDTH:0.449999
G1 F1473.915
G1 X58.087 Y53.178 E.01838
G1 X58.024 Y53.717 E.01838
G1 X57.984 Y54.291 E.01949
G1 X57.984 Y55.574 E.04344
G1 X58.025 Y56.126 E.01871
G1 X58.127 Y56.913 E.02688
G1 X58.248 Y57.545 E.02177
G1 X57.409 Y57.693 E.02885
G1 X57.338 Y57.347 E.01196
G1 X57.222 Y56.587 E.02601
G1 X57.168 Y56.073 E.01751
G1 X57.134 Y55.559 E.01744
G1 X57.134 Y54.275 E.04346
G1 X57.193 Y53.513 E.02587
G1 X57.297 Y52.731 E.02669
G1 X57.411 Y52.14 E.02039
G1 X58.245 Y52.287 E.02867
G1 X58.18 Y52.602 E.0109
M204 S10000
G1 E-.8 F1800
G1 X57.748 Y57.2 Z5.4 F7200
G1 Z5
G1 E.8 F1800
M204 S1500
;TYPE:Inner wall
;WIDTH:0.447866
G1 F1481.679
G1 X57.646 Y56.532 E.02273
G1 X57.559 Y55.579 E.03225
;WIDTH:0.44292
G1 F1500
G1 X57.559 Y54.291 E.04282
G1 X57.603 Y53.686 E.02018
;WIDTH:0.437066
G1 F1522.278
G1 X57.668 Y53.129 E.01838
;WIDTH:0.437566
G1 F1520.35
G1 X57.747 Y52.628 E.01664
; stop printing object fidget-finger-massager-2000-rods-rod-04.stl id:0 copy 0
; printing object fidget-finger-massager-2000-rods-rod-01.stl id:0 copy 0
M204 S10000
G1 E-.8 F1800
G1 X64.638 Y55.909 Z5.4 F7200
G1 X66.232 Y56.668 Z5.4
G1 Z5
G1 E.8 F1800
M204 S500
;TYPE:Outer wall
;WIDTH:0.449999
G1 F1473.915
G1 X66.38 Y57.507 E.02885
G1 X66.033 Y57.578 E.01196
G1 X65.274 Y57.694 E.02601
G1 X64.759 Y57.748 E.01751
G1 X64.245 Y57.782 E.01744
G1 X62.96 Y57.782 E.0435
G1 X61.931 Y57.694 E.03497
G1 X61.419 Y57.62 E.01751
G1 X60.826 Y57.505 E.02043
G1 X60.973 Y56.671 E.02867
G1 X61.864 Y56.83 E.03062
G1 X62.403 Y56.892 E.01838
G1 X62.974 Y56.932 E.01937
G1 X64.261 Y56.932 E.04355
G1 X64.812 Y56.891 E.01871
G1 X65.6 Y56.789 E.02688
G1 X66.192 Y56.676 E.02041
M204 S10000
G1 X65.887 Y57.169 F7200
M204 S1500
;TYPE:Inner wall
;WIDTH:0.446148
G1 F1487.992
G1 X65.643 Y57.21 E.00828
;WIDTH:0.439556
G1 F1512.722
G1 X64.833 Y57.314 E.02693
;WIDTH:0.442918
G1 F1500.007
G1 X64.231 Y57.357 E.02008
G1 X62.947 Y57.357 E.0427
G1 X62.347 Y57.312 E.02003
;WIDTH:0.4393
G1 F1513.699
G1 X61.815 Y57.25 E.01764
;WIDTH:0.438766
G1 F1515.741
G1 X61.314 Y57.17 E.0167
; stop printing object fidget-finger-massager-2000-rods-rod-01.stl id:0 copy 0
; printing object fidget-finger-massager-2000-rods-rod-02.stl id:0 copy 0
M204 S10000
G1 E-.8 F1800
G1 X66.232 Y53.065 Z5.4 F7200
G1 Z5
G1 E.8 F1800
M204 S500
;TYPE:Outer wall
;WIDTH:0.449999
G1 F1473.915
G1 X66.38 Y53.905 E.02885
G1 X66.033 Y53.975 E.01196
G1 X65.274 Y54.091 E.02601
G1 X64.759 Y54.145 E.01751
G1 X64.245 Y54.179 E.01744
G1 X62.96 Y54.179 E.0435
G1 X61.931 Y54.091 E.03497
G1 X61.419 Y54.017 E.01751
G1 X60.826 Y53.903 E.02043
G1 X60.973 Y53.068 E.02867
G1 X61.864 Y53.227 E.03062
G1 X62.403 Y53.289 E.01838
G1 X62.974 Y53.329 E.01937
G1 X64.261 Y53.329 E.04355
G1 X64.812 Y53.288 E.01871
G1 X65.6 Y53.186 E.02688
G1 X66.192 Y53.073 E.02041
M204 S10000
G1 X65.887 Y53.566 F7200
M204 S1500
;TYPE:Inner wall
;WIDTH:0.446148
G1 F1487.992
G1 X65.643 Y53.607 E.00828
;WIDTH:0.439556
G1 F1512.722
G1 X64.833 Y53.712 E.02693
;WIDTH:0.442918
G1 F1500.007
G1 X64.231 Y53.754 E.02008
G1 X62.947 Y53.754 E.0427
G1 X62.347 Y53.709 E.02003
;WIDTH:0.4393
G1 F1513.699
G1 X61.815 Y53.647 E.01764
;WIDTH:0.438766
G1 F1515.741
G1 X61.314 Y53.567 E.0167
; stop printing object fidget-finger-massager-2000-rods-rod-02.stl id:0 copy 0
; printing object fidget-finger-massager-2000-rods-rod-03.stl id:0 copy 0
M204 S10000
G1 E-.8 F1800
G1 X66.232 Y49.463 Z5.4 F7200
G1 Z5
G1 E.8 F1800
M204 S500
;TYPE:Outer wall
;WIDTH:0.449999
G1 F1473.915
G1 X66.38 Y50.302 E.02885
G1 X66.033 Y50.372 E.01196
M73 P32 R11
G1 X65.274 Y50.488 E.02601
G1 X64.759 Y50.542 E.01751
G1 X64.245 Y50.576 E.01744
G1 X62.96 Y50.576 E.0435
G1 X61.931 Y50.488 E.03497
G1 X61.419 Y50.414 E.01751
G1 X60.826 Y50.3 E.02043
G1 X60.973 Y49.466 E.02867
G1 X61.864 Y49.624 E.03062
G1 X62.403 Y49.687 E.01838
G1 X62.974 Y49.726 E.01937
G1 X64.261 Y49.726 E.04355
G1 X64.812 Y49.686 E.01871
G1 X65.6 Y49.584 E.02688
G1 X66.192 Y49.47 E.02041
M204 S10000
G1 X65.887 Y49.963 F7200
M204 S1500
;TYPE:Inner wall
;WIDTH:0.446148
G1 F1487.992
G1 X65.643 Y50.004 E.00828
;WIDTH:0.439556
G1 F1512.722
G1 X64.833 Y50.109 E.02693
;WIDTH:0.442918
G1 F1500.007
G1 X64.231 Y50.151 E.02008
G1 X62.947 Y50.151 E.0427
G1 X62.347 Y50.106 E.02003
;WIDTH:0.4393
G1 F1513.699
G1 X61.815 Y50.044 E.01764
;WIDTH:0.438766
G1 F1515.741
G1 X61.314 Y49.964 E.0167
; stop printing object fidget-finger-massager-2000-rods-rod-03.stl id:0 copy 0
; printing object fidget-finger-massager-2000-rods-rod-05.stl id:0 copy 0
M204 S10000
G1 E-.8 F1800
G1 X66.232 Y45.86 Z5.4 F7200
G1 Z5
G1 E.8 F1800
M204 S500
;TYPE:Outer wall
;WIDTH:0.449999
G1 F1473.915
G1 X66.38 Y46.699 E.02885
G1 X66.033 Y46.769 E.01196
G1 X65.274 Y46.885 E.02601
G1 X64.759 Y46.939 E.01751
G1 X64.245 Y46.974 E.01744
G1 X62.96 Y46.974 E.0435
G1 X61.931 Y46.885 E.03497
G1 X61.419 Y46.812 E.01751
G1 X60.826 Y46.697 E.02043
G1 X60.973 Y45.863 E.02867
G1 X61.864 Y46.021 E.03062
G1 X62.403 Y46.084 E.01838
G1 X62.974 Y46.124 E.01937
G1 X64.261 Y46.124 E.04355
G1 X64.812 Y46.083 E.01871
G1 X65.6 Y45.981 E.02688
G1 X66.192 Y45.867 E.02041
M204 S10000
G1 X65.887 Y46.36 F7200
M204 S1500
;TYPE:Inner wall
;WIDTH:0.446148
G1 F1487.992
G1 X65.643 Y46.402 E.00828
;WIDTH:0.439556
G1 F1512.722
G1 X64.833 Y46.506 E.02693
;WIDTH:0.442918
G1 F1500.007
G1 X64.231 Y46.549 E.02008
G1 X62.947 Y46.549 E.0427
G1 X62.347 Y46.504 E.02003
;WIDTH:0.4393
G1 F1513.699
G1 X61.815 Y46.441 E.01764
;WIDTH:0.438766
G1 F1515.741
G1 X61.314 Y46.361 E.0167
; stop printing object fidget-finger-massager-2000-rods-rod-05.stl id:0 copy 0
; printing object fidget-finger-massager-2000-rods-rod-09.stl id:0 copy 0
M204 S10000
G1 E-.8 F1800
G1 X66.188 Y42.257 Z5.4 F7200
G1 Z5
G1 E.8 F1800
M204 S500
;TYPE:Outer wall
;WIDTH:0.449999
G1 F1473.915
G1 X66.336 Y43.096 E.02885
G1 X65.989 Y43.167 E.01196
G1 X65.23 Y43.283 E.02601
G1 X64.715 Y43.337 E.01751
G1 X64.201 Y43.371 E.01744
G1 X62.916 Y43.371 E.0435
G1 X61.887 Y43.283 E.03497
G1 X61.375 Y43.209 E.01751
G1 X60.782 Y43.094 E.02043
G1 X60.929 Y42.26 E.02867
G1 X61.82 Y42.418 E.03062
G1 X62.36 Y42.481 E.01838
G1 X62.93 Y42.521 E.01937
G1 X64.217 Y42.521 E.04355
G1 X64.768 Y42.48 E.01871
G1 X65.556 Y42.378 E.02688
G1 X66.148 Y42.265 E.02041
M204 S10000
G1 X65.843 Y42.757 F7200
M204 S1500
;TYPE:Inner wall
;WIDTH:0.446148
G1 F1487.992
G1 X65.599 Y42.799 E.00828
;WIDTH:0.439556
G1 F1512.722
G1 X64.789 Y42.903 E.02693
;WIDTH:0.442918
G1 F1500.007
G1 X64.187 Y42.946 E.02008
G1 X62.904 Y42.946 E.0427
G1 X62.303 Y42.901 E.02003
;WIDTH:0.4393
G1 F1513.699
G1 X61.771 Y42.839 E.01764
;WIDTH:0.438766
G1 F1515.741
G1 X61.27 Y42.758 E.0167
; stop printing object fidget-finger-massager-2000-rods-rod-09.stl id:0 copy 0
; printing object fidget-finger-massager-2000-rods-rod-06.stl id:0 copy 0
M204 S10000
G1 E-.8 F1800
G1 X58.172 Y44.46 Z5.4 F7200
G1 Z5
G1 E.8 F1800
M204 S500
;TYPE:Outer wall
;WIDTH:0.449999
G1 F1473.915
G1 X58.087 Y44.996 E.01838
G1 X58.024 Y45.535 E.01838
G1 X57.984 Y46.11 E.01949
G1 X57.984 Y47.393 E.04344
G1 X58.025 Y47.944 E.01871
G1 X58.127 Y48.732 E.02688
G1 X58.248 Y49.363 E.02177
G1 X57.409 Y49.511 E.02885
G1 X57.338 Y49.165 E.01196
G1 X57.222 Y48.406 E.02601
G1 X57.168 Y47.891 E.01751
G1 X57.134 Y47.377 E.01744
G1 X57.134 Y46.093 E.04346
G1 X57.193 Y45.331 E.02587
G1 X57.297 Y44.549 E.02669
G1 X57.411 Y43.958 E.02039
G1 X58.245 Y44.105 E.02867
G1 X58.18 Y44.421 E.0109
M204 S10000
G1 E-.8 F1800
G1 X57.748 Y49.018 Z5.4 F7200
G1 Z5
G1 E.8 F1800
M204 S1500
;TYPE:Inner wall
;WIDTH:0.447866
G1 F1481.679
G1 X57.646 Y48.351 E.02273
G1 X57.559 Y47.397 E.03225
;WIDTH:0.44292
G1 F1500
G1 X57.559 Y46.11 E.04282
G1 X57.603 Y45.504 E.02018
;WIDTH:0.437066
G1 F1522.278
G1 X57.668 Y44.947 E.01838
;WIDTH:0.437566
G1 F1520.35
G1 X57.747 Y44.446 E.01664
; stop printing object fidget-finger-massager-2000-rods-rod-06.stl id:0 copy 0
; printing object fidget-finger-massager-2000-rods-rod-08.stl id:0 copy 0
M204 S10000
G1 E-.8 F1800
G1 X54.569 Y44.46 Z5.4 F7200
G1 Z5
G1 E.8 F1800
M204 S500
;TYPE:Outer wall
;WIDTH:0.449999
G1 F1473.915
G1 X54.484 Y44.996 E.01838
G1 X54.421 Y45.535 E.01838
G1 X54.381 Y46.11 E.01949
G1 X54.381 Y47.393 E.04344
G1 X54.422 Y47.944 E.01871
G1 X54.524 Y48.732 E.02688
G1 X54.645 Y49.363 E.02177
G1 X53.806 Y49.511 E.02885
G1 X53.736 Y49.165 E.01196
G1 X53.62 Y48.406 E.02601
G1 X53.566 Y47.891 E.01751
G1 X53.531 Y47.377 E.01744
G1 X53.531 Y46.093 E.04346
G1 X53.59 Y45.331 E.02587
G1 X53.694 Y44.549 E.02669
G1 X53.808 Y43.958 E.02039
G1 X54.642 Y44.105 E.02867
G1 X54.577 Y44.421 E.0109
M204 S10000
G1 E-.8 F1800
G1 X54.145 Y49.018 Z5.4 F7200
G1 Z5
G1 E.8 F1800
M204 S1500
;TYPE:Inner wall
;WIDTH:0.447866
G1 F1481.679
G1 X54.044 Y48.351 E.02273
G1 X53.956 Y47.397 E.03225
;WIDTH:0.44292
G1 F1500
G1 X53.956 Y46.11 E.04282
G1 X54 Y45.504 E.02018
;WIDTH:0.437066
G1 F1522.278
G1 X54.066 Y44.947 E.01838
;WIDTH:0.437566
G1 F1520.35
G1 X54.144 Y44.446 E.01664
; stop printing object fidget-finger-massager-2000-rods-rod-08.stl id:0 copy 0
;LAYER_CHANGE
;Z:5.2
;HEIGHT:0.2
G92 E0
;_SET_FAN_SPEED_CHANGING_LAYER
; printing object fidget-finger-massager-2000-rods-rod-07.stl id:0 copy 0
M204 S10000
G1 E-.8 F1800
G1 X54.54 Y52.068 Z5.6 F7200
G1 X54.57 Y52.64 Z5.6
G1 Z5.2
G1 E.8 F1800
M204 S500
;TYPE:Outer wall
;WIDTH:0.449999
G1 F1473.915
G1 X54.484 Y53.176 E.0184
G1 X54.421 Y53.716 E.0184
G1 X54.381 Y54.291 E.01951
G1 X54.381 Y55.574 E.04343
G1 X54.422 Y56.126 E.01873
G1 X54.523 Y56.902 E.02649
G1 X54.645 Y57.545 E.02214
G1 X53.806 Y57.693 E.02885
G1 X53.737 Y57.351 E.0118
G1 X53.619 Y56.583 E.02632
G1 X53.565 Y56.071 E.01743
G1 X53.531 Y55.559 E.01736
G1 X53.531 Y54.275 E.04346
G1 X53.591 Y53.504 E.02618
G1 X53.693 Y52.737 E.02617
G1 X53.808 Y52.14 E.02061
G1 X54.642 Y52.287 E.02867
G1 X54.578 Y52.6 E.01084
M204 S10000
G1 E-.8 F1800
G1 X54.145 Y57.2 Z5.6 F7200
G1 Z5.2
G1 E.8 F1800
M204 S1500
;TYPE:Inner wall
;WIDTH:0.447686
G1 F1482.338
G1 X54.043 Y56.528 E.02287
G1 X53.956 Y55.579 E.03209
;WIDTH:0.44292
G1 F1500
G1 X53.956 Y54.291 E.04282
G1 X54 Y53.685 E.02021
;WIDTH:0.43689
G1 F1522.959
G1 X54.066 Y53.128 E.0184
;WIDTH:0.437452
G1 F1520.789
G1 X54.144 Y52.628 E.0166
; stop printing object fidget-finger-massager-2000-rods-rod-07.stl id:0 copy 0
; printing object fidget-finger-massager-2000-rods-rod-04.stl id:0 copy 0
M204 S10000
G1 E-.8 F1800
G1 X58.172 Y52.64 Z5.6 F7200
G1 Z5.2
G1 E.8 F1800
M204 S500
;TYPE:Outer wall
;WIDTH:0.449999
G1 F1473.915
G1 X58.087 Y53.176 E.0184
G1 X58.024 Y53.716 E.0184
G1 X57.984 Y54.291 E.01951
G1 X57.984 Y55.574 E.04343
G1 X58.025 Y56.126 E.01873
G1 X58.125 Y56.902 E.02649
G1 X58.248 Y57.545 E.02214
G1 X57.409 Y57.693 E.02885
G1 X57.339 Y57.351 E.0118
G1 X57.222 Y56.583 E.02632
G1 X57.168 Y56.071 E.01743
G1 X57.134 Y55.559 E.01736
G1 X57.134 Y54.275 E.04346
G1 X57.194 Y53.504 E.02618
G1 X57.296 Y52.737 E.02617
G1 X57.411 Y52.14 E.02061
G1 X58.245 Y52.287 E.02867
G1 X58.181 Y52.6 E.01084
M204 S10000
G1 E-.8 F1800
G1 X57.748 Y57.2 Z5.6 F7200
G1 Z5.2
G1 E.8 F1800
M204 S1500
;TYPE:Inner wall
;WIDTH:0.447686
G1 F1482.338
G1 X57.646 Y56.528 E.02287
G1 X57.559 Y55.579 E.03209
;WIDTH:0.44292
G1 F1500
G1 X57.559 Y54.291 E.04282
G1 X57.603 Y53.685 E.02021
;WIDTH:0.43689
G1 F1522.959
G1 X57.669 Y53.128 E.0184
;WIDTH:0.437452
G1 F1520.789
G1 X57.747 Y52.628 E.0166
; stop printing object fidget-finger-massager-2000-rods-rod-04.stl id:0 copy 0
; printing object fidget-finger-massager-2000-rods-rod-01.stl id:0 copy 0
M204 S10000
G1 E-.8 F1800
G1 X64.637 Y55.911 Z5.6 F7200
G1 X66.232 Y56.671 Z5.6
G1 Z5.2
G1 E.8 F1800
M204 S500
;TYPE:Outer wall
;WIDTH:0.449999
G1 F1473.915
G1 X66.38 Y57.508 E.02874
G1 X66.038 Y57.577 E.0118
G1 X65.269 Y57.694 E.02632
G1 X64.757 Y57.748 E.01743
G1 X64.245 Y57.782 E.01736
G1 X62.96 Y57.782 E.0435
G1 X61.935 Y57.694 E.03483
G1 X61.425 Y57.621 E.01743
G1 X60.827 Y57.505 E.02064
G1 X60.975 Y56.668 E.02878
G1 X61.627 Y56.793 E.02246
G1 X62.403 Y56.892 E.02646
G1 X62.974 Y56.932 E.0194
G1 X64.261 Y56.932 E.04355
G1 X64.81 Y56.891 E.01865
G1 X65.35 Y56.828 E.0184
G1 X66.193 Y56.678 E.02896
M204 S10000
G1 X65.89 Y57.171 F7200
M204 S1500
;TYPE:Inner wall
;WIDTH:0.44007
G1 F1510.764
G1 X65.391 Y57.249 E.01667
;WIDTH:0.439546
G1 F1512.76
G1 X64.834 Y57.314 E.01852
;WIDTH:0.442918
G1 F1500.007
G1 X64.231 Y57.357 E.02009
G1 X62.94 Y57.357 E.04294
;WIDTH:0.447758
G1 F1482.074
G1 X61.988 Y57.27 E.03219
G1 X61.319 Y57.167 E.02278
; stop printing object fidget-finger-massager-2000-rods-rod-01.stl id:0 copy 0
; printing object fidget-finger-massager-2000-rods-rod-02.stl id:0 copy 0
M204 S10000
G1 E-.8 F1800
G1 X66.232 Y53.068 Z5.6 F7200
G1 Z5.2
G1 E.8 F1800
M204 S500
;TYPE:Outer wall
;WIDTH:0.449999
G1 F1473.915
G1 X66.38 Y53.905 E.02874
G1 X66.038 Y53.974 E.0118
G1 X65.269 Y54.091 E.02632
G1 X64.757 Y54.145 E.01743
G1 X64.245 Y54.179 E.01736
G1 X62.96 Y54.179 E.0435
G1 X61.935 Y54.091 E.03483
G1 X61.425 Y54.018 E.01743
G1 X60.827 Y53.903 E.02064
G1 X60.975 Y53.066 E.02878
G1 X61.627 Y53.19 E.02246
G1 X62.403 Y53.289 E.02646
G1 X62.974 Y53.329 E.0194
G1 X64.261 Y53.329 E.04355
G1 X64.81 Y53.289 E.01865
G1 X65.35 Y53.226 E.0184
G1 X66.193 Y53.075 E.02896
M73 P33 R11
M204 S10000
G1 X65.89 Y53.568 F7200
M204 S1500
;TYPE:Inner wall
;WIDTH:0.44007
G1 F1510.764
G1 X65.391 Y53.646 E.01667
;WIDTH:0.439546
G1 F1512.76
G1 X64.834 Y53.712 E.01852
;WIDTH:0.442918
G1 F1500.007
G1 X64.231 Y53.754 E.02009
G1 X62.94 Y53.754 E.04294
;WIDTH:0.447758
G1 F1482.074
G1 X61.988 Y53.667 E.03219
G1 X61.319 Y53.564 E.02278
; stop printing object fidget-finger-massager-2000-rods-rod-02.stl id:0 copy 0
; printing object fidget-finger-massager-2000-rods-rod-03.stl id:0 copy 0
M204 S10000
G1 E-.8 F1800
G1 X66.232 Y49.466 Z5.6 F7200
G1 Z5.2
G1 E.8 F1800
M204 S500
;TYPE:Outer wall
;WIDTH:0.449999
G1 F1473.915
G1 X66.38 Y50.302 E.02874
G1 X66.038 Y50.371 E.0118
G1 X65.269 Y50.489 E.02632
G1 X64.757 Y50.542 E.01743
G1 X64.245 Y50.576 E.01736
G1 X62.96 Y50.576 E.0435
G1 X61.935 Y50.489 E.03483
G1 X61.425 Y50.415 E.01743
G1 X60.827 Y50.3 E.02064
G1 X60.975 Y49.463 E.02878
G1 X61.627 Y49.587 E.02246
G1 X62.403 Y49.687 E.02646
G1 X62.974 Y49.726 E.0194
G1 X64.261 Y49.726 E.04355
G1 X64.81 Y49.686 E.01865
G1 X65.35 Y49.623 E.0184
G1 X66.193 Y49.473 E.02896
M204 S10000
G1 X65.89 Y49.965 F7200
M204 S1500
;TYPE:Inner wall
;WIDTH:0.44007
G1 F1510.764
G1 X65.391 Y50.043 E.01667
;WIDTH:0.439546
G1 F1512.76
G1 X64.834 Y50.109 E.01852
;WIDTH:0.442918
G1 F1500.007
G1 X64.231 Y50.151 E.02009
G1 X62.94 Y50.151 E.04294
;WIDTH:0.447758
G1 F1482.074
G1 X61.988 Y50.064 E.03219
G1 X61.319 Y49.962 E.02278
; stop printing object fidget-finger-massager-2000-rods-rod-03.stl id:0 copy 0
; printing object fidget-finger-massager-2000-rods-rod-05.stl id:0 copy 0
M204 S10000
G1 E-.8 F1800
G1 X66.232 Y45.863 Z5.6 F7200
G1 Z5.2
G1 E.8 F1800
M204 S500
;TYPE:Outer wall
;WIDTH:0.449999
G1 F1473.915
G1 X66.38 Y46.699 E.02874
G1 X66.038 Y46.769 E.0118
G1 X65.269 Y46.886 E.02632
G1 X64.757 Y46.94 E.01743
G1 X64.245 Y46.974 E.01736
G1 X62.96 Y46.974 E.0435
G1 X61.935 Y46.886 E.03483
G1 X61.425 Y46.813 E.01743
G1 X60.827 Y46.697 E.02064
G1 X60.975 Y45.86 E.02878
G1 X61.627 Y45.984 E.02246
G1 X62.403 Y46.084 E.02646
G1 X62.974 Y46.124 E.0194
G1 X64.261 Y46.124 E.04355
G1 X64.81 Y46.083 E.01865
G1 X65.35 Y46.02 E.0184
G1 X66.193 Y45.87 E.02896
M204 S10000
G1 X65.89 Y46.363 F7200
M204 S1500
;TYPE:Inner wall
;WIDTH:0.44007
G1 F1510.764
G1 X65.391 Y46.44 E.01667
;WIDTH:0.439546
G1 F1512.76
G1 X64.834 Y46.506 E.01852
;WIDTH:0.442918
G1 F1500.007
G1 X64.231 Y46.549 E.02009
G1 X62.94 Y46.549 E.04294
;WIDTH:0.447758
G1 F1482.074
G1 X61.988 Y46.462 E.03219
G1 X61.319 Y46.359 E.02278
; stop printing object fidget-finger-massager-2000-rods-rod-05.stl id:0 copy 0
; printing object fidget-finger-massager-2000-rods-rod-09.stl id:0 copy 0
M204 S10000
G1 E-.8 F1800
G1 X66.188 Y42.26 Z5.6 F7200
G1 Z5.2
G1 E.8 F1800
M204 S500
;TYPE:Outer wall
;WIDTH:0.449999
G1 F1473.915
G1 X66.336 Y43.096 E.02874
G1 X65.994 Y43.166 E.0118
G1 X65.225 Y43.283 E.02632
G1 X64.713 Y43.337 E.01743
G1 X64.201 Y43.371 E.01736
G1 X62.916 Y43.371 E.0435
G1 X61.891 Y43.283 E.03483
G1 X61.381 Y43.21 E.01743
G1 X60.783 Y43.094 E.02064
G1 X60.931 Y42.257 E.02878
G1 X61.583 Y42.381 E.02246
G1 X62.359 Y42.481 E.02646
G1 X62.93 Y42.521 E.0194
G1 X64.217 Y42.521 E.04355
G1 X64.766 Y42.48 E.01865
G1 X65.306 Y42.417 E.0184
G1 X66.149 Y42.267 E.02896
M204 S10000
G1 X65.846 Y42.76 F7200
M204 S1500
;TYPE:Inner wall
;WIDTH:0.44007
G1 F1510.764
G1 X65.348 Y42.838 E.01667
;WIDTH:0.439546
G1 F1512.76
G1 X64.79 Y42.903 E.01852
;WIDTH:0.442918
G1 F1500.007
G1 X64.187 Y42.946 E.02009
G1 X62.896 Y42.946 E.04294
;WIDTH:0.447758
G1 F1482.074
G1 X61.944 Y42.859 E.03219
G1 X61.275 Y42.756 E.02278
; stop printing object fidget-finger-massager-2000-rods-rod-09.stl id:0 copy 0
; printing object fidget-finger-massager-2000-rods-rod-06.stl id:0 copy 0
M204 S10000
G1 E-.8 F1800
G1 X58.172 Y44.458 Z5.6 F7200
G1 Z5.2
G1 E.8 F1800
M204 S500
;TYPE:Outer wall
;WIDTH:0.449999
G1 F1473.915
G1 X58.087 Y44.995 E.0184
G1 X58.024 Y45.535 E.0184
G1 X57.984 Y46.11 E.01951
G1 X57.984 Y47.393 E.04343
G1 X58.025 Y47.945 E.01873
G1 X58.125 Y48.721 E.02649
G1 X58.248 Y49.363 E.02214
G1 X57.409 Y49.511 E.02885
G1 X57.339 Y49.17 E.0118
G1 X57.222 Y48.401 E.02632
G1 X57.168 Y47.889 E.01743
G1 X57.134 Y47.377 E.01736
G1 X57.134 Y46.093 E.04346
G1 X57.194 Y45.322 E.02618
G1 X57.296 Y44.556 E.02617
G1 X57.411 Y43.958 E.02061
G1 X58.245 Y44.105 E.02867
G1 X58.181 Y44.419 E.01084
M204 S10000
G1 E-.8 F1800
G1 X57.748 Y49.018 Z5.6 F7200
G1 Z5.2
G1 E.8 F1800
M204 S1500
;TYPE:Inner wall
;WIDTH:0.447686
G1 F1482.338
G1 X57.646 Y48.347 E.02287
G1 X57.559 Y47.397 E.03209
;WIDTH:0.44292
G1 F1500
G1 X57.559 Y46.11 E.04282
G1 X57.603 Y45.504 E.02021
;WIDTH:0.43689
G1 F1522.959
G1 X57.669 Y44.946 E.0184
;WIDTH:0.437452
G1 F1520.789
G1 X57.747 Y44.446 E.0166
; stop printing object fidget-finger-massager-2000-rods-rod-06.stl id:0 copy 0
; printing object fidget-finger-massager-2000-rods-rod-08.stl id:0 copy 0
M204 S10000
G1 E-.8 F1800
G1 X54.57 Y44.458 Z5.6 F7200
G1 Z5.2
G1 E.8 F1800
M204 S500
;TYPE:Outer wall
;WIDTH:0.449999
G1 F1473.915
G1 X54.484 Y44.995 E.0184
G1 X54.421 Y45.535 E.0184
G1 X54.381 Y46.11 E.01951
G1 X54.381 Y47.393 E.04343
G1 X54.422 Y47.945 E.01873
G1 X54.523 Y48.721 E.02649
G1 X54.645 Y49.363 E.02214
G1 X53.806 Y49.511 E.02885
G1 X53.737 Y49.17 E.0118
G1 X53.619 Y48.401 E.02632
G1 X53.565 Y47.889 E.01743
G1 X53.531 Y47.377 E.01736
G1 X53.531 Y46.093 E.04346
G1 X53.591 Y45.322 E.02618
G1 X53.693 Y44.556 E.02617
G1 X53.808 Y43.958 E.02061
G1 X54.642 Y44.105 E.02867
G1 X54.578 Y44.419 E.01084
M204 S10000
G1 E-.8 F1800
G1 X54.145 Y49.018 Z5.6 F7200
G1 Z5.2
G1 E.8 F1800
M204 S1500
;TYPE:Inner wall
;WIDTH:0.447686
G1 F1482.338
G1 X54.043 Y48.347 E.02287
G1 X53.956 Y47.397 E.03209
;WIDTH:0.44292
G1 F1500
G1 X53.956 Y46.11 E.04282
G1 X54 Y45.504 E.02021
;WIDTH:0.43689
G1 F1522.959
G1 X54.066 Y44.946 E.0184
;WIDTH:0.437452
G1 F1520.789
G1 X54.144 Y44.446 E.0166
; stop printing object fidget-finger-massager-2000-rods-rod-08.stl id:0 copy 0
M106 S245
;LAYER_CHANGE
;Z:5.4
;HEIGHT:0.2
G92 E0
;_SET_FAN_SPEED_CHANGING_LAYER
; printing object fidget-finger-massager-2000-rods-rod-07.stl id:0 copy 0
M204 S10000
G1 E-.8 F1800
G1 X54.54 Y52.068 Z5.8 F7200
G1 X54.57 Y52.638 Z5.8
G1 Z5.4
G1 E.8 F1800
M204 S500
;TYPE:Outer wall
;WIDTH:0.449999
G1 F1473.915
G1 X54.484 Y53.175 E.01842
G1 X54.421 Y53.716 E.01842
G1 X54.381 Y54.291 E.01953
G1 X54.381 Y55.574 E.04343
G1 X54.422 Y56.127 E.01875
G1 X54.521 Y56.892 E.02611
G1 X54.645 Y57.545 E.02251
G1 X53.806 Y57.693 E.02886
G1 X53.737 Y57.356 E.01164
G1 X53.619 Y56.581 E.02655
G1 X53.531 Y55.557 E.03479
G1 X53.531 Y54.275 E.04338
G1 X53.592 Y53.495 E.02648
G1 X53.692 Y52.744 E.02564
G1 X53.808 Y52.14 E.02083
G1 X54.642 Y52.287 E.02867
G1 X54.578 Y52.599 E.01077
M204 S10000
G1 X54.144 Y52.628 F7200
M204 S1500
;TYPE:Inner wall
;WIDTH:0.437342
G1 F1521.213
G1 X54.066 Y53.126 E.01655
;WIDTH:0.436718
G1 F1523.624
G1 X54.001 Y53.685 E.01841
;WIDTH:0.44292
G1 F1500
G1 X53.956 Y54.291 E.02023
G1 X53.956 Y55.568 E.04247
;WIDTH:0.447358
G1 F1483.54
G1 X54.043 Y56.53 E.03248
G1 X54.145 Y57.2 E.02278
; stop printing object fidget-finger-massager-2000-rods-rod-07.stl id:0 copy 0
; printing object fidget-finger-massager-2000-rods-rod-04.stl id:0 copy 0
M204 S10000
G1 E-.8 F1800
G1 X58.173 Y52.638 Z5.8 F7200
G1 Z5.4
G1 E.8 F1800
M204 S500
;TYPE:Outer wall
;WIDTH:0.449999
G1 F1473.915
G1 X58.087 Y53.175 E.01842
G1 X58.024 Y53.716 E.01842
G1 X57.984 Y54.291 E.01953
G1 X57.984 Y55.574 E.04343
G1 X58.025 Y56.127 E.01875
G1 X58.124 Y56.892 E.02611
G1 X58.248 Y57.545 E.02251
G1 X57.409 Y57.693 E.02886
G1 X57.34 Y57.356 E.01164
G1 X57.222 Y56.581 E.02655
G1 X57.134 Y55.557 E.03479
G1 X57.134 Y54.275 E.04338
G1 X57.195 Y53.495 E.02648
G1 X57.294 Y52.744 E.02564
G1 X57.411 Y52.14 E.02083
G1 X58.245 Y52.287 E.02867
G1 X58.181 Y52.599 E.01077
M204 S10000
G1 X57.747 Y52.628 F7200
M204 S1500
;TYPE:Inner wall
;WIDTH:0.437342
G1 F1521.213
G1 X57.669 Y53.126 E.01655
;WIDTH:0.436718
G1 F1523.624
G1 X57.603 Y53.685 E.01841
;WIDTH:0.44292
G1 F1500
G1 X57.559 Y54.291 E.02023
G1 X57.559 Y55.568 E.04247
;WIDTH:0.447358
G1 F1483.54
G1 X57.646 Y56.53 E.03248
G1 X57.748 Y57.2 E.02278
; stop printing object fidget-finger-massager-2000-rods-rod-04.stl id:0 copy 0
; printing object fidget-finger-massager-2000-rods-rod-01.stl id:0 copy 0
M204 S10000
G1 E-.8 F1800
G1 X65.365 Y56.722 Z5.8 F7200
G1 X66.232 Y56.668 Z5.8
G1 Z5.4
G1 E.8 F1800
M204 S500
;TYPE:Outer wall
;WIDTH:0.449999
G1 F1473.915
G1 X66.38 Y57.508 E.02886
G1 X66.043 Y57.576 E.01164
G1 X65.267 Y57.694 E.02655
G1 X64.243 Y57.782 E.03479
G1 X62.96 Y57.782 E.04343
G1 X62.453 Y57.748 E.01722
G1 X61.43 Y57.622 E.03489
G1 X60.826 Y57.505 E.0208
G1 X60.973 Y56.671 E.02867
G1 X61.862 Y56.829 E.03054
G1 X62.402 Y56.892 E.01842
G1 X62.974 Y56.932 E.01941
G1 X64.261 Y56.932 E.04356
G1 X64.813 Y56.891 E.01875
G1 X65.578 Y56.793 E.02611
G1 X66.192 Y56.675 E.02115
M204 S10000
G1 X65.886 Y57.168 F7200
M204 S1500
;TYPE:Inner wall
;WIDTH:0.44639
G1 F1487.099
G1 X65.621 Y57.213 E.00902
;WIDTH:0.437598
G1 F1520.227
G1 X64.834 Y57.31 E.02602
;WIDTH:0.442918
G1 F1500.007
G1 X64.225 Y57.357 E.02032
G1 X62.946 Y57.357 E.04254
G1 X62.346 Y57.31 E.02003
;WIDTH:0.436224
G1 F1525.538
G1 X61.809 Y57.246 E.01769
;WIDTH:0.437342
G1 F1521.213
G1 X61.314 Y57.169 E.01641
; stop printing object fidget-finger-massager-2000-rods-rod-01.stl id:0 copy 0
; printing object fidget-finger-massager-2000-rods-rod-02.stl id:0 copy 0
M204 S10000
G1 E-.8 F1800
G1 X66.232 Y53.065 Z5.8 F7200
G1 Z5.4
G1 E.8 F1800
M204 S500
;TYPE:Outer wall
;WIDTH:0.449999
G1 F1473.915
G1 X66.38 Y53.905 E.02886
G1 X66.043 Y53.973 E.01164
G1 X65.267 Y54.092 E.02655
G1 X64.243 Y54.179 E.03479
G1 X62.96 Y54.179 E.04343
G1 X62.453 Y54.146 E.01722
G1 X61.43 Y54.019 E.03489
G1 X60.826 Y53.903 E.0208
G1 X60.973 Y53.068 E.02867
G1 X61.862 Y53.226 E.03054
G1 X62.402 Y53.289 E.01842
G1 X62.974 Y53.329 E.01941
G1 X64.261 Y53.329 E.04356
G1 X64.813 Y53.288 E.01875
G1 X65.578 Y53.19 E.02611
G1 X66.192 Y53.073 E.02115
M73 P34 R11
M204 S10000
G1 X65.886 Y53.565 F7200
M204 S1500
;TYPE:Inner wall
;WIDTH:0.44639
G1 F1487.099
G1 X65.621 Y53.61 E.00902
;WIDTH:0.437598
G1 F1520.227
G1 X64.834 Y53.708 E.02602
;WIDTH:0.442918
G1 F1500.007
G1 X64.225 Y53.754 E.02032
G1 X62.946 Y53.754 E.04254
G1 X62.346 Y53.707 E.02003
;WIDTH:0.436224
G1 F1525.538
G1 X61.809 Y53.643 E.01769
;WIDTH:0.437342
G1 F1521.213
G1 X61.314 Y53.567 E.01641
; stop printing object fidget-finger-massager-2000-rods-rod-02.stl id:0 copy 0
; printing object fidget-finger-massager-2000-rods-rod-03.stl id:0 copy 0
M204 S10000
G1 E-.8 F1800
G1 X66.232 Y49.462 Z5.8 F7200
G1 Z5.4
G1 E.8 F1800
M204 S500
;TYPE:Outer wall
;WIDTH:0.449999
G1 F1473.915
G1 X66.38 Y50.302 E.02886
G1 X66.043 Y50.37 E.01164
G1 X65.267 Y50.489 E.02655
G1 X64.243 Y50.576 E.03479
G1 X62.96 Y50.576 E.04343
G1 X62.453 Y50.543 E.01722
G1 X61.43 Y50.416 E.03489
G1 X60.826 Y50.3 E.0208
G1 X60.973 Y49.466 E.02867
G1 X61.862 Y49.624 E.03054
G1 X62.402 Y49.687 E.01842
G1 X62.974 Y49.726 E.01941
G1 X64.261 Y49.726 E.04356
G1 X64.813 Y49.686 E.01875
G1 X65.578 Y49.587 E.02611
G1 X66.192 Y49.47 E.02115
M204 S10000
G1 X65.886 Y49.963 F7200
M204 S1500
;TYPE:Inner wall
;WIDTH:0.44639
G1 F1487.099
G1 X65.621 Y50.008 E.00902
;WIDTH:0.437598
G1 F1520.227
G1 X64.834 Y50.105 E.02602
;WIDTH:0.442918
G1 F1500.007
G1 X64.225 Y50.151 E.02032
G1 X62.946 Y50.151 E.04254
G1 X62.346 Y50.105 E.02003
;WIDTH:0.436224
G1 F1525.538
G1 X61.809 Y50.04 E.01769
;WIDTH:0.437342
G1 F1521.213
G1 X61.314 Y49.964 E.01641
; stop printing object fidget-finger-massager-2000-rods-rod-03.stl id:0 copy 0
; printing object fidget-finger-massager-2000-rods-rod-05.stl id:0 copy 0
M204 S10000
G1 E-.8 F1800
G1 X66.232 Y45.86 Z5.8 F7200
G1 Z5.4
G1 E.8 F1800
M204 S500
;TYPE:Outer wall
;WIDTH:0.449999
G1 F1473.915
G1 X66.38 Y46.699 E.02886
G1 X66.043 Y46.768 E.01164
G1 X65.267 Y46.886 E.02655
G1 X64.243 Y46.974 E.03479
G1 X62.96 Y46.974 E.04343
G1 X62.453 Y46.94 E.01722
G1 X61.43 Y46.813 E.03489
G1 X60.826 Y46.697 E.0208
G1 X60.973 Y45.863 E.02867
G1 X61.862 Y46.021 E.03054
G1 X62.402 Y46.084 E.01842
G1 X62.974 Y46.124 E.01941
G1 X64.261 Y46.124 E.04356
G1 X64.813 Y46.083 E.01875
G1 X65.578 Y45.984 E.02611
G1 X66.192 Y45.867 E.02115
M204 S10000
G1 X65.886 Y46.36 F7200
M204 S1500
;TYPE:Inner wall
;WIDTH:0.44639
G1 F1487.099
G1 X65.621 Y46.405 E.00902
;WIDTH:0.437598
G1 F1520.227
G1 X64.834 Y46.502 E.02602
;WIDTH:0.442918
G1 F1500.007
G1 X64.225 Y46.549 E.02032
G1 X62.946 Y46.549 E.04254
G1 X62.346 Y46.502 E.02003
;WIDTH:0.436224
G1 F1525.538
G1 X61.809 Y46.437 E.01769
;WIDTH:0.437342
G1 F1521.213
G1 X61.314 Y46.361 E.01641
; stop printing object fidget-finger-massager-2000-rods-rod-05.stl id:0 copy 0
; printing object fidget-finger-massager-2000-rods-rod-09.stl id:0 copy 0
M204 S10000
G1 E-.8 F1800
G1 X66.188 Y42.257 Z5.8 F7200
G1 Z5.4
G1 E.8 F1800
M204 S500
;TYPE:Outer wall
;WIDTH:0.449999
G1 F1473.915
G1 X66.336 Y43.096 E.02886
G1 X65.999 Y43.165 E.01164
G1 X65.223 Y43.283 E.02655
G1 X64.199 Y43.371 E.03479
G1 X62.916 Y43.371 E.04343
G1 X62.409 Y43.337 E.01722
G1 X61.386 Y43.21 E.03489
G1 X60.782 Y43.094 E.0208
G1 X60.929 Y42.26 E.02867
G1 X61.818 Y42.418 E.03054
G1 X62.358 Y42.481 E.01842
G1 X62.93 Y42.521 E.01941
G1 X64.217 Y42.521 E.04356
G1 X64.769 Y42.48 E.01875
G1 X65.534 Y42.381 E.02611
G1 X66.148 Y42.264 E.02115
M204 S10000
G1 X65.842 Y42.757 F7200
M204 S1500
;TYPE:Inner wall
;WIDTH:0.44639
G1 F1487.099
G1 X65.577 Y42.802 E.00902
;WIDTH:0.437598
G1 F1520.227
G1 X64.79 Y42.899 E.02602
;WIDTH:0.442918
G1 F1500.007
G1 X64.181 Y42.946 E.02032
G1 X62.902 Y42.946 E.04254
G1 X62.302 Y42.899 E.02003
;WIDTH:0.436224
G1 F1525.538
G1 X61.765 Y42.835 E.01769
;WIDTH:0.437342
G1 F1521.213
G1 X61.27 Y42.758 E.01641
; stop printing object fidget-finger-massager-2000-rods-rod-09.stl id:0 copy 0
; printing object fidget-finger-massager-2000-rods-rod-06.stl id:0 copy 0
M204 S10000
G1 E-.8 F1800
G1 X58.173 Y44.456 Z5.8 F7200
G1 Z5.4
G1 E.8 F1800
M204 S500
;TYPE:Outer wall
;WIDTH:0.449999
G1 F1473.915
G1 X58.087 Y44.993 E.01842
G1 X58.024 Y45.534 E.01842
G1 X57.984 Y46.11 E.01953
G1 X57.984 Y47.393 E.04343
G1 X58.025 Y47.945 E.01875
G1 X58.124 Y48.71 E.02611
G1 X58.248 Y49.363 E.02251
G1 X57.409 Y49.511 E.02886
G1 X57.34 Y49.174 E.01164
G1 X57.222 Y48.399 E.02655
G1 X57.134 Y47.375 E.03479
G1 X57.134 Y46.093 E.04338
G1 X57.195 Y45.313 E.02648
G1 X57.294 Y44.562 E.02564
G1 X57.411 Y43.958 E.02083
G1 X58.245 Y44.105 E.02867
G1 X58.181 Y44.417 E.01077
M204 S10000
G1 X57.747 Y44.446 F7200
M204 S1500
;TYPE:Inner wall
;WIDTH:0.437342
G1 F1521.213
G1 X57.669 Y44.945 E.01655
;WIDTH:0.436718
G1 F1523.624
G1 X57.603 Y45.503 E.01841
;WIDTH:0.44292
G1 F1500
G1 X57.559 Y46.11 E.02023
G1 X57.559 Y47.387 E.04247
;WIDTH:0.447358
G1 F1483.54
G1 X57.646 Y48.349 E.03248
G1 X57.748 Y49.018 E.02278
; stop printing object fidget-finger-massager-2000-rods-rod-06.stl id:0 copy 0
; printing object fidget-finger-massager-2000-rods-rod-08.stl id:0 copy 0
M204 S10000
G1 E-.8 F1800
G1 X54.57 Y44.456 Z5.8 F7200
G1 Z5.4
G1 E.8 F1800
M204 S500
;TYPE:Outer wall
;WIDTH:0.449999
G1 F1473.915
G1 X54.484 Y44.993 E.01842
G1 X54.421 Y45.534 E.01842
G1 X54.381 Y46.11 E.01953
G1 X54.381 Y47.393 E.04343
G1 X54.422 Y47.945 E.01875
G1 X54.521 Y48.71 E.02611
G1 X54.645 Y49.363 E.02251
G1 X53.806 Y49.511 E.02886
G1 X53.737 Y49.174 E.01164
G1 X53.619 Y48.399 E.02655
G1 X53.531 Y47.375 E.03479
G1 X53.531 Y46.093 E.04338
G1 X53.592 Y45.313 E.02648
G1 X53.692 Y44.562 E.02564
G1 X53.808 Y43.958 E.02083
G1 X54.642 Y44.105 E.02867
G1 X54.578 Y44.417 E.01077
M204 S10000
G1 X54.144 Y44.446 F7200
M204 S1500
;TYPE:Inner wall
;WIDTH:0.437342
G1 F1521.213
G1 X54.066 Y44.945 E.01655
;WIDTH:0.436718
G1 F1523.624
G1 X54.001 Y45.503 E.01841
;WIDTH:0.44292
G1 F1500
G1 X53.956 Y46.11 E.02023
G1 X53.956 Y47.387 E.04247
;WIDTH:0.447358
G1 F1483.54
G1 X54.043 Y48.349 E.03248
G1 X54.145 Y49.018 E.02278
; stop printing object fidget-finger-massager-2000-rods-rod-08.stl id:0 copy 0
;LAYER_CHANGE
;Z:5.6
;HEIGHT:0.2
G92 E0
;_SET_FAN_SPEED_CHANGING_LAYER
; printing object fidget-finger-massager-2000-rods-rod-07.stl id:0 copy 0
M204 S10000
G1 E-.8 F1800
G1 X54.646 Y52.287 Z6 F7200
G1 Z5.6
G1 E.8 F1800
M204 S500
;TYPE:Outer wall
;WIDTH:0.449999
G1 F1473.915
G1 X54.517 Y52.962 E.02325
G1 X54.421 Y53.715 E.02568
G1 X54.381 Y54.291 E.01957
G1 X54.381 Y55.574 E.04343
G1 X54.422 Y56.125 E.01869
G1 X54.485 Y56.666 E.01844
G1 X54.642 Y57.546 E.03023
G1 X53.806 Y57.693 E.02875
G1 X53.738 Y57.361 E.01148
G1 X53.618 Y56.576 E.02685
G1 X53.531 Y55.557 E.03464
G1 X53.531 Y54.275 E.04338
G1 X53.593 Y53.486 E.02679
G1 X53.691 Y52.75 E.02512
G1 X53.808 Y52.14 E.02105
G1 X54.606 Y52.28 E.02743
M204 S10000
G1 X54.147 Y52.632 F7200
M204 S1500
;TYPE:Inner wall
;WIDTH:0.444028
G1 F1495.856
G1 X54.016 Y53.53 E.0303
;WIDTH:0.44329
G1 F1498.614
G1 X53.956 Y54.264 E.02452
;WIDTH:0.44292
G1 F1500
G1 X53.956 Y55.538 E.04237
G1 X54.003 Y56.148 E.02033
;WIDTH:0.436774
G1 F1523.407
G1 X54.065 Y56.707 E.01843
;WIDTH:0.439874
G1 F1511.51
G1 X54.143 Y57.204 E.01658
; stop printing object fidget-finger-massager-2000-rods-rod-07.stl id:0 copy 0
; printing object fidget-finger-massager-2000-rods-rod-04.stl id:0 copy 0
M204 S10000
G1 E-.8 F1800
G1 X58.248 Y52.287 Z6 F7200
G1 Z5.6
G1 E.8 F1800
M204 S500
;TYPE:Outer wall
;WIDTH:0.449999
G1 F1473.915
G1 X58.12 Y52.962 E.02325
G1 X58.024 Y53.715 E.02568
G1 X57.984 Y54.291 E.01957
G1 X57.984 Y55.574 E.04343
G1 X58.025 Y56.125 E.01869
G1 X58.088 Y56.666 E.01844
G1 X58.245 Y57.546 E.03023
G1 X57.409 Y57.693 E.02875
G1 X57.341 Y57.361 E.01148
G1 X57.221 Y56.576 E.02685
G1 X57.134 Y55.557 E.03464
G1 X57.134 Y54.275 E.04338
G1 X57.196 Y53.486 E.02679
G1 X57.293 Y52.75 E.02512
G1 X57.411 Y52.14 E.02105
G1 X58.209 Y52.28 E.02743
M204 S10000
G1 X57.75 Y52.632 F7200
M204 S1500
;TYPE:Inner wall
;WIDTH:0.444028
G1 F1495.856
G1 X57.619 Y53.53 E.0303
;WIDTH:0.44329
G1 F1498.614
G1 X57.559 Y54.264 E.02452
;WIDTH:0.44292
G1 F1500
G1 X57.559 Y55.538 E.04237
G1 X57.606 Y56.148 E.02033
;WIDTH:0.436774
G1 F1523.407
G1 X57.668 Y56.707 E.01843
;WIDTH:0.439874
G1 F1511.51
G1 X57.745 Y57.204 E.01658
; stop printing object fidget-finger-massager-2000-rods-rod-04.stl id:0 copy 0
; printing object fidget-finger-massager-2000-rods-rod-01.stl id:0 copy 0
M204 S10000
G1 E-.8 F1800
G1 X65.363 Y56.726 Z6 F7200
G1 X66.232 Y56.671 Z6
G1 Z5.6
G1 E.8 F1800
M204 S500
;TYPE:Outer wall
;WIDTH:0.449999
G1 F1473.915
G1 X66.38 Y57.508 E.02875
G1 X66.047 Y57.575 E.01148
G1 X65.263 Y57.695 E.02685
G1 X64.243 Y57.782 E.03464
G1 X62.96 Y57.782 E.04343
G1 X62.455 Y57.749 E.01714
G1 X61.436 Y57.623 E.03475
G1 X60.826 Y57.505 E.02101
G1 X60.974 Y56.668 E.02878
G1 X61.649 Y56.796 E.02325
G1 X62.401 Y56.892 E.02568
G1 X62.974 Y56.932 E.01944
G1 X64.261 Y56.932 E.04356
G1 X64.812 Y56.891 E.01869
G1 X65.353 Y56.828 E.01844
G1 X66.193 Y56.678 E.02888
M204 S10000
G1 X65.89 Y57.171 F7200
M204 S1500
;TYPE:Inner wall
;WIDTH:0.439876
G1 F1511.502
G1 X65.394 Y57.248 E.01658
;WIDTH:0.436774
G1 F1523.407
G1 X64.835 Y57.31 E.01843
;WIDTH:0.442918
G1 F1500.007
G1 X64.225 Y57.357 E.02033
G1 X62.946 Y57.357 E.04256
G1 X62.338 Y57.309 E.02027
;WIDTH:0.444026
G1 F1495.864
G1 X61.318 Y57.167 E.03435
; stop printing object fidget-finger-massager-2000-rods-rod-01.stl id:0 copy 0
; printing object fidget-finger-massager-2000-rods-rod-02.stl id:0 copy 0
M204 S10000
G1 E-.8 F1800
G1 X66.232 Y53.068 Z6 F7200
G1 Z5.6
G1 E.8 F1800
M204 S500
;TYPE:Outer wall
;WIDTH:0.449999
G1 F1473.915
G1 X66.38 Y53.905 E.02875
G1 X66.047 Y53.972 E.01148
G1 X65.263 Y54.092 E.02685
G1 X64.243 Y54.179 E.03464
G1 X62.96 Y54.179 E.04343
G1 X62.455 Y54.146 E.01714
G1 X61.436 Y54.02 E.03475
G1 X60.826 Y53.903 E.02101
G1 X60.974 Y53.065 E.02878
G1 X61.649 Y53.193 E.02325
G1 X62.401 Y53.289 E.02568
G1 X62.974 Y53.329 E.01944
G1 X64.261 Y53.329 E.04356
G1 X64.812 Y53.289 E.01869
G1 X65.353 Y53.225 E.01844
G1 X66.193 Y53.076 E.02888
M204 S10000
G1 X65.89 Y53.568 F7200
M204 S1500
;TYPE:Inner wall
;WIDTH:0.439876
G1 F1511.502
G1 X65.394 Y53.645 E.01658
;WIDTH:0.436774
G1 F1523.407
G1 X64.835 Y53.708 E.01843
;WIDTH:0.442918
G1 F1500.007
G1 X64.225 Y53.754 E.02033
G1 X62.946 Y53.754 E.04256
G1 X62.338 Y53.706 E.02027
;WIDTH:0.444026
G1 F1495.864
G1 X61.318 Y53.564 E.03435
; stop printing object fidget-finger-massager-2000-rods-rod-02.stl id:0 copy 0
; printing object fidget-finger-massager-2000-rods-rod-03.stl id:0 copy 0
M204 S10000
G1 E-.8 F1800
G1 X66.232 Y49.466 Z6 F7200
G1 Z5.6
G1 E.8 F1800
M204 S500
;TYPE:Outer wall
;WIDTH:0.449999
G1 F1473.915
G1 X66.38 Y50.302 E.02875
G1 X66.047 Y50.37 E.01148
G1 X65.263 Y50.489 E.02685
M73 P35 R11
G1 X64.243 Y50.576 E.03464
G1 X62.96 Y50.576 E.04343
G1 X62.455 Y50.543 E.01714
G1 X61.436 Y50.417 E.03475
G1 X60.826 Y50.3 E.02101
G1 X60.974 Y49.462 E.02878
G1 X61.649 Y49.59 E.02325
G1 X62.401 Y49.686 E.02568
G1 X62.974 Y49.726 E.01944
G1 X64.261 Y49.726 E.04356
G1 X64.812 Y49.686 E.01869
G1 X65.353 Y49.622 E.01844
G1 X66.193 Y49.473 E.02888
M204 S10000
G1 X65.89 Y49.965 F7200
M204 S1500
;TYPE:Inner wall
;WIDTH:0.439876
G1 F1511.502
G1 X65.394 Y50.043 E.01658
;WIDTH:0.436774
G1 F1523.407
G1 X64.835 Y50.105 E.01843
;WIDTH:0.442918
G1 F1500.007
G1 X64.225 Y50.151 E.02033
G1 X62.946 Y50.151 E.04256
G1 X62.338 Y50.104 E.02027
;WIDTH:0.444026
G1 F1495.864
G1 X61.318 Y49.961 E.03435
; stop printing object fidget-finger-massager-2000-rods-rod-03.stl id:0 copy 0
; printing object fidget-finger-massager-2000-rods-rod-05.stl id:0 copy 0
M204 S10000
G1 E-.8 F1800
G1 X66.232 Y45.863 Z6 F7200
G1 Z5.6
G1 E.8 F1800
M204 S500
;TYPE:Outer wall
;WIDTH:0.449999
G1 F1473.915
G1 X66.38 Y46.699 E.02875
G1 X66.047 Y46.767 E.01148
G1 X65.263 Y46.887 E.02685
G1 X64.243 Y46.974 E.03464
G1 X62.96 Y46.974 E.04343
G1 X62.455 Y46.94 E.01714
G1 X61.436 Y46.814 E.03475
G1 X60.826 Y46.697 E.02101
G1 X60.974 Y45.86 E.02878
G1 X61.649 Y45.988 E.02325
G1 X62.401 Y46.084 E.02568
G1 X62.974 Y46.124 E.01944
G1 X64.261 Y46.124 E.04356
G1 X64.812 Y46.083 E.01869
G1 X65.353 Y46.02 E.01844
G1 X66.193 Y45.87 E.02888
M204 S10000
G1 X65.89 Y46.362 F7200
M204 S1500
;TYPE:Inner wall
;WIDTH:0.439876
G1 F1511.502
G1 X65.394 Y46.44 E.01658
;WIDTH:0.436774
G1 F1523.407
G1 X64.835 Y46.502 E.01843
;WIDTH:0.442918
G1 F1500.007
G1 X64.225 Y46.549 E.02033
G1 X62.946 Y46.549 E.04256
G1 X62.338 Y46.501 E.02027
;WIDTH:0.444026
G1 F1495.864
G1 X61.318 Y46.358 E.03435
; stop printing object fidget-finger-massager-2000-rods-rod-05.stl id:0 copy 0
; printing object fidget-finger-massager-2000-rods-rod-09.stl id:0 copy 0
M204 S10000
G1 E-.8 F1800
G1 X66.188 Y42.26 Z6 F7200
G1 Z5.6
G1 E.8 F1800
M204 S500
;TYPE:Outer wall
;WIDTH:0.449999
G1 F1473.915
G1 X66.336 Y43.096 E.02875
G1 X66.003 Y43.164 E.01148
G1 X65.219 Y43.284 E.02685
G1 X64.199 Y43.371 E.03464
G1 X62.916 Y43.371 E.04343
G1 X62.411 Y43.337 E.01714
G1 X61.392 Y43.211 E.03475
G1 X60.782 Y43.094 E.02101
G1 X60.93 Y42.257 E.02878
G1 X61.605 Y42.385 E.02325
G1 X62.357 Y42.481 E.02568
G1 X62.93 Y42.521 E.01944
G1 X64.217 Y42.521 E.04356
G1 X64.768 Y42.48 E.01869
G1 X65.309 Y42.417 E.01844
G1 X66.149 Y42.267 E.02888
M204 S10000
G1 X65.846 Y42.76 F7200
M204 S1500
;TYPE:Inner wall
;WIDTH:0.439876
G1 F1511.502
G1 X65.35 Y42.837 E.01658
;WIDTH:0.436774
G1 F1523.407
G1 X64.791 Y42.899 E.01843
;WIDTH:0.442918
G1 F1500.007
G1 X64.181 Y42.946 E.02033
G1 X62.902 Y42.946 E.04256
G1 X62.294 Y42.898 E.02027
;WIDTH:0.444026
G1 F1495.864
G1 X61.274 Y42.755 E.03435
; stop printing object fidget-finger-massager-2000-rods-rod-09.stl id:0 copy 0
; printing object fidget-finger-massager-2000-rods-rod-06.stl id:0 copy 0
M204 S10000
G1 E-.8 F1800
G1 X58.248 Y44.106 Z6 F7200
G1 Z5.6
G1 E.8 F1800
M204 S500
;TYPE:Outer wall
;WIDTH:0.449999
G1 F1473.915
G1 X58.12 Y44.781 E.02325
G1 X58.024 Y45.533 E.02568
G1 X57.984 Y46.11 E.01957
G1 X57.984 Y47.393 E.04343
G1 X58.025 Y47.944 E.01869
G1 X58.088 Y48.485 E.01844
G1 X58.245 Y49.364 E.03023
G1 X57.409 Y49.511 E.02875
G1 X57.341 Y49.179 E.01148
G1 X57.221 Y48.395 E.02685
G1 X57.134 Y47.375 E.03464
G1 X57.134 Y46.093 E.04338
G1 X57.196 Y45.304 E.02679
G1 X57.293 Y44.569 E.02512
G1 X57.411 Y43.958 E.02105
G1 X58.209 Y44.099 E.02743
M204 S10000
G1 X57.75 Y44.45 F7200
M204 S1500
;TYPE:Inner wall
;WIDTH:0.444028
G1 F1495.856
G1 X57.619 Y45.349 E.0303
;WIDTH:0.44329
G1 F1498.614
G1 X57.559 Y46.083 E.02452
;WIDTH:0.44292
G1 F1500
G1 X57.559 Y47.357 E.04237
G1 X57.606 Y47.966 E.02033
;WIDTH:0.436774
G1 F1523.407
G1 X57.668 Y48.526 E.01843
;WIDTH:0.439874
G1 F1511.51
G1 X57.745 Y49.022 E.01658
; stop printing object fidget-finger-massager-2000-rods-rod-06.stl id:0 copy 0
; printing object fidget-finger-massager-2000-rods-rod-08.stl id:0 copy 0
M204 S10000
G1 E-.8 F1800
G1 X54.646 Y44.106 Z6 F7200
G1 Z5.6
G1 E.8 F1800
M204 S500
;TYPE:Outer wall
;WIDTH:0.449999
G1 F1473.915
G1 X54.517 Y44.781 E.02325
G1 X54.421 Y45.533 E.02568
G1 X54.381 Y46.11 E.01957
G1 X54.381 Y47.393 E.04343
G1 X54.422 Y47.944 E.01869
G1 X54.485 Y48.485 E.01844
G1 X54.642 Y49.364 E.03023
G1 X53.806 Y49.511 E.02875
G1 X53.738 Y49.179 E.01148
G1 X53.618 Y48.395 E.02685
G1 X53.531 Y47.375 E.03464
G1 X53.531 Y46.093 E.04338
G1 X53.593 Y45.304 E.02679
G1 X53.691 Y44.569 E.02512
G1 X53.808 Y43.958 E.02105
G1 X54.606 Y44.099 E.02743
M204 S10000
G1 X54.147 Y44.45 F7200
M204 S1500
;TYPE:Inner wall
;WIDTH:0.444028
G1 F1495.856
G1 X54.016 Y45.349 E.0303
;WIDTH:0.44329
G1 F1498.614
G1 X53.956 Y46.083 E.02452
;WIDTH:0.44292
G1 F1500
G1 X53.956 Y47.357 E.04237
G1 X54.003 Y47.966 E.02033
;WIDTH:0.436774
G1 F1523.407
G1 X54.065 Y48.526 E.01843
;WIDTH:0.439874
G1 F1511.51
G1 X54.143 Y49.022 E.01658
; stop printing object fidget-finger-massager-2000-rods-rod-08.stl id:0 copy 0
M106 S242
;LAYER_CHANGE
;Z:5.8
;HEIGHT:0.2
G92 E0
;_SET_FAN_SPEED_CHANGING_LAYER
; printing object fidget-finger-massager-2000-rods-rod-07.stl id:0 copy 0
M204 S10000
G1 E-.8 F1800
G1 X54.642 Y52.287 Z6.2 F7200
G1 Z5.8
G1 E.8 F1800
M204 S500
;TYPE:Outer wall
;WIDTH:0.449999
G1 F1473.915
G1 X54.571 Y52.634 E.012
G1 X54.484 Y53.173 E.01846
G1 X54.421 Y53.714 E.01846
G1 X54.381 Y54.288 E.01945
G1 X54.381 Y55.574 E.04356
G1 X54.422 Y56.128 E.01878
G1 X54.517 Y56.87 E.02533
G1 X54.646 Y57.545 E.02325
G1 X53.806 Y57.693 E.02887
G1 X53.68 Y56.976 E.02463
G1 X53.585 Y56.185 E.027
G1 X53.531 Y55.539 E.02194
G1 X53.531 Y54.26 E.04329
G1 X53.583 Y53.609 E.02209
G1 X53.659 Y52.96 E.02211
G1 X53.806 Y52.139 E.02823
G1 X54.603 Y52.28 E.02739
M204 S10000
G1 E-.8 F1800
G1 X54.146 Y57.2 Z6.2 F7200
G1 Z5.8
G1 E.8 F1800
M204 S1500
;TYPE:Inner wall
;WIDTH:0.446998
G1 F1484.862
G1 X54.042 Y56.522 E.02304
G1 X53.956 Y55.568 E.03216
;WIDTH:0.44292
G1 F1500
G1 X53.956 Y54.288 E.04259
G1 X54 Y53.683 E.02015
;WIDTH:0.438142
G1 F1518.134
G1 X54.065 Y53.124 E.01852
;WIDTH:0.440782
G1 F1508.061
G1 X54.142 Y52.629 E.01656
; stop printing object fidget-finger-massager-2000-rods-rod-07.stl id:0 copy 0
; printing object fidget-finger-massager-2000-rods-rod-04.stl id:0 copy 0
M204 S10000
G1 E-.8 F1800
G1 X58.245 Y52.287 Z6.2 F7200
G1 Z5.8
G1 E.8 F1800
M204 S500
;TYPE:Outer wall
;WIDTH:0.449999
G1 F1473.915
G1 X58.173 Y52.634 E.012
G1 X58.087 Y53.173 E.01846
G1 X58.024 Y53.714 E.01846
G1 X57.984 Y54.288 E.01945
G1 X57.984 Y55.574 E.04356
G1 X58.025 Y56.128 E.01878
G1 X58.12 Y56.87 E.02533
G1 X58.248 Y57.545 E.02325
G1 X57.409 Y57.693 E.02887
G1 X57.282 Y56.976 E.02463
G1 X57.188 Y56.185 E.027
G1 X57.134 Y55.539 E.02194
G1 X57.134 Y54.26 E.04329
G1 X57.186 Y53.609 E.02209
G1 X57.261 Y52.96 E.02211
G1 X57.409 Y52.139 E.02823
G1 X58.205 Y52.28 E.02739
M204 S10000
G1 E-.8 F1800
G1 X57.748 Y57.2 Z6.2 F7200
G1 Z5.8
G1 E.8 F1800
M204 S1500
;TYPE:Inner wall
;WIDTH:0.446998
G1 F1484.862
G1 X57.645 Y56.522 E.02304
G1 X57.559 Y55.568 E.03216
;WIDTH:0.44292
G1 F1500
G1 X57.559 Y54.288 E.04259
G1 X57.603 Y53.683 E.02015
;WIDTH:0.438142
G1 F1518.134
G1 X57.667 Y53.124 E.01852
;WIDTH:0.440782
G1 F1508.061
G1 X57.745 Y52.629 E.01656
; stop printing object fidget-finger-massager-2000-rods-rod-04.stl id:0 copy 0
; printing object fidget-finger-massager-2000-rods-rod-01.stl id:0 copy 0
M204 S10000
G1 E-.8 F1800
G1 X64.636 Y55.911 Z6.2 F7200
G1 X66.232 Y56.671 Z6.2
G1 Z5.8
G1 E.8 F1800
M204 S500
;TYPE:Outer wall
;WIDTH:0.449999
G1 F1473.915
G1 X66.38 Y57.508 E.02875
G1 X66.052 Y57.574 E.01133
G1 X65.259 Y57.696 E.02716
G1 X64.243 Y57.782 E.03449
G1 X62.96 Y57.782 E.04343
G1 X62.457 Y57.749 E.01707
G1 X61.442 Y57.624 E.0346
G1 X60.827 Y57.505 E.02122
G1 X60.976 Y56.668 E.02878
G1 X61.66 Y56.798 E.02356
G1 X62.401 Y56.892 E.02529
G1 X62.974 Y56.932 E.01946
G1 X64.261 Y56.932 E.04356
G1 X64.812 Y56.891 E.01871
G1 X65.354 Y56.828 E.01846
G1 X66.193 Y56.678 E.02884
M204 S10000
G1 X65.89 Y57.171 F7200
M204 S1500
;TYPE:Inner wall
;WIDTH:0.439778
G1 F1511.876
G1 X65.395 Y57.248 E.01653
;WIDTH:0.43663
G1 F1523.964
G1 X64.835 Y57.31 E.01844
;WIDTH:0.442918
G1 F1500.007
G1 X64.225 Y57.357 E.02035
G1 X62.946 Y57.357 E.04256
G1 X62.338 Y57.309 E.02028
;WIDTH:0.444104
G1 F1495.573
G1 X61.319 Y57.167 E.03431
; stop printing object fidget-finger-massager-2000-rods-rod-01.stl id:0 copy 0
; printing object fidget-finger-massager-2000-rods-rod-02.stl id:0 copy 0
M204 S10000
G1 E-.8 F1800
G1 X66.232 Y53.069 Z6.2 F7200
G1 Z5.8
G1 E.8 F1800
M204 S500
;TYPE:Outer wall
;WIDTH:0.449999
G1 F1473.915
G1 X66.38 Y53.905 E.02875
G1 X66.052 Y53.972 E.01133
G1 X65.259 Y54.093 E.02716
G1 X64.243 Y54.179 E.03449
G1 X62.96 Y54.179 E.04343
G1 X62.457 Y54.146 E.01707
G1 X61.442 Y54.021 E.0346
G1 X60.827 Y53.903 E.02122
G1 X60.976 Y53.065 E.02878
G1 X61.66 Y53.195 E.02356
G1 X62.401 Y53.289 E.02529
G1 X62.974 Y53.329 E.01946
G1 X64.261 Y53.329 E.04356
G1 X64.812 Y53.288 E.01871
G1 X65.354 Y53.225 E.01846
G1 X66.193 Y53.076 E.02884
M204 S10000
G1 X65.89 Y53.568 F7200
M204 S1500
;TYPE:Inner wall
;WIDTH:0.439778
G1 F1511.876
G1 X65.395 Y53.645 E.01653
;WIDTH:0.43663
G1 F1523.964
G1 X64.835 Y53.708 E.01844
;WIDTH:0.442918
G1 F1500.007
G1 X64.225 Y53.754 E.02035
G1 X62.946 Y53.754 E.04256
G1 X62.338 Y53.706 E.02028
;WIDTH:0.444104
G1 F1495.573
G1 X61.319 Y53.564 E.03431
; stop printing object fidget-finger-massager-2000-rods-rod-02.stl id:0 copy 0
; printing object fidget-finger-massager-2000-rods-rod-03.stl id:0 copy 0
M204 S10000
G1 E-.8 F1800
G1 X66.232 Y49.466 Z6.2 F7200
G1 Z5.8
G1 E.8 F1800
M204 S500
;TYPE:Outer wall
;WIDTH:0.449999
G1 F1473.915
G1 X66.38 Y50.302 E.02875
G1 X66.052 Y50.369 E.01133
G1 X65.259 Y50.49 E.02716
G1 X64.243 Y50.576 E.03449
G1 X62.96 Y50.576 E.04343
G1 X62.457 Y50.543 E.01707
M73 P36 R11
G1 X61.442 Y50.418 E.0346
G1 X60.827 Y50.3 E.02122
G1 X60.976 Y49.463 E.02878
G1 X61.66 Y49.592 E.02356
G1 X62.401 Y49.686 E.02529
G1 X62.974 Y49.726 E.01946
G1 X64.261 Y49.726 E.04356
G1 X64.812 Y49.686 E.01871
G1 X65.354 Y49.622 E.01846
G1 X66.193 Y49.473 E.02884
M204 S10000
G1 X65.89 Y49.965 F7200
M204 S1500
;TYPE:Inner wall
;WIDTH:0.439778
G1 F1511.876
G1 X65.395 Y50.042 E.01653
;WIDTH:0.43663
G1 F1523.964
G1 X64.835 Y50.105 E.01844
;WIDTH:0.442918
G1 F1500.007
G1 X64.225 Y50.151 E.02035
G1 X62.946 Y50.151 E.04256
G1 X62.338 Y50.104 E.02028
;WIDTH:0.444104
G1 F1495.573
G1 X61.319 Y49.961 E.03431
; stop printing object fidget-finger-massager-2000-rods-rod-03.stl id:0 copy 0
; printing object fidget-finger-massager-2000-rods-rod-05.stl id:0 copy 0
M204 S10000
G1 E-.8 F1800
G1 X66.232 Y45.863 Z6.2 F7200
G1 Z5.8
G1 E.8 F1800
M204 S500
;TYPE:Outer wall
;WIDTH:0.449999
G1 F1473.915
G1 X66.38 Y46.699 E.02875
G1 X66.052 Y46.766 E.01133
G1 X65.259 Y46.887 E.02716
G1 X64.243 Y46.974 E.03449
G1 X62.96 Y46.974 E.04343
G1 X62.457 Y46.94 E.01707
G1 X61.442 Y46.815 E.0346
G1 X60.827 Y46.697 E.02122
G1 X60.976 Y45.86 E.02878
G1 X61.66 Y45.989 E.02356
G1 X62.401 Y46.084 E.02529
G1 X62.974 Y46.124 E.01946
G1 X64.261 Y46.124 E.04356
G1 X64.812 Y46.083 E.01871
G1 X65.354 Y46.02 E.01846
G1 X66.193 Y45.87 E.02884
M204 S10000
G1 X65.89 Y46.362 F7200
M204 S1500
;TYPE:Inner wall
;WIDTH:0.439778
G1 F1511.876
G1 X65.395 Y46.44 E.01653
;WIDTH:0.43663
G1 F1523.964
G1 X64.835 Y46.502 E.01844
;WIDTH:0.442918
G1 F1500.007
G1 X64.225 Y46.549 E.02035
G1 X62.946 Y46.549 E.04256
G1 X62.338 Y46.501 E.02028
;WIDTH:0.444104
G1 F1495.573
G1 X61.319 Y46.358 E.03431
; stop printing object fidget-finger-massager-2000-rods-rod-05.stl id:0 copy 0
; printing object fidget-finger-massager-2000-rods-rod-09.stl id:0 copy 0
M204 S10000
G1 E-.8 F1800
G1 X66.188 Y42.26 Z6.2 F7200
G1 Z5.8
G1 E.8 F1800
M204 S500
;TYPE:Outer wall
;WIDTH:0.449999
G1 F1473.915
G1 X66.336 Y43.097 E.02875
G1 X66.008 Y43.163 E.01133
G1 X65.215 Y43.284 E.02716
G1 X64.199 Y43.371 E.03449
G1 X62.916 Y43.371 E.04343
G1 X62.413 Y43.338 E.01707
G1 X61.398 Y43.213 E.0346
G1 X60.783 Y43.094 E.02122
G1 X60.932 Y42.257 E.02878
G1 X61.616 Y42.387 E.02356
G1 X62.357 Y42.481 E.02529
G1 X62.93 Y42.521 E.01946
G1 X64.217 Y42.521 E.04356
G1 X64.768 Y42.48 E.01871
G1 X65.31 Y42.417 E.01846
G1 X66.149 Y42.267 E.02884
M204 S10000
G1 X65.846 Y42.76 F7200
M204 S1500
;TYPE:Inner wall
;WIDTH:0.439778
G1 F1511.876
G1 X65.351 Y42.837 E.01653
;WIDTH:0.43663
G1 F1523.964
G1 X64.791 Y42.899 E.01844
;WIDTH:0.442918
G1 F1500.007
G1 X64.181 Y42.946 E.02035
G1 X62.902 Y42.946 E.04256
G1 X62.294 Y42.898 E.02028
;WIDTH:0.444104
G1 F1495.573
G1 X61.275 Y42.755 E.03431
; stop printing object fidget-finger-massager-2000-rods-rod-09.stl id:0 copy 0
; printing object fidget-finger-massager-2000-rods-rod-06.stl id:0 copy 0
M204 S10000
G1 E-.8 F1800
G1 X58.245 Y44.105 Z6.2 F7200
G1 Z5.8
G1 E.8 F1800
M204 S500
;TYPE:Outer wall
;WIDTH:0.449999
G1 F1473.915
G1 X58.173 Y44.452 E.012
G1 X58.087 Y44.991 E.01846
G1 X58.024 Y45.533 E.01846
G1 X57.984 Y46.106 E.01945
G1 X57.984 Y47.393 E.04356
G1 X58.025 Y47.946 E.01878
G1 X58.12 Y48.689 E.02533
G1 X58.248 Y49.363 E.02325
G1 X57.409 Y49.511 E.02887
G1 X57.282 Y48.795 E.02463
G1 X57.188 Y48.003 E.027
G1 X57.134 Y47.357 E.02194
G1 X57.134 Y46.078 E.04329
G1 X57.186 Y45.428 E.02209
G1 X57.261 Y44.779 E.02211
G1 X57.409 Y43.958 E.02823
G1 X58.205 Y44.098 E.02739
M204 S10000
G1 E-.8 F1800
G1 X57.748 Y49.018 Z6.2 F7200
G1 Z5.8
G1 E.8 F1800
M204 S1500
;TYPE:Inner wall
;WIDTH:0.446998
G1 F1484.862
G1 X57.645 Y48.34 E.02304
G1 X57.559 Y47.387 E.03216
;WIDTH:0.44292
G1 F1500
G1 X57.559 Y46.106 E.04259
G1 X57.603 Y45.502 E.02015
;WIDTH:0.438142
G1 F1518.134
G1 X57.667 Y44.942 E.01852
;WIDTH:0.440782
G1 F1508.061
G1 X57.745 Y44.448 E.01656
; stop printing object fidget-finger-massager-2000-rods-rod-06.stl id:0 copy 0
; printing object fidget-finger-massager-2000-rods-rod-08.stl id:0 copy 0
M204 S10000
G1 E-.8 F1800
G1 X54.642 Y44.105 Z6.2 F7200
G1 Z5.8
G1 E.8 F1800
M204 S500
;TYPE:Outer wall
;WIDTH:0.449999
G1 F1473.915
G1 X54.571 Y44.452 E.012
G1 X54.484 Y44.991 E.01846
G1 X54.421 Y45.533 E.01846
G1 X54.381 Y46.106 E.01945
G1 X54.381 Y47.393 E.04356
G1 X54.422 Y47.946 E.01878
G1 X54.517 Y48.689 E.02533
G1 X54.646 Y49.363 E.02325
G1 X53.806 Y49.511 E.02887
G1 X53.68 Y48.795 E.02463
G1 X53.585 Y48.003 E.027
G1 X53.531 Y47.357 E.02194
G1 X53.531 Y46.078 E.04329
G1 X53.583 Y45.428 E.02209
G1 X53.659 Y44.779 E.02211
G1 X53.806 Y43.958 E.02823
G1 X54.603 Y44.098 E.02739
M204 S10000
G1 E-.8 F1800
G1 X54.146 Y49.018 Z6.2 F7200
G1 Z5.8
G1 E.8 F1800
M204 S1500
;TYPE:Inner wall
;WIDTH:0.446998
G1 F1484.862
G1 X54.042 Y48.34 E.02304
G1 X53.956 Y47.387 E.03216
;WIDTH:0.44292
G1 F1500
G1 X53.956 Y46.106 E.04259
G1 X54 Y45.502 E.02015
;WIDTH:0.438142
G1 F1518.134
G1 X54.065 Y44.942 E.01852
;WIDTH:0.440782
G1 F1508.061
G1 X54.142 Y44.448 E.01656
; stop printing object fidget-finger-massager-2000-rods-rod-08.stl id:0 copy 0
;LAYER_CHANGE
;Z:6
;HEIGHT:0.2
G92 E0
;_SET_FAN_SPEED_CHANGING_LAYER
; printing object fidget-finger-massager-2000-rods-rod-07.stl id:0 copy 0
M204 S10000
G1 E-.8 F1800
G1 X54.628 Y52.065 Z6.4 F7200
G1 X54.642 Y52.287 Z6.4
G1 Z6
G1 E.8 F1800
M204 S500
;TYPE:Outer wall
;WIDTH:0.449999
G1 F1473.915
G1 X54.571 Y52.632 E.01193
G1 X54.485 Y53.171 E.01848
G1 X54.421 Y53.714 E.01848
G1 X54.381 Y54.288 E.01947
G1 X54.381 Y55.574 E.04356
G1 X54.422 Y56.128 E.0188
G1 X54.516 Y56.859 E.02494
G1 X54.646 Y57.545 E.02362
G1 X53.806 Y57.693 E.02887
G1 X53.657 Y56.859 E.02868
G1 X53.564 Y56.05 E.02755
G1 X53.531 Y55.545 E.01715
G1 X53.531 Y54.259 E.0435
G1 X53.583 Y53.609 E.0221
G1 X53.66 Y52.954 E.02232
G1 X53.806 Y52.139 E.028
G1 X54.603 Y52.28 E.02739
M204 S10000
G1 X54.142 Y52.629 F7200
M204 S1500
;TYPE:Inner wall
;WIDTH:0.440776
G1 F1508.083
G1 X54.065 Y53.122 E.01651
;WIDTH:0.43801
G1 F1518.641
G1 X54 Y53.683 E.01854
;WIDTH:0.44292
G1 F1500
G1 X53.956 Y54.288 E.02017
G1 X53.956 Y55.573 E.04275
G1 X54.004 Y56.182 E.02031
;WIDTH:0.447828
G1 F1481.818
G1 X54.145 Y57.199 E.03458
; stop printing object fidget-finger-massager-2000-rods-rod-07.stl id:0 copy 0
; printing object fidget-finger-massager-2000-rods-rod-04.stl id:0 copy 0
M204 S10000
G1 E-.8 F1800
G1 X58.245 Y52.287 Z6.4 F7200
G1 Z6
G1 E.8 F1800
M204 S500
;TYPE:Outer wall
;WIDTH:0.449999
G1 F1473.915
G1 X58.174 Y52.632 E.01193
G1 X58.087 Y53.171 E.01848
G1 X58.024 Y53.714 E.01848
G1 X57.984 Y54.288 E.01947
G1 X57.984 Y55.574 E.04356
G1 X58.025 Y56.128 E.0188
G1 X58.118 Y56.859 E.02494
G1 X58.248 Y57.545 E.02362
G1 X57.408 Y57.693 E.02887
G1 X57.26 Y56.859 E.02868
G1 X57.167 Y56.05 E.02755
G1 X57.134 Y55.545 E.01715
G1 X57.134 Y54.259 E.0435
G1 X57.186 Y53.609 E.0221
G1 X57.262 Y52.954 E.02232
G1 X57.408 Y52.139 E.028
G1 X58.205 Y52.28 E.02739
M204 S10000
G1 X57.745 Y52.629 F7200
M204 S1500
;TYPE:Inner wall
;WIDTH:0.440776
G1 F1508.083
G1 X57.668 Y53.122 E.01651
;WIDTH:0.43801
G1 F1518.641
G1 X57.603 Y53.683 E.01854
;WIDTH:0.44292
G1 F1500
G1 X57.559 Y54.288 E.02017
G1 X57.559 Y55.573 E.04275
G1 X57.606 Y56.182 E.02031
;WIDTH:0.447828
G1 F1481.818
G1 X57.748 Y57.199 E.03458
; stop printing object fidget-finger-massager-2000-rods-rod-04.stl id:0 copy 0
; printing object fidget-finger-massager-2000-rods-rod-01.stl id:0 copy 0
M204 S10000
G1 E-.8 F1800
G1 X65.366 Y56.725 Z6.4 F7200
G1 X66.232 Y56.671 Z6.4
G1 Z6
G1 E.8 F1800
M204 S500
;TYPE:Outer wall
;WIDTH:0.449999
G1 F1473.915
G1 X66.38 Y57.508 E.02875
G1 X65.555 Y57.655 E.02834
G1 X64.747 Y57.749 E.02754
G1 X64.245 Y57.782 E.01703
G1 X62.96 Y57.782 E.0435
G1 X62.459 Y57.749 E.017
G1 X61.449 Y57.625 E.03445
G1 X60.827 Y57.505 E.02144
G1 X60.976 Y56.668 E.02878
G1 X61.67 Y56.799 E.02393
G1 X62.4 Y56.892 E.0249
G1 X62.974 Y56.932 E.01948
G1 X64.261 Y56.932 E.04356
G1 X64.813 Y56.891 E.01873
G1 X65.43 Y56.816 E.02103
G1 X66.193 Y56.678 E.02625
M204 S10000
G1 E-.8 F1800
G1 X61.319 Y57.166 Z6.4 F7200
G1 Z6
G1 E.8 F1800
M204 S1500
;TYPE:Inner wall
;WIDTH:0.444202
G1 F1495.208
G1 X62.337 Y57.309 E.0343
;WIDTH:0.442916
G1 F1500.015
G1 X62.945 Y57.357 E.02029
G1 X64.231 Y57.357 E.04277
G1 X64.836 Y57.313 E.02017
;WIDTH:0.43801
G1 F1518.641
G1 X65.397 Y57.248 E.01853
;WIDTH:0.440776
G1 F1508.083
G1 X65.89 Y57.171 E.01651
; stop printing object fidget-finger-massager-2000-rods-rod-01.stl id:0 copy 0
; printing object fidget-finger-massager-2000-rods-rod-02.stl id:0 copy 0
M204 S10000
G1 E-.8 F1800
G1 X66.232 Y53.069 Z6.4 F7200
G1 Z6
G1 E.8 F1800
M204 S500
;TYPE:Outer wall
;WIDTH:0.449999
G1 F1473.915
G1 X66.38 Y53.905 E.02875
G1 X65.555 Y54.053 E.02834
G1 X64.747 Y54.146 E.02754
G1 X64.245 Y54.179 E.01703
G1 X62.96 Y54.179 E.0435
G1 X62.459 Y54.146 E.017
G1 X61.449 Y54.022 E.03445
G1 X60.827 Y53.903 E.02144
G1 X60.976 Y53.065 E.02878
G1 X61.67 Y53.197 E.02393
G1 X62.4 Y53.289 E.0249
G1 X62.974 Y53.329 E.01948
G1 X64.261 Y53.329 E.04356
G1 X64.813 Y53.288 E.01873
G1 X65.43 Y53.213 E.02103
G1 X66.193 Y53.076 E.02625
M204 S10000
G1 E-.8 F1800
G1 X61.319 Y53.564 Z6.4 F7200
G1 Z6
G1 E.8 F1800
M204 S1500
;TYPE:Inner wall
;WIDTH:0.444202
G1 F1495.208
G1 X62.337 Y53.706 E.0343
;WIDTH:0.442916
G1 F1500.015
G1 X62.945 Y53.754 E.02029
G1 X64.231 Y53.754 E.04277
G1 X64.836 Y53.71 E.02017
;WIDTH:0.43801
G1 F1518.641
G1 X65.397 Y53.646 E.01853
;WIDTH:0.440776
G1 F1508.083
G1 X65.89 Y53.568 E.01651
; stop printing object fidget-finger-massager-2000-rods-rod-02.stl id:0 copy 0
; printing object fidget-finger-massager-2000-rods-rod-03.stl id:0 copy 0
M204 S10000
G1 E-.8 F1800
M73 P37 R11
G1 X66.232 Y49.466 Z6.4 F7200
G1 Z6
G1 E.8 F1800
M204 S500
;TYPE:Outer wall
;WIDTH:0.449999
G1 F1473.915
G1 X66.38 Y50.302 E.02875
G1 X65.555 Y50.45 E.02834
G1 X64.747 Y50.543 E.02754
G1 X64.245 Y50.576 E.01703
G1 X62.96 Y50.576 E.0435
G1 X62.459 Y50.543 E.017
G1 X61.449 Y50.419 E.03445
G1 X60.827 Y50.3 E.02144
G1 X60.976 Y49.463 E.02878
G1 X61.67 Y49.594 E.02393
G1 X62.4 Y49.686 E.0249
G1 X62.974 Y49.726 E.01948
G1 X64.261 Y49.726 E.04356
G1 X64.813 Y49.686 E.01873
G1 X65.43 Y49.61 E.02103
G1 X66.193 Y49.473 E.02625
M204 S10000
G1 E-.8 F1800
G1 X61.319 Y49.961 Z6.4 F7200
G1 Z6
G1 E.8 F1800
M204 S1500
;TYPE:Inner wall
;WIDTH:0.444202
G1 F1495.208
G1 X62.337 Y50.104 E.0343
;WIDTH:0.442916
G1 F1500.015
G1 X62.945 Y50.151 E.02029
G1 X64.231 Y50.151 E.04277
G1 X64.836 Y50.108 E.02017
;WIDTH:0.43801
G1 F1518.641
G1 X65.397 Y50.043 E.01853
;WIDTH:0.440776
G1 F1508.083
G1 X65.89 Y49.966 E.01651
; stop printing object fidget-finger-massager-2000-rods-rod-03.stl id:0 copy 0
; printing object fidget-finger-massager-2000-rods-rod-05.stl id:0 copy 0
M204 S10000
G1 E-.8 F1800
G1 X66.232 Y45.863 Z6.4 F7200
G1 Z6
G1 E.8 F1800
M204 S500
;TYPE:Outer wall
;WIDTH:0.449999
G1 F1473.915
G1 X66.38 Y46.699 E.02875
G1 X65.555 Y46.847 E.02834
G1 X64.747 Y46.94 E.02754
G1 X64.245 Y46.974 E.01703
G1 X62.96 Y46.974 E.0435
G1 X62.459 Y46.941 E.017
G1 X61.449 Y46.816 E.03445
G1 X60.827 Y46.697 E.02144
G1 X60.976 Y45.86 E.02878
G1 X61.67 Y45.991 E.02393
G1 X62.4 Y46.084 E.0249
G1 X62.974 Y46.124 E.01948
G1 X64.261 Y46.124 E.04356
G1 X64.813 Y46.083 E.01873
G1 X65.43 Y46.007 E.02103
G1 X66.193 Y45.87 E.02625
M204 S10000
G1 E-.8 F1800
G1 X61.319 Y46.358 Z6.4 F7200
G1 Z6
G1 E.8 F1800
M204 S1500
;TYPE:Inner wall
;WIDTH:0.444202
G1 F1495.208
G1 X62.337 Y46.501 E.0343
;WIDTH:0.442916
G1 F1500.015
G1 X62.945 Y46.549 E.02029
G1 X64.231 Y46.549 E.04277
G1 X64.836 Y46.505 E.02017
;WIDTH:0.43801
G1 F1518.641
G1 X65.397 Y46.44 E.01853
;WIDTH:0.440776
G1 F1508.083
G1 X65.89 Y46.363 E.01651
; stop printing object fidget-finger-massager-2000-rods-rod-05.stl id:0 copy 0
; printing object fidget-finger-massager-2000-rods-rod-09.stl id:0 copy 0
M204 S10000
G1 E-.8 F1800
G1 X66.188 Y42.26 Z6.4 F7200
G1 Z6
G1 E.8 F1800
M204 S500
;TYPE:Outer wall
;WIDTH:0.449999
G1 F1473.915
G1 X66.336 Y43.097 E.02875
G1 X65.512 Y43.244 E.02834
G1 X64.703 Y43.338 E.02754
G1 X64.201 Y43.371 E.01703
G1 X62.916 Y43.371 E.0435
G1 X62.415 Y43.338 E.017
G1 X61.405 Y43.214 E.03445
G1 X60.783 Y43.094 E.02144
G1 X60.932 Y42.257 E.02878
G1 X61.627 Y42.388 E.02393
G1 X62.356 Y42.481 E.0249
G1 X62.93 Y42.521 E.01948
G1 X64.217 Y42.521 E.04356
G1 X64.769 Y42.48 E.01873
G1 X65.386 Y42.405 E.02103
G1 X66.149 Y42.267 E.02625
M204 S10000
G1 E-.8 F1800
G1 X61.275 Y42.755 Z6.4 F7200
G1 Z6
M73 P37 R10
G1 E.8 F1800
M204 S1500
;TYPE:Inner wall
;WIDTH:0.444202
G1 F1495.208
G1 X62.293 Y42.898 E.0343
;WIDTH:0.442916
G1 F1500.015
G1 X62.902 Y42.946 E.02029
G1 X64.187 Y42.946 E.04277
G1 X64.792 Y42.902 E.02017
;WIDTH:0.43801
G1 F1518.641
G1 X65.353 Y42.837 E.01853
;WIDTH:0.440776
G1 F1508.083
G1 X65.846 Y42.76 E.01651
; stop printing object fidget-finger-massager-2000-rods-rod-09.stl id:0 copy 0
; printing object fidget-finger-massager-2000-rods-rod-06.stl id:0 copy 0
M204 S10000
G1 E-.8 F1800
G1 X58.33 Y44.09 Z6.4 F7200
G1 X58.245 Y44.105 Z6.4
G1 Z6
G1 E.8 F1800
M204 S500
;TYPE:Outer wall
;WIDTH:0.449999
G1 F1473.915
G1 X58.174 Y44.451 E.01193
G1 X58.087 Y44.99 E.01848
G1 X58.024 Y45.532 E.01848
G1 X57.984 Y46.106 E.01947
G1 X57.984 Y47.393 E.04356
G1 X58.025 Y47.947 E.0188
G1 X58.118 Y48.678 E.02494
G1 X58.248 Y49.363 E.02362
G1 X57.408 Y49.511 E.02887
G1 X57.26 Y48.677 E.02868
G1 X57.167 Y47.869 E.02755
G1 X57.134 Y47.363 E.01715
G1 X57.134 Y46.078 E.0435
G1 X57.186 Y45.427 E.0221
G1 X57.262 Y44.772 E.02232
G1 X57.408 Y43.958 E.028
G1 X58.205 Y44.098 E.02739
M204 S10000
G1 X57.745 Y44.448 F7200
M204 S1500
;TYPE:Inner wall
;WIDTH:0.440776
G1 F1508.083
G1 X57.668 Y44.941 E.01651
;WIDTH:0.43801
G1 F1518.641
G1 X57.603 Y45.501 E.01854
;WIDTH:0.44292
G1 F1500
G1 X57.559 Y46.106 E.02017
G1 X57.559 Y47.391 E.04275
G1 X57.606 Y48 E.02031
;WIDTH:0.447828
G1 F1481.818
G1 X57.748 Y49.018 E.03458
; stop printing object fidget-finger-massager-2000-rods-rod-06.stl id:0 copy 0
; printing object fidget-finger-massager-2000-rods-rod-08.stl id:0 copy 0
M204 S10000
G1 E-.8 F1800
G1 X54.642 Y44.105 Z6.4 F7200
G1 Z6
G1 E.8 F1800
M204 S500
;TYPE:Outer wall
;WIDTH:0.449999
G1 F1473.915
G1 X54.571 Y44.451 E.01193
G1 X54.485 Y44.99 E.01848
G1 X54.421 Y45.532 E.01848
G1 X54.381 Y46.106 E.01947
G1 X54.381 Y47.393 E.04356
G1 X54.422 Y47.947 E.0188
G1 X54.516 Y48.678 E.02494
G1 X54.646 Y49.363 E.02362
G1 X53.806 Y49.511 E.02887
G1 X53.657 Y48.677 E.02868
G1 X53.564 Y47.869 E.02755
G1 X53.531 Y47.363 E.01715
G1 X53.531 Y46.078 E.0435
G1 X53.583 Y45.427 E.0221
G1 X53.66 Y44.772 E.02232
G1 X53.806 Y43.958 E.028
G1 X54.603 Y44.098 E.02739
M204 S10000
G1 X54.142 Y44.448 F7200
M204 S1500
;TYPE:Inner wall
;WIDTH:0.440776
G1 F1508.083
G1 X54.065 Y44.941 E.01651
;WIDTH:0.43801
G1 F1518.641
G1 X54 Y45.501 E.01854
;WIDTH:0.44292
G1 F1500
G1 X53.956 Y46.106 E.02017
G1 X53.956 Y47.391 E.04275
G1 X54.004 Y48 E.02031
;WIDTH:0.447828
G1 F1481.818
G1 X54.145 Y49.018 E.03458
; stop printing object fidget-finger-massager-2000-rods-rod-08.stl id:0 copy 0
;LAYER_CHANGE
;Z:6.2
;HEIGHT:0.2
G92 E0
;_SET_FAN_SPEED_CHANGING_LAYER
; printing object fidget-finger-massager-2000-rods-rod-07.stl id:0 copy 0
M204 S10000
G1 E-.8 F1800
G1 X54.642 Y52.287 Z6.6 F7200
G1 Z6.2
G1 E.8 F1800
M204 S500
;TYPE:Outer wall
;WIDTH:0.449999
G1 F1473.915
G1 X54.571 Y52.63 E.01187
G1 X54.485 Y53.17 E.01851
G1 X54.422 Y53.713 E.01851
G1 X54.381 Y54.288 E.01949
G1 X54.381 Y55.574 E.04356
G1 X54.422 Y56.129 E.01882
G1 X54.514 Y56.849 E.02456
G1 X54.646 Y57.545 E.02399
G1 X53.806 Y57.693 E.02888
G1 X53.658 Y56.866 E.02845
G1 X53.564 Y56.048 E.02786
G1 X53.531 Y55.545 E.01707
G1 X53.531 Y54.259 E.04351
G1 X53.584 Y53.608 E.02212
G1 X53.661 Y52.947 E.02252
G1 X53.806 Y52.139 E.02777
G1 X54.603 Y52.28 E.02739
M204 S10000
G1 E-.8 F1800
G1 X54.145 Y57.199 Z6.6 F7200
G1 Z6.2
G1 E.8 F1800
M204 S1500
;TYPE:Inner wall
;WIDTH:0.448018
G1 F1481.123
G1 X54.004 Y56.182 E.03459
;WIDTH:0.44292
G1 F1500
G1 X53.956 Y55.573 E.02032
G1 X53.956 Y54.288 E.04275
G1 X54 Y53.682 E.02019
;WIDTH:0.437874
G1 F1519.164
G1 X54.065 Y53.121 E.01855
;WIDTH:0.440772
G1 F1508.099
G1 X54.142 Y52.629 E.01647
; stop printing object fidget-finger-massager-2000-rods-rod-07.stl id:0 copy 0
; printing object fidget-finger-massager-2000-rods-rod-04.stl id:0 copy 0
M204 S10000
G1 E-.8 F1800
G1 X58.245 Y52.287 Z6.6 F7200
G1 Z6.2
G1 E.8 F1800
M204 S500
;TYPE:Outer wall
;WIDTH:0.449999
G1 F1473.915
G1 X58.174 Y52.63 E.01187
G1 X58.088 Y53.17 E.01851
G1 X58.024 Y53.713 E.01851
G1 X57.984 Y54.288 E.01949
G1 X57.984 Y55.574 E.04356
G1 X58.025 Y56.129 E.01882
G1 X58.117 Y56.849 E.02456
G1 X58.249 Y57.545 E.02399
G1 X57.408 Y57.693 E.02888
G1 X57.261 Y56.866 E.02845
G1 X57.166 Y56.048 E.02786
G1 X57.134 Y55.545 E.01707
G1 X57.134 Y54.259 E.04351
G1 X57.186 Y53.608 E.02212
G1 X57.263 Y52.947 E.02252
G1 X57.408 Y52.139 E.02777
G1 X58.205 Y52.28 E.02739
M204 S10000
G1 E-.8 F1800
G1 X57.748 Y57.199 Z6.6 F7200
G1 Z6.2
G1 E.8 F1800
M204 S1500
;TYPE:Inner wall
;WIDTH:0.448018
G1 F1481.123
G1 X57.606 Y56.182 E.03459
;WIDTH:0.44292
G1 F1500
G1 X57.559 Y55.573 E.02032
G1 X57.559 Y54.288 E.04275
G1 X57.603 Y53.682 E.02019
;WIDTH:0.437874
G1 F1519.164
G1 X57.668 Y53.121 E.01855
;WIDTH:0.440772
G1 F1508.099
G1 X57.745 Y52.629 E.01647
; stop printing object fidget-finger-massager-2000-rods-rod-04.stl id:0 copy 0
; printing object fidget-finger-massager-2000-rods-rod-01.stl id:0 copy 0
M204 S10000
G1 E-.8 F1800
G1 X64.636 Y55.911 Z6.6 F7200
G1 X66.232 Y56.671 Z6.6
G1 Z6.2
G1 E.8 F1800
M204 S500
;TYPE:Outer wall
;WIDTH:0.449999
G1 F1473.915
G1 X66.38 Y57.508 E.02875
G1 X65.562 Y57.654 E.02811
G1 X64.745 Y57.749 E.02784
G1 X64.245 Y57.782 E.01695
G1 X62.962 Y57.782 E.04343
G1 X62.302 Y57.726 E.02244
G1 X61.528 Y57.631 E.02639
G1 X60.826 Y57.508 E.02412
G1 X60.976 Y56.668 E.02887
G1 X61.681 Y56.801 E.0243
G1 X62.4 Y56.892 E.02451
G1 X62.98 Y56.932 E.0197
G1 X64.261 Y56.932 E.04335
G1 X64.814 Y56.891 E.01875
G1 X65.436 Y56.815 E.02123
G1 X66.193 Y56.678 E.02602
M204 S10000
G1 X65.89 Y57.171 F7200
M204 S1500
;TYPE:Inner wall
;WIDTH:0.44077
G1 F1508.106
G1 X65.398 Y57.248 E.01647
;WIDTH:0.437874
G1 F1519.164
G1 X64.837 Y57.313 E.01855
;WIDTH:0.442918
G1 F1500.007
G1 X64.231 Y57.357 E.02019
G1 X62.951 Y57.357 E.04259
;WIDTH:0.446632
G1 F1486.208
G1 X62.006 Y57.272 E.03184
;WIDTH:0.446744
G1 F1485.796
G1 X61.32 Y57.168 E.02328
; stop printing object fidget-finger-massager-2000-rods-rod-01.stl id:0 copy 0
; printing object fidget-finger-massager-2000-rods-rod-02.stl id:0 copy 0
M204 S10000
G1 E-.8 F1800
G1 X66.232 Y53.069 Z6.6 F7200
G1 Z6.2
G1 E.8 F1800
M204 S500
;TYPE:Outer wall
;WIDTH:0.449999
G1 F1473.915
G1 X66.38 Y53.905 E.02875
G1 X65.562 Y54.052 E.02811
G1 X64.745 Y54.146 E.02784
M73 P38 R10
G1 X64.245 Y54.179 E.01695
G1 X62.962 Y54.179 E.04343
G1 X62.302 Y54.123 E.02244
G1 X61.528 Y54.029 E.02639
G1 X60.826 Y53.905 E.02412
G1 X60.976 Y53.065 E.02887
G1 X61.681 Y53.198 E.0243
G1 X62.4 Y53.289 E.02451
G1 X62.98 Y53.329 E.0197
G1 X64.261 Y53.329 E.04335
G1 X64.814 Y53.288 E.01875
G1 X65.436 Y53.212 E.02123
G1 X66.193 Y53.076 E.02602
M204 S10000
G1 X65.89 Y53.568 F7200
M204 S1500
;TYPE:Inner wall
;WIDTH:0.44077
G1 F1508.106
G1 X65.398 Y53.645 E.01647
;WIDTH:0.437874
G1 F1519.164
G1 X64.837 Y53.71 E.01855
;WIDTH:0.442918
G1 F1500.007
G1 X64.231 Y53.754 E.02019
G1 X62.951 Y53.754 E.04259
;WIDTH:0.446632
G1 F1486.208
G1 X62.006 Y53.67 E.03184
;WIDTH:0.446744
G1 F1485.796
G1 X61.32 Y53.565 E.02328
; stop printing object fidget-finger-massager-2000-rods-rod-02.stl id:0 copy 0
; printing object fidget-finger-massager-2000-rods-rod-03.stl id:0 copy 0
M204 S10000
G1 E-.8 F1800
G1 X66.232 Y49.466 Z6.6 F7200
G1 Z6.2
G1 E.8 F1800
M204 S500
;TYPE:Outer wall
;WIDTH:0.449999
G1 F1473.915
G1 X66.38 Y50.302 E.02875
G1 X65.562 Y50.449 E.02811
G1 X64.745 Y50.543 E.02784
G1 X64.245 Y50.576 E.01695
G1 X62.962 Y50.576 E.04343
G1 X62.302 Y50.52 E.02244
G1 X61.528 Y50.426 E.02639
G1 X60.826 Y50.302 E.02412
G1 X60.976 Y49.462 E.02887
G1 X61.681 Y49.596 E.0243
G1 X62.4 Y49.686 E.02451
G1 X62.98 Y49.726 E.0197
G1 X64.261 Y49.726 E.04335
G1 X64.814 Y49.686 E.01875
G1 X65.436 Y49.609 E.02123
G1 X66.193 Y49.473 E.02602
M204 S10000
G1 X65.89 Y49.966 F7200
M204 S1500
;TYPE:Inner wall
;WIDTH:0.44077
G1 F1508.106
G1 X65.398 Y50.043 E.01647
;WIDTH:0.437874
G1 F1519.164
G1 X64.837 Y50.108 E.01855
;WIDTH:0.442918
G1 F1500.007
G1 X64.231 Y50.151 E.02019
G1 X62.951 Y50.151 E.04259
;WIDTH:0.446632
G1 F1486.208
G1 X62.006 Y50.067 E.03184
;WIDTH:0.446744
G1 F1485.796
G1 X61.32 Y49.962 E.02328
; stop printing object fidget-finger-massager-2000-rods-rod-03.stl id:0 copy 0
; printing object fidget-finger-massager-2000-rods-rod-05.stl id:0 copy 0
M204 S10000
G1 E-.8 F1800
G1 X66.232 Y45.863 Z6.6 F7200
G1 Z6.2
G1 E.8 F1800
M204 S500
;TYPE:Outer wall
;WIDTH:0.449999
G1 F1473.915
G1 X66.38 Y46.699 E.02875
G1 X65.562 Y46.846 E.02811
G1 X64.745 Y46.941 E.02784
G1 X64.245 Y46.974 E.01695
G1 X62.962 Y46.974 E.04343
G1 X62.302 Y46.918 E.02244
G1 X61.528 Y46.823 E.02639
G1 X60.826 Y46.699 E.02412
G1 X60.976 Y45.86 E.02887
G1 X61.681 Y45.993 E.0243
G1 X62.4 Y46.084 E.02451
G1 X62.98 Y46.124 E.0197
G1 X64.261 Y46.124 E.04335
G1 X64.814 Y46.083 E.01875
G1 X65.436 Y46.006 E.02123
G1 X66.193 Y45.87 E.02602
M204 S10000
G1 X65.89 Y46.363 F7200
M204 S1500
;TYPE:Inner wall
;WIDTH:0.44077
G1 F1508.106
G1 X65.398 Y46.44 E.01647
;WIDTH:0.437874
G1 F1519.164
G1 X64.837 Y46.505 E.01855
;WIDTH:0.442918
G1 F1500.007
G1 X64.231 Y46.549 E.02019
G1 X62.951 Y46.549 E.04259
;WIDTH:0.446632
G1 F1486.208
G1 X62.006 Y46.464 E.03184
;WIDTH:0.446744
G1 F1485.796
G1 X61.32 Y46.359 E.02328
; stop printing object fidget-finger-massager-2000-rods-rod-05.stl id:0 copy 0
; printing object fidget-finger-massager-2000-rods-rod-09.stl id:0 copy 0
M204 S10000
G1 E-.8 F1800
G1 X66.188 Y42.26 Z6.6 F7200
G1 Z6.2
G1 E.8 F1800
M204 S500
;TYPE:Outer wall
;WIDTH:0.449999
G1 F1473.915
G1 X66.336 Y43.097 E.02875
G1 X65.518 Y43.243 E.02811
G1 X64.701 Y43.338 E.02784
G1 X64.201 Y43.371 E.01695
G1 X62.918 Y43.371 E.04343
G1 X62.258 Y43.315 E.02244
G1 X61.484 Y43.22 E.02639
G1 X60.782 Y43.097 E.02412
G1 X60.932 Y42.257 E.02887
G1 X61.637 Y42.39 E.0243
G1 X62.356 Y42.481 E.02451
G1 X62.936 Y42.521 E.0197
G1 X64.217 Y42.521 E.04335
G1 X64.77 Y42.48 E.01875
G1 X65.392 Y42.404 E.02123
G1 X66.149 Y42.267 E.02602
M204 S10000
G1 X65.846 Y42.76 F7200
M204 S1500
;TYPE:Inner wall
;WIDTH:0.44077
G1 F1508.106
G1 X65.354 Y42.837 E.01647
;WIDTH:0.437874
G1 F1519.164
G1 X64.793 Y42.902 E.01855
;WIDTH:0.442918
G1 F1500.007
G1 X64.187 Y42.946 E.02019
G1 X62.907 Y42.946 E.04259
;WIDTH:0.446632
G1 F1486.208
G1 X61.962 Y42.861 E.03184
;WIDTH:0.446744
G1 F1485.796
G1 X61.277 Y42.757 E.02328
; stop printing object fidget-finger-massager-2000-rods-rod-09.stl id:0 copy 0
; printing object fidget-finger-massager-2000-rods-rod-06.stl id:0 copy 0
M204 S10000
G1 E-.8 F1800
G1 X58.245 Y44.105 Z6.6 F7200
G1 Z6.2
G1 E.8 F1800
M204 S500
;TYPE:Outer wall
;WIDTH:0.449999
G1 F1473.915
G1 X58.174 Y44.449 E.01187
G1 X58.088 Y44.988 E.01851
G1 X58.024 Y45.532 E.01851
G1 X57.984 Y46.106 E.01949
G1 X57.984 Y47.393 E.04356
G1 X58.025 Y47.947 E.01882
G1 X58.117 Y48.667 E.02456
G1 X58.249 Y49.363 E.02399
G1 X57.408 Y49.511 E.02888
G1 X57.261 Y48.684 E.02845
G1 X57.166 Y47.866 E.02786
G1 X57.134 Y47.363 E.01707
G1 X57.134 Y46.078 E.04351
G1 X57.186 Y45.426 E.02212
G1 X57.263 Y44.765 E.02252
G1 X57.408 Y43.958 E.02777
G1 X58.205 Y44.098 E.02739
M204 S10000
G1 E-.8 F1800
G1 X57.748 Y49.017 Z6.6 F7200
G1 Z6.2
G1 E.8 F1800
M204 S1500
;TYPE:Inner wall
;WIDTH:0.448018
G1 F1481.123
G1 X57.606 Y48 E.03459
;WIDTH:0.44292
G1 F1500
G1 X57.559 Y47.391 E.02032
G1 X57.559 Y46.106 E.04275
G1 X57.603 Y45.501 E.02019
;WIDTH:0.437874
G1 F1519.164
G1 X57.668 Y44.939 E.01855
;WIDTH:0.440772
G1 F1508.099
G1 X57.745 Y44.448 E.01647
; stop printing object fidget-finger-massager-2000-rods-rod-06.stl id:0 copy 0
; printing object fidget-finger-massager-2000-rods-rod-08.stl id:0 copy 0
M204 S10000
G1 E-.8 F1800
G1 X54.642 Y44.105 Z6.6 F7200
G1 Z6.2
G1 E.8 F1800
M204 S500
;TYPE:Outer wall
;WIDTH:0.449999
G1 F1473.915
G1 X54.571 Y44.449 E.01187
G1 X54.485 Y44.988 E.01851
G1 X54.422 Y45.532 E.01851
G1 X54.381 Y46.106 E.01949
G1 X54.381 Y47.393 E.04356
G1 X54.422 Y47.947 E.01882
G1 X54.514 Y48.667 E.02456
G1 X54.646 Y49.363 E.02399
G1 X53.806 Y49.511 E.02888
G1 X53.658 Y48.684 E.02845
G1 X53.564 Y47.866 E.02786
G1 X53.531 Y47.363 E.01707
G1 X53.531 Y46.078 E.04351
G1 X53.584 Y45.426 E.02212
G1 X53.661 Y44.765 E.02252
G1 X53.806 Y43.958 E.02777
G1 X54.603 Y44.098 E.02739
M204 S10000
G1 E-.8 F1800
G1 X54.145 Y49.017 Z6.6 F7200
G1 Z6.2
G1 E.8 F1800
M204 S1500
;TYPE:Inner wall
;WIDTH:0.448018
G1 F1481.123
G1 X54.004 Y48 E.03459
;WIDTH:0.44292
G1 F1500
G1 X53.956 Y47.391 E.02032
G1 X53.956 Y46.106 E.04275
G1 X54 Y45.501 E.02019
;WIDTH:0.437874
G1 F1519.164
G1 X54.065 Y44.939 E.01855
;WIDTH:0.440772
G1 F1508.099
G1 X54.142 Y44.448 E.01647
; stop printing object fidget-finger-massager-2000-rods-rod-08.stl id:0 copy 0
M106 S240
;LAYER_CHANGE
;Z:6.4
;HEIGHT:0.2
G92 E0
;_SET_FAN_SPEED_CHANGING_LAYER
; printing object fidget-finger-massager-2000-rods-rod-07.stl id:0 copy 0
M204 S10000
G1 E-.8 F1800
G1 X54.628 Y52.065 Z6.8 F7200
G1 X54.642 Y52.287 Z6.8
G1 Z6.4
G1 E.8 F1800
M204 S500
;TYPE:Outer wall
;WIDTH:0.449999
G1 F1473.915
G1 X54.572 Y52.628 E.0118
G1 X54.485 Y53.169 E.01853
G1 X54.422 Y53.712 E.01853
G1 X54.381 Y54.288 E.01951
G1 X54.381 Y55.574 E.04356
G1 X54.423 Y56.129 E.01884
G1 X54.512 Y56.838 E.02417
G1 X54.646 Y57.545 E.02435
G1 X53.806 Y57.693 E.02888
G1 X53.675 Y56.943 E.02575
G1 X53.585 Y56.186 E.02581
G1 X53.531 Y55.539 E.02199
G1 X53.531 Y54.259 E.04332
G1 X53.584 Y53.607 E.02214
G1 X53.662 Y52.94 E.02273
G1 X53.806 Y52.139 E.02754
G1 X54.603 Y52.28 E.02739
M204 S10000
G1 E-.8 F1800
G1 X54.146 Y57.199 Z6.8 F7200
G1 Z6.4
G1 E.8 F1800
M204 S1500
;TYPE:Inner wall
;WIDTH:0.446898
G1 F1485.23
G1 X54.04 Y56.509 E.02347
;WIDTH:0.44645
G1 F1486.878
G1 X53.956 Y55.568 E.03169
;WIDTH:0.44292
G1 F1500
G1 X53.956 Y54.288 E.04259
G1 X54 Y53.681 E.02021
;WIDTH:0.43774
G1 F1519.68
G1 X54.065 Y53.12 E.01857
;WIDTH:0.44077
G1 F1508.106
G1 X54.142 Y52.629 E.01643
; stop printing object fidget-finger-massager-2000-rods-rod-07.stl id:0 copy 0
; printing object fidget-finger-massager-2000-rods-rod-04.stl id:0 copy 0
M204 S10000
G1 E-.8 F1800
G1 X58.245 Y52.287 Z6.8 F7200
G1 Z6.4
G1 E.8 F1800
M204 S500
;TYPE:Outer wall
;WIDTH:0.449999
G1 F1473.915
G1 X58.174 Y52.628 E.0118
G1 X58.088 Y53.169 E.01853
G1 X58.024 Y53.712 E.01853
G1 X57.984 Y54.288 E.01951
G1 X57.984 Y55.574 E.04356
G1 X58.025 Y56.129 E.01884
G1 X58.115 Y56.838 E.02417
G1 X58.249 Y57.545 E.02435
G1 X57.408 Y57.693 E.02888
G1 X57.278 Y56.943 E.02575
G1 X57.187 Y56.186 E.02581
G1 X57.134 Y55.539 E.02199
G1 X57.134 Y54.259 E.04332
G1 X57.187 Y53.607 E.02214
G1 X57.264 Y52.94 E.02273
G1 X57.408 Y52.139 E.02754
G1 X58.205 Y52.28 E.02739
M204 S10000
G1 E-.8 F1800
G1 X57.749 Y57.199 Z6.8 F7200
G1 Z6.4
G1 E.8 F1800
M204 S1500
;TYPE:Inner wall
;WIDTH:0.446898
G1 F1485.23
G1 X57.643 Y56.509 E.02347
;WIDTH:0.44645
G1 F1486.878
G1 X57.559 Y55.568 E.03169
;WIDTH:0.44292
G1 F1500
G1 X57.559 Y54.288 E.04259
G1 X57.603 Y53.681 E.02021
;WIDTH:0.43774
G1 F1519.68
G1 X57.668 Y53.12 E.01857
;WIDTH:0.44077
G1 F1508.106
G1 X57.745 Y52.629 E.01643
; stop printing object fidget-finger-massager-2000-rods-rod-04.stl id:0 copy 0
; printing object fidget-finger-massager-2000-rods-rod-01.stl id:0 copy 0
M204 S10000
G1 E-.8 F1800
G1 X64.636 Y55.911 Z6.8 F7200
G1 X66.232 Y56.671 Z6.8
G1 Z6.4
G1 E.8 F1800
M204 S500
;TYPE:Outer wall
;WIDTH:0.449999
G1 F1473.915
G1 X66.379 Y57.505 E.02866
G1 X65.744 Y57.627 E.02189
G1 X64.754 Y57.748 E.03376
G1 X64.245 Y57.782 E.01726
G1 X62.962 Y57.782 E.04343
G1 X62.301 Y57.726 E.02245
G1 X61.539 Y57.633 E.026
G1 X60.826 Y57.508 E.02449
G1 X60.976 Y56.668 E.02888
G1 X61.692 Y56.803 E.02467
G1 X62.399 Y56.892 E.02412
G1 X62.98 Y56.932 E.01972
G1 X64.261 Y56.932 E.04335
G1 X64.814 Y56.891 E.01878
G1 X65.611 Y56.787 E.02719
G1 X66.193 Y56.679 E.02004
M204 S10000
G1 E-.8 F1800
G1 X61.321 Y57.168 Z6.8 F7200
G1 Z6.4
M73 P39 R10
G1 E.8 F1800
M204 S1500
;TYPE:Inner wall
;WIDTH:0.446832
G1 F1485.472
G1 X62.01 Y57.273 E.02343
;WIDTH:0.44645
G1 F1486.878
G1 X62.951 Y57.357 E.03169
;WIDTH:0.442918
G1 F1500.007
G1 X64.231 Y57.357 E.04259
G1 X64.837 Y57.313 E.02021
;WIDTH:0.436706
G1 F1523.67
G1 X65.399 Y57.246 E.01852
;WIDTH:0.436814
G1 X65.891 Y57.169 E.01632
; stop printing object fidget-finger-massager-2000-rods-rod-01.stl id:0 copy 0
; printing object fidget-finger-massager-2000-rods-rod-02.stl id:0 copy 0
M204 S10000
G1 E-.8 F1800
G1 X66.232 Y53.069 Z6.8 F7200
G1 Z6.4
G1 E.8 F1800
M204 S500
;TYPE:Outer wall
;WIDTH:0.449999
G1 F1473.915
G1 X66.379 Y53.902 E.02866
G1 X65.744 Y54.024 E.02189
G1 X64.754 Y54.145 E.03376
G1 X64.245 Y54.179 E.01726
G1 X62.962 Y54.179 E.04343
G1 X62.301 Y54.123 E.02245
G1 X61.539 Y54.03 E.026
G1 X60.826 Y53.905 E.02449
G1 X60.976 Y53.065 E.02888
G1 X61.692 Y53.2 E.02467
G1 X62.399 Y53.289 E.02412
G1 X62.98 Y53.329 E.01972
G1 X64.261 Y53.329 E.04335
G1 X64.814 Y53.288 E.01878
G1 X65.611 Y53.184 E.02719
G1 X66.193 Y53.076 E.02004
M204 S10000
G1 E-.8 F1800
G1 X61.321 Y53.565 Z6.8 F7200
G1 Z6.4
G1 E.8 F1800
M204 S1500
;TYPE:Inner wall
;WIDTH:0.446832
G1 F1485.472
G1 X62.01 Y53.67 E.02343
;WIDTH:0.44645
G1 F1486.878
G1 X62.951 Y53.754 E.03169
;WIDTH:0.442918
G1 F1500.007
G1 X64.231 Y53.754 E.04259
G1 X64.837 Y53.71 E.02021
;WIDTH:0.436706
G1 F1523.67
G1 X65.399 Y53.643 E.01852
;WIDTH:0.436814
G1 X65.891 Y53.566 E.01632
; stop printing object fidget-finger-massager-2000-rods-rod-02.stl id:0 copy 0
; printing object fidget-finger-massager-2000-rods-rod-03.stl id:0 copy 0
M204 S10000
G1 E-.8 F1800
G1 X66.232 Y49.466 Z6.8 F7200
G1 Z6.4
G1 E.8 F1800
M204 S500
;TYPE:Outer wall
;WIDTH:0.449999
G1 F1473.915
G1 X66.379 Y50.3 E.02866
G1 X65.744 Y50.421 E.02189
G1 X64.754 Y50.542 E.03376
G1 X64.245 Y50.576 E.01726
G1 X62.962 Y50.576 E.04343
G1 X62.301 Y50.52 E.02245
G1 X61.539 Y50.427 E.026
G1 X60.826 Y50.302 E.02449
G1 X60.976 Y49.462 E.02888
G1 X61.692 Y49.597 E.02467
G1 X62.399 Y49.686 E.02412
G1 X62.98 Y49.726 E.01972
G1 X64.261 Y49.726 E.04335
G1 X64.814 Y49.686 E.01878
G1 X65.611 Y49.581 E.02719
G1 X66.193 Y49.473 E.02004
M204 S10000
G1 E-.8 F1800
G1 X61.321 Y49.962 Z6.8 F7200
G1 Z6.4
G1 E.8 F1800
M204 S1500
;TYPE:Inner wall
;WIDTH:0.446832
G1 F1485.472
G1 X62.01 Y50.068 E.02343
;WIDTH:0.44645
G1 F1486.878
G1 X62.951 Y50.151 E.03169
;WIDTH:0.442918
G1 F1500.007
G1 X64.231 Y50.151 E.04259
G1 X64.837 Y50.107 E.02021
;WIDTH:0.436706
G1 F1523.67
G1 X65.399 Y50.04 E.01852
;WIDTH:0.436814
G1 X65.891 Y49.963 E.01632
; stop printing object fidget-finger-massager-2000-rods-rod-03.stl id:0 copy 0
; printing object fidget-finger-massager-2000-rods-rod-05.stl id:0 copy 0
M204 S10000
G1 E-.8 F1800
G1 X66.232 Y45.863 Z6.8 F7200
G1 Z6.4
G1 E.8 F1800
M204 S500
;TYPE:Outer wall
;WIDTH:0.449999
G1 F1473.915
G1 X66.379 Y46.697 E.02866
G1 X65.744 Y46.818 E.02189
G1 X64.754 Y46.939 E.03376
G1 X64.245 Y46.974 E.01726
G1 X62.962 Y46.974 E.04343
G1 X62.301 Y46.918 E.02245
G1 X61.539 Y46.825 E.026
G1 X60.826 Y46.699 E.02449
G1 X60.976 Y45.86 E.02888
G1 X61.692 Y45.994 E.02467
G1 X62.399 Y46.083 E.02412
G1 X62.98 Y46.124 E.01972
G1 X64.261 Y46.124 E.04335
G1 X64.814 Y46.083 E.01878
G1 X65.611 Y45.978 E.02719
G1 X66.193 Y45.87 E.02004
M204 S10000
G1 E-.8 F1800
G1 X61.321 Y46.359 Z6.8 F7200
G1 Z6.4
G1 E.8 F1800
M204 S1500
;TYPE:Inner wall
;WIDTH:0.446832
G1 F1485.472
G1 X62.01 Y46.465 E.02343
;WIDTH:0.44645
G1 F1486.878
G1 X62.951 Y46.549 E.03169
;WIDTH:0.442918
G1 F1500.007
G1 X64.231 Y46.549 E.04259
G1 X64.837 Y46.504 E.02021
;WIDTH:0.436706
G1 F1523.67
G1 X65.399 Y46.437 E.01852
;WIDTH:0.436814
G1 X65.891 Y46.361 E.01632
; stop printing object fidget-finger-massager-2000-rods-rod-05.stl id:0 copy 0
; printing object fidget-finger-massager-2000-rods-rod-09.stl id:0 copy 0
M204 S10000
G1 E-.8 F1800
G1 X66.188 Y42.26 Z6.8 F7200
G1 Z6.4
G1 E.8 F1800
M204 S500
;TYPE:Outer wall
;WIDTH:0.449999
G1 F1473.915
G1 X66.335 Y43.094 E.02866
G1 X65.7 Y43.216 E.02189
G1 X64.71 Y43.337 E.03376
G1 X64.201 Y43.371 E.01726
G1 X62.918 Y43.371 E.04343
G1 X62.258 Y43.315 E.02245
G1 X61.495 Y43.222 E.026
G1 X60.782 Y43.097 E.02449
G1 X60.932 Y42.257 E.02888
G1 X61.648 Y42.392 E.02467
G1 X62.355 Y42.481 E.02412
G1 X62.936 Y42.521 E.01972
G1 X64.217 Y42.521 E.04335
G1 X64.77 Y42.48 E.01878
G1 X65.567 Y42.376 E.02719
G1 X66.149 Y42.268 E.02004
M204 S10000
G1 E-.8 F1800
G1 X61.277 Y42.756 Z6.8 F7200
G1 Z6.4
G1 E.8 F1800
M204 S1500
;TYPE:Inner wall
;WIDTH:0.446832
G1 F1485.472
G1 X61.966 Y42.862 E.02343
;WIDTH:0.44645
G1 F1486.878
G1 X62.907 Y42.946 E.03169
;WIDTH:0.442918
G1 F1500.007
G1 X64.187 Y42.946 E.04259
G1 X64.793 Y42.901 E.02021
;WIDTH:0.436706
G1 F1523.67
G1 X65.355 Y42.835 E.01852
;WIDTH:0.436814
G1 X65.847 Y42.758 E.01632
; stop printing object fidget-finger-massager-2000-rods-rod-09.stl id:0 copy 0
; printing object fidget-finger-massager-2000-rods-rod-06.stl id:0 copy 0
M204 S10000
G1 E-.8 F1800
G1 X58.332 Y44.09 Z6.8 F7200
G1 X58.245 Y44.105 Z6.8
G1 Z6.4
G1 E.8 F1800
M204 S500
;TYPE:Outer wall
;WIDTH:0.449999
G1 F1473.915
G1 X58.174 Y44.447 E.0118
G1 X58.088 Y44.987 E.01853
G1 X58.024 Y45.531 E.01853
G1 X57.984 Y46.106 E.01951
G1 X57.984 Y47.393 E.04356
G1 X58.025 Y47.948 E.01884
G1 X58.115 Y48.656 E.02417
G1 X58.249 Y49.363 E.02435
G1 X57.408 Y49.511 E.02888
G1 X57.278 Y48.762 E.02575
G1 X57.187 Y48.005 E.02581
G1 X57.134 Y47.357 E.02199
G1 X57.134 Y46.077 E.04332
G1 X57.187 Y45.426 E.02214
G1 X57.264 Y44.758 E.02273
G1 X57.408 Y43.958 E.02754
G1 X58.205 Y44.098 E.02739
M204 S10000
G1 E-.8 F1800
G1 X57.749 Y49.018 Z6.8 F7200
G1 Z6.4
G1 E.8 F1800
M204 S1500
;TYPE:Inner wall
;WIDTH:0.446898
G1 F1485.23
G1 X57.643 Y48.327 E.02347
;WIDTH:0.44645
G1 F1486.878
G1 X57.559 Y47.387 E.03169
;WIDTH:0.44292
G1 F1500
G1 X57.559 Y46.106 E.04259
G1 X57.603 Y45.5 E.02021
;WIDTH:0.43774
G1 F1519.68
G1 X57.668 Y44.938 E.01857
;WIDTH:0.44077
G1 F1508.106
G1 X57.745 Y44.448 E.01643
; stop printing object fidget-finger-massager-2000-rods-rod-06.stl id:0 copy 0
; printing object fidget-finger-massager-2000-rods-rod-08.stl id:0 copy 0
M204 S10000
G1 E-.8 F1800
G1 X54.642 Y44.105 Z6.8 F7200
G1 Z6.4
G1 E.8 F1800
M204 S500
;TYPE:Outer wall
;WIDTH:0.449999
G1 F1473.915
G1 X54.572 Y44.447 E.0118
G1 X54.485 Y44.987 E.01853
G1 X54.422 Y45.531 E.01853
G1 X54.381 Y46.106 E.01951
G1 X54.381 Y47.393 E.04356
G1 X54.423 Y47.948 E.01884
G1 X54.512 Y48.656 E.02417
G1 X54.646 Y49.363 E.02435
G1 X53.806 Y49.511 E.02888
G1 X53.675 Y48.762 E.02575
G1 X53.585 Y48.005 E.02581
G1 X53.531 Y47.357 E.02199
G1 X53.531 Y46.077 E.04332
G1 X53.584 Y45.426 E.02214
G1 X53.662 Y44.758 E.02273
G1 X53.806 Y43.958 E.02754
G1 X54.603 Y44.098 E.02739
M204 S10000
G1 E-.8 F1800
G1 X54.146 Y49.018 Z6.8 F7200
G1 Z6.4
G1 E.8 F1800
M204 S1500
;TYPE:Inner wall
;WIDTH:0.446898
G1 F1485.23
G1 X54.04 Y48.327 E.02347
;WIDTH:0.44645
G1 F1486.878
G1 X53.956 Y47.387 E.03169
;WIDTH:0.44292
G1 F1500
G1 X53.956 Y46.106 E.04259
G1 X54 Y45.5 E.02021
;WIDTH:0.43774
G1 F1519.68
G1 X54.065 Y44.938 E.01857
;WIDTH:0.44077
G1 F1508.106
G1 X54.142 Y44.448 E.01643
; stop printing object fidget-finger-massager-2000-rods-rod-08.stl id:0 copy 0
M106 S245
;LAYER_CHANGE
;Z:6.6
;HEIGHT:0.2
G92 E0
;_SET_FAN_SPEED_CHANGING_LAYER
; printing object fidget-finger-massager-2000-rods-rod-07.stl id:0 copy 0
M204 S10000
G1 E-.8 F1800
G1 X54.628 Y52.065 Z7 F7200
G1 X54.642 Y52.287 Z7
G1 Z6.6
G1 E.8 F1800
M204 S500
;TYPE:Outer wall
;WIDTH:0.449999
G1 F1473.915
G1 X54.572 Y52.626 E.01174
G1 X54.485 Y53.168 E.01855
G1 X54.422 Y53.712 E.01855
G1 X54.381 Y54.287 E.01953
G1 X54.381 Y55.574 E.04356
G1 X54.423 Y56.13 E.01886
G1 X54.51 Y56.824 E.02368
G1 X54.646 Y57.545 E.02482
G1 X53.811 Y57.692 E.02869
G1 X53.616 Y56.553 E.03911
G1 X53.531 Y55.557 E.03385
G1 X53.531 Y54.287 E.04296
G1 X53.564 Y53.778 E.01728
G1 X53.661 Y52.945 E.02837
G1 X53.81 Y52.14 E.02773
G1 X54.603 Y52.28 E.02726
M204 S10000
G1 X54.147 Y52.626 F7200
M204 S1500
;TYPE:Inner wall
;WIDTH:0.43761
G1 F1520.18
G1 X54.066 Y53.118 E.01638
G1 X54 Y53.681 E.01858
;WIDTH:0.44292
G1 F1500
G1 X53.956 Y54.287 E.02023
G1 X53.956 Y55.568 E.04259
;WIDTH:0.446038
G1 F1488.398
G1 X54.039 Y56.499 E.03133
G1 X54.154 Y57.205 E.02397
; stop printing object fidget-finger-massager-2000-rods-rod-07.stl id:0 copy 0
; printing object fidget-finger-massager-2000-rods-rod-04.stl id:0 copy 0
M204 S10000
G1 E-.8 F1800
G1 X58.245 Y52.287 Z7 F7200
G1 Z6.6
G1 E.8 F1800
M204 S500
;TYPE:Outer wall
;WIDTH:0.449999
G1 F1473.915
G1 X58.175 Y52.626 E.01174
G1 X58.088 Y53.168 E.01855
G1 X58.024 Y53.712 E.01855
G1 X57.984 Y54.287 E.01953
G1 X57.984 Y55.574 E.04356
G1 X58.025 Y56.13 E.01886
G1 X58.113 Y56.824 E.02368
G1 X58.249 Y57.545 E.02482
G1 X57.414 Y57.692 E.02869
G1 X57.218 Y56.553 E.03911
G1 X57.134 Y55.557 E.03385
G1 X57.134 Y54.287 E.04296
G1 X57.167 Y53.778 E.01728
G1 X57.263 Y52.945 E.02837
G1 X57.412 Y52.14 E.02773
G1 X58.205 Y52.28 E.02726
M73 P40 R10
M204 S10000
G1 X57.75 Y52.626 F7200
M204 S1500
;TYPE:Inner wall
;WIDTH:0.43761
G1 F1520.18
G1 X57.668 Y53.118 E.01638
G1 X57.603 Y53.681 E.01858
;WIDTH:0.44292
G1 F1500
G1 X57.559 Y54.287 E.02023
G1 X57.559 Y55.568 E.04259
;WIDTH:0.446038
G1 F1488.398
G1 X57.642 Y56.499 E.03133
G1 X57.757 Y57.205 E.02397
; stop printing object fidget-finger-massager-2000-rods-rod-04.stl id:0 copy 0
; printing object fidget-finger-massager-2000-rods-rod-01.stl id:0 copy 0
M204 S10000
G1 E-.8 F1800
G1 X65.374 Y56.722 Z7 F7200
G1 X66.231 Y56.667 Z7
G1 Z6.6
G1 E.8 F1800
M204 S500
;TYPE:Outer wall
;WIDTH:0.449999
G1 F1473.915
G1 X66.379 Y57.505 E.02879
G1 X65.738 Y57.628 E.02211
G1 X64.752 Y57.748 E.03361
G1 X64.245 Y57.782 E.01718
G1 X62.974 Y57.782 E.04303
G1 X62.465 Y57.749 E.01725
G1 X61.468 Y57.628 E.03401
G1 X60.826 Y57.505 E.02211
G1 X60.973 Y56.671 E.02866
G1 X61.854 Y56.828 E.03028
G1 X62.398 Y56.892 E.01855
G1 X62.974 Y56.932 E.01953
G1 X64.261 Y56.932 E.04356
G1 X64.817 Y56.891 E.01886
G1 X65.514 Y56.803 E.02378
G1 X66.192 Y56.675 E.02337
M204 S10000
G1 X65.887 Y57.166 F7200
M204 S1500
;TYPE:Inner wall
;WIDTH:0.444492
G1 F1494.128
G1 X65.555 Y57.224 E.01124
;WIDTH:0.43855
G1 F1516.569
G1 X64.838 Y57.312 E.02377
;WIDTH:0.442916
G1 F1500.015
G1 X64.231 Y57.357 E.02024
G1 X62.945 Y57.357 E.04277
G1 X62.342 Y57.31 E.02014
;WIDTH:0.436716
G1 F1523.632
G1 X61.314 Y57.169 E.03396
; stop printing object fidget-finger-massager-2000-rods-rod-01.stl id:0 copy 0
; printing object fidget-finger-massager-2000-rods-rod-02.stl id:0 copy 0
M204 S10000
G1 E-.8 F1800
G1 X66.231 Y53.065 Z7 F7200
G1 Z6.6
G1 E.8 F1800
M204 S500
;TYPE:Outer wall
;WIDTH:0.449999
G1 F1473.915
G1 X66.379 Y53.902 E.02879
G1 X65.738 Y54.025 E.02211
G1 X64.752 Y54.145 E.03361
G1 X64.245 Y54.179 E.01718
G1 X62.974 Y54.179 E.04303
G1 X62.465 Y54.147 E.01725
G1 X61.468 Y54.025 E.03401
G1 X60.826 Y53.902 E.02211
G1 X60.973 Y53.069 E.02866
G1 X61.854 Y53.225 E.03028
G1 X62.398 Y53.289 E.01855
G1 X62.974 Y53.329 E.01953
G1 X64.261 Y53.329 E.04356
G1 X64.817 Y53.288 E.01886
G1 X65.514 Y53.2 E.02378
G1 X66.192 Y53.072 E.02337
M204 S10000
G1 X65.887 Y53.563 F7200
M204 S1500
;TYPE:Inner wall
;WIDTH:0.444492
G1 F1494.128
G1 X65.555 Y53.621 E.01124
;WIDTH:0.43855
G1 F1516.569
G1 X64.838 Y53.71 E.02377
;WIDTH:0.442916
G1 F1500.015
G1 X64.231 Y53.754 E.02024
G1 X62.945 Y53.754 E.04277
G1 X62.342 Y53.707 E.02014
;WIDTH:0.436716
G1 F1523.632
G1 X61.314 Y53.566 E.03396
; stop printing object fidget-finger-massager-2000-rods-rod-02.stl id:0 copy 0
; printing object fidget-finger-massager-2000-rods-rod-03.stl id:0 copy 0
M204 S10000
G1 E-.8 F1800
G1 X66.231 Y49.462 Z7 F7200
G1 Z6.6
G1 E.8 F1800
M204 S500
;TYPE:Outer wall
;WIDTH:0.449999
G1 F1473.915
G1 X66.379 Y50.3 E.02879
G1 X65.738 Y50.422 E.02211
G1 X64.752 Y50.542 E.03361
G1 X64.245 Y50.576 E.01718
G1 X62.974 Y50.576 E.04303
G1 X62.465 Y50.544 E.01725
G1 X61.468 Y50.422 E.03401
G1 X60.826 Y50.3 E.02211
G1 X60.973 Y49.466 E.02866
G1 X61.854 Y49.623 E.03028
G1 X62.398 Y49.686 E.01855
G1 X62.974 Y49.726 E.01953
G1 X64.261 Y49.726 E.04356
G1 X64.817 Y49.685 E.01886
G1 X65.514 Y49.597 E.02378
G1 X66.192 Y49.469 E.02337
M204 S10000
G1 X65.887 Y49.96 F7200
M204 S1500
;TYPE:Inner wall
;WIDTH:0.444492
G1 F1494.128
G1 X65.555 Y50.018 E.01124
;WIDTH:0.43855
G1 F1516.569
G1 X64.838 Y50.107 E.02377
;WIDTH:0.442916
G1 F1500.015
G1 X64.231 Y50.151 E.02024
G1 X62.945 Y50.151 E.04277
G1 X62.342 Y50.104 E.02014
;WIDTH:0.436716
G1 F1523.632
G1 X61.314 Y49.963 E.03396
; stop printing object fidget-finger-massager-2000-rods-rod-03.stl id:0 copy 0
; printing object fidget-finger-massager-2000-rods-rod-05.stl id:0 copy 0
M204 S10000
G1 E-.8 F1800
G1 X66.231 Y45.859 Z7 F7200
G1 Z6.6
G1 E.8 F1800
M204 S500
;TYPE:Outer wall
;WIDTH:0.449999
G1 F1473.915
G1 X66.379 Y46.697 E.02879
G1 X65.738 Y46.819 E.02211
G1 X64.752 Y46.94 E.03361
G1 X64.245 Y46.974 E.01718
G1 X62.974 Y46.974 E.04303
G1 X62.465 Y46.941 E.01725
G1 X61.468 Y46.819 E.03401
G1 X60.826 Y46.697 E.02211
G1 X60.973 Y45.863 E.02866
G1 X61.854 Y46.02 E.03028
G1 X62.398 Y46.083 E.01855
G1 X62.974 Y46.124 E.01953
G1 X64.261 Y46.124 E.04356
G1 X64.817 Y46.082 E.01886
G1 X65.514 Y45.994 E.02378
G1 X66.192 Y45.867 E.02337
M204 S10000
G1 X65.887 Y46.357 F7200
M204 S1500
;TYPE:Inner wall
;WIDTH:0.444492
G1 F1494.128
G1 X65.555 Y46.416 E.01124
;WIDTH:0.43855
G1 F1516.569
G1 X64.838 Y46.504 E.02377
;WIDTH:0.442916
G1 F1500.015
G1 X64.231 Y46.549 E.02024
G1 X62.945 Y46.549 E.04277
G1 X62.342 Y46.501 E.02014
;WIDTH:0.436716
G1 F1523.632
G1 X61.314 Y46.36 E.03396
; stop printing object fidget-finger-massager-2000-rods-rod-05.stl id:0 copy 0
; printing object fidget-finger-massager-2000-rods-rod-09.stl id:0 copy 0
M204 S10000
G1 E-.8 F1800
G1 X66.188 Y42.256 Z7 F7200
G1 Z6.6
G1 E.8 F1800
M204 S500
;TYPE:Outer wall
;WIDTH:0.449999
G1 F1473.915
G1 X66.335 Y43.094 E.02879
G1 X65.694 Y43.217 E.02211
G1 X64.708 Y43.337 E.03361
G1 X64.201 Y43.371 E.01718
G1 X62.93 Y43.371 E.04303
G1 X62.421 Y43.338 E.01725
G1 X61.424 Y43.217 E.03401
G1 X60.782 Y43.094 E.02211
G1 X60.929 Y42.26 E.02866
G1 X61.81 Y42.417 E.03028
G1 X62.355 Y42.481 E.01855
G1 X62.93 Y42.521 E.01953
G1 X64.217 Y42.521 E.04356
G1 X64.773 Y42.48 E.01886
G1 X65.47 Y42.392 E.02378
G1 X66.148 Y42.264 E.02337
M204 S10000
G1 X65.843 Y42.755 F7200
M204 S1500
;TYPE:Inner wall
;WIDTH:0.444492
G1 F1494.128
G1 X65.512 Y42.813 E.01124
;WIDTH:0.43855
G1 F1516.569
G1 X64.794 Y42.901 E.02377
;WIDTH:0.442916
G1 F1500.015
G1 X64.188 Y42.946 E.02024
G1 X62.902 Y42.946 E.04277
G1 X62.298 Y42.899 E.02014
;WIDTH:0.436716
G1 F1523.632
G1 X61.27 Y42.758 E.03396
; stop printing object fidget-finger-massager-2000-rods-rod-09.stl id:0 copy 0
; printing object fidget-finger-massager-2000-rods-rod-06.stl id:0 copy 0
M204 S10000
G1 E-.8 F1800
G1 X58.245 Y44.105 Z7 F7200
G1 Z6.6
G1 E.8 F1800
M204 S500
;TYPE:Outer wall
;WIDTH:0.449999
G1 F1473.915
G1 X58.175 Y44.445 E.01174
G1 X58.088 Y44.986 E.01855
G1 X58.024 Y45.53 E.01855
G1 X57.984 Y46.106 E.01953
G1 X57.984 Y47.393 E.04356
G1 X58.025 Y47.948 E.01886
G1 X58.113 Y48.643 E.02368
G1 X58.249 Y49.363 E.02482
G1 X57.414 Y49.51 E.02869
G1 X57.218 Y48.372 E.03911
G1 X57.134 Y47.375 E.03385
G1 X57.134 Y46.106 E.04296
G1 X57.167 Y45.597 E.01728
G1 X57.263 Y44.764 E.02837
G1 X57.412 Y43.958 E.02773
G1 X58.205 Y44.098 E.02726
M204 S10000
G1 X57.75 Y44.444 F7200
M204 S1500
;TYPE:Inner wall
;WIDTH:0.43761
G1 F1520.18
G1 X57.668 Y44.937 E.01638
G1 X57.603 Y45.499 E.01858
;WIDTH:0.44292
G1 F1500
G1 X57.559 Y46.106 E.02023
G1 X57.559 Y47.387 E.04259
;WIDTH:0.446038
G1 F1488.398
G1 X57.642 Y48.317 E.03133
G1 X57.757 Y49.023 E.02397
; stop printing object fidget-finger-massager-2000-rods-rod-06.stl id:0 copy 0
; printing object fidget-finger-massager-2000-rods-rod-08.stl id:0 copy 0
M204 S10000
G1 E-.8 F1800
G1 X54.642 Y44.105 Z7 F7200
G1 Z6.6
G1 E.8 F1800
M204 S500
;TYPE:Outer wall
;WIDTH:0.449999
G1 F1473.915
G1 X54.572 Y44.445 E.01174
G1 X54.485 Y44.986 E.01855
G1 X54.422 Y45.53 E.01855
G1 X54.381 Y46.106 E.01953
G1 X54.381 Y47.393 E.04356
G1 X54.423 Y47.948 E.01886
G1 X54.51 Y48.643 E.02368
G1 X54.646 Y49.363 E.02482
G1 X53.811 Y49.51 E.02869
G1 X53.616 Y48.372 E.03911
G1 X53.531 Y47.375 E.03385
G1 X53.531 Y46.106 E.04296
G1 X53.564 Y45.597 E.01728
G1 X53.661 Y44.764 E.02837
G1 X53.81 Y43.958 E.02773
G1 X54.603 Y44.098 E.02726
M204 S10000
G1 X54.147 Y44.444 F7200
M204 S1500
;TYPE:Inner wall
;WIDTH:0.43761
G1 F1520.18
G1 X54.066 Y44.937 E.01638
G1 X54 Y45.499 E.01858
;WIDTH:0.44292
G1 F1500
G1 X53.956 Y46.106 E.02023
G1 X53.956 Y47.387 E.04259
;WIDTH:0.446038
G1 F1488.398
G1 X54.039 Y48.317 E.03133
G1 X54.154 Y49.023 E.02397
; stop printing object fidget-finger-massager-2000-rods-rod-08.stl id:0 copy 0
M106 S242
;LAYER_CHANGE
;Z:6.8
;HEIGHT:0.2
G92 E0
;_SET_FAN_SPEED_CHANGING_LAYER
; printing object fidget-finger-massager-2000-rods-rod-07.stl id:0 copy 0
M204 S10000
G1 E-.8 F1800
G1 X54.642 Y52.287 Z7.2 F7200
G1 Z6.8
G1 E.8 F1800
M204 S500
;TYPE:Outer wall
;WIDTH:0.449999
G1 F1473.915
G1 X54.512 Y53.062 E.0266
G1 X54.422 Y53.711 E.02219
G1 X54.381 Y54.287 E.01956
G1 X54.381 Y55.574 E.04356
G1 X54.422 Y56.129 E.01882
G1 X54.486 Y56.674 E.01857
G1 X54.642 Y57.546 E.02997
G1 X53.811 Y57.692 E.02856
G1 X53.615 Y56.549 E.03926
G1 X53.531 Y55.557 E.0337
G1 X53.531 Y54.287 E.04296
G1 X53.564 Y53.78 E.0172
G1 X53.662 Y52.939 E.02868
G1 X53.81 Y52.14 E.0275
G1 X54.603 Y52.28 E.02726
M204 S10000
G1 E-.8 F1800
G1 X54.151 Y57.209 Z7.2 F7200
G1 Z6.8
G1 E.8 F1800
M204 S1500
;TYPE:Inner wall
;WIDTH:0.431486
G1 F1544.139
G1 X54.069 Y56.715 E.01619
;WIDTH:0.432964
G1 F1538.288
G1 X54.005 Y56.178 E.01754
;WIDTH:0.44292
G1 F1500
G1 X53.956 Y55.563 E.02051
G1 X53.956 Y54.287 E.04243
G1 X54.001 Y53.68 E.02026
;WIDTH:0.451598
G1 F1468.149
G1 X54.147 Y52.627 E.03614
; stop printing object fidget-finger-massager-2000-rods-rod-07.stl id:0 copy 0
; printing object fidget-finger-massager-2000-rods-rod-04.stl id:0 copy 0
M204 S10000
G1 E-.8 F1800
G1 X58.245 Y52.287 Z7.2 F7200
G1 Z6.8
G1 E.8 F1800
M204 S500
;TYPE:Outer wall
;WIDTH:0.449999
G1 F1473.915
G1 X58.114 Y53.062 E.0266
G1 X58.024 Y53.711 E.02219
G1 X57.984 Y54.287 E.01956
G1 X57.984 Y55.574 E.04356
G1 X58.025 Y56.129 E.01882
G1 X58.089 Y56.674 E.01857
G1 X58.245 Y57.546 E.02997
G1 X57.414 Y57.692 E.02856
G1 X57.218 Y56.549 E.03926
G1 X57.134 Y55.557 E.0337
G1 X57.134 Y54.287 E.04296
G1 X57.167 Y53.78 E.0172
G1 X57.264 Y52.939 E.02868
G1 X57.412 Y52.14 E.0275
G1 X58.205 Y52.28 E.02726
M204 S10000
G1 E-.8 F1800
G1 X57.754 Y57.209 Z7.2 F7200
G1 Z6.8
G1 E.8 F1800
M204 S1500
;TYPE:Inner wall
;WIDTH:0.431486
G1 F1544.139
G1 X57.672 Y56.715 E.01619
;WIDTH:0.432964
G1 F1538.288
G1 X57.608 Y56.178 E.01754
;WIDTH:0.44292
G1 F1500
G1 X57.559 Y55.563 E.02051
G1 X57.559 Y54.287 E.04243
M73 P41 R10
G1 X57.603 Y53.68 E.02026
;WIDTH:0.451598
G1 F1468.149
G1 X57.75 Y52.627 E.03614
; stop printing object fidget-finger-massager-2000-rods-rod-04.stl id:0 copy 0
; printing object fidget-finger-massager-2000-rods-rod-01.stl id:0 copy 0
M204 S10000
G1 E-.8 F1800
G1 X64.639 Y55.912 Z7.2 F7200
G1 X66.232 Y56.671 Z7.2
G1 Z6.8
G1 E.8 F1800
M204 S500
;TYPE:Outer wall
;WIDTH:0.449999
G1 F1473.915
G1 X66.379 Y57.505 E.02865
G1 X65.731 Y57.629 E.02233
G1 X64.75 Y57.748 E.03347
G1 X64.245 Y57.782 E.01711
G1 X62.974 Y57.782 E.04303
G1 X62.468 Y57.75 E.01718
G1 X61.474 Y57.629 E.03387
G1 X60.826 Y57.505 E.02233
G1 X60.973 Y56.671 E.02865
G1 X61.599 Y56.781 E.02151
G1 X62.398 Y56.892 E.02728
G1 X62.974 Y56.932 E.01956
G1 X64.261 Y56.932 E.04356
G1 X64.816 Y56.891 E.01882
G1 X65.598 Y56.789 E.02671
G1 X66.193 Y56.679 E.02048
M204 S10000
G1 X65.891 Y57.169 F7200
M204 S1500
;TYPE:Inner wall
;WIDTH:0.436616
G1 F1524.018
G1 X64.839 Y57.312 E.03478
;WIDTH:0.442918
G1 F1500.007
G1 X64.231 Y57.357 E.02025
G1 X62.945 Y57.357 E.04279
G1 X62.328 Y57.308 E.02058
;WIDTH:0.438036
G1 F1518.541
G1 X61.315 Y57.168 E.0336
; stop printing object fidget-finger-massager-2000-rods-rod-01.stl id:0 copy 0
; printing object fidget-finger-massager-2000-rods-rod-02.stl id:0 copy 0
M204 S10000
G1 E-.8 F1800
G1 X66.232 Y53.069 Z7.2 F7200
G1 Z6.8
G1 E.8 F1800
M204 S500
;TYPE:Outer wall
;WIDTH:0.449999
G1 F1473.915
G1 X66.379 Y53.902 E.02865
G1 X65.731 Y54.026 E.02233
G1 X64.75 Y54.145 E.03347
G1 X64.245 Y54.179 E.01711
G1 X62.974 Y54.179 E.04303
G1 X62.468 Y54.147 E.01718
G1 X61.474 Y54.026 E.03387
G1 X60.826 Y53.902 E.02233
G1 X60.973 Y53.069 E.02865
G1 X61.599 Y53.178 E.02151
G1 X62.398 Y53.289 E.02728
G1 X62.974 Y53.329 E.01956
G1 X64.261 Y53.329 E.04356
G1 X64.816 Y53.288 E.01882
G1 X65.598 Y53.186 E.02671
G1 X66.193 Y53.076 E.02048
M204 S10000
G1 X65.891 Y53.566 F7200
M204 S1500
;TYPE:Inner wall
;WIDTH:0.436616
G1 F1524.018
G1 X64.839 Y53.71 E.03478
;WIDTH:0.442918
G1 F1500.007
G1 X64.231 Y53.754 E.02025
G1 X62.945 Y53.754 E.04279
G1 X62.328 Y53.705 E.02058
;WIDTH:0.438036
G1 F1518.541
G1 X61.315 Y53.565 E.0336
; stop printing object fidget-finger-massager-2000-rods-rod-02.stl id:0 copy 0
; printing object fidget-finger-massager-2000-rods-rod-03.stl id:0 copy 0
M204 S10000
G1 E-.8 F1800
G1 X66.232 Y49.466 Z7.2 F7200
G1 Z6.8
G1 E.8 F1800
M204 S500
;TYPE:Outer wall
;WIDTH:0.449999
G1 F1473.915
G1 X66.379 Y50.299 E.02865
G1 X65.731 Y50.423 E.02233
G1 X64.75 Y50.543 E.03347
G1 X64.245 Y50.576 E.01711
G1 X62.974 Y50.576 E.04303
G1 X62.468 Y50.544 E.01718
G1 X61.474 Y50.423 E.03387
G1 X60.826 Y50.299 E.02233
G1 X60.973 Y49.466 E.02865
G1 X61.599 Y49.576 E.02151
G1 X62.398 Y49.686 E.02728
G1 X62.974 Y49.726 E.01956
G1 X64.261 Y49.726 E.04356
G1 X64.816 Y49.685 E.01882
G1 X65.598 Y49.583 E.02671
G1 X66.193 Y49.473 E.02048
M204 S10000
G1 X65.891 Y49.963 F7200
M204 S1500
;TYPE:Inner wall
;WIDTH:0.436616
G1 F1524.018
G1 X64.839 Y50.107 E.03478
;WIDTH:0.442918
G1 F1500.007
G1 X64.231 Y50.151 E.02025
G1 X62.945 Y50.151 E.04279
G1 X62.328 Y50.102 E.02058
;WIDTH:0.438036
G1 F1518.541
G1 X61.315 Y49.963 E.0336
; stop printing object fidget-finger-massager-2000-rods-rod-03.stl id:0 copy 0
; printing object fidget-finger-massager-2000-rods-rod-05.stl id:0 copy 0
M204 S10000
G1 E-.8 F1800
G1 X66.232 Y45.863 Z7.2 F7200
G1 Z6.8
G1 E.8 F1800
M204 S500
;TYPE:Outer wall
;WIDTH:0.449999
G1 F1473.915
G1 X66.379 Y46.697 E.02865
G1 X65.731 Y46.821 E.02233
G1 X64.75 Y46.94 E.03347
G1 X64.245 Y46.974 E.01711
G1 X62.974 Y46.974 E.04303
G1 X62.468 Y46.941 E.01718
G1 X61.474 Y46.821 E.03387
G1 X60.826 Y46.697 E.02233
G1 X60.973 Y45.863 E.02865
G1 X61.599 Y45.973 E.02151
G1 X62.398 Y46.083 E.02728
G1 X62.974 Y46.124 E.01956
G1 X64.261 Y46.124 E.04356
G1 X64.816 Y46.083 E.01882
G1 X65.598 Y45.98 E.02671
G1 X66.193 Y45.87 E.02048
M204 S10000
G1 X65.891 Y46.36 F7200
M204 S1500
;TYPE:Inner wall
;WIDTH:0.436616
G1 F1524.018
G1 X64.839 Y46.504 E.03478
;WIDTH:0.442918
G1 F1500.007
G1 X64.231 Y46.549 E.02025
G1 X62.945 Y46.549 E.04279
G1 X62.328 Y46.5 E.02058
;WIDTH:0.438036
G1 F1518.541
G1 X61.315 Y46.36 E.0336
; stop printing object fidget-finger-massager-2000-rods-rod-05.stl id:0 copy 0
; printing object fidget-finger-massager-2000-rods-rod-09.stl id:0 copy 0
M204 S10000
G1 E-.8 F1800
G1 X66.188 Y42.26 Z7.2 F7200
G1 Z6.8
G1 E.8 F1800
M204 S500
;TYPE:Outer wall
;WIDTH:0.449999
G1 F1473.915
G1 X66.335 Y43.094 E.02865
G1 X65.687 Y43.218 E.02233
G1 X64.706 Y43.337 E.03347
G1 X64.201 Y43.371 E.01711
G1 X62.93 Y43.371 E.04303
G1 X62.424 Y43.338 E.01718
G1 X61.43 Y43.218 E.03387
G1 X60.782 Y43.094 E.02233
G1 X60.929 Y42.26 E.02865
G1 X61.556 Y42.37 E.02151
G1 X62.354 Y42.481 E.02728
G1 X62.93 Y42.521 E.01956
G1 X64.217 Y42.521 E.04356
G1 X64.772 Y42.48 E.01882
G1 X65.554 Y42.378 E.02671
G1 X66.149 Y42.268 E.02048
M204 S10000
G1 X65.848 Y42.758 F7200
M204 S1500
;TYPE:Inner wall
;WIDTH:0.436616
G1 F1524.018
G1 X64.795 Y42.901 E.03478
;WIDTH:0.442918
G1 F1500.007
G1 X64.188 Y42.946 E.02025
G1 X62.901 Y42.946 E.04279
G1 X62.284 Y42.897 E.02058
;WIDTH:0.438036
G1 F1518.541
G1 X61.271 Y42.757 E.0336
; stop printing object fidget-finger-massager-2000-rods-rod-09.stl id:0 copy 0
; printing object fidget-finger-massager-2000-rods-rod-06.stl id:0 copy 0
M204 S10000
G1 E-.8 F1800
G1 X58.245 Y44.105 Z7.2 F7200
G1 Z6.8
G1 E.8 F1800
M204 S500
;TYPE:Outer wall
;WIDTH:0.449999
G1 F1473.915
G1 X58.114 Y44.88 E.0266
G1 X58.024 Y45.529 E.02219
G1 X57.984 Y46.106 E.01956
G1 X57.984 Y47.393 E.04356
G1 X58.025 Y47.947 E.01882
G1 X58.089 Y48.492 E.01857
G1 X58.245 Y49.364 E.02997
G1 X57.414 Y49.51 E.02856
G1 X57.218 Y48.367 E.03926
G1 X57.134 Y47.375 E.0337
G1 X57.134 Y46.106 E.04296
G1 X57.167 Y45.599 E.0172
G1 X57.264 Y44.757 E.02868
G1 X57.412 Y43.958 E.0275
G1 X58.205 Y44.098 E.02726
M204 S10000
G1 E-.8 F1800
G1 X57.754 Y49.028 Z7.2 F7200
G1 Z6.8
G1 E.8 F1800
M204 S1500
;TYPE:Inner wall
;WIDTH:0.431486
G1 F1544.139
G1 X57.672 Y48.533 E.01619
;WIDTH:0.432964
G1 F1538.288
G1 X57.608 Y47.996 E.01754
;WIDTH:0.44292
G1 F1500
G1 X57.559 Y47.381 E.02051
G1 X57.559 Y46.106 E.04243
G1 X57.603 Y45.498 E.02026
;WIDTH:0.451598
G1 F1468.149
G1 X57.75 Y44.445 E.03614
; stop printing object fidget-finger-massager-2000-rods-rod-06.stl id:0 copy 0
; printing object fidget-finger-massager-2000-rods-rod-08.stl id:0 copy 0
M204 S10000
G1 E-.8 F1800
G1 X54.642 Y44.105 Z7.2 F7200
G1 Z6.8
G1 E.8 F1800
M204 S500
;TYPE:Outer wall
;WIDTH:0.449999
G1 F1473.915
G1 X54.512 Y44.88 E.0266
G1 X54.422 Y45.529 E.02219
G1 X54.381 Y46.106 E.01956
G1 X54.381 Y47.393 E.04356
G1 X54.422 Y47.947 E.01882
G1 X54.486 Y48.492 E.01857
G1 X54.642 Y49.364 E.02997
G1 X53.811 Y49.51 E.02856
G1 X53.615 Y48.367 E.03926
G1 X53.531 Y47.375 E.0337
G1 X53.531 Y46.106 E.04296
G1 X53.564 Y45.599 E.0172
G1 X53.662 Y44.757 E.02868
G1 X53.81 Y43.958 E.0275
G1 X54.603 Y44.098 E.02726
M204 S10000
G1 E-.8 F1800
G1 X54.151 Y49.028 Z7.2 F7200
G1 Z6.8
G1 E.8 F1800
M204 S1500
;TYPE:Inner wall
;WIDTH:0.431486
G1 F1544.139
G1 X54.069 Y48.533 E.01619
;WIDTH:0.432964
G1 F1538.288
G1 X54.005 Y47.996 E.01754
;WIDTH:0.44292
G1 F1500
G1 X53.956 Y47.381 E.02051
G1 X53.956 Y46.106 E.04243
G1 X54.001 Y45.498 E.02026
;WIDTH:0.451598
G1 F1468.149
G1 X54.147 Y44.445 E.03614
; stop printing object fidget-finger-massager-2000-rods-rod-08.stl id:0 copy 0
;LAYER_CHANGE
;Z:7
;HEIGHT:0.2
G92 E0
;_SET_FAN_SPEED_CHANGING_LAYER
; printing object fidget-finger-massager-2000-rods-rod-07.stl id:0 copy 0
M204 S10000
G1 E-.8 F1800
G1 X54.628 Y52.063 Z7.4 F7200
G1 X54.642 Y52.287 Z7.4
G1 Z7
G1 E.8 F1800
M204 S500
;TYPE:Outer wall
;WIDTH:0.449999
G1 F1473.915
G1 X54.573 Y52.623 E.01161
G1 X54.486 Y53.165 E.01859
G1 X54.422 Y53.711 E.01859
G1 X54.381 Y54.287 E.01957
G1 X54.381 Y55.574 E.04357
G1 X54.423 Y56.131 E.01889
G1 X54.507 Y56.802 E.02289
G1 X54.645 Y57.545 E.02558
G1 X53.811 Y57.692 E.02867
G1 X53.614 Y56.545 E.03941
G1 X53.531 Y55.557 E.03355
G1 X53.531 Y54.287 E.04296
G1 X53.564 Y53.782 E.01713
G1 X53.662 Y52.932 E.02898
G1 X53.809 Y52.14 E.02727
G1 X54.603 Y52.28 E.02726
M204 S10000
G1 E-.8 F1800
G1 X54.154 Y57.205 Z7.4 F7200
G1 Z7
G1 E.8 F1800
M204 S1500
;TYPE:Inner wall
;WIDTH:0.445676
G1 F1489.736
G1 X54.038 Y56.491 E.02423
G1 X53.956 Y55.568 E.03101
;WIDTH:0.44292
G1 F1500
G1 X53.956 Y54.287 E.04259
G1 X54.001 Y53.68 E.02027
;WIDTH:0.437376
G1 F1521.082
G1 X54.066 Y53.116 E.01861
G1 X54.147 Y52.626 E.01628
; stop printing object fidget-finger-massager-2000-rods-rod-07.stl id:0 copy 0
; printing object fidget-finger-massager-2000-rods-rod-04.stl id:0 copy 0
M204 S10000
G1 E-.8 F1800
G1 X58.245 Y52.287 Z7.4 F7200
G1 Z7
G1 E.8 F1800
M204 S500
;TYPE:Outer wall
;WIDTH:0.449999
G1 F1473.915
G1 X58.176 Y52.623 E.01161
G1 X58.088 Y53.165 E.01859
G1 X58.025 Y53.711 E.01859
G1 X57.984 Y54.287 E.01957
G1 X57.984 Y55.574 E.04357
G1 X58.025 Y56.131 E.01889
G1 X58.109 Y56.802 E.02289
G1 X58.248 Y57.545 E.02558
G1 X57.414 Y57.692 E.02867
G1 X57.217 Y56.545 E.03941
G1 X57.134 Y55.557 E.03355
G1 X57.134 Y54.287 E.04296
G1 X57.166 Y53.782 E.01713
G1 X57.265 Y52.932 E.02898
M73 P42 R10
G1 X57.412 Y52.14 E.02727
G1 X58.205 Y52.28 E.02726
M204 S10000
G1 E-.8 F1800
G1 X57.757 Y57.205 Z7.4 F7200
G1 Z7
G1 E.8 F1800
M204 S1500
;TYPE:Inner wall
;WIDTH:0.445676
G1 F1489.736
G1 X57.641 Y56.491 E.02423
G1 X57.559 Y55.568 E.03101
;WIDTH:0.44292
G1 F1500
G1 X57.559 Y54.287 E.04259
G1 X57.603 Y53.68 E.02027
;WIDTH:0.437376
G1 F1521.082
G1 X57.669 Y53.116 E.01861
G1 X57.749 Y52.626 E.01628
; stop printing object fidget-finger-massager-2000-rods-rod-04.stl id:0 copy 0
; printing object fidget-finger-massager-2000-rods-rod-01.stl id:0 copy 0
M204 S10000
G1 E-.8 F1800
G1 X64.64 Y55.909 Z7.4 F7200
G1 X66.232 Y56.668 Z7.4
G1 Z7
G1 E.8 F1800
M204 S500
;TYPE:Outer wall
;WIDTH:0.449999
G1 F1473.915
G1 X66.379 Y57.505 E.02877
G1 X65.725 Y57.63 E.02255
G1 X64.748 Y57.748 E.03332
G1 X64.245 Y57.782 E.01703
G1 X62.974 Y57.782 E.04303
G1 X62.47 Y57.75 E.01711
G1 X61.481 Y57.63 E.03372
G1 X60.826 Y57.505 E.02255
G1 X60.973 Y56.671 E.02865
G1 X61.852 Y56.828 E.0302
G1 X62.397 Y56.892 E.01859
G1 X62.974 Y56.932 E.01957
G1 X64.261 Y56.932 E.04356
G1 X64.818 Y56.891 E.01889
G1 X65.492 Y56.806 E.02299
G1 X66.192 Y56.675 E.02413
M204 S10000
G1 X65.887 Y57.165 F7200
M204 S1500
;TYPE:Inner wall
;WIDTH:0.444404
G1 F1494.456
G1 X65.533 Y57.227 E.012
;WIDTH:0.438188
G1 F1517.957
G1 X64.839 Y57.312 E.02296
;WIDTH:0.442918
G1 F1500.007
G1 X64.231 Y57.357 E.02028
G1 X62.945 Y57.357 E.04278
G1 X62.34 Y57.31 E.02018
;WIDTH:0.436522
G1 F1524.383
G1 X61.314 Y57.169 E.03391
; stop printing object fidget-finger-massager-2000-rods-rod-01.stl id:0 copy 0
; printing object fidget-finger-massager-2000-rods-rod-02.stl id:0 copy 0
M204 S10000
G1 E-.8 F1800
G1 X66.232 Y53.065 Z7.4 F7200
G1 Z7
G1 E.8 F1800
M204 S500
;TYPE:Outer wall
;WIDTH:0.449999
G1 F1473.915
G1 X66.379 Y53.902 E.02877
G1 X65.725 Y54.027 E.02255
G1 X64.748 Y54.146 E.03332
G1 X64.245 Y54.179 E.01703
G1 X62.974 Y54.179 E.04303
G1 X62.47 Y54.147 E.01711
G1 X61.481 Y54.027 E.03372
G1 X60.826 Y53.902 E.02255
G1 X60.973 Y53.069 E.02865
G1 X61.852 Y53.225 E.0302
G1 X62.397 Y53.289 E.01859
G1 X62.974 Y53.329 E.01957
G1 X64.261 Y53.329 E.04356
G1 X64.818 Y53.288 E.01889
G1 X65.492 Y53.204 E.02299
G1 X66.192 Y53.073 E.02413
M204 S10000
G1 X65.887 Y53.563 F7200
M204 S1500
;TYPE:Inner wall
;WIDTH:0.444404
G1 F1494.456
G1 X65.533 Y53.625 E.012
;WIDTH:0.438188
G1 F1517.957
G1 X64.839 Y53.71 E.02296
;WIDTH:0.442918
G1 F1500.007
G1 X64.231 Y53.754 E.02028
G1 X62.945 Y53.754 E.04278
G1 X62.34 Y53.707 E.02018
;WIDTH:0.436522
G1 F1524.383
G1 X61.314 Y53.566 E.03391
; stop printing object fidget-finger-massager-2000-rods-rod-02.stl id:0 copy 0
; printing object fidget-finger-massager-2000-rods-rod-03.stl id:0 copy 0
M204 S10000
G1 E-.8 F1800
G1 X66.232 Y49.462 Z7.4 F7200
G1 Z7
G1 E.8 F1800
M204 S500
;TYPE:Outer wall
;WIDTH:0.449999
G1 F1473.915
G1 X66.379 Y50.299 E.02877
G1 X65.725 Y50.424 E.02255
G1 X64.748 Y50.543 E.03332
G1 X64.245 Y50.576 E.01703
G1 X62.974 Y50.576 E.04303
G1 X62.47 Y50.544 E.01711
G1 X61.481 Y50.424 E.03372
G1 X60.826 Y50.299 E.02255
G1 X60.973 Y49.466 E.02865
G1 X61.852 Y49.622 E.0302
G1 X62.397 Y49.686 E.01859
G1 X62.974 Y49.726 E.01957
G1 X64.261 Y49.726 E.04356
G1 X64.818 Y49.685 E.01889
G1 X65.492 Y49.601 E.02299
G1 X66.192 Y49.47 E.02413
M204 S10000
G1 X65.887 Y49.96 F7200
M204 S1500
;TYPE:Inner wall
;WIDTH:0.444404
G1 F1494.456
G1 X65.533 Y50.022 E.012
;WIDTH:0.438188
G1 F1517.957
G1 X64.839 Y50.107 E.02296
;WIDTH:0.442918
G1 F1500.007
G1 X64.231 Y50.151 E.02028
G1 X62.945 Y50.151 E.04278
G1 X62.34 Y50.104 E.02018
;WIDTH:0.436522
G1 F1524.383
G1 X61.314 Y49.963 E.03391
; stop printing object fidget-finger-massager-2000-rods-rod-03.stl id:0 copy 0
; printing object fidget-finger-massager-2000-rods-rod-05.stl id:0 copy 0
M204 S10000
G1 E-.8 F1800
G1 X66.232 Y45.86 Z7.4 F7200
G1 Z7
G1 E.8 F1800
M204 S500
;TYPE:Outer wall
;WIDTH:0.449999
G1 F1473.915
G1 X66.379 Y46.697 E.02877
G1 X65.725 Y46.822 E.02255
G1 X64.748 Y46.94 E.03332
G1 X64.245 Y46.974 E.01703
G1 X62.974 Y46.974 E.04303
G1 X62.47 Y46.941 E.01711
G1 X61.481 Y46.822 E.03372
G1 X60.826 Y46.697 E.02255
G1 X60.973 Y45.863 E.02865
G1 X61.852 Y46.02 E.0302
G1 X62.397 Y46.083 E.01859
G1 X62.974 Y46.124 E.01957
G1 X64.261 Y46.124 E.04356
G1 X64.818 Y46.082 E.01889
G1 X65.492 Y45.998 E.02299
G1 X66.192 Y45.867 E.02413
M204 S10000
G1 X65.887 Y46.357 F7200
M204 S1500
;TYPE:Inner wall
;WIDTH:0.444404
G1 F1494.456
G1 X65.533 Y46.419 E.012
;WIDTH:0.438188
G1 F1517.957
G1 X64.839 Y46.504 E.02296
;WIDTH:0.442918
G1 F1500.007
G1 X64.231 Y46.549 E.02028
G1 X62.945 Y46.549 E.04278
G1 X62.34 Y46.501 E.02018
;WIDTH:0.436522
G1 F1524.383
G1 X61.314 Y46.36 E.03391
; stop printing object fidget-finger-massager-2000-rods-rod-05.stl id:0 copy 0
; printing object fidget-finger-massager-2000-rods-rod-09.stl id:0 copy 0
M204 S10000
G1 E-.8 F1800
G1 X66.188 Y42.257 Z7.4 F7200
G1 Z7
G1 E.8 F1800
M204 S500
;TYPE:Outer wall
;WIDTH:0.449999
G1 F1473.915
G1 X66.335 Y43.094 E.02877
G1 X65.681 Y43.219 E.02255
G1 X64.704 Y43.337 E.03332
G1 X64.201 Y43.371 E.01703
G1 X62.93 Y43.371 E.04303
G1 X62.426 Y43.339 E.01711
G1 X61.437 Y43.219 E.03372
G1 X60.782 Y43.094 E.02255
G1 X60.929 Y42.26 E.02865
G1 X61.808 Y42.417 E.0302
G1 X62.353 Y42.481 E.01859
G1 X62.93 Y42.521 E.01957
G1 X64.217 Y42.521 E.04356
G1 X64.774 Y42.48 E.01889
G1 X65.448 Y42.395 E.02299
G1 X66.148 Y42.264 E.02413
M204 S10000
G1 X65.843 Y42.754 F7200
M204 S1500
;TYPE:Inner wall
;WIDTH:0.444404
G1 F1494.456
G1 X65.489 Y42.816 E.012
;WIDTH:0.438188
G1 F1517.957
G1 X64.796 Y42.901 E.02296
;WIDTH:0.442918
G1 F1500.007
G1 X64.188 Y42.946 E.02028
G1 X62.901 Y42.946 E.04278
G1 X62.296 Y42.898 E.02018
;WIDTH:0.436522
G1 F1524.383
G1 X61.27 Y42.758 E.03391
; stop printing object fidget-finger-massager-2000-rods-rod-09.stl id:0 copy 0
; printing object fidget-finger-massager-2000-rods-rod-06.stl id:0 copy 0
M204 S10000
G1 E-.8 F1800
G1 X58.245 Y44.105 Z7.4 F7200
G1 Z7
G1 E.8 F1800
M204 S500
;TYPE:Outer wall
;WIDTH:0.449999
G1 F1473.915
G1 X58.176 Y44.441 E.01161
G1 X58.088 Y44.983 E.01859
G1 X58.025 Y45.529 E.01859
G1 X57.984 Y46.106 E.01957
G1 X57.984 Y47.393 E.04357
G1 X58.025 Y47.949 E.01889
G1 X58.109 Y48.621 E.02289
G1 X58.248 Y49.363 E.02558
G1 X57.414 Y49.51 E.02867
G1 X57.217 Y48.363 E.03941
G1 X57.134 Y47.375 E.03355
G1 X57.134 Y46.106 E.04296
G1 X57.166 Y45.601 E.01713
G1 X57.265 Y44.75 E.02898
G1 X57.412 Y43.958 E.02727
G1 X58.205 Y44.098 E.02726
M204 S10000
G1 E-.8 F1800
G1 X57.757 Y49.023 Z7.4 F7200
G1 Z7
G1 E.8 F1800
M204 S1500
;TYPE:Inner wall
;WIDTH:0.445676
G1 F1489.736
G1 X57.641 Y48.309 E.02423
G1 X57.559 Y47.386 E.03101
;WIDTH:0.44292
G1 F1500
G1 X57.559 Y46.106 E.04259
G1 X57.603 Y45.498 E.02027
;WIDTH:0.437376
G1 F1521.082
G1 X57.669 Y44.934 E.01861
G1 X57.749 Y44.445 E.01628
; stop printing object fidget-finger-massager-2000-rods-rod-06.stl id:0 copy 0
; printing object fidget-finger-massager-2000-rods-rod-08.stl id:0 copy 0
M204 S10000
G1 E-.8 F1800
G1 X54.642 Y44.105 Z7.4 F7200
G1 Z7
G1 E.8 F1800
M204 S500
;TYPE:Outer wall
;WIDTH:0.449999
G1 F1473.915
G1 X54.573 Y44.441 E.01161
G1 X54.486 Y44.983 E.01859
G1 X54.422 Y45.529 E.01859
G1 X54.381 Y46.106 E.01957
G1 X54.381 Y47.393 E.04357
G1 X54.423 Y47.949 E.01889
G1 X54.507 Y48.621 E.02289
G1 X54.645 Y49.363 E.02558
G1 X53.811 Y49.51 E.02867
G1 X53.614 Y48.363 E.03941
G1 X53.531 Y47.375 E.03355
G1 X53.531 Y46.106 E.04296
G1 X53.564 Y45.601 E.01713
G1 X53.662 Y44.75 E.02898
G1 X53.809 Y43.958 E.02727
G1 X54.603 Y44.098 E.02726
M204 S10000
G1 E-.8 F1800
G1 X54.154 Y49.023 Z7.4 F7200
G1 Z7
G1 E.8 F1800
M204 S1500
;TYPE:Inner wall
;WIDTH:0.445676
G1 F1489.736
G1 X54.038 Y48.309 E.02423
G1 X53.956 Y47.386 E.03101
;WIDTH:0.44292
G1 F1500
G1 X53.956 Y46.106 E.04259
G1 X54.001 Y45.498 E.02027
;WIDTH:0.437376
G1 F1521.082
G1 X54.066 Y44.934 E.01861
G1 X54.147 Y44.445 E.01628
; stop printing object fidget-finger-massager-2000-rods-rod-08.stl id:0 copy 0
;LAYER_CHANGE
;Z:7.2
;HEIGHT:0.2
G92 E0
;_SET_FAN_SPEED_CHANGING_LAYER
; printing object fidget-finger-massager-2000-rods-rod-07.stl id:0 copy 0
M204 S10000
G1 E-.8 F1800
G1 X54.628 Y52.062 Z7.6 F7200
G1 X54.642 Y52.287 Z7.6
G1 Z7.2
G1 E.8 F1800
M204 S500
;TYPE:Outer wall
;WIDTH:0.449999
G1 F1473.915
G1 X54.573 Y52.621 E.01155
G1 X54.486 Y53.164 E.01861
G1 X54.422 Y53.71 E.01861
G1 X54.381 Y54.293 E.01979
G1 X54.381 Y55.574 E.04336
G1 X54.423 Y56.132 E.01891
G1 X54.505 Y56.791 E.02251
G1 X54.645 Y57.545 E.02595
G1 X53.811 Y57.692 E.02868
G1 X53.614 Y56.54 E.03955
G1 X53.531 Y55.557 E.03341
G1 X53.531 Y54.276 E.04337
G1 X53.655 Y53.025 E.04253
G1 X53.805 Y52.139 E.03042
G1 X54.603 Y52.28 E.0274
M204 S10000
G1 E-.8 F1800
G1 X54.154 Y57.205 Z7.6 F7200
G1 Z7.2
G1 E.8 F1800
M204 S1500
;TYPE:Inner wall
;WIDTH:0.445494
G1 F1490.409
G1 X54.037 Y56.486 E.02436
G1 X53.956 Y55.568 E.03086
;WIDTH:0.44292
G1 F1500
G1 X53.956 Y54.293 E.04239
G1 X54.003 Y53.679 E.02049
;WIDTH:0.43562
G1 F1527.884
G1 X54.067 Y53.115 E.01855
;WIDTH:0.439088
G1 F1514.509
G1 X54.143 Y52.628 E.01621
; stop printing object fidget-finger-massager-2000-rods-rod-07.stl id:0 copy 0
; printing object fidget-finger-massager-2000-rods-rod-04.stl id:0 copy 0
M204 S10000
G1 E-.8 F1800
G1 X58.245 Y52.287 Z7.6 F7200
G1 Z7.2
G1 E.8 F1800
M204 S500
;TYPE:Outer wall
;WIDTH:0.449999
G1 F1473.915
G1 X58.176 Y52.621 E.01155
G1 X58.088 Y53.164 E.01861
M73 P43 R10
G1 X58.025 Y53.71 E.01861
G1 X57.984 Y54.293 E.01979
G1 X57.984 Y55.574 E.04336
G1 X58.025 Y56.132 E.01891
G1 X58.108 Y56.791 E.02251
G1 X58.248 Y57.545 E.02595
G1 X57.414 Y57.692 E.02868
G1 X57.217 Y56.54 E.03955
G1 X57.134 Y55.557 E.03341
G1 X57.134 Y54.276 E.04337
G1 X57.257 Y53.025 E.04253
M73 P43 R9
G1 X57.408 Y52.139 E.03042
G1 X58.205 Y52.28 E.0274
M204 S10000
G1 E-.8 F1800
G1 X57.757 Y57.205 Z7.6 F7200
G1 Z7.2
G1 E.8 F1800
M204 S1500
;TYPE:Inner wall
;WIDTH:0.445494
G1 F1490.409
G1 X57.64 Y56.486 E.02436
G1 X57.559 Y55.568 E.03086
;WIDTH:0.44292
G1 F1500
G1 X57.559 Y54.293 E.04239
G1 X57.606 Y53.679 E.02049
;WIDTH:0.43562
G1 F1527.884
G1 X57.67 Y53.115 E.01855
;WIDTH:0.439088
G1 F1514.509
G1 X57.746 Y52.628 E.01621
; stop printing object fidget-finger-massager-2000-rods-rod-04.stl id:0 copy 0
; printing object fidget-finger-massager-2000-rods-rod-01.stl id:0 copy 0
M204 S10000
G1 E-.8 F1800
G1 X64.638 Y55.909 Z7.6 F7200
G1 X66.232 Y56.668 Z7.6
G1 Z7.2
G1 E.8 F1800
M204 S500
;TYPE:Outer wall
;WIDTH:0.449999
G1 F1473.915
G1 X66.379 Y57.505 E.02877
G1 X65.718 Y57.631 E.02277
G1 X64.745 Y57.749 E.03318
G1 X64.245 Y57.782 E.01696
G1 X62.974 Y57.782 E.04304
G1 X62.472 Y57.75 E.01703
G1 X61.487 Y57.631 E.03357
G1 X60.826 Y57.505 E.02277
G1 X60.973 Y56.671 E.02865
G1 X61.85 Y56.828 E.03015
G1 X62.397 Y56.892 E.01861
G1 X62.974 Y56.932 E.01959
G1 X64.261 Y56.932 E.04357
G1 X64.818 Y56.891 E.01891
G1 X65.481 Y56.808 E.0226
G1 X66.192 Y56.675 E.0245
M204 S10000
G1 X65.887 Y57.165 F7200
M204 S1500
;TYPE:Inner wall
;WIDTH:0.444468
G1 F1494.217
G1 X65.522 Y57.229 E.01237
;WIDTH:0.437996
G1 F1518.695
G1 X64.84 Y57.312 E.02256
;WIDTH:0.442918
G1 F1500.007
G1 X64.232 Y57.357 E.0203
G1 X62.945 Y57.357 E.04278
G1 X62.34 Y57.309 E.0202
;WIDTH:0.436422
G1 F1524.77
G1 X61.314 Y57.169 E.03388
; stop printing object fidget-finger-massager-2000-rods-rod-01.stl id:0 copy 0
; printing object fidget-finger-massager-2000-rods-rod-02.stl id:0 copy 0
M204 S10000
G1 E-.8 F1800
G1 X66.232 Y53.065 Z7.6 F7200
G1 Z7.2
G1 E.8 F1800
M204 S500
;TYPE:Outer wall
;WIDTH:0.449999
G1 F1473.915
G1 X66.379 Y53.902 E.02877
G1 X65.718 Y54.028 E.02277
G1 X64.745 Y54.146 E.03318
G1 X64.245 Y54.179 E.01696
G1 X62.974 Y54.179 E.04304
G1 X62.472 Y54.147 E.01703
G1 X61.487 Y54.028 E.03357
G1 X60.826 Y53.902 E.02277
G1 X60.973 Y53.069 E.02865
G1 X61.85 Y53.225 E.03015
G1 X62.397 Y53.289 E.01861
G1 X62.974 Y53.329 E.01959
G1 X64.261 Y53.329 E.04357
G1 X64.818 Y53.288 E.01891
G1 X65.481 Y53.205 E.0226
G1 X66.192 Y53.072 E.0245
M204 S10000
G1 X65.887 Y53.563 F7200
M204 S1500
;TYPE:Inner wall
;WIDTH:0.444468
G1 F1494.217
G1 X65.522 Y53.626 E.01237
;WIDTH:0.437996
G1 F1518.695
G1 X64.84 Y53.709 E.02256
;WIDTH:0.442918
G1 F1500.007
G1 X64.232 Y53.754 E.0203
G1 X62.945 Y53.754 E.04278
G1 X62.34 Y53.707 E.0202
;WIDTH:0.436422
G1 F1524.77
G1 X61.314 Y53.566 E.03388
; stop printing object fidget-finger-massager-2000-rods-rod-02.stl id:0 copy 0
; printing object fidget-finger-massager-2000-rods-rod-03.stl id:0 copy 0
M204 S10000
G1 E-.8 F1800
G1 X66.232 Y49.462 Z7.6 F7200
G1 Z7.2
G1 E.8 F1800
M204 S500
;TYPE:Outer wall
;WIDTH:0.449999
G1 F1473.915
G1 X66.379 Y50.299 E.02877
G1 X65.718 Y50.425 E.02277
G1 X64.745 Y50.543 E.03318
G1 X64.245 Y50.576 E.01696
G1 X62.974 Y50.576 E.04304
G1 X62.472 Y50.544 E.01703
G1 X61.487 Y50.425 E.03357
G1 X60.826 Y50.299 E.02277
G1 X60.973 Y49.466 E.02865
G1 X61.85 Y49.622 E.03015
G1 X62.397 Y49.686 E.01861
G1 X62.974 Y49.726 E.01959
G1 X64.261 Y49.726 E.04357
G1 X64.818 Y49.685 E.01891
G1 X65.481 Y49.602 E.0226
G1 X66.192 Y49.47 E.0245
M204 S10000
G1 X65.887 Y49.96 F7200
M204 S1500
;TYPE:Inner wall
;WIDTH:0.444468
G1 F1494.217
G1 X65.522 Y50.024 E.01237
;WIDTH:0.437996
G1 F1518.695
G1 X64.84 Y50.107 E.02256
;WIDTH:0.442918
G1 F1500.007
G1 X64.232 Y50.151 E.0203
G1 X62.945 Y50.151 E.04278
G1 X62.34 Y50.104 E.0202
;WIDTH:0.436422
G1 F1524.77
G1 X61.314 Y49.963 E.03388
; stop printing object fidget-finger-massager-2000-rods-rod-03.stl id:0 copy 0
; printing object fidget-finger-massager-2000-rods-rod-05.stl id:0 copy 0
M204 S10000
G1 E-.8 F1800
G1 X66.232 Y45.86 Z7.6 F7200
G1 Z7.2
G1 E.8 F1800
M204 S500
;TYPE:Outer wall
;WIDTH:0.449999
G1 F1473.915
G1 X66.379 Y46.697 E.02877
G1 X65.718 Y46.823 E.02277
G1 X64.745 Y46.94 E.03318
G1 X64.245 Y46.974 E.01696
G1 X62.974 Y46.974 E.04304
G1 X62.472 Y46.942 E.01703
G1 X61.487 Y46.823 E.03357
G1 X60.826 Y46.697 E.02277
G1 X60.973 Y45.863 E.02865
G1 X61.85 Y46.019 E.03015
G1 X62.397 Y46.083 E.01861
G1 X62.974 Y46.124 E.01959
G1 X64.261 Y46.124 E.04357
G1 X64.818 Y46.082 E.01891
G1 X65.481 Y46 E.0226
G1 X66.192 Y45.867 E.0245
M204 S10000
G1 X65.887 Y46.357 F7200
M204 S1500
;TYPE:Inner wall
;WIDTH:0.444468
G1 F1494.217
G1 X65.522 Y46.421 E.01237
;WIDTH:0.437996
G1 F1518.695
G1 X64.84 Y46.504 E.02256
;WIDTH:0.442918
G1 F1500.007
G1 X64.232 Y46.549 E.0203
G1 X62.945 Y46.549 E.04278
G1 X62.34 Y46.501 E.0202
;WIDTH:0.436422
G1 F1524.77
G1 X61.314 Y46.36 E.03388
; stop printing object fidget-finger-massager-2000-rods-rod-05.stl id:0 copy 0
; printing object fidget-finger-massager-2000-rods-rod-09.stl id:0 copy 0
M204 S10000
G1 E-.8 F1800
G1 X66.188 Y42.257 Z7.6 F7200
G1 Z7.2
G1 E.8 F1800
M204 S500
;TYPE:Outer wall
;WIDTH:0.449999
G1 F1473.915
G1 X66.335 Y43.094 E.02877
G1 X65.674 Y43.22 E.02277
G1 X64.701 Y43.337 E.03318
G1 X64.201 Y43.371 E.01696
G1 X62.93 Y43.371 E.04304
G1 X62.428 Y43.339 E.01703
G1 X61.443 Y43.22 E.03357
G1 X60.782 Y43.094 E.02277
G1 X60.929 Y42.26 E.02865
G1 X61.806 Y42.417 E.03015
G1 X62.353 Y42.48 E.01861
G1 X62.93 Y42.521 E.01959
G1 X64.217 Y42.521 E.04357
G1 X64.774 Y42.48 E.01891
G1 X65.437 Y42.397 E.0226
G1 X66.148 Y42.264 E.0245
M204 S10000
G1 X65.843 Y42.754 F7200
M204 S1500
;TYPE:Inner wall
;WIDTH:0.444468
G1 F1494.217
G1 X65.478 Y42.818 E.01237
;WIDTH:0.437996
G1 F1518.695
G1 X64.796 Y42.901 E.02256
;WIDTH:0.442918
G1 F1500.007
G1 X64.188 Y42.946 E.0203
G1 X62.901 Y42.946 E.04278
G1 X62.296 Y42.898 E.0202
;WIDTH:0.436422
G1 F1524.77
G1 X61.27 Y42.757 E.03388
; stop printing object fidget-finger-massager-2000-rods-rod-09.stl id:0 copy 0
; printing object fidget-finger-massager-2000-rods-rod-06.stl id:0 copy 0
M204 S10000
G1 E-.8 F1800
G1 X58.245 Y44.105 Z7.6 F7200
G1 Z7.2
G1 E.8 F1800
M204 S500
;TYPE:Outer wall
;WIDTH:0.449999
G1 F1473.915
G1 X58.176 Y44.439 E.01155
G1 X58.088 Y44.982 E.01861
G1 X58.025 Y45.528 E.01861
G1 X57.984 Y46.112 E.01979
G1 X57.984 Y47.393 E.04336
G1 X58.025 Y47.95 E.01891
G1 X58.108 Y48.61 E.02251
G1 X58.248 Y49.363 E.02595
G1 X57.414 Y49.51 E.02868
G1 X57.217 Y48.359 E.03955
G1 X57.134 Y47.375 E.03341
G1 X57.134 Y46.094 E.04337
G1 X57.257 Y44.844 E.04253
G1 X57.408 Y43.958 E.03042
G1 X58.205 Y44.098 E.0274
M204 S10000
G1 E-.8 F1800
G1 X57.757 Y49.023 Z7.6 F7200
G1 Z7.2
G1 E.8 F1800
M204 S1500
;TYPE:Inner wall
;WIDTH:0.445494
G1 F1490.409
G1 X57.64 Y48.305 E.02436
G1 X57.559 Y47.386 E.03086
;WIDTH:0.44292
G1 F1500
G1 X57.559 Y46.112 E.04239
G1 X57.606 Y45.498 E.02049
;WIDTH:0.43562
G1 F1527.884
G1 X57.67 Y44.933 E.01855
;WIDTH:0.439088
G1 F1514.509
G1 X57.746 Y44.447 E.01621
; stop printing object fidget-finger-massager-2000-rods-rod-06.stl id:0 copy 0
; printing object fidget-finger-massager-2000-rods-rod-08.stl id:0 copy 0
M204 S10000
G1 E-.8 F1800
G1 X54.642 Y44.105 Z7.6 F7200
G1 Z7.2
G1 E.8 F1800
M204 S500
;TYPE:Outer wall
;WIDTH:0.449999
G1 F1473.915
G1 X54.573 Y44.439 E.01155
G1 X54.486 Y44.982 E.01861
G1 X54.422 Y45.528 E.01861
G1 X54.381 Y46.112 E.01979
G1 X54.381 Y47.393 E.04336
G1 X54.423 Y47.95 E.01891
G1 X54.505 Y48.61 E.02251
G1 X54.645 Y49.363 E.02595
G1 X53.811 Y49.51 E.02868
G1 X53.614 Y48.359 E.03955
G1 X53.531 Y47.375 E.03341
G1 X53.531 Y46.094 E.04337
G1 X53.655 Y44.844 E.04253
G1 X53.805 Y43.958 E.03042
G1 X54.603 Y44.098 E.0274
M204 S10000
G1 E-.8 F1800
G1 X54.154 Y49.023 Z7.6 F7200
G1 Z7.2
G1 E.8 F1800
M204 S1500
;TYPE:Inner wall
;WIDTH:0.445494
G1 F1490.409
G1 X54.037 Y48.305 E.02436
G1 X53.956 Y47.386 E.03086
;WIDTH:0.44292
G1 F1500
G1 X53.956 Y46.112 E.04239
G1 X54.003 Y45.498 E.02049
;WIDTH:0.43562
G1 F1527.884
G1 X54.067 Y44.933 E.01855
;WIDTH:0.439088
G1 F1514.509
G1 X54.143 Y44.447 E.01621
; stop printing object fidget-finger-massager-2000-rods-rod-08.stl id:0 copy 0
;LAYER_CHANGE
;Z:7.4
;HEIGHT:0.2
G92 E0
;_SET_FAN_SPEED_CHANGING_LAYER
; printing object fidget-finger-massager-2000-rods-rod-07.stl id:0 copy 0
M204 S10000
G1 E-.8 F1800
G1 X54.628 Y52.064 Z7.8 F7200
G1 X54.642 Y52.287 Z7.8
G1 Z7.4
G1 E.8 F1800
M204 S500
;TYPE:Outer wall
;WIDTH:0.449999
G1 F1473.915
G1 X54.573 Y52.619 E.01148
G1 X54.486 Y53.163 E.01863
G1 X54.422 Y53.709 E.01864
G1 X54.381 Y54.293 E.01981
G1 X54.381 Y55.574 E.04337
G1 X54.423 Y56.132 E.01893
G1 X54.503 Y56.78 E.0221
G1 X54.646 Y57.545 E.02633
G1 X53.809 Y57.692 E.02874
G1 X53.664 Y56.914 E.02681
G1 X53.582 Y56.203 E.02422
G1 X53.531 Y55.559 E.02187
G1 X53.531 Y54.276 E.04344
G1 X53.655 Y53.024 E.04257
G1 X53.805 Y52.139 E.03038
G1 X54.603 Y52.28 E.0274
M204 S10000
G1 E-.8 F1800
G1 X54.15 Y57.201 Z7.8 F7200
G1 Z7.4
G1 E.8 F1800
M73 P44 R9
M204 S1500
;TYPE:Inner wall
;WIDTH:0.44189
G1 F1503.873
G1 X54.004 Y56.184 E.0341
;WIDTH:0.44292
G1 F1500
G1 X53.956 Y55.574 E.02036
G1 X53.956 Y54.293 E.04258
G1 X54.003 Y53.678 E.02051
;WIDTH:0.435482
G1 F1528.421
G1 X54.067 Y53.113 E.01856
;WIDTH:0.43899
G1 F1514.884
G1 X54.143 Y52.628 E.01617
; stop printing object fidget-finger-massager-2000-rods-rod-07.stl id:0 copy 0
; printing object fidget-finger-massager-2000-rods-rod-04.stl id:0 copy 0
M204 S10000
G1 E-.8 F1800
G1 X58.245 Y52.287 Z7.8 F7200
G1 Z7.4
G1 E.8 F1800
M204 S500
;TYPE:Outer wall
;WIDTH:0.449999
G1 F1473.915
G1 X58.176 Y52.619 E.01148
G1 X58.089 Y53.163 E.01863
G1 X58.025 Y53.709 E.01864
G1 X57.984 Y54.293 E.01981
G1 X57.984 Y55.574 E.04337
G1 X58.026 Y56.132 E.01893
G1 X58.106 Y56.78 E.0221
G1 X58.248 Y57.545 E.02633
G1 X57.412 Y57.692 E.02874
G1 X57.267 Y56.914 E.02681
G1 X57.184 Y56.203 E.02422
G1 X57.134 Y55.559 E.02187
G1 X57.134 Y54.276 E.04344
G1 X57.258 Y53.024 E.04257
G1 X57.408 Y52.139 E.03038
G1 X58.205 Y52.28 E.0274
M204 S10000
G1 E-.8 F1800
G1 X57.752 Y57.201 Z7.8 F7200
G1 Z7.4
G1 E.8 F1800
M204 S1500
;TYPE:Inner wall
;WIDTH:0.44189
G1 F1503.873
G1 X57.607 Y56.184 E.0341
;WIDTH:0.44292
G1 F1500
G1 X57.559 Y55.574 E.02036
G1 X57.559 Y54.293 E.04258
G1 X57.606 Y53.678 E.02051
;WIDTH:0.435482
G1 F1528.421
G1 X57.67 Y53.113 E.01856
;WIDTH:0.43899
G1 F1514.884
G1 X57.746 Y52.628 E.01617
; stop printing object fidget-finger-massager-2000-rods-rod-04.stl id:0 copy 0
; printing object fidget-finger-massager-2000-rods-rod-01.stl id:0 copy 0
M204 S10000
G1 E-.8 F1800
G1 X64.637 Y55.911 Z7.8 F7200
G1 X66.232 Y56.671 Z7.8
G1 Z7.4
G1 E.8 F1800
M204 S500
;TYPE:Outer wall
;WIDTH:0.449999
G1 F1473.915
G1 X66.379 Y57.504 E.02862
G1 X65.6 Y57.649 E.02681
G1 X64.889 Y57.732 E.02423
G1 X64.245 Y57.782 E.02186
G1 X62.963 Y57.782 E.04339
G1 X61.492 Y57.632 E.05007
G1 X60.83 Y57.506 E.0228
G1 X60.976 Y56.672 E.02865
G1 X61.613 Y56.783 E.02188
G1 X62.396 Y56.891 E.02675
G1 X62.985 Y56.932 E.01999
G1 X64.261 Y56.932 E.04319
G1 X64.817 Y56.891 E.01888
G1 X65.469 Y56.809 E.02223
G1 X66.193 Y56.679 E.02489
M204 S10000
G1 X65.893 Y57.167 F7200
M204 S1500
;TYPE:Inner wall
;WIDTH:0.437094
G1 F1522.17
G1 X65.406 Y57.247 E.01618
G1 X64.841 Y57.312 E.01864
;WIDTH:0.442918
G1 F1500.007
G1 X64.232 Y57.357 E.02031
G1 X62.961 Y57.357 E.04226
G1 X62.327 Y57.301 E.02117
;WIDTH:0.438092
G1 F1518.326
G1 X61.318 Y57.168 E.03343
; stop printing object fidget-finger-massager-2000-rods-rod-01.stl id:0 copy 0
; printing object fidget-finger-massager-2000-rods-rod-02.stl id:0 copy 0
M204 S10000
G1 E-.8 F1800
G1 X66.232 Y53.069 Z7.8 F7200
G1 Z7.4
G1 E.8 F1800
M204 S500
;TYPE:Outer wall
;WIDTH:0.449999
G1 F1473.915
G1 X66.379 Y53.901 E.02862
G1 X65.6 Y54.046 E.02681
G1 X64.889 Y54.129 E.02423
G1 X64.245 Y54.179 E.02186
G1 X62.963 Y54.179 E.04339
G1 X61.492 Y54.029 E.05007
G1 X60.83 Y53.903 E.0228
G1 X60.976 Y53.069 E.02865
G1 X61.613 Y53.18 E.02188
G1 X62.396 Y53.289 E.02675
G1 X62.985 Y53.329 E.01999
G1 X64.261 Y53.329 E.04319
G1 X64.817 Y53.288 E.01888
G1 X65.469 Y53.207 E.02223
G1 X66.193 Y53.076 E.02489
M204 S10000
G1 X65.893 Y53.564 F7200
M204 S1500
;TYPE:Inner wall
;WIDTH:0.437094
G1 F1522.17
G1 X65.406 Y53.644 E.01618
G1 X64.841 Y53.71 E.01864
;WIDTH:0.442918
G1 F1500.007
G1 X64.232 Y53.754 E.02031
G1 X62.961 Y53.754 E.04226
G1 X62.327 Y53.698 E.02117
;WIDTH:0.438092
G1 F1518.326
G1 X61.318 Y53.566 E.03343
; stop printing object fidget-finger-massager-2000-rods-rod-02.stl id:0 copy 0
; printing object fidget-finger-massager-2000-rods-rod-03.stl id:0 copy 0
M204 S10000
G1 E-.8 F1800
G1 X66.232 Y49.466 Z7.8 F7200
G1 Z7.4
G1 E.8 F1800
M204 S500
;TYPE:Outer wall
;WIDTH:0.449999
G1 F1473.915
G1 X66.379 Y50.298 E.02862
G1 X65.6 Y50.443 E.02681
G1 X64.889 Y50.526 E.02423
G1 X64.245 Y50.576 E.02186
G1 X62.963 Y50.576 E.04339
G1 X61.492 Y50.426 E.05007
G1 X60.83 Y50.3 E.0228
G1 X60.976 Y49.466 E.02865
G1 X61.613 Y49.577 E.02188
G1 X62.396 Y49.686 E.02675
G1 X62.985 Y49.726 E.01999
G1 X64.261 Y49.726 E.04319
G1 X64.817 Y49.685 E.01888
G1 X65.469 Y49.604 E.02223
G1 X66.193 Y49.473 E.02489
M204 S10000
G1 X65.893 Y49.961 F7200
M204 S1500
;TYPE:Inner wall
;WIDTH:0.437094
G1 F1522.17
G1 X65.406 Y50.041 E.01618
G1 X64.841 Y50.107 E.01864
;WIDTH:0.442918
G1 F1500.007
G1 X64.232 Y50.151 E.02031
G1 X62.961 Y50.151 E.04226
G1 X62.327 Y50.095 E.02117
;WIDTH:0.438092
G1 F1518.326
G1 X61.318 Y49.963 E.03343
; stop printing object fidget-finger-massager-2000-rods-rod-03.stl id:0 copy 0
; printing object fidget-finger-massager-2000-rods-rod-05.stl id:0 copy 0
M204 S10000
G1 E-.8 F1800
G1 X66.232 Y45.863 Z7.8 F7200
G1 Z7.4
G1 E.8 F1800
M204 S500
;TYPE:Outer wall
;WIDTH:0.449999
G1 F1473.915
G1 X66.379 Y46.696 E.02862
G1 X65.6 Y46.841 E.02681
G1 X64.889 Y46.923 E.02423
G1 X64.245 Y46.974 E.02186
G1 X62.963 Y46.974 E.04339
G1 X61.492 Y46.823 E.05007
G1 X60.83 Y46.697 E.0228
G1 X60.976 Y45.864 E.02865
G1 X61.613 Y45.975 E.02188
G1 X62.396 Y46.083 E.02675
G1 X62.985 Y46.124 E.01999
G1 X64.261 Y46.124 E.04319
G1 X64.817 Y46.082 E.01888
G1 X65.469 Y46.001 E.02223
G1 X66.193 Y45.87 E.02489
M204 S10000
G1 X65.893 Y46.359 F7200
M204 S1500
;TYPE:Inner wall
;WIDTH:0.437094
G1 F1522.17
G1 X65.406 Y46.438 E.01618
G1 X64.841 Y46.504 E.01864
;WIDTH:0.442918
G1 F1500.007
G1 X64.232 Y46.549 E.02031
G1 X62.961 Y46.549 E.04226
G1 X62.327 Y46.492 E.02117
;WIDTH:0.438092
G1 F1518.326
G1 X61.318 Y46.36 E.03343
; stop printing object fidget-finger-massager-2000-rods-rod-05.stl id:0 copy 0
; printing object fidget-finger-massager-2000-rods-rod-09.stl id:0 copy 0
M204 S10000
G1 E-.8 F1800
G1 X66.188 Y42.26 Z7.8 F7200
G1 Z7.4
G1 E.8 F1800
M204 S500
;TYPE:Outer wall
;WIDTH:0.449999
G1 F1473.915
G1 X66.335 Y43.093 E.02862
G1 X65.556 Y43.238 E.02681
G1 X64.846 Y43.321 E.02423
G1 X64.201 Y43.371 E.02186
G1 X62.92 Y43.371 E.04339
G1 X61.448 Y43.221 E.05007
G1 X60.786 Y43.095 E.0228
G1 X60.932 Y42.261 E.02865
G1 X61.569 Y42.372 E.02188
G1 X62.352 Y42.48 E.02675
G1 X62.941 Y42.521 E.01999
G1 X64.217 Y42.521 E.04319
G1 X64.773 Y42.48 E.01888
G1 X65.425 Y42.398 E.02223
G1 X66.149 Y42.267 E.02489
M204 S10000
G1 X65.849 Y42.756 F7200
M204 S1500
;TYPE:Inner wall
;WIDTH:0.437094
G1 F1522.17
G1 X65.362 Y42.836 E.01618
G1 X64.797 Y42.901 E.01864
;WIDTH:0.442918
G1 F1500.007
G1 X64.188 Y42.946 E.02031
G1 X62.917 Y42.946 E.04226
G1 X62.283 Y42.889 E.02117
;WIDTH:0.438092
G1 F1518.326
G1 X61.274 Y42.757 E.03343
; stop printing object fidget-finger-massager-2000-rods-rod-09.stl id:0 copy 0
; printing object fidget-finger-massager-2000-rods-rod-06.stl id:0 copy 0
M204 S10000
G1 E-.8 F1800
G1 X58.245 Y44.105 Z7.8 F7200
G1 Z7.4
G1 E.8 F1800
M204 S500
;TYPE:Outer wall
;WIDTH:0.449999
G1 F1473.915
G1 X58.176 Y44.437 E.01148
G1 X58.089 Y44.981 E.01863
G1 X58.025 Y45.528 E.01864
G1 X57.984 Y46.112 E.01981
G1 X57.984 Y47.393 E.04337
G1 X58.026 Y47.95 E.01893
G1 X58.106 Y48.599 E.0221
G1 X58.248 Y49.363 E.02633
G1 X57.412 Y49.511 E.02874
G1 X57.267 Y48.732 E.02681
G1 X57.184 Y48.021 E.02422
G1 X57.134 Y47.377 E.02187
G1 X57.134 Y46.094 E.04344
G1 X57.258 Y44.842 E.04257
G1 X57.408 Y43.958 E.03038
G1 X58.205 Y44.098 E.0274
M204 S10000
G1 E-.8 F1800
G1 X57.752 Y49.02 Z7.8 F7200
G1 Z7.4
G1 E.8 F1800
M204 S1500
;TYPE:Inner wall
;WIDTH:0.44189
G1 F1503.873
G1 X57.607 Y48.002 E.0341
;WIDTH:0.44292
G1 F1500
G1 X57.559 Y47.392 E.02036
G1 X57.559 Y46.112 E.04258
G1 X57.606 Y45.497 E.02051
;WIDTH:0.435482
G1 F1528.421
G1 X57.67 Y44.932 E.01856
;WIDTH:0.43899
G1 F1514.884
G1 X57.746 Y44.447 E.01617
; stop printing object fidget-finger-massager-2000-rods-rod-06.stl id:0 copy 0
; printing object fidget-finger-massager-2000-rods-rod-08.stl id:0 copy 0
M204 S10000
G1 E-.8 F1800
G1 X54.642 Y44.105 Z7.8 F7200
G1 Z7.4
G1 E.8 F1800
M204 S500
;TYPE:Outer wall
;WIDTH:0.449999
G1 F1473.915
G1 X54.573 Y44.437 E.01148
G1 X54.486 Y44.981 E.01863
G1 X54.422 Y45.528 E.01864
G1 X54.381 Y46.112 E.01981
G1 X54.381 Y47.393 E.04337
G1 X54.423 Y47.95 E.01893
G1 X54.503 Y48.599 E.0221
G1 X54.646 Y49.363 E.02633
G1 X53.809 Y49.511 E.02874
G1 X53.664 Y48.732 E.02681
G1 X53.582 Y48.021 E.02422
G1 X53.531 Y47.377 E.02187
G1 X53.531 Y46.094 E.04344
G1 X53.655 Y44.842 E.04257
G1 X53.805 Y43.958 E.03038
G1 X54.603 Y44.098 E.0274
M204 S10000
G1 E-.8 F1800
G1 X54.15 Y49.02 Z7.8 F7200
G1 Z7.4
G1 E.8 F1800
M204 S1500
;TYPE:Inner wall
;WIDTH:0.44189
G1 F1503.873
G1 X54.004 Y48.002 E.0341
;WIDTH:0.44292
G1 F1500
G1 X53.956 Y47.392 E.02036
G1 X53.956 Y46.112 E.04258
G1 X54.003 Y45.497 E.02051
;WIDTH:0.435482
G1 F1528.421
G1 X54.067 Y44.932 E.01856
;WIDTH:0.43899
G1 F1514.884
G1 X54.143 Y44.447 E.01617
; stop printing object fidget-finger-massager-2000-rods-rod-08.stl id:0 copy 0
;LAYER_CHANGE
;Z:7.6
;HEIGHT:0.2
G92 E0
;_SET_FAN_SPEED_CHANGING_LAYER
; printing object fidget-finger-massager-2000-rods-rod-07.stl id:0 copy 0
M204 S10000
G1 E-.8 F1800
G1 X54.628 Y52.064 Z8 F7200
G1 X54.642 Y52.287 Z8
G1 Z7.6
G1 E.8 F1800
M204 S500
;TYPE:Outer wall
;WIDTH:0.449999
G1 F1473.915
G1 X54.574 Y52.617 E.01142
G1 X54.486 Y53.161 E.01866
G1 X54.422 Y53.709 E.01866
G1 X54.381 Y54.293 E.01983
G1 X54.381 Y55.574 E.04337
G1 X54.423 Y56.133 E.01894
G1 X54.501 Y56.77 E.02174
G1 X54.646 Y57.545 E.02668
G1 X53.811 Y57.692 E.02868
G1 X53.613 Y56.532 E.03985
G1 X53.531 Y55.557 E.03311
M73 P45 R9
G1 X53.531 Y54.276 E.04337
G1 X53.586 Y53.617 E.02237
G1 X53.655 Y53.023 E.02025
G1 X53.805 Y52.139 E.03033
G1 X54.603 Y52.28 E.0274
M204 S10000
G1 E-.8 F1800
G1 X54.155 Y57.204 Z8 F7200
G1 Z7.6
G1 E.8 F1800
M204 S1500
;TYPE:Inner wall
;WIDTH:0.44513
G1 F1491.758
G1 X54.036 Y56.478 E.02462
G1 X53.956 Y55.568 E.03055
;WIDTH:0.44292
G1 F1500
G1 X53.956 Y54.293 E.0424
G1 X54.003 Y53.678 E.02053
;WIDTH:0.435336
G1 F1528.99
G1 X54.068 Y53.112 E.01858
;WIDTH:0.43889
G1 F1515.266
G1 X54.143 Y52.628 E.01612
; stop printing object fidget-finger-massager-2000-rods-rod-07.stl id:0 copy 0
; printing object fidget-finger-massager-2000-rods-rod-04.stl id:0 copy 0
M204 S10000
G1 E-.8 F1800
G1 X58.245 Y52.287 Z8 F7200
G1 Z7.6
G1 E.8 F1800
M204 S500
;TYPE:Outer wall
;WIDTH:0.449999
G1 F1473.915
G1 X58.177 Y52.617 E.01142
G1 X58.089 Y53.161 E.01866
G1 X58.025 Y53.709 E.01866
G1 X57.984 Y54.293 E.01983
G1 X57.984 Y55.574 E.04337
G1 X58.026 Y56.133 E.01894
G1 X58.104 Y56.77 E.02174
G1 X58.248 Y57.545 E.02668
G1 X57.414 Y57.692 E.02868
G1 X57.216 Y56.532 E.03985
G1 X57.134 Y55.557 E.03311
G1 X57.134 Y54.276 E.04337
G1 X57.189 Y53.617 E.02237
G1 X57.258 Y53.023 E.02025
G1 X57.408 Y52.139 E.03033
G1 X58.205 Y52.28 E.0274
M204 S10000
G1 E-.8 F1800
G1 X57.757 Y57.204 Z8 F7200
G1 Z7.6
G1 E.8 F1800
M204 S1500
;TYPE:Inner wall
;WIDTH:0.44513
G1 F1491.758
G1 X57.639 Y56.478 E.02462
G1 X57.559 Y55.568 E.03055
;WIDTH:0.44292
G1 F1500
G1 X57.559 Y54.293 E.0424
G1 X57.606 Y53.678 E.02053
;WIDTH:0.435336
G1 F1528.99
G1 X57.67 Y53.112 E.01858
;WIDTH:0.43889
G1 F1515.266
G1 X57.746 Y52.628 E.01612
; stop printing object fidget-finger-massager-2000-rods-rod-04.stl id:0 copy 0
; printing object fidget-finger-massager-2000-rods-rod-01.stl id:0 copy 0
M204 S10000
G1 E-.8 F1800
G1 X64.638 Y55.909 Z8 F7200
G1 X66.232 Y56.668 Z8
G1 Z7.6
G1 E.8 F1800
M204 S500
;TYPE:Outer wall
;WIDTH:0.449999
G1 F1473.915
G1 X66.379 Y57.505 E.02877
G1 X65.706 Y57.633 E.02321
G1 X64.892 Y57.731 E.02775
G1 X64.245 Y57.782 E.02194
G1 X62.963 Y57.782 E.0434
G1 X61.498 Y57.633 E.04985
G1 X60.826 Y57.505 E.02315
G1 X60.973 Y56.671 E.02865
G1 X61.848 Y56.827 E.03007
G1 X62.395 Y56.891 E.01866
G1 X62.985 Y56.932 E.02001
G1 X64.261 Y56.932 E.04319
G1 X64.819 Y56.891 E.01894
G1 X65.459 Y56.811 E.02183
G1 X66.192 Y56.675 E.02523
M204 S10000
G1 X65.887 Y57.165 F7200
M204 S1500
;TYPE:Inner wall
;WIDTH:0.444588
G1 F1493.771
G1 X65.5 Y57.232 E.01312
;WIDTH:0.437612
G1 F1520.173
G1 X64.841 Y57.312 E.02177
;WIDTH:0.442918
G1 F1500.007
G1 X64.232 Y57.357 E.02033
G1 X62.961 Y57.357 E.04226
G1 X62.339 Y57.302 E.02076
;WIDTH:0.436234
G1 F1525.499
G1 X61.314 Y57.168 E.03381
; stop printing object fidget-finger-massager-2000-rods-rod-01.stl id:0 copy 0
; printing object fidget-finger-massager-2000-rods-rod-02.stl id:0 copy 0
M204 S10000
G1 E-.8 F1800
G1 X66.232 Y53.065 Z8 F7200
G1 Z7.6
G1 E.8 F1800
M204 S500
;TYPE:Outer wall
;WIDTH:0.449999
G1 F1473.915
G1 X66.379 Y53.902 E.02877
G1 X65.706 Y54.03 E.02321
G1 X64.892 Y54.128 E.02775
G1 X64.245 Y54.179 E.02194
G1 X62.963 Y54.179 E.0434
G1 X61.498 Y54.03 E.04985
G1 X60.826 Y53.902 E.02315
G1 X60.973 Y53.069 E.02865
G1 X61.848 Y53.225 E.03007
G1 X62.395 Y53.289 E.01866
G1 X62.985 Y53.329 E.02001
G1 X64.261 Y53.329 E.04319
G1 X64.819 Y53.288 E.01894
G1 X65.459 Y53.209 E.02183
G1 X66.192 Y53.072 E.02523
M204 S10000
G1 X65.887 Y53.562 F7200
M204 S1500
;TYPE:Inner wall
;WIDTH:0.444588
G1 F1493.771
G1 X65.5 Y53.63 E.01312
;WIDTH:0.437612
G1 F1520.173
G1 X64.841 Y53.709 E.02177
;WIDTH:0.442918
G1 F1500.007
G1 X64.232 Y53.754 E.02033
G1 X62.961 Y53.754 E.04226
G1 X62.339 Y53.699 E.02076
;WIDTH:0.436234
G1 F1525.499
G1 X61.314 Y53.566 E.03381
; stop printing object fidget-finger-massager-2000-rods-rod-02.stl id:0 copy 0
; printing object fidget-finger-massager-2000-rods-rod-03.stl id:0 copy 0
M204 S10000
G1 E-.8 F1800
G1 X66.232 Y49.462 Z8 F7200
G1 Z7.6
G1 E.8 F1800
M204 S500
;TYPE:Outer wall
;WIDTH:0.449999
G1 F1473.915
G1 X66.379 Y50.299 E.02877
G1 X65.706 Y50.427 E.02321
G1 X64.892 Y50.525 E.02775
G1 X64.245 Y50.576 E.02194
G1 X62.963 Y50.576 E.0434
G1 X61.498 Y50.427 E.04985
G1 X60.826 Y50.299 E.02315
G1 X60.973 Y49.466 E.02865
G1 X61.848 Y49.622 E.03007
G1 X62.395 Y49.686 E.01866
G1 X62.985 Y49.726 E.02001
G1 X64.261 Y49.726 E.04319
G1 X64.819 Y49.685 E.01894
G1 X65.459 Y49.606 E.02183
G1 X66.192 Y49.47 E.02523
M204 S10000
G1 X65.887 Y49.96 F7200
M204 S1500
;TYPE:Inner wall
;WIDTH:0.444588
G1 F1493.771
G1 X65.5 Y50.027 E.01312
;WIDTH:0.437612
G1 F1520.173
G1 X64.841 Y50.107 E.02177
;WIDTH:0.442918
G1 F1500.007
G1 X64.232 Y50.151 E.02033
G1 X62.961 Y50.151 E.04226
G1 X62.339 Y50.096 E.02076
;WIDTH:0.436234
G1 F1525.499
G1 X61.314 Y49.963 E.03381
; stop printing object fidget-finger-massager-2000-rods-rod-03.stl id:0 copy 0
; printing object fidget-finger-massager-2000-rods-rod-05.stl id:0 copy 0
M204 S10000
G1 E-.8 F1800
G1 X66.232 Y45.859 Z8 F7200
G1 Z7.6
G1 E.8 F1800
M204 S500
;TYPE:Outer wall
;WIDTH:0.449999
G1 F1473.915
G1 X66.379 Y46.697 E.02877
G1 X65.706 Y46.825 E.02321
G1 X64.892 Y46.923 E.02775
G1 X64.245 Y46.974 E.02194
G1 X62.963 Y46.974 E.0434
G1 X61.498 Y46.824 E.04985
G1 X60.826 Y46.697 E.02315
G1 X60.973 Y45.863 E.02865
G1 X61.848 Y46.019 E.03007
G1 X62.395 Y46.083 E.01866
G1 X62.985 Y46.124 E.02001
G1 X64.261 Y46.124 E.04319
G1 X64.819 Y46.082 E.01894
G1 X65.459 Y46.003 E.02183
G1 X66.192 Y45.867 E.02523
M204 S10000
G1 X65.887 Y46.357 F7200
M204 S1500
;TYPE:Inner wall
;WIDTH:0.444588
G1 F1493.771
G1 X65.5 Y46.424 E.01312
;WIDTH:0.437612
G1 F1520.173
G1 X64.841 Y46.504 E.02177
;WIDTH:0.442918
G1 F1500.007
G1 X64.232 Y46.549 E.02033
G1 X62.961 Y46.549 E.04226
G1 X62.339 Y46.494 E.02076
;WIDTH:0.436234
G1 F1525.499
G1 X61.314 Y46.36 E.03381
; stop printing object fidget-finger-massager-2000-rods-rod-05.stl id:0 copy 0
; printing object fidget-finger-massager-2000-rods-rod-09.stl id:0 copy 0
M204 S10000
G1 E-.8 F1800
G1 X66.188 Y42.257 Z8 F7200
G1 Z7.6
G1 E.8 F1800
M204 S500
;TYPE:Outer wall
;WIDTH:0.449999
G1 F1473.915
G1 X66.335 Y43.094 E.02877
G1 X65.662 Y43.222 E.02321
G1 X64.848 Y43.32 E.02775
G1 X64.202 Y43.371 E.02194
G1 X62.919 Y43.371 E.0434
G1 X61.454 Y43.222 E.04985
G1 X60.782 Y43.094 E.02315
G1 X60.929 Y42.26 E.02865
G1 X61.804 Y42.416 E.03007
G1 X62.351 Y42.48 E.01866
G1 X62.941 Y42.521 E.02001
G1 X64.217 Y42.521 E.04319
G1 X64.775 Y42.479 E.01894
G1 X65.415 Y42.4 E.02183
G1 X66.148 Y42.264 E.02523
M204 S10000
G1 X65.843 Y42.754 F7200
M204 S1500
;TYPE:Inner wall
;WIDTH:0.444588
G1 F1493.771
G1 X65.456 Y42.821 E.01312
;WIDTH:0.437612
G1 F1520.173
G1 X64.797 Y42.901 E.02177
;WIDTH:0.442918
G1 F1500.007
G1 X64.188 Y42.946 E.02033
G1 X62.917 Y42.946 E.04226
G1 X62.295 Y42.891 E.02076
;WIDTH:0.436234
G1 F1525.499
G1 X61.27 Y42.757 E.03381
; stop printing object fidget-finger-massager-2000-rods-rod-09.stl id:0 copy 0
; printing object fidget-finger-massager-2000-rods-rod-06.stl id:0 copy 0
M204 S10000
G1 E-.8 F1800
G1 X58.245 Y44.105 Z8 F7200
G1 Z7.6
G1 E.8 F1800
M204 S500
;TYPE:Outer wall
;WIDTH:0.449999
G1 F1473.915
G1 X58.177 Y44.436 E.01142
G1 X58.089 Y44.98 E.01866
G1 X58.025 Y45.527 E.01866
G1 X57.984 Y46.112 E.01983
G1 X57.984 Y47.393 E.04337
G1 X58.026 Y47.951 E.01894
G1 X58.104 Y48.588 E.02174
G1 X58.248 Y49.363 E.02668
G1 X57.414 Y49.51 E.02868
G1 X57.216 Y48.35 E.03985
G1 X57.134 Y47.375 E.03311
G1 X57.134 Y46.094 E.04337
G1 X57.189 Y45.435 E.02237
G1 X57.258 Y44.841 E.02025
G1 X57.408 Y43.958 E.03033
G1 X58.205 Y44.098 E.0274
M204 S10000
G1 E-.8 F1800
G1 X57.757 Y49.023 Z8 F7200
G1 Z7.6
G1 E.8 F1800
M204 S1500
;TYPE:Inner wall
;WIDTH:0.44513
G1 F1491.758
G1 X57.639 Y48.296 E.02462
G1 X57.559 Y47.386 E.03055
;WIDTH:0.44292
G1 F1500
G1 X57.559 Y46.112 E.0424
G1 X57.606 Y45.496 E.02053
;WIDTH:0.435336
G1 F1528.99
G1 X57.67 Y44.931 E.01858
;WIDTH:0.43889
G1 F1515.266
G1 X57.746 Y44.447 E.01612
; stop printing object fidget-finger-massager-2000-rods-rod-06.stl id:0 copy 0
; printing object fidget-finger-massager-2000-rods-rod-08.stl id:0 copy 0
M204 S10000
G1 E-.8 F1800
G1 X54.642 Y44.105 Z8 F7200
G1 Z7.6
G1 E.8 F1800
M204 S500
;TYPE:Outer wall
;WIDTH:0.449999
G1 F1473.915
G1 X54.574 Y44.436 E.01142
G1 X54.486 Y44.98 E.01866
G1 X54.422 Y45.527 E.01866
G1 X54.381 Y46.112 E.01983
G1 X54.381 Y47.393 E.04337
G1 X54.423 Y47.951 E.01894
G1 X54.501 Y48.588 E.02174
G1 X54.646 Y49.363 E.02668
G1 X53.811 Y49.51 E.02868
G1 X53.613 Y48.35 E.03985
G1 X53.531 Y47.375 E.03311
G1 X53.531 Y46.094 E.04337
G1 X53.586 Y45.435 E.02237
G1 X53.655 Y44.841 E.02025
G1 X53.805 Y43.958 E.03033
G1 X54.603 Y44.098 E.0274
M204 S10000
G1 E-.8 F1800
G1 X54.155 Y49.023 Z8 F7200
G1 Z7.6
G1 E.8 F1800
M204 S1500
;TYPE:Inner wall
;WIDTH:0.44513
G1 F1491.758
G1 X54.036 Y48.296 E.02462
G1 X53.956 Y47.386 E.03055
;WIDTH:0.44292
G1 F1500
G1 X53.956 Y46.112 E.0424
G1 X54.003 Y45.496 E.02053
;WIDTH:0.435336
G1 F1528.99
G1 X54.068 Y44.931 E.01858
;WIDTH:0.43889
G1 F1515.266
G1 X54.143 Y44.447 E.01612
; stop printing object fidget-finger-massager-2000-rods-rod-08.stl id:0 copy 0
;LAYER_CHANGE
;Z:7.8
;HEIGHT:0.2
G92 E0
;_SET_FAN_SPEED_CHANGING_LAYER
; printing object fidget-finger-massager-2000-rods-rod-07.stl id:0 copy 0
M204 S10000
G1 E-.8 F1800
G1 X54.628 Y52.064 Z8.2 F7200
G1 X54.642 Y52.287 Z8.2
M73 P46 R9
G1 Z7.8
G1 E.8 F1800
M204 S500
;TYPE:Outer wall
;WIDTH:0.449999
G1 F1473.915
G1 X54.574 Y52.615 E.01135
G1 X54.486 Y53.16 E.01868
G1 X54.422 Y53.708 E.01868
G1 X54.381 Y54.293 E.01985
G1 X54.381 Y55.574 E.04337
G1 X54.423 Y56.133 E.01896
G1 X54.5 Y56.759 E.02135
G1 X54.646 Y57.545 E.02705
G1 X53.811 Y57.692 E.02868
G1 X53.612 Y56.527 E.03999
G1 X53.531 Y55.557 E.03297
G1 X53.531 Y54.276 E.04337
G1 X53.586 Y53.616 E.02239
G1 X53.656 Y53.021 E.02027
G1 X53.805 Y52.139 E.03029
G1 X54.603 Y52.28 E.0274
M204 S10000
G1 E-.8 F1800
G1 X54.155 Y57.204 Z8.2 F7200
G1 Z7.8
G1 E.8 F1800
M204 S1500
;TYPE:Inner wall
;WIDTH:0.444948
G1 F1492.433
G1 X54.035 Y56.474 E.02475
G1 X53.956 Y55.568 E.0304
;WIDTH:0.44292
G1 F1500
G1 X53.956 Y54.293 E.0424
G1 X54.003 Y53.677 E.02055
;WIDTH:0.43519
G1 F1529.559
G1 X54.068 Y53.111 E.01859
;WIDTH:0.438786
G1 F1515.664
G1 X54.144 Y52.628 E.01608
; stop printing object fidget-finger-massager-2000-rods-rod-07.stl id:0 copy 0
; printing object fidget-finger-massager-2000-rods-rod-04.stl id:0 copy 0
M204 S10000
G1 E-.8 F1800
G1 X58.245 Y52.287 Z8.2 F7200
G1 Z7.8
G1 E.8 F1800
M204 S500
;TYPE:Outer wall
;WIDTH:0.449999
G1 F1473.915
G1 X58.177 Y52.615 E.01135
G1 X58.089 Y53.16 E.01868
G1 X58.025 Y53.708 E.01868
G1 X57.984 Y54.293 E.01985
G1 X57.984 Y55.574 E.04337
G1 X58.026 Y56.133 E.01896
G1 X58.102 Y56.759 E.02135
G1 X58.248 Y57.545 E.02705
G1 X57.414 Y57.692 E.02868
G1 X57.215 Y56.527 E.03999
G1 X57.134 Y55.557 E.03297
G1 X57.134 Y54.276 E.04337
G1 X57.189 Y53.616 E.02239
G1 X57.258 Y53.021 E.02027
G1 X57.408 Y52.139 E.03029
G1 X58.205 Y52.28 E.0274
M204 S10000
G1 E-.8 F1800
G1 X57.757 Y57.204 Z8.2 F7200
G1 Z7.8
G1 E.8 F1800
M204 S1500
;TYPE:Inner wall
;WIDTH:0.444948
G1 F1492.433
G1 X57.638 Y56.474 E.02475
G1 X57.559 Y55.568 E.0304
;WIDTH:0.44292
G1 F1500
G1 X57.559 Y54.293 E.0424
G1 X57.606 Y53.677 E.02055
;WIDTH:0.43519
G1 F1529.559
G1 X57.671 Y53.111 E.01859
;WIDTH:0.438786
G1 F1515.664
G1 X57.746 Y52.628 E.01608
; stop printing object fidget-finger-massager-2000-rods-rod-04.stl id:0 copy 0
; printing object fidget-finger-massager-2000-rods-rod-01.stl id:0 copy 0
M204 S10000
G1 E-.8 F1800
G1 X64.638 Y55.909 Z8.2 F7200
G1 X66.232 Y56.668 Z8.2
G1 Z7.8
G1 E.8 F1800
M204 S500
;TYPE:Outer wall
;WIDTH:0.449999
G1 F1473.915
G1 X66.379 Y57.505 E.02877
G1 X65.699 Y57.634 E.02343
G1 X64.892 Y57.731 E.02751
G1 X64.245 Y57.782 E.02196
G1 X62.963 Y57.782 E.04339
G1 X61.505 Y57.634 E.04963
G1 X60.826 Y57.505 E.02337
G1 X60.973 Y56.671 E.02864
G1 X61.847 Y56.827 E.03003
G1 X62.395 Y56.891 E.01868
G1 X62.985 Y56.932 E.02003
G1 X64.261 Y56.932 E.0432
G1 X64.82 Y56.891 E.01896
G1 X65.448 Y56.813 E.02144
G1 X66.192 Y56.675 E.0256
M204 S10000
G1 X65.887 Y57.165 F7200
M204 S1500
;TYPE:Inner wall
;WIDTH:0.444646
G1 F1493.555
G1 X65.489 Y57.234 E.0135
;WIDTH:0.437416
G1 F1520.928
G1 X64.842 Y57.312 E.02137
;WIDTH:0.442918
G1 F1500.007
G1 X64.232 Y57.357 E.02036
G1 X62.961 Y57.357 E.04226
G1 X62.339 Y57.302 E.02078
;WIDTH:0.436142
G1 F1525.856
G1 X61.314 Y57.168 E.03379
; stop printing object fidget-finger-massager-2000-rods-rod-01.stl id:0 copy 0
; printing object fidget-finger-massager-2000-rods-rod-02.stl id:0 copy 0
M204 S10000
G1 E-.8 F1800
G1 X66.232 Y53.065 Z8.2 F7200
G1 Z7.8
G1 E.8 F1800
M204 S500
;TYPE:Outer wall
;WIDTH:0.449999
G1 F1473.915
G1 X66.379 Y53.902 E.02877
G1 X65.699 Y54.031 E.02343
G1 X64.892 Y54.128 E.02751
G1 X64.245 Y54.179 E.02196
G1 X62.963 Y54.179 E.04339
G1 X61.505 Y54.031 E.04963
G1 X60.826 Y53.902 E.02337
G1 X60.973 Y53.069 E.02864
G1 X61.847 Y53.224 E.03003
G1 X62.395 Y53.289 E.01868
G1 X62.985 Y53.329 E.02003
G1 X64.261 Y53.329 E.0432
G1 X64.82 Y53.288 E.01896
G1 X65.448 Y53.21 E.02144
G1 X66.192 Y53.072 E.0256
M204 S10000
G1 X65.887 Y53.562 F7200
M204 S1500
;TYPE:Inner wall
;WIDTH:0.444646
G1 F1493.555
G1 X65.489 Y53.631 E.0135
;WIDTH:0.437416
G1 F1520.928
G1 X64.842 Y53.709 E.02137
;WIDTH:0.442918
G1 F1500.007
G1 X64.232 Y53.754 E.02036
G1 X62.961 Y53.754 E.04226
G1 X62.339 Y53.699 E.02078
;WIDTH:0.436142
G1 F1525.856
G1 X61.314 Y53.566 E.03379
; stop printing object fidget-finger-massager-2000-rods-rod-02.stl id:0 copy 0
; printing object fidget-finger-massager-2000-rods-rod-03.stl id:0 copy 0
M204 S10000
G1 E-.8 F1800
G1 X66.232 Y49.462 Z8.2 F7200
G1 Z7.8
G1 E.8 F1800
M204 S500
;TYPE:Outer wall
;WIDTH:0.449999
G1 F1473.915
G1 X66.379 Y50.299 E.02877
G1 X65.699 Y50.429 E.02343
G1 X64.892 Y50.525 E.02751
G1 X64.245 Y50.576 E.02196
G1 X62.963 Y50.576 E.04339
G1 X61.505 Y50.428 E.04963
G1 X60.826 Y50.299 E.02337
G1 X60.973 Y49.466 E.02864
G1 X61.847 Y49.622 E.03003
G1 X62.395 Y49.686 E.01868
G1 X62.985 Y49.726 E.02003
G1 X64.261 Y49.726 E.0432
G1 X64.82 Y49.685 E.01896
G1 X65.448 Y49.608 E.02144
G1 X66.192 Y49.469 E.0256
M204 S10000
G1 X65.887 Y49.959 F7200
M204 S1500
;TYPE:Inner wall
;WIDTH:0.444646
G1 F1493.555
G1 X65.489 Y50.028 E.0135
;WIDTH:0.437416
G1 F1520.928
G1 X64.842 Y50.106 E.02137
;WIDTH:0.442918
G1 F1500.007
G1 X64.232 Y50.151 E.02036
G1 X62.961 Y50.151 E.04226
G1 X62.339 Y50.097 E.02078
;WIDTH:0.436142
G1 F1525.856
G1 X61.314 Y49.963 E.03379
; stop printing object fidget-finger-massager-2000-rods-rod-03.stl id:0 copy 0
; printing object fidget-finger-massager-2000-rods-rod-05.stl id:0 copy 0
M204 S10000
G1 E-.8 F1800
G1 X66.232 Y45.859 Z8.2 F7200
G1 Z7.8
G1 E.8 F1800
M204 S500
;TYPE:Outer wall
;WIDTH:0.449999
G1 F1473.915
G1 X66.379 Y46.697 E.02877
G1 X65.699 Y46.826 E.02343
G1 X64.892 Y46.922 E.02751
G1 X64.245 Y46.974 E.02196
G1 X62.963 Y46.974 E.04339
G1 X61.505 Y46.825 E.04963
G1 X60.826 Y46.697 E.02337
G1 X60.973 Y45.863 E.02864
G1 X61.847 Y46.019 E.03003
G1 X62.395 Y46.083 E.01868
G1 X62.985 Y46.124 E.02003
G1 X64.261 Y46.124 E.0432
G1 X64.82 Y46.082 E.01896
G1 X65.448 Y46.005 E.02144
G1 X66.192 Y45.867 E.0256
M204 S10000
G1 X65.887 Y46.357 F7200
M204 S1500
;TYPE:Inner wall
;WIDTH:0.444646
G1 F1493.555
G1 X65.489 Y46.426 E.0135
;WIDTH:0.437416
G1 F1520.928
G1 X64.842 Y46.504 E.02137
;WIDTH:0.442918
G1 F1500.007
G1 X64.232 Y46.549 E.02036
G1 X62.961 Y46.549 E.04226
G1 X62.339 Y46.494 E.02078
;WIDTH:0.436142
G1 F1525.856
G1 X61.314 Y46.36 E.03379
; stop printing object fidget-finger-massager-2000-rods-rod-05.stl id:0 copy 0
; printing object fidget-finger-massager-2000-rods-rod-09.stl id:0 copy 0
M204 S10000
G1 E-.8 F1800
G1 X66.188 Y42.257 Z8.2 F7200
G1 Z7.8
G1 E.8 F1800
M204 S500
;TYPE:Outer wall
;WIDTH:0.449999
G1 F1473.915
G1 X66.335 Y43.094 E.02877
G1 X65.655 Y43.223 E.02343
G1 X64.848 Y43.32 E.02751
G1 X64.202 Y43.371 E.02196
G1 X62.919 Y43.371 E.04339
G1 X61.461 Y43.223 E.04963
G1 X60.783 Y43.094 E.02337
G1 X60.929 Y42.26 E.02864
G1 X61.803 Y42.416 E.03003
G1 X62.351 Y42.48 E.01868
G1 X62.941 Y42.521 E.02003
G1 X64.217 Y42.521 E.0432
G1 X64.776 Y42.479 E.01896
G1 X65.405 Y42.402 E.02144
G1 X66.148 Y42.264 E.0256
M204 S10000
G1 X65.843 Y42.754 F7200
M204 S1500
;TYPE:Inner wall
;WIDTH:0.444646
G1 F1493.555
G1 X65.445 Y42.823 E.0135
;WIDTH:0.437416
G1 F1520.928
G1 X64.798 Y42.901 E.02137
;WIDTH:0.442918
G1 F1500.007
G1 X64.188 Y42.946 E.02036
G1 X62.917 Y42.946 E.04226
G1 X62.295 Y42.891 E.02078
;WIDTH:0.436142
G1 F1525.856
G1 X61.27 Y42.757 E.03379
; stop printing object fidget-finger-massager-2000-rods-rod-09.stl id:0 copy 0
; printing object fidget-finger-massager-2000-rods-rod-06.stl id:0 copy 0
M204 S10000
G1 E-.8 F1800
G1 X58.245 Y44.105 Z8.2 F7200
G1 Z7.8
G1 E.8 F1800
M204 S500
;TYPE:Outer wall
;WIDTH:0.449999
G1 F1473.915
G1 X58.177 Y44.434 E.01135
G1 X58.089 Y44.978 E.01868
G1 X58.025 Y45.527 E.01868
G1 X57.984 Y46.112 E.01985
G1 X57.984 Y47.393 E.04337
G1 X58.026 Y47.951 E.01896
G1 X58.102 Y48.578 E.02135
G1 X58.248 Y49.363 E.02705
G1 X57.414 Y49.51 E.02868
G1 X57.215 Y48.346 E.03999
G1 X57.134 Y47.375 E.03297
G1 X57.134 Y46.094 E.04337
G1 X57.189 Y45.435 E.02239
G1 X57.258 Y44.84 E.02027
G1 X57.408 Y43.958 E.03029
G1 X58.205 Y44.098 E.0274
M204 S10000
G1 E-.8 F1800
G1 X57.757 Y49.023 Z8.2 F7200
G1 Z7.8
G1 E.8 F1800
M204 S1500
;TYPE:Inner wall
;WIDTH:0.444948
G1 F1492.433
G1 X57.638 Y48.292 E.02475
G1 X57.559 Y47.386 E.0304
;WIDTH:0.44292
G1 F1500
G1 X57.559 Y46.112 E.0424
G1 X57.606 Y45.496 E.02055
;WIDTH:0.43519
G1 F1529.559
G1 X57.671 Y44.929 E.01859
;WIDTH:0.438786
G1 F1515.664
G1 X57.746 Y44.447 E.01608
; stop printing object fidget-finger-massager-2000-rods-rod-06.stl id:0 copy 0
; printing object fidget-finger-massager-2000-rods-rod-08.stl id:0 copy 0
M204 S10000
G1 E-.8 F1800
G1 X54.642 Y44.105 Z8.2 F7200
G1 Z7.8
G1 E.8 F1800
M204 S500
;TYPE:Outer wall
;WIDTH:0.449999
G1 F1473.915
G1 X54.574 Y44.434 E.01135
G1 X54.486 Y44.978 E.01868
G1 X54.422 Y45.527 E.01868
G1 X54.381 Y46.112 E.01985
G1 X54.381 Y47.393 E.04337
G1 X54.423 Y47.951 E.01896
G1 X54.5 Y48.578 E.02135
G1 X54.646 Y49.363 E.02705
G1 X53.811 Y49.51 E.02868
G1 X53.612 Y48.346 E.03999
G1 X53.531 Y47.375 E.03297
G1 X53.531 Y46.094 E.04337
G1 X53.586 Y45.435 E.02239
G1 X53.656 Y44.84 E.02027
G1 X53.805 Y43.958 E.03029
G1 X54.603 Y44.098 E.0274
M204 S10000
G1 E-.8 F1800
G1 X54.155 Y49.023 Z8.2 F7200
G1 Z7.8
G1 E.8 F1800
M73 P47 R9
M204 S1500
;TYPE:Inner wall
;WIDTH:0.444948
G1 F1492.433
G1 X54.035 Y48.292 E.02475
G1 X53.956 Y47.386 E.0304
;WIDTH:0.44292
G1 F1500
G1 X53.956 Y46.112 E.0424
G1 X54.003 Y45.496 E.02055
;WIDTH:0.43519
G1 F1529.559
G1 X54.068 Y44.929 E.01859
;WIDTH:0.438786
G1 F1515.664
G1 X54.144 Y44.447 E.01608
; stop printing object fidget-finger-massager-2000-rods-rod-08.stl id:0 copy 0
;LAYER_CHANGE
;Z:8
;HEIGHT:0.2
G92 E0
;_SET_FAN_SPEED_CHANGING_LAYER
; printing object fidget-finger-massager-2000-rods-rod-07.stl id:0 copy 0
M204 S10000
G1 E-.8 F1800
G1 X54.628 Y52.064 Z8.4 F7200
G1 X54.642 Y52.287 Z8.4
G1 Z8
G1 E.8 F1800
M204 S500
;TYPE:Outer wall
;WIDTH:0.449999
G1 F1473.915
G1 X54.574 Y52.613 E.01129
G1 X54.486 Y53.159 E.0187
G1 X54.422 Y53.707 E.0187
G1 X54.381 Y54.293 E.01987
G1 X54.381 Y55.574 E.04337
G1 X54.423 Y56.134 E.01898
G1 X54.498 Y56.748 E.02097
G1 X54.646 Y57.545 E.02742
G1 X53.811 Y57.692 E.02868
G1 X53.612 Y56.523 E.04014
G1 X53.531 Y55.557 E.03282
G1 X53.531 Y54.275 E.04337
G1 X53.586 Y53.616 E.02241
G1 X53.656 Y53.02 E.0203
G1 X53.805 Y52.139 E.03024
G1 X54.602 Y52.28 E.0274
M204 S10000
G1 E-.8 F1800
G1 X54.155 Y57.204 Z8.4 F7200
G1 Z8
G1 E.8 F1800
M204 S1500
;TYPE:Inner wall
;WIDTH:0.444766
G1 F1493.109
G1 X54.035 Y56.469 E.02488
G1 X53.956 Y55.568 E.03024
;WIDTH:0.44292
G1 F1500
G1 X53.956 Y54.293 E.0424
G1 X54.003 Y53.677 E.02057
;WIDTH:0.435046
G1 F1530.12
G1 X54.068 Y53.11 E.01861
;WIDTH:0.438686
G1 F1516.047
G1 X54.144 Y52.628 E.01603
; stop printing object fidget-finger-massager-2000-rods-rod-07.stl id:0 copy 0
; printing object fidget-finger-massager-2000-rods-rod-04.stl id:0 copy 0
M204 S10000
G1 E-.8 F1800
G1 X58.245 Y52.287 Z8.4 F7200
G1 Z8
G1 E.8 F1800
M204 S500
;TYPE:Outer wall
;WIDTH:0.449999
G1 F1473.915
G1 X58.177 Y52.613 E.01129
G1 X58.089 Y53.159 E.0187
G1 X58.025 Y53.707 E.0187
G1 X57.984 Y54.293 E.01987
G1 X57.984 Y55.574 E.04337
G1 X58.026 Y56.134 E.01898
G1 X58.101 Y56.748 E.02097
G1 X58.248 Y57.545 E.02742
G1 X57.414 Y57.692 E.02868
G1 X57.215 Y56.523 E.04014
G1 X57.134 Y55.557 E.03282
G1 X57.134 Y54.275 E.04337
G1 X57.189 Y53.616 E.02241
G1 X57.259 Y53.02 E.0203
G1 X57.408 Y52.139 E.03024
G1 X58.205 Y52.28 E.0274
M204 S10000
G1 E-.8 F1800
G1 X57.758 Y57.204 Z8.4 F7200
G1 Z8
G1 E.8 F1800
M204 S1500
;TYPE:Inner wall
;WIDTH:0.444766
G1 F1493.109
G1 X57.638 Y56.469 E.02488
G1 X57.559 Y55.568 E.03024
;WIDTH:0.44292
G1 F1500
G1 X57.559 Y54.293 E.0424
G1 X57.606 Y53.677 E.02057
;WIDTH:0.435046
G1 F1530.12
G1 X57.671 Y53.11 E.01861
;WIDTH:0.438686
G1 F1516.047
G1 X57.746 Y52.628 E.01603
; stop printing object fidget-finger-massager-2000-rods-rod-04.stl id:0 copy 0
; printing object fidget-finger-massager-2000-rods-rod-01.stl id:0 copy 0
M204 S10000
G1 E-.8 F1800
G1 X64.637 Y55.911 Z8.4 F7200
G1 X66.232 Y56.671 Z8.4
G1 Z8
G1 E.8 F1800
M204 S500
;TYPE:Outer wall
;WIDTH:0.449999
G1 F1473.915
G1 X66.379 Y57.502 E.02855
G1 X65.21 Y57.702 E.04014
G1 X64.243 Y57.782 E.03282
G1 X62.963 Y57.782 E.04333
G1 X61.511 Y57.635 E.04941
G1 X60.83 Y57.506 E.02347
G1 X60.976 Y56.672 E.02864
G1 X61.632 Y56.785 E.02252
G1 X62.394 Y56.891 E.02604
G1 X62.985 Y56.932 E.02005
G1 X64.261 Y56.932 E.0432
G1 X64.819 Y56.891 E.01895
G1 X65.368 Y56.826 E.0187
G1 X66.193 Y56.679 E.02836
M204 S10000
G1 X65.896 Y57.162 F7200
M204 S1500
;TYPE:Inner wall
;WIDTH:0.430272
G1 F1548.979
G1 X65.409 Y57.243 E.0159
;WIDTH:0.433396
G1 F1536.586
G1 X64.842 Y57.31 E.01853
;WIDTH:0.442916
G1 F1500.015
G1 X64.226 Y57.357 E.02057
G1 X62.961 Y57.357 E.04208
G1 X62.325 Y57.301 E.02122
;WIDTH:0.437944
G1 F1518.895
G1 X61.318 Y57.168 E.03335
; stop printing object fidget-finger-massager-2000-rods-rod-01.stl id:0 copy 0
; printing object fidget-finger-massager-2000-rods-rod-02.stl id:0 copy 0
M204 S10000
G1 E-.8 F1800
G1 X66.232 Y53.069 Z8.4 F7200
G1 Z8
G1 E.8 F1800
M204 S500
;TYPE:Outer wall
;WIDTH:0.449999
G1 F1473.915
G1 X66.379 Y53.899 E.02855
G1 X65.21 Y54.099 E.04014
G1 X64.243 Y54.179 E.03282
G1 X62.963 Y54.179 E.04333
G1 X61.511 Y54.032 E.04941
G1 X60.83 Y53.903 E.02347
G1 X60.976 Y53.069 E.02864
G1 X61.632 Y53.183 E.02252
G1 X62.394 Y53.289 E.02604
G1 X62.985 Y53.329 E.02005
G1 X64.261 Y53.329 E.0432
G1 X64.819 Y53.288 E.01895
G1 X65.368 Y53.223 E.0187
G1 X66.193 Y53.076 E.02836
M204 S10000
G1 X65.896 Y53.559 F7200
M204 S1500
;TYPE:Inner wall
;WIDTH:0.430272
G1 F1548.979
G1 X65.409 Y53.64 E.0159
;WIDTH:0.433396
G1 F1536.586
G1 X64.842 Y53.708 E.01853
;WIDTH:0.442916
G1 F1500.015
G1 X64.226 Y53.754 E.02057
G1 X62.961 Y53.754 E.04208
G1 X62.325 Y53.698 E.02122
;WIDTH:0.437944
G1 F1518.895
G1 X61.318 Y53.565 E.03335
; stop printing object fidget-finger-massager-2000-rods-rod-02.stl id:0 copy 0
; printing object fidget-finger-massager-2000-rods-rod-03.stl id:0 copy 0
M204 S10000
G1 E-.8 F1800
G1 X66.232 Y49.466 Z8.4 F7200
G1 Z8
G1 E.8 F1800
M204 S500
;TYPE:Outer wall
;WIDTH:0.449999
G1 F1473.915
G1 X66.379 Y50.297 E.02855
G1 X65.21 Y50.496 E.04014
G1 X64.243 Y50.576 E.03282
G1 X62.963 Y50.576 E.04333
G1 X61.511 Y50.429 E.04941
G1 X60.83 Y50.3 E.02347
G1 X60.976 Y49.467 E.02864
G1 X61.632 Y49.58 E.02252
G1 X62.394 Y49.686 E.02604
G1 X62.985 Y49.726 E.02005
G1 X64.261 Y49.726 E.0432
G1 X64.819 Y49.685 E.01895
G1 X65.368 Y49.62 E.0187
G1 X66.193 Y49.473 E.02836
M204 S10000
G1 X65.896 Y49.957 F7200
M204 S1500
;TYPE:Inner wall
;WIDTH:0.430272
G1 F1548.979
G1 X65.409 Y50.037 E.0159
;WIDTH:0.433396
G1 F1536.586
G1 X64.842 Y50.105 E.01853
;WIDTH:0.442916
G1 F1500.015
G1 X64.226 Y50.151 E.02057
G1 X62.961 Y50.151 E.04208
G1 X62.325 Y50.095 E.02122
;WIDTH:0.437944
G1 F1518.895
G1 X61.318 Y49.963 E.03335
; stop printing object fidget-finger-massager-2000-rods-rod-03.stl id:0 copy 0
; printing object fidget-finger-massager-2000-rods-rod-05.stl id:0 copy 0
M204 S10000
G1 E-.8 F1800
G1 X66.232 Y45.863 Z8.4 F7200
G1 Z8
G1 E.8 F1800
M204 S500
;TYPE:Outer wall
;WIDTH:0.449999
G1 F1473.915
G1 X66.379 Y46.694 E.02855
G1 X65.21 Y46.893 E.04014
G1 X64.243 Y46.974 E.03282
G1 X62.963 Y46.974 E.04333
G1 X61.511 Y46.826 E.04941
G1 X60.83 Y46.697 E.02347
G1 X60.976 Y45.864 E.02864
G1 X61.632 Y45.977 E.02252
G1 X62.394 Y46.083 E.02604
G1 X62.985 Y46.124 E.02005
G1 X64.261 Y46.124 E.0432
G1 X64.819 Y46.082 E.01895
G1 X65.368 Y46.018 E.0187
G1 X66.193 Y45.87 E.02836
M204 S10000
G1 X65.896 Y46.354 F7200
M204 S1500
;TYPE:Inner wall
;WIDTH:0.430272
G1 F1548.979
G1 X65.409 Y46.434 E.0159
;WIDTH:0.433396
G1 F1536.586
G1 X64.842 Y46.502 E.01853
;WIDTH:0.442916
G1 F1500.015
G1 X64.226 Y46.549 E.02057
G1 X62.961 Y46.549 E.04208
G1 X62.325 Y46.492 E.02122
;WIDTH:0.437944
G1 F1518.895
G1 X61.318 Y46.36 E.03335
; stop printing object fidget-finger-massager-2000-rods-rod-05.stl id:0 copy 0
; printing object fidget-finger-massager-2000-rods-rod-09.stl id:0 copy 0
M204 S10000
G1 E-.8 F1800
G1 X66.188 Y42.26 Z8.4 F7200
G1 Z8
G1 E.8 F1800
M204 S500
;TYPE:Outer wall
;WIDTH:0.449999
G1 F1473.915
G1 X66.335 Y43.091 E.02855
G1 X65.166 Y43.29 E.04014
G1 X64.2 Y43.371 E.03282
G1 X62.919 Y43.371 E.04333
G1 X61.467 Y43.224 E.04941
G1 X60.786 Y43.094 E.02347
G1 X60.932 Y42.261 E.02864
G1 X61.588 Y42.374 E.02252
G1 X62.35 Y42.48 E.02604
G1 X62.941 Y42.521 E.02005
G1 X64.217 Y42.521 E.0432
G1 X64.775 Y42.479 E.01895
G1 X65.324 Y42.415 E.0187
G1 X66.149 Y42.267 E.02836
M204 S10000
G1 X65.852 Y42.751 F7200
M204 S1500
;TYPE:Inner wall
;WIDTH:0.430272
G1 F1548.979
G1 X65.365 Y42.832 E.0159
;WIDTH:0.433396
G1 F1536.586
G1 X64.798 Y42.899 E.01853
;WIDTH:0.442916
G1 F1500.015
G1 X64.182 Y42.946 E.02057
G1 X62.917 Y42.946 E.04208
G1 X62.281 Y42.89 E.02122
;WIDTH:0.437944
G1 F1518.895
G1 X61.274 Y42.757 E.03335
; stop printing object fidget-finger-massager-2000-rods-rod-09.stl id:0 copy 0
; printing object fidget-finger-massager-2000-rods-rod-06.stl id:0 copy 0
M204 S10000
G1 E-.8 F1800
G1 X58.245 Y44.105 Z8.4 F7200
G1 Z8
G1 E.8 F1800
M204 S500
;TYPE:Outer wall
;WIDTH:0.449999
G1 F1473.915
G1 X58.177 Y44.432 E.01129
G1 X58.089 Y44.977 E.0187
G1 X58.025 Y45.526 E.0187
G1 X57.984 Y46.112 E.01987
G1 X57.984 Y47.393 E.04337
G1 X58.026 Y47.952 E.01898
G1 X58.101 Y48.567 E.02097
G1 X58.248 Y49.363 E.02742
G1 X57.414 Y49.51 E.02868
G1 X57.215 Y48.341 E.04014
G1 X57.134 Y47.375 E.03282
G1 X57.134 Y46.094 E.04337
G1 X57.189 Y45.434 E.02241
G1 X57.259 Y44.839 E.0203
G1 X57.408 Y43.958 E.03024
G1 X58.205 Y44.098 E.0274
M204 S10000
G1 E-.8 F1800
G1 X57.758 Y49.023 Z8.4 F7200
G1 Z8
G1 E.8 F1800
M204 S1500
;TYPE:Inner wall
;WIDTH:0.444766
G1 F1493.109
G1 X57.638 Y48.288 E.02488
G1 X57.559 Y47.386 E.03024
;WIDTH:0.44292
G1 F1500
G1 X57.559 Y46.112 E.0424
G1 X57.606 Y45.495 E.02057
;WIDTH:0.435046
G1 F1530.12
G1 X57.671 Y44.928 E.01861
;WIDTH:0.438686
G1 F1516.047
G1 X57.746 Y44.447 E.01603
; stop printing object fidget-finger-massager-2000-rods-rod-06.stl id:0 copy 0
; printing object fidget-finger-massager-2000-rods-rod-08.stl id:0 copy 0
M204 S10000
G1 E-.8 F1800
G1 X54.642 Y44.105 Z8.4 F7200
G1 Z8
G1 E.8 F1800
M204 S500
;TYPE:Outer wall
;WIDTH:0.449999
G1 F1473.915
G1 X54.574 Y44.432 E.01129
G1 X54.486 Y44.977 E.0187
G1 X54.422 Y45.526 E.0187
G1 X54.381 Y46.112 E.01987
G1 X54.381 Y47.393 E.04337
G1 X54.423 Y47.952 E.01898
G1 X54.498 Y48.567 E.02097
G1 X54.646 Y49.363 E.02742
G1 X53.811 Y49.51 E.02868
G1 X53.612 Y48.341 E.04014
G1 X53.531 Y47.375 E.03282
M73 P48 R9
G1 X53.531 Y46.094 E.04337
G1 X53.586 Y45.434 E.02241
G1 X53.656 Y44.839 E.0203
G1 X53.805 Y43.958 E.03024
G1 X54.602 Y44.098 E.0274
M204 S10000
G1 E-.8 F1800
G1 X54.155 Y49.023 Z8.4 F7200
G1 Z8
G1 E.8 F1800
M204 S1500
;TYPE:Inner wall
;WIDTH:0.444766
G1 F1493.109
G1 X54.035 Y48.288 E.02488
G1 X53.956 Y47.386 E.03024
;WIDTH:0.44292
G1 F1500
G1 X53.956 Y46.112 E.0424
G1 X54.003 Y45.495 E.02057
;WIDTH:0.435046
G1 F1530.12
G1 X54.068 Y44.928 E.01861
;WIDTH:0.438686
G1 F1516.047
G1 X54.144 Y44.447 E.01603
; stop printing object fidget-finger-massager-2000-rods-rod-08.stl id:0 copy 0
M106 S240
;LAYER_CHANGE
;Z:8.2
;HEIGHT:0.2
G92 E0
;_SET_FAN_SPEED_CHANGING_LAYER
; printing object fidget-finger-massager-2000-rods-rod-07.stl id:0 copy 0
M204 S10000
G1 E-.8 F1800
G1 X54.628 Y52.064 Z8.6 F7200
G1 X54.642 Y52.287 Z8.6
G1 Z8.2
G1 E.8 F1800
M204 S500
;TYPE:Outer wall
;WIDTH:0.449999
G1 F1473.915
G1 X54.575 Y52.612 E.01123
G1 X54.487 Y53.158 E.01872
G1 X54.422 Y53.707 E.01872
G1 X54.381 Y54.293 E.01989
G1 X54.381 Y55.574 E.04337
G1 X54.423 Y56.134 E.01899
G1 X54.496 Y56.738 E.02058
G1 X54.646 Y57.545 E.02778
G1 X53.811 Y57.692 E.02868
G1 X53.611 Y56.519 E.04029
G1 X53.531 Y55.557 E.03267
G1 X53.531 Y54.275 E.04337
G1 X53.586 Y53.615 E.02243
G1 X53.656 Y53.019 E.02032
G1 X53.805 Y52.139 E.0302
G1 X54.602 Y52.28 E.0274
M204 S10000
G1 E-.8 F1800
G1 X54.155 Y57.204 Z8.6 F7200
G1 Z8.2
G1 E.8 F1800
M204 S1500
;TYPE:Inner wall
;WIDTH:0.444576
G1 F1493.815
G1 X54.034 Y56.465 E.02501
G1 X53.956 Y55.568 E.03009
;WIDTH:0.44292
G1 F1500
G1 X53.956 Y54.293 E.0424
G1 X54.003 Y53.676 E.02058
;WIDTH:0.4349
G1 F1530.69
G1 X54.068 Y53.108 E.01862
;WIDTH:0.43858
G1 F1516.453
G1 X54.144 Y52.628 E.01599
; stop printing object fidget-finger-massager-2000-rods-rod-07.stl id:0 copy 0
; printing object fidget-finger-massager-2000-rods-rod-04.stl id:0 copy 0
M204 S10000
G1 E-.8 F1800
G1 X58.245 Y52.287 Z8.6 F7200
G1 Z8.2
G1 E.8 F1800
M204 S500
;TYPE:Outer wall
;WIDTH:0.449999
G1 F1473.915
G1 X58.178 Y52.612 E.01123
G1 X58.089 Y53.158 E.01872
G1 X58.025 Y53.707 E.01872
G1 X57.984 Y54.293 E.01989
G1 X57.984 Y55.574 E.04337
G1 X58.026 Y56.134 E.01899
G1 X58.099 Y56.738 E.02058
G1 X58.249 Y57.545 E.02778
G1 X57.414 Y57.692 E.02868
G1 X57.214 Y56.519 E.04029
G1 X57.134 Y55.557 E.03267
G1 X57.134 Y54.275 E.04337
G1 X57.189 Y53.615 E.02243
G1 X57.259 Y53.019 E.02032
G1 X57.408 Y52.139 E.0302
G1 X58.205 Y52.28 E.0274
M204 S10000
G1 E-.8 F1800
G1 X57.758 Y57.204 Z8.6 F7200
G1 Z8.2
G1 E.8 F1800
M204 S1500
;TYPE:Inner wall
;WIDTH:0.444576
G1 F1493.815
G1 X57.637 Y56.465 E.02501
G1 X57.559 Y55.568 E.03009
;WIDTH:0.44292
G1 F1500
G1 X57.559 Y54.293 E.0424
G1 X57.606 Y53.676 E.02058
;WIDTH:0.4349
G1 F1530.69
G1 X57.671 Y53.108 E.01862
;WIDTH:0.43858
G1 F1516.453
G1 X57.746 Y52.628 E.01599
; stop printing object fidget-finger-massager-2000-rods-rod-04.stl id:0 copy 0
; printing object fidget-finger-massager-2000-rods-rod-01.stl id:0 copy 0
M204 S10000
G1 E-.8 F1800
G1 X64.638 Y55.909 Z8.6 F7200
G1 X66.231 Y56.668 Z8.6
G1 Z8.2
G1 E.8 F1800
M204 S500
;TYPE:Outer wall
;WIDTH:0.449999
G1 F1473.915
G1 X66.379 Y57.505 E.02877
G1 X65.686 Y57.636 E.02386
G1 X64.893 Y57.731 E.02704
G1 X64.245 Y57.782 E.02199
G1 X62.963 Y57.782 E.0434
G1 X61.518 Y57.636 E.04919
G1 X60.826 Y57.505 E.02381
G1 X60.973 Y56.672 E.02864
G1 X61.844 Y56.827 E.02994
G1 X62.393 Y56.891 E.01872
G1 X62.985 Y56.932 E.02006
G1 X64.261 Y56.932 E.0432
G1 X64.821 Y56.89 E.01899
G1 X65.427 Y56.817 E.02067
G1 X66.192 Y56.675 E.02634
M204 S10000
G1 E-.8 F1800
G1 X61.314 Y57.168 Z8.6 F7200
G1 Z8.2
G1 E.8 F1800
M204 S1500
;TYPE:Inner wall
;WIDTH:0.435962
G1 F1526.554
G1 X62.337 Y57.302 E.03373
;WIDTH:0.442918
G1 F1500.007
G1 X62.961 Y57.357 E.02082
G1 X64.232 Y57.357 E.04227
G1 X64.843 Y57.312 E.0204
;WIDTH:0.437008
G1 F1522.502
G1 X65.466 Y57.237 E.02057
;WIDTH:0.444758
G1 F1493.139
G1 X65.887 Y57.165 E.01425
; stop printing object fidget-finger-massager-2000-rods-rod-01.stl id:0 copy 0
; printing object fidget-finger-massager-2000-rods-rod-02.stl id:0 copy 0
M204 S10000
G1 E-.8 F1800
G1 X66.231 Y53.065 Z8.6 F7200
G1 Z8.2
G1 E.8 F1800
M204 S500
;TYPE:Outer wall
;WIDTH:0.449999
G1 F1473.915
G1 X66.379 Y53.902 E.02877
G1 X65.686 Y54.033 E.02386
G1 X64.893 Y54.128 E.02704
G1 X64.245 Y54.179 E.02199
G1 X62.963 Y54.179 E.0434
G1 X61.518 Y54.033 E.04919
G1 X60.826 Y53.902 E.02381
G1 X60.973 Y53.069 E.02864
G1 X61.844 Y53.224 E.02994
G1 X62.393 Y53.288 E.01872
G1 X62.985 Y53.329 E.02006
G1 X64.261 Y53.329 E.0432
G1 X64.821 Y53.288 E.01899
G1 X65.427 Y53.214 E.02067
G1 X66.192 Y53.072 E.02634
M204 S10000
G1 E-.8 F1800
G1 X61.314 Y53.565 Z8.6 F7200
G1 Z8.2
G1 E.8 F1800
M204 S1500
;TYPE:Inner wall
;WIDTH:0.435962
G1 F1526.554
G1 X62.337 Y53.699 E.03373
;WIDTH:0.442918
G1 F1500.007
G1 X62.961 Y53.754 E.02082
G1 X64.232 Y53.754 E.04227
G1 X64.843 Y53.709 E.0204
;WIDTH:0.437008
G1 F1522.502
G1 X65.466 Y53.635 E.02057
;WIDTH:0.444758
G1 F1493.139
G1 X65.887 Y53.562 E.01425
; stop printing object fidget-finger-massager-2000-rods-rod-02.stl id:0 copy 0
; printing object fidget-finger-massager-2000-rods-rod-03.stl id:0 copy 0
M204 S10000
G1 E-.8 F1800
G1 X66.231 Y49.462 Z8.6 F7200
G1 Z8.2
G1 E.8 F1800
M204 S500
;TYPE:Outer wall
;WIDTH:0.449999
G1 F1473.915
G1 X66.379 Y50.299 E.02877
G1 X65.686 Y50.431 E.02386
G1 X64.893 Y50.525 E.02704
G1 X64.245 Y50.576 E.02199
G1 X62.963 Y50.576 E.0434
G1 X61.518 Y50.43 E.04919
G1 X60.826 Y50.299 E.02381
G1 X60.973 Y49.466 E.02864
G1 X61.844 Y49.621 E.02994
G1 X62.393 Y49.686 E.01872
G1 X62.985 Y49.726 E.02006
G1 X64.261 Y49.726 E.0432
G1 X64.821 Y49.685 E.01899
G1 X65.427 Y49.611 E.02067
G1 X66.192 Y49.469 E.02634
M204 S10000
G1 E-.8 F1800
G1 X61.314 Y49.963 Z8.6 F7200
G1 Z8.2
G1 E.8 F1800
M204 S1500
;TYPE:Inner wall
;WIDTH:0.435962
G1 F1526.554
G1 X62.337 Y50.097 E.03373
;WIDTH:0.442918
G1 F1500.007
G1 X62.961 Y50.151 E.02082
G1 X64.232 Y50.151 E.04227
G1 X64.843 Y50.106 E.0204
;WIDTH:0.437008
G1 F1522.502
G1 X65.466 Y50.032 E.02057
;WIDTH:0.444758
G1 F1493.139
G1 X65.887 Y49.959 E.01425
; stop printing object fidget-finger-massager-2000-rods-rod-03.stl id:0 copy 0
; printing object fidget-finger-massager-2000-rods-rod-05.stl id:0 copy 0
M204 S10000
G1 E-.8 F1800
G1 X66.231 Y45.859 Z8.6 F7200
G1 Z8.2
M73 P48 R8
G1 E.8 F1800
M204 S500
;TYPE:Outer wall
;WIDTH:0.449999
G1 F1473.915
G1 X66.379 Y46.696 E.02877
G1 X65.686 Y46.828 E.02386
G1 X64.893 Y46.922 E.02704
G1 X64.245 Y46.974 E.02199
G1 X62.963 Y46.974 E.0434
G1 X61.518 Y46.828 E.04919
G1 X60.826 Y46.696 E.02381
G1 X60.973 Y45.863 E.02864
G1 X61.844 Y46.019 E.02994
G1 X62.393 Y46.083 E.01872
G1 X62.985 Y46.124 E.02006
G1 X64.261 Y46.124 E.0432
G1 X64.821 Y46.082 E.01899
G1 X65.427 Y46.008 E.02067
G1 X66.192 Y45.867 E.02634
M204 S10000
G1 E-.8 F1800
G1 X61.314 Y46.36 Z8.6 F7200
G1 Z8.2
G1 E.8 F1800
M204 S1500
;TYPE:Inner wall
;WIDTH:0.435962
G1 F1526.554
G1 X62.337 Y46.494 E.03373
;WIDTH:0.442918
G1 F1500.007
G1 X62.961 Y46.549 E.02082
G1 X64.232 Y46.549 E.04227
G1 X64.843 Y46.504 E.0204
;WIDTH:0.437008
G1 F1522.502
G1 X65.466 Y46.429 E.02057
;WIDTH:0.444758
G1 F1493.139
G1 X65.887 Y46.356 E.01425
; stop printing object fidget-finger-massager-2000-rods-rod-05.stl id:0 copy 0
; printing object fidget-finger-massager-2000-rods-rod-09.stl id:0 copy 0
M204 S10000
G1 E-.8 F1800
G1 X66.188 Y42.257 Z8.6 F7200
G1 Z8.2
G1 E.8 F1800
M204 S500
;TYPE:Outer wall
;WIDTH:0.449999
G1 F1473.915
G1 X66.335 Y43.094 E.02877
G1 X65.642 Y43.225 E.02386
G1 X64.849 Y43.32 E.02704
G1 X64.202 Y43.371 E.02199
G1 X62.919 Y43.371 E.0434
G1 X61.474 Y43.225 E.04919
G1 X60.783 Y43.094 E.02381
G1 X60.929 Y42.26 E.02864
G1 X61.8 Y42.416 E.02994
G1 X62.35 Y42.48 E.01872
G1 X62.941 Y42.521 E.02006
G1 X64.217 Y42.521 E.0432
G1 X64.777 Y42.479 E.01899
G1 X65.383 Y42.406 E.02067
G1 X66.148 Y42.264 E.02634
M204 S10000
G1 E-.8 F1800
G1 X61.27 Y42.757 Z8.6 F7200
G1 Z8.2
G1 E.8 F1800
M204 S1500
;TYPE:Inner wall
;WIDTH:0.435962
G1 F1526.554
G1 X62.293 Y42.891 E.03373
;WIDTH:0.442918
G1 F1500.007
G1 X62.917 Y42.946 E.02082
G1 X64.188 Y42.946 E.04227
G1 X64.799 Y42.901 E.0204
;WIDTH:0.437008
G1 F1522.502
G1 X65.423 Y42.826 E.02057
;WIDTH:0.444758
G1 F1493.139
G1 X65.843 Y42.754 E.01425
; stop printing object fidget-finger-massager-2000-rods-rod-09.stl id:0 copy 0
; printing object fidget-finger-massager-2000-rods-rod-06.stl id:0 copy 0
M204 S10000
G1 E-.8 F1800
G1 X58.328 Y44.09 Z8.6 F7200
G1 X58.245 Y44.105 Z8.6
M73 P49 R8
G1 Z8.2
G1 E.8 F1800
M204 S500
;TYPE:Outer wall
;WIDTH:0.449999
G1 F1473.915
G1 X58.178 Y44.43 E.01123
G1 X58.089 Y44.976 E.01872
G1 X58.025 Y45.525 E.01872
G1 X57.984 Y46.112 E.01989
G1 X57.984 Y47.393 E.04337
G1 X58.026 Y47.953 E.01899
G1 X58.099 Y48.556 E.02058
G1 X58.249 Y49.363 E.02778
G1 X57.414 Y49.51 E.02868
G1 X57.214 Y48.337 E.04029
G1 X57.134 Y47.375 E.03267
G1 X57.134 Y46.094 E.04337
G1 X57.189 Y45.434 E.02243
G1 X57.259 Y44.837 E.02032
G1 X57.408 Y43.958 E.0302
G1 X58.205 Y44.098 E.0274
M204 S10000
G1 E-.8 F1800
G1 X57.758 Y49.023 Z8.6 F7200
G1 Z8.2
G1 E.8 F1800
M204 S1500
;TYPE:Inner wall
;WIDTH:0.444576
G1 F1493.815
G1 X57.637 Y48.284 E.02501
G1 X57.559 Y47.386 E.03009
;WIDTH:0.44292
G1 F1500
G1 X57.559 Y46.112 E.0424
G1 X57.606 Y45.494 E.02058
;WIDTH:0.4349
G1 F1530.69
G1 X57.671 Y44.927 E.01862
;WIDTH:0.43858
G1 F1516.453
G1 X57.746 Y44.447 E.01599
; stop printing object fidget-finger-massager-2000-rods-rod-06.stl id:0 copy 0
; printing object fidget-finger-massager-2000-rods-rod-08.stl id:0 copy 0
M204 S10000
G1 E-.8 F1800
G1 X54.642 Y44.105 Z8.6 F7200
G1 Z8.2
G1 E.8 F1800
M204 S500
;TYPE:Outer wall
;WIDTH:0.449999
G1 F1473.915
G1 X54.575 Y44.43 E.01123
G1 X54.487 Y44.976 E.01872
G1 X54.422 Y45.525 E.01872
G1 X54.381 Y46.112 E.01989
G1 X54.381 Y47.393 E.04337
G1 X54.423 Y47.953 E.01899
G1 X54.496 Y48.556 E.02058
G1 X54.646 Y49.363 E.02778
G1 X53.811 Y49.51 E.02868
G1 X53.611 Y48.337 E.04029
G1 X53.531 Y47.375 E.03267
G1 X53.531 Y46.094 E.04337
G1 X53.586 Y45.434 E.02243
G1 X53.656 Y44.837 E.02032
G1 X53.805 Y43.958 E.0302
G1 X54.602 Y44.098 E.0274
M204 S10000
G1 E-.8 F1800
G1 X54.155 Y49.023 Z8.6 F7200
G1 Z8.2
G1 E.8 F1800
M204 S1500
;TYPE:Inner wall
;WIDTH:0.444576
G1 F1493.815
G1 X54.034 Y48.284 E.02501
G1 X53.956 Y47.386 E.03009
;WIDTH:0.44292
G1 F1500
G1 X53.956 Y46.112 E.0424
G1 X54.003 Y45.494 E.02058
;WIDTH:0.4349
G1 F1530.69
G1 X54.068 Y44.927 E.01862
;WIDTH:0.43858
G1 F1516.453
G1 X54.144 Y44.447 E.01599
; stop printing object fidget-finger-massager-2000-rods-rod-08.stl id:0 copy 0
M106 S242
;LAYER_CHANGE
;Z:8.4
;HEIGHT:0.2
G92 E0
;_SET_FAN_SPEED_CHANGING_LAYER
; printing object fidget-finger-massager-2000-rods-rod-07.stl id:0 copy 0
M204 S10000
G1 E-.8 F1800
G1 X54.628 Y52.064 Z8.8 F7200
G1 X54.642 Y52.287 Z8.8
G1 Z8.4
G1 E.8 F1800
M204 S500
;TYPE:Outer wall
;WIDTH:0.449999
G1 F1473.915
G1 X54.487 Y53.156 E.0299
G1 X54.422 Y53.706 E.01874
G1 X54.381 Y54.293 E.01991
G1 X54.381 Y55.574 E.04338
G1 X54.423 Y56.135 E.01901
G1 X54.494 Y56.726 E.02015
G1 X54.642 Y57.546 E.0282
G1 X53.811 Y57.692 E.02855
G1 X53.611 Y56.514 E.04043
G1 X53.531 Y55.557 E.03253
G1 X53.531 Y54.275 E.04337
G1 X53.586 Y53.614 E.02245
G1 X53.657 Y53.018 E.02035
G1 X53.805 Y52.139 E.03015
G1 X54.602 Y52.28 E.0274
M204 S10000
G1 E-.8 F1800
G1 X54.151 Y57.209 Z8.8 F7200
G1 Z8.4
G1 E.8 F1800
M204 S1500
;TYPE:Inner wall
;WIDTH:0.429246
G1 F1553.092
G1 X54.078 Y56.768 E.01437
;WIDTH:0.433642
G1 F1535.619
G1 X54.003 Y56.157 E.02
;WIDTH:0.44292
G1 F1500
G1 X53.956 Y55.539 E.02061
G1 X53.956 Y54.265 E.04239
;WIDTH:0.4438
G1 F1496.707
G1 X54.034 Y53.366 E.03007
G1 X54.144 Y52.628 E.02487
; stop printing object fidget-finger-massager-2000-rods-rod-07.stl id:0 copy 0
; printing object fidget-finger-massager-2000-rods-rod-04.stl id:0 copy 0
M204 S10000
G1 E-.8 F1800
G1 X58.245 Y52.287 Z8.8 F7200
G1 Z8.4
G1 E.8 F1800
M204 S500
;TYPE:Outer wall
;WIDTH:0.449999
G1 F1473.915
G1 X58.089 Y53.156 E.0299
G1 X58.025 Y53.706 E.01874
G1 X57.984 Y54.293 E.01991
G1 X57.984 Y55.574 E.04338
G1 X58.026 Y56.135 E.01901
G1 X58.097 Y56.726 E.02015
G1 X58.245 Y57.546 E.0282
G1 X57.414 Y57.692 E.02855
G1 X57.214 Y56.514 E.04043
G1 X57.134 Y55.557 E.03253
G1 X57.134 Y54.275 E.04337
G1 X57.189 Y53.614 E.02245
G1 X57.259 Y53.018 E.02035
G1 X57.408 Y52.139 E.03015
G1 X58.205 Y52.28 E.0274
M204 S10000
G1 E-.8 F1800
G1 X57.754 Y57.209 Z8.8 F7200
G1 Z8.4
G1 E.8 F1800
M204 S1500
;TYPE:Inner wall
;WIDTH:0.429246
G1 F1553.092
G1 X57.681 Y56.768 E.01437
;WIDTH:0.433642
G1 F1535.619
G1 X57.606 Y56.157 E.02
;WIDTH:0.44292
G1 F1500
G1 X57.559 Y55.539 E.02061
G1 X57.559 Y54.265 E.04239
;WIDTH:0.4438
G1 F1496.707
G1 X57.636 Y53.366 E.03007
G1 X57.747 Y52.628 E.02487
; stop printing object fidget-finger-massager-2000-rods-rod-04.stl id:0 copy 0
; printing object fidget-finger-massager-2000-rods-rod-01.stl id:0 copy 0
M204 S10000
G1 E-.8 F1800
G1 X64.637 Y55.911 Z8.8 F7200
G1 X66.232 Y56.672 Z8.8
G1 Z8.4
G1 E.8 F1800
M204 S500
;TYPE:Outer wall
;WIDTH:0.449999
G1 F1473.915
G1 X66.379 Y57.505 E.02864
G1 X65.68 Y57.637 E.02408
G1 X64.894 Y57.731 E.02681
G1 X64.245 Y57.782 E.02201
G1 X62.963 Y57.782 E.0434
G1 X61.524 Y57.637 E.04897
G1 X60.826 Y57.505 E.02403
G1 X60.973 Y56.672 E.02864
G1 X61.843 Y56.827 E.0299
G1 X62.393 Y56.891 E.01874
G1 X62.985 Y56.932 E.02008
G1 X64.261 Y56.932 E.0432
G1 X64.821 Y56.89 E.01901
G1 X65.547 Y56.797 E.02478
G1 X66.193 Y56.679 E.02222
M204 S10000
G1 X65.892 Y57.168 F7200
M204 S1500
;TYPE:Inner wall
;WIDTH:0.436802
G1 F1523.299
G1 X65.455 Y57.239 E.01448
G1 X64.844 Y57.312 E.02017
;WIDTH:0.442918
G1 F1500.007
G1 X64.232 Y57.357 E.02042
G1 X62.961 Y57.357 E.04227
G1 X62.337 Y57.302 E.02084
;WIDTH:0.435876
G1 F1526.888
G1 X61.314 Y57.168 E.0337
; stop printing object fidget-finger-massager-2000-rods-rod-01.stl id:0 copy 0
; printing object fidget-finger-massager-2000-rods-rod-02.stl id:0 copy 0
M204 S10000
G1 E-.8 F1800
G1 X66.232 Y53.069 Z8.8 F7200
G1 Z8.4
G1 E.8 F1800
M204 S500
;TYPE:Outer wall
;WIDTH:0.449999
G1 F1473.915
G1 X66.379 Y53.902 E.02864
G1 X65.68 Y54.034 E.02408
G1 X64.894 Y54.128 E.02681
G1 X64.245 Y54.179 E.02201
G1 X62.963 Y54.179 E.0434
G1 X61.524 Y54.034 E.04897
G1 X60.826 Y53.902 E.02403
G1 X60.973 Y53.069 E.02864
G1 X61.843 Y53.224 E.0299
G1 X62.393 Y53.288 E.01874
G1 X62.985 Y53.329 E.02008
G1 X64.261 Y53.329 E.0432
G1 X64.821 Y53.288 E.01901
G1 X65.547 Y53.194 E.02478
G1 X66.193 Y53.076 E.02222
M204 S10000
G1 X65.892 Y53.565 F7200
M204 S1500
;TYPE:Inner wall
;WIDTH:0.436802
G1 F1523.299
G1 X65.455 Y53.636 E.01448
G1 X64.844 Y53.709 E.02017
;WIDTH:0.442918
G1 F1500.007
G1 X64.232 Y53.754 E.02042
G1 X62.961 Y53.754 E.04227
G1 X62.337 Y53.699 E.02084
;WIDTH:0.435876
G1 F1526.888
G1 X61.314 Y53.565 E.0337
; stop printing object fidget-finger-massager-2000-rods-rod-02.stl id:0 copy 0
; printing object fidget-finger-massager-2000-rods-rod-03.stl id:0 copy 0
M204 S10000
G1 E-.8 F1800
G1 X66.232 Y49.466 Z8.8 F7200
G1 Z8.4
G1 E.8 F1800
M204 S500
;TYPE:Outer wall
;WIDTH:0.449999
G1 F1473.915
G1 X66.379 Y50.299 E.02864
G1 X65.68 Y50.432 E.02408
G1 X64.894 Y50.525 E.02681
G1 X64.245 Y50.576 E.02201
G1 X62.963 Y50.576 E.0434
G1 X61.524 Y50.431 E.04897
G1 X60.826 Y50.299 E.02403
G1 X60.973 Y49.466 E.02864
G1 X61.843 Y49.621 E.0299
G1 X62.393 Y49.686 E.01874
G1 X62.985 Y49.726 E.02008
G1 X64.261 Y49.726 E.0432
G1 X64.821 Y49.685 E.01901
G1 X65.547 Y49.592 E.02478
G1 X66.193 Y49.473 E.02222
M204 S10000
G1 X65.892 Y49.963 F7200
M204 S1500
;TYPE:Inner wall
;WIDTH:0.436802
G1 F1523.299
G1 X65.455 Y50.033 E.01448
G1 X64.844 Y50.106 E.02017
;WIDTH:0.442918
G1 F1500.007
G1 X64.232 Y50.151 E.02042
G1 X62.961 Y50.151 E.04227
G1 X62.337 Y50.097 E.02084
;WIDTH:0.435876
G1 F1526.888
G1 X61.314 Y49.963 E.0337
; stop printing object fidget-finger-massager-2000-rods-rod-03.stl id:0 copy 0
; printing object fidget-finger-massager-2000-rods-rod-05.stl id:0 copy 0
M204 S10000
G1 E-.8 F1800
G1 X66.232 Y45.863 Z8.8 F7200
G1 Z8.4
G1 E.8 F1800
M204 S500
;TYPE:Outer wall
;WIDTH:0.449999
G1 F1473.915
G1 X66.379 Y46.696 E.02864
G1 X65.68 Y46.829 E.02408
G1 X64.894 Y46.922 E.02681
G1 X64.245 Y46.974 E.02201
G1 X62.963 Y46.974 E.0434
G1 X61.524 Y46.829 E.04897
G1 X60.826 Y46.696 E.02403
G1 X60.973 Y45.863 E.02864
G1 X61.843 Y46.018 E.0299
G1 X62.393 Y46.083 E.01874
G1 X62.985 Y46.124 E.02008
G1 X64.261 Y46.124 E.0432
G1 X64.821 Y46.082 E.01901
G1 X65.547 Y45.989 E.02478
G1 X66.193 Y45.87 E.02222
M204 S10000
G1 X65.892 Y46.36 F7200
M204 S1500
;TYPE:Inner wall
;WIDTH:0.436802
G1 F1523.299
G1 X65.455 Y46.431 E.01448
G1 X64.844 Y46.503 E.02017
;WIDTH:0.442918
G1 F1500.007
G1 X64.232 Y46.549 E.02042
G1 X62.961 Y46.549 E.04227
G1 X62.337 Y46.494 E.02084
;WIDTH:0.435876
G1 F1526.888
G1 X61.314 Y46.36 E.0337
; stop printing object fidget-finger-massager-2000-rods-rod-05.stl id:0 copy 0
; printing object fidget-finger-massager-2000-rods-rod-09.stl id:0 copy 0
M204 S10000
G1 E-.8 F1800
G1 X66.188 Y42.26 Z8.8 F7200
G1 Z8.4
G1 E.8 F1800
M204 S500
;TYPE:Outer wall
;WIDTH:0.449999
G1 F1473.915
G1 X66.335 Y43.094 E.02864
G1 X65.636 Y43.226 E.02408
G1 X64.85 Y43.319 E.02681
G1 X64.202 Y43.371 E.02201
G1 X62.919 Y43.371 E.0434
G1 X61.48 Y43.226 E.04897
G1 X60.783 Y43.094 E.02403
G1 X60.929 Y42.26 E.02864
G1 X61.799 Y42.416 E.0299
G1 X62.349 Y42.48 E.01874
M73 P50 R8
G1 X62.941 Y42.521 E.02008
G1 X64.217 Y42.521 E.0432
G1 X64.777 Y42.479 E.01901
G1 X65.503 Y42.386 E.02478
G1 X66.149 Y42.268 E.02222
M204 S10000
G1 X65.848 Y42.757 F7200
M204 S1500
;TYPE:Inner wall
;WIDTH:0.436802
G1 F1523.299
G1 X65.411 Y42.828 E.01448
G1 X64.8 Y42.901 E.02017
;WIDTH:0.442918
G1 F1500.007
G1 X64.188 Y42.946 E.02042
G1 X62.917 Y42.946 E.04227
G1 X62.293 Y42.891 E.02084
;WIDTH:0.435876
G1 F1526.888
G1 X61.27 Y42.757 E.0337
; stop printing object fidget-finger-massager-2000-rods-rod-09.stl id:0 copy 0
; printing object fidget-finger-massager-2000-rods-rod-06.stl id:0 copy 0
M204 S10000
G1 E-.8 F1800
G1 X58.245 Y44.105 Z8.8 F7200
G1 Z8.4
G1 E.8 F1800
M204 S500
;TYPE:Outer wall
;WIDTH:0.449999
G1 F1473.915
G1 X58.089 Y44.975 E.0299
G1 X58.025 Y45.525 E.01874
G1 X57.984 Y46.111 E.01991
G1 X57.984 Y47.393 E.04338
G1 X58.026 Y47.953 E.01901
G1 X58.097 Y48.544 E.02015
G1 X58.245 Y49.364 E.0282
G1 X57.414 Y49.51 E.02855
G1 X57.214 Y48.333 E.04043
G1 X57.134 Y47.375 E.03253
G1 X57.134 Y46.094 E.04337
G1 X57.189 Y45.433 E.02245
G1 X57.259 Y44.836 E.02035
G1 X57.408 Y43.958 E.03015
G1 X58.205 Y44.098 E.0274
M204 S10000
G1 E-.8 F1800
G1 X57.754 Y49.028 Z8.8 F7200
G1 Z8.4
G1 E.8 F1800
M204 S1500
;TYPE:Inner wall
;WIDTH:0.429246
G1 F1553.092
G1 X57.681 Y48.587 E.01437
;WIDTH:0.433642
G1 F1535.619
G1 X57.606 Y47.976 E.02
;WIDTH:0.44292
G1 F1500
G1 X57.559 Y47.358 E.02061
G1 X57.559 Y46.083 E.04239
;WIDTH:0.4438
G1 F1496.707
G1 X57.636 Y45.185 E.03007
G1 X57.747 Y44.447 E.02487
; stop printing object fidget-finger-massager-2000-rods-rod-06.stl id:0 copy 0
; printing object fidget-finger-massager-2000-rods-rod-08.stl id:0 copy 0
M204 S10000
G1 E-.8 F1800
G1 X54.642 Y44.105 Z8.8 F7200
G1 Z8.4
G1 E.8 F1800
M204 S500
;TYPE:Outer wall
;WIDTH:0.449999
G1 F1473.915
G1 X54.487 Y44.975 E.0299
G1 X54.422 Y45.525 E.01874
G1 X54.381 Y46.111 E.01991
G1 X54.381 Y47.393 E.04338
G1 X54.423 Y47.953 E.01901
G1 X54.494 Y48.544 E.02015
G1 X54.642 Y49.364 E.0282
G1 X53.811 Y49.51 E.02855
G1 X53.611 Y48.333 E.04043
G1 X53.531 Y47.375 E.03253
G1 X53.531 Y46.094 E.04337
G1 X53.586 Y45.433 E.02245
G1 X53.657 Y44.836 E.02035
G1 X53.805 Y43.958 E.03015
G1 X54.602 Y44.098 E.0274
M204 S10000
G1 E-.8 F1800
G1 X54.151 Y49.028 Z8.8 F7200
G1 Z8.4
G1 E.8 F1800
M204 S1500
;TYPE:Inner wall
;WIDTH:0.429246
G1 F1553.092
G1 X54.078 Y48.587 E.01437
;WIDTH:0.433642
G1 F1535.619
G1 X54.003 Y47.976 E.02
;WIDTH:0.44292
G1 F1500
G1 X53.956 Y47.358 E.02061
G1 X53.956 Y46.083 E.04239
;WIDTH:0.4438
G1 F1496.707
G1 X54.034 Y45.185 E.03007
G1 X54.144 Y44.447 E.02487
; stop printing object fidget-finger-massager-2000-rods-rod-08.stl id:0 copy 0
;LAYER_CHANGE
;Z:8.6
;HEIGHT:0.200001
G92 E0
;_SET_FAN_SPEED_CHANGING_LAYER
; printing object fidget-finger-massager-2000-rods-rod-07.stl id:0 copy 0
M204 S10000
G1 E-.8 F1800
G1 X54.628 Y52.064 Z9 F7200
G1 X54.642 Y52.287 Z9
G1 Z8.6
G1 E.8 F1800
M204 S500
;TYPE:Outer wall
;WIDTH:0.449999
G1 F1473.915
G1 X54.487 Y53.155 E.02985
G1 X54.422 Y53.706 E.01876
G1 X54.381 Y54.293 E.01993
G1 X54.381 Y55.574 E.04338
G1 X54.423 Y56.135 E.01903
G1 X54.493 Y56.715 E.01977
G1 X54.642 Y57.546 E.02857
G1 X53.811 Y57.692 E.02854
G1 X53.61 Y56.51 E.04058
G1 X53.531 Y55.557 E.03238
G1 X53.531 Y54.275 E.04337
G1 X53.586 Y53.614 E.02247
G1 X53.657 Y53.016 E.02037
G1 X53.805 Y52.139 E.03011
G1 X54.602 Y52.28 E.0274
M204 S10000
G1 E-.8 F1800
G1 X54.151 Y57.209 Z9 F7200
G1 Z8.6
G1 E.8 F1800
M204 S1500
;TYPE:Inner wall
;WIDTH:0.429236
G1 F1553.133
G1 X54.076 Y56.757 E.01473
;WIDTH:0.43377
G1 F1535.116
G1 X54.003 Y56.158 E.01963
;WIDTH:0.44292
G1 F1500
G1 X53.956 Y55.539 E.02063
G1 X53.956 Y54.265 E.04239
;WIDTH:0.443832
G1 F1496.588
G1 X54.033 Y53.37 E.02992
G1 X54.144 Y52.628 E.02501
; stop printing object fidget-finger-massager-2000-rods-rod-07.stl id:0 copy 0
; printing object fidget-finger-massager-2000-rods-rod-04.stl id:0 copy 0
M204 S10000
G1 E-.8 F1800
G1 X58.245 Y52.287 Z9 F7200
G1 Z8.6
G1 E.8 F1800
M204 S500
;TYPE:Outer wall
;WIDTH:0.449999
G1 F1473.915
G1 X58.09 Y53.155 E.02985
G1 X58.025 Y53.706 E.01876
G1 X57.984 Y54.293 E.01993
G1 X57.984 Y55.574 E.04338
G1 X58.026 Y56.135 E.01903
G1 X58.095 Y56.715 E.01977
G1 X58.245 Y57.546 E.02857
G1 X57.414 Y57.692 E.02854
G1 X57.213 Y56.51 E.04058
G1 X57.134 Y55.557 E.03238
G1 X57.134 Y54.275 E.04337
G1 X57.189 Y53.614 E.02247
G1 X57.26 Y53.016 E.02037
G1 X57.408 Y52.139 E.03011
G1 X58.205 Y52.28 E.0274
M204 S10000
G1 E-.8 F1800
G1 X57.754 Y57.209 Z9 F7200
G1 Z8.6
G1 E.8 F1800
M204 S1500
;TYPE:Inner wall
;WIDTH:0.429236
G1 F1553.133
G1 X57.679 Y56.757 E.01473
;WIDTH:0.43377
G1 F1535.116
G1 X57.606 Y56.158 E.01963
;WIDTH:0.44292
G1 F1500
G1 X57.559 Y55.539 E.02063
G1 X57.559 Y54.265 E.04239
;WIDTH:0.443832
G1 F1496.588
G1 X57.636 Y53.37 E.02992
G1 X57.747 Y52.628 E.02501
; stop printing object fidget-finger-massager-2000-rods-rod-04.stl id:0 copy 0
; printing object fidget-finger-massager-2000-rods-rod-01.stl id:0 copy 0
M204 S10000
G1 E-.8 F1800
G1 X64.637 Y55.911 Z9 F7200
G1 X66.232 Y56.672 Z9
G1 Z8.6
G1 E.8 F1800
M204 S500
;TYPE:Outer wall
;WIDTH:0.449999
G1 F1473.915
G1 X66.379 Y57.505 E.02864
G1 X65.672 Y57.639 E.02436
G1 X65.167 Y57.707 E.01724
G1 X64.244 Y57.782 E.03137
G1 X62.962 Y57.782 E.04338
G1 X62.3 Y57.727 E.02247
G1 X61.703 Y57.656 E.02037
G1 X60.826 Y57.508 E.03011
G1 X60.973 Y56.672 E.02876
G1 X61.842 Y56.826 E.02985
G1 X62.392 Y56.891 E.01876
G1 X62.98 Y56.932 E.01993
G1 X64.261 Y56.932 E.04338
G1 X64.822 Y56.89 E.01903
G1 X65.536 Y56.799 E.02437
G1 X66.193 Y56.679 E.02261
M204 S10000
G1 X65.892 Y57.168 F7200
M204 S1500
;TYPE:Inner wall
;WIDTH:0.43953
G1 F1512.821
G1 X65.444 Y57.242 E.01496
G1 X64.844 Y57.311 E.01992
;WIDTH:0.442918
G1 F1500.007
G1 X64.226 Y57.357 E.02062
G1 X62.951 Y57.357 E.0424
;WIDTH:0.443832
G1 F1496.588
G1 X62.057 Y57.28 E.02992
G1 X61.315 Y57.169 E.02501
; stop printing object fidget-finger-massager-2000-rods-rod-01.stl id:0 copy 0
; printing object fidget-finger-massager-2000-rods-rod-02.stl id:0 copy 0
M204 S10000
G1 E-.8 F1800
G1 X66.232 Y53.069 Z9 F7200
G1 Z8.6
G1 E.8 F1800
M204 S500
;TYPE:Outer wall
;WIDTH:0.449999
G1 F1473.915
G1 X66.379 Y53.902 E.02864
G1 X65.672 Y54.036 E.02436
G1 X65.167 Y54.104 E.01724
G1 X64.244 Y54.179 E.03137
G1 X62.962 Y54.179 E.04338
G1 X62.3 Y54.124 E.02247
G1 X61.703 Y54.054 E.02037
G1 X60.826 Y53.905 E.03011
G1 X60.973 Y53.069 E.02876
G1 X61.842 Y53.224 E.02985
G1 X62.392 Y53.288 E.01876
G1 X62.98 Y53.329 E.01993
G1 X64.261 Y53.329 E.04338
G1 X64.822 Y53.288 E.01903
G1 X65.536 Y53.196 E.02437
G1 X66.193 Y53.076 E.02261
M204 S10000
G1 X65.892 Y53.565 F7200
M204 S1500
;TYPE:Inner wall
;WIDTH:0.43953
G1 F1512.821
G1 X65.444 Y53.639 E.01496
G1 X64.844 Y53.708 E.01992
;WIDTH:0.442918
G1 F1500.007
G1 X64.226 Y53.754 E.02062
G1 X62.951 Y53.754 E.0424
;WIDTH:0.443832
G1 F1496.588
G1 X62.057 Y53.677 E.02992
G1 X61.315 Y53.567 E.02501
; stop printing object fidget-finger-massager-2000-rods-rod-02.stl id:0 copy 0
; printing object fidget-finger-massager-2000-rods-rod-03.stl id:0 copy 0
M204 S10000
G1 E-.8 F1800
G1 X66.232 Y49.466 Z9 F7200
G1 Z8.6
G1 E.8 F1800
M204 S500
;TYPE:Outer wall
;WIDTH:0.449999
G1 F1473.915
G1 X66.379 Y50.299 E.02864
G1 X65.672 Y50.433 E.02436
G1 X65.167 Y50.501 E.01724
G1 X64.244 Y50.576 E.03137
G1 X62.962 Y50.576 E.04338
G1 X62.3 Y50.522 E.02247
G1 X61.703 Y50.451 E.02037
G1 X60.826 Y50.303 E.03011
G1 X60.973 Y49.466 E.02876
G1 X61.842 Y49.621 E.02985
G1 X62.392 Y49.686 E.01876
G1 X62.98 Y49.726 E.01993
G1 X64.261 Y49.726 E.04338
G1 X64.822 Y49.685 E.01903
G1 X65.536 Y49.593 E.02437
G1 X66.193 Y49.473 E.02261
M204 S10000
G1 X65.892 Y49.962 F7200
M204 S1500
;TYPE:Inner wall
;WIDTH:0.43953
G1 F1512.821
G1 X65.444 Y50.037 E.01496
G1 X64.844 Y50.105 E.01992
;WIDTH:0.442918
G1 F1500.007
G1 X64.226 Y50.151 E.02062
G1 X62.951 Y50.151 E.0424
;WIDTH:0.443832
G1 F1496.588
G1 X62.057 Y50.075 E.02992
G1 X61.315 Y49.964 E.02501
; stop printing object fidget-finger-massager-2000-rods-rod-03.stl id:0 copy 0
; printing object fidget-finger-massager-2000-rods-rod-05.stl id:0 copy 0
M204 S10000
G1 E-.8 F1800
G1 X66.232 Y45.863 Z9 F7200
G1 Z8.6
G1 E.8 F1800
M204 S500
;TYPE:Outer wall
;WIDTH:0.449999
G1 F1473.915
G1 X66.379 Y46.696 E.02864
G1 X65.672 Y46.83 E.02436
G1 X65.167 Y46.898 E.01724
G1 X64.244 Y46.974 E.03137
G1 X62.962 Y46.974 E.04338
G1 X62.3 Y46.919 E.02247
G1 X61.703 Y46.848 E.02037
G1 X60.826 Y46.7 E.03011
G1 X60.973 Y45.863 E.02876
G1 X61.842 Y46.018 E.02985
G1 X62.392 Y46.083 E.01876
G1 X62.98 Y46.124 E.01993
G1 X64.261 Y46.124 E.04338
G1 X64.822 Y46.082 E.01903
G1 X65.536 Y45.991 E.02437
G1 X66.193 Y45.87 E.02261
M204 S10000
G1 X65.892 Y46.36 F7200
M204 S1500
;TYPE:Inner wall
;WIDTH:0.43953
G1 F1512.821
G1 X65.444 Y46.434 E.01496
G1 X64.844 Y46.502 E.01992
;WIDTH:0.442918
G1 F1500.007
G1 X64.226 Y46.549 E.02062
G1 X62.951 Y46.549 E.0424
;WIDTH:0.443832
G1 F1496.588
G1 X62.057 Y46.472 E.02992
G1 X61.315 Y46.361 E.02501
; stop printing object fidget-finger-massager-2000-rods-rod-05.stl id:0 copy 0
; printing object fidget-finger-massager-2000-rods-rod-09.stl id:0 copy 0
M204 S10000
G1 E-.8 F1800
G1 X66.188 Y42.26 Z9 F7200
G1 Z8.6
M73 P51 R8
G1 E.8 F1800
M204 S500
;TYPE:Outer wall
;WIDTH:0.449999
G1 F1473.915
G1 X66.335 Y43.094 E.02864
G1 X65.628 Y43.227 E.02436
G1 X65.123 Y43.295 E.01724
G1 X64.2 Y43.371 E.03137
G1 X62.918 Y43.371 E.04338
G1 X62.257 Y43.316 E.02247
G1 X61.659 Y43.245 E.02037
G1 X60.782 Y43.097 E.03011
G1 X60.929 Y42.26 E.02876
G1 X61.798 Y42.415 E.02985
G1 X62.348 Y42.48 E.01876
G1 X62.936 Y42.521 E.01993
G1 X64.217 Y42.521 E.04338
G1 X64.778 Y42.479 E.01903
G1 X65.492 Y42.388 E.02437
G1 X66.149 Y42.268 E.02261
M204 S10000
G1 X65.848 Y42.757 F7200
M204 S1500
;TYPE:Inner wall
;WIDTH:0.43953
G1 F1512.821
G1 X65.4 Y42.831 E.01496
G1 X64.8 Y42.9 E.01992
;WIDTH:0.442918
G1 F1500.007
G1 X64.182 Y42.946 E.02062
G1 X62.907 Y42.946 E.0424
;WIDTH:0.443832
G1 F1496.588
G1 X62.013 Y42.869 E.02992
G1 X61.271 Y42.758 E.02501
; stop printing object fidget-finger-massager-2000-rods-rod-09.stl id:0 copy 0
; printing object fidget-finger-massager-2000-rods-rod-06.stl id:0 copy 0
M204 S10000
G1 E-.8 F1800
G1 X58.245 Y44.105 Z9 F7200
G1 Z8.6
G1 E.8 F1800
M204 S500
;TYPE:Outer wall
;WIDTH:0.449999
G1 F1473.915
G1 X58.09 Y44.973 E.02985
G1 X58.025 Y45.524 E.01876
G1 X57.984 Y46.111 E.01993
G1 X57.984 Y47.393 E.04338
G1 X58.026 Y47.953 E.01903
G1 X58.095 Y48.533 E.01977
G1 X58.245 Y49.364 E.02857
G1 X57.414 Y49.51 E.02854
G1 X57.213 Y48.329 E.04058
G1 X57.134 Y47.375 E.03238
G1 X57.134 Y46.094 E.04337
G1 X57.189 Y45.432 E.02247
G1 X57.26 Y44.835 E.02037
G1 X57.408 Y43.958 E.03011
G1 X58.205 Y44.098 E.0274
M204 S10000
G1 E-.8 F1800
G1 X57.754 Y49.028 Z9 F7200
G1 Z8.6
G1 E.8 F1800
M204 S1500
;TYPE:Inner wall
;WIDTH:0.429236
G1 F1553.133
G1 X57.679 Y48.576 E.01473
;WIDTH:0.43377
G1 F1535.116
G1 X57.606 Y47.976 E.01963
;WIDTH:0.44292
G1 F1500
G1 X57.559 Y47.358 E.02063
G1 X57.559 Y46.083 E.04239
;WIDTH:0.443832
G1 F1496.588
G1 X57.636 Y45.189 E.02992
G1 X57.747 Y44.447 E.02501
; stop printing object fidget-finger-massager-2000-rods-rod-06.stl id:0 copy 0
; printing object fidget-finger-massager-2000-rods-rod-08.stl id:0 copy 0
M204 S10000
G1 E-.8 F1800
G1 X54.642 Y44.105 Z9 F7200
G1 Z8.6
G1 E.8 F1800
M204 S500
;TYPE:Outer wall
;WIDTH:0.449999
G1 F1473.915
G1 X54.487 Y44.973 E.02985
G1 X54.422 Y45.524 E.01876
G1 X54.381 Y46.111 E.01993
G1 X54.381 Y47.393 E.04338
G1 X54.423 Y47.953 E.01903
G1 X54.493 Y48.533 E.01977
G1 X54.642 Y49.364 E.02857
G1 X53.811 Y49.51 E.02854
G1 X53.61 Y48.329 E.04058
G1 X53.531 Y47.375 E.03238
G1 X53.531 Y46.094 E.04337
G1 X53.586 Y45.432 E.02247
G1 X53.657 Y44.835 E.02037
G1 X53.805 Y43.958 E.03011
G1 X54.602 Y44.098 E.0274
M204 S10000
G1 E-.8 F1800
G1 X54.151 Y49.028 Z9 F7200
G1 Z8.6
G1 E.8 F1800
M204 S1500
;TYPE:Inner wall
;WIDTH:0.429236
G1 F1553.133
G1 X54.076 Y48.576 E.01473
;WIDTH:0.43377
G1 F1535.116
G1 X54.003 Y47.976 E.01963
;WIDTH:0.44292
G1 F1500
G1 X53.956 Y47.358 E.02063
G1 X53.956 Y46.083 E.04239
;WIDTH:0.443832
G1 F1496.588
G1 X54.033 Y45.189 E.02992
G1 X54.144 Y44.447 E.02501
; stop printing object fidget-finger-massager-2000-rods-rod-08.stl id:0 copy 0
;LAYER_CHANGE
;Z:8.8
;HEIGHT:0.2
G92 E0
;_SET_FAN_SPEED_CHANGING_LAYER
; printing object fidget-finger-massager-2000-rods-rod-07.stl id:0 copy 0
M204 S10000
G1 E-.8 F1800
G1 X54.628 Y52.064 Z9.2 F7200
G1 X54.642 Y52.287 Z9.2
G1 Z8.8
G1 E.8 F1800
M204 S500
;TYPE:Outer wall
;WIDTH:0.449999
G1 F1473.915
G1 X54.487 Y53.154 E.02981
G1 X54.422 Y53.705 E.01879
G1 X54.381 Y54.293 E.01995
G1 X54.381 Y55.574 E.04338
G1 X54.423 Y56.135 E.01904
G1 X54.491 Y56.704 E.01939
G1 X54.642 Y57.546 E.02893
G1 X53.811 Y57.692 E.02854
G1 X53.61 Y56.506 E.04072
G1 X53.531 Y55.557 E.03223
G1 X53.531 Y54.275 E.04338
G1 X53.586 Y53.613 E.02249
G1 X53.657 Y53.015 E.0204
G1 X53.805 Y52.139 E.03006
G1 X54.602 Y52.28 E.02741
M204 S10000
G1 E-.8 F1800
G1 X54.151 Y57.209 Z9.2 F7200
G1 Z8.8
G1 E.8 F1800
M204 S1500
;TYPE:Inner wall
;WIDTH:0.429226
G1 F1553.173
G1 X54.075 Y56.746 E.01509
;WIDTH:0.433894
G1 F1534.629
G1 X54.003 Y56.158 E.01925
;WIDTH:0.44292
G1 F1500
G1 X53.956 Y55.539 E.02064
G1 X53.956 Y54.265 E.0424
;WIDTH:0.443864
G1 F1496.468
G1 X54.033 Y53.375 E.02978
G1 X54.144 Y52.628 E.02516
; stop printing object fidget-finger-massager-2000-rods-rod-07.stl id:0 copy 0
; printing object fidget-finger-massager-2000-rods-rod-04.stl id:0 copy 0
M204 S10000
G1 E-.8 F1800
G1 X58.245 Y52.287 Z9.2 F7200
G1 Z8.8
G1 E.8 F1800
M204 S500
;TYPE:Outer wall
;WIDTH:0.449999
G1 F1473.915
G1 X58.09 Y53.154 E.02981
G1 X58.025 Y53.705 E.01879
G1 X57.984 Y54.293 E.01995
G1 X57.984 Y55.574 E.04338
G1 X58.026 Y56.135 E.01904
G1 X58.094 Y56.704 E.01939
G1 X58.245 Y57.546 E.02893
G1 X57.414 Y57.692 E.02854
G1 X57.212 Y56.506 E.04072
G1 X57.134 Y55.557 E.03223
G1 X57.134 Y54.275 E.04338
G1 X57.189 Y53.613 E.02249
G1 X57.26 Y53.015 E.0204
G1 X57.408 Y52.139 E.03006
G1 X58.205 Y52.28 E.02741
M204 S10000
G1 E-.8 F1800
G1 X57.754 Y57.209 Z9.2 F7200
G1 Z8.8
G1 E.8 F1800
M204 S1500
;TYPE:Inner wall
;WIDTH:0.429226
G1 F1553.173
G1 X57.677 Y56.746 E.01509
;WIDTH:0.433894
G1 F1534.629
G1 X57.606 Y56.158 E.01925
;WIDTH:0.44292
G1 F1500
G1 X57.559 Y55.539 E.02064
G1 X57.559 Y54.265 E.0424
;WIDTH:0.443864
G1 F1496.468
G1 X57.635 Y53.375 E.02978
G1 X57.747 Y52.628 E.02516
; stop printing object fidget-finger-massager-2000-rods-rod-04.stl id:0 copy 0
; printing object fidget-finger-massager-2000-rods-rod-01.stl id:0 copy 0
M204 S10000
G1 E-.8 F1800
G1 X64.637 Y55.911 Z9.2 F7200
G1 X66.232 Y56.672 Z9.2
G1 Z8.8
G1 E.8 F1800
M204 S500
;TYPE:Outer wall
;WIDTH:0.449999
G1 F1473.915
G1 X66.379 Y57.505 E.02863
G1 X65.676 Y57.638 E.0242
G1 X65.176 Y57.706 E.01709
G1 X64.244 Y57.782 E.03167
G1 X62.962 Y57.782 E.04338
G1 X62.3 Y57.727 E.02249
G1 X61.702 Y57.656 E.0204
G1 X60.826 Y57.508 E.03006
G1 X60.973 Y56.672 E.02876
G1 X61.84 Y56.826 E.02981
G1 X62.392 Y56.891 E.01879
G1 X62.98 Y56.932 E.01995
G1 X64.261 Y56.932 E.04338
G1 X64.822 Y56.89 E.01904
G1 X65.529 Y56.8 E.02413
G1 X66.193 Y56.679 E.02283
M204 S10000
G1 X65.892 Y57.168 F7200
M204 S1500
;TYPE:Inner wall
;WIDTH:0.439494
G1 F1512.958
G1 X65.433 Y57.244 E.01532
G1 X64.845 Y57.311 E.01953
;WIDTH:0.442918
G1 F1500.007
G1 X64.226 Y57.357 E.02064
G1 X62.951 Y57.357 E.0424
;WIDTH:0.443862
G1 F1496.476
G1 X62.061 Y57.281 E.02978
G1 X61.315 Y57.169 E.02516
; stop printing object fidget-finger-massager-2000-rods-rod-01.stl id:0 copy 0
; printing object fidget-finger-massager-2000-rods-rod-02.stl id:0 copy 0
M204 S10000
G1 E-.8 F1800
G1 X66.232 Y53.069 Z9.2 F7200
G1 Z8.8
G1 E.8 F1800
M204 S500
;TYPE:Outer wall
;WIDTH:0.449999
G1 F1473.915
G1 X66.379 Y53.902 E.02863
G1 X65.676 Y54.035 E.0242
G1 X65.176 Y54.103 E.01709
G1 X64.244 Y54.179 E.03167
G1 X62.962 Y54.179 E.04338
G1 X62.3 Y54.125 E.02249
G1 X61.702 Y54.053 E.0204
G1 X60.826 Y53.906 E.03006
G1 X60.973 Y53.069 E.02876
G1 X61.84 Y53.224 E.02981
G1 X62.392 Y53.288 E.01879
G1 X62.98 Y53.329 E.01995
G1 X64.261 Y53.329 E.04338
G1 X64.822 Y53.288 E.01904
G1 X65.529 Y53.197 E.02413
G1 X66.193 Y53.076 E.02283
M204 S10000
G1 X65.892 Y53.565 F7200
M204 S1500
;TYPE:Inner wall
;WIDTH:0.439494
G1 F1512.958
G1 X65.433 Y53.641 E.01532
G1 X64.845 Y53.708 E.01953
;WIDTH:0.442918
G1 F1500.007
G1 X64.226 Y53.754 E.02064
G1 X62.951 Y53.754 E.0424
;WIDTH:0.443862
G1 F1496.476
G1 X62.061 Y53.678 E.02978
G1 X61.315 Y53.567 E.02516
; stop printing object fidget-finger-massager-2000-rods-rod-02.stl id:0 copy 0
; printing object fidget-finger-massager-2000-rods-rod-03.stl id:0 copy 0
M204 S10000
G1 E-.8 F1800
G1 X66.232 Y49.466 Z9.2 F7200
G1 Z8.8
G1 E.8 F1800
M204 S500
;TYPE:Outer wall
;WIDTH:0.449999
G1 F1473.915
G1 X66.379 Y50.299 E.02863
G1 X65.676 Y50.432 E.0242
G1 X65.176 Y50.5 E.01709
G1 X64.244 Y50.576 E.03167
G1 X62.962 Y50.576 E.04338
G1 X62.3 Y50.522 E.02249
G1 X61.702 Y50.451 E.0204
G1 X60.826 Y50.303 E.03006
G1 X60.973 Y49.466 E.02876
G1 X61.84 Y49.621 E.02981
G1 X62.392 Y49.686 E.01879
G1 X62.98 Y49.726 E.01995
G1 X64.261 Y49.726 E.04338
G1 X64.822 Y49.685 E.01904
G1 X65.529 Y49.594 E.02413
G1 X66.193 Y49.473 E.02283
M204 S10000
G1 X65.892 Y49.962 F7200
M204 S1500
;TYPE:Inner wall
;WIDTH:0.439494
G1 F1512.958
G1 X65.433 Y50.038 E.01532
G1 X64.845 Y50.105 E.01953
;WIDTH:0.442918
G1 F1500.007
G1 X64.226 Y50.151 E.02064
G1 X62.951 Y50.151 E.0424
;WIDTH:0.443862
G1 F1496.476
G1 X62.061 Y50.075 E.02978
G1 X61.315 Y49.964 E.02516
; stop printing object fidget-finger-massager-2000-rods-rod-03.stl id:0 copy 0
; printing object fidget-finger-massager-2000-rods-rod-05.stl id:0 copy 0
M204 S10000
G1 E-.8 F1800
G1 X66.232 Y45.863 Z9.2 F7200
G1 Z8.8
G1 E.8 F1800
M204 S500
;TYPE:Outer wall
;WIDTH:0.449999
G1 F1473.915
G1 X66.379 Y46.696 E.02863
G1 X65.676 Y46.829 E.0242
G1 X65.176 Y46.897 E.01709
G1 X64.244 Y46.974 E.03167
G1 X62.962 Y46.974 E.04338
G1 X62.3 Y46.919 E.02249
G1 X61.702 Y46.848 E.0204
G1 X60.826 Y46.7 E.03006
G1 X60.973 Y45.863 E.02876
G1 X61.84 Y46.018 E.02981
G1 X62.392 Y46.083 E.01879
G1 X62.98 Y46.124 E.01995
G1 X64.261 Y46.124 E.04338
G1 X64.822 Y46.082 E.01904
M73 P52 R8
G1 X65.529 Y45.992 E.02413
G1 X66.193 Y45.87 E.02283
M204 S10000
G1 X65.892 Y46.36 F7200
M204 S1500
;TYPE:Inner wall
;WIDTH:0.439494
G1 F1512.958
G1 X65.433 Y46.435 E.01532
G1 X64.845 Y46.502 E.01953
;WIDTH:0.442918
G1 F1500.007
G1 X64.226 Y46.549 E.02064
G1 X62.951 Y46.549 E.0424
;WIDTH:0.443862
G1 F1496.476
G1 X62.061 Y46.472 E.02978
G1 X61.315 Y46.361 E.02516
; stop printing object fidget-finger-massager-2000-rods-rod-05.stl id:0 copy 0
; printing object fidget-finger-massager-2000-rods-rod-09.stl id:0 copy 0
M204 S10000
G1 E-.8 F1800
G1 X66.188 Y42.26 Z9.2 F7200
G1 Z8.8
G1 E.8 F1800
M204 S500
;TYPE:Outer wall
;WIDTH:0.449999
G1 F1473.915
G1 X66.335 Y43.094 E.02863
G1 X65.633 Y43.226 E.0242
G1 X65.132 Y43.294 E.01709
G1 X64.2 Y43.371 E.03167
G1 X62.918 Y43.371 E.04338
G1 X62.256 Y43.316 E.02249
G1 X61.658 Y43.245 E.0204
G1 X60.782 Y43.097 E.03006
G1 X60.929 Y42.26 E.02876
G1 X61.796 Y42.415 E.02981
G1 X62.348 Y42.48 E.01879
G1 X62.936 Y42.521 E.01995
G1 X64.217 Y42.521 E.04338
G1 X64.778 Y42.479 E.01904
G1 X65.485 Y42.389 E.02413
G1 X66.149 Y42.268 E.02283
M204 S10000
G1 X65.848 Y42.757 F7200
M204 S1500
;TYPE:Inner wall
;WIDTH:0.439494
G1 F1512.958
G1 X65.389 Y42.833 E.01532
G1 X64.801 Y42.9 E.01953
;WIDTH:0.442918
G1 F1500.007
G1 X64.182 Y42.946 E.02064
G1 X62.907 Y42.946 E.0424
;WIDTH:0.443862
G1 F1496.476
G1 X62.017 Y42.87 E.02978
G1 X61.271 Y42.758 E.02516
; stop printing object fidget-finger-massager-2000-rods-rod-09.stl id:0 copy 0
; printing object fidget-finger-massager-2000-rods-rod-06.stl id:0 copy 0
M204 S10000
G1 E-.8 F1800
G1 X58.245 Y44.105 Z9.2 F7200
G1 Z8.8
G1 E.8 F1800
M204 S500
;TYPE:Outer wall
;WIDTH:0.449999
G1 F1473.915
G1 X58.09 Y44.972 E.02981
G1 X58.025 Y45.523 E.01879
G1 X57.984 Y46.111 E.01995
G1 X57.984 Y47.393 E.04338
G1 X58.026 Y47.954 E.01904
G1 X58.094 Y48.523 E.01939
G1 X58.245 Y49.364 E.02893
G1 X57.414 Y49.51 E.02854
G1 X57.212 Y48.324 E.04072
G1 X57.134 Y47.375 E.03223
G1 X57.134 Y46.094 E.04338
G1 X57.189 Y45.432 E.02249
G1 X57.26 Y44.833 E.0204
G1 X57.408 Y43.958 E.03006
G1 X58.205 Y44.098 E.02741
M204 S10000
G1 E-.8 F1800
G1 X57.754 Y49.028 Z9.2 F7200
G1 Z8.8
G1 E.8 F1800
M204 S1500
;TYPE:Inner wall
;WIDTH:0.429226
G1 F1553.173
G1 X57.677 Y48.565 E.01509
;WIDTH:0.433894
G1 F1534.629
G1 X57.606 Y47.977 E.01925
;WIDTH:0.44292
G1 F1500
G1 X57.559 Y47.358 E.02064
G1 X57.559 Y46.083 E.0424
;WIDTH:0.443864
G1 F1496.468
G1 X57.635 Y45.193 E.02978
G1 X57.747 Y44.447 E.02516
; stop printing object fidget-finger-massager-2000-rods-rod-06.stl id:0 copy 0
; printing object fidget-finger-massager-2000-rods-rod-08.stl id:0 copy 0
M204 S10000
G1 E-.8 F1800
G1 X54.642 Y44.105 Z9.2 F7200
G1 Z8.8
G1 E.8 F1800
M204 S500
;TYPE:Outer wall
;WIDTH:0.449999
G1 F1473.915
G1 X54.487 Y44.972 E.02981
G1 X54.422 Y45.523 E.01879
G1 X54.381 Y46.111 E.01995
G1 X54.381 Y47.393 E.04338
G1 X54.423 Y47.954 E.01904
G1 X54.491 Y48.523 E.01939
G1 X54.642 Y49.364 E.02893
G1 X53.811 Y49.51 E.02854
G1 X53.61 Y48.324 E.04072
G1 X53.531 Y47.375 E.03223
G1 X53.531 Y46.094 E.04338
G1 X53.586 Y45.432 E.02249
G1 X53.657 Y44.833 E.0204
G1 X53.805 Y43.958 E.03006
G1 X54.602 Y44.098 E.02741
M204 S10000
G1 E-.8 F1800
G1 X54.151 Y49.028 Z9.2 F7200
G1 Z8.8
G1 E.8 F1800
M204 S1500
;TYPE:Inner wall
;WIDTH:0.429226
G1 F1553.173
G1 X54.075 Y48.565 E.01509
;WIDTH:0.433894
G1 F1534.629
G1 X54.003 Y47.977 E.01925
;WIDTH:0.44292
G1 F1500
G1 X53.956 Y47.358 E.02064
G1 X53.956 Y46.083 E.0424
;WIDTH:0.443864
G1 F1496.468
G1 X54.033 Y45.193 E.02978
G1 X54.144 Y44.447 E.02516
; stop printing object fidget-finger-massager-2000-rods-rod-08.stl id:0 copy 0
;LAYER_CHANGE
;Z:9
;HEIGHT:0.2
G92 E0
;_SET_FAN_SPEED_CHANGING_LAYER
; printing object fidget-finger-massager-2000-rods-rod-07.stl id:0 copy 0
M204 S10000
G1 E-.8 F1800
G1 X54.628 Y52.064 Z9.4 F7200
G1 X54.642 Y52.287 Z9.4
G1 Z9
G1 E.8 F1800
M204 S500
;TYPE:Outer wall
;WIDTH:0.449999
G1 F1473.915
G1 X54.488 Y53.146 E.02956
G1 X54.422 Y53.704 E.01901
G1 X54.381 Y54.293 E.01997
G1 X54.381 Y55.574 E.04338
G1 X54.423 Y56.136 E.01905
G1 X54.488 Y56.688 E.01881
G1 X54.642 Y57.546 E.0295
G1 X53.811 Y57.692 E.02854
G1 X53.609 Y56.502 E.04087
G1 X53.531 Y55.557 E.03209
G1 X53.531 Y54.275 E.04338
G1 X53.608 Y53.337 E.03187
G1 X53.812 Y52.14 E.04109
G1 X54.602 Y52.28 E.02717
M204 S10000
G1 E-.8 F1800
G1 X54.151 Y57.209 Z9.4 F7200
G1 Z9
G1 E.8 F1800
M204 S1500
;TYPE:Inner wall
;WIDTH:0.429302
G1 F1552.867
G1 X54.072 Y56.729 E.01565
;WIDTH:0.434022
G1 F1534.127
G1 X54.003 Y56.159 E.01866
;WIDTH:0.44292
G1 F1500
G1 X53.956 Y55.539 E.02066
G1 X53.956 Y54.265 E.0424
;WIDTH:0.44378
G1 F1496.782
G1 X54.031 Y53.39 E.02925
G1 X54.152 Y52.623 E.0259
; stop printing object fidget-finger-massager-2000-rods-rod-07.stl id:0 copy 0
; printing object fidget-finger-massager-2000-rods-rod-04.stl id:0 copy 0
M204 S10000
G1 E-.8 F1800
G1 X58.245 Y52.287 Z9.4 F7200
G1 Z9
G1 E.8 F1800
M204 S500
;TYPE:Outer wall
;WIDTH:0.449999
G1 F1473.915
G1 X58.091 Y53.146 E.02956
G1 X58.025 Y53.704 E.01901
G1 X57.984 Y54.293 E.01997
G1 X57.984 Y55.574 E.04338
G1 X58.026 Y56.136 E.01905
G1 X58.091 Y56.688 E.01881
G1 X58.245 Y57.546 E.0295
G1 X57.414 Y57.692 E.02854
G1 X57.212 Y56.502 E.04087
G1 X57.134 Y55.557 E.03209
G1 X57.134 Y54.275 E.04338
G1 X57.211 Y53.337 E.03187
G1 X57.415 Y52.14 E.04109
G1 X58.205 Y52.28 E.02717
M204 S10000
G1 E-.8 F1800
G1 X57.754 Y57.209 Z9.4 F7200
G1 Z9
G1 E.8 F1800
M204 S1500
;TYPE:Inner wall
;WIDTH:0.429302
G1 F1552.867
G1 X57.675 Y56.729 E.01565
;WIDTH:0.434022
G1 F1534.127
G1 X57.606 Y56.159 E.01866
;WIDTH:0.44292
G1 F1500
G1 X57.559 Y55.539 E.02066
G1 X57.559 Y54.265 E.0424
;WIDTH:0.44378
G1 F1496.782
G1 X57.634 Y53.39 E.02925
G1 X57.755 Y52.623 E.0259
; stop printing object fidget-finger-massager-2000-rods-rod-04.stl id:0 copy 0
; printing object fidget-finger-massager-2000-rods-rod-01.stl id:0 copy 0
M204 S10000
G1 E-.8 F1800
G1 X64.642 Y55.912 Z9.4 F7200
G1 X66.232 Y56.672 Z9.4
G1 Z9
G1 E.8 F1800
M204 S500
;TYPE:Outer wall
;WIDTH:0.449999
G1 F1473.915
G1 X66.379 Y57.505 E.02863
G1 X65.662 Y57.64 E.0247
G1 X64.242 Y57.782 E.04831
G1 X62.962 Y57.782 E.04332
G1 X62.299 Y57.727 E.02252
G1 X61.694 Y57.655 E.02062
G1 X60.826 Y57.508 E.02981
G1 X60.973 Y56.672 E.02876
G1 X61.833 Y56.825 E.02956
G1 X62.391 Y56.891 E.01901
G1 X62.979 Y56.932 E.01997
G1 X64.261 Y56.932 E.04338
G1 X64.823 Y56.89 E.01906
G1 X65.533 Y56.799 E.02425
G1 X66.193 Y56.679 E.0227
M204 S10000
G1 X65.892 Y57.168 F7200
M204 S1500
;TYPE:Inner wall
;WIDTH:0.435614
G1 F1527.907
G1 X65.416 Y57.243 E.01574
;WIDTH:0.432288
G1 F1540.959
G1 X64.845 Y57.305 E.01857
;WIDTH:0.442918
G1 F1500.007
G1 X64.221 Y57.357 E.02084
G1 X62.951 Y57.357 E.04223
;WIDTH:0.444006
G1 F1495.938
G1 X62.065 Y57.281 E.02965
G1 X61.315 Y57.169 E.02531
; stop printing object fidget-finger-massager-2000-rods-rod-01.stl id:0 copy 0
; printing object fidget-finger-massager-2000-rods-rod-02.stl id:0 copy 0
M204 S10000
G1 E-.8 F1800
G1 X66.232 Y53.069 Z9.4 F7200
G1 Z9
G1 E.8 F1800
M204 S500
;TYPE:Outer wall
;WIDTH:0.449999
G1 F1473.915
G1 X66.379 Y53.902 E.02863
G1 X65.662 Y54.037 E.0247
G1 X64.242 Y54.179 E.04831
G1 X62.962 Y54.179 E.04332
G1 X62.299 Y54.125 E.02252
G1 X61.694 Y54.052 E.02062
G1 X60.826 Y53.906 E.02981
G1 X60.973 Y53.069 E.02876
G1 X61.833 Y53.222 E.02956
G1 X62.391 Y53.288 E.01901
G1 X62.979 Y53.329 E.01997
G1 X64.261 Y53.329 E.04338
G1 X64.823 Y53.287 E.01906
G1 X65.533 Y53.196 E.02425
G1 X66.193 Y53.076 E.0227
M204 S10000
G1 X65.892 Y53.565 F7200
M204 S1500
;TYPE:Inner wall
;WIDTH:0.435614
G1 F1527.907
G1 X65.416 Y53.64 E.01574
;WIDTH:0.432288
G1 F1540.959
G1 X64.845 Y53.702 E.01857
;WIDTH:0.442918
G1 F1500.007
G1 X64.221 Y53.754 E.02084
G1 X62.951 Y53.754 E.04223
;WIDTH:0.444006
G1 F1495.938
G1 X62.065 Y53.678 E.02965
G1 X61.315 Y53.567 E.02531
; stop printing object fidget-finger-massager-2000-rods-rod-02.stl id:0 copy 0
; printing object fidget-finger-massager-2000-rods-rod-03.stl id:0 copy 0
M204 S10000
G1 E-.8 F1800
G1 X66.232 Y49.466 Z9.4 F7200
G1 Z9
G1 E.8 F1800
M204 S500
;TYPE:Outer wall
;WIDTH:0.449999
G1 F1473.915
G1 X66.379 Y50.299 E.02863
G1 X65.662 Y50.435 E.0247
G1 X64.242 Y50.576 E.04831
G1 X62.962 Y50.576 E.04332
G1 X62.299 Y50.522 E.02252
G1 X61.694 Y50.449 E.02062
G1 X60.826 Y50.303 E.02981
G1 X60.973 Y49.466 E.02876
G1 X61.833 Y49.62 E.02956
G1 X62.391 Y49.685 E.01901
G1 X62.979 Y49.726 E.01997
G1 X64.261 Y49.726 E.04338
G1 X64.823 Y49.685 E.01906
G1 X65.533 Y49.594 E.02425
G1 X66.193 Y49.473 E.0227
M204 S10000
G1 X65.892 Y49.962 F7200
M204 S1500
;TYPE:Inner wall
;WIDTH:0.435614
G1 F1527.907
G1 X65.416 Y50.037 E.01574
;WIDTH:0.432288
G1 F1540.959
G1 X64.845 Y50.099 E.01857
;WIDTH:0.442918
G1 F1500.007
G1 X64.221 Y50.151 E.02084
G1 X62.951 Y50.151 E.04223
;WIDTH:0.444006
G1 F1495.938
G1 X62.065 Y50.076 E.02965
G1 X61.315 Y49.964 E.02531
; stop printing object fidget-finger-massager-2000-rods-rod-03.stl id:0 copy 0
; printing object fidget-finger-massager-2000-rods-rod-05.stl id:0 copy 0
M204 S10000
G1 E-.8 F1800
G1 X66.232 Y45.863 Z9.4 F7200
G1 Z9
G1 E.8 F1800
M204 S500
;TYPE:Outer wall
;WIDTH:0.449999
G1 F1473.915
G1 X66.379 Y46.696 E.02863
G1 X65.662 Y46.832 E.0247
M73 P53 R8
G1 X64.242 Y46.974 E.04831
G1 X62.962 Y46.974 E.04332
G1 X62.299 Y46.919 E.02252
G1 X61.694 Y46.847 E.02062
G1 X60.826 Y46.7 E.02981
G1 X60.973 Y45.863 E.02876
G1 X61.833 Y46.017 E.02956
G1 X62.391 Y46.083 E.01901
G1 X62.979 Y46.124 E.01997
G1 X64.261 Y46.124 E.04338
G1 X64.823 Y46.082 E.01906
G1 X65.533 Y45.991 E.02425
G1 X66.193 Y45.87 E.0227
M204 S10000
G1 X65.892 Y46.36 F7200
M204 S1500
;TYPE:Inner wall
;WIDTH:0.435614
G1 F1527.907
G1 X65.416 Y46.435 E.01574
;WIDTH:0.432288
G1 F1540.959
G1 X64.845 Y46.496 E.01857
;WIDTH:0.442918
G1 F1500.007
G1 X64.221 Y46.549 E.02084
G1 X62.951 Y46.549 E.04223
;WIDTH:0.444006
G1 F1495.938
G1 X62.065 Y46.473 E.02965
G1 X61.315 Y46.361 E.02531
; stop printing object fidget-finger-massager-2000-rods-rod-05.stl id:0 copy 0
; printing object fidget-finger-massager-2000-rods-rod-09.stl id:0 copy 0
M204 S10000
G1 E-.8 F1800
G1 X66.188 Y42.26 Z9.4 F7200
G1 Z9
G1 E.8 F1800
M204 S500
;TYPE:Outer wall
;WIDTH:0.449999
G1 F1473.915
G1 X66.335 Y43.093 E.02863
G1 X65.618 Y43.229 E.0247
G1 X64.198 Y43.371 E.04831
G1 X62.918 Y43.371 E.04332
G1 X62.255 Y43.316 E.02252
G1 X61.65 Y43.244 E.02062
G1 X60.782 Y43.097 E.02981
G1 X60.929 Y42.26 E.02876
G1 X61.789 Y42.414 E.02956
G1 X62.347 Y42.48 E.01901
G1 X62.936 Y42.521 E.01997
G1 X64.217 Y42.521 E.04338
G1 X64.779 Y42.479 E.01906
G1 X65.489 Y42.388 E.02425
G1 X66.149 Y42.268 E.0227
M204 S10000
G1 X65.848 Y42.757 F7200
M204 S1500
;TYPE:Inner wall
;WIDTH:0.435614
G1 F1527.907
G1 X65.372 Y42.832 E.01574
;WIDTH:0.432288
G1 F1540.959
G1 X64.801 Y42.894 E.01857
;WIDTH:0.442918
G1 F1500.007
G1 X64.177 Y42.946 E.02084
G1 X62.907 Y42.946 E.04223
;WIDTH:0.444006
G1 F1495.938
G1 X62.022 Y42.87 E.02965
G1 X61.271 Y42.758 E.02531
; stop printing object fidget-finger-massager-2000-rods-rod-09.stl id:0 copy 0
; printing object fidget-finger-massager-2000-rods-rod-06.stl id:0 copy 0
M204 S10000
G1 E-.8 F1800
G1 X58.245 Y44.105 Z9.4 F7200
G1 Z9
G1 E.8 F1800
M204 S500
;TYPE:Outer wall
;WIDTH:0.449999
G1 F1473.915
G1 X58.091 Y44.965 E.02956
G1 X58.025 Y45.523 E.01901
G1 X57.984 Y46.111 E.01997
G1 X57.984 Y47.393 E.04338
G1 X58.026 Y47.954 E.01905
G1 X58.091 Y48.506 E.01881
G1 X58.245 Y49.364 E.0295
G1 X57.414 Y49.51 E.02854
G1 X57.212 Y48.32 E.04087
G1 X57.134 Y47.375 E.03209
G1 X57.134 Y46.094 E.04338
G1 X57.211 Y45.155 E.03187
G1 X57.415 Y43.959 E.04109
G1 X58.205 Y44.098 E.02717
M204 S10000
G1 E-.8 F1800
G1 X57.754 Y49.028 Z9.4 F7200
G1 Z9
G1 E.8 F1800
M204 S1500
;TYPE:Inner wall
;WIDTH:0.429302
G1 F1552.867
G1 X57.675 Y48.547 E.01565
;WIDTH:0.434022
G1 F1534.127
G1 X57.606 Y47.977 E.01866
;WIDTH:0.44292
G1 F1500
G1 X57.559 Y47.358 E.02066
G1 X57.559 Y46.083 E.0424
;WIDTH:0.44378
G1 F1496.782
G1 X57.634 Y45.209 E.02925
G1 X57.755 Y44.441 E.0259
; stop printing object fidget-finger-massager-2000-rods-rod-06.stl id:0 copy 0
; printing object fidget-finger-massager-2000-rods-rod-08.stl id:0 copy 0
M204 S10000
G1 E-.8 F1800
G1 X54.642 Y44.105 Z9.4 F7200
G1 Z9
G1 E.8 F1800
M204 S500
;TYPE:Outer wall
;WIDTH:0.449999
G1 F1473.915
G1 X54.488 Y44.965 E.02956
G1 X54.422 Y45.523 E.01901
G1 X54.381 Y46.111 E.01997
G1 X54.381 Y47.393 E.04338
G1 X54.423 Y47.954 E.01905
G1 X54.488 Y48.506 E.01881
G1 X54.642 Y49.364 E.0295
G1 X53.811 Y49.51 E.02854
G1 X53.609 Y48.32 E.04087
G1 X53.531 Y47.375 E.03209
G1 X53.531 Y46.094 E.04338
G1 X53.608 Y45.155 E.03187
G1 X53.812 Y43.959 E.04109
G1 X54.602 Y44.098 E.02717
M204 S10000
G1 E-.8 F1800
G1 X54.151 Y49.028 Z9.4 F7200
G1 Z9
G1 E.8 F1800
M204 S1500
;TYPE:Inner wall
;WIDTH:0.429302
G1 F1552.867
G1 X54.072 Y48.547 E.01565
;WIDTH:0.434022
G1 F1534.127
G1 X54.003 Y47.977 E.01866
;WIDTH:0.44292
G1 F1500
G1 X53.956 Y47.358 E.02066
G1 X53.956 Y46.083 E.0424
;WIDTH:0.44378
G1 F1496.782
G1 X54.031 Y45.209 E.02925
G1 X54.152 Y44.441 E.0259
; stop printing object fidget-finger-massager-2000-rods-rod-08.stl id:0 copy 0
;LAYER_CHANGE
;Z:9.2
;HEIGHT:0.2
G92 E0
;_SET_FAN_SPEED_CHANGING_LAYER
; printing object fidget-finger-massager-2000-rods-rod-07.stl id:0 copy 0
M204 S10000
G1 E-.8 F1800
G1 X54.628 Y52.059 Z9.6 F7200
G1 X54.642 Y52.287 Z9.6
G1 Z9.2
G1 E.8 F1800
M204 S500
;TYPE:Outer wall
;WIDTH:0.449999
G1 F1473.915
G1 X54.487 Y53.153 E.02977
G1 X54.422 Y53.704 E.01881
G1 X54.381 Y54.293 E.01997
G1 X54.381 Y55.574 E.04338
G1 X54.423 Y56.136 E.01906
G1 X54.489 Y56.694 E.01901
G1 X54.642 Y57.546 E.02929
G1 X53.811 Y57.692 E.02854
G1 X53.609 Y56.502 E.04087
G1 X53.531 Y55.557 E.03209
G1 X53.531 Y54.275 E.04338
G1 X53.608 Y53.337 E.03187
G1 X53.812 Y52.14 E.04109
G1 X54.602 Y52.28 E.02717
M204 S10000
G1 E-.8 F1800
G1 X54.151 Y57.209 Z9.6 F7200
G1 Z9.2
G1 E.8 F1800
M204 S1500
;TYPE:Inner wall
;WIDTH:0.429212
G1 F1553.229
G1 X54.073 Y56.735 E.01545
;WIDTH:0.434022
G1 F1534.127
G1 X54.003 Y56.159 E.01887
;WIDTH:0.44292
G1 F1500
G1 X53.956 Y55.539 E.02066
G1 X53.956 Y54.265 E.0424
;WIDTH:0.443674
G1 F1497.178
G1 X54.031 Y53.39 E.02925
G1 X54.152 Y52.623 E.02589
; stop printing object fidget-finger-massager-2000-rods-rod-07.stl id:0 copy 0
; printing object fidget-finger-massager-2000-rods-rod-04.stl id:0 copy 0
M204 S10000
G1 E-.8 F1800
G1 X58.245 Y52.287 Z9.6 F7200
G1 Z9.2
G1 E.8 F1800
M204 S500
;TYPE:Outer wall
;WIDTH:0.449999
G1 F1473.915
G1 X58.09 Y53.153 E.02977
G1 X58.025 Y53.704 E.01881
G1 X57.984 Y54.293 E.01997
G1 X57.984 Y55.574 E.04338
G1 X58.026 Y56.136 E.01906
G1 X58.092 Y56.694 E.01901
G1 X58.245 Y57.546 E.02929
G1 X57.414 Y57.692 E.02854
G1 X57.212 Y56.502 E.04087
G1 X57.134 Y55.557 E.03209
G1 X57.134 Y54.275 E.04338
G1 X57.211 Y53.337 E.03187
G1 X57.415 Y52.14 E.04109
G1 X58.205 Y52.28 E.02717
M204 S10000
G1 E-.8 F1800
G1 X57.754 Y57.209 Z9.6 F7200
G1 Z9.2
G1 E.8 F1800
M204 S1500
;TYPE:Inner wall
;WIDTH:0.429212
G1 F1553.229
G1 X57.676 Y56.735 E.01545
;WIDTH:0.434022
G1 F1534.127
G1 X57.606 Y56.159 E.01887
;WIDTH:0.44292
G1 F1500
G1 X57.559 Y55.539 E.02066
G1 X57.559 Y54.265 E.0424
;WIDTH:0.443674
G1 F1497.178
G1 X57.634 Y53.39 E.02925
G1 X57.755 Y52.623 E.02589
; stop printing object fidget-finger-massager-2000-rods-rod-04.stl id:0 copy 0
; printing object fidget-finger-massager-2000-rods-rod-01.stl id:0 copy 0
M204 S10000
G1 E-.8 F1800
G1 X64.642 Y55.912 Z9.6 F7200
G1 X66.232 Y56.672 Z9.6
G1 Z9.2
G1 E.8 F1800
M204 S500
;TYPE:Outer wall
;WIDTH:0.449999
G1 F1473.915
G1 X66.379 Y57.502 E.02854
G1 X65.188 Y57.704 E.04087
G1 X64.244 Y57.782 E.03208
G1 X62.963 Y57.782 E.04334
G1 X61.543 Y57.64 E.04831
G1 X60.83 Y57.505 E.02458
G1 X60.977 Y56.672 E.02863
G1 X61.833 Y56.825 E.02945
G1 X62.391 Y56.891 E.01901
G1 X62.984 Y56.932 E.02014
G1 X64.261 Y56.932 E.04321
G1 X64.822 Y56.89 E.01905
G1 X65.374 Y56.825 E.01881
G1 X66.193 Y56.679 E.02815
M204 S10000
G1 X65.896 Y57.162 F7200
M204 S1500
;TYPE:Inner wall
;WIDTH:0.429302
G1 F1552.867
G1 X65.415 Y57.241 E.01565
;WIDTH:0.434022
G1 F1534.127
G1 X64.846 Y57.31 E.01866
;WIDTH:0.442918
G1 F1500.007
G1 X64.226 Y57.357 E.02066
G1 X62.96 Y57.357 E.0421
G1 X62.334 Y57.302 E.02091
;WIDTH:0.435736
G1 F1527.433
G1 X61.317 Y57.168 E.03351
; stop printing object fidget-finger-massager-2000-rods-rod-01.stl id:0 copy 0
; printing object fidget-finger-massager-2000-rods-rod-02.stl id:0 copy 0
M204 S10000
G1 E-.8 F1800
G1 X66.232 Y53.069 Z9.6 F7200
G1 Z9.2
G1 E.8 F1800
M204 S500
;TYPE:Outer wall
;WIDTH:0.449999
G1 F1473.915
G1 X66.379 Y53.899 E.02854
G1 X65.188 Y54.101 E.04087
G1 X64.244 Y54.179 E.03208
G1 X62.963 Y54.179 E.04334
G1 X61.543 Y54.037 E.04831
G1 X60.83 Y53.903 E.02458
G1 X60.977 Y53.07 E.02863
G1 X61.833 Y53.222 E.02945
G1 X62.391 Y53.288 E.01901
G1 X62.984 Y53.329 E.02014
G1 X64.261 Y53.329 E.04321
G1 X64.822 Y53.287 E.01905
G1 X65.374 Y53.222 E.01881
G1 X66.193 Y53.076 E.02815
M204 S10000
G1 X65.896 Y53.559 F7200
M204 S1500
;TYPE:Inner wall
;WIDTH:0.429302
G1 F1552.867
G1 X65.415 Y53.639 E.01565
;WIDTH:0.434022
G1 F1534.127
G1 X64.846 Y53.708 E.01866
;WIDTH:0.442918
G1 F1500.007
G1 X64.226 Y53.754 E.02066
G1 X62.96 Y53.754 E.0421
G1 X62.334 Y53.699 E.02091
;WIDTH:0.435736
G1 F1527.433
G1 X61.317 Y53.566 E.03351
; stop printing object fidget-finger-massager-2000-rods-rod-02.stl id:0 copy 0
; printing object fidget-finger-massager-2000-rods-rod-03.stl id:0 copy 0
M204 S10000
G1 E-.8 F1800
G1 X66.232 Y49.466 Z9.6 F7200
G1 Z9.2
G1 E.8 F1800
M204 S500
;TYPE:Outer wall
;WIDTH:0.449999
G1 F1473.915
G1 X66.379 Y50.296 E.02854
G1 X65.188 Y50.499 E.04087
G1 X64.244 Y50.576 E.03208
G1 X62.963 Y50.576 E.04334
G1 X61.543 Y50.434 E.04831
G1 X60.83 Y50.3 E.02458
G1 X60.977 Y49.467 E.02863
G1 X61.833 Y49.62 E.02945
G1 X62.391 Y49.685 E.01901
G1 X62.984 Y49.726 E.02014
G1 X64.261 Y49.726 E.04321
G1 X64.822 Y49.685 E.01905
G1 X65.374 Y49.619 E.01881
G1 X66.193 Y49.473 E.02815
M204 S10000
G1 X65.896 Y49.956 F7200
M204 S1500
;TYPE:Inner wall
;WIDTH:0.429302
G1 F1552.867
G1 X65.415 Y50.036 E.01565
;WIDTH:0.434022
G1 F1534.127
M73 P54 R8
G1 X64.846 Y50.105 E.01866
;WIDTH:0.442918
G1 F1500.007
G1 X64.226 Y50.151 E.02066
G1 X62.96 Y50.151 E.0421
G1 X62.334 Y50.097 E.02091
;WIDTH:0.435736
G1 F1527.433
G1 X61.317 Y49.963 E.03351
; stop printing object fidget-finger-massager-2000-rods-rod-03.stl id:0 copy 0
; printing object fidget-finger-massager-2000-rods-rod-05.stl id:0 copy 0
M204 S10000
G1 E-.8 F1800
G1 X66.232 Y45.863 Z9.6 F7200
G1 Z9.2
G1 E.8 F1800
M204 S500
;TYPE:Outer wall
;WIDTH:0.449999
G1 F1473.915
G1 X66.379 Y46.694 E.02854
G1 X65.188 Y46.896 E.04087
G1 X64.244 Y46.974 E.03208
G1 X62.963 Y46.974 E.04334
G1 X61.543 Y46.832 E.04831
G1 X60.83 Y46.697 E.02458
G1 X60.977 Y45.864 E.02863
G1 X61.833 Y46.017 E.02945
G1 X62.391 Y46.083 E.01901
G1 X62.984 Y46.124 E.02014
G1 X64.261 Y46.124 E.04321
G1 X64.822 Y46.082 E.01905
G1 X65.374 Y46.017 E.01881
G1 X66.193 Y45.87 E.02815
M204 S10000
G1 X65.896 Y46.354 F7200
M204 S1500
;TYPE:Inner wall
;WIDTH:0.429302
G1 F1552.867
G1 X65.415 Y46.433 E.01565
;WIDTH:0.434022
G1 F1534.127
G1 X64.846 Y46.502 E.01866
;WIDTH:0.442918
G1 F1500.007
G1 X64.226 Y46.549 E.02066
G1 X62.96 Y46.549 E.0421
G1 X62.334 Y46.494 E.02091
;WIDTH:0.435736
G1 F1527.433
G1 X61.317 Y46.36 E.03351
; stop printing object fidget-finger-massager-2000-rods-rod-05.stl id:0 copy 0
; printing object fidget-finger-massager-2000-rods-rod-09.stl id:0 copy 0
M204 S10000
G1 E-.8 F1800
G1 X66.188 Y42.26 Z9.6 F7200
G1 Z9.2
G1 E.8 F1800
M204 S500
;TYPE:Outer wall
;WIDTH:0.449999
G1 F1473.915
G1 X66.335 Y43.091 E.02854
G1 X65.144 Y43.293 E.04087
G1 X64.2 Y43.371 E.03208
G1 X62.919 Y43.371 E.04334
G1 X61.499 Y43.229 E.04831
G1 X60.786 Y43.094 E.02458
G1 X60.933 Y42.261 E.02863
G1 X61.789 Y42.414 E.02945
G1 X62.347 Y42.48 E.01901
G1 X62.94 Y42.521 E.02014
G1 X64.217 Y42.521 E.04321
G1 X64.779 Y42.479 E.01905
G1 X65.33 Y42.414 E.01881
G1 X66.149 Y42.268 E.02815
M204 S10000
G1 X65.852 Y42.751 F7200
M204 S1500
;TYPE:Inner wall
;WIDTH:0.429302
G1 F1552.867
G1 X65.371 Y42.83 E.01565
;WIDTH:0.434022
G1 F1534.127
G1 X64.802 Y42.899 E.01866
;WIDTH:0.442918
G1 F1500.007
G1 X64.182 Y42.946 E.02066
G1 X62.916 Y42.946 E.0421
G1 X62.29 Y42.891 E.02091
;WIDTH:0.435736
G1 F1527.433
G1 X61.273 Y42.757 E.03351
; stop printing object fidget-finger-massager-2000-rods-rod-09.stl id:0 copy 0
; printing object fidget-finger-massager-2000-rods-rod-06.stl id:0 copy 0
M204 S10000
G1 E-.8 F1800
G1 X58.245 Y44.105 Z9.6 F7200
G1 Z9.2
G1 E.8 F1800
M204 S500
;TYPE:Outer wall
;WIDTH:0.449999
G1 F1473.915
G1 X58.09 Y44.971 E.02977
G1 X58.025 Y45.523 E.01881
G1 X57.984 Y46.111 E.01997
G1 X57.984 Y47.393 E.04338
G1 X58.026 Y47.954 E.01906
G1 X58.092 Y48.512 E.01901
G1 X58.245 Y49.364 E.02929
G1 X57.414 Y49.51 E.02854
G1 X57.212 Y48.32 E.04087
G1 X57.134 Y47.375 E.03209
G1 X57.134 Y46.094 E.04338
G1 X57.211 Y45.155 E.03187
G1 X57.415 Y43.959 E.04109
G1 X58.205 Y44.098 E.02717
M204 S10000
G1 E-.8 F1800
G1 X57.754 Y49.028 Z9.6 F7200
G1 Z9.2
G1 E.8 F1800
M204 S1500
;TYPE:Inner wall
;WIDTH:0.429212
G1 F1553.229
G1 X57.676 Y48.553 E.01545
;WIDTH:0.434022
G1 F1534.127
G1 X57.606 Y47.977 E.01887
;WIDTH:0.44292
G1 F1500
G1 X57.559 Y47.358 E.02066
G1 X57.559 Y46.083 E.0424
;WIDTH:0.443674
G1 F1497.178
G1 X57.634 Y45.209 E.02925
G1 X57.755 Y44.441 E.02589
; stop printing object fidget-finger-massager-2000-rods-rod-06.stl id:0 copy 0
; printing object fidget-finger-massager-2000-rods-rod-08.stl id:0 copy 0
M204 S10000
G1 E-.8 F1800
G1 X54.642 Y44.105 Z9.6 F7200
G1 Z9.2
G1 E.8 F1800
M204 S500
;TYPE:Outer wall
;WIDTH:0.449999
G1 F1473.915
G1 X54.487 Y44.971 E.02977
G1 X54.422 Y45.523 E.01881
G1 X54.381 Y46.111 E.01997
G1 X54.381 Y47.393 E.04338
G1 X54.423 Y47.954 E.01906
G1 X54.489 Y48.512 E.01901
G1 X54.642 Y49.364 E.02929
G1 X53.811 Y49.51 E.02854
G1 X53.609 Y48.32 E.04087
G1 X53.531 Y47.375 E.03209
G1 X53.531 Y46.094 E.04338
G1 X53.608 Y45.155 E.03187
G1 X53.812 Y43.959 E.04109
G1 X54.602 Y44.098 E.02717
M204 S10000
G1 E-.8 F1800
G1 X54.151 Y49.028 Z9.6 F7200
G1 Z9.2
M73 P54 R7
G1 E.8 F1800
M204 S1500
;TYPE:Inner wall
;WIDTH:0.429212
G1 F1553.229
G1 X54.073 Y48.553 E.01545
;WIDTH:0.434022
G1 F1534.127
G1 X54.003 Y47.977 E.01887
;WIDTH:0.44292
G1 F1500
G1 X53.956 Y47.358 E.02066
G1 X53.956 Y46.083 E.0424
;WIDTH:0.443674
G1 F1497.178
G1 X54.031 Y45.209 E.02925
G1 X54.152 Y44.441 E.02589
; stop printing object fidget-finger-massager-2000-rods-rod-08.stl id:0 copy 0
;LAYER_CHANGE
;Z:9.4
;HEIGHT:0.2
G92 E0
;_SET_FAN_SPEED_CHANGING_LAYER
; printing object fidget-finger-massager-2000-rods-rod-07.stl id:0 copy 0
M204 S10000
G1 E-.8 F1800
G1 X54.628 Y52.059 Z9.8 F7200
G1 X54.642 Y52.287 Z9.8
G1 Z9.4
G1 E.8 F1800
M204 S500
;TYPE:Outer wall
;WIDTH:0.449999
G1 F1473.915
G1 X54.487 Y53.154 E.02981
G1 X54.422 Y53.705 E.01879
G1 X54.381 Y54.293 E.01994
G1 X54.381 Y55.574 E.04339
G1 X54.423 Y56.135 E.01904
G1 X54.491 Y56.704 E.01939
G1 X54.642 Y57.546 E.02893
G1 X53.811 Y57.692 E.02854
G1 X53.61 Y56.506 E.04072
G1 X53.531 Y55.557 E.03223
G1 X53.531 Y54.275 E.04338
G1 X53.607 Y53.354 E.03129
G1 X53.674 Y52.854 E.01709
G1 X53.809 Y52.14 E.02458
G1 X54.602 Y52.28 E.02728
M204 S10000
G1 E-.8 F1800
G1 X54.151 Y57.209 Z9.8 F7200
G1 Z9.4
G1 E.8 F1800
M204 S1500
;TYPE:Inner wall
;WIDTH:0.429226
G1 F1553.173
G1 X54.075 Y56.746 E.01509
;WIDTH:0.433894
G1 F1534.629
G1 X54.003 Y56.158 E.01925
;WIDTH:0.44292
G1 F1500
G1 X53.956 Y55.539 E.02064
G1 X53.956 Y54.265 E.0424
;WIDTH:0.443906
G1 F1496.312
G1 X54.031 Y53.389 E.02931
G1 X54.145 Y52.627 E.02567
; stop printing object fidget-finger-massager-2000-rods-rod-07.stl id:0 copy 0
; printing object fidget-finger-massager-2000-rods-rod-04.stl id:0 copy 0
M204 S10000
G1 E-.8 F1800
G1 X58.245 Y52.287 Z9.8 F7200
G1 Z9.4
G1 E.8 F1800
M204 S500
;TYPE:Outer wall
;WIDTH:0.449999
G1 F1473.915
G1 X58.09 Y53.154 E.02981
G1 X58.025 Y53.705 E.01879
G1 X57.984 Y54.293 E.01994
G1 X57.984 Y55.574 E.04339
G1 X58.026 Y56.135 E.01904
G1 X58.094 Y56.704 E.01939
G1 X58.245 Y57.546 E.02893
G1 X57.414 Y57.692 E.02854
G1 X57.212 Y56.506 E.04072
G1 X57.134 Y55.557 E.03223
G1 X57.134 Y54.275 E.04338
G1 X57.21 Y53.354 E.03129
G1 X57.277 Y52.854 E.01709
G1 X57.412 Y52.14 E.02458
G1 X58.205 Y52.28 E.02728
M204 S10000
G1 E-.8 F1800
G1 X57.754 Y57.209 Z9.8 F7200
G1 Z9.4
G1 E.8 F1800
M204 S1500
;TYPE:Inner wall
;WIDTH:0.429226
G1 F1553.173
G1 X57.677 Y56.746 E.01509
;WIDTH:0.433894
G1 F1534.629
G1 X57.606 Y56.158 E.01925
;WIDTH:0.44292
G1 F1500
G1 X57.559 Y55.539 E.02064
G1 X57.559 Y54.265 E.0424
;WIDTH:0.443906
G1 F1496.312
G1 X57.634 Y53.389 E.02931
G1 X57.748 Y52.627 E.02567
; stop printing object fidget-finger-massager-2000-rods-rod-04.stl id:0 copy 0
; printing object fidget-finger-massager-2000-rods-rod-01.stl id:0 copy 0
M204 S10000
G1 E-.8 F1800
G1 X64.638 Y55.912 Z9.8 F7200
G1 X66.232 Y56.672 Z9.8
G1 Z9.4
G1 E.8 F1800
M204 S500
;TYPE:Outer wall
;WIDTH:0.449999
G1 F1473.915
G1 X66.379 Y57.502 E.02854
G1 X65.193 Y57.704 E.04072
G1 X64.244 Y57.782 E.03223
G1 X62.962 Y57.782 E.04338
G1 X62.3 Y57.727 E.02249
G1 X61.702 Y57.656 E.0204
G1 X60.826 Y57.508 E.03006
G1 X60.973 Y56.672 E.02876
G1 X61.84 Y56.826 E.02981
G1 X62.392 Y56.891 E.01879
G1 X62.98 Y56.932 E.01995
G1 X64.261 Y56.932 E.04338
G1 X64.822 Y56.89 E.01904
G1 X65.391 Y56.822 E.01939
G1 X66.193 Y56.679 E.02758
M204 S10000
G1 X65.896 Y57.162 F7200
M204 S1500
;TYPE:Inner wall
;WIDTH:0.429226
G1 F1553.173
G1 X65.433 Y57.239 E.01509
;WIDTH:0.433896
G1 F1534.621
G1 X64.845 Y57.31 E.01925
;WIDTH:0.442918
G1 F1500.007
G1 X64.226 Y57.357 E.02064
G1 X62.951 Y57.357 E.0424
;WIDTH:0.443864
G1 F1496.468
G1 X62.061 Y57.281 E.02978
G1 X61.315 Y57.169 E.02516
; stop printing object fidget-finger-massager-2000-rods-rod-01.stl id:0 copy 0
; printing object fidget-finger-massager-2000-rods-rod-02.stl id:0 copy 0
M204 S10000
G1 E-.8 F1800
G1 X66.232 Y53.069 Z9.8 F7200
G1 Z9.4
G1 E.8 F1800
M204 S500
;TYPE:Outer wall
;WIDTH:0.449999
G1 F1473.915
G1 X66.379 Y53.899 E.02854
G1 X65.193 Y54.101 E.04072
G1 X64.244 Y54.179 E.03223
G1 X62.962 Y54.179 E.04338
G1 X62.3 Y54.125 E.02249
G1 X61.702 Y54.053 E.0204
G1 X60.826 Y53.906 E.03006
G1 X60.973 Y53.069 E.02876
G1 X61.84 Y53.224 E.02981
G1 X62.392 Y53.288 E.01879
G1 X62.98 Y53.329 E.01995
G1 X64.261 Y53.329 E.04338
G1 X64.822 Y53.288 E.01904
G1 X65.391 Y53.22 E.01939
G1 X66.193 Y53.076 E.02758
M204 S10000
G1 X65.896 Y53.559 F7200
M204 S1500
;TYPE:Inner wall
;WIDTH:0.429226
G1 F1553.173
G1 X65.433 Y53.636 E.01509
;WIDTH:0.433896
G1 F1534.621
G1 X64.845 Y53.708 E.01925
;WIDTH:0.442918
G1 F1500.007
G1 X64.226 Y53.754 E.02064
G1 X62.951 Y53.754 E.0424
;WIDTH:0.443864
G1 F1496.468
G1 X62.061 Y53.678 E.02978
G1 X61.315 Y53.567 E.02516
; stop printing object fidget-finger-massager-2000-rods-rod-02.stl id:0 copy 0
; printing object fidget-finger-massager-2000-rods-rod-03.stl id:0 copy 0
M204 S10000
G1 E-.8 F1800
G1 X66.232 Y49.466 Z9.8 F7200
G1 Z9.4
G1 E.8 F1800
M204 S500
;TYPE:Outer wall
;WIDTH:0.449999
G1 F1473.915
G1 X66.379 Y50.296 E.02854
G1 X65.193 Y50.498 E.04072
G1 X64.244 Y50.576 E.03223
G1 X62.962 Y50.576 E.04338
M73 P55 R7
G1 X62.3 Y50.522 E.02249
G1 X61.702 Y50.451 E.0204
G1 X60.826 Y50.303 E.03006
G1 X60.973 Y49.466 E.02876
G1 X61.84 Y49.621 E.02981
G1 X62.392 Y49.686 E.01879
G1 X62.98 Y49.726 E.01995
G1 X64.261 Y49.726 E.04338
G1 X64.822 Y49.685 E.01904
G1 X65.391 Y49.617 E.01939
G1 X66.193 Y49.473 E.02758
M204 S10000
G1 X65.896 Y49.956 F7200
M204 S1500
;TYPE:Inner wall
;WIDTH:0.429226
G1 F1553.173
G1 X65.433 Y50.033 E.01509
;WIDTH:0.433896
G1 F1534.621
G1 X64.845 Y50.105 E.01925
;WIDTH:0.442918
G1 F1500.007
G1 X64.226 Y50.151 E.02064
G1 X62.951 Y50.151 E.0424
;WIDTH:0.443864
G1 F1496.468
G1 X62.061 Y50.075 E.02978
G1 X61.315 Y49.964 E.02516
; stop printing object fidget-finger-massager-2000-rods-rod-03.stl id:0 copy 0
; printing object fidget-finger-massager-2000-rods-rod-05.stl id:0 copy 0
M204 S10000
G1 E-.8 F1800
G1 X66.232 Y45.863 Z9.8 F7200
G1 Z9.4
G1 E.8 F1800
M204 S500
;TYPE:Outer wall
;WIDTH:0.449999
G1 F1473.915
G1 X66.379 Y46.694 E.02854
G1 X65.193 Y46.895 E.04072
G1 X64.244 Y46.974 E.03223
G1 X62.962 Y46.974 E.04338
G1 X62.3 Y46.919 E.02249
G1 X61.702 Y46.848 E.0204
G1 X60.826 Y46.7 E.03006
G1 X60.973 Y45.863 E.02876
G1 X61.84 Y46.018 E.02981
G1 X62.392 Y46.083 E.01879
G1 X62.98 Y46.124 E.01995
G1 X64.261 Y46.124 E.04338
G1 X64.822 Y46.082 E.01904
G1 X65.391 Y46.014 E.01939
G1 X66.193 Y45.87 E.02758
M204 S10000
G1 X65.896 Y46.354 F7200
M204 S1500
;TYPE:Inner wall
;WIDTH:0.429226
G1 F1553.173
G1 X65.433 Y46.43 E.01509
;WIDTH:0.433896
G1 F1534.621
G1 X64.845 Y46.502 E.01925
;WIDTH:0.442918
G1 F1500.007
G1 X64.226 Y46.549 E.02064
G1 X62.951 Y46.549 E.0424
;WIDTH:0.443864
G1 F1496.468
G1 X62.061 Y46.472 E.02978
G1 X61.315 Y46.361 E.02516
; stop printing object fidget-finger-massager-2000-rods-rod-05.stl id:0 copy 0
; printing object fidget-finger-massager-2000-rods-rod-09.stl id:0 copy 0
M204 S10000
G1 E-.8 F1800
G1 X66.188 Y42.26 Z9.8 F7200
G1 Z9.4
G1 E.8 F1800
M204 S500
;TYPE:Outer wall
;WIDTH:0.449999
G1 F1473.915
G1 X66.335 Y43.091 E.02854
G1 X65.149 Y43.293 E.04072
G1 X64.2 Y43.371 E.03223
G1 X62.918 Y43.371 E.04338
G1 X62.256 Y43.316 E.02249
G1 X61.658 Y43.245 E.0204
G1 X60.782 Y43.097 E.03006
G1 X60.929 Y42.26 E.02876
G1 X61.796 Y42.415 E.02981
G1 X62.348 Y42.48 E.01879
G1 X62.936 Y42.521 E.01995
G1 X64.217 Y42.521 E.04338
G1 X64.778 Y42.479 E.01904
G1 X65.347 Y42.411 E.01939
G1 X66.149 Y42.268 E.02758
M204 S10000
G1 X65.852 Y42.751 F7200
M204 S1500
;TYPE:Inner wall
;WIDTH:0.429226
G1 F1553.173
G1 X65.389 Y42.828 E.01509
;WIDTH:0.433896
G1 F1534.621
G1 X64.801 Y42.899 E.01925
;WIDTH:0.442918
G1 F1500.007
G1 X64.182 Y42.946 E.02064
G1 X62.907 Y42.946 E.0424
;WIDTH:0.443864
G1 F1496.468
G1 X62.017 Y42.87 E.02978
G1 X61.271 Y42.758 E.02516
; stop printing object fidget-finger-massager-2000-rods-rod-09.stl id:0 copy 0
; printing object fidget-finger-massager-2000-rods-rod-06.stl id:0 copy 0
M204 S10000
G1 E-.8 F1800
G1 X58.245 Y44.105 Z9.8 F7200
G1 Z9.4
G1 E.8 F1800
M204 S500
;TYPE:Outer wall
;WIDTH:0.449999
G1 F1473.915
G1 X58.09 Y44.972 E.02981
G1 X58.025 Y45.523 E.01879
G1 X57.984 Y46.111 E.01994
G1 X57.984 Y47.393 E.04339
G1 X58.026 Y47.954 E.01904
G1 X58.094 Y48.523 E.01939
G1 X58.245 Y49.364 E.02893
G1 X57.414 Y49.51 E.02854
G1 X57.212 Y48.324 E.04072
G1 X57.134 Y47.375 E.03223
G1 X57.134 Y46.094 E.04338
G1 X57.21 Y45.172 E.03129
G1 X57.277 Y44.672 E.01709
G1 X57.412 Y43.958 E.02458
G1 X58.205 Y44.098 E.02728
M204 S10000
G1 E-.8 F1800
G1 X57.754 Y49.028 Z9.8 F7200
G1 Z9.4
G1 E.8 F1800
M204 S1500
;TYPE:Inner wall
;WIDTH:0.429226
G1 F1553.173
G1 X57.677 Y48.565 E.01509
;WIDTH:0.433894
G1 F1534.629
G1 X57.606 Y47.977 E.01925
;WIDTH:0.44292
G1 F1500
G1 X57.559 Y47.358 E.02064
G1 X57.559 Y46.083 E.0424
;WIDTH:0.443906
G1 F1496.312
G1 X57.634 Y45.207 E.02931
G1 X57.748 Y44.446 E.02567
; stop printing object fidget-finger-massager-2000-rods-rod-06.stl id:0 copy 0
; printing object fidget-finger-massager-2000-rods-rod-08.stl id:0 copy 0
M204 S10000
G1 E-.8 F1800
G1 X54.642 Y44.105 Z9.8 F7200
G1 Z9.4
G1 E.8 F1800
M204 S500
;TYPE:Outer wall
;WIDTH:0.449999
G1 F1473.915
G1 X54.487 Y44.972 E.02981
G1 X54.422 Y45.523 E.01879
G1 X54.381 Y46.111 E.01994
G1 X54.381 Y47.393 E.04339
G1 X54.423 Y47.954 E.01904
G1 X54.491 Y48.523 E.01939
G1 X54.642 Y49.364 E.02893
G1 X53.811 Y49.51 E.02854
G1 X53.61 Y48.324 E.04072
G1 X53.531 Y47.375 E.03223
G1 X53.531 Y46.094 E.04338
G1 X53.607 Y45.172 E.03129
G1 X53.674 Y44.672 E.01709
G1 X53.809 Y43.958 E.02458
G1 X54.602 Y44.098 E.02728
M204 S10000
G1 E-.8 F1800
G1 X54.151 Y49.028 Z9.8 F7200
G1 Z9.4
G1 E.8 F1800
M204 S1500
;TYPE:Inner wall
;WIDTH:0.429226
G1 F1553.173
G1 X54.075 Y48.565 E.01509
;WIDTH:0.433894
G1 F1534.629
G1 X54.003 Y47.977 E.01925
;WIDTH:0.44292
G1 F1500
G1 X53.956 Y47.358 E.02064
G1 X53.956 Y46.083 E.0424
;WIDTH:0.443906
G1 F1496.312
G1 X54.031 Y45.207 E.02931
G1 X54.145 Y44.446 E.02567
; stop printing object fidget-finger-massager-2000-rods-rod-08.stl id:0 copy 0
;LAYER_CHANGE
;Z:9.6
;HEIGHT:0.200001
G92 E0
;_SET_FAN_SPEED_CHANGING_LAYER
; printing object fidget-finger-massager-2000-rods-rod-07.stl id:0 copy 0
M204 S10000
G1 E-.8 F1800
G1 X54.628 Y52.063 Z10 F7200
G1 X54.642 Y52.287 Z10
G1 Z9.6
G1 E.8 F1800
M204 S500
;TYPE:Outer wall
;WIDTH:0.449999
G1 F1473.915
G1 X54.487 Y53.155 E.02985
G1 X54.422 Y53.706 E.01876
G1 X54.381 Y54.293 E.01992
G1 X54.381 Y55.574 E.04339
G1 X54.423 Y56.135 E.01902
G1 X54.493 Y56.715 E.01977
G1 X54.642 Y57.546 E.02857
G1 X53.811 Y57.692 E.02854
G1 X53.61 Y56.51 E.04058
G1 X53.531 Y55.557 E.03238
G1 X53.531 Y54.275 E.04338
G1 X53.607 Y53.352 E.03137
G1 X53.675 Y52.847 E.01723
G1 X53.809 Y52.14 E.02436
G1 X54.602 Y52.28 E.02728
M204 S10000
G1 E-.8 F1800
G1 X54.151 Y57.209 Z10 F7200
G1 Z9.6
G1 E.8 F1800
M204 S1500
;TYPE:Inner wall
;WIDTH:0.429236
G1 F1553.133
G1 X54.076 Y56.757 E.01473
;WIDTH:0.433768
G1 F1535.123
G1 X54.003 Y56.158 E.01963
;WIDTH:0.44292
G1 F1500
G1 X53.956 Y55.539 E.02063
G1 X53.956 Y54.265 E.0424
;WIDTH:0.443778
G1 F1496.79
G1 X54.03 Y53.397 E.02901
G1 X54.145 Y52.627 E.02596
; stop printing object fidget-finger-massager-2000-rods-rod-07.stl id:0 copy 0
; printing object fidget-finger-massager-2000-rods-rod-04.stl id:0 copy 0
M204 S10000
G1 E-.8 F1800
G1 X58.245 Y52.287 Z10 F7200
G1 Z9.6
G1 E.8 F1800
M204 S500
;TYPE:Outer wall
;WIDTH:0.449999
G1 F1473.915
G1 X58.09 Y53.155 E.02985
G1 X58.025 Y53.706 E.01876
G1 X57.984 Y54.293 E.01992
G1 X57.984 Y55.574 E.04339
G1 X58.026 Y56.135 E.01902
G1 X58.095 Y56.715 E.01977
G1 X58.245 Y57.546 E.02857
G1 X57.414 Y57.692 E.02854
G1 X57.213 Y56.51 E.04058
G1 X57.134 Y55.557 E.03238
G1 X57.134 Y54.275 E.04338
G1 X57.21 Y53.352 E.03137
G1 X57.278 Y52.847 E.01723
G1 X57.411 Y52.14 E.02436
G1 X58.205 Y52.28 E.02728
M204 S10000
G1 E-.8 F1800
G1 X57.754 Y57.209 Z10 F7200
G1 Z9.6
G1 E.8 F1800
M204 S1500
;TYPE:Inner wall
;WIDTH:0.429236
G1 F1553.133
G1 X57.679 Y56.757 E.01473
;WIDTH:0.433768
G1 F1535.123
G1 X57.606 Y56.158 E.01963
;WIDTH:0.44292
G1 F1500
G1 X57.559 Y55.539 E.02063
G1 X57.559 Y54.265 E.0424
;WIDTH:0.443778
G1 F1496.79
G1 X57.633 Y53.397 E.02901
G1 X57.748 Y52.627 E.02596
; stop printing object fidget-finger-massager-2000-rods-rod-04.stl id:0 copy 0
; printing object fidget-finger-massager-2000-rods-rod-01.stl id:0 copy 0
M204 S10000
G1 E-.8 F1800
G1 X64.638 Y55.911 Z10 F7200
G1 X66.232 Y56.672 Z10
G1 Z9.6
G1 E.8 F1800
M204 S500
;TYPE:Outer wall
;WIDTH:0.449999
G1 F1473.915
G1 X66.379 Y57.502 E.02854
G1 X65.197 Y57.703 E.04058
G1 X64.243 Y57.782 E.03238
G1 X62.962 Y57.782 E.04337
G1 X62.3 Y57.727 E.02247
G1 X61.703 Y57.656 E.02037
G1 X60.826 Y57.508 E.03011
G1 X60.973 Y56.672 E.02876
G1 X61.842 Y56.826 E.02985
G1 X62.392 Y56.891 E.01876
G1 X62.98 Y56.932 E.01993
G1 X64.261 Y56.932 E.04338
G1 X64.822 Y56.89 E.01903
G1 X65.402 Y56.821 E.01977
G1 X66.193 Y56.679 E.02721
M204 S10000
G1 X65.896 Y57.162 F7200
M204 S1500
;TYPE:Inner wall
;WIDTH:0.429236
G1 F1553.133
G1 X65.444 Y57.237 E.01473
;WIDTH:0.433768
G1 F1535.123
G1 X64.844 Y57.31 E.01963
;WIDTH:0.442918
G1 F1500.007
G1 X64.226 Y57.357 E.02063
G1 X62.951 Y57.357 E.04239
;WIDTH:0.443832
G1 F1496.588
G1 X62.057 Y57.28 E.02992
G1 X61.315 Y57.169 E.02501
; stop printing object fidget-finger-massager-2000-rods-rod-01.stl id:0 copy 0
; printing object fidget-finger-massager-2000-rods-rod-02.stl id:0 copy 0
M204 S10000
G1 E-.8 F1800
G1 X66.232 Y53.069 Z10 F7200
G1 Z9.6
G1 E.8 F1800
M204 S500
;TYPE:Outer wall
;WIDTH:0.449999
G1 F1473.915
G1 X66.379 Y53.899 E.02854
G1 X65.197 Y54.1 E.04058
G1 X64.243 Y54.179 E.03238
G1 X62.962 Y54.179 E.04337
G1 X62.3 Y54.124 E.02247
G1 X61.703 Y54.054 E.02037
G1 X60.826 Y53.905 E.03011
G1 X60.973 Y53.069 E.02876
G1 X61.842 Y53.224 E.02985
G1 X62.392 Y53.288 E.01876
G1 X62.98 Y53.329 E.01993
G1 X64.261 Y53.329 E.04338
G1 X64.822 Y53.288 E.01903
G1 X65.402 Y53.218 E.01977
G1 X66.193 Y53.076 E.02721
M204 S10000
G1 X65.896 Y53.559 F7200
M204 S1500
;TYPE:Inner wall
;WIDTH:0.429236
G1 F1553.133
G1 X65.444 Y53.634 E.01473
;WIDTH:0.433768
G1 F1535.123
G1 X64.844 Y53.708 E.01963
;WIDTH:0.442918
G1 F1500.007
G1 X64.226 Y53.754 E.02063
G1 X62.951 Y53.754 E.04239
;WIDTH:0.443832
G1 F1496.588
M73 P56 R7
G1 X62.057 Y53.677 E.02992
G1 X61.315 Y53.567 E.02501
; stop printing object fidget-finger-massager-2000-rods-rod-02.stl id:0 copy 0
; printing object fidget-finger-massager-2000-rods-rod-03.stl id:0 copy 0
M204 S10000
G1 E-.8 F1800
G1 X66.232 Y49.466 Z10 F7200
G1 Z9.6
G1 E.8 F1800
M204 S500
;TYPE:Outer wall
;WIDTH:0.449999
G1 F1473.915
G1 X66.379 Y50.296 E.02854
G1 X65.197 Y50.498 E.04058
G1 X64.243 Y50.576 E.03238
G1 X62.962 Y50.576 E.04337
G1 X62.3 Y50.522 E.02247
G1 X61.703 Y50.451 E.02037
G1 X60.826 Y50.303 E.03011
G1 X60.973 Y49.466 E.02876
G1 X61.842 Y49.621 E.02985
G1 X62.392 Y49.686 E.01876
G1 X62.98 Y49.726 E.01993
G1 X64.261 Y49.726 E.04338
G1 X64.822 Y49.685 E.01903
G1 X65.402 Y49.615 E.01977
G1 X66.193 Y49.473 E.02721
M204 S10000
G1 X65.896 Y49.956 F7200
M204 S1500
;TYPE:Inner wall
;WIDTH:0.429236
G1 F1553.133
G1 X65.444 Y50.031 E.01473
;WIDTH:0.433768
G1 F1535.123
G1 X64.844 Y50.105 E.01963
;WIDTH:0.442918
G1 F1500.007
G1 X64.226 Y50.151 E.02063
G1 X62.951 Y50.151 E.04239
;WIDTH:0.443832
G1 F1496.588
G1 X62.057 Y50.075 E.02992
G1 X61.315 Y49.964 E.02501
; stop printing object fidget-finger-massager-2000-rods-rod-03.stl id:0 copy 0
; printing object fidget-finger-massager-2000-rods-rod-05.stl id:0 copy 0
M204 S10000
G1 E-.8 F1800
G1 X66.232 Y45.863 Z10 F7200
G1 Z9.6
G1 E.8 F1800
M204 S500
;TYPE:Outer wall
;WIDTH:0.449999
G1 F1473.915
G1 X66.379 Y46.694 E.02854
G1 X65.197 Y46.895 E.04058
G1 X64.243 Y46.974 E.03238
G1 X62.962 Y46.974 E.04337
G1 X62.3 Y46.919 E.02247
G1 X61.703 Y46.848 E.02037
G1 X60.826 Y46.7 E.03011
G1 X60.973 Y45.863 E.02876
G1 X61.842 Y46.018 E.02985
G1 X62.392 Y46.083 E.01876
G1 X62.98 Y46.124 E.01993
G1 X64.261 Y46.124 E.04338
G1 X64.822 Y46.082 E.01903
G1 X65.402 Y46.012 E.01977
G1 X66.193 Y45.87 E.02721
M204 S10000
G1 X65.896 Y46.354 F7200
M204 S1500
;TYPE:Inner wall
;WIDTH:0.429236
G1 F1553.133
G1 X65.444 Y46.429 E.01473
;WIDTH:0.433768
G1 F1535.123
G1 X64.844 Y46.502 E.01963
;WIDTH:0.442918
G1 F1500.007
G1 X64.226 Y46.549 E.02063
G1 X62.951 Y46.549 E.04239
;WIDTH:0.443832
G1 F1496.588
G1 X62.057 Y46.472 E.02992
G1 X61.315 Y46.361 E.02501
; stop printing object fidget-finger-massager-2000-rods-rod-05.stl id:0 copy 0
; printing object fidget-finger-massager-2000-rods-rod-09.stl id:0 copy 0
M204 S10000
G1 E-.8 F1800
G1 X66.188 Y42.26 Z10 F7200
G1 Z9.6
G1 E.8 F1800
M204 S500
;TYPE:Outer wall
;WIDTH:0.449999
G1 F1473.915
G1 X66.335 Y43.091 E.02854
G1 X65.153 Y43.292 E.04058
G1 X64.2 Y43.371 E.03238
G1 X62.918 Y43.371 E.04337
G1 X62.257 Y43.316 E.02247
G1 X61.659 Y43.245 E.02037
G1 X60.782 Y43.097 E.03011
G1 X60.929 Y42.26 E.02876
G1 X61.798 Y42.415 E.02985
G1 X62.348 Y42.48 E.01876
G1 X62.936 Y42.521 E.01993
G1 X64.217 Y42.521 E.04338
G1 X64.778 Y42.479 E.01903
G1 X65.358 Y42.41 E.01977
G1 X66.149 Y42.268 E.02721
M204 S10000
G1 X65.852 Y42.751 F7200
M204 S1500
;TYPE:Inner wall
;WIDTH:0.429236
G1 F1553.133
G1 X65.4 Y42.826 E.01473
;WIDTH:0.433768
G1 F1535.123
G1 X64.8 Y42.899 E.01963
;WIDTH:0.442918
G1 F1500.007
G1 X64.182 Y42.946 E.02063
G1 X62.907 Y42.946 E.04239
;WIDTH:0.443832
G1 F1496.588
G1 X62.013 Y42.869 E.02992
G1 X61.271 Y42.758 E.02501
; stop printing object fidget-finger-massager-2000-rods-rod-09.stl id:0 copy 0
; printing object fidget-finger-massager-2000-rods-rod-06.stl id:0 copy 0
M204 S10000
G1 E-.8 F1800
G1 X58.245 Y44.105 Z10 F7200
G1 Z9.6
G1 E.8 F1800
M204 S500
;TYPE:Outer wall
;WIDTH:0.449999
G1 F1473.915
G1 X58.09 Y44.973 E.02985
G1 X58.025 Y45.524 E.01876
G1 X57.984 Y46.111 E.01992
G1 X57.984 Y47.393 E.04339
G1 X58.026 Y47.953 E.01902
G1 X58.095 Y48.533 E.01977
G1 X58.245 Y49.364 E.02857
G1 X57.414 Y49.51 E.02854
G1 X57.213 Y48.329 E.04058
G1 X57.134 Y47.375 E.03238
G1 X57.134 Y46.094 E.04338
G1 X57.21 Y45.17 E.03137
G1 X57.278 Y44.666 E.01723
G1 X57.411 Y43.958 E.02436
G1 X58.205 Y44.098 E.02728
M204 S10000
G1 E-.8 F1800
G1 X57.754 Y49.028 Z10 F7200
G1 Z9.6
G1 E.8 F1800
M204 S1500
;TYPE:Inner wall
;WIDTH:0.429236
G1 F1553.133
G1 X57.679 Y48.576 E.01473
;WIDTH:0.433768
G1 F1535.123
G1 X57.606 Y47.976 E.01963
;WIDTH:0.44292
G1 F1500
G1 X57.559 Y47.358 E.02063
G1 X57.559 Y46.083 E.0424
;WIDTH:0.443778
G1 F1496.79
G1 X57.633 Y45.216 E.02901
G1 X57.748 Y44.446 E.02596
; stop printing object fidget-finger-massager-2000-rods-rod-06.stl id:0 copy 0
; printing object fidget-finger-massager-2000-rods-rod-08.stl id:0 copy 0
M204 S10000
G1 E-.8 F1800
G1 X54.642 Y44.105 Z10 F7200
G1 Z9.6
G1 E.8 F1800
M204 S500
;TYPE:Outer wall
;WIDTH:0.449999
G1 F1473.915
G1 X54.487 Y44.973 E.02985
G1 X54.422 Y45.524 E.01876
G1 X54.381 Y46.111 E.01992
G1 X54.381 Y47.393 E.04339
G1 X54.423 Y47.953 E.01902
G1 X54.493 Y48.533 E.01977
G1 X54.642 Y49.364 E.02857
G1 X53.811 Y49.51 E.02854
G1 X53.61 Y48.329 E.04058
G1 X53.531 Y47.375 E.03238
G1 X53.531 Y46.094 E.04338
G1 X53.607 Y45.17 E.03137
G1 X53.675 Y44.666 E.01723
G1 X53.809 Y43.958 E.02436
G1 X54.602 Y44.098 E.02728
M204 S10000
G1 E-.8 F1800
G1 X54.151 Y49.028 Z10 F7200
G1 Z9.6
G1 E.8 F1800
M204 S1500
;TYPE:Inner wall
;WIDTH:0.429236
G1 F1553.133
G1 X54.076 Y48.576 E.01473
;WIDTH:0.433768
G1 F1535.123
G1 X54.003 Y47.976 E.01963
;WIDTH:0.44292
G1 F1500
G1 X53.956 Y47.358 E.02063
G1 X53.956 Y46.083 E.0424
;WIDTH:0.443778
G1 F1496.79
G1 X54.03 Y45.216 E.02901
G1 X54.145 Y44.446 E.02596
; stop printing object fidget-finger-massager-2000-rods-rod-08.stl id:0 copy 0
;LAYER_CHANGE
;Z:9.8
;HEIGHT:0.2
G92 E0
;_SET_FAN_SPEED_CHANGING_LAYER
; printing object fidget-finger-massager-2000-rods-rod-07.stl id:0 copy 0
M204 S10000
G1 E-.8 F1800
G1 X54.628 Y52.063 Z10.2 F7200
G1 X54.642 Y52.287 Z10.2
G1 Z9.8
G1 E.8 F1800
M204 S500
;TYPE:Outer wall
;WIDTH:0.449999
G1 F1473.915
G1 X54.487 Y53.156 E.0299
G1 X54.422 Y53.706 E.01874
G1 X54.381 Y54.298 E.02008
G1 X54.381 Y55.574 E.04321
G1 X54.423 Y56.135 E.01901
G1 X54.516 Y56.861 E.02478
G1 X54.642 Y57.546 E.02357
G1 X53.809 Y57.692 E.02864
G1 X53.676 Y56.993 E.02408
G1 X53.583 Y56.207 E.02681
G1 X53.531 Y55.559 E.02201
G1 X53.531 Y54.277 E.0434
G1 X53.676 Y52.837 E.04897
G1 X53.809 Y52.14 E.02403
G1 X54.602 Y52.28 E.02728
M204 S10000
G1 E-.8 F1800
G1 X54.145 Y57.205 Z10.2 F7200
G1 Z9.8
G1 E.8 F1800
M204 S1500
;TYPE:Inner wall
;WIDTH:0.4368
G1 F1523.307
G1 X54.074 Y56.769 E.01448
G1 X54.002 Y56.157 E.02017
;WIDTH:0.44292
G1 F1500
G1 X53.956 Y55.545 E.02042
G1 X53.956 Y54.274 E.04227
G1 X54.011 Y53.65 E.02084
;WIDTH:0.435876
G1 F1526.888
G1 X54.145 Y52.627 E.0337
; stop printing object fidget-finger-massager-2000-rods-rod-07.stl id:0 copy 0
; printing object fidget-finger-massager-2000-rods-rod-04.stl id:0 copy 0
M204 S10000
G1 E-.8 F1800
G1 X58.245 Y52.287 Z10.2 F7200
G1 Z9.8
G1 E.8 F1800
M204 S500
;TYPE:Outer wall
;WIDTH:0.449999
G1 F1473.915
G1 X58.089 Y53.156 E.0299
G1 X58.025 Y53.706 E.01874
G1 X57.984 Y54.298 E.02008
G1 X57.984 Y55.574 E.04321
G1 X58.026 Y56.135 E.01901
G1 X58.119 Y56.861 E.02478
G1 X58.245 Y57.546 E.02357
G1 X57.411 Y57.692 E.02864
G1 X57.279 Y56.993 E.02408
G1 X57.186 Y56.207 E.02681
G1 X57.134 Y55.559 E.02201
G1 X57.134 Y54.277 E.0434
G1 X57.279 Y52.837 E.04897
G1 X57.411 Y52.14 E.02403
G1 X58.205 Y52.28 E.02728
M204 S10000
G1 E-.8 F1800
G1 X57.748 Y57.205 Z10.2 F7200
G1 Z9.8
G1 E.8 F1800
M204 S1500
;TYPE:Inner wall
;WIDTH:0.4368
G1 F1523.307
G1 X57.677 Y56.769 E.01448
G1 X57.604 Y56.157 E.02017
;WIDTH:0.44292
G1 F1500
G1 X57.559 Y55.545 E.02042
G1 X57.559 Y54.274 E.04227
G1 X57.614 Y53.65 E.02084
;WIDTH:0.435876
G1 F1526.888
G1 X57.748 Y52.627 E.0337
; stop printing object fidget-finger-massager-2000-rods-rod-04.stl id:0 copy 0
; printing object fidget-finger-massager-2000-rods-rod-01.stl id:0 copy 0
M204 S10000
G1 E-.8 F1800
G1 X64.638 Y55.911 Z10.2 F7200
G1 X66.232 Y56.672 Z10.2
G1 Z9.8
G1 E.8 F1800
M204 S500
;TYPE:Outer wall
;WIDTH:0.449999
G1 F1473.915
G1 X66.379 Y57.502 E.02855
G1 X65.201 Y57.703 E.04043
G1 X64.243 Y57.782 E.03252
G1 X62.962 Y57.782 E.04337
G1 X62.301 Y57.727 E.02245
G1 X61.704 Y57.657 E.02035
G1 X60.826 Y57.508 E.03015
G1 X60.973 Y56.672 E.02876
G1 X61.843 Y56.827 E.0299
G1 X62.393 Y56.891 E.01874
G1 X62.98 Y56.932 E.01991
G1 X64.261 Y56.932 E.04338
G1 X64.821 Y56.89 E.01901
G1 X65.412 Y56.819 E.02015
G1 X66.193 Y56.679 E.02684
M204 S10000
G1 X65.896 Y57.162 F7200
M204 S1500
;TYPE:Inner wall
;WIDTH:0.429246
G1 F1553.092
G1 X65.455 Y57.235 E.01436
;WIDTH:0.43364
G1 F1535.627
G1 X64.844 Y57.31 E.02001
;WIDTH:0.442918
G1 F1500.007
G1 X64.226 Y57.357 E.02061
G1 X62.951 Y57.357 E.04239
;WIDTH:0.4438
G1 F1496.707
G1 X62.053 Y57.28 E.03007
G1 X61.315 Y57.17 E.02487
; stop printing object fidget-finger-massager-2000-rods-rod-01.stl id:0 copy 0
; printing object fidget-finger-massager-2000-rods-rod-02.stl id:0 copy 0
M204 S10000
G1 E-.8 F1800
G1 X66.232 Y53.069 Z10.2 F7200
G1 Z9.8
G1 E.8 F1800
M204 S500
;TYPE:Outer wall
;WIDTH:0.449999
G1 F1473.915
G1 X66.379 Y53.899 E.02855
G1 X65.201 Y54.1 E.04043
G1 X64.243 Y54.179 E.03252
G1 X62.962 Y54.179 E.04337
G1 X62.301 Y54.124 E.02245
G1 X61.704 Y54.054 E.02035
G1 X60.826 Y53.905 E.03015
M73 P57 R7
G1 X60.973 Y53.069 E.02876
G1 X61.843 Y53.224 E.0299
G1 X62.393 Y53.288 E.01874
G1 X62.98 Y53.329 E.01991
G1 X64.261 Y53.329 E.04338
G1 X64.821 Y53.288 E.01901
G1 X65.412 Y53.216 E.02015
G1 X66.193 Y53.076 E.02684
M204 S10000
G1 X65.896 Y53.559 F7200
M204 S1500
;TYPE:Inner wall
;WIDTH:0.429246
G1 F1553.092
G1 X65.455 Y53.632 E.01436
;WIDTH:0.43364
G1 F1535.627
G1 X64.844 Y53.708 E.02001
;WIDTH:0.442918
G1 F1500.007
G1 X64.226 Y53.754 E.02061
G1 X62.951 Y53.754 E.04239
;WIDTH:0.4438
G1 F1496.707
G1 X62.053 Y53.677 E.03007
G1 X61.315 Y53.567 E.02487
; stop printing object fidget-finger-massager-2000-rods-rod-02.stl id:0 copy 0
; printing object fidget-finger-massager-2000-rods-rod-03.stl id:0 copy 0
M204 S10000
G1 E-.8 F1800
G1 X66.232 Y49.466 Z10.2 F7200
G1 Z9.8
G1 E.8 F1800
M204 S500
;TYPE:Outer wall
;WIDTH:0.449999
G1 F1473.915
G1 X66.379 Y50.297 E.02855
G1 X65.201 Y50.497 E.04043
G1 X64.243 Y50.576 E.03252
G1 X62.962 Y50.576 E.04337
G1 X62.301 Y50.522 E.02245
G1 X61.704 Y50.451 E.02035
G1 X60.826 Y50.303 E.03015
G1 X60.973 Y49.466 E.02876
G1 X61.843 Y49.621 E.0299
G1 X62.393 Y49.686 E.01874
G1 X62.98 Y49.726 E.01991
G1 X64.261 Y49.726 E.04338
G1 X64.821 Y49.685 E.01901
G1 X65.412 Y49.613 E.02015
G1 X66.193 Y49.473 E.02684
M204 S10000
G1 X65.896 Y49.957 F7200
M204 S1500
;TYPE:Inner wall
;WIDTH:0.429246
G1 F1553.092
G1 X65.455 Y50.03 E.01436
;WIDTH:0.43364
G1 F1535.627
G1 X64.844 Y50.105 E.02001
;WIDTH:0.442918
G1 F1500.007
G1 X64.226 Y50.151 E.02061
G1 X62.951 Y50.151 E.04239
;WIDTH:0.4438
G1 F1496.707
G1 X62.053 Y50.074 E.03007
G1 X61.315 Y49.964 E.02487
; stop printing object fidget-finger-massager-2000-rods-rod-03.stl id:0 copy 0
; printing object fidget-finger-massager-2000-rods-rod-05.stl id:0 copy 0
M204 S10000
G1 E-.8 F1800
G1 X66.232 Y45.863 Z10.2 F7200
G1 Z9.8
G1 E.8 F1800
M204 S500
;TYPE:Outer wall
;WIDTH:0.449999
G1 F1473.915
G1 X66.379 Y46.694 E.02855
G1 X65.201 Y46.894 E.04043
G1 X64.243 Y46.974 E.03252
G1 X62.962 Y46.974 E.04337
G1 X62.301 Y46.919 E.02245
G1 X61.704 Y46.848 E.02035
G1 X60.826 Y46.7 E.03015
G1 X60.973 Y45.863 E.02876
G1 X61.843 Y46.018 E.0299
G1 X62.393 Y46.083 E.01874
G1 X62.98 Y46.124 E.01991
G1 X64.261 Y46.124 E.04338
G1 X64.821 Y46.082 E.01901
G1 X65.412 Y46.011 E.02015
G1 X66.193 Y45.87 E.02684
M204 S10000
G1 X65.896 Y46.354 F7200
M204 S1500
;TYPE:Inner wall
;WIDTH:0.429246
G1 F1553.092
G1 X65.455 Y46.427 E.01436
;WIDTH:0.43364
G1 F1535.627
G1 X64.844 Y46.502 E.02001
;WIDTH:0.442918
G1 F1500.007
G1 X64.226 Y46.549 E.02061
G1 X62.951 Y46.549 E.04239
;WIDTH:0.4438
G1 F1496.707
G1 X62.053 Y46.471 E.03007
G1 X61.315 Y46.361 E.02487
; stop printing object fidget-finger-massager-2000-rods-rod-05.stl id:0 copy 0
; printing object fidget-finger-massager-2000-rods-rod-09.stl id:0 copy 0
M204 S10000
G1 E-.8 F1800
G1 X66.188 Y42.26 Z10.2 F7200
G1 Z9.8
G1 E.8 F1800
M204 S500
;TYPE:Outer wall
;WIDTH:0.449999
G1 F1473.915
G1 X66.335 Y43.091 E.02855
G1 X65.157 Y43.292 E.04043
G1 X64.2 Y43.371 E.03252
G1 X62.918 Y43.371 E.04337
G1 X62.257 Y43.316 E.02245
G1 X61.66 Y43.246 E.02035
G1 X60.782 Y43.097 E.03015
G1 X60.929 Y42.26 E.02876
G1 X61.799 Y42.416 E.0299
G1 X62.349 Y42.48 E.01874
G1 X62.936 Y42.521 E.01991
G1 X64.217 Y42.521 E.04338
G1 X64.777 Y42.479 E.01901
G1 X65.368 Y42.408 E.02015
G1 X66.149 Y42.268 E.02684
M204 S10000
G1 X65.852 Y42.751 F7200
M204 S1500
;TYPE:Inner wall
;WIDTH:0.429246
G1 F1553.092
G1 X65.411 Y42.824 E.01436
;WIDTH:0.43364
G1 F1535.627
G1 X64.8 Y42.899 E.02001
;WIDTH:0.442918
G1 F1500.007
G1 X64.182 Y42.946 E.02061
G1 X62.907 Y42.946 E.04239
;WIDTH:0.4438
G1 F1496.707
G1 X62.009 Y42.869 E.03007
G1 X61.271 Y42.758 E.02487
; stop printing object fidget-finger-massager-2000-rods-rod-09.stl id:0 copy 0
; printing object fidget-finger-massager-2000-rods-rod-06.stl id:0 copy 0
M204 S10000
G1 E-.8 F1800
G1 X58.245 Y44.105 Z10.2 F7200
G1 Z9.8
G1 E.8 F1800
M204 S500
;TYPE:Outer wall
;WIDTH:0.449999
G1 F1473.915
G1 X58.089 Y44.975 E.0299
G1 X58.025 Y45.525 E.01874
G1 X57.984 Y46.117 E.02008
G1 X57.984 Y47.393 E.04321
G1 X58.026 Y47.953 E.01901
G1 X58.119 Y48.679 E.02478
G1 X58.245 Y49.364 E.02357
G1 X57.411 Y49.511 E.02864
G1 X57.279 Y48.812 E.02408
G1 X57.186 Y48.025 E.02681
G1 X57.134 Y47.377 E.02201
G1 X57.134 Y46.095 E.0434
G1 X57.279 Y44.656 E.04897
G1 X57.411 Y43.958 E.02403
G1 X58.205 Y44.098 E.02728
M204 S10000
G1 E-.8 F1800
G1 X57.748 Y49.024 Z10.2 F7200
G1 Z9.8
G1 E.8 F1800
M204 S1500
;TYPE:Inner wall
;WIDTH:0.4368
G1 F1523.307
G1 X57.677 Y48.587 E.01448
G1 X57.604 Y47.976 E.02017
;WIDTH:0.44292
G1 F1500
G1 X57.559 Y47.363 E.02042
G1 X57.559 Y46.093 E.04227
G1 X57.614 Y45.468 E.02084
;WIDTH:0.435876
G1 F1526.888
G1 X57.748 Y44.446 E.0337
; stop printing object fidget-finger-massager-2000-rods-rod-06.stl id:0 copy 0
; printing object fidget-finger-massager-2000-rods-rod-08.stl id:0 copy 0
M204 S10000
G1 E-.8 F1800
G1 X54.642 Y44.105 Z10.2 F7200
G1 Z9.8
G1 E.8 F1800
M204 S500
;TYPE:Outer wall
;WIDTH:0.449999
G1 F1473.915
G1 X54.487 Y44.975 E.0299
G1 X54.422 Y45.525 E.01874
G1 X54.381 Y46.117 E.02008
G1 X54.381 Y47.393 E.04321
G1 X54.423 Y47.953 E.01901
G1 X54.516 Y48.679 E.02478
G1 X54.642 Y49.364 E.02357
G1 X53.809 Y49.511 E.02864
G1 X53.676 Y48.812 E.02408
G1 X53.583 Y48.025 E.02681
G1 X53.531 Y47.377 E.02201
G1 X53.531 Y46.095 E.0434
G1 X53.676 Y44.656 E.04897
G1 X53.809 Y43.958 E.02403
G1 X54.602 Y44.098 E.02728
M204 S10000
G1 E-.8 F1800
G1 X54.145 Y49.024 Z10.2 F7200
G1 Z9.8
G1 E.8 F1800
M204 S1500
;TYPE:Inner wall
;WIDTH:0.4368
G1 F1523.307
G1 X54.074 Y48.587 E.01448
G1 X54.002 Y47.976 E.02017
;WIDTH:0.44292
G1 F1500
G1 X53.956 Y47.363 E.02042
G1 X53.956 Y46.093 E.04227
G1 X54.011 Y45.468 E.02084
;WIDTH:0.435876
G1 F1526.888
G1 X54.145 Y44.446 E.0337
; stop printing object fidget-finger-massager-2000-rods-rod-08.stl id:0 copy 0
M106 S245
;LAYER_CHANGE
;Z:10
;HEIGHT:0.2
G92 E0
;_SET_FAN_SPEED_CHANGING_LAYER
; printing object fidget-finger-massager-2000-rods-rod-07.stl id:0 copy 0
M204 S10000
G1 E-.8 F1800
G1 X54.628 Y52.063 Z10.4 F7200
G1 X54.642 Y52.287 Z10.4
G1 Z10
G1 E.8 F1800
M204 S500
;TYPE:Outer wall
;WIDTH:0.449999
G1 F1473.915
G1 X54.527 Y52.952 E.02285
G1 X54.422 Y53.707 E.0258
G1 X54.381 Y54.298 E.02007
G1 X54.381 Y55.574 E.0432
G1 X54.423 Y56.133 E.01897
G1 X54.517 Y56.867 E.02504
G1 X54.642 Y57.546 E.02335
G1 X53.809 Y57.692 E.02864
G1 X53.677 Y57 E.02386
G1 X53.583 Y56.206 E.02705
G1 X53.531 Y55.559 E.02199
G1 X53.531 Y54.277 E.0434
G1 X53.678 Y52.831 E.04919
G1 X53.809 Y52.14 E.02381
G1 X54.602 Y52.28 E.02729
M204 S10000
G1 X54.146 Y52.628 F7200
M204 S1500
;TYPE:Inner wall
;WIDTH:0.450728
G1 F1471.281
G1 X54.009 Y53.676 E.03584
;WIDTH:0.44292
G1 F1500
G1 X53.956 Y54.298 E.02076
G1 X53.956 Y55.574 E.04244
G1 X54.004 Y56.183 E.0203
;WIDTH:0.43596
G1 F1526.562
G1 X54.145 Y57.205 E.03373
; stop printing object fidget-finger-massager-2000-rods-rod-07.stl id:0 copy 0
; printing object fidget-finger-massager-2000-rods-rod-04.stl id:0 copy 0
M204 S10000
G1 E-.8 F1800
G1 X58.245 Y52.287 Z10.4 F7200
G1 Z10
G1 E.8 F1800
M204 S500
;TYPE:Outer wall
;WIDTH:0.449999
G1 F1473.915
G1 X58.13 Y52.952 E.02285
G1 X58.025 Y53.707 E.0258
G1 X57.984 Y54.298 E.02007
G1 X57.984 Y55.574 E.0432
G1 X58.026 Y56.133 E.01897
G1 X58.12 Y56.867 E.02504
G1 X58.245 Y57.546 E.02335
G1 X57.411 Y57.692 E.02864
G1 X57.28 Y57 E.02386
G1 X57.186 Y56.206 E.02705
G1 X57.134 Y55.559 E.02199
G1 X57.134 Y54.277 E.0434
G1 X57.28 Y52.831 E.04919
G1 X57.411 Y52.14 E.02381
G1 X58.205 Y52.28 E.02729
M204 S10000
G1 X57.749 Y52.628 F7200
M204 S1500
;TYPE:Inner wall
;WIDTH:0.450728
G1 F1471.281
G1 X57.612 Y53.676 E.03584
;WIDTH:0.44292
G1 F1500
G1 X57.559 Y54.298 E.02076
G1 X57.559 Y55.574 E.04244
G1 X57.607 Y56.183 E.0203
;WIDTH:0.43596
G1 F1526.562
G1 X57.748 Y57.205 E.03373
; stop printing object fidget-finger-massager-2000-rods-rod-04.stl id:0 copy 0
; printing object fidget-finger-massager-2000-rods-rod-01.stl id:0 copy 0
M204 S10000
G1 E-.8 F1800
G1 X65.365 Y56.726 Z10.4 F7200
G1 X66.232 Y56.672 Z10.4
G1 Z10
G1 E.8 F1800
M204 S500
;TYPE:Outer wall
;WIDTH:0.449999
G1 F1473.915
G1 X66.379 Y57.502 E.02855
G1 X65.205 Y57.702 E.04029
G1 X64.243 Y57.782 E.03267
G1 X62.963 Y57.782 E.04334
G1 X61.577 Y57.645 E.04716
G1 X60.827 Y57.504 E.02583
G1 X60.973 Y56.672 E.02862
G1 X61.697 Y56.794 E.02484
G1 X62.393 Y56.891 E.02381
G1 X62.984 Y56.932 E.02004
G1 X64.261 Y56.932 E.04322
G1 X64.82 Y56.891 E.01897
G1 X65.369 Y56.826 E.01872
G1 X66.193 Y56.679 E.02832
M204 S10000
G1 X65.896 Y57.162 F7200
M204 S1500
;TYPE:Inner wall
;WIDTH:0.430076
G1 F1549.763
G1 X65.41 Y57.243 E.01585
;WIDTH:0.433518
G1 F1536.106
G1 X64.843 Y57.31 E.01856
;WIDTH:0.442918
G1 F1500.007
G1 X64.226 Y57.357 E.02058
G1 X62.96 Y57.357 E.04211
G1 X62.324 Y57.301 E.02122
;WIDTH:0.436258
G1 F1525.406
G1 X61.314 Y57.167 E.03332
; stop printing object fidget-finger-massager-2000-rods-rod-01.stl id:0 copy 0
; printing object fidget-finger-massager-2000-rods-rod-02.stl id:0 copy 0
M204 S10000
G1 E-.8 F1800
G1 X66.232 Y53.069 Z10.4 F7200
G1 Z10
G1 E.8 F1800
M204 S500
;TYPE:Outer wall
;WIDTH:0.449999
G1 F1473.915
G1 X66.379 Y53.899 E.02855
G1 X65.205 Y54.099 E.04029
G1 X64.243 Y54.179 E.03267
G1 X62.963 Y54.179 E.04334
G1 X61.577 Y54.042 E.04716
G1 X60.827 Y53.901 E.02583
G1 X60.973 Y53.069 E.02862
G1 X61.697 Y53.192 E.02484
M73 P58 R7
G1 X62.393 Y53.288 E.02381
G1 X62.984 Y53.329 E.02004
G1 X64.261 Y53.329 E.04322
G1 X64.82 Y53.288 E.01897
G1 X65.369 Y53.223 E.01872
G1 X66.193 Y53.076 E.02832
M204 S10000
G1 X65.896 Y53.559 F7200
M204 S1500
;TYPE:Inner wall
;WIDTH:0.430076
G1 F1549.763
G1 X65.41 Y53.64 E.01585
;WIDTH:0.433518
G1 F1536.106
G1 X64.843 Y53.708 E.01856
;WIDTH:0.442918
G1 F1500.007
G1 X64.226 Y53.754 E.02058
G1 X62.96 Y53.754 E.04211
G1 X62.324 Y53.699 E.02122
;WIDTH:0.436258
G1 F1525.406
G1 X61.314 Y53.564 E.03332
; stop printing object fidget-finger-massager-2000-rods-rod-02.stl id:0 copy 0
; printing object fidget-finger-massager-2000-rods-rod-03.stl id:0 copy 0
M204 S10000
G1 E-.8 F1800
G1 X66.232 Y49.466 Z10.4 F7200
G1 Z10
G1 E.8 F1800
M204 S500
;TYPE:Outer wall
;WIDTH:0.449999
G1 F1473.915
G1 X66.379 Y50.297 E.02855
G1 X65.205 Y50.497 E.04029
G1 X64.243 Y50.576 E.03267
G1 X62.963 Y50.576 E.04334
G1 X61.577 Y50.439 E.04716
G1 X60.827 Y50.299 E.02583
G1 X60.973 Y49.466 E.02862
G1 X61.697 Y49.589 E.02484
G1 X62.393 Y49.686 E.02381
G1 X62.984 Y49.726 E.02004
G1 X64.261 Y49.726 E.04322
G1 X64.82 Y49.685 E.01897
G1 X65.369 Y49.62 E.01872
G1 X66.193 Y49.473 E.02832
M204 S10000
G1 X65.896 Y49.957 F7200
M204 S1500
;TYPE:Inner wall
;WIDTH:0.430076
G1 F1549.763
G1 X65.41 Y50.037 E.01585
;WIDTH:0.433518
G1 F1536.106
G1 X64.843 Y50.105 E.01856
;WIDTH:0.442918
G1 F1500.007
G1 X64.226 Y50.151 E.02058
G1 X62.96 Y50.151 E.04211
G1 X62.324 Y50.096 E.02122
;WIDTH:0.436258
G1 F1525.406
G1 X61.314 Y49.961 E.03332
; stop printing object fidget-finger-massager-2000-rods-rod-03.stl id:0 copy 0
; printing object fidget-finger-massager-2000-rods-rod-05.stl id:0 copy 0
M204 S10000
G1 E-.8 F1800
G1 X66.232 Y45.863 Z10.4 F7200
G1 Z10
G1 E.8 F1800
M204 S500
;TYPE:Outer wall
;WIDTH:0.449999
G1 F1473.915
G1 X66.379 Y46.694 E.02855
G1 X65.205 Y46.894 E.04029
G1 X64.243 Y46.974 E.03267
G1 X62.963 Y46.974 E.04334
G1 X61.577 Y46.837 E.04716
G1 X60.827 Y46.696 E.02583
G1 X60.973 Y45.863 E.02862
G1 X61.697 Y45.986 E.02484
G1 X62.393 Y46.083 E.02381
G1 X62.984 Y46.124 E.02004
G1 X64.261 Y46.124 E.04322
G1 X64.82 Y46.082 E.01897
G1 X65.369 Y46.017 E.01872
G1 X66.193 Y45.87 E.02832
M204 S10000
G1 X65.896 Y46.354 F7200
M204 S1500
;TYPE:Inner wall
;WIDTH:0.430076
G1 F1549.763
G1 X65.41 Y46.434 E.01585
;WIDTH:0.433518
G1 F1536.106
G1 X64.843 Y46.502 E.01856
;WIDTH:0.442918
G1 F1500.007
G1 X64.226 Y46.549 E.02058
G1 X62.96 Y46.549 E.04211
G1 X62.324 Y46.493 E.02122
;WIDTH:0.436258
G1 F1525.406
G1 X61.314 Y46.358 E.03332
; stop printing object fidget-finger-massager-2000-rods-rod-05.stl id:0 copy 0
; printing object fidget-finger-massager-2000-rods-rod-09.stl id:0 copy 0
M204 S10000
G1 E-.8 F1800
G1 X66.188 Y42.26 Z10.4 F7200
G1 Z10
G1 E.8 F1800
M204 S500
;TYPE:Outer wall
;WIDTH:0.449999
G1 F1473.915
G1 X66.335 Y43.091 E.02855
G1 X65.161 Y43.291 E.04029
G1 X64.2 Y43.371 E.03267
G1 X62.919 Y43.371 E.04334
G1 X61.533 Y43.234 E.04716
G1 X60.783 Y43.093 E.02583
G1 X60.929 Y42.26 E.02862
G1 X61.653 Y42.383 E.02484
G1 X62.349 Y42.48 E.02381
G1 X62.94 Y42.521 E.02004
G1 X64.217 Y42.521 E.04322
G1 X64.776 Y42.479 E.01897
G1 X65.325 Y42.415 E.01872
G1 X66.149 Y42.267 E.02832
M204 S10000
G1 X65.852 Y42.751 F7200
M204 S1500
;TYPE:Inner wall
;WIDTH:0.430076
G1 F1549.763
G1 X65.366 Y42.831 E.01585
;WIDTH:0.433518
G1 F1536.106
G1 X64.799 Y42.899 E.01856
;WIDTH:0.442918
G1 F1500.007
G1 X64.182 Y42.946 E.02058
G1 X62.916 Y42.946 E.04211
G1 X62.28 Y42.89 E.02122
;WIDTH:0.436258
G1 F1525.406
G1 X61.27 Y42.756 E.03332
; stop printing object fidget-finger-massager-2000-rods-rod-09.stl id:0 copy 0
; printing object fidget-finger-massager-2000-rods-rod-06.stl id:0 copy 0
M204 S10000
G1 E-.8 F1800
G1 X58.245 Y44.105 Z10.4 F7200
G1 Z10
G1 E.8 F1800
M204 S500
;TYPE:Outer wall
;WIDTH:0.449999
G1 F1473.915
G1 X58.13 Y44.77 E.02285
G1 X58.025 Y45.525 E.0258
G1 X57.984 Y46.117 E.02007
G1 X57.984 Y47.393 E.0432
G1 X58.026 Y47.952 E.01897
G1 X58.12 Y48.685 E.02504
G1 X58.245 Y49.364 E.02335
G1 X57.411 Y49.511 E.02864
G1 X57.28 Y48.818 E.02386
G1 X57.186 Y48.025 E.02705
G1 X57.134 Y47.377 E.02199
G1 X57.134 Y46.095 E.0434
G1 X57.28 Y44.649 E.04919
G1 X57.411 Y43.958 E.02381
G1 X58.205 Y44.098 E.02729
M204 S10000
G1 X57.749 Y44.447 F7200
M204 S1500
;TYPE:Inner wall
;WIDTH:0.450728
G1 F1471.281
G1 X57.612 Y45.495 E.03584
;WIDTH:0.44292
G1 F1500
G1 X57.559 Y46.117 E.02076
G1 X57.559 Y47.393 E.04244
G1 X57.607 Y48.001 E.0203
;WIDTH:0.43596
G1 F1526.562
G1 X57.748 Y49.024 E.03373
; stop printing object fidget-finger-massager-2000-rods-rod-06.stl id:0 copy 0
; printing object fidget-finger-massager-2000-rods-rod-08.stl id:0 copy 0
M204 S10000
G1 E-.8 F1800
G1 X54.642 Y44.105 Z10.4 F7200
G1 Z10
G1 E.8 F1800
M204 S500
;TYPE:Outer wall
;WIDTH:0.449999
G1 F1473.915
G1 X54.527 Y44.77 E.02285
G1 X54.422 Y45.525 E.0258
G1 X54.381 Y46.117 E.02007
G1 X54.381 Y47.393 E.0432
G1 X54.423 Y47.952 E.01897
G1 X54.517 Y48.685 E.02504
G1 X54.642 Y49.364 E.02335
G1 X53.809 Y49.511 E.02864
G1 X53.677 Y48.818 E.02386
G1 X53.583 Y48.025 E.02705
G1 X53.531 Y47.377 E.02199
G1 X53.531 Y46.095 E.0434
G1 X53.678 Y44.649 E.04919
G1 X53.809 Y43.958 E.02381
G1 X54.602 Y44.098 E.02729
M204 S10000
G1 X54.146 Y44.447 F7200
M204 S1500
;TYPE:Inner wall
;WIDTH:0.450728
G1 F1471.281
G1 X54.009 Y45.495 E.03584
;WIDTH:0.44292
G1 F1500
G1 X53.956 Y46.117 E.02076
G1 X53.956 Y47.393 E.04244
G1 X54.004 Y48.001 E.0203
;WIDTH:0.43596
G1 F1526.562
G1 X54.145 Y49.024 E.03373
; stop printing object fidget-finger-massager-2000-rods-rod-08.stl id:0 copy 0
M106 S242
;LAYER_CHANGE
;Z:10.2
;HEIGHT:0.2
G92 E0
;_SET_FAN_SPEED_CHANGING_LAYER
; printing object fidget-finger-massager-2000-rods-rod-07.stl id:0 copy 0
M204 S10000
G1 E-.8 F1800
G1 X54.642 Y52.287 Z10.6 F7200
G1 Z10.2
G1 E.8 F1800
M204 S500
;TYPE:Outer wall
;WIDTH:0.449999
G1 F1473.915
G1 X54.574 Y52.613 E.01129
G1 X54.486 Y53.159 E.0187
G1 X54.422 Y53.707 E.0187
G1 X54.381 Y54.298 E.02004
G1 X54.381 Y55.574 E.0432
G1 X54.423 Y56.134 E.01897
G1 X54.498 Y56.751 E.02106
G1 X54.646 Y57.545 E.02733
G1 X53.809 Y57.692 E.02877
G1 X53.678 Y57.006 E.02365
G1 X53.583 Y56.206 E.02728
G1 X53.531 Y55.559 E.02197
G1 X53.531 Y54.277 E.0434
G1 X53.679 Y52.825 E.04941
G1 X53.809 Y52.14 E.02359
G1 X54.602 Y52.28 E.02729
M204 S10000
G1 E-.8 F1800
G1 X54.149 Y57.2 Z10.6 F7200
G1 Z10.2
G1 E.8 F1800
M204 S1500
;TYPE:Inner wall
;WIDTH:0.444704
G1 F1493.34
G1 X54.005 Y56.184 E.03427
;WIDTH:0.44292
G1 F1500
G1 X53.956 Y55.574 E.02036
G1 X53.956 Y54.298 E.04244
G1 X54.009 Y53.677 E.02074
;WIDTH:0.430342
G1 F1548.699
G1 X54.071 Y53.11 E.01838
;WIDTH:0.43605
G1 F1526.213
G1 X54.145 Y52.627 E.01596
; stop printing object fidget-finger-massager-2000-rods-rod-07.stl id:0 copy 0
; printing object fidget-finger-massager-2000-rods-rod-04.stl id:0 copy 0
M204 S10000
G1 E-.8 F1800
G1 X58.245 Y52.287 Z10.6 F7200
G1 Z10.2
G1 E.8 F1800
M204 S500
;TYPE:Outer wall
;WIDTH:0.449999
G1 F1473.915
G1 X58.177 Y52.613 E.01129
G1 X58.089 Y53.159 E.0187
G1 X58.025 Y53.707 E.0187
G1 X57.984 Y54.298 E.02004
G1 X57.984 Y55.574 E.0432
G1 X58.026 Y56.134 E.01897
G1 X58.101 Y56.751 E.02106
G1 X58.248 Y57.545 E.02733
G1 X57.411 Y57.692 E.02877
G1 X57.281 Y57.006 E.02365
G1 X57.185 Y56.206 E.02728
G1 X57.134 Y55.559 E.02197
G1 X57.134 Y54.277 E.0434
G1 X57.281 Y52.825 E.04941
G1 X57.411 Y52.14 E.02359
G1 X58.205 Y52.28 E.02729
M204 S10000
G1 E-.8 F1800
G1 X57.751 Y57.2 Z10.6 F7200
G1 Z10.2
G1 E.8 F1800
M204 S1500
;TYPE:Inner wall
;WIDTH:0.444704
G1 F1493.34
G1 X57.607 Y56.184 E.03427
;WIDTH:0.44292
G1 F1500
G1 X57.559 Y55.574 E.02036
G1 X57.559 Y54.298 E.04244
G1 X57.612 Y53.677 E.02074
;WIDTH:0.430342
G1 F1548.699
G1 X57.673 Y53.11 E.01838
;WIDTH:0.43605
G1 F1526.213
G1 X57.748 Y52.627 E.01596
; stop printing object fidget-finger-massager-2000-rods-rod-04.stl id:0 copy 0
; printing object fidget-finger-massager-2000-rods-rod-01.stl id:0 copy 0
M204 S10000
G1 E-.8 F1800
G1 X64.639 Y55.909 Z10.6 F7200
G1 X66.231 Y56.668 Z10.6
G1 Z10.2
G1 E.8 F1800
M204 S500
;TYPE:Outer wall
;WIDTH:0.449999
G1 F1473.915
G1 X66.379 Y57.502 E.02868
G1 X65.21 Y57.702 E.04014
G1 X64.243 Y57.782 E.03282
G1 X62.962 Y57.782 E.04337
G1 X62.302 Y57.727 E.02241
G1 X61.707 Y57.657 E.0203
G1 X60.826 Y57.508 E.03024
G1 X60.973 Y56.671 E.02876
G1 X61.845 Y56.827 E.02998
G1 X62.394 Y56.891 E.0187
G1 X62.98 Y56.932 E.01987
G1 X64.261 Y56.932 E.04337
G1 X64.82 Y56.89 E.01898
G1 X65.435 Y56.815 E.02097
G1 X66.192 Y56.675 E.02606
M204 S10000
G1 X65.891 Y57.159 F7200
M204 S1500
;TYPE:Inner wall
;WIDTH:0.434138
G1 F1533.672
G1 X65.477 Y57.232 E.01367
;WIDTH:0.433394
G1 F1536.594
G1 X64.842 Y57.31 E.02076
;WIDTH:0.442916
G1 F1500.015
G1 X64.226 Y57.357 E.02057
G1 X62.951 Y57.357 E.04239
;WIDTH:0.443734
G1 F1496.954
G1 X62.044 Y57.279 E.03035
G1 X61.315 Y57.17 E.02457
; stop printing object fidget-finger-massager-2000-rods-rod-01.stl id:0 copy 0
; printing object fidget-finger-massager-2000-rods-rod-02.stl id:0 copy 0
M204 S10000
G1 E-.8 F1800
G1 X66.231 Y53.065 Z10.6 F7200
G1 Z10.2
G1 E.8 F1800
M204 S500
;TYPE:Outer wall
;WIDTH:0.449999
G1 F1473.915
G1 X66.379 Y53.899 E.02868
G1 X65.21 Y54.099 E.04014
G1 X64.243 Y54.179 E.03282
G1 X62.962 Y54.179 E.04337
G1 X62.302 Y54.124 E.02241
G1 X61.707 Y54.055 E.0203
G1 X60.826 Y53.905 E.03024
G1 X60.973 Y53.069 E.02876
G1 X61.845 Y53.224 E.02998
G1 X62.394 Y53.289 E.0187
G1 X62.98 Y53.329 E.01987
G1 X64.261 Y53.329 E.04337
M73 P59 R7
G1 X64.82 Y53.288 E.01898
G1 X65.435 Y53.213 E.02097
G1 X66.192 Y53.072 E.02606
M204 S10000
G1 X65.891 Y53.556 F7200
M204 S1500
;TYPE:Inner wall
;WIDTH:0.434138
G1 F1533.672
G1 X65.477 Y53.629 E.01367
;WIDTH:0.433394
G1 F1536.594
G1 X64.842 Y53.708 E.02076
;WIDTH:0.442916
G1 F1500.015
G1 X64.226 Y53.754 E.02057
G1 X62.951 Y53.754 E.04239
;WIDTH:0.443734
G1 F1496.954
G1 X62.044 Y53.676 E.03035
G1 X61.315 Y53.567 E.02457
; stop printing object fidget-finger-massager-2000-rods-rod-02.stl id:0 copy 0
; printing object fidget-finger-massager-2000-rods-rod-03.stl id:0 copy 0
M204 S10000
G1 E-.8 F1800
G1 X66.231 Y49.462 Z10.6 F7200
G1 Z10.2
G1 E.8 F1800
M204 S500
;TYPE:Outer wall
;WIDTH:0.449999
G1 F1473.915
G1 X66.379 Y50.297 E.02868
G1 X65.21 Y50.496 E.04014
G1 X64.243 Y50.576 E.03282
G1 X62.962 Y50.576 E.04337
G1 X62.302 Y50.522 E.02241
G1 X61.707 Y50.452 E.0203
G1 X60.826 Y50.303 E.03024
G1 X60.973 Y49.466 E.02876
G1 X61.845 Y49.621 E.02998
G1 X62.394 Y49.686 E.0187
G1 X62.98 Y49.726 E.01987
G1 X64.261 Y49.726 E.04337
G1 X64.82 Y49.685 E.01898
G1 X65.435 Y49.61 E.02097
G1 X66.192 Y49.469 E.02606
M204 S10000
G1 X65.891 Y49.953 F7200
M204 S1500
;TYPE:Inner wall
;WIDTH:0.434138
G1 F1533.672
G1 X65.477 Y50.026 E.01367
;WIDTH:0.433394
G1 F1536.594
G1 X64.842 Y50.105 E.02076
;WIDTH:0.442916
G1 F1500.015
G1 X64.226 Y50.151 E.02057
G1 X62.951 Y50.151 E.04239
;WIDTH:0.443734
G1 F1496.954
G1 X62.044 Y50.073 E.03035
G1 X61.315 Y49.964 E.02457
; stop printing object fidget-finger-massager-2000-rods-rod-03.stl id:0 copy 0
; printing object fidget-finger-massager-2000-rods-rod-05.stl id:0 copy 0
M204 S10000
G1 E-.8 F1800
G1 X66.231 Y45.859 Z10.6 F7200
G1 Z10.2
G1 E.8 F1800
M204 S500
;TYPE:Outer wall
;WIDTH:0.449999
G1 F1473.915
G1 X66.379 Y46.694 E.02868
G1 X65.21 Y46.893 E.04014
G1 X64.243 Y46.974 E.03282
G1 X62.962 Y46.974 E.04337
G1 X62.302 Y46.919 E.02241
G1 X61.707 Y46.849 E.0203
G1 X60.826 Y46.7 E.03024
G1 X60.973 Y45.863 E.02876
G1 X61.845 Y46.019 E.02998
G1 X62.394 Y46.083 E.0187
G1 X62.98 Y46.124 E.01987
G1 X64.261 Y46.124 E.04337
G1 X64.82 Y46.082 E.01898
G1 X65.435 Y46.007 E.02097
G1 X66.192 Y45.867 E.02606
M204 S10000
G1 X65.891 Y46.35 F7200
M204 S1500
;TYPE:Inner wall
;WIDTH:0.434138
G1 F1533.672
G1 X65.477 Y46.423 E.01367
;WIDTH:0.433394
G1 F1536.594
G1 X64.842 Y46.502 E.02076
;WIDTH:0.442916
G1 F1500.015
G1 X64.226 Y46.549 E.02057
G1 X62.951 Y46.549 E.04239
;WIDTH:0.443734
G1 F1496.954
G1 X62.044 Y46.47 E.03035
G1 X61.315 Y46.361 E.02457
; stop printing object fidget-finger-massager-2000-rods-rod-05.stl id:0 copy 0
; printing object fidget-finger-massager-2000-rods-rod-09.stl id:0 copy 0
M204 S10000
G1 E-.8 F1800
G1 X66.188 Y42.257 Z10.6 F7200
G1 Z10.2
G1 E.8 F1800
M204 S500
;TYPE:Outer wall
;WIDTH:0.449999
G1 F1473.915
G1 X66.335 Y43.091 E.02868
G1 X65.166 Y43.29 E.04014
G1 X64.2 Y43.371 E.03282
G1 X62.918 Y43.371 E.04337
G1 X62.258 Y43.316 E.02241
G1 X61.663 Y43.246 E.0203
G1 X60.782 Y43.097 E.03024
G1 X60.929 Y42.26 E.02876
G1 X61.801 Y42.416 E.02998
G1 X62.35 Y42.48 E.0187
G1 X62.936 Y42.521 E.01987
G1 X64.217 Y42.521 E.04337
G1 X64.776 Y42.479 E.01898
G1 X65.391 Y42.404 E.02097
G1 X66.148 Y42.264 E.02606
M204 S10000
G1 X65.847 Y42.748 F7200
M204 S1500
;TYPE:Inner wall
;WIDTH:0.434138
G1 F1533.672
G1 X65.433 Y42.821 E.01367
;WIDTH:0.433394
G1 F1536.594
G1 X64.799 Y42.899 E.02076
;WIDTH:0.442916
G1 F1500.015
G1 X64.182 Y42.946 E.02057
G1 X62.907 Y42.946 E.04239
;WIDTH:0.443734
G1 F1496.954
G1 X62 Y42.868 E.03035
G1 X61.271 Y42.759 E.02457
; stop printing object fidget-finger-massager-2000-rods-rod-09.stl id:0 copy 0
; printing object fidget-finger-massager-2000-rods-rod-06.stl id:0 copy 0
M204 S10000
G1 E-.8 F1800
G1 X58.245 Y44.105 Z10.6 F7200
G1 Z10.2
G1 E.8 F1800
M204 S500
;TYPE:Outer wall
;WIDTH:0.449999
G1 F1473.915
G1 X58.177 Y44.432 E.01129
G1 X58.089 Y44.977 E.0187
G1 X58.025 Y45.526 E.0187
G1 X57.984 Y46.117 E.02004
G1 X57.984 Y47.393 E.0432
G1 X58.026 Y47.952 E.01897
G1 X58.101 Y48.569 E.02106
G1 X58.248 Y49.363 E.02733
G1 X57.411 Y49.511 E.02877
G1 X57.281 Y48.825 E.02365
G1 X57.185 Y48.024 E.02728
G1 X57.134 Y47.377 E.02197
G1 X57.134 Y46.095 E.0434
G1 X57.281 Y44.643 E.04941
G1 X57.411 Y43.958 E.02359
G1 X58.205 Y44.098 E.02729
M204 S10000
G1 E-.8 F1800
G1 X57.751 Y49.019 Z10.6 F7200
G1 Z10.2
G1 E.8 F1800
M204 S1500
;TYPE:Inner wall
;WIDTH:0.444704
G1 F1493.34
G1 X57.607 Y48.003 E.03427
;WIDTH:0.44292
G1 F1500
G1 X57.559 Y47.393 E.02036
G1 X57.559 Y46.117 E.04244
G1 X57.612 Y45.495 E.02074
;WIDTH:0.430342
G1 F1548.699
G1 X57.673 Y44.928 E.01838
;WIDTH:0.43605
G1 F1526.213
G1 X57.748 Y44.446 E.01596
; stop printing object fidget-finger-massager-2000-rods-rod-06.stl id:0 copy 0
; printing object fidget-finger-massager-2000-rods-rod-08.stl id:0 copy 0
M204 S10000
G1 E-.8 F1800
G1 X54.642 Y44.105 Z10.6 F7200
G1 Z10.2
G1 E.8 F1800
M204 S500
;TYPE:Outer wall
;WIDTH:0.449999
G1 F1473.915
G1 X54.574 Y44.432 E.01129
G1 X54.486 Y44.977 E.0187
G1 X54.422 Y45.526 E.0187
G1 X54.381 Y46.117 E.02004
G1 X54.381 Y47.393 E.0432
G1 X54.423 Y47.952 E.01897
G1 X54.498 Y48.569 E.02106
G1 X54.646 Y49.363 E.02733
G1 X53.809 Y49.511 E.02877
G1 X53.678 Y48.825 E.02365
G1 X53.583 Y48.024 E.02728
G1 X53.531 Y47.377 E.02197
G1 X53.531 Y46.095 E.0434
G1 X53.679 Y44.643 E.04941
G1 X53.809 Y43.958 E.02359
G1 X54.602 Y44.098 E.02729
M204 S10000
G1 E-.8 F1800
G1 X54.149 Y49.019 Z10.6 F7200
G1 Z10.2
G1 E.8 F1800
M204 S1500
;TYPE:Inner wall
;WIDTH:0.444704
G1 F1493.34
G1 X54.005 Y48.003 E.03427
;WIDTH:0.44292
G1 F1500
G1 X53.956 Y47.393 E.02036
G1 X53.956 Y46.117 E.04244
G1 X54.009 Y45.495 E.02074
;WIDTH:0.430342
G1 F1548.699
G1 X54.071 Y44.928 E.01838
;WIDTH:0.43605
G1 F1526.213
G1 X54.145 Y44.446 E.01596
; stop printing object fidget-finger-massager-2000-rods-rod-08.stl id:0 copy 0
;LAYER_CHANGE
;Z:10.4
;HEIGHT:0.2
G92 E0
;_SET_FAN_SPEED_CHANGING_LAYER
; printing object fidget-finger-massager-2000-rods-rod-07.stl id:0 copy 0
M204 S10000
G1 E-.8 F1800
G1 X54.628 Y52.063 Z10.8 F7200
G1 X54.642 Y52.287 Z10.8
G1 Z10.4
G1 E.8 F1800
M204 S500
;TYPE:Outer wall
;WIDTH:0.449999
G1 F1473.915
G1 X54.574 Y52.615 E.01135
G1 X54.486 Y53.16 E.01868
G1 X54.422 Y53.708 E.01868
G1 X54.381 Y54.298 E.02003
G1 X54.381 Y55.574 E.0432
G1 X54.423 Y56.133 E.01896
G1 X54.5 Y56.762 E.02144
G1 X54.646 Y57.545 E.02696
G1 X53.809 Y57.692 E.02877
G1 X53.679 Y57.013 E.02343
G1 X53.583 Y56.206 E.02751
G1 X53.531 Y55.559 E.02196
G1 X53.531 Y54.277 E.04339
G1 X53.68 Y52.818 E.04963
G1 X53.809 Y52.14 E.02337
G1 X54.603 Y52.28 E.02729
M204 S10000
G1 E-.8 F1800
G1 X54.148 Y57.2 Z10.8 F7200
G1 Z10.4
G1 E.8 F1800
M204 S1500
;TYPE:Inner wall
;WIDTH:0.444648
G1 F1493.548
G1 X54.005 Y56.184 E.03427
;WIDTH:0.44292
G1 F1500
G1 X53.956 Y55.574 E.02036
G1 X53.956 Y54.298 E.04243
G1 X54.009 Y53.678 E.02072
;WIDTH:0.42997
G1 F1550.187
G1 X54.071 Y53.111 E.01834
;WIDTH:0.436142
G1 F1525.856
G1 X54.145 Y52.627 E.01601
; stop printing object fidget-finger-massager-2000-rods-rod-07.stl id:0 copy 0
; printing object fidget-finger-massager-2000-rods-rod-04.stl id:0 copy 0
M204 S10000
G1 E-.8 F1800
G1 X58.245 Y52.287 Z10.8 F7200
G1 Z10.4
G1 E.8 F1800
M204 S500
;TYPE:Outer wall
;WIDTH:0.449999
G1 F1473.915
G1 X58.177 Y52.615 E.01135
G1 X58.089 Y53.16 E.01868
G1 X58.025 Y53.708 E.01868
G1 X57.984 Y54.298 E.02003
G1 X57.984 Y55.574 E.0432
G1 X58.026 Y56.133 E.01896
G1 X58.103 Y56.762 E.02144
G1 X58.248 Y57.545 E.02696
G1 X57.411 Y57.692 E.02877
G1 X57.282 Y57.013 E.02343
G1 X57.185 Y56.206 E.02751
G1 X57.134 Y55.559 E.02196
G1 X57.134 Y54.277 E.04339
G1 X57.282 Y52.818 E.04963
G1 X57.411 Y52.14 E.02337
G1 X58.205 Y52.28 E.02729
M204 S10000
G1 E-.8 F1800
G1 X57.751 Y57.2 Z10.8 F7200
G1 Z10.4
G1 E.8 F1800
M204 S1500
;TYPE:Inner wall
;WIDTH:0.444648
G1 F1493.548
G1 X57.607 Y56.184 E.03427
;WIDTH:0.44292
G1 F1500
G1 X57.559 Y55.574 E.02036
G1 X57.559 Y54.298 E.04243
G1 X57.612 Y53.678 E.02072
;WIDTH:0.42997
G1 F1550.187
G1 X57.673 Y53.111 E.01834
;WIDTH:0.436142
G1 F1525.856
G1 X57.748 Y52.627 E.01601
; stop printing object fidget-finger-massager-2000-rods-rod-04.stl id:0 copy 0
; printing object fidget-finger-massager-2000-rods-rod-01.stl id:0 copy 0
M204 S10000
G1 E-.8 F1800
G1 X64.639 Y55.909 Z10.8 F7200
G1 X66.232 Y56.668 Z10.8
G1 Z10.4
G1 E.8 F1800
M204 S500
;TYPE:Outer wall
;WIDTH:0.449999
G1 F1473.915
G1 X66.379 Y57.502 E.02868
G1 X65.214 Y57.701 E.03999
G1 X64.243 Y57.782 E.03297
G1 X62.962 Y57.782 E.04337
G1 X62.303 Y57.727 E.02239
G1 X61.708 Y57.658 E.02027
G1 X60.826 Y57.508 E.03029
G1 X60.973 Y56.671 E.02875
G1 X61.847 Y56.827 E.03003
G1 X62.395 Y56.891 E.01868
G1 X62.98 Y56.932 E.01985
G1 X64.261 Y56.932 E.04337
G1 X64.82 Y56.891 E.01896
G1 X65.446 Y56.814 E.02136
G1 X66.192 Y56.675 E.02569
M204 S10000
G1 X65.891 Y57.159 F7200
M204 S1500
;TYPE:Inner wall
;WIDTH:0.434048
G1 F1534.025
G1 X65.488 Y57.23 E.01331
;WIDTH:0.433268
G1 F1537.09
G1 X64.842 Y57.31 E.02114
;WIDTH:0.442916
G1 F1500.015
G1 X64.226 Y57.357 E.02055
G1 X62.951 Y57.357 E.04238
;WIDTH:0.4437
G1 F1497.081
G1 X62.04 Y57.278 E.03049
G1 X61.315 Y57.17 E.02443
; stop printing object fidget-finger-massager-2000-rods-rod-01.stl id:0 copy 0
; printing object fidget-finger-massager-2000-rods-rod-02.stl id:0 copy 0
M204 S10000
G1 E-.8 F1800
G1 X66.232 Y53.065 Z10.8 F7200
G1 Z10.4
G1 E.8 F1800
M73 P60 R7
M204 S500
;TYPE:Outer wall
;WIDTH:0.449999
G1 F1473.915
G1 X66.379 Y53.899 E.02868
G1 X65.214 Y54.098 E.03999
G1 X64.243 Y54.179 E.03297
G1 X62.962 Y54.179 E.04337
G1 X62.303 Y54.124 E.02239
G1 X61.708 Y54.055 E.02027
G1 X60.826 Y53.905 E.03029
G1 X60.973 Y53.069 E.02875
G1 X61.847 Y53.224 E.03003
G1 X62.395 Y53.289 E.01868
G1 X62.98 Y53.329 E.01985
G1 X64.261 Y53.329 E.04337
G1 X64.82 Y53.288 E.01896
G1 X65.446 Y53.211 E.02136
G1 X66.192 Y53.072 E.02569
M204 S10000
G1 X65.891 Y53.556 F7200
M204 S1500
;TYPE:Inner wall
;WIDTH:0.434048
G1 F1534.025
G1 X65.488 Y53.627 E.01331
;WIDTH:0.433268
G1 F1537.09
G1 X64.842 Y53.708 E.02114
;WIDTH:0.442916
G1 F1500.015
G1 X64.226 Y53.754 E.02055
G1 X62.951 Y53.754 E.04238
;WIDTH:0.4437
G1 F1497.081
G1 X62.04 Y53.675 E.03049
G1 X61.315 Y53.567 E.02443
; stop printing object fidget-finger-massager-2000-rods-rod-02.stl id:0 copy 0
; printing object fidget-finger-massager-2000-rods-rod-03.stl id:0 copy 0
M204 S10000
G1 E-.8 F1800
G1 X66.232 Y49.462 Z10.8 F7200
G1 Z10.4
G1 E.8 F1800
M204 S500
;TYPE:Outer wall
;WIDTH:0.449999
G1 F1473.915
G1 X66.379 Y50.297 E.02868
G1 X65.214 Y50.495 E.03999
G1 X64.243 Y50.576 E.03297
G1 X62.962 Y50.576 E.04337
G1 X62.303 Y50.521 E.02239
G1 X61.708 Y50.452 E.02027
G1 X60.826 Y50.302 E.03029
G1 X60.973 Y49.466 E.02875
G1 X61.847 Y49.622 E.03003
G1 X62.395 Y49.686 E.01868
M73 P60 R6
G1 X62.98 Y49.726 E.01985
G1 X64.261 Y49.726 E.04337
G1 X64.82 Y49.685 E.01896
G1 X65.446 Y49.608 E.02136
G1 X66.192 Y49.469 E.02569
M204 S10000
G1 X65.891 Y49.953 F7200
M204 S1500
;TYPE:Inner wall
;WIDTH:0.434048
G1 F1534.025
G1 X65.488 Y50.024 E.01331
;WIDTH:0.433268
G1 F1537.09
G1 X64.842 Y50.105 E.02114
;WIDTH:0.442916
G1 F1500.015
G1 X64.226 Y50.151 E.02055
G1 X62.951 Y50.151 E.04238
;WIDTH:0.4437
G1 F1497.081
G1 X62.04 Y50.073 E.03049
G1 X61.315 Y49.964 E.02443
; stop printing object fidget-finger-massager-2000-rods-rod-03.stl id:0 copy 0
; printing object fidget-finger-massager-2000-rods-rod-05.stl id:0 copy 0
M204 S10000
G1 E-.8 F1800
G1 X66.232 Y45.859 Z10.8 F7200
G1 Z10.4
G1 E.8 F1800
M204 S500
;TYPE:Outer wall
;WIDTH:0.449999
G1 F1473.915
G1 X66.379 Y46.694 E.02868
G1 X65.214 Y46.893 E.03999
G1 X64.243 Y46.974 E.03297
G1 X62.962 Y46.974 E.04337
G1 X62.303 Y46.919 E.02239
G1 X61.708 Y46.849 E.02027
G1 X60.826 Y46.7 E.03029
G1 X60.973 Y45.863 E.02875
G1 X61.847 Y46.019 E.03003
G1 X62.395 Y46.083 E.01868
G1 X62.98 Y46.124 E.01985
G1 X64.261 Y46.124 E.04337
G1 X64.82 Y46.082 E.01896
G1 X65.446 Y46.005 E.02136
G1 X66.192 Y45.867 E.02569
M204 S10000
G1 X65.891 Y46.35 F7200
M204 S1500
;TYPE:Inner wall
;WIDTH:0.434048
G1 F1534.025
G1 X65.488 Y46.422 E.01331
;WIDTH:0.433268
G1 F1537.09
G1 X64.842 Y46.502 E.02114
;WIDTH:0.442916
G1 F1500.015
G1 X64.226 Y46.549 E.02055
G1 X62.951 Y46.549 E.04238
;WIDTH:0.4437
G1 F1497.081
G1 X62.04 Y46.47 E.03049
G1 X61.315 Y46.362 E.02443
; stop printing object fidget-finger-massager-2000-rods-rod-05.stl id:0 copy 0
; printing object fidget-finger-massager-2000-rods-rod-09.stl id:0 copy 0
M204 S10000
G1 E-.8 F1800
G1 X66.188 Y42.257 Z10.8 F7200
G1 Z10.4
G1 E.8 F1800
M204 S500
;TYPE:Outer wall
;WIDTH:0.449999
G1 F1473.915
G1 X66.335 Y43.091 E.02868
G1 X65.17 Y43.29 E.03999
G1 X64.199 Y43.371 E.03297
G1 X62.918 Y43.371 E.04337
G1 X62.259 Y43.316 E.02239
G1 X61.664 Y43.247 E.02027
G1 X60.782 Y43.097 E.03029
G1 X60.929 Y42.26 E.02875
G1 X61.803 Y42.416 E.03003
G1 X62.351 Y42.48 E.01868
G1 X62.936 Y42.521 E.01985
G1 X64.217 Y42.521 E.04337
G1 X64.776 Y42.479 E.01896
G1 X65.402 Y42.403 E.02136
G1 X66.148 Y42.264 E.02569
M204 S10000
G1 X65.847 Y42.748 F7200
M204 S1500
;TYPE:Inner wall
;WIDTH:0.434048
G1 F1534.025
G1 X65.444 Y42.819 E.01331
;WIDTH:0.433268
G1 F1537.09
G1 X64.798 Y42.899 E.02114
;WIDTH:0.442916
G1 F1500.015
G1 X64.182 Y42.946 E.02055
G1 X62.907 Y42.946 E.04238
;WIDTH:0.4437
G1 F1497.081
G1 X61.996 Y42.867 E.03049
G1 X61.271 Y42.759 E.02443
; stop printing object fidget-finger-massager-2000-rods-rod-09.stl id:0 copy 0
; printing object fidget-finger-massager-2000-rods-rod-06.stl id:0 copy 0
M204 S10000
G1 E-.8 F1800
G1 X58.245 Y44.105 Z10.8 F7200
G1 Z10.4
G1 E.8 F1800
M204 S500
;TYPE:Outer wall
;WIDTH:0.449999
G1 F1473.915
G1 X58.177 Y44.434 E.01135
G1 X58.089 Y44.978 E.01868
G1 X58.025 Y45.527 E.01868
G1 X57.984 Y46.117 E.02003
G1 X57.984 Y47.393 E.0432
G1 X58.026 Y47.951 E.01896
G1 X58.103 Y48.58 E.02144
G1 X58.248 Y49.363 E.02696
G1 X57.411 Y49.511 E.02877
G1 X57.282 Y48.831 E.02343
G1 X57.185 Y48.024 E.02751
G1 X57.134 Y47.377 E.02196
G1 X57.134 Y46.095 E.04339
G1 X57.282 Y44.637 E.04963
G1 X57.411 Y43.958 E.02337
G1 X58.205 Y44.098 E.02729
M204 S10000
G1 E-.8 F1800
G1 X57.751 Y49.019 Z10.8 F7200
G1 Z10.4
G1 E.8 F1800
M204 S1500
;TYPE:Inner wall
;WIDTH:0.444648
G1 F1493.548
G1 X57.607 Y48.003 E.03427
;WIDTH:0.44292
G1 F1500
G1 X57.559 Y47.392 E.02036
G1 X57.559 Y46.117 E.04243
G1 X57.612 Y45.496 E.02072
;WIDTH:0.42997
G1 F1550.187
G1 X57.673 Y44.93 E.01834
;WIDTH:0.436142
G1 F1525.856
G1 X57.748 Y44.446 E.01601
; stop printing object fidget-finger-massager-2000-rods-rod-06.stl id:0 copy 0
; printing object fidget-finger-massager-2000-rods-rod-08.stl id:0 copy 0
M204 S10000
G1 E-.8 F1800
G1 X54.642 Y44.105 Z10.8 F7200
G1 Z10.4
G1 E.8 F1800
M204 S500
;TYPE:Outer wall
;WIDTH:0.449999
G1 F1473.915
G1 X54.574 Y44.434 E.01135
G1 X54.486 Y44.978 E.01868
G1 X54.422 Y45.527 E.01868
G1 X54.381 Y46.117 E.02003
G1 X54.381 Y47.393 E.0432
G1 X54.423 Y47.951 E.01896
G1 X54.5 Y48.58 E.02144
G1 X54.646 Y49.363 E.02696
G1 X53.809 Y49.511 E.02877
G1 X53.679 Y48.831 E.02343
G1 X53.583 Y48.024 E.02751
G1 X53.531 Y47.377 E.02196
G1 X53.531 Y46.095 E.04339
G1 X53.68 Y44.637 E.04963
G1 X53.809 Y43.958 E.02337
G1 X54.603 Y44.098 E.02729
M204 S10000
G1 E-.8 F1800
G1 X54.148 Y49.019 Z10.8 F7200
G1 Z10.4
G1 E.8 F1800
M204 S1500
;TYPE:Inner wall
;WIDTH:0.444648
G1 F1493.548
G1 X54.005 Y48.003 E.03427
;WIDTH:0.44292
G1 F1500
G1 X53.956 Y47.392 E.02036
G1 X53.956 Y46.117 E.04243
G1 X54.009 Y45.496 E.02072
;WIDTH:0.42997
G1 F1550.187
G1 X54.071 Y44.93 E.01834
;WIDTH:0.436142
G1 F1525.856
G1 X54.145 Y44.446 E.01601
; stop printing object fidget-finger-massager-2000-rods-rod-08.stl id:0 copy 0
M106 S245
;LAYER_CHANGE
;Z:10.6
;HEIGHT:0.200001
G92 E0
;_SET_FAN_SPEED_CHANGING_LAYER
; printing object fidget-finger-massager-2000-rods-rod-07.stl id:0 copy 0
M204 S10000
G1 E-.8 F1800
G1 X54.628 Y52.063 Z11 F7200
G1 X54.642 Y52.287 Z11
G1 Z10.6
G1 E.8 F1800
M204 S500
;TYPE:Outer wall
;WIDTH:0.449999
G1 F1473.915
G1 X54.574 Y52.617 E.01142
G1 X54.486 Y53.161 E.01866
G1 X54.422 Y53.709 E.01866
G1 X54.381 Y54.298 E.02001
G1 X54.381 Y55.574 E.04319
G1 X54.423 Y56.133 E.01894
G1 X54.502 Y56.773 E.02183
G1 X54.646 Y57.545 E.02659
G1 X53.809 Y57.692 E.02877
G1 X53.68 Y57.019 E.02321
G1 X53.583 Y56.205 E.02775
G1 X53.531 Y55.559 E.02194
G1 X53.531 Y54.277 E.0434
G1 X53.681 Y52.812 E.04985
G1 X53.809 Y52.14 E.02315
G1 X54.603 Y52.28 E.02729
M204 S10000
G1 X54.145 Y52.627 F7200
M204 S1500
;TYPE:Inner wall
;WIDTH:0.436234
G1 F1525.499
G1 X54.071 Y53.113 E.01605
;WIDTH:0.429598
G1 F1551.679
G1 X54.009 Y53.678 E.0183
;WIDTH:0.44292
G1 F1500
G1 X53.956 Y54.298 E.0207
G1 X53.956 Y55.574 E.04243
G1 X54.005 Y56.184 E.02035
;WIDTH:0.44459
G1 F1493.763
G1 X54.148 Y57.2 E.03428
; stop printing object fidget-finger-massager-2000-rods-rod-07.stl id:0 copy 0
; printing object fidget-finger-massager-2000-rods-rod-04.stl id:0 copy 0
M204 S10000
G1 E-.8 F1800
G1 X58.245 Y52.287 Z11 F7200
G1 Z10.6
G1 E.8 F1800
M204 S500
;TYPE:Outer wall
;WIDTH:0.449999
G1 F1473.915
G1 X58.177 Y52.617 E.01142
G1 X58.089 Y53.161 E.01866
G1 X58.025 Y53.709 E.01866
G1 X57.984 Y54.298 E.02001
G1 X57.984 Y55.574 E.04319
G1 X58.026 Y56.133 E.01894
G1 X58.105 Y56.773 E.02183
G1 X58.248 Y57.545 E.02659
G1 X57.411 Y57.692 E.02877
G1 X57.283 Y57.019 E.02321
G1 X57.185 Y56.205 E.02775
G1 X57.134 Y55.559 E.02194
G1 X57.134 Y54.277 E.0434
G1 X57.283 Y52.812 E.04985
G1 X57.411 Y52.14 E.02315
G1 X58.205 Y52.28 E.02729
M204 S10000
G1 X57.748 Y52.627 F7200
M204 S1500
;TYPE:Inner wall
;WIDTH:0.436234
G1 F1525.499
G1 X57.673 Y53.113 E.01605
;WIDTH:0.429598
G1 F1551.679
G1 X57.612 Y53.678 E.0183
;WIDTH:0.44292
G1 F1500
G1 X57.559 Y54.298 E.0207
G1 X57.559 Y55.574 E.04243
G1 X57.607 Y56.184 E.02035
;WIDTH:0.44459
G1 F1493.763
G1 X57.751 Y57.2 E.03428
; stop printing object fidget-finger-massager-2000-rods-rod-04.stl id:0 copy 0
; printing object fidget-finger-massager-2000-rods-rod-01.stl id:0 copy 0
M204 S10000
G1 E-.8 F1800
G1 X65.369 Y56.722 Z11 F7200
G1 X66.232 Y56.668 Z11
G1 Z10.6
G1 E.8 F1800
M204 S500
;TYPE:Outer wall
;WIDTH:0.449999
G1 F1473.915
G1 X66.379 Y57.502 E.02868
G1 X65.218 Y57.7 E.03985
G1 X64.243 Y57.782 E.03311
G1 X62.963 Y57.782 E.04334
G1 X61.597 Y57.648 E.04647
G1 X60.827 Y57.504 E.02652
G1 X60.973 Y56.671 E.02862
G1 X61.848 Y56.827 E.03007
G1 X62.395 Y56.891 E.01866
G1 X62.984 Y56.932 E.01997
G1 X64.261 Y56.932 E.04323
G1 X64.819 Y56.891 E.01894
G1 X65.457 Y56.812 E.02174
G1 X66.192 Y56.675 E.02532
M204 S10000
G1 X65.891 Y57.159 F7200
M204 S1500
;TYPE:Inner wall
;WIDTH:0.433956
G1 F1534.386
G1 X65.499 Y57.228 E.01294
;WIDTH:0.433146
G1 F1537.571
G1 X64.841 Y57.31 E.02152
;WIDTH:0.442918
G1 F1500.007
G1 X64.226 Y57.357 E.02053
G1 X62.96 Y57.357 E.0421
G1 X62.339 Y57.303 E.02073
;WIDTH:0.433888
G1 F1534.652
G1 X61.313 Y57.167 E.03365
; stop printing object fidget-finger-massager-2000-rods-rod-01.stl id:0 copy 0
; printing object fidget-finger-massager-2000-rods-rod-02.stl id:0 copy 0
M204 S10000
G1 E-.8 F1800
G1 X66.232 Y53.065 Z11 F7200
G1 Z10.6
G1 E.8 F1800
M204 S500
;TYPE:Outer wall
;WIDTH:0.449999
G1 F1473.915
G1 X66.379 Y53.899 E.02868
G1 X65.218 Y54.098 E.03985
M73 P61 R6
G1 X64.243 Y54.179 E.03311
G1 X62.963 Y54.179 E.04334
G1 X61.597 Y54.045 E.04647
G1 X60.827 Y53.901 E.02652
G1 X60.973 Y53.069 E.02862
G1 X61.848 Y53.225 E.03007
G1 X62.395 Y53.289 E.01866
G1 X62.984 Y53.329 E.01997
G1 X64.261 Y53.329 E.04323
G1 X64.819 Y53.288 E.01894
G1 X65.457 Y53.209 E.02174
G1 X66.192 Y53.072 E.02532
M204 S10000
G1 X65.891 Y53.556 F7200
M204 S1500
;TYPE:Inner wall
;WIDTH:0.433956
G1 F1534.386
G1 X65.499 Y53.625 E.01294
;WIDTH:0.433146
G1 F1537.571
G1 X64.841 Y53.708 E.02152
;WIDTH:0.442918
G1 F1500.007
G1 X64.226 Y53.754 E.02053
G1 X62.96 Y53.754 E.0421
G1 X62.339 Y53.7 E.02073
;WIDTH:0.433888
G1 F1534.652
G1 X61.313 Y53.564 E.03365
; stop printing object fidget-finger-massager-2000-rods-rod-02.stl id:0 copy 0
; printing object fidget-finger-massager-2000-rods-rod-03.stl id:0 copy 0
M204 S10000
G1 E-.8 F1800
G1 X66.232 Y49.462 Z11 F7200
G1 Z10.6
G1 E.8 F1800
M204 S500
;TYPE:Outer wall
;WIDTH:0.449999
G1 F1473.915
G1 X66.379 Y50.297 E.02868
G1 X65.218 Y50.495 E.03985
G1 X64.243 Y50.576 E.03311
G1 X62.963 Y50.576 E.04334
G1 X61.597 Y50.442 E.04647
G1 X60.827 Y50.299 E.02652
G1 X60.973 Y49.466 E.02862
G1 X61.848 Y49.622 E.03007
G1 X62.395 Y49.686 E.01866
G1 X62.984 Y49.726 E.01997
G1 X64.261 Y49.726 E.04323
G1 X64.819 Y49.685 E.01894
G1 X65.457 Y49.606 E.02174
G1 X66.192 Y49.47 E.02532
M204 S10000
G1 X65.891 Y49.953 F7200
M204 S1500
;TYPE:Inner wall
;WIDTH:0.433956
G1 F1534.386
G1 X65.499 Y50.023 E.01294
;WIDTH:0.433146
G1 F1537.571
G1 X64.841 Y50.105 E.02152
;WIDTH:0.442918
G1 F1500.007
G1 X64.226 Y50.151 E.02053
G1 X62.96 Y50.151 E.0421
G1 X62.339 Y50.098 E.02073
;WIDTH:0.433888
G1 F1534.652
G1 X61.313 Y49.962 E.03365
; stop printing object fidget-finger-massager-2000-rods-rod-03.stl id:0 copy 0
; printing object fidget-finger-massager-2000-rods-rod-05.stl id:0 copy 0
M204 S10000
G1 E-.8 F1800
G1 X66.232 Y45.859 Z11 F7200
G1 Z10.6
G1 E.8 F1800
M204 S500
;TYPE:Outer wall
;WIDTH:0.449999
G1 F1473.915
G1 X66.379 Y46.694 E.02868
G1 X65.218 Y46.892 E.03985
G1 X64.243 Y46.974 E.03311
G1 X62.963 Y46.974 E.04334
G1 X61.597 Y46.839 E.04647
G1 X60.827 Y46.696 E.02652
G1 X60.973 Y45.863 E.02862
G1 X61.848 Y46.019 E.03007
G1 X62.395 Y46.083 E.01866
G1 X62.984 Y46.124 E.01997
G1 X64.261 Y46.124 E.04323
G1 X64.819 Y46.082 E.01894
G1 X65.457 Y46.004 E.02174
G1 X66.192 Y45.867 E.02532
M204 S10000
G1 X65.891 Y46.351 F7200
M204 S1500
;TYPE:Inner wall
;WIDTH:0.433956
G1 F1534.386
G1 X65.499 Y46.42 E.01294
;WIDTH:0.433146
G1 F1537.571
G1 X64.841 Y46.502 E.02152
;WIDTH:0.442918
G1 F1500.007
G1 X64.226 Y46.549 E.02053
G1 X62.96 Y46.549 E.0421
G1 X62.339 Y46.495 E.02073
;WIDTH:0.433888
G1 F1534.652
G1 X61.313 Y46.359 E.03365
; stop printing object fidget-finger-massager-2000-rods-rod-05.stl id:0 copy 0
; printing object fidget-finger-massager-2000-rods-rod-09.stl id:0 copy 0
M204 S10000
G1 E-.8 F1800
G1 X66.188 Y42.257 Z11 F7200
G1 Z10.6
G1 E.8 F1800
M204 S500
;TYPE:Outer wall
;WIDTH:0.449999
G1 F1473.915
G1 X66.335 Y43.091 E.02868
G1 X65.174 Y43.289 E.03985
G1 X64.199 Y43.371 E.03311
G1 X62.919 Y43.371 E.04334
G1 X61.553 Y43.237 E.04647
G1 X60.783 Y43.093 E.02652
G1 X60.929 Y42.26 E.02862
G1 X61.804 Y42.416 E.03007
G1 X62.351 Y42.48 E.01866
G1 X62.94 Y42.521 E.01997
G1 X64.217 Y42.521 E.04323
G1 X64.775 Y42.479 E.01894
G1 X65.413 Y42.401 E.02174
G1 X66.148 Y42.264 E.02532
M204 S10000
G1 X65.847 Y42.748 F7200
M204 S1500
;TYPE:Inner wall
;WIDTH:0.433956
G1 F1534.386
G1 X65.455 Y42.817 E.01294
;WIDTH:0.433146
G1 F1537.571
G1 X64.797 Y42.899 E.02152
;WIDTH:0.442918
G1 F1500.007
G1 X64.182 Y42.946 E.02053
G1 X62.916 Y42.946 E.0421
G1 X62.295 Y42.892 E.02073
;WIDTH:0.433888
G1 F1534.652
G1 X61.269 Y42.756 E.03365
; stop printing object fidget-finger-massager-2000-rods-rod-09.stl id:0 copy 0
; printing object fidget-finger-massager-2000-rods-rod-06.stl id:0 copy 0
M204 S10000
G1 E-.8 F1800
G1 X58.245 Y44.105 Z11 F7200
G1 Z10.6
G1 E.8 F1800
M204 S500
;TYPE:Outer wall
;WIDTH:0.449999
G1 F1473.915
G1 X58.177 Y44.436 E.01142
G1 X58.089 Y44.98 E.01866
G1 X58.025 Y45.527 E.01866
G1 X57.984 Y46.117 E.02001
G1 X57.984 Y47.393 E.04319
G1 X58.026 Y47.951 E.01894
G1 X58.105 Y48.591 E.02183
G1 X58.248 Y49.363 E.02659
G1 X57.411 Y49.511 E.02877
G1 X57.283 Y48.837 E.02321
G1 X57.185 Y48.023 E.02775
G1 X57.134 Y47.377 E.02194
G1 X57.134 Y46.095 E.0434
G1 X57.283 Y44.63 E.04985
G1 X57.411 Y43.958 E.02315
G1 X58.205 Y44.098 E.02729
M204 S10000
G1 X57.748 Y44.446 F7200
M204 S1500
;TYPE:Inner wall
;WIDTH:0.436234
G1 F1525.499
G1 X57.673 Y44.931 E.01605
;WIDTH:0.429598
G1 F1551.679
G1 X57.612 Y45.497 E.0183
;WIDTH:0.44292
G1 F1500
G1 X57.559 Y46.117 E.0207
G1 X57.559 Y47.392 E.04243
G1 X57.607 Y48.002 E.02035
;WIDTH:0.44459
G1 F1493.763
G1 X57.751 Y49.019 E.03428
; stop printing object fidget-finger-massager-2000-rods-rod-06.stl id:0 copy 0
; printing object fidget-finger-massager-2000-rods-rod-08.stl id:0 copy 0
M204 S10000
G1 E-.8 F1800
G1 X54.642 Y44.105 Z11 F7200
G1 Z10.6
G1 E.8 F1800
M204 S500
;TYPE:Outer wall
;WIDTH:0.449999
G1 F1473.915
G1 X54.574 Y44.436 E.01142
G1 X54.486 Y44.98 E.01866
G1 X54.422 Y45.527 E.01866
G1 X54.381 Y46.117 E.02001
G1 X54.381 Y47.393 E.04319
G1 X54.423 Y47.951 E.01894
G1 X54.502 Y48.591 E.02183
G1 X54.646 Y49.363 E.02659
G1 X53.809 Y49.511 E.02877
G1 X53.68 Y48.837 E.02321
G1 X53.583 Y48.023 E.02775
G1 X53.531 Y47.377 E.02194
G1 X53.531 Y46.095 E.0434
G1 X53.681 Y44.63 E.04985
G1 X53.809 Y43.958 E.02315
G1 X54.603 Y44.098 E.02729
M204 S10000
G1 X54.145 Y44.446 F7200
M204 S1500
;TYPE:Inner wall
;WIDTH:0.436234
G1 F1525.499
G1 X54.071 Y44.931 E.01605
;WIDTH:0.429598
G1 F1551.679
G1 X54.009 Y45.497 E.0183
;WIDTH:0.44292
G1 F1500
G1 X53.956 Y46.117 E.0207
G1 X53.956 Y47.392 E.04243
G1 X54.005 Y48.002 E.02035
;WIDTH:0.44459
G1 F1493.763
G1 X54.148 Y49.019 E.03428
; stop printing object fidget-finger-massager-2000-rods-rod-08.stl id:0 copy 0
;LAYER_CHANGE
;Z:10.8
;HEIGHT:0.2
G92 E0
;_SET_FAN_SPEED_CHANGING_LAYER
; printing object fidget-finger-massager-2000-rods-rod-07.stl id:0 copy 0
M204 S10000
G1 E-.8 F1800
G1 X54.642 Y52.287 Z11.2 F7200
G1 Z10.8
G1 E.8 F1800
M204 S500
;TYPE:Outer wall
;WIDTH:0.449999
G1 F1473.915
G1 X54.573 Y52.619 E.01148
G1 X54.486 Y53.163 E.01863
G1 X54.422 Y53.709 E.01864
G1 X54.381 Y54.298 E.01999
G1 X54.381 Y55.574 E.04319
G1 X54.423 Y56.132 E.01892
G1 X54.504 Y56.783 E.02221
G1 X54.646 Y57.545 E.02622
G1 X53.808 Y57.693 E.02877
G1 X53.681 Y57.025 E.02299
G1 X53.582 Y56.205 E.02799
G1 X53.531 Y55.559 E.02193
G1 X53.531 Y54.277 E.04339
G1 X53.682 Y52.805 E.05007
G1 X53.808 Y52.14 E.02293
G1 X54.603 Y52.28 E.02729
M204 S10000
G1 X54.145 Y52.627 F7200
M204 S1500
;TYPE:Inner wall
;WIDTH:0.436328
G1 F1525.134
G1 X54.071 Y53.114 E.0161
;WIDTH:0.429234
G1 F1553.141
G1 X54.009 Y53.679 E.01826
;WIDTH:0.44292
G1 F1500
G1 X53.956 Y54.298 E.02068
G1 X53.956 Y55.574 E.04242
G1 X54.004 Y56.184 E.02035
;WIDTH:0.444534
G1 F1493.972
G1 X54.148 Y57.2 E.03428
; stop printing object fidget-finger-massager-2000-rods-rod-07.stl id:0 copy 0
; printing object fidget-finger-massager-2000-rods-rod-04.stl id:0 copy 0
M204 S10000
G1 E-.8 F1800
G1 X58.245 Y52.287 Z11.2 F7200
G1 Z10.8
G1 E.8 F1800
M204 S500
;TYPE:Outer wall
;WIDTH:0.449999
G1 F1473.915
G1 X58.176 Y52.619 E.01148
G1 X58.089 Y53.163 E.01863
G1 X58.025 Y53.709 E.01864
G1 X57.984 Y54.298 E.01999
G1 X57.984 Y55.574 E.04319
G1 X58.026 Y56.132 E.01892
G1 X58.106 Y56.783 E.02221
G1 X58.248 Y57.545 E.02622
G1 X57.411 Y57.693 E.02877
G1 X57.284 Y57.025 E.02299
G1 X57.185 Y56.205 E.02799
G1 X57.134 Y55.559 E.02193
G1 X57.134 Y54.277 E.04339
G1 X57.284 Y52.805 E.05007
G1 X57.411 Y52.14 E.02293
G1 X58.205 Y52.28 E.02729
M204 S10000
G1 X57.748 Y52.627 F7200
M204 S1500
;TYPE:Inner wall
;WIDTH:0.436328
G1 F1525.134
G1 X57.673 Y53.114 E.0161
;WIDTH:0.429234
G1 F1553.141
G1 X57.612 Y53.679 E.01826
;WIDTH:0.44292
G1 F1500
G1 X57.559 Y54.298 E.02068
G1 X57.559 Y55.574 E.04242
G1 X57.607 Y56.184 E.02035
;WIDTH:0.444534
G1 F1493.972
G1 X57.751 Y57.2 E.03428
; stop printing object fidget-finger-massager-2000-rods-rod-04.stl id:0 copy 0
; printing object fidget-finger-massager-2000-rods-rod-01.stl id:0 copy 0
M204 S10000
G1 E-.8 F1800
G1 X65.369 Y56.725 Z11.2 F7200
G1 X66.232 Y56.671 Z11.2
G1 Z10.8
G1 E.8 F1800
M204 S500
;TYPE:Outer wall
;WIDTH:0.449999
G1 F1473.915
G1 X66.379 Y57.504 E.02862
G1 X65.6 Y57.649 E.02681
G1 X64.889 Y57.732 E.02423
G1 X64.245 Y57.782 E.02186
G1 X62.963 Y57.782 E.04339
G1 X61.492 Y57.632 E.05007
G1 X60.829 Y57.506 E.02283
G1 X60.977 Y56.672 E.02865
G1 X61.613 Y56.783 E.02185
G1 X62.396 Y56.891 E.02675
G1 X62.985 Y56.932 E.01999
G1 X64.261 Y56.932 E.04319
G1 X64.817 Y56.891 E.01888
G1 X65.469 Y56.809 E.02223
G1 X66.193 Y56.679 E.02489
M204 S10000
G1 X65.893 Y57.167 F7200
M204 S1500
;TYPE:Inner wall
;WIDTH:0.437094
G1 F1522.17
G1 X65.406 Y57.247 E.01618
G1 X64.841 Y57.312 E.01864
;WIDTH:0.442918
G1 F1500.007
G1 X64.232 Y57.357 E.02031
G1 X62.961 Y57.357 E.04226
G1 X62.327 Y57.301 E.02117
;WIDTH:0.438076
G1 F1518.388
G1 X61.318 Y57.168 E.03343
; stop printing object fidget-finger-massager-2000-rods-rod-01.stl id:0 copy 0
; printing object fidget-finger-massager-2000-rods-rod-02.stl id:0 copy 0
M204 S10000
G1 E-.8 F1800
G1 X66.232 Y53.069 Z11.2 F7200
G1 Z10.8
G1 E.8 F1800
M204 S500
;TYPE:Outer wall
;WIDTH:0.449999
G1 F1473.915
G1 X66.379 Y53.901 E.02862
G1 X65.6 Y54.046 E.02681
G1 X64.889 Y54.129 E.02423
G1 X64.245 Y54.179 E.02186
G1 X62.963 Y54.179 E.04339
G1 X61.492 Y54.029 E.05007
G1 X60.829 Y53.903 E.02283
G1 X60.977 Y53.069 E.02865
G1 X61.613 Y53.18 E.02185
G1 X62.396 Y53.289 E.02675
G1 X62.985 Y53.329 E.01999
G1 X64.261 Y53.329 E.04319
G1 X64.817 Y53.288 E.01888
G1 X65.469 Y53.207 E.02223
G1 X66.193 Y53.076 E.02489
M204 S10000
G1 X65.893 Y53.564 F7200
M204 S1500
;TYPE:Inner wall
;WIDTH:0.437094
G1 F1522.17
G1 X65.406 Y53.644 E.01618
G1 X64.841 Y53.71 E.01864
;WIDTH:0.442918
G1 F1500.007
G1 X64.232 Y53.754 E.02031
G1 X62.961 Y53.754 E.04226
G1 X62.327 Y53.698 E.02117
M73 P62 R6
;WIDTH:0.438076
G1 F1518.388
G1 X61.318 Y53.566 E.03343
; stop printing object fidget-finger-massager-2000-rods-rod-02.stl id:0 copy 0
; printing object fidget-finger-massager-2000-rods-rod-03.stl id:0 copy 0
M204 S10000
G1 E-.8 F1800
G1 X66.232 Y49.466 Z11.2 F7200
G1 Z10.8
G1 E.8 F1800
M204 S500
;TYPE:Outer wall
;WIDTH:0.449999
G1 F1473.915
G1 X66.379 Y50.298 E.02862
G1 X65.6 Y50.443 E.02681
G1 X64.889 Y50.526 E.02423
G1 X64.245 Y50.576 E.02186
G1 X62.963 Y50.576 E.04339
G1 X61.492 Y50.426 E.05007
G1 X60.829 Y50.3 E.02283
G1 X60.977 Y49.467 E.02865
G1 X61.613 Y49.577 E.02185
G1 X62.396 Y49.686 E.02675
G1 X62.985 Y49.726 E.01999
G1 X64.261 Y49.726 E.04319
G1 X64.817 Y49.685 E.01888
G1 X65.469 Y49.604 E.02223
G1 X66.193 Y49.473 E.02489
M204 S10000
G1 X65.893 Y49.961 F7200
M204 S1500
;TYPE:Inner wall
;WIDTH:0.437094
G1 F1522.17
G1 X65.406 Y50.041 E.01618
G1 X64.841 Y50.107 E.01864
;WIDTH:0.442918
G1 F1500.007
G1 X64.232 Y50.151 E.02031
G1 X62.961 Y50.151 E.04226
G1 X62.327 Y50.095 E.02117
;WIDTH:0.438076
G1 F1518.388
G1 X61.318 Y49.963 E.03343
; stop printing object fidget-finger-massager-2000-rods-rod-03.stl id:0 copy 0
; printing object fidget-finger-massager-2000-rods-rod-05.stl id:0 copy 0
M204 S10000
G1 E-.8 F1800
G1 X66.232 Y45.863 Z11.2 F7200
G1 Z10.8
G1 E.8 F1800
M204 S500
;TYPE:Outer wall
;WIDTH:0.449999
G1 F1473.915
G1 X66.379 Y46.696 E.02862
G1 X65.6 Y46.841 E.02681
G1 X64.889 Y46.923 E.02423
G1 X64.245 Y46.974 E.02186
G1 X62.963 Y46.974 E.04339
G1 X61.492 Y46.823 E.05007
G1 X60.829 Y46.697 E.02283
G1 X60.977 Y45.864 E.02865
G1 X61.613 Y45.975 E.02185
G1 X62.396 Y46.083 E.02675
G1 X62.985 Y46.124 E.01999
G1 X64.261 Y46.124 E.04319
G1 X64.817 Y46.082 E.01888
G1 X65.469 Y46.001 E.02223
G1 X66.193 Y45.87 E.02489
M204 S10000
G1 X65.893 Y46.359 F7200
M204 S1500
;TYPE:Inner wall
;WIDTH:0.437094
G1 F1522.17
G1 X65.406 Y46.438 E.01618
G1 X64.841 Y46.504 E.01864
;WIDTH:0.442918
G1 F1500.007
G1 X64.232 Y46.549 E.02031
G1 X62.961 Y46.549 E.04226
G1 X62.327 Y46.492 E.02117
;WIDTH:0.438076
G1 F1518.388
G1 X61.318 Y46.36 E.03343
; stop printing object fidget-finger-massager-2000-rods-rod-05.stl id:0 copy 0
; printing object fidget-finger-massager-2000-rods-rod-09.stl id:0 copy 0
M204 S10000
G1 E-.8 F1800
G1 X66.188 Y42.26 Z11.2 F7200
G1 Z10.8
G1 E.8 F1800
M204 S500
;TYPE:Outer wall
;WIDTH:0.449999
G1 F1473.915
G1 X66.335 Y43.093 E.02862
G1 X65.556 Y43.238 E.02681
G1 X64.845 Y43.321 E.02423
G1 X64.201 Y43.371 E.02186
G1 X62.92 Y43.371 E.04339
G1 X61.448 Y43.221 E.05007
G1 X60.785 Y43.094 E.02283
G1 X60.933 Y42.261 E.02865
G1 X61.569 Y42.372 E.02185
G1 X62.352 Y42.48 E.02675
G1 X62.941 Y42.521 E.01999
G1 X64.217 Y42.521 E.04319
G1 X64.773 Y42.48 E.01888
G1 X65.425 Y42.398 E.02223
G1 X66.149 Y42.267 E.02489
M204 S10000
G1 X65.849 Y42.756 F7200
M204 S1500
;TYPE:Inner wall
;WIDTH:0.437094
G1 F1522.17
G1 X65.362 Y42.836 E.01618
G1 X64.797 Y42.901 E.01864
;WIDTH:0.442918
G1 F1500.007
G1 X64.188 Y42.946 E.02031
G1 X62.917 Y42.946 E.04226
G1 X62.283 Y42.889 E.02117
;WIDTH:0.438076
G1 F1518.388
G1 X61.274 Y42.757 E.03343
; stop printing object fidget-finger-massager-2000-rods-rod-09.stl id:0 copy 0
; printing object fidget-finger-massager-2000-rods-rod-06.stl id:0 copy 0
M204 S10000
G1 E-.8 F1800
G1 X58.245 Y44.105 Z11.2 F7200
G1 Z10.8
G1 E.8 F1800
M204 S500
;TYPE:Outer wall
;WIDTH:0.449999
G1 F1473.915
G1 X58.176 Y44.437 E.01148
G1 X58.089 Y44.981 E.01863
G1 X58.025 Y45.528 E.01864
G1 X57.984 Y46.117 E.01999
G1 X57.984 Y47.393 E.04319
G1 X58.026 Y47.95 E.01892
G1 X58.106 Y48.602 E.02221
G1 X58.248 Y49.363 E.02622
G1 X57.411 Y49.511 E.02877
G1 X57.284 Y48.844 E.02299
G1 X57.185 Y48.023 E.02799
G1 X57.134 Y47.377 E.02193
G1 X57.134 Y46.095 E.04339
G1 X57.284 Y44.624 E.05007
G1 X57.411 Y43.958 E.02293
G1 X58.205 Y44.098 E.02729
M204 S10000
G1 X57.748 Y44.446 F7200
M204 S1500
;TYPE:Inner wall
;WIDTH:0.436328
G1 F1525.134
G1 X57.673 Y44.932 E.0161
;WIDTH:0.429234
G1 F1553.141
G1 X57.612 Y45.497 E.01826
;WIDTH:0.44292
G1 F1500
G1 X57.559 Y46.117 E.02068
G1 X57.559 Y47.392 E.04242
G1 X57.607 Y48.002 E.02035
;WIDTH:0.444534
G1 F1493.972
G1 X57.751 Y49.019 E.03428
; stop printing object fidget-finger-massager-2000-rods-rod-06.stl id:0 copy 0
; printing object fidget-finger-massager-2000-rods-rod-08.stl id:0 copy 0
M204 S10000
G1 E-.8 F1800
G1 X54.642 Y44.105 Z11.2 F7200
G1 Z10.8
G1 E.8 F1800
M204 S500
;TYPE:Outer wall
;WIDTH:0.449999
G1 F1473.915
G1 X54.573 Y44.437 E.01148
G1 X54.486 Y44.981 E.01863
G1 X54.422 Y45.528 E.01864
G1 X54.381 Y46.117 E.01999
G1 X54.381 Y47.393 E.04319
G1 X54.423 Y47.95 E.01892
G1 X54.504 Y48.602 E.02221
G1 X54.646 Y49.363 E.02622
G1 X53.808 Y49.511 E.02877
G1 X53.681 Y48.844 E.02299
G1 X53.582 Y48.023 E.02799
G1 X53.531 Y47.377 E.02193
G1 X53.531 Y46.095 E.04339
G1 X53.682 Y44.624 E.05007
G1 X53.808 Y43.958 E.02293
G1 X54.603 Y44.098 E.02729
M204 S10000
G1 X54.145 Y44.446 F7200
M204 S1500
;TYPE:Inner wall
;WIDTH:0.436328
G1 F1525.134
G1 X54.071 Y44.932 E.0161
;WIDTH:0.429234
G1 F1553.141
G1 X54.009 Y45.497 E.01826
;WIDTH:0.44292
G1 F1500
G1 X53.956 Y46.117 E.02068
G1 X53.956 Y47.392 E.04242
G1 X54.004 Y48.002 E.02035
;WIDTH:0.444534
G1 F1493.972
G1 X54.148 Y49.019 E.03428
; stop printing object fidget-finger-massager-2000-rods-rod-08.stl id:0 copy 0
M106 S242
;LAYER_CHANGE
;Z:11
;HEIGHT:0.2
G92 E0
;_SET_FAN_SPEED_CHANGING_LAYER
; printing object fidget-finger-massager-2000-rods-rod-07.stl id:0 copy 0
M204 S10000
G1 E-.8 F1800
G1 X54.642 Y52.287 Z11.4 F7200
G1 Z11
G1 E.8 F1800
M204 S500
;TYPE:Outer wall
;WIDTH:0.449999
G1 F1473.915
G1 X54.573 Y52.621 E.01155
G1 X54.486 Y53.164 E.01861
G1 X54.422 Y53.71 E.01861
G1 X54.381 Y54.287 E.01959
G1 X54.381 Y55.574 E.04357
G1 X54.423 Y56.132 E.01891
G1 X54.505 Y56.794 E.0226
G1 X54.645 Y57.545 E.02585
G1 X53.808 Y57.693 E.02877
G1 X53.682 Y57.032 E.02277
G1 X53.565 Y56.059 E.03318
G1 X53.531 Y55.559 E.01696
G1 X53.531 Y54.287 E.04304
G1 X53.563 Y53.785 E.01703
G1 X53.682 Y52.801 E.03357
G1 X53.808 Y52.14 E.02277
G1 X54.603 Y52.28 E.0273
M204 S10000
G1 E-.8 F1800
G1 X54.148 Y57.2 Z11.4 F7200
G1 Z11
G1 E.8 F1800
M204 S1500
;TYPE:Inner wall
;WIDTH:0.444468
G1 F1494.217
G1 X54.004 Y56.183 E.03429
;WIDTH:0.44292
G1 F1500
G1 X53.956 Y55.574 E.02034
G1 X53.956 Y54.287 E.04279
G1 X54.001 Y53.679 E.02029
;WIDTH:0.436546
G1 F1524.289
G1 X54.068 Y53.115 E.01859
;WIDTH:0.436422
G1 X54.145 Y52.627 E.01615
; stop printing object fidget-finger-massager-2000-rods-rod-07.stl id:0 copy 0
; printing object fidget-finger-massager-2000-rods-rod-04.stl id:0 copy 0
M204 S10000
G1 E-.8 F1800
G1 X58.245 Y52.287 Z11.4 F7200
G1 Z11
G1 E.8 F1800
M204 S500
;TYPE:Outer wall
;WIDTH:0.449999
G1 F1473.915
G1 X58.176 Y52.621 E.01155
G1 X58.088 Y53.164 E.01861
G1 X58.025 Y53.71 E.01861
G1 X57.984 Y54.287 E.01959
G1 X57.984 Y55.574 E.04357
G1 X58.025 Y56.132 E.01891
G1 X58.108 Y56.794 E.0226
G1 X58.248 Y57.545 E.02585
G1 X57.411 Y57.693 E.02877
G1 X57.285 Y57.032 E.02277
G1 X57.168 Y56.059 E.03318
G1 X57.134 Y55.559 E.01696
G1 X57.134 Y54.287 E.04304
G1 X57.166 Y53.785 E.01703
G1 X57.285 Y52.801 E.03357
G1 X57.411 Y52.14 E.02277
G1 X58.205 Y52.28 E.0273
M204 S10000
G1 E-.8 F1800
G1 X57.751 Y57.2 Z11.4 F7200
G1 Z11
G1 E.8 F1800
M204 S1500
;TYPE:Inner wall
;WIDTH:0.444468
G1 F1494.217
G1 X57.607 Y56.183 E.03429
;WIDTH:0.44292
G1 F1500
G1 X57.559 Y55.574 E.02034
G1 X57.559 Y54.287 E.04279
G1 X57.604 Y53.679 E.02029
;WIDTH:0.436546
G1 F1524.289
G1 X57.671 Y53.115 E.01859
;WIDTH:0.436422
G1 X57.748 Y52.627 E.01615
; stop printing object fidget-finger-massager-2000-rods-rod-04.stl id:0 copy 0
; printing object fidget-finger-massager-2000-rods-rod-01.stl id:0 copy 0
M204 S10000
G1 E-.8 F1800
G1 X64.638 Y55.909 Z11.4 F7200
G1 X66.232 Y56.668 Z11.4
G1 Z11
G1 E.8 F1800
M204 S500
;TYPE:Outer wall
;WIDTH:0.449999
G1 F1473.915
G1 X66.379 Y57.502 E.02868
G1 X65.227 Y57.699 E.03955
G1 X64.243 Y57.782 E.03341
G1 X62.962 Y57.782 E.04337
G1 X61.712 Y57.659 E.04253
G1 X60.826 Y57.508 E.03042
G1 X60.973 Y56.671 E.02875
G1 X61.85 Y56.828 E.03015
G1 X62.397 Y56.892 E.01861
G1 X62.98 Y56.932 E.01979
G1 X64.261 Y56.932 E.04336
G1 X64.818 Y56.891 E.01891
G1 X65.478 Y56.809 E.02251
G1 X66.192 Y56.675 E.02459
M204 S10000
G1 X65.891 Y57.159 F7200
M204 S1500
;TYPE:Inner wall
;WIDTH:0.433764
G1 F1535.139
G1 X65.521 Y57.225 E.01221
;WIDTH:0.43291
G1 F1538.501
G1 X64.84 Y57.31 E.02227
;WIDTH:0.442918
G1 F1500.007
G1 X64.226 Y57.357 E.02049
G1 X62.951 Y57.357 E.04238
;WIDTH:0.44359
G1 F1497.492
G1 X62.027 Y57.277 E.03091
G1 X61.315 Y57.17 E.02398
; stop printing object fidget-finger-massager-2000-rods-rod-01.stl id:0 copy 0
; printing object fidget-finger-massager-2000-rods-rod-02.stl id:0 copy 0
M204 S10000
G1 E-.8 F1800
G1 X66.232 Y53.065 Z11.4 F7200
G1 Z11
G1 E.8 F1800
M204 S500
;TYPE:Outer wall
;WIDTH:0.449999
G1 F1473.915
G1 X66.379 Y53.899 E.02868
G1 X65.227 Y54.097 E.03955
G1 X64.243 Y54.179 E.03341
G1 X62.962 Y54.179 E.04337
G1 X61.712 Y54.056 E.04253
G1 X60.826 Y53.905 E.03042
G1 X60.973 Y53.069 E.02875
G1 X61.85 Y53.225 E.03015
G1 X62.397 Y53.289 E.01861
G1 X62.98 Y53.329 E.01979
G1 X64.261 Y53.329 E.04336
G1 X64.818 Y53.288 E.01891
G1 X65.478 Y53.206 E.02251
G1 X66.192 Y53.072 E.02459
M204 S10000
G1 X65.891 Y53.556 F7200
M204 S1500
;TYPE:Inner wall
;WIDTH:0.433764
G1 F1535.139
G1 X65.521 Y53.622 E.01221
;WIDTH:0.43291
G1 F1538.501
G1 X64.84 Y53.708 E.02227
;WIDTH:0.442918
G1 F1500.007
G1 X64.226 Y53.754 E.02049
G1 X62.951 Y53.754 E.04238
;WIDTH:0.44359
G1 F1497.492
G1 X62.027 Y53.674 E.03091
G1 X61.315 Y53.567 E.02398
; stop printing object fidget-finger-massager-2000-rods-rod-02.stl id:0 copy 0
; printing object fidget-finger-massager-2000-rods-rod-03.stl id:0 copy 0
M204 S10000
G1 E-.8 F1800
M73 P63 R6
G1 X66.232 Y49.462 Z11.4 F7200
G1 Z11
G1 E.8 F1800
M204 S500
;TYPE:Outer wall
;WIDTH:0.449999
G1 F1473.915
G1 X66.379 Y50.297 E.02868
G1 X65.227 Y50.494 E.03955
G1 X64.243 Y50.576 E.03341
G1 X62.962 Y50.576 E.04337
G1 X61.712 Y50.453 E.04253
G1 X60.826 Y50.302 E.03042
G1 X60.973 Y49.466 E.02875
G1 X61.85 Y49.622 E.03015
G1 X62.397 Y49.686 E.01861
G1 X62.98 Y49.726 E.01979
G1 X64.261 Y49.726 E.04336
G1 X64.818 Y49.685 E.01891
G1 X65.478 Y49.603 E.02251
G1 X66.192 Y49.47 E.02459
M204 S10000
G1 X65.891 Y49.954 F7200
M204 S1500
;TYPE:Inner wall
;WIDTH:0.433764
G1 F1535.139
G1 X65.521 Y50.019 E.01221
;WIDTH:0.43291
G1 F1538.501
G1 X64.84 Y50.105 E.02227
;WIDTH:0.442918
G1 F1500.007
G1 X64.226 Y50.151 E.02049
G1 X62.951 Y50.151 E.04238
;WIDTH:0.44359
G1 F1497.492
G1 X62.027 Y50.071 E.03091
G1 X61.315 Y49.965 E.02398
; stop printing object fidget-finger-massager-2000-rods-rod-03.stl id:0 copy 0
; printing object fidget-finger-massager-2000-rods-rod-05.stl id:0 copy 0
M204 S10000
G1 E-.8 F1800
G1 X66.232 Y45.86 Z11.4 F7200
G1 Z11
G1 E.8 F1800
M204 S500
;TYPE:Outer wall
;WIDTH:0.449999
G1 F1473.915
G1 X66.379 Y46.694 E.02868
G1 X65.227 Y46.891 E.03955
G1 X64.243 Y46.974 E.03341
G1 X62.962 Y46.974 E.04337
G1 X61.712 Y46.85 E.04253
G1 X60.826 Y46.7 E.03042
G1 X60.973 Y45.863 E.02875
G1 X61.85 Y46.019 E.03015
G1 X62.397 Y46.083 E.01861
G1 X62.98 Y46.124 E.01979
G1 X64.261 Y46.124 E.04336
G1 X64.818 Y46.082 E.01891
G1 X65.478 Y46 E.02251
G1 X66.192 Y45.867 E.02459
M204 S10000
G1 X65.891 Y46.351 F7200
M204 S1500
;TYPE:Inner wall
;WIDTH:0.433764
G1 F1535.139
G1 X65.521 Y46.416 E.01221
;WIDTH:0.43291
G1 F1538.501
G1 X64.84 Y46.502 E.02227
;WIDTH:0.442918
G1 F1500.007
G1 X64.226 Y46.549 E.02049
G1 X62.951 Y46.549 E.04238
;WIDTH:0.44359
G1 F1497.492
G1 X62.027 Y46.468 E.03091
G1 X61.315 Y46.362 E.02398
; stop printing object fidget-finger-massager-2000-rods-rod-05.stl id:0 copy 0
; printing object fidget-finger-massager-2000-rods-rod-09.stl id:0 copy 0
M204 S10000
G1 E-.8 F1800
G1 X66.188 Y42.257 Z11.4 F7200
G1 Z11
G1 E.8 F1800
M204 S500
;TYPE:Outer wall
;WIDTH:0.449999
G1 F1473.915
G1 X66.335 Y43.091 E.02868
G1 X65.183 Y43.288 E.03955
G1 X64.199 Y43.371 E.03341
G1 X62.918 Y43.371 E.04337
G1 X61.668 Y43.248 E.04253
G1 X60.782 Y43.097 E.03042
G1 X60.929 Y42.26 E.02875
G1 X61.806 Y42.417 E.03015
G1 X62.353 Y42.48 E.01861
G1 X62.936 Y42.521 E.01979
G1 X64.217 Y42.521 E.04336
G1 X64.774 Y42.48 E.01891
G1 X65.434 Y42.397 E.02251
G1 X66.148 Y42.264 E.02459
M204 S10000
G1 X65.847 Y42.748 F7200
M204 S1500
;TYPE:Inner wall
;WIDTH:0.433764
G1 F1535.139
G1 X65.477 Y42.814 E.01221
;WIDTH:0.43291
G1 F1538.501
G1 X64.796 Y42.899 E.02227
;WIDTH:0.442918
G1 F1500.007
G1 X64.182 Y42.946 E.02049
G1 X62.908 Y42.946 E.04238
;WIDTH:0.44359
G1 F1497.492
G1 X61.983 Y42.866 E.03091
G1 X61.271 Y42.759 E.02398
; stop printing object fidget-finger-massager-2000-rods-rod-09.stl id:0 copy 0
; printing object fidget-finger-massager-2000-rods-rod-06.stl id:0 copy 0
M204 S10000
G1 E-.8 F1800
G1 X58.245 Y44.105 Z11.4 F7200
G1 Z11
G1 E.8 F1800
M204 S500
;TYPE:Outer wall
;WIDTH:0.449999
G1 F1473.915
G1 X58.176 Y44.439 E.01155
G1 X58.088 Y44.982 E.01861
G1 X58.025 Y45.528 E.01861
G1 X57.984 Y46.106 E.01959
G1 X57.984 Y47.393 E.04357
G1 X58.025 Y47.95 E.01891
G1 X58.108 Y48.613 E.0226
G1 X58.248 Y49.363 E.02585
G1 X57.411 Y49.511 E.02877
G1 X57.285 Y48.85 E.02277
G1 X57.168 Y47.877 E.03318
G1 X57.134 Y47.377 E.01696
G1 X57.134 Y46.106 E.04304
G1 X57.166 Y45.604 E.01703
G1 X57.285 Y44.619 E.03357
G1 X57.411 Y43.958 E.02277
G1 X58.205 Y44.098 E.0273
M204 S10000
G1 E-.8 F1800
G1 X57.751 Y49.019 Z11.4 F7200
G1 Z11
G1 E.8 F1800
M204 S1500
;TYPE:Inner wall
;WIDTH:0.444468
G1 F1494.217
G1 X57.607 Y48.002 E.03429
;WIDTH:0.44292
G1 F1500
G1 X57.559 Y47.392 E.02034
G1 X57.559 Y46.106 E.04279
G1 X57.604 Y45.497 E.02029
;WIDTH:0.436546
G1 F1524.289
G1 X57.671 Y44.933 E.01859
;WIDTH:0.436422
G1 X57.748 Y44.446 E.01615
; stop printing object fidget-finger-massager-2000-rods-rod-06.stl id:0 copy 0
; printing object fidget-finger-massager-2000-rods-rod-08.stl id:0 copy 0
M204 S10000
G1 E-.8 F1800
G1 X54.642 Y44.105 Z11.4 F7200
G1 Z11
G1 E.8 F1800
M204 S500
;TYPE:Outer wall
;WIDTH:0.449999
G1 F1473.915
G1 X54.573 Y44.439 E.01155
G1 X54.486 Y44.982 E.01861
G1 X54.422 Y45.528 E.01861
G1 X54.381 Y46.106 E.01959
G1 X54.381 Y47.393 E.04357
G1 X54.423 Y47.95 E.01891
G1 X54.505 Y48.613 E.0226
G1 X54.645 Y49.363 E.02585
G1 X53.808 Y49.511 E.02877
G1 X53.682 Y48.85 E.02277
G1 X53.565 Y47.877 E.03318
G1 X53.531 Y47.377 E.01696
G1 X53.531 Y46.106 E.04304
G1 X53.563 Y45.604 E.01703
G1 X53.682 Y44.619 E.03357
G1 X53.808 Y43.958 E.02277
G1 X54.603 Y44.098 E.0273
M204 S10000
G1 E-.8 F1800
G1 X54.148 Y49.019 Z11.4 F7200
G1 Z11
G1 E.8 F1800
M204 S1500
;TYPE:Inner wall
;WIDTH:0.444468
G1 F1494.217
G1 X54.004 Y48.002 E.03429
;WIDTH:0.44292
G1 F1500
G1 X53.956 Y47.392 E.02034
G1 X53.956 Y46.106 E.04279
G1 X54.001 Y45.497 E.02029
;WIDTH:0.436546
G1 F1524.289
G1 X54.068 Y44.933 E.01859
;WIDTH:0.436422
G1 X54.145 Y44.446 E.01615
; stop printing object fidget-finger-massager-2000-rods-rod-08.stl id:0 copy 0
;LAYER_CHANGE
;Z:11.2
;HEIGHT:0.2
G92 E0
;_SET_FAN_SPEED_CHANGING_LAYER
; printing object fidget-finger-massager-2000-rods-rod-07.stl id:0 copy 0
M204 S10000
G1 E-.8 F1800
G1 X54.628 Y52.063 Z11.6 F7200
G1 X54.642 Y52.287 Z11.6
G1 Z11.2
G1 E.8 F1800
M204 S500
;TYPE:Outer wall
;WIDTH:0.449999
G1 F1473.915
G1 X54.573 Y52.623 E.01161
G1 X54.486 Y53.165 E.01859
G1 X54.422 Y53.711 E.01859
G1 X54.381 Y54.287 E.01957
G1 X54.381 Y55.574 E.04357
G1 X54.423 Y56.131 E.01889
G1 X54.507 Y56.805 E.02299
G1 X54.645 Y57.545 E.02548
G1 X53.808 Y57.693 E.02877
G1 X53.683 Y57.038 E.02255
G1 X53.565 Y56.061 E.03332
G1 X53.531 Y55.559 E.01703
G1 X53.531 Y54.287 E.04303
G1 X53.564 Y53.783 E.01711
G1 X53.683 Y52.794 E.03372
G1 X53.808 Y52.14 E.02255
G1 X54.603 Y52.28 E.0273
M204 S10000
G1 E-.8 F1800
G1 X54.148 Y57.2 Z11.6 F7200
G1 Z11.2
G1 E.8 F1800
M204 S1500
;TYPE:Inner wall
;WIDTH:0.444408
G1 F1494.441
G1 X54.004 Y56.183 E.03429
;WIDTH:0.44292
G1 F1500
G1 X53.956 Y55.574 E.02033
G1 X53.956 Y54.287 E.04279
G1 X54.001 Y53.68 E.02027
;WIDTH:0.436584
G1 F1524.142
G1 X54.145 Y52.627 E.03476
; stop printing object fidget-finger-massager-2000-rods-rod-07.stl id:0 copy 0
; printing object fidget-finger-massager-2000-rods-rod-04.stl id:0 copy 0
M204 S10000
G1 E-.8 F1800
G1 X58.245 Y52.287 Z11.6 F7200
G1 Z11.2
G1 E.8 F1800
M204 S500
;TYPE:Outer wall
;WIDTH:0.449999
G1 F1473.915
G1 X58.176 Y52.623 E.01161
G1 X58.088 Y53.165 E.01859
G1 X58.025 Y53.711 E.01859
G1 X57.984 Y54.287 E.01957
G1 X57.984 Y55.574 E.04357
G1 X58.025 Y56.131 E.01889
G1 X58.11 Y56.805 E.02299
G1 X58.248 Y57.545 E.02548
G1 X57.411 Y57.693 E.02877
G1 X57.286 Y57.038 E.02255
G1 X57.168 Y56.061 E.03332
G1 X57.134 Y55.559 E.01703
G1 X57.134 Y54.287 E.04303
G1 X57.166 Y53.783 E.01711
G1 X57.286 Y52.794 E.03372
G1 X57.411 Y52.14 E.02255
G1 X58.205 Y52.28 E.0273
M204 S10000
G1 E-.8 F1800
G1 X57.751 Y57.2 Z11.6 F7200
G1 Z11.2
G1 E.8 F1800
M204 S1500
;TYPE:Inner wall
;WIDTH:0.444408
G1 F1494.441
G1 X57.607 Y56.183 E.03429
;WIDTH:0.44292
G1 F1500
G1 X57.559 Y55.574 E.02033
G1 X57.559 Y54.287 E.04279
G1 X57.604 Y53.68 E.02027
;WIDTH:0.436584
G1 F1524.142
G1 X57.748 Y52.627 E.03476
; stop printing object fidget-finger-massager-2000-rods-rod-04.stl id:0 copy 0
; printing object fidget-finger-massager-2000-rods-rod-01.stl id:0 copy 0
M204 S10000
G1 E-.8 F1800
G1 X64.638 Y55.909 Z11.6 F7200
G1 X66.232 Y56.668 Z11.6
G1 Z11.2
G1 E.8 F1800
M204 S500
;TYPE:Outer wall
;WIDTH:0.449999
G1 F1473.915
G1 X66.379 Y57.504 E.02873
G1 X65.587 Y57.651 E.02727
G1 X64.747 Y57.749 E.02862
G1 X64.245 Y57.782 E.01702
G1 X62.962 Y57.782 E.04343
G1 X61.713 Y57.659 E.04248
G1 X60.826 Y57.508 E.03047
G1 X60.973 Y56.671 E.02875
G1 X61.852 Y56.828 E.0302
G1 X62.397 Y56.892 E.01859
G1 X62.98 Y56.932 E.01977
G1 X64.261 Y56.932 E.04336
G1 X64.818 Y56.891 E.01889
G1 X65.491 Y56.806 E.02298
G1 X66.192 Y56.675 E.02414
M204 S10000
G1 X65.888 Y57.164 F7200
M204 S1500
;TYPE:Inner wall
;WIDTH:0.442358
G1 F1502.11
G1 X65.524 Y57.231 E.01232
G1 X64.839 Y57.313 E.02288
;WIDTH:0.442918
G1 F1500.007
G1 X64.231 Y57.357 E.02027
G1 X62.952 Y57.357 E.04257
;WIDTH:0.443554
G1 F1497.626
G1 X62.023 Y57.276 E.03106
G1 X61.315 Y57.17 E.02384
; stop printing object fidget-finger-massager-2000-rods-rod-01.stl id:0 copy 0
; printing object fidget-finger-massager-2000-rods-rod-02.stl id:0 copy 0
M204 S10000
G1 E-.8 F1800
G1 X66.232 Y53.065 Z11.6 F7200
G1 Z11.2
G1 E.8 F1800
M204 S500
;TYPE:Outer wall
;WIDTH:0.449999
G1 F1473.915
G1 X66.379 Y53.901 E.02873
G1 X65.587 Y54.048 E.02727
G1 X64.747 Y54.146 E.02862
G1 X64.245 Y54.179 E.01702
G1 X62.962 Y54.179 E.04343
G1 X61.713 Y54.056 E.04248
G1 X60.826 Y53.905 E.03047
G1 X60.973 Y53.069 E.02875
G1 X61.852 Y53.225 E.0302
M73 P64 R6
G1 X62.397 Y53.289 E.01859
G1 X62.98 Y53.329 E.01977
G1 X64.261 Y53.329 E.04336
G1 X64.818 Y53.288 E.01889
G1 X65.491 Y53.204 E.02298
G1 X66.192 Y53.073 E.02414
M204 S10000
G1 X65.888 Y53.561 F7200
M204 S1500
;TYPE:Inner wall
;WIDTH:0.442358
G1 F1502.11
G1 X65.524 Y53.628 E.01232
G1 X64.839 Y53.71 E.02288
;WIDTH:0.442918
G1 F1500.007
G1 X64.231 Y53.754 E.02027
G1 X62.952 Y53.754 E.04257
;WIDTH:0.443554
G1 F1497.626
G1 X62.023 Y53.673 E.03106
G1 X61.315 Y53.567 E.02384
; stop printing object fidget-finger-massager-2000-rods-rod-02.stl id:0 copy 0
; printing object fidget-finger-massager-2000-rods-rod-03.stl id:0 copy 0
M204 S10000
G1 E-.8 F1800
G1 X66.232 Y49.462 Z11.6 F7200
G1 Z11.2
G1 E.8 F1800
M204 S500
;TYPE:Outer wall
;WIDTH:0.449999
G1 F1473.915
G1 X66.379 Y50.298 E.02873
G1 X65.587 Y50.445 E.02727
G1 X64.747 Y50.543 E.02862
G1 X64.245 Y50.576 E.01702
G1 X62.962 Y50.576 E.04343
G1 X61.713 Y50.454 E.04248
G1 X60.826 Y50.302 E.03047
G1 X60.973 Y49.466 E.02875
G1 X61.852 Y49.622 E.0302
G1 X62.397 Y49.686 E.01859
G1 X62.98 Y49.726 E.01977
G1 X64.261 Y49.726 E.04336
G1 X64.818 Y49.685 E.01889
G1 X65.491 Y49.601 E.02298
G1 X66.192 Y49.47 E.02414
M204 S10000
G1 X65.888 Y49.958 F7200
M204 S1500
;TYPE:Inner wall
;WIDTH:0.442358
G1 F1502.11
G1 X65.524 Y50.025 E.01232
G1 X64.839 Y50.107 E.02288
;WIDTH:0.442918
G1 F1500.007
G1 X64.231 Y50.151 E.02027
G1 X62.952 Y50.151 E.04257
;WIDTH:0.443554
G1 F1497.626
G1 X62.023 Y50.071 E.03106
G1 X61.315 Y49.965 E.02384
; stop printing object fidget-finger-massager-2000-rods-rod-03.stl id:0 copy 0
; printing object fidget-finger-massager-2000-rods-rod-05.stl id:0 copy 0
M204 S10000
G1 E-.8 F1800
G1 X66.232 Y45.86 Z11.6 F7200
G1 Z11.2
G1 E.8 F1800
M204 S500
;TYPE:Outer wall
;WIDTH:0.449999
G1 F1473.915
G1 X66.379 Y46.696 E.02873
G1 X65.587 Y46.843 E.02727
G1 X64.747 Y46.94 E.02862
G1 X64.245 Y46.974 E.01702
G1 X62.962 Y46.974 E.04343
G1 X61.713 Y46.851 E.04248
G1 X60.826 Y46.7 E.03047
G1 X60.973 Y45.863 E.02875
G1 X61.852 Y46.02 E.0302
G1 X62.397 Y46.083 E.01859
G1 X62.98 Y46.124 E.01977
G1 X64.261 Y46.124 E.04336
G1 X64.818 Y46.082 E.01889
G1 X65.491 Y45.998 E.02298
G1 X66.192 Y45.867 E.02414
M204 S10000
G1 X65.888 Y46.355 F7200
M204 S1500
;TYPE:Inner wall
;WIDTH:0.442358
G1 F1502.11
G1 X65.524 Y46.422 E.01232
G1 X64.839 Y46.504 E.02288
;WIDTH:0.442918
G1 F1500.007
G1 X64.231 Y46.549 E.02027
G1 X62.952 Y46.549 E.04257
;WIDTH:0.443554
G1 F1497.626
G1 X62.023 Y46.468 E.03106
G1 X61.315 Y46.362 E.02384
; stop printing object fidget-finger-massager-2000-rods-rod-05.stl id:0 copy 0
; printing object fidget-finger-massager-2000-rods-rod-09.stl id:0 copy 0
M204 S10000
G1 E-.8 F1800
G1 X66.188 Y42.257 Z11.6 F7200
G1 Z11.2
G1 E.8 F1800
M204 S500
;TYPE:Outer wall
;WIDTH:0.449999
G1 F1473.915
G1 X66.335 Y43.093 E.02873
G1 X65.543 Y43.24 E.02727
G1 X64.703 Y43.337 E.02862
G1 X64.201 Y43.371 E.01702
G1 X62.918 Y43.371 E.04343
G1 X61.669 Y43.248 E.04248
G1 X60.782 Y43.097 E.03047
G1 X60.929 Y42.26 E.02875
G1 X61.808 Y42.417 E.0302
G1 X62.353 Y42.481 E.01859
G1 X62.936 Y42.521 E.01977
G1 X64.217 Y42.521 E.04336
G1 X64.774 Y42.48 E.01889
G1 X65.447 Y42.395 E.02298
G1 X66.148 Y42.264 E.02414
M204 S10000
G1 X65.844 Y42.752 F7200
M204 S1500
;TYPE:Inner wall
;WIDTH:0.442358
G1 F1502.11
G1 X65.48 Y42.82 E.01232
G1 X64.796 Y42.902 E.02288
;WIDTH:0.442918
G1 F1500.007
G1 X64.188 Y42.946 E.02027
G1 X62.908 Y42.946 E.04257
;WIDTH:0.443554
G1 F1497.626
G1 X61.979 Y42.865 E.03106
G1 X61.271 Y42.759 E.02384
; stop printing object fidget-finger-massager-2000-rods-rod-09.stl id:0 copy 0
; printing object fidget-finger-massager-2000-rods-rod-06.stl id:0 copy 0
M204 S10000
G1 E-.8 F1800
G1 X58.245 Y44.105 Z11.6 F7200
G1 Z11.2
G1 E.8 F1800
M204 S500
;TYPE:Outer wall
;WIDTH:0.449999
G1 F1473.915
G1 X58.176 Y44.441 E.01161
G1 X58.088 Y44.983 E.01859
G1 X58.025 Y45.529 E.01859
G1 X57.984 Y46.106 E.01957
G1 X57.984 Y47.393 E.04357
G1 X58.025 Y47.949 E.01889
G1 X58.11 Y48.623 E.02299
G1 X58.248 Y49.363 E.02548
G1 X57.411 Y49.511 E.02877
G1 X57.286 Y48.857 E.02255
G1 X57.168 Y47.879 E.03332
G1 X57.134 Y47.377 E.01703
G1 X57.134 Y46.106 E.04303
G1 X57.166 Y45.601 E.01711
G1 X57.286 Y44.613 E.03372
G1 X57.411 Y43.958 E.02255
G1 X58.205 Y44.098 E.0273
M204 S10000
G1 E-.8 F1800
G1 X57.751 Y49.019 Z11.6 F7200
G1 Z11.2
G1 E.8 F1800
M204 S1500
;TYPE:Inner wall
;WIDTH:0.444408
G1 F1494.441
G1 X57.607 Y48.002 E.03429
;WIDTH:0.44292
G1 F1500
G1 X57.559 Y47.392 E.02033
G1 X57.559 Y46.106 E.04279
G1 X57.604 Y45.498 E.02027
;WIDTH:0.436584
G1 F1524.142
G1 X57.748 Y44.446 E.03476
; stop printing object fidget-finger-massager-2000-rods-rod-06.stl id:0 copy 0
; printing object fidget-finger-massager-2000-rods-rod-08.stl id:0 copy 0
M204 S10000
G1 E-.8 F1800
G1 X54.642 Y44.105 Z11.6 F7200
G1 Z11.2
G1 E.8 F1800
M204 S500
;TYPE:Outer wall
;WIDTH:0.449999
G1 F1473.915
G1 X54.573 Y44.441 E.01161
G1 X54.486 Y44.983 E.01859
G1 X54.422 Y45.529 E.01859
G1 X54.381 Y46.106 E.01957
G1 X54.381 Y47.393 E.04357
G1 X54.423 Y47.949 E.01889
G1 X54.507 Y48.623 E.02299
G1 X54.645 Y49.363 E.02548
G1 X53.808 Y49.511 E.02877
G1 X53.683 Y48.857 E.02255
G1 X53.565 Y47.879 E.03332
G1 X53.531 Y47.377 E.01703
G1 X53.531 Y46.106 E.04303
G1 X53.564 Y45.601 E.01711
G1 X53.683 Y44.613 E.03372
G1 X53.808 Y43.958 E.02255
G1 X54.603 Y44.098 E.0273
M204 S10000
G1 E-.8 F1800
G1 X54.148 Y49.019 Z11.6 F7200
G1 Z11.2
G1 E.8 F1800
M204 S1500
;TYPE:Inner wall
;WIDTH:0.444408
G1 F1494.441
G1 X54.004 Y48.002 E.03429
;WIDTH:0.44292
G1 F1500
G1 X53.956 Y47.392 E.02033
G1 X53.956 Y46.106 E.04279
G1 X54.001 Y45.498 E.02027
;WIDTH:0.436584
G1 F1524.142
G1 X54.145 Y44.446 E.03476
; stop printing object fidget-finger-massager-2000-rods-rod-08.stl id:0 copy 0
;LAYER_CHANGE
;Z:11.4
;HEIGHT:0.2
G92 E0
;_SET_FAN_SPEED_CHANGING_LAYER
; printing object fidget-finger-massager-2000-rods-rod-07.stl id:0 copy 0
M204 S10000
G1 E-.8 F1800
G1 X54.628 Y52.063 Z11.8 F7200
G1 X54.642 Y52.287 Z11.8
G1 Z11.4
G1 E.8 F1800
M204 S500
;TYPE:Outer wall
;WIDTH:0.449999
G1 F1473.915
G1 X54.572 Y52.625 E.01168
G1 X54.485 Y53.166 E.01857
G1 X54.422 Y53.711 E.01857
G1 X54.381 Y54.287 E.01955
G1 X54.381 Y55.574 E.04356
G1 X54.423 Y56.131 E.01887
G1 X54.509 Y56.816 E.02337
G1 X54.645 Y57.545 E.02512
G1 X53.808 Y57.693 E.02877
G1 X53.685 Y57.045 E.02233
G1 X53.565 Y56.063 E.03347
G1 X53.531 Y55.559 E.01711
G1 X53.531 Y54.287 E.04303
G1 X53.564 Y53.781 E.01718
G1 X53.685 Y52.788 E.03387
G1 X53.808 Y52.14 E.02233
G1 X54.603 Y52.28 E.0273
M204 S10000
G1 E-.8 F1800
G1 X54.148 Y57.2 Z11.8 F7200
G1 Z11.4
G1 E.8 F1800
M204 S1500
;TYPE:Inner wall
;WIDTH:0.444336
G1 F1494.709
G1 X54.004 Y56.183 E.0343
;WIDTH:0.44292
G1 F1500
G1 X53.956 Y55.574 E.02032
G1 X53.956 Y54.287 E.04278
G1 X54.001 Y53.68 E.02025
;WIDTH:0.436622
G1 F1523.995
G1 X54.145 Y52.627 E.03478
; stop printing object fidget-finger-massager-2000-rods-rod-07.stl id:0 copy 0
; printing object fidget-finger-massager-2000-rods-rod-04.stl id:0 copy 0
M204 S10000
G1 E-.8 F1800
G1 X58.245 Y52.287 Z11.8 F7200
G1 Z11.4
G1 E.8 F1800
M204 S500
;TYPE:Outer wall
;WIDTH:0.449999
G1 F1473.915
G1 X58.175 Y52.625 E.01168
G1 X58.088 Y53.166 E.01857
G1 X58.024 Y53.711 E.01857
G1 X57.984 Y54.287 E.01955
G1 X57.984 Y55.574 E.04356
G1 X58.025 Y56.131 E.01887
G1 X58.112 Y56.816 E.02337
G1 X58.248 Y57.545 E.02512
G1 X57.411 Y57.693 E.02877
G1 X57.287 Y57.045 E.02233
G1 X57.168 Y56.063 E.03347
G1 X57.134 Y55.559 E.01711
G1 X57.134 Y54.287 E.04303
G1 X57.167 Y53.781 E.01718
G1 X57.287 Y52.788 E.03387
G1 X57.411 Y52.14 E.02233
G1 X58.205 Y52.28 E.0273
M204 S10000
G1 E-.8 F1800
G1 X57.751 Y57.2 Z11.8 F7200
G1 Z11.4
G1 E.8 F1800
M204 S1500
;TYPE:Inner wall
;WIDTH:0.444336
G1 F1494.709
G1 X57.607 Y56.183 E.0343
;WIDTH:0.44292
G1 F1500
G1 X57.559 Y55.574 E.02032
G1 X57.559 Y54.287 E.04278
G1 X57.604 Y53.68 E.02025
;WIDTH:0.436622
G1 F1523.995
G1 X57.747 Y52.627 E.03478
; stop printing object fidget-finger-massager-2000-rods-rod-04.stl id:0 copy 0
; printing object fidget-finger-massager-2000-rods-rod-01.stl id:0 copy 0
M204 S10000
G1 E-.8 F1800
G1 X64.638 Y55.909 Z11.8 F7200
G1 X66.232 Y56.668 Z11.8
G1 Z11.4
G1 E.8 F1800
M204 S500
;TYPE:Outer wall
;WIDTH:0.449999
G1 F1473.915
G1 X66.379 Y57.504 E.02873
G1 X65.58 Y57.652 E.0275
G1 X64.749 Y57.748 E.02832
G1 X64.245 Y57.782 E.01709
G1 X62.962 Y57.782 E.04343
G1 X61.714 Y57.659 E.04244
G1 X60.826 Y57.508 E.03051
G1 X60.973 Y56.671 E.02875
G1 X61.853 Y56.828 E.03024
G1 X62.398 Y56.892 E.01857
G1 X62.98 Y56.932 E.01976
G1 X64.261 Y56.932 E.04336
G1 X64.817 Y56.891 E.01887
G1 X65.502 Y56.805 E.02336
G1 X66.192 Y56.675 E.02377
M204 S10000
G1 X65.888 Y57.164 F7200
M204 S1500
;TYPE:Inner wall
;WIDTH:0.44282
G1 F1500.375
G1 X65.517 Y57.231 E.01256
G1 X64.839 Y57.313 E.02271
G1 X64.231 Y57.357 E.02025
;WIDTH:0.44292
G1 X62.952 Y57.357 E.04257
;WIDTH:0.443518
G1 F1497.761
G1 X62.018 Y57.276 E.0312
G1 X61.315 Y57.17 E.02369
; stop printing object fidget-finger-massager-2000-rods-rod-01.stl id:0 copy 0
; printing object fidget-finger-massager-2000-rods-rod-02.stl id:0 copy 0
M204 S10000
G1 E-.8 F1800
G1 X66.232 Y53.065 Z11.8 F7200
G1 Z11.4
M73 P65 R6
G1 E.8 F1800
M204 S500
;TYPE:Outer wall
;WIDTH:0.449999
G1 F1473.915
G1 X66.379 Y53.901 E.02873
G1 X65.58 Y54.049 E.0275
G1 X64.749 Y54.146 E.02832
G1 X64.245 Y54.179 E.01709
G1 X62.962 Y54.179 E.04343
G1 X61.714 Y54.057 E.04244
G1 X60.826 Y53.905 E.03051
G1 X60.973 Y53.069 E.02875
G1 X61.853 Y53.225 E.03024
G1 X62.398 Y53.289 E.01857
G1 X62.98 Y53.329 E.01976
G1 X64.261 Y53.329 E.04336
G1 X64.817 Y53.288 E.01887
G1 X65.502 Y53.202 E.02336
G1 X66.192 Y53.073 E.02377
M204 S10000
G1 X65.888 Y53.561 F7200
M204 S1500
;TYPE:Inner wall
;WIDTH:0.44282
G1 F1500.375
G1 X65.517 Y53.629 E.01256
G1 X64.839 Y53.71 E.02271
G1 X64.231 Y53.754 E.02025
;WIDTH:0.44292
G1 X62.952 Y53.754 E.04257
;WIDTH:0.443518
G1 F1497.761
G1 X62.018 Y53.673 E.0312
G1 X61.315 Y53.567 E.02369
; stop printing object fidget-finger-massager-2000-rods-rod-02.stl id:0 copy 0
; printing object fidget-finger-massager-2000-rods-rod-03.stl id:0 copy 0
M204 S10000
G1 E-.8 F1800
G1 X66.232 Y49.462 Z11.8 F7200
G1 Z11.4
G1 E.8 F1800
M204 S500
;TYPE:Outer wall
;WIDTH:0.449999
G1 F1473.915
G1 X66.379 Y50.298 E.02873
G1 X65.58 Y50.446 E.0275
G1 X64.749 Y50.543 E.02832
G1 X64.245 Y50.576 E.01709
G1 X62.962 Y50.576 E.04343
G1 X61.714 Y50.454 E.04244
G1 X60.826 Y50.302 E.03051
G1 X60.973 Y49.466 E.02875
G1 X61.853 Y49.622 E.03024
G1 X62.398 Y49.686 E.01857
G1 X62.98 Y49.726 E.01976
G1 X64.261 Y49.726 E.04336
G1 X64.817 Y49.685 E.01887
G1 X65.502 Y49.599 E.02336
G1 X66.192 Y49.47 E.02377
M204 S10000
G1 X65.888 Y49.958 F7200
M204 S1500
;TYPE:Inner wall
;WIDTH:0.44282
G1 F1500.375
G1 X65.517 Y50.026 E.01256
G1 X64.839 Y50.107 E.02271
G1 X64.231 Y50.151 E.02025
;WIDTH:0.44292
G1 X62.952 Y50.151 E.04257
;WIDTH:0.443518
G1 F1497.761
G1 X62.018 Y50.07 E.0312
G1 X61.315 Y49.965 E.02369
; stop printing object fidget-finger-massager-2000-rods-rod-03.stl id:0 copy 0
; printing object fidget-finger-massager-2000-rods-rod-05.stl id:0 copy 0
M204 S10000
G1 E-.8 F1800
G1 X66.232 Y45.86 Z11.8 F7200
G1 Z11.4
G1 E.8 F1800
M204 S500
;TYPE:Outer wall
;WIDTH:0.449999
G1 F1473.915
G1 X66.379 Y46.695 E.02873
G1 X65.58 Y46.844 E.0275
G1 X64.749 Y46.94 E.02832
G1 X64.245 Y46.974 E.01709
G1 X62.962 Y46.974 E.04343
G1 X61.714 Y46.851 E.04244
G1 X60.826 Y46.7 E.03051
G1 X60.973 Y45.863 E.02875
G1 X61.853 Y46.02 E.03024
G1 X62.398 Y46.083 E.01857
G1 X62.98 Y46.124 E.01976
G1 X64.261 Y46.124 E.04336
G1 X64.817 Y46.082 E.01887
G1 X65.502 Y45.996 E.02336
G1 X66.192 Y45.867 E.02377
M204 S10000
G1 X65.888 Y46.355 F7200
M204 S1500
;TYPE:Inner wall
;WIDTH:0.44282
G1 F1500.375
G1 X65.517 Y46.423 E.01256
G1 X64.839 Y46.504 E.02271
G1 X64.231 Y46.549 E.02025
;WIDTH:0.44292
G1 X62.952 Y46.549 E.04257
;WIDTH:0.443518
G1 F1497.761
G1 X62.018 Y46.467 E.0312
G1 X61.315 Y46.362 E.02369
; stop printing object fidget-finger-massager-2000-rods-rod-05.stl id:0 copy 0
; printing object fidget-finger-massager-2000-rods-rod-09.stl id:0 copy 0
M204 S10000
G1 E-.8 F1800
G1 X66.188 Y42.257 Z11.8 F7200
G1 Z11.4
G1 E.8 F1800
M204 S500
;TYPE:Outer wall
;WIDTH:0.449999
G1 F1473.915
G1 X66.335 Y43.093 E.02873
G1 X65.536 Y43.241 E.0275
G1 X64.705 Y43.337 E.02832
G1 X64.201 Y43.371 E.01709
G1 X62.918 Y43.371 E.04343
G1 X61.671 Y43.248 E.04244
G1 X60.782 Y43.097 E.03051
G1 X60.929 Y42.26 E.02875
G1 X61.809 Y42.417 E.03024
G1 X62.354 Y42.481 E.01857
G1 X62.936 Y42.521 E.01976
G1 X64.217 Y42.521 E.04336
G1 X64.773 Y42.48 E.01887
G1 X65.458 Y42.394 E.02336
G1 X66.148 Y42.264 E.02377
M204 S10000
G1 X65.845 Y42.752 F7200
M204 S1500
;TYPE:Inner wall
;WIDTH:0.44282
G1 F1500.375
G1 X65.473 Y42.82 E.01256
G1 X64.795 Y42.902 E.02271
G1 X64.188 Y42.946 E.02025
;WIDTH:0.44292
G1 X62.908 Y42.946 E.04257
;WIDTH:0.443518
G1 F1497.761
G1 X61.975 Y42.865 E.0312
G1 X61.271 Y42.759 E.02369
; stop printing object fidget-finger-massager-2000-rods-rod-09.stl id:0 copy 0
; printing object fidget-finger-massager-2000-rods-rod-06.stl id:0 copy 0
M204 S10000
G1 E-.8 F1800
G1 X58.245 Y44.105 Z11.8 F7200
G1 Z11.4
G1 E.8 F1800
M204 S500
;TYPE:Outer wall
;WIDTH:0.449999
G1 F1473.915
G1 X58.175 Y44.443 E.01168
G1 X58.088 Y44.985 E.01857
G1 X58.024 Y45.53 E.01857
G1 X57.984 Y46.106 E.01955
G1 X57.984 Y47.393 E.04356
G1 X58.025 Y47.949 E.01887
G1 X58.112 Y48.634 E.02337
G1 X58.248 Y49.363 E.02512
G1 X57.411 Y49.511 E.02877
G1 X57.287 Y48.863 E.02233
G1 X57.168 Y47.882 E.03347
G1 X57.134 Y47.377 E.01711
G1 X57.134 Y46.106 E.04303
G1 X57.167 Y45.599 E.01718
G1 X57.287 Y44.606 E.03387
G1 X57.411 Y43.958 E.02233
G1 X58.205 Y44.098 E.0273
M204 S10000
G1 E-.8 F1800
G1 X57.751 Y49.019 Z11.8 F7200
G1 Z11.4
G1 E.8 F1800
M204 S1500
;TYPE:Inner wall
;WIDTH:0.444336
G1 F1494.709
G1 X57.607 Y48.001 E.0343
;WIDTH:0.44292
G1 F1500
G1 X57.559 Y47.392 E.02032
G1 X57.559 Y46.106 E.04278
G1 X57.604 Y45.499 E.02025
;WIDTH:0.436622
G1 F1523.995
G1 X57.747 Y44.446 E.03478
; stop printing object fidget-finger-massager-2000-rods-rod-06.stl id:0 copy 0
; printing object fidget-finger-massager-2000-rods-rod-08.stl id:0 copy 0
M204 S10000
G1 E-.8 F1800
G1 X54.642 Y44.105 Z11.8 F7200
G1 Z11.4
G1 E.8 F1800
M204 S500
;TYPE:Outer wall
;WIDTH:0.449999
G1 F1473.915
G1 X54.572 Y44.443 E.01168
G1 X54.485 Y44.985 E.01857
G1 X54.422 Y45.53 E.01857
G1 X54.381 Y46.106 E.01955
G1 X54.381 Y47.393 E.04356
G1 X54.423 Y47.949 E.01887
G1 X54.509 Y48.634 E.02337
G1 X54.645 Y49.363 E.02512
G1 X53.808 Y49.511 E.02877
G1 X53.685 Y48.863 E.02233
G1 X53.565 Y47.882 E.03347
G1 X53.531 Y47.377 E.01711
G1 X53.531 Y46.106 E.04303
G1 X53.564 Y45.599 E.01718
G1 X53.685 Y44.606 E.03387
G1 X53.808 Y43.958 E.02233
G1 X54.603 Y44.098 E.0273
M204 S10000
G1 E-.8 F1800
G1 X54.148 Y49.019 Z11.8 F7200
G1 Z11.4
G1 E.8 F1800
M204 S1500
;TYPE:Inner wall
;WIDTH:0.444336
G1 F1494.709
G1 X54.004 Y48.001 E.0343
;WIDTH:0.44292
G1 F1500
G1 X53.956 Y47.392 E.02032
G1 X53.956 Y46.106 E.04278
G1 X54.001 Y45.499 E.02025
;WIDTH:0.436622
G1 F1523.995
G1 X54.145 Y44.446 E.03478
; stop printing object fidget-finger-massager-2000-rods-rod-08.stl id:0 copy 0
;LAYER_CHANGE
;Z:11.6
;HEIGHT:0.200001
G92 E0
;_SET_FAN_SPEED_CHANGING_LAYER
; printing object fidget-finger-massager-2000-rods-rod-07.stl id:0 copy 0
M204 S10000
G1 E-.8 F1800
G1 X54.628 Y52.063 Z12 F7200
G1 X54.642 Y52.287 Z12
G1 Z11.6
G1 E.8 F1800
M204 S500
;TYPE:Outer wall
;WIDTH:0.449999
G1 F1473.915
G1 X54.572 Y52.626 E.01174
G1 X54.485 Y53.168 E.01855
G1 X54.422 Y53.712 E.01855
G1 X54.381 Y54.287 E.01953
G1 X54.381 Y55.574 E.04356
G1 X54.423 Y56.13 E.01885
G1 X54.511 Y56.827 E.02378
G1 X54.646 Y57.545 E.02472
G1 X53.808 Y57.693 E.02879
G1 X53.686 Y57.051 E.02211
G1 X53.565 Y56.065 E.03361
G1 X53.531 Y55.559 E.01718
G1 X53.531 Y54.287 E.04303
G1 X53.564 Y53.779 E.01725
G1 X53.686 Y52.781 E.03401
G1 X53.808 Y52.14 E.02211
G1 X54.603 Y52.28 E.0273
M204 S10000
G1 E-.8 F1800
G1 X54.148 Y57.2 Z12 F7200
G1 Z11.6
G1 E.8 F1800
M204 S1500
;TYPE:Inner wall
;WIDTH:0.44449
G1 F1494.135
G1 X54.004 Y56.183 E.03432
;WIDTH:0.44292
G1 F1500
G1 X53.956 Y55.574 E.02031
G1 X53.956 Y54.287 E.04278
G1 X54.001 Y53.681 E.02023
;WIDTH:0.436664
G1 F1523.833
G1 X54.145 Y52.627 E.03481
; stop printing object fidget-finger-massager-2000-rods-rod-07.stl id:0 copy 0
; printing object fidget-finger-massager-2000-rods-rod-04.stl id:0 copy 0
M204 S10000
G1 E-.8 F1800
G1 X58.245 Y52.287 Z12 F7200
G1 Z11.6
G1 E.8 F1800
M204 S500
;TYPE:Outer wall
;WIDTH:0.449999
G1 F1473.915
G1 X58.175 Y52.626 E.01174
G1 X58.088 Y53.168 E.01855
G1 X58.024 Y53.712 E.01855
G1 X57.984 Y54.287 E.01953
G1 X57.984 Y55.574 E.04356
G1 X58.025 Y56.13 E.01885
G1 X58.113 Y56.827 E.02378
G1 X58.249 Y57.545 E.02472
G1 X57.411 Y57.693 E.02879
G1 X57.288 Y57.051 E.02211
M73 P65 R5
G1 X57.168 Y56.065 E.03361
G1 X57.134 Y55.559 E.01718
G1 X57.134 Y54.287 E.04303
G1 X57.167 Y53.779 E.01725
G1 X57.288 Y52.781 E.03401
G1 X57.411 Y52.14 E.02211
G1 X58.205 Y52.28 E.0273
M204 S10000
G1 E-.8 F1800
G1 X57.75 Y57.2 Z12 F7200
G1 Z11.6
G1 E.8 F1800
M204 S1500
;TYPE:Inner wall
;WIDTH:0.44449
G1 F1494.135
G1 X57.607 Y56.183 E.03432
;WIDTH:0.44292
G1 F1500
G1 X57.559 Y55.574 E.02031
G1 X57.559 Y54.287 E.04278
G1 X57.604 Y53.681 E.02023
;WIDTH:0.436664
G1 F1523.833
G1 X57.747 Y52.627 E.03481
; stop printing object fidget-finger-massager-2000-rods-rod-04.stl id:0 copy 0
; printing object fidget-finger-massager-2000-rods-rod-01.stl id:0 copy 0
M204 S10000
G1 E-.8 F1800
G1 X64.638 Y55.909 Z12 F7200
G1 X66.231 Y56.667 Z12
G1 Z11.6
G1 E.8 F1800
M204 S500
;TYPE:Outer wall
;WIDTH:0.449999
G1 F1473.915
G1 X66.379 Y57.504 E.02877
G1 X65.574 Y57.653 E.02771
G1 X64.751 Y57.748 E.02803
G1 X64.245 Y57.782 E.01716
G1 X62.962 Y57.782 E.04343
G1 X61.716 Y57.66 E.04239
G1 X60.826 Y57.508 E.03056
G1 X60.973 Y56.671 E.02875
G1 X61.854 Y56.828 E.03028
G1 X62.398 Y56.892 E.01855
G1 X62.98 Y56.932 E.01974
G1 X64.261 Y56.932 E.04336
M73 P66 R5
G1 X64.817 Y56.891 E.01886
G1 X65.513 Y56.803 E.02376
G1 X66.192 Y56.675 E.02339
M204 S10000
G1 X65.888 Y57.164 F7200
M204 S1500
;TYPE:Inner wall
;WIDTH:0.443278
G1 F1498.659
G1 X65.511 Y57.232 E.01277
G1 X64.838 Y57.313 E.02255
;WIDTH:0.442918
G1 F1500.007
G1 X64.231 Y57.357 E.02024
G1 X62.952 Y57.357 E.04257
;WIDTH:0.443478
G1 F1497.91
G1 X62.014 Y57.275 E.03134
G1 X61.315 Y57.17 E.02354
; stop printing object fidget-finger-massager-2000-rods-rod-01.stl id:0 copy 0
; printing object fidget-finger-massager-2000-rods-rod-02.stl id:0 copy 0
M204 S10000
G1 E-.8 F1800
G1 X66.231 Y53.065 Z12 F7200
G1 Z11.6
G1 E.8 F1800
M204 S500
;TYPE:Outer wall
;WIDTH:0.449999
G1 F1473.915
G1 X66.379 Y53.902 E.02877
G1 X65.574 Y54.05 E.02771
G1 X64.751 Y54.145 E.02803
G1 X64.245 Y54.179 E.01716
G1 X62.962 Y54.179 E.04343
G1 X61.716 Y54.057 E.04239
G1 X60.826 Y53.905 E.03056
G1 X60.973 Y53.069 E.02875
G1 X61.854 Y53.225 E.03028
G1 X62.398 Y53.289 E.01855
G1 X62.98 Y53.329 E.01974
G1 X64.261 Y53.329 E.04336
G1 X64.817 Y53.288 E.01886
G1 X65.513 Y53.2 E.02376
G1 X66.192 Y53.072 E.02339
M204 S10000
G1 X65.888 Y53.561 F7200
M204 S1500
;TYPE:Inner wall
;WIDTH:0.443278
G1 F1498.659
G1 X65.511 Y53.629 E.01277
G1 X64.838 Y53.71 E.02255
;WIDTH:0.442918
G1 F1500.007
G1 X64.231 Y53.754 E.02024
G1 X62.952 Y53.754 E.04257
;WIDTH:0.443478
G1 F1497.91
G1 X62.014 Y53.672 E.03134
G1 X61.315 Y53.568 E.02354
; stop printing object fidget-finger-massager-2000-rods-rod-02.stl id:0 copy 0
; printing object fidget-finger-massager-2000-rods-rod-03.stl id:0 copy 0
M204 S10000
G1 E-.8 F1800
G1 X66.231 Y49.462 Z12 F7200
G1 Z11.6
G1 E.8 F1800
M204 S500
;TYPE:Outer wall
;WIDTH:0.449999
G1 F1473.915
G1 X66.379 Y50.299 E.02877
G1 X65.574 Y50.447 E.02771
G1 X64.751 Y50.543 E.02803
G1 X64.245 Y50.576 E.01716
G1 X62.962 Y50.576 E.04343
G1 X61.716 Y50.454 E.04239
G1 X60.826 Y50.302 E.03056
G1 X60.973 Y49.466 E.02875
G1 X61.854 Y49.623 E.03028
G1 X62.398 Y49.686 E.01855
G1 X62.98 Y49.726 E.01974
G1 X64.261 Y49.726 E.04336
G1 X64.817 Y49.685 E.01886
G1 X65.513 Y49.597 E.02376
G1 X66.192 Y49.469 E.02339
M204 S10000
G1 X65.888 Y49.958 F7200
M204 S1500
;TYPE:Inner wall
;WIDTH:0.443278
G1 F1498.659
G1 X65.511 Y50.026 E.01277
G1 X64.838 Y50.107 E.02255
;WIDTH:0.442918
G1 F1500.007
G1 X64.231 Y50.151 E.02024
G1 X62.952 Y50.151 E.04257
;WIDTH:0.443478
G1 F1497.91
G1 X62.014 Y50.07 E.03134
G1 X61.315 Y49.965 E.02354
; stop printing object fidget-finger-massager-2000-rods-rod-03.stl id:0 copy 0
; printing object fidget-finger-massager-2000-rods-rod-05.stl id:0 copy 0
M204 S10000
G1 E-.8 F1800
G1 X66.231 Y45.859 Z12 F7200
G1 Z11.6
G1 E.8 F1800
M204 S500
;TYPE:Outer wall
;WIDTH:0.449999
G1 F1473.915
G1 X66.379 Y46.696 E.02877
G1 X65.574 Y46.844 E.02771
G1 X64.751 Y46.94 E.02803
G1 X64.245 Y46.974 E.01716
G1 X62.962 Y46.974 E.04343
G1 X61.716 Y46.851 E.04239
G1 X60.826 Y46.699 E.03056
G1 X60.973 Y45.863 E.02875
G1 X61.854 Y46.02 E.03028
G1 X62.398 Y46.083 E.01855
G1 X62.98 Y46.124 E.01974
G1 X64.261 Y46.124 E.04336
G1 X64.817 Y46.082 E.01886
G1 X65.513 Y45.995 E.02376
G1 X66.192 Y45.867 E.02339
M204 S10000
G1 X65.888 Y46.355 F7200
M204 S1500
;TYPE:Inner wall
;WIDTH:0.443278
G1 F1498.659
G1 X65.511 Y46.424 E.01277
G1 X64.838 Y46.505 E.02255
;WIDTH:0.442918
G1 F1500.007
G1 X64.231 Y46.549 E.02024
G1 X62.952 Y46.549 E.04257
;WIDTH:0.443478
G1 F1497.91
G1 X62.014 Y46.467 E.03134
G1 X61.315 Y46.362 E.02354
; stop printing object fidget-finger-massager-2000-rods-rod-05.stl id:0 copy 0
; printing object fidget-finger-massager-2000-rods-rod-09.stl id:0 copy 0
M204 S10000
G1 E-.8 F1800
G1 X66.188 Y42.256 Z12 F7200
G1 Z11.6
G1 E.8 F1800
M204 S500
;TYPE:Outer wall
;WIDTH:0.449999
G1 F1473.915
G1 X66.335 Y43.093 E.02877
G1 X65.53 Y43.242 E.02771
G1 X64.707 Y43.337 E.02803
G1 X64.201 Y43.371 E.01716
G1 X62.918 Y43.371 E.04343
G1 X61.672 Y43.249 E.04239
G1 X60.782 Y43.097 E.03056
G1 X60.929 Y42.26 E.02875
G1 X61.81 Y42.417 E.03028
G1 X62.355 Y42.481 E.01855
G1 X62.936 Y42.521 E.01974
G1 X64.217 Y42.521 E.04336
G1 X64.773 Y42.48 E.01886
G1 X65.469 Y42.392 E.02376
G1 X66.148 Y42.264 E.02339
M204 S10000
G1 X65.844 Y42.753 F7200
M204 S1500
;TYPE:Inner wall
;WIDTH:0.443278
G1 F1498.659
G1 X65.467 Y42.821 E.01277
G1 X64.794 Y42.902 E.02255
;WIDTH:0.442918
G1 F1500.007
G1 X64.188 Y42.946 E.02024
G1 X62.908 Y42.946 E.04257
;WIDTH:0.443478
G1 F1497.91
G1 X61.97 Y42.864 E.03134
G1 X61.271 Y42.759 E.02354
; stop printing object fidget-finger-massager-2000-rods-rod-09.stl id:0 copy 0
; printing object fidget-finger-massager-2000-rods-rod-06.stl id:0 copy 0
M204 S10000
G1 E-.8 F1800
G1 X58.245 Y44.105 Z12 F7200
G1 Z11.6
G1 E.8 F1800
M204 S500
;TYPE:Outer wall
;WIDTH:0.449999
G1 F1473.915
G1 X58.175 Y44.445 E.01174
G1 X58.088 Y44.986 E.01855
G1 X58.024 Y45.53 E.01855
G1 X57.984 Y46.106 E.01953
G1 X57.984 Y47.393 E.04356
G1 X58.025 Y47.948 E.01885
G1 X58.113 Y48.646 E.02378
G1 X58.249 Y49.363 E.02472
G1 X57.411 Y49.511 E.02879
G1 X57.288 Y48.869 E.02211
G1 X57.168 Y47.884 E.03361
G1 X57.134 Y47.377 E.01718
G1 X57.134 Y46.106 E.04303
G1 X57.167 Y45.597 E.01725
G1 X57.288 Y44.6 E.03401
G1 X57.411 Y43.958 E.02211
G1 X58.205 Y44.098 E.0273
M204 S10000
G1 E-.8 F1800
G1 X57.75 Y49.019 Z12 F7200
G1 Z11.6
G1 E.8 F1800
M204 S1500
;TYPE:Inner wall
;WIDTH:0.44449
G1 F1494.135
G1 X57.607 Y48.001 E.03432
;WIDTH:0.44292
G1 F1500
G1 X57.559 Y47.392 E.02031
G1 X57.559 Y46.106 E.04278
G1 X57.604 Y45.499 E.02023
;WIDTH:0.436664
G1 F1523.833
G1 X57.747 Y44.446 E.03481
; stop printing object fidget-finger-massager-2000-rods-rod-06.stl id:0 copy 0
; printing object fidget-finger-massager-2000-rods-rod-08.stl id:0 copy 0
M204 S10000
G1 E-.8 F1800
G1 X54.642 Y44.105 Z12 F7200
G1 Z11.6
G1 E.8 F1800
M204 S500
;TYPE:Outer wall
;WIDTH:0.449999
G1 F1473.915
G1 X54.572 Y44.445 E.01174
G1 X54.485 Y44.986 E.01855
G1 X54.422 Y45.53 E.01855
G1 X54.381 Y46.106 E.01953
G1 X54.381 Y47.393 E.04356
G1 X54.423 Y47.948 E.01885
G1 X54.511 Y48.646 E.02378
G1 X54.646 Y49.363 E.02472
G1 X53.808 Y49.511 E.02879
G1 X53.686 Y48.869 E.02211
G1 X53.565 Y47.884 E.03361
G1 X53.531 Y47.377 E.01718
G1 X53.531 Y46.106 E.04303
G1 X53.564 Y45.597 E.01725
G1 X53.686 Y44.6 E.03401
G1 X53.808 Y43.958 E.02211
G1 X54.603 Y44.098 E.0273
M204 S10000
G1 E-.8 F1800
G1 X54.148 Y49.019 Z12 F7200
G1 Z11.6
G1 E.8 F1800
M204 S1500
;TYPE:Inner wall
;WIDTH:0.44449
G1 F1494.135
G1 X54.004 Y48.001 E.03432
;WIDTH:0.44292
G1 F1500
G1 X53.956 Y47.392 E.02031
G1 X53.956 Y46.106 E.04278
G1 X54.001 Y45.499 E.02023
;WIDTH:0.436664
G1 F1523.833
G1 X54.145 Y44.446 E.03481
; stop printing object fidget-finger-massager-2000-rods-rod-08.stl id:0 copy 0
;LAYER_CHANGE
;Z:11.8
;HEIGHT:0.2
G92 E0
;_SET_FAN_SPEED_CHANGING_LAYER
; printing object fidget-finger-massager-2000-rods-rod-07.stl id:0 copy 0
M204 S10000
G1 E-.8 F1800
G1 X54.628 Y52.063 Z12.2 F7200
G1 X54.642 Y52.287 Z12.2
G1 Z11.8
G1 E.8 F1800
M204 S500
;TYPE:Outer wall
;WIDTH:0.449999
G1 F1473.915
G1 X54.572 Y52.628 E.0118
G1 X54.485 Y53.169 E.01853
G1 X54.422 Y53.712 E.01853
G1 X54.381 Y54.288 E.01951
G1 X54.381 Y55.574 E.04356
G1 X54.423 Y56.129 E.01884
G1 X54.512 Y56.838 E.02417
G1 X54.646 Y57.545 E.02435
G1 X53.808 Y57.693 E.02879
G1 X53.687 Y57.057 E.02189
G1 X53.566 Y56.067 E.03376
G1 X53.531 Y55.559 E.01726
G1 X53.531 Y54.288 E.04303
G1 X53.564 Y53.777 E.01733
G1 X53.687 Y52.775 E.03416
G1 X53.808 Y52.14 E.02189
G1 X54.603 Y52.28 E.0273
M204 S10000
G1 E-.8 F1800
G1 X54.148 Y57.2 Z12.2 F7200
G1 Z11.8
G1 E.8 F1800
M204 S1500
;TYPE:Inner wall
;WIDTH:0.444402
G1 F1494.463
G1 X54.004 Y56.182 E.03432
;WIDTH:0.44292
G1 F1500
G1 X53.956 Y55.574 E.02031
G1 X53.956 Y54.288 E.04278
G1 X54.001 Y53.682 E.02021
;WIDTH:0.436706
G1 F1523.67
G1 X54.068 Y53.12 E.01852
;WIDTH:0.436816
G1 X54.144 Y52.628 E.01632
; stop printing object fidget-finger-massager-2000-rods-rod-07.stl id:0 copy 0
; printing object fidget-finger-massager-2000-rods-rod-04.stl id:0 copy 0
M204 S10000
G1 E-.8 F1800
G1 X58.245 Y52.287 Z12.2 F7200
G1 Z11.8
G1 E.8 F1800
M204 S500
;TYPE:Outer wall
;WIDTH:0.449999
G1 F1473.915
G1 X58.174 Y52.628 E.0118
G1 X58.088 Y53.169 E.01853
G1 X58.024 Y53.712 E.01853
G1 X57.984 Y54.288 E.01951
G1 X57.984 Y55.574 E.04356
G1 X58.025 Y56.129 E.01884
G1 X58.115 Y56.838 E.02417
G1 X58.249 Y57.545 E.02435
G1 X57.411 Y57.693 E.02879
G1 X57.289 Y57.057 E.02189
G1 X57.168 Y56.067 E.03376
G1 X57.134 Y55.559 E.01726
G1 X57.134 Y54.288 E.04303
G1 X57.167 Y53.777 E.01733
G1 X57.289 Y52.775 E.03416
G1 X57.411 Y52.14 E.02189
G1 X58.205 Y52.28 E.0273
M204 S10000
G1 E-.8 F1800
G1 X57.75 Y57.2 Z12.2 F7200
G1 Z11.8
G1 E.8 F1800
M204 S1500
;TYPE:Inner wall
;WIDTH:0.444402
G1 F1494.463
G1 X57.607 Y56.182 E.03432
;WIDTH:0.44292
G1 F1500
G1 X57.559 Y55.574 E.02031
G1 X57.559 Y54.288 E.04278
G1 X57.604 Y53.682 E.02021
;WIDTH:0.436706
G1 F1523.67
G1 X57.67 Y53.12 E.01852
;WIDTH:0.436816
G1 X57.747 Y52.628 E.01632
; stop printing object fidget-finger-massager-2000-rods-rod-04.stl id:0 copy 0
; printing object fidget-finger-massager-2000-rods-rod-01.stl id:0 copy 0
M204 S10000
G1 E-.8 F1800
G1 X64.638 Y55.909 Z12.2 F7200
G1 X66.231 Y56.668 Z12.2
G1 Z11.8
G1 E.8 F1800
M73 P67 R5
M204 S500
;TYPE:Outer wall
;WIDTH:0.449999
G1 F1473.915
G1 X66.38 Y57.508 E.02888
G1 X65.559 Y57.655 E.02822
G1 X64.732 Y57.75 E.02816
G1 X64.231 Y57.782 E.01699
G1 X62.946 Y57.782 E.04352
G1 X62.294 Y57.73 E.02214
G1 X61.627 Y57.652 E.02273
G1 X60.826 Y57.508 E.02754
G1 X60.973 Y56.671 E.02875
G1 X61.855 Y56.828 E.03032
G1 X62.399 Y56.892 E.01853
G1 X62.974 Y56.932 E.01951
G1 X64.261 Y56.932 E.04356
G1 X64.816 Y56.891 E.01884
G1 X65.525 Y56.801 E.02417
G1 X66.192 Y56.675 E.023
M204 S10000
G1 X65.885 Y57.168 F7200
M204 S1500
;TYPE:Inner wall
;WIDTH:0.448206
G1 F1480.436
G1 X65.51 Y57.232 E.01284
;WIDTH:0.44377
G1 F1496.819
G1 X64.838 Y57.313 E.02257
;WIDTH:0.442918
G1 F1500.007
G1 X64.231 Y57.357 E.02022
G1 X62.946 Y57.357 E.04275
G1 X62.342 Y57.31 E.02014
;WIDTH:0.44077
G1 F1508.106
G1 X61.316 Y57.171 E.03427
; stop printing object fidget-finger-massager-2000-rods-rod-01.stl id:0 copy 0
; printing object fidget-finger-massager-2000-rods-rod-02.stl id:0 copy 0
M204 S10000
G1 E-.8 F1800
G1 X66.231 Y53.065 Z12.2 F7200
G1 Z11.8
G1 E.8 F1800
M204 S500
;TYPE:Outer wall
;WIDTH:0.449999
G1 F1473.915
G1 X66.38 Y53.905 E.02888
G1 X65.559 Y54.052 E.02822
G1 X64.732 Y54.147 E.02816
G1 X64.231 Y54.179 E.01699
G1 X62.946 Y54.179 E.04352
G1 X62.294 Y54.127 E.02214
G1 X61.627 Y54.049 E.02273
G1 X60.826 Y53.905 E.02754
G1 X60.973 Y53.069 E.02875
G1 X61.855 Y53.226 E.03032
G1 X62.399 Y53.289 E.01853
G1 X62.974 Y53.329 E.01951
G1 X64.261 Y53.329 E.04356
G1 X64.816 Y53.288 E.01884
G1 X65.525 Y53.198 E.02417
G1 X66.192 Y53.072 E.023
M204 S10000
G1 X65.885 Y53.565 F7200
M204 S1500
;TYPE:Inner wall
;WIDTH:0.448206
G1 F1480.436
G1 X65.51 Y53.629 E.01284
;WIDTH:0.44377
G1 F1496.819
G1 X64.838 Y53.71 E.02257
;WIDTH:0.442918
G1 F1500.007
G1 X64.231 Y53.754 E.02022
G1 X62.946 Y53.754 E.04275
G1 X62.342 Y53.708 E.02014
;WIDTH:0.44077
G1 F1508.106
G1 X61.316 Y53.568 E.03427
; stop printing object fidget-finger-massager-2000-rods-rod-02.stl id:0 copy 0
; printing object fidget-finger-massager-2000-rods-rod-03.stl id:0 copy 0
M204 S10000
G1 E-.8 F1800
G1 X66.231 Y49.462 Z12.2 F7200
G1 Z11.8
G1 E.8 F1800
M204 S500
;TYPE:Outer wall
;WIDTH:0.449999
G1 F1473.915
G1 X66.38 Y50.302 E.02888
G1 X65.559 Y50.449 E.02822
G1 X64.732 Y50.544 E.02816
G1 X64.231 Y50.576 E.01699
G1 X62.946 Y50.576 E.04352
G1 X62.294 Y50.524 E.02214
G1 X61.627 Y50.446 E.02273
G1 X60.826 Y50.302 E.02754
G1 X60.973 Y49.466 E.02875
G1 X61.855 Y49.623 E.03032
G1 X62.399 Y49.686 E.01853
G1 X62.974 Y49.726 E.01951
G1 X64.261 Y49.726 E.04356
G1 X64.816 Y49.685 E.01884
G1 X65.525 Y49.596 E.02417
G1 X66.192 Y49.469 E.023
M204 S10000
G1 X65.885 Y49.963 F7200
M204 S1500
;TYPE:Inner wall
;WIDTH:0.448206
G1 F1480.436
G1 X65.51 Y50.027 E.01284
;WIDTH:0.44377
G1 F1496.819
G1 X64.838 Y50.107 E.02257
;WIDTH:0.442918
G1 F1500.007
G1 X64.231 Y50.151 E.02022
G1 X62.946 Y50.151 E.04275
G1 X62.342 Y50.105 E.02014
;WIDTH:0.44077
G1 F1508.106
G1 X61.316 Y49.966 E.03427
; stop printing object fidget-finger-massager-2000-rods-rod-03.stl id:0 copy 0
; printing object fidget-finger-massager-2000-rods-rod-05.stl id:0 copy 0
M204 S10000
G1 E-.8 F1800
G1 X66.231 Y45.859 Z12.2 F7200
G1 Z11.8
G1 E.8 F1800
M204 S500
;TYPE:Outer wall
;WIDTH:0.449999
G1 F1473.915
G1 X66.38 Y46.699 E.02888
G1 X65.559 Y46.846 E.02822
G1 X64.732 Y46.942 E.02816
G1 X64.231 Y46.974 E.01699
G1 X62.946 Y46.974 E.04352
G1 X62.294 Y46.921 E.02214
G1 X61.627 Y46.844 E.02273
G1 X60.826 Y46.699 E.02754
G1 X60.973 Y45.863 E.02875
G1 X61.855 Y46.02 E.03032
G1 X62.399 Y46.083 E.01853
G1 X62.974 Y46.124 E.01951
G1 X64.261 Y46.124 E.04356
G1 X64.816 Y46.083 E.01884
G1 X65.525 Y45.993 E.02417
G1 X66.192 Y45.867 E.023
M204 S10000
G1 X65.885 Y46.36 F7200
M204 S1500
;TYPE:Inner wall
;WIDTH:0.448206
G1 F1480.436
G1 X65.51 Y46.424 E.01284
;WIDTH:0.44377
G1 F1496.819
G1 X64.838 Y46.505 E.02257
;WIDTH:0.442918
G1 F1500.007
G1 X64.231 Y46.549 E.02022
G1 X62.946 Y46.549 E.04275
G1 X62.342 Y46.502 E.02014
;WIDTH:0.44077
G1 F1508.106
G1 X61.316 Y46.363 E.03427
; stop printing object fidget-finger-massager-2000-rods-rod-05.stl id:0 copy 0
; printing object fidget-finger-massager-2000-rods-rod-09.stl id:0 copy 0
M204 S10000
G1 E-.8 F1800
G1 X66.188 Y42.256 Z12.2 F7200
G1 Z11.8
G1 E.8 F1800
M204 S500
;TYPE:Outer wall
;WIDTH:0.449999
G1 F1473.915
G1 X66.336 Y43.097 E.02888
G1 X65.515 Y43.244 E.02822
G1 X64.688 Y43.339 E.02816
G1 X64.187 Y43.371 E.01699
G1 X62.902 Y43.371 E.04352
G1 X62.25 Y43.319 E.02214
G1 X61.583 Y43.241 E.02273
G1 X60.782 Y43.097 E.02754
G1 X60.929 Y42.26 E.02875
G1 X61.811 Y42.417 E.03032
G1 X62.355 Y42.481 E.01853
G1 X62.93 Y42.521 E.01951
G1 X64.217 Y42.521 E.04356
G1 X64.772 Y42.48 E.01884
G1 X65.481 Y42.39 E.02417
G1 X66.148 Y42.264 E.023
M204 S10000
G1 X65.842 Y42.757 F7200
M204 S1500
;TYPE:Inner wall
;WIDTH:0.448206
G1 F1480.436
G1 X65.466 Y42.821 E.01284
;WIDTH:0.44377
G1 F1496.819
G1 X64.794 Y42.902 E.02257
;WIDTH:0.442918
G1 F1500.007
G1 X64.187 Y42.946 E.02022
G1 X62.902 Y42.946 E.04275
G1 X62.298 Y42.899 E.02014
;WIDTH:0.44077
G1 F1508.106
G1 X61.272 Y42.76 E.03427
; stop printing object fidget-finger-massager-2000-rods-rod-09.stl id:0 copy 0
; printing object fidget-finger-massager-2000-rods-rod-06.stl id:0 copy 0
M204 S10000
G1 E-.8 F1800
G1 X58.245 Y44.105 Z12.2 F7200
G1 Z11.8
G1 E.8 F1800
M204 S500
;TYPE:Outer wall
;WIDTH:0.449999
G1 F1473.915
G1 X58.174 Y44.447 E.0118
G1 X58.088 Y44.987 E.01853
G1 X58.024 Y45.531 E.01853
G1 X57.984 Y46.106 E.01951
G1 X57.984 Y47.393 E.04356
G1 X58.025 Y47.948 E.01884
G1 X58.115 Y48.656 E.02417
G1 X58.249 Y49.363 E.02435
G1 X57.411 Y49.511 E.02879
G1 X57.289 Y48.876 E.02189
G1 X57.168 Y47.886 E.03376
G1 X57.134 Y47.377 E.01726
G1 X57.134 Y46.106 E.04303
G1 X57.167 Y45.595 E.01733
G1 X57.289 Y44.593 E.03416
G1 X57.411 Y43.958 E.02189
G1 X58.205 Y44.098 E.0273
M204 S10000
G1 E-.8 F1800
G1 X57.75 Y49.019 Z12.2 F7200
G1 Z11.8
G1 E.8 F1800
M204 S1500
;TYPE:Inner wall
;WIDTH:0.444402
G1 F1494.463
G1 X57.607 Y48.001 E.03432
;WIDTH:0.44292
G1 F1500
G1 X57.559 Y47.392 E.02031
G1 X57.559 Y46.106 E.04278
G1 X57.604 Y45.5 E.02021
;WIDTH:0.436706
G1 F1523.67
G1 X57.67 Y44.938 E.01852
;WIDTH:0.436816
G1 X57.747 Y44.446 E.01632
; stop printing object fidget-finger-massager-2000-rods-rod-06.stl id:0 copy 0
; printing object fidget-finger-massager-2000-rods-rod-08.stl id:0 copy 0
M204 S10000
G1 E-.8 F1800
G1 X54.642 Y44.105 Z12.2 F7200
G1 Z11.8
G1 E.8 F1800
M204 S500
;TYPE:Outer wall
;WIDTH:0.449999
G1 F1473.915
G1 X54.572 Y44.447 E.0118
G1 X54.485 Y44.987 E.01853
G1 X54.422 Y45.531 E.01853
G1 X54.381 Y46.106 E.01951
G1 X54.381 Y47.393 E.04356
G1 X54.423 Y47.948 E.01884
G1 X54.512 Y48.656 E.02417
G1 X54.646 Y49.363 E.02435
G1 X53.808 Y49.511 E.02879
G1 X53.687 Y48.876 E.02189
G1 X53.566 Y47.886 E.03376
G1 X53.531 Y47.377 E.01726
G1 X53.531 Y46.106 E.04303
G1 X53.564 Y45.595 E.01733
G1 X53.687 Y44.593 E.03416
G1 X53.808 Y43.958 E.02189
G1 X54.603 Y44.098 E.0273
M204 S10000
G1 E-.8 F1800
G1 X54.148 Y49.019 Z12.2 F7200
G1 Z11.8
G1 E.8 F1800
M204 S1500
;TYPE:Inner wall
;WIDTH:0.444402
G1 F1494.463
G1 X54.004 Y48.001 E.03432
;WIDTH:0.44292
G1 F1500
G1 X53.956 Y47.392 E.02031
G1 X53.956 Y46.106 E.04278
G1 X54.001 Y45.5 E.02021
;WIDTH:0.436706
G1 F1523.67
G1 X54.068 Y44.938 E.01852
;WIDTH:0.436816
G1 X54.144 Y44.446 E.01632
; stop printing object fidget-finger-massager-2000-rods-rod-08.stl id:0 copy 0
M106 S245
;LAYER_CHANGE
;Z:12
;HEIGHT:0.2
G92 E0
;_SET_FAN_SPEED_CHANGING_LAYER
; printing object fidget-finger-massager-2000-rods-rod-07.stl id:0 copy 0
M204 S10000
G1 E-.8 F1800
G1 X54.628 Y52.063 Z12.4 F7200
G1 X54.642 Y52.287 Z12.4
G1 Z12
G1 E.8 F1800
M204 S500
;TYPE:Outer wall
;WIDTH:0.449999
G1 F1473.915
G1 X54.571 Y52.63 E.01187
G1 X54.485 Y53.17 E.01851
G1 X54.422 Y53.713 E.01851
G1 X54.381 Y54.288 E.01949
G1 X54.381 Y55.574 E.04356
G1 X54.422 Y56.129 E.01882
G1 X54.514 Y56.849 E.02456
G1 X54.646 Y57.545 E.02399
G1 X53.808 Y57.693 E.02879
G1 X53.688 Y57.064 E.02167
G1 X53.564 Y56.058 E.03431
G1 X53.531 Y55.559 E.01693
G1 X53.531 Y54.274 E.0435
G1 X53.564 Y53.775 E.01693
G1 X53.688 Y52.769 E.03431
G1 X53.808 Y52.14 E.02167
G1 X54.603 Y52.28 E.02731
M204 S10000
G1 X54.144 Y52.628 F7200
M204 S1500
;TYPE:Inner wall
;WIDTH:0.436918
G1 F1522.85
G1 X54.068 Y53.121 E.01637
;WIDTH:0.436754
G1 F1523.485
G1 X54.001 Y53.682 E.0185
;WIDTH:0.44292
G1 F1500
G1 X53.956 Y54.288 E.02019
G1 X53.956 Y55.574 E.04277
G1 X54.004 Y56.182 E.0203
;WIDTH:0.444314
G1 F1494.791
G1 X54.147 Y57.2 E.03433
; stop printing object fidget-finger-massager-2000-rods-rod-07.stl id:0 copy 0
; printing object fidget-finger-massager-2000-rods-rod-04.stl id:0 copy 0
M204 S10000
G1 E-.8 F1800
G1 X58.245 Y52.287 Z12.4 F7200
G1 Z12
G1 E.8 F1800
M204 S500
;TYPE:Outer wall
;WIDTH:0.449999
G1 F1473.915
G1 X58.174 Y52.63 E.01187
G1 X58.088 Y53.17 E.01851
G1 X58.024 Y53.713 E.01851
G1 X57.984 Y54.288 E.01949
G1 X57.984 Y55.574 E.04356
G1 X58.025 Y56.129 E.01882
G1 X58.117 Y56.849 E.02456
G1 X58.249 Y57.545 E.02399
G1 X57.411 Y57.693 E.02879
G1 X57.29 Y57.064 E.02167
G1 X57.167 Y56.058 E.03431
G1 X57.134 Y55.559 E.01693
G1 X57.134 Y54.274 E.0435
G1 X57.167 Y53.775 E.01693
G1 X57.29 Y52.769 E.03431
G1 X57.411 Y52.14 E.02167
G1 X58.205 Y52.28 E.02731
M204 S10000
G1 X57.747 Y52.628 F7200
M204 S1500
;TYPE:Inner wall
;WIDTH:0.436918
G1 F1522.85
G1 X57.67 Y53.121 E.01637
;WIDTH:0.436754
G1 F1523.485
G1 X57.604 Y53.682 E.0185
;WIDTH:0.44292
G1 F1500
G1 X57.559 Y54.288 E.02019
G1 X57.559 Y55.574 E.04277
G1 X57.607 Y56.182 E.0203
;WIDTH:0.444314
G1 F1494.791
G1 X57.75 Y57.2 E.03433
; stop printing object fidget-finger-massager-2000-rods-rod-04.stl id:0 copy 0
; printing object fidget-finger-massager-2000-rods-rod-01.stl id:0 copy 0
M204 S10000
G1 E-.8 F1800
G1 X65.368 Y56.722 Z12.4 F7200
G1 X66.231 Y56.668 Z12.4
G1 Z12
G1 E.8 F1800
M204 S500
;TYPE:Outer wall
;WIDTH:0.449999
G1 F1473.915
G1 X66.38 Y57.508 E.02888
G1 X65.552 Y57.656 E.02845
M73 P68 R5
G1 X64.735 Y57.75 E.02786
G1 X64.231 Y57.782 E.01707
G1 X62.946 Y57.782 E.04351
G1 X62.294 Y57.73 E.02212
G1 X61.633 Y57.653 E.02252
G1 X60.826 Y57.508 E.02777
G1 X60.973 Y56.671 E.02875
G1 X61.857 Y56.829 E.03037
G1 X62.4 Y56.892 E.01851
G1 X62.974 Y56.932 E.01949
G1 X64.261 Y56.932 E.04356
G1 X64.816 Y56.891 E.01882
G1 X65.535 Y56.799 E.02456
G1 X66.192 Y56.675 E.02263
M204 S10000
G1 X65.886 Y57.168 F7200
M204 S1500
;TYPE:Inner wall
;WIDTH:0.448018
G1 F1481.123
G1 X65.503 Y57.233 E.01306
;WIDTH:0.444192
G1 F1495.245
G1 X64.837 Y57.313 E.02239
;WIDTH:0.442918
G1 F1500.007
G1 X64.231 Y57.357 E.0202
G1 X62.946 Y57.357 E.04275
G1 X62.343 Y57.31 E.02012
;WIDTH:0.440772
G1 F1508.099
G1 X61.316 Y57.171 E.03429
; stop printing object fidget-finger-massager-2000-rods-rod-01.stl id:0 copy 0
; printing object fidget-finger-massager-2000-rods-rod-02.stl id:0 copy 0
M204 S10000
G1 E-.8 F1800
G1 X66.231 Y53.065 Z12.4 F7200
G1 Z12
G1 E.8 F1800
M204 S500
;TYPE:Outer wall
;WIDTH:0.449999
G1 F1473.915
G1 X66.38 Y53.905 E.02888
G1 X65.552 Y54.053 E.02845
G1 X64.735 Y54.147 E.02786
G1 X64.231 Y54.179 E.01707
G1 X62.946 Y54.179 E.04351
G1 X62.294 Y54.127 E.02212
G1 X61.633 Y54.05 E.02252
G1 X60.826 Y53.905 E.02777
G1 X60.973 Y53.069 E.02875
G1 X61.857 Y53.226 E.03037
G1 X62.4 Y53.289 E.01851
G1 X62.974 Y53.329 E.01949
G1 X64.261 Y53.329 E.04356
G1 X64.816 Y53.288 E.01882
G1 X65.535 Y53.197 E.02456
G1 X66.192 Y53.072 E.02263
M204 S10000
G1 X65.886 Y53.565 F7200
M204 S1500
;TYPE:Inner wall
;WIDTH:0.448018
G1 F1481.123
G1 X65.503 Y53.63 E.01306
;WIDTH:0.444192
G1 F1495.245
G1 X64.837 Y53.71 E.02239
;WIDTH:0.442918
G1 F1500.007
G1 X64.231 Y53.754 E.0202
G1 X62.946 Y53.754 E.04275
G1 X62.343 Y53.708 E.02012
;WIDTH:0.440772
G1 F1508.099
G1 X61.316 Y53.568 E.03429
; stop printing object fidget-finger-massager-2000-rods-rod-02.stl id:0 copy 0
; printing object fidget-finger-massager-2000-rods-rod-03.stl id:0 copy 0
M204 S10000
G1 E-.8 F1800
G1 X66.231 Y49.462 Z12.4 F7200
G1 Z12
G1 E.8 F1800
M204 S500
;TYPE:Outer wall
;WIDTH:0.449999
G1 F1473.915
G1 X66.38 Y50.302 E.02888
G1 X65.552 Y50.45 E.02845
G1 X64.735 Y50.544 E.02786
G1 X64.231 Y50.576 E.01707
G1 X62.946 Y50.576 E.04351
G1 X62.294 Y50.524 E.02212
G1 X61.633 Y50.447 E.02252
G1 X60.826 Y50.302 E.02777
G1 X60.973 Y49.466 E.02875
G1 X61.857 Y49.623 E.03037
G1 X62.4 Y49.686 E.01851
G1 X62.974 Y49.726 E.01949
G1 X64.261 Y49.726 E.04356
G1 X64.816 Y49.685 E.01882
G1 X65.535 Y49.594 E.02456
G1 X66.192 Y49.469 E.02263
M204 S10000
G1 X65.886 Y49.963 F7200
M204 S1500
;TYPE:Inner wall
;WIDTH:0.448018
G1 F1481.123
G1 X65.503 Y50.027 E.01306
;WIDTH:0.444192
G1 F1495.245
G1 X64.837 Y50.108 E.02239
;WIDTH:0.442918
G1 F1500.007
G1 X64.231 Y50.151 E.0202
G1 X62.946 Y50.151 E.04275
G1 X62.343 Y50.105 E.02012
;WIDTH:0.440772
G1 F1508.099
G1 X61.316 Y49.966 E.03429
; stop printing object fidget-finger-massager-2000-rods-rod-03.stl id:0 copy 0
; printing object fidget-finger-massager-2000-rods-rod-05.stl id:0 copy 0
M204 S10000
G1 E-.8 F1800
G1 X66.231 Y45.859 Z12.4 F7200
G1 Z12
G1 E.8 F1800
M204 S500
;TYPE:Outer wall
;WIDTH:0.449999
G1 F1473.915
G1 X66.38 Y46.699 E.02888
G1 X65.552 Y46.847 E.02845
G1 X64.735 Y46.941 E.02786
G1 X64.231 Y46.974 E.01707
G1 X62.946 Y46.974 E.04351
G1 X62.294 Y46.921 E.02212
G1 X61.633 Y46.845 E.02252
G1 X60.826 Y46.699 E.02777
G1 X60.973 Y45.863 E.02875
G1 X61.857 Y46.02 E.03037
G1 X62.4 Y46.084 E.01851
G1 X62.974 Y46.124 E.01949
G1 X64.261 Y46.124 E.04356
G1 X64.816 Y46.083 E.01882
G1 X65.535 Y45.991 E.02456
G1 X66.192 Y45.867 E.02263
M204 S10000
G1 X65.886 Y46.36 F7200
M204 S1500
;TYPE:Inner wall
;WIDTH:0.448018
G1 F1481.123
G1 X65.503 Y46.424 E.01306
;WIDTH:0.444192
G1 F1495.245
G1 X64.837 Y46.505 E.02239
;WIDTH:0.442918
G1 F1500.007
G1 X64.231 Y46.549 E.0202
G1 X62.946 Y46.549 E.04275
G1 X62.343 Y46.502 E.02012
;WIDTH:0.440772
G1 F1508.099
G1 X61.316 Y46.363 E.03429
; stop printing object fidget-finger-massager-2000-rods-rod-05.stl id:0 copy 0
; printing object fidget-finger-massager-2000-rods-rod-09.stl id:0 copy 0
M204 S10000
G1 E-.8 F1800
G1 X66.188 Y42.257 Z12.4 F7200
G1 Z12
G1 E.8 F1800
M204 S500
;TYPE:Outer wall
;WIDTH:0.449999
G1 F1473.915
G1 X66.336 Y43.097 E.02888
G1 X65.508 Y43.245 E.02845
G1 X64.691 Y43.339 E.02786
G1 X64.187 Y43.371 E.01707
G1 X62.902 Y43.371 E.04351
G1 X62.25 Y43.319 E.02212
G1 X61.589 Y43.242 E.02252
G1 X60.782 Y43.097 E.02777
G1 X60.929 Y42.26 E.02875
G1 X61.813 Y42.417 E.03037
G1 X62.356 Y42.481 E.01851
G1 X62.93 Y42.521 E.01949
G1 X64.217 Y42.521 E.04356
G1 X64.772 Y42.48 E.01882
G1 X65.491 Y42.388 E.02456
G1 X66.148 Y42.264 E.02263
M204 S10000
G1 X65.842 Y42.757 F7200
M204 S1500
;TYPE:Inner wall
;WIDTH:0.448018
G1 F1481.123
G1 X65.459 Y42.822 E.01306
;WIDTH:0.444192
G1 F1495.245
G1 X64.793 Y42.902 E.02239
;WIDTH:0.442918
G1 F1500.007
G1 X64.187 Y42.946 E.0202
G1 X62.902 Y42.946 E.04275
G1 X62.299 Y42.899 E.02012
;WIDTH:0.440772
G1 F1508.099
G1 X61.272 Y42.76 E.03429
; stop printing object fidget-finger-massager-2000-rods-rod-09.stl id:0 copy 0
; printing object fidget-finger-massager-2000-rods-rod-06.stl id:0 copy 0
M204 S10000
G1 E-.8 F1800
G1 X58.245 Y44.105 Z12.4 F7200
G1 Z12
G1 E.8 F1800
M204 S500
;TYPE:Outer wall
;WIDTH:0.449999
G1 F1473.915
G1 X58.174 Y44.449 E.01187
G1 X58.088 Y44.988 E.01851
G1 X58.024 Y45.532 E.01851
G1 X57.984 Y46.106 E.01949
G1 X57.984 Y47.393 E.04356
G1 X58.025 Y47.947 E.01882
G1 X58.117 Y48.667 E.02456
G1 X58.249 Y49.363 E.02399
G1 X57.411 Y49.511 E.02879
G1 X57.29 Y48.882 E.02167
G1 X57.167 Y47.876 E.03431
G1 X57.134 Y47.377 E.01693
G1 X57.134 Y46.092 E.0435
G1 X57.167 Y45.593 E.01693
G1 X57.29 Y44.587 E.03431
G1 X57.411 Y43.958 E.02167
G1 X58.205 Y44.098 E.02731
M204 S10000
G1 X57.747 Y44.446 F7200
M204 S1500
;TYPE:Inner wall
;WIDTH:0.436918
G1 F1522.85
G1 X57.67 Y44.94 E.01637
;WIDTH:0.436754
G1 F1523.485
G1 X57.604 Y45.501 E.0185
;WIDTH:0.44292
G1 F1500
G1 X57.559 Y46.106 E.02019
G1 X57.559 Y47.392 E.04277
G1 X57.607 Y48 E.0203
;WIDTH:0.444314
G1 F1494.791
G1 X57.75 Y49.019 E.03433
; stop printing object fidget-finger-massager-2000-rods-rod-06.stl id:0 copy 0
; printing object fidget-finger-massager-2000-rods-rod-08.stl id:0 copy 0
M204 S10000
G1 E-.8 F1800
G1 X54.642 Y44.105 Z12.4 F7200
G1 Z12
G1 E.8 F1800
M204 S500
;TYPE:Outer wall
;WIDTH:0.449999
G1 F1473.915
G1 X54.571 Y44.449 E.01187
G1 X54.485 Y44.988 E.01851
G1 X54.422 Y45.532 E.01851
G1 X54.381 Y46.106 E.01949
G1 X54.381 Y47.393 E.04356
G1 X54.422 Y47.947 E.01882
G1 X54.514 Y48.667 E.02456
G1 X54.646 Y49.363 E.02399
G1 X53.808 Y49.511 E.02879
G1 X53.688 Y48.882 E.02167
G1 X53.564 Y47.876 E.03431
G1 X53.531 Y47.377 E.01693
G1 X53.531 Y46.092 E.0435
G1 X53.564 Y45.593 E.01693
G1 X53.688 Y44.587 E.03431
G1 X53.808 Y43.958 E.02167
G1 X54.603 Y44.098 E.02731
M204 S10000
G1 X54.144 Y44.446 F7200
M204 S1500
;TYPE:Inner wall
;WIDTH:0.436918
G1 F1522.85
G1 X54.068 Y44.94 E.01637
;WIDTH:0.436754
G1 F1523.485
G1 X54.001 Y45.501 E.0185
;WIDTH:0.44292
G1 F1500
G1 X53.956 Y46.106 E.02019
G1 X53.956 Y47.392 E.04277
G1 X54.004 Y48 E.0203
;WIDTH:0.444314
G1 F1494.791
G1 X54.147 Y49.019 E.03433
; stop printing object fidget-finger-massager-2000-rods-rod-08.stl id:0 copy 0
M106 S240
;LAYER_CHANGE
;Z:12.2
;HEIGHT:0.2
G92 E0
;_SET_FAN_SPEED_CHANGING_LAYER
; printing object fidget-finger-massager-2000-rods-rod-07.stl id:0 copy 0
M204 S10000
G1 E-.8 F1800
G1 X54.642 Y52.287 Z12.6 F7200
G1 Z12.2
G1 E.8 F1800
M204 S500
;TYPE:Outer wall
;WIDTH:0.449999
G1 F1473.915
G1 X54.571 Y52.632 E.01193
G1 X54.485 Y53.171 E.01848
G1 X54.421 Y53.714 E.01848
G1 X54.381 Y54.287 E.01946
G1 X54.381 Y55.574 E.04357
G1 X54.422 Y56.128 E.0188
G1 X54.516 Y56.859 E.02494
G1 X54.646 Y57.545 E.02362
G1 X53.808 Y57.693 E.02879
G1 X53.674 Y56.953 E.02543
G1 X53.564 Y56.048 E.03088
G1 X53.531 Y55.545 E.01707
G1 X53.531 Y54.25 E.04381
G1 X53.66 Y52.951 E.04421
G1 X53.806 Y52.139 E.0279
G1 X54.603 Y52.28 E.02739
M204 S10000
G1 E-.8 F1800
G1 X54.147 Y57.201 Z12.6 F7200
G1 Z12.2
G1 E.8 F1800
M204 S1500
;TYPE:Inner wall
;WIDTH:0.444224
G1 F1495.126
G1 X54.004 Y56.182 E.03433
;WIDTH:0.44292
G1 F1500
G1 X53.956 Y55.573 E.02029
G1 X53.956 Y54.287 E.04278
G1 X54.003 Y53.683 E.02015
;WIDTH:0.436876
G1 F1523.013
G1 X54.066 Y53.122 E.01848
;WIDTH:0.440776
G1 F1508.083
G1 X54.142 Y52.629 E.01651
; stop printing object fidget-finger-massager-2000-rods-rod-07.stl id:0 copy 0
; printing object fidget-finger-massager-2000-rods-rod-04.stl id:0 copy 0
M204 S10000
G1 E-.8 F1800
G1 X58.245 Y52.287 Z12.6 F7200
G1 Z12.2
G1 E.8 F1800
M204 S500
;TYPE:Outer wall
;WIDTH:0.449999
G1 F1473.915
G1 X58.174 Y52.632 E.01193
G1 X58.087 Y53.171 E.01848
G1 X58.024 Y53.714 E.01848
G1 X57.984 Y54.287 E.01946
G1 X57.984 Y55.574 E.04357
G1 X58.025 Y56.128 E.0188
G1 X58.118 Y56.859 E.02494
G1 X58.248 Y57.545 E.02362
G1 X57.411 Y57.693 E.02879
G1 X57.277 Y56.953 E.02543
G1 X57.166 Y56.048 E.03088
G1 X57.134 Y55.545 E.01707
G1 X57.134 Y54.25 E.04381
G1 X57.263 Y52.951 E.04421
G1 X57.408 Y52.139 E.0279
G1 X58.205 Y52.28 E.02739
M204 S10000
G1 E-.8 F1800
G1 X57.75 Y57.201 Z12.6 F7200
G1 Z12.2
G1 E.8 F1800
M204 S1500
;TYPE:Inner wall
;WIDTH:0.444224
G1 F1495.126
G1 X57.607 Y56.182 E.03433
;WIDTH:0.44292
G1 F1500
G1 X57.559 Y55.573 E.02029
G1 X57.559 Y54.287 E.04278
G1 X57.606 Y53.683 E.02015
;WIDTH:0.436876
G1 F1523.013
G1 X57.668 Y53.122 E.01848
;WIDTH:0.440776
G1 F1508.083
G1 X57.745 Y52.629 E.01651
; stop printing object fidget-finger-massager-2000-rods-rod-04.stl id:0 copy 0
; printing object fidget-finger-massager-2000-rods-rod-01.stl id:0 copy 0
M204 S10000
G1 E-.8 F1800
G1 X64.637 Y55.909 Z12.6 F7200
G1 X66.231 Y56.668 Z12.6
G1 Z12.2
G1 E.8 F1800
M204 S500
;TYPE:Outer wall
;WIDTH:0.449999
G1 F1473.915
G1 X66.38 Y57.508 E.02887
G1 X65.555 Y57.655 E.02834
G1 X64.747 Y57.749 E.02754
G1 X64.245 Y57.782 E.01703
M73 P69 R5
G1 X62.962 Y57.782 E.04343
G1 X61.72 Y57.661 E.04226
G1 X60.826 Y57.508 E.03069
G1 X60.973 Y56.671 E.02875
G1 X61.858 Y56.829 E.03041
G1 X62.4 Y56.892 E.01848
G1 X62.98 Y56.932 E.01968
G1 X64.261 Y56.932 E.04335
G1 X64.815 Y56.891 E.0188
G1 X65.546 Y56.798 E.02494
G1 X66.192 Y56.675 E.02226
M204 S10000
G1 E-.8 F1800
G1 X61.315 Y57.171 Z12.6 F7200
G1 Z12.2
G1 E.8 F1800
M204 S1500
;TYPE:Inner wall
;WIDTH:0.443354
G1 F1498.374
G1 X62.001 Y57.274 E.0231
G1 X62.952 Y57.357 E.03176
;WIDTH:0.442916
G1 F1500.015
G1 X64.231 Y57.357 E.04256
G1 X64.836 Y57.313 E.02018
;WIDTH:0.444602
G1 F1493.719
G1 X65.497 Y57.234 E.02221
;WIDTH:0.447828
G1 F1481.818
G1 X65.886 Y57.168 E.01328
; stop printing object fidget-finger-massager-2000-rods-rod-01.stl id:0 copy 0
; printing object fidget-finger-massager-2000-rods-rod-02.stl id:0 copy 0
M204 S10000
G1 E-.8 F1800
G1 X66.231 Y53.065 Z12.6 F7200
G1 Z12.2
G1 E.8 F1800
M204 S500
;TYPE:Outer wall
;WIDTH:0.449999
G1 F1473.915
G1 X66.38 Y53.905 E.02887
G1 X65.555 Y54.053 E.02834
G1 X64.747 Y54.146 E.02754
G1 X64.245 Y54.179 E.01703
G1 X62.962 Y54.179 E.04343
G1 X61.72 Y54.058 E.04226
G1 X60.826 Y53.905 E.03069
G1 X60.973 Y53.069 E.02875
G1 X61.858 Y53.226 E.03041
G1 X62.4 Y53.289 E.01848
G1 X62.98 Y53.329 E.01968
G1 X64.261 Y53.329 E.04335
G1 X64.815 Y53.288 E.0188
G1 X65.546 Y53.195 E.02494
G1 X66.192 Y53.072 E.02226
M204 S10000
G1 E-.8 F1800
G1 X61.315 Y53.568 Z12.6 F7200
G1 Z12.2
G1 E.8 F1800
M204 S1500
;TYPE:Inner wall
;WIDTH:0.443354
G1 F1498.374
G1 X62.001 Y53.671 E.0231
G1 X62.952 Y53.754 E.03176
;WIDTH:0.442916
G1 F1500.015
G1 X64.231 Y53.754 E.04256
G1 X64.836 Y53.71 E.02018
;WIDTH:0.444602
G1 F1493.719
G1 X65.497 Y53.631 E.02221
;WIDTH:0.447828
G1 F1481.818
G1 X65.886 Y53.566 E.01328
; stop printing object fidget-finger-massager-2000-rods-rod-02.stl id:0 copy 0
; printing object fidget-finger-massager-2000-rods-rod-03.stl id:0 copy 0
M204 S10000
G1 E-.8 F1800
G1 X66.231 Y49.462 Z12.6 F7200
G1 Z12.2
G1 E.8 F1800
M204 S500
;TYPE:Outer wall
;WIDTH:0.449999
G1 F1473.915
G1 X66.38 Y50.302 E.02887
G1 X65.555 Y50.45 E.02834
G1 X64.747 Y50.543 E.02754
G1 X64.245 Y50.576 E.01703
G1 X62.962 Y50.576 E.04343
G1 X61.72 Y50.455 E.04226
G1 X60.826 Y50.302 E.03069
G1 X60.973 Y49.466 E.02875
G1 X61.858 Y49.623 E.03041
G1 X62.4 Y49.686 E.01848
G1 X62.98 Y49.726 E.01968
G1 X64.261 Y49.726 E.04335
G1 X64.815 Y49.685 E.0188
G1 X65.546 Y49.592 E.02494
G1 X66.192 Y49.47 E.02226
M204 S10000
G1 E-.8 F1800
G1 X61.315 Y49.965 Z12.6 F7200
G1 Z12.2
G1 E.8 F1800
M204 S1500
;TYPE:Inner wall
;WIDTH:0.443354
G1 F1498.374
G1 X62.001 Y50.068 E.0231
G1 X62.952 Y50.151 E.03176
;WIDTH:0.442916
G1 F1500.015
G1 X64.231 Y50.151 E.04256
G1 X64.836 Y50.108 E.02018
;WIDTH:0.444602
G1 F1493.719
G1 X65.497 Y50.028 E.02221
;WIDTH:0.447828
G1 F1481.818
G1 X65.886 Y49.963 E.01328
; stop printing object fidget-finger-massager-2000-rods-rod-03.stl id:0 copy 0
; printing object fidget-finger-massager-2000-rods-rod-05.stl id:0 copy 0
M204 S10000
G1 E-.8 F1800
G1 X66.231 Y45.859 Z12.6 F7200
G1 Z12.2
G1 E.8 F1800
M204 S500
;TYPE:Outer wall
;WIDTH:0.449999
G1 F1473.915
G1 X66.38 Y46.699 E.02887
G1 X65.555 Y46.847 E.02834
G1 X64.747 Y46.94 E.02754
G1 X64.245 Y46.974 E.01703
G1 X62.962 Y46.974 E.04343
G1 X61.72 Y46.852 E.04226
G1 X60.826 Y46.699 E.03069
G1 X60.973 Y45.863 E.02875
G1 X61.858 Y46.02 E.03041
G1 X62.4 Y46.084 E.01848
G1 X62.98 Y46.124 E.01968
G1 X64.261 Y46.124 E.04335
G1 X64.815 Y46.083 E.0188
G1 X65.546 Y45.989 E.02494
G1 X66.192 Y45.867 E.02226
M204 S10000
G1 E-.8 F1800
G1 X61.315 Y46.362 Z12.6 F7200
G1 Z12.2
G1 E.8 F1800
M204 S1500
;TYPE:Inner wall
;WIDTH:0.443354
G1 F1498.374
G1 X62.001 Y46.465 E.0231
G1 X62.952 Y46.549 E.03176
;WIDTH:0.442916
G1 F1500.015
G1 X64.231 Y46.549 E.04256
G1 X64.836 Y46.505 E.02018
;WIDTH:0.444602
G1 F1493.719
G1 X65.497 Y46.425 E.02221
;WIDTH:0.447828
G1 F1481.818
G1 X65.886 Y46.36 E.01328
; stop printing object fidget-finger-massager-2000-rods-rod-05.stl id:0 copy 0
; printing object fidget-finger-massager-2000-rods-rod-09.stl id:0 copy 0
M204 S10000
G1 E-.8 F1800
G1 X66.188 Y42.257 Z12.6 F7200
G1 Z12.2
G1 E.8 F1800
M204 S500
;TYPE:Outer wall
;WIDTH:0.449999
G1 F1473.915
G1 X66.336 Y43.097 E.02887
G1 X65.512 Y43.244 E.02834
G1 X64.703 Y43.338 E.02754
G1 X64.201 Y43.371 E.01703
G1 X62.918 Y43.371 E.04343
G1 X61.676 Y43.25 E.04226
G1 X60.782 Y43.097 E.03069
G1 X60.929 Y42.26 E.02875
G1 X61.814 Y42.418 E.03041
G1 X62.356 Y42.481 E.01848
G1 X62.936 Y42.521 E.01968
G1 X64.217 Y42.521 E.04335
G1 X64.771 Y42.48 E.0188
G1 X65.502 Y42.387 E.02494
G1 X66.148 Y42.264 E.02226
M204 S10000
G1 E-.8 F1800
G1 X61.271 Y42.759 Z12.6 F7200
G1 Z12.2
G1 E.8 F1800
M204 S1500
;TYPE:Inner wall
;WIDTH:0.443354
G1 F1498.374
G1 X61.957 Y42.863 E.0231
G1 X62.908 Y42.946 E.03176
;WIDTH:0.442916
G1 F1500.015
G1 X64.187 Y42.946 E.04256
G1 X64.792 Y42.902 E.02018
;WIDTH:0.444602
G1 F1493.719
G1 X65.453 Y42.822 E.02221
;WIDTH:0.447828
G1 F1481.818
G1 X65.842 Y42.757 E.01328
; stop printing object fidget-finger-massager-2000-rods-rod-09.stl id:0 copy 0
; printing object fidget-finger-massager-2000-rods-rod-06.stl id:0 copy 0
M204 S10000
G1 E-.8 F1800
G1 X58.327 Y44.091 Z12.6 F7200
G1 X58.245 Y44.105 Z12.6
G1 Z12.2
G1 E.8 F1800
M204 S500
;TYPE:Outer wall
;WIDTH:0.449999
G1 F1473.915
G1 X58.174 Y44.451 E.01193
G1 X58.087 Y44.99 E.01848
G1 X58.024 Y45.532 E.01848
G1 X57.984 Y46.106 E.01946
G1 X57.984 Y47.393 E.04357
G1 X58.025 Y47.947 E.0188
G1 X58.118 Y48.678 E.02494
G1 X58.248 Y49.363 E.02362
G1 X57.411 Y49.511 E.02879
G1 X57.277 Y48.772 E.02543
G1 X57.166 Y47.866 E.03088
G1 X57.134 Y47.363 E.01707
G1 X57.134 Y46.069 E.04381
G1 X57.263 Y44.769 E.04421
G1 X57.408 Y43.958 E.0279
G1 X58.205 Y44.098 E.02739
M204 S10000
G1 E-.8 F1800
G1 X57.75 Y49.019 Z12.6 F7200
G1 Z12.2
G1 E.8 F1800
M204 S1500
;TYPE:Inner wall
;WIDTH:0.444224
G1 F1495.126
G1 X57.607 Y48 E.03433
;WIDTH:0.44292
G1 F1500
G1 X57.559 Y47.392 E.02029
G1 X57.559 Y46.106 E.04278
G1 X57.606 Y45.501 E.02015
;WIDTH:0.436876
G1 F1523.013
G1 X57.668 Y44.941 E.01848
;WIDTH:0.440776
G1 F1508.083
G1 X57.745 Y44.448 E.01651
; stop printing object fidget-finger-massager-2000-rods-rod-06.stl id:0 copy 0
; printing object fidget-finger-massager-2000-rods-rod-08.stl id:0 copy 0
M204 S10000
G1 E-.8 F1800
G1 X54.642 Y44.105 Z12.6 F7200
G1 Z12.2
G1 E.8 F1800
M204 S500
;TYPE:Outer wall
;WIDTH:0.449999
G1 F1473.915
G1 X54.571 Y44.451 E.01193
G1 X54.485 Y44.99 E.01848
G1 X54.421 Y45.532 E.01848
G1 X54.381 Y46.106 E.01946
G1 X54.381 Y47.393 E.04357
G1 X54.422 Y47.947 E.0188
G1 X54.516 Y48.678 E.02494
G1 X54.646 Y49.363 E.02362
G1 X53.808 Y49.511 E.02879
G1 X53.674 Y48.772 E.02543
G1 X53.564 Y47.866 E.03088
G1 X53.531 Y47.363 E.01707
G1 X53.531 Y46.069 E.04381
G1 X53.66 Y44.769 E.04421
G1 X53.806 Y43.958 E.0279
G1 X54.603 Y44.098 E.02739
M204 S10000
G1 E-.8 F1800
G1 X54.147 Y49.019 Z12.6 F7200
G1 Z12.2
G1 E.8 F1800
M204 S1500
;TYPE:Inner wall
;WIDTH:0.444224
G1 F1495.126
G1 X54.004 Y48 E.03433
;WIDTH:0.44292
G1 F1500
G1 X53.956 Y47.392 E.02029
G1 X53.956 Y46.106 E.04278
G1 X54.003 Y45.501 E.02015
;WIDTH:0.436876
G1 F1523.013
G1 X54.066 Y44.941 E.01848
;WIDTH:0.440776
G1 F1508.083
G1 X54.142 Y44.448 E.01651
; stop printing object fidget-finger-massager-2000-rods-rod-08.stl id:0 copy 0
M106 S242
;LAYER_CHANGE
;Z:12.4
;HEIGHT:0.2
G92 E0
;_SET_FAN_SPEED_CHANGING_LAYER
; printing object fidget-finger-massager-2000-rods-rod-07.stl id:0 copy 0
M204 S10000
G1 E-.8 F1800
G1 X54.628 Y52.065 Z12.8 F7200
G1 X54.642 Y52.287 Z12.8
G1 Z12.4
G1 E.8 F1800
M204 S500
;TYPE:Outer wall
;WIDTH:0.449999
G1 F1473.915
G1 X54.571 Y52.634 E.012
G1 X54.484 Y53.173 E.01846
G1 X54.421 Y53.714 E.01846
G1 X54.381 Y54.294 E.01966
G1 X54.381 Y55.574 E.04335
G1 X54.422 Y56.128 E.01878
G1 X54.517 Y56.87 E.02533
G1 X54.646 Y57.545 E.02325
G1 X53.808 Y57.693 E.02879
G1 X53.69 Y57.077 E.02123
G1 X53.565 Y56.062 E.0346
G1 X53.531 Y55.559 E.01707
G1 X53.531 Y54.276 E.04343
G1 X53.652 Y53.034 E.04222
G1 X53.806 Y52.139 E.03074
G1 X54.603 Y52.28 E.02739
M204 S10000
G1 E-.8 F1800
G1 X54.147 Y57.201 Z12.8 F7200
G1 Z12.4
G1 E.8 F1800
M204 S1500
;TYPE:Inner wall
;WIDTH:0.444126
G1 F1495.491
G1 X54.004 Y56.181 E.03434
;WIDTH:0.44292
G1 F1500
G1 X53.956 Y55.573 E.02028
G1 X53.956 Y54.294 E.04256
G1 X54.003 Y53.684 E.02035
;WIDTH:0.43663
G1 F1523.964
G1 X54.065 Y53.124 E.01844
;WIDTH:0.43978
G1 F1511.868
G1 X54.143 Y52.629 E.01653
; stop printing object fidget-finger-massager-2000-rods-rod-07.stl id:0 copy 0
; printing object fidget-finger-massager-2000-rods-rod-04.stl id:0 copy 0
M204 S10000
G1 E-.8 F1800
M73 P70 R5
G1 X58.245 Y52.287 Z12.8 F7200
G1 Z12.4
G1 E.8 F1800
M204 S500
;TYPE:Outer wall
;WIDTH:0.449999
G1 F1473.915
G1 X58.173 Y52.634 E.012
G1 X58.087 Y53.173 E.01846
G1 X58.024 Y53.714 E.01846
G1 X57.984 Y54.294 E.01966
G1 X57.984 Y55.574 E.04335
G1 X58.025 Y56.128 E.01878
G1 X58.12 Y56.87 E.02533
G1 X58.248 Y57.545 E.02325
G1 X57.411 Y57.693 E.02879
G1 X57.293 Y57.077 E.02123
G1 X57.167 Y56.062 E.0346
G1 X57.134 Y55.559 E.01707
G1 X57.134 Y54.276 E.04343
G1 X57.255 Y53.034 E.04222
G1 X57.409 Y52.139 E.03074
G1 X58.205 Y52.28 E.02739
M204 S10000
G1 E-.8 F1800
G1 X57.75 Y57.201 Z12.8 F7200
G1 Z12.4
G1 E.8 F1800
M204 S1500
;TYPE:Inner wall
;WIDTH:0.444126
G1 F1495.491
G1 X57.607 Y56.181 E.03434
;WIDTH:0.44292
G1 F1500
G1 X57.559 Y55.573 E.02028
G1 X57.559 Y54.294 E.04256
G1 X57.606 Y53.684 E.02035
;WIDTH:0.43663
G1 F1523.964
G1 X57.668 Y53.124 E.01844
;WIDTH:0.43978
G1 F1511.868
G1 X57.745 Y52.629 E.01653
; stop printing object fidget-finger-massager-2000-rods-rod-04.stl id:0 copy 0
; printing object fidget-finger-massager-2000-rods-rod-01.stl id:0 copy 0
M204 S10000
G1 E-.8 F1800
G1 X64.636 Y55.911 Z12.8 F7200
G1 X66.232 Y56.671 Z12.8
G1 Z12.4
G1 E.8 F1800
M204 S500
;TYPE:Outer wall
;WIDTH:0.449999
G1 F1473.915
G1 X66.38 Y57.508 E.02875
G1 X66.052 Y57.574 E.01133
G1 X65.259 Y57.696 E.02716
G1 X64.243 Y57.782 E.03449
G1 X62.96 Y57.782 E.04343
G1 X62.457 Y57.749 E.01707
G1 X61.442 Y57.624 E.0346
G1 X60.829 Y57.506 E.02115
G1 X60.978 Y56.669 E.02878
G1 X61.66 Y56.798 E.02348
G1 X62.401 Y56.892 E.02529
G1 X62.974 Y56.932 E.01946
G1 X64.261 Y56.932 E.04356
G1 X64.812 Y56.891 E.01871
G1 X65.354 Y56.828 E.01846
G1 X66.193 Y56.678 E.02884
M204 S10000
G1 X65.89 Y57.171 F7200
M204 S1500
;TYPE:Inner wall
;WIDTH:0.439778
G1 F1511.876
G1 X65.395 Y57.248 E.01653
;WIDTH:0.43663
G1 F1523.964
G1 X64.835 Y57.31 E.01844
;WIDTH:0.442918
G1 F1500.007
G1 X64.225 Y57.357 E.02035
G1 X62.946 Y57.357 E.04256
G1 X62.338 Y57.309 E.02028
;WIDTH:0.444096
G1 F1495.603
G1 X61.321 Y57.167 E.03423
; stop printing object fidget-finger-massager-2000-rods-rod-01.stl id:0 copy 0
; printing object fidget-finger-massager-2000-rods-rod-02.stl id:0 copy 0
M204 S10000
G1 E-.8 F1800
G1 X66.232 Y53.069 Z12.8 F7200
G1 Z12.4
G1 E.8 F1800
M204 S500
;TYPE:Outer wall
;WIDTH:0.449999
G1 F1473.915
G1 X66.38 Y53.905 E.02875
G1 X66.052 Y53.972 E.01133
G1 X65.259 Y54.093 E.02716
G1 X64.243 Y54.179 E.03449
G1 X62.96 Y54.179 E.04343
G1 X62.457 Y54.146 E.01707
G1 X61.442 Y54.021 E.0346
G1 X60.829 Y53.903 E.02115
G1 X60.978 Y53.066 E.02878
G1 X61.66 Y53.195 E.02348
G1 X62.401 Y53.289 E.02529
G1 X62.974 Y53.329 E.01946
G1 X64.261 Y53.329 E.04356
G1 X64.812 Y53.288 E.01871
G1 X65.354 Y53.225 E.01846
G1 X66.193 Y53.076 E.02884
M204 S10000
G1 X65.89 Y53.568 F7200
M204 S1500
;TYPE:Inner wall
;WIDTH:0.439778
G1 F1511.876
G1 X65.395 Y53.645 E.01653
;WIDTH:0.43663
G1 F1523.964
G1 X64.835 Y53.708 E.01844
;WIDTH:0.442918
G1 F1500.007
G1 X64.225 Y53.754 E.02035
G1 X62.946 Y53.754 E.04256
G1 X62.338 Y53.706 E.02028
;WIDTH:0.444096
G1 F1495.603
G1 X61.321 Y53.564 E.03423
; stop printing object fidget-finger-massager-2000-rods-rod-02.stl id:0 copy 0
; printing object fidget-finger-massager-2000-rods-rod-03.stl id:0 copy 0
M204 S10000
G1 E-.8 F1800
G1 X66.232 Y49.466 Z12.8 F7200
G1 Z12.4
G1 E.8 F1800
M204 S500
;TYPE:Outer wall
;WIDTH:0.449999
G1 F1473.915
G1 X66.38 Y50.302 E.02875
G1 X66.052 Y50.369 E.01133
G1 X65.259 Y50.49 E.02716
G1 X64.243 Y50.576 E.03449
G1 X62.96 Y50.576 E.04343
G1 X62.457 Y50.543 E.01707
G1 X61.442 Y50.418 E.0346
G1 X60.829 Y50.3 E.02115
G1 X60.978 Y49.463 E.02878
G1 X61.66 Y49.592 E.02348
G1 X62.401 Y49.686 E.02529
G1 X62.974 Y49.726 E.01946
G1 X64.261 Y49.726 E.04356
G1 X64.812 Y49.686 E.01871
G1 X65.354 Y49.622 E.01846
G1 X66.193 Y49.473 E.02884
M204 S10000
G1 X65.89 Y49.965 F7200
M204 S1500
;TYPE:Inner wall
;WIDTH:0.439778
G1 F1511.876
G1 X65.395 Y50.042 E.01653
;WIDTH:0.43663
G1 F1523.964
G1 X64.835 Y50.105 E.01844
;WIDTH:0.442918
G1 F1500.007
G1 X64.225 Y50.151 E.02035
G1 X62.946 Y50.151 E.04256
G1 X62.338 Y50.104 E.02028
;WIDTH:0.444096
G1 F1495.603
G1 X61.321 Y49.961 E.03423
; stop printing object fidget-finger-massager-2000-rods-rod-03.stl id:0 copy 0
; printing object fidget-finger-massager-2000-rods-rod-05.stl id:0 copy 0
M204 S10000
G1 E-.8 F1800
G1 X66.232 Y45.863 Z12.8 F7200
G1 Z12.4
G1 E.8 F1800
M204 S500
;TYPE:Outer wall
;WIDTH:0.449999
G1 F1473.915
G1 X66.38 Y46.699 E.02875
G1 X66.052 Y46.766 E.01133
G1 X65.259 Y46.887 E.02716
G1 X64.243 Y46.974 E.03449
G1 X62.96 Y46.974 E.04343
G1 X62.457 Y46.94 E.01707
G1 X61.442 Y46.815 E.0346
G1 X60.829 Y46.697 E.02115
G1 X60.978 Y45.86 E.02878
G1 X61.66 Y45.989 E.02348
G1 X62.401 Y46.084 E.02529
G1 X62.974 Y46.124 E.01946
G1 X64.261 Y46.124 E.04356
G1 X64.812 Y46.083 E.01871
G1 X65.354 Y46.02 E.01846
G1 X66.193 Y45.87 E.02884
M204 S10000
G1 X65.89 Y46.362 F7200
M204 S1500
;TYPE:Inner wall
;WIDTH:0.439778
G1 F1511.876
G1 X65.395 Y46.44 E.01653
;WIDTH:0.43663
G1 F1523.964
G1 X64.835 Y46.502 E.01844
;WIDTH:0.442918
G1 F1500.007
G1 X64.225 Y46.549 E.02035
G1 X62.946 Y46.549 E.04256
G1 X62.338 Y46.501 E.02028
;WIDTH:0.444096
G1 F1495.603
G1 X61.321 Y46.359 E.03423
; stop printing object fidget-finger-massager-2000-rods-rod-05.stl id:0 copy 0
; printing object fidget-finger-massager-2000-rods-rod-09.stl id:0 copy 0
M204 S10000
G1 E-.8 F1800
G1 X66.188 Y42.26 Z12.8 F7200
G1 Z12.4
G1 E.8 F1800
M204 S500
;TYPE:Outer wall
;WIDTH:0.449999
G1 F1473.915
G1 X66.336 Y43.097 E.02875
G1 X66.008 Y43.163 E.01133
G1 X65.215 Y43.284 E.02716
G1 X64.199 Y43.371 E.03449
G1 X62.916 Y43.371 E.04343
G1 X62.413 Y43.338 E.01707
G1 X61.398 Y43.213 E.0346
G1 X60.785 Y43.095 E.02115
G1 X60.934 Y42.258 E.02878
G1 X61.616 Y42.387 E.02348
G1 X62.357 Y42.481 E.02529
G1 X62.93 Y42.521 E.01946
G1 X64.217 Y42.521 E.04356
G1 X64.768 Y42.48 E.01871
G1 X65.31 Y42.417 E.01846
G1 X66.149 Y42.267 E.02884
M204 S10000
G1 X65.846 Y42.76 F7200
M204 S1500
;TYPE:Inner wall
;WIDTH:0.439778
G1 F1511.876
G1 X65.351 Y42.837 E.01653
;WIDTH:0.43663
G1 F1523.964
G1 X64.791 Y42.899 E.01844
;WIDTH:0.442918
G1 F1500.007
G1 X64.181 Y42.946 E.02035
G1 X62.902 Y42.946 E.04256
G1 X62.294 Y42.898 E.02028
;WIDTH:0.444096
G1 F1495.603
G1 X61.278 Y42.756 E.03423
; stop printing object fidget-finger-massager-2000-rods-rod-09.stl id:0 copy 0
; printing object fidget-finger-massager-2000-rods-rod-06.stl id:0 copy 0
M204 S10000
G1 E-.8 F1800
G1 X58.245 Y44.105 Z12.8 F7200
G1 Z12.4
G1 E.8 F1800
M204 S500
;TYPE:Outer wall
;WIDTH:0.449999
G1 F1473.915
G1 X58.173 Y44.452 E.012
G1 X58.087 Y44.991 E.01846
G1 X58.024 Y45.533 E.01846
G1 X57.984 Y46.112 E.01966
G1 X57.984 Y47.393 E.04335
G1 X58.025 Y47.946 E.01878
G1 X58.12 Y48.689 E.02533
G1 X58.248 Y49.363 E.02325
G1 X57.411 Y49.511 E.02879
G1 X57.293 Y48.895 E.02123
G1 X57.167 Y47.88 E.0346
G1 X57.134 Y47.377 E.01707
G1 X57.134 Y46.094 E.04343
G1 X57.255 Y44.853 E.04222
G1 X57.409 Y43.958 E.03074
G1 X58.205 Y44.098 E.02739
M204 S10000
G1 E-.8 F1800
G1 X57.75 Y49.019 Z12.8 F7200
G1 Z12.4
G1 E.8 F1800
M204 S1500
;TYPE:Inner wall
;WIDTH:0.444126
G1 F1495.491
G1 X57.607 Y48 E.03434
;WIDTH:0.44292
G1 F1500
G1 X57.559 Y47.392 E.02028
G1 X57.559 Y46.112 E.04256
G1 X57.606 Y45.502 E.02035
;WIDTH:0.43663
G1 F1523.964
G1 X57.668 Y44.942 E.01844
;WIDTH:0.43978
G1 F1511.868
G1 X57.745 Y44.447 E.01653
; stop printing object fidget-finger-massager-2000-rods-rod-06.stl id:0 copy 0
; printing object fidget-finger-massager-2000-rods-rod-08.stl id:0 copy 0
M204 S10000
G1 E-.8 F1800
G1 X54.642 Y44.105 Z12.8 F7200
G1 Z12.4
G1 E.8 F1800
M204 S500
;TYPE:Outer wall
;WIDTH:0.449999
G1 F1473.915
G1 X54.571 Y44.452 E.012
G1 X54.484 Y44.991 E.01846
G1 X54.421 Y45.533 E.01846
G1 X54.381 Y46.112 E.01966
G1 X54.381 Y47.393 E.04335
G1 X54.422 Y47.946 E.01878
G1 X54.517 Y48.689 E.02533
G1 X54.646 Y49.363 E.02325
G1 X53.808 Y49.511 E.02879
G1 X53.69 Y48.895 E.02123
G1 X53.565 Y47.88 E.0346
G1 X53.531 Y47.377 E.01707
G1 X53.531 Y46.094 E.04343
G1 X53.652 Y44.853 E.04222
G1 X53.806 Y43.958 E.03074
G1 X54.603 Y44.098 E.02739
M204 S10000
G1 E-.8 F1800
G1 X54.147 Y49.019 Z12.8 F7200
G1 Z12.4
G1 E.8 F1800
M204 S1500
;TYPE:Inner wall
;WIDTH:0.444126
G1 F1495.491
G1 X54.004 Y48 E.03434
;WIDTH:0.44292
G1 F1500
G1 X53.956 Y47.392 E.02028
G1 X53.956 Y46.112 E.04256
G1 X54.003 Y45.502 E.02035
;WIDTH:0.43663
G1 F1523.964
G1 X54.065 Y44.942 E.01844
;WIDTH:0.43978
G1 F1511.868
G1 X54.143 Y44.447 E.01653
; stop printing object fidget-finger-massager-2000-rods-rod-08.stl id:0 copy 0
;LAYER_CHANGE
;Z:12.6
;HEIGHT:0.200001
G92 E0
;_SET_FAN_SPEED_CHANGING_LAYER
; printing object fidget-finger-massager-2000-rods-rod-07.stl id:0 copy 0
M204 S10000
G1 E-.8 F1800
G1 X54.628 Y52.064 Z13 F7200
G1 X54.642 Y52.287 Z13
G1 Z12.6
G1 E.8 F1800
M204 S500
;TYPE:Outer wall
;WIDTH:0.449999
G1 F1473.915
G1 X54.57 Y52.636 E.01206
G1 X54.484 Y53.174 E.01844
G1 X54.421 Y53.715 E.01844
G1 X54.381 Y54.294 E.01964
G1 X54.381 Y55.574 E.04335
G1 X54.422 Y56.127 E.01877
G1 X54.519 Y56.881 E.02572
G1 X54.646 Y57.545 E.02288
G1 X53.808 Y57.693 E.02878
G1 X53.691 Y57.083 E.02101
G1 X53.565 Y56.064 E.03475
G1 X53.531 Y55.559 E.01714
G1 X53.531 Y54.276 E.04343
G1 X53.652 Y53.036 E.04217
G1 X53.806 Y52.139 E.03078
G1 X54.603 Y52.28 E.02739
M204 S10000
G1 E-.8 F1800
M73 P71 R5
G1 X54.147 Y57.201 Z13 F7200
G1 Z12.6
G1 E.8 F1800
M204 S1500
;TYPE:Inner wall
;WIDTH:0.444028
G1 F1495.856
G1 X54.004 Y56.181 E.03435
;WIDTH:0.44292
G1 F1500
G1 X53.956 Y55.573 E.02027
G1 X53.956 Y54.294 E.04256
G1 X54.003 Y53.684 E.02033
;WIDTH:0.436776
G1 F1523.399
G1 X54.065 Y53.125 E.01843
;WIDTH:0.439876
G1 F1511.502
G1 X54.143 Y52.629 E.01658
; stop printing object fidget-finger-massager-2000-rods-rod-07.stl id:0 copy 0
; printing object fidget-finger-massager-2000-rods-rod-04.stl id:0 copy 0
M204 S10000
G1 E-.8 F1800
G1 X58.245 Y52.287 Z13 F7200
G1 Z12.6
G1 E.8 F1800
M204 S500
;TYPE:Outer wall
;WIDTH:0.449999
G1 F1473.915
G1 X58.173 Y52.636 E.01206
G1 X58.087 Y53.174 E.01844
G1 X58.024 Y53.715 E.01844
G1 X57.984 Y54.294 E.01964
G1 X57.984 Y55.574 E.04335
G1 X58.025 Y56.127 E.01877
G1 X58.122 Y56.881 E.02572
G1 X58.248 Y57.545 E.02288
G1 X57.411 Y57.693 E.02878
G1 X57.294 Y57.083 E.02101
G1 X57.168 Y56.064 E.03475
G1 X57.134 Y55.559 E.01714
G1 X57.134 Y54.276 E.04343
G1 X57.255 Y53.036 E.04217
G1 X57.409 Y52.139 E.03078
G1 X58.205 Y52.28 E.02739
M204 S10000
G1 E-.8 F1800
G1 X57.75 Y57.201 Z13 F7200
G1 Z12.6
G1 E.8 F1800
M204 S1500
;TYPE:Inner wall
;WIDTH:0.444028
G1 F1495.856
G1 X57.607 Y56.181 E.03435
;WIDTH:0.44292
G1 F1500
G1 X57.559 Y55.573 E.02027
G1 X57.559 Y54.294 E.04256
G1 X57.606 Y53.684 E.02033
;WIDTH:0.436776
G1 F1523.399
G1 X57.668 Y53.125 E.01843
;WIDTH:0.439876
G1 F1511.502
G1 X57.745 Y52.629 E.01658
; stop printing object fidget-finger-massager-2000-rods-rod-04.stl id:0 copy 0
; printing object fidget-finger-massager-2000-rods-rod-01.stl id:0 copy 0
M204 S10000
G1 E-.8 F1800
G1 X64.636 Y55.911 Z13 F7200
G1 X66.232 Y56.671 Z13
G1 Z12.6
G1 E.8 F1800
M204 S500
;TYPE:Outer wall
;WIDTH:0.449999
G1 F1473.915
G1 X66.38 Y57.508 E.02875
G1 X66.047 Y57.575 E.01148
G1 X65.263 Y57.695 E.02685
G1 X64.243 Y57.782 E.03464
G1 X62.96 Y57.782 E.04343
G1 X62.455 Y57.749 E.01714
G1 X61.436 Y57.623 E.03475
G1 X60.829 Y57.506 E.02093
G1 X60.978 Y56.669 E.02878
G1 X61.649 Y56.796 E.02311
G1 X62.401 Y56.892 E.02568
G1 X62.974 Y56.932 E.01944
G1 X64.261 Y56.932 E.04356
G1 X64.812 Y56.891 E.01869
G1 X65.353 Y56.828 E.01844
G1 X66.193 Y56.678 E.02888
M204 S10000
G1 X65.89 Y57.171 F7200
M204 S1500
;TYPE:Inner wall
;WIDTH:0.439876
G1 F1511.502
G1 X65.394 Y57.248 E.01658
;WIDTH:0.436774
G1 F1523.407
G1 X64.835 Y57.31 E.01843
;WIDTH:0.442918
G1 F1500.007
G1 X64.225 Y57.357 E.02033
G1 X62.946 Y57.357 E.04256
G1 X62.338 Y57.309 E.02027
;WIDTH:0.443996
G1 F1495.976
G1 X61.321 Y57.167 E.03423
; stop printing object fidget-finger-massager-2000-rods-rod-01.stl id:0 copy 0
; printing object fidget-finger-massager-2000-rods-rod-02.stl id:0 copy 0
M204 S10000
G1 E-.8 F1800
G1 X66.232 Y53.068 Z13 F7200
G1 Z12.6
G1 E.8 F1800
M204 S500
;TYPE:Outer wall
;WIDTH:0.449999
G1 F1473.915
G1 X66.38 Y53.905 E.02875
G1 X66.047 Y53.972 E.01148
G1 X65.263 Y54.092 E.02685
G1 X64.243 Y54.179 E.03464
G1 X62.96 Y54.179 E.04343
G1 X62.455 Y54.146 E.01714
G1 X61.436 Y54.02 E.03475
G1 X60.829 Y53.903 E.02093
G1 X60.978 Y53.066 E.02878
G1 X61.649 Y53.193 E.02311
G1 X62.401 Y53.289 E.02568
G1 X62.974 Y53.329 E.01944
G1 X64.261 Y53.329 E.04356
G1 X64.812 Y53.289 E.01869
G1 X65.353 Y53.225 E.01844
G1 X66.193 Y53.076 E.02888
M204 S10000
G1 X65.89 Y53.568 F7200
M204 S1500
;TYPE:Inner wall
;WIDTH:0.439876
G1 F1511.502
G1 X65.394 Y53.645 E.01658
;WIDTH:0.436774
G1 F1523.407
G1 X64.835 Y53.708 E.01843
;WIDTH:0.442918
G1 F1500.007
G1 X64.225 Y53.754 E.02033
G1 X62.946 Y53.754 E.04256
G1 X62.338 Y53.706 E.02027
;WIDTH:0.443996
G1 F1495.976
G1 X61.321 Y53.564 E.03423
; stop printing object fidget-finger-massager-2000-rods-rod-02.stl id:0 copy 0
; printing object fidget-finger-massager-2000-rods-rod-03.stl id:0 copy 0
M204 S10000
G1 E-.8 F1800
G1 X66.232 Y49.466 Z13 F7200
G1 Z12.6
G1 E.8 F1800
M204 S500
;TYPE:Outer wall
;WIDTH:0.449999
G1 F1473.915
G1 X66.38 Y50.302 E.02875
G1 X66.047 Y50.37 E.01148
G1 X65.263 Y50.489 E.02685
G1 X64.243 Y50.576 E.03464
G1 X62.96 Y50.576 E.04343
G1 X62.455 Y50.543 E.01714
G1 X61.436 Y50.417 E.03475
G1 X60.829 Y50.3 E.02093
G1 X60.978 Y49.463 E.02878
G1 X61.649 Y49.59 E.02311
G1 X62.401 Y49.686 E.02568
G1 X62.974 Y49.726 E.01944
G1 X64.261 Y49.726 E.04356
G1 X64.812 Y49.686 E.01869
G1 X65.353 Y49.622 E.01844
G1 X66.193 Y49.473 E.02888
M204 S10000
G1 X65.89 Y49.965 F7200
M204 S1500
;TYPE:Inner wall
;WIDTH:0.439876
G1 F1511.502
G1 X65.394 Y50.043 E.01658
;WIDTH:0.436774
G1 F1523.407
G1 X64.835 Y50.105 E.01843
;WIDTH:0.442918
G1 F1500.007
G1 X64.225 Y50.151 E.02033
G1 X62.946 Y50.151 E.04256
G1 X62.338 Y50.104 E.02027
;WIDTH:0.443996
G1 F1495.976
G1 X61.321 Y49.962 E.03423
; stop printing object fidget-finger-massager-2000-rods-rod-03.stl id:0 copy 0
; printing object fidget-finger-massager-2000-rods-rod-05.stl id:0 copy 0
M204 S10000
G1 E-.8 F1800
G1 X66.232 Y45.863 Z13 F7200
G1 Z12.6
G1 E.8 F1800
M204 S500
;TYPE:Outer wall
;WIDTH:0.449999
G1 F1473.915
G1 X66.38 Y46.699 E.02875
G1 X66.047 Y46.767 E.01148
G1 X65.263 Y46.887 E.02685
G1 X64.243 Y46.974 E.03464
G1 X62.96 Y46.974 E.04343
G1 X62.455 Y46.94 E.01714
G1 X61.436 Y46.814 E.03475
M73 P71 R4
G1 X60.829 Y46.697 E.02093
G1 X60.978 Y45.86 E.02878
G1 X61.649 Y45.988 E.02311
G1 X62.401 Y46.084 E.02568
G1 X62.974 Y46.124 E.01944
G1 X64.261 Y46.124 E.04356
G1 X64.812 Y46.083 E.01869
G1 X65.353 Y46.02 E.01844
G1 X66.193 Y45.87 E.02888
M204 S10000
G1 X65.89 Y46.362 F7200
M204 S1500
;TYPE:Inner wall
;WIDTH:0.439876
G1 F1511.502
G1 X65.394 Y46.44 E.01658
;WIDTH:0.436774
G1 F1523.407
G1 X64.835 Y46.502 E.01843
;WIDTH:0.442918
G1 F1500.007
G1 X64.225 Y46.549 E.02033
G1 X62.946 Y46.549 E.04256
G1 X62.338 Y46.501 E.02027
;WIDTH:0.443996
G1 F1495.976
G1 X61.321 Y46.359 E.03423
; stop printing object fidget-finger-massager-2000-rods-rod-05.stl id:0 copy 0
; printing object fidget-finger-massager-2000-rods-rod-09.stl id:0 copy 0
M204 S10000
G1 E-.8 F1800
G1 X66.188 Y42.26 Z13 F7200
G1 Z12.6
G1 E.8 F1800
M204 S500
;TYPE:Outer wall
;WIDTH:0.449999
G1 F1473.915
G1 X66.336 Y43.096 E.02875
G1 X66.003 Y43.164 E.01148
G1 X65.219 Y43.284 E.02685
G1 X64.199 Y43.371 E.03464
G1 X62.916 Y43.371 E.04343
G1 X62.411 Y43.337 E.01714
G1 X61.392 Y43.211 E.03475
G1 X60.785 Y43.095 E.02093
G1 X60.934 Y42.258 E.02878
G1 X61.605 Y42.385 E.02311
G1 X62.357 Y42.481 E.02568
G1 X62.93 Y42.521 E.01944
G1 X64.217 Y42.521 E.04356
G1 X64.768 Y42.48 E.01869
G1 X65.309 Y42.417 E.01844
G1 X66.149 Y42.267 E.02888
M204 S10000
G1 X65.846 Y42.76 F7200
M204 S1500
;TYPE:Inner wall
;WIDTH:0.439876
G1 F1511.502
G1 X65.35 Y42.837 E.01658
;WIDTH:0.436774
G1 F1523.407
G1 X64.791 Y42.899 E.01843
;WIDTH:0.442918
G1 F1500.007
G1 X64.181 Y42.946 E.02033
G1 X62.902 Y42.946 E.04256
G1 X62.294 Y42.898 E.02027
;WIDTH:0.443996
G1 F1495.976
G1 X61.277 Y42.756 E.03423
; stop printing object fidget-finger-massager-2000-rods-rod-09.stl id:0 copy 0
; printing object fidget-finger-massager-2000-rods-rod-06.stl id:0 copy 0
M204 S10000
G1 E-.8 F1800
G1 X58.245 Y44.105 Z13 F7200
G1 Z12.6
G1 E.8 F1800
M204 S500
;TYPE:Outer wall
;WIDTH:0.449999
G1 F1473.915
G1 X58.173 Y44.454 E.01206
G1 X58.087 Y44.992 E.01844
G1 X58.024 Y45.533 E.01844
G1 X57.984 Y46.112 E.01964
G1 X57.984 Y47.393 E.04335
G1 X58.025 Y47.946 E.01877
G1 X58.122 Y48.699 E.02572
G1 X58.248 Y49.363 E.02288
G1 X57.411 Y49.511 E.02878
G1 X57.294 Y48.901 E.02101
G1 X57.168 Y47.883 E.03475
G1 X57.134 Y47.377 E.01714
G1 X57.134 Y46.094 E.04343
G1 X57.255 Y44.854 E.04217
G1 X57.409 Y43.958 E.03078
G1 X58.205 Y44.098 E.02739
M204 S10000
G1 E-.8 F1800
G1 X57.75 Y49.019 Z13 F7200
G1 Z12.6
G1 E.8 F1800
M204 S1500
;TYPE:Inner wall
;WIDTH:0.444028
G1 F1495.856
G1 X57.607 Y47.999 E.03435
;WIDTH:0.44292
G1 F1500
G1 X57.559 Y47.392 E.02027
G1 X57.559 Y46.112 E.04256
G1 X57.606 Y45.503 E.02033
;WIDTH:0.436776
G1 F1523.399
G1 X57.668 Y44.943 E.01843
;WIDTH:0.439876
G1 F1511.502
G1 X57.745 Y44.447 E.01658
; stop printing object fidget-finger-massager-2000-rods-rod-06.stl id:0 copy 0
; printing object fidget-finger-massager-2000-rods-rod-08.stl id:0 copy 0
M204 S10000
G1 E-.8 F1800
G1 X54.642 Y44.105 Z13 F7200
G1 Z12.6
G1 E.8 F1800
M204 S500
;TYPE:Outer wall
;WIDTH:0.449999
G1 F1473.915
G1 X54.57 Y44.454 E.01206
G1 X54.484 Y44.992 E.01844
G1 X54.421 Y45.533 E.01844
G1 X54.381 Y46.112 E.01964
G1 X54.381 Y47.393 E.04335
G1 X54.422 Y47.946 E.01877
G1 X54.519 Y48.699 E.02572
G1 X54.646 Y49.363 E.02288
G1 X53.808 Y49.511 E.02878
G1 X53.691 Y48.901 E.02101
G1 X53.565 Y47.883 E.03475
G1 X53.531 Y47.377 E.01714
G1 X53.531 Y46.094 E.04343
G1 X53.652 Y44.854 E.04217
G1 X53.806 Y43.958 E.03078
G1 X54.603 Y44.098 E.02739
M204 S10000
G1 E-.8 F1800
G1 X54.147 Y49.019 Z13 F7200
G1 Z12.6
G1 E.8 F1800
M204 S1500
;TYPE:Inner wall
;WIDTH:0.444028
G1 F1495.856
G1 X54.004 Y47.999 E.03435
;WIDTH:0.44292
G1 F1500
G1 X53.956 Y47.392 E.02027
G1 X53.956 Y46.112 E.04256
G1 X54.003 Y45.503 E.02033
;WIDTH:0.436776
G1 F1523.399
G1 X54.065 Y44.943 E.01843
;WIDTH:0.439876
G1 F1511.502
G1 X54.143 Y44.447 E.01658
; stop printing object fidget-finger-massager-2000-rods-rod-08.stl id:0 copy 0
M106 S240
;LAYER_CHANGE
;Z:12.8
;HEIGHT:0.2
G92 E0
;_SET_FAN_SPEED_CHANGING_LAYER
; printing object fidget-finger-massager-2000-rods-rod-07.stl id:0 copy 0
M204 S10000
G1 E-.8 F1800
G1 X54.628 Y52.064 Z13.2 F7200
G1 X54.642 Y52.287 Z13.2
G1 Z12.8
G1 E.8 F1800
M204 S500
;TYPE:Outer wall
;WIDTH:0.449999
G1 F1473.915
G1 X54.57 Y52.638 E.01213
G1 X54.484 Y53.175 E.01842
G1 X54.421 Y53.716 E.01842
G1 X54.381 Y54.288 E.01941
G1 X54.381 Y55.574 E.04356
M73 P72 R4
G1 X54.422 Y56.127 E.01875
G1 X54.521 Y56.892 E.02611
G1 X54.645 Y57.545 E.02251
G1 X53.808 Y57.693 E.02878
G1 X53.679 Y56.987 E.02429
G1 X53.564 Y56.054 E.03181
G1 X53.531 Y55.545 E.01728
G1 X53.531 Y54.26 E.04347
G1 X53.583 Y53.611 E.02206
G1 X53.657 Y52.974 E.02169
G1 X53.806 Y52.139 E.0287
G1 X54.603 Y52.28 E.02739
M204 S10000
G1 E-.8 F1800
G1 X54.147 Y57.201 Z13.2 F7200
G1 Z12.8
G1 E.8 F1800
M204 S1500
;TYPE:Inner wall
;WIDTH:0.443924
G1 F1496.244
G1 X54.004 Y56.181 E.03435
;WIDTH:0.44292
G1 F1500
G1 X53.956 Y55.573 E.02026
G1 X53.956 Y54.288 E.04276
G1 X54 Y53.685 E.02011
;WIDTH:0.43842
G1 F1517.067
G1 X54.064 Y53.126 E.01849
;WIDTH:0.440812
G1 F1507.947
G1 X54.142 Y52.629 E.01664
; stop printing object fidget-finger-massager-2000-rods-rod-07.stl id:0 copy 0
; printing object fidget-finger-massager-2000-rods-rod-04.stl id:0 copy 0
M204 S10000
G1 E-.8 F1800
G1 X58.245 Y52.287 Z13.2 F7200
G1 Z12.8
G1 E.8 F1800
M204 S500
;TYPE:Outer wall
;WIDTH:0.449999
G1 F1473.915
G1 X58.173 Y52.638 E.01213
G1 X58.087 Y53.175 E.01842
G1 X58.024 Y53.716 E.01842
G1 X57.984 Y54.288 E.01941
G1 X57.984 Y55.574 E.04356
G1 X58.025 Y56.127 E.01875
G1 X58.124 Y56.892 E.02611
G1 X58.248 Y57.545 E.02251
G1 X57.411 Y57.693 E.02878
G1 X57.282 Y56.987 E.02429
G1 X57.167 Y56.054 E.03181
G1 X57.134 Y55.545 E.01728
G1 X57.134 Y54.26 E.04347
G1 X57.186 Y53.611 E.02206
G1 X57.259 Y52.974 E.02169
G1 X57.409 Y52.139 E.0287
G1 X58.206 Y52.28 E.02739
M204 S10000
G1 E-.8 F1800
G1 X57.749 Y57.201 Z13.2 F7200
G1 Z12.8
G1 E.8 F1800
M204 S1500
;TYPE:Inner wall
;WIDTH:0.443924
G1 F1496.244
G1 X57.607 Y56.181 E.03435
;WIDTH:0.44292
G1 F1500
G1 X57.559 Y55.573 E.02026
G1 X57.559 Y54.288 E.04276
G1 X57.603 Y53.685 E.02011
;WIDTH:0.43842
G1 F1517.067
G1 X57.667 Y53.126 E.01849
;WIDTH:0.440812
G1 F1507.947
G1 X57.745 Y52.629 E.01664
; stop printing object fidget-finger-massager-2000-rods-rod-04.stl id:0 copy 0
; printing object fidget-finger-massager-2000-rods-rod-01.stl id:0 copy 0
M204 S10000
G1 E-.8 F1800
G1 X64.637 Y55.909 Z13.2 F7200
G1 X66.232 Y56.668 Z13.2
G1 Z12.8
G1 E.8 F1800
M204 S500
;TYPE:Outer wall
;WIDTH:0.449999
G1 F1473.915
G1 X66.379 Y57.505 E.02878
G1 X65.677 Y57.635 E.02416
G1 X64.867 Y57.733 E.02762
G1 X64.228 Y57.782 E.02171
G1 X62.947 Y57.782 E.04335
G1 X62.297 Y57.73 E.02206
G1 X61.661 Y57.657 E.02169
G1 X60.826 Y57.508 E.0287
G1 X60.973 Y56.671 E.02874
G1 X61.862 Y56.829 E.03054
G1 X62.402 Y56.892 E.01842
G1 X62.974 Y56.932 E.01941
G1 X64.262 Y56.932 E.04358
G1 X64.925 Y56.877 E.02254
G1 X65.578 Y56.793 E.02229
G1 X66.192 Y56.675 E.02115
M204 S10000
G1 E-.8 F1800
G1 X61.316 Y57.171 Z13.2 F7200
G1 Z12.8
G1 E.8 F1800
M204 S1500
;TYPE:Inner wall
;WIDTH:0.440812
G1 F1507.947
G1 X61.813 Y57.249 E.01664
;WIDTH:0.43842
G1 F1517.067
G1 X62.346 Y57.311 E.01767
;WIDTH:0.442918
G1 F1500.007
G1 X62.947 Y57.357 E.02002
G1 X64.228 Y57.357 E.0426
G1 X64.834 Y57.313 E.02024
;WIDTH:0.440478
G1 F1509.214
G1 X65.621 Y57.215 E.02622
;WIDTH:0.443922
G1 F1496.252
G1 X65.887 Y57.167 E.00901
; stop printing object fidget-finger-massager-2000-rods-rod-01.stl id:0 copy 0
; printing object fidget-finger-massager-2000-rods-rod-02.stl id:0 copy 0
M204 S10000
G1 E-.8 F1800
G1 X66.232 Y53.065 Z13.2 F7200
G1 Z12.8
G1 E.8 F1800
M204 S500
;TYPE:Outer wall
;WIDTH:0.449999
G1 F1473.915
G1 X66.379 Y53.903 E.02878
G1 X65.677 Y54.032 E.02416
G1 X64.867 Y54.131 E.02762
G1 X64.228 Y54.179 E.02171
G1 X62.947 Y54.179 E.04335
G1 X62.297 Y54.128 E.02206
G1 X61.661 Y54.054 E.02169
G1 X60.826 Y53.905 E.0287
G1 X60.973 Y53.068 E.02874
G1 X61.862 Y53.226 E.03054
G1 X62.402 Y53.289 E.01842
G1 X62.974 Y53.329 E.01941
G1 X64.262 Y53.329 E.04358
G1 X64.925 Y53.274 E.02254
G1 X65.578 Y53.19 E.02229
G1 X66.192 Y53.073 E.02115
M204 S10000
G1 E-.8 F1800
G1 X61.316 Y53.569 Z13.2 F7200
G1 Z12.8
G1 E.8 F1800
M204 S1500
;TYPE:Inner wall
;WIDTH:0.440812
G1 F1507.947
G1 X61.813 Y53.646 E.01664
;WIDTH:0.43842
G1 F1517.067
G1 X62.346 Y53.708 E.01767
;WIDTH:0.442918
G1 F1500.007
G1 X62.947 Y53.754 E.02002
G1 X64.228 Y53.754 E.0426
G1 X64.834 Y53.71 E.02024
;WIDTH:0.440478
G1 F1509.214
G1 X65.621 Y53.612 E.02622
;WIDTH:0.443922
G1 F1496.252
G1 X65.887 Y53.564 E.00901
; stop printing object fidget-finger-massager-2000-rods-rod-02.stl id:0 copy 0
; printing object fidget-finger-massager-2000-rods-rod-03.stl id:0 copy 0
M204 S10000
G1 E-.8 F1800
G1 X66.232 Y49.462 Z13.2 F7200
G1 Z12.8
G1 E.8 F1800
M204 S500
;TYPE:Outer wall
;WIDTH:0.449999
G1 F1473.915
G1 X66.379 Y50.3 E.02878
G1 X65.677 Y50.429 E.02416
G1 X64.867 Y50.528 E.02762
G1 X64.228 Y50.576 E.02171
G1 X62.947 Y50.576 E.04335
G1 X62.297 Y50.525 E.02206
G1 X61.661 Y50.451 E.02169
G1 X60.826 Y50.302 E.0287
G1 X60.973 Y49.466 E.02874
G1 X61.862 Y49.624 E.03054
G1 X62.402 Y49.687 E.01842
G1 X62.974 Y49.726 E.01941
G1 X64.262 Y49.726 E.04358
G1 X64.925 Y49.671 E.02254
G1 X65.578 Y49.587 E.02229
G1 X66.192 Y49.47 E.02115
M204 S10000
G1 E-.8 F1800
G1 X61.316 Y49.966 Z13.2 F7200
G1 Z12.8
G1 E.8 F1800
M204 S1500
;TYPE:Inner wall
;WIDTH:0.440812
G1 F1507.947
G1 X61.813 Y50.044 E.01664
;WIDTH:0.43842
G1 F1517.067
G1 X62.346 Y50.105 E.01767
;WIDTH:0.442918
G1 F1500.007
G1 X62.947 Y50.151 E.02002
G1 X64.228 Y50.151 E.0426
G1 X64.834 Y50.107 E.02024
;WIDTH:0.440478
G1 F1509.214
G1 X65.621 Y50.009 E.02622
;WIDTH:0.443922
G1 F1496.252
G1 X65.887 Y49.961 E.00901
; stop printing object fidget-finger-massager-2000-rods-rod-03.stl id:0 copy 0
; printing object fidget-finger-massager-2000-rods-rod-05.stl id:0 copy 0
M204 S10000
G1 E-.8 F1800
G1 X66.232 Y45.86 Z13.2 F7200
G1 Z12.8
G1 E.8 F1800
M204 S500
;TYPE:Outer wall
;WIDTH:0.449999
G1 F1473.915
G1 X66.379 Y46.697 E.02878
G1 X65.677 Y46.826 E.02416
G1 X64.867 Y46.925 E.02762
G1 X64.228 Y46.974 E.02171
G1 X62.947 Y46.974 E.04335
G1 X62.297 Y46.922 E.02206
G1 X61.661 Y46.848 E.02169
G1 X60.826 Y46.699 E.0287
G1 X60.973 Y45.863 E.02874
G1 X61.862 Y46.021 E.03054
G1 X62.402 Y46.084 E.01842
G1 X62.974 Y46.124 E.01941
G1 X64.262 Y46.124 E.04358
G1 X64.925 Y46.068 E.02254
G1 X65.578 Y45.984 E.02229
G1 X66.192 Y45.867 E.02115
M204 S10000
G1 E-.8 F1800
G1 X61.316 Y46.363 Z13.2 F7200
G1 Z12.8
G1 E.8 F1800
M204 S1500
;TYPE:Inner wall
;WIDTH:0.440812
G1 F1507.947
G1 X61.813 Y46.441 E.01664
;WIDTH:0.43842
G1 F1517.067
G1 X62.346 Y46.503 E.01767
;WIDTH:0.442918
G1 F1500.007
G1 X62.947 Y46.549 E.02002
G1 X64.228 Y46.549 E.0426
G1 X64.834 Y46.505 E.02024
;WIDTH:0.440478
G1 F1509.214
G1 X65.621 Y46.406 E.02622
;WIDTH:0.443922
G1 F1496.252
G1 X65.887 Y46.358 E.00901
; stop printing object fidget-finger-massager-2000-rods-rod-05.stl id:0 copy 0
; printing object fidget-finger-massager-2000-rods-rod-09.stl id:0 copy 0
M204 S10000
G1 E-.8 F1800
G1 X66.188 Y42.257 Z13.2 F7200
G1 Z12.8
G1 E.8 F1800
M204 S500
;TYPE:Outer wall
;WIDTH:0.449999
G1 F1473.915
G1 X66.335 Y43.094 E.02878
G1 X65.633 Y43.224 E.02416
G1 X64.823 Y43.322 E.02762
G1 X64.184 Y43.371 E.02171
G1 X62.903 Y43.371 E.04335
G1 X62.253 Y43.319 E.02206
G1 X61.617 Y43.246 E.02169
G1 X60.782 Y43.096 E.0287
G1 X60.929 Y42.26 E.02874
G1 X61.818 Y42.418 E.03054
G1 X62.358 Y42.481 E.01842
G1 X62.93 Y42.521 E.01941
G1 X64.218 Y42.521 E.04358
G1 X64.881 Y42.466 E.02254
G1 X65.534 Y42.381 E.02229
G1 X66.148 Y42.264 E.02115
M204 S10000
G1 E-.8 F1800
G1 X61.272 Y42.76 Z13.2 F7200
G1 Z12.8
G1 E.8 F1800
M204 S1500
;TYPE:Inner wall
;WIDTH:0.440812
G1 F1507.947
G1 X61.769 Y42.838 E.01664
;WIDTH:0.43842
G1 F1517.067
G1 X62.303 Y42.9 E.01767
;WIDTH:0.442918
G1 F1500.007
G1 X62.903 Y42.946 E.02002
G1 X64.184 Y42.946 E.0426
G1 X64.791 Y42.902 E.02024
;WIDTH:0.440478
G1 F1509.214
G1 X65.578 Y42.803 E.02622
;WIDTH:0.443922
G1 F1496.252
G1 X65.843 Y42.756 E.00901
; stop printing object fidget-finger-massager-2000-rods-rod-09.stl id:0 copy 0
; printing object fidget-finger-massager-2000-rods-rod-06.stl id:0 copy 0
M204 S10000
G1 E-.8 F1800
G1 X58.329 Y44.09 Z13.2 F7200
G1 X58.245 Y44.105 Z13.2
G1 Z12.8
G1 E.8 F1800
M204 S500
;TYPE:Outer wall
;WIDTH:0.449999
G1 F1473.915
G1 X58.173 Y44.456 E.01213
G1 X58.087 Y44.993 E.01842
G1 X58.024 Y45.534 E.01842
G1 X57.984 Y46.106 E.01941
G1 X57.984 Y47.393 E.04356
G1 X58.025 Y47.945 E.01875
G1 X58.124 Y48.71 E.02611
G1 X58.248 Y49.363 E.02251
G1 X57.411 Y49.511 E.02878
G1 X57.282 Y48.805 E.02429
G1 X57.167 Y47.873 E.03181
G1 X57.134 Y47.363 E.01728
G1 X57.134 Y46.079 E.04347
G1 X57.186 Y45.429 E.02206
G1 X57.259 Y44.792 E.02169
G1 X57.409 Y43.958 E.0287
G1 X58.206 Y44.098 E.02739
M204 S10000
G1 E-.8 F1800
G1 X57.749 Y49.019 Z13.2 F7200
G1 Z12.8
G1 E.8 F1800
M204 S1500
;TYPE:Inner wall
;WIDTH:0.443924
G1 F1496.244
G1 X57.607 Y47.999 E.03435
;WIDTH:0.44292
G1 F1500
G1 X57.559 Y47.392 E.02026
G1 X57.559 Y46.106 E.04276
G1 X57.603 Y45.503 E.02011
;WIDTH:0.43842
G1 F1517.067
M73 P73 R4
G1 X57.667 Y44.945 E.01849
;WIDTH:0.440812
G1 F1507.947
G1 X57.745 Y44.448 E.01664
; stop printing object fidget-finger-massager-2000-rods-rod-06.stl id:0 copy 0
; printing object fidget-finger-massager-2000-rods-rod-08.stl id:0 copy 0
M204 S10000
G1 E-.8 F1800
G1 X54.642 Y44.105 Z13.2 F7200
G1 Z12.8
G1 E.8 F1800
M204 S500
;TYPE:Outer wall
;WIDTH:0.449999
G1 F1473.915
G1 X54.57 Y44.456 E.01213
G1 X54.484 Y44.993 E.01842
G1 X54.421 Y45.534 E.01842
G1 X54.381 Y46.106 E.01941
G1 X54.381 Y47.393 E.04356
G1 X54.422 Y47.945 E.01875
G1 X54.521 Y48.71 E.02611
G1 X54.645 Y49.363 E.02251
G1 X53.808 Y49.511 E.02878
G1 X53.679 Y48.805 E.02429
G1 X53.564 Y47.873 E.03181
G1 X53.531 Y47.363 E.01728
G1 X53.531 Y46.079 E.04347
G1 X53.583 Y45.429 E.02206
G1 X53.657 Y44.792 E.02169
G1 X53.806 Y43.958 E.0287
G1 X54.603 Y44.098 E.02739
M204 S10000
G1 E-.8 F1800
G1 X54.147 Y49.019 Z13.2 F7200
G1 Z12.8
G1 E.8 F1800
M204 S1500
;TYPE:Inner wall
;WIDTH:0.443924
G1 F1496.244
G1 X54.004 Y47.999 E.03435
;WIDTH:0.44292
G1 F1500
G1 X53.956 Y47.392 E.02026
G1 X53.956 Y46.106 E.04276
G1 X54 Y45.503 E.02011
;WIDTH:0.43842
G1 F1517.067
G1 X54.064 Y44.945 E.01849
;WIDTH:0.440812
G1 F1507.947
G1 X54.142 Y44.448 E.01664
; stop printing object fidget-finger-massager-2000-rods-rod-08.stl id:0 copy 0
M106 S242
;LAYER_CHANGE
;Z:13
;HEIGHT:0.2
G92 E0
;_SET_FAN_SPEED_CHANGING_LAYER
; printing object fidget-finger-massager-2000-rods-rod-07.stl id:0 copy 0
M204 S10000
G1 E-.8 F1800
G1 X54.628 Y52.065 Z13.4 F7200
G1 X54.642 Y52.287 Z13.4
G1 Z13
G1 E.8 F1800
M204 S500
;TYPE:Outer wall
;WIDTH:0.449999
G1 F1473.915
G1 X54.57 Y52.64 E.01219
G1 X54.484 Y53.176 E.0184
G1 X54.421 Y53.716 E.0184
G1 X54.381 Y54.288 E.01939
G1 X54.381 Y55.574 E.04356
G1 X54.422 Y56.126 E.01873
G1 X54.523 Y56.902 E.02649
G1 X54.645 Y57.545 E.02214
G1 X53.808 Y57.693 E.02878
G1 X53.691 Y57.084 E.02099
G1 X53.618 Y56.576 E.01737
G1 X53.565 Y56.062 E.01747
G1 X53.531 Y55.545 E.01756
G1 X53.531 Y54.261 E.04346
G1 X53.583 Y53.611 E.02204
G1 X53.656 Y52.981 E.02149
G1 X53.806 Y52.139 E.02893
G1 X54.603 Y52.28 E.02739
M204 S10000
G1 E-.8 F1800
G1 X54.146 Y57.201 Z13.4 F7200
G1 Z13
G1 E.8 F1800
M204 S1500
;TYPE:Inner wall
;WIDTH:0.447756
G1 F1482.082
G1 X54.043 Y56.531 E.02281
G1 X53.956 Y55.579 E.03219
;WIDTH:0.44292
G1 F1500
G1 X53.956 Y54.288 E.04294
G1 X54 Y53.685 E.02009
;WIDTH:0.43856
G1 F1516.53
G1 X54.064 Y53.127 E.01848
;WIDTH:0.440832
G1 F1507.871
G1 X54.142 Y52.629 E.01669
; stop printing object fidget-finger-massager-2000-rods-rod-07.stl id:0 copy 0
; printing object fidget-finger-massager-2000-rods-rod-04.stl id:0 copy 0
M204 S10000
G1 E-.8 F1800
G1 X58.245 Y52.287 Z13.4 F7200
G1 Z13
G1 E.8 F1800
M204 S500
;TYPE:Outer wall
;WIDTH:0.449999
G1 F1473.915
G1 X58.172 Y52.64 E.01219
G1 X58.087 Y53.176 E.0184
G1 X58.024 Y53.716 E.0184
G1 X57.984 Y54.288 E.01939
G1 X57.984 Y55.574 E.04356
G1 X58.025 Y56.126 E.01873
G1 X58.125 Y56.902 E.02649
G1 X58.248 Y57.545 E.02214
G1 X57.411 Y57.693 E.02878
G1 X57.294 Y57.084 E.02099
G1 X57.221 Y56.576 E.01737
G1 X57.168 Y56.062 E.01747
G1 X57.134 Y55.545 E.01756
G1 X57.134 Y54.261 E.04346
G1 X57.186 Y53.611 E.02204
G1 X57.258 Y52.981 E.02149
G1 X57.409 Y52.139 E.02893
G1 X58.206 Y52.28 E.02739
M204 S10000
G1 E-.8 F1800
G1 X57.749 Y57.201 Z13.4 F7200
G1 Z13
G1 E.8 F1800
M204 S1500
;TYPE:Inner wall
;WIDTH:0.447756
G1 F1482.082
G1 X57.646 Y56.531 E.02281
G1 X57.559 Y55.579 E.03219
;WIDTH:0.44292
G1 F1500
G1 X57.559 Y54.288 E.04294
G1 X57.602 Y53.685 E.02009
;WIDTH:0.43856
G1 F1516.53
G1 X57.667 Y53.127 E.01848
;WIDTH:0.440832
G1 F1507.871
G1 X57.745 Y52.629 E.01669
; stop printing object fidget-finger-massager-2000-rods-rod-04.stl id:0 copy 0
; printing object fidget-finger-massager-2000-rods-rod-01.stl id:0 copy 0
M204 S10000
G1 E-.8 F1800
G1 X64.637 Y55.909 Z13.4 F7200
G1 X66.232 Y56.668 Z13.4
G1 Z13
G1 E.8 F1800
M204 S500
;TYPE:Outer wall
;WIDTH:0.449999
G1 F1473.915
G1 X66.379 Y57.505 E.02878
G1 X65.688 Y57.633 E.02379
G1 X64.866 Y57.734 E.02802
G1 X64.228 Y57.782 E.02168
G1 X62.947 Y57.782 E.04334
G1 X62.298 Y57.731 E.02204
G1 X61.667 Y57.658 E.02149
G1 X60.826 Y57.508 E.02893
G1 X60.973 Y56.671 E.02874
G1 X61.863 Y56.829 E.03058
G1 X62.403 Y56.892 E.0184
G1 X62.974 Y56.932 E.01939
G1 X64.262 Y56.932 E.04358
G1 X64.916 Y56.878 E.02224
G1 X65.589 Y56.791 E.02296
G1 X66.192 Y56.676 E.02078
M204 S10000
G1 X65.888 Y57.167 F7200
M204 S1500
;TYPE:Inner wall
;WIDTH:0.443816
G1 F1496.648
G1 X65.632 Y57.213 E.00864
;WIDTH:0.440554
G1 F1508.925
G1 X64.834 Y57.313 E.02661
;WIDTH:0.442918
G1 F1500.007
G1 X64.228 Y57.357 E.02022
G1 X62.947 Y57.357 E.0426
G1 X62.347 Y57.311 E.02
;WIDTH:0.43856
G1 F1516.53
G1 X61.814 Y57.249 E.01766
;WIDTH:0.440832
G1 F1507.871
G1 X61.316 Y57.171 E.01669
; stop printing object fidget-finger-massager-2000-rods-rod-01.stl id:0 copy 0
; printing object fidget-finger-massager-2000-rods-rod-02.stl id:0 copy 0
M204 S10000
G1 E-.8 F1800
G1 X66.232 Y53.065 Z13.4 F7200
G1 Z13
G1 E.8 F1800
M204 S500
;TYPE:Outer wall
;WIDTH:0.449999
G1 F1473.915
G1 X66.379 Y53.903 E.02878
G1 X65.688 Y54.03 E.02379
G1 X64.866 Y54.131 E.02802
G1 X64.228 Y54.179 E.02168
G1 X62.947 Y54.179 E.04334
G1 X62.298 Y54.128 E.02204
G1 X61.667 Y54.055 E.02149
G1 X60.826 Y53.905 E.02893
G1 X60.973 Y53.068 E.02874
G1 X61.863 Y53.227 E.03058
G1 X62.403 Y53.289 E.0184
G1 X62.974 Y53.329 E.01939
G1 X64.262 Y53.329 E.04358
G1 X64.916 Y53.275 E.02224
G1 X65.589 Y53.188 E.02296
G1 X66.192 Y53.073 E.02078
M204 S10000
G1 X65.888 Y53.564 F7200
M204 S1500
;TYPE:Inner wall
;WIDTH:0.443816
G1 F1496.648
G1 X65.632 Y53.61 E.00864
;WIDTH:0.440554
G1 F1508.925
G1 X64.834 Y53.71 E.02661
;WIDTH:0.442918
G1 F1500.007
G1 X64.228 Y53.754 E.02022
G1 X62.947 Y53.754 E.0426
G1 X62.347 Y53.708 E.02
;WIDTH:0.43856
G1 F1516.53
G1 X61.814 Y53.647 E.01766
;WIDTH:0.440832
G1 F1507.871
G1 X61.316 Y53.569 E.01669
; stop printing object fidget-finger-massager-2000-rods-rod-02.stl id:0 copy 0
; printing object fidget-finger-massager-2000-rods-rod-03.stl id:0 copy 0
M204 S10000
G1 E-.8 F1800
G1 X66.232 Y49.462 Z13.4 F7200
G1 Z13
G1 E.8 F1800
M204 S500
;TYPE:Outer wall
;WIDTH:0.449999
G1 F1473.915
G1 X66.379 Y50.3 E.02878
G1 X65.688 Y50.427 E.02379
G1 X64.866 Y50.528 E.02802
G1 X64.228 Y50.576 E.02168
G1 X62.947 Y50.576 E.04334
G1 X62.298 Y50.525 E.02204
G1 X61.667 Y50.452 E.02149
G1 X60.826 Y50.302 E.02893
G1 X60.973 Y49.466 E.02874
G1 X61.863 Y49.624 E.03058
G1 X62.403 Y49.687 E.0184
G1 X62.974 Y49.726 E.01939
G1 X64.262 Y49.726 E.04358
G1 X64.916 Y49.672 E.02224
G1 X65.589 Y49.585 E.02296
G1 X66.192 Y49.47 E.02078
M204 S10000
G1 X65.888 Y49.961 F7200
M204 S1500
;TYPE:Inner wall
;WIDTH:0.443816
G1 F1496.648
G1 X65.632 Y50.007 E.00864
;WIDTH:0.440554
G1 F1508.925
G1 X64.834 Y50.107 E.02661
;WIDTH:0.442918
G1 F1500.007
G1 X64.228 Y50.151 E.02022
G1 X62.947 Y50.151 E.0426
G1 X62.347 Y50.106 E.02
;WIDTH:0.43856
G1 F1516.53
G1 X61.814 Y50.044 E.01766
;WIDTH:0.440832
G1 F1507.871
G1 X61.316 Y49.966 E.01669
; stop printing object fidget-finger-massager-2000-rods-rod-03.stl id:0 copy 0
; printing object fidget-finger-massager-2000-rods-rod-05.stl id:0 copy 0
M204 S10000
G1 E-.8 F1800
G1 X66.232 Y45.86 Z13.4 F7200
G1 Z13
G1 E.8 F1800
M204 S500
;TYPE:Outer wall
;WIDTH:0.449999
G1 F1473.915
G1 X66.379 Y46.697 E.02878
G1 X65.688 Y46.825 E.02379
G1 X64.866 Y46.925 E.02802
G1 X64.228 Y46.974 E.02168
G1 X62.947 Y46.974 E.04334
G1 X62.298 Y46.922 E.02204
G1 X61.667 Y46.849 E.02149
G1 X60.826 Y46.699 E.02893
G1 X60.973 Y45.863 E.02874
G1 X61.863 Y46.021 E.03058
G1 X62.403 Y46.084 E.0184
G1 X62.974 Y46.124 E.01939
G1 X64.262 Y46.124 E.04358
G1 X64.916 Y46.069 E.02224
G1 X65.589 Y45.982 E.02296
G1 X66.192 Y45.867 E.02078
M204 S10000
G1 X65.888 Y46.359 F7200
M204 S1500
;TYPE:Inner wall
;WIDTH:0.443816
G1 F1496.648
G1 X65.632 Y46.405 E.00864
;WIDTH:0.440554
G1 F1508.925
G1 X64.834 Y46.505 E.02661
;WIDTH:0.442918
G1 F1500.007
G1 X64.228 Y46.549 E.02022
G1 X62.947 Y46.549 E.0426
G1 X62.347 Y46.503 E.02
;WIDTH:0.43856
G1 F1516.53
G1 X61.814 Y46.441 E.01766
;WIDTH:0.440832
G1 F1507.871
G1 X61.316 Y46.363 E.01669
; stop printing object fidget-finger-massager-2000-rods-rod-05.stl id:0 copy 0
; printing object fidget-finger-massager-2000-rods-rod-09.stl id:0 copy 0
M204 S10000
G1 E-.8 F1800
G1 X66.188 Y42.257 Z13.4 F7200
G1 Z13
G1 E.8 F1800
M204 S500
;TYPE:Outer wall
;WIDTH:0.449999
G1 F1473.915
G1 X66.335 Y43.094 E.02878
G1 X65.644 Y43.222 E.02379
G1 X64.822 Y43.323 E.02802
G1 X64.184 Y43.371 E.02168
G1 X62.903 Y43.371 E.04334
G1 X62.254 Y43.32 E.02204
G1 X61.623 Y43.247 E.02149
G1 X60.782 Y43.096 E.02893
G1 X60.929 Y42.26 E.02874
G1 X61.819 Y42.418 E.03058
G1 X62.359 Y42.481 E.0184
G1 X62.93 Y42.521 E.01939
G1 X64.218 Y42.521 E.04358
G1 X64.872 Y42.467 E.02224
G1 X65.545 Y42.38 E.02296
G1 X66.148 Y42.264 E.02078
M204 S10000
G1 X65.844 Y42.756 F7200
M204 S1500
;TYPE:Inner wall
;WIDTH:0.443816
G1 F1496.648
G1 X65.588 Y42.802 E.00864
;WIDTH:0.440554
G1 F1508.925
G1 X64.79 Y42.902 E.02661
;WIDTH:0.442918
G1 F1500.007
G1 X64.184 Y42.946 E.02022
G1 X62.903 Y42.946 E.0426
G1 X62.303 Y42.9 E.02
;WIDTH:0.43856
G1 F1516.53
G1 X61.77 Y42.838 E.01766
;WIDTH:0.440832
G1 F1507.871
G1 X61.272 Y42.76 E.01669
; stop printing object fidget-finger-massager-2000-rods-rod-09.stl id:0 copy 0
; printing object fidget-finger-massager-2000-rods-rod-06.stl id:0 copy 0
M204 S10000
G1 E-.8 F1800
G1 X58.245 Y44.105 Z13.4 F7200
G1 Z13
G1 E.8 F1800
M204 S500
;TYPE:Outer wall
;WIDTH:0.449999
G1 F1473.915
G1 X58.172 Y44.458 E.01219
G1 X58.087 Y44.995 E.0184
G1 X58.024 Y45.535 E.0184
G1 X57.984 Y46.106 E.01939
G1 X57.984 Y47.393 E.04356
G1 X58.025 Y47.945 E.01873
G1 X58.125 Y48.721 E.02649
G1 X58.248 Y49.363 E.02214
G1 X57.411 Y49.511 E.02878
G1 X57.294 Y48.902 E.02099
G1 X57.221 Y48.394 E.01737
G1 X57.168 Y47.881 E.01747
G1 X57.134 Y47.363 E.01756
G1 X57.134 Y46.079 E.04346
G1 X57.186 Y45.43 E.02204
G1 X57.258 Y44.799 E.02149
G1 X57.409 Y43.958 E.02893
G1 X58.206 Y44.098 E.02739
M73 P74 R4
M204 S10000
G1 E-.8 F1800
G1 X57.749 Y49.019 Z13.4 F7200
G1 Z13
G1 E.8 F1800
M204 S1500
;TYPE:Inner wall
;WIDTH:0.447756
G1 F1482.082
G1 X57.646 Y48.35 E.02281
G1 X57.559 Y47.397 E.03219
;WIDTH:0.44292
G1 F1500
G1 X57.559 Y46.106 E.04294
G1 X57.602 Y45.504 E.02009
;WIDTH:0.43856
G1 F1516.53
G1 X57.667 Y44.946 E.01848
;WIDTH:0.440832
G1 F1507.871
G1 X57.745 Y44.448 E.01669
; stop printing object fidget-finger-massager-2000-rods-rod-06.stl id:0 copy 0
; printing object fidget-finger-massager-2000-rods-rod-08.stl id:0 copy 0
M204 S10000
G1 E-.8 F1800
G1 X54.642 Y44.105 Z13.4 F7200
G1 Z13
G1 E.8 F1800
M204 S500
;TYPE:Outer wall
;WIDTH:0.449999
G1 F1473.915
G1 X54.57 Y44.458 E.01219
G1 X54.484 Y44.995 E.0184
G1 X54.421 Y45.535 E.0184
G1 X54.381 Y46.106 E.01939
G1 X54.381 Y47.393 E.04356
G1 X54.422 Y47.945 E.01873
G1 X54.523 Y48.721 E.02649
G1 X54.645 Y49.363 E.02214
G1 X53.808 Y49.511 E.02878
G1 X53.691 Y48.902 E.02099
G1 X53.618 Y48.394 E.01737
G1 X53.565 Y47.881 E.01747
G1 X53.531 Y47.363 E.01756
G1 X53.531 Y46.079 E.04346
G1 X53.583 Y45.43 E.02204
G1 X53.656 Y44.799 E.02149
G1 X53.806 Y43.958 E.02893
G1 X54.603 Y44.098 E.02739
M204 S10000
G1 E-.8 F1800
G1 X54.146 Y49.019 Z13.4 F7200
G1 Z13
G1 E.8 F1800
M204 S1500
;TYPE:Inner wall
;WIDTH:0.447756
G1 F1482.082
G1 X54.043 Y48.35 E.02281
G1 X53.956 Y47.397 E.03219
;WIDTH:0.44292
G1 F1500
G1 X53.956 Y46.106 E.04294
G1 X54 Y45.504 E.02009
;WIDTH:0.43856
G1 F1516.53
G1 X54.064 Y44.946 E.01848
;WIDTH:0.440832
G1 F1507.871
G1 X54.142 Y44.448 E.01669
; stop printing object fidget-finger-massager-2000-rods-rod-08.stl id:0 copy 0
;LAYER_CHANGE
;Z:13.2
;HEIGHT:0.2
G92 E0
;_SET_FAN_SPEED_CHANGING_LAYER
; printing object fidget-finger-massager-2000-rods-rod-07.stl id:0 copy 0
M204 S10000
G1 E-.8 F1800
G1 X54.631 Y52.064 Z13.6 F7200
G1 X54.645 Y52.287 Z13.6
G1 Z13.2
G1 E.8 F1800
M204 S500
;TYPE:Outer wall
;WIDTH:0.449999
G1 F1473.915
G1 X54.523 Y52.93 E.02214
G1 X54.421 Y53.717 E.02685
G1 X54.381 Y54.288 E.01938
G1 X54.381 Y55.574 E.04355
G1 X54.422 Y56.123 E.01862
G1 X54.533 Y56.962 E.02865
G1 X54.642 Y57.546 E.02009
G1 X53.808 Y57.693 E.02867
G1 X53.692 Y57.09 E.02077
G1 X53.565 Y56.065 E.03498
G1 X53.531 Y55.545 E.01764
G1 X53.531 Y54.263 E.04338
G1 X53.581 Y53.608 E.02223
G1 X53.691 Y52.776 E.02842
G1 X53.806 Y52.139 E.02189
G1 X54.606 Y52.28 E.0275
M204 S10000
G1 E-.8 F1800
G1 X54.144 Y57.205 Z13.6 F7200
G1 Z13.2
G1 E.8 F1800
M204 S1500
;TYPE:Inner wall
;WIDTH:0.438766
G1 F1515.741
G1 X54.064 Y56.704 E.0167
;WIDTH:0.439564
G1 F1512.692
G1 X53.999 Y56.146 E.0185
;WIDTH:0.44292
G1 F1500
G1 X53.956 Y55.545 E.02007
G1 X53.956 Y54.254 E.04294
;WIDTH:0.447866
G1 F1481.679
G1 X54.044 Y53.3 E.03225
G1 X54.145 Y52.632 E.02273
; stop printing object fidget-finger-massager-2000-rods-rod-07.stl id:0 copy 0
; printing object fidget-finger-massager-2000-rods-rod-04.stl id:0 copy 0
M204 S10000
G1 E-.8 F1800
G1 X58.248 Y52.287 Z13.6 F7200
G1 Z13.2
G1 E.8 F1800
M204 S500
;TYPE:Outer wall
;WIDTH:0.449999
G1 F1473.915
G1 X58.125 Y52.93 E.02214
G1 X58.024 Y53.717 E.02685
G1 X57.984 Y54.288 E.01938
G1 X57.984 Y55.574 E.04355
G1 X58.025 Y56.123 E.01862
G1 X58.136 Y56.962 E.02865
G1 X58.245 Y57.546 E.02009
G1 X57.411 Y57.693 E.02867
G1 X57.295 Y57.09 E.02077
G1 X57.168 Y56.065 E.03498
G1 X57.134 Y55.545 E.01764
G1 X57.134 Y54.263 E.04338
G1 X57.184 Y53.608 E.02223
G1 X57.294 Y52.776 E.02842
G1 X57.409 Y52.139 E.02189
G1 X58.209 Y52.28 E.0275
M204 S10000
G1 E-.8 F1800
G1 X57.747 Y57.205 Z13.6 F7200
G1 Z13.2
G1 E.8 F1800
M204 S1500
;TYPE:Inner wall
;WIDTH:0.438766
G1 F1515.741
G1 X57.666 Y56.704 E.0167
;WIDTH:0.439564
G1 F1512.692
G1 X57.602 Y56.146 E.0185
;WIDTH:0.44292
G1 F1500
G1 X57.559 Y55.545 E.02007
G1 X57.559 Y54.254 E.04294
;WIDTH:0.447866
G1 F1481.679
G1 X57.646 Y53.3 E.03225
G1 X57.748 Y52.632 E.02273
; stop printing object fidget-finger-massager-2000-rods-rod-04.stl id:0 copy 0
; printing object fidget-finger-massager-2000-rods-rod-01.stl id:0 copy 0
M204 S10000
G1 E-.8 F1800
G1 X64.639 Y55.913 Z13.6 F7200
G1 X66.232 Y56.671 Z13.6
G1 Z13.2
G1 E.8 F1800
M204 S500
;TYPE:Outer wall
;WIDTH:0.449999
G1 F1473.915
G1 X66.379 Y57.505 E.02867
G1 X65.445 Y57.665 E.03207
G1 X64.865 Y57.734 E.01977
G1 X64.228 Y57.782 E.02165
G1 X62.95 Y57.782 E.04326
G1 X62.295 Y57.732 E.02223
G1 X61.462 Y57.622 E.02842
G1 X60.826 Y57.507 E.02188
G1 X60.974 Y56.668 E.02885
G1 X61.617 Y56.791 E.02214
G1 X62.403 Y56.892 E.02685
G1 X62.974 Y56.932 E.01938
G1 X64.262 Y56.932 E.04357
G1 X64.913 Y56.879 E.02212
G1 X65.653 Y56.78 E.02526
G1 X66.193 Y56.679 E.01861
M204 S10000
G1 X65.891 Y57.17 F7200
M204 S1500
;TYPE:Inner wall
;WIDTH:0.437568
G1 F1520.342
G1 X65.39 Y57.248 E.01664
;WIDTH:0.437066
G1 F1522.278
G1 X64.833 Y57.313 E.01838
;WIDTH:0.442918
G1 F1500.007
G1 X64.228 Y57.357 E.02018
G1 X62.94 Y57.357 E.04282
;WIDTH:0.447864
G1 F1481.686
G1 X61.986 Y57.27 E.03225
G1 X61.319 Y57.169 E.02273
; stop printing object fidget-finger-massager-2000-rods-rod-01.stl id:0 copy 0
; printing object fidget-finger-massager-2000-rods-rod-02.stl id:0 copy 0
M204 S10000
G1 E-.8 F1800
G1 X66.232 Y53.068 Z13.6 F7200
G1 Z13.2
G1 E.8 F1800
M204 S500
;TYPE:Outer wall
;WIDTH:0.449999
G1 F1473.915
G1 X66.379 Y53.903 E.02867
G1 X65.445 Y54.062 E.03207
G1 X64.865 Y54.131 E.01977
G1 X64.228 Y54.179 E.02165
G1 X62.95 Y54.179 E.04326
G1 X62.295 Y54.129 E.02223
G1 X61.462 Y54.019 E.02842
G1 X60.826 Y53.905 E.02188
G1 X60.974 Y53.065 E.02885
G1 X61.617 Y53.188 E.02214
G1 X62.403 Y53.289 E.02685
G1 X62.974 Y53.329 E.01938
G1 X64.262 Y53.329 E.04357
G1 X64.913 Y53.277 E.02212
G1 X65.653 Y53.177 E.02526
G1 X66.193 Y53.076 E.01861
M204 S10000
G1 X65.891 Y53.567 F7200
M204 S1500
;TYPE:Inner wall
;WIDTH:0.437568
G1 F1520.342
G1 X65.39 Y53.645 E.01664
;WIDTH:0.437066
G1 F1522.278
G1 X64.833 Y53.71 E.01838
;WIDTH:0.442918
G1 F1500.007
G1 X64.228 Y53.754 E.02018
G1 X62.94 Y53.754 E.04282
;WIDTH:0.447864
G1 F1481.686
G1 X61.986 Y53.667 E.03225
G1 X61.319 Y53.566 E.02273
; stop printing object fidget-finger-massager-2000-rods-rod-02.stl id:0 copy 0
; printing object fidget-finger-massager-2000-rods-rod-03.stl id:0 copy 0
M204 S10000
G1 E-.8 F1800
G1 X66.232 Y49.466 Z13.6 F7200
G1 Z13.2
G1 E.8 F1800
M204 S500
;TYPE:Outer wall
;WIDTH:0.449999
G1 F1473.915
G1 X66.379 Y50.3 E.02867
G1 X65.445 Y50.459 E.03207
G1 X64.865 Y50.528 E.01977
G1 X64.228 Y50.576 E.02165
G1 X62.95 Y50.576 E.04326
G1 X62.295 Y50.526 E.02223
G1 X61.462 Y50.416 E.02842
G1 X60.826 Y50.302 E.02188
G1 X60.974 Y49.463 E.02885
G1 X61.617 Y49.585 E.02214
G1 X62.403 Y49.687 E.02685
G1 X62.974 Y49.726 E.01938
G1 X64.262 Y49.726 E.04357
G1 X64.913 Y49.674 E.02212
G1 X65.653 Y49.574 E.02526
G1 X66.193 Y49.473 E.01861
M204 S10000
G1 X65.891 Y49.964 F7200
M204 S1500
;TYPE:Inner wall
;WIDTH:0.437568
G1 F1520.342
G1 X65.39 Y50.042 E.01664
;WIDTH:0.437066
G1 F1522.278
G1 X64.833 Y50.108 E.01838
;WIDTH:0.442918
G1 F1500.007
G1 X64.228 Y50.151 E.02018
G1 X62.94 Y50.151 E.04282
;WIDTH:0.447864
G1 F1481.686
G1 X61.986 Y50.064 E.03225
G1 X61.319 Y49.963 E.02273
; stop printing object fidget-finger-massager-2000-rods-rod-03.stl id:0 copy 0
; printing object fidget-finger-massager-2000-rods-rod-05.stl id:0 copy 0
M204 S10000
G1 E-.8 F1800
G1 X66.232 Y45.863 Z13.6 F7200
G1 Z13.2
G1 E.8 F1800
M204 S500
;TYPE:Outer wall
;WIDTH:0.449999
G1 F1473.915
G1 X66.379 Y46.697 E.02867
G1 X65.445 Y46.857 E.03207
G1 X64.865 Y46.926 E.01977
G1 X64.228 Y46.974 E.02165
G1 X62.95 Y46.974 E.04326
G1 X62.295 Y46.924 E.02223
G1 X61.462 Y46.814 E.02842
G1 X60.826 Y46.699 E.02188
G1 X60.974 Y45.86 E.02885
G1 X61.617 Y45.982 E.02214
G1 X62.403 Y46.084 E.02685
G1 X62.974 Y46.124 E.01938
G1 X64.262 Y46.124 E.04357
G1 X64.913 Y46.071 E.02212
G1 X65.653 Y45.972 E.02526
G1 X66.193 Y45.87 E.01861
M204 S10000
G1 X65.891 Y46.361 F7200
M204 S1500
;TYPE:Inner wall
;WIDTH:0.437568
G1 F1520.342
G1 X65.39 Y46.439 E.01664
;WIDTH:0.437066
G1 F1522.278
G1 X64.833 Y46.505 E.01838
;WIDTH:0.442918
G1 F1500.007
G1 X64.228 Y46.549 E.02018
G1 X62.94 Y46.549 E.04282
;WIDTH:0.447864
G1 F1481.686
G1 X61.986 Y46.461 E.03225
G1 X61.319 Y46.36 E.02273
; stop printing object fidget-finger-massager-2000-rods-rod-05.stl id:0 copy 0
; printing object fidget-finger-massager-2000-rods-rod-09.stl id:0 copy 0
M204 S10000
G1 E-.8 F1800
G1 X66.188 Y42.26 Z13.6 F7200
G1 Z13.2
G1 E.8 F1800
M204 S500
;TYPE:Outer wall
;WIDTH:0.449999
G1 F1473.915
G1 X66.335 Y43.094 E.02867
G1 X65.401 Y43.254 E.03207
G1 X64.821 Y43.323 E.01977
G1 X64.184 Y43.371 E.02165
G1 X62.906 Y43.371 E.04326
G1 X62.251 Y43.321 E.02223
G1 X61.418 Y43.211 E.02842
G1 X60.782 Y43.096 E.02188
G1 X60.93 Y42.257 E.02885
G1 X61.573 Y42.38 E.02214
G1 X62.359 Y42.481 E.02685
G1 X62.93 Y42.521 E.01938
G1 X64.218 Y42.521 E.04357
G1 X64.869 Y42.468 E.02212
G1 X65.609 Y42.369 E.02526
G1 X66.149 Y42.267 E.01861
M204 S10000
G1 X65.847 Y42.758 F7200
M204 S1500
;TYPE:Inner wall
;WIDTH:0.437568
G1 F1520.342
G1 X65.346 Y42.837 E.01664
;WIDTH:0.437066
G1 F1522.278
G1 X64.789 Y42.902 E.01838
;WIDTH:0.442918
G1 F1500.007
G1 X64.184 Y42.946 E.02018
G1 X62.896 Y42.946 E.04282
;WIDTH:0.447864
G1 F1481.686
G1 X61.943 Y42.859 E.03225
G1 X61.275 Y42.757 E.02273
; stop printing object fidget-finger-massager-2000-rods-rod-09.stl id:0 copy 0
; printing object fidget-finger-massager-2000-rods-rod-06.stl id:0 copy 0
M204 S10000
G1 E-.8 F1800
G1 X58.248 Y44.106 Z13.6 F7200
G1 Z13.2
G1 E.8 F1800
M204 S500
;TYPE:Outer wall
;WIDTH:0.449999
G1 F1473.915
G1 X58.125 Y44.748 E.02214
G1 X58.024 Y45.535 E.02685
M73 P75 R4
G1 X57.984 Y46.106 E.01938
G1 X57.984 Y47.393 E.04355
G1 X58.025 Y47.942 E.01862
G1 X58.136 Y48.781 E.02865
G1 X58.245 Y49.364 E.02009
G1 X57.411 Y49.511 E.02867
G1 X57.295 Y48.908 E.02077
G1 X57.168 Y47.883 E.03498
G1 X57.134 Y47.363 E.01764
G1 X57.134 Y46.081 E.04338
G1 X57.184 Y45.427 E.02223
G1 X57.294 Y44.594 E.02842
G1 X57.409 Y43.958 E.02189
G1 X58.209 Y44.099 E.0275
M204 S10000
G1 E-.8 F1800
G1 X57.747 Y49.023 Z13.6 F7200
G1 Z13.2
G1 E.8 F1800
M204 S1500
;TYPE:Inner wall
;WIDTH:0.438766
G1 F1515.741
G1 X57.666 Y48.522 E.0167
;WIDTH:0.439564
G1 F1512.692
G1 X57.602 Y47.965 E.0185
;WIDTH:0.44292
G1 F1500
G1 X57.559 Y47.363 E.02007
G1 X57.559 Y46.072 E.04294
;WIDTH:0.447866
G1 F1481.679
G1 X57.646 Y45.118 E.03225
G1 X57.748 Y44.451 E.02273
; stop printing object fidget-finger-massager-2000-rods-rod-06.stl id:0 copy 0
; printing object fidget-finger-massager-2000-rods-rod-08.stl id:0 copy 0
M204 S10000
G1 E-.8 F1800
G1 X54.645 Y44.106 Z13.6 F7200
G1 Z13.2
G1 E.8 F1800
M204 S500
;TYPE:Outer wall
;WIDTH:0.449999
G1 F1473.915
G1 X54.523 Y44.748 E.02214
G1 X54.421 Y45.535 E.02685
G1 X54.381 Y46.106 E.01938
G1 X54.381 Y47.393 E.04355
G1 X54.422 Y47.942 E.01862
G1 X54.533 Y48.781 E.02865
G1 X54.642 Y49.364 E.02009
G1 X53.808 Y49.511 E.02867
G1 X53.692 Y48.908 E.02077
G1 X53.565 Y47.883 E.03498
G1 X53.531 Y47.363 E.01764
G1 X53.531 Y46.081 E.04338
G1 X53.581 Y45.427 E.02223
G1 X53.691 Y44.594 E.02842
G1 X53.806 Y43.958 E.02189
G1 X54.606 Y44.099 E.0275
M204 S10000
G1 E-.8 F1800
G1 X54.144 Y49.023 Z13.6 F7200
G1 Z13.2
G1 E.8 F1800
M204 S1500
;TYPE:Inner wall
;WIDTH:0.438766
G1 F1515.741
G1 X54.064 Y48.522 E.0167
;WIDTH:0.439564
G1 F1512.692
G1 X53.999 Y47.965 E.0185
;WIDTH:0.44292
G1 F1500
G1 X53.956 Y47.363 E.02007
G1 X53.956 Y46.072 E.04294
;WIDTH:0.447866
G1 F1481.679
G1 X54.044 Y45.118 E.03225
G1 X54.145 Y44.451 E.02273
; stop printing object fidget-finger-massager-2000-rods-rod-08.stl id:0 copy 0
M106 S245
;LAYER_CHANGE
;Z:13.4
;HEIGHT:0.2
G92 E0
;_SET_FAN_SPEED_CHANGING_LAYER
; printing object fidget-finger-massager-2000-rods-rod-07.stl id:0 copy 0
M204 S10000
G1 E-.8 F1800
G1 X54.628 Y52.068 Z13.8 F7200
G1 X54.642 Y52.287 Z13.8
G1 Z13.4
G1 E.8 F1800
M204 S500
;TYPE:Outer wall
;WIDTH:0.449999
G1 F1473.915
G1 X54.569 Y52.643 E.01232
G1 X54.484 Y53.179 E.01836
G1 X54.421 Y53.717 E.01835
G1 X54.381 Y54.288 E.01935
G1 X54.381 Y55.574 E.04355
G1 X54.422 Y56.125 E.01869
G1 X54.526 Y56.924 E.02727
G1 X54.645 Y57.545 E.0214
G1 X53.808 Y57.693 E.02878
G1 X53.693 Y57.096 E.02055
G1 X53.619 Y56.584 E.01752
G1 X53.565 Y56.067 E.01761
G1 X53.531 Y55.545 E.01771
G1 X53.531 Y54.263 E.04337
G1 X53.581 Y53.617 E.02196
G1 X53.651 Y53.041 E.01963
G1 X53.806 Y52.139 E.03096
G1 X54.603 Y52.28 E.02739
M204 S10000
G1 X54.142 Y52.629 F7200
M204 S1500
;TYPE:Inner wall
;WIDTH:0.44026
G1 F1510.042
G1 X54.064 Y53.13 E.01676
;WIDTH:0.439586
G1 F1512.608
G1 X53.999 Y53.687 E.01848
;WIDTH:0.44292
G1 F1500
G1 X53.956 Y54.288 E.02005
G1 X53.956 Y55.741 E.04834
;WIDTH:0.448108
G1 F1480.794
G1 X54.045 Y56.539 E.02706
G1 X54.146 Y57.201 E.02255
; stop printing object fidget-finger-massager-2000-rods-rod-07.stl id:0 copy 0
; printing object fidget-finger-massager-2000-rods-rod-04.stl id:0 copy 0
M204 S10000
G1 E-.8 F1800
G1 X58.245 Y52.287 Z13.8 F7200
G1 Z13.4
G1 E.8 F1800
M204 S500
;TYPE:Outer wall
;WIDTH:0.449999
G1 F1473.915
G1 X58.172 Y52.643 E.01232
G1 X58.086 Y53.179 E.01836
G1 X58.024 Y53.717 E.01835
G1 X57.984 Y54.288 E.01935
G1 X57.984 Y55.574 E.04355
G1 X58.025 Y56.125 E.01869
G1 X58.129 Y56.924 E.02727
G1 X58.248 Y57.545 E.0214
G1 X57.411 Y57.693 E.02878
G1 X57.296 Y57.096 E.02055
G1 X57.222 Y56.584 E.01752
G1 X57.168 Y56.067 E.01761
G1 X57.134 Y55.545 E.01771
G1 X57.134 Y54.263 E.04337
G1 X57.183 Y53.617 E.02196
G1 X57.254 Y53.041 E.01963
G1 X57.409 Y52.139 E.03096
G1 X58.206 Y52.28 E.02739
M204 S10000
G1 X57.745 Y52.629 F7200
M204 S1500
;TYPE:Inner wall
;WIDTH:0.44026
G1 F1510.042
G1 X57.667 Y53.13 E.01676
;WIDTH:0.439586
G1 F1512.608
G1 X57.602 Y53.687 E.01848
;WIDTH:0.44292
G1 F1500
G1 X57.559 Y54.288 E.02005
G1 X57.559 Y55.741 E.04834
;WIDTH:0.448108
G1 F1480.794
G1 X57.647 Y56.539 E.02706
G1 X57.749 Y57.201 E.02255
; stop printing object fidget-finger-massager-2000-rods-rod-04.stl id:0 copy 0
; printing object fidget-finger-massager-2000-rods-rod-01.stl id:0 copy 0
M204 S10000
G1 E-.8 F1800
G1 X65.366 Y56.723 Z13.8 F7200
G1 X66.232 Y56.668 Z13.8
G1 Z13.4
G1 E.8 F1800
M204 S500
;TYPE:Outer wall
;WIDTH:0.449999
G1 F1473.915
G1 X66.379 Y57.505 E.02878
G1 X65.71 Y57.63 E.02304
G1 X64.865 Y57.734 E.02882
G1 X64.228 Y57.782 E.02163
G1 X62.95 Y57.782 E.04325
G1 X62.303 Y57.733 E.02196
G1 X61.727 Y57.663 E.01963
G1 X60.826 Y57.507 E.03096
G1 X60.973 Y56.671 E.02874
G1 X61.865 Y56.83 E.03067
G1 X62.404 Y56.892 E.01835
G1 X62.974 Y56.932 E.01935
G1 X64.262 Y56.932 E.04357
G1 X64.898 Y56.88 E.02162
G1 X65.611 Y56.787 E.02431
G1 X66.192 Y56.676 E.02005
M204 S10000
G1 X65.888 Y57.167 F7200
M204 S1500
;TYPE:Inner wall
;WIDTH:0.443588
G1 F1497.499
G1 X65.654 Y57.209 E.0079
;WIDTH:0.44071
G1 F1508.334
G1 X64.833 Y57.313 E.02739
;WIDTH:0.442918
G1 F1500.007
G1 X64.228 Y57.357 E.02017
G1 X62.948 Y57.357 E.04258
G1 X62.347 Y57.312 E.02002
;WIDTH:0.439318
G1 F1513.63
G1 X61.817 Y57.249 E.01762
;WIDTH:0.44026
G1 F1510.042
G1 X61.315 Y57.171 E.01676
; stop printing object fidget-finger-massager-2000-rods-rod-01.stl id:0 copy 0
; printing object fidget-finger-massager-2000-rods-rod-02.stl id:0 copy 0
M204 S10000
G1 E-.8 F1800
G1 X66.232 Y53.065 Z13.8 F7200
G1 Z13.4
G1 E.8 F1800
M204 S500
;TYPE:Outer wall
;WIDTH:0.449999
G1 F1473.915
G1 X66.379 Y53.903 E.02878
G1 X65.71 Y54.027 E.02304
G1 X64.865 Y54.131 E.02882
G1 X64.228 Y54.179 E.02163
G1 X62.95 Y54.179 E.04325
G1 X62.303 Y54.13 E.02196
G1 X61.727 Y54.06 E.01963
G1 X60.826 Y53.905 E.03096
G1 X60.973 Y53.068 E.02874
G1 X61.865 Y53.227 E.03067
G1 X62.404 Y53.29 E.01835
G1 X62.974 Y53.329 E.01935
G1 X64.262 Y53.329 E.04357
G1 X64.898 Y53.277 E.02162
G1 X65.611 Y53.185 E.02431
G1 X66.192 Y53.073 E.02005
M204 S10000
G1 X65.888 Y53.565 F7200
M204 S1500
;TYPE:Inner wall
;WIDTH:0.443588
G1 F1497.499
G1 X65.654 Y53.607 E.0079
;WIDTH:0.44071
G1 F1508.334
G1 X64.833 Y53.711 E.02739
;WIDTH:0.442918
G1 F1500.007
G1 X64.228 Y53.754 E.02017
G1 X62.948 Y53.754 E.04258
G1 X62.347 Y53.709 E.02002
;WIDTH:0.439318
G1 F1513.63
G1 X61.817 Y53.646 E.01762
;WIDTH:0.44026
G1 F1510.042
G1 X61.315 Y53.568 E.01676
; stop printing object fidget-finger-massager-2000-rods-rod-02.stl id:0 copy 0
; printing object fidget-finger-massager-2000-rods-rod-03.stl id:0 copy 0
M204 S10000
G1 E-.8 F1800
G1 X66.232 Y49.463 Z13.8 F7200
G1 Z13.4
G1 E.8 F1800
M204 S500
;TYPE:Outer wall
;WIDTH:0.449999
G1 F1473.915
G1 X66.379 Y50.3 E.02878
G1 X65.71 Y50.424 E.02304
G1 X64.865 Y50.529 E.02882
G1 X64.228 Y50.576 E.02163
G1 X62.95 Y50.576 E.04325
G1 X62.303 Y50.527 E.02196
G1 X61.727 Y50.457 E.01963
G1 X60.826 Y50.302 E.03096
G1 X60.973 Y49.466 E.02874
G1 X61.865 Y49.624 E.03067
G1 X62.404 Y49.687 E.01835
G1 X62.974 Y49.726 E.01935
G1 X64.262 Y49.726 E.04357
G1 X64.898 Y49.674 E.02162
G1 X65.611 Y49.582 E.02431
G1 X66.192 Y49.47 E.02005
M204 S10000
G1 X65.888 Y49.962 F7200
M204 S1500
;TYPE:Inner wall
;WIDTH:0.443588
G1 F1497.499
G1 X65.654 Y50.004 E.0079
;WIDTH:0.44071
G1 F1508.334
G1 X64.833 Y50.108 E.02739
;WIDTH:0.442918
G1 F1500.007
G1 X64.228 Y50.151 E.02017
G1 X62.948 Y50.151 E.04258
G1 X62.347 Y50.106 E.02002
;WIDTH:0.439318
G1 F1513.63
G1 X61.817 Y50.044 E.01762
;WIDTH:0.44026
G1 F1510.042
G1 X61.315 Y49.966 E.01676
; stop printing object fidget-finger-massager-2000-rods-rod-03.stl id:0 copy 0
; printing object fidget-finger-massager-2000-rods-rod-05.stl id:0 copy 0
M204 S10000
G1 E-.8 F1800
G1 X66.232 Y45.86 Z13.8 F7200
G1 Z13.4
G1 E.8 F1800
M204 S500
;TYPE:Outer wall
;WIDTH:0.449999
G1 F1473.915
G1 X66.379 Y46.697 E.02878
G1 X65.71 Y46.821 E.02304
G1 X64.865 Y46.926 E.02882
G1 X64.228 Y46.974 E.02163
G1 X62.95 Y46.974 E.04325
G1 X62.303 Y46.924 E.02196
G1 X61.727 Y46.854 E.01963
G1 X60.826 Y46.699 E.03096
G1 X60.973 Y45.863 E.02874
G1 X61.865 Y46.021 E.03067
G1 X62.404 Y46.084 E.01835
G1 X62.974 Y46.124 E.01935
G1 X64.262 Y46.124 E.04357
G1 X64.898 Y46.072 E.02162
G1 X65.611 Y45.979 E.02431
G1 X66.192 Y45.867 E.02005
M204 S10000
G1 X65.888 Y46.359 F7200
M204 S1500
;TYPE:Inner wall
;WIDTH:0.443588
G1 F1497.499
G1 X65.654 Y46.401 E.0079
;WIDTH:0.44071
G1 F1508.334
G1 X64.833 Y46.505 E.02739
;WIDTH:0.442918
G1 F1500.007
G1 X64.228 Y46.549 E.02017
G1 X62.948 Y46.549 E.04258
G1 X62.347 Y46.504 E.02002
;WIDTH:0.439318
G1 F1513.63
G1 X61.817 Y46.441 E.01762
;WIDTH:0.44026
G1 F1510.042
G1 X61.315 Y46.363 E.01676
; stop printing object fidget-finger-massager-2000-rods-rod-05.stl id:0 copy 0
; printing object fidget-finger-massager-2000-rods-rod-09.stl id:0 copy 0
M204 S10000
G1 E-.8 F1800
G1 X66.188 Y42.257 Z13.8 F7200
G1 Z13.4
G1 E.8 F1800
M204 S500
;TYPE:Outer wall
;WIDTH:0.449999
G1 F1473.915
G1 X66.335 Y43.094 E.02878
G1 X65.666 Y43.219 E.02304
G1 X64.821 Y43.323 E.02882
G1 X64.184 Y43.371 E.02163
G1 X62.906 Y43.371 E.04325
G1 X62.259 Y43.322 E.02196
G1 X61.684 Y43.252 E.01963
G1 X60.782 Y43.096 E.03096
G1 X60.929 Y42.26 E.02874
G1 X61.822 Y42.419 E.03067
G1 X62.36 Y42.481 E.01835
G1 X62.93 Y42.521 E.01935
G1 X64.218 Y42.521 E.04357
G1 X64.854 Y42.469 E.02162
G1 X65.567 Y42.376 E.02431
G1 X66.148 Y42.265 E.02005
M204 S10000
G1 X65.844 Y42.756 F7200
M204 S1500
;TYPE:Inner wall
;WIDTH:0.443588
G1 F1497.499
G1 X65.61 Y42.798 E.0079
;WIDTH:0.44071
G1 F1508.334
G1 X64.789 Y42.902 E.02739
;WIDTH:0.442918
G1 F1500.007
G1 X64.184 Y42.946 E.02017
G1 X62.904 Y42.946 E.04258
G1 X62.304 Y42.901 E.02002
;WIDTH:0.439318
G1 F1513.63
G1 X61.773 Y42.838 E.01762
;WIDTH:0.44026
G1 F1510.042
G1 X61.272 Y42.76 E.01676
; stop printing object fidget-finger-massager-2000-rods-rod-09.stl id:0 copy 0
; printing object fidget-finger-massager-2000-rods-rod-06.stl id:0 copy 0
M204 S10000
G1 E-.8 F1800
G1 X58.245 Y44.105 Z13.8 F7200
G1 Z13.4
G1 E.8 F1800
M204 S500
;TYPE:Outer wall
;WIDTH:0.449999
G1 F1473.915
G1 X58.172 Y44.462 E.01232
G1 X58.086 Y44.997 E.01836
G1 X58.024 Y45.536 E.01835
G1 X57.984 Y46.106 E.01935
G1 X57.984 Y47.393 E.04355
M73 P76 R4
G1 X58.025 Y47.944 E.01869
G1 X58.129 Y48.743 E.02727
G1 X58.248 Y49.363 E.0214
G1 X57.411 Y49.511 E.02878
G1 X57.296 Y48.915 E.02055
G1 X57.222 Y48.403 E.01752
G1 X57.168 Y47.885 E.01761
G1 X57.134 Y47.363 E.01771
G1 X57.134 Y46.082 E.04337
G1 X57.183 Y45.435 E.02196
G1 X57.254 Y44.859 E.01963
G1 X57.409 Y43.958 E.03096
G1 X58.206 Y44.098 E.02739
M204 S10000
G1 X57.745 Y44.447 F7200
M204 S1500
;TYPE:Inner wall
;WIDTH:0.44026
G1 F1510.042
G1 X57.667 Y44.948 E.01676
;WIDTH:0.439586
G1 F1512.608
G1 X57.602 Y45.505 E.01848
;WIDTH:0.44292
G1 F1500
G1 X57.559 Y46.106 E.02005
G1 X57.559 Y47.559 E.04834
;WIDTH:0.448108
G1 F1480.794
G1 X57.647 Y48.358 E.02706
G1 X57.749 Y49.02 E.02255
; stop printing object fidget-finger-massager-2000-rods-rod-06.stl id:0 copy 0
; printing object fidget-finger-massager-2000-rods-rod-08.stl id:0 copy 0
M204 S10000
G1 E-.8 F1800
G1 X54.642 Y44.105 Z13.8 F7200
G1 Z13.4
G1 E.8 F1800
M204 S500
;TYPE:Outer wall
;WIDTH:0.449999
G1 F1473.915
G1 X54.569 Y44.462 E.01232
G1 X54.484 Y44.997 E.01836
G1 X54.421 Y45.536 E.01835
G1 X54.381 Y46.106 E.01935
G1 X54.381 Y47.393 E.04355
G1 X54.422 Y47.944 E.01869
G1 X54.526 Y48.743 E.02727
G1 X54.645 Y49.363 E.0214
G1 X53.808 Y49.511 E.02878
G1 X53.693 Y48.915 E.02055
G1 X53.619 Y48.403 E.01752
G1 X53.565 Y47.885 E.01761
G1 X53.531 Y47.363 E.01771
G1 X53.531 Y46.082 E.04337
G1 X53.581 Y45.435 E.02196
G1 X53.651 Y44.859 E.01963
G1 X53.806 Y43.958 E.03096
G1 X54.603 Y44.098 E.02739
M204 S10000
G1 X54.142 Y44.447 F7200
M204 S1500
;TYPE:Inner wall
;WIDTH:0.44026
G1 F1510.042
G1 X54.064 Y44.948 E.01676
;WIDTH:0.439586
G1 F1512.608
G1 X53.999 Y45.505 E.01848
;WIDTH:0.44292
G1 F1500
G1 X53.956 Y46.106 E.02005
G1 X53.956 Y47.559 E.04834
;WIDTH:0.448108
G1 F1480.794
G1 X54.045 Y48.358 E.02706
G1 X54.146 Y49.02 E.02255
; stop printing object fidget-finger-massager-2000-rods-rod-08.stl id:0 copy 0
M106 S242
;LAYER_CHANGE
;Z:13.6
;HEIGHT:0.200001
G92 E0
;_SET_FAN_SPEED_CHANGING_LAYER
; printing object fidget-finger-massager-2000-rods-rod-07.stl id:0 copy 0
M204 S10000
G1 E-.8 F1800
G1 X54.645 Y52.287 Z14 F7200
G1 Z13.6
G1 E.8 F1800
M204 S500
;TYPE:Outer wall
;WIDTH:0.449999
G1 F1473.915
G1 X54.526 Y52.908 E.02141
G1 X54.421 Y53.718 E.02763
G1 X54.381 Y54.288 E.01934
G1 X54.381 Y55.574 E.04355
G1 X54.422 Y56.122 E.01858
G1 X54.535 Y56.975 E.02912
G1 X54.642 Y57.545 E.01966
G1 X53.808 Y57.693 E.02868
G1 X53.694 Y57.103 E.02033
G1 X53.62 Y56.588 E.01759
G1 X53.565 Y56.069 E.01769
G1 X53.531 Y55.545 E.01778
G1 X53.531 Y54.263 E.04337
G1 X53.581 Y53.609 E.02222
G1 X53.694 Y52.754 E.02919
G1 X53.806 Y52.139 E.02114
G1 X54.606 Y52.28 E.02749
M204 S10000
G1 E-.8 F1800
G1 X54.144 Y57.204 Z14 F7200
G1 Z13.6
G1 E.8 F1800
M204 S1500
;TYPE:Inner wall
;WIDTH:0.43882
G1 F1515.534
G1 X54.063 Y56.701 E.01678
;WIDTH:0.439608
G1 F1512.524
G1 X53.999 Y56.145 E.01846
;WIDTH:0.44292
G1 F1500
G1 X53.956 Y55.545 E.02002
G1 X53.956 Y54.09 E.04839
;WIDTH:0.448222
G1 F1480.378
G1 X54.045 Y53.291 E.02707
G1 X54.144 Y52.632 E.02247
; stop printing object fidget-finger-massager-2000-rods-rod-07.stl id:0 copy 0
; printing object fidget-finger-massager-2000-rods-rod-04.stl id:0 copy 0
M204 S10000
G1 E-.8 F1800
G1 X58.248 Y52.287 Z14 F7200
G1 Z13.6
G1 E.8 F1800
M204 S500
;TYPE:Outer wall
;WIDTH:0.449999
G1 F1473.915
G1 X58.129 Y52.908 E.02141
G1 X58.024 Y53.718 E.02763
G1 X57.984 Y54.288 E.01934
G1 X57.984 Y55.574 E.04355
G1 X58.025 Y56.122 E.01858
G1 X58.138 Y56.975 E.02912
G1 X58.245 Y57.545 E.01966
G1 X57.411 Y57.693 E.02868
G1 X57.297 Y57.103 E.02033
G1 X57.223 Y56.588 E.01759
G1 X57.168 Y56.069 E.01769
G1 X57.134 Y55.545 E.01778
G1 X57.134 Y54.263 E.04337
G1 X57.184 Y53.609 E.02222
G1 X57.297 Y52.754 E.02919
G1 X57.409 Y52.139 E.02114
G1 X58.208 Y52.28 E.02749
M204 S10000
G1 E-.8 F1800
G1 X57.746 Y57.204 Z14 F7200
G1 Z13.6
G1 E.8 F1800
M204 S1500
;TYPE:Inner wall
;WIDTH:0.43882
G1 F1515.534
G1 X57.666 Y56.701 E.01678
;WIDTH:0.439608
G1 F1512.524
G1 X57.602 Y56.145 E.01846
;WIDTH:0.44292
G1 F1500
G1 X57.559 Y55.545 E.02002
G1 X57.559 Y54.09 E.04839
;WIDTH:0.448222
G1 F1480.378
G1 X57.648 Y53.291 E.02707
G1 X57.747 Y52.632 E.02247
; stop printing object fidget-finger-massager-2000-rods-rod-04.stl id:0 copy 0
; printing object fidget-finger-massager-2000-rods-rod-01.stl id:0 copy 0
M204 S10000
G1 E-.8 F1800
G1 X64.639 Y55.913 Z14 F7200
G1 X66.232 Y56.671 Z14
G1 Z13.6
G1 E.8 F1800
M204 S500
;TYPE:Outer wall
;WIDTH:0.449999
G1 F1473.915
G1 X66.379 Y57.506 E.02868
G1 X65.443 Y57.665 E.03216
G1 X64.864 Y57.734 E.01973
G1 X64.228 Y57.782 E.02159
G1 X62.95 Y57.782 E.04326
G1 X62.295 Y57.732 E.02222
G1 X61.44 Y57.619 E.02919
G1 X60.826 Y57.507 E.02113
G1 X60.974 Y56.668 E.02884
G1 X61.595 Y56.787 E.0214
G1 X62.404 Y56.892 E.02763
G1 X62.974 Y56.932 E.01934
G1 X64.262 Y56.932 E.04357
G1 X64.895 Y56.882 E.02152
G1 X65.665 Y56.778 E.0263
G1 X66.193 Y56.679 E.01816
M204 S10000
G1 X65.891 Y57.17 F7200
M204 S1500
;TYPE:Inner wall
;WIDTH:0.437792
G1 F1519.48
G1 X65.387 Y57.248 E.01673
;WIDTH:0.437432
G1 F1520.866
G1 X64.832 Y57.313 E.01836
;WIDTH:0.442918
G1 F1500.007
G1 X64.228 Y57.357 E.02013
G1 X62.776 Y57.357 E.04828
;WIDTH:0.44822
G1 F1480.385
G1 X61.978 Y57.268 E.02707
G1 X61.319 Y57.169 E.02247
; stop printing object fidget-finger-massager-2000-rods-rod-01.stl id:0 copy 0
; printing object fidget-finger-massager-2000-rods-rod-02.stl id:0 copy 0
M204 S10000
G1 E-.8 F1800
G1 X66.232 Y53.068 Z14 F7200
G1 Z13.6
G1 E.8 F1800
M204 S500
;TYPE:Outer wall
;WIDTH:0.449999
G1 F1473.915
G1 X66.379 Y53.903 E.02868
G1 X65.443 Y54.062 E.03216
G1 X64.864 Y54.132 E.01973
G1 X64.228 Y54.179 E.02159
G1 X62.95 Y54.179 E.04326
G1 X62.295 Y54.129 E.02222
G1 X61.44 Y54.016 E.02919
G1 X60.826 Y53.905 E.02113
G1 X60.974 Y53.065 E.02884
G1 X61.595 Y53.185 E.0214
G1 X62.404 Y53.29 E.02763
G1 X62.974 Y53.329 E.01934
G1 X64.262 Y53.329 E.04357
G1 X64.895 Y53.279 E.02152
G1 X65.665 Y53.175 E.0263
G1 X66.193 Y53.076 E.01816
M204 S10000
G1 X65.891 Y53.567 F7200
M204 S1500
;TYPE:Inner wall
;WIDTH:0.437792
G1 F1519.48
G1 X65.387 Y53.645 E.01673
;WIDTH:0.437432
G1 F1520.866
G1 X64.832 Y53.711 E.01836
;WIDTH:0.442918
G1 F1500.007
G1 X64.228 Y53.754 E.02013
G1 X62.776 Y53.754 E.04828
;WIDTH:0.44822
G1 F1480.385
G1 X61.978 Y53.666 E.02707
G1 X61.319 Y53.566 E.02247
; stop printing object fidget-finger-massager-2000-rods-rod-02.stl id:0 copy 0
; printing object fidget-finger-massager-2000-rods-rod-03.stl id:0 copy 0
M204 S10000
G1 E-.8 F1800
G1 X66.232 Y49.466 Z14 F7200
G1 Z13.6
G1 E.8 F1800
M204 S500
;TYPE:Outer wall
;WIDTH:0.449999
G1 F1473.915
G1 X66.379 Y50.3 E.02868
G1 X65.443 Y50.459 E.03216
G1 X64.864 Y50.529 E.01973
G1 X64.228 Y50.576 E.02159
G1 X62.95 Y50.576 E.04326
G1 X62.295 Y50.526 E.02222
G1 X61.44 Y50.413 E.02919
G1 X60.826 Y50.302 E.02113
G1 X60.974 Y49.463 E.02884
G1 X61.595 Y49.582 E.0214
G1 X62.404 Y49.687 E.02763
G1 X62.974 Y49.726 E.01934
G1 X64.262 Y49.726 E.04357
G1 X64.895 Y49.676 E.02152
G1 X65.665 Y49.572 E.0263
G1 X66.193 Y49.473 E.01816
M204 S10000
G1 X65.891 Y49.964 F7200
M204 S1500
;TYPE:Inner wall
;WIDTH:0.437792
G1 F1519.48
G1 X65.387 Y50.042 E.01673
;WIDTH:0.437432
G1 F1520.866
G1 X64.832 Y50.108 E.01836
;WIDTH:0.442918
G1 F1500.007
G1 X64.228 Y50.151 E.02013
G1 X62.776 Y50.151 E.04828
;WIDTH:0.44822
G1 F1480.385
G1 X61.978 Y50.063 E.02707
G1 X61.319 Y49.963 E.02247
; stop printing object fidget-finger-massager-2000-rods-rod-03.stl id:0 copy 0
; printing object fidget-finger-massager-2000-rods-rod-05.stl id:0 copy 0
M204 S10000
G1 E-.8 F1800
G1 X66.232 Y45.863 Z14 F7200
G1 Z13.6
G1 E.8 F1800
M204 S500
;TYPE:Outer wall
;WIDTH:0.449999
G1 F1473.915
G1 X66.379 Y46.697 E.02868
G1 X65.443 Y46.857 E.03216
G1 X64.864 Y46.926 E.01973
G1 X64.228 Y46.974 E.02159
G1 X62.95 Y46.974 E.04326
G1 X62.295 Y46.924 E.02222
G1 X61.44 Y46.811 E.02919
G1 X60.826 Y46.699 E.02113
G1 X60.974 Y45.86 E.02884
G1 X61.595 Y45.979 E.0214
G1 X62.404 Y46.084 E.02763
G1 X62.974 Y46.124 E.01934
G1 X64.262 Y46.124 E.04357
G1 X64.895 Y46.073 E.02152
G1 X65.665 Y45.97 E.0263
G1 X66.193 Y45.87 E.01816
M204 S10000
G1 X65.891 Y46.361 F7200
M204 S1500
;TYPE:Inner wall
;WIDTH:0.437792
G1 F1519.48
G1 X65.387 Y46.439 E.01673
;WIDTH:0.437432
G1 F1520.866
G1 X64.832 Y46.505 E.01836
;WIDTH:0.442918
G1 F1500.007
G1 X64.228 Y46.549 E.02013
G1 X62.776 Y46.549 E.04828
;WIDTH:0.44822
G1 F1480.385
G1 X61.978 Y46.46 E.02707
G1 X61.319 Y46.361 E.02247
; stop printing object fidget-finger-massager-2000-rods-rod-05.stl id:0 copy 0
; printing object fidget-finger-massager-2000-rods-rod-09.stl id:0 copy 0
M204 S10000
G1 E-.8 F1800
G1 X66.188 Y42.26 Z14 F7200
G1 Z13.6
G1 E.8 F1800
M204 S500
;TYPE:Outer wall
;WIDTH:0.449999
G1 F1473.915
G1 X66.335 Y43.094 E.02868
G1 X65.399 Y43.254 E.03216
G1 X64.82 Y43.323 E.01973
G1 X64.184 Y43.371 E.02159
G1 X62.906 Y43.371 E.04326
G1 X62.251 Y43.321 E.02222
G1 X61.396 Y43.208 E.02919
G1 X60.782 Y43.096 E.02113
G1 X60.93 Y42.257 E.02884
G1 X61.551 Y42.376 E.0214
G1 X62.361 Y42.481 E.02763
G1 X62.93 Y42.521 E.01934
G1 X64.218 Y42.521 E.04357
G1 X64.851 Y42.47 E.02152
G1 X65.622 Y42.367 E.0263
G1 X66.149 Y42.267 E.01816
M204 S10000
G1 X65.847 Y42.759 F7200
M204 S1500
;TYPE:Inner wall
;WIDTH:0.437792
G1 F1519.48
G1 X65.344 Y42.837 E.01673
;WIDTH:0.437432
G1 F1520.866
G1 X64.788 Y42.902 E.01836
;WIDTH:0.442918
G1 F1500.007
G1 X64.184 Y42.946 E.02013
G1 X62.732 Y42.946 E.04828
;WIDTH:0.44822
G1 F1480.385
G1 X61.934 Y42.857 E.02707
G1 X61.275 Y42.758 E.02247
; stop printing object fidget-finger-massager-2000-rods-rod-09.stl id:0 copy 0
; printing object fidget-finger-massager-2000-rods-rod-06.stl id:0 copy 0
M204 S10000
G1 E-.8 F1800
G1 X58.248 Y44.106 Z14 F7200
G1 Z13.6
G1 E.8 F1800
M204 S500
;TYPE:Outer wall
;WIDTH:0.449999
G1 F1473.915
G1 X58.129 Y44.727 E.02141
G1 X58.024 Y45.536 E.02763
G1 X57.984 Y46.106 E.01934
G1 X57.984 Y47.393 E.04355
G1 X58.025 Y47.94 E.01858
G1 X58.138 Y48.793 E.02912
G1 X58.245 Y49.364 E.01966
M73 P77 R4
G1 X57.411 Y49.511 E.02868
G1 X57.297 Y48.921 E.02033
G1 X57.223 Y48.407 E.01759
G1 X57.168 Y47.887 E.01769
G1 X57.134 Y47.363 E.01778
G1 X57.134 Y46.082 E.04337
G1 X57.184 Y45.427 E.02222
G1 X57.297 Y44.572 E.02919
G1 X57.409 Y43.958 E.02114
G1 X58.208 Y44.099 E.02749
M204 S10000
G1 E-.8 F1800
G1 X57.746 Y49.023 Z14 F7200
G1 Z13.6
G1 E.8 F1800
M204 S1500
;TYPE:Inner wall
;WIDTH:0.43882
G1 F1515.534
G1 X57.666 Y48.52 E.01678
;WIDTH:0.439608
G1 F1512.524
G1 X57.602 Y47.964 E.01846
;WIDTH:0.44292
G1 F1500
G1 X57.559 Y47.363 E.02002
G1 X57.559 Y45.908 E.04839
;WIDTH:0.448222
G1 F1480.378
G1 X57.648 Y45.11 E.02707
G1 X57.747 Y44.451 E.02247
; stop printing object fidget-finger-massager-2000-rods-rod-06.stl id:0 copy 0
; printing object fidget-finger-massager-2000-rods-rod-08.stl id:0 copy 0
M204 S10000
G1 E-.8 F1800
G1 X54.645 Y44.106 Z14 F7200
G1 Z13.6
G1 E.8 F1800
M204 S500
;TYPE:Outer wall
;WIDTH:0.449999
G1 F1473.915
G1 X54.526 Y44.727 E.02141
G1 X54.421 Y45.536 E.02763
G1 X54.381 Y46.106 E.01934
G1 X54.381 Y47.393 E.04355
G1 X54.422 Y47.94 E.01858
G1 X54.535 Y48.793 E.02912
G1 X54.642 Y49.364 E.01966
G1 X53.808 Y49.511 E.02868
G1 X53.694 Y48.921 E.02033
G1 X53.62 Y48.407 E.01759
G1 X53.565 Y47.887 E.01769
G1 X53.531 Y47.363 E.01778
G1 X53.531 Y46.082 E.04337
G1 X53.581 Y45.427 E.02222
G1 X53.694 Y44.572 E.02919
G1 X53.806 Y43.958 E.02114
G1 X54.606 Y44.099 E.02749
M204 S10000
G1 E-.8 F1800
G1 X54.144 Y49.023 Z14 F7200
G1 Z13.6
G1 E.8 F1800
M204 S1500
;TYPE:Inner wall
;WIDTH:0.43882
G1 F1515.534
G1 X54.063 Y48.52 E.01678
;WIDTH:0.439608
G1 F1512.524
G1 X53.999 Y47.964 E.01846
;WIDTH:0.44292
G1 F1500
G1 X53.956 Y47.363 E.02002
G1 X53.956 Y45.908 E.04839
;WIDTH:0.448222
G1 F1480.378
G1 X54.045 Y45.11 E.02707
G1 X54.144 Y44.451 E.02247
; stop printing object fidget-finger-massager-2000-rods-rod-08.stl id:0 copy 0
M106 S245
;LAYER_CHANGE
;Z:13.8
;HEIGHT:0.2
G92 E0
;_SET_FAN_SPEED_CHANGING_LAYER
; printing object fidget-finger-massager-2000-rods-rod-07.stl id:0 copy 0
M204 S10000
G1 E-.8 F1800
G1 X54.628 Y52.068 Z14.2 F7200
G1 X54.642 Y52.287 Z14.2
G1 Z13.8
G1 E.8 F1800
M204 S500
;TYPE:Outer wall
;WIDTH:0.449999
G1 F1473.915
G1 X54.568 Y52.647 E.01245
G1 X54.483 Y53.181 E.01831
M73 P77 R3
G1 X54.421 Y53.719 E.01831
G1 X54.381 Y54.288 E.01931
G1 X54.381 Y55.574 E.04355
G1 X54.422 Y56.124 E.01865
G1 X54.529 Y56.946 E.02805
G1 X54.645 Y57.545 E.02066
G1 X53.808 Y57.693 E.02878
G1 X53.695 Y57.109 E.02011
G1 X53.62 Y56.593 E.01767
G1 X53.566 Y56.071 E.01776
G1 X53.531 Y55.545 E.01785
G1 X53.531 Y54.264 E.04335
G1 X53.58 Y53.618 E.02193
G1 X53.65 Y53.043 E.01958
G1 X53.806 Y52.139 E.03105
G1 X54.603 Y52.28 E.02739
M204 S10000
G1 X54.142 Y52.629 F7200
M204 S1500
;TYPE:Inner wall
;WIDTH:0.440454
G1 F1509.305
G1 X54.064 Y53.133 E.01685
;WIDTH:0.43963
G1 F1512.44
G1 X53.999 Y53.688 E.01844
;WIDTH:0.44292
G1 F1500
G1 X53.956 Y54.288 E.02
G1 X53.956 Y55.744 E.04845
;WIDTH:0.448458
G1 F1479.516
G1 X54.046 Y56.548 E.02725
G1 X54.146 Y57.201 E.0223
; stop printing object fidget-finger-massager-2000-rods-rod-07.stl id:0 copy 0
; printing object fidget-finger-massager-2000-rods-rod-04.stl id:0 copy 0
M204 S10000
G1 E-.8 F1800
G1 X58.245 Y52.287 Z14.2 F7200
G1 Z13.8
G1 E.8 F1800
M204 S500
;TYPE:Outer wall
;WIDTH:0.449999
G1 F1473.915
G1 X58.171 Y52.647 E.01245
G1 X58.086 Y53.181 E.01831
G1 X58.024 Y53.719 E.01831
G1 X57.984 Y54.288 E.01931
G1 X57.984 Y55.574 E.04355
G1 X58.025 Y56.124 E.01865
G1 X58.132 Y56.946 E.02805
G1 X58.248 Y57.545 E.02066
G1 X57.411 Y57.693 E.02878
G1 X57.298 Y57.109 E.02011
G1 X57.223 Y56.593 E.01767
G1 X57.168 Y56.071 E.01776
G1 X57.134 Y55.545 E.01785
G1 X57.134 Y54.264 E.04335
G1 X57.183 Y53.618 E.02193
G1 X57.253 Y53.043 E.01958
G1 X57.409 Y52.139 E.03105
G1 X58.206 Y52.28 E.02739
M204 S10000
G1 X57.745 Y52.629 F7200
M204 S1500
;TYPE:Inner wall
;WIDTH:0.440454
G1 F1509.305
G1 X57.667 Y53.133 E.01685
;WIDTH:0.43963
G1 F1512.44
G1 X57.602 Y53.688 E.01844
;WIDTH:0.44292
G1 F1500
G1 X57.559 Y54.288 E.02
G1 X57.559 Y55.744 E.04845
;WIDTH:0.448458
G1 F1479.516
G1 X57.649 Y56.548 E.02725
G1 X57.748 Y57.201 E.0223
; stop printing object fidget-finger-massager-2000-rods-rod-04.stl id:0 copy 0
; printing object fidget-finger-massager-2000-rods-rod-01.stl id:0 copy 0
M204 S10000
G1 E-.8 F1800
G1 X65.366 Y56.723 Z14.2 F7200
G1 X66.232 Y56.668 Z14.2
G1 Z13.8
G1 E.8 F1800
M204 S500
;TYPE:Outer wall
;WIDTH:0.449999
G1 F1473.915
G1 X66.379 Y57.506 E.02878
G1 X65.732 Y57.626 E.0223
G1 X64.863 Y57.735 E.02962
G1 X64.228 Y57.782 E.02157
G1 X62.95 Y57.782 E.04325
G1 X62.304 Y57.733 E.02193
G1 X61.73 Y57.663 E.01958
G1 X60.826 Y57.507 E.03105
G1 X60.973 Y56.671 E.02874
G1 X61.868 Y56.83 E.03075
G1 X62.405 Y56.892 E.01831
G1 X62.974 Y56.932 E.01931
G1 X64.262 Y56.932 E.04357
G1 X64.88 Y56.882 E.02102
G1 X65.632 Y56.784 E.02567
G1 X66.192 Y56.676 E.01931
M204 S10000
G1 X65.888 Y57.168 F7200
M204 S1500
;TYPE:Inner wall
;WIDTH:0.443348
G1 F1498.397
G1 X65.676 Y57.206 E.00717
;WIDTH:0.440868
G1 F1507.735
G1 X64.831 Y57.314 E.02818
;WIDTH:0.442918
G1 F1500.007
G1 X64.228 Y57.357 E.02012
G1 X62.948 Y57.357 E.04258
G1 X62.349 Y57.312 E.01997
;WIDTH:0.439346
G1 F1513.523
G1 X61.819 Y57.25 E.01758
;WIDTH:0.440454
G1 F1509.305
G1 X61.316 Y57.171 E.01685
; stop printing object fidget-finger-massager-2000-rods-rod-01.stl id:0 copy 0
; printing object fidget-finger-massager-2000-rods-rod-02.stl id:0 copy 0
M204 S10000
G1 E-.8 F1800
G1 X66.232 Y53.066 Z14.2 F7200
G1 Z13.8
G1 E.8 F1800
M204 S500
;TYPE:Outer wall
;WIDTH:0.449999
G1 F1473.915
G1 X66.379 Y53.903 E.02878
G1 X65.732 Y54.024 E.0223
G1 X64.863 Y54.132 E.02962
G1 X64.228 Y54.179 E.02157
G1 X62.95 Y54.179 E.04325
G1 X62.304 Y54.13 E.02193
G1 X61.73 Y54.061 E.01958
G1 X60.826 Y53.905 E.03105
G1 X60.973 Y53.068 E.02874
G1 X61.868 Y53.227 E.03075
G1 X62.405 Y53.29 E.01831
G1 X62.974 Y53.329 E.01931
G1 X64.262 Y53.329 E.04357
G1 X64.88 Y53.279 E.02102
G1 X65.632 Y53.181 E.02567
G1 X66.192 Y53.073 E.01931
M204 S10000
G1 X65.888 Y53.565 F7200
M204 S1500
;TYPE:Inner wall
;WIDTH:0.443348
G1 F1498.397
G1 X65.676 Y53.603 E.00717
;WIDTH:0.440868
G1 F1507.735
G1 X64.831 Y53.711 E.02818
;WIDTH:0.442918
G1 F1500.007
G1 X64.228 Y53.754 E.02012
G1 X62.948 Y53.754 E.04258
G1 X62.349 Y53.709 E.01997
;WIDTH:0.439346
G1 F1513.523
G1 X61.819 Y53.647 E.01758
;WIDTH:0.440454
G1 F1509.305
G1 X61.316 Y53.569 E.01685
; stop printing object fidget-finger-massager-2000-rods-rod-02.stl id:0 copy 0
; printing object fidget-finger-massager-2000-rods-rod-03.stl id:0 copy 0
M204 S10000
G1 E-.8 F1800
G1 X66.232 Y49.463 Z14.2 F7200
G1 Z13.8
G1 E.8 F1800
M204 S500
;TYPE:Outer wall
;WIDTH:0.449999
G1 F1473.915
G1 X66.379 Y50.3 E.02878
G1 X65.732 Y50.421 E.0223
G1 X64.863 Y50.529 E.02962
G1 X64.228 Y50.576 E.02157
G1 X62.95 Y50.576 E.04325
G1 X62.304 Y50.527 E.02193
G1 X61.73 Y50.458 E.01958
G1 X60.826 Y50.302 E.03105
G1 X60.973 Y49.466 E.02874
G1 X61.868 Y49.625 E.03075
G1 X62.405 Y49.687 E.01831
G1 X62.974 Y49.726 E.01931
G1 X64.262 Y49.726 E.04357
G1 X64.88 Y49.677 E.02102
G1 X65.632 Y49.578 E.02567
G1 X66.192 Y49.47 E.01931
M204 S10000
G1 X65.888 Y49.962 F7200
M204 S1500
;TYPE:Inner wall
;WIDTH:0.443348
G1 F1498.397
G1 X65.676 Y50.001 E.00717
;WIDTH:0.440868
G1 F1507.735
G1 X64.831 Y50.108 E.02818
;WIDTH:0.442918
G1 F1500.007
G1 X64.228 Y50.151 E.02012
G1 X62.948 Y50.151 E.04258
G1 X62.349 Y50.107 E.01997
;WIDTH:0.439346
G1 F1513.523
G1 X61.819 Y50.044 E.01758
;WIDTH:0.440454
G1 F1509.305
G1 X61.316 Y49.966 E.01685
; stop printing object fidget-finger-massager-2000-rods-rod-03.stl id:0 copy 0
; printing object fidget-finger-massager-2000-rods-rod-05.stl id:0 copy 0
M204 S10000
G1 E-.8 F1800
G1 X66.232 Y45.86 Z14.2 F7200
G1 Z13.8
G1 E.8 F1800
M204 S500
;TYPE:Outer wall
;WIDTH:0.449999
G1 F1473.915
G1 X66.379 Y46.697 E.02878
G1 X65.732 Y46.818 E.0223
G1 X64.863 Y46.926 E.02962
G1 X64.228 Y46.974 E.02157
G1 X62.95 Y46.974 E.04325
G1 X62.304 Y46.925 E.02193
G1 X61.73 Y46.855 E.01958
G1 X60.826 Y46.699 E.03105
G1 X60.973 Y45.863 E.02874
G1 X61.868 Y46.022 E.03075
G1 X62.405 Y46.084 E.01831
G1 X62.974 Y46.124 E.01931
G1 X64.262 Y46.124 E.04357
G1 X64.88 Y46.074 E.02102
G1 X65.632 Y45.976 E.02567
G1 X66.192 Y45.868 E.01931
M204 S10000
G1 X65.888 Y46.359 F7200
M204 S1500
;TYPE:Inner wall
;WIDTH:0.443348
G1 F1498.397
G1 X65.676 Y46.398 E.00717
;WIDTH:0.440868
G1 F1507.735
G1 X64.831 Y46.505 E.02818
;WIDTH:0.442918
G1 F1500.007
G1 X64.228 Y46.549 E.02012
G1 X62.948 Y46.549 E.04258
G1 X62.349 Y46.504 E.01997
;WIDTH:0.439346
G1 F1513.523
G1 X61.819 Y46.441 E.01758
;WIDTH:0.440454
G1 F1509.305
G1 X61.316 Y46.363 E.01685
; stop printing object fidget-finger-massager-2000-rods-rod-05.stl id:0 copy 0
; printing object fidget-finger-massager-2000-rods-rod-09.stl id:0 copy 0
M204 S10000
G1 E-.8 F1800
G1 X66.188 Y42.257 Z14.2 F7200
G1 Z13.8
G1 E.8 F1800
M204 S500
;TYPE:Outer wall
;WIDTH:0.449999
G1 F1473.915
G1 X66.335 Y43.095 E.02878
G1 X65.688 Y43.215 E.0223
G1 X64.82 Y43.324 E.02962
G1 X64.184 Y43.371 E.02157
G1 X62.906 Y43.371 E.04325
G1 X62.26 Y43.322 E.02193
G1 X61.686 Y43.252 E.01958
G1 X60.782 Y43.096 E.03105
G1 X60.93 Y42.26 E.02874
G1 X61.824 Y42.419 E.03075
G1 X62.361 Y42.481 E.01831
G1 X62.93 Y42.521 E.01931
G1 X64.218 Y42.521 E.04357
G1 X64.837 Y42.471 E.02102
G1 X65.588 Y42.373 E.02567
G1 X66.148 Y42.265 E.01931
M204 S10000
G1 X65.844 Y42.757 F7200
M204 S1500
;TYPE:Inner wall
;WIDTH:0.443348
G1 F1498.397
G1 X65.632 Y42.795 E.00717
;WIDTH:0.440868
G1 F1507.735
G1 X64.787 Y42.902 E.02818
;WIDTH:0.442918
G1 F1500.007
G1 X64.184 Y42.946 E.02012
G1 X62.904 Y42.946 E.04258
G1 X62.305 Y42.901 E.01997
;WIDTH:0.439346
G1 F1513.523
G1 X61.775 Y42.839 E.01758
;WIDTH:0.440454
G1 F1509.305
G1 X61.272 Y42.76 E.01685
; stop printing object fidget-finger-massager-2000-rods-rod-09.stl id:0 copy 0
; printing object fidget-finger-massager-2000-rods-rod-06.stl id:0 copy 0
M204 S10000
G1 E-.8 F1800
G1 X58.245 Y44.105 Z14.2 F7200
G1 Z13.8
G1 E.8 F1800
M204 S500
;TYPE:Outer wall
;WIDTH:0.449999
G1 F1473.915
G1 X58.171 Y44.465 E.01245
G1 X58.086 Y45 E.01831
G1 X58.024 Y45.537 E.01831
G1 X57.984 Y46.106 E.01931
G1 X57.984 Y47.393 E.04355
G1 X58.025 Y47.942 E.01865
G1 X58.132 Y48.764 E.02805
G1 X58.248 Y49.363 E.02066
G1 X57.411 Y49.511 E.02878
G1 X57.298 Y48.928 E.02011
M73 P78 R3
G1 X57.223 Y48.411 E.01767
G1 X57.168 Y47.889 E.01776
G1 X57.134 Y47.363 E.01785
G1 X57.134 Y46.082 E.04335
G1 X57.183 Y45.436 E.02193
G1 X57.253 Y44.862 E.01958
G1 X57.409 Y43.958 E.03105
G1 X58.206 Y44.098 E.02739
M204 S10000
G1 X57.745 Y44.447 F7200
M204 S1500
;TYPE:Inner wall
;WIDTH:0.440454
G1 F1509.305
G1 X57.667 Y44.951 E.01685
;WIDTH:0.43963
G1 F1512.44
G1 X57.602 Y45.506 E.01844
;WIDTH:0.44292
G1 F1500
G1 X57.559 Y46.106 E.02
G1 X57.559 Y47.563 E.04845
;WIDTH:0.448458
G1 F1479.516
G1 X57.649 Y48.366 E.02725
G1 X57.748 Y49.02 E.0223
; stop printing object fidget-finger-massager-2000-rods-rod-06.stl id:0 copy 0
; printing object fidget-finger-massager-2000-rods-rod-08.stl id:0 copy 0
M204 S10000
G1 E-.8 F1800
G1 X54.642 Y44.105 Z14.2 F7200
G1 Z13.8
G1 E.8 F1800
M204 S500
;TYPE:Outer wall
;WIDTH:0.449999
G1 F1473.915
G1 X54.568 Y44.465 E.01245
G1 X54.483 Y45 E.01831
G1 X54.421 Y45.537 E.01831
G1 X54.381 Y46.106 E.01931
G1 X54.381 Y47.393 E.04355
G1 X54.422 Y47.942 E.01865
G1 X54.529 Y48.764 E.02805
G1 X54.645 Y49.363 E.02066
G1 X53.808 Y49.511 E.02878
G1 X53.695 Y48.928 E.02011
G1 X53.62 Y48.411 E.01767
G1 X53.566 Y47.889 E.01776
G1 X53.531 Y47.363 E.01785
G1 X53.531 Y46.082 E.04335
G1 X53.58 Y45.436 E.02193
G1 X53.65 Y44.862 E.01958
G1 X53.806 Y43.958 E.03105
G1 X54.603 Y44.098 E.02739
M204 S10000
G1 X54.142 Y44.447 F7200
M204 S1500
;TYPE:Inner wall
;WIDTH:0.440454
G1 F1509.305
G1 X54.064 Y44.951 E.01685
;WIDTH:0.43963
G1 F1512.44
G1 X53.999 Y45.506 E.01844
;WIDTH:0.44292
G1 F1500
G1 X53.956 Y46.106 E.02
G1 X53.956 Y47.563 E.04845
;WIDTH:0.448458
G1 F1479.516
G1 X54.046 Y48.366 E.02725
G1 X54.146 Y49.02 E.0223
; stop printing object fidget-finger-massager-2000-rods-rod-08.stl id:0 copy 0
M106 S240
;LAYER_CHANGE
;Z:14
;HEIGHT:0.2
G92 E0
;_SET_FAN_SPEED_CHANGING_LAYER
; printing object fidget-finger-massager-2000-rods-rod-07.stl id:0 copy 0
M204 S10000
G1 E-.8 F1800
G1 X54.642 Y52.287 Z14.4 F7200
G1 Z14
G1 E.8 F1800
M204 S500
;TYPE:Outer wall
;WIDTH:0.449999
G1 F1473.915
G1 X54.568 Y52.649 E.01251
G1 X54.483 Y53.183 E.01829
G1 X54.421 Y53.719 E.01829
G1 X54.381 Y54.288 E.01929
G1 X54.381 Y55.574 E.04355
G1 X54.422 Y56.124 E.01864
G1 X54.531 Y56.956 E.02843
G1 X54.645 Y57.545 E.02029
G1 X53.808 Y57.693 E.02878
G1 X53.694 Y57.098 E.02049
G1 X53.621 Y56.597 E.01715
G1 X53.566 Y56.073 E.01783
G1 X53.531 Y55.545 E.01792
G1 X53.531 Y54.264 E.04335
G1 X53.58 Y53.618 E.02192
G1 X53.65 Y53.045 E.01955
G1 X53.806 Y52.139 E.0311
G1 X54.603 Y52.28 E.02739
M204 S10000
G1 E-.8 F1800
G1 X54.145 Y57.201 Z14.4 F7200
G1 Z14
G1 E.8 F1800
M204 S1500
;TYPE:Inner wall
;WIDTH:0.448632
G1 F1478.882
G1 X54.046 Y56.552 E.02217
G1 X53.99 Y56.045 E.01721
;WIDTH:0.44292
G1 F1500
G1 X53.956 Y55.545 E.01667
G1 X53.956 Y54.288 E.0418
G1 X53.99 Y53.788 E.01667
;WIDTH:0.443174
G1 F1499.048
G1 X54.043 Y53.283 E.01691
G1 X54.142 Y52.629 E.022
; stop printing object fidget-finger-massager-2000-rods-rod-07.stl id:0 copy 0
; printing object fidget-finger-massager-2000-rods-rod-04.stl id:0 copy 0
M204 S10000
G1 E-.8 F1800
G1 X58.245 Y52.287 Z14.4 F7200
G1 Z14
G1 E.8 F1800
M204 S500
;TYPE:Outer wall
;WIDTH:0.449999
G1 F1473.915
G1 X58.171 Y52.649 E.01251
G1 X58.086 Y53.183 E.01829
G1 X58.024 Y53.719 E.01829
G1 X57.984 Y54.288 E.01929
G1 X57.984 Y55.574 E.04355
G1 X58.025 Y56.124 E.01864
G1 X58.134 Y56.956 E.02843
G1 X58.248 Y57.545 E.02029
G1 X57.41 Y57.693 E.02878
G1 X57.297 Y57.098 E.02049
G1 X57.224 Y56.597 E.01715
G1 X57.169 Y56.073 E.01783
G1 X57.134 Y55.545 E.01792
G1 X57.134 Y54.264 E.04335
G1 X57.183 Y53.618 E.02192
G1 X57.253 Y53.045 E.01955
G1 X57.409 Y52.139 E.0311
G1 X58.206 Y52.28 E.02739
M204 S10000
G1 E-.8 F1800
G1 X57.748 Y57.201 Z14.4 F7200
G1 Z14
G1 E.8 F1800
M204 S1500
;TYPE:Inner wall
;WIDTH:0.448632
G1 F1478.882
G1 X57.649 Y56.552 E.02217
G1 X57.593 Y56.045 E.01721
;WIDTH:0.44292
G1 F1500
G1 X57.559 Y55.545 E.01667
G1 X57.559 Y54.288 E.0418
G1 X57.593 Y53.788 E.01667
;WIDTH:0.443174
G1 F1499.048
G1 X57.646 Y53.283 E.01691
G1 X57.745 Y52.629 E.022
; stop printing object fidget-finger-massager-2000-rods-rod-04.stl id:0 copy 0
; printing object fidget-finger-massager-2000-rods-rod-01.stl id:0 copy 0
M204 S10000
G1 E-.8 F1800
G1 X64.636 Y55.909 Z14.4 F7200
G1 X66.232 Y56.668 Z14.4
G1 Z14
G1 E.8 F1800
M204 S500
;TYPE:Outer wall
;WIDTH:0.449999
G1 F1473.915
G1 X66.38 Y57.507 E.02883
G1 X65.751 Y57.621 E.02163
G1 X64.867 Y57.728 E.03015
G1 X64.225 Y57.782 E.02178
G1 X62.95 Y57.782 E.04315
G1 X62.305 Y57.733 E.02192
G1 X61.731 Y57.664 E.01955
G1 X60.826 Y57.507 E.0311
G1 X60.973 Y56.671 E.02874
G1 X61.869 Y56.83 E.0308
G1 X62.406 Y56.892 E.01829
G1 X62.974 Y56.932 E.01929
G1 X64.261 Y56.932 E.04355
G1 X64.81 Y56.891 E.01864
G1 X65.643 Y56.782 E.02844
G1 X66.192 Y56.676 E.01894
M204 S10000
G1 E-.8 F1800
G1 X61.316 Y57.171 Z14.4 F7200
G1 Z14
G1 E.8 F1800
M204 S1500
;TYPE:Inner wall
;WIDTH:0.440544
G1 F1508.963
G1 X61.82 Y57.25 E.01689
;WIDTH:0.439366
G1 F1513.447
G1 X62.349 Y57.312 E.01756
;WIDTH:0.442918
G1 F1500.007
G1 X62.948 Y57.357 E.01995
G1 X64.225 Y57.357 E.04249
G1 X64.83 Y57.31 E.02019
;WIDTH:0.43873
G1 F1515.879
G1 X65.687 Y57.203 E.02841
;WIDTH:0.445588
G1 F1490.061
G1 X65.887 Y57.169 E.0068
; stop printing object fidget-finger-massager-2000-rods-rod-01.stl id:0 copy 0
; printing object fidget-finger-massager-2000-rods-rod-02.stl id:0 copy 0
M204 S10000
G1 E-.8 F1800
G1 X66.232 Y53.066 Z14.4 F7200
G1 Z14
G1 E.8 F1800
M204 S500
;TYPE:Outer wall
;WIDTH:0.449999
G1 F1473.915
G1 X66.38 Y53.905 E.02883
G1 X65.751 Y54.019 E.02163
G1 X64.867 Y54.125 E.03015
G1 X64.225 Y54.179 E.02178
G1 X62.95 Y54.179 E.04315
G1 X62.305 Y54.13 E.02192
G1 X61.731 Y54.061 E.01955
G1 X60.826 Y53.905 E.0311
G1 X60.973 Y53.068 E.02874
G1 X61.869 Y53.228 E.0308
G1 X62.406 Y53.29 E.01829
G1 X62.974 Y53.329 E.01929
G1 X64.261 Y53.329 E.04355
G1 X64.81 Y53.289 E.01864
G1 X65.643 Y53.179 E.02844
G1 X66.192 Y53.073 E.01894
M204 S10000
G1 E-.8 F1800
G1 X61.316 Y53.569 Z14.4 F7200
G1 Z14
G1 E.8 F1800
M204 S1500
;TYPE:Inner wall
;WIDTH:0.440544
G1 F1508.963
G1 X61.82 Y53.647 E.01689
;WIDTH:0.439366
G1 F1513.447
G1 X62.349 Y53.709 E.01756
;WIDTH:0.442918
G1 F1500.007
G1 X62.948 Y53.754 E.01995
G1 X64.225 Y53.754 E.04249
G1 X64.83 Y53.708 E.02019
;WIDTH:0.43873
G1 F1515.879
G1 X65.687 Y53.601 E.02841
;WIDTH:0.445588
G1 F1490.061
G1 X65.887 Y53.566 E.0068
; stop printing object fidget-finger-massager-2000-rods-rod-02.stl id:0 copy 0
; printing object fidget-finger-massager-2000-rods-rod-03.stl id:0 copy 0
M204 S10000
G1 E-.8 F1800
G1 X66.232 Y49.463 Z14.4 F7200
G1 Z14
G1 E.8 F1800
M204 S500
;TYPE:Outer wall
;WIDTH:0.449999
G1 F1473.915
G1 X66.38 Y50.302 E.02883
G1 X65.751 Y50.416 E.02163
G1 X64.867 Y50.523 E.03015
G1 X64.225 Y50.576 E.02178
G1 X62.95 Y50.576 E.04315
G1 X62.305 Y50.527 E.02192
G1 X61.731 Y50.458 E.01955
G1 X60.826 Y50.302 E.0311
G1 X60.973 Y49.466 E.02874
G1 X61.869 Y49.625 E.0308
G1 X62.406 Y49.687 E.01829
G1 X62.974 Y49.726 E.01929
G1 X64.261 Y49.726 E.04355
G1 X64.81 Y49.686 E.01864
G1 X65.643 Y49.577 E.02844
G1 X66.192 Y49.471 E.01894
M204 S10000
G1 E-.8 F1800
G1 X61.316 Y49.966 Z14.4 F7200
G1 Z14
G1 E.8 F1800
M204 S1500
;TYPE:Inner wall
;WIDTH:0.440544
G1 F1508.963
G1 X61.82 Y50.044 E.01689
;WIDTH:0.439366
G1 F1513.447
G1 X62.349 Y50.107 E.01756
;WIDTH:0.442918
G1 F1500.007
G1 X62.948 Y50.151 E.01995
G1 X64.225 Y50.151 E.04249
G1 X64.83 Y50.105 E.02019
;WIDTH:0.43873
G1 F1515.879
G1 X65.687 Y49.998 E.02841
;WIDTH:0.445588
G1 F1490.061
G1 X65.887 Y49.964 E.0068
; stop printing object fidget-finger-massager-2000-rods-rod-03.stl id:0 copy 0
; printing object fidget-finger-massager-2000-rods-rod-05.stl id:0 copy 0
M204 S10000
G1 E-.8 F1800
G1 X66.232 Y45.86 Z14.4 F7200
G1 Z14
G1 E.8 F1800
M204 S500
;TYPE:Outer wall
;WIDTH:0.449999
G1 F1473.915
G1 X66.38 Y46.699 E.02883
G1 X65.751 Y46.813 E.02163
G1 X64.867 Y46.92 E.03015
G1 X64.225 Y46.974 E.02178
G1 X62.95 Y46.974 E.04315
G1 X62.305 Y46.925 E.02192
G1 X61.731 Y46.855 E.01955
G1 X60.826 Y46.699 E.0311
G1 X60.973 Y45.863 E.02874
G1 X61.869 Y46.022 E.0308
G1 X62.406 Y46.084 E.01829
G1 X62.974 Y46.124 E.01929
G1 X64.261 Y46.124 E.04355
G1 X64.81 Y46.083 E.01864
G1 X65.643 Y45.974 E.02844
G1 X66.192 Y45.868 E.01894
M204 S10000
G1 E-.8 F1800
G1 X61.316 Y46.363 Z14.4 F7200
G1 Z14
G1 E.8 F1800
M204 S1500
;TYPE:Inner wall
;WIDTH:0.440544
G1 F1508.963
G1 X61.82 Y46.442 E.01689
;WIDTH:0.439366
G1 F1513.447
G1 X62.349 Y46.504 E.01756
;WIDTH:0.442918
G1 F1500.007
G1 X62.948 Y46.549 E.01995
G1 X64.225 Y46.549 E.04249
G1 X64.83 Y46.502 E.02019
;WIDTH:0.43873
G1 F1515.879
G1 X65.687 Y46.395 E.02841
;WIDTH:0.445588
G1 F1490.061
G1 X65.887 Y46.361 E.0068
; stop printing object fidget-finger-massager-2000-rods-rod-05.stl id:0 copy 0
; printing object fidget-finger-massager-2000-rods-rod-09.stl id:0 copy 0
M204 S10000
G1 E-.8 F1800
G1 X66.188 Y42.257 Z14.4 F7200
G1 Z14
G1 E.8 F1800
M204 S500
;TYPE:Outer wall
;WIDTH:0.449999
G1 F1473.915
G1 X66.336 Y43.096 E.02883
G1 X65.707 Y43.21 E.02163
G1 X64.823 Y43.317 E.03015
G1 X64.181 Y43.371 E.02178
G1 X62.907 Y43.371 E.04315
G1 X62.261 Y43.322 E.02192
G1 X61.687 Y43.253 E.01955
G1 X60.782 Y43.096 E.0311
G1 X60.93 Y42.26 E.02874
G1 X61.825 Y42.419 E.0308
G1 X62.362 Y42.481 E.01829
G1 X62.93 Y42.521 E.01929
M73 P79 R3
G1 X64.217 Y42.521 E.04355
G1 X64.766 Y42.48 E.01864
G1 X65.599 Y42.371 E.02844
G1 X66.148 Y42.265 E.01894
M204 S10000
G1 E-.8 F1800
G1 X61.272 Y42.76 Z14.4 F7200
G1 Z14
G1 E.8 F1800
M204 S1500
;TYPE:Inner wall
;WIDTH:0.440544
G1 F1508.963
G1 X61.777 Y42.839 E.01689
;WIDTH:0.439366
G1 F1513.447
G1 X62.306 Y42.901 E.01756
;WIDTH:0.442918
G1 F1500.007
G1 X62.904 Y42.946 E.01995
G1 X64.181 Y42.946 E.04249
G1 X64.787 Y42.899 E.02019
;WIDTH:0.43873
G1 F1515.879
G1 X65.643 Y42.792 E.02841
;WIDTH:0.445588
G1 F1490.061
G1 X65.843 Y42.758 E.0068
; stop printing object fidget-finger-massager-2000-rods-rod-09.stl id:0 copy 0
; printing object fidget-finger-massager-2000-rods-rod-06.stl id:0 copy 0
M204 S10000
G1 E-.8 F1800
G1 X58.328 Y44.091 Z14.4 F7200
G1 X58.245 Y44.105 Z14.4
G1 Z14
G1 E.8 F1800
M204 S500
;TYPE:Outer wall
;WIDTH:0.449999
G1 F1473.915
G1 X58.171 Y44.467 E.01251
G1 X58.086 Y45.001 E.01829
G1 X58.024 Y45.538 E.01829
G1 X57.984 Y46.106 E.01929
G1 X57.984 Y47.393 E.04355
G1 X58.025 Y47.942 E.01864
G1 X58.134 Y48.775 E.02843
G1 X58.248 Y49.363 E.02029
G1 X57.41 Y49.511 E.02878
G1 X57.297 Y48.917 E.02049
G1 X57.224 Y48.415 E.01715
G1 X57.169 Y47.891 E.01783
G1 X57.134 Y47.363 E.01792
G1 X57.134 Y46.082 E.04335
G1 X57.183 Y45.437 E.02192
G1 X57.253 Y44.863 E.01955
G1 X57.409 Y43.958 E.0311
G1 X58.206 Y44.098 E.02739
M204 S10000
G1 E-.8 F1800
G1 X57.748 Y49.02 Z14.4 F7200
G1 Z14
G1 E.8 F1800
M204 S1500
;TYPE:Inner wall
;WIDTH:0.448632
G1 F1478.882
G1 X57.649 Y48.37 E.02217
G1 X57.593 Y47.863 E.01721
;WIDTH:0.44292
G1 F1500
G1 X57.559 Y47.363 E.01667
G1 X57.559 Y46.106 E.0418
G1 X57.593 Y45.606 E.01667
;WIDTH:0.443174
G1 F1499.048
G1 X57.646 Y45.101 E.01691
G1 X57.745 Y44.447 E.022
; stop printing object fidget-finger-massager-2000-rods-rod-06.stl id:0 copy 0
; printing object fidget-finger-massager-2000-rods-rod-08.stl id:0 copy 0
M204 S10000
G1 E-.8 F1800
G1 X54.642 Y44.105 Z14.4 F7200
G1 Z14
G1 E.8 F1800
M204 S500
;TYPE:Outer wall
;WIDTH:0.449999
G1 F1473.915
G1 X54.568 Y44.467 E.01251
G1 X54.483 Y45.001 E.01829
G1 X54.421 Y45.538 E.01829
G1 X54.381 Y46.106 E.01929
G1 X54.381 Y47.393 E.04355
G1 X54.422 Y47.942 E.01864
G1 X54.531 Y48.775 E.02843
G1 X54.645 Y49.363 E.02029
G1 X53.808 Y49.511 E.02878
G1 X53.694 Y48.917 E.02049
G1 X53.621 Y48.415 E.01715
G1 X53.566 Y47.891 E.01783
G1 X53.531 Y47.363 E.01792
G1 X53.531 Y46.082 E.04335
G1 X53.58 Y45.437 E.02192
G1 X53.65 Y44.863 E.01955
G1 X53.806 Y43.958 E.0311
G1 X54.603 Y44.098 E.02739
M204 S10000
G1 E-.8 F1800
G1 X54.145 Y49.02 Z14.4 F7200
G1 Z14
G1 E.8 F1800
M204 S1500
;TYPE:Inner wall
;WIDTH:0.448632
G1 F1478.882
G1 X54.046 Y48.37 E.02217
G1 X53.99 Y47.863 E.01721
;WIDTH:0.44292
G1 F1500
G1 X53.956 Y47.363 E.01667
G1 X53.956 Y46.106 E.0418
G1 X53.99 Y45.606 E.01667
;WIDTH:0.443174
G1 F1499.048
G1 X54.043 Y45.101 E.01691
G1 X54.142 Y44.447 E.022
; stop printing object fidget-finger-massager-2000-rods-rod-08.stl id:0 copy 0
M106 S242
;LAYER_CHANGE
;Z:14.2
;HEIGHT:0.2
G92 E0
;_SET_FAN_SPEED_CHANGING_LAYER
; printing object fidget-finger-massager-2000-rods-rod-07.stl id:0 copy 0
M204 S10000
G1 E-.8 F1800
G1 X54.628 Y52.064 Z14.6 F7200
G1 X54.642 Y52.287 Z14.6
G1 Z14.2
G1 E.8 F1800
M204 S500
;TYPE:Outer wall
;WIDTH:0.449999
G1 F1473.915
G1 X54.568 Y52.651 E.01257
G1 X54.483 Y53.184 E.01827
G1 X54.421 Y53.72 E.01827
G1 X54.381 Y54.288 E.01927
G1 X54.381 Y55.574 E.04355
G1 X54.422 Y56.123 E.01862
G1 X54.533 Y56.967 E.02882
G1 X54.645 Y57.545 E.01992
G1 X53.808 Y57.693 E.02877
G1 X53.695 Y57.109 E.0201
G1 X53.621 Y56.601 E.01739
G1 X53.566 Y56.075 E.0179
G1 X53.531 Y55.544 E.018
G1 X53.531 Y54.264 E.04334
G1 X53.58 Y53.619 E.0219
G1 X53.649 Y53.046 E.01953
G1 X53.806 Y52.139 E.03114
G1 X54.603 Y52.28 E.02739
M204 S10000
G1 E-.8 F1800
G1 X54.145 Y57.201 Z14.6 F7200
G1 Z14.2
G1 E.8 F1800
M204 S1500
;TYPE:Inner wall
;WIDTH:0.448806
G1 F1478.248
G1 X54.047 Y56.556 E.02204
G1 X53.99 Y56.047 E.01729
;WIDTH:0.44292
G1 F1500
G1 X53.956 Y55.544 E.01674
G1 X53.956 Y54.288 E.0418
G1 X53.99 Y53.786 E.01674
;WIDTH:0.443124
G1 F1499.235
G1 X54.044 Y53.278 E.01698
G1 X54.142 Y52.629 E.02185
; stop printing object fidget-finger-massager-2000-rods-rod-07.stl id:0 copy 0
; printing object fidget-finger-massager-2000-rods-rod-04.stl id:0 copy 0
M204 S10000
G1 E-.8 F1800
G1 X58.245 Y52.287 Z14.6 F7200
G1 Z14.2
G1 E.8 F1800
M204 S500
;TYPE:Outer wall
;WIDTH:0.449999
G1 F1473.915
G1 X58.17 Y52.651 E.01257
G1 X58.086 Y53.184 E.01827
G1 X58.024 Y53.72 E.01827
G1 X57.984 Y54.288 E.01927
G1 X57.984 Y55.574 E.04355
G1 X58.025 Y56.123 E.01862
G1 X58.136 Y56.967 E.02882
G1 X58.248 Y57.545 E.01992
G1 X57.41 Y57.693 E.02877
G1 X57.298 Y57.109 E.0201
G1 X57.224 Y56.601 E.01739
G1 X57.169 Y56.075 E.0179
G1 X57.134 Y55.544 E.018
G1 X57.134 Y54.264 E.04334
G1 X57.183 Y53.619 E.0219
G1 X57.252 Y53.046 E.01953
G1 X57.409 Y52.139 E.03114
G1 X58.206 Y52.28 E.02739
M204 S10000
G1 E-.8 F1800
G1 X57.748 Y57.201 Z14.6 F7200
G1 Z14.2
G1 E.8 F1800
M204 S1500
;TYPE:Inner wall
;WIDTH:0.448806
G1 F1478.248
G1 X57.65 Y56.556 E.02204
G1 X57.593 Y56.047 E.01729
;WIDTH:0.44292
G1 F1500
G1 X57.559 Y55.544 E.01674
G1 X57.559 Y54.288 E.0418
G1 X57.593 Y53.786 E.01674
;WIDTH:0.443124
G1 F1499.235
G1 X57.647 Y53.278 E.01698
G1 X57.745 Y52.629 E.02185
; stop printing object fidget-finger-massager-2000-rods-rod-04.stl id:0 copy 0
; printing object fidget-finger-massager-2000-rods-rod-01.stl id:0 copy 0
M204 S10000
G1 E-.8 F1800
G1 X64.636 Y55.909 Z14.6 F7200
G1 X66.232 Y56.669 Z14.6
G1 Z14.2
G1 E.8 F1800
M204 S500
;TYPE:Outer wall
;WIDTH:0.449999
G1 F1473.915
G1 X66.38 Y57.507 E.02883
G1 X65.762 Y57.62 E.02126
G1 X64.866 Y57.728 E.03054
G1 X64.225 Y57.782 E.02177
G1 X62.951 Y57.782 E.04314
G1 X62.305 Y57.733 E.0219
G1 X61.733 Y57.664 E.01953
G1 X60.826 Y57.507 E.03114
G1 X60.973 Y56.671 E.02874
G1 X61.87 Y56.83 E.03084
G1 X62.407 Y56.893 E.01827
G1 X62.974 Y56.932 E.01927
G1 X64.261 Y56.932 E.04355
G1 X64.81 Y56.891 E.01862
G1 X65.654 Y56.78 E.02882
G1 X66.192 Y56.676 E.01857
M204 S10000
G1 X65.887 Y57.169 F7200
M204 S1500
;TYPE:Inner wall
;WIDTH:0.44543
G1 F1490.646
G1 X65.698 Y57.202 E.00643
;WIDTH:0.438922
G1 F1515.144
G1 X64.83 Y57.311 E.0288
;WIDTH:0.442918
G1 F1500.007
G1 X64.225 Y57.357 E.02017
G1 X62.948 Y57.357 E.04248
G1 X62.35 Y57.312 E.01994
;WIDTH:0.439388
G1 F1513.363
G1 X61.822 Y57.25 E.01754
;WIDTH:0.440642
G1 F1508.591
G1 X61.316 Y57.171 E.01694
; stop printing object fidget-finger-massager-2000-rods-rod-01.stl id:0 copy 0
; printing object fidget-finger-massager-2000-rods-rod-02.stl id:0 copy 0
M204 S10000
G1 E-.8 F1800
G1 X66.232 Y53.066 Z14.6 F7200
G1 Z14.2
G1 E.8 F1800
M204 S500
;TYPE:Outer wall
;WIDTH:0.449999
G1 F1473.915
G1 X66.38 Y53.905 E.02883
G1 X65.762 Y54.017 E.02126
G1 X64.866 Y54.125 E.03054
G1 X64.225 Y54.179 E.02177
G1 X62.951 Y54.179 E.04314
G1 X62.305 Y54.13 E.0219
G1 X61.733 Y54.061 E.01953
G1 X60.826 Y53.905 E.03114
G1 X60.973 Y53.068 E.02874
G1 X61.87 Y53.228 E.03084
G1 X62.407 Y53.29 E.01827
G1 X62.974 Y53.329 E.01927
G1 X64.261 Y53.329 E.04355
G1 X64.81 Y53.289 E.01862
G1 X65.654 Y53.178 E.02882
G1 X66.192 Y53.073 E.01857
M204 S10000
G1 X65.887 Y53.567 F7200
M204 S1500
;TYPE:Inner wall
;WIDTH:0.44543
G1 F1490.646
G1 X65.698 Y53.599 E.00643
;WIDTH:0.438922
G1 F1515.144
G1 X64.83 Y53.708 E.0288
;WIDTH:0.442918
G1 F1500.007
G1 X64.225 Y53.754 E.02017
G1 X62.948 Y53.754 E.04248
G1 X62.35 Y53.709 E.01994
;WIDTH:0.439388
G1 F1513.363
G1 X61.822 Y53.647 E.01754
;WIDTH:0.440642
G1 F1508.591
G1 X61.316 Y53.569 E.01694
; stop printing object fidget-finger-massager-2000-rods-rod-02.stl id:0 copy 0
; printing object fidget-finger-massager-2000-rods-rod-03.stl id:0 copy 0
M204 S10000
G1 E-.8 F1800
G1 X66.232 Y49.463 Z14.6 F7200
G1 Z14.2
G1 E.8 F1800
M204 S500
;TYPE:Outer wall
;WIDTH:0.449999
G1 F1473.915
G1 X66.38 Y50.302 E.02883
G1 X65.762 Y50.414 E.02126
G1 X64.866 Y50.523 E.03054
G1 X64.225 Y50.576 E.02177
G1 X62.951 Y50.576 E.04314
G1 X62.305 Y50.528 E.0219
G1 X61.733 Y50.458 E.01953
G1 X60.826 Y50.302 E.03114
G1 X60.973 Y49.466 E.02874
G1 X61.87 Y49.625 E.03084
G1 X62.407 Y49.687 E.01827
G1 X62.974 Y49.726 E.01927
G1 X64.261 Y49.726 E.04355
G1 X64.81 Y49.686 E.01862
G1 X65.654 Y49.575 E.02882
G1 X66.192 Y49.471 E.01857
M204 S10000
G1 X65.887 Y49.964 F7200
M204 S1500
;TYPE:Inner wall
;WIDTH:0.44543
G1 F1490.646
G1 X65.698 Y49.996 E.00643
;WIDTH:0.438922
G1 F1515.144
G1 X64.83 Y50.105 E.0288
;WIDTH:0.442918
G1 F1500.007
G1 X64.225 Y50.151 E.02017
G1 X62.948 Y50.151 E.04248
G1 X62.35 Y50.107 E.01994
;WIDTH:0.439388
G1 F1513.363
G1 X61.822 Y50.045 E.01754
;WIDTH:0.440642
G1 F1508.591
G1 X61.316 Y49.966 E.01694
; stop printing object fidget-finger-massager-2000-rods-rod-03.stl id:0 copy 0
; printing object fidget-finger-massager-2000-rods-rod-05.stl id:0 copy 0
M204 S10000
G1 E-.8 F1800
G1 X66.232 Y45.86 Z14.6 F7200
G1 Z14.2
G1 E.8 F1800
M204 S500
;TYPE:Outer wall
;WIDTH:0.449999
G1 F1473.915
G1 X66.38 Y46.699 E.02883
G1 X65.762 Y46.812 E.02126
G1 X64.866 Y46.92 E.03054
G1 X64.225 Y46.974 E.02177
G1 X62.951 Y46.974 E.04314
G1 X62.305 Y46.925 E.0219
G1 X61.733 Y46.856 E.01953
G1 X60.826 Y46.699 E.03114
G1 X60.973 Y45.863 E.02874
G1 X61.87 Y46.022 E.03084
G1 X62.407 Y46.084 E.01827
G1 X62.974 Y46.124 E.01927
G1 X64.261 Y46.124 E.04355
G1 X64.81 Y46.083 E.01862
G1 X65.654 Y45.972 E.02882
G1 X66.192 Y45.868 E.01857
M204 S10000
G1 X65.887 Y46.361 F7200
M204 S1500
;TYPE:Inner wall
;WIDTH:0.44543
G1 F1490.646
G1 X65.698 Y46.393 E.00643
;WIDTH:0.438922
G1 F1515.144
G1 X64.83 Y46.502 E.0288
;WIDTH:0.442918
G1 F1500.007
G1 X64.225 Y46.549 E.02017
G1 X62.948 Y46.549 E.04248
M73 P80 R3
G1 X62.35 Y46.504 E.01994
;WIDTH:0.439388
G1 F1513.363
G1 X61.822 Y46.442 E.01754
;WIDTH:0.440642
G1 F1508.591
G1 X61.316 Y46.363 E.01694
; stop printing object fidget-finger-massager-2000-rods-rod-05.stl id:0 copy 0
; printing object fidget-finger-massager-2000-rods-rod-09.stl id:0 copy 0
M204 S10000
G1 E-.8 F1800
G1 X66.188 Y42.257 Z14.6 F7200
G1 Z14.2
G1 E.8 F1800
M204 S500
;TYPE:Outer wall
;WIDTH:0.449999
G1 F1473.915
G1 X66.336 Y43.096 E.02883
G1 X65.718 Y43.209 E.02126
G1 X64.822 Y43.317 E.03054
G1 X64.181 Y43.371 E.02177
G1 X62.907 Y43.371 E.04314
G1 X62.261 Y43.322 E.0219
G1 X61.689 Y43.253 E.01953
G1 X60.782 Y43.096 E.03114
G1 X60.93 Y42.26 E.02874
G1 X61.827 Y42.419 E.03084
G1 X62.363 Y42.481 E.01827
G1 X62.931 Y42.521 E.01927
G1 X64.217 Y42.521 E.04355
G1 X64.766 Y42.48 E.01862
G1 X65.61 Y42.369 E.02882
G1 X66.148 Y42.265 E.01857
M204 S10000
G1 X65.843 Y42.758 F7200
M204 S1500
;TYPE:Inner wall
;WIDTH:0.44543
G1 F1490.646
G1 X65.654 Y42.791 E.00643
;WIDTH:0.438922
G1 F1515.144
G1 X64.786 Y42.899 E.0288
;WIDTH:0.442918
G1 F1500.007
G1 X64.181 Y42.946 E.02017
G1 X62.904 Y42.946 E.04248
G1 X62.306 Y42.901 E.01994
;WIDTH:0.439388
G1 F1513.363
G1 X61.778 Y42.839 E.01754
;WIDTH:0.440642
G1 F1508.591
G1 X61.272 Y42.76 E.01694
; stop printing object fidget-finger-massager-2000-rods-rod-09.stl id:0 copy 0
; printing object fidget-finger-massager-2000-rods-rod-06.stl id:0 copy 0
M204 S10000
G1 E-.8 F1800
G1 X58.245 Y44.105 Z14.6 F7200
G1 Z14.2
G1 E.8 F1800
M204 S500
;TYPE:Outer wall
;WIDTH:0.449999
G1 F1473.915
G1 X58.17 Y44.469 E.01257
G1 X58.086 Y45.002 E.01827
G1 X58.024 Y45.538 E.01827
G1 X57.984 Y46.106 E.01927
G1 X57.984 Y47.393 E.04355
G1 X58.025 Y47.941 E.01862
G1 X58.136 Y48.786 E.02882
G1 X58.248 Y49.363 E.01992
G1 X57.41 Y49.511 E.02877
G1 X57.298 Y48.928 E.0201
G1 X57.224 Y48.419 E.01739
G1 X57.169 Y47.893 E.0179
G1 X57.134 Y47.363 E.018
G1 X57.134 Y46.082 E.04334
G1 X57.183 Y45.437 E.0219
G1 X57.252 Y44.864 E.01953
G1 X57.409 Y43.958 E.03114
G1 X58.206 Y44.098 E.02739
M204 S10000
G1 E-.8 F1800
G1 X57.748 Y49.02 Z14.6 F7200
G1 Z14.2
G1 E.8 F1800
M204 S1500
;TYPE:Inner wall
;WIDTH:0.448806
G1 F1478.248
G1 X57.65 Y48.374 E.02204
G1 X57.593 Y47.865 E.01729
;WIDTH:0.44292
G1 F1500
G1 X57.559 Y47.363 E.01674
G1 X57.559 Y46.106 E.0418
G1 X57.593 Y45.604 E.01674
;WIDTH:0.443124
G1 F1499.235
G1 X57.647 Y45.097 E.01698
G1 X57.745 Y44.447 E.02185
; stop printing object fidget-finger-massager-2000-rods-rod-06.stl id:0 copy 0
; printing object fidget-finger-massager-2000-rods-rod-08.stl id:0 copy 0
M204 S10000
G1 E-.8 F1800
G1 X54.642 Y44.105 Z14.6 F7200
G1 Z14.2
G1 E.8 F1800
M204 S500
;TYPE:Outer wall
;WIDTH:0.449999
G1 F1473.915
G1 X54.568 Y44.469 E.01257
G1 X54.483 Y45.002 E.01827
G1 X54.421 Y45.538 E.01827
G1 X54.381 Y46.106 E.01927
G1 X54.381 Y47.393 E.04355
G1 X54.422 Y47.941 E.01862
G1 X54.533 Y48.786 E.02882
G1 X54.645 Y49.363 E.01992
G1 X53.808 Y49.511 E.02877
G1 X53.695 Y48.928 E.0201
G1 X53.621 Y48.419 E.01739
G1 X53.566 Y47.893 E.0179
G1 X53.531 Y47.363 E.018
G1 X53.531 Y46.082 E.04334
G1 X53.58 Y45.437 E.0219
G1 X53.649 Y44.864 E.01953
G1 X53.806 Y43.958 E.03114
G1 X54.603 Y44.098 E.02739
M204 S10000
G1 E-.8 F1800
G1 X54.145 Y49.02 Z14.6 F7200
G1 Z14.2
G1 E.8 F1800
M204 S1500
;TYPE:Inner wall
;WIDTH:0.448806
G1 F1478.248
G1 X54.047 Y48.374 E.02204
G1 X53.99 Y47.865 E.01729
;WIDTH:0.44292
G1 F1500
G1 X53.956 Y47.363 E.01674
G1 X53.956 Y46.106 E.0418
G1 X53.99 Y45.604 E.01674
;WIDTH:0.443124
G1 F1499.235
G1 X54.044 Y45.097 E.01698
G1 X54.142 Y44.447 E.02185
; stop printing object fidget-finger-massager-2000-rods-rod-08.stl id:0 copy 0
;LAYER_CHANGE
;Z:14.4
;HEIGHT:0.2
G92 E0
;_SET_FAN_SPEED_CHANGING_LAYER
; printing object fidget-finger-massager-2000-rods-rod-07.stl id:0 copy 0
M204 S10000
G1 E-.8 F1800
G1 X54.628 Y52.064 Z14.8 F7200
G1 X54.642 Y52.287 Z14.8
G1 Z14.4
G1 E.8 F1800
M204 S500
;TYPE:Outer wall
;WIDTH:0.449999
G1 F1473.915
G1 X54.567 Y52.653 E.01264
G1 X54.483 Y53.185 E.01825
G1 X54.421 Y53.721 E.01825
G1 X54.381 Y54.288 E.01924
G1 X54.381 Y55.574 E.04355
G1 X54.422 Y56.122 E.0186
G1 X54.535 Y56.978 E.02921
G1 X54.645 Y57.545 E.01955
G1 X53.808 Y57.693 E.02877
G1 X53.697 Y57.121 E.01972
G1 X53.622 Y56.605 E.01763
G1 X53.566 Y56.077 E.01798
G1 X53.531 Y55.544 E.01807
G1 X53.531 Y54.264 E.04334
G1 X53.58 Y53.619 E.02189
G1 X53.649 Y53.047 E.0195
G1 X53.806 Y52.139 E.03119
G1 X54.603 Y52.28 E.02739
M204 S10000
G1 E-.8 F1800
G1 X54.145 Y57.202 Z14.8 F7200
G1 Z14.4
G1 E.8 F1800
M204 S1500
;TYPE:Inner wall
;WIDTH:0.448978
G1 F1477.621
G1 X54.048 Y56.56 E.02191
G1 X53.99 Y56.049 E.01737
;WIDTH:0.44292
G1 F1500
G1 X53.956 Y55.544 E.01681
G1 X53.956 Y54.288 E.0418
G1 X53.99 Y53.784 E.01681
;WIDTH:0.443076
G1 F1499.415
G1 X54.045 Y53.274 E.01705
G1 X54.142 Y52.629 E.0217
; stop printing object fidget-finger-massager-2000-rods-rod-07.stl id:0 copy 0
; printing object fidget-finger-massager-2000-rods-rod-04.stl id:0 copy 0
M204 S10000
G1 E-.8 F1800
G1 X58.245 Y52.287 Z14.8 F7200
G1 Z14.4
G1 E.8 F1800
M204 S500
;TYPE:Outer wall
;WIDTH:0.449999
G1 F1473.915
G1 X58.17 Y52.653 E.01264
G1 X58.086 Y53.185 E.01825
G1 X58.024 Y53.721 E.01825
G1 X57.984 Y54.288 E.01924
G1 X57.984 Y55.574 E.04355
G1 X58.025 Y56.122 E.0186
G1 X58.137 Y56.978 E.02921
G1 X58.247 Y57.545 E.01955
G1 X57.41 Y57.693 E.02877
G1 X57.3 Y57.121 E.01972
G1 X57.225 Y56.605 E.01763
G1 X57.169 Y56.077 E.01798
G1 X57.134 Y55.544 E.01807
G1 X57.134 Y54.264 E.04334
G1 X57.183 Y53.619 E.02189
G1 X57.252 Y53.047 E.0195
G1 X57.409 Y52.139 E.03119
G1 X58.206 Y52.28 E.02739
M204 S10000
G1 E-.8 F1800
G1 X57.748 Y57.202 Z14.8 F7200
G1 Z14.4
G1 E.8 F1800
M204 S1500
;TYPE:Inner wall
;WIDTH:0.448978
G1 F1477.621
G1 X57.65 Y56.56 E.02191
G1 X57.593 Y56.049 E.01737
;WIDTH:0.44292
G1 F1500
G1 X57.559 Y55.544 E.01681
G1 X57.559 Y54.288 E.0418
G1 X57.593 Y53.784 E.01681
;WIDTH:0.443076
G1 F1499.415
G1 X57.647 Y53.274 E.01705
G1 X57.745 Y52.629 E.0217
; stop printing object fidget-finger-massager-2000-rods-rod-04.stl id:0 copy 0
; printing object fidget-finger-massager-2000-rods-rod-01.stl id:0 copy 0
M204 S10000
G1 E-.8 F1800
G1 X64.636 Y55.909 Z14.8 F7200
G1 X66.232 Y56.669 Z14.8
G1 Z14.4
G1 E.8 F1800
M204 S500
;TYPE:Outer wall
;WIDTH:0.449999
G1 F1473.915
G1 X66.38 Y57.507 E.02882
G1 X65.773 Y57.618 E.02088
G1 X64.865 Y57.728 E.03093
G1 X64.225 Y57.782 E.02175
G1 X62.951 Y57.782 E.04314
G1 X62.306 Y57.733 E.02189
G1 X61.734 Y57.664 E.0195
G1 X60.826 Y57.507 E.03119
G1 X60.973 Y56.671 E.02874
G1 X61.872 Y56.831 E.03088
G1 X62.407 Y56.893 E.01825
G1 X62.974 Y56.932 E.01924
G1 X64.261 Y56.932 E.04355
G1 X64.809 Y56.891 E.0186
G1 X65.665 Y56.779 E.02921
G1 X66.192 Y56.676 E.0182
M204 S10000
G1 X65.887 Y57.17 F7200
M204 S1500
;TYPE:Inner wall
;WIDTH:0.445266
G1 F1491.254
G1 X65.709 Y57.2 E.00606
;WIDTH:0.439116
G1 F1514.402
G1 X64.829 Y57.311 E.0292
;WIDTH:0.442918
G1 F1500.007
G1 X64.225 Y57.357 E.02015
G1 X62.948 Y57.357 E.04248
G1 X62.351 Y57.312 E.01991
;WIDTH:0.439408
G1 F1513.287
G1 X61.823 Y57.25 E.01752
;WIDTH:0.440734
G1 F1508.242
G1 X61.316 Y57.172 E.01698
; stop printing object fidget-finger-massager-2000-rods-rod-01.stl id:0 copy 0
; printing object fidget-finger-massager-2000-rods-rod-02.stl id:0 copy 0
M204 S10000
G1 E-.8 F1800
G1 X66.232 Y53.066 Z14.8 F7200
G1 Z14.4
G1 E.8 F1800
M204 S500
;TYPE:Outer wall
;WIDTH:0.449999
G1 F1473.915
G1 X66.38 Y53.904 E.02882
G1 X65.773 Y54.016 E.02088
G1 X64.865 Y54.125 E.03093
G1 X64.225 Y54.179 E.02175
G1 X62.951 Y54.179 E.04314
G1 X62.306 Y54.13 E.02189
G1 X61.734 Y54.061 E.0195
G1 X60.826 Y53.904 E.03119
G1 X60.973 Y53.068 E.02874
G1 X61.872 Y53.228 E.03088
G1 X62.407 Y53.29 E.01825
G1 X62.974 Y53.329 E.01924
G1 X64.261 Y53.329 E.04355
G1 X64.809 Y53.289 E.0186
G1 X65.665 Y53.176 E.02921
G1 X66.192 Y53.074 E.0182
M204 S10000
G1 X65.887 Y53.567 F7200
M204 S1500
;TYPE:Inner wall
;WIDTH:0.445266
G1 F1491.254
G1 X65.709 Y53.597 E.00606
;WIDTH:0.439116
G1 F1514.402
G1 X64.829 Y53.708 E.0292
;WIDTH:0.442918
G1 F1500.007
G1 X64.225 Y53.754 E.02015
G1 X62.948 Y53.754 E.04248
G1 X62.351 Y53.71 E.01991
;WIDTH:0.439408
G1 F1513.287
G1 X61.823 Y53.648 E.01752
;WIDTH:0.440734
G1 F1508.242
G1 X61.316 Y53.569 E.01698
; stop printing object fidget-finger-massager-2000-rods-rod-02.stl id:0 copy 0
; printing object fidget-finger-massager-2000-rods-rod-03.stl id:0 copy 0
M204 S10000
G1 E-.8 F1800
G1 X66.232 Y49.463 Z14.8 F7200
G1 Z14.4
G1 E.8 F1800
M204 S500
;TYPE:Outer wall
;WIDTH:0.449999
G1 F1473.915
G1 X66.38 Y50.302 E.02882
G1 X65.773 Y50.413 E.02088
G1 X64.865 Y50.522 E.03093
G1 X64.225 Y50.576 E.02175
G1 X62.951 Y50.576 E.04314
G1 X62.306 Y50.528 E.02189
G1 X61.734 Y50.459 E.0195
G1 X60.826 Y50.302 E.03119
G1 X60.973 Y49.466 E.02874
G1 X61.872 Y49.625 E.03088
G1 X62.407 Y49.687 E.01825
G1 X62.974 Y49.726 E.01924
G1 X64.261 Y49.726 E.04355
G1 X64.809 Y49.686 E.0186
G1 X65.665 Y49.573 E.02921
G1 X66.192 Y49.471 E.0182
M204 S10000
G1 X65.887 Y49.964 F7200
M204 S1500
;TYPE:Inner wall
;WIDTH:0.445266
G1 F1491.254
G1 X65.709 Y49.994 E.00606
;WIDTH:0.439116
G1 F1514.402
G1 X64.829 Y50.105 E.0292
;WIDTH:0.442918
G1 F1500.007
G1 X64.225 Y50.151 E.02015
G1 X62.948 Y50.151 E.04248
G1 X62.351 Y50.107 E.01991
;WIDTH:0.439408
G1 F1513.287
G1 X61.823 Y50.045 E.01752
;WIDTH:0.440734
G1 F1508.242
G1 X61.316 Y49.966 E.01698
; stop printing object fidget-finger-massager-2000-rods-rod-03.stl id:0 copy 0
; printing object fidget-finger-massager-2000-rods-rod-05.stl id:0 copy 0
M204 S10000
G1 E-.8 F1800
G1 X66.232 Y45.86 Z14.8 F7200
G1 Z14.4
G1 E.8 F1800
M204 S500
;TYPE:Outer wall
;WIDTH:0.449999
G1 F1473.915
G1 X66.38 Y46.699 E.02882
G1 X65.773 Y46.81 E.02088
G1 X64.865 Y46.92 E.03093
G1 X64.225 Y46.974 E.02175
G1 X62.951 Y46.974 E.04314
G1 X62.306 Y46.925 E.02189
M73 P81 R3
G1 X61.734 Y46.856 E.0195
G1 X60.826 Y46.699 E.03119
G1 X60.973 Y45.863 E.02874
G1 X61.872 Y46.022 E.03088
G1 X62.407 Y46.084 E.01825
G1 X62.974 Y46.124 E.01924
G1 X64.261 Y46.124 E.04355
G1 X64.809 Y46.083 E.0186
G1 X65.665 Y45.97 E.02921
G1 X66.192 Y45.868 E.0182
M204 S10000
G1 X65.887 Y46.361 F7200
M204 S1500
;TYPE:Inner wall
;WIDTH:0.445266
G1 F1491.254
G1 X65.709 Y46.392 E.00606
;WIDTH:0.439116
G1 F1514.402
G1 X64.829 Y46.502 E.0292
;WIDTH:0.442918
G1 F1500.007
G1 X64.225 Y46.549 E.02015
G1 X62.948 Y46.549 E.04248
G1 X62.351 Y46.504 E.01991
;WIDTH:0.439408
G1 F1513.287
G1 X61.823 Y46.442 E.01752
;WIDTH:0.440734
G1 F1508.242
G1 X61.316 Y46.363 E.01698
; stop printing object fidget-finger-massager-2000-rods-rod-05.stl id:0 copy 0
; printing object fidget-finger-massager-2000-rods-rod-09.stl id:0 copy 0
M204 S10000
G1 E-.8 F1800
G1 X66.188 Y42.258 Z14.8 F7200
G1 Z14.4
G1 E.8 F1800
M204 S500
;TYPE:Outer wall
;WIDTH:0.449999
G1 F1473.915
G1 X66.336 Y43.096 E.02882
G1 X65.729 Y43.207 E.02088
G1 X64.821 Y43.317 E.03093
G1 X64.181 Y43.371 E.02175
G1 X62.907 Y43.371 E.04314
G1 X62.262 Y43.322 E.02189
G1 X61.69 Y43.253 E.0195
G1 X60.782 Y43.096 E.03119
G1 X60.93 Y42.26 E.02874
G1 X61.828 Y42.42 E.03088
G1 X62.363 Y42.481 E.01825
G1 X62.931 Y42.521 E.01924
G1 X64.217 Y42.521 E.04355
G1 X64.765 Y42.48 E.0186
G1 X65.621 Y42.368 E.02921
G1 X66.148 Y42.265 E.0182
M204 S10000
G1 X65.843 Y42.759 F7200
M204 S1500
;TYPE:Inner wall
;WIDTH:0.445266
G1 F1491.254
G1 X65.665 Y42.789 E.00606
;WIDTH:0.439116
G1 F1514.402
G1 X64.785 Y42.899 E.0292
;WIDTH:0.442918
G1 F1500.007
G1 X64.181 Y42.946 E.02015
G1 X62.904 Y42.946 E.04248
G1 X62.307 Y42.901 E.01991
;WIDTH:0.439408
G1 F1513.287
G1 X61.779 Y42.839 E.01752
;WIDTH:0.440734
G1 F1508.242
G1 X61.272 Y42.76 E.01698
; stop printing object fidget-finger-massager-2000-rods-rod-09.stl id:0 copy 0
; printing object fidget-finger-massager-2000-rods-rod-06.stl id:0 copy 0
M204 S10000
G1 E-.8 F1800
G1 X58.245 Y44.105 Z14.8 F7200
G1 Z14.4
G1 E.8 F1800
M204 S500
;TYPE:Outer wall
;WIDTH:0.449999
G1 F1473.915
G1 X58.17 Y44.471 E.01264
G1 X58.086 Y45.004 E.01825
G1 X58.024 Y45.539 E.01825
G1 X57.984 Y46.106 E.01924
G1 X57.984 Y47.393 E.04355
G1 X58.025 Y47.941 E.0186
G1 X58.137 Y48.796 E.02921
G1 X58.247 Y49.363 E.01955
G1 X57.41 Y49.511 E.02877
G1 X57.3 Y48.939 E.01972
G1 X57.225 Y48.424 E.01763
G1 X57.169 Y47.896 E.01798
G1 X57.134 Y47.363 E.01807
G1 X57.134 Y46.083 E.04334
G1 X57.183 Y45.438 E.02189
G1 X57.252 Y44.866 E.0195
G1 X57.409 Y43.958 E.03119
G1 X58.206 Y44.098 E.02739
M204 S10000
G1 E-.8 F1800
G1 X57.748 Y49.02 Z14.8 F7200
G1 Z14.4
G1 E.8 F1800
M204 S1500
;TYPE:Inner wall
;WIDTH:0.448978
G1 F1477.621
G1 X57.65 Y48.378 E.02191
G1 X57.593 Y47.867 E.01737
;WIDTH:0.44292
G1 F1500
G1 X57.559 Y47.363 E.01681
G1 X57.559 Y46.106 E.0418
G1 X57.593 Y45.602 E.01681
;WIDTH:0.443076
G1 F1499.415
G1 X57.647 Y45.092 E.01705
G1 X57.745 Y44.447 E.0217
; stop printing object fidget-finger-massager-2000-rods-rod-06.stl id:0 copy 0
; printing object fidget-finger-massager-2000-rods-rod-08.stl id:0 copy 0
M204 S10000
G1 E-.8 F1800
G1 X54.642 Y44.105 Z14.8 F7200
G1 Z14.4
G1 E.8 F1800
M204 S500
;TYPE:Outer wall
;WIDTH:0.449999
G1 F1473.915
G1 X54.567 Y44.471 E.01264
G1 X54.483 Y45.004 E.01825
G1 X54.421 Y45.539 E.01825
G1 X54.381 Y46.106 E.01924
G1 X54.381 Y47.393 E.04355
G1 X54.422 Y47.941 E.0186
G1 X54.535 Y48.796 E.02921
G1 X54.645 Y49.363 E.01955
G1 X53.808 Y49.511 E.02877
G1 X53.697 Y48.939 E.01972
G1 X53.622 Y48.424 E.01763
G1 X53.566 Y47.896 E.01798
G1 X53.531 Y47.363 E.01807
G1 X53.531 Y46.083 E.04334
G1 X53.58 Y45.438 E.02189
G1 X53.649 Y44.866 E.0195
G1 X53.806 Y43.958 E.03119
G1 X54.603 Y44.098 E.02739
M204 S10000
G1 E-.8 F1800
G1 X54.145 Y49.02 Z14.8 F7200
G1 Z14.4
G1 E.8 F1800
M204 S1500
;TYPE:Inner wall
;WIDTH:0.448978
G1 F1477.621
G1 X54.048 Y48.378 E.02191
G1 X53.99 Y47.867 E.01737
;WIDTH:0.44292
G1 F1500
G1 X53.956 Y47.363 E.01681
G1 X53.956 Y46.106 E.0418
G1 X53.99 Y45.602 E.01681
;WIDTH:0.443076
G1 F1499.415
G1 X54.045 Y45.092 E.01705
G1 X54.142 Y44.447 E.0217
; stop printing object fidget-finger-massager-2000-rods-rod-08.stl id:0 copy 0
;LAYER_CHANGE
;Z:14.6
;HEIGHT:0.200001
G92 E0
;_SET_FAN_SPEED_CHANGING_LAYER
; printing object fidget-finger-massager-2000-rods-rod-07.stl id:0 copy 0
M204 S10000
G1 E-.8 F1800
G1 X54.628 Y52.064 Z15 F7200
G1 X54.642 Y52.287 Z15
G1 Z14.6
G1 E.8 F1800
M204 S500
;TYPE:Outer wall
;WIDTH:0.449999
G1 F1473.915
G1 X54.567 Y52.655 E.0127
G1 X54.483 Y53.186 E.01823
G1 X54.421 Y53.721 E.01823
G1 X54.381 Y54.288 E.01922
G1 X54.381 Y55.574 E.04355
G1 X54.422 Y56.122 E.01858
G1 X54.536 Y56.989 E.0296
G1 X54.645 Y57.545 E.01918
G1 X53.808 Y57.693 E.02877
G1 X53.699 Y57.132 E.01934
G1 X53.623 Y56.609 E.01786
G1 X53.566 Y56.079 E.01805
G1 X53.531 Y55.544 E.01814
G1 X53.531 Y54.264 E.04333
G1 X53.58 Y53.62 E.02187
G1 X53.649 Y53.049 E.01948
G1 X53.806 Y52.139 E.03123
G1 X54.603 Y52.28 E.02739
M204 S10000
G1 E-.8 F1800
G1 X54.145 Y57.202 Z15 F7200
G1 Z14.6
G1 E.8 F1800
M204 S1500
;TYPE:Inner wall
;WIDTH:0.449156
G1 F1476.974
G1 X54.048 Y56.564 E.02179
G1 X53.99 Y56.051 E.01744
;WIDTH:0.44292
G1 F1500
G1 X53.956 Y55.544 E.01688
G1 X53.956 Y54.288 E.04179
G1 X53.99 Y53.781 E.01688
;WIDTH:0.443026
G1 F1499.603
G1 X54.045 Y53.27 E.01712
G1 X54.142 Y52.629 E.02156
; stop printing object fidget-finger-massager-2000-rods-rod-07.stl id:0 copy 0
; printing object fidget-finger-massager-2000-rods-rod-04.stl id:0 copy 0
M204 S10000
G1 E-.8 F1800
G1 X58.245 Y52.287 Z15 F7200
G1 Z14.6
G1 E.8 F1800
M204 S500
;TYPE:Outer wall
;WIDTH:0.449999
G1 F1473.915
G1 X58.17 Y52.655 E.0127
G1 X58.085 Y53.186 E.01823
G1 X58.024 Y53.721 E.01823
G1 X57.984 Y54.288 E.01922
G1 X57.984 Y55.574 E.04355
G1 X58.025 Y56.122 E.01858
G1 X58.139 Y56.989 E.0296
G1 X58.247 Y57.545 E.01918
G1 X57.41 Y57.693 E.02877
G1 X57.302 Y57.132 E.01934
G1 X57.225 Y56.609 E.01786
G1 X57.169 Y56.079 E.01805
G1 X57.134 Y55.544 E.01814
G1 X57.134 Y54.264 E.04333
G1 X57.183 Y53.62 E.02187
G1 X57.252 Y53.049 E.01948
G1 X57.409 Y52.139 E.03123
G1 X58.206 Y52.28 E.02739
M204 S10000
G1 E-.8 F1800
G1 X57.748 Y57.202 Z15 F7200
G1 Z14.6
G1 E.8 F1800
M204 S1500
;TYPE:Inner wall
;WIDTH:0.449156
G1 F1476.974
G1 X57.651 Y56.564 E.02179
G1 X57.593 Y56.051 E.01744
;WIDTH:0.44292
G1 F1500
G1 X57.559 Y55.544 E.01688
G1 X57.559 Y54.288 E.04179
G1 X57.593 Y53.781 E.01688
;WIDTH:0.443026
G1 F1499.603
G1 X57.648 Y53.27 E.01712
G1 X57.745 Y52.629 E.02156
; stop printing object fidget-finger-massager-2000-rods-rod-04.stl id:0 copy 0
; printing object fidget-finger-massager-2000-rods-rod-01.stl id:0 copy 0
M204 S10000
G1 E-.8 F1800
G1 X64.636 Y55.909 Z15 F7200
G1 X66.232 Y56.669 Z15
G1 Z14.6
G1 E.8 F1800
M204 S500
;TYPE:Outer wall
;WIDTH:0.449999
G1 F1473.915
G1 X66.38 Y57.507 E.02882
G1 X65.784 Y57.617 E.02051
G1 X64.867 Y57.73 E.03127
G1 X64.258 Y57.772 E.02067
G1 X62.951 Y57.782 E.04423
G1 X62.307 Y57.733 E.02188
G1 X61.735 Y57.665 E.01948
G1 X60.826 Y57.507 E.03123
G1 X60.973 Y56.671 E.02874
G1 X61.873 Y56.831 E.03092
G1 X62.408 Y56.893 E.01823
G1 X62.972 Y56.932 E.01914
G1 X64.261 Y56.932 E.04363
G1 X64.808 Y56.892 E.01858
G1 X65.675 Y56.777 E.0296
G1 X66.192 Y56.676 E.01783
M204 S10000
G1 X65.887 Y57.17 F7200
M204 S1500
;TYPE:Inner wall
;WIDTH:0.445092
G1 F1491.899
G1 X65.72 Y57.198 E.00569
;WIDTH:0.439306
G1 F1513.676
G1 X64.829 Y57.311 E.0296
;WIDTH:0.433002
G1 F1538.138
G1 X64.254 Y57.352 E.01867
;WIDTH:0.442754
G1 F1500.623
G1 X62.948 Y57.357 E.04343
G1 X62.352 Y57.312 E.01989
;WIDTH:0.439432
G1 F1513.195
G1 X61.824 Y57.251 E.0175
;WIDTH:0.440828
G1 F1507.886
G1 X61.316 Y57.172 E.01703
; stop printing object fidget-finger-massager-2000-rods-rod-01.stl id:0 copy 0
; printing object fidget-finger-massager-2000-rods-rod-02.stl id:0 copy 0
M204 S10000
G1 E-.8 F1800
G1 X66.232 Y53.066 Z15 F7200
G1 Z14.6
G1 E.8 F1800
M204 S500
;TYPE:Outer wall
;WIDTH:0.449999
G1 F1473.915
G1 X66.38 Y53.904 E.02882
G1 X65.784 Y54.014 E.02051
G1 X64.867 Y54.127 E.03127
G1 X64.258 Y54.169 E.02067
G1 X62.951 Y54.179 E.04423
G1 X62.307 Y54.13 E.02188
G1 X61.735 Y54.062 E.01948
G1 X60.826 Y53.904 E.03123
G1 X60.973 Y53.068 E.02874
G1 X61.873 Y53.228 E.03092
G1 X62.408 Y53.29 E.01823
G1 X62.972 Y53.329 E.01914
G1 X64.261 Y53.329 E.04363
G1 X64.808 Y53.289 E.01858
G1 X65.675 Y53.174 E.0296
G1 X66.192 Y53.074 E.01783
M204 S10000
G1 X65.887 Y53.567 F7200
M204 S1500
;TYPE:Inner wall
;WIDTH:0.445092
G1 F1491.899
G1 X65.72 Y53.596 E.00569
;WIDTH:0.439306
G1 F1513.676
G1 X64.829 Y53.709 E.0296
;WIDTH:0.433002
G1 F1538.138
G1 X64.254 Y53.749 E.01867
;WIDTH:0.442754
G1 F1500.623
G1 X62.948 Y53.754 E.04343
G1 X62.352 Y53.71 E.01989
;WIDTH:0.439432
G1 F1513.195
G1 X61.824 Y53.648 E.0175
;WIDTH:0.440828
G1 F1507.886
G1 X61.316 Y53.569 E.01703
; stop printing object fidget-finger-massager-2000-rods-rod-02.stl id:0 copy 0
; printing object fidget-finger-massager-2000-rods-rod-03.stl id:0 copy 0
M204 S10000
G1 E-.8 F1800
G1 X66.232 Y49.463 Z15 F7200
G1 Z14.6
G1 E.8 F1800
M204 S500
;TYPE:Outer wall
;WIDTH:0.449999
G1 F1473.915
G1 X66.38 Y50.302 E.02882
G1 X65.784 Y50.411 E.02051
G1 X64.867 Y50.524 E.03127
G1 X64.258 Y50.566 E.02067
G1 X62.951 Y50.576 E.04423
G1 X62.307 Y50.528 E.02188
G1 X61.735 Y50.459 E.01948
G1 X60.826 Y50.302 E.03123
G1 X60.973 Y49.466 E.02874
G1 X61.873 Y49.625 E.03092
G1 X62.408 Y49.687 E.01823
G1 X62.972 Y49.726 E.01914
G1 X64.261 Y49.726 E.04363
G1 X64.808 Y49.686 E.01858
G1 X65.675 Y49.571 E.0296
G1 X66.192 Y49.471 E.01783
M204 S10000
G1 X65.887 Y49.964 F7200
M204 S1500
;TYPE:Inner wall
;WIDTH:0.445092
G1 F1491.899
G1 X65.72 Y49.993 E.00569
;WIDTH:0.439306
G1 F1513.676
G1 X64.829 Y50.106 E.0296
;WIDTH:0.433002
G1 F1538.138
G1 X64.254 Y50.146 E.01867
;WIDTH:0.442754
G1 F1500.623
G1 X62.948 Y50.151 E.04343
G1 X62.352 Y50.107 E.01989
;WIDTH:0.439432
G1 F1513.195
G1 X61.824 Y50.045 E.0175
;WIDTH:0.440828
G1 F1507.886
G1 X61.316 Y49.966 E.01703
; stop printing object fidget-finger-massager-2000-rods-rod-03.stl id:0 copy 0
; printing object fidget-finger-massager-2000-rods-rod-05.stl id:0 copy 0
M204 S10000
G1 E-.8 F1800
M73 P82 R3
G1 X66.232 Y45.86 Z15 F7200
G1 Z14.6
G1 E.8 F1800
M204 S500
;TYPE:Outer wall
;WIDTH:0.449999
G1 F1473.915
G1 X66.38 Y46.699 E.02882
G1 X65.784 Y46.808 E.02051
G1 X64.867 Y46.921 E.03127
G1 X64.258 Y46.964 E.02067
G1 X62.951 Y46.974 E.04423
G1 X62.307 Y46.925 E.02188
G1 X61.735 Y46.856 E.01948
G1 X60.826 Y46.699 E.03123
G1 X60.973 Y45.863 E.02874
G1 X61.873 Y46.022 E.03092
G1 X62.408 Y46.084 E.01823
G1 X62.972 Y46.124 E.01914
G1 X64.261 Y46.124 E.04363
G1 X64.808 Y46.083 E.01858
G1 X65.675 Y45.969 E.0296
G1 X66.192 Y45.868 E.01783
M204 S10000
G1 X65.887 Y46.362 F7200
M204 S1500
;TYPE:Inner wall
;WIDTH:0.445092
G1 F1491.899
G1 X65.72 Y46.39 E.00569
;WIDTH:0.439306
G1 F1513.676
G1 X64.829 Y46.503 E.0296
;WIDTH:0.433002
G1 F1538.138
G1 X64.254 Y46.544 E.01867
;WIDTH:0.442754
G1 F1500.623
G1 X62.948 Y46.549 E.04343
G1 X62.352 Y46.504 E.01989
;WIDTH:0.439432
G1 F1513.195
G1 X61.824 Y46.442 E.0175
;WIDTH:0.440828
G1 F1507.886
G1 X61.316 Y46.363 E.01703
; stop printing object fidget-finger-massager-2000-rods-rod-05.stl id:0 copy 0
; printing object fidget-finger-massager-2000-rods-rod-09.stl id:0 copy 0
M204 S10000
G1 E-.8 F1800
G1 X66.188 Y42.258 Z15 F7200
G1 Z14.6
G1 E.8 F1800
M204 S500
;TYPE:Outer wall
;WIDTH:0.449999
G1 F1473.915
G1 X66.336 Y43.096 E.02882
G1 X65.74 Y43.206 E.02051
G1 X64.823 Y43.319 E.03127
G1 X64.214 Y43.361 E.02067
G1 X62.907 Y43.371 E.04423
G1 X62.263 Y43.322 E.02188
G1 X61.691 Y43.253 E.01948
G1 X60.782 Y43.096 E.03123
G1 X60.93 Y42.26 E.02874
G1 X61.829 Y42.42 E.03092
G1 X62.364 Y42.482 E.01823
G1 X62.928 Y42.521 E.01914
G1 X64.217 Y42.521 E.04363
G1 X64.765 Y42.48 E.01858
G1 X65.632 Y42.366 E.0296
G1 X66.148 Y42.265 E.01783
M204 S10000
G1 X65.843 Y42.759 F7200
M204 S1500
;TYPE:Inner wall
;WIDTH:0.445092
G1 F1491.899
G1 X65.676 Y42.787 E.00569
;WIDTH:0.439306
G1 F1513.676
G1 X64.785 Y42.9 E.0296
;WIDTH:0.433002
G1 F1538.138
G1 X64.21 Y42.941 E.01867
;WIDTH:0.442754
G1 F1500.623
G1 X62.904 Y42.946 E.04343
G1 X62.308 Y42.901 E.01989
;WIDTH:0.439432
G1 F1513.195
G1 X61.78 Y42.84 E.0175
;WIDTH:0.440828
G1 F1507.886
G1 X61.272 Y42.761 E.01703
; stop printing object fidget-finger-massager-2000-rods-rod-09.stl id:0 copy 0
; printing object fidget-finger-massager-2000-rods-rod-06.stl id:0 copy 0
M204 S10000
G1 E-.8 F1800
G1 X58.245 Y44.105 Z15 F7200
G1 Z14.6
G1 E.8 F1800
M204 S500
;TYPE:Outer wall
;WIDTH:0.449999
G1 F1473.915
G1 X58.17 Y44.473 E.0127
G1 X58.085 Y45.005 E.01823
G1 X58.024 Y45.54 E.01823
G1 X57.984 Y46.106 E.01922
G1 X57.984 Y47.393 E.04355
G1 X58.025 Y47.94 E.01858
G1 X58.139 Y48.807 E.0296
G1 X58.247 Y49.364 E.01918
G1 X57.41 Y49.511 E.02877
G1 X57.302 Y48.95 E.01934
G1 X57.225 Y48.428 E.01786
G1 X57.169 Y47.898 E.01805
G1 X57.134 Y47.363 E.01814
G1 X57.134 Y46.083 E.04333
G1 X57.183 Y45.438 E.02187
G1 X57.252 Y44.867 E.01948
G1 X57.409 Y43.958 E.03123
G1 X58.206 Y44.098 E.02739
M204 S10000
G1 E-.8 F1800
G1 X57.748 Y49.02 Z15 F7200
G1 Z14.6
G1 E.8 F1800
M204 S1500
;TYPE:Inner wall
;WIDTH:0.449156
G1 F1476.974
G1 X57.651 Y48.382 E.02179
G1 X57.593 Y47.869 E.01744
;WIDTH:0.44292
G1 F1500
G1 X57.559 Y47.363 E.01688
G1 X57.559 Y46.106 E.04179
G1 X57.593 Y45.6 E.01688
;WIDTH:0.443026
G1 F1499.603
G1 X57.648 Y45.088 E.01712
G1 X57.745 Y44.448 E.02156
; stop printing object fidget-finger-massager-2000-rods-rod-06.stl id:0 copy 0
; printing object fidget-finger-massager-2000-rods-rod-08.stl id:0 copy 0
M204 S10000
G1 E-.8 F1800
G1 X54.642 Y44.105 Z15 F7200
G1 Z14.6
G1 E.8 F1800
M204 S500
;TYPE:Outer wall
;WIDTH:0.449999
G1 F1473.915
G1 X54.567 Y44.473 E.0127
G1 X54.483 Y45.005 E.01823
G1 X54.421 Y45.54 E.01823
G1 X54.381 Y46.106 E.01922
G1 X54.381 Y47.393 E.04355
G1 X54.422 Y47.94 E.01858
G1 X54.536 Y48.807 E.0296
G1 X54.645 Y49.364 E.01918
G1 X53.808 Y49.511 E.02877
G1 X53.699 Y48.95 E.01934
G1 X53.623 Y48.428 E.01786
G1 X53.566 Y47.898 E.01805
G1 X53.531 Y47.363 E.01814
G1 X53.531 Y46.083 E.04333
G1 X53.58 Y45.438 E.02187
G1 X53.649 Y44.867 E.01948
G1 X53.806 Y43.958 E.03123
G1 X54.603 Y44.098 E.02739
M204 S10000
G1 E-.8 F1800
G1 X54.145 Y49.02 Z15 F7200
G1 Z14.6
G1 E.8 F1800
M204 S1500
;TYPE:Inner wall
;WIDTH:0.449156
G1 F1476.974
G1 X54.048 Y48.382 E.02179
G1 X53.99 Y47.869 E.01744
;WIDTH:0.44292
G1 F1500
G1 X53.956 Y47.363 E.01688
G1 X53.956 Y46.106 E.04179
G1 X53.99 Y45.6 E.01688
;WIDTH:0.443026
G1 F1499.603
G1 X54.045 Y45.088 E.01712
G1 X54.142 Y44.448 E.02156
; stop printing object fidget-finger-massager-2000-rods-rod-08.stl id:0 copy 0
;LAYER_CHANGE
;Z:14.8
;HEIGHT:0.2
G92 E0
;_SET_FAN_SPEED_CHANGING_LAYER
; printing object fidget-finger-massager-2000-rods-rod-07.stl id:0 copy 0
M204 S10000
G1 E-.8 F1800
G1 X54.628 Y52.064 Z15.2 F7200
G1 X54.642 Y52.287 Z15.2
G1 Z14.8
G1 E.8 F1800
M204 S500
;TYPE:Outer wall
;WIDTH:0.449999
G1 F1473.915
G1 X54.567 Y52.656 E.01276
G1 X54.482 Y53.188 E.0182
G1 X54.421 Y53.722 E.01821
G1 X54.381 Y54.288 E.0192
G1 X54.381 Y55.574 E.04355
G1 X54.422 Y56.121 E.01856
G1 X54.538 Y56.999 E.02997
G1 X54.644 Y57.545 E.01883
G1 X53.808 Y57.693 E.02877
G1 X53.697 Y57.115 E.01991
G1 X53.623 Y56.614 E.01715
G1 X53.566 Y56.081 E.01812
G1 X53.531 Y55.544 E.01821
G1 X53.531 Y54.264 E.04332
G1 X53.58 Y53.621 E.02186
G1 X53.648 Y53.05 E.01945
G1 X53.806 Y52.14 E.03126
G1 X54.603 Y52.28 E.02739
M204 S10000
G1 E-.8 F1800
G1 X54.145 Y57.202 Z15.2 F7200
G1 Z14.8
G1 E.8 F1800
M204 S1500
;TYPE:Inner wall
;WIDTH:0.449328
G1 F1476.349
G1 X54.049 Y56.568 E.02166
G1 X53.99 Y56.053 E.01752
;WIDTH:0.44292
G1 F1500
G1 X53.956 Y55.544 E.01695
G1 X53.956 Y54.288 E.04179
G1 X53.99 Y53.779 E.01695
G1 X54.046 Y53.265 E.01719
G1 X54.142 Y52.63 E.02139
; stop printing object fidget-finger-massager-2000-rods-rod-07.stl id:0 copy 0
; printing object fidget-finger-massager-2000-rods-rod-04.stl id:0 copy 0
M204 S10000
G1 E-.8 F1800
G1 X58.245 Y52.287 Z15.2 F7200
G1 Z14.8
G1 E.8 F1800
M204 S500
;TYPE:Outer wall
;WIDTH:0.449999
G1 F1473.915
G1 X58.169 Y52.656 E.01276
G1 X58.085 Y53.188 E.0182
G1 X58.023 Y53.722 E.01821
G1 X57.984 Y54.288 E.0192
G1 X57.984 Y55.574 E.04355
G1 X58.025 Y56.121 E.01856
G1 X58.141 Y56.999 E.02997
G1 X58.247 Y57.545 E.01883
G1 X57.41 Y57.693 E.02877
G1 X57.299 Y57.115 E.01991
G1 X57.226 Y56.614 E.01715
G1 X57.169 Y56.081 E.01812
G1 X57.134 Y55.544 E.01821
G1 X57.134 Y54.264 E.04332
G1 X57.183 Y53.621 E.02186
G1 X57.251 Y53.05 E.01945
G1 X57.409 Y52.14 E.03126
G1 X58.206 Y52.28 E.02739
M204 S10000
G1 E-.8 F1800
G1 X57.747 Y57.202 Z15.2 F7200
G1 Z14.8
G1 E.8 F1800
M204 S1500
;TYPE:Inner wall
;WIDTH:0.449328
G1 F1476.349
G1 X57.652 Y56.568 E.02166
G1 X57.593 Y56.053 E.01752
;WIDTH:0.44292
G1 F1500
G1 X57.559 Y55.544 E.01695
G1 X57.559 Y54.288 E.04179
G1 X57.593 Y53.779 E.01695
G1 X57.648 Y53.265 E.01719
G1 X57.744 Y52.63 E.02139
; stop printing object fidget-finger-massager-2000-rods-rod-04.stl id:0 copy 0
; printing object fidget-finger-massager-2000-rods-rod-01.stl id:0 copy 0
M204 S10000
G1 E-.8 F1800
G1 X64.636 Y55.909 Z15.2 F7200
G1 X66.232 Y56.669 Z15.2
G1 Z14.8
G1 E.8 F1800
M204 S500
;TYPE:Outer wall
;WIDTH:0.449999
G1 F1473.915
G1 X66.38 Y57.507 E.02881
G1 X65.794 Y57.615 E.02014
G1 X64.866 Y57.73 E.03166
G1 X64.257 Y57.773 E.02065
G1 X62.95 Y57.782 E.04426
G1 X62.305 Y57.732 E.0219
G1 X61.728 Y57.666 E.01963
G1 X60.826 Y57.507 E.03101
G1 X60.973 Y56.671 E.02874
G1 X61.874 Y56.831 E.03097
G1 X62.409 Y56.893 E.01821
G1 X62.972 Y56.932 E.01913
G1 X64.261 Y56.932 E.04363
G1 X64.808 Y56.892 E.01856
G1 X65.686 Y56.775 E.02999
G1 X66.192 Y56.677 E.01746
M204 S10000
G1 X65.888 Y57.17 F7200
M204 S1500
;TYPE:Inner wall
;WIDTH:0.44491
G1 F1492.574
G1 X65.731 Y57.197 E.00532
;WIDTH:0.4395
G1 F1512.936
G1 X64.828 Y57.311 E.03
;WIDTH:0.433572
G1 F1535.894
G1 X64.254 Y57.352 E.01868
;WIDTH:0.442762
G1 F1500.593
G1 X62.948 Y57.357 E.04344
G1 X62.354 Y57.312 E.01981
;WIDTH:0.439878
G1 F1511.495
G1 X61.825 Y57.252 E.01755
;WIDTH:0.441166
G1 F1506.607
G1 X61.316 Y57.172 E.01708
; stop printing object fidget-finger-massager-2000-rods-rod-01.stl id:0 copy 0
; printing object fidget-finger-massager-2000-rods-rod-02.stl id:0 copy 0
M204 S10000
G1 E-.8 F1800
G1 X66.232 Y53.066 Z15.2 F7200
G1 Z14.8
G1 E.8 F1800
M204 S500
;TYPE:Outer wall
;WIDTH:0.449999
G1 F1473.915
G1 X66.38 Y53.904 E.02881
G1 X65.794 Y54.012 E.02014
G1 X64.866 Y54.127 E.03166
G1 X64.257 Y54.17 E.02065
G1 X62.95 Y54.179 E.04426
G1 X62.305 Y54.129 E.0219
G1 X61.728 Y54.064 E.01963
G1 X60.826 Y53.904 E.03101
G1 X60.973 Y53.068 E.02874
G1 X61.874 Y53.228 E.03097
G1 X62.409 Y53.29 E.01821
G1 X62.972 Y53.329 E.01913
G1 X64.261 Y53.329 E.04363
G1 X64.808 Y53.289 E.01856
G1 X65.686 Y53.173 E.02999
G1 X66.192 Y53.074 E.01746
M204 S10000
G1 X65.888 Y53.567 F7200
M204 S1500
;TYPE:Inner wall
;WIDTH:0.44491
G1 F1492.574
G1 X65.731 Y53.594 E.00532
;WIDTH:0.4395
G1 F1512.936
G1 X64.828 Y53.709 E.03
;WIDTH:0.433572
G1 F1535.894
G1 X64.254 Y53.749 E.01868
;WIDTH:0.442762
G1 F1500.593
G1 X62.948 Y53.754 E.04344
G1 X62.354 Y53.709 E.01981
;WIDTH:0.439878
G1 F1511.495
G1 X61.825 Y53.649 E.01755
;WIDTH:0.441166
G1 F1506.607
G1 X61.316 Y53.569 E.01708
; stop printing object fidget-finger-massager-2000-rods-rod-02.stl id:0 copy 0
; printing object fidget-finger-massager-2000-rods-rod-03.stl id:0 copy 0
M204 S10000
G1 E-.8 F1800
G1 X66.232 Y49.463 Z15.2 F7200
G1 Z14.8
M73 P82 R2
G1 E.8 F1800
M204 S500
;TYPE:Outer wall
;WIDTH:0.449999
G1 F1473.915
G1 X66.38 Y50.302 E.02881
G1 X65.794 Y50.41 E.02014
G1 X64.866 Y50.524 E.03166
G1 X64.257 Y50.567 E.02065
G1 X62.95 Y50.576 E.04426
G1 X62.305 Y50.527 E.0219
G1 X61.728 Y50.461 E.01963
G1 X60.826 Y50.302 E.03101
G1 X60.973 Y49.466 E.02874
G1 X61.874 Y49.625 E.03097
M73 P83 R2
G1 X62.409 Y49.687 E.01821
G1 X62.972 Y49.726 E.01913
G1 X64.261 Y49.726 E.04363
G1 X64.808 Y49.686 E.01856
G1 X65.686 Y49.57 E.02999
G1 X66.192 Y49.471 E.01746
M204 S10000
G1 X65.888 Y49.965 F7200
M204 S1500
;TYPE:Inner wall
;WIDTH:0.44491
G1 F1492.574
G1 X65.731 Y49.991 E.00532
;WIDTH:0.4395
G1 F1512.936
G1 X64.828 Y50.106 E.03
;WIDTH:0.433572
G1 F1535.894
G1 X64.254 Y50.147 E.01868
;WIDTH:0.442762
G1 F1500.593
G1 X62.948 Y50.151 E.04344
G1 X62.354 Y50.107 E.01981
;WIDTH:0.439878
G1 F1511.495
G1 X61.825 Y50.046 E.01755
;WIDTH:0.441166
G1 F1506.607
G1 X61.316 Y49.966 E.01708
; stop printing object fidget-finger-massager-2000-rods-rod-03.stl id:0 copy 0
; printing object fidget-finger-massager-2000-rods-rod-05.stl id:0 copy 0
M204 S10000
G1 E-.8 F1800
G1 X66.232 Y45.861 Z15.2 F7200
G1 Z14.8
G1 E.8 F1800
M204 S500
;TYPE:Outer wall
;WIDTH:0.449999
G1 F1473.915
G1 X66.38 Y46.699 E.02881
G1 X65.794 Y46.807 E.02014
G1 X64.866 Y46.921 E.03166
G1 X64.257 Y46.964 E.02065
G1 X62.95 Y46.974 E.04426
G1 X62.305 Y46.924 E.0219
G1 X61.728 Y46.858 E.01963
G1 X60.826 Y46.699 E.03101
G1 X60.973 Y45.863 E.02874
G1 X61.874 Y46.023 E.03097
G1 X62.409 Y46.084 E.01821
G1 X62.972 Y46.124 E.01913
G1 X64.261 Y46.124 E.04363
G1 X64.808 Y46.083 E.01856
G1 X65.686 Y45.967 E.02999
G1 X66.192 Y45.868 E.01746
M204 S10000
G1 X65.888 Y46.362 F7200
M204 S1500
;TYPE:Inner wall
;WIDTH:0.44491
G1 F1492.574
G1 X65.731 Y46.388 E.00532
;WIDTH:0.4395
G1 F1512.936
G1 X64.828 Y46.503 E.03
;WIDTH:0.433572
G1 F1535.894
G1 X64.254 Y46.544 E.01868
;WIDTH:0.442762
G1 F1500.593
G1 X62.948 Y46.549 E.04344
G1 X62.354 Y46.504 E.01981
;WIDTH:0.439878
G1 F1511.495
G1 X61.825 Y46.443 E.01755
;WIDTH:0.441166
G1 F1506.607
G1 X61.316 Y46.364 E.01708
; stop printing object fidget-finger-massager-2000-rods-rod-05.stl id:0 copy 0
; printing object fidget-finger-massager-2000-rods-rod-09.stl id:0 copy 0
M204 S10000
G1 E-.8 F1800
G1 X66.188 Y42.258 Z15.2 F7200
G1 Z14.8
G1 E.8 F1800
M204 S500
;TYPE:Outer wall
;WIDTH:0.449999
G1 F1473.915
G1 X66.336 Y43.096 E.02881
G1 X65.751 Y43.204 E.02014
G1 X64.822 Y43.318 E.03166
G1 X64.213 Y43.361 E.02065
G1 X62.906 Y43.371 E.04426
G1 X62.261 Y43.321 E.0219
G1 X61.684 Y43.255 E.01963
G1 X60.782 Y43.096 E.03101
G1 X60.93 Y42.26 E.02874
G1 X61.83 Y42.42 E.03097
G1 X62.365 Y42.482 E.01821
G1 X62.928 Y42.521 E.01913
G1 X64.217 Y42.521 E.04363
G1 X64.764 Y42.48 E.01856
G1 X65.642 Y42.364 E.02999
G1 X66.149 Y42.265 E.01746
M204 S10000
G1 X65.844 Y42.759 F7200
M204 S1500
;TYPE:Inner wall
;WIDTH:0.44491
G1 F1492.574
G1 X65.687 Y42.786 E.00532
;WIDTH:0.4395
G1 F1512.936
G1 X64.784 Y42.9 E.03
;WIDTH:0.433572
G1 F1535.894
G1 X64.21 Y42.941 E.01868
;WIDTH:0.442762
G1 F1500.593
G1 X62.904 Y42.946 E.04344
G1 X62.31 Y42.901 E.01981
;WIDTH:0.439878
G1 F1511.495
G1 X61.782 Y42.841 E.01755
;WIDTH:0.441166
G1 F1506.607
G1 X61.272 Y42.761 E.01708
; stop printing object fidget-finger-massager-2000-rods-rod-09.stl id:0 copy 0
; printing object fidget-finger-massager-2000-rods-rod-06.stl id:0 copy 0
M204 S10000
G1 E-.8 F1800
G1 X58.245 Y44.105 Z15.2 F7200
G1 Z14.8
G1 E.8 F1800
M204 S500
;TYPE:Outer wall
;WIDTH:0.449999
G1 F1473.915
G1 X58.169 Y44.475 E.01276
G1 X58.085 Y45.006 E.0182
G1 X58.023 Y45.54 E.01821
G1 X57.984 Y46.106 E.0192
G1 X57.984 Y47.393 E.04355
G1 X58.025 Y47.94 E.01856
G1 X58.141 Y48.818 E.02997
G1 X58.247 Y49.364 E.01883
G1 X57.41 Y49.511 E.02877
G1 X57.299 Y48.933 E.01991
G1 X57.226 Y48.432 E.01715
G1 X57.169 Y47.9 E.01812
G1 X57.134 Y47.363 E.01821
G1 X57.134 Y46.083 E.04332
G1 X57.183 Y45.439 E.02186
G1 X57.251 Y44.868 E.01945
G1 X57.409 Y43.959 E.03126
G1 X58.206 Y44.098 E.02739
M204 S10000
G1 E-.8 F1800
G1 X57.747 Y49.02 Z15.2 F7200
G1 Z14.8
G1 E.8 F1800
M204 S1500
;TYPE:Inner wall
;WIDTH:0.449328
G1 F1476.349
G1 X57.652 Y48.387 E.02166
G1 X57.593 Y47.871 E.01752
;WIDTH:0.44292
G1 F1500
G1 X57.559 Y47.363 E.01695
G1 X57.559 Y46.106 E.04179
G1 X57.593 Y45.598 E.01695
G1 X57.648 Y45.084 E.01719
G1 X57.744 Y44.448 E.02139
; stop printing object fidget-finger-massager-2000-rods-rod-06.stl id:0 copy 0
; printing object fidget-finger-massager-2000-rods-rod-08.stl id:0 copy 0
M204 S10000
G1 E-.8 F1800
G1 X54.642 Y44.105 Z15.2 F7200
G1 Z14.8
G1 E.8 F1800
M204 S500
;TYPE:Outer wall
;WIDTH:0.449999
G1 F1473.915
G1 X54.567 Y44.475 E.01276
G1 X54.482 Y45.006 E.0182
G1 X54.421 Y45.54 E.01821
G1 X54.381 Y46.106 E.0192
G1 X54.381 Y47.393 E.04355
G1 X54.422 Y47.94 E.01856
G1 X54.538 Y48.818 E.02997
G1 X54.644 Y49.364 E.01883
G1 X53.808 Y49.511 E.02877
G1 X53.697 Y48.933 E.01991
G1 X53.623 Y48.432 E.01715
G1 X53.566 Y47.9 E.01812
G1 X53.531 Y47.363 E.01821
G1 X53.531 Y46.083 E.04332
G1 X53.58 Y45.439 E.02186
G1 X53.648 Y44.868 E.01945
G1 X53.806 Y43.959 E.03126
G1 X54.603 Y44.098 E.02739
M204 S10000
G1 E-.8 F1800
G1 X54.145 Y49.02 Z15.2 F7200
G1 Z14.8
G1 E.8 F1800
M204 S1500
;TYPE:Inner wall
;WIDTH:0.449328
G1 F1476.349
G1 X54.049 Y48.387 E.02166
G1 X53.99 Y47.871 E.01752
;WIDTH:0.44292
G1 F1500
G1 X53.956 Y47.363 E.01695
G1 X53.956 Y46.106 E.04179
G1 X53.99 Y45.598 E.01695
G1 X54.046 Y45.084 E.01719
G1 X54.142 Y44.448 E.02139
; stop printing object fidget-finger-massager-2000-rods-rod-08.stl id:0 copy 0
;LAYER_CHANGE
;Z:15
;HEIGHT:0.2
G92 E0
;_SET_FAN_SPEED_CHANGING_LAYER
; printing object fidget-finger-massager-2000-rods-rod-07.stl id:0 copy 0
M204 S10000
G1 E-.8 F1800
G1 X54.628 Y52.065 Z15.4 F7200
G1 X54.642 Y52.287 Z15.4
G1 Z15
G1 E.8 F1800
M204 S500
;TYPE:Outer wall
;WIDTH:0.449999
G1 F1473.915
G1 X54.566 Y52.658 E.01283
G1 X54.482 Y53.189 E.01818
G1 X54.421 Y53.723 E.01818
G1 X54.381 Y54.288 E.01918
G1 X54.381 Y55.574 E.04355
G1 X54.422 Y56.121 E.01854
G1 X54.539 Y57.009 E.03031
G1 X54.644 Y57.545 E.01851
G1 X53.807 Y57.693 E.02877
G1 X53.697 Y57.117 E.01984
G1 X53.624 Y56.618 E.01708
G1 X53.567 Y56.083 E.01819
G1 X53.531 Y55.544 E.01829
G1 X53.531 Y54.265 E.04332
G1 X53.58 Y53.621 E.02185
G1 X53.648 Y53.051 E.01943
G1 X53.806 Y52.14 E.0313
G1 X54.603 Y52.28 E.02738
M204 S10000
G1 E-.8 F1800
G1 X54.144 Y57.202 Z15.4 F7200
G1 Z15
G1 E.8 F1800
M204 S1500
;TYPE:Inner wall
;WIDTH:0.4495
G1 F1475.724
G1 X54.049 Y56.572 E.02153
G1 X53.991 Y56.055 E.0176
;WIDTH:0.44292
G1 F1500
G1 X53.956 Y55.544 E.01702
G1 X53.956 Y54.288 E.04179
G1 X53.991 Y53.777 E.01702
G1 X54.046 Y53.261 E.01726
G1 X54.142 Y52.629 E.02125
; stop printing object fidget-finger-massager-2000-rods-rod-07.stl id:0 copy 0
; printing object fidget-finger-massager-2000-rods-rod-04.stl id:0 copy 0
M204 S10000
G1 E-.8 F1800
G1 X58.245 Y52.287 Z15.4 F7200
G1 Z15
G1 E.8 F1800
M204 S500
;TYPE:Outer wall
;WIDTH:0.449999
G1 F1473.915
G1 X58.169 Y52.658 E.01283
G1 X58.085 Y53.189 E.01818
G1 X58.023 Y53.723 E.01818
G1 X57.984 Y54.288 E.01918
G1 X57.984 Y55.574 E.04355
G1 X58.025 Y56.121 E.01854
G1 X58.142 Y57.009 E.03031
G1 X58.247 Y57.545 E.01851
G1 X57.41 Y57.693 E.02877
G1 X57.3 Y57.117 E.01984
G1 X57.226 Y56.618 E.01708
G1 X57.169 Y56.083 E.01819
G1 X57.134 Y55.544 E.01829
G1 X57.134 Y54.265 E.04332
G1 X57.183 Y53.621 E.02185
G1 X57.251 Y53.051 E.01943
G1 X57.409 Y52.14 E.0313
G1 X58.206 Y52.28 E.02738
M204 S10000
G1 E-.8 F1800
G1 X57.747 Y57.202 Z15.4 F7200
G1 Z15
G1 E.8 F1800
M204 S1500
;TYPE:Inner wall
;WIDTH:0.4495
G1 F1475.724
G1 X57.652 Y56.572 E.02153
G1 X57.593 Y56.055 E.0176
;WIDTH:0.44292
G1 F1500
G1 X57.559 Y55.544 E.01702
G1 X57.559 Y54.288 E.04179
G1 X57.593 Y53.777 E.01702
G1 X57.649 Y53.261 E.01726
G1 X57.744 Y52.629 E.02125
; stop printing object fidget-finger-massager-2000-rods-rod-04.stl id:0 copy 0
; printing object fidget-finger-massager-2000-rods-rod-01.stl id:0 copy 0
M204 S10000
G1 E-.8 F1800
G1 X64.635 Y55.911 Z15.4 F7200
G1 X66.232 Y56.671 Z15.4
G1 Z15
G1 E.8 F1800
M204 S500
;TYPE:Outer wall
;WIDTH:0.449999
G1 F1473.915
G1 X66.38 Y57.507 E.02874
G1 X65.461 Y57.669 E.03156
G1 X64.778 Y57.746 E.02328
G1 X64.245 Y57.782 E.01807
G1 X62.96 Y57.782 E.04349
G1 X62.427 Y57.746 E.01809
G1 X61.893 Y57.689 E.0182
G1 X61.361 Y57.61 E.01817
G1 X60.828 Y57.506 E.0184
G1 X60.979 Y56.67 E.02876
G1 X61.52 Y56.775 E.01866
G1 X62.409 Y56.893 E.03036
G1 X62.975 Y56.932 E.0192
G1 X64.261 Y56.932 E.04355
G1 X64.804 Y56.892 E.01843
G1 X65.338 Y56.83 E.0182
G1 X66.193 Y56.678 E.02938
M204 S10000
G1 X65.89 Y57.172 F7200
M204 S1500
;TYPE:Inner wall
;WIDTH:0.441216
G1 F1506.417
G1 X65.379 Y57.252 E.01713
;WIDTH:0.442694
G1 F1500.848
G1 X64.74 Y57.323 E.02137
;WIDTH:0.442918
G1 X64.231 Y57.357 E.01696
G1 X62.975 Y57.357 E.04179
G1 X62.464 Y57.323 E.01702
;WIDTH:0.449498
G1 F1475.732
G1 X61.947 Y57.264 E.0176
G1 X61.32 Y57.17 E.02142
; stop printing object fidget-finger-massager-2000-rods-rod-01.stl id:0 copy 0
; printing object fidget-finger-massager-2000-rods-rod-02.stl id:0 copy 0
M204 S10000
G1 E-.8 F1800
G1 X66.232 Y53.068 Z15.4 F7200
G1 Z15
G1 E.8 F1800
M204 S500
;TYPE:Outer wall
;WIDTH:0.449999
G1 F1473.915
G1 X66.38 Y53.904 E.02874
G1 X65.461 Y54.066 E.03156
G1 X64.778 Y54.143 E.02328
G1 X64.245 Y54.179 E.01807
G1 X62.96 Y54.179 E.04349
G1 X62.427 Y54.143 E.01809
G1 X61.893 Y54.086 E.0182
G1 X61.361 Y54.008 E.01817
G1 X60.828 Y53.903 E.0184
G1 X60.979 Y53.067 E.02876
G1 X61.52 Y53.173 E.01866
G1 X62.409 Y53.29 E.03036
G1 X62.975 Y53.329 E.0192
G1 X64.261 Y53.329 E.04355
G1 X64.804 Y53.289 E.01843
G1 X65.338 Y53.227 E.0182
G1 X66.193 Y53.075 E.02938
M204 S10000
G1 X65.89 Y53.569 F7200
M204 S1500
;TYPE:Inner wall
;WIDTH:0.441216
G1 F1506.417
G1 X65.379 Y53.649 E.01713
;WIDTH:0.442694
G1 F1500.848
G1 X64.74 Y53.72 E.02137
;WIDTH:0.442918
G1 X64.231 Y53.754 E.01696
G1 X62.975 Y53.754 E.04179
G1 X62.464 Y53.72 E.01702
;WIDTH:0.449498
G1 F1475.732
G1 X61.947 Y53.661 E.0176
G1 X61.32 Y53.567 E.02142
; stop printing object fidget-finger-massager-2000-rods-rod-02.stl id:0 copy 0
; printing object fidget-finger-massager-2000-rods-rod-03.stl id:0 copy 0
M204 S10000
G1 E-.8 F1800
G1 X66.232 Y49.466 Z15.4 F7200
G1 Z15
M73 P84 R2
G1 E.8 F1800
M204 S500
;TYPE:Outer wall
;WIDTH:0.449999
G1 F1473.915
G1 X66.38 Y50.302 E.02874
G1 X65.461 Y50.463 E.03156
G1 X64.778 Y50.541 E.02328
G1 X64.245 Y50.576 E.01807
G1 X62.96 Y50.576 E.04349
G1 X62.427 Y50.541 E.01809
G1 X61.893 Y50.483 E.0182
G1 X61.361 Y50.405 E.01817
G1 X60.828 Y50.301 E.0184
G1 X60.979 Y49.464 E.02876
G1 X61.52 Y49.57 E.01866
G1 X62.409 Y49.687 E.03036
G1 X62.975 Y49.726 E.0192
G1 X64.261 Y49.726 E.04355
G1 X64.804 Y49.686 E.01843
G1 X65.338 Y49.624 E.0182
G1 X66.193 Y49.473 E.02938
M204 S10000
G1 X65.89 Y49.966 F7200
M204 S1500
;TYPE:Inner wall
;WIDTH:0.441216
G1 F1506.417
G1 X65.379 Y50.046 E.01713
;WIDTH:0.442694
G1 F1500.848
G1 X64.74 Y50.117 E.02137
;WIDTH:0.442918
G1 X64.231 Y50.151 E.01696
G1 X62.975 Y50.151 E.04179
G1 X62.464 Y50.117 E.01702
;WIDTH:0.449498
G1 F1475.732
G1 X61.947 Y50.058 E.0176
G1 X61.32 Y49.964 E.02142
; stop printing object fidget-finger-massager-2000-rods-rod-03.stl id:0 copy 0
; printing object fidget-finger-massager-2000-rods-rod-05.stl id:0 copy 0
M204 S10000
G1 E-.8 F1800
G1 X66.232 Y45.863 Z15.4 F7200
G1 Z15
G1 E.8 F1800
M204 S500
;TYPE:Outer wall
;WIDTH:0.449999
G1 F1473.915
G1 X66.38 Y46.699 E.02874
G1 X65.461 Y46.86 E.03156
G1 X64.778 Y46.938 E.02328
G1 X64.245 Y46.974 E.01807
G1 X62.96 Y46.974 E.04349
G1 X62.427 Y46.938 E.01809
G1 X61.893 Y46.881 E.0182
G1 X61.361 Y46.802 E.01817
G1 X60.828 Y46.698 E.0184
G1 X60.979 Y45.862 E.02876
G1 X61.52 Y45.967 E.01866
G1 X62.409 Y46.084 E.03036
G1 X62.975 Y46.124 E.0192
G1 X64.261 Y46.124 E.04355
G1 X64.804 Y46.084 E.01843
G1 X65.338 Y46.022 E.0182
G1 X66.193 Y45.87 E.02938
M204 S10000
G1 X65.89 Y46.364 F7200
M204 S1500
;TYPE:Inner wall
;WIDTH:0.441216
G1 F1506.417
G1 X65.379 Y46.444 E.01713
;WIDTH:0.442694
G1 F1500.848
G1 X64.74 Y46.515 E.02137
;WIDTH:0.442918
G1 X64.231 Y46.549 E.01696
G1 X62.975 Y46.549 E.04179
G1 X62.464 Y46.514 E.01702
;WIDTH:0.449498
G1 F1475.732
G1 X61.947 Y46.456 E.0176
G1 X61.32 Y46.361 E.02142
; stop printing object fidget-finger-massager-2000-rods-rod-05.stl id:0 copy 0
; printing object fidget-finger-massager-2000-rods-rod-09.stl id:0 copy 0
M204 S10000
G1 E-.8 F1800
G1 X66.188 Y42.26 Z15.4 F7200
G1 Z15
G1 E.8 F1800
M204 S500
;TYPE:Outer wall
;WIDTH:0.449999
G1 F1473.915
G1 X66.336 Y43.096 E.02874
G1 X65.417 Y43.258 E.03156
G1 X64.734 Y43.335 E.02328
G1 X64.201 Y43.371 E.01807
G1 X62.916 Y43.371 E.04349
G1 X62.383 Y43.335 E.01809
G1 X61.849 Y43.278 E.0182
G1 X61.318 Y43.199 E.01817
G1 X60.784 Y43.095 E.0184
G1 X60.935 Y42.259 E.02876
G1 X61.476 Y42.364 E.01866
G1 X62.365 Y42.482 E.03036
G1 X62.931 Y42.521 E.0192
G1 X64.217 Y42.521 E.04355
G1 X64.76 Y42.481 E.01843
G1 X65.294 Y42.419 E.0182
G1 X66.149 Y42.267 E.02938
M204 S10000
G1 X65.846 Y42.761 F7200
M204 S1500
;TYPE:Inner wall
;WIDTH:0.441216
G1 F1506.417
G1 X65.335 Y42.841 E.01713
;WIDTH:0.442694
G1 F1500.848
G1 X64.696 Y42.912 E.02137
;WIDTH:0.442918
G1 X64.187 Y42.946 E.01696
G1 X62.931 Y42.946 E.04179
G1 X62.42 Y42.912 E.01702
;WIDTH:0.449498
G1 F1475.732
G1 X61.903 Y42.853 E.0176
G1 X61.276 Y42.758 E.02142
; stop printing object fidget-finger-massager-2000-rods-rod-09.stl id:0 copy 0
; printing object fidget-finger-massager-2000-rods-rod-06.stl id:0 copy 0
M204 S10000
G1 E-.8 F1800
G1 X58.245 Y44.105 Z15.4 F7200
G1 Z15
G1 E.8 F1800
M204 S500
;TYPE:Outer wall
;WIDTH:0.449999
G1 F1473.915
G1 X58.169 Y44.477 E.01283
G1 X58.085 Y45.007 E.01818
G1 X58.023 Y45.541 E.01818
G1 X57.984 Y46.106 E.01918
G1 X57.984 Y47.393 E.04355
G1 X58.025 Y47.939 E.01854
G1 X58.142 Y48.827 E.03031
G1 X58.247 Y49.364 E.01851
G1 X57.41 Y49.511 E.02877
G1 X57.3 Y48.935 E.01984
G1 X57.226 Y48.436 E.01708
G1 X57.169 Y47.902 E.01819
G1 X57.134 Y47.363 E.01829
G1 X57.134 Y46.083 E.04332
G1 X57.183 Y45.44 E.02185
G1 X57.251 Y44.87 E.01943
G1 X57.409 Y43.958 E.0313
G1 X58.206 Y44.098 E.02738
M204 S10000
G1 E-.8 F1800
G1 X57.747 Y49.02 Z15.4 F7200
G1 Z15
G1 E.8 F1800
M204 S1500
;TYPE:Inner wall
;WIDTH:0.4495
G1 F1475.724
G1 X57.652 Y48.391 E.02153
G1 X57.593 Y47.873 E.0176
;WIDTH:0.44292
G1 F1500
G1 X57.559 Y47.363 E.01702
G1 X57.559 Y46.106 E.04179
G1 X57.593 Y45.596 E.01702
G1 X57.649 Y45.08 E.01726
G1 X57.744 Y44.448 E.02125
; stop printing object fidget-finger-massager-2000-rods-rod-06.stl id:0 copy 0
; printing object fidget-finger-massager-2000-rods-rod-08.stl id:0 copy 0
M204 S10000
G1 E-.8 F1800
G1 X54.642 Y44.105 Z15.4 F7200
G1 Z15
G1 E.8 F1800
M204 S500
;TYPE:Outer wall
;WIDTH:0.449999
G1 F1473.915
G1 X54.566 Y44.477 E.01283
G1 X54.482 Y45.007 E.01818
G1 X54.421 Y45.541 E.01818
G1 X54.381 Y46.106 E.01918
G1 X54.381 Y47.393 E.04355
G1 X54.422 Y47.939 E.01854
G1 X54.539 Y48.827 E.03031
G1 X54.644 Y49.364 E.01851
G1 X53.807 Y49.511 E.02877
G1 X53.697 Y48.935 E.01984
G1 X53.624 Y48.436 E.01708
G1 X53.567 Y47.902 E.01819
G1 X53.531 Y47.363 E.01829
G1 X53.531 Y46.083 E.04332
G1 X53.58 Y45.44 E.02185
G1 X53.648 Y44.87 E.01943
G1 X53.806 Y43.958 E.0313
G1 X54.603 Y44.098 E.02738
M204 S10000
G1 E-.8 F1800
G1 X54.144 Y49.02 Z15.4 F7200
G1 Z15
G1 E.8 F1800
M204 S1500
;TYPE:Inner wall
;WIDTH:0.4495
G1 F1475.724
G1 X54.049 Y48.391 E.02153
G1 X53.991 Y47.873 E.0176
;WIDTH:0.44292
G1 F1500
G1 X53.956 Y47.363 E.01702
G1 X53.956 Y46.106 E.04179
G1 X53.991 Y45.596 E.01702
G1 X54.046 Y45.08 E.01726
G1 X54.142 Y44.448 E.02125
; stop printing object fidget-finger-massager-2000-rods-rod-08.stl id:0 copy 0
;LAYER_CHANGE
;Z:15.2
;HEIGHT:0.2
G92 E0
;_SET_FAN_SPEED_CHANGING_LAYER
; printing object fidget-finger-massager-2000-rods-rod-07.stl id:0 copy 0
M204 S10000
G1 E-.8 F1800
G1 X54.63 Y52.065 Z15.6 F7200
G1 X54.644 Y52.287 Z15.6
G1 Z15.2
G1 E.8 F1800
M204 S500
;TYPE:Outer wall
;WIDTH:0.449999
G1 F1473.915
G1 X54.54 Y52.822 E.01845
G1 X54.421 Y53.723 E.03075
G1 X54.381 Y54.288 E.01918
G1 X54.381 Y55.721 E.04851
G1 X54.469 Y56.528 E.02748
G1 X54.543 Y57.025 E.01702
G1 X54.642 Y57.545 E.01793
G1 X53.807 Y57.693 E.0287
G1 X53.704 Y57.164 E.01824
G1 X53.625 Y56.631 E.01824
G1 X53.567 Y56.094 E.01827
G1 X53.531 Y55.559 E.01816
G1 X53.531 Y54.274 E.04349
G1 X53.567 Y53.738 E.01816
G1 X53.625 Y53.202 E.01827
G1 X53.704 Y52.668 E.01825
G1 X53.807 Y52.14 E.01823
G1 X54.605 Y52.28 E.02743
M204 S10000
G1 E-.8 F1800
G1 X54.143 Y57.204 Z15.6 F7200
G1 Z15.2
G1 E.8 F1800
M204 S1500
;TYPE:Inner wall
;WIDTH:0.442878
G1 F1500.157
G1 X54.047 Y56.577 E.0211
G1 X53.991 Y56.057 E.01739
G1 X53.956 Y55.544 E.01709
G1 X53.956 Y54.288 E.04178
G1 X53.991 Y53.775 E.01709
;WIDTH:0.449676
G1 F1475.086
G1 X54.05 Y53.256 E.01768
G1 X54.144 Y52.63 E.0214
; stop printing object fidget-finger-massager-2000-rods-rod-07.stl id:0 copy 0
; printing object fidget-finger-massager-2000-rods-rod-04.stl id:0 copy 0
M204 S10000
G1 E-.8 F1800
G1 X58.247 Y52.287 Z15.6 F7200
G1 Z15.2
G1 E.8 F1800
M204 S500
;TYPE:Outer wall
;WIDTH:0.449999
G1 F1473.915
G1 X58.142 Y52.822 E.01845
G1 X58.023 Y53.723 E.03075
G1 X57.984 Y54.288 E.01918
G1 X57.984 Y55.721 E.04851
G1 X58.072 Y56.528 E.02748
G1 X58.145 Y57.025 E.01702
G1 X58.245 Y57.545 E.01793
G1 X57.41 Y57.693 E.0287
G1 X57.307 Y57.164 E.01824
G1 X57.228 Y56.631 E.01824
G1 X57.17 Y56.094 E.01827
G1 X57.134 Y55.559 E.01816
G1 X57.134 Y54.274 E.04349
G1 X57.17 Y53.738 E.01816
G1 X57.228 Y53.202 E.01827
G1 X57.307 Y52.668 E.01825
G1 X57.41 Y52.14 E.01823
G1 X58.208 Y52.28 E.02743
M204 S10000
G1 E-.8 F1800
G1 X57.746 Y57.204 Z15.6 F7200
G1 Z15.2
G1 E.8 F1800
M204 S1500
;TYPE:Inner wall
;WIDTH:0.442878
G1 F1500.157
G1 X57.649 Y56.577 E.0211
G1 X57.594 Y56.057 E.01739
G1 X57.559 Y55.544 E.01709
G1 X57.559 Y54.288 E.04178
G1 X57.594 Y53.775 E.01709
;WIDTH:0.449676
G1 F1475.086
G1 X57.653 Y53.256 E.01768
G1 X57.747 Y52.63 E.0214
; stop printing object fidget-finger-massager-2000-rods-rod-04.stl id:0 copy 0
; printing object fidget-finger-massager-2000-rods-rod-01.stl id:0 copy 0
M204 S10000
G1 E-.8 F1800
G1 X64.638 Y55.911 Z15.6 F7200
G1 X66.232 Y56.669 Z15.6
G1 Z15.2
G1 E.8 F1800
M204 S500
;TYPE:Outer wall
;WIDTH:0.449999
G1 F1473.915
G1 X66.38 Y57.507 E.0288
G1 X65.816 Y57.612 E.01939
G1 X64.865 Y57.729 E.03246
G1 X64.257 Y57.774 E.02062
G1 X62.951 Y57.782 E.04419
G1 X62.308 Y57.733 E.02183
G1 X61.739 Y57.666 E.0194
G1 X60.826 Y57.507 E.03137
G1 X60.973 Y56.671 E.02874
G1 X61.877 Y56.831 E.03105
G1 X62.41 Y56.893 E.01816
G1 X62.973 Y56.932 E.01909
G1 X64.28 Y56.932 E.04426
G1 X65.211 Y56.838 E.03166
G1 X65.708 Y56.772 E.01698
G1 X66.192 Y56.677 E.01672
M204 S10000
G1 X65.888 Y57.17 F7200
M204 S1500
;TYPE:Inner wall
;WIDTH:0.444522
G1 F1494.016
G1 X65.752 Y57.193 E.00459
;WIDTH:0.439884
G1 F1511.472
G1 X64.827 Y57.311 E.0308
;WIDTH:0.434738
G1 F1531.323
G1 X64.254 Y57.353 E.0187
;WIDTH:0.44278
G1 F1500.525
G1 X62.948 Y57.357 E.04342
G1 X62.353 Y57.313 E.01983
;WIDTH:0.439508
G1 F1512.905
G1 X61.828 Y57.251 E.01744
;WIDTH:0.441108
G1 F1506.826
G1 X61.316 Y57.172 E.01717
; stop printing object fidget-finger-massager-2000-rods-rod-01.stl id:0 copy 0
; printing object fidget-finger-massager-2000-rods-rod-02.stl id:0 copy 0
M204 S10000
G1 E-.8 F1800
G1 X66.232 Y53.066 Z15.6 F7200
G1 Z15.2
G1 E.8 F1800
M204 S500
;TYPE:Outer wall
;WIDTH:0.449999
G1 F1473.915
G1 X66.38 Y53.904 E.0288
G1 X65.816 Y54.009 E.01939
G1 X64.865 Y54.126 E.03246
G1 X64.257 Y54.171 E.02062
G1 X62.951 Y54.179 E.04419
G1 X62.308 Y54.131 E.02183
G1 X61.739 Y54.063 E.0194
G1 X60.826 Y53.904 E.03137
G1 X60.973 Y53.068 E.02874
G1 X61.877 Y53.229 E.03105
G1 X62.41 Y53.29 E.01816
G1 X62.973 Y53.329 E.01909
M73 P85 R2
G1 X64.28 Y53.329 E.04426
G1 X65.211 Y53.235 E.03166
G1 X65.708 Y53.169 E.01698
G1 X66.192 Y53.074 E.01672
M204 S10000
G1 X65.888 Y53.568 F7200
M204 S1500
;TYPE:Inner wall
;WIDTH:0.444522
G1 F1494.016
G1 X65.752 Y53.591 E.00459
;WIDTH:0.439884
G1 F1511.472
G1 X64.827 Y53.709 E.0308
;WIDTH:0.434738
G1 F1531.323
G1 X64.254 Y53.75 E.0187
;WIDTH:0.44278
G1 F1500.525
G1 X62.948 Y53.754 E.04342
G1 X62.353 Y53.71 E.01983
;WIDTH:0.439508
G1 F1512.905
G1 X61.828 Y53.649 E.01744
;WIDTH:0.441108
G1 F1506.826
G1 X61.316 Y53.569 E.01717
; stop printing object fidget-finger-massager-2000-rods-rod-02.stl id:0 copy 0
; printing object fidget-finger-massager-2000-rods-rod-03.stl id:0 copy 0
M204 S10000
G1 E-.8 F1800
G1 X66.232 Y49.464 Z15.6 F7200
G1 Z15.2
G1 E.8 F1800
M204 S500
;TYPE:Outer wall
;WIDTH:0.449999
G1 F1473.915
G1 X66.38 Y50.302 E.0288
G1 X65.816 Y50.407 E.01939
G1 X64.865 Y50.524 E.03246
G1 X64.257 Y50.568 E.02062
G1 X62.951 Y50.576 E.04419
G1 X62.308 Y50.528 E.02183
G1 X61.739 Y50.46 E.0194
G1 X60.826 Y50.302 E.03137
G1 X60.973 Y49.466 E.02874
G1 X61.877 Y49.626 E.03105
G1 X62.41 Y49.687 E.01816
G1 X62.973 Y49.726 E.01909
G1 X64.28 Y49.726 E.04426
G1 X65.211 Y49.633 E.03166
G1 X65.708 Y49.566 E.01698
G1 X66.192 Y49.471 E.01672
M204 S10000
G1 X65.888 Y49.965 F7200
M204 S1500
;TYPE:Inner wall
;WIDTH:0.444522
G1 F1494.016
G1 X65.752 Y49.988 E.00459
;WIDTH:0.439884
G1 F1511.472
G1 X64.827 Y50.106 E.0308
;WIDTH:0.434738
G1 F1531.323
G1 X64.254 Y50.147 E.0187
;WIDTH:0.44278
G1 F1500.525
G1 X62.948 Y50.151 E.04342
G1 X62.353 Y50.107 E.01983
;WIDTH:0.439508
G1 F1512.905
G1 X61.828 Y50.046 E.01744
;WIDTH:0.441108
G1 F1506.826
G1 X61.316 Y49.966 E.01717
; stop printing object fidget-finger-massager-2000-rods-rod-03.stl id:0 copy 0
; printing object fidget-finger-massager-2000-rods-rod-05.stl id:0 copy 0
M204 S10000
G1 E-.8 F1800
G1 X66.232 Y45.861 Z15.6 F7200
G1 Z15.2
G1 E.8 F1800
M204 S500
;TYPE:Outer wall
;WIDTH:0.449999
G1 F1473.915
G1 X66.38 Y46.699 E.0288
G1 X65.816 Y46.804 E.01939
G1 X64.865 Y46.921 E.03246
G1 X64.257 Y46.965 E.02062
G1 X62.951 Y46.974 E.04419
G1 X62.308 Y46.925 E.02183
G1 X61.739 Y46.857 E.0194
G1 X60.826 Y46.699 E.03137
G1 X60.973 Y45.863 E.02874
G1 X61.877 Y46.023 E.03105
G1 X62.41 Y46.084 E.01816
G1 X62.973 Y46.124 E.01909
G1 X64.28 Y46.124 E.04426
G1 X65.211 Y46.03 E.03166
G1 X65.708 Y45.964 E.01698
G1 X66.192 Y45.868 E.01672
M204 S10000
G1 X65.888 Y46.362 F7200
M204 S1500
;TYPE:Inner wall
;WIDTH:0.444522
G1 F1494.016
G1 X65.752 Y46.385 E.00459
;WIDTH:0.439884
G1 F1511.472
G1 X64.827 Y46.503 E.0308
;WIDTH:0.434738
G1 F1531.323
G1 X64.254 Y46.545 E.0187
;WIDTH:0.44278
G1 F1500.525
G1 X62.948 Y46.549 E.04342
G1 X62.353 Y46.504 E.01983
;WIDTH:0.439508
G1 F1512.905
G1 X61.828 Y46.443 E.01744
;WIDTH:0.441108
G1 F1506.826
G1 X61.316 Y46.364 E.01717
; stop printing object fidget-finger-massager-2000-rods-rod-05.stl id:0 copy 0
; printing object fidget-finger-massager-2000-rods-rod-09.stl id:0 copy 0
M204 S10000
G1 E-.8 F1800
G1 X66.188 Y42.258 Z15.6 F7200
G1 Z15.2
G1 E.8 F1800
M204 S500
;TYPE:Outer wall
;WIDTH:0.449999
G1 F1473.915
G1 X66.336 Y43.096 E.0288
G1 X65.772 Y43.201 E.01939
G1 X64.821 Y43.318 E.03246
G1 X64.213 Y43.363 E.02062
G1 X62.908 Y43.371 E.04419
G1 X62.264 Y43.322 E.02183
G1 X61.695 Y43.254 E.0194
G1 X60.782 Y43.096 E.03137
G1 X60.93 Y42.26 E.02874
G1 X61.833 Y42.42 E.03105
G1 X62.366 Y42.482 E.01816
G1 X62.929 Y42.521 E.01909
G1 X64.236 Y42.521 E.04426
G1 X65.167 Y42.427 E.03166
G1 X65.664 Y42.361 E.01698
G1 X66.149 Y42.266 E.01672
M204 S10000
G1 X65.844 Y42.759 F7200
M204 S1500
;TYPE:Inner wall
;WIDTH:0.444522
G1 F1494.016
G1 X65.708 Y42.782 E.00459
;WIDTH:0.439884
G1 F1511.472
G1 X64.783 Y42.9 E.0308
;WIDTH:0.434738
G1 F1531.323
G1 X64.21 Y42.942 E.0187
;WIDTH:0.44278
G1 F1500.525
G1 X62.904 Y42.946 E.04342
G1 X62.31 Y42.901 E.01983
;WIDTH:0.439508
G1 F1512.905
G1 X61.784 Y42.84 E.01744
;WIDTH:0.441108
G1 F1506.826
G1 X61.272 Y42.761 E.01717
; stop printing object fidget-finger-massager-2000-rods-rod-09.stl id:0 copy 0
; printing object fidget-finger-massager-2000-rods-rod-06.stl id:0 copy 0
M204 S10000
G1 E-.8 F1800
G1 X58.247 Y44.106 Z15.6 F7200
G1 Z15.2
G1 E.8 F1800
M204 S500
;TYPE:Outer wall
;WIDTH:0.449999
G1 F1473.915
G1 X58.142 Y44.641 E.01845
G1 X58.023 Y45.541 E.03075
G1 X57.984 Y46.106 E.01918
G1 X57.984 Y47.539 E.04851
G1 X58.072 Y48.346 E.02748
G1 X58.145 Y48.844 E.01702
G1 X58.245 Y49.364 E.01793
G1 X57.41 Y49.511 E.0287
G1 X57.307 Y48.982 E.01824
G1 X57.228 Y48.449 E.01824
G1 X57.17 Y47.912 E.01827
G1 X57.134 Y47.377 E.01816
G1 X57.134 Y46.092 E.04349
G1 X57.17 Y45.557 E.01816
G1 X57.228 Y45.02 E.01827
G1 X57.307 Y44.487 E.01825
G1 X57.41 Y43.958 E.01823
G1 X58.208 Y44.099 E.02743
M204 S10000
G1 E-.8 F1800
G1 X57.746 Y49.023 Z15.6 F7200
G1 Z15.2
G1 E.8 F1800
M204 S1500
;TYPE:Inner wall
;WIDTH:0.442878
G1 F1500.157
G1 X57.649 Y48.395 E.0211
G1 X57.594 Y47.876 E.01739
G1 X57.559 Y47.363 E.01709
G1 X57.559 Y46.106 E.04178
G1 X57.594 Y45.594 E.01709
;WIDTH:0.449676
G1 F1475.086
G1 X57.653 Y45.074 E.01768
G1 X57.747 Y44.449 E.0214
; stop printing object fidget-finger-massager-2000-rods-rod-06.stl id:0 copy 0
; printing object fidget-finger-massager-2000-rods-rod-08.stl id:0 copy 0
M204 S10000
G1 E-.8 F1800
G1 X54.644 Y44.106 Z15.6 F7200
G1 Z15.2
G1 E.8 F1800
M204 S500
;TYPE:Outer wall
;WIDTH:0.449999
G1 F1473.915
G1 X54.54 Y44.641 E.01845
G1 X54.421 Y45.541 E.03075
G1 X54.381 Y46.106 E.01918
G1 X54.381 Y47.539 E.04851
G1 X54.469 Y48.346 E.02748
G1 X54.543 Y48.844 E.01702
G1 X54.642 Y49.364 E.01793
G1 X53.807 Y49.511 E.0287
G1 X53.704 Y48.982 E.01824
G1 X53.625 Y48.449 E.01824
G1 X53.567 Y47.912 E.01827
G1 X53.531 Y47.377 E.01816
G1 X53.531 Y46.092 E.04349
G1 X53.567 Y45.557 E.01816
G1 X53.625 Y45.02 E.01827
G1 X53.704 Y44.487 E.01825
G1 X53.807 Y43.958 E.01823
G1 X54.605 Y44.099 E.02743
M204 S10000
G1 E-.8 F1800
G1 X54.143 Y49.023 Z15.6 F7200
G1 Z15.2
G1 E.8 F1800
M204 S1500
;TYPE:Inner wall
;WIDTH:0.442878
G1 F1500.157
G1 X54.047 Y48.395 E.0211
G1 X53.991 Y47.876 E.01739
G1 X53.956 Y47.363 E.01709
G1 X53.956 Y46.106 E.04178
G1 X53.991 Y45.594 E.01709
;WIDTH:0.449676
G1 F1475.086
G1 X54.05 Y45.074 E.01768
G1 X54.144 Y44.449 E.0214
; stop printing object fidget-finger-massager-2000-rods-rod-08.stl id:0 copy 0
;LAYER_CHANGE
;Z:15.4
;HEIGHT:0.2
G92 E0
;_SET_FAN_SPEED_CHANGING_LAYER
; printing object fidget-finger-massager-2000-rods-rod-07.stl id:0 copy 0
M204 S10000
G1 E-.8 F1800
G1 X54.63 Y52.066 Z15.8 F7200
G1 X54.644 Y52.287 Z15.8
G1 Z15.4
G1 E.8 F1800
M204 S500
;TYPE:Outer wall
;WIDTH:0.449999
G1 F1473.915
G1 X54.541 Y52.811 E.01809
G1 X54.421 Y53.723 E.03114
G1 X54.381 Y54.288 E.01916
G1 X54.381 Y55.722 E.04855
G1 X54.469 Y56.532 E.02757
G1 X54.544 Y57.032 E.01709
G1 X54.642 Y57.545 E.01771
G1 X53.807 Y57.693 E.0287
G1 X53.705 Y57.17 E.01802
G1 X53.626 Y56.635 E.01832
G1 X53.568 Y56.096 E.01834
G1 X53.531 Y55.559 E.01824
G1 X53.531 Y54.274 E.04349
G1 X53.568 Y53.736 E.01824
G1 X53.626 Y53.197 E.01834
G1 X53.705 Y52.662 E.01833
G1 X53.807 Y52.14 E.01801
G1 X54.605 Y52.28 E.02743
M204 S10000
G1 E-.8 F1800
G1 X54.143 Y57.204 Z15.8 F7200
G1 Z15.4
G1 E.8 F1800
M204 S1500
;TYPE:Inner wall
;WIDTH:0.442828
G1 F1500.345
G1 X54.047 Y56.581 E.02096
G1 X53.991 Y56.059 E.01745
G1 X53.956 Y55.544 E.01716
G1 X53.956 Y54.288 E.04178
G1 X53.991 Y53.773 E.01716
;WIDTH:0.449846
G1 F1474.47
G1 X54.144 Y52.63 E.03902
; stop printing object fidget-finger-massager-2000-rods-rod-07.stl id:0 copy 0
; printing object fidget-finger-massager-2000-rods-rod-04.stl id:0 copy 0
M204 S10000
G1 E-.8 F1800
G1 X58.247 Y52.287 Z15.8 F7200
G1 Z15.4
G1 E.8 F1800
M204 S500
;TYPE:Outer wall
;WIDTH:0.449999
G1 F1473.915
G1 X58.144 Y52.811 E.01809
G1 X58.023 Y53.723 E.03114
G1 X57.984 Y54.288 E.01916
G1 X57.984 Y55.722 E.04855
G1 X58.072 Y56.532 E.02757
G1 X58.146 Y57.032 E.01709
G1 X58.245 Y57.545 E.01771
G1 X57.41 Y57.693 E.0287
G1 X57.308 Y57.17 E.01802
G1 X57.228 Y56.635 E.01832
G1 X57.17 Y56.096 E.01834
G1 X57.134 Y55.559 E.01824
G1 X57.134 Y54.274 E.04349
G1 X57.17 Y53.736 E.01824
G1 X57.228 Y53.197 E.01834
G1 X57.308 Y52.662 E.01833
G1 X57.41 Y52.14 E.01801
G1 X58.208 Y52.28 E.02743
M204 S10000
G1 E-.8 F1800
G1 X57.745 Y57.204 Z15.8 F7200
G1 Z15.4
G1 E.8 F1800
M204 S1500
;TYPE:Inner wall
;WIDTH:0.442828
G1 F1500.345
G1 X57.65 Y56.581 E.02096
G1 X57.594 Y56.059 E.01745
G1 X57.559 Y55.544 E.01716
G1 X57.559 Y54.288 E.04178
G1 X57.594 Y53.773 E.01716
;WIDTH:0.449846
G1 F1474.47
G1 X57.747 Y52.63 E.03902
; stop printing object fidget-finger-massager-2000-rods-rod-04.stl id:0 copy 0
; printing object fidget-finger-massager-2000-rods-rod-01.stl id:0 copy 0
M204 S10000
G1 E-.8 F1800
G1 X64.638 Y55.911 Z15.8 F7200
G1 X66.232 Y56.669 Z15.8
G1 Z15.4
G1 E.8 F1800
M204 S500
;TYPE:Outer wall
;WIDTH:0.449999
G1 F1473.915
G1 X66.38 Y57.507 E.0288
G1 X65.827 Y57.611 E.01902
G1 X64.864 Y57.729 E.03285
G1 X64.257 Y57.774 E.02061
G1 X62.952 Y57.782 E.04418
G1 X62.309 Y57.734 E.02182
G1 X61.74 Y57.666 E.01938
G1 X60.826 Y57.507 E.03141
G1 X60.973 Y56.671 E.02874
G1 X61.878 Y56.831 E.03109
G1 X62.41 Y56.893 E.01814
G1 X62.973 Y56.932 E.01908
G1 X64.277 Y56.932 E.04415
G1 X65.215 Y56.837 E.03191
G1 X65.719 Y56.77 E.0172
G1 X66.193 Y56.677 E.01635
M204 S10000
G1 X65.888 Y57.171 F7200
M204 S1500
;TYPE:Inner wall
;WIDTH:0.444312
G1 F1494.798
G1 X65.763 Y57.192 E.00422
;WIDTH:0.440078
G1 F1510.734
G1 X64.826 Y57.311 E.0312
;WIDTH:0.435334
G1 F1528.997
G1 X64.254 Y57.353 E.01871
;WIDTH:0.442792
G1 F1500.48
G1 X62.948 Y57.357 E.04342
G1 X62.354 Y57.313 E.01981
;WIDTH:0.439536
G1 F1512.798
G1 X61.829 Y57.252 E.01742
;WIDTH:0.4412
G1 F1506.478
G1 X61.316 Y57.172 E.01721
; stop printing object fidget-finger-massager-2000-rods-rod-01.stl id:0 copy 0
; printing object fidget-finger-massager-2000-rods-rod-02.stl id:0 copy 0
M204 S10000
G1 E-.8 F1800
G1 X66.232 Y53.066 Z15.8 F7200
G1 Z15.4
G1 E.8 F1800
M73 P86 R2
M204 S500
;TYPE:Outer wall
;WIDTH:0.449999
G1 F1473.915
G1 X66.38 Y53.904 E.0288
G1 X65.827 Y54.008 E.01902
G1 X64.864 Y54.126 E.03285
G1 X64.257 Y54.172 E.02061
G1 X62.952 Y54.179 E.04418
G1 X62.309 Y54.131 E.02182
G1 X61.74 Y54.063 E.01938
G1 X60.826 Y53.904 E.03141
G1 X60.973 Y53.068 E.02874
G1 X61.878 Y53.229 E.03109
G1 X62.41 Y53.29 E.01814
G1 X62.973 Y53.329 E.01908
G1 X64.277 Y53.329 E.04415
G1 X65.215 Y53.235 E.03191
G1 X65.719 Y53.167 E.0172
G1 X66.193 Y53.074 E.01635
M204 S10000
G1 X65.888 Y53.568 F7200
M204 S1500
;TYPE:Inner wall
;WIDTH:0.444312
G1 F1494.798
G1 X65.763 Y53.589 E.00422
;WIDTH:0.440078
G1 F1510.734
G1 X64.826 Y53.708 E.0312
;WIDTH:0.435334
G1 F1528.997
G1 X64.254 Y53.75 E.01871
;WIDTH:0.442792
G1 F1500.48
G1 X62.948 Y53.754 E.04342
G1 X62.354 Y53.71 E.01981
;WIDTH:0.439536
G1 F1512.798
G1 X61.829 Y53.649 E.01742
;WIDTH:0.4412
G1 F1506.478
G1 X61.316 Y53.569 E.01721
; stop printing object fidget-finger-massager-2000-rods-rod-02.stl id:0 copy 0
; printing object fidget-finger-massager-2000-rods-rod-03.stl id:0 copy 0
M204 S10000
G1 E-.8 F1800
G1 X66.232 Y49.464 Z15.8 F7200
G1 Z15.4
G1 E.8 F1800
M204 S500
;TYPE:Outer wall
;WIDTH:0.449999
G1 F1473.915
G1 X66.38 Y50.302 E.0288
G1 X65.827 Y50.405 E.01902
G1 X64.864 Y50.524 E.03285
G1 X64.257 Y50.569 E.02061
G1 X62.952 Y50.576 E.04418
G1 X62.309 Y50.528 E.02182
G1 X61.74 Y50.46 E.01938
G1 X60.826 Y50.302 E.03141
G1 X60.973 Y49.465 E.02874
G1 X61.878 Y49.626 E.03109
G1 X62.41 Y49.687 E.01814
G1 X62.973 Y49.726 E.01908
G1 X64.277 Y49.726 E.04415
G1 X65.215 Y49.632 E.03191
G1 X65.719 Y49.565 E.0172
G1 X66.193 Y49.471 E.01635
M204 S10000
G1 X65.888 Y49.965 F7200
M204 S1500
;TYPE:Inner wall
;WIDTH:0.444312
G1 F1494.798
G1 X65.763 Y49.986 E.00422
;WIDTH:0.440078
G1 F1510.734
G1 X64.826 Y50.106 E.0312
;WIDTH:0.435334
G1 F1528.997
G1 X64.254 Y50.148 E.01871
;WIDTH:0.442792
G1 F1500.48
G1 X62.948 Y50.151 E.04342
G1 X62.354 Y50.107 E.01981
;WIDTH:0.439536
G1 F1512.798
G1 X61.829 Y50.046 E.01742
;WIDTH:0.4412
G1 F1506.478
G1 X61.316 Y49.966 E.01721
; stop printing object fidget-finger-massager-2000-rods-rod-03.stl id:0 copy 0
; printing object fidget-finger-massager-2000-rods-rod-05.stl id:0 copy 0
M204 S10000
G1 E-.8 F1800
G1 X66.232 Y45.861 Z15.8 F7200
G1 Z15.4
G1 E.8 F1800
M204 S500
;TYPE:Outer wall
;WIDTH:0.449999
G1 F1473.915
G1 X66.38 Y46.699 E.0288
G1 X65.827 Y46.802 E.01902
G1 X64.864 Y46.921 E.03285
G1 X64.257 Y46.966 E.02061
G1 X62.952 Y46.974 E.04418
G1 X62.309 Y46.925 E.02182
G1 X61.74 Y46.858 E.01938
G1 X60.826 Y46.699 E.03141
G1 X60.973 Y45.863 E.02874
G1 X61.878 Y46.023 E.03109
G1 X62.41 Y46.085 E.01814
G1 X62.973 Y46.124 E.01908
G1 X64.277 Y46.124 E.04415
G1 X65.215 Y46.029 E.03191
G1 X65.719 Y45.962 E.0172
G1 X66.193 Y45.869 E.01635
M204 S10000
G1 X65.888 Y46.362 F7200
M204 S1500
;TYPE:Inner wall
;WIDTH:0.444312
G1 F1494.798
G1 X65.763 Y46.384 E.00422
;WIDTH:0.440078
G1 F1510.734
G1 X64.826 Y46.503 E.0312
;WIDTH:0.435334
G1 F1528.997
G1 X64.254 Y46.545 E.01871
;WIDTH:0.442792
G1 F1500.48
G1 X62.948 Y46.549 E.04342
G1 X62.354 Y46.504 E.01981
;WIDTH:0.439536
G1 F1512.798
G1 X61.829 Y46.443 E.01742
;WIDTH:0.4412
G1 F1506.478
G1 X61.316 Y46.364 E.01721
; stop printing object fidget-finger-massager-2000-rods-rod-05.stl id:0 copy 0
; printing object fidget-finger-massager-2000-rods-rod-09.stl id:0 copy 0
M204 S10000
G1 E-.8 F1800
G1 X66.188 Y42.258 Z15.8 F7200
G1 Z15.4
G1 E.8 F1800
M204 S500
;TYPE:Outer wall
;WIDTH:0.449999
G1 F1473.915
G1 X66.336 Y43.096 E.0288
G1 X65.783 Y43.2 E.01902
G1 X64.82 Y43.318 E.03285
G1 X64.213 Y43.363 E.02061
G1 X62.908 Y43.371 E.04418
G1 X62.265 Y43.322 E.02182
G1 X61.697 Y43.255 E.01938
G1 X60.782 Y43.096 E.03141
G1 X60.93 Y42.26 E.02874
G1 X61.834 Y42.42 E.03109
G1 X62.366 Y42.482 E.01814
G1 X62.929 Y42.521 E.01908
G1 X64.233 Y42.521 E.04415
G1 X65.171 Y42.426 E.03191
G1 X65.675 Y42.359 E.0172
G1 X66.149 Y42.266 E.01635
M204 S10000
G1 X65.844 Y42.76 F7200
M204 S1500
;TYPE:Inner wall
;WIDTH:0.444312
G1 F1494.798
G1 X65.719 Y42.781 E.00422
;WIDTH:0.440078
G1 F1510.734
G1 X64.782 Y42.9 E.0312
;WIDTH:0.435334
G1 F1528.997
G1 X64.21 Y42.942 E.01871
;WIDTH:0.442792
G1 F1500.48
G1 X62.904 Y42.946 E.04342
G1 X62.31 Y42.902 E.01981
;WIDTH:0.439536
G1 F1512.798
G1 X61.785 Y42.841 E.01742
;WIDTH:0.4412
G1 F1506.478
G1 X61.272 Y42.761 E.01721
; stop printing object fidget-finger-massager-2000-rods-rod-09.stl id:0 copy 0
; printing object fidget-finger-massager-2000-rods-rod-06.stl id:0 copy 0
M204 S10000
G1 E-.8 F1800
G1 X58.247 Y44.106 Z15.8 F7200
G1 Z15.4
G1 E.8 F1800
M204 S500
;TYPE:Outer wall
;WIDTH:0.449999
G1 F1473.915
G1 X58.144 Y44.63 E.01809
G1 X58.023 Y45.542 E.03114
G1 X57.984 Y46.106 E.01916
G1 X57.984 Y47.541 E.04855
G1 X58.072 Y48.351 E.02757
G1 X58.146 Y48.85 E.01709
G1 X58.245 Y49.364 E.01771
G1 X57.41 Y49.511 E.0287
G1 X57.308 Y48.989 E.01802
G1 X57.228 Y48.453 E.01832
G1 X57.17 Y47.915 E.01834
G1 X57.134 Y47.377 E.01824
G1 X57.134 Y46.092 E.04349
G1 X57.17 Y45.555 E.01824
G1 X57.228 Y45.016 E.01834
G1 X57.308 Y44.48 E.01833
G1 X57.41 Y43.958 E.01801
G1 X58.208 Y44.099 E.02743
M204 S10000
G1 E-.8 F1800
G1 X57.745 Y49.022 Z15.8 F7200
G1 Z15.4
G1 E.8 F1800
M204 S1500
;TYPE:Inner wall
;WIDTH:0.442828
G1 F1500.345
G1 X57.65 Y48.399 E.02096
G1 X57.594 Y47.878 E.01745
G1 X57.559 Y47.363 E.01716
G1 X57.559 Y46.106 E.04178
G1 X57.594 Y45.592 E.01716
;WIDTH:0.449846
G1 F1474.47
G1 X57.747 Y44.449 E.03902
; stop printing object fidget-finger-massager-2000-rods-rod-06.stl id:0 copy 0
; printing object fidget-finger-massager-2000-rods-rod-08.stl id:0 copy 0
M204 S10000
G1 E-.8 F1800
G1 X54.644 Y44.106 Z15.8 F7200
G1 Z15.4
G1 E.8 F1800
M204 S500
;TYPE:Outer wall
;WIDTH:0.449999
G1 F1473.915
G1 X54.541 Y44.63 E.01809
G1 X54.421 Y45.542 E.03114
G1 X54.381 Y46.106 E.01916
G1 X54.381 Y47.541 E.04855
G1 X54.469 Y48.351 E.02757
G1 X54.544 Y48.85 E.01709
G1 X54.642 Y49.364 E.01771
G1 X53.807 Y49.511 E.0287
G1 X53.705 Y48.989 E.01802
G1 X53.626 Y48.453 E.01832
G1 X53.568 Y47.915 E.01834
G1 X53.531 Y47.377 E.01824
G1 X53.531 Y46.092 E.04349
G1 X53.568 Y45.555 E.01824
G1 X53.626 Y45.016 E.01834
G1 X53.705 Y44.48 E.01833
G1 X53.807 Y43.958 E.01801
G1 X54.605 Y44.099 E.02743
M204 S10000
G1 E-.8 F1800
G1 X54.143 Y49.022 Z15.8 F7200
G1 Z15.4
G1 E.8 F1800
M204 S1500
;TYPE:Inner wall
;WIDTH:0.442828
G1 F1500.345
G1 X54.047 Y48.399 E.02096
G1 X53.991 Y47.878 E.01745
G1 X53.956 Y47.363 E.01716
G1 X53.956 Y46.106 E.04178
G1 X53.991 Y45.592 E.01716
;WIDTH:0.449846
G1 F1474.47
G1 X54.144 Y44.449 E.03902
; stop printing object fidget-finger-massager-2000-rods-rod-08.stl id:0 copy 0
;LAYER_CHANGE
;Z:15.6
;HEIGHT:0.200001
G92 E0
;_SET_FAN_SPEED_CHANGING_LAYER
; printing object fidget-finger-massager-2000-rods-rod-07.stl id:0 copy 0
M204 S10000
G1 E-.8 F1800
G1 X54.628 Y52.066 Z16 F7200
G1 X54.642 Y52.287 Z16
G1 Z15.6
G1 E.8 F1800
M204 S500
;TYPE:Outer wall
;WIDTH:0.449999
G1 F1473.915
G1 X54.56 Y52.696 E.01411
G1 X54.482 Y53.193 E.01703
G1 X54.42 Y53.724 E.01812
G1 X54.381 Y54.288 E.01912
G1 X54.381 Y55.76 E.04981
G1 X54.545 Y57.043 E.04378
G1 X54.644 Y57.545 E.01734
G1 X53.807 Y57.693 E.02876
G1 X53.702 Y57.15 E.01871
G1 X53.625 Y56.631 E.01778
G1 X53.567 Y56.09 E.01841
G1 X53.531 Y55.544 E.0185
G1 X53.531 Y54.265 E.0433
G1 X53.58 Y53.623 E.0218
G1 X53.647 Y53.055 E.01935
G1 X53.806 Y52.139 E.03146
G1 X54.603 Y52.28 E.02738
M204 S10000
G1 E-.8 F1800
G1 X54.144 Y57.202 Z16 F7200
G1 Z15.6
G1 E.8 F1800
M204 S1500
;TYPE:Inner wall
;WIDTH:0.45002
G1 F1473.839
G1 X53.991 Y56.061 E.03897
;WIDTH:0.44292
G1 F1500
G1 X53.956 Y55.544 E.01723
G1 X53.956 Y54.288 E.04178
G1 X53.991 Y53.771 E.01723
;WIDTH:0.442764
G1 X54.048 Y53.248 E.01748
G1 X54.141 Y52.629 E.02082
; stop printing object fidget-finger-massager-2000-rods-rod-07.stl id:0 copy 0
; printing object fidget-finger-massager-2000-rods-rod-04.stl id:0 copy 0
M204 S10000
G1 E-.8 F1800
G1 X58.245 Y52.287 Z16 F7200
G1 Z15.6
G1 E.8 F1800
M204 S500
;TYPE:Outer wall
;WIDTH:0.449999
G1 F1473.915
G1 X58.163 Y52.696 E.01411
G1 X58.084 Y53.193 E.01703
G1 X58.023 Y53.724 E.01812
G1 X57.984 Y54.288 E.01912
G1 X57.984 Y55.76 E.04981
G1 X58.148 Y57.043 E.04378
G1 X58.247 Y57.545 E.01734
G1 X57.41 Y57.693 E.02876
G1 X57.305 Y57.15 E.01871
G1 X57.228 Y56.631 E.01778
G1 X57.17 Y56.09 E.01841
G1 X57.134 Y55.544 E.0185
G1 X57.134 Y54.265 E.0433
G1 X57.183 Y53.623 E.0218
G1 X57.25 Y53.055 E.01935
G1 X57.409 Y52.139 E.03146
G1 X58.206 Y52.28 E.02738
M204 S10000
G1 E-.8 F1800
G1 X57.746 Y57.202 Z16 F7200
G1 Z15.6
G1 E.8 F1800
M204 S1500
;TYPE:Inner wall
;WIDTH:0.45002
G1 F1473.839
G1 X57.594 Y56.061 E.03897
;WIDTH:0.44292
G1 F1500
G1 X57.559 Y55.544 E.01723
G1 X57.559 Y54.288 E.04178
G1 X57.594 Y53.771 E.01723
;WIDTH:0.442764
G1 X57.65 Y53.248 E.01748
G1 X57.744 Y52.629 E.02082
; stop printing object fidget-finger-massager-2000-rods-rod-04.stl id:0 copy 0
; printing object fidget-finger-massager-2000-rods-rod-01.stl id:0 copy 0
M204 S10000
G1 E-.8 F1800
G1 X64.636 Y55.91 Z16 F7200
G1 X66.232 Y56.669 Z16
G1 Z15.6
G1 E.8 F1800
M204 S500
;TYPE:Outer wall
;WIDTH:0.449999
G1 F1473.915
G1 X66.379 Y57.504 E.02868
G1 X65.425 Y57.673 E.0328
G1 X64.775 Y57.746 E.02214
G1 X64.231 Y57.782 E.01845
G1 X62.951 Y57.782 E.04333
G1 X62.308 Y57.733 E.02183
G1 X61.74 Y57.668 E.01934
G1 X60.826 Y57.507 E.03141
G1 X60.973 Y56.671 E.02874
G1 X61.879 Y56.832 E.03114
G1 X62.411 Y56.893 E.01812
G1 X62.975 Y56.932 E.01912
G1 X64.261 Y56.932 E.04354
G1 X64.806 Y56.892 E.01848
G1 X65.726 Y56.769 E.03144
G1 X66.193 Y56.677 E.01609
M73 P87 R2
M204 S10000
G1 X65.893 Y57.164 F7200
M204 S1500
;TYPE:Inner wall
;WIDTH:0.449622
G1 F1475.281
G1 X65.377 Y57.248 E.01766
G1 X64.746 Y57.322 E.02148
;WIDTH:0.442918
G1 F1500.007
G1 X64.231 Y57.357 E.01718
G1 X62.948 Y57.357 E.04267
G1 X62.355 Y57.312 E.01979
;WIDTH:0.44062
G1 F1508.675
G1 X61.821 Y57.252 E.01777
;WIDTH:0.441396
G1 F1505.737
G1 X61.316 Y57.172 E.01694
; stop printing object fidget-finger-massager-2000-rods-rod-01.stl id:0 copy 0
; printing object fidget-finger-massager-2000-rods-rod-02.stl id:0 copy 0
M204 S10000
G1 E-.8 F1800
G1 X66.232 Y53.067 Z16 F7200
G1 Z15.6
G1 E.8 F1800
M204 S500
;TYPE:Outer wall
;WIDTH:0.449999
G1 F1473.915
G1 X66.379 Y53.901 E.02868
G1 X65.425 Y54.071 E.0328
G1 X64.775 Y54.144 E.02214
G1 X64.231 Y54.179 E.01845
G1 X62.951 Y54.179 E.04333
G1 X62.308 Y54.13 E.02183
G1 X61.74 Y54.065 E.01934
G1 X60.826 Y53.904 E.03141
G1 X60.973 Y53.068 E.02874
G1 X61.879 Y53.229 E.03114
G1 X62.411 Y53.29 E.01812
G1 X62.975 Y53.329 E.01912
G1 X64.261 Y53.329 E.04354
G1 X64.806 Y53.289 E.01848
G1 X65.726 Y53.166 E.03144
G1 X66.193 Y53.074 E.01609
M204 S10000
G1 X65.893 Y53.561 F7200
M204 S1500
;TYPE:Inner wall
;WIDTH:0.449622
G1 F1475.281
G1 X65.377 Y53.645 E.01766
G1 X64.746 Y53.72 E.02148
;WIDTH:0.442918
G1 F1500.007
G1 X64.231 Y53.754 E.01718
G1 X62.948 Y53.754 E.04267
G1 X62.355 Y53.71 E.01979
;WIDTH:0.44062
G1 F1508.675
G1 X61.821 Y53.649 E.01777
;WIDTH:0.441396
G1 F1505.737
G1 X61.316 Y53.569 E.01694
; stop printing object fidget-finger-massager-2000-rods-rod-02.stl id:0 copy 0
; printing object fidget-finger-massager-2000-rods-rod-03.stl id:0 copy 0
M204 S10000
G1 E-.8 F1800
G1 X66.232 Y49.464 Z16 F7200
G1 Z15.6
G1 E.8 F1800
M204 S500
;TYPE:Outer wall
;WIDTH:0.449999
G1 F1473.915
G1 X66.379 Y50.298 E.02868
G1 X65.425 Y50.468 E.0328
G1 X64.775 Y50.541 E.02214
G1 X64.231 Y50.576 E.01845
G1 X62.951 Y50.576 E.04333
G1 X62.308 Y50.527 E.02183
G1 X61.74 Y50.462 E.01934
G1 X60.826 Y50.302 E.03141
G1 X60.973 Y49.465 E.02874
G1 X61.879 Y49.626 E.03114
G1 X62.411 Y49.687 E.01812
G1 X62.975 Y49.726 E.01912
G1 X64.261 Y49.726 E.04354
G1 X64.806 Y49.686 E.01848
G1 X65.726 Y49.563 E.03144
G1 X66.193 Y49.472 E.01609
M204 S10000
G1 X65.893 Y49.959 F7200
M204 S1500
;TYPE:Inner wall
;WIDTH:0.449622
G1 F1475.281
G1 X65.377 Y50.042 E.01766
G1 X64.746 Y50.117 E.02148
;WIDTH:0.442918
G1 F1500.007
G1 X64.231 Y50.151 E.01718
G1 X62.948 Y50.151 E.04267
G1 X62.355 Y50.107 E.01979
;WIDTH:0.44062
G1 F1508.675
G1 X61.821 Y50.046 E.01777
;WIDTH:0.441396
G1 F1505.737
G1 X61.316 Y49.967 E.01694
; stop printing object fidget-finger-massager-2000-rods-rod-03.stl id:0 copy 0
; printing object fidget-finger-massager-2000-rods-rod-05.stl id:0 copy 0
M204 S10000
G1 E-.8 F1800
G1 X66.232 Y45.861 Z16 F7200
G1 Z15.6
G1 E.8 F1800
M204 S500
;TYPE:Outer wall
;WIDTH:0.449999
G1 F1473.915
G1 X66.379 Y46.695 E.02868
G1 X65.425 Y46.865 E.0328
G1 X64.775 Y46.938 E.02214
G1 X64.231 Y46.974 E.01845
G1 X62.951 Y46.974 E.04333
G1 X62.308 Y46.925 E.02183
G1 X61.74 Y46.86 E.01934
G1 X60.826 Y46.699 E.03141
G1 X60.973 Y45.863 E.02874
G1 X61.879 Y46.023 E.03114
G1 X62.411 Y46.085 E.01812
G1 X62.975 Y46.124 E.01912
G1 X64.261 Y46.124 E.04354
G1 X64.806 Y46.083 E.01848
G1 X65.726 Y45.961 E.03144
G1 X66.193 Y45.869 E.01609
M204 S10000
G1 X65.893 Y46.356 F7200
M204 S1500
;TYPE:Inner wall
;WIDTH:0.449622
G1 F1475.281
G1 X65.377 Y46.44 E.01766
G1 X64.746 Y46.514 E.02148
;WIDTH:0.442918
G1 F1500.007
G1 X64.231 Y46.549 E.01718
G1 X62.948 Y46.549 E.04267
G1 X62.355 Y46.504 E.01979
;WIDTH:0.44062
G1 F1508.675
G1 X61.821 Y46.443 E.01777
;WIDTH:0.441396
G1 F1505.737
G1 X61.316 Y46.364 E.01694
; stop printing object fidget-finger-massager-2000-rods-rod-05.stl id:0 copy 0
; printing object fidget-finger-massager-2000-rods-rod-09.stl id:0 copy 0
M204 S10000
G1 E-.8 F1800
G1 X66.188 Y42.258 Z16 F7200
G1 Z15.6
G1 E.8 F1800
M204 S500
;TYPE:Outer wall
;WIDTH:0.449999
G1 F1473.915
G1 X66.335 Y43.093 E.02868
G1 X65.381 Y43.262 E.0328
G1 X64.731 Y43.335 E.02214
G1 X64.187 Y43.371 E.01845
G1 X62.907 Y43.371 E.04333
G1 X62.264 Y43.322 E.02183
G1 X61.696 Y43.257 E.01934
G1 X60.782 Y43.096 E.03141
G1 X60.93 Y42.26 E.02874
G1 X61.835 Y42.421 E.03114
G1 X62.367 Y42.482 E.01812
G1 X62.931 Y42.521 E.01912
G1 X64.217 Y42.521 E.04354
G1 X64.762 Y42.481 E.01848
G1 X65.682 Y42.358 E.03144
G1 X66.149 Y42.266 E.01609
M204 S10000
G1 X65.849 Y42.753 F7200
M204 S1500
;TYPE:Inner wall
;WIDTH:0.449622
G1 F1475.281
G1 X65.333 Y42.837 E.01766
G1 X64.702 Y42.911 E.02148
;WIDTH:0.442918
G1 F1500.007
G1 X64.187 Y42.946 E.01718
G1 X62.904 Y42.946 E.04267
G1 X62.311 Y42.901 E.01979
;WIDTH:0.44062
G1 F1508.675
G1 X61.777 Y42.84 E.01777
;WIDTH:0.441396
G1 F1505.737
G1 X61.272 Y42.761 E.01694
; stop printing object fidget-finger-massager-2000-rods-rod-09.stl id:0 copy 0
; printing object fidget-finger-massager-2000-rods-rod-06.stl id:0 copy 0
M204 S10000
G1 E-.8 F1800
G1 X58.245 Y44.105 Z16 F7200
G1 Z15.6
G1 E.8 F1800
M204 S500
;TYPE:Outer wall
;WIDTH:0.449999
G1 F1473.915
G1 X58.163 Y44.514 E.01411
G1 X58.084 Y45.011 E.01703
G1 X58.023 Y45.543 E.01812
G1 X57.984 Y46.106 E.01912
G1 X57.984 Y47.578 E.04981
G1 X58.148 Y48.861 E.04378
G1 X58.247 Y49.364 E.01734
G1 X57.41 Y49.511 E.02876
G1 X57.305 Y48.969 E.01871
G1 X57.228 Y48.449 E.01778
G1 X57.17 Y47.908 E.01841
G1 X57.134 Y47.363 E.0185
G1 X57.134 Y46.084 E.0433
G1 X57.183 Y45.441 E.0218
G1 X57.25 Y44.874 E.01935
G1 X57.409 Y43.958 E.03146
G1 X58.206 Y44.098 E.02738
M204 S10000
G1 E-.8 F1800
G1 X57.746 Y49.021 Z16 F7200
G1 Z15.6
G1 E.8 F1800
M204 S1500
;TYPE:Inner wall
;WIDTH:0.45002
G1 F1473.839
G1 X57.594 Y47.88 E.03897
;WIDTH:0.44292
G1 F1500
G1 X57.559 Y47.363 E.01723
G1 X57.559 Y46.106 E.04178
G1 X57.594 Y45.589 E.01723
;WIDTH:0.442764
G1 X57.65 Y45.067 E.01748
G1 X57.744 Y44.448 E.02082
; stop printing object fidget-finger-massager-2000-rods-rod-06.stl id:0 copy 0
; printing object fidget-finger-massager-2000-rods-rod-08.stl id:0 copy 0
M204 S10000
G1 E-.8 F1800
G1 X54.642 Y44.105 Z16 F7200
G1 Z15.6
G1 E.8 F1800
M204 S500
;TYPE:Outer wall
;WIDTH:0.449999
G1 F1473.915
G1 X54.56 Y44.514 E.01411
G1 X54.482 Y45.011 E.01703
G1 X54.42 Y45.543 E.01812
G1 X54.381 Y46.106 E.01912
G1 X54.381 Y47.578 E.04981
G1 X54.545 Y48.861 E.04378
G1 X54.644 Y49.364 E.01734
G1 X53.807 Y49.511 E.02876
G1 X53.702 Y48.969 E.01871
G1 X53.625 Y48.449 E.01778
G1 X53.567 Y47.908 E.01841
G1 X53.531 Y47.363 E.0185
G1 X53.531 Y46.084 E.0433
G1 X53.58 Y45.441 E.0218
G1 X53.647 Y44.874 E.01935
G1 X53.806 Y43.958 E.03146
G1 X54.603 Y44.098 E.02738
M204 S10000
G1 E-.8 F1800
G1 X54.144 Y49.021 Z16 F7200
G1 Z15.6
G1 E.8 F1800
M204 S1500
;TYPE:Inner wall
;WIDTH:0.45002
G1 F1473.839
G1 X53.991 Y47.88 E.03897
;WIDTH:0.44292
G1 F1500
G1 X53.956 Y47.363 E.01723
G1 X53.956 Y46.106 E.04178
G1 X53.991 Y45.589 E.01723
;WIDTH:0.442764
G1 X54.048 Y45.067 E.01748
G1 X54.141 Y44.448 E.02082
; stop printing object fidget-finger-massager-2000-rods-rod-08.stl id:0 copy 0
M106 S240
;LAYER_CHANGE
;Z:15.8
;HEIGHT:0.2
G92 E0
;_SET_FAN_SPEED_CHANGING_LAYER
; printing object fidget-finger-massager-2000-rods-rod-07.stl id:0 copy 0
M204 S10000
G1 E-.8 F1800
G1 X54.628 Y52.065 Z16.2 F7200
G1 X54.642 Y52.287 Z16.2
G1 Z15.8
G1 E.8 F1800
M204 S500
;TYPE:Outer wall
;WIDTH:0.449999
G1 F1473.915
G1 X54.56 Y52.696 E.01411
G1 X54.482 Y53.194 E.01708
G1 X54.42 Y53.725 E.0181
G1 X54.381 Y54.288 E.0191
G1 X54.381 Y55.762 E.04989
G1 X54.547 Y57.053 E.04407
G1 X54.644 Y57.545 E.01697
G1 X53.807 Y57.693 E.02876
G1 X53.704 Y57.161 E.01833
G1 X53.626 Y56.635 E.01801
G1 X53.567 Y56.092 E.01848
G1 X53.531 Y55.544 E.01858
G1 X53.531 Y54.265 E.04329
G1 X53.58 Y53.623 E.02179
G1 X53.647 Y53.056 E.01933
G1 X53.806 Y52.139 E.0315
G1 X54.603 Y52.28 E.02738
M204 S10000
G1 E-.8 F1800
G1 X54.143 Y57.202 Z16.2 F7200
G1 Z15.8
G1 E.8 F1800
M204 S1500
;TYPE:Inner wall
;WIDTH:0.450192
G1 F1473.217
G1 X53.991 Y56.063 E.03892
;WIDTH:0.44292
G1 F1500
G1 X53.956 Y55.544 E.0173
G1 X53.956 Y54.288 E.04178
G1 X53.991 Y53.769 E.0173
;WIDTH:0.442708
G1 X54.048 Y53.244 E.01755
G1 X54.141 Y52.629 E.02067
; stop printing object fidget-finger-massager-2000-rods-rod-07.stl id:0 copy 0
; printing object fidget-finger-massager-2000-rods-rod-04.stl id:0 copy 0
M204 S10000
G1 E-.8 F1800
G1 X58.245 Y52.287 Z16.2 F7200
G1 Z15.8
G1 E.8 F1800
M204 S500
;TYPE:Outer wall
;WIDTH:0.449999
G1 F1473.915
G1 X58.163 Y52.696 E.01411
G1 X58.084 Y53.194 E.01708
G1 X58.023 Y53.725 E.0181
G1 X57.984 Y54.288 E.0191
G1 X57.984 Y55.762 E.04989
G1 X58.149 Y57.053 E.04407
G1 X58.247 Y57.545 E.01697
G1 X57.41 Y57.693 E.02876
G1 X57.307 Y57.161 E.01833
G1 X57.228 Y56.635 E.01801
G1 X57.17 Y56.092 E.01848
G1 X57.134 Y55.544 E.01858
G1 X57.134 Y54.265 E.04329
G1 X57.182 Y53.623 E.02179
G1 X57.25 Y53.056 E.01933
G1 X57.409 Y52.139 E.0315
G1 X58.206 Y52.28 E.02738
M204 S10000
G1 E-.8 F1800
G1 X57.746 Y57.202 Z16.2 F7200
G1 Z15.8
G1 E.8 F1800
M204 S1500
;TYPE:Inner wall
;WIDTH:0.450192
G1 F1473.217
G1 X57.594 Y56.063 E.03892
;WIDTH:0.44292
G1 F1500
G1 X57.559 Y55.544 E.0173
G1 X57.559 Y54.288 E.04178
G1 X57.594 Y53.769 E.0173
;WIDTH:0.442708
G1 X57.651 Y53.244 E.01755
G1 X57.744 Y52.629 E.02067
; stop printing object fidget-finger-massager-2000-rods-rod-04.stl id:0 copy 0
; printing object fidget-finger-massager-2000-rods-rod-01.stl id:0 copy 0
M204 S10000
G1 E-.8 F1800
G1 X64.635 Y55.911 Z16.2 F7200
G1 X66.232 Y56.671 Z16.2
G1 Z15.8
G1 E.8 F1800
M204 S500
;TYPE:Outer wall
;WIDTH:0.449999
G1 F1473.915
G1 X66.38 Y57.507 E.02874
G1 X65.974 Y57.588 E.01401
M73 P88 R2
G1 X65.33 Y57.687 E.02205
G1 X64.787 Y57.745 E.01847
G1 X64.245 Y57.782 E.01838
G1 X62.96 Y57.782 E.04349
G1 X62.418 Y57.745 E.01838
G1 X61.875 Y57.687 E.01849
G1 X61.336 Y57.606 E.01846
G1 X60.828 Y57.506 E.01753
G1 X60.979 Y56.671 E.02875
G1 X61.477 Y56.769 E.01718
G1 X62.411 Y56.893 E.03192
G1 X62.975 Y56.932 E.01912
G1 X64.261 Y56.932 E.04354
G1 X64.802 Y56.892 E.01835
G1 X65.333 Y56.831 E.0181
G1 X66.193 Y56.678 E.02957
M204 S10000
G1 E-.8 F1800
G1 X61.32 Y57.171 Z16.2 F7200
G1 Z15.8
G1 E.8 F1800
M204 S1500
;TYPE:Inner wall
;WIDTH:0.450194
G1 F1473.21
G1 X62.456 Y57.322 E.03881
;WIDTH:0.442918
G1 F1500.007
G1 X62.975 Y57.357 E.0173
G1 X64.231 Y57.357 E.04178
G1 X64.75 Y57.322 E.0173
;WIDTH:0.442708
G1 X65.275 Y57.265 E.01755
G1 X65.89 Y57.172 E.02067
; stop printing object fidget-finger-massager-2000-rods-rod-01.stl id:0 copy 0
; printing object fidget-finger-massager-2000-rods-rod-02.stl id:0 copy 0
M204 S10000
G1 E-.8 F1800
G1 X66.232 Y53.068 Z16.2 F7200
G1 Z15.8
G1 E.8 F1800
M204 S500
;TYPE:Outer wall
;WIDTH:0.449999
G1 F1473.915
G1 X66.38 Y53.904 E.02874
G1 X65.974 Y53.986 E.01401
G1 X65.33 Y54.084 E.02205
G1 X64.787 Y54.143 E.01847
G1 X64.245 Y54.179 E.01838
G1 X62.96 Y54.179 E.04349
G1 X62.418 Y54.143 E.01838
G1 X61.875 Y54.084 E.01849
G1 X61.336 Y54.004 E.01846
G1 X60.828 Y53.904 E.01753
G1 X60.979 Y53.068 E.02875
G1 X61.477 Y53.166 E.01718
G1 X62.411 Y53.29 E.03192
G1 X62.975 Y53.329 E.01912
G1 X64.261 Y53.329 E.04354
G1 X64.802 Y53.289 E.01835
G1 X65.333 Y53.228 E.0181
G1 X66.193 Y53.075 E.02957
M204 S10000
G1 E-.8 F1800
G1 X61.32 Y53.568 Z16.2 F7200
G1 Z15.8
G1 E.8 F1800
M204 S1500
;TYPE:Inner wall
;WIDTH:0.450194
G1 F1473.21
G1 X62.456 Y53.719 E.03881
;WIDTH:0.442918
G1 F1500.007
G1 X62.975 Y53.754 E.0173
G1 X64.231 Y53.754 E.04178
G1 X64.75 Y53.719 E.0173
;WIDTH:0.442708
G1 X65.275 Y53.663 E.01755
G1 X65.89 Y53.569 E.02067
; stop printing object fidget-finger-massager-2000-rods-rod-02.stl id:0 copy 0
; printing object fidget-finger-massager-2000-rods-rod-03.stl id:0 copy 0
M204 S10000
G1 E-.8 F1800
G1 X66.232 Y49.465 Z16.2 F7200
G1 Z15.8
G1 E.8 F1800
M204 S500
;TYPE:Outer wall
;WIDTH:0.449999
G1 F1473.915
G1 X66.38 Y50.302 E.02874
G1 X65.974 Y50.383 E.01401
G1 X65.33 Y50.481 E.02205
G1 X64.787 Y50.54 E.01847
G1 X64.245 Y50.576 E.01838
G1 X62.96 Y50.576 E.04349
G1 X62.418 Y50.54 E.01838
G1 X61.875 Y50.481 E.01849
G1 X61.336 Y50.401 E.01846
G1 X60.828 Y50.301 E.01753
G1 X60.979 Y49.465 E.02875
G1 X61.477 Y49.563 E.01718
G1 X62.411 Y49.687 E.03192
G1 X62.975 Y49.726 E.01912
G1 X64.261 Y49.726 E.04354
G1 X64.802 Y49.687 E.01835
G1 X65.333 Y49.625 E.0181
G1 X66.193 Y49.472 E.02957
M204 S10000
G1 E-.8 F1800
G1 X61.32 Y49.965 Z16.2 F7200
G1 Z15.8
G1 E.8 F1800
M204 S1500
;TYPE:Inner wall
;WIDTH:0.450194
G1 F1473.21
G1 X62.456 Y50.117 E.03881
;WIDTH:0.442918
G1 F1500.007
G1 X62.975 Y50.151 E.0173
G1 X64.231 Y50.151 E.04178
G1 X64.75 Y50.117 E.0173
;WIDTH:0.442708
G1 X65.275 Y50.06 E.01755
G1 X65.89 Y49.967 E.02067
; stop printing object fidget-finger-massager-2000-rods-rod-03.stl id:0 copy 0
; printing object fidget-finger-massager-2000-rods-rod-05.stl id:0 copy 0
M204 S10000
G1 E-.8 F1800
G1 X66.232 Y45.863 Z16.2 F7200
G1 Z15.8
G1 E.8 F1800
M204 S500
;TYPE:Outer wall
;WIDTH:0.449999
G1 F1473.915
G1 X66.38 Y46.699 E.02874
G1 X65.974 Y46.78 E.01401
G1 X65.33 Y46.878 E.02205
G1 X64.787 Y46.937 E.01847
G1 X64.245 Y46.974 E.01838
G1 X62.96 Y46.974 E.04349
G1 X62.418 Y46.937 E.01838
G1 X61.875 Y46.878 E.01849
G1 X61.336 Y46.798 E.01846
G1 X60.828 Y46.698 E.01753
G1 X60.979 Y45.862 E.02875
G1 X61.477 Y45.96 E.01718
G1 X62.411 Y46.085 E.03192
G1 X62.975 Y46.124 E.01912
G1 X64.261 Y46.124 E.04354
G1 X64.802 Y46.084 E.01835
G1 X65.333 Y46.022 E.0181
G1 X66.193 Y45.87 E.02957
M204 S10000
G1 E-.8 F1800
G1 X61.32 Y46.362 Z16.2 F7200
G1 Z15.8
G1 E.8 F1800
M204 S1500
;TYPE:Inner wall
;WIDTH:0.450194
G1 F1473.21
G1 X62.456 Y46.514 E.03881
;WIDTH:0.442918
G1 F1500.007
G1 X62.975 Y46.549 E.0173
G1 X64.231 Y46.549 E.04178
G1 X64.75 Y46.514 E.0173
;WIDTH:0.442708
G1 X65.275 Y46.457 E.01755
G1 X65.89 Y46.364 E.02067
; stop printing object fidget-finger-massager-2000-rods-rod-05.stl id:0 copy 0
; printing object fidget-finger-massager-2000-rods-rod-09.stl id:0 copy 0
M204 S10000
G1 E-.8 F1800
G1 X66.188 Y42.26 Z16.2 F7200
G1 Z15.8
G1 E.8 F1800
M204 S500
;TYPE:Outer wall
;WIDTH:0.449999
G1 F1473.915
G1 X66.336 Y43.096 E.02874
G1 X65.93 Y43.177 E.01401
G1 X65.286 Y43.276 E.02205
G1 X64.743 Y43.334 E.01847
G1 X64.201 Y43.371 E.01838
G1 X62.916 Y43.371 E.04349
G1 X62.375 Y43.334 E.01838
G1 X61.832 Y43.276 E.01849
G1 X61.292 Y43.195 E.01846
G1 X60.784 Y43.095 E.01753
G1 X60.935 Y42.259 E.02875
G1 X61.433 Y42.357 E.01718
G1 X62.367 Y42.482 E.03192
G1 X62.931 Y42.521 E.01912
G1 X64.217 Y42.521 E.04354
G1 X64.758 Y42.481 E.01835
G1 X65.289 Y42.42 E.0181
G1 X66.149 Y42.267 E.02957
M204 S10000
G1 E-.8 F1800
G1 X61.276 Y42.759 Z16.2 F7200
G1 Z15.8
G1 E.8 F1800
M204 S1500
;TYPE:Inner wall
;WIDTH:0.450194
G1 F1473.21
G1 X62.412 Y42.911 E.03881
;WIDTH:0.442918
G1 F1500.007
G1 X62.931 Y42.946 E.0173
G1 X64.187 Y42.946 E.04178
G1 X64.706 Y42.911 E.0173
;WIDTH:0.442708
G1 X65.231 Y42.854 E.01755
G1 X65.846 Y42.761 E.02067
; stop printing object fidget-finger-massager-2000-rods-rod-09.stl id:0 copy 0
; printing object fidget-finger-massager-2000-rods-rod-06.stl id:0 copy 0
M204 S10000
G1 E-.8 F1800
G1 X58.33 Y44.09 Z16.2 F7200
G1 X58.245 Y44.105 Z16.2
G1 Z15.8
G1 E.8 F1800
M204 S500
;TYPE:Outer wall
;WIDTH:0.449999
G1 F1473.915
G1 X58.163 Y44.514 E.01411
G1 X58.084 Y45.012 E.01708
M73 P88 R1
G1 X58.023 Y45.543 E.0181
G1 X57.984 Y46.106 E.0191
G1 X57.984 Y47.58 E.04989
G1 X58.149 Y48.872 E.04407
G1 X58.247 Y49.364 E.01697
G1 X57.41 Y49.511 E.02876
G1 X57.307 Y48.98 E.01833
G1 X57.228 Y48.453 E.01801
G1 X57.17 Y47.91 E.01848
G1 X57.134 Y47.363 E.01858
G1 X57.134 Y46.084 E.04329
G1 X57.182 Y45.442 E.02179
G1 X57.25 Y44.875 E.01933
G1 X57.409 Y43.958 E.0315
G1 X58.206 Y44.098 E.02738
M204 S10000
G1 E-.8 F1800
G1 X57.746 Y49.021 Z16.2 F7200
G1 Z15.8
G1 E.8 F1800
M204 S1500
;TYPE:Inner wall
;WIDTH:0.450192
G1 F1473.217
G1 X57.594 Y47.882 E.03892
;WIDTH:0.44292
G1 F1500
G1 X57.559 Y47.363 E.0173
G1 X57.559 Y46.106 E.04178
G1 X57.594 Y45.587 E.0173
;WIDTH:0.442708
G1 X57.651 Y45.063 E.01755
G1 X57.744 Y44.448 E.02067
; stop printing object fidget-finger-massager-2000-rods-rod-06.stl id:0 copy 0
; printing object fidget-finger-massager-2000-rods-rod-08.stl id:0 copy 0
M204 S10000
G1 E-.8 F1800
G1 X54.642 Y44.105 Z16.2 F7200
G1 Z15.8
G1 E.8 F1800
M204 S500
;TYPE:Outer wall
;WIDTH:0.449999
G1 F1473.915
G1 X54.56 Y44.514 E.01411
G1 X54.482 Y45.012 E.01708
G1 X54.42 Y45.543 E.0181
G1 X54.381 Y46.106 E.0191
G1 X54.381 Y47.58 E.04989
G1 X54.547 Y48.872 E.04407
G1 X54.644 Y49.364 E.01697
G1 X53.807 Y49.511 E.02876
G1 X53.704 Y48.98 E.01833
G1 X53.626 Y48.453 E.01801
G1 X53.567 Y47.91 E.01848
G1 X53.531 Y47.363 E.01858
G1 X53.531 Y46.084 E.04329
G1 X53.58 Y45.442 E.02179
G1 X53.647 Y44.875 E.01933
G1 X53.806 Y43.958 E.0315
G1 X54.603 Y44.098 E.02738
M204 S10000
G1 E-.8 F1800
G1 X54.143 Y49.021 Z16.2 F7200
G1 Z15.8
G1 E.8 F1800
M204 S1500
;TYPE:Inner wall
;WIDTH:0.450192
G1 F1473.217
G1 X53.991 Y47.882 E.03892
;WIDTH:0.44292
G1 F1500
G1 X53.956 Y47.363 E.0173
G1 X53.956 Y46.106 E.04178
G1 X53.991 Y45.587 E.0173
;WIDTH:0.442708
G1 X54.048 Y45.063 E.01755
G1 X54.141 Y44.448 E.02067
; stop printing object fidget-finger-massager-2000-rods-rod-08.stl id:0 copy 0
M106 S242
;LAYER_CHANGE
;Z:16
;HEIGHT:0.2
G92 E0
;_SET_FAN_SPEED_CHANGING_LAYER
; printing object fidget-finger-massager-2000-rods-rod-07.stl id:0 copy 0
M204 S10000
G1 E-.8 F1800
G1 X54.628 Y52.065 Z16.4 F7200
G1 X54.642 Y52.287 Z16.4
G1 Z16
G1 E.8 F1800
M204 S500
;TYPE:Outer wall
;WIDTH:0.449999
G1 F1473.915
G1 X54.56 Y52.696 E.01411
G1 X54.481 Y53.195 E.01712
G1 X54.42 Y53.726 E.01808
G1 X54.381 Y54.288 E.01908
G1 X54.381 Y55.574 E.04354
G1 X54.421 Y56.118 E.01845
G1 X54.547 Y57.053 E.03194
G1 X54.644 Y57.545 E.01698
G1 X53.807 Y57.693 E.02876
G1 X53.706 Y57.172 E.01795
G1 X53.626 Y56.639 E.01824
G1 X53.568 Y56.094 E.01855
G1 X53.531 Y55.544 E.01865
G1 X53.531 Y54.265 E.04328
G1 X53.58 Y53.624 E.02178
G1 X53.647 Y53.058 E.0193
G1 X53.806 Y52.139 E.03155
G1 X54.603 Y52.28 E.02738
M204 S10000
G1 E-.8 F1800
G1 X54.143 Y57.203 Z16.4 F7200
G1 Z16
G1 E.8 F1800
M204 S1500
;TYPE:Inner wall
;WIDTH:0.450366
G1 F1472.588
G1 X53.991 Y56.065 E.03887
;WIDTH:0.44292
G1 F1500
G1 X53.956 Y55.544 E.01737
G1 X53.956 Y54.288 E.04178
G1 X53.991 Y53.767 E.01737
M73 P89 R1
;WIDTH:0.44265
G1 F1501.013
G1 X54.049 Y53.24 E.01762
G1 X54.141 Y52.629 E.02053
; stop printing object fidget-finger-massager-2000-rods-rod-07.stl id:0 copy 0
; printing object fidget-finger-massager-2000-rods-rod-04.stl id:0 copy 0
M204 S10000
G1 E-.8 F1800
G1 X58.245 Y52.287 Z16.4 F7200
G1 Z16
G1 E.8 F1800
M204 S500
;TYPE:Outer wall
;WIDTH:0.449999
G1 F1473.915
G1 X58.163 Y52.696 E.01411
G1 X58.084 Y53.195 E.01712
G1 X58.023 Y53.726 E.01808
G1 X57.984 Y54.288 E.01908
G1 X57.984 Y55.574 E.04354
G1 X58.024 Y56.118 E.01845
G1 X58.149 Y57.053 E.03194
G1 X58.247 Y57.545 E.01698
G1 X57.41 Y57.693 E.02876
G1 X57.308 Y57.172 E.01795
G1 X57.229 Y56.639 E.01824
G1 X57.17 Y56.094 E.01855
G1 X57.134 Y55.544 E.01865
G1 X57.134 Y54.265 E.04328
G1 X57.182 Y53.624 E.02178
G1 X57.249 Y53.058 E.0193
G1 X57.409 Y52.139 E.03155
G1 X58.206 Y52.28 E.02738
M204 S10000
G1 E-.8 F1800
G1 X57.746 Y57.203 Z16.4 F7200
G1 Z16
G1 E.8 F1800
M204 S1500
;TYPE:Inner wall
;WIDTH:0.450366
G1 F1472.588
G1 X57.594 Y56.065 E.03887
;WIDTH:0.44292
G1 F1500
G1 X57.559 Y55.544 E.01737
G1 X57.559 Y54.288 E.04178
G1 X57.594 Y53.767 E.01737
;WIDTH:0.44265
G1 F1501.013
G1 X57.651 Y53.24 E.01762
G1 X57.744 Y52.629 E.02053
; stop printing object fidget-finger-massager-2000-rods-rod-04.stl id:0 copy 0
; printing object fidget-finger-massager-2000-rods-rod-01.stl id:0 copy 0
M204 S10000
G1 E-.8 F1800
G1 X64.635 Y55.91 Z16.4 F7200
G1 X66.232 Y56.67 Z16.4
G1 Z16
G1 E.8 F1800
M204 S500
;TYPE:Outer wall
;WIDTH:0.449999
G1 F1473.915
G1 X66.379 Y57.504 E.02867
G1 X65.412 Y57.675 E.03326
G1 X64.779 Y57.746 E.02153
G1 X64.231 Y57.782 E.01861
G1 X62.951 Y57.782 E.04331
G1 X62.309 Y57.733 E.0218
G1 X61.743 Y57.668 E.01929
G1 X60.826 Y57.507 E.03151
G1 X60.973 Y56.671 E.02874
G1 X61.883 Y56.832 E.03125
G1 X62.412 Y56.893 E.01805
G1 X62.975 Y56.932 E.01908
G1 X64.261 Y56.932 E.04354
G1 X64.805 Y56.892 E.01845
G1 X65.74 Y56.767 E.03194
G1 X66.193 Y56.677 E.01562
M204 S10000
G1 X65.893 Y57.164 F7200
M204 S1500
;TYPE:Inner wall
;WIDTH:0.450054
G1 F1473.716
G1 X65.364 Y57.25 E.01815
G1 X64.751 Y57.322 E.02089
;WIDTH:0.442918
G1 F1500.007
G1 X64.231 Y57.357 E.01733
G1 X62.948 Y57.357 E.04265
G1 X62.358 Y57.313 E.01969
;WIDTH:0.4408
G1 F1507.992
G1 X61.833 Y57.253 E.01748
;WIDTH:0.441532
G1 F1505.223
G1 X61.316 Y57.172 E.01735
; stop printing object fidget-finger-massager-2000-rods-rod-01.stl id:0 copy 0
; printing object fidget-finger-massager-2000-rods-rod-02.stl id:0 copy 0
M204 S10000
G1 E-.8 F1800
G1 X66.232 Y53.067 Z16.4 F7200
G1 Z16
G1 E.8 F1800
M204 S500
;TYPE:Outer wall
;WIDTH:0.449999
G1 F1473.915
G1 X66.379 Y53.901 E.02867
G1 X65.412 Y54.073 E.03326
G1 X64.779 Y54.143 E.02153
G1 X64.231 Y54.179 E.01861
G1 X62.951 Y54.179 E.04331
G1 X62.309 Y54.13 E.0218
G1 X61.743 Y54.065 E.01929
G1 X60.826 Y53.904 E.03151
G1 X60.973 Y53.068 E.02874
G1 X61.883 Y53.229 E.03125
G1 X62.412 Y53.29 E.01805
G1 X62.975 Y53.329 E.01908
G1 X64.261 Y53.329 E.04354
G1 X64.805 Y53.289 E.01845
G1 X65.74 Y53.164 E.03194
G1 X66.193 Y53.075 E.01562
M204 S10000
G1 X65.893 Y53.562 F7200
M204 S1500
;TYPE:Inner wall
;WIDTH:0.450054
G1 F1473.716
G1 X65.364 Y53.647 E.01815
G1 X64.751 Y53.719 E.02089
;WIDTH:0.442918
G1 F1500.007
G1 X64.231 Y53.754 E.01733
G1 X62.948 Y53.754 E.04265
G1 X62.358 Y53.71 E.01969
;WIDTH:0.4408
G1 F1507.992
G1 X61.833 Y53.65 E.01748
;WIDTH:0.441532
G1 F1505.223
G1 X61.316 Y53.57 E.01735
; stop printing object fidget-finger-massager-2000-rods-rod-02.stl id:0 copy 0
; printing object fidget-finger-massager-2000-rods-rod-03.stl id:0 copy 0
M204 S10000
G1 E-.8 F1800
G1 X66.232 Y49.464 Z16.4 F7200
G1 Z16
G1 E.8 F1800
M204 S500
;TYPE:Outer wall
;WIDTH:0.449999
G1 F1473.915
G1 X66.379 Y50.298 E.02867
G1 X65.412 Y50.47 E.03326
G1 X64.779 Y50.54 E.02153
G1 X64.231 Y50.576 E.01861
G1 X62.951 Y50.576 E.04331
G1 X62.309 Y50.528 E.0218
G1 X61.743 Y50.463 E.01929
G1 X60.826 Y50.301 E.03151
G1 X60.973 Y49.465 E.02874
G1 X61.883 Y49.627 E.03125
G1 X62.412 Y49.687 E.01805
G1 X62.975 Y49.726 E.01908
G1 X64.261 Y49.726 E.04354
G1 X64.805 Y49.686 E.01845
G1 X65.74 Y49.561 E.03194
G1 X66.193 Y49.472 E.01562
M204 S10000
G1 X65.893 Y49.959 F7200
M204 S1500
;TYPE:Inner wall
;WIDTH:0.450054
G1 F1473.716
G1 X65.364 Y50.044 E.01815
G1 X64.751 Y50.117 E.02089
;WIDTH:0.442918
G1 F1500.007
G1 X64.231 Y50.151 E.01733
G1 X62.948 Y50.151 E.04265
G1 X62.358 Y50.107 E.01969
;WIDTH:0.4408
G1 F1507.992
G1 X61.833 Y50.048 E.01748
;WIDTH:0.441532
G1 F1505.223
G1 X61.316 Y49.967 E.01735
; stop printing object fidget-finger-massager-2000-rods-rod-03.stl id:0 copy 0
; printing object fidget-finger-massager-2000-rods-rod-05.stl id:0 copy 0
M204 S10000
G1 E-.8 F1800
G1 X66.232 Y45.861 Z16.4 F7200
G1 Z16
G1 E.8 F1800
M204 S500
;TYPE:Outer wall
;WIDTH:0.449999
G1 F1473.915
G1 X66.379 Y46.695 E.02867
G1 X65.412 Y46.867 E.03326
G1 X64.779 Y46.938 E.02153
G1 X64.231 Y46.974 E.01861
G1 X62.951 Y46.974 E.04331
G1 X62.309 Y46.925 E.0218
G1 X61.743 Y46.86 E.01929
G1 X60.826 Y46.699 E.03151
G1 X60.973 Y45.863 E.02874
G1 X61.883 Y46.024 E.03125
G1 X62.412 Y46.085 E.01805
G1 X62.975 Y46.124 E.01908
G1 X64.261 Y46.124 E.04354
G1 X64.805 Y46.084 E.01845
G1 X65.74 Y45.959 E.03194
G1 X66.193 Y45.869 E.01562
M204 S10000
G1 X65.893 Y46.356 F7200
M204 S1500
;TYPE:Inner wall
;WIDTH:0.450054
G1 F1473.716
G1 X65.364 Y46.441 E.01815
G1 X64.751 Y46.514 E.02089
;WIDTH:0.442918
G1 F1500.007
G1 X64.231 Y46.549 E.01733
G1 X62.948 Y46.549 E.04265
G1 X62.358 Y46.505 E.01969
;WIDTH:0.4408
G1 F1507.992
G1 X61.833 Y46.445 E.01748
;WIDTH:0.441532
G1 F1505.223
G1 X61.316 Y46.364 E.01735
; stop printing object fidget-finger-massager-2000-rods-rod-05.stl id:0 copy 0
; printing object fidget-finger-massager-2000-rods-rod-09.stl id:0 copy 0
M204 S10000
G1 E-.8 F1800
G1 X66.188 Y42.258 Z16.4 F7200
G1 Z16
G1 E.8 F1800
M204 S500
;TYPE:Outer wall
;WIDTH:0.449999
G1 F1473.915
G1 X66.335 Y43.093 E.02867
G1 X65.368 Y43.264 E.03326
G1 X64.735 Y43.335 E.02153
G1 X64.187 Y43.371 E.01861
G1 X62.907 Y43.371 E.04331
G1 X62.265 Y43.322 E.0218
G1 X61.699 Y43.257 E.01929
G1 X60.782 Y43.096 E.03151
G1 X60.93 Y42.26 E.02874
G1 X61.839 Y42.421 E.03125
G1 X62.368 Y42.482 E.01805
G1 X62.931 Y42.521 E.01908
G1 X64.217 Y42.521 E.04354
G1 X64.761 Y42.481 E.01845
G1 X65.696 Y42.356 E.03194
G1 X66.149 Y42.266 E.01562
M204 S10000
G1 X65.849 Y42.753 F7200
M204 S1500
;TYPE:Inner wall
;WIDTH:0.450054
G1 F1473.716
G1 X65.32 Y42.838 E.01815
G1 X64.707 Y42.911 E.02089
;WIDTH:0.442918
G1 F1500.007
G1 X64.187 Y42.946 E.01733
G1 X62.904 Y42.946 E.04265
G1 X62.314 Y42.902 E.01969
;WIDTH:0.4408
G1 F1507.992
G1 X61.789 Y42.842 E.01748
;WIDTH:0.441532
G1 F1505.223
G1 X61.272 Y42.761 E.01735
; stop printing object fidget-finger-massager-2000-rods-rod-09.stl id:0 copy 0
; printing object fidget-finger-massager-2000-rods-rod-06.stl id:0 copy 0
M204 S10000
G1 E-.8 F1800
G1 X58.245 Y44.105 Z16.4 F7200
G1 Z16
G1 E.8 F1800
M204 S500
;TYPE:Outer wall
;WIDTH:0.449999
G1 F1473.915
G1 X58.163 Y44.514 E.01411
G1 X58.084 Y45.014 E.01712
G1 X58.023 Y45.544 E.01808
G1 X57.984 Y46.106 E.01908
G1 X57.984 Y47.393 E.04354
G1 X58.024 Y47.936 E.01845
G1 X58.149 Y48.872 E.03194
G1 X58.247 Y49.364 E.01698
G1 X57.41 Y49.511 E.02876
G1 X57.308 Y48.991 E.01795
G1 X57.229 Y48.457 E.01824
G1 X57.17 Y47.912 E.01855
G1 X57.134 Y47.363 E.01865
G1 X57.134 Y46.084 E.04328
G1 X57.182 Y45.442 E.02178
G1 X57.249 Y44.876 E.0193
G1 X57.409 Y43.958 E.03155
G1 X58.206 Y44.098 E.02738
M204 S10000
G1 E-.8 F1800
G1 X57.746 Y49.021 Z16.4 F7200
G1 Z16
G1 E.8 F1800
M204 S1500
;TYPE:Inner wall
;WIDTH:0.450366
G1 F1472.588
G1 X57.594 Y47.884 E.03887
;WIDTH:0.44292
G1 F1500
G1 X57.559 Y47.363 E.01737
G1 X57.559 Y46.106 E.04178
G1 X57.594 Y45.585 E.01737
;WIDTH:0.44265
G1 F1501.013
G1 X57.651 Y45.058 E.01762
G1 X57.744 Y44.448 E.02053
; stop printing object fidget-finger-massager-2000-rods-rod-06.stl id:0 copy 0
; printing object fidget-finger-massager-2000-rods-rod-08.stl id:0 copy 0
M204 S10000
G1 E-.8 F1800
G1 X54.642 Y44.105 Z16.4 F7200
G1 Z16
G1 E.8 F1800
M204 S500
;TYPE:Outer wall
;WIDTH:0.449999
G1 F1473.915
G1 X54.56 Y44.514 E.01411
G1 X54.481 Y45.014 E.01712
G1 X54.42 Y45.544 E.01808
G1 X54.381 Y46.106 E.01908
G1 X54.381 Y47.393 E.04354
G1 X54.421 Y47.936 E.01845
G1 X54.547 Y48.872 E.03194
G1 X54.644 Y49.364 E.01698
G1 X53.807 Y49.511 E.02876
G1 X53.706 Y48.991 E.01795
G1 X53.626 Y48.457 E.01824
G1 X53.568 Y47.912 E.01855
G1 X53.531 Y47.363 E.01865
G1 X53.531 Y46.084 E.04328
G1 X53.58 Y45.442 E.02178
G1 X53.647 Y44.876 E.0193
G1 X53.806 Y43.958 E.03155
G1 X54.603 Y44.098 E.02738
M204 S10000
G1 E-.8 F1800
G1 X54.143 Y49.021 Z16.4 F7200
G1 Z16
G1 E.8 F1800
M204 S1500
;TYPE:Inner wall
;WIDTH:0.450366
G1 F1472.588
G1 X53.991 Y47.884 E.03887
;WIDTH:0.44292
G1 F1500
G1 X53.956 Y47.363 E.01737
G1 X53.956 Y46.106 E.04178
G1 X53.991 Y45.585 E.01737
;WIDTH:0.44265
G1 F1501.013
G1 X54.049 Y45.058 E.01762
G1 X54.141 Y44.448 E.02053
; stop printing object fidget-finger-massager-2000-rods-rod-08.stl id:0 copy 0
;LAYER_CHANGE
;Z:16.2
;HEIGHT:0.200001
G92 E0
;_SET_FAN_SPEED_CHANGING_LAYER
; printing object fidget-finger-massager-2000-rods-rod-07.stl id:0 copy 0
M204 S10000
G1 E-.8 F1800
G1 X54.628 Y52.065 Z16.6 F7200
G1 X54.642 Y52.287 Z16.6
G1 Z16.2
G1 E.8 F1800
M204 S500
;TYPE:Outer wall
;WIDTH:0.449999
G1 F1473.915
G1 X54.56 Y52.696 E.01411
G1 X54.481 Y53.196 E.01716
G1 X54.42 Y53.726 E.01806
G1 X54.381 Y54.288 E.01906
G1 X54.381 Y55.766 E.05003
G1 X54.478 Y56.54 E.0264
G1 X54.644 Y57.545 E.03448
G1 X53.807 Y57.693 E.02875
G1 X53.707 Y57.183 E.01757
G1 X53.627 Y56.643 E.01848
G1 X53.568 Y56.096 E.01863
G1 X53.531 Y55.544 E.01872
G1 X53.531 Y54.266 E.04328
G1 X53.579 Y53.625 E.02176
G1 X53.646 Y53.059 E.01928
G1 X53.806 Y52.139 E.03159
M73 P90 R1
G1 X54.603 Y52.28 E.02738
M204 S10000
G1 E-.8 F1800
G1 X54.143 Y57.203 Z16.6 F7200
G1 Z16.2
G1 E.8 F1800
M204 S1500
;TYPE:Inner wall
;WIDTH:0.450538
G1 F1471.966
G1 X53.992 Y56.068 E.03882
;WIDTH:0.44292
G1 F1500
G1 X53.956 Y55.556 E.01705
G1 X53.956 Y54.288 E.04218
G1 X53.992 Y53.765 E.01745
;WIDTH:0.442594
G1 F1501.224
G1 X54.049 Y53.236 E.01769
G1 X54.141 Y52.629 E.02038
; stop printing object fidget-finger-massager-2000-rods-rod-07.stl id:0 copy 0
; printing object fidget-finger-massager-2000-rods-rod-04.stl id:0 copy 0
M204 S10000
G1 E-.8 F1800
G1 X58.245 Y52.287 Z16.6 F7200
G1 Z16.2
G1 E.8 F1800
M204 S500
;TYPE:Outer wall
;WIDTH:0.449999
G1 F1473.915
G1 X58.163 Y52.696 E.01411
G1 X58.084 Y53.196 E.01716
G1 X58.023 Y53.726 E.01806
G1 X57.984 Y54.288 E.01906
G1 X57.984 Y55.766 E.05003
G1 X58.081 Y56.54 E.0264
G1 X58.246 Y57.545 E.03448
G1 X57.41 Y57.693 E.02875
G1 X57.31 Y57.183 E.01757
G1 X57.23 Y56.643 E.01848
G1 X57.171 Y56.096 E.01863
G1 X57.134 Y55.544 E.01872
G1 X57.134 Y54.266 E.04328
G1 X57.182 Y53.625 E.02176
G1 X57.249 Y53.059 E.01928
G1 X57.409 Y52.139 E.03159
G1 X58.206 Y52.28 E.02738
M204 S10000
G1 E-.8 F1800
G1 X57.746 Y57.203 Z16.6 F7200
G1 Z16.2
G1 E.8 F1800
M204 S1500
;TYPE:Inner wall
;WIDTH:0.450538
G1 F1471.966
G1 X57.594 Y56.068 E.03882
;WIDTH:0.44292
G1 F1500
G1 X57.559 Y55.556 E.01705
G1 X57.559 Y54.288 E.04218
G1 X57.594 Y53.765 E.01745
;WIDTH:0.442594
G1 F1501.224
G1 X57.652 Y53.236 E.01769
G1 X57.744 Y52.629 E.02038
; stop printing object fidget-finger-massager-2000-rods-rod-04.stl id:0 copy 0
; printing object fidget-finger-massager-2000-rods-rod-01.stl id:0 copy 0
M204 S10000
G1 E-.8 F1800
G1 X64.635 Y55.91 Z16.6 F7200
G1 X66.232 Y56.67 Z16.6
G1 Z16.2
G1 E.8 F1800
M204 S500
;TYPE:Outer wall
;WIDTH:0.449999
G1 F1473.915
G1 X66.38 Y57.507 E.02879
G1 X65.412 Y57.676 E.03324
G1 X64.782 Y57.746 E.02147
G1 X64.231 Y57.782 E.01869
G1 X62.952 Y57.782 E.04328
G1 X62.311 Y57.734 E.02176
G1 X61.746 Y57.667 E.01928
G1 X60.826 Y57.507 E.03159
G1 X60.973 Y56.671 E.02873
G1 X61.883 Y56.832 E.03127
G1 X62.413 Y56.893 E.01806
G1 X62.975 Y56.932 E.01906
G1 X64.261 Y56.932 E.04354
G1 X64.804 Y56.892 E.01843
G1 X65.307 Y56.825 E.01719
G1 X66.192 Y56.676 E.03038
M204 S10000
G1 X65.889 Y57.172 F7200
M204 S1500
;TYPE:Inner wall
;WIDTH:0.45042
G1 F1472.393
G1 X64.753 Y57.322 E.03881
;WIDTH:0.442918
G1 F1500.007
G1 X64.231 Y57.357 E.01741
G1 X62.949 Y57.357 E.04265
G1 X62.357 Y57.313 E.01974
;WIDTH:0.439666
G1 F1512.302
G1 X61.813 Y57.249 E.01808
;WIDTH:0.441562
G1 F1505.11
G1 X61.316 Y57.172 E.01666
; stop printing object fidget-finger-massager-2000-rods-rod-01.stl id:0 copy 0
; printing object fidget-finger-massager-2000-rods-rod-02.stl id:0 copy 0
M204 S10000
G1 E-.8 F1800
G1 X66.232 Y53.067 Z16.6 F7200
G1 Z16.2
G1 E.8 F1800
M204 S500
;TYPE:Outer wall
;WIDTH:0.449999
G1 F1473.915
G1 X66.38 Y53.905 E.02879
G1 X65.412 Y54.073 E.03324
G1 X64.782 Y54.143 E.02147
G1 X64.231 Y54.179 E.01869
G1 X62.952 Y54.179 E.04328
G1 X62.311 Y54.131 E.02176
G1 X61.746 Y54.064 E.01928
G1 X60.826 Y53.904 E.03159
G1 X60.973 Y53.068 E.02873
G1 X61.883 Y53.229 E.03127
G1 X62.413 Y53.29 E.01806
G1 X62.975 Y53.329 E.01906
G1 X64.261 Y53.329 E.04354
G1 X64.804 Y53.289 E.01843
G1 X65.307 Y53.222 E.01719
G1 X66.192 Y53.074 E.03038
M204 S10000
G1 X65.889 Y53.569 F7200
M204 S1500
;TYPE:Inner wall
;WIDTH:0.45042
G1 F1472.393
G1 X64.753 Y53.719 E.03881
;WIDTH:0.442918
G1 F1500.007
G1 X64.231 Y53.754 E.01741
G1 X62.949 Y53.754 E.04265
G1 X62.357 Y53.71 E.01974
;WIDTH:0.439666
G1 F1512.302
G1 X61.813 Y53.647 E.01808
;WIDTH:0.441562
G1 F1505.11
G1 X61.316 Y53.57 E.01666
; stop printing object fidget-finger-massager-2000-rods-rod-02.stl id:0 copy 0
; printing object fidget-finger-massager-2000-rods-rod-03.stl id:0 copy 0
M204 S10000
G1 E-.8 F1800
G1 X66.232 Y49.464 Z16.6 F7200
G1 Z16.2
G1 E.8 F1800
M204 S500
;TYPE:Outer wall
;WIDTH:0.449999
G1 F1473.915
G1 X66.38 Y50.302 E.02879
G1 X65.412 Y50.47 E.03324
G1 X64.782 Y50.54 E.02147
G1 X64.231 Y50.576 E.01869
G1 X62.952 Y50.576 E.04328
G1 X62.311 Y50.528 E.02176
G1 X61.746 Y50.462 E.01928
G1 X60.826 Y50.301 E.03159
G1 X60.973 Y49.465 E.02873
G1 X61.883 Y49.627 E.03127
G1 X62.413 Y49.688 E.01806
G1 X62.975 Y49.726 E.01906
G1 X64.261 Y49.726 E.04354
G1 X64.804 Y49.686 E.01843
G1 X65.307 Y49.619 E.01719
G1 X66.192 Y49.471 E.03038
M204 S10000
G1 X65.889 Y49.966 F7200
M204 S1500
;TYPE:Inner wall
;WIDTH:0.45042
G1 F1472.393
G1 X64.753 Y50.116 E.03881
;WIDTH:0.442918
G1 F1500.007
G1 X64.231 Y50.151 E.01741
G1 X62.949 Y50.151 E.04265
G1 X62.357 Y50.107 E.01974
;WIDTH:0.439666
G1 F1512.302
G1 X61.813 Y50.044 E.01808
;WIDTH:0.441562
G1 F1505.11
G1 X61.316 Y49.967 E.01666
; stop printing object fidget-finger-massager-2000-rods-rod-03.stl id:0 copy 0
; printing object fidget-finger-massager-2000-rods-rod-05.stl id:0 copy 0
M204 S10000
G1 E-.8 F1800
G1 X66.232 Y45.861 Z16.6 F7200
G1 Z16.2
G1 E.8 F1800
M204 S500
;TYPE:Outer wall
;WIDTH:0.449999
G1 F1473.915
G1 X66.38 Y46.699 E.02879
G1 X65.412 Y46.867 E.03324
G1 X64.782 Y46.937 E.02147
G1 X64.231 Y46.974 E.01869
G1 X62.952 Y46.974 E.04328
G1 X62.311 Y46.926 E.02176
G1 X61.746 Y46.859 E.01928
G1 X60.826 Y46.699 E.03159
G1 X60.973 Y45.863 E.02873
G1 X61.883 Y46.024 E.03127
G1 X62.413 Y46.085 E.01806
G1 X62.975 Y46.124 E.01906
G1 X64.261 Y46.124 E.04354
G1 X64.804 Y46.084 E.01843
G1 X65.307 Y46.016 E.01719
G1 X66.192 Y45.868 E.03038
M204 S10000
G1 X65.889 Y46.363 F7200
M204 S1500
;TYPE:Inner wall
;WIDTH:0.45042
G1 F1472.393
G1 X64.753 Y46.514 E.03881
;WIDTH:0.442918
G1 F1500.007
G1 X64.231 Y46.549 E.01741
G1 X62.949 Y46.549 E.04265
G1 X62.357 Y46.505 E.01974
;WIDTH:0.439666
G1 F1512.302
G1 X61.813 Y46.441 E.01808
;WIDTH:0.441562
G1 F1505.11
G1 X61.316 Y46.364 E.01666
; stop printing object fidget-finger-massager-2000-rods-rod-05.stl id:0 copy 0
; printing object fidget-finger-massager-2000-rods-rod-09.stl id:0 copy 0
M204 S10000
G1 E-.8 F1800
G1 X66.188 Y42.259 Z16.6 F7200
G1 Z16.2
G1 E.8 F1800
M204 S500
;TYPE:Outer wall
;WIDTH:0.449999
G1 F1473.915
G1 X66.336 Y43.096 E.02879
G1 X65.368 Y43.264 E.03324
G1 X64.738 Y43.335 E.02147
G1 X64.187 Y43.371 E.01869
G1 X62.908 Y43.371 E.04328
G1 X62.267 Y43.323 E.02176
G1 X61.702 Y43.256 E.01928
G1 X60.782 Y43.096 E.03159
G1 X60.93 Y42.26 E.02873
G1 X61.839 Y42.421 E.03127
G1 X62.369 Y42.482 E.01806
G1 X62.931 Y42.521 E.01906
G1 X64.217 Y42.521 E.04354
G1 X64.76 Y42.481 E.01843
G1 X65.263 Y42.413 E.01719
G1 X66.148 Y42.265 E.03038
M204 S10000
G1 X65.845 Y42.761 F7200
M204 S1500
;TYPE:Inner wall
;WIDTH:0.45042
G1 F1472.393
G1 X64.709 Y42.911 E.03881
;WIDTH:0.442918
G1 F1500.007
G1 X64.187 Y42.946 E.01741
G1 X62.905 Y42.946 E.04265
G1 X62.313 Y42.902 E.01974
;WIDTH:0.439666
G1 F1512.302
G1 X61.769 Y42.838 E.01808
;WIDTH:0.441562
G1 F1505.11
G1 X61.272 Y42.761 E.01666
; stop printing object fidget-finger-massager-2000-rods-rod-09.stl id:0 copy 0
; printing object fidget-finger-massager-2000-rods-rod-06.stl id:0 copy 0
M204 S10000
G1 E-.8 F1800
G1 X58.245 Y44.105 Z16.6 F7200
G1 Z16.2
G1 E.8 F1800
M204 S500
;TYPE:Outer wall
;WIDTH:0.449999
G1 F1473.915
G1 X58.163 Y44.514 E.01411
G1 X58.084 Y45.015 E.01716
G1 X58.023 Y45.545 E.01806
G1 X57.984 Y46.107 E.01906
G1 X57.984 Y47.585 E.05003
G1 X58.081 Y48.359 E.0264
G1 X58.246 Y49.364 E.03448
G1 X57.41 Y49.511 E.02875
G1 X57.31 Y49.002 E.01757
G1 X57.23 Y48.462 E.01848
G1 X57.171 Y47.915 E.01863
G1 X57.134 Y47.363 E.01872
G1 X57.134 Y46.084 E.04328
G1 X57.182 Y45.443 E.02176
G1 X57.249 Y44.877 E.01928
G1 X57.409 Y43.958 E.03159
G1 X58.206 Y44.098 E.02738
M204 S10000
G1 E-.8 F1800
G1 X57.746 Y49.021 Z16.6 F7200
G1 Z16.2
G1 E.8 F1800
M204 S1500
;TYPE:Inner wall
;WIDTH:0.450538
G1 F1471.966
G1 X57.594 Y47.886 E.03882
;WIDTH:0.44292
G1 F1500
G1 X57.559 Y47.375 E.01705
G1 X57.559 Y46.107 E.04218
G1 X57.594 Y45.583 E.01745
;WIDTH:0.442594
G1 F1501.224
G1 X57.652 Y45.054 E.01769
G1 X57.744 Y44.448 E.02038
; stop printing object fidget-finger-massager-2000-rods-rod-06.stl id:0 copy 0
; printing object fidget-finger-massager-2000-rods-rod-08.stl id:0 copy 0
M204 S10000
G1 E-.8 F1800
G1 X54.642 Y44.105 Z16.6 F7200
G1 Z16.2
G1 E.8 F1800
M204 S500
;TYPE:Outer wall
;WIDTH:0.449999
G1 F1473.915
G1 X54.56 Y44.514 E.01411
G1 X54.481 Y45.015 E.01716
G1 X54.42 Y45.545 E.01806
G1 X54.381 Y46.107 E.01906
G1 X54.381 Y47.585 E.05003
G1 X54.478 Y48.359 E.0264
G1 X54.644 Y49.364 E.03448
G1 X53.807 Y49.511 E.02875
G1 X53.707 Y49.002 E.01757
G1 X53.627 Y48.462 E.01848
G1 X53.568 Y47.915 E.01863
G1 X53.531 Y47.363 E.01872
G1 X53.531 Y46.084 E.04328
G1 X53.579 Y45.443 E.02176
G1 X53.646 Y44.877 E.01928
G1 X53.806 Y43.958 E.03159
G1 X54.603 Y44.098 E.02738
M204 S10000
G1 E-.8 F1800
G1 X54.143 Y49.021 Z16.6 F7200
G1 Z16.2
G1 E.8 F1800
M204 S1500
;TYPE:Inner wall
;WIDTH:0.450538
G1 F1471.966
G1 X53.992 Y47.886 E.03882
;WIDTH:0.44292
G1 F1500
G1 X53.956 Y47.375 E.01705
G1 X53.956 Y46.107 E.04218
G1 X53.992 Y45.583 E.01745
;WIDTH:0.442594
G1 F1501.224
G1 X54.049 Y45.054 E.01769
G1 X54.141 Y44.448 E.02038
; stop printing object fidget-finger-massager-2000-rods-rod-08.stl id:0 copy 0
;LAYER_CHANGE
;Z:16.4
;HEIGHT:0.199999
G92 E0
;_SET_FAN_SPEED_CHANGING_LAYER
; printing object fidget-finger-massager-2000-rods-rod-07.stl id:0 copy 0
M204 S10000
G1 E-.8 F1800
G1 X54.628 Y52.065 Z16.8 F7200
G1 X54.642 Y52.287 Z16.8
G1 Z16.4
G1 E.8 F1800
M204 S500
;TYPE:Outer wall
;WIDTH:0.449999
G1 F1473.915
G1 X54.56 Y52.695 E.01408
G1 X54.481 Y53.198 E.01724
M73 P91 R1
G1 X54.42 Y53.729 E.0181
G1 X54.381 Y54.289 E.01901
G1 X54.381 Y55.768 E.05007
G1 X54.479 Y56.544 E.02646
G1 X54.644 Y57.545 E.03434
G1 X53.807 Y57.693 E.02875
G1 X53.71 Y57.202 E.01693
G1 X53.628 Y56.656 E.01868
G1 X53.568 Y56.107 E.01871
G1 X53.531 Y55.559 E.0186
G1 X53.531 Y54.274 E.04348
G1 X53.576 Y53.655 E.021
G1 X53.709 Y52.642 E.03459
G1 X53.807 Y52.14 E.01733
G1 X54.603 Y52.28 E.02736
M204 S10000
G1 E-.8 F1800
G1 X54.143 Y57.203 Z16.8 F7200
G1 Z16.4
G1 E.8 F1800
M204 S1500
;TYPE:Inner wall
;WIDTH:0.45071
G1 F1471.346
G1 X53.992 Y56.07 E.03877
;WIDTH:0.44292
G1 F1500
G1 X53.956 Y55.556 E.01712
G1 X53.956 Y54.289 E.04214
G1 X53.997 Y53.698 E.01971
;WIDTH:0.440532
G1 F1509.009
G1 X54.065 Y53.15 E.01827
;WIDTH:0.439648
G1 F1512.371
G1 X54.142 Y52.629 E.01738
; stop printing object fidget-finger-massager-2000-rods-rod-07.stl id:0 copy 0
; printing object fidget-finger-massager-2000-rods-rod-04.stl id:0 copy 0
M204 S10000
G1 E-.8 F1800
G1 X58.245 Y52.287 Z16.8 F7200
G1 Z16.4
G1 E.8 F1800
M204 S500
;TYPE:Outer wall
;WIDTH:0.449999
G1 F1473.915
G1 X58.163 Y52.695 E.01408
G1 X58.084 Y53.198 E.01724
G1 X58.023 Y53.729 E.0181
G1 X57.984 Y54.289 E.01901
G1 X57.984 Y55.768 E.05007
G1 X58.082 Y56.544 E.02646
G1 X58.246 Y57.545 E.03434
G1 X57.41 Y57.693 E.02875
G1 X57.313 Y57.202 E.01693
G1 X57.231 Y56.656 E.01868
G1 X57.171 Y56.107 E.01871
G1 X57.134 Y55.559 E.0186
G1 X57.134 Y54.274 E.04348
G1 X57.178 Y53.655 E.021
G1 X57.312 Y52.642 E.03459
G1 X57.41 Y52.14 E.01733
G1 X58.206 Y52.28 E.02736
M204 S10000
G1 E-.8 F1800
G1 X57.745 Y57.203 Z16.8 F7200
G1 Z16.4
G1 E.8 F1800
M204 S1500
;TYPE:Inner wall
;WIDTH:0.45071
G1 F1471.346
G1 X57.594 Y56.07 E.03877
;WIDTH:0.44292
G1 F1500
G1 X57.559 Y55.556 E.01712
G1 X57.559 Y54.289 E.04214
G1 X57.6 Y53.698 E.01971
;WIDTH:0.440532
G1 F1509.009
G1 X57.667 Y53.15 E.01827
;WIDTH:0.439648
G1 F1512.371
G1 X57.745 Y52.629 E.01738
; stop printing object fidget-finger-massager-2000-rods-rod-04.stl id:0 copy 0
; printing object fidget-finger-massager-2000-rods-rod-01.stl id:0 copy 0
M204 S10000
G1 E-.8 F1800
G1 X64.636 Y55.911 Z16.8 F7200
G1 X66.232 Y56.671 Z16.8
G1 Z16.4
G1 E.8 F1800
M204 S500
;TYPE:Outer wall
;WIDTH:0.449999
G1 F1473.915
G1 X66.38 Y57.507 E.02875
G1 X65.951 Y57.592 E.01479
G1 X65.405 Y57.676 E.01869
G1 X64.784 Y57.746 E.02117
G1 X64.231 Y57.782 E.01876
G1 X62.952 Y57.782 E.04327
G1 X62.312 Y57.734 E.02175
G1 X61.747 Y57.667 E.01925
G1 X60.826 Y57.507 E.03164
G1 X60.973 Y56.671 E.02873
G1 X61.884 Y56.832 E.03131
G1 X62.414 Y56.893 E.01803
G1 X62.975 Y56.932 E.01904
G1 X64.261 Y56.932 E.04354
G1 X64.8 Y56.892 E.01828
G1 X65.329 Y56.831 E.01803
G1 X66.193 Y56.678 E.0297
M204 S10000
G1 X65.89 Y57.172 F7200
M204 S1500
;TYPE:Inner wall
;WIDTH:0.441668
G1 F1504.71
G1 X65.358 Y57.255 E.01783
;WIDTH:0.442432
G1 F1501.832
G1 X64.755 Y57.322 E.02016
;WIDTH:0.442918
G1 F1500.007
G1 X64.231 Y57.357 E.01748
G1 X62.949 Y57.357 E.04264
G1 X62.357 Y57.313 E.01972
;WIDTH:0.4397
G1 F1512.173
G1 X61.811 Y57.249 E.01816
;WIDTH:0.4415
G1 F1505.344
G1 X61.316 Y57.172 E.0166
; stop printing object fidget-finger-massager-2000-rods-rod-01.stl id:0 copy 0
; printing object fidget-finger-massager-2000-rods-rod-02.stl id:0 copy 0
M204 S10000
G1 E-.8 F1800
G1 X66.232 Y53.068 Z16.8 F7200
G1 Z16.4
G1 E.8 F1800
M204 S500
;TYPE:Outer wall
;WIDTH:0.449999
G1 F1473.915
G1 X66.38 Y53.905 E.02875
G1 X65.951 Y53.99 E.01479
G1 X65.405 Y54.074 E.01869
G1 X64.784 Y54.143 E.02117
G1 X64.231 Y54.179 E.01876
G1 X62.952 Y54.179 E.04327
G1 X62.312 Y54.131 E.02175
G1 X61.747 Y54.065 E.01925
G1 X60.826 Y53.904 E.03164
G1 X60.973 Y53.068 E.02873
G1 X61.884 Y53.23 E.03131
G1 X62.414 Y53.29 E.01803
G1 X62.975 Y53.329 E.01904
G1 X64.261 Y53.329 E.04354
G1 X64.8 Y53.29 E.01828
G1 X65.329 Y53.229 E.01803
G1 X66.193 Y53.075 E.0297
M204 S10000
G1 X65.89 Y53.57 F7200
M204 S1500
;TYPE:Inner wall
;WIDTH:0.441668
G1 F1504.71
G1 X65.358 Y53.652 E.01783
;WIDTH:0.442432
G1 F1501.832
G1 X64.755 Y53.719 E.02016
;WIDTH:0.442918
G1 F1500.007
G1 X64.231 Y53.754 E.01748
G1 X62.949 Y53.754 E.04264
G1 X62.357 Y53.71 E.01972
;WIDTH:0.4397
G1 F1512.173
G1 X61.811 Y53.646 E.01816
;WIDTH:0.4415
G1 F1505.344
G1 X61.316 Y53.57 E.0166
; stop printing object fidget-finger-massager-2000-rods-rod-02.stl id:0 copy 0
; printing object fidget-finger-massager-2000-rods-rod-03.stl id:0 copy 0
M204 S10000
G1 E-.8 F1800
G1 X66.232 Y49.465 Z16.8 F7200
G1 Z16.4
G1 E.8 F1800
M204 S500
;TYPE:Outer wall
;WIDTH:0.449999
G1 F1473.915
G1 X66.38 Y50.302 E.02875
G1 X65.951 Y50.387 E.01479
G1 X65.405 Y50.471 E.01869
G1 X64.784 Y50.54 E.02117
G1 X64.231 Y50.576 E.01876
G1 X62.952 Y50.576 E.04327
G1 X62.312 Y50.528 E.02175
G1 X61.747 Y50.462 E.01925
G1 X60.826 Y50.301 E.03164
G1 X60.973 Y49.465 E.02873
G1 X61.884 Y49.627 E.03131
G1 X62.414 Y49.688 E.01803
G1 X62.975 Y49.726 E.01904
G1 X64.261 Y49.726 E.04354
G1 X64.8 Y49.687 E.01828
G1 X65.329 Y49.626 E.01803
G1 X66.193 Y49.472 E.0297
M204 S10000
G1 X65.89 Y49.967 F7200
M204 S1500
;TYPE:Inner wall
;WIDTH:0.441668
G1 F1504.71
G1 X65.358 Y50.049 E.01783
;WIDTH:0.442432
G1 F1501.832
G1 X64.755 Y50.116 E.02016
;WIDTH:0.442918
G1 F1500.007
G1 X64.231 Y50.151 E.01748
G1 X62.949 Y50.151 E.04264
G1 X62.357 Y50.108 E.01972
;WIDTH:0.4397
G1 F1512.173
G1 X61.811 Y50.044 E.01816
;WIDTH:0.4415
G1 F1505.344
G1 X61.316 Y49.967 E.0166
; stop printing object fidget-finger-massager-2000-rods-rod-03.stl id:0 copy 0
; printing object fidget-finger-massager-2000-rods-rod-05.stl id:0 copy 0
M204 S10000
G1 E-.8 F1800
G1 X66.232 Y45.863 Z16.8 F7200
G1 Z16.4
G1 E.8 F1800
M204 S500
;TYPE:Outer wall
;WIDTH:0.449999
G1 F1473.915
G1 X66.38 Y46.699 E.02875
G1 X65.951 Y46.784 E.01479
G1 X65.405 Y46.868 E.01869
G1 X64.784 Y46.937 E.02117
G1 X64.231 Y46.974 E.01876
G1 X62.952 Y46.974 E.04327
G1 X62.312 Y46.926 E.02175
G1 X61.747 Y46.859 E.01925
G1 X60.826 Y46.699 E.03164
G1 X60.973 Y45.863 E.02873
G1 X61.884 Y46.024 E.03131
G1 X62.414 Y46.085 E.01803
G1 X62.975 Y46.124 E.01904
G1 X64.261 Y46.124 E.04354
G1 X64.8 Y46.084 E.01828
G1 X65.329 Y46.023 E.01803
G1 X66.193 Y45.87 E.0297
M204 S10000
G1 X65.89 Y46.364 F7200
M204 S1500
;TYPE:Inner wall
;WIDTH:0.441668
G1 F1504.71
G1 X65.358 Y46.447 E.01783
;WIDTH:0.442432
G1 F1501.832
G1 X64.755 Y46.513 E.02016
;WIDTH:0.442918
G1 F1500.007
G1 X64.231 Y46.549 E.01748
G1 X62.949 Y46.549 E.04264
G1 X62.357 Y46.505 E.01972
;WIDTH:0.4397
G1 F1512.173
G1 X61.811 Y46.441 E.01816
;WIDTH:0.4415
G1 F1505.344
G1 X61.316 Y46.364 E.0166
; stop printing object fidget-finger-massager-2000-rods-rod-05.stl id:0 copy 0
; printing object fidget-finger-massager-2000-rods-rod-09.stl id:0 copy 0
M204 S10000
G1 E-.8 F1800
G1 X66.188 Y42.26 Z16.8 F7200
G1 Z16.4
G1 E.8 F1800
M204 S500
;TYPE:Outer wall
;WIDTH:0.449999
G1 F1473.915
G1 X66.336 Y43.096 E.02875
G1 X65.907 Y43.181 E.01479
G1 X65.361 Y43.265 E.01869
G1 X64.74 Y43.334 E.02117
G1 X64.187 Y43.371 E.01876
G1 X62.908 Y43.371 E.04327
G1 X62.268 Y43.323 E.02175
G1 X61.703 Y43.256 E.01925
G1 X60.782 Y43.096 E.03164
G1 X60.93 Y42.26 E.02873
G1 X61.84 Y42.421 E.03131
G1 X62.37 Y42.482 E.01803
G1 X62.931 Y42.521 E.01904
G1 X64.217 Y42.521 E.04354
G1 X64.756 Y42.481 E.01828
G1 X65.285 Y42.42 E.01803
G1 X66.149 Y42.267 E.0297
M204 S10000
G1 X65.846 Y42.761 F7200
M204 S1500
;TYPE:Inner wall
;WIDTH:0.441668
G1 F1504.71
G1 X65.314 Y42.844 E.01783
;WIDTH:0.442432
G1 F1501.832
G1 X64.711 Y42.911 E.02016
;WIDTH:0.442918
G1 F1500.007
G1 X64.187 Y42.946 E.01748
G1 X62.905 Y42.946 E.04264
G1 X62.314 Y42.902 E.01972
;WIDTH:0.4397
G1 F1512.173
G1 X61.767 Y42.838 E.01816
;WIDTH:0.4415
G1 F1505.344
G1 X61.272 Y42.761 E.0166
; stop printing object fidget-finger-massager-2000-rods-rod-09.stl id:0 copy 0
; printing object fidget-finger-massager-2000-rods-rod-06.stl id:0 copy 0
M204 S10000
G1 E-.8 F1800
G1 X58.245 Y44.105 Z16.8 F7200
G1 Z16.4
G1 E.8 F1800
M204 S500
;TYPE:Outer wall
;WIDTH:0.449999
G1 F1473.915
G1 X58.163 Y44.513 E.01408
G1 X58.084 Y45.016 E.01724
G1 X58.023 Y45.547 E.0181
G1 X57.984 Y46.108 E.01901
G1 X57.984 Y47.587 E.05007
G1 X58.082 Y48.363 E.02646
G1 X58.246 Y49.364 E.03434
G1 X57.41 Y49.511 E.02875
G1 X57.313 Y49.021 E.01693
G1 X57.231 Y48.475 E.01868
G1 X57.171 Y47.925 E.01871
G1 X57.134 Y47.377 E.0186
G1 X57.134 Y46.093 E.04348
G1 X57.178 Y45.474 E.021
G1 X57.312 Y44.46 E.03459
G1 X57.41 Y43.958 E.01733
G1 X58.206 Y44.098 E.02736
M204 S10000
G1 E-.8 F1800
G1 X57.745 Y49.021 Z16.8 F7200
G1 Z16.4
G1 E.8 F1800
M204 S1500
;TYPE:Inner wall
;WIDTH:0.45071
G1 F1471.346
G1 X57.594 Y47.888 E.03877
;WIDTH:0.44292
G1 F1500
G1 X57.559 Y47.375 E.01712
G1 X57.559 Y46.108 E.04214
G1 X57.6 Y45.517 E.01971
;WIDTH:0.440532
G1 F1509.009
G1 X57.667 Y44.968 E.01827
;WIDTH:0.439648
G1 F1512.371
G1 X57.745 Y44.447 E.01738
; stop printing object fidget-finger-massager-2000-rods-rod-06.stl id:0 copy 0
; printing object fidget-finger-massager-2000-rods-rod-08.stl id:0 copy 0
M204 S10000
G1 E-.8 F1800
G1 X54.642 Y44.105 Z16.8 F7200
G1 Z16.4
G1 E.8 F1800
M204 S500
;TYPE:Outer wall
;WIDTH:0.449999
G1 F1473.915
G1 X54.56 Y44.513 E.01408
G1 X54.481 Y45.016 E.01724
G1 X54.42 Y45.547 E.0181
G1 X54.381 Y46.108 E.01901
G1 X54.381 Y47.587 E.05007
G1 X54.479 Y48.363 E.02646
G1 X54.644 Y49.364 E.03434
G1 X53.807 Y49.511 E.02875
G1 X53.71 Y49.021 E.01693
G1 X53.628 Y48.475 E.01868
G1 X53.568 Y47.925 E.01871
G1 X53.531 Y47.377 E.0186
G1 X53.531 Y46.093 E.04348
G1 X53.576 Y45.474 E.021
G1 X53.709 Y44.46 E.03459
G1 X53.807 Y43.958 E.01733
G1 X54.603 Y44.098 E.02736
M204 S10000
G1 E-.8 F1800
G1 X54.143 Y49.021 Z16.8 F7200
G1 Z16.4
G1 E.8 F1800
M204 S1500
;TYPE:Inner wall
;WIDTH:0.45071
G1 F1471.346
G1 X53.992 Y47.888 E.03877
;WIDTH:0.44292
G1 F1500
M73 P92 R1
G1 X53.956 Y47.375 E.01712
G1 X53.956 Y46.108 E.04214
G1 X53.997 Y45.517 E.01971
;WIDTH:0.440532
G1 F1509.009
G1 X54.065 Y44.968 E.01827
;WIDTH:0.439648
G1 F1512.371
G1 X54.142 Y44.447 E.01738
; stop printing object fidget-finger-massager-2000-rods-rod-08.stl id:0 copy 0
;LAYER_CHANGE
;Z:16.6
;HEIGHT:0.200001
G92 E0
;_SET_FAN_SPEED_CHANGING_LAYER
; printing object fidget-finger-massager-2000-rods-rod-07.stl id:0 copy 0
M204 S10000
G1 E-.8 F1800
G1 X54.628 Y52.064 Z17 F7200
G1 X54.642 Y52.287 Z17
G1 Z16.6
G1 E.8 F1800
M204 S500
;TYPE:Outer wall
;WIDTH:0.449999
G1 F1473.915
G1 X54.56 Y52.695 E.01408
G1 X54.481 Y53.199 E.01728
G1 X54.42 Y53.731 E.01814
G1 X54.381 Y54.289 E.01892
G1 X54.381 Y55.771 E.05015
G1 X54.479 Y56.548 E.02652
G1 X54.643 Y57.545 E.0342
G1 X53.807 Y57.693 E.02875
G1 X53.711 Y57.209 E.01671
G1 X53.629 Y56.661 E.01876
G1 X53.569 Y56.109 E.01878
G1 X53.531 Y55.559 E.01868
G1 X53.531 Y54.274 E.04348
G1 X53.574 Y53.671 E.02048
G1 X53.629 Y53.172 E.01698
G1 X53.71 Y52.633 E.01844
G1 X53.807 Y52.14 E.01704
G1 X54.603 Y52.28 E.02736
M204 S10000
G1 E-.8 F1800
G1 X54.142 Y57.203 Z17 F7200
G1 Z16.6
G1 E.8 F1800
M204 S1500
;TYPE:Inner wall
;WIDTH:0.45088
G1 F1470.732
G1 X53.992 Y56.072 E.03872
;WIDTH:0.44292
G1 F1500
G1 X53.956 Y55.556 E.01719
G1 X53.956 Y54.289 E.04214
G1 X53.997 Y53.701 E.01962
;WIDTH:0.440792
G1 F1508.023
G1 X54.06 Y53.15 E.01832
;WIDTH:0.439814
G1 F1511.739
G1 X54.142 Y52.629 E.01743
; stop printing object fidget-finger-massager-2000-rods-rod-07.stl id:0 copy 0
; printing object fidget-finger-massager-2000-rods-rod-04.stl id:0 copy 0
M204 S10000
G1 E-.8 F1800
G1 X58.245 Y52.287 Z17 F7200
G1 Z16.6
G1 E.8 F1800
M204 S500
;TYPE:Outer wall
;WIDTH:0.449999
G1 F1473.915
G1 X58.163 Y52.695 E.01408
G1 X58.084 Y53.199 E.01728
G1 X58.023 Y53.731 E.01814
G1 X57.984 Y54.289 E.01892
G1 X57.984 Y55.771 E.05015
G1 X58.082 Y56.548 E.02652
G1 X58.246 Y57.545 E.0342
G1 X57.41 Y57.693 E.02875
G1 X57.314 Y57.209 E.01671
G1 X57.232 Y56.661 E.01876
G1 X57.171 Y56.109 E.01878
G1 X57.134 Y55.559 E.01868
G1 X57.134 Y54.274 E.04348
G1 X57.177 Y53.671 E.02048
G1 X57.231 Y53.172 E.01698
G1 X57.313 Y52.633 E.01844
G1 X57.41 Y52.14 E.01704
G1 X58.206 Y52.28 E.02736
M204 S10000
G1 E-.8 F1800
G1 X57.745 Y57.203 Z17 F7200
G1 Z16.6
G1 E.8 F1800
M204 S1500
;TYPE:Inner wall
;WIDTH:0.45088
G1 F1470.732
G1 X57.595 Y56.072 E.03872
;WIDTH:0.44292
G1 F1500
G1 X57.559 Y55.556 E.01719
G1 X57.559 Y54.289 E.04214
G1 X57.6 Y53.701 E.01962
;WIDTH:0.440792
G1 F1508.023
G1 X57.663 Y53.15 E.01832
;WIDTH:0.439814
G1 F1511.739
G1 X57.745 Y52.629 E.01743
; stop printing object fidget-finger-massager-2000-rods-rod-04.stl id:0 copy 0
; printing object fidget-finger-massager-2000-rods-rod-01.stl id:0 copy 0
M204 S10000
G1 E-.8 F1800
G1 X64.636 Y55.911 Z17 F7200
G1 X66.232 Y56.671 Z17
G1 Z16.6
G1 E.8 F1800
M204 S500
;TYPE:Outer wall
;WIDTH:0.449999
G1 F1473.915
G1 X66.38 Y57.507 E.02875
G1 X65.946 Y57.593 E.01495
G1 X65.399 Y57.677 E.01876
G1 X64.786 Y57.745 E.02086
G1 X64.231 Y57.782 E.01884
G1 X62.953 Y57.782 E.04327
G1 X62.312 Y57.734 E.02173
G1 X61.748 Y57.668 E.01922
G1 X60.826 Y57.507 E.03169
G1 X60.973 Y56.671 E.02873
G1 X61.886 Y56.833 E.03135
G1 X62.414 Y56.893 E.01801
G1 X62.975 Y56.932 E.01902
G1 X64.261 Y56.932 E.04354
G1 X64.799 Y56.893 E.01826
G1 X65.328 Y56.831 E.01801
G1 X66.193 Y56.678 E.02974
M204 S10000
G1 X65.89 Y57.172 F7200
M204 S1500
;TYPE:Inner wall
;WIDTH:0.441736
G1 F1504.453
G1 X65.352 Y57.256 E.01805
;WIDTH:0.442392
G1 F1501.983
G1 X64.758 Y57.322 E.01986
;WIDTH:0.442918
G1 F1500.007
G1 X64.231 Y57.357 E.01756
G1 X62.949 Y57.357 E.04264
G1 X62.358 Y57.313 E.0197
;WIDTH:0.439736
G1 F1512.036
G1 X61.812 Y57.249 E.01814
;WIDTH:0.441378
G1 F1505.805
G1 X61.316 Y57.172 E.01664
; stop printing object fidget-finger-massager-2000-rods-rod-01.stl id:0 copy 0
; printing object fidget-finger-massager-2000-rods-rod-02.stl id:0 copy 0
M204 S10000
G1 E-.8 F1800
G1 X66.232 Y53.068 Z17 F7200
G1 Z16.6
G1 E.8 F1800
M204 S500
;TYPE:Outer wall
;WIDTH:0.449999
G1 F1473.915
G1 X66.38 Y53.905 E.02875
G1 X65.946 Y53.99 E.01495
G1 X65.399 Y54.075 E.01876
G1 X64.786 Y54.143 E.02086
G1 X64.231 Y54.179 E.01884
G1 X62.953 Y54.179 E.04327
G1 X62.312 Y54.131 E.02173
G1 X61.748 Y54.065 E.01922
G1 X60.826 Y53.904 E.03169
G1 X60.973 Y53.068 E.02873
G1 X61.886 Y53.23 E.03135
G1 X62.414 Y53.29 E.01801
G1 X62.975 Y53.329 E.01902
G1 X64.261 Y53.329 E.04354
G1 X64.799 Y53.29 E.01826
G1 X65.328 Y53.229 E.01801
G1 X66.193 Y53.075 E.02974
M204 S10000
G1 X65.89 Y53.57 F7200
M204 S1500
;TYPE:Inner wall
;WIDTH:0.441736
G1 F1504.453
G1 X65.352 Y53.653 E.01805
;WIDTH:0.442392
G1 F1501.983
G1 X64.758 Y53.719 E.01986
;WIDTH:0.442918
G1 F1500.007
G1 X64.231 Y53.754 E.01756
G1 X62.949 Y53.754 E.04264
G1 X62.358 Y53.71 E.0197
;WIDTH:0.439736
G1 F1512.036
G1 X61.812 Y53.647 E.01814
;WIDTH:0.441378
G1 F1505.805
G1 X61.316 Y53.57 E.01664
; stop printing object fidget-finger-massager-2000-rods-rod-02.stl id:0 copy 0
; printing object fidget-finger-massager-2000-rods-rod-03.stl id:0 copy 0
M204 S10000
G1 E-.8 F1800
G1 X66.232 Y49.465 Z17 F7200
G1 Z16.6
G1 E.8 F1800
M204 S500
;TYPE:Outer wall
;WIDTH:0.449999
G1 F1473.915
G1 X66.38 Y50.302 E.02875
G1 X65.946 Y50.388 E.01495
G1 X65.399 Y50.472 E.01876
G1 X64.786 Y50.54 E.02086
G1 X64.231 Y50.576 E.01884
G1 X62.953 Y50.576 E.04327
G1 X62.312 Y50.529 E.02173
G1 X61.748 Y50.462 E.01922
G1 X60.826 Y50.301 E.03169
G1 X60.973 Y49.465 E.02873
G1 X61.886 Y49.627 E.03135
G1 X62.414 Y49.688 E.01801
G1 X62.975 Y49.726 E.01902
G1 X64.261 Y49.726 E.04354
G1 X64.799 Y49.687 E.01826
G1 X65.328 Y49.626 E.01801
G1 X66.193 Y49.472 E.02974
M204 S10000
G1 X65.89 Y49.967 F7200
M204 S1500
;TYPE:Inner wall
;WIDTH:0.441736
G1 F1504.453
G1 X65.352 Y50.05 E.01805
;WIDTH:0.442392
G1 F1501.983
G1 X64.758 Y50.116 E.01986
;WIDTH:0.442918
G1 F1500.007
G1 X64.231 Y50.151 E.01756
G1 X62.949 Y50.151 E.04264
G1 X62.358 Y50.108 E.0197
;WIDTH:0.439736
G1 F1512.036
G1 X61.812 Y50.044 E.01814
;WIDTH:0.441378
G1 F1505.805
G1 X61.316 Y49.967 E.01664
; stop printing object fidget-finger-massager-2000-rods-rod-03.stl id:0 copy 0
; printing object fidget-finger-massager-2000-rods-rod-05.stl id:0 copy 0
M204 S10000
G1 E-.8 F1800
G1 X66.232 Y45.863 Z17 F7200
G1 Z16.6
G1 E.8 F1800
M204 S500
;TYPE:Outer wall
;WIDTH:0.449999
G1 F1473.915
G1 X66.38 Y46.699 E.02875
G1 X65.946 Y46.785 E.01495
G1 X65.399 Y46.869 E.01876
G1 X64.786 Y46.937 E.02086
G1 X64.231 Y46.974 E.01884
G1 X62.953 Y46.974 E.04327
G1 X62.312 Y46.926 E.02173
G1 X61.748 Y46.859 E.01922
G1 X60.826 Y46.699 E.03169
G1 X60.973 Y45.863 E.02873
G1 X61.886 Y46.024 E.03135
G1 X62.414 Y46.085 E.01801
G1 X62.975 Y46.124 E.01902
G1 X64.261 Y46.124 E.04354
G1 X64.799 Y46.084 E.01826
G1 X65.328 Y46.023 E.01801
G1 X66.193 Y45.87 E.02974
M204 S10000
G1 X65.89 Y46.364 F7200
M204 S1500
;TYPE:Inner wall
;WIDTH:0.441736
G1 F1504.453
G1 X65.352 Y46.448 E.01805
;WIDTH:0.442392
G1 F1501.983
G1 X64.758 Y46.513 E.01986
;WIDTH:0.442918
G1 F1500.007
G1 X64.231 Y46.549 E.01756
G1 X62.949 Y46.549 E.04264
G1 X62.358 Y46.505 E.0197
;WIDTH:0.439736
G1 F1512.036
G1 X61.812 Y46.441 E.01814
;WIDTH:0.441378
G1 F1505.805
G1 X61.316 Y46.364 E.01664
; stop printing object fidget-finger-massager-2000-rods-rod-05.stl id:0 copy 0
; printing object fidget-finger-massager-2000-rods-rod-09.stl id:0 copy 0
M204 S10000
G1 E-.8 F1800
G1 X66.188 Y42.26 Z17 F7200
G1 Z16.6
G1 E.8 F1800
M204 S500
;TYPE:Outer wall
;WIDTH:0.449999
G1 F1473.915
G1 X66.336 Y43.096 E.02875
G1 X65.902 Y43.182 E.01495
G1 X65.355 Y43.266 E.01876
G1 X64.742 Y43.334 E.02086
G1 X64.187 Y43.371 E.01884
G1 X62.909 Y43.371 E.04327
G1 X62.268 Y43.323 E.02173
G1 X61.704 Y43.257 E.01922
G1 X60.782 Y43.096 E.03169
G1 X60.93 Y42.26 E.02873
G1 X61.842 Y42.421 E.03135
G1 X62.37 Y42.482 E.01801
G1 X62.931 Y42.521 E.01902
G1 X64.217 Y42.521 E.04354
G1 X64.755 Y42.481 E.01826
G1 X65.284 Y42.42 E.01801
G1 X66.149 Y42.267 E.02974
M204 S10000
G1 X65.846 Y42.761 F7200
M204 S1500
;TYPE:Inner wall
;WIDTH:0.441736
G1 F1504.453
G1 X65.308 Y42.845 E.01805
;WIDTH:0.442392
G1 F1501.983
G1 X64.714 Y42.91 E.01986
;WIDTH:0.442918
G1 F1500.007
G1 X64.187 Y42.946 E.01756
G1 X62.905 Y42.946 E.04264
G1 X62.314 Y42.902 E.0197
;WIDTH:0.439736
G1 F1512.036
G1 X61.768 Y42.838 E.01814
;WIDTH:0.441378
G1 F1505.805
G1 X61.272 Y42.761 E.01664
; stop printing object fidget-finger-massager-2000-rods-rod-09.stl id:0 copy 0
; printing object fidget-finger-massager-2000-rods-rod-06.stl id:0 copy 0
M204 S10000
G1 E-.8 F1800
G1 X58.245 Y44.105 Z17 F7200
G1 Z16.6
G1 E.8 F1800
M204 S500
;TYPE:Outer wall
;WIDTH:0.449999
G1 F1473.915
G1 X58.163 Y44.513 E.01408
G1 X58.084 Y45.017 E.01728
G1 X58.023 Y45.55 E.01814
G1 X57.984 Y46.108 E.01892
G1 X57.984 Y47.589 E.05015
G1 X58.082 Y48.367 E.02652
G1 X58.246 Y49.364 E.0342
G1 X57.41 Y49.511 E.02875
G1 X57.314 Y49.027 E.01671
G1 X57.232 Y48.479 E.01876
G1 X57.171 Y47.927 E.01878
G1 X57.134 Y47.377 E.01868
G1 X57.134 Y46.093 E.04348
G1 X57.177 Y45.489 E.02048
G1 X57.231 Y44.99 E.01698
G1 X57.313 Y44.452 E.01844
G1 X57.41 Y43.958 E.01704
G1 X58.206 Y44.098 E.02736
M204 S10000
G1 E-.8 F1800
G1 X57.745 Y49.021 Z17 F7200
G1 Z16.6
G1 E.8 F1800
M204 S1500
;TYPE:Inner wall
;WIDTH:0.45088
G1 F1470.732
G1 X57.595 Y47.89 E.03872
;WIDTH:0.44292
G1 F1500
G1 X57.559 Y47.375 E.01719
G1 X57.559 Y46.108 E.04214
G1 X57.6 Y45.519 E.01962
;WIDTH:0.440792
G1 F1508.023
G1 X57.663 Y44.969 E.01832
;WIDTH:0.439814
G1 F1511.739
G1 X57.745 Y44.447 E.01743
; stop printing object fidget-finger-massager-2000-rods-rod-06.stl id:0 copy 0
; printing object fidget-finger-massager-2000-rods-rod-08.stl id:0 copy 0
M204 S10000
G1 E-.8 F1800
G1 X54.642 Y44.105 Z17 F7200
G1 Z16.6
G1 E.8 F1800
M204 S500
;TYPE:Outer wall
;WIDTH:0.449999
G1 F1473.915
G1 X54.56 Y44.513 E.01408
G1 X54.481 Y45.017 E.01728
G1 X54.42 Y45.55 E.01814
G1 X54.381 Y46.108 E.01892
G1 X54.381 Y47.589 E.05015
G1 X54.479 Y48.367 E.02652
G1 X54.643 Y49.364 E.0342
G1 X53.807 Y49.511 E.02875
G1 X53.711 Y49.027 E.01671
G1 X53.629 Y48.479 E.01876
G1 X53.569 Y47.927 E.01878
G1 X53.531 Y47.377 E.01868
G1 X53.531 Y46.093 E.04348
G1 X53.574 Y45.489 E.02048
M73 P93 R1
G1 X53.629 Y44.99 E.01698
G1 X53.71 Y44.452 E.01844
G1 X53.807 Y43.958 E.01704
G1 X54.603 Y44.098 E.02736
M204 S10000
G1 E-.8 F1800
G1 X54.142 Y49.021 Z17 F7200
G1 Z16.6
G1 E.8 F1800
M204 S1500
;TYPE:Inner wall
;WIDTH:0.45088
G1 F1470.732
G1 X53.992 Y47.89 E.03872
;WIDTH:0.44292
G1 F1500
G1 X53.956 Y47.375 E.01719
G1 X53.956 Y46.108 E.04214
G1 X53.997 Y45.519 E.01962
;WIDTH:0.440792
G1 F1508.023
G1 X54.06 Y44.969 E.01832
;WIDTH:0.439814
G1 F1511.739
G1 X54.142 Y44.447 E.01743
; stop printing object fidget-finger-massager-2000-rods-rod-08.stl id:0 copy 0
M106 S245
;LAYER_CHANGE
;Z:16.8
;HEIGHT:0.199999
G92 E0
;_SET_FAN_SPEED_CHANGING_LAYER
; printing object fidget-finger-massager-2000-rods-rod-07.stl id:0 copy 0
M204 S10000
G1 E-.8 F1800
G1 X54.628 Y52.064 Z17.2 F7200
G1 X54.642 Y52.287 Z17.2
G1 Z16.8
G1 E.8 F1800
M204 S500
;TYPE:Outer wall
;WIDTH:0.449999
G1 F1473.915
G1 X54.558 Y52.708 E.01453
G1 X54.478 Y53.222 E.01762
G1 X54.42 Y53.728 E.01723
G1 X54.381 Y54.288 E.019
G1 X54.381 Y55.574 E.04354
G1 X54.421 Y56.112 E.01824
G1 X54.482 Y56.644 E.01814
G1 X54.646 Y57.545 E.03099
G1 X53.807 Y57.693 E.02886
G1 X53.711 Y57.205 E.01682
G1 X53.628 Y56.656 E.01879
G1 X53.568 Y56.102 E.01885
G1 X53.531 Y55.544 E.01894
G1 X53.531 Y54.266 E.04327
G1 X53.58 Y53.625 E.02174
G1 X53.645 Y53.062 E.01919
G1 X53.806 Y52.139 E.03171
G1 X54.603 Y52.28 E.0274
M204 S10000
G1 X54.141 Y52.629 F7200
M204 S1500
;TYPE:Inner wall
;WIDTH:0.441798
G1 F1504.219
G1 X54.057 Y53.174 E.01828
;WIDTH:0.442356
G1 F1502.118
G1 X53.992 Y53.759 E.01956
;WIDTH:0.44292
G1 F1500
G1 X53.956 Y54.288 E.01763
G1 X53.956 Y55.57 E.04264
G1 X54 Y56.16 E.01968
;WIDTH:0.439776
G1 F1511.883
G1 X54.063 Y56.702 E.01799
;WIDTH:0.45194
G1 F1466.921
G1 X54.147 Y57.197 E.01707
; stop printing object fidget-finger-massager-2000-rods-rod-07.stl id:0 copy 0
; printing object fidget-finger-massager-2000-rods-rod-04.stl id:0 copy 0
M204 S10000
G1 E-.8 F1800
G1 X58.245 Y52.287 Z17.2 F7200
G1 Z16.8
G1 E.8 F1800
M204 S500
;TYPE:Outer wall
;WIDTH:0.449999
G1 F1473.915
G1 X58.161 Y52.708 E.01453
G1 X58.081 Y53.222 E.01762
G1 X58.023 Y53.728 E.01723
G1 X57.984 Y54.288 E.019
G1 X57.984 Y55.574 E.04354
G1 X58.024 Y56.112 E.01824
G1 X58.085 Y56.644 E.01814
G1 X58.249 Y57.545 E.03099
G1 X57.41 Y57.693 E.02886
G1 X57.314 Y57.205 E.01682
G1 X57.231 Y56.656 E.01879
G1 X57.171 Y56.102 E.01885
G1 X57.134 Y55.544 E.01894
G1 X57.134 Y54.266 E.04327
G1 X57.182 Y53.625 E.02174
G1 X57.247 Y53.062 E.01919
G1 X57.409 Y52.139 E.03171
G1 X58.206 Y52.28 E.0274
M204 S10000
G1 X57.744 Y52.629 F7200
M204 S1500
;TYPE:Inner wall
;WIDTH:0.441798
G1 F1504.219
G1 X57.659 Y53.174 E.01828
;WIDTH:0.442356
G1 F1502.118
G1 X57.595 Y53.759 E.01956
;WIDTH:0.44292
G1 F1500
G1 X57.559 Y54.288 E.01763
G1 X57.559 Y55.57 E.04264
G1 X57.603 Y56.16 E.01968
;WIDTH:0.439776
G1 F1511.883
G1 X57.666 Y56.702 E.01799
;WIDTH:0.45194
G1 F1466.921
G1 X57.749 Y57.197 E.01707
; stop printing object fidget-finger-massager-2000-rods-rod-04.stl id:0 copy 0
; printing object fidget-finger-massager-2000-rods-rod-01.stl id:0 copy 0
M204 S10000
G1 E-.8 F1800
G1 X65.367 Y56.725 Z17.2 F7200
G1 X66.232 Y56.671 Z17.2
G1 Z16.8
G1 E.8 F1800
M204 S500
;TYPE:Outer wall
;WIDTH:0.449999
G1 F1473.915
G1 X66.379 Y57.507 E.02873
G1 X65.941 Y57.594 E.01512
G1 X65.342 Y57.685 E.02051
G1 X64.789 Y57.745 E.01883
G1 X64.231 Y57.782 E.01894
G1 X62.96 Y57.782 E.04302
G1 X62.399 Y57.744 E.01903
G1 X61.845 Y57.683 E.01885
G1 X60.827 Y57.507 E.03497
G1 X60.979 Y56.671 E.02874
G1 X61.434 Y56.761 E.0157
G1 X62.415 Y56.893 E.03351
G1 X62.975 Y56.932 E.019
G1 X64.261 Y56.932 E.04354
G1 X64.798 Y56.893 E.01824
G1 X65.326 Y56.832 E.01799
G1 X66.193 Y56.678 E.02978
M204 S10000
G1 X65.89 Y57.172 F7200
M204 S1500
;TYPE:Inner wall
;WIDTH:0.441774
G1 F1504.31
G1 X65.877 Y57.175 E.00042
;WIDTH:0.44242
G1 F1501.877
G1 X65.296 Y57.263 E.01953
G1 X64.76 Y57.321 E.0179
;WIDTH:0.442918
G1 F1500.007
G1 X64.231 Y57.357 E.01765
G1 X62.963 Y57.357 E.04217
G1 X62.445 Y57.321 E.01726
;WIDTH:0.45108
G1 F1470.012
G1 X61.319 Y57.172 E.03856
; stop printing object fidget-finger-massager-2000-rods-rod-01.stl id:0 copy 0
; printing object fidget-finger-massager-2000-rods-rod-02.stl id:0 copy 0
M204 S10000
G1 E-.8 F1800
G1 X66.232 Y53.068 Z17.2 F7200
G1 Z16.8
G1 E.8 F1800
M204 S500
;TYPE:Outer wall
;WIDTH:0.449999
G1 F1473.915
G1 X66.379 Y53.904 E.02873
G1 X65.941 Y53.991 E.01512
G1 X65.342 Y54.082 E.02051
G1 X64.789 Y54.142 E.01883
G1 X64.231 Y54.179 E.01894
G1 X62.96 Y54.179 E.04302
G1 X62.399 Y54.141 E.01903
G1 X61.845 Y54.08 E.01885
G1 X60.827 Y53.904 E.03497
G1 X60.979 Y53.069 E.02874
G1 X61.434 Y53.159 E.0157
G1 X62.415 Y53.291 E.03351
G1 X62.975 Y53.329 E.019
G1 X64.261 Y53.329 E.04354
G1 X64.798 Y53.29 E.01824
G1 X65.326 Y53.229 E.01799
G1 X66.193 Y53.075 E.02978
M204 S10000
G1 X65.89 Y53.57 F7200
M204 S1500
;TYPE:Inner wall
;WIDTH:0.441774
G1 F1504.31
G1 X65.877 Y53.572 E.00042
;WIDTH:0.44242
G1 F1501.877
G1 X65.296 Y53.66 E.01953
G1 X64.76 Y53.719 E.0179
;WIDTH:0.442918
G1 F1500.007
G1 X64.231 Y53.754 E.01765
G1 X62.963 Y53.754 E.04217
G1 X62.445 Y53.719 E.01726
;WIDTH:0.45108
G1 F1470.012
G1 X61.319 Y53.569 E.03856
; stop printing object fidget-finger-massager-2000-rods-rod-02.stl id:0 copy 0
; printing object fidget-finger-massager-2000-rods-rod-03.stl id:0 copy 0
M204 S10000
G1 E-.8 F1800
G1 X66.232 Y49.465 Z17.2 F7200
G1 Z16.8
G1 E.8 F1800
M204 S500
;TYPE:Outer wall
;WIDTH:0.449999
G1 F1473.915
G1 X66.379 Y50.301 E.02873
G1 X65.941 Y50.389 E.01512
G1 X65.342 Y50.48 E.02051
G1 X64.789 Y50.54 E.01883
G1 X64.231 Y50.576 E.01894
G1 X62.96 Y50.576 E.04302
G1 X62.399 Y50.538 E.01903
G1 X61.845 Y50.477 E.01885
G1 X60.827 Y50.301 E.03497
G1 X60.979 Y49.466 E.02874
G1 X61.434 Y49.556 E.0157
G1 X62.415 Y49.688 E.03351
G1 X62.975 Y49.726 E.019
G1 X64.261 Y49.726 E.04354
G1 X64.798 Y49.687 E.01824
G1 X65.326 Y49.626 E.01799
G1 X66.193 Y49.472 E.02978
M204 S10000
G1 X65.89 Y49.967 F7200
M204 S1500
;TYPE:Inner wall
;WIDTH:0.441774
G1 F1504.31
G1 X65.877 Y49.969 E.00042
;WIDTH:0.44242
G1 F1501.877
G1 X65.296 Y50.057 E.01953
G1 X64.76 Y50.116 E.0179
;WIDTH:0.442918
G1 F1500.007
G1 X64.231 Y50.151 E.01765
G1 X62.963 Y50.151 E.04217
G1 X62.445 Y50.116 E.01726
;WIDTH:0.45108
G1 F1470.012
G1 X61.319 Y49.966 E.03856
; stop printing object fidget-finger-massager-2000-rods-rod-03.stl id:0 copy 0
; printing object fidget-finger-massager-2000-rods-rod-05.stl id:0 copy 0
M204 S10000
G1 E-.8 F1800
G1 X66.232 Y45.863 Z17.2 F7200
G1 Z16.8
G1 E.8 F1800
M204 S500
;TYPE:Outer wall
;WIDTH:0.449999
G1 F1473.915
G1 X66.379 Y46.699 E.02873
G1 X65.941 Y46.786 E.01512
G1 X65.342 Y46.877 E.02051
G1 X64.789 Y46.937 E.01883
G1 X64.231 Y46.974 E.01894
G1 X62.96 Y46.974 E.04302
G1 X62.399 Y46.935 E.01903
G1 X61.845 Y46.874 E.01885
G1 X60.827 Y46.698 E.03497
G1 X60.979 Y45.863 E.02874
G1 X61.434 Y45.953 E.0157
G1 X62.415 Y46.085 E.03351
G1 X62.975 Y46.124 E.019
G1 X64.261 Y46.124 E.04354
G1 X64.798 Y46.084 E.01824
G1 X65.326 Y46.023 E.01799
G1 X66.193 Y45.87 E.02978
M204 S10000
G1 X65.89 Y46.364 F7200
M204 S1500
;TYPE:Inner wall
;WIDTH:0.441774
G1 F1504.31
G1 X65.877 Y46.366 E.00042
;WIDTH:0.44242
G1 F1501.877
G1 X65.296 Y46.455 E.01953
G1 X64.76 Y46.513 E.0179
;WIDTH:0.442918
G1 F1500.007
G1 X64.231 Y46.549 E.01765
G1 X62.963 Y46.549 E.04217
G1 X62.445 Y46.513 E.01726
;WIDTH:0.45108
G1 F1470.012
G1 X61.319 Y46.364 E.03856
; stop printing object fidget-finger-massager-2000-rods-rod-05.stl id:0 copy 0
; printing object fidget-finger-massager-2000-rods-rod-09.stl id:0 copy 0
M204 S10000
G1 E-.8 F1800
G1 X66.188 Y42.26 Z17.2 F7200
G1 Z16.8
G1 E.8 F1800
M204 S500
;TYPE:Outer wall
;WIDTH:0.449999
G1 F1473.915
G1 X66.336 Y43.096 E.02873
G1 X65.897 Y43.183 E.01512
G1 X65.298 Y43.274 E.02051
G1 X64.745 Y43.334 E.01883
G1 X64.187 Y43.371 E.01894
G1 X62.916 Y43.371 E.04302
G1 X62.355 Y43.332 E.01903
G1 X61.802 Y43.272 E.01885
G1 X60.783 Y43.096 E.03497
G1 X60.935 Y42.26 E.02874
G1 X61.39 Y42.35 E.0157
G1 X62.371 Y42.482 E.03351
G1 X62.931 Y42.521 E.019
G1 X64.217 Y42.521 E.04354
G1 X64.754 Y42.481 E.01824
G1 X65.282 Y42.421 E.01799
G1 X66.149 Y42.267 E.02978
M204 S10000
G1 X65.846 Y42.761 F7200
M204 S1500
;TYPE:Inner wall
;WIDTH:0.441774
G1 F1504.31
G1 X65.833 Y42.763 E.00042
;WIDTH:0.44242
G1 F1501.877
G1 X65.252 Y42.852 E.01953
G1 X64.716 Y42.91 E.0179
;WIDTH:0.442918
G1 F1500.007
G1 X64.187 Y42.946 E.01765
G1 X62.919 Y42.946 E.04217
G1 X62.401 Y42.91 E.01726
;WIDTH:0.45108
G1 F1470.012
G1 X61.275 Y42.761 E.03856
; stop printing object fidget-finger-massager-2000-rods-rod-09.stl id:0 copy 0
; printing object fidget-finger-massager-2000-rods-rod-06.stl id:0 copy 0
M204 S10000
G1 E-.8 F1800
G1 X58.245 Y44.105 Z17.2 F7200
G1 Z16.8
G1 E.8 F1800
M204 S500
;TYPE:Outer wall
;WIDTH:0.449999
G1 F1473.915
G1 X58.161 Y44.526 E.01453
G1 X58.081 Y45.041 E.01762
G1 X58.023 Y45.547 E.01723
G1 X57.984 Y46.107 E.019
G1 X57.984 Y47.393 E.04354
G1 X58.024 Y47.93 E.01824
G1 X58.085 Y48.462 E.01814
G1 X58.249 Y49.363 E.03099
G1 X57.41 Y49.511 E.02886
G1 X57.314 Y49.024 E.01682
G1 X57.231 Y48.475 E.01879
G1 X57.171 Y47.921 E.01885
G1 X57.134 Y47.363 E.01894
G1 X57.134 Y46.084 E.04327
G1 X57.182 Y45.444 E.02174
G1 X57.247 Y44.881 E.01919
G1 X57.409 Y43.958 E.03171
G1 X58.206 Y44.098 E.0274
M204 S10000
G1 X57.744 Y44.448 F7200
M204 S1500
;TYPE:Inner wall
;WIDTH:0.441798
G1 F1504.219
G1 X57.659 Y44.992 E.01828
;WIDTH:0.442356
G1 F1502.118
G1 X57.595 Y45.578 E.01956
;WIDTH:0.44292
G1 F1500
G1 X57.559 Y46.107 E.01763
G1 X57.559 Y47.388 E.04264
G1 X57.603 Y47.979 E.01968
;WIDTH:0.439776
G1 F1511.883
G1 X57.666 Y48.52 E.01799
;WIDTH:0.45194
G1 F1466.921
G1 X57.749 Y49.015 E.01707
; stop printing object fidget-finger-massager-2000-rods-rod-06.stl id:0 copy 0
; printing object fidget-finger-massager-2000-rods-rod-08.stl id:0 copy 0
M204 S10000
G1 E-.8 F1800
G1 X54.642 Y44.105 Z17.2 F7200
G1 Z16.8
G1 E.8 F1800
M204 S500
;TYPE:Outer wall
;WIDTH:0.449999
G1 F1473.915
G1 X54.558 Y44.526 E.01453
G1 X54.478 Y45.041 E.01762
G1 X54.42 Y45.547 E.01723
G1 X54.381 Y46.107 E.019
G1 X54.381 Y47.393 E.04354
G1 X54.421 Y47.93 E.01824
G1 X54.482 Y48.462 E.01814
G1 X54.646 Y49.363 E.03099
G1 X53.807 Y49.511 E.02886
G1 X53.711 Y49.024 E.01682
G1 X53.628 Y48.475 E.01879
G1 X53.568 Y47.921 E.01885
G1 X53.531 Y47.363 E.01894
G1 X53.531 Y46.084 E.04327
G1 X53.58 Y45.444 E.02174
G1 X53.645 Y44.881 E.01919
G1 X53.806 Y43.958 E.03171
G1 X54.603 Y44.098 E.0274
M204 S10000
G1 X54.141 Y44.448 F7200
M204 S1500
;TYPE:Inner wall
;WIDTH:0.441798
G1 F1504.219
G1 X54.057 Y44.992 E.01828
;WIDTH:0.442356
G1 F1502.118
G1 X53.992 Y45.578 E.01956
;WIDTH:0.44292
G1 F1500
G1 X53.956 Y46.107 E.01763
G1 X53.956 Y47.388 E.04264
G1 X54 Y47.979 E.01968
M73 P94 R1
;WIDTH:0.439776
G1 F1511.883
G1 X54.063 Y48.52 E.01799
;WIDTH:0.45194
G1 F1466.921
G1 X54.147 Y49.015 E.01707
; stop printing object fidget-finger-massager-2000-rods-rod-08.stl id:0 copy 0
M106 S242
;LAYER_CHANGE
;Z:17
;HEIGHT:0.200001
G92 E0
;_SET_FAN_SPEED_CHANGING_LAYER
; printing object fidget-finger-massager-2000-rods-rod-07.stl id:0 copy 0
M204 S10000
G1 E-.8 F1800
G1 X54.642 Y52.287 Z17.4 F7200
G1 Z17
G1 E.8 F1800
M204 S500
;TYPE:Outer wall
;WIDTH:0.449999
G1 F1473.915
G1 X54.557 Y52.712 E.01468
G1 X54.477 Y53.229 E.0177
G1 X54.416 Y53.788 E.01904
G1 X54.381 Y54.288 E.01697
G1 X54.381 Y55.574 E.04354
G1 X54.421 Y56.111 E.01821
G1 X54.482 Y56.643 E.01812
G1 X54.646 Y57.545 E.03103
G1 X53.807 Y57.693 E.02886
G1 X53.712 Y57.212 E.0166
G1 X53.629 Y56.66 E.01887
G1 X53.568 Y56.105 E.01892
G1 X53.531 Y55.544 E.01901
G1 X53.531 Y54.266 E.04326
G1 X53.579 Y53.626 E.02172
G1 X53.644 Y53.064 E.01917
G1 X53.806 Y52.139 E.03176
G1 X54.603 Y52.28 E.0274
M204 S10000
G1 E-.8 F1800
G1 X54.146 Y57.197 Z17.4 F7200
G1 Z17
G1 E.8 F1800
M204 S1500
;TYPE:Inner wall
;WIDTH:0.45216
G1 F1466.132
G1 X54.063 Y56.701 E.01712
;WIDTH:0.439816
G1 F1511.731
G1 X54 Y56.159 E.01798
;WIDTH:0.44292
G1 F1500
G1 X53.956 Y55.57 E.01966
G1 X53.956 Y54.288 E.04263
G1 X53.992 Y53.757 E.01771
;WIDTH:0.44232
G1 F1502.253
G1 X54.056 Y53.18 E.01926
;WIDTH:0.44186
G1 F1503.985
G1 X54.141 Y52.629 E.01851
; stop printing object fidget-finger-massager-2000-rods-rod-07.stl id:0 copy 0
; printing object fidget-finger-massager-2000-rods-rod-04.stl id:0 copy 0
M204 S10000
G1 E-.8 F1800
G1 X58.245 Y52.287 Z17.4 F7200
G1 Z17
G1 E.8 F1800
M204 S500
;TYPE:Outer wall
;WIDTH:0.449999
G1 F1473.915
G1 X58.16 Y52.712 E.01468
G1 X58.08 Y53.229 E.0177
G1 X58.018 Y53.788 E.01904
G1 X57.984 Y54.288 E.01697
G1 X57.984 Y55.574 E.04354
G1 X58.024 Y56.111 E.01821
G1 X58.085 Y56.643 E.01812
G1 X58.249 Y57.545 E.03103
G1 X57.41 Y57.693 E.02886
G1 X57.315 Y57.212 E.0166
G1 X57.232 Y56.66 E.01887
G1 X57.171 Y56.105 E.01892
G1 X57.134 Y55.544 E.01901
G1 X57.134 Y54.266 E.04326
G1 X57.182 Y53.626 E.02172
G1 X57.247 Y53.064 E.01917
G1 X57.409 Y52.139 E.03176
G1 X58.206 Y52.28 E.0274
M204 S10000
G1 E-.8 F1800
G1 X57.749 Y57.197 Z17.4 F7200
G1 Z17
G1 E.8 F1800
M204 S1500
;TYPE:Inner wall
;WIDTH:0.45216
G1 F1466.132
G1 X57.666 Y56.701 E.01712
;WIDTH:0.439816
G1 F1511.731
G1 X57.603 Y56.159 E.01798
;WIDTH:0.44292
G1 F1500
G1 X57.559 Y55.57 E.01966
G1 X57.559 Y54.288 E.04263
G1 X57.595 Y53.757 E.01771
;WIDTH:0.44232
G1 F1502.253
G1 X57.659 Y53.18 E.01926
;WIDTH:0.44186
G1 F1503.985
G1 X57.744 Y52.629 E.01851
; stop printing object fidget-finger-massager-2000-rods-rod-04.stl id:0 copy 0
; printing object fidget-finger-massager-2000-rods-rod-01.stl id:0 copy 0
M204 S10000
G1 E-.8 F1800
G1 X64.635 Y55.91 Z17.4 F7200
G1 X66.232 Y56.671 Z17.4
G1 Z17
G1 E.8 F1800
M204 S500
;TYPE:Outer wall
;WIDTH:0.449999
G1 F1473.915
G1 X66.379 Y57.507 E.02873
G1 X65.937 Y57.595 E.01528
G1 X65.347 Y57.685 E.0202
G1 X64.791 Y57.745 E.01891
G1 X64.231 Y57.782 E.01901
G1 X62.955 Y57.782 E.0432
G1 X62.339 Y57.737 E.02091
G1 X61.841 Y57.682 E.01694
G1 X60.827 Y57.507 E.03483
G1 X60.979 Y56.671 E.02874
G1 X61.412 Y56.758 E.01494
G1 X62.474 Y56.898 E.03627
G1 X62.975 Y56.932 E.01699
G1 X64.261 Y56.932 E.04354
G1 X64.798 Y56.893 E.01822
M73 P94 R0
G1 X65.325 Y56.832 E.01797
G1 X66.193 Y56.678 E.02982
M204 S10000
G1 X65.89 Y57.172 F7200
M204 S1500
;TYPE:Inner wall
;WIDTH:0.441844
G1 F1504.046
G1 X65.873 Y57.175 E.00058
;WIDTH:0.44236
G1 F1502.103
G1 X65.3 Y57.262 E.01923
G1 X64.762 Y57.321 E.01797
;WIDTH:0.442918
G1 F1500.007
G1 X64.231 Y57.357 E.01772
G1 X62.963 Y57.357 E.04217
G1 X62.443 Y57.321 E.01733
;WIDTH:0.451254
G1 F1469.385
G1 X61.319 Y57.172 E.03851
; stop printing object fidget-finger-massager-2000-rods-rod-01.stl id:0 copy 0
; printing object fidget-finger-massager-2000-rods-rod-02.stl id:0 copy 0
M204 S10000
G1 E-.8 F1800
G1 X66.232 Y53.068 Z17.4 F7200
G1 Z17
G1 E.8 F1800
M204 S500
;TYPE:Outer wall
;WIDTH:0.449999
G1 F1473.915
G1 X66.379 Y53.904 E.02873
G1 X65.937 Y53.992 E.01528
G1 X65.347 Y54.082 E.0202
G1 X64.791 Y54.142 E.01891
G1 X64.231 Y54.179 E.01901
G1 X62.955 Y54.179 E.0432
G1 X62.339 Y54.134 E.02091
G1 X61.841 Y54.079 E.01694
G1 X60.827 Y53.904 E.03483
G1 X60.979 Y53.069 E.02874
G1 X61.412 Y53.155 E.01494
G1 X62.474 Y53.295 E.03627
G1 X62.975 Y53.329 E.01699
G1 X64.261 Y53.329 E.04354
G1 X64.798 Y53.29 E.01822
G1 X65.325 Y53.229 E.01797
G1 X66.193 Y53.075 E.02982
M204 S10000
G1 X65.89 Y53.57 F7200
M204 S1500
;TYPE:Inner wall
;WIDTH:0.441844
G1 F1504.046
G1 X65.873 Y53.573 E.00058
;WIDTH:0.44236
G1 F1502.103
G1 X65.3 Y53.66 E.01923
G1 X64.762 Y53.718 E.01797
;WIDTH:0.442918
G1 F1500.007
G1 X64.231 Y53.754 E.01772
G1 X62.963 Y53.754 E.04217
G1 X62.443 Y53.718 E.01733
;WIDTH:0.451254
G1 F1469.385
G1 X61.319 Y53.569 E.03851
; stop printing object fidget-finger-massager-2000-rods-rod-02.stl id:0 copy 0
; printing object fidget-finger-massager-2000-rods-rod-03.stl id:0 copy 0
M204 S10000
G1 E-.8 F1800
G1 X66.232 Y49.465 Z17.4 F7200
G1 Z17
G1 E.8 F1800
M204 S500
;TYPE:Outer wall
;WIDTH:0.449999
G1 F1473.915
G1 X66.379 Y50.301 E.02873
G1 X65.937 Y50.389 E.01528
G1 X65.347 Y50.479 E.0202
G1 X64.791 Y50.539 E.01891
G1 X64.231 Y50.576 E.01901
G1 X62.955 Y50.576 E.0432
G1 X62.339 Y50.531 E.02091
G1 X61.841 Y50.477 E.01694
G1 X60.827 Y50.301 E.03483
G1 X60.979 Y49.466 E.02874
G1 X61.412 Y49.553 E.01494
G1 X62.474 Y49.692 E.03627
G1 X62.975 Y49.726 E.01699
G1 X64.261 Y49.726 E.04354
G1 X64.798 Y49.687 E.01822
G1 X65.325 Y49.626 E.01797
G1 X66.193 Y49.472 E.02982
M204 S10000
G1 X65.89 Y49.967 F7200
M204 S1500
;TYPE:Inner wall
;WIDTH:0.441844
G1 F1504.046
G1 X65.873 Y49.97 E.00058
;WIDTH:0.44236
G1 F1502.103
G1 X65.3 Y50.057 E.01923
G1 X64.762 Y50.116 E.01797
;WIDTH:0.442918
G1 F1500.007
G1 X64.231 Y50.151 E.01772
G1 X62.963 Y50.151 E.04217
G1 X62.443 Y50.116 E.01733
;WIDTH:0.451254
G1 F1469.385
G1 X61.319 Y49.967 E.03851
; stop printing object fidget-finger-massager-2000-rods-rod-03.stl id:0 copy 0
; printing object fidget-finger-massager-2000-rods-rod-05.stl id:0 copy 0
M204 S10000
G1 E-.8 F1800
G1 X66.232 Y45.863 Z17.4 F7200
G1 Z17
G1 E.8 F1800
M204 S500
;TYPE:Outer wall
;WIDTH:0.449999
G1 F1473.915
G1 X66.379 Y46.699 E.02873
G1 X65.937 Y46.787 E.01528
G1 X65.347 Y46.876 E.0202
G1 X64.791 Y46.937 E.01891
G1 X64.231 Y46.974 E.01901
G1 X62.955 Y46.974 E.0432
G1 X62.339 Y46.929 E.02091
G1 X61.841 Y46.874 E.01694
G1 X60.827 Y46.698 E.03483
G1 X60.979 Y45.863 E.02874
G1 X61.412 Y45.95 E.01494
G1 X62.474 Y46.089 E.03627
G1 X62.975 Y46.124 E.01699
G1 X64.261 Y46.124 E.04354
G1 X64.798 Y46.084 E.01822
G1 X65.325 Y46.024 E.01797
G1 X66.193 Y45.87 E.02982
M204 S10000
G1 X65.89 Y46.364 F7200
M204 S1500
;TYPE:Inner wall
;WIDTH:0.441844
G1 F1504.046
G1 X65.873 Y46.367 E.00058
;WIDTH:0.44236
G1 F1502.103
G1 X65.3 Y46.454 E.01923
G1 X64.762 Y46.513 E.01797
;WIDTH:0.442918
G1 F1500.007
G1 X64.231 Y46.549 E.01772
G1 X62.963 Y46.549 E.04217
G1 X62.443 Y46.513 E.01733
;WIDTH:0.451254
G1 F1469.385
G1 X61.319 Y46.364 E.03851
; stop printing object fidget-finger-massager-2000-rods-rod-05.stl id:0 copy 0
; printing object fidget-finger-massager-2000-rods-rod-09.stl id:0 copy 0
M204 S10000
G1 E-.8 F1800
G1 X66.188 Y42.26 Z17.4 F7200
G1 Z17
G1 E.8 F1800
M204 S500
;TYPE:Outer wall
;WIDTH:0.449999
G1 F1473.915
G1 X66.336 Y43.096 E.02873
G1 X65.893 Y43.184 E.01528
G1 X65.303 Y43.273 E.0202
G1 X64.747 Y43.334 E.01891
G1 X64.187 Y43.371 E.01901
G1 X62.911 Y43.371 E.0432
G1 X62.295 Y43.326 E.02091
G1 X61.797 Y43.271 E.01694
G1 X60.783 Y43.096 E.03483
G1 X60.935 Y42.26 E.02874
G1 X61.368 Y42.347 E.01494
G1 X62.43 Y42.487 E.03627
G1 X62.931 Y42.521 E.01699
G1 X64.217 Y42.521 E.04354
G1 X64.754 Y42.482 E.01822
G1 X65.281 Y42.421 E.01797
G1 X66.149 Y42.267 E.02982
M204 S10000
G1 X65.846 Y42.761 F7200
M204 S1500
;TYPE:Inner wall
;WIDTH:0.441844
G1 F1504.046
G1 X65.829 Y42.764 E.00058
;WIDTH:0.44236
G1 F1502.103
G1 X65.256 Y42.851 E.01923
G1 X64.719 Y42.91 E.01797
;WIDTH:0.442918
G1 F1500.007
G1 X64.187 Y42.946 E.01772
G1 X62.919 Y42.946 E.04217
G1 X62.399 Y42.91 E.01733
;WIDTH:0.451254
G1 F1469.385
G1 X61.275 Y42.761 E.03851
; stop printing object fidget-finger-massager-2000-rods-rod-09.stl id:0 copy 0
; printing object fidget-finger-massager-2000-rods-rod-06.stl id:0 copy 0
M204 S10000
G1 E-.8 F1800
G1 X58.245 Y44.105 Z17.4 F7200
G1 Z17
G1 E.8 F1800
M204 S500
;TYPE:Outer wall
;WIDTH:0.449999
G1 F1473.915
G1 X58.16 Y44.531 E.01468
G1 X58.08 Y45.047 E.0177
G1 X58.018 Y45.606 E.01904
G1 X57.984 Y46.107 E.01697
G1 X57.984 Y47.393 E.04354
G1 X58.024 Y47.93 E.01821
G1 X58.085 Y48.461 E.01812
G1 X58.249 Y49.363 E.03103
G1 X57.41 Y49.511 E.02886
G1 X57.315 Y49.03 E.0166
G1 X57.232 Y48.479 E.01887
G1 X57.171 Y47.923 E.01892
G1 X57.134 Y47.363 E.01901
G1 X57.134 Y46.084 E.04326
G1 X57.182 Y45.445 E.02172
G1 X57.247 Y44.882 E.01917
G1 X57.409 Y43.958 E.03176
G1 X58.206 Y44.098 E.0274
M204 S10000
G1 E-.8 F1800
G1 X57.749 Y49.015 Z17.4 F7200
G1 Z17
G1 E.8 F1800
M204 S1500
;TYPE:Inner wall
;WIDTH:0.45216
G1 F1466.132
G1 X57.666 Y48.519 E.01712
;WIDTH:0.439816
G1 F1511.731
G1 X57.603 Y47.978 E.01798
;WIDTH:0.44292
G1 F1500
G1 X57.559 Y47.388 E.01966
G1 X57.559 Y46.107 E.04263
G1 X57.595 Y45.575 E.01771
;WIDTH:0.44232
G1 F1502.253
G1 X57.659 Y44.999 E.01926
;WIDTH:0.44186
G1 F1503.985
G1 X57.744 Y44.448 E.01851
; stop printing object fidget-finger-massager-2000-rods-rod-06.stl id:0 copy 0
; printing object fidget-finger-massager-2000-rods-rod-08.stl id:0 copy 0
M204 S10000
G1 E-.8 F1800
G1 X54.642 Y44.105 Z17.4 F7200
G1 Z17
G1 E.8 F1800
M204 S500
;TYPE:Outer wall
;WIDTH:0.449999
G1 F1473.915
G1 X54.557 Y44.531 E.01468
G1 X54.477 Y45.047 E.0177
G1 X54.416 Y45.606 E.01904
G1 X54.381 Y46.107 E.01697
G1 X54.381 Y47.393 E.04354
G1 X54.421 Y47.93 E.01821
G1 X54.482 Y48.461 E.01812
G1 X54.646 Y49.363 E.03103
G1 X53.807 Y49.511 E.02886
G1 X53.712 Y49.03 E.0166
G1 X53.629 Y48.479 E.01887
G1 X53.568 Y47.923 E.01892
G1 X53.531 Y47.363 E.01901
G1 X53.531 Y46.084 E.04326
G1 X53.579 Y45.445 E.02172
G1 X53.644 Y44.882 E.01917
G1 X53.806 Y43.958 E.03176
G1 X54.603 Y44.098 E.0274
M204 S10000
G1 E-.8 F1800
M73 P95 R0
G1 X54.146 Y49.015 Z17.4 F7200
G1 Z17
G1 E.8 F1800
M204 S1500
;TYPE:Inner wall
;WIDTH:0.45216
G1 F1466.132
G1 X54.063 Y48.519 E.01712
;WIDTH:0.439816
G1 F1511.731
G1 X54 Y47.978 E.01798
;WIDTH:0.44292
G1 F1500
G1 X53.956 Y47.388 E.01966
G1 X53.956 Y46.107 E.04263
G1 X53.992 Y45.575 E.01771
;WIDTH:0.44232
G1 F1502.253
G1 X54.056 Y44.999 E.01926
;WIDTH:0.44186
G1 F1503.985
G1 X54.141 Y44.448 E.01851
; stop printing object fidget-finger-massager-2000-rods-rod-08.stl id:0 copy 0
;LAYER_CHANGE
;Z:17.2
;HEIGHT:0.200001
G92 E0
;_SET_FAN_SPEED_CHANGING_LAYER
; printing object fidget-finger-massager-2000-rods-rod-07.stl id:0 copy 0
M204 S10000
G1 E-.8 F1800
G1 X54.628 Y52.064 Z17.6 F7200
G1 X54.642 Y52.287 Z17.6
G1 Z17.2
G1 E.8 F1800
M204 S500
;TYPE:Outer wall
;WIDTH:0.449999
G1 F1473.915
G1 X54.556 Y52.721 E.01498
G1 X54.477 Y53.236 E.01763
G1 X54.416 Y53.786 E.01873
G1 X54.381 Y54.288 E.01705
G1 X54.381 Y55.574 E.04354
G1 X54.421 Y56.11 E.01819
G1 X54.482 Y56.641 E.0181
G1 X54.646 Y57.545 E.03108
G1 X53.807 Y57.693 E.02886
G1 X53.713 Y57.218 E.01638
G1 X53.629 Y56.665 E.01894
G1 X53.569 Y56.107 E.019
G1 X53.531 Y55.544 E.01908
G1 X53.531 Y54.266 E.04325
G1 X53.579 Y53.627 E.0217
G1 X53.644 Y53.065 E.01915
G1 X53.812 Y52.14 E.03181
G1 X54.603 Y52.28 E.0272
M204 S10000
G1 E-.8 F1800
G1 X54.146 Y57.197 Z17.6 F7200
G1 Z17.2
G1 E.8 F1800
M204 S1500
;TYPE:Inner wall
;WIDTH:0.45238
G1 F1465.345
G1 X54.063 Y56.7 E.01716
;WIDTH:0.439858
G1 F1511.571
G1 X54 Y56.159 E.01797
;WIDTH:0.44292
G1 F1500
G1 X53.956 Y55.57 E.01964
G1 X53.956 Y54.288 E.04263
G1 X53.992 Y53.755 E.01778
;WIDTH:0.44228
G1 F1502.404
G1 X54.055 Y53.187 E.01897
;WIDTH:0.44191
G1 F1503.797
G1 X54.141 Y52.629 E.01874
; stop printing object fidget-finger-massager-2000-rods-rod-07.stl id:0 copy 0
; printing object fidget-finger-massager-2000-rods-rod-04.stl id:0 copy 0
M204 S10000
G1 E-.8 F1800
G1 X58.245 Y52.287 Z17.6 F7200
G1 Z17.2
G1 E.8 F1800
M204 S500
;TYPE:Outer wall
;WIDTH:0.449999
G1 F1473.915
G1 X58.159 Y52.721 E.01498
G1 X58.079 Y53.236 E.01763
G1 X58.019 Y53.786 E.01873
G1 X57.984 Y54.288 E.01705
G1 X57.984 Y55.574 E.04354
G1 X58.023 Y56.11 E.01819
G1 X58.085 Y56.641 E.0181
G1 X58.249 Y57.545 E.03108
G1 X57.41 Y57.693 E.02886
G1 X57.316 Y57.218 E.01638
G1 X57.232 Y56.665 E.01894
G1 X57.171 Y56.107 E.019
G1 X57.134 Y55.544 E.01908
G1 X57.134 Y54.266 E.04325
G1 X57.182 Y53.627 E.0217
G1 X57.247 Y53.065 E.01915
G1 X57.414 Y52.14 E.03181
G1 X58.206 Y52.28 E.0272
M204 S10000
G1 E-.8 F1800
G1 X57.749 Y57.197 Z17.6 F7200
G1 Z17.2
G1 E.8 F1800
M204 S1500
;TYPE:Inner wall
;WIDTH:0.45238
G1 F1465.345
G1 X57.665 Y56.7 E.01716
;WIDTH:0.439858
G1 F1511.571
G1 X57.603 Y56.159 E.01797
;WIDTH:0.44292
G1 F1500
G1 X57.559 Y55.57 E.01964
G1 X57.559 Y54.288 E.04263
G1 X57.595 Y53.755 E.01778
;WIDTH:0.44228
G1 F1502.404
G1 X57.658 Y53.187 E.01897
;WIDTH:0.44191
G1 F1503.797
G1 X57.744 Y52.629 E.01874
; stop printing object fidget-finger-massager-2000-rods-rod-04.stl id:0 copy 0
; printing object fidget-finger-massager-2000-rods-rod-01.stl id:0 copy 0
M204 S10000
G1 E-.8 F1800
G1 X64.635 Y55.91 Z17.6 F7200
G1 X66.232 Y56.671 Z17.6
G1 Z17.2
G1 E.8 F1800
M204 S500
;TYPE:Outer wall
;WIDTH:0.449999
G1 F1473.915
G1 X66.379 Y57.507 E.02873
G1 X65.932 Y57.596 E.01544
G1 X65.351 Y57.684 E.0199
G1 X64.793 Y57.745 E.01899
G1 X64.231 Y57.782 E.01908
G1 X62.955 Y57.782 E.04319
G1 X62.339 Y57.737 E.0209
G1 X61.837 Y57.682 E.0171
G1 X60.827 Y57.507 E.03468
G1 X60.979 Y56.672 E.02873
G1 X61.401 Y56.756 E.01457
G1 X62.472 Y56.897 E.03657
G1 X62.975 Y56.932 E.01706
G1 X64.261 Y56.932 E.04354
G1 X64.797 Y56.893 E.01819
G1 X65.324 Y56.832 E.01795
G1 X66.193 Y56.678 E.02987
M204 S10000
G1 X65.89 Y57.172 F7200
M204 S1500
;TYPE:Inner wall
;WIDTH:0.44191
G1 F1503.797
G1 X65.868 Y57.176 E.00073
;WIDTH:0.442294
G1 F1502.351
G1 X65.305 Y57.262 E.01892
G1 X64.765 Y57.321 E.01805
;WIDTH:0.442918
G1 F1500.007
G1 X64.231 Y57.357 E.01779
G1 X62.963 Y57.357 E.04217
G1 X62.441 Y57.321 E.0174
;WIDTH:0.451424
G1 F1468.774
G1 X61.319 Y57.172 E.03846
; stop printing object fidget-finger-massager-2000-rods-rod-01.stl id:0 copy 0
; printing object fidget-finger-massager-2000-rods-rod-02.stl id:0 copy 0
M204 S10000
G1 E-.8 F1800
G1 X66.232 Y53.068 Z17.6 F7200
G1 Z17.2
G1 E.8 F1800
M204 S500
;TYPE:Outer wall
;WIDTH:0.449999
G1 F1473.915
G1 X66.379 Y53.904 E.02873
G1 X65.932 Y53.993 E.01544
G1 X65.351 Y54.081 E.0199
G1 X64.793 Y54.142 E.01899
G1 X64.231 Y54.179 E.01908
G1 X62.955 Y54.179 E.04319
G1 X62.339 Y54.134 E.0209
G1 X61.837 Y54.079 E.0171
G1 X60.827 Y53.904 E.03468
G1 X60.979 Y53.069 E.02873
G1 X61.401 Y53.154 E.01457
G1 X62.472 Y53.295 E.03657
G1 X62.975 Y53.329 E.01706
G1 X64.261 Y53.329 E.04354
G1 X64.797 Y53.29 E.01819
G1 X65.324 Y53.229 E.01795
G1 X66.193 Y53.075 E.02987
M204 S10000
G1 X65.89 Y53.569 F7200
M204 S1500
;TYPE:Inner wall
;WIDTH:0.44191
G1 F1503.797
G1 X65.868 Y53.573 E.00073
;WIDTH:0.442294
G1 F1502.351
G1 X65.305 Y53.659 E.01892
G1 X64.765 Y53.718 E.01805
;WIDTH:0.442918
G1 F1500.007
G1 X64.231 Y53.754 E.01779
G1 X62.963 Y53.754 E.04217
G1 X62.441 Y53.718 E.0174
;WIDTH:0.451424
G1 F1468.774
G1 X61.319 Y53.57 E.03846
; stop printing object fidget-finger-massager-2000-rods-rod-02.stl id:0 copy 0
; printing object fidget-finger-massager-2000-rods-rod-03.stl id:0 copy 0
M204 S10000
G1 E-.8 F1800
G1 X66.232 Y49.465 Z17.6 F7200
G1 Z17.2
G1 E.8 F1800
M204 S500
;TYPE:Outer wall
;WIDTH:0.449999
G1 F1473.915
G1 X66.379 Y50.301 E.02873
G1 X65.932 Y50.39 E.01544
G1 X65.351 Y50.478 E.0199
G1 X64.793 Y50.539 E.01899
G1 X64.231 Y50.576 E.01908
G1 X62.955 Y50.576 E.04319
G1 X62.339 Y50.532 E.0209
G1 X61.837 Y50.476 E.0171
G1 X60.827 Y50.301 E.03468
G1 X60.979 Y49.466 E.02873
G1 X61.401 Y49.551 E.01457
G1 X62.472 Y49.692 E.03657
G1 X62.975 Y49.726 E.01706
G1 X64.261 Y49.726 E.04354
G1 X64.797 Y49.687 E.01819
G1 X65.324 Y49.626 E.01795
G1 X66.193 Y49.472 E.02987
M204 S10000
G1 X65.89 Y49.967 F7200
M204 S1500
;TYPE:Inner wall
;WIDTH:0.44191
G1 F1503.797
G1 X65.868 Y49.971 E.00073
;WIDTH:0.442294
G1 F1502.351
G1 X65.305 Y50.056 E.01892
G1 X64.765 Y50.115 E.01805
;WIDTH:0.442918
G1 F1500.007
G1 X64.231 Y50.151 E.01779
G1 X62.963 Y50.151 E.04217
G1 X62.441 Y50.115 E.0174
;WIDTH:0.451424
G1 F1468.774
G1 X61.319 Y49.967 E.03846
; stop printing object fidget-finger-massager-2000-rods-rod-03.stl id:0 copy 0
; printing object fidget-finger-massager-2000-rods-rod-05.stl id:0 copy 0
M204 S10000
G1 E-.8 F1800
G1 X66.232 Y45.863 Z17.6 F7200
G1 Z17.2
G1 E.8 F1800
M204 S500
;TYPE:Outer wall
;WIDTH:0.449999
G1 F1473.915
G1 X66.379 Y46.699 E.02873
G1 X65.932 Y46.787 E.01544
G1 X65.351 Y46.876 E.0199
G1 X64.793 Y46.936 E.01899
G1 X64.231 Y46.974 E.01908
G1 X62.955 Y46.974 E.04319
G1 X62.339 Y46.929 E.0209
G1 X61.837 Y46.873 E.0171
G1 X60.827 Y46.699 E.03468
G1 X60.979 Y45.863 E.02873
G1 X61.401 Y45.948 E.01457
G1 X62.472 Y46.089 E.03657
G1 X62.975 Y46.124 E.01706
G1 X64.261 Y46.124 E.04354
G1 X64.797 Y46.084 E.01819
G1 X65.324 Y46.024 E.01795
G1 X66.193 Y45.87 E.02987
M204 S10000
G1 X65.89 Y46.364 F7200
M204 S1500
;TYPE:Inner wall
;WIDTH:0.44191
G1 F1503.797
G1 X65.868 Y46.368 E.00073
;WIDTH:0.442294
G1 F1502.351
G1 X65.305 Y46.454 E.01892
G1 X64.765 Y46.513 E.01805
;WIDTH:0.442918
G1 F1500.007
G1 X64.231 Y46.549 E.01779
G1 X62.963 Y46.549 E.04217
G1 X62.441 Y46.513 E.0174
;WIDTH:0.451424
G1 F1468.774
G1 X61.319 Y46.364 E.03846
; stop printing object fidget-finger-massager-2000-rods-rod-05.stl id:0 copy 0
; printing object fidget-finger-massager-2000-rods-rod-09.stl id:0 copy 0
M204 S10000
G1 E-.8 F1800
G1 X66.188 Y42.26 Z17.6 F7200
G1 Z17.2
G1 E.8 F1800
M204 S500
;TYPE:Outer wall
;WIDTH:0.449999
G1 F1473.915
G1 X66.336 Y43.096 E.02873
G1 X65.888 Y43.185 E.01544
G1 X65.307 Y43.273 E.0199
G1 X64.749 Y43.334 E.01899
G1 X64.187 Y43.371 E.01908
G1 X62.911 Y43.371 E.04319
G1 X62.295 Y43.326 E.0209
G1 X61.793 Y43.271 E.0171
G1 X60.783 Y43.096 E.03468
G1 X60.935 Y42.261 E.02873
G1 X61.357 Y42.345 E.01457
G1 X62.428 Y42.486 E.03657
G1 X62.931 Y42.521 E.01706
G1 X64.217 Y42.521 E.04354
G1 X64.753 Y42.482 E.01819
G1 X65.28 Y42.421 E.01795
G1 X66.149 Y42.267 E.02987
M204 S10000
G1 X65.846 Y42.761 F7200
M204 S1500
;TYPE:Inner wall
;WIDTH:0.44191
G1 F1503.797
G1 X65.824 Y42.765 E.00073
;WIDTH:0.442294
G1 F1502.351
G1 X65.261 Y42.851 E.01892
G1 X64.721 Y42.91 E.01805
;WIDTH:0.442918
G1 F1500.007
G1 X64.187 Y42.946 E.01779
G1 X62.919 Y42.946 E.04217
G1 X62.397 Y42.91 E.0174
;WIDTH:0.451424
G1 F1468.774
G1 X61.275 Y42.761 E.03846
; stop printing object fidget-finger-massager-2000-rods-rod-09.stl id:0 copy 0
; printing object fidget-finger-massager-2000-rods-rod-06.stl id:0 copy 0
M204 S10000
G1 E-.8 F1800
G1 X58.245 Y44.105 Z17.6 F7200
G1 Z17.2
G1 E.8 F1800
M204 S500
;TYPE:Outer wall
;WIDTH:0.449999
G1 F1473.915
G1 X58.159 Y44.539 E.01498
G1 X58.079 Y45.054 E.01763
G1 X58.019 Y45.604 E.01873
G1 X57.984 Y46.107 E.01705
G1 X57.984 Y47.393 E.04354
G1 X58.023 Y47.929 E.01819
G1 X58.085 Y48.46 E.0181
G1 X58.249 Y49.363 E.03108
G1 X57.41 Y49.511 E.02886
G1 X57.316 Y49.036 E.01638
G1 X57.232 Y48.483 E.01894
G1 X57.171 Y47.925 E.019
G1 X57.134 Y47.363 E.01908
G1 X57.134 Y46.085 E.04325
G1 X57.182 Y45.445 E.0217
G1 X57.247 Y44.884 E.01915
G1 X57.414 Y43.959 E.03181
G1 X58.206 Y44.098 E.0272
M204 S10000
G1 E-.8 F1800
G1 X57.749 Y49.015 Z17.6 F7200
G1 Z17.2
G1 E.8 F1800
M204 S1500
;TYPE:Inner wall
;WIDTH:0.45238
G1 F1465.345
G1 X57.665 Y48.518 E.01716
;WIDTH:0.439858
G1 F1511.571
G1 X57.603 Y47.977 E.01797
;WIDTH:0.44292
G1 F1500
G1 X57.559 Y47.388 E.01964
G1 X57.559 Y46.107 E.04263
G1 X57.595 Y45.573 E.01778
;WIDTH:0.44228
G1 F1502.404
G1 X57.658 Y45.006 E.01897
;WIDTH:0.44191
G1 F1503.797
G1 X57.744 Y44.447 E.01874
; stop printing object fidget-finger-massager-2000-rods-rod-06.stl id:0 copy 0
; printing object fidget-finger-massager-2000-rods-rod-08.stl id:0 copy 0
M204 S10000
G1 E-.8 F1800
G1 X54.642 Y44.105 Z17.6 F7200
G1 Z17.2
G1 E.8 F1800
M204 S500
;TYPE:Outer wall
;WIDTH:0.449999
G1 F1473.915
G1 X54.556 Y44.539 E.01498
G1 X54.477 Y45.054 E.01763
G1 X54.416 Y45.604 E.01873
G1 X54.381 Y46.107 E.01705
G1 X54.381 Y47.393 E.04354
M73 P96 R0
G1 X54.421 Y47.929 E.01819
G1 X54.482 Y48.46 E.0181
G1 X54.646 Y49.363 E.03108
G1 X53.807 Y49.511 E.02886
G1 X53.713 Y49.036 E.01638
G1 X53.629 Y48.483 E.01894
G1 X53.569 Y47.925 E.019
G1 X53.531 Y47.363 E.01908
G1 X53.531 Y46.085 E.04325
G1 X53.579 Y45.445 E.0217
G1 X53.644 Y44.884 E.01915
G1 X53.812 Y43.959 E.03181
G1 X54.603 Y44.098 E.0272
M204 S10000
G1 E-.8 F1800
G1 X54.146 Y49.015 Z17.6 F7200
G1 Z17.2
G1 E.8 F1800
M204 S1500
;TYPE:Inner wall
;WIDTH:0.45238
G1 F1465.345
G1 X54.063 Y48.518 E.01716
;WIDTH:0.439858
G1 F1511.571
G1 X54 Y47.977 E.01797
;WIDTH:0.44292
G1 F1500
G1 X53.956 Y47.388 E.01964
G1 X53.956 Y46.107 E.04263
G1 X53.992 Y45.573 E.01778
;WIDTH:0.44228
G1 F1502.404
G1 X54.055 Y45.006 E.01897
;WIDTH:0.44191
G1 F1503.797
G1 X54.141 Y44.447 E.01874
; stop printing object fidget-finger-massager-2000-rods-rod-08.stl id:0 copy 0
;LAYER_CHANGE
;Z:17.4
;HEIGHT:0.199999
G92 E0
;_SET_FAN_SPEED_CHANGING_LAYER
; printing object fidget-finger-massager-2000-rods-rod-07.stl id:0 copy 0
M204 S10000
G1 E-.8 F1800
G1 X54.627 Y52.064 Z17.8 F7200
G1 X54.641 Y52.293 Z17.8
G1 Z17.4
G1 E.8 F1800
M204 S500
;TYPE:Outer wall
;WIDTH:0.449999
G1 F1473.915
G1 X54.556 Y52.721 E.01476
G1 X54.476 Y53.242 E.01785
G1 X54.416 Y53.783 E.01843
G1 X54.381 Y54.288 E.01713
G1 X54.381 Y55.574 E.04354
G1 X54.421 Y56.11 E.01817
G1 X54.481 Y56.636 E.01793
G1 X54.641 Y57.539 E.03105
G1 X53.805 Y57.686 E.02873
G1 X53.717 Y57.241 E.01537
G1 X53.63 Y56.669 E.0196
G1 X53.569 Y56.109 E.01906
G1 X53.531 Y55.544 E.01916
G1 X53.531 Y54.267 E.04324
G1 X53.579 Y53.628 E.02168
G1 X53.644 Y53.067 E.01912
G1 X53.805 Y52.146 E.03164
G1 X54.602 Y52.286 E.02741
M204 S10000
G1 E-.8 F1800
G1 X54.14 Y57.197 Z17.8 F7200
G1 Z17.4
G1 E.8 F1800
M204 S1500
;TYPE:Inner wall
;WIDTH:0.441984
G1 F1503.518
G1 X54.136 Y57.177 E.00066
;WIDTH:0.442236
G1 F1502.569
G1 X54.052 Y56.622 E.01863
G1 X53.993 Y56.08 E.01811
;WIDTH:0.44292
G1 F1500
G1 X53.956 Y55.544 E.01786
G1 X53.956 Y54.262 E.04263
G1 X54 Y53.674 E.01962
;WIDTH:0.44004
G1 F1510.878
G1 X54.063 Y53.131 E.01806
;WIDTH:0.441112
G1 F1506.811
G1 X54.14 Y52.636 E.0166
; stop printing object fidget-finger-massager-2000-rods-rod-07.stl id:0 copy 0
; printing object fidget-finger-massager-2000-rods-rod-04.stl id:0 copy 0
M204 S10000
G1 E-.8 F1800
G1 X58.244 Y52.293 Z17.8 F7200
G1 Z17.4
G1 E.8 F1800
M204 S500
;TYPE:Outer wall
;WIDTH:0.449999
G1 F1473.915
G1 X58.159 Y52.721 E.01476
G1 X58.079 Y53.242 E.01785
G1 X58.019 Y53.783 E.01843
G1 X57.984 Y54.288 E.01713
G1 X57.984 Y55.574 E.04354
G1 X58.023 Y56.11 E.01817
G1 X58.084 Y56.636 E.01793
G1 X58.244 Y57.539 E.03105
G1 X57.408 Y57.686 E.02873
G1 X57.32 Y57.241 E.01537
G1 X57.233 Y56.669 E.0196
G1 X57.172 Y56.109 E.01906
G1 X57.134 Y55.544 E.01916
G1 X57.134 Y54.267 E.04324
G1 X57.182 Y53.628 E.02168
G1 X57.247 Y53.067 E.01912
G1 X57.407 Y52.146 E.03164
G1 X58.205 Y52.286 E.02741
M204 S10000
G1 E-.8 F1800
G1 X57.743 Y57.197 Z17.8 F7200
G1 Z17.4
G1 E.8 F1800
M204 S1500
;TYPE:Inner wall
;WIDTH:0.441984
G1 F1503.518
G1 X57.739 Y57.177 E.00066
;WIDTH:0.442236
G1 F1502.569
G1 X57.655 Y56.622 E.01863
G1 X57.595 Y56.08 E.01811
;WIDTH:0.44292
G1 F1500
G1 X57.559 Y55.544 E.01786
G1 X57.559 Y54.262 E.04263
G1 X57.603 Y53.674 E.01962
;WIDTH:0.44004
G1 F1510.878
G1 X57.666 Y53.131 E.01806
;WIDTH:0.441112
G1 F1506.811
G1 X57.743 Y52.636 E.0166
; stop printing object fidget-finger-massager-2000-rods-rod-04.stl id:0 copy 0
; printing object fidget-finger-massager-2000-rods-rod-01.stl id:0 copy 0
M204 S10000
G1 E-.8 F1800
G1 X64.635 Y55.915 Z17.8 F7200
G1 X66.226 Y56.672 Z17.8
G1 Z17.4
G1 E.8 F1800
M204 S500
;TYPE:Outer wall
;WIDTH:0.449999
G1 F1473.915
G1 X66.373 Y57.509 E.02876
G1 X65.928 Y57.597 E.01535
G1 X65.372 Y57.681 E.01905
G1 X64.795 Y57.745 E.01964
G1 X64.231 Y57.782 E.01915
G1 X62.953 Y57.782 E.04324
G1 X62.315 Y57.734 E.02168
G1 X61.753 Y57.669 E.01912
G1 X60.832 Y57.508 E.03165
G1 X60.98 Y56.672 E.02873
G1 X61.408 Y56.758 E.01477
G1 X61.945 Y56.839 E.01839
G1 X62.47 Y56.897 E.01787
G1 X62.975 Y56.932 E.01714
G1 X64.261 Y56.932 E.04354
G1 X64.796 Y56.893 E.01817
G1 X65.322 Y56.832 E.01792
G1 X66.186 Y56.679 E.02969
M204 S10000
G1 X65.883 Y57.173 F7200
M204 S1500
;TYPE:Inner wall
;WIDTH:0.4419
G1 F1503.835
G1 X65.325 Y57.259 E.01874
;WIDTH:0.442244
G1 F1502.539
G1 X64.766 Y57.321 E.01867
;WIDTH:0.442918
G1 F1500.007
G1 X64.231 Y57.357 E.01786
G1 X62.949 Y57.357 E.04263
G1 X62.361 Y57.313 E.01962
;WIDTH:0.439898
G1 F1511.419
G1 X61.817 Y57.251 E.01806
;WIDTH:0.441166
G1 F1506.607
G1 X61.322 Y57.173 E.01659
; stop printing object fidget-finger-massager-2000-rods-rod-01.stl id:0 copy 0
; printing object fidget-finger-massager-2000-rods-rod-02.stl id:0 copy 0
M204 S10000
G1 E-.8 F1800
G1 X66.226 Y53.069 Z17.8 F7200
G1 Z17.4
G1 E.8 F1800
M204 S500
;TYPE:Outer wall
;WIDTH:0.449999
G1 F1473.915
G1 X66.373 Y53.906 E.02876
G1 X65.928 Y53.994 E.01535
G1 X65.372 Y54.078 E.01905
G1 X64.795 Y54.142 E.01964
G1 X64.231 Y54.179 E.01915
G1 X62.953 Y54.179 E.04324
G1 X62.315 Y54.132 E.02168
G1 X61.753 Y54.066 E.01912
G1 X60.832 Y53.905 E.03165
G1 X60.98 Y53.07 E.02873
G1 X61.408 Y53.155 E.01477
G1 X61.945 Y53.237 E.01839
G1 X62.47 Y53.295 E.01787
G1 X62.975 Y53.329 E.01714
G1 X64.261 Y53.329 E.04354
G1 X64.796 Y53.29 E.01817
G1 X65.322 Y53.229 E.01792
G1 X66.186 Y53.076 E.02969
M204 S10000
G1 X65.883 Y53.571 F7200
M204 S1500
;TYPE:Inner wall
;WIDTH:0.4419
G1 F1503.835
G1 X65.325 Y53.657 E.01874
;WIDTH:0.442244
G1 F1502.539
G1 X64.766 Y53.718 E.01867
;WIDTH:0.442918
G1 F1500.007
G1 X64.231 Y53.754 E.01786
G1 X62.949 Y53.754 E.04263
G1 X62.361 Y53.711 E.01962
;WIDTH:0.439898
G1 F1511.419
G1 X61.817 Y53.648 E.01806
;WIDTH:0.441166
G1 F1506.607
G1 X61.322 Y53.571 E.01659
; stop printing object fidget-finger-massager-2000-rods-rod-02.stl id:0 copy 0
; printing object fidget-finger-massager-2000-rods-rod-03.stl id:0 copy 0
M204 S10000
G1 E-.8 F1800
G1 X66.226 Y49.466 Z17.8 F7200
G1 Z17.4
G1 E.8 F1800
M204 S500
;TYPE:Outer wall
;WIDTH:0.449999
G1 F1473.915
G1 X66.373 Y50.303 E.02876
G1 X65.928 Y50.391 E.01535
G1 X65.372 Y50.476 E.01905
G1 X64.795 Y50.539 E.01964
G1 X64.231 Y50.576 E.01915
G1 X62.953 Y50.576 E.04324
G1 X62.315 Y50.529 E.02168
G1 X61.753 Y50.464 E.01912
G1 X60.832 Y50.303 E.03165
G1 X60.98 Y49.467 E.02873
G1 X61.408 Y49.552 E.01477
G1 X61.945 Y49.634 E.01839
G1 X62.47 Y49.692 E.01787
G1 X62.975 Y49.726 E.01714
G1 X64.261 Y49.726 E.04354
G1 X64.796 Y49.687 E.01817
G1 X65.322 Y49.627 E.01792
G1 X66.186 Y49.473 E.02969
M204 S10000
G1 X65.883 Y49.968 F7200
M204 S1500
;TYPE:Inner wall
;WIDTH:0.4419
G1 F1503.835
G1 X65.325 Y50.054 E.01874
;WIDTH:0.442244
G1 F1502.539
G1 X64.766 Y50.115 E.01867
;WIDTH:0.442918
G1 F1500.007
G1 X64.231 Y50.151 E.01786
G1 X62.949 Y50.151 E.04263
G1 X62.361 Y50.108 E.01962
;WIDTH:0.439898
G1 F1511.419
G1 X61.817 Y50.045 E.01806
;WIDTH:0.441166
G1 F1506.607
G1 X61.322 Y49.968 E.01659
; stop printing object fidget-finger-massager-2000-rods-rod-03.stl id:0 copy 0
; printing object fidget-finger-massager-2000-rods-rod-05.stl id:0 copy 0
M204 S10000
G1 E-.8 F1800
G1 X66.226 Y45.864 Z17.8 F7200
G1 Z17.4
G1 E.8 F1800
M204 S500
;TYPE:Outer wall
;WIDTH:0.449999
G1 F1473.915
G1 X66.373 Y46.7 E.02876
G1 X65.928 Y46.788 E.01535
G1 X65.372 Y46.873 E.01905
G1 X64.795 Y46.936 E.01964
G1 X64.231 Y46.974 E.01915
G1 X62.953 Y46.974 E.04324
G1 X62.315 Y46.926 E.02168
G1 X61.753 Y46.861 E.01912
G1 X60.832 Y46.7 E.03165
G1 X60.98 Y45.864 E.02873
G1 X61.408 Y45.949 E.01477
G1 X61.945 Y46.031 E.01839
G1 X62.47 Y46.089 E.01787
G1 X62.975 Y46.124 E.01714
G1 X64.261 Y46.124 E.04354
G1 X64.796 Y46.084 E.01817
G1 X65.322 Y46.024 E.01792
G1 X66.186 Y45.871 E.02969
M204 S10000
G1 X65.883 Y46.365 F7200
M204 S1500
;TYPE:Inner wall
;WIDTH:0.4419
G1 F1503.835
G1 X65.325 Y46.451 E.01874
;WIDTH:0.442244
G1 F1502.539
G1 X64.766 Y46.513 E.01867
;WIDTH:0.442918
G1 F1500.007
G1 X64.231 Y46.549 E.01786
G1 X62.949 Y46.549 E.04263
G1 X62.361 Y46.505 E.01962
;WIDTH:0.439898
G1 F1511.419
G1 X61.817 Y46.442 E.01806
;WIDTH:0.441166
G1 F1506.607
G1 X61.322 Y46.365 E.01659
; stop printing object fidget-finger-massager-2000-rods-rod-05.stl id:0 copy 0
; printing object fidget-finger-massager-2000-rods-rod-09.stl id:0 copy 0
M204 S10000
G1 E-.8 F1800
G1 X66.182 Y42.261 Z17.8 F7200
G1 Z17.4
G1 E.8 F1800
M204 S500
;TYPE:Outer wall
;WIDTH:0.449999
G1 F1473.915
G1 X66.329 Y43.098 E.02876
G1 X65.884 Y43.185 E.01535
G1 X65.328 Y43.27 E.01905
G1 X64.751 Y43.333 E.01964
G1 X64.187 Y43.371 E.01915
G1 X62.909 Y43.371 E.04324
G1 X62.271 Y43.323 E.02168
G1 X61.71 Y43.258 E.01912
G1 X60.789 Y43.097 E.03165
G1 X60.936 Y42.261 E.02873
G1 X61.364 Y42.346 E.01477
G1 X61.901 Y42.428 E.01839
G1 X62.426 Y42.486 E.01787
G1 X62.931 Y42.521 E.01714
G1 X64.217 Y42.521 E.04354
G1 X64.752 Y42.482 E.01817
G1 X65.279 Y42.421 E.01792
G1 X66.142 Y42.268 E.02969
M204 S10000
G1 X65.839 Y42.762 F7200
M204 S1500
;TYPE:Inner wall
;WIDTH:0.4419
G1 F1503.835
G1 X65.281 Y42.848 E.01874
;WIDTH:0.442244
G1 F1502.539
G1 X64.723 Y42.91 E.01867
;WIDTH:0.442918
G1 F1500.007
G1 X64.187 Y42.946 E.01786
G1 X62.905 Y42.946 E.04263
G1 X62.317 Y42.902 E.01962
;WIDTH:0.439898
G1 F1511.419
G1 X61.773 Y42.839 E.01806
;WIDTH:0.441166
G1 F1506.607
G1 X61.278 Y42.762 E.01659
; stop printing object fidget-finger-massager-2000-rods-rod-09.stl id:0 copy 0
; printing object fidget-finger-massager-2000-rods-rod-06.stl id:0 copy 0
M204 S10000
G1 E-.8 F1800
G1 X58.244 Y44.112 Z17.8 F7200
G1 Z17.4
G1 E.8 F1800
M204 S500
;TYPE:Outer wall
;WIDTH:0.449999
G1 F1473.915
G1 X58.159 Y44.539 E.01476
G1 X58.079 Y45.061 E.01785
G1 X58.019 Y45.602 E.01843
G1 X57.984 Y46.107 E.01713
G1 X57.984 Y47.393 E.04354
G1 X58.023 Y47.928 E.01817
G1 X58.084 Y48.454 E.01793
G1 X58.244 Y49.357 E.03105
G1 X57.408 Y49.505 E.02873
G1 X57.32 Y49.059 E.01537
G1 X57.233 Y48.487 E.0196
G1 X57.172 Y47.927 E.01906
G1 X57.134 Y47.363 E.01916
G1 X57.134 Y46.085 E.04324
G1 X57.182 Y45.446 E.02168
G1 X57.247 Y44.885 E.01912
G1 X57.407 Y43.964 E.03164
G1 X58.205 Y44.105 E.02741
M204 S10000
G1 E-.8 F1800
G1 X57.743 Y49.015 Z17.8 F7200
G1 Z17.4
G1 E.8 F1800
M204 S1500
;TYPE:Inner wall
;WIDTH:0.441984
G1 F1503.518
G1 X57.739 Y48.995 E.00066
;WIDTH:0.442236
G1 F1502.569
G1 X57.655 Y48.441 E.01863
G1 X57.595 Y47.898 E.01811
;WIDTH:0.44292
G1 F1500
G1 X57.559 Y47.363 E.01786
G1 X57.559 Y46.081 E.04263
M73 P97 R0
G1 X57.603 Y45.493 E.01962
;WIDTH:0.44004
G1 F1510.878
G1 X57.666 Y44.949 E.01806
;WIDTH:0.441112
G1 F1506.811
G1 X57.743 Y44.454 E.0166
; stop printing object fidget-finger-massager-2000-rods-rod-06.stl id:0 copy 0
; printing object fidget-finger-massager-2000-rods-rod-08.stl id:0 copy 0
M204 S10000
G1 E-.8 F1800
G1 X54.641 Y44.112 Z17.8 F7200
G1 Z17.4
G1 E.8 F1800
M204 S500
;TYPE:Outer wall
;WIDTH:0.449999
G1 F1473.915
G1 X54.556 Y44.539 E.01476
G1 X54.476 Y45.061 E.01785
G1 X54.416 Y45.602 E.01843
G1 X54.381 Y46.107 E.01713
G1 X54.381 Y47.393 E.04354
G1 X54.421 Y47.928 E.01817
G1 X54.481 Y48.454 E.01793
G1 X54.641 Y49.357 E.03105
G1 X53.805 Y49.505 E.02873
G1 X53.717 Y49.059 E.01537
G1 X53.63 Y48.487 E.0196
G1 X53.569 Y47.927 E.01906
G1 X53.531 Y47.363 E.01916
G1 X53.531 Y46.085 E.04324
G1 X53.579 Y45.446 E.02168
G1 X53.644 Y44.885 E.01912
G1 X53.805 Y43.964 E.03164
G1 X54.602 Y44.105 E.02741
M204 S10000
G1 E-.8 F1800
G1 X54.14 Y49.015 Z17.8 F7200
G1 Z17.4
G1 E.8 F1800
M204 S1500
;TYPE:Inner wall
;WIDTH:0.441984
G1 F1503.518
G1 X54.136 Y48.995 E.00066
;WIDTH:0.442236
G1 F1502.569
G1 X54.052 Y48.441 E.01863
G1 X53.993 Y47.898 E.01811
;WIDTH:0.44292
G1 F1500
G1 X53.956 Y47.363 E.01786
G1 X53.956 Y46.081 E.04263
G1 X54 Y45.493 E.01962
;WIDTH:0.44004
G1 F1510.878
G1 X54.063 Y44.949 E.01806
;WIDTH:0.441112
G1 F1506.811
G1 X54.14 Y44.454 E.0166
; stop printing object fidget-finger-massager-2000-rods-rod-08.stl id:0 copy 0
;LAYER_CHANGE
;Z:17.6
;HEIGHT:0.200001
G92 E0
;_SET_FAN_SPEED_CHANGING_LAYER
; printing object fidget-finger-massager-2000-rods-rod-07.stl id:0 copy 0
M204 S10000
G1 E-.8 F1800
G1 X54.613 Y52.072 Z18 F7200
G1 X54.63 Y52.344 Z18
G1 Z17.6
G1 E.8 F1800
M204 S500
;TYPE:Outer wall
;WIDTH:0.449999
G1 F1473.915
G1 X54.475 Y53.249 E.03106
G1 X54.416 Y53.781 E.01813
G1 X54.381 Y54.288 E.0172
G1 X54.381 Y55.574 E.04354
G1 X54.421 Y56.109 E.01815
G1 X54.481 Y56.635 E.0179
G1 X54.63 Y57.488 E.02932
G1 X53.794 Y57.635 E.02873
G1 X53.712 Y57.209 E.0147
G1 X53.63 Y56.673 E.01834
G1 X53.569 Y56.111 E.01914
G1 X53.531 Y55.544 E.01923
G1 X53.531 Y54.267 E.04323
G1 X53.579 Y53.629 E.02167
G1 X53.644 Y53.068 E.0191
G1 X53.794 Y52.197 E.02992
G1 X54.591 Y52.337 E.0274
M204 S10000
G1 E-.8 F1800
G1 X54.131 Y57.145 Z18 F7200
G1 Z17.6
G1 E.8 F1800
M204 S1500
;TYPE:Inner wall
;WIDTH:0.44217
G1 F1502.818
G1 X54.053 Y56.627 E.0174
G1 X53.993 Y56.082 E.01818
;WIDTH:0.44292
G1 F1500
G1 X53.956 Y55.544 E.01794
G1 X53.956 Y54.263 E.0426
G1 X53.997 Y53.7 E.01879
;WIDTH:0.44206
G1 F1503.232
G1 X54.053 Y53.2 E.01669
G1 X54.131 Y52.687 E.01722
; stop printing object fidget-finger-massager-2000-rods-rod-07.stl id:0 copy 0
; printing object fidget-finger-massager-2000-rods-rod-04.stl id:0 copy 0
M204 S10000
G1 E-.8 F1800
G1 X58.233 Y52.344 Z18 F7200
G1 Z17.6
G1 E.8 F1800
M204 S500
;TYPE:Outer wall
;WIDTH:0.449999
G1 F1473.915
G1 X58.078 Y53.249 E.03106
G1 X58.019 Y53.781 E.01813
G1 X57.984 Y54.288 E.0172
G1 X57.984 Y55.574 E.04354
G1 X58.023 Y56.109 E.01815
G1 X58.084 Y56.635 E.0179
G1 X58.233 Y57.488 E.02932
G1 X57.397 Y57.635 E.02873
G1 X57.315 Y57.209 E.0147
G1 X57.233 Y56.673 E.01834
G1 X57.172 Y56.111 E.01914
G1 X57.134 Y55.544 E.01923
G1 X57.134 Y54.267 E.04323
G1 X57.182 Y53.629 E.02167
G1 X57.247 Y53.068 E.0191
G1 X57.396 Y52.197 E.02992
G1 X58.193 Y52.337 E.0274
M204 S10000
G1 E-.8 F1800
G1 X57.734 Y57.145 Z18 F7200
G1 Z17.6
G1 E.8 F1800
M204 S1500
;TYPE:Inner wall
;WIDTH:0.44217
G1 F1502.818
G1 X57.655 Y56.627 E.0174
G1 X57.595 Y56.082 E.01818
;WIDTH:0.44292
G1 F1500
G1 X57.559 Y55.544 E.01794
G1 X57.559 Y54.263 E.0426
G1 X57.6 Y53.7 E.01879
;WIDTH:0.44206
G1 F1503.232
G1 X57.656 Y53.2 E.01669
G1 X57.734 Y52.687 E.01722
; stop printing object fidget-finger-massager-2000-rods-rod-04.stl id:0 copy 0
; printing object fidget-finger-massager-2000-rods-rod-01.stl id:0 copy 0
M204 S10000
G1 E-.8 F1800
G1 X64.633 Y55.953 Z18 F7200
G1 X66.175 Y56.683 Z18
G1 Z17.6
G1 E.8 F1800
M204 S500
;TYPE:Outer wall
;WIDTH:0.449999
G1 F1473.915
G1 X66.322 Y57.52 E.02875
G1 X65.365 Y57.682 E.03285
G1 X64.797 Y57.744 E.01933
G1 X64.231 Y57.782 E.01923
G1 X62.954 Y57.782 E.04323
G1 X62.315 Y57.735 E.02166
G1 X61.755 Y57.669 E.0191
G1 X60.884 Y57.519 E.02993
G1 X61.031 Y56.683 E.02873
G1 X61.941 Y56.839 E.03124
G1 X62.468 Y56.897 E.01794
G1 X62.975 Y56.932 E.01721
G1 X64.261 Y56.932 E.04353
G1 X64.796 Y56.893 E.01815
G1 X65.321 Y56.832 E.0179
G1 X66.135 Y56.69 E.02797
M204 S10000
G1 X65.831 Y57.182 F7200
M204 S1500
;TYPE:Inner wall
;WIDTH:0.442058
G1 F1503.239
G1 X65.319 Y57.26 E.01722
;WIDTH:0.442204
G1 F1502.69
G1 X64.769 Y57.321 E.01837
;WIDTH:0.442918
G1 F1500.007
G1 X64.231 Y57.357 E.01793
G1 X62.963 Y57.357 E.04217
G1 X62.437 Y57.321 E.01754
;WIDTH:0.442206
G1 F1502.682
G1 X61.892 Y57.261 E.01819
G1 X61.374 Y57.182 E.0174
; stop printing object fidget-finger-massager-2000-rods-rod-01.stl id:0 copy 0
; printing object fidget-finger-massager-2000-rods-rod-02.stl id:0 copy 0
M204 S10000
G1 E-.8 F1800
G1 X66.175 Y53.081 Z18 F7200
G1 Z17.6
G1 E.8 F1800
M204 S500
;TYPE:Outer wall
;WIDTH:0.449999
G1 F1473.915
G1 X66.322 Y53.917 E.02875
G1 X65.365 Y54.079 E.03285
G1 X64.797 Y54.142 E.01933
G1 X64.231 Y54.179 E.01923
G1 X62.954 Y54.179 E.04323
G1 X62.315 Y54.132 E.02166
G1 X61.755 Y54.067 E.0191
G1 X60.884 Y53.916 E.02993
G1 X61.031 Y53.081 E.02873
G1 X61.941 Y53.236 E.03124
G1 X62.468 Y53.294 E.01794
G1 X62.975 Y53.329 E.01721
G1 X64.261 Y53.329 E.04353
G1 X64.796 Y53.29 E.01815
G1 X65.321 Y53.23 E.0179
G1 X66.135 Y53.088 E.02797
M204 S10000
G1 X65.831 Y53.579 F7200
M204 S1500
;TYPE:Inner wall
;WIDTH:0.442058
G1 F1503.239
G1 X65.319 Y53.657 E.01722
;WIDTH:0.442204
G1 F1502.69
G1 X64.769 Y53.718 E.01837
;WIDTH:0.442918
G1 F1500.007
G1 X64.231 Y53.754 E.01793
G1 X62.963 Y53.754 E.04217
G1 X62.437 Y53.718 E.01754
;WIDTH:0.442206
G1 F1502.682
G1 X61.892 Y53.658 E.01819
G1 X61.374 Y53.579 E.0174
; stop printing object fidget-finger-massager-2000-rods-rod-02.stl id:0 copy 0
; printing object fidget-finger-massager-2000-rods-rod-03.stl id:0 copy 0
M204 S10000
G1 E-.8 F1800
G1 X66.175 Y49.478 Z18 F7200
G1 Z17.6
G1 E.8 F1800
M204 S500
;TYPE:Outer wall
;WIDTH:0.449999
G1 F1473.915
G1 X66.322 Y50.314 E.02875
G1 X65.365 Y50.477 E.03285
G1 X64.797 Y50.539 E.01933
G1 X64.231 Y50.576 E.01923
G1 X62.954 Y50.576 E.04323
G1 X62.315 Y50.529 E.02166
G1 X61.755 Y50.464 E.0191
G1 X60.884 Y50.314 E.02993
G1 X61.031 Y49.478 E.02873
G1 X61.941 Y49.633 E.03124
G1 X62.468 Y49.692 E.01794
G1 X62.975 Y49.726 E.01721
G1 X64.261 Y49.726 E.04353
G1 X64.796 Y49.687 E.01815
G1 X65.321 Y49.627 E.0179
G1 X66.135 Y49.485 E.02797
M204 S10000
G1 X65.831 Y49.976 F7200
M204 S1500
;TYPE:Inner wall
;WIDTH:0.442058
G1 F1503.239
G1 X65.319 Y50.055 E.01722
;WIDTH:0.442204
G1 F1502.69
G1 X64.769 Y50.115 E.01837
;WIDTH:0.442918
G1 F1500.007
G1 X64.231 Y50.151 E.01793
G1 X62.963 Y50.151 E.04217
G1 X62.437 Y50.115 E.01754
;WIDTH:0.442206
G1 F1502.682
G1 X61.892 Y50.055 E.01819
G1 X61.374 Y49.976 E.0174
; stop printing object fidget-finger-massager-2000-rods-rod-03.stl id:0 copy 0
; printing object fidget-finger-massager-2000-rods-rod-05.stl id:0 copy 0
M204 S10000
G1 E-.8 F1800
G1 X66.175 Y45.875 Z18 F7200
G1 Z17.6
G1 E.8 F1800
M204 S500
;TYPE:Outer wall
;WIDTH:0.449999
G1 F1473.915
G1 X66.322 Y46.712 E.02875
G1 X65.365 Y46.874 E.03285
G1 X64.797 Y46.936 E.01933
G1 X64.231 Y46.974 E.01923
G1 X62.954 Y46.974 E.04323
G1 X62.315 Y46.926 E.02166
G1 X61.755 Y46.861 E.0191
G1 X60.884 Y46.711 E.02993
G1 X61.031 Y45.875 E.02873
G1 X61.941 Y46.031 E.03124
G1 X62.468 Y46.089 E.01794
G1 X62.975 Y46.124 E.01721
G1 X64.261 Y46.124 E.04353
G1 X64.796 Y46.084 E.01815
G1 X65.321 Y46.024 E.0179
G1 X66.135 Y45.882 E.02797
M204 S10000
G1 X65.831 Y46.374 F7200
M204 S1500
;TYPE:Inner wall
;WIDTH:0.442058
G1 F1503.239
G1 X65.319 Y46.452 E.01722
;WIDTH:0.442204
G1 F1502.69
G1 X64.769 Y46.512 E.01837
;WIDTH:0.442918
G1 F1500.007
G1 X64.231 Y46.549 E.01793
G1 X62.963 Y46.549 E.04217
G1 X62.437 Y46.512 E.01754
;WIDTH:0.442206
G1 F1502.682
G1 X61.892 Y46.453 E.01819
G1 X61.374 Y46.374 E.0174
; stop printing object fidget-finger-massager-2000-rods-rod-05.stl id:0 copy 0
; printing object fidget-finger-massager-2000-rods-rod-09.stl id:0 copy 0
M204 S10000
G1 E-.8 F1800
G1 X66.131 Y42.272 Z18 F7200
G1 Z17.6
G1 E.8 F1800
M204 S500
;TYPE:Outer wall
;WIDTH:0.449999
G1 F1473.915
G1 X66.278 Y43.109 E.02875
G1 X65.321 Y43.271 E.03285
G1 X64.754 Y43.333 E.01933
G1 X64.187 Y43.371 E.01923
G1 X62.91 Y43.371 E.04323
G1 X62.271 Y43.323 E.02166
G1 X61.711 Y43.258 E.0191
G1 X60.84 Y43.108 E.02993
G1 X60.987 Y42.272 E.02873
G1 X61.897 Y42.428 E.03124
G1 X62.424 Y42.486 E.01794
G1 X62.931 Y42.521 E.01721
G1 X64.217 Y42.521 E.04353
G1 X64.752 Y42.482 E.01815
G1 X65.277 Y42.421 E.0179
G1 X66.091 Y42.279 E.02797
M204 S10000
G1 X65.788 Y42.771 F7200
M204 S1500
;TYPE:Inner wall
;WIDTH:0.442058
G1 F1503.239
G1 X65.275 Y42.849 E.01722
;WIDTH:0.442204
G1 F1502.69
G1 X64.725 Y42.91 E.01837
;WIDTH:0.442918
G1 F1500.007
G1 X64.187 Y42.946 E.01793
G1 X62.919 Y42.946 E.04217
G1 X62.393 Y42.91 E.01754
;WIDTH:0.442206
G1 F1502.682
G1 X61.848 Y42.85 E.01819
G1 X61.33 Y42.771 E.0174
; stop printing object fidget-finger-massager-2000-rods-rod-09.stl id:0 copy 0
; printing object fidget-finger-massager-2000-rods-rod-06.stl id:0 copy 0
M204 S10000
G1 E-.8 F1800
G1 X58.233 Y44.163 Z18 F7200
G1 Z17.6
G1 E.8 F1800
M204 S500
;TYPE:Outer wall
;WIDTH:0.449999
G1 F1473.915
G1 X58.078 Y45.067 E.03106
G1 X58.019 Y45.6 E.01813
G1 X57.984 Y46.107 E.0172
G1 X57.984 Y47.393 E.04354
G1 X58.023 Y47.928 E.01815
G1 X58.084 Y48.453 E.0179
G1 X58.233 Y49.306 E.02932
G1 X57.397 Y49.454 E.02873
G1 X57.315 Y49.027 E.0147
G1 X57.233 Y48.491 E.01834
G1 X57.172 Y47.929 E.01914
G1 X57.134 Y47.363 E.01923
G1 X57.134 Y46.085 E.04323
G1 X57.182 Y45.447 E.02167
G1 X57.247 Y44.887 E.0191
G1 X57.396 Y44.015 E.02992
G1 X58.193 Y44.156 E.0274
M204 S10000
G1 E-.8 F1800
M73 P98 R0
G1 X57.734 Y48.963 Z18 F7200
G1 Z17.6
G1 E.8 F1800
M204 S1500
;TYPE:Inner wall
;WIDTH:0.44217
G1 F1502.818
G1 X57.655 Y48.445 E.0174
G1 X57.595 Y47.901 E.01818
;WIDTH:0.44292
G1 F1500
G1 X57.559 Y47.363 E.01794
G1 X57.559 Y46.082 E.0426
G1 X57.6 Y45.518 E.01879
;WIDTH:0.44206
G1 F1503.232
G1 X57.656 Y45.019 E.01669
G1 X57.734 Y44.506 E.01722
; stop printing object fidget-finger-massager-2000-rods-rod-06.stl id:0 copy 0
; printing object fidget-finger-massager-2000-rods-rod-08.stl id:0 copy 0
M204 S10000
G1 E-.8 F1800
G1 X54.63 Y44.163 Z18 F7200
G1 Z17.6
G1 E.8 F1800
M204 S500
;TYPE:Outer wall
;WIDTH:0.449999
G1 F1473.915
G1 X54.475 Y45.067 E.03106
G1 X54.416 Y45.6 E.01813
G1 X54.381 Y46.107 E.0172
G1 X54.381 Y47.393 E.04354
G1 X54.421 Y47.928 E.01815
G1 X54.481 Y48.453 E.0179
G1 X54.63 Y49.306 E.02932
G1 X53.794 Y49.454 E.02873
G1 X53.712 Y49.027 E.0147
G1 X53.63 Y48.491 E.01834
G1 X53.569 Y47.929 E.01914
G1 X53.531 Y47.363 E.01923
G1 X53.531 Y46.085 E.04323
G1 X53.579 Y45.447 E.02167
G1 X53.644 Y44.887 E.0191
G1 X53.794 Y44.015 E.02992
G1 X54.591 Y44.156 E.0274
M204 S10000
G1 E-.8 F1800
G1 X54.131 Y48.963 Z18 F7200
G1 Z17.6
G1 E.8 F1800
M204 S1500
;TYPE:Inner wall
;WIDTH:0.44217
G1 F1502.818
G1 X54.053 Y48.445 E.0174
G1 X53.993 Y47.901 E.01818
;WIDTH:0.44292
G1 F1500
G1 X53.956 Y47.363 E.01794
G1 X53.956 Y46.082 E.0426
G1 X53.997 Y45.518 E.01879
;WIDTH:0.44206
G1 F1503.232
G1 X54.053 Y45.019 E.01669
G1 X54.131 Y44.506 E.01722
; stop printing object fidget-finger-massager-2000-rods-rod-08.stl id:0 copy 0
M106 S247
;LAYER_CHANGE
;Z:17.8
;HEIGHT:0.199999
G92 E0
;_SET_FAN_SPEED_CHANGING_LAYER
; printing object fidget-finger-massager-2000-rods-rod-07.stl id:0 copy 0
M204 S10000
G1 E-.8 F1800
G1 X54.577 Y52.125 Z18.2 F7200
G1 X54.597 Y52.458 Z18.2
G1 Z17.8
G1 E.8 F1800
M204 S500
;TYPE:Outer wall
;WIDTH:0.449999
G1 F1473.915
G1 X54.461 Y53.25 E.0272
G1 X54.402 Y53.779 E.01801
G1 X54.367 Y54.288 E.01727
G1 X54.367 Y55.575 E.04356
G1 X54.406 Y56.102 E.01791
G1 X54.597 Y57.374 E.04352
G1 X53.788 Y57.517 E.0278
G1 X53.644 Y56.668 E.02912
G1 X53.583 Y56.111 E.01898
G1 X53.546 Y55.544 E.01922
G1 X53.546 Y54.268 E.04322
G1 X53.592 Y53.638 E.02136
G1 X53.659 Y53.061 E.01967
G1 X53.784 Y52.315 E.02561
G1 X54.557 Y52.451 E.02658
M204 S10000
G1 X54.118 Y52.794 F7200
M204 S1500
;TYPE:Inner wall
;WIDTH:0.419856
G1 F1591.782
G1 X53.999 Y53.683 E.02813
;WIDTH:0.414248
G1 F1615.822
G1 X53.956 Y54.262 E.01793
G1 X53.956 Y55.544 E.03959
G1 X53.993 Y56.083 E.01668
;WIDTH:0.41437
G1 X54.052 Y56.624 E.01678
G1 X54.122 Y57.042 E.0131
; stop printing object fidget-finger-massager-2000-rods-rod-07.stl id:0 copy 0
; printing object fidget-finger-massager-2000-rods-rod-04.stl id:0 copy 0
M204 S10000
G1 E-.8 F1800
G1 X58.199 Y52.458 Z18.2 F7200
G1 Z17.8
G1 E.8 F1800
M204 S500
;TYPE:Outer wall
;WIDTH:0.449999
G1 F1473.915
G1 X58.064 Y53.25 E.0272
G1 X58.005 Y53.779 E.01801
G1 X57.97 Y54.288 E.01727
G1 X57.97 Y55.575 E.04356
G1 X58.009 Y56.102 E.01791
G1 X58.199 Y57.374 E.04352
G1 X57.391 Y57.517 E.0278
G1 X57.247 Y56.668 E.02912
G1 X57.186 Y56.111 E.01898
G1 X57.149 Y55.544 E.01922
G1 X57.149 Y54.268 E.04322
G1 X57.194 Y53.638 E.02136
G1 X57.262 Y53.061 E.01967
G1 X57.387 Y52.315 E.02561
G1 X58.16 Y52.451 E.02658
M204 S10000
G1 X57.721 Y52.794 F7200
M204 S1500
;TYPE:Inner wall
;WIDTH:0.419856
G1 F1591.782
G1 X57.602 Y53.683 E.02813
;WIDTH:0.414248
G1 F1615.822
G1 X57.559 Y54.262 E.01793
G1 X57.559 Y55.544 E.03959
G1 X57.595 Y56.083 E.01668
;WIDTH:0.41437
G1 X57.655 Y56.624 E.01678
G1 X57.725 Y57.042 E.0131
; stop printing object fidget-finger-massager-2000-rods-rod-04.stl id:0 copy 0
; printing object fidget-finger-massager-2000-rods-rod-01.stl id:0 copy 0
M204 S10000
G1 E-.8 F1800
G1 X65.352 Y56.744 Z18.2 F7200
G1 X66.061 Y56.717 Z18.2
G1 Z17.8
G1 E.8 F1800
M204 S500
;TYPE:Outer wall
;WIDTH:0.449999
G1 F1473.915
G1 X66.203 Y57.526 E.0278
G1 X65.355 Y57.669 E.02912
G1 X64.798 Y57.73 E.01898
G1 X64.231 Y57.768 E.01922
G1 X62.954 Y57.768 E.04322
G1 X62.325 Y57.722 E.02136
G1 X61.748 Y57.654 E.01967
G1 X61.001 Y57.529 E.02561
G1 X61.145 Y56.717 E.02793
G1 X61.937 Y56.853 E.0272
G1 X62.466 Y56.911 E.01801
G1 X62.974 Y56.946 E.01727
G1 X64.261 Y56.946 E.04356
G1 X64.789 Y56.907 E.01791
G1 X65.324 Y56.846 E.01824
G1 X66.021 Y56.724 E.02395
M204 S10000
G1 X65.728 Y57.191 F7200
M204 S1500
;TYPE:Inner wall
;WIDTH:0.414372
G1 F1615.283
G1 X65.31 Y57.261 E.0131
G1 X64.77 Y57.321 E.01678
;WIDTH:0.414246
G1 X64.231 Y57.357 E.01668
G1 X62.949 Y57.357 E.03959
G1 X62.37 Y57.314 E.01793
;WIDTH:0.419854
G1 F1591.791
G1 X61.48 Y57.195 E.02813
; stop printing object fidget-finger-massager-2000-rods-rod-01.stl id:0 copy 0
; printing object fidget-finger-massager-2000-rods-rod-02.stl id:0 copy 0
M204 S10000
G1 E-.8 F1800
G1 X66.061 Y53.114 Z18.2 F7200
G1 Z17.8
G1 E.8 F1800
M204 S500
;TYPE:Outer wall
;WIDTH:0.449999
G1 F1473.915
G1 X66.203 Y53.923 E.0278
G1 X65.355 Y54.067 E.02912
G1 X64.798 Y54.128 E.01898
G1 X64.231 Y54.165 E.01922
G1 X62.954 Y54.165 E.04322
G1 X62.325 Y54.119 E.02136
G1 X61.748 Y54.052 E.01967
G1 X61.001 Y53.927 E.02561
G1 X61.145 Y53.114 E.02793
G1 X61.937 Y53.25 E.0272
G1 X62.466 Y53.308 E.01801
G1 X62.974 Y53.344 E.01727
G1 X64.261 Y53.344 E.04356
G1 X64.789 Y53.305 E.01791
G1 X65.324 Y53.243 E.01824
G1 X66.021 Y53.121 E.02395
M204 S10000
G1 X65.728 Y53.588 F7200
M204 S1500
;TYPE:Inner wall
;WIDTH:0.414372
G1 F1615.283
G1 X65.31 Y53.658 E.0131
G1 X64.77 Y53.718 E.01678
;WIDTH:0.414246
G1 X64.231 Y53.754 E.01668
G1 X62.949 Y53.754 E.03959
G1 X62.37 Y53.712 E.01793
;WIDTH:0.419854
G1 F1591.791
G1 X61.48 Y53.593 E.02813
; stop printing object fidget-finger-massager-2000-rods-rod-02.stl id:0 copy 0
; printing object fidget-finger-massager-2000-rods-rod-03.stl id:0 copy 0
M204 S10000
G1 E-.8 F1800
G1 X66.061 Y49.511 Z18.2 F7200
G1 Z17.8
G1 E.8 F1800
M204 S500
;TYPE:Outer wall
;WIDTH:0.449999
G1 F1473.915
G1 X66.203 Y50.32 E.0278
G1 X65.355 Y50.464 E.02912
G1 X64.798 Y50.525 E.01898
G1 X64.231 Y50.562 E.01922
G1 X62.954 Y50.562 E.04322
G1 X62.325 Y50.516 E.02136
G1 X61.748 Y50.449 E.01967
G1 X61.001 Y50.324 E.02561
G1 X61.145 Y49.511 E.02793
G1 X61.937 Y49.647 E.0272
G1 X62.466 Y49.706 E.01801
G1 X62.974 Y49.741 E.01727
G1 X64.261 Y49.741 E.04356
G1 X64.789 Y49.702 E.01791
G1 X65.324 Y49.64 E.01824
G1 X66.021 Y49.518 E.02395
M204 S10000
G1 X65.728 Y49.985 F7200
M204 S1500
;TYPE:Inner wall
;WIDTH:0.414372
G1 F1615.283
G1 X65.31 Y50.056 E.0131
G1 X64.77 Y50.115 E.01678
;WIDTH:0.414246
G1 X64.231 Y50.151 E.01668
G1 X62.949 Y50.151 E.03959
G1 X62.37 Y50.109 E.01793
;WIDTH:0.419854
G1 F1591.791
G1 X61.48 Y49.99 E.02813
; stop printing object fidget-finger-massager-2000-rods-rod-03.stl id:0 copy 0
; printing object fidget-finger-massager-2000-rods-rod-05.stl id:0 copy 0
M204 S10000
G1 E-.8 F1800
G1 X66.061 Y45.908 Z18.2 F7200
G1 Z17.8
G1 E.8 F1800
M204 S500
;TYPE:Outer wall
;WIDTH:0.449999
G1 F1473.915
G1 X66.203 Y46.717 E.0278
G1 X65.355 Y46.861 E.02912
G1 X64.798 Y46.922 E.01898
G1 X64.231 Y46.959 E.01922
G1 X62.954 Y46.959 E.04322
G1 X62.325 Y46.913 E.02136
G1 X61.748 Y46.846 E.01967
G1 X61.001 Y46.721 E.02561
G1 X61.145 Y45.908 E.02793
G1 X61.937 Y46.044 E.0272
G1 X62.466 Y46.103 E.01801
G1 X62.974 Y46.138 E.01727
G1 X64.261 Y46.138 E.04356
G1 X64.789 Y46.099 E.01791
G1 X65.324 Y46.038 E.01824
G1 X66.021 Y45.915 E.02395
M204 S10000
G1 X65.728 Y46.383 F7200
M204 S1500
;TYPE:Inner wall
;WIDTH:0.414372
G1 F1615.283
G1 X65.31 Y46.453 E.0131
G1 X64.77 Y46.512 E.01678
;WIDTH:0.414246
G1 X64.231 Y46.549 E.01668
G1 X62.949 Y46.549 E.03959
G1 X62.37 Y46.506 E.01793
;WIDTH:0.419854
G1 F1591.791
G1 X61.48 Y46.387 E.02813
; stop printing object fidget-finger-massager-2000-rods-rod-05.stl id:0 copy 0
; printing object fidget-finger-massager-2000-rods-rod-09.stl id:0 copy 0
M204 S10000
G1 E-.8 F1800
G1 X66.017 Y42.306 Z18.2 F7200
G1 Z17.8
G1 E.8 F1800
M204 S500
;TYPE:Outer wall
;WIDTH:0.449999
G1 F1473.915
G1 X66.159 Y43.115 E.0278
G1 X65.311 Y43.258 E.02912
G1 X64.754 Y43.319 E.01898
G1 X64.187 Y43.356 E.01922
G1 X62.91 Y43.356 E.04322
G1 X62.281 Y43.311 E.02136
G1 X61.704 Y43.243 E.01967
G1 X60.958 Y43.118 E.02561
G1 X61.101 Y42.306 E.02793
G1 X61.893 Y42.441 E.0272
G1 X62.422 Y42.5 E.01801
G1 X62.931 Y42.535 E.01727
G1 X64.217 Y42.535 E.04356
G1 X64.745 Y42.496 E.01791
G1 X65.28 Y42.435 E.01824
G1 X65.977 Y42.313 E.02395
M204 S10000
G1 X65.684 Y42.78 F7200
M204 S1500
;TYPE:Inner wall
;WIDTH:0.414372
G1 F1615.283
G1 X65.266 Y42.85 E.0131
G1 X64.726 Y42.91 E.01678
;WIDTH:0.414246
G1 X64.187 Y42.946 E.01668
G1 X62.905 Y42.946 E.03959
G1 X62.326 Y42.903 E.01793
;WIDTH:0.419854
G1 F1591.791
G1 X61.436 Y42.784 E.02813
; stop printing object fidget-finger-massager-2000-rods-rod-09.stl id:0 copy 0
; printing object fidget-finger-massager-2000-rods-rod-06.stl id:0 copy 0
M204 S10000
G1 E-.8 F1800
G1 X58.199 Y44.277 Z18.2 F7200
G1 Z17.8
G1 E.8 F1800
M204 S500
;TYPE:Outer wall
;WIDTH:0.449999
G1 F1473.915
G1 X58.064 Y45.069 E.0272
G1 X58.005 Y45.597 E.01801
G1 X57.97 Y46.106 E.01727
G1 X57.97 Y47.393 E.04356
G1 X58.009 Y47.921 E.01791
G1 X58.199 Y49.193 E.04352
G1 X57.391 Y49.335 E.0278
G1 X57.247 Y48.487 E.02912
G1 X57.186 Y47.929 E.01898
G1 X57.149 Y47.363 E.01922
G1 X57.149 Y46.086 E.04322
G1 X57.194 Y45.457 E.02136
G1 X57.262 Y44.88 E.01967
G1 X57.387 Y44.133 E.02561
G1 X58.16 Y44.27 E.02658
M204 S10000
G1 X57.721 Y44.612 F7200
M204 S1500
;TYPE:Inner wall
;WIDTH:0.419856
G1 F1591.782
G1 X57.602 Y45.502 E.02813
;WIDTH:0.414248
G1 F1615.822
G1 X57.559 Y46.081 E.01793
G1 X57.559 Y47.363 E.03959
G1 X57.595 Y47.902 E.01668
;WIDTH:0.41437
G1 X57.655 Y48.442 E.01678
G1 X57.725 Y48.86 E.0131
; stop printing object fidget-finger-massager-2000-rods-rod-06.stl id:0 copy 0
; printing object fidget-finger-massager-2000-rods-rod-08.stl id:0 copy 0
M204 S10000
G1 E-.8 F1800
G1 X54.597 Y44.277 Z18.2 F7200
G1 Z17.8
G1 E.8 F1800
M204 S500
;TYPE:Outer wall
;WIDTH:0.449999
G1 F1473.915
G1 X54.461 Y45.069 E.0272
G1 X54.402 Y45.597 E.01801
M73 P99 R0
G1 X54.367 Y46.106 E.01727
G1 X54.367 Y47.393 E.04356
G1 X54.406 Y47.921 E.01791
G1 X54.597 Y49.193 E.04352
G1 X53.788 Y49.335 E.0278
G1 X53.644 Y48.487 E.02912
G1 X53.583 Y47.929 E.01898
G1 X53.546 Y47.363 E.01922
G1 X53.546 Y46.086 E.04322
G1 X53.592 Y45.457 E.02136
G1 X53.659 Y44.88 E.01967
G1 X53.784 Y44.133 E.02561
G1 X54.557 Y44.27 E.02658
M204 S10000
G1 X54.118 Y44.612 F7200
M204 S1500
;TYPE:Inner wall
;WIDTH:0.419856
G1 F1591.782
G1 X53.999 Y45.502 E.02813
;WIDTH:0.414248
G1 F1615.822
G1 X53.956 Y46.081 E.01793
G1 X53.956 Y47.363 E.03959
G1 X53.993 Y47.902 E.01668
;WIDTH:0.41437
G1 X54.052 Y48.442 E.01678
G1 X54.122 Y48.86 E.0131
; stop printing object fidget-finger-massager-2000-rods-rod-08.stl id:0 copy 0
M106 S252
;LAYER_CHANGE
;Z:18
;HEIGHT:0.200001
G92 E0
;_SET_FAN_SPEED_CHANGING_LAYER
; printing object fidget-finger-massager-2000-rods-rod-07.stl id:0 copy 0
M204 S10000
G1 E-.8 F1800
G1 X54.394 Y52.695 Z18.4 F7200
G1 Z18
G1 E.8 F1800
M204 S500
;TYPE:Outer wall
;WIDTH:0.511744
G1 F1279.798
G1 X54.307 Y53.234 E.02129
G1 X54.248 Y53.768 E.02092
G1 X54.212 Y54.287 E.02028
G1 X54.212 Y55.571 E.05007
G1 X54.254 Y56.117 E.02135
;WIDTH:0.511033
G1 F1281.742
G1 X54.394 Y57.137 E.04008
G1 X53.89 Y57.226 E.01995
;WIDTH:0.511684
G1 F1279.962
G1 X53.798 Y56.655 E.02257
G1 X53.746 Y56.152 E.01968
;WIDTH:0.511839
G1 X53.701 Y55.547 E.02369
G1 X53.701 Y54.263 E.05004
G1 X53.745 Y53.658 E.02367
;WIDTH:0.510737
G1 F1282.553
G1 X53.807 Y53.117 E.02117
;WIDTH:0.511321
G1 F1280.954
G1 X53.889 Y52.606 E.02017
G1 X54.355 Y52.688 E.01843
; stop printing object fidget-finger-massager-2000-rods-rod-07.stl id:0 copy 0
; printing object fidget-finger-massager-2000-rods-rod-04.stl id:0 copy 0
M204 S10000
G1 E-.8 F1800
G1 X57.997 Y52.695 Z18.4 F7200
G1 Z18
G1 E.8 F1800
M204 S500
;WIDTH:0.511744
G1 F1279.798
G1 X57.91 Y53.234 E.02129
G1 X57.851 Y53.768 E.02092
G1 X57.815 Y54.287 E.02028
G1 X57.815 Y55.571 E.05007
G1 X57.856 Y56.117 E.02135
;WIDTH:0.511033
G1 F1281.742
G1 X57.997 Y57.137 E.04008
G1 X57.492 Y57.226 E.01995
;WIDTH:0.511684
G1 F1279.962
G1 X57.401 Y56.655 E.02257
G1 X57.349 Y56.152 E.01968
;WIDTH:0.511839
G1 X57.303 Y55.547 E.02369
G1 X57.303 Y54.263 E.05004
G1 X57.348 Y53.658 E.02367
;WIDTH:0.510737
G1 F1282.553
G1 X57.41 Y53.117 E.02117
;WIDTH:0.511321
G1 F1280.954
G1 X57.491 Y52.606 E.02017
G1 X57.958 Y52.688 E.01843
; stop printing object fidget-finger-massager-2000-rods-rod-04.stl id:0 copy 0
; printing object fidget-finger-massager-2000-rods-rod-01.stl id:0 copy 0
M204 S10000
G1 E-.8 F1800
G1 X64.679 Y56.304 Z18.4 F7200
G1 X65.824 Y56.919 Z18.4
G1 Z18
G1 E.8 F1800
M204 S500
;WIDTH:0.51132
G1 F1280.956
G1 X65.913 Y57.425 E.01999
;WIDTH:0.511744
G1 F1279.798
G1 X65.342 Y57.515 E.02255
G1 X64.787 Y57.576 E.02174
G1 X64.232 Y57.613 E.02168
G1 X62.957 Y57.613 E.04971
G1 X62.351 Y57.561 E.02372
;WIDTH:0.510623
G1 F1282.865
G1 X61.803 Y57.506 E.02139
;WIDTH:0.511032
G1 F1281.745
G1 X61.293 Y57.424 E.02015
G1 X61.382 Y56.919 E.01995
G1 X61.873 Y57.001 E.01939
;WIDTH:0.510623
G1 F1282.865
G1 X62.41 Y57.059 E.02102
;WIDTH:0.511841
G1 F1279.533
G1 X62.978 Y57.101 E.0222
G1 X64.232 Y57.101 E.0489
G1 X64.751 Y57.066 E.02029
G1 X65.285 Y57.007 E.02092
G1 X65.784 Y56.926 E.01974
; stop printing object fidget-finger-massager-2000-rods-rod-01.stl id:0 copy 0
; printing object fidget-finger-massager-2000-rods-rod-02.stl id:0 copy 0
M204 S10000
G1 E-.8 F1800
G1 X65.824 Y53.316 Z18.4 F7200
G1 Z18
G1 E.8 F1800
M204 S500
;WIDTH:0.51132
G1 F1280.956
G1 X65.913 Y53.822 E.01999
;WIDTH:0.511744
G1 F1279.798
G1 X65.342 Y53.912 E.02255
G1 X64.787 Y53.973 E.02174
G1 X64.232 Y54.01 E.02168
G1 X62.957 Y54.01 E.04971
G1 X62.351 Y53.959 E.02372
;WIDTH:0.510623
G1 F1282.865
G1 X61.803 Y53.904 E.02139
;WIDTH:0.511032
G1 F1281.745
G1 X61.293 Y53.821 E.02015
G1 X61.382 Y53.316 E.01995
G1 X61.873 Y53.398 E.01939
;WIDTH:0.510623
G1 F1282.865
G1 X62.41 Y53.456 E.02102
;WIDTH:0.511841
G1 F1279.533
G1 X62.978 Y53.498 E.0222
G1 X64.232 Y53.498 E.0489
G1 X64.751 Y53.463 E.02029
G1 X65.285 Y53.404 E.02092
G1 X65.784 Y53.323 E.01974
; stop printing object fidget-finger-massager-2000-rods-rod-02.stl id:0 copy 0
; printing object fidget-finger-massager-2000-rods-rod-03.stl id:0 copy 0
M204 S10000
G1 E-.8 F1800
G1 X65.824 Y49.714 Z18.4 F7200
G1 Z18
G1 E.8 F1800
M204 S500
;WIDTH:0.51132
G1 F1280.956
G1 X65.913 Y50.219 E.01999
;WIDTH:0.511744
G1 F1279.798
G1 X65.342 Y50.31 E.02255
G1 X64.787 Y50.37 E.02174
G1 X64.232 Y50.407 E.02168
G1 X62.957 Y50.407 E.04971
G1 X62.351 Y50.356 E.02372
;WIDTH:0.510623
G1 F1282.865
G1 X61.803 Y50.301 E.02139
;WIDTH:0.511032
G1 F1281.745
G1 X61.293 Y50.218 E.02015
G1 X61.382 Y49.714 E.01995
G1 X61.873 Y49.795 E.01939
;WIDTH:0.510623
G1 F1282.865
G1 X62.41 Y49.854 E.02102
;WIDTH:0.511841
G1 F1279.533
G1 X62.978 Y49.895 E.0222
G1 X64.232 Y49.895 E.0489
G1 X64.751 Y49.86 E.02029
G1 X65.285 Y49.801 E.02092
G1 X65.784 Y49.72 E.01974
; stop printing object fidget-finger-massager-2000-rods-rod-03.stl id:0 copy 0
; printing object fidget-finger-massager-2000-rods-rod-05.stl id:0 copy 0
M204 S10000
G1 E-.8 F1800
G1 X65.824 Y46.111 Z18.4 F7200
G1 Z18
G1 E.8 F1800
M204 S500
;WIDTH:0.51132
G1 F1280.956
G1 X65.913 Y46.616 E.01999
;WIDTH:0.511744
G1 F1279.798
G1 X65.342 Y46.707 E.02255
G1 X64.787 Y46.768 E.02174
G1 X64.232 Y46.805 E.02168
G1 X62.957 Y46.805 E.04971
G1 X62.351 Y46.753 E.02372
;WIDTH:0.510623
G1 F1282.865
G1 X61.803 Y46.698 E.02139
;WIDTH:0.511032
G1 F1281.745
G1 X61.293 Y46.615 E.02015
G1 X61.382 Y46.111 E.01995
G1 X61.873 Y46.192 E.01939
;WIDTH:0.510623
G1 F1282.865
G1 X62.41 Y46.251 E.02102
;WIDTH:0.511841
G1 F1279.533
G1 X62.978 Y46.293 E.0222
G1 X64.232 Y46.293 E.0489
G1 X64.751 Y46.257 E.02029
G1 X65.285 Y46.198 E.02092
G1 X65.784 Y46.117 E.01974
; stop printing object fidget-finger-massager-2000-rods-rod-05.stl id:0 copy 0
; printing object fidget-finger-massager-2000-rods-rod-09.stl id:0 copy 0
M204 S10000
G1 E-.8 F1800
G1 X65.78 Y42.508 Z18.4 F7200
G1 Z18
G1 E.8 F1800
M204 S500
;WIDTH:0.51132
G1 F1280.956
G1 X65.869 Y43.014 E.01999
;WIDTH:0.511744
G1 F1279.798
G1 X65.298 Y43.104 E.02255
G1 X64.743 Y43.165 E.02174
G1 X64.188 Y43.202 E.02168
G1 X62.913 Y43.202 E.04971
G1 X62.307 Y43.15 E.02372
;WIDTH:0.510623
G1 F1282.865
G1 X61.76 Y43.095 E.02139
;WIDTH:0.511032
G1 F1281.745
G1 X61.249 Y43.013 E.02015
G1 X61.338 Y42.508 E.01995
G1 X61.829 Y42.589 E.01939
;WIDTH:0.510623
G1 F1282.865
G1 X62.366 Y42.648 E.02102
;WIDTH:0.511841
G1 F1279.533
G1 X62.934 Y42.69 E.0222
G1 X64.188 Y42.69 E.0489
G1 X64.707 Y42.654 E.02029
G1 X65.241 Y42.596 E.02092
G1 X65.74 Y42.515 E.01974
; stop printing object fidget-finger-massager-2000-rods-rod-09.stl id:0 copy 0
; printing object fidget-finger-massager-2000-rods-rod-06.stl id:0 copy 0
M204 S10000
G1 E-.8 F1800
G1 X58.35 Y44.422 Z18.4 F7200
G1 X57.997 Y44.514 Z18.4
G1 Z18
G1 E.8 F1800
M204 S500
;WIDTH:0.511744
G1 F1279.798
G1 X57.91 Y45.053 E.02129
G1 X57.851 Y45.586 E.02092
G1 X57.815 Y46.105 E.02028
G1 X57.815 Y47.39 E.05007
G1 X57.856 Y47.936 E.02135
;WIDTH:0.511033
G1 F1281.742
G1 X57.997 Y48.956 E.04008
G1 X57.492 Y49.045 E.01995
;WIDTH:0.511684
G1 F1279.962
G1 X57.401 Y48.473 E.02257
G1 X57.349 Y47.971 E.01968
;WIDTH:0.511839
G1 X57.303 Y47.365 E.02369
G1 X57.303 Y46.082 E.05004
G1 X57.348 Y45.476 E.02367
;WIDTH:0.510737
G1 F1282.553
G1 X57.41 Y44.936 E.02117
;WIDTH:0.511321
G1 F1280.954
G1 X57.491 Y44.424 E.02017
G1 X57.958 Y44.507 E.01843
; stop printing object fidget-finger-massager-2000-rods-rod-06.stl id:0 copy 0
; printing object fidget-finger-massager-2000-rods-rod-08.stl id:0 copy 0
M204 S10000
G1 E-.8 F1800
G1 X54.394 Y44.514 Z18.4 F7200
G1 Z18
G1 E.8 F1800
M204 S500
;WIDTH:0.511744
G1 F1279.798
G1 X54.307 Y45.053 E.02129
G1 X54.248 Y45.586 E.02092
G1 X54.212 Y46.105 E.02028
G1 X54.212 Y47.39 E.05007
G1 X54.254 Y47.936 E.02135
;WIDTH:0.511033
G1 F1281.742
G1 X54.394 Y48.956 E.04008
G1 X53.89 Y49.045 E.01995
;WIDTH:0.511684
G1 F1279.962
G1 X53.798 Y48.473 E.02257
G1 X53.746 Y47.971 E.01968
;WIDTH:0.511839
G1 X53.701 Y47.365 E.02369
G1 X53.701 Y46.082 E.05004
G1 X53.745 Y45.476 E.02367
;WIDTH:0.510737
G1 F1282.553
G1 X53.807 Y44.936 E.02117
;WIDTH:0.511321
G1 F1280.954
G1 X53.889 Y44.424 E.02017
G1 X54.355 Y44.507 E.01843
; stop printing object fidget-finger-massager-2000-rods-rod-08.stl id:0 copy 0
G1 E-.8 F1800
M106 S0
;TYPE:Custom
M104 S0
M140 S0
M107
G28 X0 Y0
M84
M73 P100 R0
; EXECUTABLE_BLOCK_END

; filament used [mm] = 503.02
; filament used [cm3] = 1.21
; total filament used [g] = 0.00
; total filament cost = 0.00
; total layers count = 90
; estimated printing time (normal mode) = 17m 32s
; estimated first layer printing time (normal mode) = 1s

; CONFIG_BLOCK_START
; accel_to_decel_enable = 1
; accel_to_decel_factor = 50%
; activate_air_filtration = 0
; activate_chamber_temp_control = 0
; adaptive_bed_mesh_margin = 0
; adaptive_pressure_advance = 0
; adaptive_pressure_advance_bridges = 0
; adaptive_pressure_advance_model = "0,0,0\n0,0,0"
; adaptive_pressure_advance_overhangs = 0
; additional_cooling_fan_speed = 0
; align_infill_direction_to_model = 0
; alternate_extra_wall = 0
; auxiliary_fan = 0
; bbl_calib_mark_logo = 1
; bed_custom_model = 
; bed_custom_texture = 
; bed_exclude_area = 0x0
; bed_mesh_max = 99999,99999
; bed_mesh_min = -99999,-99999
; bed_mesh_probe_distance = 50,50
; bed_temperature_formula = by_highest_temp
; before_layer_change_gcode = G92 E0
; best_object_pos = 0.5,0.5
; bottom_shell_layers = 3
; bottom_shell_thickness = 0
; bottom_solid_infill_flow_ratio = 1
; bottom_surface_density = 100%
; bottom_surface_pattern = monotonic
; bridge_acceleration = 50%
; bridge_angle = 0
; bridge_density = 100%
; bridge_flow = 1
; bridge_no_support = 0
; bridge_speed = 25
; brim_ears_detection_length = 1
; brim_ears_max_angle = 125
; brim_object_gap = 0
; brim_type = auto_brim
; brim_use_efc_outline = 0
; brim_width = 0
; calib_flowrate_topinfill_special_order = 0
; chamber_temperature = 0
; change_extrusion_role_gcode = 
; change_filament_gcode = 
; close_fan_the_first_x_layers = 1
; complete_print_exhaust_fan_speed = 80
; cool_plate_temp = 35
; cool_plate_temp_initial_layer = 35
; cooling_tube_length = 5
; cooling_tube_retraction = 91.5
; counterbore_hole_bridging = none
; curr_bed_type = Cool Plate
; default_acceleration = 500
; default_filament_colour = ""
; default_jerk = 0
; default_junction_deviation = 0
; deretraction_speed = 0
; detect_narrow_internal_solid_infill = 1
; detect_overhang_wall = 1
; detect_thin_wall = 0
; different_settings_to_system = ;
; disable_m73 = 0
; dont_filter_internal_bridges = disabled
; dont_slow_down_outer_wall = 0
; draft_shield = disabled
; during_print_exhaust_fan_speed = 60
; elefant_foot_compensation = 0
; elefant_foot_compensation_layers = 1
; emit_machine_limits_to_gcode = 1
; enable_arc_fitting = 0
; enable_extra_bridge_layer = disabled
; enable_filament_ramming = 1
; enable_long_retraction_when_cut = 0
; enable_overhang_bridge_fan = 1
; enable_overhang_speed = 1
; enable_power_loss_recovery = printer_configuration
; enable_pressure_advance = 0
; enable_prime_tower = 0
; enable_support = 0
; enable_tower_interface_cooldown_during_tower = 0
; enable_tower_interface_features = 0
; enable_wrapping_detection = 0
; enforce_support_layers = 0
; eng_plate_temp = 45
; eng_plate_temp_initial_layer = 45
; ensure_vertical_shell_thickness = ensure_all
; exclude_object = 0
; extra_loading_move = -2
; extra_perimeters_on_overhangs = 0
; extra_solid_infills = 
; extruder_ams_count = 
; extruder_clearance_height_to_lid = 120
; extruder_clearance_height_to_rod = 40
; extruder_clearance_radius = 40
; extruder_colour = #F2754E
; extruder_offset = 0x0
; extruder_printable_area = 
; extruder_printable_height = 0
; extruder_type = Direct Drive
; extrusion_rate_smoothing_external_perimeter_only = 0
; fan_cooling_layer_time = 60
; fan_kickstart = 0
; fan_max_speed = 100
; fan_min_speed = 20
; fan_speedup_overhangs = 1
; fan_speedup_time = 0
; filament_adaptive_volumetric_speed = 0
; filament_adhesiveness_category = 0
; filament_change_length = 10
; filament_colour = #F2754E
; filament_cooling_final_speed = 3.4
; filament_cooling_initial_speed = 2.2
; filament_cooling_moves = 4
; filament_cost = 0
; filament_density = 0
; filament_diameter = 1.75
; filament_end_gcode = " "
; filament_extruder_variant = "Direct Drive Standard"
; filament_flow_ratio = 1
; filament_flush_temp = 0
; filament_flush_volumetric_speed = 0
; filament_ids = 
; filament_is_support = 0
; filament_loading_speed = 28
; filament_loading_speed_start = 3
; filament_map = 1
; filament_map_mode = Auto For Flush
; filament_max_volumetric_speed = 2
; filament_minimal_purge_on_wipe_tower = 15
; filament_multitool_ramming = 0
; filament_multitool_ramming_flow = 10
; filament_multitool_ramming_volume = 10
; filament_notes = ""
; filament_printable = 3
; filament_ramming_parameters = "120 100 6.6 6.8 7.2 7.6 7.9 8.2 8.7 9.4 9.9 10.0| 0.05 6.6 0.45 6.8 0.95 7.8 1.45 8.3 1.95 9.7 2.45 10 2.95 7.6 3.45 7.6 3.95 7.6 4.45 7.6 4.95 7.6"
; filament_settings_id = ""
; filament_shrink = 100%
; filament_shrinkage_compensation_z = 100%
; filament_soluble = 0
; filament_stamping_distance = 0
; filament_stamping_loading_speed = 0
; filament_start_gcode = " "
; filament_toolchange_delay = 0
; filament_tower_interface_pre_extrusion_dist = 10
; filament_tower_interface_pre_extrusion_length = 0
; filament_tower_interface_print_temp = -1
; filament_tower_interface_purge_volume = 20
; filament_tower_ironing_area = 4
; filament_type = PLA
; filament_unloading_speed = 90
; filament_unloading_speed_start = 100
; filament_vendor = (Undefined)
; file_start_gcode = 
; filename_format = {input_filename_base}_{filament_type[initial_tool]}_{print_time}.gcode
; fill_multiline = 1
; filter_out_gap_fill = 0
; first_layer_flow_ratio = 1
; first_layer_print_sequence = 0
; flush_into_infill = 0
; flush_into_objects = 0
; flush_into_support = 1
; flush_multiplier = 0.3
; flush_volumes_matrix = 0,280,280,280,280,0,280,280,280,280,0,280,280,280,280,0
; flush_volumes_vector = 140,140,140,140,140,140,140,140
; full_fan_speed_layer = 0
; fuzzy_skin = disabled_fuzzy
; fuzzy_skin_first_layer = 0
; fuzzy_skin_mode = displacement
; fuzzy_skin_noise_type = classic
; fuzzy_skin_octaves = 4
; fuzzy_skin_persistence = 0.5
; fuzzy_skin_point_distance = 0.3
; fuzzy_skin_scale = 1
; fuzzy_skin_thickness = 0.2
; gap_fill_flow_ratio = 1
; gap_fill_target = nowhere
; gap_infill_speed = 30
; gcode_add_line_number = 0
; gcode_comments = 0
; gcode_flavor = marlin
; gcode_label_objects = 1
; grab_length = 0
; has_scarf_joint_seam = 0
; head_wrap_detect_zone = 
; high_current_on_filament_swap = 0
; hole_to_polyhole = 0
; hole_to_polyhole_threshold = 0.01
; hole_to_polyhole_twisted = 1
; hot_plate_temp = 45
; hot_plate_temp_initial_layer = 45
; idle_temperature = 0
; independent_support_layer_height = 1
; infill_anchor = 400%
; infill_anchor_max = 20
; infill_combination = 0
; infill_combination_max_layer_height = 100%
; infill_direction = 45
; infill_jerk = 9
; infill_lock_depth = 1
; infill_overhang_angle = 60
; infill_shift_step = 0.4
; infill_wall_overlap = 15%
; inherits_group = ;
; initial_layer_acceleration = 300
; initial_layer_infill_speed = 60
; initial_layer_jerk = 9
; initial_layer_line_width = 0
; initial_layer_min_bead_width = 85%
; initial_layer_print_height = 0.2
; initial_layer_speed = 30
; initial_layer_travel_speed = 100%
; inner_wall_acceleration = 10000
; inner_wall_flow_ratio = 1
; inner_wall_jerk = 9
; inner_wall_line_width = 0
; inner_wall_speed = 60
; interface_shells = 0
; interlocking_beam = 0
; interlocking_beam_layer_count = 2
; interlocking_beam_width = 0.8
; interlocking_boundary_avoidance = 2
; interlocking_depth = 2
; interlocking_orientation = 22.5
; internal_bridge_angle = 0
; internal_bridge_density = 100%
; internal_bridge_fan_speed = -1
; internal_bridge_flow = 1
; internal_bridge_speed = 150%
; internal_solid_infill_acceleration = 100%
; internal_solid_infill_flow_ratio = 1
; internal_solid_infill_line_width = 0
; internal_solid_infill_pattern = monotonic
; internal_solid_infill_speed = 100
; ironing_angle = 0
; ironing_angle_fixed = 0
; ironing_fan_speed = -1
; ironing_flow = 10%
; ironing_inset = 0
; ironing_pattern = rectilinear
; ironing_spacing = 0.1
; ironing_speed = 20
; ironing_type = no ironing
; is_infill_first = 0
; lateral_lattice_angle_1 = -45
; lateral_lattice_angle_2 = 45
; layer_change_gcode = 
; layer_height = 0.2
; line_width = 0
; long_retractions_when_cut = 0
; long_retractions_when_ec = 0
; machine_end_gcode = M104 S0\nM140 S0\nM107\nG28 X0 Y0\nM84
; machine_load_filament_time = 0
; machine_max_acceleration_e = 5000,5000
; machine_max_acceleration_extruding = 1500,1250
; machine_max_acceleration_retracting = 1500,1250
; machine_max_acceleration_travel = 0,0
; machine_max_acceleration_x = 1000,1000
; machine_max_acceleration_y = 1000,1000
; machine_max_acceleration_z = 500,200
; machine_max_jerk_e = 2.5,2.5
; machine_max_jerk_x = 10,10
; machine_max_jerk_y = 10,10
; machine_max_jerk_z = 0.2,0.4
; machine_max_junction_deviation = 0.01
; machine_max_speed_e = 120,120
; machine_max_speed_x = 500,200
; machine_max_speed_y = 500,200
; machine_max_speed_z = 12,12
; machine_min_extruding_rate = 0,0
; machine_min_travel_rate = 0,0
; machine_pause_gcode = 
; machine_start_gcode = G90\nM82\nM104 S[first_layer_temperature]\nM140 S[first_layer_bed_temperature]\nG28\nG92 E0\nM190 S[first_layer_bed_temperature]\nM109 S[first_layer_temperature]\nG92 E0
; machine_tool_change_time = 0
; machine_unload_filament_time = 0
; make_overhang_printable = 0
; make_overhang_printable_angle = 55
; make_overhang_printable_hole_size = 0
; manual_filament_change = 0
; master_extruder_id = 1
; max_bridge_length = 10
; max_layer_height = 0
; max_resonance_avoidance_speed = 120
; max_travel_detour_distance = 0
; max_volumetric_extrusion_rate_slope = 0
; max_volumetric_extrusion_rate_slope_segment_length = 3
; min_bead_width = 85%
; min_feature_size = 25%
; min_layer_height = 0.07
; min_length_factor = 0.5
; min_resonance_avoidance_speed = 70
; min_skirt_length = 0
; min_width_top_surface = 300%
; minimum_sparse_infill_area = 15
; mmu_segmented_region_interlocking_depth = 0
; mmu_segmented_region_max_width = 0
; notes = 
; nozzle_diameter = 0.4
; nozzle_flush_dataset = 0
; nozzle_height = 2.5
; nozzle_hrc = 0
; nozzle_temperature = 200
; nozzle_temperature_initial_layer = 200
; nozzle_temperature_range_high = 240
; nozzle_temperature_range_low = 190
; nozzle_type = undefine
; nozzle_volume = 0
; nozzle_volume_type = Standard
; only_one_wall_first_layer = 0
; only_one_wall_top = 0
; ooze_prevention = 0
; other_layers_print_sequence = 0
; other_layers_print_sequence_nums = 0
; outer_wall_acceleration = 500
; outer_wall_flow_ratio = 1
; outer_wall_jerk = 9
; outer_wall_line_width = 0
; outer_wall_speed = 60
; overhang_1_4_speed = 0
; overhang_2_4_speed = 0
; overhang_3_4_speed = 0
; overhang_4_4_speed = 0
; overhang_fan_speed = 100
; overhang_fan_threshold = 95%
; overhang_flow_ratio = 1
; overhang_reverse = 0
; overhang_reverse_internal_only = 0
; overhang_reverse_threshold = 50%
; parking_pos_retraction = 92
; physical_extruder_map = 0
; post_process = 
; precise_outer_wall = 1
; precise_z_height = 0
; preferred_orientation = 0
; preheat_steps = 1
; preheat_time = 30
; pressure_advance = 0.02
; prime_tower_brim_width = 3
; prime_tower_enable_framework = 0
; prime_tower_flat_ironing = 0
; prime_tower_infill_gap = 150%
; prime_tower_skip_points = 1
; prime_tower_width = 60
; prime_volume = 45
; print_compatible_printers = "WEEFUN Tina 2 0.4 nozzle"
; print_extruder_id = 1
; print_extruder_variant = "Direct Drive Standard"
; print_flow_ratio = 1
; print_order = default
; print_sequence = by layer
; print_settings_id = 0.20mm Tina 2 @MyMarlin
; printable_area = 0x0,120x0,120x100,0x100
; printable_height = 100
; printer_extruder_id = 1
; printer_extruder_variant = "Direct Drive Standard"
; printer_model = WEEFUN Tina 2
; printer_notes = 
; printer_settings_id = WEEFUN Tina 2 0.4 nozzle
; printer_structure = undefine
; printer_technology = FFF
; printing_by_object_gcode = 
; purge_in_prime_tower = 1
; raft_contact_distance = 0.1
; raft_expansion = 1.5
; raft_first_layer_density = 90%
; raft_first_layer_expansion = 2
; raft_layers = 0
; reduce_crossing_wall = 0
; reduce_fan_stop_start_freq = 0
; reduce_infill_retraction = 0
; required_nozzle_HRC = 0
; resolution = 0.01
; resonance_avoidance = 0
; retract_before_wipe = 100%
; retract_length_toolchange = 10
; retract_lift_above = 0
; retract_lift_below = 0
; retract_lift_enforce = All Surfaces
; retract_restart_extra = 0
; retract_restart_extra_toolchange = 0
; retract_when_changing_layer = 0
; retraction_distances_when_cut = 18
; retraction_distances_when_ec = 10
; retraction_length = 0.8
; retraction_minimum_travel = 2
; retraction_speed = 30
; role_based_wipe_speed = 1
; scan_first_layer = 0
; scarf_angle_threshold = 155
; scarf_joint_flow_ratio = 1
; scarf_joint_speed = 100%
; scarf_overhang_threshold = 40%
; seam_gap = 10%
; seam_position = aligned
; seam_slope_conditional = 0
; seam_slope_entire_loop = 0
; seam_slope_inner_walls = 0
; seam_slope_min_length = 20
; seam_slope_start_height = 0
; seam_slope_steps = 10
; seam_slope_type = none
; set_other_flow_ratios = 0
; silent_mode = 0
; single_extruder_multi_material = 1
; single_extruder_multi_material_priming = 0
; single_loop_draft_shield = 0
; skeleton_infill_density = 25%
; skeleton_infill_line_width = 100%
; skin_infill_density = 25%
; skin_infill_depth = 2
; skin_infill_line_width = 100%
; skirt_distance = 2
; skirt_height = 1
; skirt_loops = 1
; skirt_speed = 50
; skirt_start_angle = -135
; skirt_type = combined
; slice_closing_radius = 0.049
; slicing_mode = regular
; slow_down_for_layer_cooling = 1
; slow_down_layer_time = 5
; slow_down_layers = 0
; slow_down_min_speed = 10
; slowdown_for_curled_perimeters = 1
; small_area_infill_flow_compensation = 0
; small_area_infill_flow_compensation_model = 0,0;"\n0.2,0.4444";"\n0.4,0.6145";"\n0.6,0.7059";"\n0.8,0.7619";"\n1.5,0.8571";"\n2,0.8889";"\n3,0.9231";"\n5,0.9520";"\n10,1"
; small_perimeter_speed = 50%
; small_perimeter_threshold = 0
; solid_infill_direction = 45
; solid_infill_filament = 1
; solid_infill_rotate_template = 
; sparse_infill_acceleration = 100%
; sparse_infill_density = 20%
; sparse_infill_filament = 1
; sparse_infill_flow_ratio = 1
; sparse_infill_line_width = 0
; sparse_infill_pattern = crosshatch
; sparse_infill_rotate_template = 
; sparse_infill_speed = 100
; spiral_finishing_flow_ratio = 0
; spiral_mode = 0
; spiral_mode_max_xy_smoothing = 200%
; spiral_mode_smooth = 0
; spiral_starting_flow_ratio = 0
; staggered_inner_seams = 0
; standby_temperature_delta = -5
; start_end_points = 30x-3,54x245
; supertack_plate_temp = 35
; supertack_plate_temp_initial_layer = 35
; support_air_filtration = 1
; support_angle = 0
; support_base_pattern = default
; support_base_pattern_spacing = 2.5
; support_bottom_interface_spacing = 0.5
; support_bottom_z_distance = 0.2
; support_chamber_temp_control = 1
; support_critical_regions_only = 0
; support_expansion = 0
; support_filament = 0
; support_flow_ratio = 1
; support_interface_bottom_layers = 0
; support_interface_filament = 0
; support_interface_flow_ratio = 1
; support_interface_loop_pattern = 0
; support_interface_not_for_body = 1
; support_interface_pattern = auto
; support_interface_spacing = 0.5
; support_interface_speed = 80
; support_interface_top_layers = 3
; support_ironing = 0
; support_ironing_flow = 10%
; support_ironing_pattern = rectilinear
; support_ironing_spacing = 0.1
; support_line_width = 0
; support_material_interface_fan_speed = -1
; support_multi_bed_types = 0
; support_object_first_layer_gap = 0.2
; support_object_skip_flush = 0
; support_object_xy_distance = 0.35
; support_on_build_plate_only = 0
; support_remove_small_overhang = 1
; support_speed = 80
; support_style = default
; support_threshold_angle = 30
; support_threshold_overlap = 50%
; support_top_z_distance = 0.2
; support_type = normal(auto)
; symmetric_infill_y_axis = 0
; temperature_vitrification = 100
; template_custom_gcode = 
; textured_cool_plate_temp = 40
; textured_cool_plate_temp_initial_layer = 40
; textured_plate_temp = 45
; textured_plate_temp_initial_layer = 45
; thick_bridges = 0
; thick_internal_bridges = 1
; thumbnails = 48x48/PNG,300x300/PNG
; time_cost = 0
; time_lapse_gcode = 
; timelapse_type = 0
; top_bottom_infill_wall_overlap = 25%
; top_shell_layers = 4
; top_shell_thickness = 0.6
; top_solid_infill_flow_ratio = 1
; top_surface_acceleration = 500
; top_surface_density = 100%
; top_surface_jerk = 9
; top_surface_line_width = 0
; top_surface_pattern = monotonicline
; top_surface_speed = 100
; travel_acceleration = 10000
; travel_jerk = 12
; travel_slope = 3
; travel_speed = 120
; travel_speed_z = 0
; tree_support_angle_slow = 25
; tree_support_auto_brim = 1
; tree_support_branch_angle = 40
; tree_support_branch_angle_organic = 40
; tree_support_branch_diameter = 5
; tree_support_branch_diameter_angle = 5
; tree_support_branch_diameter_organic = 2
; tree_support_branch_distance = 5
; tree_support_branch_distance_organic = 1
; tree_support_brim_width = 3
; tree_support_tip_diameter = 0.8
; tree_support_top_rate = 30%
; tree_support_wall_count = 0
; use_firmware_retraction = 0
; use_relative_e_distances = 1
; volumetric_speed_coefficients = ""
; wall_direction = auto
; wall_distribution_count = 1
; wall_filament = 1
; wall_generator = arachne
; wall_loops = 2
; wall_sequence = inner wall/outer wall
; wall_transition_angle = 10
; wall_transition_filter_deviation = 25%
; wall_transition_length = 100%
; wipe = 0
; wipe_before_external_loop = 0
; wipe_distance = 1
; wipe_on_loops = 0
; wipe_speed = 80%
; wipe_tower_bridging = 10
; wipe_tower_cone_angle = 30
; wipe_tower_extra_flow = 100%
; wipe_tower_extra_rib_length = 0
; wipe_tower_extra_spacing = 100%
; wipe_tower_filament = 0
; wipe_tower_fillet_wall = 1
; wipe_tower_max_purge_speed = 90
; wipe_tower_no_sparse_layers = 0
; wipe_tower_rib_width = 8
; wipe_tower_rotation_angle = 0
; wipe_tower_type = type2
; wipe_tower_wall_type = rectangle
; wipe_tower_x = 15.000
; wipe_tower_x = 15
; wipe_tower_y = 220.000
; wipe_tower_y = 220
; wiping_volumes_extruders = 70,70,70,70,70,70,70,70,70,70
; wrapping_detection_gcode = 
; wrapping_detection_layers = 20
; wrapping_exclude_area = 
; xy_contour_compensation = 0
; xy_hole_compensation = 0
; z_hop = 0.4
; z_hop_types = Slope Lift
; z_offset = 0
; first_layer_bed_temperature = 35
; bed_shape = 0x0,120x0,120x100,0x100
; first_layer_temperature = 200
; first_layer_height = 0.200
; CONFIG_BLOCK_END


