; HEADER_BLOCK_START
; generated by OrcaSlicer 2.3.2 on 2026-05-31 at 21:48:05
; total layer number: 166
; filament_density: 0
; filament_diameter: 1.75
; max_z_height: 33.20
; filament: 1
; HEADER_BLOCK_END

; external perimeters extrusion width = 0.45mm
; perimeters extrusion width = 0.45mm
; infill extrusion width = 0.45mm
; solid infill extrusion width = 0.45mm
; top infill extrusion width = 0.40mm

; EXECUTABLE_BLOCK_START
M73 P0 R20
M201 X1000 Y1000 Z500 E5000
M203 X500 Y500 Z12 E120
M204 P1500 R1500 T1500
M205 X10.00 Y10.00 Z0.20 E2.50 ; sets the jerk limits, mm/sec
;TYPE:Custom
G90
M82
M104 S200
M140 S35
G28
G92 E0
M190 S35
M109 S200
G92 E0
G90
G21
M83 ; use relative distances for extrusion
M106 S0
;LAYER_CHANGE
;Z:0.2
;HEIGHT:0.2
G92 E0
;_SET_FAN_SPEED_CHANGING_LAYER
M204 S300
G1 E-.8 F1800
G1 X53.796 Y44.975 F7200
G1 Z.6
G1 Z.2
G1 E.8 F1800
;TYPE:Skirt
;WIDTH:0.45
G1 F1473.913
G1 X54.495 Y44.323 E.03233
G1 X55.291 Y43.806 E.03216
G1 X56.723 Y43.229 E.05225
G1 X57.653 Y43.012 E.03233
G1 X59.175 Y43.009 E.05151
G1 X60.105 Y43.223 E.03233
G1 X61.319 Y43.789 E.04531
G1 X62.483 Y44.768 E.05151
G1 X63.056 Y45.532 E.03233
G1 X63.548 Y46.526 E.03751
G1 X64.757 Y49.82 E.11877
G1 X65.031 Y50.936 E.03891
G1 X65.082 Y51.889 E.03233
G1 X64.965 Y52.837 E.03233
G1 X64.684 Y53.75 E.03233
G1 X64.249 Y54.6 E.03233
G1 X63.268 Y55.763 E.05151
G1 X62.177 Y56.523 E.04501
G1 X60.952 Y57.03 E.04485
G1 X59.838 Y57.305 E.03884
G1 X58.885 Y57.357 E.03233
G1 X57.386 Y57.094 E.05151
G1 X56.507 Y56.722 E.03233
G1 X55.411 Y55.953 E.04531
G1 X54.761 Y55.253 E.03233
G1 X54.018 Y53.97 E.05019
G1 X52.732 Y50.519 E.12467
G1 X52.454 Y49.405 E.03884
G1 X52.4 Y48.452 E.03233
G1 X52.513 Y47.504 E.03233
G1 X53.03 Y46.073 E.05151
G1 X53.773 Y45.008 E.04396
; printing object fidget-finger-massager-2000-roller_round.stl id:15 copy 0
G1 E-.8 F1800
G1 X55.512 Y46.663 Z.6 F7200
G1 Z.2
G1 E.8 F1800
;TYPE:Brim
G1 F1473.913
G1 X55.89 Y46.285 E.01809
G1 X56.328 Y45.979 E.0181
G1 X56.807 Y45.754 E.0179
G1 X57.362 Y45.55 E.02001
G1 X57.886 Y45.408 E.01839
G1 X58.418 Y45.36 E.01809
G1 X58.951 Y45.406 E.01809
G1 X59.467 Y45.544 E.01809
G1 X59.951 Y45.77 E.01809
G1 X60.389 Y46.077 E.01809
G1 X60.766 Y46.455 E.01809
G1 X61.072 Y46.894 E.0181
G1 X61.291 Y47.363 E.01753
G1 X62.494 Y50.64 E.11817
G1 X62.635 Y51.165 E.01839
G1 X62.682 Y51.697 E.01809
G1 X62.635 Y52.23 E.01809
G1 X62.497 Y52.746 E.01809
G1 X62.27 Y53.23 E.01809
G1 X61.963 Y53.667 E.01809
G1 X61.584 Y54.043 E.01809
G1 X61.144 Y54.348 E.0181
G1 X60.676 Y54.567 E.01751
G1 X60.13 Y54.767 E.01968
G1 X59.606 Y54.91 E.01839
G1 X59.073 Y54.957 E.01809
G1 X58.541 Y54.912 E.01809
G1 X58.025 Y54.774 E.01809
G1 X57.54 Y54.548 E.01809
G1 X57.103 Y54.241 E.01809
G1 X56.726 Y53.862 E.01809
G1 X56.42 Y53.424 E.0181
G1 X56.202 Y52.957 E.01743
G1 X54.992 Y49.691 E.11788
G1 X54.849 Y49.167 E.01839
G1 X54.8 Y48.635 E.01809
G1 X54.845 Y48.103 E.01809
G1 X54.981 Y47.586 E.01809
G1 X55.206 Y47.101 E.01809
G1 X55.489 Y46.696 E.01673
G1 X55.819 Y46.934 F7200
G1 F1473.913
G1 X56.161 Y46.592 E.01638
G1 X56.542 Y46.328 E.01568
G1 X56.968 Y46.129 E.01594
G1 X57.491 Y45.937 E.01883
G1 X57.969 Y45.809 E.01675
G1 X58.408 Y45.77 E.01494
G1 X58.869 Y45.808 E.01566
G1 X59.317 Y45.925 E.01566
G1 X59.755 Y46.13 E.01638
G1 X60.117 Y46.383 E.01494
G1 X60.445 Y46.71 E.01566
G1 X60.712 Y47.089 E.01571
G1 X60.917 Y47.525 E.01628
G1 X62.104 Y50.759 E.11661
G1 X62.23 Y51.226 E.01639
G1 X62.272 Y51.687 E.01566
G1 X62.234 Y52.148 E.01566
G1 X62.108 Y52.615 E.01638
G1 X61.911 Y53.033 E.01566
G1 X61.657 Y53.394 E.01494
G1 X61.33 Y53.722 E.01566
G1 X60.931 Y53.998 E.01642
G1 X60.514 Y54.192 E.01557
G1 X60.011 Y54.377 E.01815
G1 X59.544 Y54.505 E.01639
G1 X59.083 Y54.548 E.01566
G1 X58.601 Y54.506 E.01638
G1 X58.175 Y54.392 E.01494
G1 X57.755 Y54.198 E.01566
G1 X57.358 Y53.921 E.01638
G1 X57.033 Y53.592 E.01566
G1 X56.78 Y53.228 E.015
G1 X56.576 Y52.795 E.0162
G1 X55.382 Y49.572 E.11635
G1 X55.254 Y49.105 E.01639
G1 X55.21 Y48.644 E.01566
G1 X55.25 Y48.162 E.01638
G1 X55.37 Y47.715 E.01566
G1 X55.567 Y47.296 E.01566
G1 X55.796 Y46.967 E.01359
G1 X56.126 Y47.206 F7200
G1 F1473.913
G1 X56.432 Y46.899 E.01465
G1 X56.755 Y46.678 E.01324
G1 X57.13 Y46.503 E.014
G1 X57.619 Y46.324 E.01762
G1 X58.05 Y46.211 E.01511
G1 X58.42 Y46.179 E.01257
G1 X58.79 Y46.21 E.01255
G1 X59.188 Y46.314 E.01393
G1 X59.56 Y46.49 E.01392
G1 X59.862 Y46.704 E.01253
G1 X60.125 Y46.965 E.01255
G1 X60.363 Y47.304 E.01402
G1 X60.542 Y47.687 E.01431
G1 X61.713 Y50.877 E.11504
G1 X61.825 Y51.288 E.01442
G1 X61.863 Y51.678 E.01325
G1 X61.829 Y52.088 E.01393
G1 X61.72 Y52.484 E.0139
G1 X61.562 Y52.818 E.01251
G1 X61.35 Y53.123 E.01257
G1 X61.075 Y53.401 E.01322
G1 X60.737 Y53.638 E.014
G1 X60.353 Y53.818 E.01433
G1 X59.892 Y53.987 E.01663
G1 X59.481 Y54.1 E.01443
G1 X59.093 Y54.138 E.01321
G1 X58.661 Y54.101 E.01466
G1 X58.304 Y54.004 E.01253
G1 X57.968 Y53.849 E.01251
G1 X57.614 Y53.601 E.01463
G1 X57.355 Y53.338 E.01251
G1 X57.139 Y53.032 E.01265
G1 X56.95 Y52.633 E.01497
G1 X55.772 Y49.452 E.1148
G1 X55.659 Y49.041 E.01443
G1 X55.619 Y48.653 E.01321
G1 X55.652 Y48.243 E.0139
G1 X55.759 Y47.846 E.01393
G1 X55.916 Y47.51 E.01255
G1 X56.104 Y47.238 E.01118
G1 X56.434 Y47.476 F7200
G1 F1473.913
G1 X56.703 Y47.207 E.01288
G1 X56.967 Y47.028 E.01079
G1 X57.291 Y46.878 E.01209
G1 X57.746 Y46.712 E.01641
G1 X58.13 Y46.613 E.01343
G1 X58.411 Y46.589 E.00952
G1 X58.71 Y46.612 E.01016
G1 X59.037 Y46.696 E.01143
G1 X59.362 Y46.849 E.01217
G1 X59.606 Y47.024 E.01015
G1 X59.805 Y47.221 E.00948
G1 X60.014 Y47.519 E.01232
G1 X60.168 Y47.849 E.01233
G1 X61.323 Y50.996 E.11348
G1 X61.421 Y51.352 E.01248
G1 X61.453 Y51.67 E.01081
G1 X61.427 Y52.005 E.01141
G1 X61.332 Y52.352 E.01215
G1 X61.203 Y52.622 E.01014
G1 X61.042 Y52.853 E.00953
G1 X60.819 Y53.081 E.01078
G1 X60.522 Y53.289 E.01228
G1 X60.191 Y53.444 E.01236
G1 X59.773 Y53.597 E.01509
G1 X59.417 Y53.695 E.0125
G1 X59.101 Y53.728 E.01074
G1 X58.722 Y53.696 E.01288
G1 X58.454 Y53.622 E.00942
G1 X58.182 Y53.499 E.01009
G1 X57.87 Y53.28 E.01289
G1 X57.662 Y53.067 E.01009
G1 X57.498 Y52.834 E.00964
G1 X57.323 Y52.469 E.01371
G1 X56.161 Y49.332 E.11324
G1 X56.063 Y48.976 E.0125
G1 X56.029 Y48.659 E.01078
G1 X56.058 Y48.302 E.01213
G1 X56.147 Y47.976 E.01143
G1 X56.266 Y47.723 E.00948
G1 X56.412 Y47.509 E.00875
G1 X56.756 Y47.745 F7200
G1 F1473.913
G1 X56.767 Y47.729 E.00066
G1 X56.991 Y47.513 E.01055
G1 X57.311 Y47.313 E.01277
G1 X57.904 Y47.086 E.02148
G1 X58.289 Y47.01 E.01329
G1 X58.675 Y47.024 E.01308
G1 X58.916 Y47.087 E.00844
G1 X59.066 Y47.153 E.00553
G1 X59.245 Y47.267 E.0072
G1 X59.445 Y47.447 E.00913
G1 X59.669 Y47.75 E.01273
G1 X59.723 Y47.852 E.00392
G1 X60.984 Y51.286 E.12383
G1 X61.033 Y51.637 E.012
G1 X61.03 Y51.869 E.00784
G1 X60.955 Y52.19 E.01116
G1 X60.833 Y52.435 E.00927
G1 X60.651 Y52.664 E.00989
G1 X60.488 Y52.812 E.00746
G1 X60.285 Y52.95 E.00832
G1 X59.588 Y53.231 E.02543
G1 X59.03 Y53.313 E.01909
G1 X58.672 Y53.262 E.01225
G1 X58.34 Y53.116 E.01228
G1 X58.195 Y53.01 E.00608
G1 X57.98 Y52.794 E.01034
G1 X57.768 Y52.464 E.01325
G1 X56.5 Y49.039 E.12364
G1 X56.449 Y48.69 E.01194
G1 X56.463 Y48.376 E.01063
G1 X56.526 Y48.134 E.00847
G1 X56.589 Y47.988 E.00539
G1 X56.733 Y47.778 E.0086
G1 X57.057 Y48.02 F7200
G1 F1473.913
G1 X57.097 Y47.967 E.00226
G1 X57.272 Y47.807 E.00803
G1 X57.524 Y47.659 E.00988
G1 X58.052 Y47.465 E.01906
G1 X58.372 Y47.408 E.01098
G1 X58.578 Y47.419 E.007
G1 X58.743 Y47.456 E.00572
G1 X58.91 Y47.529 E.00618
G1 X59.016 Y47.603 E.00436
G1 X59.175 Y47.752 E.00737
G1 X59.338 Y47.987 E.0097
G1 X60.579 Y51.331 E.12072
G1 X60.632 Y51.704 E.01277
G1 X60.623 Y51.853 E.00506
G1 X60.587 Y52.018 E.00573
G1 X60.514 Y52.183 E.0061
G1 X60.384 Y52.356 E.0073
G1 X60.208 Y52.516 E.00808
G1 X60.058 Y52.612 E.00603
G1 X59.435 Y52.854 E.0226
G1 X59.063 Y52.907 E.01274
G1 X58.913 Y52.898 E.00506
G1 X58.748 Y52.862 E.00573
G1 X58.581 Y52.789 E.00617
G1 X58.476 Y52.715 E.00434
G1 X58.318 Y52.567 E.00734
G1 X58.154 Y52.333 E.00967
G1 X56.904 Y48.993 E.12071
G1 X56.85 Y48.62 E.01277
G1 X56.859 Y48.471 E.00506
G1 X56.895 Y48.305 E.00573
G1 X56.967 Y48.14 E.00611
G1 X57.033 Y48.052 E.00371
G1 X57.363 Y48.283 F7200
G1 F1473.913
G1 X57.381 Y48.258 E.00102
G1 X57.484 Y48.154 E.00498
G1 X57.654 Y48.045 E.00682
G1 X58.203 Y47.843 E.0198
G1 X58.364 Y47.815 E.00555
G1 X58.481 Y47.814 E.00394
G1 X58.667 Y47.856 E.00647
G1 X58.79 Y47.941 E.00506
G1 X58.893 Y48.045 E.00497
G1 X59.002 Y48.215 E.0068
G1 X60.199 Y51.478 E.11766
G1 X60.228 Y51.755 E.00945
G1 X60.186 Y51.942 E.00647
G1 X60.101 Y52.064 E.00504
G1 X59.997 Y52.168 E.00497
G1 X59.828 Y52.276 E.00679
G1 X59.289 Y52.474 E.01946
G1 X59.011 Y52.503 E.00945
G1 X58.824 Y52.462 E.00647
G1 X58.702 Y52.377 E.00503
G1 X58.599 Y52.273 E.00496
G1 X58.49 Y52.105 E.00678
G1 X57.283 Y48.845 E.11766
G1 X57.254 Y48.567 E.00945
G1 X57.295 Y48.381 E.00647
G1 X57.34 Y48.315 E.00269
G1 X57.661 Y48.553 F7200
G1 F1473.913
G1 X57.782 Y48.432 E.0058
G1 X58.354 Y48.222 E.02061
G1 X58.494 Y48.222 E.00475
G1 X58.615 Y48.342 E.00579
G1 X59.821 Y51.628 E.11847
G1 X59.821 Y51.769 E.00475
G1 X59.7 Y51.889 E.00578
G1 X59.138 Y52.096 E.02027
G1 X58.997 Y52.096 E.00475
G1 X58.877 Y51.976 E.00577
G1 X57.661 Y48.693 E.11847
G1 X57.661 Y48.593 E.0034
G1 X58.243 Y48.803 F7200
;TYPE:Outer wall
;WIDTH:0.565186
G1 F1148.84
G1 X59.245 Y51.52 E.12577
; stop printing object fidget-finger-massager-2000-roller_round.stl id:15 copy 0
M106 S255
;LAYER_CHANGE
;Z:0.4
;HEIGHT:0.2
G92 E0
;_SET_FAN_SPEED_CHANGING_LAYER
M204 S500
; printing object fidget-finger-massager-2000-roller_round.stl id:15 copy 0
M204 S10000
G1 E-.8 F1800
G1 X58.019 Y48.845 Z.8 F7200
G1 Z.4
G1 E.8 F1800
M204 S500
;WIDTH:0.531764
G1 F600
G1 X58.519 Y48.661 E.02163
G1 X59.54 Y51.449 E.1207
;WIDTH:0.529147
G1 X59.044 Y51.632 E.02138
G1 X58.953 Y51.384 E.01069
;WIDTH:0.531764
G1 X58.033 Y48.882 E.10833
M204 S10000
G1 E-.8 F1800
G1 X61.097 Y47.715 Z.8 F7200
G1 Z.4
G1 E.8 F1800
M204 S250
;TYPE:Overhang wall
;WIDTH:0.419375
G1 F600
G1 X61.076 Y47.66 E.00182
;WIDTH:0.418319
G1 X61.469 Y47.516 E.01305
G1 X61.541 Y47.712 E.00653
;WIDTH:0.419375
G1 X62.532 Y50.407 E.0899
G1 X62.139 Y50.552 E.01313
G1 X61.11 Y47.752 E.09337
; stop printing object fidget-finger-massager-2000-roller_round.stl id:15 copy 0
;LAYER_CHANGE
;Z:0.6
;HEIGHT:0.2
G92 E0
;_SET_FAN_SPEED_CHANGING_LAYER
; printing object fidget-finger-massager-2000-roller_round.stl id:15 copy 0
M204 S10000
G1 E-.8 F1800
G1 X58.907 Y51.724 Z1 F7200
G1 Z.6
M73 P1 R20
G1 E.8 F1800
M204 S500
;TYPE:Outer wall
;WIDTH:0.449999
G1 F600
M106 S255
G1 X57.855 Y48.862 E.10324
G1 X58.727 Y48.541 E.03145
G1 X59.782 Y51.403 E.10324
G1 X58.945 Y51.71 E.03019
M204 S10000
G1 X59.184 Y51.126 F7200
M204 S1500
;TYPE:Inner wall
;WIDTH:0.524436
G1 F600
G1 X58.451 Y49.137 E.08486
M204 S10000
G1 E-.8 F1800
G1 X62.658 Y50.345 Z1 F7200
G1 Z.6
G1 E.8 F1800
M204 S500
;TYPE:Outer wall
;WIDTH:0.449999
G1 F600
G1 X61.941 Y50.609 E.02585
G1 X60.886 Y47.747 E.10324
G1 X61.605 Y47.483 E.02591
G1 X62.644 Y50.307 E.10188
M204 S10000
G1 E-.8 F1800
G1 X61.378 Y47.974 Z1 F7200
G1 Z.6
G1 E.8 F1800
M204 S1500
;TYPE:Inner wall
;WIDTH:0.358068
G1 F600
G1 X62.167 Y50.118 E.05989
; stop printing object fidget-finger-massager-2000-roller_round.stl id:15 copy 0
;LAYER_CHANGE
;Z:0.8
;HEIGHT:0.2
G92 E0
;_SET_FAN_SPEED_CHANGING_LAYER
; printing object fidget-finger-massager-2000-roller_round.stl id:15 copy 0
M204 S10000
G1 E-.8 F1800
G1 X59.066 Y51.227 Z1.2 F7200
G1 Z.8
G1 E.8 F1800
M204 S1500
;WIDTH:0.416567
G1 F600
G1 X58.296 Y49.138 E.06917
G1 X58.647 Y49.009 E.01161
G1 X59.417 Y51.098 E.06917
G1 X59.104 Y51.213 E.01037
M204 S500
G1 X58.822 Y51.756 F7200
;TYPE:Outer wall
;WIDTH:0.449999
G1 F600
G1 X57.767 Y48.894 E.10324
G1 X58.891 Y48.481 E.04053
G1 X59.946 Y51.342 E.10324
G1 X58.859 Y51.742 E.03917
M204 S10000
G1 E-.8 F1800
G1 X62.758 Y50.308 Z1.2 F7200
G1 Z.8
G1 E.8 F1800
M204 S500
G1 F600
G1 X61.77 Y50.672 E.03564
G1 X60.719 Y47.808 E.10324
G1 X61.705 Y47.445 E.03557
G1 X62.744 Y50.271 E.10188
M204 S10000
G1 X62.083 Y49.996 F7200
M204 S1500
;TYPE:Inner wall
;WIDTH:0.645376
G1 F600
G1 X61.394 Y48.12 E.1001
; stop printing object fidget-finger-massager-2000-roller_round.stl id:15 copy 0
;LAYER_CHANGE
;Z:1
;HEIGHT:0.2
G92 E0
;_SET_FAN_SPEED_CHANGING_LAYER
; printing object fidget-finger-massager-2000-roller_round.stl id:15 copy 0
M204 S10000
G1 E-.8 F1800
G1 X59.026 Y51.179 Z1.4 F7200
G1 Z1
G1 E.8 F1800
M204 S1500
;WIDTH:0.534518
G1 F600
G1 X58.299 Y49.199 E.08619
;WIDTH:0.534047
G1 X58.76 Y49.03 E.02005
G1 X59.488 Y51.009 E.08611
;WIDTH:0.534518
G1 X59.064 Y51.165 E.01847
M204 S500
G1 X58.747 Y51.783 F7200
;TYPE:Outer wall
;WIDTH:0.449999
G1 F600
G1 X57.696 Y48.92 E.10324
G1 X59.039 Y48.426 E.04847
G1 X60.092 Y51.288 E.10324
G1 X58.784 Y51.77 E.04717
M204 S10000
G1 E-.8 F1800
G1 X62.28 Y50.018 Z1.4 F7200
G1 Z1
G1 E.8 F1800
M204 S1500
;TYPE:Inner wall
;WIDTH:0.467534
G1 F600
G1 X61.881 Y50.165 E.015
G1 X61.131 Y48.123 E.07681
;WIDTH:0.46709
G1 X61.529 Y47.976 E.01496
G1 X62.266 Y49.98 E.07532
M204 S500
G1 X62.842 Y50.277 F7200
;TYPE:Outer wall
;WIDTH:0.449999
G1 F600
G1 X61.622 Y50.726 E.04399
G1 X60.57 Y47.863 E.10324
G1 X61.788 Y47.415 E.04394
G1 X62.828 Y50.24 E.10188
; stop printing object fidget-finger-massager-2000-roller_round.stl id:15 copy 0
;LAYER_CHANGE
;Z:1.2
;HEIGHT:0.2
G92 E0
;_SET_FAN_SPEED_CHANGING_LAYER
; printing object fidget-finger-massager-2000-roller_round.stl id:15 copy 0
M204 S10000
G1 E-.8 F1800
G1 X56.337 Y52.573 Z1.6 F7200
G1 Z1.2
G1 E.8 F1800
M204 S250
;TYPE:Overhang wall
;WIDTH:0.588976
G1 F600
G1 X55.349 Y49.879 E.13028
M204 S10000
G1 E-.8 F1800
G1 X62.364 Y49.996 Z1.6 F7200
G1 Z1.2
G1 E.8 F1800
M204 S1500
;TYPE:Inner wall
;WIDTH:0.449999
G1 F600
M106 S255
G1 X61.075 Y50.47 E.0465
M204 S250
;TYPE:Overhang wall
G1 X60.343 Y50.74 E.0264
M204 S1500
;TYPE:Inner wall
M106 S255
G1 X58.939 Y51.256 E.05064
G1 X58.183 Y49.198 E.07423
G1 X59.586 Y48.681 E.05062
M204 S250
;TYPE:Overhang wall
G1 X60.319 Y48.412 E.02641
M204 S1500
;TYPE:Inner wall
M106 S255
G1 X61.606 Y47.939 E.04644
G1 X62.351 Y49.959 E.07287
M204 S500
G1 X62.915 Y50.25 F7200
;TYPE:Outer wall
G1 F600
G1 X61.223 Y50.873 E.06101
M204 S250
;TYPE:Overhang wall
G1 X60.491 Y51.142 E.0264
M204 S500
;TYPE:Outer wall
M106 S255
G1 X58.685 Y51.806 E.06514
G1 X57.633 Y48.943 E.10324
G1 X59.438 Y48.279 E.06513
M204 S250
;TYPE:Overhang wall
G1 X60.171 Y48.01 E.02641
M204 S500
;TYPE:Outer wall
M106 S255
G1 X61.86 Y47.388 E.06094
G1 X62.901 Y50.213 E.10188
M204 S10000
G1 E-.8 F1800
M73 P2 R20
G1 X61.577 Y48.33 Z1.6 F7200
G1 Z1.2
G1 E.8 F1800
M204 S250
;TYPE:Bridge
;WIDTH:0.45
G1 F600
G1 X58.631 Y49.413 E.10626
G1 X58.771 Y49.796 E.01378
G1 X61.546 Y48.775 E.10007
G1 X61.686 Y49.157 E.01378
G1 X58.911 Y50.178 E.10008
G1 X59.052 Y50.56 E.01378
G1 X61.999 Y49.476 E.10629
; stop printing object fidget-finger-massager-2000-roller_round.stl id:15 copy 0
M106 S252
;LAYER_CHANGE
;Z:1.4
;HEIGHT:0.2
G92 E0
;_SET_FAN_SPEED_CHANGING_LAYER
; printing object fidget-finger-massager-2000-roller_round.stl id:15 copy 0
M204 S10000
G1 E-.8 F1800
G1 X55.063 Y49.888 Z1.8 F7200
G1 Z1.4
G1 E.8 F1800
M204 S500
;TYPE:Outer wall
;WIDTH:0.449999
G1 F713
M106 S252
G1 X55.801 Y49.617 E.02663
M204 S250
;TYPE:Overhang wall
M106 S255
G1 X55.815 Y49.612 E.0005
G1 X56.867 Y52.475 E.10324
G1 X56.854 Y52.48 E.00048
M204 S500
;TYPE:Outer wall
M106 S252
G1 X56.118 Y52.75 E.02654
G1 X55.077 Y49.926 E.10188
M204 S10000
G1 X55.577 Y50.126 F7200
M204 S1500
;TYPE:Inner wall
;WIDTH:0.39402
G1 F713
G1 X56.354 Y52.238 E.06569
M204 S10000
G1 E-.8 F1800
G1 X62.426 Y49.974 Z1.8 F7200
G1 Z1.4
G1 E.8 F1800
M204 S1500
;WIDTH:0.449999
G1 F713
G1 X58.506 Y51.415 E.14135
G1 X57.749 Y49.357 E.07423
G1 X61.668 Y47.916 E.14134
G1 X62.412 Y49.936 E.07287
M204 S500
G1 X62.976 Y50.228 F7200
;TYPE:Outer wall
G1 F713
G1 X58.286 Y51.953 E.16914
M204 S250
;TYPE:Overhang wall
M106 S255
G1 X58.252 Y51.965 E.00122
G1 X57.199 Y49.103 E.10324
G1 X57.234 Y49.09 E.00124
M204 S500
;TYPE:Outer wall
M106 S252
G1 X61.923 Y47.366 E.16911
G1 X62.962 Y50.19 E.10188
M204 S10000
G1 E-.8 F1800
G1 X58.748 Y50.893 Z1.8 F7200
G1 Z1.4
G1 E.8 F1800
M204 S500
;TYPE:Internal solid infill
G1 F713
G1 X61.903 Y49.732 E.11379
G1 X61.427 Y48.438 E.04667
G1 X58.272 Y49.599 E.11378
G1 X58.734 Y50.855 E.04532
M204 S10000
G1 X59.013 Y50.319 F7200
M204 S500
;WIDTH:0.528762
G1 F713
G1 X61.33 Y49.467 E.09973
G1 X61.162 Y49.011 E.01963
G1 X58.845 Y49.863 E.09972
G1 X58.999 Y50.282 E.01801
; stop printing object fidget-finger-massager-2000-roller_round.stl id:15 copy 0
;LAYER_CHANGE
;Z:1.6
;HEIGHT:0.2
G92 E0
;_SET_FAN_SPEED_CHANGING_LAYER
; printing object fidget-finger-massager-2000-roller_round.stl id:15 copy 0
M204 S10000
G1 E-.8 F1800
G1 X55.523 Y50.162 Z2 F7200
G1 Z1.6
G1 E.8 F1800
M204 S1500
;TYPE:Inner wall
;WIDTH:0.424807
G1 F982
G1 X55.882 Y50.03 E.01213
G1 X56.648 Y52.112 E.07043
G1 X56.289 Y52.244 E.01213
G1 X55.537 Y50.2 E.06916
M204 S500
G1 X54.989 Y49.915 F7200
;TYPE:Outer wall
;WIDTH:0.449999
G1 F982
G1 X56.129 Y49.496 E.04108
G1 X57.182 Y52.359 E.10324
G1 X56.043 Y52.778 E.04108
G1 X55.003 Y49.953 E.10188
M204 S10000
G1 E-.8 F1800
G1 X62.635 Y49.842 Z2 F7200
G1 X62.79 Y49.84 Z2
G1 Z1.6
G1 E.8 F1800
M204 S1500
;TYPE:Inner wall
G1 F982
G1 X57.963 Y51.615 E.17409
G1 X57.206 Y49.557 E.07423
G1 X62.033 Y47.782 E.17409
G1 X62.776 Y49.802 E.07287
M204 S500
G1 X63.34 Y50.094 F7200
;TYPE:Outer wall
G1 F982
G1 X57.853 Y52.112 E.19788
M204 S250
;TYPE:Overhang wall
M106 S255
G1 X57.708 Y52.165 E.00523
G1 X56.655 Y49.303 E.10324
G1 X56.8 Y49.249 E.00523
M204 S500
;TYPE:Outer wall
M106 S252
G1 X62.287 Y47.232 E.19788
G1 X63.326 Y50.057 E.10188
M204 S10000
G1 E-.8 F1800
G1 X58.204 Y51.093 Z2 F7200
G1 Z1.6
G1 E.8 F1800
M204 S500
;TYPE:Internal solid infill
G1 F982
G1 X62.267 Y49.598 E.14654
G1 X61.791 Y48.304 E.04667
G1 X57.728 Y49.799 E.14654
G1 X58.19 Y51.055 E.04532
M204 S10000
G1 X58.529 Y49.98 F7200
M204 S500
;WIDTH:0.52876
G1 F982
G1 X58.301 Y50.063 E.00981
G1 X58.469 Y50.519 E.01963
G1 X61.694 Y49.333 E.13882
G1 X61.526 Y48.877 E.01963
G1 X58.567 Y49.966 E.12739
M204 S10000
G1 E-.8 F1800
M73 P3 R20
G1 X64.905 Y49.507 Z2 F7200
G1 Z1.6
G1 E.8 F1800
M204 S250
;TYPE:Overhang wall
;WIDTH:0.47106
G1 F982
M106 S255
G1 X64.823 Y49.286 E.00838
;WIDTH:0.471682
G1 X63.859 Y46.665 E.09958
G1 X64.301 Y46.502 E.01682
G1 X65.347 Y49.345 E.10798
;WIDTH:0.47106
G1 X64.942 Y49.494 E.01534
; stop printing object fidget-finger-massager-2000-roller_round.stl id:15 copy 0
;LAYER_CHANGE
;Z:1.8
;HEIGHT:0.2
G92 E0
;_SET_FAN_SPEED_CHANGING_LAYER
; printing object fidget-finger-massager-2000-roller_round.stl id:15 copy 0
M204 S10000
G1 E-.8 F1800
G1 X57.33 Y50.05 Z2.2 F7200
G1 X55.501 Y50.184 Z2.2
G1 Z1.8
G1 E.8 F1800
M204 S1500
;TYPE:Inner wall
;WIDTH:0.449999
G1 F1071
M106 S252
G1 X62.478 Y47.618 E.25166
G1 X63.235 Y49.676 E.07423
G1 X56.258 Y52.242 E.25166
G1 X55.514 Y50.222 E.07287
M204 S500
G1 X54.95 Y49.93 F7200
;TYPE:Outer wall
G1 F1071
G1 X62.686 Y47.085 E.27899
M204 S250
;TYPE:Overhang wall
M106 S255
G1 X62.733 Y47.068 E.00169
G1 X63.786 Y49.93 E.10324
G1 X63.739 Y49.947 E.00169
M204 S500
;TYPE:Outer wall
M106 S252
G1 X56.003 Y52.792 E.27898
G1 X54.964 Y49.967 E.10188
M204 S10000
G1 E-.8 F1800
G1 X56.198 Y51.609 Z2.2 F7200
G1 Z1.8
G1 E.8 F1800
M204 S250
;TYPE:Bridge
;WIDTH:0.45
G1 F1071
M106 S255
G1 X58.317 Y50.83 E.07642
G1 X58.177 Y50.448 E.01378
G1 X56.23 Y51.164 E.07022
G1 X56.089 Y50.782 E.01378
G1 X58.036 Y50.066 E.07022
G1 X57.896 Y49.684 E.01378
G1 X55.777 Y50.463 E.07642
M204 S10000
G1 E-.8 F1800
G1 X58.771 Y50.884 Z2.2 F7200
G1 Z1.8
G1 E.8 F1800
M204 S500
;TYPE:Internal solid infill
;WIDTH:0.449999
G1 F1071
M106 S252
G1 X62.713 Y49.434 E.14217
G1 X62.237 Y48.14 E.04667
G1 X58.295 Y49.59 E.14217
G1 X58.757 Y50.847 E.04532
M204 S10000
G1 X59.036 Y50.311 F7200
M204 S500
;WIDTH:0.528762
G1 F1071
G1 X62.14 Y49.169 E.1336
G1 X61.972 Y48.713 E.01963
G1 X58.868 Y49.855 E.1336
G1 X59.022 Y50.273 E.01801
M204 S10000
G1 E-.8 F1800
G1 X65.47 Y49.311 Z2.2 F7200
G1 Z1.8
G1 E.8 F1800
M204 S500
;TYPE:Outer wall
;WIDTH:0.449999
G1 F1071
G1 X64.559 Y49.646 E.03286
G1 X63.508 Y46.783 E.10324
G1 X64.418 Y46.448 E.03282
G1 X65.456 Y49.273 E.10188
M204 S10000
G1 X64.847 Y49.023 F7200
M204 S1500
;TYPE:Inner wall
;WIDTH:0.563392
G1 F1071
G1 X64.13 Y47.07 E.09001
; stop printing object fidget-finger-massager-2000-roller_round.stl id:15 copy 0
;LAYER_CHANGE
;Z:2
;HEIGHT:0.2
G92 E0
;_SET_FAN_SPEED_CHANGING_LAYER
; printing object fidget-finger-massager-2000-roller_round.stl id:15 copy 0
M204 S10000
G1 E-.8 F1800
G1 X56.951 Y49.661 Z2.4 F7200
G1 X55.482 Y50.191 Z2.4
G1 Z2
G1 E.8 F1800
M204 S1500
;WIDTH:0.449999
G1 F1103
G1 X64.223 Y46.976 E.31527
G1 X64.98 Y49.034 E.07423
M73 P3 R19
G1 X56.24 Y52.249 E.31521
G1 X55.495 Y50.229 E.07287
M204 S500
G1 X54.931 Y49.937 F7200
;TYPE:Outer wall
G1 F1103
G1 X64.477 Y46.426 E.34429
G1 X65.53 Y49.289 E.10324
G1 X55.986 Y52.799 E.34421
G1 X54.945 Y49.974 E.10188
M204 S10000
G1 E-.8 F1800
G1 X62.244 Y49.607 Z2.4 F7200
G1 Z2
G1 E.8 F1800
M204 S500
;TYPE:Internal solid infill
G1 F1103
G1 X61.768 Y48.313 E.04667
G1 X56.004 Y50.433 E.20788
G1 X56.481 Y51.726 E.04667
G1 X62.207 Y49.621 E.2065
M204 S10000
G1 X61.671 Y49.342 F7200
M204 S500
;WIDTH:0.528761
G1 F1103
G1 X61.503 Y48.886 E.01963
G1 X56.578 Y50.697 E.21202
G1 X56.746 Y51.153 E.01963
G1 X61.634 Y49.356 E.21039
M204 S10000
G1 E-.8 F1800
G1 X64.193 Y47.368 Z2.4 F7200
G1 Z2
G1 E.8 F1800
M204 S250
;TYPE:Bridge
;WIDTH:0.45
G1 F1103
M106 S255
G1 X62.133 Y48.125 E.0743
G1 X62.274 Y48.507 E.01378
G1 X64.162 Y47.813 E.0681
M73 P4 R19
G1 X64.302 Y48.195 E.01378
G1 X62.414 Y48.889 E.0681
G1 X62.555 Y49.271 E.01378
G1 X64.615 Y48.514 E.0743
; stop printing object fidget-finger-massager-2000-roller_round.stl id:15 copy 0
;LAYER_CHANGE
;Z:2.2
;HEIGHT:0.2
G92 E0
;_SET_FAN_SPEED_CHANGING_LAYER
; printing object fidget-finger-massager-2000-roller_round.stl id:15 copy 0
M204 S10000
G1 E-.8 F1800
G1 X57.108 Y49.893 Z2.6 F7200
G1 X55.475 Y50.194 Z2.6
G1 Z2.2
G1 E.8 F1800
M204 S1500
;TYPE:Inner wall
;WIDTH:0.449999
G1 F1065
M106 S252
G1 X64.254 Y46.965 E.31662
G1 X65.008 Y49.024 E.07423
G1 X56.232 Y52.252 E.31653
G1 X55.488 Y50.231 E.07287
M204 S500
G1 X54.924 Y49.939 F7200
;TYPE:Outer wall
G1 F1065
G1 X64.509 Y46.415 E.34565
G1 X65.558 Y49.278 E.10324
G1 X55.978 Y52.802 E.34552
G1 X54.938 Y49.977 E.10188
M204 S10000
G1 E-.8 F1800
G1 X56.473 Y51.729 Z2.6 F7200
G1 Z2.2
G1 E.8 F1800
M204 S500
;TYPE:Internal solid infill
G1 F1065
G1 X64.486 Y48.782 E.28899
G1 X64.012 Y47.488 E.04667
G1 X55.997 Y50.435 E.28905
G1 X56.46 Y51.692 E.04532
M204 S10000
G1 X56.738 Y51.156 F7200
M204 S500
;WIDTH:0.528761
G1 F1065
G1 X63.914 Y48.517 E.30885
G1 X63.746 Y48.061 E.01963
G1 X56.57 Y50.7 E.30888
G1 X56.724 Y51.118 E.01801
; stop printing object fidget-finger-massager-2000-roller_round.stl id:15 copy 0
;LAYER_CHANGE
;Z:2.4
;HEIGHT:0.2
G92 E0
;_SET_FAN_SPEED_CHANGING_LAYER
; printing object fidget-finger-massager-2000-roller_round.stl id:15 copy 0
M204 S10000
G1 X55.479 Y50.192 Z2.4 F7200
M204 S1500
;TYPE:Inner wall
;WIDTH:0.449999
G1 F797
G1 X64.267 Y46.96 E.31694
G1 X65.026 Y49.017 E.07423
G1 X56.235 Y52.25 E.31703
G1 X55.493 Y50.23 E.07287
M204 S500
G1 X54.929 Y49.938 F7200
;TYPE:Outer wall
G1 F797
G1 X64.521 Y46.41 E.34594
G1 X65.576 Y49.272 E.10324
G1 X55.981 Y52.801 E.34606
G1 X54.943 Y49.975 E.10188
M204 S10000
G1 X56.129 Y50.957 F7200
M204 S500
;TYPE:Sparse infill
;WIDTH:0.45
G1 F797
G1 X55.923 Y50.397 E.02017
G1 X56.892 Y50.041 E.03495
G1 X56.952 Y50.772 E.02484
G1 X57.57 Y51.391 E.0296
G1 X60.037 Y50.483 E.08896
G1 X59.933 Y49.218 E.04298
G1 X59.717 Y49.002 E.01034
G1 X61.299 Y48.42 E.05705
G1 X62.329 Y48.504 E.03496
G1 X63.042 Y49.218 E.03415
G1 X63.055 Y49.374 E.00529
G1 X64.581 Y48.812 E.05505
G1 X64.438 Y48.423 E.01406
G1 X63.883 Y48.377 E.01883
G1 X63.22 Y47.714 E.03175
G1 X64.062 Y47.404 E.03037
G1 X64.315 Y48.09 E.02474
; stop printing object fidget-finger-massager-2000-roller_round.stl id:15 copy 0
;LAYER_CHANGE
;Z:2.6
;HEIGHT:0.2
G92 E0
;_SET_FAN_SPEED_CHANGING_LAYER
; printing object fidget-finger-massager-2000-roller_round.stl id:15 copy 0
M204 S10000
G1 E-.8 F1800
G1 X56.891 Y49.862 Z3 F7200
G1 X55.428 Y50.211 Z3
G1 Z2.6
G1 E.8 F1800
M204 S1500
;TYPE:Inner wall
;WIDTH:0.449999
G1 F850
G1 X64.276 Y46.957 E.31914
G1 X65.033 Y49.015 E.07423
G1 X56.184 Y52.269 E.31912
M73 P5 R19
G1 X55.441 Y50.248 E.07287
M204 S500
G1 X54.877 Y49.957 F7200
;TYPE:Outer wall
G1 F850
G1 X64.531 Y46.406 E.34815
G1 X65.583 Y49.269 E.10324
G1 X55.93 Y52.819 E.34813
G1 X54.891 Y49.994 E.10188
M204 S10000
G1 E-.8 F1800
G1 X58.418 Y49.48 Z3 F7200
G1 Z2.6
G1 E.8 F1800
M204 S500
;TYPE:Sparse infill
;WIDTH:0.45
G1 F850
G1 X56.89 Y50.042 E.05512
G1 X56.909 Y50.772 E.02473
G1 X56.247 Y51.435 E.03173
G1 X56.39 Y51.825 E.01405
G1 X60.011 Y50.493 E.13059
G1 X59.976 Y49.218 E.04318
G1 X60.468 Y48.726 E.02356
G1 X61.264 Y48.433 E.02871
G1 X62.329 Y48.462 E.03604
G1 X62.993 Y47.797 E.03182
G1 X64.071 Y47.401 E.03886
G1 X64.451 Y48.435 E.0373
G1 X63.883 Y48.42 E.01923
G1 X63.085 Y49.218 E.03821
G1 X63.089 Y49.361 E.00485
G1 X61.561 Y49.923 E.05512
; stop printing object fidget-finger-massager-2000-roller_round.stl id:15 copy 0
;LAYER_CHANGE
;Z:2.8
;HEIGHT:0.2
G92 E0
;_SET_FAN_SPEED_CHANGING_LAYER
; printing object fidget-finger-massager-2000-roller_round.stl id:15 copy 0
M204 S10000
G1 E-.8 F1800
G1 X64.271 Y46.958 Z3.2 F7200
G1 Z2.8
G1 E.8 F1800
M204 S1500
;TYPE:Inner wall
;WIDTH:0.449999
G1 F861
G1 X65.029 Y49.016 E.07423
G1 X55.923 Y52.365 E.32841
G1 X55.166 Y50.307 E.07423
G1 X64.234 Y46.972 E.32703
M204 S500
G1 X64.525 Y46.408 F7200
;TYPE:Outer wall
G1 F861
G1 X65.579 Y49.271 E.10324
G1 X55.669 Y52.915 E.35742
G1 X54.616 Y50.053 E.10324
G1 X64.488 Y46.422 E.35604
M204 S10000
G1 E-.8 F1800
G1 X61.903 Y49.797 Z3.2 F7200
G1 Z2.8
G1 E.8 F1800
M204 S500
;TYPE:Sparse infill
;WIDTH:0.45
G1 F861
G1 X63.431 Y49.235 E.05512
G1 X63.883 Y48.773 E.02188
G1 X64.477 Y48.519 E.02187
G1 X64.066 Y47.403 E.04027
G1 X62.434 Y48.003 E.05885
G1 X62.329 Y48.108 E.00505
G1 X60.774 Y48.773 E.05723
G1 X60.33 Y49.218 E.02129
G1 X59.742 Y50.592 E.05059
G1 X56.128 Y51.921 E.13032
G1 X55.902 Y51.306 E.02217
G1 X56.111 Y51.217 E.0077
G1 X56.556 Y50.772 E.02129
G1 X56.864 Y50.051 E.02655
G1 X58.393 Y49.489 E.05512
; stop printing object fidget-finger-massager-2000-roller_round.stl id:15 copy 0
;LAYER_CHANGE
;Z:3
;HEIGHT:0.2
G92 E0
;_SET_FAN_SPEED_CHANGING_LAYER
; printing object fidget-finger-massager-2000-roller_round.stl id:15 copy 0
M204 S10000
G1 E-.8 F1800
G1 X64.31 Y46.944 Z3.4 F7200
G1 Z3
G1 E.8 F1800
M204 S1500
;TYPE:Inner wall
;WIDTH:0.449999
G1 F871
G1 X65.067 Y49.002 E.07423
G1 X55.681 Y52.454 E.33851
G1 X54.924 Y50.396 E.07423
G1 X64.273 Y46.958 E.33715
M204 S500
G1 X64.565 Y46.394 F7200
;TYPE:Outer wall
G1 F871
G1 X65.617 Y49.257 E.10324
G1 X55.427 Y53.004 E.36752
G1 X54.374 Y50.142 E.10324
M73 P6 R19
G1 X64.527 Y46.408 E.36617
M204 S10000
G1 E-.8 F1800
G1 X62.59 Y49.544 Z3.4 F7200
G1 Z3
G1 E.8 F1800
M204 S500
;TYPE:Sparse infill
;WIDTH:0.45
G1 F871
G1 X64.119 Y48.982 E.05512
G1 X64.537 Y48.564 E.02004
G1 X64.105 Y47.388 E.0424
G1 X61.731 Y48.261 E.08562
G1 X59.202 Y50.791 E.12108
G1 X55.887 Y52.01 E.11956
G1 X55.614 Y51.269 E.02671
G1 X56.814 Y50.07 E.05742
G1 X58.342 Y49.508 E.05512
; stop printing object fidget-finger-massager-2000-roller_round.stl id:15 copy 0
;LAYER_CHANGE
;Z:3.2
;HEIGHT:0.2
G92 E0
;_SET_FAN_SPEED_CHANGING_LAYER
; printing object fidget-finger-massager-2000-roller_round.stl id:15 copy 0
M204 S10000
G1 E-.8 F1800
G1 X54.429 Y53.341 Z3.6 F7200
G1 Z3.2
G1 E.8 F1800
M204 S250
;TYPE:Overhang wall
;WIDTH:0.506382
G1 F996
M106 S255
G1 X53.953 Y53.516 E.01954
G1 X52.919 Y50.705 E.11544
;WIDTH:0.502441
G1 X53.39 Y50.532 E.01918
G1 X53.477 Y50.767 E.00957
;WIDTH:0.506382
G1 X54.415 Y53.304 E.10424
M204 S10000
G1 X55.458 Y52.536 F7200
M204 S1500
;TYPE:Inner wall
;WIDTH:0.449999
G1 F996
M106 S252
G1 X54.701 Y50.478 E.07423
G1 X64.536 Y46.861 E.35469
G1 X65.293 Y48.919 E.07423
G1 X55.496 Y52.522 E.35333
M204 S500
G1 X55.204 Y53.086 F7200
;TYPE:Outer wall
G1 F996
G1 X54.151 Y50.224 E.10324
G1 X64.79 Y46.311 E.3837
G1 X65.843 Y49.174 E.10324
G1 X55.242 Y53.072 E.38234
M204 S10000
G1 E-.8 F1800
G1 X58.342 Y49.508 Z3.6 F7200
G1 Z3.2
G1 E.8 F1800
M204 S500
;TYPE:Sparse infill
;WIDTH:0.45
G1 F996
G1 X56.814 Y50.07 E.05512
G1 X55.429 Y51.454 E.06628
G1 X55.664 Y52.092 E.02299
G1 X59.202 Y50.791 E.12759
G1 X61.731 Y48.261 E.12108
G1 X64.331 Y47.305 E.09376
G1 X64.725 Y48.376 E.03863
G1 X64.119 Y48.982 E.02901
G1 X62.59 Y49.544 E.05512
; stop printing object fidget-finger-massager-2000-roller_round.stl id:15 copy 0
;LAYER_CHANGE
;Z:3.4
;HEIGHT:0.2
G92 E0
;_SET_FAN_SPEED_CHANGING_LAYER
; printing object fidget-finger-massager-2000-roller_round.stl id:15 copy 0
M204 S10000
G1 E-.8 F1800
G1 X55.53 Y52.443 Z3.8 F7200
G1 X53.951 Y53.09 Z3.8
G1 Z3.4
G1 E.8 F1800
M204 S1500
;TYPE:Inner wall
;WIDTH:0.449999
G1 F1114
G1 X53.194 Y51.032 E.07423
G1 X64.744 Y46.785 E.41653
G1 X65.501 Y48.843 E.07423
G1 X53.989 Y53.077 E.41518
M204 S500
G1 X53.697 Y53.641 F7200
;TYPE:Outer wall
G1 F1114
G1 X52.644 Y50.778 E.10324
G1 X64.998 Y46.235 E.44554
G1 X66.051 Y49.097 E.10324
G1 X53.734 Y53.627 E.4442
M204 S10000
G1 E-.8 F1800
G1 X55.242 Y50.66 Z3.8 F7200
G1 Z3.4
G1 E.8 F1800
M204 S250
;TYPE:Bridge
;WIDTH:0.45
G1 F1114
M106 S255
G1 X53.642 Y51.248 E.0577
G1 X53.783 Y51.63 E.01378
G1 X55.211 Y51.105 E.0515
M73 P7 R19
G1 X55.352 Y51.487 E.01378
G1 X53.923 Y52.012 E.05151
G1 X54.064 Y52.394 E.01378
G1 X55.664 Y51.806 E.05771
M204 S10000
G1 E-.8 F1800
G1 X58.342 Y49.508 Z3.8 F7200
G1 Z3.4
G1 E.8 F1800
M204 S500
;TYPE:Sparse infill
G1 F1114
M106 S252
G1 X56.814 Y50.07 E.05512
G1 X55.681 Y51.203 E.05424
G1 X55.967 Y51.98 E.02805
G1 X59.202 Y50.791 E.11666
G1 X61.731 Y48.261 E.12108
G1 X64.538 Y47.229 E.10125
G1 X64.897 Y48.204 E.03517
G1 X64.119 Y48.982 E.03726
G1 X62.59 Y49.544 E.05512
; stop printing object fidget-finger-massager-2000-roller_round.stl id:15 copy 0
;LAYER_CHANGE
;Z:3.6
;HEIGHT:0.2
G92 E0
;_SET_FAN_SPEED_CHANGING_LAYER
; printing object fidget-finger-massager-2000-roller_round.stl id:15 copy 0
M204 S10000
G1 E-.8 F1800
G1 X55.529 Y52.441 Z4 F7200
G1 X53.889 Y53.113 Z4
G1 Z3.6
G1 E.8 F1800
M204 S1500
;TYPE:Inner wall
;WIDTH:0.449999
G1 F1132
G1 X53.131 Y51.056 E.07423
G1 X64.939 Y46.713 E.42587
G1 X65.696 Y48.771 E.07423
G1 X53.927 Y53.099 E.42446
M204 S500
G1 X53.635 Y53.663 F7200
;TYPE:Outer wall
G1 F1132
G1 X52.581 Y50.801 E.10324
G1 X65.193 Y46.163 E.45489
G1 X66.246 Y49.025 E.10324
G1 X53.673 Y53.649 E.45346
M204 S10000
G1 E-.8 F1800
G1 X55.341 Y52.146 Z4 F7200
G1 Z3.6
G1 E.8 F1800
M204 S500
;TYPE:Internal solid infill
G1 F1132
G1 X54.865 Y50.852 E.04667
G1 X53.654 Y51.297 E.04368
G1 X54.131 Y52.591 E.04667
G1 X55.303 Y52.159 E.04229
M204 S10000
G1 X54.796 Y51.894 F7200
M204 S500
;WIDTH:0.484361
G1 F1132
G1 X54.613 Y51.396 E.01946
G1 X54.199 Y51.549 E.01621
G1 X54.382 Y52.046 E.01946
G1 X54.759 Y51.908 E.01473
M204 S10000
G1 E-.8 F1800
G1 X58.342 Y49.508 Z4 F7200
G1 Z3.6
G1 E.8 F1800
M204 S500
;TYPE:Sparse infill
;WIDTH:0.45
G1 F1132
G1 X56.814 Y50.07 E.05512
G1 X55.496 Y51.388 E.06309
G1 X55.744 Y52.062 E.02433
G1 X59.202 Y50.791 E.1247
G1 X61.731 Y48.261 E.12108
G1 X64.734 Y47.157 E.1083
G1 X65.059 Y48.042 E.03191
G1 X64.119 Y48.982 E.04503
G1 X62.59 Y49.544 E.05512
; stop printing object fidget-finger-massager-2000-roller_round.stl id:15 copy 0
;LAYER_CHANGE
;Z:3.8
;HEIGHT:0.2
G92 E0
;_SET_FAN_SPEED_CHANGING_LAYER
; printing object fidget-finger-massager-2000-roller_round.stl id:15 copy 0
M204 S10000
G1 E-.8 F1800
G1 X55.529 Y52.44 Z4.2 F7200
G1 X53.882 Y53.116 Z4.2
G1 Z3.8
G1 E.8 F1800
M204 S1500
;TYPE:Inner wall
;WIDTH:0.449999
G1 F1208
G1 X53.125 Y51.058 E.07423
G1 X65.74 Y46.418 E.45496
M204 S250
;TYPE:Overhang wall
M106 S255
G1 X66.362 Y46.19 E.02243
G1 X67.12 Y48.247 E.07423
G1 X66.497 Y48.476 E.02247
M204 S1500
;TYPE:Inner wall
M106 S252
G1 X53.92 Y53.102 E.45362
M204 S500
G1 X53.628 Y53.666 F7200
;TYPE:Outer wall
G1 F1208
G1 X52.575 Y50.803 E.10324
G1 X65.592 Y46.016 E.46946
M204 S250
;TYPE:Overhang wall
M106 S255
G1 X66.616 Y45.639 E.03692
G1 X67.671 Y48.501 E.10324
G1 X66.645 Y48.879 E.03699
M204 S500
;TYPE:Outer wall
M106 S252
G1 X53.665 Y53.652 E.46812
M204 S10000
G1 E-.8 F1800
G1 X53.598 Y51.34 Z4.2 F7200
G1 Z3.8
G1 E.8 F1800
M204 S500
;TYPE:Sparse infill
;WIDTH:0.45
G1 F1208
G1 X54.087 Y52.672 E.04801
G1 X54.284 Y52.599 E.00711
G1 X56.814 Y50.07 E.12108
G1 X58.342 Y49.508 E.05512
M204 S10000
G1 X57.673 Y51.353 F7200
M204 S500
G1 F1208
G1 X59.202 Y50.791 E.05512
G1 X61.731 Y48.261 E.12108
G1 X64.458 Y47.258 E.09836
G1 X64.83 Y48.271 E.03651
M73 P8 R19
G1 X64.119 Y48.982 E.03407
G1 X62.59 Y49.544 E.05512
M204 S10000
G1 E-.8 F1800
G1 X66.528 Y48.292 Z4.2 F7200
G1 Z3.8
G1 E.8 F1800
M204 S250
;TYPE:Bridge
G1 F1208
M106 S255
G1 X65.945 Y46.711 E.057
G1 X65.563 Y46.852 E.01378
G1 X66.082 Y48.26 E.0508
G1 X65.7 Y48.401 E.01378
G1 X65.118 Y46.821 E.057
; stop printing object fidget-finger-massager-2000-roller_round.stl id:15 copy 0
;LAYER_CHANGE
;Z:4
;HEIGHT:0.2
G92 E0
;_SET_FAN_SPEED_CHANGING_LAYER
; printing object fidget-finger-massager-2000-roller_round.stl id:15 copy 0
M204 S10000
G1 E-.8 F1800
G1 X58.461 Y50.553 Z4.4 F7200
G1 X53.906 Y53.107 Z4.4
G1 Z4
G1 E.8 F1800
M204 S1500
;TYPE:Inner wall
;WIDTH:0.449999
G1 F1220
M106 S252
G1 X53.15 Y51.049 E.07423
G1 X66.462 Y46.153 E.48011
G1 X67.217 Y48.212 E.07423
G1 X53.944 Y53.093 E.47868
M204 S500
G1 X53.652 Y53.657 F7200
;TYPE:Outer wall
G1 F1220
G1 X52.6 Y50.794 E.10324
G1 X66.717 Y45.602 E.50914
G1 X67.766 Y48.466 E.10324
G1 X53.689 Y53.643 E.50768
M204 S10000
G1 E-.8 F1800
G1 X53.613 Y51.307 Z4.4 F7200
G1 Z4
G1 E.8 F1800
M204 S500
;TYPE:Sparse infill
;WIDTH:0.45
G1 F1220
G1 X54.112 Y52.663 E.04889
G1 X54.284 Y52.599 E.00623
G1 X56.814 Y50.07 E.12108
G1 X58.342 Y49.508 E.05512
M73 P8 R18
M204 S10000
G1 X57.673 Y51.353 F7200
M204 S500
G1 F1220
G1 X59.202 Y50.791 E.05512
G1 X61.731 Y48.261 E.12108
G1 X64.654 Y47.187 E.10541
G1 X64.993 Y48.108 E.03325
G1 X64.119 Y48.982 E.04184
G1 X62.59 Y49.544 E.05512
M204 S10000
G1 E-.8 F1800
G1 X65.533 Y48.397 Z4.4 F7200
G1 Z4
G1 E.8 F1800
M204 S500
;TYPE:Internal solid infill
;WIDTH:0.449999
G1 F1220
G1 X66.694 Y47.97 E.0419
G1 X66.22 Y46.676 E.04667
G1 X65.057 Y47.103 E.04195
G1 X65.519 Y48.36 E.04532
M204 S10000
G1 X66.167 Y47.726 F7200
M204 S500
;WIDTH:0.458712
G1 F1220
G1 X65.975 Y47.204 E.01922
G1 X65.585 Y47.347 E.01438
G1 X65.777 Y47.869 E.01922
G1 X66.129 Y47.74 E.01298
; stop printing object fidget-finger-massager-2000-roller_round.stl id:15 copy 0
;LAYER_CHANGE
;Z:4.2
;HEIGHT:0.2
G92 E0
;_SET_FAN_SPEED_CHANGING_LAYER
; printing object fidget-finger-massager-2000-roller_round.stl id:15 copy 0
M204 S10000
G1 E-.8 F1800
G1 X59.142 Y50.81 Z4.6 F7200
G1 X53.954 Y53.089 Z4.6
G1 Z4.2
G1 E.8 F1800
M204 S1500
;TYPE:Inner wall
;WIDTH:0.449999
G1 F1134
G1 X53.196 Y51.032 E.07423
G1 X66.487 Y46.144 E.47936
G1 X67.243 Y48.202 E.07423
G1 X53.991 Y53.076 E.47792
M204 S500
G1 X53.7 Y53.639 F7200
;TYPE:Outer wall
G1 F1134
G1 X52.645 Y50.778 E.10324
G1 X66.742 Y45.593 E.50839
G1 X67.793 Y48.456 E.10324
G1 X53.737 Y53.626 E.50692
M204 S10000
G1 E-.8 F1800
G1 X53.642 Y51.243 Z4.6 F7200
G1 Z4.2
G1 E.8 F1800
M204 S500
;TYPE:Sparse infill
;WIDTH:0.45
G1 F1134
G1 X54.159 Y52.645 E.05059
G1 X54.284 Y52.599 E.00453
G1 X56.814 Y50.07 E.12108
G1 X58.342 Y49.508 E.05512
M204 S10000
G1 X57.673 Y51.353 F7200
M204 S500
G1 F1134
G1 X59.202 Y50.791 E.05512
G1 X61.731 Y48.261 E.12108
G1 X66.282 Y46.588 E.16412
G1 X66.344 Y46.757 E.00611
G1 X64.119 Y48.982 E.10651
G1 X62.59 Y49.544 E.05512
M73 P9 R18
; stop printing object fidget-finger-massager-2000-roller_round.stl id:15 copy 0
;LAYER_CHANGE
;Z:4.4
;HEIGHT:0.2
G92 E0
;_SET_FAN_SPEED_CHANGING_LAYER
; printing object fidget-finger-massager-2000-roller_round.stl id:15 copy 0
M204 S10000
G1 E-.8 F1800
G1 X55.53 Y52.444 Z4.8 F7200
G1 X54.013 Y53.068 Z4.8
G1 Z4.4
G1 E.8 F1800
M204 S1500
;TYPE:Inner wall
;WIDTH:0.449999
G1 F1164
G1 X53.256 Y51.01 E.07423
G1 X66.474 Y46.148 E.47673
G1 X67.232 Y48.206 E.07423
G1 X54.051 Y53.054 E.47537
M204 S500
G1 X53.759 Y53.618 F7200
;TYPE:Outer wall
G1 F1164
G1 X52.706 Y50.755 E.10324
G1 X66.729 Y45.598 E.50574
G1 X67.782 Y48.461 E.10324
G1 X53.797 Y53.604 E.50438
M204 S10000
G1 E-.8 F1800
G1 X55.647 Y52.098 Z4.8 F7200
G1 Z4.4
G1 E.8 F1800
M204 S500
;TYPE:Sparse infill
;WIDTH:0.45
G1 F1164
G1 X54.218 Y52.623 E.05153
G1 X54.182 Y52.524 E.00359
G1 X54.319 Y52.327 E.00812
G1 X54.557 Y52.088 E.0114
G1 X56.111 Y51.011 E.06403
G1 X56.349 Y50.772 E.0114
G1 X56.844 Y50.058 E.0294
G1 X55.316 Y50.621 E.05512
M204 S10000
G1 E-.8 F1800
G1 X62.48 Y47.986 Z4.8 F7200
G1 X63.428 Y47.637 Z4.8
G1 Z4.4
G1 E.8 F1800
M204 S500
G1 F1164
G1 X61.9 Y48.199 E.05512
G1 X60.774 Y48.98 E.04636
G1 X60.536 Y49.218 E.0114
G1 X59.529 Y50.67 E.05983
G1 X63.742 Y49.121 E.15194
G1 X63.883 Y48.98 E.00676
G1 X65.438 Y47.902 E.06403
G1 X65.676 Y47.664 E.0114
G1 X66.321 Y46.733 E.03832
G1 X66.787 Y48.001 E.04572
G1 X66.527 Y48.097 E.00939
; stop printing object fidget-finger-massager-2000-roller_round.stl id:15 copy 0
;LAYER_CHANGE
;Z:4.6
;HEIGHT:0.2
G92 E0
;_SET_FAN_SPEED_CHANGING_LAYER
; printing object fidget-finger-massager-2000-roller_round.stl id:15 copy 0
M204 S10000
G1 E-.8 F1800
G1 X59.434 Y50.915 Z5 F7200
G1 X54.085 Y53.041 Z5
G1 Z4.6
G1 E.8 F1800
M204 S1500
;TYPE:Inner wall
;WIDTH:0.449999
G1 F1170
G1 X53.329 Y50.983 E.07423
G1 X66.437 Y46.162 E.47275
G1 X67.193 Y48.221 E.07423
G1 X54.123 Y53.027 E.47136
M204 S500
G1 X53.831 Y53.591 F7200
;TYPE:Outer wall
G1 F1170
G1 X52.779 Y50.728 E.10324
G1 X66.692 Y45.612 E.50177
G1 X67.742 Y48.475 E.10324
G1 X53.869 Y53.577 E.50036
M204 S10000
G1 E-.8 F1800
G1 X55.383 Y52.195 Z5 F7200
G1 Z4.6
G1 E.8 F1800
M204 S500
;TYPE:Sparse infill
;WIDTH:0.45
G1 F1170
G1 X54.291 Y52.597 E.0394
G1 X54.131 Y52.161 E.01571
G1 X54.557 Y51.735 E.0204
G1 X56.111 Y51.364 E.05409
G1 X56.703 Y50.772 E.02833
G1 X56.876 Y50.047 E.02525
G1 X55.348 Y50.609 E.05512
M204 S10000
G1 E-.8 F1800
G1 X62.511 Y47.974 Z5 F7200
G1 X64.195 Y47.355 Z5
G1 Z4.6
G1 E.8 F1800
M204 S500
G1 F1170
G1 X62.667 Y47.917 E.05512
G1 X62.329 Y48.255 E.01619
G1 X60.774 Y48.626 E.05409
G1 X60.183 Y49.218 E.02833
G1 X59.866 Y50.547 E.04623
G1 X63.273 Y49.293 E.1229
G1 X63.291 Y49.218 E.00262
G1 X63.883 Y48.626 E.02833
G1 X65.438 Y48.255 E.05409
G1 X66.029 Y47.664 E.02833
G1 X66.262 Y46.689 E.03393
G1 X66.749 Y48.015 E.04783
G1 X66.547 Y48.089 E.00728
; stop printing object fidget-finger-massager-2000-roller_round.stl id:15 copy 0
;LAYER_CHANGE
;Z:4.8
;HEIGHT:0.2
G92 E0
;_SET_FAN_SPEED_CHANGING_LAYER
; printing object fidget-finger-massager-2000-roller_round.stl id:15 copy 0
M204 S10000
G1 E-.8 F1800
G1 X59.918 Y46.239 Z5.2 F7200
G1 Z4.8
G1 E.8 F1800
M204 S250
;TYPE:Overhang wall
;WIDTH:0.61407
G1 F1050.512
M106 S255
G1 X58.605 Y46.673 E.06569
G1 X58.548 Y45.991 E.03249
G1 X59.901 Y46.046 E.0643
M73 P10 R18
G1 X59.915 Y46.199 E.0073
M204 S10000
G1 X60.466 Y46.595 F7200
M204 S250
;WIDTH:0.449999
G1 F1473.915
G1 X58.177 Y47.352 E.08162
G1 X58.12 Y46.958 E.01349
G1 X58.046 Y46.187 E.02622
G1 X58.013 Y45.459 E.02467
G1 X60.39 Y45.554 E.08053
G1 X60.418 Y46.097 E.01838
G1 X60.462 Y46.555 E.0156
M204 S10000
G1 E-.8 F1800
G1 X62.179 Y52.385 Z5.2 F7200
G1 Z4.8
G1 E.8 F1800
M204 S250
;WIDTH:0.614031
G1 F1050.584
G1 X62.29 Y52.544 E.0092
G1 X61.297 Y53.46 E.0642
G1 X60.897 Y52.905 E.03247
G1 X62.142 Y52.4 E.0638
M204 S10000
G1 X62.366 Y51.758 F7200
M204 S250
;WIDTH:0.449999
G1 F1473.915
G1 X62.652 Y52.171 E.01699
G1 X62.981 Y52.601 E.01834
G1 X61.238 Y54.209 E.08026
G1 X60.683 Y53.491 E.03072
G1 X60.131 Y52.665 E.03361
G1 X62.329 Y51.773 E.0803
M204 S10000
G1 E-.8 F1800
G1 X54.785 Y52.931 Z5.2 F7200
G1 X54.096 Y53.037 Z5.2
G1 Z4.8
G1 E.8 F1800
M204 S1500
;TYPE:Inner wall
G1 F1473.915
M106 S252
G1 X53.339 Y50.979 E.07423
G1 X66.383 Y46.182 E.47043
G1 X67.142 Y48.239 E.07423
G1 X54.134 Y53.023 E.46913
M204 S500
G1 X53.842 Y53.587 F7200
;TYPE:Outer wall
G1 F1473.915
G1 X52.789 Y50.725 E.10324
G1 X66.637 Y45.632 E.49943
G1 X67.692 Y48.494 E.10324
G1 X53.88 Y53.573 E.49815
M204 S10000
G1 X54.274 Y52.519 F7200
M204 S500
;TYPE:Sparse infill
;WIDTH:0.45
G1 F1473.913
G1 X53.784 Y51.184 E.04812
G1 X53.977 Y51.113 E.00699
G1 X54.557 Y51.692 E.02773
G1 X56.111 Y51.407 E.05349
G1 X56.492 Y51.787 E.01822
G1 X57.42 Y51.446 E.03346
G1 X56.746 Y50.772 E.03226
G1 X56.879 Y50.046 E.02501
G1 X58.407 Y49.484 E.05512
M204 S10000
G1 E-.8 F1800
G1 X61.426 Y49.973 Z5.2 F7200
G1 Z4.8
G1 E.8 F1800
M204 S500
G1 F1473.913
G1 X59.898 Y50.535 E.05512
G1 X60.14 Y49.218 E.04531
G1 X59.868 Y48.946 E.013
G1 X60.936 Y48.554 E.03849
G1 X62.329 Y48.298 E.04794
G1 X63.249 Y49.218 E.04404
G1 X63.232 Y49.308 E.00312
G1 X61.704 Y49.871 E.05512
M204 S10000
G1 E-.8 F1800
G1 X64.597 Y47.207 Z5.2 F7200
G1 Z4.8
G1 E.8 F1800
M204 S500
G1 F1473.913
G1 X63.069 Y47.769 E.05512
G1 X63.883 Y48.583 E.03897
G1 X65.438 Y48.298 E.05349
G1 X65.583 Y48.444 E.00698
G1 X66.511 Y48.103 E.03346
G1 X66.072 Y47.664 E.02102
G1 X66.234 Y46.779 E.03045
G1 X66.178 Y46.626 E.00552
G1 X64.803 Y47.132 E.0496
; stop printing object fidget-finger-massager-2000-roller_round.stl id:15 copy 0
M106 S250
;LAYER_CHANGE
;Z:5
;HEIGHT:0.2
G92 E0
;_SET_FAN_SPEED_CHANGING_LAYER
; printing object fidget-finger-massager-2000-roller_round.stl id:15 copy 0
M204 S10000
G1 E-.8 F1800
G1 X60.286 Y46.098 Z5.4 F7200
G1 Z5
G1 E.8 F1800
M204 S1500
;TYPE:Inner wall
;WIDTH:0.449999
G1 F1473.915
G1 X60.313 Y46.503 E.01371
G1 X58.298 Y47.167 E.07184
G1 X58.261 Y46.938 E.00787
G1 X58.188 Y46.177 E.02586
G1 X58.164 Y45.602 E.01949
G1 X60.259 Y45.686 E.07095
G1 X60.283 Y46.058 E.01264
M204 S500
G1 X60.78 Y46.782 F7200
;TYPE:Outer wall
G1 F1473.915
G1 X60.781 Y46.799 E.00059
G1 X57.953 Y47.732 E.10083
G1 X57.834 Y46.973 E.02601
G1 X57.759 Y46.181 E.02694
G1 X57.727 Y45.155 E.03473
G1 X60.677 Y45.274 E.09992
G1 X60.702 Y46.071 E.02698
G1 X60.775 Y46.742 E.02287
M204 S10000
G1 E-.8 F1800
G1 X58.661 Y46.594 Z5.4 F7200
G1 Z5
G1 E.8 F1800
M204 S500
;TYPE:Internal solid infill
;WIDTH:0.497658
G1 F1319.441
G1 X59.855 Y46.2 E.04754
G1 X59.848 Y46.101 E.00376
G1 X58.614 Y46.051 E.04669
G1 X58.658 Y46.554 E.01908
M204 S10000
G1 E-.8 F1800
G1 X62.317 Y51.925 Z5.4 F7200
G1 Z5
G1 E.8 F1800
M204 S1500
;TYPE:Inner wall
;WIDTH:0.449999
G1 F1473.915
G1 X62.792 Y52.589 E.02765
G1 X61.262 Y54.001 E.07048
G1 X60.801 Y53.409 E.02539
G1 X60.343 Y52.728 E.02778
G1 X62.28 Y51.94 E.07078
M204 S500
G1 X62.479 Y51.397 F7200
;TYPE:Outer wall
G1 F1473.915
G1 X62.926 Y52.064 E.02719
G1 X63.377 Y52.633 E.02459
G1 X61.215 Y54.627 E.09954
G1 X60.555 Y53.807 E.03563
G1 X60.105 Y53.161 E.02665
G1 X59.714 Y52.521 E.02538
G1 X62.441 Y51.412 E.09968
M204 S10000
G1 E-.8 F1800
G1 X60.996 Y52.926 Z5.4 F7200
G1 Z5
G1 E.8 F1800
M204 S500
;TYPE:Internal solid infill
;WIDTH:0.495685
G1 F1325.191
G1 X61.317 Y53.365 E.02047
G1 X62.217 Y52.535 E.04609
G1 X62.159 Y52.453 E.00378
G1 X61.033 Y52.911 E.04575
M204 S10000
G1 E-.8 F1800
G1 X53.967 Y53.085 Z5.4 F7200
G1 Z5
G1 E.8 F1800
M204 S1500
;TYPE:Inner wall
;WIDTH:0.449999
G1 F1473.915
G1 X53.21 Y51.026 E.07423
G1 X66.323 Y46.204 E.47291
G1 X67.081 Y48.262 E.07423
G1 X54.004 Y53.071 E.47159
M204 S500
G1 X53.713 Y53.635 F7200
;TYPE:Outer wall
G1 F1473.915
G1 X52.66 Y50.772 E.10324
G1 X66.577 Y45.654 E.50192
G1 X67.631 Y48.516 E.10324
M73 P11 R18
G1 X53.75 Y53.621 E.50061
M204 S10000
G1 X54.002 Y52.178 F7200
M204 S500
;TYPE:Sparse infill
;WIDTH:0.45
G1 F1473.913
G1 X53.654 Y51.232 E.03413
G1 X54.236 Y51.018 E.02098
G1 X54.557 Y51.339 E.01536
G1 X56.111 Y51.76 E.05452
G1 X56.233 Y51.882 E.00584
G1 X57.692 Y51.346 E.05262
G1 X57.666 Y51.339 E.00093
G1 X57.099 Y50.772 E.02711
G1 X56.9 Y50.038 E.02575
G1 X58.428 Y49.476 E.05512
M204 S10000
G1 E-.8 F1800
G1 X61.649 Y49.89 Z5.4 F7200
G1 Z5
G1 E.8 F1800
M204 S500
G1 F1473.913
G1 X60.121 Y50.453 E.05512
G1 X59.786 Y49.218 E.0433
G1 X59.61 Y49.041 E.00845
G1 X61.374 Y48.393 E.06363
G1 X62.329 Y48.652 E.03348
G1 X62.895 Y49.218 E.02711
G1 X62.948 Y49.413 E.00684
G1 X64.476 Y48.851 E.05512
M204 S10000
G1 X64.856 Y47.112 F7200
M204 S500
G1 F1473.913
G1 X63.327 Y47.674 E.05512
G1 X63.883 Y48.23 E.0266
G1 X65.196 Y48.586 E.04605
G1 X66.636 Y48.057 E.05193
G1 X66.53 Y47.768 E.01041
G1 X66.426 Y47.664 E.00499
G1 X66.241 Y46.984 E.02383
G1 X66.117 Y46.648 E.01212
G1 X64.925 Y47.087 E.04299
; stop printing object fidget-finger-massager-2000-roller_round.stl id:15 copy 0
;LAYER_CHANGE
;Z:5.2
;HEIGHT:0.2
G92 E0
;_SET_FAN_SPEED_CHANGING_LAYER
; printing object fidget-finger-massager-2000-roller_round.stl id:15 copy 0
M204 S10000
G1 E-.8 F1800
G1 X60.482 Y46.61 Z5.6 F7200
G1 Z5.2
G1 E.8 F1800
M204 S1500
;TYPE:Inner wall
;WIDTH:0.449999
G1 F1473.915
G1 X58.177 Y47.371 E.08216
G1 X58.105 Y46.953 E.01435
G1 X58.031 Y46.188 E.02601
G1 X58 Y45.434 E.02553
G1 X60.416 Y45.532 E.08187
G1 X60.427 Y46.04 E.0172
G1 X60.478 Y46.57 E.01804
M204 S500
G1 X60.956 Y46.905 F7200
;TYPE:Outer wall
G1 F1473.915
G1 X57.839 Y47.933 E.11111
G1 X57.677 Y46.981 E.0327
G1 X57.602 Y46.187 E.02698
G1 X57.57 Y44.988 E.0406
G1 X60.838 Y45.12 E.11071
G1 X60.858 Y46.053 E.03159
G1 X60.951 Y46.865 E.02768
M204 S10000
G1 E-.8 F1800
G1 X58.512 Y46.831 Z5.6 F7200
G1 Z5.2
G1 E.8 F1800
M204 S500
;TYPE:Internal solid infill
G1 F1473.915
G1 X60.05 Y46.324 E.05484
G1 X60.025 Y45.923 E.01358
G1 X58.425 Y45.859 E.0542
G1 X58.508 Y46.791 E.03169
M204 S10000
G1 X58.888 Y46.241 F7200
M204 S500
;WIDTH:0.45294
G1 F1463.343
G1 X58.837 Y46.241 E.00175
G1 X58.811 Y46.285 E.00175
G1 X58.837 Y46.33 E.00175
G1 X58.894 Y46.32 E.00197
M204 S10000
G1 E-.8 F1800
G1 X62.379 Y51.733 Z5.6 F7200
G1 Z5.2
G1 E.8 F1800
M204 S1500
;TYPE:Inner wall
;WIDTH:0.449999
G1 F1473.915
G1 X62.687 Y52.196 E.01885
G1 X63.008 Y52.609 E.01768
G1 X61.238 Y54.241 E.08147
G1 X60.673 Y53.502 E.03151
G1 X60.11 Y52.655 E.03441
G1 X62.342 Y51.748 E.08155
M204 S500
G1 X62.542 Y51.204 F7200
;TYPE:Outer wall
G1 F1473.915
G1 X63.052 Y51.97 E.03117
G1 X63.6 Y52.646 E.02944
G1 X61.2 Y54.859 E.1105
G1 X60.916 Y54.524 E.01486
G1 X60.321 Y53.747 E.03314
G1 X59.962 Y53.229 E.02132
G1 X59.487 Y52.446 E.03101
G1 X62.505 Y51.219 E.11025
M204 S10000
G1 E-.8 F1800
G1 X60.721 Y52.846 Z5.6 F7200
G1 Z5.2
G1 E.8 F1800
M204 S500
;TYPE:Internal solid infill
G1 F1473.915
G1 X61.102 Y53.405 E.02292
G1 X61.287 Y53.642 E.01016
G1 X62.462 Y52.559 E.05409
G1 X62.229 Y52.233 E.01355
G1 X60.758 Y52.831 E.05377
M204 S10000
G1 X61.369 Y52.99 F7200
M204 S500
;WIDTH:0.45317
G1 F1462.523
G1 X61.318 Y52.99 E.00175
G1 X61.292 Y53.034 E.00175
G1 X61.318 Y53.079 E.00175
G1 X61.375 Y53.069 E.00197
M204 S10000
G1 E-.8 F1800
G1 X53.846 Y53.129 Z5.6 F7200
G1 Z5.2
G1 E.8 F1800
M204 S1500
;TYPE:Inner wall
;WIDTH:0.449999
G1 F1473.915
G1 X53.089 Y51.071 E.07423
G1 X66.248 Y46.231 E.47458
G1 X67.005 Y48.289 E.07423
G1 X53.883 Y53.115 E.47324
M204 S500
G1 X53.592 Y53.679 F7200
;TYPE:Outer wall
G1 F1473.915
G1 X52.539 Y50.817 E.10324
G1 X66.502 Y45.681 E.50359
G1 X67.556 Y48.544 E.10324
G1 X53.629 Y53.665 E.50226
M204 S10000
G1 X53.742 Y51.843 F7200
M204 S500
;TYPE:Sparse infill
;WIDTH:0.45
G1 F1473.913
G1 X53.533 Y51.276 E.02045
G1 X54.494 Y50.923 E.03467
G1 X54.557 Y50.985 E.00299
G1 X55.941 Y51.99 E.05789
G1 X58.004 Y51.231 E.07443
G1 X57.666 Y50.985 E.01417
G1 X57.453 Y50.772 E.01019
G1 X56.915 Y50.032 E.03095
G1 X58.444 Y49.47 E.05512
M204 S10000
G1 E-.8 F1800
G1 X61.814 Y49.83 Z5.6 F7200
G1 Z5.2
G1 E.8 F1800
M204 S500
G1 F1473.913
G1 X60.285 Y50.392 E.05512
G1 X59.433 Y49.218 E.04912
G1 X59.351 Y49.137 E.0039
G1 X61.448 Y48.365 E.07561
G1 X62.329 Y49.005 E.03685
G1 X62.542 Y49.218 E.01019
G1 X62.739 Y49.49 E.01137
G1 X64.973 Y48.668 E.08058
G1 X63.883 Y47.876 E.04561
G1 X63.67 Y47.664 E.01019
G1 X63.604 Y47.572 E.00381
G1 X65.132 Y47.01 E.05512
; stop printing object fidget-finger-massager-2000-roller_round.stl id:15 copy 0
M106 S247
;LAYER_CHANGE
;Z:5.4
;HEIGHT:0.2
G92 E0
;_SET_FAN_SPEED_CHANGING_LAYER
; printing object fidget-finger-massager-2000-roller_round.stl id:15 copy 0
M204 S10000
G1 E-.8 F1800
G1 X60.576 Y46.674 Z5.8 F7200
G1 Z5.4
G1 E.8 F1800
M204 S1500
;TYPE:Inner wall
;WIDTH:0.449999
G1 F1473.915
G1 X58.1 Y47.492 E.08827
G1 X58.069 Y47.334 E.00545
G1 X57.939 Y46.162 E.0399
G1 X57.908 Y45.34 E.02784
G1 X60.492 Y45.444 E.08753
G1 X60.523 Y46.087 E.02178
G1 X60.573 Y46.635 E.01861
M204 S500
G1 X61.062 Y46.97 F7200
;TYPE:Outer wall
G1 F1473.915
G1 X57.773 Y48.051 E.11717
G1 X57.646 Y47.405 E.02227
G1 X57.513 Y46.222 E.04029
G1 X57.479 Y45.421 E.02715
G1 X57.482 Y44.894 E.01782
G1 X60.925 Y45.033 E.11663
G1 X60.918 Y45.377 E.01166
G1 X60.949 Y46.046 E.02265
G1 X61.057 Y46.931 E.03017
M204 S10000
G1 E-.8 F1800
G1 X58.436 Y46.953 Z5.8 F7200
G1 Z5.4
G1 E.8 F1800
M204 S500
;TYPE:Internal solid infill
G1 F1473.915
G1 X60.147 Y46.391 E.06095
G1 X60.107 Y45.836 E.01884
G1 X58.33 Y45.765 E.06019
G1 X58.367 Y46.343 E.0196
M73 P12 R18
G1 X58.432 Y46.914 E.01945
M204 S10000
G1 X58.901 Y46.222 F7200
M204 S500
;WIDTH:0.635724
G1 F1012.139
G1 X58.827 Y46.222 E.00365
G1 X58.79 Y46.287 E.00365
G1 X58.827 Y46.351 E.00365
G1 X58.901 Y46.351 E.00365
G1 X58.918 Y46.321 E.00168
M204 S10000
G1 E-.8 F1800
G1 X62.409 Y51.653 Z5.8 F7200
G1 Z5.4
G1 E.8 F1800
M204 S1500
;TYPE:Inner wall
;WIDTH:0.449999
G1 F1473.915
G1 X62.422 Y51.657 E.00047
G1 X62.788 Y52.18 E.02162
G1 X63.13 Y52.618 E.01883
G1 X61.23 Y54.372 E.08753
G1 X60.701 Y53.701 E.02892
G1 X60.255 Y53.061 E.0264
G1 X59.976 Y52.611 E.01793
G1 X62.359 Y51.638 E.08713
G1 X62.37 Y51.641 E.0004
M204 S500
G1 X62.576 Y51.087 F7200
;TYPE:Outer wall
G1 F1473.915
G1 X62.774 Y51.412 E.01287
G1 X63.126 Y51.916 E.02083
G1 X63.727 Y52.652 E.03214
G1 X61.194 Y54.988 E.11663
G1 X60.844 Y54.579 E.01821
G1 X60.246 Y53.797 E.03332
G1 X59.885 Y53.277 E.02145
G1 X59.364 Y52.398 E.03459
G1 X62.539 Y51.102 E.11609
M204 S10000
G1 E-.8 F1800
G1 X60.576 Y52.806 Z5.8 F7200
G1 Z5.4
G1 E.8 F1800
M204 S500
;TYPE:Internal solid infill
G1 F1473.915
G1 X60.932 Y53.32 E.02116
G1 X61.276 Y53.775 E.01933
G1 X62.583 Y52.57 E.06019
G1 X62.254 Y52.121 E.01884
G1 X60.613 Y52.791 E.06
M204 S10000
G1 X61.379 Y52.969 F7200
M204 S500
;WIDTH:0.63677
G1 F1010.356
G1 X61.305 Y52.969 E.00367
G1 X61.268 Y53.033 E.00367
G1 X61.305 Y53.098 E.00367
G1 X61.379 Y53.098 E.00367
G1 X61.396 Y53.068 E.00169
M204 S10000
G1 E-.8 F1800
G1 X53.765 Y53.171 Z5.8 F7200
G1 X53.729 Y53.172 Z5.8
G1 Z5.4
G1 E.8 F1800
M204 S1500
;TYPE:Inner wall
;WIDTH:0.449999
G1 F1473.915
G1 X52.972 Y51.114 E.07423
G1 X66.262 Y46.226 E.47929
G1 X67.019 Y48.284 E.07423
G1 X53.767 Y53.158 E.47794
M204 S500
G1 X53.475 Y53.722 F7200
;TYPE:Outer wall
G1 F1473.915
G1 X52.422 Y50.86 E.10324
G1 X66.516 Y45.676 E.5083
G1 X67.569 Y48.539 E.10324
G1 X53.513 Y53.708 E.50695
M204 S10000
G1 X54.291 Y52.597 F7200
M204 S500
;TYPE:Sparse infill
;WIDTH:0.45
G1 F1473.913
G1 X55.819 Y52.035 E.05512
G1 X54.65 Y50.866 E.05597
G1 X56.923 Y50.03 E.08197
G1 X58.092 Y51.199 E.05597
G1 X60.365 Y50.363 E.08197
G1 X59.196 Y49.194 E.05597
G1 X61.469 Y48.358 E.08197
G1 X62.638 Y49.527 E.05597
G1 X64.911 Y48.691 E.08197
G1 X63.742 Y47.522 E.05597
G1 X65.27 Y46.96 E.05512
; stop printing object fidget-finger-massager-2000-roller_round.stl id:15 copy 0
;LAYER_CHANGE
;Z:5.6
;HEIGHT:0.2
G92 E0
;_SET_FAN_SPEED_CHANGING_LAYER
; printing object fidget-finger-massager-2000-roller_round.stl id:15 copy 0
M204 S10000
G1 E-.8 F1800
G1 X62.417 Y51.568 Z6 F7200
G1 Z5.6
G1 E.8 F1800
M204 S1500
;TYPE:Inner wall
;WIDTH:0.449999
G1 F1473.915
G1 X62.823 Y52.155 E.02416
G1 X63.189 Y52.624 E.02016
G1 X61.227 Y54.434 E.09038
G1 X60.666 Y53.726 E.03057
G1 X60.219 Y53.085 E.02647
G1 X59.912 Y52.591 E.01968
G1 X62.38 Y51.583 E.09022
M204 S500
G1 X62.594 Y51.032 F7200
;TYPE:Outer wall
G1 F1473.915
G1 X62.81 Y51.388 E.01408
G1 X63.16 Y51.891 E.02075
G1 X63.788 Y52.655 E.03347
G1 X61.191 Y55.05 E.11959
G1 X60.81 Y54.606 E.01982
G1 X60.211 Y53.822 E.03337
G1 X59.848 Y53.3 E.02154
G1 X59.306 Y52.375 E.03627
G1 X62.557 Y51.047 E.11886
M204 S10000
G1 E-.8 F1800
G1 X60.512 Y52.785 Z6 F7200
G1 Z5.6
G1 E.8 F1800
M204 S500
;TYPE:Internal solid infill
G1 F1473.915
G1 X60.896 Y53.345 E.02297
G1 X61.271 Y53.839 E.02101
G1 X62.642 Y52.575 E.06311
G1 X62.269 Y52.068 E.02131
G1 X60.549 Y52.77 E.06289
M204 S10000
G1 X61.278 Y52.876 F7200
M204 S500
;WIDTH:0.383245
G1 F1763.021
G1 X61.081 Y52.957 E.00602
G1 X61.316 Y53.29 E.01153
G1 X62.14 Y52.527 E.03178
G1 X61.315 Y52.861 E.02518
M204 S10000
G1 E-.8 F1800
G1 X60.629 Y46.707 Z6 F7200
G1 Z5.6
G1 E.8 F1800
M204 S1500
;TYPE:Inner wall
;WIDTH:0.449999
G1 F1473.915
G1 X58.059 Y47.551 E.09157
G1 X57.971 Y46.963 E.02011
G1 X57.896 Y46.175 E.02679
G1 X57.865 Y45.295 E.02982
G1 X60.533 Y45.402 E.09038
G1 X60.565 Y46.083 E.02306
G1 X60.625 Y46.667 E.0199
M204 S500
G1 X61.111 Y47 F7200
;TYPE:Outer wall
G1 F1473.915
G1 X57.737 Y48.107 E.12021
G1 X57.666 Y47.82 E.01
G1 X57.547 Y47.028 E.02712
G1 X57.47 Y46.227 E.02725
G1 X57.436 Y45.421 E.02728
G1 X57.439 Y44.849 E.01939
G1 X60.97 Y44.991 E.11959
G1 X60.961 Y45.377 E.01307
G1 X60.992 Y46.042 E.02253
G1 X61.106 Y46.96 E.03134
M204 S10000
G1 E-.8 F1800
G1 X58.399 Y47.011 Z6 F7200
G1 Z5.6
G1 E.8 F1800
M204 S500
;TYPE:Internal solid infill
G1 F1473.915
G1 X60.193 Y46.422 E.06393
G1 X60.148 Y45.794 E.02131
G1 X58.285 Y45.719 E.06311
G1 X58.324 Y46.347 E.0213
G1 X58.394 Y46.971 E.02125
M204 S10000
G1 X58.718 Y46.513 F7200
M204 S500
;WIDTH:0.382809
G1 F1765.282
G1 X59.797 Y46.156 E.03211
G1 X58.675 Y46.108 E.03174
G1 X58.714 Y46.473 E.01036
M204 S10000
G1 E-.8 F1800
G1 X54.113 Y52.562 Z6 F7200
G1 X53.622 Y53.211 Z6
G1 Z5.6
G1 E.8 F1800
M204 S1500
;TYPE:Inner wall
;WIDTH:0.449999
G1 F1473.915
G1 X52.865 Y51.153 E.07423
G1 X66.371 Y46.186 E.48711
G1 X67.128 Y48.244 E.07423
G1 X53.66 Y53.198 E.48575
M204 S500
G1 X53.368 Y53.762 F7200
;TYPE:Outer wall
G1 F1473.915
G1 X52.315 Y50.899 E.10324
G1 X66.626 Y45.636 E.51612
G1 X67.679 Y48.498 E.10324
M73 P13 R18
G1 X53.405 Y53.748 E.51476
M204 S10000
G1 E-.8 F1800
G1 X53.378 Y51.546 Z6 F7200
G1 Z5.6
G1 E.8 F1800
M204 S500
;TYPE:Sparse infill
;WIDTH:0.45
G1 F1473.913
G1 X53.309 Y51.359 E.00677
G1 X54.65 Y50.866 E.04835
G1 X55.819 Y52.035 E.05597
G1 X58.092 Y51.199 E.08197
G1 X56.923 Y50.03 E.05597
G1 X59.196 Y49.194 E.08197
G1 X60.365 Y50.363 E.05597
G1 X62.638 Y49.527 E.08197
G1 X61.469 Y48.358 E.05597
G1 X62.997 Y47.796 E.05512
M204 S10000
G1 E-.8 F1800
G1 X66.439 Y48.129 Z6 F7200
G1 Z5.6
G1 E.8 F1800
M204 S500
G1 F1473.913
G1 X66.684 Y48.039 E.00885
G1 X66.287 Y46.959 E.03896
G1 X66.014 Y46.686 E.01305
G1 X63.742 Y47.522 E.08197
G1 X64.911 Y48.691 E.05597
G1 X66.439 Y48.129 E.05512
; stop printing object fidget-finger-massager-2000-roller_round.stl id:15 copy 0
M106 S245
;LAYER_CHANGE
;Z:5.8
;HEIGHT:0.2
G92 E0
;_SET_FAN_SPEED_CHANGING_LAYER
; printing object fidget-finger-massager-2000-roller_round.stl id:15 copy 0
M204 S10000
G1 E-.8 F1800
M73 P13 R17
G1 X60.642 Y46.71 Z6.2 F7200
G1 Z5.8
G1 E.8 F1800
M204 S1500
;TYPE:Inner wall
;WIDTH:0.449999
G1 F1473.915
G1 X58.049 Y47.562 E.09238
G1 X57.959 Y46.964 E.02047
G1 X57.884 Y46.176 E.02679
G1 X57.854 Y45.288 E.03008
G1 X60.545 Y45.396 E.09117
G1 X60.578 Y46.081 E.02321
G1 X60.638 Y46.67 E.02004
M204 S500
G1 X61.12 Y47.004 F7200
;TYPE:Outer wall
G1 F1473.915
G1 X57.73 Y48.118 E.12079
G1 X57.655 Y47.821 E.01035
G1 X57.535 Y47.03 E.02709
G1 X57.457 Y46.228 E.02728
G1 X57.424 Y45.423 E.02728
G1 X57.431 Y44.842 E.01966
G1 X60.978 Y44.985 E.12016
G1 X60.974 Y45.378 E.0133
G1 X61.004 Y46.04 E.02244
G1 X61.115 Y46.964 E.03151
M204 S10000
G1 E-.8 F1800
G1 X58.388 Y47.022 Z6.2 F7200
G1 Z5.8
G1 E.8 F1800
M204 S500
;TYPE:Internal solid infill
G1 F1473.915
G1 X60.206 Y46.425 E.06477
G1 X60.16 Y45.788 E.0216
G1 X58.272 Y45.712 E.06395
G1 X58.312 Y46.349 E.02161
G1 X58.384 Y46.982 E.02156
M204 S10000
G1 X58.711 Y46.519 F7200
M204 S500
;WIDTH:0.390406
G1 F1726.688
G1 X59.804 Y46.155 E.03329
G1 X58.666 Y46.105 E.03291
G1 X58.706 Y46.479 E.01086
M204 S10000
G1 E-.8 F1800
G1 X66.187 Y47.996 Z6.2 F7200
G1 X67.229 Y48.207 Z6.2
G1 Z5.8
G1 E.8 F1800
M204 S1500
;TYPE:Inner wall
;WIDTH:0.449999
G1 F1473.915
G1 X53.037 Y53.427 E.51184
G1 X52.289 Y51.365 E.07423
G1 X66.472 Y46.149 E.51153
G1 X67.215 Y48.17 E.07287
M204 S500
G1 X67.779 Y48.461 F7200
;TYPE:Outer wall
G1 F1473.915
G1 X52.969 Y53.908 E.53414
M204 S250
;TYPE:Overhang wall
M106 S255
G1 X52.781 Y53.977 E.00678
G1 X51.741 Y51.11 E.10324
G1 X51.916 Y51.046 E.00634
M204 S500
;TYPE:Outer wall
M106 S245
G1 X66.727 Y45.599 E.53414
G1 X67.765 Y48.424 E.10188
M204 S10000
G1 X66.119 Y48.247 F7200
M204 S500
;TYPE:Sparse infill
;WIDTH:0.45
G1 F1473.913
G1 X66.785 Y48.002 E.02402
G1 X66.468 Y47.14 E.0311
G1 X66.014 Y46.686 E.02171
G1 X63.742 Y47.522 E.08197
G1 X64.911 Y48.691 E.05597
G1 X62.638 Y49.527 E.08197
G1 X61.469 Y48.358 E.05597
G1 X59.196 Y49.194 E.08197
G1 X60.365 Y50.363 E.05597
G1 X58.092 Y51.199 E.08197
G1 X56.923 Y50.03 E.05597
G1 X54.65 Y50.866 E.08197
G1 X55.819 Y52.035 E.05597
G1 X53.546 Y52.871 E.08197
G1 X53.008 Y52.332 E.02577
G1 X52.732 Y51.571 E.02741
G1 X53.5 Y51.288 E.02771
M204 S10000
G1 E-.8 F1800
G1 X61.129 Y51.519 Z6.2 F7200
G1 X62.425 Y51.559 Z6.2
G1 Z5.8
G1 E.8 F1800
M204 S1500
;TYPE:Inner wall
;WIDTH:0.449999
G1 F1473.915
G1 X62.832 Y52.146 E.02417
G1 X63.202 Y52.621 E.02039
G1 X61.223 Y54.447 E.09117
G1 X60.656 Y53.733 E.03084
G1 X60.209 Y53.091 E.02649
G1 X59.898 Y52.589 E.02001
G1 X62.388 Y51.574 E.09104
M204 S500
G1 X62.599 Y51.025 F7200
;TYPE:Outer wall
G1 F1473.915
G1 X62.819 Y51.379 E.0141
G1 X63.169 Y51.882 E.02075
G1 X63.799 Y52.653 E.0337
G1 X61.19 Y55.06 E.12016
G1 X60.798 Y54.611 E.02017
G1 X60.201 Y53.829 E.03331
G1 X59.837 Y53.306 E.02158
G1 X59.294 Y52.372 E.03656
G1 X62.562 Y51.04 E.11944
M204 S10000
G1 E-.8 F1800
G1 X60.497 Y52.784 Z6.2 F7200
G1 Z5.8
G1 E.8 F1800
M204 S500
;TYPE:Internal solid infill
G1 F1473.915
G1 X60.886 Y53.352 E.02329
G1 X61.266 Y53.853 E.02129
G1 X62.655 Y52.572 E.06395
G1 X62.278 Y52.058 E.02156
G1 X60.534 Y52.769 E.06374
M204 S10000
G1 X61.273 Y52.875 F7200
M204 S500
;WIDTH:0.390545
G1 F1725.998
G1 X61.072 Y52.957 E.00628
G1 X61.311 Y53.298 E.01204
G1 X62.147 Y52.523 E.03294
G1 X61.31 Y52.86 E.02608
; stop printing object fidget-finger-massager-2000-roller_round.stl id:15 copy 0
;LAYER_CHANGE
;Z:6
;HEIGHT:0.2
G92 E0
;_SET_FAN_SPEED_CHANGING_LAYER
; printing object fidget-finger-massager-2000-roller_round.stl id:15 copy 0
M204 S10000
G1 E-.8 F1800
G1 X60.642 Y46.71 Z6.4 F7200
G1 Z6
M73 P14 R17
G1 E.8 F1800
M204 S1500
;TYPE:Inner wall
;WIDTH:0.449999
G1 F1473.915
G1 X58.049 Y47.562 E.09238
G1 X57.959 Y46.965 E.02043
G1 X57.884 Y46.177 E.02681
G1 X57.854 Y45.288 E.0301
G1 X60.544 Y45.397 E.09113
G1 X60.578 Y46.081 E.02316
G1 X60.638 Y46.67 E.02005
M204 S500
G1 X61.12 Y47.004 F7200
;TYPE:Outer wall
G1 F1473.915
G1 X57.73 Y48.118 E.12079
G1 X57.655 Y47.821 E.01035
G1 X57.535 Y47.031 E.02706
G1 X57.457 Y46.228 E.02729
G1 X57.424 Y45.423 E.02729
G1 X57.431 Y44.842 E.01967
G1 X60.978 Y44.985 E.12016
G1 X60.974 Y45.379 E.01336
G1 X61.004 Y46.039 E.02236
G1 X61.115 Y46.964 E.03153
M204 S10000
G1 E-.8 F1800
G1 X58.388 Y47.022 Z6.4 F7200
G1 Z6
G1 E.8 F1800
M204 S500
;TYPE:Internal solid infill
G1 F1473.915
G1 X60.206 Y46.425 E.06477
G1 X60.16 Y45.788 E.0216
G1 X58.272 Y45.712 E.06395
G1 X58.312 Y46.349 E.02161
G1 X58.384 Y46.982 E.02156
M204 S10000
G1 X58.711 Y46.519 F7200
M204 S500
;WIDTH:0.390411
G1 F1726.663
G1 X59.804 Y46.155 E.0333
G1 X58.666 Y46.105 E.03291
G1 X58.706 Y46.479 E.01086
M204 S10000
G1 E-.8 F1800
G1 X62.427 Y51.561 Z6.4 F7200
G1 Z6
G1 E.8 F1800
M204 S1500
;TYPE:Inner wall
;WIDTH:0.449999
G1 F1473.915
G1 X62.829 Y52.143 E.02394
G1 X63.201 Y52.62 E.02047
G1 X61.223 Y54.447 E.09113
G1 X60.656 Y53.733 E.03086
G1 X60.208 Y53.09 E.0265
G1 X59.898 Y52.589 E.01995
G1 X62.39 Y51.576 E.09105
M204 S500
G1 X62.601 Y51.028 F7200
;TYPE:Outer wall
G1 F1473.915
G1 X62.816 Y51.375 E.01381
G1 X63.167 Y51.879 E.02081
G1 X63.799 Y52.653 E.03382
G1 X61.19 Y55.06 E.12016
G1 X60.798 Y54.611 E.02018
G1 X60.201 Y53.83 E.03327
G1 X59.837 Y53.305 E.02164
G1 X59.294 Y52.372 E.03652
G1 X62.564 Y51.043 E.11946
M204 S10000
G1 E-.8 F1800
G1 X60.498 Y52.785 Z6.4 F7200
G1 Z6
G1 E.8 F1800
M204 S500
;TYPE:Internal solid infill
G1 F1473.915
G1 X60.887 Y53.352 E.02328
G1 X61.266 Y53.853 E.02127
G1 X62.655 Y52.572 E.06395
G1 X62.28 Y52.061 E.02146
G1 X60.535 Y52.77 E.06376
M204 S10000
G1 X61.273 Y52.877 F7200
M204 S500
;WIDTH:0.389838
G1 F1729.516
G1 X61.072 Y52.958 E.00626
G1 X61.311 Y53.298 E.01199
G1 X62.149 Y52.523 E.03292
G1 X61.31 Y52.862 E.0261
M204 S10000
G1 E-.8 F1800
G1 X67.327 Y48.171 Z6.4 F7200
G1 Z6
G1 E.8 F1800
M204 S1500
;TYPE:Inner wall
;WIDTH:0.449999
G1 F1473.915
G1 X52.53 Y53.613 E.53364
G1 X51.771 Y51.556 E.07423
G1 X66.57 Y46.113 E.53373
G1 X67.313 Y48.134 E.07287
M204 S500
G1 X67.877 Y48.426 F7200
;TYPE:Outer wall
G1 F1473.915
G1 X52.381 Y54.125 E.55888
M204 S250
;TYPE:Overhang wall
M106 S255
G1 X52.276 Y54.163 E.00376
G1 X51.22 Y51.302 E.10324
G1 X51.341 Y51.257 E.00436
M204 S500
;TYPE:Outer wall
M106 S245
G1 X66.824 Y45.563 E.5584
G1 X67.863 Y48.388 E.10188
M204 S10000
G1 E-.8 F1800
G1 X64.486 Y47.248 Z6.4 F7200
G1 Z6
G1 E.8 F1800
M204 S500
;TYPE:Sparse infill
;WIDTH:0.45
G1 F1473.913
G1 X66.014 Y46.686 E.05512
G1 X66.643 Y47.315 E.03009
G1 X66.883 Y47.966 E.02349
G1 X64.911 Y48.691 E.07112
G1 X63.742 Y47.522 E.05597
G1 X61.469 Y48.358 E.08197
G1 X62.638 Y49.527 E.05597
G1 X64.166 Y48.965 E.05512
M204 S10000
G1 E-.8 F1800
G1 X60.724 Y48.632 Z6.4 F7200
G1 Z6
G1 E.8 F1800
M204 S500
G1 F1473.913
G1 X59.196 Y49.194 E.05512
G1 X60.365 Y50.363 E.05597
G1 X58.092 Y51.199 E.08197
G1 X56.923 Y50.03 E.05597
G1 X58.451 Y49.468 E.05512
M204 S10000
G1 E-.8 F1800
G1 X57.347 Y51.473 Z6.4 F7200
G1 Z6
G1 E.8 F1800
M204 S500
G1 F1473.913
G1 X55.819 Y52.035 E.05512
G1 X54.65 Y50.866 E.05597
G1 X52.377 Y51.701 E.08197
G1 X53.546 Y52.871 E.05597
G1 X52.735 Y53.169 E.02926
G1 X52.471 Y52.452 E.02586
; stop printing object fidget-finger-massager-2000-roller_round.stl id:15 copy 0
;LAYER_CHANGE
;Z:6.2
;HEIGHT:0.2
G92 E0
;_SET_FAN_SPEED_CHANGING_LAYER
; printing object fidget-finger-massager-2000-roller_round.stl id:15 copy 0
M204 S10000
G1 E-.8 F1800
G1 X59.804 Y50.336 Z6.6 F7200
G1 X67.416 Y48.138 Z6.6
G1 Z6.2
G1 E.8 F1800
M204 S1500
;TYPE:Inner wall
;WIDTH:0.449999
G1 F1473.915
G1 X52.32 Y53.69 E.54444
G1 X51.563 Y51.632 E.07423
G1 X66.659 Y46.08 E.54443
G1 X67.402 Y48.101 E.07287
M204 S500
G1 X67.966 Y48.393 F7200
;TYPE:Outer wall
G1 F1473.915
G1 X52.066 Y54.24 E.57345
G1 X51.013 Y51.378 E.10324
M73 P15 R17
G1 X66.913 Y45.53 E.57344
G1 X67.952 Y48.355 E.10188
M204 S10000
G1 E-.8 F1800
G1 X64.486 Y47.248 Z6.6 F7200
G1 Z6.2
G1 E.8 F1800
M204 S500
;TYPE:Sparse infill
;WIDTH:0.45
G1 F1473.913
G1 X66.014 Y46.686 E.05512
G1 X66.803 Y47.475 E.03776
G1 X66.972 Y47.933 E.01653
G1 X64.911 Y48.691 E.07433
G1 X63.742 Y47.522 E.05597
G1 X61.469 Y48.358 E.08197
G1 X62.638 Y49.527 E.05597
G1 X61.11 Y50.089 E.05512
M204 S10000
G1 X60.724 Y48.632 F7200
M204 S500
G1 F1473.913
G1 X59.196 Y49.194 E.05512
G1 X60.365 Y50.363 E.05597
G1 X58.092 Y51.199 E.08197
G1 X56.923 Y50.03 E.05597
G1 X54.65 Y50.866 E.08197
G1 X55.819 Y52.035 E.05597
G1 X53.546 Y52.871 E.08197
G1 X52.377 Y51.701 E.05597
G1 X52.007 Y51.837 E.01333
G1 X52.433 Y52.996 E.04178
M204 S10000
G1 E-.8 F1800
G1 X58.493 Y48.355 Z6.6 F7200
G1 X60.642 Y46.71 Z6.6
G1 Z6.2
G1 E.8 F1800
M204 S1500
;TYPE:Inner wall
;WIDTH:0.449999
G1 F1473.915
G1 X58.049 Y47.562 E.09238
G1 X57.959 Y46.966 E.0204
G1 X57.884 Y46.177 E.02682
G1 X57.854 Y45.288 E.03013
G1 X60.542 Y45.4 E.09106
G1 X60.578 Y46.08 E.02308
G1 X60.638 Y46.67 E.02006
M204 S500
G1 X61.12 Y47.004 F7200
;TYPE:Outer wall
G1 F1473.915
G1 X57.73 Y48.118 E.12079
G1 X57.655 Y47.821 E.01035
G1 X57.535 Y47.032 E.02703
G1 X57.457 Y46.229 E.0273
G1 X57.424 Y45.423 E.0273
G1 X57.431 Y44.842 E.01968
G1 X60.978 Y44.985 E.12016
G1 X60.974 Y45.381 E.01342
G1 X61.004 Y46.039 E.02228
G1 X61.115 Y46.964 E.03154
M204 S10000
G1 E-.8 F1800
G1 X58.388 Y47.022 Z6.6 F7200
G1 Z6.2
G1 E.8 F1800
M204 S500
;TYPE:Internal solid infill
G1 F1473.915
G1 X60.206 Y46.425 E.06478
G1 X60.16 Y45.788 E.0216
G1 X58.272 Y45.712 E.06395
G1 X58.312 Y46.349 E.02161
G1 X58.384 Y46.982 E.02156
M204 S10000
G1 X58.711 Y46.519 F7200
M204 S500
;WIDTH:0.390414
G1 F1726.649
G1 X59.804 Y46.155 E.0333
G1 X58.666 Y46.105 E.03292
G1 X58.706 Y46.479 E.01086
M204 S10000
G1 E-.8 F1800
G1 X62.403 Y51.574 Z6.6 F7200
G1 Z6.2
G1 E.8 F1800
M204 S1500
;TYPE:Inner wall
;WIDTH:0.449999
G1 F1473.915
G1 X62.461 Y51.615 E.0024
G1 X62.827 Y52.14 E.02167
G1 X63.198 Y52.62 E.02053
G1 X61.223 Y54.447 E.09106
G1 X60.655 Y53.732 E.03088
G1 X60.208 Y53.09 E.02651
G1 X59.898 Y52.59 E.0199
G1 X62.366 Y51.589 E.09012
M204 S500
G1 X62.603 Y51.031 F7200
;TYPE:Outer wall
G1 F1473.915
G1 X62.813 Y51.37 E.01351
G1 X63.165 Y51.876 E.02087
G1 X63.799 Y52.653 E.03394
G1 X61.19 Y55.06 E.12016
G1 X60.798 Y54.611 E.02019
G1 X60.202 Y53.831 E.03323
G1 X59.836 Y53.304 E.02169
G1 X59.294 Y52.372 E.03648
G1 X62.565 Y51.046 E.11947
M204 S10000
G1 E-.8 F1800
G1 X60.498 Y52.786 Z6.6 F7200
G1 Z6.2
G1 E.8 F1800
M204 S500
;TYPE:Internal solid infill
G1 F1473.915
G1 X60.887 Y53.353 E.02327
G1 X61.266 Y53.853 E.02124
G1 X62.655 Y52.572 E.06395
G1 X62.282 Y52.063 E.02137
G1 X60.535 Y52.771 E.06378
M204 S10000
G1 X61.273 Y52.878 F7200
M204 S500
;WIDTH:0.389136
G1 F1733.022
G1 X61.072 Y52.96 E.00624
G1 X61.311 Y53.299 E.01195
G1 X62.151 Y52.523 E.03291
G1 X61.31 Y52.863 E.02611
; stop printing object fidget-finger-massager-2000-roller_round.stl id:15 copy 0
;LAYER_CHANGE
;Z:6.4
;HEIGHT:0.2
G92 E0
;_SET_FAN_SPEED_CHANGING_LAYER
; printing object fidget-finger-massager-2000-roller_round.stl id:15 copy 0
M204 S10000
G1 E-.8 F1800
G1 X53.711 Y53.578 Z6.8 F7200
G1 X52.251 Y53.716 Z6.8
G1 Z6.4
G1 E.8 F1800
M204 S1500
;TYPE:Inner wall
;WIDTH:0.449999
G1 F1473.915
G1 X51.495 Y51.657 E.07423
G1 X67.195 Y45.883 E.56622
G1 X67.946 Y47.944 E.07423
G1 X52.289 Y53.702 E.56468
M204 S500
G1 X51.997 Y54.266 F7200
;TYPE:Outer wall
G1 F1473.915
G1 X50.945 Y51.403 E.10324
G1 X67.312 Y45.384 E.59029
M204 S250
;TYPE:Overhang wall
M106 S255
G1 X67.45 Y45.333 E.00497
G1 X68.495 Y48.198 E.10324
G1 X68.365 Y48.246 E.00469
M204 S500
;TYPE:Outer wall
M106 S245
G1 X52.034 Y54.252 E.58897
M204 S10000
G1 X52.295 Y52.833 F7200
M204 S500
;TYPE:Sparse infill
;WIDTH:0.45
G1 F1473.913
G1 X52.457 Y53.271 E.01581
G1 X53.546 Y52.871 E.0393
G1 X52.377 Y51.701 E.05597
G1 X54.65 Y50.866 E.08197
G1 X55.819 Y52.035 E.05597
G1 X58.092 Y51.199 E.08197
G1 X56.923 Y50.03 E.05597
G1 X59.196 Y49.194 E.08197
G1 X60.365 Y50.363 E.05597
G1 X62.638 Y49.527 E.08197
G1 X61.469 Y48.358 E.05597
G1 X63.742 Y47.522 E.08197
G1 X64.911 Y48.691 E.05597
G1 X67.184 Y47.855 E.08197
G1 X66.014 Y46.686 E.05597
G1 X66.988 Y46.328 E.03513
M73 P16 R17
G1 X67.191 Y46.883 E.01999
M204 S10000
G1 E-.8 F1800
G1 X62.425 Y51.557 Z6.8 F7200
G1 Z6.4
G1 E.8 F1800
M204 S1500
;TYPE:Inner wall
;WIDTH:0.449999
G1 F1473.915
G1 X62.825 Y52.137 E.02383
G1 X63.202 Y52.621 E.02077
G1 X61.223 Y54.447 E.09117
G1 X60.655 Y53.732 E.03091
G1 X60.207 Y53.089 E.02652
G1 X59.897 Y52.588 E.01992
G1 X62.388 Y51.572 E.09106
M204 S500
G1 X62.598 Y51.024 F7200
;TYPE:Outer wall
G1 F1473.915
G1 X62.83 Y51.397 E.01486
G1 X63.163 Y51.873 E.01967
G1 X63.799 Y52.653 E.03406
G1 X61.19 Y55.06 E.12016
G1 X60.798 Y54.61 E.0202
G1 X60.2 Y53.829 E.03329
G1 X59.836 Y53.303 E.02166
G1 X59.294 Y52.372 E.03647
G1 X62.561 Y51.039 E.11944
M204 S10000
G1 E-.8 F1800
G1 X60.497 Y52.784 Z6.8 F7200
G1 Z6.4
G1 E.8 F1800
M204 S500
;TYPE:Internal solid infill
G1 F1473.915
G1 X60.886 Y53.351 E.02329
G1 X61.266 Y53.853 E.02131
G1 X62.655 Y52.572 E.06395
G1 X62.277 Y52.057 E.0216
G1 X60.534 Y52.768 E.06372
M204 S10000
G1 X61.273 Y52.875 F7200
M204 S500
;WIDTH:0.390872
G1 F1724.376
G1 X61.071 Y52.957 E.00629
G1 X61.311 Y53.297 E.01206
G1 X62.146 Y52.523 E.03294
G1 X61.31 Y52.86 E.02608
M204 S10000
G1 E-.8 F1800
G1 X60.642 Y46.71 Z6.8 F7200
G1 Z6.4
G1 E.8 F1800
M204 S1500
;TYPE:Inner wall
;WIDTH:0.449999
G1 F1473.915
G1 X58.049 Y47.562 E.09238
G1 X57.959 Y46.967 E.02036
G1 X57.884 Y46.178 E.02683
G1 X57.854 Y45.288 E.03015
G1 X60.546 Y45.401 E.09118
G1 X60.577 Y46.08 E.023
G1 X60.638 Y46.67 E.02008
M204 S500
G1 X61.12 Y47.004 F7200
;TYPE:Outer wall
G1 F1473.915
G1 X57.73 Y48.118 E.12079
G1 X57.655 Y47.821 E.01035
G1 X57.535 Y47.033 E.02699
G1 X57.458 Y46.23 E.02731
G1 X57.424 Y45.424 E.02731
G1 X57.431 Y44.842 E.01969
G1 X60.978 Y44.985 E.12016
G1 X60.974 Y45.383 E.01348
G1 X61.004 Y46.038 E.0222
G1 X61.115 Y46.964 E.03156
M204 S10000
G1 E-.8 F1800
G1 X58.388 Y47.022 Z6.8 F7200
G1 Z6.4
G1 E.8 F1800
M204 S500
;TYPE:Internal solid infill
G1 F1473.915
G1 X60.206 Y46.424 E.06478
G1 X60.16 Y45.788 E.0216
G1 X58.272 Y45.712 E.06395
G1 X58.312 Y46.349 E.02161
G1 X58.383 Y46.982 E.02156
M204 S10000
G1 X58.711 Y46.519 F7200
M204 S500
;WIDTH:0.390418
G1 F1726.629
G1 X59.805 Y46.155 E.03331
G1 X58.666 Y46.105 E.03292
G1 X58.706 Y46.479 E.01086
; stop printing object fidget-finger-massager-2000-roller_round.stl id:15 copy 0
;LAYER_CHANGE
;Z:6.6
;HEIGHT:0.2
G92 E0
;_SET_FAN_SPEED_CHANGING_LAYER
; printing object fidget-finger-massager-2000-roller_round.stl id:15 copy 0
M204 S10000
G1 E-.8 F1800
G1 X53.63 Y52.179 Z7 F7200
G1 X52.266 Y53.71 Z7
G1 Z6.6
G1 E.8 F1800
M204 S1500
;TYPE:Inner wall
;WIDTH:0.449999
G1 F1473.915
G1 X51.509 Y51.652 E.07423
G1 X67.688 Y45.702 E.58351
G1 X68.447 Y47.759 E.07423
G1 X52.304 Y53.696 E.58222
M204 S500
G1 X52.012 Y54.26 F7200
;TYPE:Outer wall
G1 F1473.915
G1 X50.959 Y51.398 E.10324
G1 X67.849 Y45.186 E.60915
M204 S250
;TYPE:Overhang wall
M106 S255
G1 X67.942 Y45.152 E.00336
G1 X68.998 Y48.013 E.10324
G1 X68.894 Y48.052 E.00376
M204 S500
;TYPE:Outer wall
M106 S245
G1 X52.05 Y54.246 E.60749
M204 S10000
G1 X52.305 Y52.812 F7200
M204 S500
;TYPE:Sparse infill
;WIDTH:0.45
G1 F1473.913
G1 X52.472 Y53.266 E.01635
G1 X53.546 Y52.871 E.03876
G1 X52.377 Y51.701 E.05597
G1 X54.65 Y50.866 E.08197
G1 X55.819 Y52.035 E.05597
G1 X58.092 Y51.199 E.08197
G1 X56.923 Y50.03 E.05597
G1 X59.196 Y49.194 E.08197
G1 X60.365 Y50.363 E.05597
G1 X62.638 Y49.527 E.08197
G1 X61.469 Y48.358 E.05597
G1 X62.997 Y47.796 E.05512
M204 S10000
G1 X63.382 Y49.253 F7200
M204 S500
G1 F1473.913
G1 X64.911 Y48.691 E.05512
G1 X63.742 Y47.522 E.05597
G1 X66.014 Y46.686 E.08197
G1 X67.184 Y47.855 E.05597
G1 X68.003 Y47.554 E.02955
G1 X67.741 Y46.845 E.02557
M204 S10000
G1 E-.8 F1800
G1 X62.425 Y51.557 Z7 F7200
G1 Z6.6
G1 E.8 F1800
M204 S1500
;TYPE:Inner wall
;WIDTH:0.449999
G1 F1473.915
G1 X62.823 Y52.134 E.0237
G1 X63.202 Y52.621 E.02089
G1 X61.223 Y54.447 E.09117
G1 X60.655 Y53.731 E.03093
G1 X60.206 Y53.088 E.02654
G1 X59.897 Y52.588 E.01988
G1 X62.388 Y51.572 E.09106
M204 S500
G1 X62.598 Y51.024 F7200
;TYPE:Outer wall
G1 F1473.915
G1 X62.833 Y51.401 E.01505
G1 X63.161 Y51.87 E.01937
G1 X63.799 Y52.653 E.03419
G1 X61.19 Y55.06 E.12016
G1 X60.797 Y54.61 E.02022
G1 X60.2 Y53.829 E.03328
G1 X59.835 Y53.302 E.02169
G1 X59.294 Y52.372 E.03643
G1 X62.561 Y51.039 E.11944
M204 S10000
G1 E-.8 F1800
G1 X60.497 Y52.784 Z7 F7200
G1 Z6.6
G1 E.8 F1800
M204 S500
;TYPE:Internal solid infill
G1 F1473.915
G1 X60.886 Y53.351 E.02329
G1 X61.266 Y53.853 E.02131
G1 X62.655 Y52.572 E.06395
G1 X62.277 Y52.057 E.0216
G1 X60.534 Y52.768 E.06372
M204 S10000
G1 X61.273 Y52.875 F7200
M204 S500
;WIDTH:0.390873
G1 F1724.371
G1 X61.071 Y52.957 E.00629
G1 X61.311 Y53.297 E.01206
G1 X62.146 Y52.523 E.03294
G1 X61.31 Y52.86 E.02608
M204 S10000
G1 E-.8 F1800
G1 X60.642 Y46.71 Z7 F7200
G1 Z6.6
G1 E.8 F1800
M204 S1500
;TYPE:Inner wall
;WIDTH:0.449999
G1 F1473.915
G1 X58.049 Y47.562 E.09238
G1 X57.959 Y46.968 E.02033
G1 X57.884 Y46.179 E.02685
G1 X57.854 Y45.288 E.03017
G1 X60.546 Y45.403 E.09118
G1 X60.577 Y46.08 E.02292
M73 P17 R17
G1 X60.638 Y46.67 E.02009
M204 S500
G1 X61.12 Y47.004 F7200
;TYPE:Outer wall
G1 F1473.915
G1 X57.73 Y48.118 E.12078
G1 X57.655 Y47.821 E.01035
G1 X57.535 Y47.034 E.02696
G1 X57.458 Y46.231 E.02733
G1 X57.424 Y45.424 E.02733
G1 X57.431 Y44.842 E.01971
G1 X60.978 Y44.985 E.12016
G1 X60.974 Y45.385 E.01355
G1 X61.004 Y46.038 E.02212
G1 X61.115 Y46.964 E.03158
M204 S10000
G1 E-.8 F1800
G1 X58.388 Y47.022 Z7 F7200
G1 Z6.6
G1 E.8 F1800
M204 S500
;TYPE:Internal solid infill
G1 F1473.915
G1 X60.206 Y46.424 E.06479
G1 X60.16 Y45.788 E.0216
G1 X58.272 Y45.712 E.06395
G1 X58.312 Y46.349 E.02161
G1 X58.383 Y46.982 E.02156
M204 S10000
G1 X58.711 Y46.519 F7200
M204 S500
;WIDTH:0.390421
G1 F1726.614
G1 X59.805 Y46.155 E.03331
G1 X58.666 Y46.105 E.03292
G1 X58.706 Y46.479 E.01086
; stop printing object fidget-finger-massager-2000-roller_round.stl id:15 copy 0
;LAYER_CHANGE
;Z:6.8
;HEIGHT:0.2
G92 E0
;_SET_FAN_SPEED_CHANGING_LAYER
; printing object fidget-finger-massager-2000-roller_round.stl id:15 copy 0
M204 S10000
G1 E-.8 F1800
G1 X53.651 Y52.197 Z7.2 F7200
G1 X52.335 Y53.685 Z7.2
G1 Z6.8
G1 E.8 F1800
M204 S1500
;TYPE:Inner wall
;WIDTH:0.449999
G1 F1473.915
G1 X51.578 Y51.627 E.07423
G1 X67.883 Y45.63 E.58806
G1 X68.641 Y47.688 E.07423
G1 X52.372 Y53.671 E.58674
M204 S500
G1 X52.081 Y54.235 F7200
;TYPE:Outer wall
G1 F1473.915
G1 X51.028 Y51.372 E.10324
G1 X68.137 Y45.08 E.61706
G1 X69.191 Y47.942 E.10324
G1 X52.118 Y54.221 E.61575
M204 S10000
G1 X52.393 Y52.842 F7200
M204 S500
;TYPE:Sparse infill
;WIDTH:0.45
G1 F1473.913
G1 X52.54 Y53.241 E.01439
G1 X53.67 Y52.825 E.04073
G1 X53.473 Y52.327 E.01815
G1 X53.002 Y51.857 E.0225
G1 X52.498 Y51.657 E.01837
G1 X54.306 Y50.992 E.06523
G1 X54.557 Y51.242 E.01199
G1 X56.111 Y51.857 E.05657
G1 X56.163 Y51.908 E.00247
G1 X57.814 Y51.301 E.05955
G1 X57.666 Y51.242 E.0054
G1 X57.195 Y50.772 E.0225
G1 X56.905 Y50.036 E.02679
G1 X58.433 Y49.474 E.05512
M204 S10000
G1 E-.8 F1800
G1 X61.699 Y49.872 Z7.2 F7200
G1 Z6.8
G1 E.8 F1800
M204 S500
G1 F1473.913
G1 X60.171 Y50.434 E.05512
G1 X59.69 Y49.218 E.04427
G1 X59.539 Y49.067 E.00721
G1 X61.403 Y48.382 E.0672
G1 X62.329 Y48.748 E.0337
G1 X62.799 Y49.218 E.0225
G1 X62.885 Y49.436 E.00794
G1 X64.413 Y48.874 E.05512
M204 S10000
G1 X64.934 Y47.083 F7200
M204 S500
G1 F1473.913
G1 X63.406 Y47.645 E.05512
G1 X63.883 Y48.134 E.02311
G1 X65.109 Y48.618 E.04462
G1 X66.84 Y47.982 E.06242
G1 X66.522 Y47.664 E.01523
G1 X66.12 Y46.647 E.03699
G1 X67.648 Y46.085 E.05512
M204 S10000
G1 E-.8 F1800
G1 X62.406 Y51.565 Z7.2 F7200
G1 Z6.8
G1 E.8 F1800
M204 S1500
;TYPE:Inner wall
;WIDTH:0.449999
G1 F1473.915
G1 X62.452 Y51.601 E.00196
G1 X62.821 Y52.131 E.02186
G1 X63.202 Y52.621 E.02102
G1 X61.223 Y54.447 E.09117
G1 X60.654 Y53.731 E.03095
G1 X60.206 Y53.087 E.02655
G1 X59.897 Y52.588 E.01985
G1 X62.369 Y51.58 E.09037
M204 S500
G1 X62.598 Y51.024 F7200
;TYPE:Outer wall
G1 F1473.915
G1 X62.804 Y51.356 E.01324
G1 X63.159 Y51.867 E.02105
G1 X63.799 Y52.653 E.03431
G1 X61.19 Y55.06 E.12016
G1 X60.797 Y54.61 E.02023
G1 X60.2 Y53.829 E.03327
G1 X59.835 Y53.301 E.02172
G1 X59.294 Y52.372 E.0364
G1 X62.561 Y51.039 E.11942
M204 S10000
G1 E-.8 F1800
G1 X60.497 Y52.784 Z7.2 F7200
G1 Z6.8
G1 E.8 F1800
M204 S500
;TYPE:Internal solid infill
G1 F1473.915
G1 X60.886 Y53.351 E.02329
G1 X61.266 Y53.853 E.02131
G1 X62.655 Y52.572 E.06395
G1 X62.278 Y52.057 E.02159
G1 X60.534 Y52.768 E.06376
M204 S10000
G1 X61.273 Y52.875 F7200
M204 S500
;WIDTH:0.390875
G1 F1724.361
G1 X61.071 Y52.957 E.00629
G1 X61.311 Y53.297 E.01206
G1 X62.146 Y52.522 E.03296
G1 X61.31 Y52.86 E.0261
M204 S10000
G1 E-.8 F1800
G1 X60.642 Y46.71 Z7.2 F7200
G1 Z6.8
G1 E.8 F1800
M204 S1500
;TYPE:Inner wall
;WIDTH:0.449999
G1 F1473.915
G1 X58.049 Y47.562 E.09238
G1 X57.959 Y46.969 E.02029
G1 X57.884 Y46.179 E.02686
G1 X57.854 Y45.288 E.03019
G1 X60.546 Y45.405 E.09119
G1 X60.577 Y46.079 E.02284
G1 X60.637 Y46.67 E.0201
M204 S500
G1 X61.12 Y47.004 F7200
;TYPE:Outer wall
G1 F1473.915
G1 X57.73 Y48.118 E.12078
G1 X57.655 Y47.821 E.01035
G1 X57.535 Y47.035 E.02692
G1 X57.458 Y46.231 E.02734
G1 X57.424 Y45.424 E.02734
G1 X57.431 Y44.842 E.01972
G1 X60.979 Y44.985 E.12016
G1 X60.974 Y45.387 E.01361
G1 X61.004 Y46.037 E.02204
G1 X61.115 Y46.964 E.0316
M204 S10000
G1 E-.8 F1800
G1 X58.388 Y47.022 Z7.2 F7200
G1 Z6.8
G1 E.8 F1800
M204 S500
;TYPE:Internal solid infill
G1 F1473.915
G1 X60.207 Y46.424 E.0648
G1 X60.16 Y45.788 E.0216
G1 X58.272 Y45.712 E.06395
G1 X58.312 Y46.349 E.02161
G1 X58.383 Y46.982 E.02156
M204 S10000
G1 X58.711 Y46.519 F7200
M204 S500
;WIDTH:0.390425
G1 F1726.594
G1 X59.805 Y46.155 E.03332
G1 X58.666 Y46.105 E.03293
G1 X58.706 Y46.479 E.01086
; stop printing object fidget-finger-massager-2000-roller_round.stl id:15 copy 0
M106 S242
;LAYER_CHANGE
;Z:7
;HEIGHT:0.2
G92 E0
;_SET_FAN_SPEED_CHANGING_LAYER
; printing object fidget-finger-massager-2000-roller_round.stl id:15 copy 0
M204 S10000
G1 E-.8 F1800
G1 X53.683 Y52.226 Z7.4 F7200
G1 X52.442 Y53.645 Z7.4
G1 Z7
G1 E.8 F1800
M204 S1500
;TYPE:Inner wall
;WIDTH:0.449999
G1 F1473.915
G1 X51.685 Y51.587 E.07423
G1 X67.941 Y45.609 E.58627
G1 X68.698 Y47.667 E.07423
M73 P18 R17
G1 X52.479 Y53.632 E.58492
M204 S500
G1 X52.187 Y54.196 F7200
;TYPE:Outer wall
G1 F1473.915
G1 X51.135 Y51.333 E.10324
G1 X68.195 Y45.059 E.61528
M73 P18 R16
G1 X69.248 Y47.921 E.10324
G1 X52.225 Y54.182 E.61393
M204 S10000
G1 X52.509 Y52.825 F7200
M204 S500
;TYPE:Sparse infill
;WIDTH:0.45
G1 F1473.913
G1 X52.647 Y53.201 E.01357
G1 X53.799 Y52.778 E.04155
G1 X53.826 Y52.327 E.01529
G1 X53.002 Y51.503 E.03943
G1 X52.9 Y51.509 E.00348
G1 X54.048 Y51.087 E.0414
G1 X54.557 Y51.596 E.02437
G1 X56.111 Y51.503 E.05271
G1 X56.421 Y51.813 E.01485
G1 X57.49 Y51.42 E.03854
G1 X56.842 Y50.772 E.03102
G1 X56.886 Y50.043 E.02472
G1 X58.414 Y49.481 E.05512
M204 S10000
G1 E-.8 F1800
G1 X61.495 Y49.947 Z7.4 F7200
G1 Z7
G1 E.8 F1800
M204 S500
G1 F1473.913
G1 X59.966 Y50.509 E.05512
G1 X60.044 Y49.218 E.04379
G1 X59.798 Y48.972 E.01176
G1 X61.183 Y48.463 E.04996
G1 X62.329 Y48.394 E.03884
G1 X63.152 Y49.218 E.03943
G1 X63.145 Y49.34 E.00415
G1 X61.617 Y49.903 E.05512
M204 S10000
G1 E-.8 F1800
G1 X64.668 Y47.181 Z7.4 F7200
G1 Z7
G1 E.8 F1800
M204 S500
G1 F1473.913
G1 X63.139 Y47.743 E.05512
G1 X63.883 Y48.487 E.03561
G1 X65.438 Y48.394 E.05271
G1 X65.513 Y48.47 E.00361
G1 X66.581 Y48.077 E.03854
G1 X66.168 Y47.664 E.01978
G1 X66.231 Y46.606 E.03585
G1 X67.736 Y46.053 E.05425
G1 X67.744 Y46.077 E.00087
M204 S10000
G1 E-.8 F1800
G1 X60.641 Y46.71 Z7.4 F7200
G1 Z7
G1 E.8 F1800
M204 S1500
;TYPE:Inner wall
;WIDTH:0.449999
G1 F1473.915
G1 X58.049 Y47.562 E.09237
G1 X57.96 Y46.97 E.02026
G1 X57.884 Y46.18 E.02687
G1 X57.854 Y45.288 E.03021
G1 X60.546 Y45.407 E.09119
G1 X60.577 Y46.079 E.02276
G1 X60.637 Y46.67 E.02011
M204 S500
G1 X61.12 Y47.004 F7200
;TYPE:Outer wall
G1 F1473.915
G1 X57.73 Y48.118 E.12078
G1 X57.655 Y47.821 E.01035
G1 X57.535 Y47.036 E.02689
G1 X57.458 Y46.232 E.02735
G1 X57.424 Y45.425 E.02735
G1 X57.431 Y44.842 E.01973
G1 X60.979 Y44.985 E.12016
G1 X60.974 Y45.389 E.01367
G1 X61.004 Y46.037 E.02195
G1 X61.115 Y46.964 E.03162
M204 S10000
G1 E-.8 F1800
G1 X58.388 Y47.022 Z7.4 F7200
G1 Z7
G1 E.8 F1800
M204 S500
;TYPE:Internal solid infill
G1 F1473.915
G1 X60.207 Y46.424 E.0648
G1 X60.16 Y45.788 E.02159
G1 X58.272 Y45.712 E.06396
G1 X58.312 Y46.349 E.02161
G1 X58.383 Y46.982 E.02156
M204 S10000
G1 X58.711 Y46.519 F7200
M204 S500
;WIDTH:0.390428
G1 F1726.579
G1 X59.805 Y46.155 E.03332
G1 X58.666 Y46.105 E.03293
G1 X58.706 Y46.479 E.01086
M204 S10000
G1 E-.8 F1800
G1 X62.411 Y51.563 Z7.4 F7200
G1 Z7
G1 E.8 F1800
M204 S1500
;TYPE:Inner wall
;WIDTH:0.449999
G1 F1473.915
G1 X62.449 Y51.596 E.00169
G1 X62.818 Y52.128 E.02192
G1 X63.202 Y52.621 E.02115
G1 X61.223 Y54.447 E.09117
G1 X60.654 Y53.73 E.03097
G1 X60.205 Y53.086 E.02656
G1 X59.897 Y52.588 E.01981
G1 X62.374 Y51.578 E.09055
M204 S500
G1 X62.598 Y51.024 F7200
;TYPE:Outer wall
G1 F1473.915
G1 X62.801 Y51.352 E.01306
G1 X63.157 Y51.864 E.02111
G1 X63.799 Y52.653 E.03443
G1 X61.19 Y55.06 E.12016
G1 X60.797 Y54.609 E.02024
G1 X60.2 Y53.829 E.03326
G1 X59.834 Y53.301 E.02175
G1 X59.294 Y52.372 E.03636
G1 X62.561 Y51.039 E.11942
M204 S10000
G1 E-.8 F1800
G1 X60.497 Y52.784 Z7.4 F7200
G1 Z7
G1 E.8 F1800
M204 S500
;TYPE:Internal solid infill
G1 F1473.915
G1 X60.886 Y53.351 E.02329
G1 X61.266 Y53.853 E.02131
G1 X62.655 Y52.572 E.06396
G1 X62.278 Y52.057 E.02159
G1 X60.534 Y52.768 E.06377
M204 S10000
G1 X61.273 Y52.875 F7200
M204 S500
;WIDTH:0.390876
G1 F1724.356
G1 X61.071 Y52.957 E.00629
G1 X61.311 Y53.297 E.01206
G1 X62.146 Y52.522 E.03296
G1 X61.31 Y52.86 E.0261
; stop printing object fidget-finger-massager-2000-roller_round.stl id:15 copy 0
M106 S245
;LAYER_CHANGE
;Z:7.2
;HEIGHT:0.2
G92 E0
;_SET_FAN_SPEED_CHANGING_LAYER
; printing object fidget-finger-massager-2000-roller_round.stl id:15 copy 0
M204 S10000
G1 E-.8 F1800
G1 X53.704 Y53.5 Z7.6 F7200
G1 X52.578 Y53.595 Z7.6
G1 Z7.2
G1 E.8 F1800
M204 S1500
;TYPE:Inner wall
;WIDTH:0.449999
G1 F1473.915
G1 X51.82 Y51.538 E.07423
G1 X67.916 Y45.618 E.58053
G1 X68.675 Y47.676 E.07423
G1 X52.616 Y53.582 E.57917
M204 S500
G1 X52.324 Y54.145 F7200
;TYPE:Outer wall
G1 F1473.915
G1 X51.269 Y51.284 E.10324
G1 X68.17 Y45.068 E.60954
G1 X69.225 Y47.93 E.10324
G1 X52.362 Y54.132 E.60818
M204 S10000
G1 X52.601 Y52.658 F7200
M73 P19 R16
M204 S500
;TYPE:Sparse infill
;WIDTH:0.45
G1 F1473.913
G1 X52.783 Y53.151 E.0178
G1 X53.818 Y52.771 E.03732
G1 X53.869 Y52.327 E.01513
G1 X54.557 Y51.639 E.03294
G1 X56.111 Y51.46 E.05296
G1 X56.799 Y50.772 E.03294
G1 X56.883 Y50.044 E.0248
G1 X55.355 Y50.606 E.05512
M204 S10000
G1 E-.8 F1800
G1 X62.518 Y47.972 Z7.6 F7200
G1 X64.347 Y47.299 Z7.6
G1 Z7.2
G1 E.8 F1800
M204 S500
G1 F1473.913
G1 X62.819 Y47.861 E.05512
G1 X62.329 Y48.352 E.02348
G1 X61.103 Y48.492 E.04175
G1 X60.643 Y48.662 E.01662
G1 X60.086 Y49.218 E.02663
G1 X59.937 Y50.52 E.04437
G1 X63.183 Y49.327 E.11706
G1 X63.195 Y49.218 E.0037
G1 X63.883 Y48.53 E.03294
G1 X65.438 Y48.352 E.05296
G1 X66.126 Y47.664 E.03294
G1 X66.248 Y46.6 E.03623
G1 X67.711 Y46.062 E.05279
G1 X67.735 Y46.127 E.00233
M204 S10000
G1 E-.8 F1800
G1 X62.416 Y51.561 Z7.6 F7200
G1 Z7.2
G1 E.8 F1800
M204 S1500
;TYPE:Inner wall
;WIDTH:0.449999
G1 F1473.915
G1 X62.816 Y52.125 E.0234
G1 X63.202 Y52.621 E.02127
G1 X61.223 Y54.447 E.09117
G1 X60.653 Y53.73 E.031
G1 X60.205 Y53.085 E.02657
G1 X59.897 Y52.588 E.01978
G1 X62.379 Y51.576 E.09073
M204 S500
G1 X62.598 Y51.024 F7200
;TYPE:Outer wall
G1 F1473.915
G1 X62.798 Y51.347 E.01287
G1 X63.154 Y51.862 E.02118
G1 X63.799 Y52.653 E.03456
G1 X61.19 Y55.06 E.12016
G1 X60.797 Y54.609 E.02025
G1 X60.2 Y53.829 E.03325
G1 X59.834 Y53.3 E.02178
G1 X59.294 Y52.372 E.03633
G1 X62.561 Y51.039 E.11942
M204 S10000
G1 E-.8 F1800
G1 X60.497 Y52.784 Z7.6 F7200
G1 Z7.2
G1 E.8 F1800
M204 S500
;TYPE:Internal solid infill
G1 F1473.915
G1 X60.886 Y53.351 E.02329
G1 X61.266 Y53.853 E.02131
G1 X62.655 Y52.572 E.06396
G1 X62.278 Y52.057 E.02159
G1 X60.534 Y52.768 E.06377
M204 S10000
G1 X61.273 Y52.875 F7200
M204 S500
;WIDTH:0.390877
G1 F1724.351
G1 X61.071 Y52.957 E.00629
G1 X61.311 Y53.297 E.01205
G1 X62.147 Y52.522 E.03297
G1 X61.31 Y52.86 E.02611
M204 S10000
G1 E-.8 F1800
G1 X60.641 Y46.71 Z7.6 F7200
G1 Z7.2
G1 E.8 F1800
M204 S1500
;TYPE:Inner wall
;WIDTH:0.449999
G1 F1473.915
G1 X58.049 Y47.562 E.09237
G1 X57.96 Y46.971 E.02022
G1 X57.884 Y46.18 E.02689
G1 X57.854 Y45.288 E.03023
G1 X60.546 Y45.409 E.09119
G1 X60.577 Y46.079 E.02268
G1 X60.637 Y46.67 E.02013
M204 S500
G1 X61.12 Y47.004 F7200
;TYPE:Outer wall
G1 F1473.915
G1 X57.73 Y48.118 E.12078
G1 X57.655 Y47.821 E.01035
G1 X57.536 Y47.037 E.02685
G1 X57.458 Y46.233 E.02736
G1 X57.424 Y45.425 E.02736
G1 X57.431 Y44.842 E.01974
G1 X60.979 Y44.985 E.12016
G1 X60.974 Y45.39 E.01373
G1 X61.003 Y46.036 E.02187
G1 X61.115 Y46.964 E.03164
M204 S10000
G1 E-.8 F1800
G1 X58.388 Y47.022 Z7.6 F7200
G1 Z7.2
G1 E.8 F1800
M204 S500
;TYPE:Internal solid infill
G1 F1473.915
G1 X60.207 Y46.424 E.06481
G1 X60.16 Y45.788 E.02159
G1 X58.272 Y45.712 E.06396
G1 X58.312 Y46.349 E.02161
G1 X58.383 Y46.982 E.02156
M204 S10000
G1 X58.711 Y46.519 F7200
M204 S500
;WIDTH:0.390433
G1 F1726.554
G1 X59.805 Y46.155 E.03333
G1 X58.666 Y46.105 E.03293
G1 X58.706 Y46.479 E.01086
; stop printing object fidget-finger-massager-2000-roller_round.stl id:15 copy 0
;LAYER_CHANGE
;Z:7.4
;HEIGHT:0.2
G92 E0
;_SET_FAN_SPEED_CHANGING_LAYER
; printing object fidget-finger-massager-2000-roller_round.stl id:15 copy 0
M204 S10000
G1 E-.8 F1800
G1 X53.776 Y52.306 Z7.8 F7200
G1 X52.733 Y53.538 Z7.8
G1 Z7.4
G1 E.8 F1800
M204 S1500
;TYPE:Inner wall
;WIDTH:0.449999
G1 F1473.915
G1 X51.977 Y51.48 E.07423
G1 X67.848 Y45.643 E.57239
G1 X68.606 Y47.701 E.07423
G1 X52.771 Y53.524 E.57108
M204 S500
G1 X52.479 Y54.088 F7200
;TYPE:Outer wall
G1 F1473.915
G1 X51.428 Y51.225 E.10324
G1 X68.103 Y45.093 E.60139
G1 X69.156 Y47.955 E.10324
G1 X52.516 Y54.075 E.6001
M204 S10000
G1 X52.771 Y52.636 F7200
M204 S500
;TYPE:Sparse infill
;WIDTH:0.45
G1 F1473.913
G1 X52.939 Y53.094 E.0165
G1 X54.01 Y52.7 E.03862
G1 X54.222 Y52.327 E.01455
G1 X54.557 Y51.992 E.01601
G1 X56.111 Y51.107 E.06055
G1 X56.446 Y50.772 E.01601
G1 X56.854 Y50.055 E.02795
G1 X55.326 Y50.617 E.05512
M204 S10000
G1 E-.8 F1800
G1 X62.49 Y47.982 Z7.8 F7200
G1 X63.642 Y47.559 Z7.8
G1 Z7.4
G1 E.8 F1800
M204 S500
G1 F1473.913
G1 X62.113 Y48.121 E.05512
G1 X60.774 Y48.883 E.05216
G1 X60.44 Y49.218 E.01601
G1 X59.635 Y50.631 E.05506
G1 X63.59 Y49.177 E.14264
G1 X63.883 Y48.883 E.01405
G1 X65.438 Y47.998 E.06055
G1 X65.772 Y47.664 E.01601
G1 X66.412 Y46.54 E.04378
G1 X67.643 Y46.087 E.0444
G1 X67.752 Y46.384 E.01072
M204 S10000
G1 E-.8 F1800
G1 X62.431 Y51.583 Z7.8 F7200
G1 Z7.4
G1 E.8 F1800
M204 S1500
;TYPE:Inner wall
;WIDTH:0.449999
G1 F1473.915
G1 X62.443 Y51.586 E.0004
G1 X62.814 Y52.122 E.02205
G1 X63.202 Y52.621 E.0214
G1 X61.223 Y54.447 E.09117
G1 X60.653 Y53.729 E.03102
G1 X60.204 Y53.085 E.02658
G1 X59.897 Y52.588 E.01975
G1 X62.391 Y51.571 E.09117
G1 X62.393 Y51.572 E.00006
M204 S500
G1 X62.598 Y51.024 F7200
;TYPE:Outer wall
G1 F1473.915
G1 X62.795 Y51.343 E.01269
G1 X63.152 Y51.859 E.02124
G1 X63.799 Y52.653 E.03468
G1 X61.19 Y55.06 E.12016
G1 X60.796 Y54.609 E.02026
G1 X60.2 Y53.829 E.03324
G1 X59.833 Y53.299 E.02181
G1 X59.294 Y52.372 E.0363
G1 X62.561 Y51.039 E.11942
M73 P20 R16
M204 S10000
G1 E-.8 F1800
G1 X60.497 Y52.784 Z7.8 F7200
G1 Z7.4
G1 E.8 F1800
M204 S500
;TYPE:Internal solid infill
G1 F1473.915
G1 X60.886 Y53.351 E.02329
G1 X61.266 Y53.853 E.02131
G1 X62.655 Y52.572 E.06396
G1 X62.278 Y52.057 E.02159
G1 X60.534 Y52.768 E.06378
M204 S10000
G1 X61.273 Y52.875 F7200
M204 S500
;WIDTH:0.390876
G1 F1724.356
G1 X61.071 Y52.957 E.00629
G1 X61.312 Y53.297 E.01205
G1 X62.147 Y52.522 E.03297
G1 X61.31 Y52.86 E.02611
M204 S10000
G1 E-.8 F1800
G1 X60.638 Y46.708 Z7.8 F7200
G1 Z7.4
G1 E.8 F1800
M204 S1500
;TYPE:Inner wall
;WIDTH:0.449999
G1 F1473.915
G1 X58.049 Y47.562 E.09228
G1 X57.96 Y46.972 E.02019
G1 X57.884 Y46.181 E.0269
G1 X57.854 Y45.288 E.03025
G1 X59.913 Y45.371 E.06975
G1 X60.546 Y45.411 E.02145
G1 X60.577 Y46.078 E.02261
G1 X60.634 Y46.668 E.02005
M204 S500
G1 X61.12 Y47.004 F7200
;TYPE:Outer wall
G1 F1473.915
G1 X57.73 Y48.118 E.12078
G1 X57.655 Y47.821 E.01035
G1 X57.536 Y47.038 E.02682
G1 X57.458 Y46.233 E.02737
G1 X57.424 Y45.425 E.02737
G1 X57.431 Y44.842 E.01975
G1 X60.979 Y44.985 E.12016
G1 X60.974 Y45.392 E.0138
G1 X61.003 Y46.035 E.02179
G1 X61.115 Y46.964 E.03166
M204 S10000
G1 E-.8 F1800
G1 X58.388 Y47.022 Z7.8 F7200
G1 Z7.4
G1 E.8 F1800
M204 S500
;TYPE:Internal solid infill
G1 F1473.915
G1 X60.207 Y46.424 E.06481
G1 X60.16 Y45.788 E.02159
G1 X58.272 Y45.712 E.06396
G1 X58.312 Y46.349 E.02161
G1 X58.383 Y46.982 E.02156
M204 S10000
G1 X58.711 Y46.519 F7200
M204 S500
;WIDTH:0.390438
G1 F1726.529
G1 X59.805 Y46.155 E.03333
G1 X58.666 Y46.105 E.03294
G1 X58.706 Y46.479 E.01086
; stop printing object fidget-finger-massager-2000-roller_round.stl id:15 copy 0
M106 S237
;LAYER_CHANGE
;Z:7.6
;HEIGHT:0.2
G92 E0
;_SET_FAN_SPEED_CHANGING_LAYER
; printing object fidget-finger-massager-2000-roller_round.stl id:15 copy 0
M204 S10000
G1 E-.8 F1800
G1 X53.815 Y52.338 Z8 F7200
G1 X52.848 Y53.496 Z8
G1 Z7.6
G1 E.8 F1800
M204 S1500
;TYPE:Inner wall
;WIDTH:0.449999
G1 F1473.915
G1 X52.091 Y51.438 E.07423
G1 X67.745 Y45.681 E.56455
G1 X68.499 Y47.74 E.07423
G1 X52.886 Y53.482 E.56307
M204 S500
G1 X52.594 Y54.046 F7200
;TYPE:Outer wall
G1 F1473.915
G1 X51.541 Y51.184 E.10324
G1 X68 Y45.131 E.59359
G1 X69.048 Y47.995 E.10324
G1 X52.632 Y54.032 E.59206
M204 S10000
G1 X53.09 Y52.973 F7200
M204 S500
;TYPE:Internal solid infill
G1 F1473.915
G1 X67.977 Y47.499 E.53689
G1 X67.503 Y46.204 E.04667
G1 X52.614 Y51.679 E.53697
G1 X53.076 Y52.936 E.04532
M204 S10000
G1 X53.355 Y52.4 F7200
M204 S500
;WIDTH:0.528762
G1 F1234.971
G1 X67.404 Y47.233 E.60473
G1 X67.237 Y46.777 E.01963
G1 X53.187 Y51.944 E.60476
G1 X53.341 Y52.363 E.01801
M204 S10000
G1 E-.8 F1800
G1 X59.376 Y47.69 Z8 F7200
G1 X60.641 Y46.71 Z8
G1 Z7.6
G1 E.8 F1800
M204 S1500
;TYPE:Inner wall
;WIDTH:0.449999
G1 F1473.915
G1 X58.049 Y47.562 E.09237
G1 X57.96 Y46.973 E.02015
G1 X57.885 Y46.182 E.02692
G1 X57.854 Y45.288 E.03028
G1 X59.91 Y45.371 E.06963
G1 X60.546 Y45.413 E.02158
G1 X60.577 Y46.078 E.02253
G1 X60.637 Y46.67 E.02015
M204 S500
G1 X61.12 Y47.004 F7200
;TYPE:Outer wall
G1 F1473.915
G1 X57.73 Y48.118 E.12078
G1 X57.655 Y47.821 E.01035
G1 X57.536 Y47.039 E.02678
G1 X57.458 Y46.234 E.02739
G1 X57.424 Y45.426 E.02738
G1 X57.431 Y44.842 E.01976
G1 X60.979 Y44.985 E.12016
G1 X60.974 Y45.394 E.01386
G1 X61.003 Y46.035 E.02171
G1 X61.115 Y46.964 E.03168
M204 S10000
G1 E-.8 F1800
G1 X58.388 Y47.022 Z8 F7200
G1 Z7.6
G1 E.8 F1800
M204 S500
;TYPE:Internal solid infill
G1 F1473.915
G1 X60.207 Y46.424 E.06482
G1 X60.16 Y45.788 E.02159
G1 X58.272 Y45.712 E.06396
G1 X58.312 Y46.349 E.02161
G1 X58.383 Y46.982 E.02156
M204 S10000
G1 X58.71 Y46.519 F7200
M204 S500
;WIDTH:0.39044
G1 F1726.52
G1 X59.805 Y46.155 E.03333
G1 X58.666 Y46.105 E.03294
G1 X58.706 Y46.479 E.01086
M204 S10000
G1 E-.8 F1800
G1 X62.432 Y51.579 Z8 F7200
G1 Z7.6
G1 E.8 F1800
M204 S1500
;TYPE:Inner wall
;WIDTH:0.449999
G1 F1473.915
G1 X62.44 Y51.582 E.00026
G1 X62.812 Y52.119 E.02211
G1 X63.202 Y52.621 E.02153
G1 X61.223 Y54.447 E.09117
G1 X60.653 Y53.729 E.03104
G1 X60.204 Y53.084 E.02659
G1 X59.897 Y52.588 E.01971
M73 P21 R16
G1 X62.394 Y51.57 E.09127
M204 S500
G1 X62.598 Y51.024 F7200
;TYPE:Outer wall
G1 F1473.915
G1 X62.792 Y51.338 E.01251
G1 X63.15 Y51.856 E.0213
G1 X63.799 Y52.653 E.0348
G1 X61.19 Y55.06 E.12016
G1 X60.796 Y54.609 E.02028
G1 X60.2 Y53.828 E.03324
G1 X59.832 Y53.298 E.02185
G1 X59.294 Y52.372 E.03626
G1 X62.561 Y51.039 E.11941
M204 S10000
G1 E-.8 F1800
G1 X60.497 Y52.784 Z8 F7200
G1 Z7.6
G1 E.8 F1800
M204 S500
;TYPE:Internal solid infill
G1 F1473.915
G1 X60.886 Y53.351 E.02329
G1 X61.266 Y53.853 E.02131
G1 X62.655 Y52.572 E.06396
G1 X62.279 Y52.057 E.02159
G1 X60.534 Y52.768 E.06378
M204 S10000
G1 X61.273 Y52.875 F7200
M204 S500
;WIDTH:0.390877
G1 F1724.351
G1 X61.071 Y52.957 E.00629
G1 X61.312 Y53.297 E.01205
G1 X62.147 Y52.522 E.03297
G1 X61.31 Y52.86 E.02611
; stop printing object fidget-finger-massager-2000-roller_round.stl id:15 copy 0
;LAYER_CHANGE
;Z:7.8
;HEIGHT:0.2
G92 E0
;_SET_FAN_SPEED_CHANGING_LAYER
; printing object fidget-finger-massager-2000-roller_round.stl id:15 copy 0
M204 S10000
G1 E-.8 F1800
G1 X53.7 Y53.445 Z8.2 F7200
G1 X52.8 Y53.514 Z8.2
G1 Z7.8
G1 E.8 F1800
M204 S1500
;TYPE:Inner wall
;WIDTH:0.449999
G1 F1473.915
G1 X52.043 Y51.456 E.07423
G1 X67.61 Y45.731 E.56143
G1 X68.368 Y47.788 E.07423
G1 X52.837 Y53.5 E.56014
M204 S500
G1 X52.545 Y54.064 F7200
;TYPE:Outer wall
G1 F1473.915
G1 X51.492 Y51.201 E.10324
G1 X67.864 Y45.181 E.59043
G1 X68.919 Y48.042 E.10324
G1 X52.583 Y54.05 E.58917
M204 S10000
G1 X53.041 Y52.991 F7200
M204 S500
;TYPE:Internal solid infill
G1 F1473.915
G1 X67.845 Y47.547 E.53393
G1 X67.368 Y46.253 E.04667
G1 X52.565 Y51.697 E.53388
G1 X53.027 Y52.954 E.04532
M204 S10000
G1 X53.366 Y51.878 F7200
M204 S500
;WIDTH:0.52876
G1 F1234.974
G1 X53.138 Y51.962 E.00981
G1 X53.306 Y52.418 E.01963
G1 X67.272 Y47.282 E.60114
G1 X67.104 Y46.826 E.01963
G1 X53.404 Y51.865 E.58969
M204 S10000
G1 E-.8 F1800
G1 X61.032 Y51.622 Z8.2 F7200
G1 X62.437 Y51.577 Z8.2
G1 Z7.8
G1 E.8 F1800
M204 S1500
;TYPE:Inner wall
;WIDTH:0.449999
G1 F1473.915
G1 X62.81 Y52.116 E.02218
G1 X63.202 Y52.621 E.02165
G1 X61.223 Y54.447 E.09117
G1 X60.652 Y53.728 E.03106
G1 X60.203 Y53.083 E.02661
G1 X59.897 Y52.588 E.01968
G1 X61.835 Y51.798 E.07083
G1 X62.399 Y51.591 E.02035
M204 S500
G1 X62.598 Y51.024 F7200
;TYPE:Outer wall
G1 F1473.915
G1 X62.79 Y51.334 E.01232
G1 X63.148 Y51.853 E.02136
G1 X63.799 Y52.653 E.03492
G1 X61.19 Y55.06 E.12016
G1 X60.796 Y54.608 E.02029
G1 X60.2 Y53.828 E.03323
G1 X59.832 Y53.297 E.02188
G1 X59.294 Y52.372 E.03623
G1 X62.561 Y51.039 E.11941
M204 S10000
G1 E-.8 F1800
G1 X60.497 Y52.784 Z8.2 F7200
G1 Z7.8
G1 E.8 F1800
M204 S500
;TYPE:Internal solid infill
G1 F1473.915
G1 X60.886 Y53.351 E.02329
G1 X61.266 Y53.853 E.02132
G1 X62.655 Y52.572 E.06396
G1 X62.279 Y52.057 E.02159
G1 X60.534 Y52.768 E.06379
M204 S10000
G1 X61.273 Y52.875 F7200
M204 S500
;WIDTH:0.39088
G1 F1724.336
G1 X61.071 Y52.957 E.00629
G1 X61.312 Y53.297 E.01205
G1 X62.147 Y52.522 E.03297
G1 X61.31 Y52.86 E.02611
M204 S10000
G1 E-.8 F1800
G1 X60.641 Y46.71 Z8.2 F7200
G1 Z7.8
G1 E.8 F1800
M204 S1500
;TYPE:Inner wall
;WIDTH:0.449999
G1 F1473.915
G1 X58.049 Y47.562 E.09237
G1 X57.96 Y46.974 E.02012
G1 X57.885 Y46.182 E.02693
G1 X57.854 Y45.288 E.0303
G1 X59.906 Y45.37 E.0695
G1 X60.546 Y45.415 E.02172
G1 X60.577 Y46.078 E.02245
G1 X60.637 Y46.67 E.02016
M204 S500
G1 X61.12 Y47.004 F7200
;TYPE:Outer wall
G1 F1473.915
G1 X57.73 Y48.118 E.12078
G1 X57.655 Y47.821 E.01035
G1 X57.536 Y47.04 E.02675
G1 X57.458 Y46.235 E.0274
G1 X57.424 Y45.426 E.02739
G1 X57.431 Y44.842 E.01978
G1 X60.979 Y44.985 E.12016
G1 X60.974 Y45.396 E.01392
G1 X61.003 Y46.034 E.02163
G1 X61.115 Y46.964 E.0317
M204 S10000
G1 E-.8 F1800
G1 X58.388 Y47.022 Z8.2 F7200
G1 Z7.8
G1 E.8 F1800
M204 S500
;TYPE:Internal solid infill
G1 F1473.915
G1 X60.207 Y46.424 E.06482
G1 X60.16 Y45.788 E.02159
G1 X58.272 Y45.712 E.06396
G1 X58.311 Y46.349 E.02161
G1 X58.383 Y46.982 E.02156
M204 S10000
G1 X58.71 Y46.519 F7200
M204 S500
;WIDTH:0.390444
G1 F1726.5
G1 X59.805 Y46.155 E.03334
G1 X58.666 Y46.105 E.03294
M73 P22 R16
G1 X58.706 Y46.479 E.01086
; stop printing object fidget-finger-massager-2000-roller_round.stl id:15 copy 0
;LAYER_CHANGE
;Z:8
;HEIGHT:0.2
G92 E0
;_SET_FAN_SPEED_CHANGING_LAYER
; printing object fidget-finger-massager-2000-roller_round.stl id:15 copy 0
M204 S10000
G1 E-.8 F1800
G1 X53.783 Y52.312 Z8.4 F7200
G1 X52.754 Y53.531 Z8.4
G1 Z8
G1 E.8 F1800
M204 S1500
;TYPE:Inner wall
;WIDTH:0.449999
G1 F1473.915
G1 X51.997 Y51.473 E.07423
G1 X67.461 Y45.786 E.55769
G1 X68.219 Y47.843 E.07423
G1 X52.792 Y53.517 E.55639
M204 S500
G1 X52.5 Y54.081 F7200
;TYPE:Outer wall
G1 F1473.915
G1 X51.447 Y51.218 E.10324
G1 X67.715 Y45.236 E.58669
G1 X68.769 Y48.097 E.10324
G1 X52.537 Y54.067 E.58541
M204 S10000
G1 E-.8 F1800
G1 X58.281 Y51.064 Z8.4 F7200
G1 Z8
G1 E.8 F1800
M204 S500
;TYPE:Internal solid infill
G1 F1473.915
G1 X57.805 Y49.77 E.04667
G1 X52.52 Y51.714 E.1906
G1 X52.996 Y53.008 E.04667
G1 X58.243 Y51.078 E.18925
M204 S10000
G1 X57.707 Y50.8 F7200
M204 S500
;WIDTH:0.528761
G1 F1234.972
G1 X57.54 Y50.344 E.01963
G1 X53.093 Y51.979 E.19141
G1 X53.261 Y52.435 E.01963
G1 X57.67 Y50.813 E.18979
M204 S10000
G1 E-.8 F1800
G1 X60.872 Y50.374 Z8.4 F7200
G1 Z8
G1 E.8 F1800
M204 S500
;TYPE:Top surface
;WIDTH:0.409706
G1 F1635.831
G1 X61.85 Y49.397 E.04216
M204 S10000
G1 X61.71 Y49.017 F7200
M204 S500
G1 F1635.831
G1 X60.052 Y50.676 E.07153
M204 S10000
G1 X59.231 Y50.978 F7200
M204 S500
G1 F1635.831
G1 X61.571 Y48.638 E.10091
M204 S10000
G1 X61.431 Y48.259 F7200
M204 S500
G1 F1635.831
G1 X58.546 Y51.144 E.12446
M204 S10000
G1 X58.406 Y50.765 F7200
M204 S500
G1 F1635.831
G1 X60.746 Y48.426 E.1009
M204 S10000
G1 X59.925 Y48.728 F7200
M204 S500
G1 F1635.831
G1 X58.267 Y50.386 E.07153
M204 S10000
G1 X58.127 Y50.007 F7200
M204 S500
G1 F1635.831
G1 X59.105 Y49.029 E.04216
M204 S10000
G1 E-.8 F1800
G1 X62.173 Y49.633 Z8.4 F7200
G1 Z8
G1 E.8 F1800
M204 S500
;TYPE:Internal solid infill
;WIDTH:0.449999
G1 F1473.915
G1 X67.696 Y47.602 E.19921
G1 X67.219 Y46.308 E.04667
G1 X61.697 Y48.339 E.19917
G1 X62.159 Y49.596 E.04532
M204 S10000
G1 X62.438 Y49.06 F7200
M204 S500
;WIDTH:0.52876
G1 F1234.976
G1 X67.123 Y47.337 E.20166
G1 X66.955 Y46.881 E.01963
G1 X62.27 Y48.604 E.20165
G1 X62.424 Y49.022 E.01801
M204 S10000
G1 E-.8 F1800
G1 X62.434 Y51.572 Z8.4 F7200
G1 Z8
G1 E.8 F1800
M204 S1500
;TYPE:Inner wall
;WIDTH:0.449999
G1 F1473.915
G1 X62.807 Y52.113 E.02224
G1 X63.202 Y52.621 E.02178
G1 X61.223 Y54.447 E.09117
G1 X60.652 Y53.727 E.03109
G1 X60.203 Y53.082 E.02662
G1 X59.897 Y52.588 E.01964
G1 X61.835 Y51.798 E.07083
G1 X62.396 Y51.586 E.02031
M204 S500
G1 X62.598 Y51.024 F7200
;TYPE:Outer wall
G1 F1473.915
G1 X62.787 Y51.329 E.01214
G1 X63.146 Y51.85 E.02142
G1 X63.799 Y52.653 E.03504
G1 X61.19 Y55.06 E.12016
G1 X60.796 Y54.608 E.0203
G1 X60.2 Y53.828 E.03322
G1 X59.831 Y53.296 E.02191
G1 X59.294 Y52.372 E.0362
G1 X62.561 Y51.039 E.11941
M204 S10000
G1 E-.8 F1800
G1 X60.497 Y52.784 Z8.4 F7200
G1 Z8
G1 E.8 F1800
M204 S500
;TYPE:Internal solid infill
G1 F1473.915
G1 X60.886 Y53.351 E.02329
G1 X61.266 Y53.853 E.02132
G1 X62.655 Y52.572 E.06396
G1 X62.279 Y52.057 E.02159
G1 X60.534 Y52.769 E.06379
M204 S10000
G1 X61.273 Y52.875 F7200
M204 S500
;WIDTH:0.390881
G1 F1724.331
G1 X61.071 Y52.957 E.00629
G1 X61.312 Y53.297 E.01205
G1 X62.147 Y52.522 E.03298
G1 X61.31 Y52.86 E.02612
M204 S10000
G1 E-.8 F1800
G1 X60.641 Y46.71 Z8.4 F7200
G1 Z8
G1 E.8 F1800
M204 S1500
;TYPE:Inner wall
;WIDTH:0.449999
G1 F1473.915
G1 X58.049 Y47.562 E.09238
G1 X57.96 Y46.975 E.02008
G1 X57.885 Y46.183 E.02694
G1 X57.854 Y45.288 E.03032
G1 X59.902 Y45.37 E.06937
G1 X60.546 Y45.417 E.02185
G1 X60.577 Y46.077 E.02237
G1 X60.637 Y46.67 E.02018
M204 S500
G1 X61.12 Y47.004 F7200
;TYPE:Outer wall
G1 F1473.915
G1 X57.73 Y48.118 E.12078
G1 X57.655 Y47.821 E.01035
G1 X57.536 Y47.041 E.02671
G1 X57.458 Y46.235 E.02741
G1 X57.424 Y45.426 E.02741
M73 P22 R15
G1 X57.431 Y44.842 E.01979
G1 X60.979 Y44.985 E.12016
G1 X60.974 Y45.398 E.01398
G1 X61.003 Y46.034 E.02155
G1 X61.115 Y46.964 E.03172
M204 S10000
G1 E-.8 F1800
G1 X58.388 Y47.022 Z8.4 F7200
G1 Z8
G1 E.8 F1800
M204 S500
;TYPE:Internal solid infill
G1 F1473.915
G1 X60.203 Y46.426 E.06467
G1 X60.155 Y45.788 E.02164
G1 X58.272 Y45.712 E.0638
G1 X58.311 Y46.349 E.02161
G1 X58.383 Y46.982 E.02156
M204 S10000
G1 X58.71 Y46.519 F7200
M204 S500
;WIDTH:0.390448
G1 F1726.48
G1 X59.797 Y46.162 E.03304
G1 X58.666 Y46.105 E.03271
G1 X58.706 Y46.479 E.01086
; stop printing object fidget-finger-massager-2000-roller_round.stl id:15 copy 0
M106 S240
;LAYER_CHANGE
;Z:8.2
;HEIGHT:0.2
G92 E0
;_SET_FAN_SPEED_CHANGING_LAYER
; printing object fidget-finger-massager-2000-roller_round.stl id:15 copy 0
M204 S10000
G1 E-.8 F1800
G1 X61.356 Y50.367 Z8.6 F7200
G1 Z8.2
G1 E.8 F1800
M204 S1500
;TYPE:Inner wall
;WIDTH:0.449999
G1 F1473.915
G1 X60.599 Y48.309 E.07423
G1 X67.293 Y45.847 E.24142
M73 P23 R15
G1 X68.05 Y47.905 E.07423
G1 X61.394 Y50.353 E.24007
M204 S500
G1 X61.102 Y50.917 F7200
;TYPE:Outer wall
G1 F1473.915
G1 X60.049 Y48.055 E.10324
G1 X67.548 Y45.297 E.27043
G1 X68.6 Y48.159 E.10324
G1 X61.139 Y50.903 E.26908
M204 S10000
G1 X61.598 Y49.844 F7200
M204 S500
;TYPE:Internal solid infill
G1 F1473.915
G1 X67.528 Y47.664 E.21386
G1 X67.052 Y46.37 E.04667
G1 X61.122 Y48.55 E.21386
G1 X61.584 Y49.807 E.04532
M204 S10000
G1 X61.863 Y49.271 F7200
M204 S500
;WIDTH:0.52876
G1 F1234.974
G1 X66.955 Y47.399 E.21917
G1 X66.787 Y46.943 E.01963
G1 X61.695 Y48.815 E.21917
G1 X61.849 Y49.234 E.01801
M204 S10000
G1 E-.8 F1800
G1 X60.642 Y46.71 Z8.6 F7200
G1 Z8.2
G1 E.8 F1800
M204 S1500
;TYPE:Inner wall
;WIDTH:0.449999
G1 F1473.915
G1 X58.049 Y47.562 E.09238
G1 X57.96 Y46.976 E.02005
G1 X57.885 Y46.184 E.02695
G1 X57.854 Y45.288 E.03034
G1 X59.898 Y45.37 E.06924
G1 X60.546 Y45.419 E.02199
G1 X60.577 Y46.077 E.02231
G1 X60.637 Y46.67 E.02017
M204 S500
G1 X61.12 Y47.004 F7200
;TYPE:Outer wall
G1 F1473.915
G1 X57.73 Y48.118 E.12078
G1 X57.655 Y47.821 E.01035
G1 X57.536 Y47.042 E.02668
G1 X57.458 Y46.236 E.02742
G1 X57.424 Y45.427 E.02742
G1 X57.431 Y44.842 E.0198
G1 X60.979 Y44.985 E.12016
G1 X60.974 Y45.4 E.01404
G1 X61.003 Y46.034 E.02149
G1 X61.115 Y46.964 E.03172
M204 S10000
G1 E-.8 F1800
G1 X58.388 Y47.022 Z8.6 F7200
G1 Z8.2
G1 E.8 F1800
M204 S500
;TYPE:Internal solid infill
G1 F1473.915
G1 X60.203 Y46.426 E.06467
G1 X60.156 Y45.788 E.02164
G1 X58.272 Y45.712 E.0638
G1 X58.311 Y46.349 E.02161
G1 X58.383 Y46.982 E.02156
M204 S10000
G1 X58.71 Y46.519 F7200
M204 S500
;WIDTH:0.390452
G1 F1726.46
G1 X59.797 Y46.162 E.03304
G1 X58.666 Y46.105 E.0327
G1 X58.706 Y46.479 E.01086
M204 S10000
G1 E-.8 F1800
G1 X58.621 Y49.036 Z8.6 F7200
G1 Z8.2
G1 E.8 F1800
M204 S1500
;TYPE:Inner wall
;WIDTH:0.449999
G1 F1473.915
G1 X59.378 Y51.095 E.07423
G1 X52.714 Y53.546 E.24035
G1 X51.957 Y51.487 E.07423
G1 X58.584 Y49.05 E.239
M204 S500
G1 X58.875 Y48.486 F7200
;TYPE:Outer wall
G1 F1473.915
G1 X59.928 Y51.349 E.10324
G1 X52.459 Y54.096 E.26936
G1 X51.407 Y51.233 E.10324
G1 X58.838 Y48.5 E.26801
M204 S10000
G1 E-.8 F1800
G1 X58.855 Y50.853 Z8.6 F7200
G1 Z8.2
G1 E.8 F1800
M204 S500
;TYPE:Internal solid infill
G1 F1473.915
G1 X58.38 Y49.559 E.04667
G1 X52.479 Y51.729 E.21279
G1 X52.955 Y53.023 E.04667
G1 X58.818 Y50.867 E.21144
M204 S10000
G1 X58.282 Y50.588 F7200
M204 S500
;WIDTH:0.528762
G1 F1234.971
G1 X58.115 Y50.132 E.01963
G1 X53.052 Y51.994 E.21789
G1 X53.22 Y52.45 E.01963
G1 X58.245 Y50.602 E.21628
M204 S10000
G1 E-.8 F1800
G1 X62.427 Y51.557 Z8.6 F7200
G1 Z8.2
G1 E.8 F1800
M204 S1500
;TYPE:Inner wall
;WIDTH:0.449999
G1 F1473.915
G1 X63.203 Y52.62 E.04456
G1 X61.223 Y54.447 E.09117
G1 X60.651 Y53.727 E.03111
G1 X60.202 Y53.081 E.02663
G1 X59.897 Y52.588 E.01961
G1 X62.39 Y51.572 E.09111
M204 S500
G1 X62.598 Y51.024 F7200
;TYPE:Outer wall
G1 F1473.915
G1 X63.125 Y51.798 E.03169
G1 X63.799 Y52.653 E.03686
G1 X61.19 Y55.06 E.12017
G1 X60.796 Y54.608 E.02031
G1 X60.2 Y53.828 E.03321
G1 X59.831 Y53.296 E.02194
G1 X59.294 Y52.372 E.03616
G1 X62.561 Y51.039 E.11944
M204 S10000
G1 E-.8 F1800
G1 X60.497 Y52.784 Z8.6 F7200
G1 Z8.2
G1 E.8 F1800
M204 S500
;TYPE:Internal solid infill
G1 F1473.915
G1 X60.887 Y53.352 E.02331
G1 X61.266 Y53.853 E.02126
G1 X62.657 Y52.57 E.06404
G1 X62.283 Y52.064 E.02129
G1 X60.534 Y52.769 E.06381
M204 S10000
G1 X61.072 Y52.959 F7200
M204 S500
;WIDTH:0.389304
G1 F1732.182
G1 X61.311 Y53.299 E.01197
G1 X62.152 Y52.523 E.03292
G1 X61.109 Y52.944 E.03238
; stop printing object fidget-finger-massager-2000-roller_round.stl id:15 copy 0
;LAYER_CHANGE
;Z:8.4
;HEIGHT:0.2
G92 E0
;_SET_FAN_SPEED_CHANGING_LAYER
; printing object fidget-finger-massager-2000-roller_round.stl id:15 copy 0
M204 S10000
G1 E-.8 F1800
G1 X61.846 Y50.187 Z8.8 F7200
G1 Z8.4
G1 E.8 F1800
M204 S1500
;TYPE:Inner wall
;WIDTH:0.449999
G1 F1473.915
G1 X61.089 Y48.129 E.07423
G1 X67.315 Y45.839 E.22451
G1 X68.072 Y47.897 E.07423
G1 X61.884 Y50.173 E.22316
M204 S500
G1 X61.592 Y50.737 F7200
;TYPE:Outer wall
G1 F1473.915
G1 X60.539 Y47.874 E.10324
G1 X67.569 Y45.289 E.25352
G1 X68.622 Y48.152 E.10324
G1 X61.63 Y50.723 E.25217
M73 P24 R15
M204 S10000
G1 X62.088 Y49.664 F7200
M204 S500
;TYPE:Internal solid infill
G1 F1473.915
G1 X67.549 Y47.656 E.19696
G1 X67.073 Y46.362 E.04667
G1 X61.612 Y48.37 E.19696
G1 X62.074 Y49.627 E.04532
M204 S10000
G1 X62.353 Y49.091 F7200
M204 S500
;WIDTH:0.528762
G1 F1234.971
G1 X66.976 Y47.391 E.19899
G1 X66.808 Y46.935 E.01963
G1 X62.185 Y48.635 E.19899
G1 X62.339 Y49.054 E.01801
M204 S10000
G1 E-.8 F1800
G1 X60.642 Y46.71 Z8.8 F7200
G1 Z8.4
G1 E.8 F1800
M204 S1500
;TYPE:Inner wall
;WIDTH:0.449999
G1 F1473.915
G1 X58.049 Y47.562 E.09238
G1 X57.961 Y46.977 E.02001
G1 X57.885 Y46.184 E.02697
G1 X57.854 Y45.288 E.03036
G1 X59.894 Y45.37 E.06911
G1 X60.546 Y45.421 E.02212
G1 X60.577 Y46.081 E.02238
G1 X60.638 Y46.67 E.02004
M204 S500
G1 X61.12 Y47.004 F7200
;TYPE:Outer wall
G1 F1473.915
G1 X57.73 Y48.118 E.12078
G1 X57.655 Y47.821 E.01035
G1 X57.536 Y47.043 E.02664
G1 X57.458 Y46.237 E.02743
G1 X57.424 Y45.427 E.02743
G1 X57.431 Y44.842 E.01981
G1 X60.979 Y44.985 E.12017
G1 X60.974 Y45.401 E.01411
G1 X61.003 Y46.037 E.02155
G1 X61.115 Y46.964 E.0316
M204 S10000
G1 E-.8 F1800
G1 X58.388 Y47.022 Z8.8 F7200
G1 Z8.4
G1 E.8 F1800
M204 S500
;TYPE:Internal solid infill
G1 F1473.915
G1 X60.203 Y46.426 E.06468
G1 X60.156 Y45.788 E.02164
G1 X58.272 Y45.712 E.0638
G1 X58.311 Y46.349 E.02161
G1 X58.383 Y46.982 E.02156
M204 S10000
G1 X58.71 Y46.519 F7200
M204 S500
;WIDTH:0.390456
G1 F1726.44
G1 X59.792 Y46.164 E.03289
G1 X58.666 Y46.105 E.03256
G1 X58.706 Y46.479 E.01086
M204 S10000
G1 E-.8 F1800
G1 X62.437 Y51.552 Z8.8 F7200
G1 Z8.4
G1 E.8 F1800
M204 S1500
;TYPE:Inner wall
;WIDTH:0.449999
G1 F1473.915
G1 X62.803 Y52.107 E.02248
G1 X63.202 Y52.62 E.02203
G1 X61.223 Y54.447 E.09117
G1 X60.651 Y53.726 E.03113
G1 X60.202 Y53.08 E.02664
G1 X59.897 Y52.588 E.01958
G1 X62.4 Y51.568 E.09148
M204 S500
G1 X62.602 Y51.023 F7200
;TYPE:Outer wall
G1 F1473.915
G1 X63.142 Y51.844 E.03328
G1 X63.799 Y52.653 E.03529
G1 X61.19 Y55.06 E.12017
G1 X60.795 Y54.608 E.02033
G1 X60.2 Y53.828 E.0332
G1 X59.83 Y53.295 E.02197
G1 X59.294 Y52.372 E.03613
G1 X62.565 Y51.038 E.11955
M204 S10000
G1 E-.8 F1800
G1 X60.497 Y52.784 Z8.8 F7200
G1 Z8.4
G1 E.8 F1800
M204 S500
;TYPE:Internal solid infill
G1 F1473.915
G1 X60.886 Y53.351 E.02328
G1 X61.266 Y53.853 E.02132
G1 X62.656 Y52.57 E.06402
G1 X62.287 Y52.053 E.02151
G1 X60.534 Y52.769 E.06409
M204 S10000
G1 X61.273 Y52.875 F7200
M204 S500
;WIDTH:0.390882
G1 F1724.326
G1 X61.071 Y52.957 E.00629
G1 X61.312 Y53.297 E.01205
G1 X62.152 Y52.519 E.03316
G1 X61.31 Y52.86 E.0263
M204 S10000
G1 E-.8 F1800
G1 X58.138 Y49.214 Z8.8 F7200
G1 Z8.4
G1 E.8 F1800
M204 S1500
;TYPE:Inner wall
;WIDTH:0.449999
G1 F1473.915
G1 X58.895 Y51.272 E.07423
G1 X52.678 Y53.559 E.22422
G1 X51.921 Y51.501 E.07423
G1 X58.1 Y49.228 E.22287
M204 S500
G1 X58.392 Y48.664 F7200
;TYPE:Outer wall
G1 F1473.915
G1 X59.445 Y51.527 E.10324
G1 X52.423 Y54.109 E.25323
G1 X51.371 Y51.246 E.10324
G1 X58.355 Y48.678 E.25188
M204 S10000
G1 E-.8 F1800
G1 X58.372 Y51.031 Z8.8 F7200
G1 Z8.4
G1 E.8 F1800
M204 S500
;TYPE:Internal solid infill
G1 F1473.915
G1 X57.896 Y49.737 E.04667
G1 X52.443 Y51.742 E.19667
G1 X52.919 Y53.036 E.04667
G1 X58.335 Y51.045 E.19531
M204 S10000
G1 X57.799 Y50.766 F7200
M204 S500
;WIDTH:0.528762
G1 F1234.969
G1 X57.631 Y50.31 E.01963
G1 X53.016 Y52.007 E.19864
G1 X53.184 Y52.463 E.01963
G1 X57.762 Y50.78 E.19703
; stop printing object fidget-finger-massager-2000-roller_round.stl id:15 copy 0
M106 S242
;LAYER_CHANGE
;Z:8.6
;HEIGHT:0.200001
G92 E0
;_SET_FAN_SPEED_CHANGING_LAYER
; printing object fidget-finger-massager-2000-roller_round.stl id:15 copy 0
M204 S10000
G1 E-.8 F1800
G1 X62.112 Y50.089 Z9 F7200
G1 Z8.6
G1 E.8 F1800
M204 S1500
;TYPE:Inner wall
;WIDTH:0.449999
G1 F1473.915
G1 X61.355 Y48.031 E.07423
G1 X67.348 Y45.827 E.21612
G1 X68.105 Y47.885 E.07423
G1 X62.15 Y50.075 E.21477
M204 S500
G1 X61.858 Y50.639 F7200
;TYPE:Outer wall
G1 F1473.915
G1 X60.805 Y47.777 E.10324
G1 X67.602 Y45.277 E.24513
G1 X68.655 Y48.139 E.10324
G1 X61.896 Y50.625 E.24378
M204 S10000
G1 X62.354 Y49.566 F7200
M204 S500
;TYPE:Internal solid infill
G1 F1473.915
G1 X67.582 Y47.644 E.18856
G1 X67.106 Y46.349 E.04667
G1 X61.878 Y48.272 E.18856
G1 X62.34 Y49.529 E.04532
M204 S10000
G1 X62.619 Y48.993 F7200
M204 S500
;WIDTH:0.528761
G1 F1234.972
G1 X67.009 Y47.379 E.18898
G1 X66.842 Y46.923 E.01963
G1 X62.451 Y48.537 E.18898
G1 X62.605 Y48.956 E.01801
M204 S10000
G1 E-.8 F1800
M73 P25 R15
G1 X60.641 Y46.71 Z9 F7200
G1 Z8.6
G1 E.8 F1800
M204 S1500
;TYPE:Inner wall
;WIDTH:0.449999
G1 F1473.915
G1 X58.049 Y47.562 E.09237
G1 X57.961 Y46.978 E.01998
G1 X57.885 Y46.185 E.02698
G1 X57.854 Y45.288 E.03038
G1 X60.518 Y45.395 E.09024
G1 X60.546 Y45.423 E.00133
G1 X60.577 Y46.081 E.02231
G1 X60.637 Y46.67 E.02003
M204 S500
G1 X61.12 Y47.004 F7200
;TYPE:Outer wall
G1 F1473.915
G1 X57.73 Y48.118 E.12078
G1 X57.655 Y47.821 E.01035
G1 X57.536 Y47.044 E.02661
G1 X57.458 Y46.237 E.02744
G1 X57.424 Y45.427 E.02744
G1 X57.431 Y44.842 E.01982
G1 X60.979 Y44.985 E.12017
G1 X60.974 Y45.403 E.01417
G1 X61.003 Y46.041 E.02161
G1 X61.115 Y46.964 E.03147
M204 S10000
G1 E-.8 F1800
G1 X58.388 Y47.022 Z9 F7200
G1 Z8.6
G1 E.8 F1800
M204 S500
;TYPE:Internal solid infill
G1 F1473.915
G1 X60.203 Y46.426 E.06468
G1 X60.156 Y45.788 E.02164
G1 X58.272 Y45.712 E.0638
G1 X58.311 Y46.349 E.02161
G1 X58.383 Y46.982 E.02156
M204 S10000
G1 X58.71 Y46.519 F7200
M204 S500
;WIDTH:0.39046
G1 F1726.42
G1 X59.792 Y46.164 E.03289
G1 X58.666 Y46.106 E.03256
G1 X58.706 Y46.479 E.01086
M204 S10000
G1 E-.8 F1800
G1 X57.874 Y49.311 Z9 F7200
G1 Z8.6
G1 E.8 F1800
M204 S1500
;TYPE:Inner wall
;WIDTH:0.449999
G1 F1473.915
G1 X58.63 Y51.369 E.07423
G1 X52.645 Y53.571 E.21585
G1 X51.888 Y51.512 E.07423
G1 X57.836 Y49.325 E.2145
M204 S500
G1 X58.128 Y48.761 F7200
;TYPE:Outer wall
G1 F1473.915
G1 X59.181 Y51.624 E.10324
G1 X52.391 Y54.121 E.24486
G1 X51.338 Y51.258 E.10324
G1 X58.09 Y48.775 E.24351
M204 S10000
G1 E-.8 F1800
G1 X58.108 Y51.128 Z9 F7200
G1 Z8.6
G1 E.8 F1800
M204 S500
;TYPE:Internal solid infill
G1 F1473.915
G1 X57.632 Y49.834 E.04667
G1 X52.411 Y51.754 E.1883
G1 X52.887 Y53.048 E.04667
G1 X58.07 Y51.142 E.18694
M204 S10000
G1 X57.535 Y50.863 F7200
M204 S500
;WIDTH:0.528762
G1 F1234.971
G1 X57.367 Y50.407 E.01963
G1 X52.984 Y52.019 E.18865
G1 X53.152 Y52.475 E.01963
G1 X57.497 Y50.877 E.18704
M204 S10000
G1 E-.8 F1800
G1 X62.437 Y51.553 Z9 F7200
G1 Z8.6
G1 E.8 F1800
M204 S1500
;TYPE:Inner wall
;WIDTH:0.449999
G1 F1473.915
G1 X62.801 Y52.104 E.02235
G1 X63.202 Y52.62 E.02216
G1 X61.223 Y54.447 E.09117
G1 X60.651 Y53.726 E.03115
G1 X60.201 Y53.08 E.02665
G1 X59.897 Y52.588 E.01954
G1 X62.4 Y51.568 E.09148
M204 S500
G1 X62.602 Y51.023 F7200
;TYPE:Outer wall
G1 F1473.915
G1 X63.14 Y51.841 E.03315
G1 X63.799 Y52.653 E.03541
G1 X61.19 Y55.06 E.12017
G1 X60.795 Y54.607 E.02034
G1 X60.2 Y53.828 E.03319
G1 X59.83 Y53.294 E.022
G1 X59.294 Y52.372 E.0361
G1 X62.565 Y51.038 E.11955
M204 S10000
G1 E-.8 F1800
G1 X60.497 Y52.784 Z9 F7200
G1 Z8.6
G1 E.8 F1800
M204 S500
;TYPE:Internal solid infill
G1 F1473.915
G1 X60.886 Y53.351 E.02328
G1 X61.266 Y53.853 E.02132
G1 X62.656 Y52.57 E.06402
G1 X62.287 Y52.053 E.02151
G1 X60.534 Y52.769 E.06408
M204 S10000
G1 X61.273 Y52.875 F7200
M204 S500
;WIDTH:0.390883
G1 F1724.321
G1 X61.071 Y52.957 E.00629
G1 X61.312 Y53.297 E.01205
G1 X62.152 Y52.519 E.03316
G1 X61.31 Y52.86 E.0263
; stop printing object fidget-finger-massager-2000-roller_round.stl id:15 copy 0
;LAYER_CHANGE
;Z:8.8
;HEIGHT:0.2
G92 E0
;_SET_FAN_SPEED_CHANGING_LAYER
; printing object fidget-finger-massager-2000-roller_round.stl id:15 copy 0
M204 S10000
G1 E-.8 F1800
G1 X62.301 Y50.02 Z9.2 F7200
G1 Z8.8
G1 E.8 F1800
M204 S1500
;TYPE:Inner wall
;WIDTH:0.449999
G1 F1473.915
G1 X61.544 Y47.962 E.07423
G1 X67.374 Y45.817 E.21026
G1 X68.131 Y47.876 E.07423
G1 X62.338 Y50.006 E.20891
M204 S500
G1 X62.046 Y50.57 F7200
;TYPE:Outer wall
G1 F1473.915
G1 X60.994 Y47.707 E.10324
G1 X67.628 Y45.267 E.23927
G1 X68.681 Y48.13 E.10324
G1 X62.084 Y50.556 E.23792
M204 S10000
G1 X62.542 Y49.497 F7200
M204 S500
;TYPE:Internal solid infill
G1 F1473.915
G1 X67.608 Y47.634 E.1827
G1 X67.132 Y46.34 E.04667
G1 X62.066 Y48.203 E.1827
G1 X62.528 Y49.46 E.04532
M204 S10000
G1 X62.807 Y48.924 F7200
M204 S500
;WIDTH:0.528761
G1 F1234.972
G1 X67.035 Y47.369 E.18198
G1 X66.867 Y46.913 E.01963
G1 X62.639 Y48.468 E.18198
G1 X62.793 Y48.886 E.01801
M204 S10000
G1 E-.8 F1800
G1 X62.437 Y51.553 Z9.2 F7200
G1 Z8.8
G1 E.8 F1800
M204 S1500
;TYPE:Inner wall
;WIDTH:0.449999
G1 F1473.915
G1 X62.799 Y52.1 E.02223
G1 X63.202 Y52.62 E.02228
G1 X61.223 Y54.447 E.09117
G1 X60.65 Y53.725 E.03118
G1 X60.2 Y53.079 E.02666
G1 X59.897 Y52.588 E.01951
G1 X62.4 Y51.568 E.09148
M204 S500
G1 X62.602 Y51.023 F7200
;TYPE:Outer wall
G1 F1473.915
G1 X63.137 Y51.838 E.03303
G1 X63.799 Y52.653 E.03553
G1 X61.19 Y55.06 E.12017
G1 X60.795 Y54.607 E.02035
G1 X60.2 Y53.828 E.03318
G1 X59.829 Y53.293 E.02203
G1 X59.294 Y52.372 E.03606
G1 X62.565 Y51.038 E.11955
M204 S10000
G1 E-.8 F1800
G1 X60.497 Y52.784 Z9.2 F7200
G1 Z8.8
G1 E.8 F1800
M204 S500
;TYPE:Internal solid infill
G1 F1473.915
G1 X60.886 Y53.351 E.02328
G1 X61.266 Y53.853 E.02132
G1 X62.656 Y52.57 E.06402
G1 X62.287 Y52.053 E.02151
G1 X60.534 Y52.769 E.06408
M204 S10000
G1 X61.273 Y52.875 F7200
M204 S500
;WIDTH:0.390886
G1 F1724.306
G1 X61.072 Y52.957 E.00629
G1 X61.312 Y53.297 E.01205
G1 X62.152 Y52.519 E.03316
M73 P26 R15
G1 X61.31 Y52.86 E.0263
M204 S10000
G1 E-.8 F1800
G1 X57.684 Y49.381 Z9.2 F7200
G1 Z8.8
G1 E.8 F1800
M204 S1500
;TYPE:Inner wall
;WIDTH:0.449999
G1 F1473.915
G1 X58.441 Y51.439 E.07423
G1 X52.398 Y53.661 E.21794
G1 X51.644 Y51.602 E.07423
G1 X57.647 Y49.395 E.2165
M204 S500
G1 X57.939 Y48.831 F7200
;TYPE:Outer wall
G1 F1473.915
G1 X58.991 Y51.693 E.10324
G1 X52.144 Y54.212 E.24696
G1 X51.094 Y51.348 E.10324
G1 X57.901 Y48.845 E.24549
M204 S10000
G1 E-.8 F1800
G1 X57.919 Y51.198 Z9.2 F7200
G1 Z8.8
G1 E.8 F1800
M204 S500
;TYPE:Internal solid infill
G1 F1473.915
G1 X57.443 Y49.904 E.04667
G1 X52.166 Y51.844 E.19031
G1 X52.64 Y53.139 E.04667
G1 X57.881 Y51.211 E.18901
M204 S10000
G1 X57.346 Y50.933 F7200
M204 S500
;WIDTH:0.528762
G1 F1234.971
G1 X57.178 Y50.477 E.01963
G1 X52.739 Y52.109 E.19108
G1 X52.906 Y52.565 E.01963
G1 X57.308 Y50.946 E.18948
M204 S10000
G1 E-.8 F1800
G1 X60.642 Y46.71 Z9.2 F7200
G1 Z8.8
G1 E.8 F1800
M204 S1500
;TYPE:Inner wall
;WIDTH:0.449999
G1 F1473.915
G1 X58.049 Y47.562 E.09239
G1 X57.961 Y46.979 E.01995
G1 X57.885 Y46.186 E.02699
G1 X57.854 Y45.288 E.03041
G1 X60.516 Y45.395 E.09017
G1 X60.546 Y45.425 E.00143
G1 X60.577 Y46.083 E.02231
G1 X60.638 Y46.67 E.01997
M204 S500
G1 X61.12 Y47.004 F7200
;TYPE:Outer wall
G1 F1473.915
G1 X57.73 Y48.118 E.12078
G1 X57.655 Y47.821 E.01035
G1 X57.537 Y47.045 E.02657
G1 X57.458 Y46.238 E.02745
G1 X57.424 Y45.428 E.02745
G1 X57.431 Y44.842 E.01983
G1 X60.979 Y44.985 E.12017
G1 X60.974 Y45.405 E.01423
G1 X61.004 Y46.045 E.02167
G1 X61.115 Y46.964 E.03135
M204 S10000
G1 E-.8 F1800
G1 X58.388 Y47.022 Z9.2 F7200
G1 Z8.8
G1 E.8 F1800
M204 S500
;TYPE:Internal solid infill
G1 F1473.915
G1 X60.203 Y46.425 E.06468
G1 X60.156 Y45.788 E.02164
G1 X58.272 Y45.712 E.0638
G1 X58.311 Y46.349 E.02162
G1 X58.383 Y46.982 E.02156
M204 S10000
G1 X58.71 Y46.519 F7200
M204 S500
;WIDTH:0.390463
G1 F1726.405
G1 X59.797 Y46.162 E.03304
G1 X58.667 Y46.106 E.0327
G1 X58.706 Y46.479 E.01086
; stop printing object fidget-finger-massager-2000-roller_round.stl id:15 copy 0
;LAYER_CHANGE
;Z:9
;HEIGHT:0.2
G92 E0
;_SET_FAN_SPEED_CHANGING_LAYER
; printing object fidget-finger-massager-2000-roller_round.stl id:15 copy 0
M204 S10000
G1 E-.8 F1800
G1 X62.443 Y49.968 Z9.4 F7200
G1 Z9
G1 E.8 F1800
M204 S1500
;TYPE:Inner wall
;WIDTH:0.449999
G1 F1473.915
G1 X61.686 Y47.909 E.07423
G1 X67.398 Y45.808 E.20602
G1 X68.155 Y47.867 E.07423
G1 X62.48 Y49.954 E.20467
M204 S500
G1 X62.188 Y50.518 F7200
;TYPE:Outer wall
G1 F1473.915
G1 X61.136 Y47.655 E.10324
G1 X67.652 Y45.258 E.23503
G1 X68.705 Y48.121 E.10324
G1 X62.226 Y50.504 E.23368
M204 S10000
G1 X62.684 Y49.445 F7200
M204 S500
;TYPE:Internal solid infill
G1 F1473.915
G1 X67.633 Y47.625 E.17847
G1 X67.157 Y46.331 E.04667
G1 X62.208 Y48.151 E.17847
G1 X62.67 Y49.407 E.04532
M204 S10000
G1 X62.949 Y48.872 F7200
M204 S500
;WIDTH:0.528762
G1 F1234.971
G1 X67.059 Y47.36 E.17692
G1 X66.892 Y46.904 E.01963
G1 X62.781 Y48.416 E.17692
G1 X62.935 Y48.834 E.01801
M204 S10000
G1 E-.8 F1800
G1 X60.642 Y46.71 Z9.4 F7200
G1 Z9
G1 E.8 F1800
M204 S1500
;TYPE:Inner wall
;WIDTH:0.449999
G1 F1473.915
G1 X58.049 Y47.562 E.0924
G1 X57.961 Y46.98 E.01991
G1 X57.885 Y46.186 E.02701
G1 X57.854 Y45.288 E.03043
G1 X60.514 Y45.395 E.0901
G1 X60.546 Y45.427 E.00153
G1 X60.578 Y46.093 E.02257
G1 X60.638 Y46.67 E.01965
M204 S500
G1 X61.12 Y47.004 F7200
;TYPE:Outer wall
G1 F1473.915
G1 X57.73 Y48.118 E.12078
G1 X57.655 Y47.821 E.01035
G1 X57.537 Y47.046 E.02654
G1 X57.458 Y46.239 E.02747
G1 X57.424 Y45.428 E.02746
G1 X57.431 Y44.842 E.01984
G1 X60.979 Y44.985 E.12017
G1 X60.974 Y45.407 E.01429
G1 X61.004 Y46.048 E.02173
G1 X61.115 Y46.964 E.03123
M204 S10000
G1 E-.8 F1800
G1 X58.388 Y47.022 Z9.4 F7200
G1 Z9
G1 E.8 F1800
M204 S500
;TYPE:Internal solid infill
G1 F1473.915
G1 X60.203 Y46.425 E.06468
G1 X60.156 Y45.788 E.02164
G1 X58.272 Y45.712 E.0638
G1 X58.311 Y46.349 E.02162
G1 X58.383 Y46.982 E.02156
M204 S10000
G1 X58.71 Y46.519 F7200
M204 S500
;WIDTH:0.390467
G1 F1726.385
G1 X59.796 Y46.162 E.03304
G1 X58.667 Y46.106 E.03269
G1 X58.706 Y46.479 E.01086
M204 S10000
G1 E-.8 F1800
G1 X62.437 Y51.553 Z9.4 F7200
G1 Z9
G1 E.8 F1800
M204 S1500
;TYPE:Inner wall
;WIDTH:0.449999
G1 F1473.915
G1 X62.796 Y52.097 E.0221
G1 X63.202 Y52.62 E.02241
G1 X61.223 Y54.447 E.09117
G1 X60.65 Y53.725 E.0312
G1 X60.2 Y53.078 E.02668
G1 X59.897 Y52.588 E.01947
G1 X62.4 Y51.568 E.09148
M204 S500
G1 X62.602 Y51.023 F7200
;TYPE:Outer wall
G1 F1473.915
G1 X63.135 Y51.835 E.03291
G1 X63.799 Y52.653 E.03566
G1 X61.19 Y55.06 E.12017
G1 X60.795 Y54.607 E.02036
G1 X60.2 Y53.828 E.03317
G1 X59.829 Y53.292 E.02206
G1 X59.294 Y52.372 E.03603
G1 X62.564 Y51.038 E.11955
M204 S10000
G1 E-.8 F1800
G1 X60.497 Y52.784 Z9.4 F7200
G1 Z9
G1 E.8 F1800
M204 S500
;TYPE:Internal solid infill
G1 F1473.915
G1 X60.886 Y53.351 E.02328
G1 X61.266 Y53.853 E.02132
G1 X62.656 Y52.57 E.06402
G1 X62.287 Y52.054 E.02151
G1 X60.534 Y52.769 E.06408
M204 S10000
G1 X61.273 Y52.875 F7200
M73 P27 R15
M204 S500
;WIDTH:0.390886
G1 F1724.306
G1 X61.072 Y52.957 E.00629
G1 X61.312 Y53.297 E.01205
G1 X62.152 Y52.519 E.03315
G1 X61.31 Y52.86 E.0263
M204 S10000
G1 E-.8 F1800
G1 X57.549 Y49.431 Z9.4 F7200
G1 Z9
G1 E.8 F1800
M204 S1500
;TYPE:Inner wall
;WIDTH:0.449999
G1 F1473.915
G1 X58.306 Y51.489 E.07423
G1 X52.098 Y53.772 E.22387
G1 X51.345 Y51.712 E.07423
G1 X57.511 Y49.445 E.22237
M204 S500
G1 X57.803 Y48.881 F7200
;TYPE:Outer wall
G1 F1473.915
G1 X58.856 Y51.743 E.10324
G1 X51.843 Y54.322 E.25291
G1 X50.796 Y51.458 E.10324
G1 X57.766 Y48.894 E.25136
M204 S10000
G1 E-.8 F1800
G1 X57.783 Y51.247 Z9.4 F7200
G1 Z9
G1 E.8 F1800
M204 S500
;TYPE:Internal solid infill
G1 F1473.915
G1 X57.307 Y49.953 E.04667
G1 X51.867 Y51.954 E.1962
G1 X52.341 Y53.249 E.04667
G1 X57.746 Y51.261 E.19494
M204 S10000
G1 X57.21 Y50.982 F7200
M204 S500
;WIDTH:0.528761
G1 F1234.972
G1 X57.042 Y50.526 E.01963
G1 X52.44 Y52.219 E.19812
G1 X52.606 Y52.676 E.01963
G1 X57.173 Y50.996 E.19654
; stop printing object fidget-finger-massager-2000-roller_round.stl id:15 copy 0
;LAYER_CHANGE
;Z:9.2
;HEIGHT:0.2
G92 E0
;_SET_FAN_SPEED_CHANGING_LAYER
; printing object fidget-finger-massager-2000-roller_round.stl id:15 copy 0
M204 S10000
G1 E-.8 F1800
G1 X62.553 Y49.927 Z9.6 F7200
G1 Z9.2
G1 E.8 F1800
M204 S1500
;TYPE:Inner wall
;WIDTH:0.449999
G1 F1473.915
G1 X61.796 Y47.869 E.07423
G1 X67.416 Y45.802 E.2027
G1 X68.173 Y47.86 E.07423
G1 X62.59 Y49.913 E.20135
M204 S500
G1 X62.298 Y50.477 F7200
;TYPE:Outer wall
G1 F1473.915
G1 X61.245 Y47.615 E.10324
G1 X67.67 Y45.252 E.23171
G1 X68.723 Y48.114 E.10324
G1 X62.336 Y50.463 E.23036
M204 S10000
G1 X62.794 Y49.404 F7200
M204 S500
;TYPE:Internal solid infill
G1 F1473.915
G1 X67.65 Y47.619 E.17514
G1 X67.174 Y46.324 E.04667
G1 X62.318 Y48.11 E.17514
G1 X62.78 Y49.367 E.04532
M204 S10000
G1 X63.059 Y48.831 F7200
M204 S500
;WIDTH:0.52876
G1 F1234.974
G1 X67.077 Y47.354 E.17296
G1 X66.909 Y46.898 E.01963
G1 X62.891 Y48.375 E.17296
G1 X63.045 Y48.794 E.01801
M204 S10000
G1 E-.8 F1800
G1 X62.437 Y51.553 Z9.6 F7200
G1 Z9.2
G1 E.8 F1800
M204 S1500
;TYPE:Inner wall
;WIDTH:0.449999
G1 F1473.915
G1 X62.794 Y52.094 E.02197
G1 X63.202 Y52.62 E.02254
G1 X61.223 Y54.447 E.09117
G1 X60.65 Y53.724 E.03122
G1 X60.199 Y53.077 E.02669
G1 X59.897 Y52.588 E.01944
G1 X62.4 Y51.568 E.09148
M204 S500
G1 X62.602 Y51.023 F7200
;TYPE:Outer wall
G1 F1473.915
G1 X63.133 Y51.832 E.03279
G1 X63.799 Y52.653 E.03578
G1 X61.19 Y55.06 E.12017
G1 X60.794 Y54.606 E.02037
G1 X60.2 Y53.828 E.03316
G1 X59.828 Y53.291 E.02209
G1 X59.294 Y52.372 E.03599
G1 X62.564 Y51.038 E.11955
M204 S10000
G1 E-.8 F1800
G1 X60.497 Y52.784 Z9.6 F7200
G1 Z9.2
G1 E.8 F1800
M204 S500
;TYPE:Internal solid infill
G1 F1473.915
G1 X60.886 Y53.351 E.02328
G1 X61.266 Y53.853 E.02132
G1 X62.656 Y52.57 E.06402
G1 X62.286 Y52.054 E.02151
G1 X60.534 Y52.769 E.06408
M204 S10000
G1 X61.273 Y52.875 F7200
M204 S500
;WIDTH:0.390887
G1 F1724.301
G1 X61.072 Y52.957 E.00629
G1 X61.312 Y53.297 E.01205
G1 X62.152 Y52.519 E.03315
G1 X61.31 Y52.86 E.0263
M204 S10000
G1 E-.8 F1800
G1 X57.446 Y49.469 Z9.6 F7200
G1 Z9.2
M73 P27 R14
G1 E.8 F1800
M204 S1500
;TYPE:Inner wall
;WIDTH:0.449999
G1 F1473.915
G1 X58.203 Y51.527 E.07423
G1 X51.863 Y53.858 E.22864
G1 X51.106 Y51.8 E.07423
G1 X57.408 Y49.482 E.22729
M204 S500
G1 X57.7 Y48.918 F7200
;TYPE:Outer wall
G1 F1473.915
G1 X58.753 Y51.781 E.10324
G1 X51.609 Y54.408 E.25765
G1 X50.556 Y51.546 E.10324
G1 X57.663 Y48.932 E.2563
M204 S10000
G1 E-.8 F1800
G1 X57.68 Y51.285 Z9.6 F7200
G1 Z9.2
G1 E.8 F1800
M204 S500
;TYPE:Internal solid infill
G1 F1473.915
G1 X57.204 Y49.991 E.04667
G1 X51.629 Y52.042 E.20108
G1 X52.105 Y53.336 E.04667
G1 X57.643 Y51.299 E.19973
M204 S10000
G1 X57.107 Y51.02 F7200
M204 S500
;WIDTH:0.528761
G1 F1234.972
G1 X56.94 Y50.564 E.01963
G1 X52.202 Y52.307 E.20392
G1 X52.37 Y52.763 E.01963
G1 X57.07 Y51.034 E.2023
M204 S10000
G1 E-.8 F1800
G1 X60.642 Y46.71 Z9.6 F7200
G1 Z9.2
M73 P28 R14
G1 E.8 F1800
M204 S1500
;TYPE:Inner wall
;WIDTH:0.449999
G1 F1473.915
G1 X58.049 Y47.562 E.0924
G1 X57.961 Y46.981 E.01987
G1 X57.885 Y46.187 E.02702
G1 X57.854 Y45.288 E.03045
G1 X60.512 Y45.395 E.09004
G1 X60.546 Y45.429 E.00162
G1 X60.578 Y46.097 E.02263
G1 X60.638 Y46.67 E.01952
M204 S500
G1 X61.12 Y47.004 F7200
;TYPE:Outer wall
G1 F1473.915
G1 X57.73 Y48.118 E.12077
G1 X57.655 Y47.821 E.01036
G1 X57.537 Y47.047 E.0265
G1 X57.458 Y46.239 E.02748
G1 X57.424 Y45.428 E.02748
G1 X57.431 Y44.842 E.01986
G1 X60.979 Y44.985 E.12017
G1 X60.974 Y45.409 E.01435
G1 X61.004 Y46.052 E.02179
G1 X61.115 Y46.964 E.0311
M204 S10000
G1 E-.8 F1800
G1 X58.388 Y47.022 Z9.6 F7200
G1 Z9.2
G1 E.8 F1800
M204 S500
;TYPE:Internal solid infill
G1 F1473.915
G1 X60.203 Y46.425 E.06469
G1 X60.156 Y45.788 E.02164
G1 X58.272 Y45.712 E.0638
G1 X58.311 Y46.349 E.02162
G1 X58.383 Y46.982 E.02156
M204 S10000
G1 X58.71 Y46.519 F7200
M204 S500
;WIDTH:0.39047
G1 F1726.37
G1 X59.796 Y46.162 E.03304
G1 X58.667 Y46.106 E.03269
G1 X58.706 Y46.479 E.01086
; stop printing object fidget-finger-massager-2000-roller_round.stl id:15 copy 0
M106 S240
;LAYER_CHANGE
;Z:9.4
;HEIGHT:0.2
G92 E0
;_SET_FAN_SPEED_CHANGING_LAYER
; printing object fidget-finger-massager-2000-roller_round.stl id:15 copy 0
M204 S10000
G1 E-.8 F1800
G1 X62.625 Y49.9 Z9.8 F7200
G1 Z9.4
G1 E.8 F1800
M204 S1500
;TYPE:Inner wall
;WIDTH:0.449999
G1 F1473.915
G1 X61.868 Y47.842 E.07423
G1 X67.529 Y45.76 E.20417
G1 X68.287 Y47.818 E.07423
G1 X62.663 Y49.887 E.20285
M204 S500
G1 X62.371 Y50.451 F7200
;TYPE:Outer wall
G1 F1473.915
G1 X61.318 Y47.588 E.10324
G1 X67.783 Y45.21 E.23318
G1 X68.838 Y48.072 E.10324
G1 X62.408 Y50.437 E.23187
M204 S10000
G1 X62.867 Y49.378 F7200
M204 S500
;TYPE:Internal solid infill
G1 F1473.915
G1 X67.764 Y47.577 E.17664
G1 X67.288 Y46.283 E.04667
G1 X62.391 Y48.084 E.17662
G1 X62.853 Y49.34 E.04532
M204 S10000
G1 X63.131 Y48.805 F7200
M204 S500
;WIDTH:0.52876
G1 F1234.974
G1 X67.191 Y47.312 E.17474
G1 X67.023 Y46.856 E.01963
G1 X62.964 Y48.349 E.17473
G1 X63.118 Y48.767 E.01801
M204 S10000
G1 E-.8 F1800
G1 X62.437 Y51.553 Z9.8 F7200
G1 Z9.4
G1 E.8 F1800
M204 S1500
;TYPE:Inner wall
;WIDTH:0.449999
G1 F1473.915
G1 X62.792 Y52.091 E.02185
G1 X63.202 Y52.62 E.02266
G1 X61.223 Y54.447 E.09117
G1 X60.649 Y53.724 E.03124
G1 X60.199 Y53.076 E.0267
G1 X59.897 Y52.588 E.01941
G1 X60.796 Y52.222 E.03285
G1 X60.98 Y52.105 E.00737
G1 X61.015 Y51.98 E.0044
G1 X61.128 Y52.045 E.0044
G1 X61.341 Y52 E.00737
G1 X62.4 Y51.568 E.03872
M204 S500
G1 X62.602 Y51.022 F7200
;TYPE:Outer wall
G1 F1473.915
G1 X63.131 Y51.829 E.03266
G1 X63.799 Y52.653 E.0359
G1 X61.19 Y55.06 E.12017
G1 X60.794 Y54.606 E.02038
G1 X60.196 Y53.823 E.03336
G1 X59.828 Y53.291 E.02191
G1 X59.294 Y52.372 E.03596
G1 X60.634 Y51.825 E.04898
;WIDTH:0.493899
G1 F1330.439
G1 X60.689 Y51.762 E.00314
;WIDTH:0.537799
G1 F1212.418
G1 X60.744 Y51.699 E.00345
;WIDTH:0.581699
G1 F1113.629
G1 X60.8 Y51.636 E.00375
;WIDTH:0.625599
G1 F1029.727
G1 X60.855 Y51.573 E.00406
G1 X60.936 Y51.581 E.00394
;WIDTH:0.581699
G1 F1113.629
G1 X61.017 Y51.588 E.00365
;WIDTH:0.537799
G1 F1212.418
G1 X61.098 Y51.595 E.00335
;WIDTH:0.493899
G1 F1330.439
G1 X61.179 Y51.603 E.00305
;WIDTH:0.449999
G1 F1473.915
G1 X62.565 Y51.037 E.05067
G1 X60.845 Y51.563 F7200
;WIDTH:0.632
G1 F1018.537
G1 X60.829 Y51.531 E.00174
;WIDTH:0.627976
G1 F1025.543
G1 X60.726 Y51.328 E.01103
M204 S250
;TYPE:Overhang wall
;WIDTH:0.601694
G1 F1073.779
M106 S255
G1 X60.598 Y51.077 E.01313
;WIDTH:0.605974
G1 F1065.617
G1 X60.275 Y50.393 E.0354
G1 X59.994 Y49.691 E.0354
G1 X59.754 Y48.974 E.0354
;WIDTH:0.605868
G1 X59.558 Y48.244 E.03539
;WIDTH:0.639325
G1 F1006.028
G1 X59.496 Y47.985 E.0132
M204 S500
;TYPE:Outer wall
M106 S240
G1 X59.431 Y47.716 E.01371
M204 S10000
G1 X60.642 Y46.71 F7200
M204 S1500
;TYPE:Inner wall
;WIDTH:0.449999
G1 F1473.915
G1 X59.53 Y47.075 E.03965
G1 X59.338 Y47.179 E.00737
G1 X59.294 Y47.302 E.0044
G1 X59.186 Y47.229 E.0044
G1 X58.971 Y47.259 E.00737
G1 X58.049 Y47.562 E.03285
G1 X57.961 Y46.983 E.01984
G1 X57.885 Y46.187 E.02704
G1 X57.854 Y45.288 E.03047
G1 X60.51 Y45.395 E.08997
G1 X60.546 Y45.431 E.00172
G1 X60.578 Y46.1 E.0227
G1 X60.638 Y46.67 E.01938
M204 S500
G1 X61.119 Y47.004 F7200
;TYPE:Outer wall
G1 F1473.915
G1 X59.663 Y47.482 E.05188
;WIDTH:0.496193
G1 F1323.706
G1 X59.605 Y47.541 E.00311
;WIDTH:0.542387
G1 F1201.282
G1 X59.547 Y47.599 E.00343
;WIDTH:0.588581
G1 F1099.585
G1 X59.489 Y47.658 E.00374
;WIDTH:0.634774
G1 F1013.764
G1 X59.431 Y47.716 E.00406
G1 X59.349 Y47.704 E.00406
;WIDTH:0.588581
G1 F1099.585
G1 X59.268 Y47.691 E.00374
;WIDTH:0.542387
G1 F1201.282
G1 X59.186 Y47.679 E.00343
;WIDTH:0.496193
G1 F1323.706
G1 X59.105 Y47.666 E.00311
;WIDTH:0.449999
G1 F1473.915
G1 X57.73 Y48.118 E.04898
G1 X57.655 Y47.821 E.01036
G1 X57.537 Y47.048 E.02647
G1 X57.458 Y46.24 E.02749
G1 X57.424 Y45.429 E.02749
G1 X57.431 Y44.842 E.01987
G1 X60.979 Y44.985 E.12017
G1 X60.974 Y45.411 E.01442
G1 X61.005 Y46.056 E.02186
G1 X61.115 Y46.964 E.03098
M204 S10000
G1 X59.141 Y46.836 F7200
M204 S500
;TYPE:Internal solid infill
G1 F1473.915
G1 X59.402 Y46.689 E.01015
G1 X60.203 Y46.425 E.02853
G1 X60.156 Y45.788 E.02164
G1 X58.272 Y45.712 E.0638
G1 X58.313 Y46.363 E.02206
G1 X58.388 Y47.022 E.02247
G1 X58.885 Y46.863 E.01768
G1 X59.101 Y46.84 E.00736
M204 S10000
G1 X59.052 Y46.448 F7200
M204 S500
;WIDTH:0.396897
G1 F1695.029
G1 X59.284 Y46.328 E.00768
G1 X59.789 Y46.157 E.0157
G1 X58.672 Y46.111 E.0329
G1 X58.724 Y46.508 E.01178
G1 X59.013 Y46.455 E.00865
M204 S10000
G1 E-.8 F1800
G1 X61.2 Y52.434 Z9.8 F7200
G1 Z9.4
G1 E.8 F1800
M204 S500
;WIDTH:0.449999
G1 F1473.915
G1 X60.95 Y52.599 E.01015
G1 X60.497 Y52.784 E.01656
G1 X60.853 Y53.304 E.02134
G1 X61.266 Y53.853 E.02326
G1 X62.656 Y52.57 E.06402
G1 X62.287 Y52.053 E.02151
G1 X61.494 Y52.377 E.02896
G1 X61.239 Y52.426 E.00879
M204 S10000
G1 X61.316 Y52.814 F7200
M204 S500
;WIDTH:0.397556
G1 F1691.875
G1 X61.089 Y52.972 E.00815
G1 X61.312 Y53.289 E.01144
G1 X62.152 Y52.519 E.03361
G1 X61.638 Y52.728 E.01638
G1 X61.354 Y52.804 E.00865
M204 S10000
G1 E-.8 F1800
G1 X57.367 Y49.497 Z9.8 F7200
G1 Z9.4
G1 E.8 F1800
M204 S1500
;TYPE:Inner wall
;WIDTH:0.449999
G1 F1473.915
G1 X58.124 Y51.556 E.07423
G1 X51.703 Y53.917 E.23157
G1 X50.949 Y51.858 E.07423
G1 X57.33 Y49.511 E.23012
M204 S500
G1 X57.622 Y48.947 F7200
;TYPE:Outer wall
G1 F1473.915
G1 X58.674 Y51.81 E.10324
G1 X51.449 Y54.467 E.2606
G1 X50.399 Y51.603 E.10324
G1 X57.584 Y48.961 E.25912
M204 S10000
G1 E-.8 F1800
G1 X57.602 Y51.314 Z9.8 F7200
G1 Z9.4
G1 E.8 F1800
M204 S500
;TYPE:Internal solid infill
G1 F1473.915
G1 X57.126 Y50.02 E.04667
G1 X51.471 Y52.1 E.20394
G1 X51.946 Y53.394 E.04667
G1 X57.564 Y51.328 E.20264
M204 S10000
G1 X57.029 Y51.049 F7200
M204 S500
;WIDTH:0.528763
G1 F1234.968
G1 X56.861 Y50.593 E.01963
G1 X52.044 Y52.365 E.20735
G1 X52.211 Y52.821 E.01963
M73 P29 R14
G1 X56.991 Y51.063 E.20575
; stop printing object fidget-finger-massager-2000-roller_round.stl id:15 copy 0
M106 S237
;LAYER_CHANGE
;Z:9.6
;HEIGHT:0.200001
G92 E0
;_SET_FAN_SPEED_CHANGING_LAYER
; printing object fidget-finger-massager-2000-roller_round.stl id:15 copy 0
M204 S10000
G1 E-.8 F1800
G1 X61.92 Y47.823 Z10 F7200
G1 Z9.6
G1 E.8 F1800
M204 S1500
;TYPE:Inner wall
;WIDTH:0.449999
G1 F1473.915
G1 X67.854 Y45.641 E.214
G1 X68.609 Y47.7 E.07423
G1 X62.677 Y49.881 E.21392
G1 X61.934 Y47.861 E.07287
M204 S500
G1 X61.37 Y47.569 F7200
;TYPE:Outer wall
G1 F1473.915
G1 X68.109 Y45.091 E.24303
G1 X69.158 Y47.954 E.10324
G1 X62.423 Y50.431 E.24292
G1 X61.384 Y47.606 E.10188
M204 S10000
G1 E-.8 F1800
G1 X62.919 Y49.359 Z10 F7200
G1 Z9.6
G1 E.8 F1800
M204 S500
;TYPE:Internal solid infill
G1 F1473.915
G1 X68.087 Y47.458 E.18638
G1 X67.612 Y46.164 E.04667
G1 X62.443 Y48.065 E.18643
G1 X62.905 Y49.321 E.04532
M204 S10000
G1 X63.184 Y48.786 F7200
M204 S500
;WIDTH:0.528761
G1 F1234.972
G1 X67.514 Y47.193 E.18639
G1 X67.347 Y46.737 E.01963
G1 X63.016 Y48.33 E.18641
G1 X63.17 Y48.748 E.01801
M204 S10000
G1 E-.8 F1800
G1 X59.422 Y47.671 Z10 F7200
G1 Z9.6
G1 E.8 F1800
M204 S1500
;TYPE:Inner wall
;WIDTH:0.650436
G1 F987.628
G1 X59.343 Y47.619 E.00479
;WIDTH:0.610349
G1 F1057.402
G1 X59.264 Y47.566 E.00448
;WIDTH:0.570262
G1 F1137.783
G1 X59.184 Y47.514 E.00416
;WIDTH:0.530174
G1 F1231.391
G1 X59.105 Y47.462 E.00385
;WIDTH:0.490087
G1 F1341.782
G1 X59.026 Y47.409 E.00353
;WIDTH:0.449999
G1 F1473.915
G1 X58.855 Y47.361 E.00601
G1 X58.585 Y47.386 E.0092
G1 X58.049 Y47.562 E.01909
G1 X57.961 Y46.979 E.01996
G1 X57.885 Y46.188 E.02689
G1 X57.854 Y45.288 E.03049
G1 X60.508 Y45.395 E.0899
G1 X60.546 Y45.433 E.00182
G1 X60.579 Y46.104 E.02276
G1 X60.643 Y46.71 E.02061
G1 X60.064 Y46.9 E.02061
G1 X59.694 Y47.085 E.01401
G1 X59.586 Y47.225 E.00601
;WIDTH:0.490087
G1 F1341.782
G1 X59.553 Y47.314 E.00353
;WIDTH:0.530174
G1 F1231.391
G1 X59.52 Y47.404 E.00385
;WIDTH:0.570262
G1 F1137.783
G1 X59.487 Y47.493 E.00416
;WIDTH:0.610349
G1 F1057.402
G1 X59.455 Y47.582 E.00448
;WIDTH:0.650436
G1 F987.628
G1 X59.436 Y47.633 E.00277
M204 S10000
G1 E-.8 F1800
G1 X61.247 Y51.825 Z10 F7200
G1 Z9.6
G1 E.8 F1800
M204 S1500
;WIDTH:0.498444
G1 F1317.165
G1 X61.286 Y51.849 E.00176
;WIDTH:0.449999
G1 F1473.915
G1 X61.46 Y51.886 E.00601
G1 X61.728 Y51.842 E.0092
G1 X62.437 Y51.553 E.02591
G1 X62.79 Y52.088 E.02172
G1 X63.201 Y52.62 E.02276
G1 X61.223 Y54.447 E.09114
G1 X60.649 Y53.723 E.03126
G1 X60.198 Y53.075 E.02671
G1 X59.897 Y52.588 E.01937
G1 X60.415 Y52.377 E.01894
G1 X60.624 Y52.238 E.00849
G1 X60.741 Y52.072 E.00688
;WIDTH:0.498444
G1 F1317.165
G1 X60.77 Y51.95 E.00475
;WIDTH:0.546889
G1 F1190.551
G1 X60.8 Y51.828 E.00525
;WIDTH:0.595334
G1 F1086.143
G1 X60.83 Y51.706 E.00576
;WIDTH:0.643778
G1 F998.572
G1 X60.86 Y51.585 E.00626
G1 X60.966 Y51.651 E.00627
;WIDTH:0.595334
G1 F1086.143
G1 X61.073 Y51.717 E.00576
;WIDTH:0.546889
G1 F1190.551
G1 X61.179 Y51.783 E.00526
;WIDTH:0.498444
G1 F1317.165
G1 X61.213 Y51.804 E.00147
M204 S500
G1 X61.434 Y51.447 F7200
;TYPE:Outer wall
;WIDTH:0.449999
G1 F1473.915
G1 X61.566 Y51.445 E.00446
G1 X62.602 Y51.022 E.03786
G1 X63.129 Y51.826 E.03254
G1 X63.799 Y52.653 E.03602
G1 X61.19 Y55.06 E.12017
G1 X60.794 Y54.606 E.0204
G1 X60.163 Y53.775 E.03534
G1 X59.827 Y53.29 E.01996
G1 X59.294 Y52.372 E.03593
G1 X60.324 Y51.932 E.0379
G1 X60.362 Y51.752 E.00623
G1 X59.792 Y50.574 E.0443
G1 X59.501 Y49.843 E.02661
G1 X59.253 Y49.097 E.02661
G1 X58.953 Y47.925 E.04097
G1 X58.85 Y47.8 E.00547
G1 X58.718 Y47.793 E.00446
G1 X57.73 Y48.118 E.03523
G1 X57.655 Y47.821 E.01035
G1 X57.537 Y47.049 E.02643
G1 X57.458 Y46.241 E.0275
G1 X57.424 Y45.429 E.0275
G1 X57.431 Y44.842 E.01988
G1 X60.979 Y44.985 E.12017
G1 X60.974 Y45.412 E.01448
G1 X61.005 Y46.059 E.02192
G1 X61.119 Y47.004 E.03221
G1 X59.991 Y47.394 E.0404
G1 X59.939 Y47.562 E.00597
G1 X60.06 Y48.137 E.01987
G1 X60.251 Y48.837 E.02458
G1 X60.482 Y49.526 E.02458
G1 X60.753 Y50.2 E.02458
G1 X60.934 Y50.564 E.01378
M204 S250
;TYPE:Overhang wall
M106 S255
G1 X61.163 Y51.023 E.01735
M204 S500
;TYPE:Outer wall
M106 S237
G1 X61.278 Y51.254 E.00874
G1 X61.409 Y51.416 E.00706
M204 S10000
G1 X60.86 Y51.585 F7200
M204 S1500
;TYPE:Inner wall
;WIDTH:0.643778
G1 F998.572
G1 X60.596 Y51.064 E.02914
;WIDTH:0.62344
G1 F1033.556
G1 X60.27 Y50.382 E.0365
G1 X59.99 Y49.68 E.0365
G1 X59.751 Y48.962 E.0365
;WIDTH:0.624152
G1 F1032.29
G1 X59.553 Y48.232 E.03655
;WIDTH:0.650436
G1 F987.628
G1 X59.422 Y47.671 E.02913
M204 S10000
G1 X59.221 Y47.061 F7200
M204 S500
;TYPE:Internal solid infill
;WIDTH:0.449999
G1 F1473.915
G1 X59.412 Y46.792 E.01116
G1 X59.8 Y46.558 E.01533
G1 X60.203 Y46.425 E.01437
G1 X60.156 Y45.788 E.02164
G1 X58.272 Y45.712 E.0638
G1 X58.319 Y46.416 E.02389
G1 X58.388 Y47.022 E.02064
G1 X58.892 Y46.956 E.01723
G1 X59.183 Y47.049 E.01034
M204 S10000
G1 X59.07 Y46.565 F7200
M204 S500
;WIDTH:0.449356
G1 F1476.25
G1 X59.238 Y46.415 E.0076
G1 X59.664 Y46.175 E.01652
G1 X58.697 Y46.15 E.03268
G1 X58.744 Y46.559 E.01393
G1 X59.03 Y46.564 E.00968
M204 S10000
G1 E-.8 F1800
G1 X61.115 Y52.21 Z10 F7200
G1 Z9.6
G1 E.8 F1800
M204 S500
;WIDTH:0.449999
G1 F1473.915
G1 X60.932 Y52.504 E.01173
G1 X60.497 Y52.784 E.01751
G1 X60.788 Y53.21 E.01749
G1 X61.266 Y53.853 E.02711
G1 X62.656 Y52.57 E.06402
G1 X62.286 Y52.054 E.02151
G1 X61.838 Y52.231 E.01633
G1 X61.405 Y52.288 E.01477
G1 X61.154 Y52.221 E.00881
M204 S10000
G1 X61.301 Y52.695 F7200
M204 S500
;WIDTH:0.448973
G1 F1477.64
G1 X61.071 Y52.906 E.01054
G1 X61.328 Y53.243 E.01432
G1 X62.026 Y52.598 E.03207
G1 X61.41 Y52.698 E.02108
G1 X61.341 Y52.696 E.00232
M204 S10000
G1 E-.8 F1800
G1 X57.31 Y49.518 Z10 F7200
G1 Z9.6
G1 E.8 F1800
M204 S1500
;TYPE:Inner wall
;WIDTH:0.449999
G1 F1473.915
G1 X58.067 Y51.577 E.07423
G1 X51.62 Y53.948 E.23253
G1 X50.863 Y51.889 E.07423
G1 X57.273 Y49.532 E.23116
M204 S500
G1 X57.565 Y48.968 F7200
;TYPE:Outer wall
G1 F1473.915
G1 X58.618 Y51.831 E.10324
G1 X51.366 Y54.498 E.26154
G1 X50.313 Y51.635 E.10324
G1 X57.527 Y48.982 E.26017
M204 S10000
G1 E-.8 F1800
G1 X57.545 Y51.335 Z10 F7200
G1 Z9.6
G1 E.8 F1800
M204 S500
;TYPE:Internal solid infill
G1 F1473.915
G1 X57.069 Y50.041 E.04667
G1 X51.386 Y52.131 E.20496
G1 X51.862 Y53.425 E.04667
G1 X57.507 Y51.349 E.20361
M204 S10000
G1 X56.972 Y51.07 F7200
M204 S500
;WIDTH:0.528763
G1 F1234.968
G1 X56.804 Y50.614 E.01963
G1 X51.959 Y52.396 E.20855
G1 X52.127 Y52.852 E.01963
G1 X56.934 Y51.084 E.20693
; stop printing object fidget-finger-massager-2000-roller_round.stl id:15 copy 0
;LAYER_CHANGE
;Z:9.8
;HEIGHT:0.2
G92 E0
;_SET_FAN_SPEED_CHANGING_LAYER
; printing object fidget-finger-massager-2000-roller_round.stl id:15 copy 0
M204 S10000
G1 E-.8 F1800
G1 X61.956 Y47.81 Z10.2 F7200
G1 Z9.8
G1 E.8 F1800
M204 S1500
;TYPE:Inner wall
;WIDTH:0.449999
G1 F1473.915
G1 X68.104 Y45.549 E.22174
G1 X68.862 Y47.607 E.07423
M73 P30 R14
G1 X62.713 Y49.868 E.22178
G1 X61.969 Y47.848 E.07287
M204 S500
G1 X61.405 Y47.556 F7200
;TYPE:Outer wall
G1 F1473.915
G1 X68.358 Y44.999 E.25075
G1 X69.412 Y47.861 E.10324
G1 X62.458 Y50.418 E.2508
G1 X61.419 Y47.593 E.10188
M204 S10000
G1 E-.8 F1800
G1 X62.954 Y49.346 Z10.2 F7200
G1 Z9.8
G1 E.8 F1800
M204 S500
;TYPE:Internal solid infill
G1 F1473.915
G1 X68.339 Y47.365 E.19422
G1 X67.863 Y46.071 E.04667
G1 X62.478 Y48.052 E.19419
G1 X62.94 Y49.308 E.04532
M204 S10000
G1 X63.219 Y48.773 F7200
M204 S500
;WIDTH:0.528761
G1 F1234.973
G1 X67.766 Y47.1 E.19571
G1 X67.598 Y46.644 E.01963
G1 X63.051 Y48.317 E.1957
G1 X63.205 Y48.735 E.01801
M204 S10000
G1 E-.8 F1800
G1 X61.387 Y51.72 Z10.2 F7200
G1 Z9.8
G1 E.8 F1800
M204 S1500
;TYPE:Inner wall
;WIDTH:0.486151
G1 F1353.696
G1 X61.403 Y51.733 E.00074
;WIDTH:0.449999
G1 F1473.915
G1 X61.577 Y51.796 E.00628
G1 X61.924 Y51.762 E.0118
G1 X62.437 Y51.553 E.01873
G1 X62.788 Y52.085 E.0216
G1 X63.199 Y52.62 E.02283
G1 X61.223 Y54.447 E.09108
G1 X60.648 Y53.723 E.03129
G1 X60.198 Y53.074 E.02672
G1 X59.897 Y52.588 E.01934
G1 X60.218 Y52.458 E.01173
G1 X60.485 Y52.246 E.01152
G1 X60.571 Y52.072 E.00657
;WIDTH:0.486151
G1 F1353.696
G1 X60.587 Y51.942 E.00485
;WIDTH:0.522303
G1 F1251.609
G1 X60.602 Y51.811 E.00525
;WIDTH:0.558455
G1 F1163.84
G1 X60.618 Y51.68 E.00564
G1 X60.367 Y51.168 E.02447
;WIDTH:0.544016
G1 F1197.375
G1 X60.035 Y50.47 E.0322
G1 X59.75 Y49.753 E.03211
G1 X59.507 Y49.02 E.0322
;WIDTH:0.543765
G1 X59.314 Y48.289 E.03149
;WIDTH:0.562796
G1 F1154.121
G1 X59.176 Y47.757 E.02376
G1 X59.082 Y47.678 E.00529
;WIDTH:0.525197
G1 F1244.098
G1 X58.989 Y47.598 E.00491
;WIDTH:0.487598
G1 F1349.291
G1 X58.896 Y47.519 E.00452
;WIDTH:0.449999
G1 F1473.915
G1 X58.727 Y47.444 E.00628
G1 X58.504 Y47.427 E.00755
G1 X58.049 Y47.562 E.01609
G1 X57.961 Y46.984 E.01979
G1 X57.885 Y46.189 E.02704
G1 X57.854 Y45.288 E.03051
G1 X60.506 Y45.395 E.08983
G1 X60.546 Y45.434 E.00192
G1 X60.579 Y46.108 E.02282
G1 X60.643 Y46.71 E.02048
G1 X60.129 Y46.879 E.01832
G1 X59.842 Y47.077 E.0118
G1 X59.75 Y47.238 E.00628
;WIDTH:0.487598
G1 F1349.291
G1 X59.722 Y47.357 E.00452
;WIDTH:0.525197
G1 F1244.098
G1 X59.694 Y47.476 E.00491
;WIDTH:0.562796
G1 F1154.121
G1 X59.666 Y47.596 E.00529
G1 X59.808 Y48.212 E.02732
;WIDTH:0.544016
G1 F1197.375
G1 X60.002 Y48.927 E.0309
G1 X60.239 Y49.63 E.0309
G1 X60.516 Y50.318 E.0309
;WIDTH:0.543764
G1 X60.834 Y50.988 E.03088
;WIDTH:0.558455
G1 F1163.84
G1 X61.089 Y51.475 E.02357
G1 X61.193 Y51.561 E.00581
;WIDTH:0.522303
G1 F1251.609
G1 X61.298 Y51.647 E.0054
;WIDTH:0.486151
G1 F1353.696
G1 X61.356 Y51.695 E.00278
M204 S500
G1 X61.607 Y51.356 F7200
;TYPE:Outer wall
;WIDTH:0.449999
G1 F1473.915
G1 X61.763 Y51.365 E.00527
G1 X62.602 Y51.022 E.03068
G1 X63.127 Y51.823 E.03242
G1 X63.799 Y52.653 E.03615
G1 X61.19 Y55.06 E.12017
G1 X60.794 Y54.606 E.02041
G1 X60.126 Y53.723 E.03747
G1 X59.715 Y53.109 E.02501
G1 X59.294 Y52.372 E.02873
G1 X60.056 Y52.061 E.02786
G1 X60.162 Y51.946 E.00527
G1 X60.152 Y51.813 E.0045
G1 X59.611 Y50.69 E.0422
G1 X59.315 Y49.95 E.02699
G1 X59.061 Y49.194 E.02699
G1 X58.745 Y47.988 E.0422
G1 X58.666 Y47.88 E.0045
G1 X58.512 Y47.861 E.00527
G1 X57.73 Y48.118 E.02786
G1 X57.655 Y47.821 E.01036
G1 X57.537 Y47.05 E.0264
G1 X57.458 Y46.241 E.02751
G1 X57.424 Y45.429 E.02751
G1 X57.431 Y44.842 E.01989
G1 X60.979 Y44.985 E.12017
G1 X60.974 Y45.414 E.01454
G1 X61.012 Y46.126 E.02413
G1 X61.119 Y47.004 E.02993
G1 X60.262 Y47.286 E.03054
G1 X60.177 Y47.345 E.00352
G1 X60.141 Y47.496 E.00526
G1 X60.265 Y48.087 E.02045
G1 X60.453 Y48.776 E.02417
G1 X60.68 Y49.453 E.02417
G1 X60.946 Y50.116 E.02417
G1 X61.458 Y51.144 E.0389
G1 X61.584 Y51.324 E.00741
M204 S10000
G1 X61.005 Y51.953 F7200
M204 S500
;TYPE:Internal solid infill
G1 F1473.915
G1 X60.949 Y52.221 E.00927
G1 X60.801 Y52.499 E.01065
G1 X60.488 Y52.771 E.01402
G1 X60.812 Y53.245 E.01946
G1 X61.266 Y53.853 E.02566
G1 X62.656 Y52.57 E.06402
G1 X62.286 Y52.053 E.02154
G1 X61.96 Y52.173 E.01177
G1 X61.47 Y52.187 E.01658
G1 X61.186 Y52.076 E.01032
G1 X61.038 Y51.976 E.00606
M204 S10000
G1 X61.261 Y52.574 F7200
M204 S500
;WIDTH:0.505089
G1 F1298.226
G1 X61.066 Y52.849 E.01295
G1 X61.319 Y53.213 E.01704
G1 X61.975 Y52.608 E.0343
G1 X61.417 Y52.622 E.02145
G1 X61.299 Y52.586 E.00475
M204 S10000
G1 E-.8 F1800
G1 X59.302 Y47.313 Z10.2 F7200
G1 Z9.8
G1 E.8 F1800
M204 S500
;WIDTH:0.449999
G1 F1473.915
G1 X59.383 Y47.063 E.00891
G1 X59.561 Y46.787 E.0111
G1 X59.946 Y46.512 E.01602
G1 X60.203 Y46.426 E.00918
G1 X60.156 Y45.788 E.02167
G1 X58.272 Y45.712 E.0638
G1 X58.326 Y46.48 E.02606
G1 X58.39 Y47.038 E.01901
G1 X58.832 Y47.051 E.01498
G1 X59.127 Y47.184 E.01095
G1 X59.27 Y47.29 E.00601
M204 S10000
G1 X59.097 Y46.69 F7200
M204 S500
;WIDTH:0.505087
G1 F1298.232
G1 X59.301 Y46.439 E.01241
G1 X59.619 Y46.201 E.01528
G1 X58.728 Y46.165 E.03428
G1 X58.778 Y46.607 E.01709
G1 X59.058 Y46.68 E.01112
M204 S10000
G1 E-.8 F1800
G1 X57.284 Y49.528 Z10.2 F7200
G1 Z9.8
G1 E.8 F1800
M204 S1500
;TYPE:Inner wall
;WIDTH:0.449999
G1 F1473.915
G1 X58.041 Y51.586 E.07423
G1 X51.622 Y53.947 E.23151
G1 X50.865 Y51.889 E.07423
G1 X57.247 Y49.542 E.23014
M204 S500
G1 X57.538 Y48.978 F7200
;TYPE:Outer wall
G1 F1473.915
G1 X58.591 Y51.841 E.10324
G1 X51.367 Y54.497 E.26053
G1 X50.315 Y51.634 E.10324
G1 X57.501 Y48.992 E.25915
M204 S10000
G1 E-.8 F1800
G1 X57.518 Y51.345 Z10.2 F7200
G1 Z9.8
G1 E.8 F1800
M204 S500
;TYPE:Internal solid infill
G1 F1473.915
G1 X57.043 Y50.051 E.04667
G1 X51.388 Y52.13 E.20394
G1 X51.863 Y53.424 E.04667
G1 X57.481 Y51.359 E.2026
M204 S10000
G1 X56.945 Y51.08 F7200
M204 S500
;WIDTH:0.528763
G1 F1234.968
G1 X56.778 Y50.624 E.01963
G1 X51.961 Y52.395 E.20733
G1 X52.128 Y52.851 E.01963
G1 X56.908 Y51.094 E.20572
; stop printing object fidget-finger-massager-2000-roller_round.stl id:15 copy 0
;LAYER_CHANGE
;Z:10
;HEIGHT:0.2
G92 E0
;_SET_FAN_SPEED_CHANGING_LAYER
; printing object fidget-finger-massager-2000-roller_round.stl id:15 copy 0
M204 S10000
G1 E-.8 F1800
G1 X61.963 Y47.807 Z10.4 F7200
G1 Z10
G1 E.8 F1800
M204 S1500
;TYPE:Inner wall
;WIDTH:0.449999
G1 F1473.915
G1 X68.28 Y45.484 E.22784
G1 X69.037 Y47.542 E.07423
G1 X62.72 Y49.866 E.22785
G1 X61.977 Y47.845 E.07287
M204 S500
G1 X61.413 Y47.553 F7200
;TYPE:Outer wall
G1 F1473.915
G1 X68.534 Y44.934 E.25685
G1 X69.588 Y47.796 E.10324
G1 X62.465 Y50.416 E.25687
G1 X61.426 Y47.591 E.10188
M73 P31 R14
M204 S10000
G1 E-.8 F1800
G1 X62.961 Y49.343 Z10.4 F7200
G1 Z10
G1 E.8 F1800
M204 S500
;TYPE:Internal solid infill
G1 F1473.915
G1 X68.515 Y47.301 E.20029
G1 X68.039 Y46.007 E.04667
G1 X62.485 Y48.049 E.20028
G1 X62.947 Y49.305 E.04532
M204 S10000
G1 X63.226 Y48.77 F7200
M204 S500
;WIDTH:0.528762
G1 F1234.971
G1 X67.942 Y47.036 E.20297
G1 X67.774 Y46.58 E.01963
G1 X63.058 Y48.314 E.20297
G1 X63.212 Y48.732 E.01801
M204 S10000
G1 E-.8 F1800
G1 X61.474 Y51.639 Z10.4 F7200
G1 Z10
G1 E.8 F1800
M204 S1500
;TYPE:Inner wall
;WIDTH:0.449999
G1 F1473.915
G1 X61.489 Y51.656 E.00075
G1 X61.655 Y51.731 E.00617
G1 X61.971 Y51.736 E.0107
G1 X62.437 Y51.553 E.01695
G1 X62.786 Y52.082 E.02147
G1 X63.196 Y52.62 E.0229
G1 X61.223 Y54.447 E.09102
G1 X60.648 Y53.722 E.03131
G1 X60.197 Y53.074 E.02673
G1 X59.897 Y52.588 E.0193
G1 X60.278 Y52.389 E.01456
G1 X60.391 Y52.247 E.00613
G1 X60.456 Y52.077 E.00617
G1 X60.448 Y51.777 E.01014
G1 X59.878 Y50.572 E.04514
G1 X59.588 Y49.849 E.02635
G1 X59.34 Y49.111 E.02635
G1 X58.994 Y47.823 E.04514
G1 X58.806 Y47.59 E.01014
G1 X58.646 Y47.503 E.00617
G1 X58.468 Y47.467 E.00613
G1 X58.049 Y47.562 E.01456
G1 X57.961 Y46.984 E.01979
G1 X57.885 Y46.189 E.02702
G1 X57.854 Y45.288 E.03053
G1 X60.504 Y45.395 E.08976
G1 X60.546 Y45.436 E.00201
G1 X60.579 Y46.112 E.02289
G1 X60.643 Y46.709 E.02034
G1 X60.17 Y46.873 E.01695
G1 X59.946 Y47.072 E.01015
G1 X59.865 Y47.241 E.00634
G1 X59.853 Y47.541 E.01014
G1 X59.986 Y48.167 E.02168
G1 X60.178 Y48.873 E.02474
G1 X60.411 Y49.565 E.02474
G1 X60.684 Y50.243 E.02474
G1 X60.996 Y50.904 E.02474
G1 X61.261 Y51.391 E.01877
G1 X61.448 Y51.609 E.0097
M204 S500
G1 X61.723 Y51.297 F7200
;TYPE:Outer wall
G1 F1473.915
G1 X61.891 Y51.313 E.00572
G1 X62.602 Y51.022 E.026
G1 X63.125 Y51.82 E.0323
G1 X63.799 Y52.653 E.03627
G1 X61.19 Y55.06 E.12017
G1 X60.794 Y54.605 E.02042
G1 X60.091 Y53.672 E.03954
G1 X59.643 Y52.992 E.02758
G1 X59.294 Y52.372 E.02408
G1 X59.929 Y52.113 E.02321
G1 X60.019 Y52.034 E.00402
G1 X60.024 Y51.865 E.00573
G1 X59.485 Y50.745 E.04209
G1 X59.185 Y49.997 E.02726
G1 X58.93 Y49.233 E.02726
G1 X58.614 Y48.031 E.04209
G1 X58.548 Y47.931 E.00404
G1 X58.381 Y47.904 E.00572
G1 X57.73 Y48.118 E.02321
G1 X57.655 Y47.821 E.01036
G1 X57.537 Y47.051 E.02636
G1 X57.458 Y46.242 E.02753
G1 X57.424 Y45.43 E.02752
G1 X57.432 Y44.842 E.0199
G1 X60.979 Y44.985 E.12017
G1 X60.974 Y45.416 E.0146
G1 X61.026 Y46.263 E.02873
G1 X61.119 Y47.004 E.02526
G1 X60.394 Y47.242 E.02585
G1 X60.3 Y47.313 E.00397
G1 X60.272 Y47.453 E.00482
G1 X60.399 Y48.055 E.02084
G1 X60.584 Y48.736 E.0239
G1 X60.809 Y49.406 E.0239
G1 X61.072 Y50.061 E.0239
G1 X61.373 Y50.699 E.02389
G1 X61.702 Y51.262 E.02207
M204 S10000
G1 X61.222 Y52.478 F7200
M204 S500
;TYPE:Internal solid infill
;WIDTH:0.54398
G1 F1197.461
G1 X61.081 Y52.837 E.01608
G1 X61.322 Y53.183 E.01758
G1 X61.957 Y52.597 E.03601
G1 X61.43 Y52.563 E.02201
G1 X61.259 Y52.493 E.0077
M204 S10000
G1 X60.885 Y51.652 F7200
M204 S500
;WIDTH:0.518288
G1 F1262.182
G1 X60.865 Y51.923 E.01074
;WIDTH:0.451039
G1 F1470.161
G1 X60.845 Y52.194 E.00922
G1 X60.727 Y52.474 E.01029
G1 X60.472 Y52.744 E.01262
G1 X60.777 Y53.195 E.01846
G1 X61.266 Y53.853 E.02781
G1 X62.656 Y52.57 E.06418
G1 X62.283 Y52.049 E.02175
G1 X61.984 Y52.144 E.01064
G1 X61.514 Y52.111 E.016
G1 X61.228 Y51.964 E.01089
;WIDTH:0.472762
G1 F1395.863
G1 X61.072 Y51.822 E.00757
;WIDTH:0.495525
G1 F1325.661
G1 X60.915 Y51.679 E.00797
M204 S10000
G1 E-.8 F1800
G1 X59.414 Y47.655 Z10.4 F7200
G1 Z10
G1 E.8 F1800
M204 S500
;WIDTH:0.509369
G1 F1286.315
G1 X59.748 Y48.952 E.05196
G1 X59.994 Y49.692 E.03023
G1 X60.277 Y50.396 E.02941
G1 X60.864 Y51.606 E.05217
M204 S10000
G1 E-.8 F1800
G1 X59.414 Y47.655 Z10.4 F7200
G1 Z10
G1 E.8 F1800
M204 S500
;WIDTH:0.519101
G1 F1260.027
G1 X59.45 Y47.376 E.01114
;WIDTH:0.451091
G1 F1469.974
G1 X59.486 Y47.097 E.00955
G1 X59.641 Y46.807 E.01116
G1 X59.993 Y46.508 E.01567
G1 X60.204 Y46.431 E.00763
G1 X60.156 Y45.788 E.02189
G1 X58.272 Y45.712 E.06397
G1 X58.331 Y46.525 E.02768
G1 X58.393 Y47.07 E.0186
G1 X58.785 Y47.12 E.01341
G1 X59.088 Y47.3 E.01194
;WIDTH:0.473033
G1 F1394.983
G1 X59.237 Y47.463 E.00791
;WIDTH:0.496067
G1 F1324.075
G1 X59.387 Y47.626 E.00834
M204 S10000
G1 X59.13 Y46.789 F7200
M204 S500
;WIDTH:0.542085
G1 F1202.007
G1 X59.337 Y46.471 E.01575
G1 X59.615 Y46.22 E.01555
G1 X58.749 Y46.185 E.03597
G1 X58.803 Y46.659 E.01981
G1 X59.093 Y46.775 E.01298
M204 S10000
G1 E-.8 F1800
G1 X57.273 Y49.532 Z10.4 F7200
G1 Z10
G1 E.8 F1800
M204 S1500
;TYPE:Inner wall
;WIDTH:0.449999
G1 F1473.915
G1 X58.03 Y51.59 E.07423
G1 X51.71 Y53.915 E.22793
G1 X50.953 Y51.856 E.07423
G1 X57.235 Y49.546 E.22657
M204 S500
G1 X57.527 Y48.982 F7200
;TYPE:Outer wall
G1 F1473.915
G1 X58.58 Y51.845 E.10324
G1 X51.455 Y54.465 E.25695
G1 X50.403 Y51.602 E.10324
G1 X57.49 Y48.996 E.25558
M204 S10000
G1 E-.8 F1800
G1 X57.507 Y51.349 Z10.4 F7200
G1 Z10
G1 E.8 F1800
M204 S500
;TYPE:Internal solid infill
G1 F1473.915
G1 X57.031 Y50.055 E.04667
G1 X51.476 Y52.098 E.20037
G1 X51.951 Y53.392 E.04667
G1 X57.47 Y51.363 E.19902
M204 S10000
G1 X56.934 Y51.084 F7200
M204 S500
;WIDTH:0.528761
G1 F1234.972
G1 X56.766 Y50.628 E.01963
G1 X52.049 Y52.363 E.20307
G1 X52.216 Y52.819 E.01963
G1 X56.897 Y51.098 E.20145
; stop printing object fidget-finger-massager-2000-roller_round.stl id:15 copy 0
;LAYER_CHANGE
;Z:10.2
;HEIGHT:0.2
G92 E0
;_SET_FAN_SPEED_CHANGING_LAYER
; printing object fidget-finger-massager-2000-roller_round.stl id:15 copy 0
M204 S10000
G1 E-.8 F1800
G1 X61.952 Y47.811 Z10.6 F7200
G1 Z10.2
G1 E.8 F1800
M204 S1500
;TYPE:Inner wall
;WIDTH:0.449999
G1 F1473.915
G1 X68.37 Y45.451 E.23146
G1 X69.127 Y47.509 E.07423
G1 X62.709 Y49.87 E.23148
G1 X61.966 Y47.849 E.07287
M204 S500
G1 X61.402 Y47.557 F7200
;TYPE:Outer wall
G1 F1473.915
G1 X68.624 Y44.901 E.26047
G1 X69.677 Y47.763 E.10324
G1 X62.454 Y50.42 E.26049
G1 X61.416 Y47.595 E.10188
M204 S10000
G1 E-.8 F1800
G1 X62.95 Y49.347 Z10.6 F7200
G1 Z10.2
G1 E.8 F1800
M204 S500
;TYPE:Internal solid infill
G1 F1473.915
G1 X68.604 Y47.268 E.20391
G1 X68.128 Y45.974 E.04667
M73 P32 R14
G1 X62.474 Y48.053 E.2039
G1 X62.936 Y49.31 E.04532
M204 S10000
G1 X63.215 Y48.774 F7200
M204 S500
;WIDTH:0.528762
G1 F1234.971
G1 X68.031 Y47.003 E.20729
G1 X67.863 Y46.547 E.01963
G1 X63.048 Y48.318 E.20729
G1 X63.201 Y48.736 E.01801
M204 S10000
G1 E-.8 F1800
G1 X61.672 Y51.67 Z10.6 F7200
G1 Z10.2
G1 E.8 F1800
M204 S1500
;TYPE:Inner wall
;WIDTH:0.449999
G1 F1473.915
G1 X61.703 Y51.686 E.00118
G1 X61.987 Y51.715 E.00966
G1 X62.437 Y51.553 E.0162
G1 X62.783 Y52.079 E.02134
G1 X63.203 Y52.62 E.02317
G1 X61.223 Y54.447 E.09117
G1 X60.648 Y53.722 E.03133
G1 X60.197 Y53.073 E.02674
G1 X59.897 Y52.588 E.01927
G1 X60.242 Y52.375 E.01372
G1 X60.382 Y52.079 E.01109
G1 X60.329 Y51.712 E.01256
G1 X59.796 Y50.607 E.04152
G1 X59.504 Y49.88 E.02652
G1 X59.255 Y49.137 E.02651
G1 X58.946 Y47.95 E.04152
G1 X58.748 Y47.636 E.01256
G1 X58.449 Y47.501 E.01109
G1 X58.049 Y47.562 E.01372
G1 X57.961 Y46.984 E.0198
G1 X57.885 Y46.19 E.02699
G1 X57.854 Y45.288 E.03056
G1 X60.539 Y45.396 E.09096
G1 X60.58 Y46.116 E.0244
G1 X60.643 Y46.709 E.02021
G1 X60.212 Y46.869 E.01555
G1 X60.016 Y47.067 E.00942
G1 X59.942 Y47.244 E.0065
G1 X59.938 Y47.513 E.00911
G1 X60.072 Y48.147 E.02193
G1 X60.263 Y48.847 E.02456
G1 X60.495 Y49.534 E.02456
G1 X60.766 Y50.208 E.02456
G1 X61.076 Y50.864 E.02456
G1 X61.342 Y51.354 E.01888
G1 X61.546 Y51.604 E.01092
G1 X61.636 Y51.651 E.00346
M204 S500
G1 X61.845 Y51.282 F7200
;TYPE:Outer wall
G1 F1473.915
G1 X61.974 Y51.279 E.00437
G1 X62.602 Y51.022 E.02297
G1 X63.123 Y51.818 E.03217
G1 X63.799 Y52.653 E.03639
G1 X61.19 Y55.06 E.12017
G1 X60.793 Y54.605 E.02043
G1 X60.06 Y53.627 E.04138
G1 X59.597 Y52.917 E.02868
G1 X59.294 Y52.372 E.02112
G1 X59.848 Y52.146 E.02025
G1 X59.943 Y52.058 E.00437
G1 X59.943 Y51.898 E.00541
G1 X59.404 Y50.78 E.04202
G1 X59.102 Y50.028 E.02743
G1 X58.844 Y49.259 E.02743
G1 X58.531 Y48.058 E.04202
G1 X58.427 Y47.937 E.00541
G1 X58.298 Y47.931 E.00437
G1 X57.73 Y48.118 E.02025
G1 X57.655 Y47.821 E.01036
G1 X57.538 Y47.052 E.02633
G1 X57.458 Y46.243 E.02754
G1 X57.424 Y45.43 E.02753
G1 X57.432 Y44.842 E.01991
G1 X60.979 Y44.985 E.12017
G1 X60.974 Y45.418 E.01466
G1 X61.036 Y46.352 E.03169
G1 X61.119 Y47.004 E.02224
G1 X60.479 Y47.214 E.02282
G1 X60.381 Y47.292 E.00423
G1 X60.358 Y47.425 E.00457
G1 X60.486 Y48.034 E.02108
G1 X60.67 Y48.711 E.02372
G1 X60.893 Y49.375 E.02372
G1 X61.154 Y50.025 E.02372
G1 X61.452 Y50.659 E.02372
G1 X61.719 Y51.149 E.01888
G1 X61.817 Y51.253 E.00484
M204 S10000
G1 X61.192 Y52.4 F7200
M204 S500
;TYPE:Internal solid infill
;WIDTH:0.566509
G1 F1145.937
G1 X61.068 Y52.798 E.01816
G1 X61.324 Y53.166 E.01951
G1 X61.954 Y52.584 E.03734
G1 X61.448 Y52.521 E.02219
G1 X61.228 Y52.417 E.01058
M204 S10000
G1 E-.8 F1800
G1 X59.841 Y49.741 Z10.6 F7200
G1 Z10.2
G1 E.8 F1800
M204 S500
;WIDTH:0.365061
G1 F1862.542
G1 X60.127 Y50.455 E.0206
G1 X60.721 Y51.695 E.03682
;WIDTH:0.398199
G1 F1688.815
G1 X60.753 Y51.898 E.00609
;WIDTH:0.449398
G1 F1476.097
G1 X60.785 Y52.102 E.00697
G1 X60.679 Y52.45 E.0123
G1 X60.515 Y52.673 E.00937
G1 X60.455 Y52.717 E.00251
G1 X60.746 Y53.15 E.01764
G1 X61.266 Y53.853 E.02955
G1 X62.656 Y52.57 E.06392
G1 X62.279 Y52.044 E.02187
G1 X61.996 Y52.12 E.00993
G1 X61.537 Y52.054 E.01564
G1 X61.273 Y51.903 E.01029
;WIDTH:0.432733
G1 F1539.202
G1 X61.15 Y51.728 E.00692
;WIDTH:0.398199
G1 F1688.815
G1 X61.027 Y51.554 E.0063
;WIDTH:0.364955
G1 F1863.154
G1 X60.74 Y51.002 E.01667
G1 X60.437 Y50.362 E.01894
G1 X60.149 Y49.648 E.02063
G1 X59.911 Y48.937 E.02009
G1 X59.721 Y48.233 E.01951
G1 X59.58 Y47.618 E.01691
;WIDTH:0.398198
G1 F1688.818
G1 X59.56 Y47.405 E.0063
;WIDTH:0.449375
G1 F1476.18
G1 X59.541 Y47.193 E.00721
G1 X59.698 Y46.817 E.01376
G1 X60.018 Y46.514 E.01491
G1 X60.205 Y46.437 E.00681
G1 X60.156 Y45.788 E.02201
G1 X58.272 Y45.712 E.06371
G1 X58.335 Y46.552 E.02845
G1 X58.398 Y47.102 E.01873
G1 X58.734 Y47.161 E.01155
G1 X59.041 Y47.357 E.0123
;WIDTH:0.432732
G1 F1539.204
G1 X59.148 Y47.533 E.00668
;WIDTH:0.398198
G1 F1688.818
G1 X59.255 Y47.71 E.00609
;WIDTH:0.367175
G1 F1850.396
G1 X59.593 Y48.99 E.03571
G1 X59.829 Y49.703 E.02023
M204 S10000
G1 E-.8 F1800
G1 X59.158 Y46.868 Z10.6 F7200
G1 Z10.2
G1 E.8 F1800
M204 S500
;WIDTH:0.564318
G1 F1150.752
G1 X59.276 Y46.607 E.01243
G1 X59.618 Y46.233 E.02197
G1 X58.761 Y46.196 E.03719
G1 X58.819 Y46.702 E.02208
G1 X59.122 Y46.85 E.01461
M204 S10000
G1 E-.8 F1800
G1 X57.28 Y49.53 Z10.6 F7200
G1 Z10.2
G1 E.8 F1800
M204 S1500
;TYPE:Inner wall
;WIDTH:0.449999
G1 F1473.915
G1 X58.037 Y51.588 E.07423
G1 X51.884 Y53.851 E.22189
G1 X51.128 Y51.792 E.07423
G1 X57.242 Y49.544 E.22049
M73 P32 R13
M204 S500
G1 X57.534 Y48.98 F7200
;TYPE:Outer wall
G1 F1473.915
G1 X58.587 Y51.842 E.10324
G1 X51.63 Y54.401 E.2509
G1 X50.578 Y51.538 E.10324
G1 X57.496 Y48.993 E.2495
M204 S10000
G1 E-.8 F1800
G1 X57.514 Y51.346 Z10.6 F7200
G1 Z10.2
G1 E.8 F1800
M204 S500
;TYPE:Internal solid infill
G1 F1473.915
G1 X57.038 Y50.052 E.04667
G1 X51.651 Y52.034 E.1943
G1 X52.126 Y53.328 E.04667
G1 X57.476 Y51.36 E.19297
M204 S10000
G1 X56.941 Y51.081 F7200
M204 S500
;WIDTH:0.528763
G1 F1234.968
G1 X56.773 Y50.625 E.01963
G1 X52.224 Y52.299 E.19583
G1 X52.391 Y52.755 E.01963
G1 X56.903 Y51.095 E.19422
; stop printing object fidget-finger-massager-2000-roller_round.stl id:15 copy 0
;LAYER_CHANGE
;Z:10.4
;HEIGHT:0.2
G92 E0
;_SET_FAN_SPEED_CHANGING_LAYER
; printing object fidget-finger-massager-2000-roller_round.stl id:15 copy 0
M204 S10000
G1 E-.8 F1800
G1 X61.926 Y47.821 Z10.8 F7200
G1 Z10.4
G1 E.8 F1800
M204 S1500
;TYPE:Inner wall
;WIDTH:0.449999
G1 F1473.915
G1 X68.373 Y45.45 E.23252
G1 X69.13 Y47.508 E.07423
G1 X62.683 Y49.879 E.23253
G1 X61.939 Y47.859 E.07287
M204 S500
G1 X61.376 Y47.567 F7200
;TYPE:Outer wall
G1 F1473.915
G1 X68.627 Y44.9 E.26152
G1 X69.68 Y47.762 E.10324
G1 X62.428 Y50.429 E.26155
G1 X61.389 Y47.604 E.10188
M204 S10000
G1 E-.8 F1800
G1 X62.924 Y49.357 Z10.8 F7200
G1 Z10.4
G1 E.8 F1800
M204 S500
;TYPE:Internal solid infill
G1 F1473.915
G1 X68.607 Y47.267 E.20497
G1 X68.131 Y45.973 E.04667
G1 X62.448 Y48.063 E.20496
G1 X62.91 Y49.319 E.04532
M204 S10000
G1 X63.189 Y48.784 F7200
M204 S500
;WIDTH:0.528761
G1 F1234.973
G1 X68.034 Y47.002 E.20855
G1 X67.866 Y46.546 E.01963
M73 P33 R13
G1 X63.021 Y48.328 E.20855
G1 X63.175 Y48.746 E.01801
M204 S10000
G1 E-.8 F1800
G1 X61.706 Y51.645 Z10.8 F7200
G1 Z10.4
G1 E.8 F1800
M204 S1500
;TYPE:Inner wall
;WIDTH:0.449999
G1 F1473.915
G1 X61.731 Y51.659 E.001
G1 X62.008 Y51.699 E.00944
G1 X62.437 Y51.553 E.01534
G1 X62.781 Y52.076 E.02122
G1 X63.203 Y52.62 E.02329
G1 X61.223 Y54.447 E.09118
G1 X60.647 Y53.721 E.03135
G1 X60.196 Y53.072 E.02676
G1 X59.897 Y52.588 E.01924
G1 X60.221 Y52.365 E.01331
G1 X60.34 Y52.08 E.01044
G1 X60.314 Y51.801 E.00951
G1 X59.73 Y50.583 E.0457
G1 X59.439 Y49.849 E.02673
G1 X59.191 Y49.1 E.02673
G1 X58.865 Y47.866 E.0432
G1 X58.715 Y47.662 E.00855
G1 X58.44 Y47.523 E.01044
G1 X58.049 Y47.562 E.01331
G1 X57.961 Y46.984 E.01979
G1 X57.885 Y46.191 E.02697
G1 X57.854 Y45.288 E.03058
G1 X60.538 Y45.396 E.0909
G1 X60.579 Y46.114 E.02435
G1 X60.643 Y46.709 E.02027
G1 X60.237 Y46.869 E.01477
G1 X60.058 Y47.064 E.00894
G1 X59.988 Y47.244 E.00654
G1 X59.988 Y47.497 E.00855
G1 X60.123 Y48.134 E.02207
G1 X60.313 Y48.832 E.02446
G1 X60.544 Y49.516 E.02446
G1 X60.814 Y50.187 E.02446
G1 X61.316 Y51.196 E.03817
G1 X61.581 Y51.574 E.01561
G1 X61.671 Y51.625 E.0035
M204 S500
G1 X61.887 Y51.26 F7200
;TYPE:Outer wall
G1 F1473.915
G1 X62.022 Y51.259 E.00457
G1 X62.602 Y51.022 E.02119
G1 X63.121 Y51.815 E.03205
G1 X63.799 Y52.653 E.03651
G1 X61.19 Y55.06 E.12017
G1 X60.803 Y54.617 E.01993
G1 X60.302 Y53.975 E.02754
G1 X59.838 Y53.307 E.02755
G1 X59.572 Y52.877 E.01713
G1 X59.294 Y52.372 E.0195
G1 X59.88 Y52.105 E.02178
G1 X59.91 Y51.945 E.00551
G1 X59.333 Y50.743 E.04516
G1 X59.033 Y49.985 E.02757
G1 X58.777 Y49.212 E.02757
G1 X58.487 Y48.078 E.0396
G1 X58.387 Y47.954 E.00538
G1 X58.253 Y47.946 E.00457
G1 X57.73 Y48.118 E.01863
G1 X57.655 Y47.821 E.01036
G1 X57.538 Y47.053 E.02629
G1 X57.458 Y46.243 E.02755
G1 X57.424 Y45.43 E.02754
G1 X57.432 Y44.842 E.01993
G1 X60.979 Y44.985 E.12017
G1 X60.974 Y45.42 E.01473
G1 X61.041 Y46.404 E.03338
G1 X61.119 Y47.004 E.02049
G1 X60.529 Y47.198 E.02105
G1 X60.428 Y47.279 E.00437
G1 X60.407 Y47.409 E.00443
G1 X60.536 Y48.022 E.02123
G1 X60.72 Y48.695 E.02362
G1 X60.942 Y49.357 E.02362
G1 X61.202 Y50.004 E.02362
G1 X61.499 Y50.636 E.02362
G1 X61.766 Y51.127 E.01894
G1 X61.86 Y51.23 E.00473
M204 S10000
G1 X61.175 Y52.351 F7200
M204 S500
;TYPE:Internal solid infill
;WIDTH:0.580261
G1 F1116.609
G1 X61.027 Y52.727 E.01804
G1 X61.325 Y53.156 E.02333
G1 X61.959 Y52.572 E.0385
G1 X61.459 Y52.496 E.02258
G1 X61.21 Y52.369 E.01247
M204 S10000
G1 E-.8 F1800
G1 X59.816 Y49.747 Z10.8 F7200
G1 Z10.4
G1 E.8 F1800
M204 S500
;WIDTH:0.436192
G1 F1525.662
G1 X60.102 Y50.462 E.02519
G1 X60.699 Y51.703 E.04504
G1 X60.734 Y52.176 E.01548
G1 X60.652 Y52.434 E.00887
G1 X60.507 Y52.65 E.00849
G1 X60.444 Y52.698 E.0026
G1 X60.728 Y53.124 E.01674
G1 X61.266 Y53.853 E.02963
G1 X62.656 Y52.57 E.06184
G1 X62.276 Y52.04 E.02133
G1 X62 Y52.103 E.00926
G1 X61.553 Y52.019 E.01489
G1 X61.302 Y51.868 E.00959
G1 X61.051 Y51.542 E.01344
G1 X60.765 Y50.993 E.02024
G1 X60.461 Y50.353 E.02317
G1 X60.174 Y49.64 E.02514
G1 X59.934 Y48.923 E.02473
G1 X59.739 Y48.206 E.02428
G1 X59.613 Y47.644 E.01883
G1 X59.586 Y47.201 E.01451
G1 X59.732 Y46.824 E.01324
G1 X60.031 Y46.521 E.01392
G1 X60.205 Y46.443 E.00623
G1 X60.156 Y45.788 E.02147
G1 X58.272 Y45.712 E.06164
G1 X58.337 Y46.568 E.02806
G1 X58.401 Y47.124 E.01831
G1 X58.549 Y47.131 E.00486
G1 X58.77 Y47.213 E.0077
G1 X59.014 Y47.389 E.00983
G1 X59.237 Y47.732 E.0134
G1 X59.567 Y48.997 E.04274
G1 X59.804 Y49.709 E.02454
M204 S10000
G1 E-.8 F1800
G1 X59.176 Y46.917 Z10.8 F7200
G1 Z10.4
G1 E.8 F1800
M204 S500
;WIDTH:0.57787
G1 F1121.6
G1 X59.301 Y46.619 E.01437
G1 X59.632 Y46.238 E.02245
G1 X58.769 Y46.203 E.03844
G1 X58.829 Y46.729 E.02353
G1 X59.141 Y46.898 E.01576
M204 S10000
G1 E-.8 F1800
G1 X57.315 Y49.517 Z10.8 F7200
G1 Z10.4
G1 E.8 F1800
M204 S1500
;TYPE:Inner wall
;WIDTH:0.449999
G1 F1473.915
G1 X58.072 Y51.575 E.07423
G1 X52.136 Y53.758 E.21406
G1 X51.377 Y51.701 E.07423
G1 X57.277 Y49.531 E.21279
M204 S500
G1 X57.569 Y48.967 F7200
;TYPE:Outer wall
G1 F1473.915
G1 X58.622 Y51.829 E.10324
G1 X51.882 Y54.308 E.24305
G1 X50.827 Y51.446 E.10324
G1 X57.531 Y48.981 E.24181
M204 S10000
G1 E-.8 F1800
G1 X57.549 Y51.333 Z10.8 F7200
G1 Z10.4
G1 E.8 F1800
M204 S500
;TYPE:Internal solid infill
G1 F1473.915
G1 X57.073 Y50.039 E.04667
G1 X51.9 Y51.942 E.18657
G1 X52.377 Y53.235 E.04667
G1 X57.512 Y51.347 E.18516
M204 S10000
G1 X56.976 Y51.069 F7200
M204 S500
;WIDTH:0.528762
G1 F1234.969
G1 X56.808 Y50.613 E.01963
G1 X52.474 Y52.207 E.18657
G1 X52.642 Y52.662 E.01963
G1 X56.938 Y51.082 E.18493
; stop printing object fidget-finger-massager-2000-roller_round.stl id:15 copy 0
;LAYER_CHANGE
;Z:10.6
;HEIGHT:0.200001
G92 E0
;_SET_FAN_SPEED_CHANGING_LAYER
; printing object fidget-finger-massager-2000-roller_round.stl id:15 copy 0
M204 S10000
G1 E-.8 F1800
G1 X61.869 Y47.842 Z11 F7200
G1 Z10.6
G1 E.8 F1800
M204 S1500
;TYPE:Inner wall
;WIDTH:0.449999
G1 F1473.915
G1 X68.288 Y45.481 E.23151
G1 X69.048 Y47.538 E.07423
G1 X62.626 Y49.9 E.23161
G1 X61.883 Y47.879 E.07287
M204 S500
G1 X61.319 Y47.588 F7200
;TYPE:Outer wall
G1 F1473.915
G1 X68.542 Y44.931 E.2605
G1 X69.599 Y47.792 E.10324
G1 X62.372 Y50.45 E.26064
G1 X61.333 Y47.625 E.10188
M204 S10000
G1 E-.8 F1800
G1 X62.868 Y49.377 Z11 F7200
G1 Z10.6
G1 E.8 F1800
M204 S500
;TYPE:Internal solid infill
G1 F1473.915
G1 X68.525 Y47.297 E.20403
G1 X68.047 Y46.003 E.04667
G1 X62.392 Y48.083 E.20397
G1 X62.854 Y49.34 E.04532
M204 S10000
G1 X63.133 Y48.804 F7200
M204 S500
;WIDTH:0.528761
G1 F1234.973
G1 X67.951 Y47.032 E.20742
G1 X67.783 Y46.576 E.01963
G1 X62.965 Y48.348 E.20739
G1 X63.119 Y48.767 E.01801
M204 S10000
G1 E-.8 F1800
G1 X61.718 Y51.635 Z11 F7200
G1 Z10.6
G1 E.8 F1800
M204 S1500
;TYPE:Inner wall
;WIDTH:0.449999
G1 F1473.915
G1 X61.742 Y51.649 E.00092
G1 X62.015 Y51.692 E.00937
M73 P34 R13
G1 X62.436 Y51.553 E.01501
G1 X62.779 Y52.073 E.02109
G1 X63.203 Y52.62 E.02342
G1 X61.223 Y54.447 E.09118
G1 X60.647 Y53.721 E.03138
G1 X60.195 Y53.071 E.02677
G1 X59.897 Y52.588 E.0192
G1 X60.212 Y52.36 E.01316
G1 X60.323 Y52.081 E.01017
G1 X60.296 Y51.808 E.0093
G1 X59.712 Y50.59 E.04572
G1 X59.42 Y49.855 E.02677
G1 X59.172 Y49.104 E.02677
G1 X58.847 Y47.872 E.04315
G1 X58.702 Y47.673 E.00834
G1 X58.436 Y47.532 E.01017
G1 X58.049 Y47.562 E.01316
G1 X57.962 Y46.984 E.01977
G1 X57.885 Y46.191 E.02697
G1 X57.854 Y45.288 E.0306
G1 X60.536 Y45.396 E.09084
G1 X60.58 Y46.118 E.02448
G1 X60.643 Y46.709 E.02014
G1 X60.247 Y46.869 E.01446
G1 X60.074 Y47.062 E.00878
G1 X60.006 Y47.244 E.00657
G1 X60.007 Y47.49 E.00834
G1 X60.142 Y48.13 E.02212
G1 X60.332 Y48.826 E.02442
G1 X60.562 Y49.51 E.02442
G1 X60.832 Y50.179 E.02442
G1 X61.332 Y51.185 E.03804
G1 X61.594 Y51.563 E.01554
G1 X61.684 Y51.615 E.00351
M204 S500
G1 X61.903 Y51.252 F7200
;TYPE:Outer wall
G1 F1473.915
G1 X62.04 Y51.251 E.00465
G1 X62.602 Y51.022 E.02052
G1 X63.118 Y51.812 E.03193
G1 X63.799 Y52.653 E.03663
G1 X61.19 Y55.06 E.12017
G1 X60.802 Y54.617 E.01994
G1 X60.302 Y53.975 E.02755
G1 X59.837 Y53.306 E.02756
G1 X59.562 Y52.86 E.01773
G1 X59.294 Y52.372 E.01886
G1 X59.865 Y52.109 E.02126
G1 X59.893 Y51.953 E.00538
G1 X59.314 Y50.75 E.04519
G1 X59.014 Y49.991 E.02761
G1 X58.758 Y49.216 E.02761
G1 X58.469 Y48.085 E.03954
G1 X58.372 Y47.961 E.00532
G1 X58.235 Y47.952 E.00465
G1 X57.73 Y48.118 E.01799
G1 X57.655 Y47.821 E.01036
G1 X57.538 Y47.054 E.02626
G1 X57.459 Y46.244 E.02756
G1 X57.424 Y45.431 E.02756
G1 X57.432 Y44.842 E.01994
G1 X60.979 Y44.985 E.12017
G1 X60.974 Y45.422 E.01479
G1 X61.044 Y46.423 E.03398
G1 X61.119 Y47.004 E.01983
G1 X60.547 Y47.192 E.02038
G1 X60.446 Y47.275 E.00443
G1 X60.426 Y47.402 E.00437
G1 X60.556 Y48.018 E.02128
G1 X60.738 Y48.69 E.02358
G1 X60.96 Y49.35 E.02358
G1 X61.22 Y49.997 E.02358
G1 X61.516 Y50.627 E.02358
G1 X61.784 Y51.119 E.01896
G1 X61.876 Y51.222 E.00468
M204 S10000
G1 X61.155 Y52.358 F7200
M204 S500
;TYPE:Internal solid infill
;WIDTH:0.585584
G1 F1105.657
G1 X61.017 Y52.707 E.01696
G1 X61.326 Y53.152 E.02444
G1 X61.96 Y52.567 E.03891
G1 X61.463 Y52.486 E.0227
G1 X61.192 Y52.373 E.01324
M204 S10000
G1 E-.8 F1800
G1 X59.807 Y49.75 Z11 F7200
G1 Z10.6
G1 E.8 F1800
M204 S500
;WIDTH:0.444664
G1 F1493.491
G1 X60.089 Y50.458 E.02545
G1 X60.691 Y51.707 E.04632
G1 X60.72 Y52.165 E.01534
G1 X60.503 Y52.64 E.01743
G1 X60.439 Y52.69 E.00272
G1 X60.758 Y53.167 E.01917
G1 X61.266 Y53.853 E.02851
G1 X62.656 Y52.571 E.06317
G1 X62.28 Y52.046 E.02158
G1 X62.002 Y52.097 E.00943
G1 X61.595 Y52.026 E.01378
G1 X61.313 Y51.854 E.01106
G1 X61.06 Y51.537 E.01352
G1 X60.775 Y50.989 E.02066
G1 X60.458 Y50.322 E.02465
G1 X60.183 Y49.636 E.02468
G1 X59.946 Y48.93 E.02488
G1 X59.749 Y48.205 E.02511
G1 X59.624 Y47.644 E.01921
G1 X59.603 Y47.205 E.01468
G1 X59.745 Y46.826 E.01351
G1 X60.036 Y46.524 E.014
G1 X60.205 Y46.445 E.00625
G1 X60.156 Y45.788 E.02201
G1 X58.272 Y45.712 E.06297
G1 X58.337 Y46.574 E.02888
G1 X58.402 Y47.134 E.01882
G1 X58.58 Y47.154 E.00598
G1 X59.003 Y47.402 E.01637
G1 X59.229 Y47.736 E.01348
G1 X59.564 Y49.022 E.04439
G1 X59.794 Y49.712 E.02431
M204 S10000
G1 E-.8 F1800
G1 X59.182 Y46.939 Z11 F7200
G1 Z10.6
G1 E.8 F1800
M204 S500
;WIDTH:0.583119
G1 F1110.702
G1 X59.31 Y46.624 E.0153
G1 X59.636 Y46.241 E.02256
G1 X58.772 Y46.206 E.03884
G1 X58.835 Y46.753 E.02474
G1 X59.147 Y46.92 E.0159
M204 S10000
G1 E-.8 F1800
G1 X57.367 Y49.498 Z11 F7200
G1 Z10.6
G1 E.8 F1800
M204 S1500
;TYPE:Inner wall
;WIDTH:0.449999
G1 F1473.915
G1 X58.123 Y51.556 E.07423
G1 X52.457 Y53.64 E.20436
G1 X51.701 Y51.581 E.07423
G1 X57.329 Y49.512 E.20297
M204 S500
G1 X57.621 Y48.948 F7200
;TYPE:Outer wall
G1 F1473.915
G1 X58.674 Y51.81 E.10324
G1 X52.203 Y54.19 E.23338
G1 X51.151 Y51.327 E.10324
G1 X57.583 Y48.961 E.23197
M204 S10000
G1 E-.8 F1800
G1 X57.601 Y51.314 Z11 F7200
G1 Z10.6
G1 E.8 F1800
M204 S500
;TYPE:Internal solid infill
G1 F1473.915
G1 X57.125 Y50.02 E.04667
G1 X52.224 Y51.823 E.17677
G1 X52.699 Y53.117 E.04667
G1 X57.563 Y51.328 E.17544
M204 S10000
G1 X57.028 Y51.049 F7200
M204 S500
;WIDTH:0.528761
G1 F1234.972
G1 X56.86 Y50.593 E.01963
G1 X52.796 Y52.088 E.17491
G1 X52.964 Y52.544 E.01963
G1 X56.99 Y51.063 E.17331
; stop printing object fidget-finger-massager-2000-roller_round.stl id:15 copy 0
;LAYER_CHANGE
;Z:10.8
;HEIGHT:0.2
G92 E0
;_SET_FAN_SPEED_CHANGING_LAYER
; printing object fidget-finger-massager-2000-roller_round.stl id:15 copy 0
M204 S10000
G1 E-.8 F1800
G1 X61.791 Y47.871 Z11.2 F7200
G1 Z10.8
G1 E.8 F1800
M204 S1500
;TYPE:Inner wall
;WIDTH:0.449999
G1 F1473.915
G1 X68.132 Y45.539 E.22869
G1 X68.889 Y47.597 E.07423
G1 X62.548 Y49.929 E.22869
G1 X61.805 Y47.908 E.07287
M204 S500
G1 X61.241 Y47.616 F7200
;TYPE:Outer wall
G1 F1473.915
G1 X68.386 Y44.988 E.25771
G1 X69.439 Y47.851 E.10324
G1 X62.294 Y50.479 E.2577
G1 X61.255 Y47.654 E.10188
M204 S10000
G1 E-.8 F1800
G1 X62.789 Y49.406 Z11.2 F7200
G1 Z10.8
G1 E.8 F1800
M204 S500
;TYPE:Internal solid infill
G1 F1473.915
G1 X68.366 Y47.355 E.20113
G1 X67.89 Y46.061 E.04667
G1 X62.314 Y48.112 E.20113
G1 X62.776 Y49.369 E.04532
M204 S10000
G1 X63.054 Y48.833 F7200
M204 S500
;WIDTH:0.528761
G1 F1234.973
G1 X67.793 Y47.09 E.20397
G1 X67.625 Y46.634 E.01963
G1 X62.887 Y48.377 E.20398
G1 X63.041 Y48.796 E.01801
M204 S10000
G1 E-.8 F1800
G1 X61.705 Y51.644 Z11.2 F7200
G1 Z10.8
G1 E.8 F1800
M204 S1500
;TYPE:Inner wall
;WIDTH:0.449999
G1 F1473.915
G1 X61.731 Y51.659 E.00099
G1 X62.008 Y51.698 E.00947
G1 X62.436 Y51.553 E.01533
G1 X62.777 Y52.07 E.02097
G1 X63.203 Y52.62 E.02355
G1 X61.223 Y54.447 E.09118
G1 X60.646 Y53.72 E.0314
G1 X60.195 Y53.07 E.02678
G1 X59.897 Y52.588 E.01917
G1 X60.219 Y52.365 E.01326
G1 X60.337 Y52.081 E.01042
G1 X60.282 Y51.73 E.01202
G1 X59.748 Y50.627 E.04147
G1 X59.455 Y49.898 E.0266
G1 X59.205 Y49.153 E.0266
G1 X58.898 Y47.967 E.04147
G1 X58.713 Y47.664 E.01202
G1 X58.439 Y47.524 E.01042
G1 X58.049 Y47.562 E.01326
G1 X57.962 Y46.986 E.01972
G1 X57.885 Y46.192 E.027
G1 X57.854 Y45.288 E.03062
G1 X60.534 Y45.396 E.09078
G1 X60.581 Y46.127 E.0248
G1 X60.643 Y46.709 E.01982
G1 X60.24 Y46.868 E.01466
G1 X60.058 Y47.064 E.00906
G1 X59.988 Y47.245 E.00657
G1 X59.988 Y47.496 E.00853
G1 X60.123 Y48.134 E.02207
G1 X60.313 Y48.832 E.02446
M73 P35 R13
G1 X60.544 Y49.516 E.02446
G1 X60.814 Y50.187 E.02446
G1 X61.317 Y51.198 E.03824
G1 X61.58 Y51.574 E.01552
G1 X61.67 Y51.625 E.0035
M204 S500
G1 X61.887 Y51.26 F7200
;TYPE:Outer wall
G1 F1473.915
G1 X62.022 Y51.259 E.00458
G1 X62.602 Y51.022 E.02118
G1 X63.116 Y51.809 E.03181
G1 X63.799 Y52.653 E.03676
G1 X61.19 Y55.06 E.12017
G1 X60.802 Y54.616 E.01995
G1 X60.301 Y53.974 E.02757
G1 X59.836 Y53.305 E.02757
G1 X59.57 Y52.874 E.01715
G1 X59.294 Y52.372 E.0194
G1 X59.801 Y52.165 E.01853
G1 X59.899 Y52.071 E.00458
G1 X59.896 Y51.917 E.00522
G1 X59.356 Y50.801 E.04198
G1 X59.053 Y50.046 E.02753
G1 X58.794 Y49.275 E.02753
G1 X58.483 Y48.074 E.04198
G1 X58.385 Y47.955 E.00522
G1 X58.25 Y47.947 E.00458
G1 X57.73 Y48.118 E.01853
G1 X57.655 Y47.821 E.01036
G1 X57.538 Y47.055 E.02622
G1 X57.459 Y46.245 E.02757
G1 X57.424 Y45.431 E.02757
G1 X57.432 Y44.842 E.01995
G1 X60.979 Y44.985 E.12017
G1 X60.975 Y45.423 E.01485
G1 X61.041 Y46.403 E.03324
G1 X61.119 Y47.004 E.0205
G1 X60.529 Y47.198 E.02104
G1 X60.428 Y47.279 E.00437
G1 X60.408 Y47.408 E.00443
G1 X60.537 Y48.022 E.02123
G1 X60.72 Y48.695 E.02362
G1 X60.942 Y49.357 E.02362
G1 X61.202 Y50.004 E.02362
G1 X61.499 Y50.635 E.02362
G1 X61.766 Y51.127 E.01894
G1 X61.86 Y51.23 E.00472
M204 S10000
G1 X61.173 Y52.35 F7200
M204 S500
;TYPE:Internal solid infill
;WIDTH:0.580336
G1 F1116.454
G1 X61.06 Y52.774 E.01961
G1 X61.325 Y53.156 E.02079
G1 X61.959 Y52.572 E.0385
G1 X61.459 Y52.496 E.02258
G1 X61.208 Y52.368 E.01257
M204 S10000
G1 E-.8 F1800
G1 X59.816 Y49.748 Z11.2 F7200
G1 Z10.8
G1 E.8 F1800
M204 S500
;WIDTH:0.436148
G1 F1525.833
G1 X60.099 Y50.455 E.02492
G1 X60.698 Y51.704 E.04529
G1 X60.731 Y52.176 E.01546
G1 X60.65 Y52.434 E.00885
G1 X60.505 Y52.649 E.00848
G1 X60.443 Y52.697 E.00257
G1 X60.726 Y53.122 E.01669
G1 X61.266 Y53.853 E.02972
G1 X62.656 Y52.57 E.06184
G1 X62.276 Y52.04 E.02133
G1 X62 Y52.103 E.00925
G1 X61.551 Y52.018 E.01494
G1 X61.301 Y51.867 E.00957
G1 X61.051 Y51.542 E.01339
G1 X60.764 Y50.991 E.02031
G1 X60.449 Y50.327 E.02405
G1 X60.174 Y49.639 E.02421
G1 X59.938 Y48.938 E.02421
G1 X59.747 Y48.227 E.02406
G1 X59.605 Y47.611 E.02065
G1 X59.599 Y47.129 E.01577
G1 X59.732 Y46.824 E.01089
G1 X60.031 Y46.521 E.01392
G1 X60.205 Y46.443 E.00624
G1 X60.156 Y45.788 E.02147
G1 X58.272 Y45.712 E.06164
G1 X58.337 Y46.568 E.02806
G1 X58.401 Y47.125 E.01834
G1 X58.549 Y47.132 E.00484
G1 X58.769 Y47.215 E.00768
G1 X59.012 Y47.391 E.00982
G1 X59.231 Y47.717 E.01285
G1 X59.575 Y49.023 E.04416
G1 X59.804 Y49.71 E.02368
M204 S10000
G1 E-.8 F1800
G1 X59.175 Y46.919 Z11.2 F7200
G1 Z10.8
G1 E.8 F1800
M204 S500
;WIDTH:0.577962
G1 F1121.407
G1 X59.301 Y46.619 E.01448
G1 X59.632 Y46.238 E.02245
G1 X58.769 Y46.203 E.03844
G1 X58.83 Y46.731 E.02362
G1 X59.14 Y46.9 E.01574
M204 S10000
G1 E-.8 F1800
G1 X57.439 Y49.471 Z11.2 F7200
G1 Z10.8
G1 E.8 F1800
M204 S1500
;TYPE:Inner wall
;WIDTH:0.449999
G1 F1473.915
G1 X58.196 Y51.529 E.07423
G1 X52.576 Y53.596 E.20266
G1 X51.819 Y51.538 E.07423
G1 X57.401 Y49.485 E.20131
M204 S500
G1 X57.693 Y48.921 F7200
;TYPE:Outer wall
G1 F1473.915
G1 X58.746 Y51.784 E.10324
G1 X52.322 Y54.146 E.23167
G1 X51.269 Y51.284 E.10324
G1 X57.655 Y48.935 E.23032
M204 S10000
G1 E-.8 F1800
G1 X57.673 Y51.288 Z11.2 F7200
G1 Z10.8
G1 E.8 F1800
M204 S500
;TYPE:Internal solid infill
G1 F1473.915
G1 X57.197 Y49.994 E.04667
G1 X52.342 Y51.779 E.1751
G1 X52.818 Y53.073 E.04667
G1 X57.635 Y51.302 E.17375
M204 S10000
G1 X57.1 Y51.023 F7200
M204 S500
;WIDTH:0.528762
G1 F1234.969
G1 X56.932 Y50.567 E.01963
G1 X52.915 Y52.044 E.17291
G1 X53.083 Y52.5 E.01963
G1 X57.062 Y51.037 E.17129
; stop printing object fidget-finger-massager-2000-roller_round.stl id:15 copy 0
;LAYER_CHANGE
;Z:11
;HEIGHT:0.2
G92 E0
;_SET_FAN_SPEED_CHANGING_LAYER
; printing object fidget-finger-massager-2000-roller_round.stl id:15 copy 0
M204 S10000
G1 E-.8 F1800
G1 X61.689 Y47.908 Z11.4 F7200
G1 Z11
G1 E.8 F1800
M204 S1500
;TYPE:Inner wall
;WIDTH:0.449999
G1 F1473.915
G1 X67.894 Y45.626 E.22381
G1 X68.655 Y47.683 E.07423
G1 X62.445 Y49.966 E.22395
G1 X61.702 Y47.946 E.07287
M204 S500
G1 X61.138 Y47.654 F7200
;TYPE:Outer wall
G1 F1473.915
G1 X68.148 Y45.076 E.2528
G1 X69.206 Y47.937 E.10324
G1 X62.191 Y50.517 E.25299
G1 X61.152 Y47.692 E.10188
M204 S10000
G1 E-.8 F1800
G1 X62.687 Y49.444 Z11.4 F7200
G1 Z11
G1 E.8 F1800
M204 S500
;TYPE:Internal solid infill
G1 F1473.915
G1 X68.132 Y47.441 E.19636
G1 X67.653 Y46.148 E.04667
G1 X62.211 Y48.15 E.19628
G1 X62.673 Y49.406 E.04532
M204 S10000
G1 X62.952 Y48.871 F7200
M204 S500
;WIDTH:0.528762
G1 F1234.971
G1 X67.558 Y47.177 E.19825
G1 X67.389 Y46.721 E.01963
G1 X62.784 Y48.415 E.19822
G1 X62.938 Y48.833 E.01801
M204 S10000
G1 E-.8 F1800
G1 X61.672 Y51.67 Z11.4 F7200
G1 Z11
G1 E.8 F1800
M204 S1500
;TYPE:Inner wall
;WIDTH:0.449999
G1 F1473.915
G1 X61.703 Y51.686 E.00118
G1 X61.987 Y51.715 E.00966
G1 X62.436 Y51.553 E.01617
G1 X62.775 Y52.067 E.02084
G1 X63.203 Y52.62 E.02367
G1 X61.223 Y54.447 E.09118
G1 X60.646 Y53.719 E.03142
G1 X60.194 Y53.069 E.02679
G1 X59.897 Y52.588 E.01913
G1 X60.24 Y52.377 E.01365
G1 X60.38 Y52.079 E.01114
G1 X60.328 Y51.712 E.01254
G1 X59.795 Y50.607 E.04152
G1 X59.503 Y49.88 E.02652
G1 X59.254 Y49.137 E.02652
G1 X58.945 Y47.95 E.04152
G1 X58.747 Y47.637 E.01254
G1 X58.447 Y47.501 E.01114
G1 X58.049 Y47.562 E.01365
G1 X57.962 Y46.988 E.01966
G1 X57.885 Y46.193 E.02704
G1 X57.854 Y45.288 E.03064
G1 X60.532 Y45.396 E.09071
G1 X60.547 Y45.446 E.00178
G1 X60.581 Y46.131 E.02321
G1 X60.644 Y46.709 E.01969
G1 X60.219 Y46.866 E.01532
G1 X60.017 Y47.067 E.00965
G1 X59.943 Y47.244 E.0065
G1 X59.939 Y47.513 E.0091
G1 X60.073 Y48.146 E.02193
G1 X60.264 Y48.846 E.02456
G1 X60.496 Y49.534 E.02456
G1 X60.767 Y50.207 E.02456
G1 X61.077 Y50.863 E.02456
G1 X61.343 Y51.353 E.01888
G1 X61.546 Y51.603 E.01091
G1 X61.637 Y51.651 E.00346
M204 S500
G1 X61.845 Y51.281 F7200
;TYPE:Outer wall
G1 F1473.915
G1 X61.974 Y51.278 E.00438
G1 X62.602 Y51.022 E.02293
G1 X63.114 Y51.806 E.03169
G1 X63.799 Y52.653 E.03688
G1 X61.19 Y55.06 E.12017
G1 X60.792 Y54.604 E.02048
G1 X60.059 Y53.626 E.04138
G1 X59.596 Y52.916 E.02868
G1 X59.294 Y52.372 E.02108
G1 X59.847 Y52.146 E.02021
G1 X59.942 Y52.058 E.00438
G1 X59.942 Y51.898 E.0054
G1 X59.403 Y50.78 E.04202
G1 X59.101 Y50.028 E.02744
G1 X58.843 Y49.26 E.02744
G1 X58.53 Y48.058 E.04202
G1 X58.426 Y47.937 E.0054
G1 X58.297 Y47.931 E.00438
G1 X57.73 Y48.118 E.02021
G1 X57.655 Y47.821 E.01036
G1 X57.538 Y47.056 E.02619
G1 X57.459 Y46.245 E.02758
M73 P36 R13
G1 X57.424 Y45.431 E.02758
G1 X57.432 Y44.842 E.01996
G1 X60.979 Y44.985 E.12017
G1 X60.975 Y45.425 E.01491
G1 X61.036 Y46.352 E.03142
G1 X61.119 Y47.004 E.02226
G1 X60.48 Y47.214 E.02278
G1 X60.382 Y47.292 E.00423
G1 X60.358 Y47.425 E.00457
G1 X60.487 Y48.034 E.02108
G1 X60.671 Y48.71 E.02372
G1 X60.894 Y49.375 E.02372
G1 X61.155 Y50.025 E.02372
G1 X61.453 Y50.659 E.02372
G1 X61.72 Y51.149 E.01888
G1 X61.818 Y51.252 E.00483
M204 S10000
G1 X61.192 Y52.399 F7200
M204 S500
;TYPE:Internal solid infill
;WIDTH:0.56674
G1 F1145.432
G1 X61.067 Y52.797 E.01815
G1 X61.324 Y53.166 E.01959
G1 X61.954 Y52.584 E.03735
G1 X61.448 Y52.521 E.02218
G1 X61.228 Y52.416 E.01062
M204 S10000
G1 E-.8 F1800
G1 X59.841 Y49.741 Z11.4 F7200
G1 Z11
G1 E.8 F1800
M204 S500
;WIDTH:0.366017
G1 F1857.028
G1 X60.127 Y50.455 E.02067
G1 X60.72 Y51.695 E.03693
;WIDTH:0.398987
G1 F1685.076
G1 X60.752 Y51.898 E.0061
;WIDTH:0.449407
G1 F1476.062
G1 X60.784 Y52.102 E.00696
G1 X60.678 Y52.45 E.0123
G1 X60.513 Y52.675 E.00945
G1 X60.455 Y52.717 E.00242
G1 X60.746 Y53.149 E.0176
G1 X61.266 Y53.853 E.02959
G1 X62.656 Y52.571 E.06392
G1 X62.279 Y52.044 E.02188
G1 X61.996 Y52.119 E.00991
G1 X61.538 Y52.053 E.01564
G1 X61.273 Y51.902 E.01028
;WIDTH:0.432995
G1 F1538.166
G1 X61.15 Y51.728 E.00691
;WIDTH:0.398987
G1 F1685.076
G1 X61.028 Y51.554 E.00631
;WIDTH:0.365914
G1 F1857.622
G1 X60.74 Y51.001 E.01672
G1 X60.438 Y50.362 E.01899
G1 X60.149 Y49.648 E.02069
G1 X59.911 Y48.936 E.02015
G1 X59.721 Y48.233 E.01955
G1 X59.58 Y47.618 E.01696
;WIDTH:0.398987
G1 F1685.076
G1 X59.561 Y47.406 E.00631
;WIDTH:0.449385
G1 F1476.143
G1 X59.542 Y47.193 E.0072
G1 X59.698 Y46.817 E.01376
G1 X60.019 Y46.514 E.0149
G1 X60.205 Y46.437 E.00681
G1 X60.156 Y45.788 E.02201
G1 X58.272 Y45.712 E.06371
G1 X58.334 Y46.552 E.02847
G1 X58.398 Y47.102 E.01872
G1 X58.734 Y47.162 E.01153
G1 X59.04 Y47.358 E.0123
;WIDTH:0.432995
G1 F1538.166
G1 X59.147 Y47.534 E.00668
;WIDTH:0.398987
G1 F1685.076
G1 X59.254 Y47.71 E.0061
;WIDTH:0.368161
G1 F1844.79
G1 X59.592 Y48.99 E.03582
G1 X59.828 Y49.703 E.02029
M204 S10000
G1 E-.8 F1800
G1 X59.158 Y46.869 Z11.4 F7200
G1 Z11
G1 E.8 F1800
M204 S500
;WIDTH:0.564584
G1 F1150.166
G1 X59.276 Y46.607 E.01248
G1 X59.618 Y46.233 E.02197
G1 X58.761 Y46.196 E.0372
G1 X58.819 Y46.703 E.02212
G1 X59.122 Y46.852 E.01463
M204 S10000
G1 E-.8 F1800
G1 X57.548 Y49.431 Z11.4 F7200
G1 Z11
G1 E.8 F1800
M204 S1500
;TYPE:Inner wall
;WIDTH:0.449999
G1 F1473.915
G1 X58.305 Y51.489 E.07423
G1 X52.594 Y53.589 E.20597
G1 X51.837 Y51.531 E.07423
G1 X57.511 Y49.445 E.20461
M204 S500
G1 X57.802 Y48.881 F7200
;TYPE:Outer wall
G1 F1473.915
G1 X58.855 Y51.743 E.10324
G1 X52.34 Y54.14 E.23498
G1 X51.287 Y51.277 E.10324
G1 X57.765 Y48.895 E.23362
M204 S10000
G1 E-.8 F1800
G1 X57.782 Y51.248 Z11.4 F7200
G1 Z11
G1 E.8 F1800
M204 S500
;TYPE:Internal solid infill
G1 F1473.915
G1 X57.307 Y49.954 E.04667
G1 X52.36 Y51.773 E.17841
G1 X52.836 Y53.067 E.04667
G1 X57.745 Y51.261 E.17706
M204 S10000
G1 X57.209 Y50.983 F7200
M204 S500
;WIDTH:0.528762
G1 F1234.969
G1 X57.042 Y50.527 E.01963
G1 X52.933 Y52.038 E.17686
G1 X53.101 Y52.494 E.01963
G1 X57.172 Y50.996 E.17524
; stop printing object fidget-finger-massager-2000-roller_round.stl id:15 copy 0
;LAYER_CHANGE
;Z:11.2
;HEIGHT:0.2
G92 E0
;_SET_FAN_SPEED_CHANGING_LAYER
; printing object fidget-finger-massager-2000-roller_round.stl id:15 copy 0
M204 S10000
G1 E-.8 F1800
G1 X61.554 Y47.958 Z11.6 F7200
G1 Z11.2
G1 E.8 F1800
M204 S1500
;TYPE:Inner wall
;WIDTH:0.449999
G1 F1473.915
G1 X67.597 Y45.735 E.21795
G1 X68.356 Y47.793 E.07423
G1 X62.311 Y50.016 E.21804
G1 X61.568 Y47.995 E.07287
M204 S500
G1 X61.004 Y47.704 F7200
;TYPE:Outer wall
G1 F1473.915
G1 X67.851 Y45.185 E.24695
G1 X68.907 Y48.047 E.10324
G1 X62.056 Y50.566 E.24707
G1 X61.017 Y47.741 E.10188
M204 S10000
G1 E-.8 F1800
G1 X62.552 Y49.493 Z11.6 F7200
G1 Z11.2
G1 E.8 F1800
M204 S500
;TYPE:Internal solid infill
G1 F1473.915
G1 X67.833 Y47.551 E.19047
G1 X67.356 Y46.258 E.04667
G1 X62.076 Y48.199 E.19041
G1 X62.538 Y49.456 E.04532
M204 S10000
G1 X62.817 Y48.92 F7200
M204 S500
;WIDTH:0.52876
G1 F1234.974
G1 X67.26 Y47.286 E.19122
G1 X67.091 Y46.831 E.01963
G1 X62.649 Y48.464 E.1912
G1 X62.803 Y48.883 E.01801
M204 S10000
G1 E-.8 F1800
G1 X62.007 Y51.718 Z11.6 F7200
G1 Z11.2
G1 E.8 F1800
M204 S1500
;TYPE:Inner wall
;WIDTH:0.449999
G1 F1473.915
G1 X62.436 Y51.553 E.01556
G1 X62.772 Y52.064 E.02072
G1 X63.203 Y52.62 E.0238
G1 X61.223 Y54.447 E.09118
G1 X60.646 Y53.719 E.03144
G1 X60.194 Y53.069 E.0268
G1 X59.897 Y52.588 E.0191
G1 X60.276 Y52.391 E.01444
G1 X60.39 Y52.247 E.00622
G1 X60.455 Y52.077 E.00617
G1 X60.446 Y51.778 E.01013
G1 X59.876 Y50.572 E.04513
G1 X59.586 Y49.85 E.02636
G1 X59.339 Y49.111 E.02636
G1 X58.992 Y47.824 E.04513
G1 X58.805 Y47.59 E.01013
G1 X58.645 Y47.503 E.00617
G1 X58.465 Y47.467 E.00622
G1 X58.049 Y47.562 E.01444
G1 X57.962 Y46.99 E.01958
G1 X57.885 Y46.193 E.0271
G1 X57.854 Y45.288 E.03066
G1 X60.53 Y45.396 E.09065
G1 X60.547 Y45.448 E.00186
G1 X60.581 Y46.135 E.02327
G1 X60.644 Y46.709 E.01956
G1 X60.18 Y46.868 E.01659
G1 X59.947 Y47.072 E.01049
G1 X59.867 Y47.242 E.00634
G1 X59.855 Y47.54 E.01013
G1 X59.987 Y48.167 E.02168
G1 X60.18 Y48.872 E.02474
G1 X60.413 Y49.565 E.02474
G1 X60.686 Y50.242 E.02474
G1 X60.998 Y50.903 E.02473
G1 X61.263 Y51.391 E.01877
G1 X61.49 Y51.655 E.01179
G1 X61.656 Y51.73 E.00617
G1 X61.949 Y51.741 E.00994
G1 X61.97 Y51.733 E.00077
M204 S500
G1 X61.892 Y51.312 F7200
;TYPE:Outer wall
G1 F1473.915
G1 X62.602 Y51.022 E.02594
G1 X63.112 Y51.803 E.03156
G1 X63.799 Y52.653 E.037
G1 X61.19 Y55.06 E.12017
G1 X60.792 Y54.604 E.02049
G1 X60.09 Y53.671 E.03952
G1 X59.642 Y52.99 E.02758
G1 X59.294 Y52.372 E.02402
G1 X59.928 Y52.113 E.02316
G1 X60.017 Y52.035 E.00403
G1 X60.023 Y51.866 E.00573
G1 X59.484 Y50.745 E.04209
G1 X59.184 Y49.998 E.02727
G1 X58.928 Y49.234 E.02727
G1 X58.613 Y48.031 E.04209
G1 X58.546 Y47.932 E.00403
G1 X58.38 Y47.904 E.00572
G1 X57.73 Y48.118 E.02316
G1 X57.655 Y47.821 E.01036
G1 X57.538 Y47.057 E.02615
G1 X57.459 Y46.246 E.02759
G1 X57.424 Y45.432 E.02759
G1 X57.432 Y44.842 E.01997
G1 X60.979 Y44.985 E.12017
G1 X60.975 Y45.427 E.01497
G1 X61.026 Y46.263 E.02834
G1 X61.119 Y47.004 E.02529
G1 X60.395 Y47.242 E.02579
G1 X60.301 Y47.313 E.00398
G1 X60.274 Y47.452 E.00482
G1 X60.401 Y48.055 E.02084
G1 X60.586 Y48.736 E.02389
G1 X60.811 Y49.405 E.02389
G1 X61.074 Y50.06 E.02389
G1 X61.374 Y50.699 E.02389
G1 X61.724 Y51.296 E.02342
G1 X61.852 Y51.308 E.00437
M204 S10000
G1 X61.222 Y52.476 F7200
M204 S500
;TYPE:Internal solid infill
;WIDTH:0.544368
G1 F1196.535
G1 X61.08 Y52.835 E.01607
G1 X61.322 Y53.183 E.0177
G1 X61.957 Y52.597 E.03603
G1 X61.431 Y52.562 E.02201
G1 X61.259 Y52.491 E.00775
M204 S10000
G1 X60.885 Y51.653 F7200
M204 S500
;WIDTH:0.520618
G1 F1256.025
G1 X60.865 Y51.923 E.01078
;WIDTH:0.451074
G1 F1470.034
G1 X60.844 Y52.194 E.00921
G1 X60.726 Y52.474 E.0103
G1 X60.472 Y52.745 E.0126
G1 X60.777 Y53.194 E.01842
G1 X61.266 Y53.853 E.02786
G1 X62.656 Y52.571 E.06418
M73 P37 R13
G1 X62.283 Y52.049 E.02176
G1 X61.984 Y52.144 E.01061
G1 X61.514 Y52.11 E.016
G1 X61.229 Y51.963 E.01088
;WIDTH:0.473539
G1 F1393.345
G1 X61.072 Y51.821 E.00757
;WIDTH:0.497078
G1 F1321.126
G1 X60.915 Y51.679 E.00799
M204 S10000
G1 E-.8 F1800
G1 X59.414 Y47.655 Z11.6 F7200
G1 Z11.2
G1 E.8 F1800
M204 S500
;WIDTH:0.512565
G1 F1277.563
G1 X59.748 Y48.952 E.05232
G1 X59.994 Y49.692 E.03044
G1 X60.277 Y50.396 E.02962
G1 X60.864 Y51.606 E.05253
M204 S10000
G1 E-.8 F1800
G1 X59.414 Y47.655 Z11.6 F7200
G1 Z11.2
G1 E.8 F1800
M204 S500
;WIDTH:0.521502
G1 F1253.704
G1 X59.451 Y47.376 E.01119
;WIDTH:0.451128
G1 F1469.839
G1 X59.487 Y47.097 E.00954
G1 X59.642 Y46.807 E.01116
G1 X59.993 Y46.508 E.01566
G1 X60.204 Y46.431 E.00763
G1 X60.156 Y45.788 E.02189
G1 X58.272 Y45.712 E.06398
G1 X58.331 Y46.526 E.0277
G1 X58.393 Y47.07 E.01858
G1 X58.785 Y47.121 E.0134
G1 X59.087 Y47.301 E.01193
;WIDTH:0.473834
G1 F1392.392
G1 X59.237 Y47.463 E.00792
;WIDTH:0.497668
G1 F1319.414
G1 X59.387 Y47.626 E.00836
M204 S10000
G1 X59.131 Y46.791 F7200
M204 S500
;WIDTH:0.542521
G1 F1200.958
G1 X59.337 Y46.471 E.0158
G1 X59.615 Y46.22 E.01555
G1 X58.749 Y46.185 E.036
G1 X58.803 Y46.66 E.01985
G1 X59.094 Y46.776 E.01301
M204 S10000
G1 E-.8 F1800
G1 X57.689 Y49.379 Z11.6 F7200
G1 Z11.2
G1 E.8 F1800
M204 S1500
;TYPE:Inner wall
;WIDTH:0.449999
G1 F1473.915
G1 X58.446 Y51.437 E.07423
G1 X52.618 Y53.581 E.21019
G1 X51.861 Y51.522 E.07423
G1 X57.652 Y49.393 E.20884
M204 S500
G1 X57.944 Y48.829 F7200
;TYPE:Outer wall
G1 F1473.915
G1 X58.996 Y51.691 E.10324
G1 X52.364 Y54.131 E.2392
G1 X51.311 Y51.268 E.10324
G1 X57.906 Y48.843 E.23785
M204 S10000
G1 E-.8 F1800
G1 X57.924 Y51.196 Z11.6 F7200
G1 Z11.2
G1 E.8 F1800
M204 S500
;TYPE:Internal solid infill
G1 F1473.915
G1 X57.448 Y49.902 E.04667
G1 X52.384 Y51.764 E.18263
G1 X52.86 Y53.058 E.04667
G1 X57.886 Y51.209 E.18128
M204 S10000
G1 X57.351 Y50.931 F7200
M204 S500
;WIDTH:0.528762
G1 F1234.969
G1 X57.183 Y50.475 E.01963
G1 X52.957 Y52.029 E.18189
G1 X53.125 Y52.485 E.01963
M73 P37 R12
G1 X57.313 Y50.945 E.18028
; stop printing object fidget-finger-massager-2000-roller_round.stl id:15 copy 0
;LAYER_CHANGE
;Z:11.4
;HEIGHT:0.2
G92 E0
;_SET_FAN_SPEED_CHANGING_LAYER
; printing object fidget-finger-massager-2000-roller_round.stl id:15 copy 0
M204 S10000
G1 E-.8 F1800
G1 X64.656 Y48.863 Z11.8 F7200
G1 X68.105 Y47.885 Z11.8
G1 Z11.4
G1 E.8 F1800
M204 S1500
;TYPE:Inner wall
;WIDTH:0.449999
G1 F1473.915
G1 X62.122 Y50.085 E.21576
G1 X61.365 Y48.027 E.07423
G1 X67.348 Y45.827 E.21576
G1 X68.091 Y47.848 E.07287
M204 S500
G1 X68.655 Y48.139 F7200
;TYPE:Outer wall
G1 F1473.915
G1 X61.868 Y50.635 E.24477
G1 X60.815 Y47.773 E.10324
G1 X67.602 Y45.277 E.24477
G1 X68.641 Y48.102 E.10188
M204 S10000
G1 E-.8 F1800
G1 X62.364 Y49.563 Z11.8 F7200
G1 Z11.4
G1 E.8 F1800
M204 S500
;TYPE:Internal solid infill
G1 F1473.915
G1 X67.582 Y47.644 E.1882
G1 X67.106 Y46.35 E.04667
G1 X61.888 Y48.269 E.1882
G1 X62.35 Y49.525 E.04532
M204 S10000
G1 X62.629 Y48.99 F7200
M204 S500
;WIDTH:0.528761
G1 F1234.973
G1 X67.009 Y47.379 E.18854
G1 X66.841 Y46.923 E.01963
G1 X62.461 Y48.534 E.18854
G1 X62.615 Y48.952 E.01801
M204 S10000
G1 E-.8 F1800
G1 X61.812 Y51.773 Z11.8 F7200
G1 Z11.4
G1 E.8 F1800
M204 S1500
;TYPE:Inner wall
;WIDTH:0.449999
G1 F1473.915
G1 X61.922 Y51.763 E.00374
G1 X62.436 Y51.553 E.0188
G1 X62.77 Y52.061 E.02059
G1 X63.203 Y52.62 E.02392
G1 X61.223 Y54.447 E.09118
G1 X60.645 Y53.718 E.03147
G1 X60.193 Y53.068 E.02682
G1 X59.897 Y52.588 E.01906
G1 X60.216 Y52.458 E.01165
G1 X60.483 Y52.246 E.01155
G1 X60.569 Y52.072 E.00656
;WIDTH:0.486974
G1 F1351.189
G1 X60.585 Y51.942 E.00485
;WIDTH:0.523948
G1 F1247.33
G1 X60.601 Y51.811 E.00526
;WIDTH:0.560922
G1 F1158.297
G1 X60.617 Y51.681 E.00566
G1 X60.366 Y51.168 E.02459
;WIDTH:0.546468
G1 F1191.545
G1 X60.034 Y50.47 E.03236
G1 X59.749 Y49.754 E.03227
G1 X59.506 Y49.02 E.03236
;WIDTH:0.546216
G1 F1192.141
G1 X59.313 Y48.289 E.03164
;WIDTH:0.565293
G1 F1148.604
G1 X59.174 Y47.757 E.02387
G1 X59.081 Y47.678 E.00531
;WIDTH:0.526862
G1 F1239.819
G1 X58.988 Y47.599 E.00492
;WIDTH:0.488431
G1 F1346.77
G1 X58.895 Y47.52 E.00453
;WIDTH:0.449999
G1 F1473.915
G1 X58.725 Y47.445 E.00627
G1 X58.499 Y47.428 E.00766
G1 X58.049 Y47.562 E.01592
G1 X57.962 Y46.992 E.01951
G1 X57.885 Y46.194 E.02715
G1 X57.854 Y45.288 E.03069
G1 X60.529 Y45.396 E.09059
G1 X60.547 Y45.45 E.00194
G1 X60.582 Y46.139 E.02333
G1 X60.644 Y46.709 E.01943
G1 X60.131 Y46.878 E.01828
G1 X59.844 Y47.077 E.01183
G1 X59.752 Y47.238 E.00627
;WIDTH:0.488431
G1 F1346.77
G1 X59.724 Y47.357 E.00453
;WIDTH:0.526862
G1 F1239.819
G1 X59.696 Y47.476 E.00492
;WIDTH:0.565293
G1 F1148.604
G1 X59.668 Y47.595 E.00531
G1 X59.809 Y48.211 E.02746
;WIDTH:0.546467
G1 F1191.547
G1 X60.003 Y48.927 E.03105
G1 X60.24 Y49.63 E.03105
G1 X60.517 Y50.318 E.03105
;WIDTH:0.546216
G1 F1192.141
G1 X60.835 Y50.987 E.03103
;WIDTH:0.560922
G1 F1158.297
G1 X61.09 Y51.475 E.02369
G1 X61.195 Y51.56 E.00583
;WIDTH:0.523948
G1 F1247.33
G1 X61.3 Y51.646 E.00542
;WIDTH:0.486974
G1 F1351.189
G1 X61.404 Y51.732 E.005
;WIDTH:0.449999
G1 F1473.915
G1 X61.579 Y51.795 E.00628
G1 X61.772 Y51.777 E.00657
M204 S500
G1 X61.763 Y51.364 F7200
;TYPE:Outer wall
G1 F1473.915
G1 X62.602 Y51.022 E.03065
G1 X63.11 Y51.8 E.03144
G1 X63.799 Y52.653 E.03712
G1 X61.19 Y55.06 E.12017
G1 X60.792 Y54.603 E.0205
G1 X60.125 Y53.721 E.03742
G1 X59.714 Y53.107 E.02505
G1 X59.294 Y52.372 E.02864
G1 X60.054 Y52.062 E.02778
G1 X60.159 Y51.947 E.00528
G1 X60.149 Y51.814 E.00449
G1 X59.609 Y50.691 E.04219
G1 X59.312 Y49.95 E.027
G1 X59.059 Y49.194 E.027
G1 X58.743 Y47.989 E.04219
G1 X58.664 Y47.881 E.00449
G1 X58.51 Y47.862 E.00528
G1 X57.73 Y48.118 E.02778
G1 X57.655 Y47.821 E.01036
G1 X57.538 Y47.059 E.02612
G1 X57.459 Y46.247 E.02761
G1 X57.424 Y45.432 E.0276
G1 X57.432 Y44.842 E.01998
G1 X60.979 Y44.985 E.12017
G1 X60.975 Y45.429 E.01504
G1 X61.011 Y46.126 E.02362
G1 X61.119 Y47.004 E.02995
G1 X60.265 Y47.285 E.03045
G1 X60.179 Y47.344 E.00353
G1 X60.143 Y47.495 E.00525
G1 X60.268 Y48.087 E.02046
G1 X60.455 Y48.776 E.02416
G1 X60.682 Y49.452 E.02416
G1 X60.948 Y50.115 E.02416
G1 X61.46 Y51.143 E.03889
G1 X61.609 Y51.355 E.00876
G1 X61.723 Y51.362 E.00388
M204 S10000
G1 X61.004 Y51.951 F7200
M204 S500
;TYPE:Internal solid infill
G1 F1473.915
G1 X60.947 Y52.221 E.00933
G1 X60.799 Y52.499 E.01066
G1 X60.513 Y52.811 E.01432
G1 X60.812 Y53.245 E.01783
G1 X61.266 Y53.853 E.0257
G1 X62.656 Y52.571 E.06401
G1 X62.285 Y52.053 E.02155
G1 X61.96 Y52.173 E.01172
G1 X61.471 Y52.186 E.01658
G1 X61.188 Y52.075 E.01028
G1 X61.037 Y51.974 E.00615
M204 S10000
G1 X61.26 Y52.572 F7200
M204 S500
;WIDTH:0.5058
G1 F1296.232
G1 X61.066 Y52.848 E.01298
G1 X61.319 Y53.212 E.01709
G1 X61.975 Y52.608 E.03433
G1 X61.417 Y52.621 E.02147
G1 X61.298 Y52.584 E.00478
M204 S10000
G1 E-.8 F1800
G1 X59.302 Y47.315 Z11.8 F7200
G1 Z11.4
G1 E.8 F1800
M204 S500
;WIDTH:0.449999
G1 F1473.915
G1 X59.385 Y47.064 E.00896
G1 X59.562 Y46.788 E.0111
G1 X59.947 Y46.512 E.01603
G1 X60.204 Y46.426 E.00916
G1 X60.156 Y45.788 E.02166
G1 X58.272 Y45.712 E.0638
M73 P38 R12
G1 X58.326 Y46.481 E.02609
G1 X58.389 Y47.038 E.01898
G1 X58.831 Y47.052 E.01495
G1 X59.125 Y47.185 E.01091
G1 X59.27 Y47.291 E.0061
M204 S10000
G1 X59.097 Y46.692 F7200
M204 S500
;WIDTH:0.505866
G1 F1296.047
G1 X59.301 Y46.44 E.01247
G1 X59.619 Y46.202 E.01528
G1 X58.728 Y46.166 E.03431
G1 X58.778 Y46.608 E.01714
G1 X59.059 Y46.681 E.01115
M204 S10000
G1 E-.8 F1800
G1 X53.858 Y52.268 Z11.8 F7200
G1 X52.644 Y53.571 Z11.8
G1 Z11.4
G1 E.8 F1800
M204 S1500
;TYPE:Inner wall
;WIDTH:0.449999
G1 F1473.915
G1 X51.887 Y51.513 E.07423
G1 X57.877 Y49.31 E.21602
G1 X58.634 Y51.368 E.07423
G1 X52.682 Y53.557 E.21466
M204 S500
G1 X52.39 Y54.121 F7200
;TYPE:Outer wall
G1 F1473.915
G1 X51.337 Y51.259 E.10324
G1 X58.131 Y48.76 E.24503
G1 X59.184 Y51.623 E.10324
G1 X52.427 Y54.107 E.24367
M204 S10000
G1 E-.8 F1800
G1 X58.111 Y51.127 Z11.8 F7200
G1 Z11.4
G1 E.8 F1800
M204 S500
;TYPE:Internal solid infill
G1 F1473.915
G1 X57.635 Y49.833 E.04667
G1 X52.41 Y51.754 E.18846
G1 X52.886 Y53.048 E.04667
G1 X58.074 Y51.141 E.18711
M204 S10000
G1 X57.538 Y50.862 F7200
M204 S500
;WIDTH:0.528762
G1 F1234.971
G1 X57.37 Y50.406 E.01963
G1 X52.983 Y52.019 E.18885
G1 X53.151 Y52.475 E.01963
G1 X57.501 Y50.876 E.18724
; stop printing object fidget-finger-massager-2000-roller_round.stl id:15 copy 0
;LAYER_CHANGE
;Z:11.6
;HEIGHT:0.200001
G92 E0
;_SET_FAN_SPEED_CHANGING_LAYER
; printing object fidget-finger-massager-2000-roller_round.stl id:15 copy 0
M204 S10000
G1 E-.8 F1800
G1 X59.42 Y47.671 Z12 F7200
G1 Z11.6
G1 E.8 F1800
M204 S1500
;TYPE:Inner wall
;WIDTH:0.66128
G1 F970.309
G1 X59.34 Y47.619 E.00489
;WIDTH:0.619024
G1 F1041.479
G1 X59.261 Y47.567 E.00455
;WIDTH:0.576768
G1 F1123.916
G1 X59.181 Y47.516 E.00422
;WIDTH:0.534512
G1 F1220.526
G1 X59.101 Y47.464 E.00388
;WIDTH:0.492256
G1 F1335.306
G1 X59.021 Y47.412 E.00355
;WIDTH:0.449999
G1 F1473.915
G1 X58.85 Y47.363 E.00602
G1 X58.578 Y47.388 E.00926
G1 X58.049 Y47.562 E.01886
G1 X57.962 Y46.986 E.0197
G1 X57.885 Y46.194 E.02693
G1 X57.854 Y45.288 E.03071
G1 X60.527 Y45.395 E.09053
G1 X60.547 Y45.452 E.00203
G1 X60.582 Y46.142 E.0234
G1 X60.644 Y46.709 E.0193
G1 X60.102 Y46.887 E.0193
G1 X59.696 Y47.085 E.01529
G1 X59.588 Y47.226 E.00602
;WIDTH:0.492256
G1 F1335.306
G1 X59.554 Y47.315 E.00355
;WIDTH:0.534512
G1 F1220.526
G1 X59.521 Y47.404 E.00388
;WIDTH:0.576768
G1 F1123.916
G1 X59.487 Y47.493 E.00422
;WIDTH:0.619024
G1 F1041.479
G1 X59.454 Y47.582 E.00455
;WIDTH:0.66128
G1 F970.309
G1 X59.434 Y47.633 E.00283
M204 S500
G1 X60.191 Y47.895 F7200
;TYPE:Outer wall
;WIDTH:0.38292
G1 F1764.706
G1 X60.356 Y47.842 E.0049
M204 S10000
G1 E-.8 F1800
G1 X61.481 Y50.877 Z12 F7200
G1 Z11.6
G1 E.8 F1800
M204 S500
G1 F1764.706
G1 X61.313 Y50.947 E.00515
M204 S10000
G1 X61.642 Y51.855 F7200
M204 S1500
;TYPE:Inner wall
;WIDTH:0.449999
G1 F1473.915
G1 X61.731 Y51.84 E.00307
G1 X62.436 Y51.553 E.02576
G1 X62.768 Y52.058 E.02047
G1 X63.203 Y52.62 E.02405
G1 X61.223 Y54.447 E.09118
G1 X60.645 Y53.718 E.03149
G1 X60.193 Y53.067 E.02683
G1 X59.897 Y52.588 E.01903
G1 X60.406 Y52.381 E.01861
G1 X60.62 Y52.239 E.00868
G1 X60.735 Y52.072 E.00686
;WIDTH:0.490912
G1 F1339.31
G1 X60.76 Y51.975 E.00374
;WIDTH:0.531825
G1 F1227.232
G1 X60.784 Y51.878 E.00408
;WIDTH:0.572738
G1 F1132.464
G1 X60.809 Y51.78 E.00442
;WIDTH:0.613651
G1 F1051.283
G1 X60.834 Y51.683 E.00476
;WIDTH:0.654564
G1 F980.963
G1 X60.858 Y51.586 E.0051
G1 X60.944 Y51.638 E.00511
;WIDTH:0.613651
G1 F1051.283
G1 X61.03 Y51.69 E.00477
;WIDTH:0.572738
G1 F1132.464
G1 X61.116 Y51.742 E.00443
;WIDTH:0.531825
G1 F1227.232
G1 X61.201 Y51.795 E.00408
;WIDTH:0.490912
G1 F1339.31
G1 X61.287 Y51.847 E.00374
;WIDTH:0.449999
G1 F1473.915
G1 X61.461 Y51.884 E.00602
G1 X61.602 Y51.861 E.00484
M204 S500
G1 X61.57 Y51.444 F7200
;TYPE:Outer wall
G1 F1473.915
G1 X62.602 Y51.022 E.03773
G1 X63.108 Y51.797 E.03132
G1 X63.799 Y52.653 E.03724
G1 X61.19 Y55.06 E.12017
G1 X60.792 Y54.603 E.02052
G1 X60.161 Y53.773 E.0353
G1 X59.822 Y53.281 E.02021
G1 X59.294 Y52.372 E.03559
G1 X60.244 Y51.984 E.03473
G1 X60.347 Y51.89 E.00472
G1 X60.346 Y51.733 E.0053
G1 X59.801 Y50.607 E.04236
G1 X59.509 Y49.878 E.02658
G1 X59.26 Y49.134 E.02658
G1 X58.945 Y47.922 E.04236
G1 X58.844 Y47.802 E.0053
G1 X58.712 Y47.795 E.00448
G1 X57.73 Y48.118 E.03498
G1 X57.655 Y47.821 E.01036
G1 X57.538 Y47.06 E.02608
G1 X57.459 Y46.248 E.02762
G1 X57.424 Y45.432 E.02761
G1 X57.432 Y44.842 E.01999
G1 X60.979 Y44.985 E.12017
G1 X60.975 Y45.431 E.0151
G1 X61.008 Y46.096 E.02253
G1 X61.119 Y47.004 E.03098
G1 X59.994 Y47.393 E.04028
G1 X59.943 Y47.561 E.00595
G1 X60.005 Y47.858 E.01026
G1 X60.098 Y47.876 E.00319
;WIDTH:0.41646
G1 F1606.256
G1 X60.191 Y47.895 E.00293
;WIDTH:0.411923
G1 F1626.005
G1 X60.118 Y47.932 E.0025
;WIDTH:0.440925
G1 F1507.519
G1 X60.045 Y47.969 E.0027
;WIDTH:0.449999
G1 F1473.915
G1 X60.038 Y48.022 E.00181
G1 X60.254 Y48.836 E.02854
G1 X60.485 Y49.525 E.02458
G1 X60.757 Y50.199 E.02461
G1 X61.131 Y50.978 E.02924
G1 X61.222 Y50.963 E.00312
;WIDTH:0.41646
G1 F1606.256
G1 X61.313 Y50.947 E.00287
;WIDTH:0.411923
G1 F1626.005
G1 X61.256 Y51.005 E.0025
;WIDTH:0.440925
G1 F1507.519
G1 X61.198 Y51.063 E.0027
;WIDTH:0.449999
G1 F1473.915
G1 X61.282 Y51.253 E.00704
G1 X61.437 Y51.446 E.00836
G1 X61.53 Y51.444 E.00313
M204 S10000
G1 X60.858 Y51.586 F7200
M204 S1500
;TYPE:Inner wall
;WIDTH:0.654564
G1 F980.963
G1 X60.649 Y51.172 E.02358
;WIDTH:0.630722
G1 F1020.752
G1 X60.27 Y50.382 E.04282
G1 X59.99 Y49.68 E.03696
G1 X59.75 Y48.958 E.03715
;WIDTH:0.66128
G1 F970.309
G1 X59.42 Y47.671 E.06833
M204 S10000
G1 E-.8 F1800
G1 X62.132 Y47.745 Z12 F7200
G1 Z11.6
G1 E.8 F1800
M204 S1500
;WIDTH:0.449999
G1 F1473.915
G1 X67.315 Y45.839 E.18695
G1 X68.072 Y47.897 E.07423
G1 X61.86 Y50.182 E.22405
G1 X61.103 Y48.124 E.07423
G1 X62.094 Y47.759 E.03575
M204 S500
G1 X61.237 Y47.591 F7200
;TYPE:Outer wall
G1 F1473.915
G1 X61.984 Y47.343 E.02666
G1 X67.57 Y45.289 E.20145
G1 X68.622 Y48.151 E.10324
G1 X63.037 Y50.206 E.20145
G1 X61.618 Y50.781 E.05183
;WIDTH:0.413684
G1 F1618.28
G1 X61.481 Y50.877 E.00514
G1 X61.56 Y50.755 E.00449
;WIDTH:0.449999
G1 F1473.915
G1 X61.079 Y49.301 E.05183
G1 X60.505 Y47.881 E.05183
;WIDTH:0.415051
G1 F1612.336
G1 X60.356 Y47.842 E.00478
G1 X60.531 Y47.825 E.00544
;WIDTH:0.449999
G1 F1473.915
G1 X61.199 Y47.604 E.02382
M204 S10000
G1 E-.8 F1800
G1 X59.222 Y47.067 Z12 F7200
G1 Z11.6
G1 E.8 F1800
M204 S500
;TYPE:Internal solid infill
G1 F1473.915
G1 X59.413 Y46.793 E.01131
G1 X59.803 Y46.557 E.01544
G1 X60.204 Y46.425 E.01426
G1 X60.156 Y45.788 E.02164
G1 X58.272 Y45.712 E.0638
G1 X58.319 Y46.418 E.02395
G1 X58.388 Y47.022 E.02058
G1 X58.89 Y46.958 E.01713
G1 X59.184 Y47.054 E.01047
M204 S10000
G1 X59.07 Y46.567 F7200
M204 S500
;WIDTH:0.450831
G1 F1470.909
G1 X59.238 Y46.416 E.00767
G1 X59.662 Y46.176 E.0165
G1 X58.995 Y46.149 E.02262
G1 X58.699 Y46.156 E.01007
G1 X58.745 Y46.561 E.0138
G1 X59.03 Y46.566 E.00968
M204 S10000
G1 E-.8 F1800
G1 X62.101 Y49.659 Z12 F7200
G1 Z11.6
G1 E.8 F1800
M204 S500
;WIDTH:0.449999
G1 F1473.915
G1 X67.55 Y47.656 E.1965
G1 X67.074 Y46.361 E.04667
G1 X61.626 Y48.365 E.1965
G1 X62.088 Y49.622 E.04532
M204 S10000
G1 X62.366 Y49.086 F7200
M204 S500
;WIDTH:0.528761
G1 F1234.972
G1 X66.977 Y47.391 E.19844
G1 X66.809 Y46.935 E.01963
G1 X62.199 Y48.63 E.19844
G1 X62.353 Y49.049 E.01801
M204 S10000
G1 E-.8 F1800
G1 X61.112 Y52.206 Z12 F7200
G1 Z11.6
G1 E.8 F1800
M204 S500
;WIDTH:0.449999
G1 F1473.915
G1 X60.928 Y52.504 E.01185
G1 X60.496 Y52.784 E.01742
G1 X60.785 Y53.206 E.01729
G1 X61.266 Y53.853 E.02731
G1 X62.656 Y52.571 E.06401
G1 X62.286 Y52.054 E.02152
G1 X61.841 Y52.23 E.01618
G1 X61.405 Y52.286 E.01487
G1 X61.15 Y52.216 E.00896
M204 S10000
G1 X61.298 Y52.694 F7200
M204 S500
;WIDTH:0.450412
G1 F1472.424
G1 X61.071 Y52.904 E.01049
G1 X61.333 Y53.238 E.01438
G1 X62.024 Y52.599 E.0319
G1 X61.409 Y52.697 E.02112
G1 X61.338 Y52.695 E.00239
M73 P39 R12
M204 S10000
G1 E-.8 F1800
G1 X53.766 Y51.735 Z12 F7200
G1 X51.921 Y51.501 Z12
G1 Z11.6
G1 E.8 F1800
M204 S1500
;TYPE:Inner wall
;WIDTH:0.449999
G1 F1473.915
G1 X58.141 Y49.213 E.22436
G1 X58.898 Y51.271 E.07423
G1 X52.677 Y53.559 E.22436
G1 X51.934 Y51.538 E.07287
M204 S500
G1 X51.37 Y51.246 F7200
;TYPE:Outer wall
G1 F1473.915
G1 X58.396 Y48.663 E.25337
G1 X59.448 Y51.525 E.10324
G1 X52.423 Y54.109 E.25337
G1 X51.384 Y51.284 E.10188
M204 S10000
G1 E-.8 F1800
G1 X58.376 Y51.029 Z12 F7200
G1 Z11.6
G1 E.8 F1800
M204 S500
;TYPE:Internal solid infill
G1 F1473.915
G1 X57.9 Y49.735 E.04667
G1 X52.443 Y51.742 E.1968
G1 X52.919 Y53.036 E.04667
G1 X58.338 Y51.043 E.19545
M204 S10000
G1 X57.803 Y50.764 F7200
M204 S500
;WIDTH:0.528762
G1 F1234.969
G1 X57.635 Y50.309 E.01963
G1 X53.016 Y52.007 E.19881
G1 X53.184 Y52.463 E.01963
G1 X57.765 Y50.778 E.19719
; stop printing object fidget-finger-massager-2000-roller_round.stl id:15 copy 0
;LAYER_CHANGE
;Z:11.8
;HEIGHT:0.2
G92 E0
;_SET_FAN_SPEED_CHANGING_LAYER
; printing object fidget-finger-massager-2000-roller_round.stl id:15 copy 0
M204 S10000
G1 X58.916 Y49.617 Z11.8 F7200
M204 S1500
;TYPE:Inner wall
;WIDTH:0.449999
G1 F1473.915
G1 X59.046 Y49.71 E.00542
G1 X59.259 Y49.714 E.0072
;WIDTH:0.41111
G1 F1629.596
G1 X59.472 Y49.717 E.00651
;WIDTH:0.37222
G1 F1822.047
G1 X59.662 Y49.652 E.0055
;WIDTH:0.406218
G1 F1651.537
G1 X59.855 Y49.504 E.00736
;WIDTH:0.449999
G1 F1473.915
G1 X60.049 Y49.357 E.00824
G1 X60.098 Y49.165 E.0067
G1 X60.079 Y48.953 E.00719
G1 X59.959 Y48.506 E.01568
G1 X60.008 Y48.526 E.00181
G1 X67.28 Y45.852 E.26225
G1 X68.036 Y47.91 E.07423
G1 X60.765 Y50.585 E.26225
G1 X60.743 Y50.638 E.00194
G1 X60.419 Y50.04 E.023
G1 X60.258 Y49.926 E.0067
G1 X60.015 Y49.939 E.00824
;WIDTH:0.406218
G1 F1651.537
G1 X59.772 Y49.952 E.00736
;WIDTH:0.370117
G1 F1833.758
G1 X59.608 Y50.016 E.00479
;WIDTH:0.410058
G1 F1634.263
G1 X59.437 Y50.161 E.00685
;WIDTH:0.449999
G1 F1473.915
G1 X59.265 Y50.306 E.0076
G1 X59.22 Y50.486 E.00631
G1 X59.255 Y50.753 E.00911
G1 X59.38 Y51.094 E.01228
G1 X52.702 Y53.55 E.24086
G1 X51.945 Y51.492 E.07423
G1 X58.623 Y49.036 E.24086
G1 X58.749 Y49.376 E.01228
G1 X58.887 Y49.59 E.00864
M204 S10000
G1 E-.8 F1800
G1 X60.845 Y51.559 Z12.2 F7200
G1 Z11.8
G1 E.8 F1800
M204 S500
;TYPE:Outer wall
;WIDTH:0.663258
G1 F967.215
G1 X60.705 Y51.286 E.01586
M204 S10000
G1 X62.25 Y51.629 F7200
M204 S1500
;TYPE:Inner wall
;WIDTH:0.449999
G1 F1473.915
G1 X62.436 Y51.553 E.00678
G1 X62.766 Y52.055 E.02034
G1 X63.203 Y52.62 E.02417
G1 X61.223 Y54.447 E.09119
G1 X60.644 Y53.717 E.03151
G1 X60.192 Y53.066 E.02684
G1 X59.897 Y52.589 E.019
G1 X60.783 Y52.227 E.03238
G1 X60.974 Y52.103 E.00772
G1 X61.012 Y51.968 E.00476
G1 X61.134 Y52.038 E.00476
G1 X61.357 Y51.993 E.00772
G1 X62.213 Y51.644 E.0313
M204 S500
G1 X62.089 Y51.232 F7200
;TYPE:Outer wall
G1 F1473.915
G1 X62.602 Y51.022 E.01875
G1 X63.106 Y51.794 E.0312
G1 X63.799 Y52.653 E.03737
G1 X61.19 Y55.06 E.12017
G1 X60.791 Y54.603 E.02053
G1 X60.195 Y53.821 E.03328
G1 X59.821 Y53.281 E.02225
G1 X59.294 Y52.372 E.03556
G1 X60.643 Y51.82 E.04934
;WIDTH:0.492651
G1 F1334.131
G1 X60.687 Y51.771 E.00245
;WIDTH:0.535303
G1 F1218.565
G1 X60.731 Y51.722 E.00269
;WIDTH:0.577955
G1 F1121.423
G1 X60.775 Y51.673 E.00292
;WIDTH:0.620607
G1 F1038.626
G1 X60.819 Y51.624 E.00315
;WIDTH:0.663258
G1 F967.215
G1 X60.862 Y51.575 E.00338
;WIDTH:0.651205
G1 F986.38
G1 X60.929 Y51.58 E.00338
;WIDTH:0.610964
G1 F1056.257
G1 X60.996 Y51.584 E.00315
;WIDTH:0.570723
G1 F1136.789
G1 X61.062 Y51.588 E.00293
;WIDTH:0.530482
G1 F1230.614
G1 X61.129 Y51.592 E.00271
;WIDTH:0.490241
G1 F1341.321
G1 X61.195 Y51.596 E.00248
;WIDTH:0.449999
G1 F1473.915
G1 X62.052 Y51.247 E.0313
M204 S10000
G1 E-.8 F1800
G1 X59.431 Y47.71 Z12.2 F7200
G1 Z11.8
G1 E.8 F1800
M204 S500
;WIDTH:0.667996
G1 F959.883
G1 X59.524 Y48.081 E.01986
M204 S10000
G1 X60.644 Y46.709 F7200
M204 S1500
;TYPE:Inner wall
;WIDTH:0.449999
G1 F1473.915
G1 X59.547 Y47.07 E.0391
G1 X59.347 Y47.18 E.00772
G1 X59.3 Y47.313 E.00476
G1 X59.183 Y47.234 E.00476
G1 X58.957 Y47.263 E.00772
G1 X58.049 Y47.562 E.03238
G1 X57.963 Y46.995 E.01942
G1 X57.885 Y46.195 E.0272
G1 X57.854 Y45.288 E.03073
G1 X60.525 Y45.395 E.09047
G1 X60.547 Y45.454 E.00211
G1 X60.582 Y46.146 E.02346
G1 X60.64 Y46.669 E.01782
M204 S500
G1 X61.119 Y47.004 F7200
;TYPE:Outer wall
G1 F1473.915
G1 X59.68 Y47.477 E.05126
;WIDTH:0.493599
G1 F1331.326
G1 X59.631 Y47.524 E.00256
;WIDTH:0.537198
G1 F1213.892
G1 X59.581 Y47.57 E.00281
;WIDTH:0.580798
G1 F1115.496
G1 X59.531 Y47.617 E.00306
;WIDTH:0.624397
G1 F1031.856
G1 X59.481 Y47.664 E.00331
;WIDTH:0.667996
G1 F959.883
G1 X59.431 Y47.71 E.00355
G1 X59.363 Y47.702 E.00355
;WIDTH:0.624397
G1 F1031.856
G1 X59.295 Y47.694 E.00331
;WIDTH:0.580798
G1 F1115.496
G1 X59.227 Y47.686 E.00306
;WIDTH:0.537198
G1 F1213.892
G1 X59.159 Y47.678 E.00281
;WIDTH:0.493599
G1 F1331.326
G1 X59.091 Y47.671 E.00256
;WIDTH:0.449999
G1 F1473.915
G1 X57.73 Y48.118 E.0485
G1 X57.655 Y47.821 E.01036
G1 X57.539 Y47.061 E.02605
G1 X57.459 Y46.248 E.02763
G1 X57.424 Y45.433 E.02763
G1 X57.432 Y44.842 E.02001
G1 X60.979 Y44.985 E.12017
G1 X60.975 Y45.433 E.01516
G1 X61.008 Y46.099 E.02259
G1 X61.114 Y46.964 E.0295
M204 S10000
G1 E-.8 F1800
G1 X59.194 Y49.296 Z12.2 F7200
G1 Z11.8
G1 E.8 F1800
M204 S500
G1 F1473.915
G1 X59.369 Y49.341 E.00612
G1 X59.545 Y49.285 E.00622
G1 X59.671 Y49.128 E.00683
G1 X59.565 Y48.693 E.01513
;WIDTH:0.498945
G1 F1315.718
G1 X59.555 Y48.54 E.00582
;WIDTH:0.547891
G1 F1188.188
G1 X59.545 Y48.387 E.00645
;WIDTH:0.596837
G1 F1083.196
G1 X59.534 Y48.234 E.00707
;WIDTH:0.645782
G1 F995.253
G1 X59.524 Y48.081 E.0077
G1 X59.608 Y48.092 E.00425
;WIDTH:0.596837
G1 F1083.196
G1 X59.692 Y48.102 E.0039
;WIDTH:0.547891
G1 F1188.188
G1 X59.776 Y48.113 E.00356
;WIDTH:0.498945
G1 F1315.718
G1 X59.86 Y48.124 E.00321
;WIDTH:0.449999
G1 F1473.915
G1 X67.534 Y45.302 E.27676
G1 X68.587 Y48.165 E.10324
G1 X60.913 Y50.987 E.27676
;WIDTH:0.497813
G1 F1318.994
G1 X60.861 Y51.061 E.00344
;WIDTH:0.545626
G1 F1193.542
G1 X60.809 Y51.136 E.0038
;WIDTH:0.593439
G1 F1089.881
G1 X60.757 Y51.211 E.00416
;WIDTH:0.641252
G1 F1002.788
G1 X60.705 Y51.286 E.00453
G1 X60.609 Y51.15 E.00827
;WIDTH:0.593439
G1 F1089.881
G1 X60.512 Y51.015 E.00761
;WIDTH:0.545626
G1 F1193.542
G1 X60.416 Y50.879 E.00695
;WIDTH:0.497813
G1 F1318.994
G1 X60.319 Y50.744 E.00629
;WIDTH:0.449999
G1 F1473.915
G1 X60.118 Y50.345 E.01513
G1 X59.92 Y50.307 E.00683
G1 X59.758 Y50.374 E.00595
G1 X59.66 Y50.472 E.00467
G1 X59.657 Y50.605 E.00452
G1 X59.93 Y51.348 E.02679
G1 X52.447 Y54.1 E.26988
G1 X51.395 Y51.237 E.10324
G1 X58.878 Y48.485 E.26987
G1 X59.18 Y49.258 E.02809
M204 S10000
G1 X58.793 Y49.726 F7200
M204 S250
;TYPE:Bridge
;WIDTH:0.45
G1 F1473.913
M106 S255
G1 X58.959 Y50.14 E.01508
G1 X58.873 Y50.459 E.01121
G1 X58.936 Y50.888 E.01468
G1 X58.835 Y50.926 E.00364
G1 X58.208 Y49.362 E.05703
M204 S10000
G1 X58.088 Y51.135 F7200
M204 S500
;TYPE:Internal solid infill
;WIDTH:0.449999
G1 F1473.915
M106 S237
G1 X57.612 Y49.841 E.04667
G1 X52.467 Y51.733 E.18555
G1 X52.943 Y53.027 E.04667
G1 X58.051 Y51.149 E.1842
M204 S10000
G1 X57.515 Y50.87 F7200
M204 S500
;WIDTH:0.528762
G1 F1234.971
G1 X57.347 Y50.414 E.01963
G1 X53.041 Y51.998 E.18538
G1 X53.208 Y52.454 E.01963
G1 X57.478 Y50.884 E.18377
M204 S10000
G1 E-.8 F1800
G1 X61.223 Y52.424 Z12.2 F7200
G1 Z11.8
G1 E.8 F1800
M204 S500
;WIDTH:0.449999
G1 F1473.915
G1 X61.038 Y52.555 E.00767
G1 X60.495 Y52.782 E.01991
G1 X60.829 Y53.27 E.02001
G1 X61.266 Y53.853 E.02467
G1 X62.656 Y52.571 E.06401
G1 X62.286 Y52.054 E.02152
M73 P40 R12
G1 X61.511 Y52.37 E.02831
G1 X61.262 Y52.417 E.00858
M204 S10000
G1 X61.307 Y52.832 F7200
M204 S500
;WIDTH:0.391356
G1 F1721.982
G1 X61.073 Y52.953 E.00765
G1 X61.312 Y53.293 E.01204
G1 X62.151 Y52.519 E.03307
G1 X61.653 Y52.718 E.01555
G1 X61.345 Y52.819 E.00939
M204 S10000
G1 E-.8 F1800
G1 X62.387 Y49.554 Z12.2 F7200
G1 Z11.8
G1 E.8 F1800
M204 S500
;WIDTH:0.449999
G1 F1473.915
G1 X67.514 Y47.669 E.18492
G1 X67.038 Y46.375 E.04667
G1 X61.911 Y48.26 E.18491
G1 X62.373 Y49.517 E.04532
M204 S10000
G1 X62.652 Y48.981 F7200
M204 S500
;WIDTH:0.528761
G1 F1234.972
G1 X66.941 Y47.404 E.18462
G1 X66.773 Y46.948 E.01963
G1 X62.484 Y48.525 E.18462
G1 X62.638 Y48.944 E.01801
M204 S10000
G1 X62.105 Y49.437 F7200
M204 S250
;TYPE:Bridge
;WIDTH:0.45
G1 F1473.913
M106 S255
G1 X60.762 Y49.931 E.04842
G1 X60.665 Y49.793 E.00571
G1 X60.423 Y49.622 E.01003
G1 X61.792 Y49.118 E.04939
G1 X61.652 Y48.736 E.01378
G1 X60.443 Y49.18 E.04359
G1 X60.416 Y48.875 E.01036
G1 X60.387 Y48.767 E.00379
G1 X61.683 Y48.291 E.04675
M204 S10000
G1 E-.8 F1800
G1 X59.165 Y46.829 Z12.2 F7200
G1 Z11.8
G1 E.8 F1800
M204 S500
;TYPE:Internal solid infill
;WIDTH:0.449999
G1 F1473.915
M106 S237
G1 X59.42 Y46.683 E.00994
G1 X60.204 Y46.425 E.02794
G1 X60.156 Y45.788 E.02164
G1 X58.272 Y45.712 E.0638
G1 X58.312 Y46.357 E.02187
G1 X58.388 Y47.024 E.02274
G1 X58.939 Y46.849 E.01959
G1 X59.125 Y46.832 E.00632
M204 S10000
G1 X58.714 Y46.521 F7200
M204 S500
;WIDTH:0.390732
G1 F1725.072
G1 X59.187 Y46.378 E.01432
G1 X59.792 Y46.165 E.01855
G1 X59.275 Y46.129 E.015
G1 X58.67 Y46.109 E.0175
G1 X58.709 Y46.482 E.01084
; stop printing object fidget-finger-massager-2000-roller_round.stl id:15 copy 0
;LAYER_CHANGE
;Z:12
;HEIGHT:0.2
G92 E0
;_SET_FAN_SPEED_CHANGING_LAYER
; printing object fidget-finger-massager-2000-roller_round.stl id:15 copy 0
M204 S10000
G1 E-.8 F1800
G1 X66.251 Y47.654 Z12.4 F7200
G1 X67.996 Y47.925 Z12.4
G1 Z12
G1 E.8 F1800
M204 S1500
;TYPE:Inner wall
;WIDTH:0.449999
G1 F1473.915
G1 X52.533 Y53.612 E.55768
G1 X51.778 Y51.553 E.07423
G1 X67.239 Y45.867 E.55762
G1 X67.982 Y47.888 E.07287
M204 S500
G1 X68.546 Y48.179 F7200
;TYPE:Outer wall
G1 F1473.915
G1 X52.278 Y54.162 E.5867
G1 X51.228 Y51.299 E.10324
G1 X67.493 Y45.317 E.58662
G1 X68.532 Y48.142 E.10188
M204 S10000
G1 E-.8 F1800
G1 X61.199 Y49.77 Z12.4 F7200
G1 Z12
G1 E.8 F1800
M204 S250
;TYPE:Bridge
;WIDTH:0.45
G1 F1473.913
M106 S255
G1 X58.663 Y50.703 E.09146
G1 X58.631 Y50.615 E.00315
G1 X58.654 Y50.272 E.01164
G1 X60.712 Y49.515 E.07424
G1 X60.651 Y49.458 E.00284
G1 X60.693 Y49.089 E.01259
G1 X58.403 Y49.931 E.08257
G1 X58.363 Y49.885 E.00206
G1 X58.242 Y49.556 E.01187
G1 X60.811 Y48.611 E.09266
M204 S10000
G1 X61.072 Y49.303 F7200
M204 S500
;TYPE:Internal solid infill
;WIDTH:0.449999
G1 F1473.915
M106 S237
G1 X61.388 Y49.652 E.01594
G1 X61.502 Y49.88 E.00861
G1 X67.473 Y47.684 E.21536
G1 X66.998 Y46.39 E.04667
G1 X61.027 Y48.585 E.21534
G1 X61.091 Y48.876 E.01007
G1 X61.074 Y49.263 E.0131
M204 S10000
G1 X61.526 Y49.135 F7200
M204 S500
;WIDTH:0.52876
G1 F1234.974
G1 X61.702 Y49.33 E.01062
G1 X66.9 Y47.419 E.22375
G1 X66.733 Y46.963 E.01963
G1 X61.691 Y48.817 E.21701
G1 X61.537 Y48.895 E.00699
G1 X61.528 Y49.095 E.00807
M204 S10000
G1 E-.8 F1800
G1 X58.241 Y50.345 Z12.4 F7200
G1 Z12
G1 E.8 F1800
M204 S500
;WIDTH:0.449999
G1 F1473.915
G1 X57.999 Y50.068 E.01245
G1 X57.878 Y49.744 E.01172
G1 X52.3 Y51.795 E.20117
G1 X52.775 Y53.089 E.04667
G1 X58.353 Y51.038 E.20117
G1 X58.224 Y50.631 E.01444
G1 X58.239 Y50.385 E.00835
M204 S10000
G1 X57.784 Y50.513 F7200
M204 S500
;WIDTH:0.528761
G1 F1234.973
G1 X57.633 Y50.309 E.01025
G1 X52.873 Y52.06 E.2049
G1 X53.04 Y52.516 E.01963
G1 X57.801 Y50.765 E.20491
G1 X57.787 Y50.553 E.00859
M204 S10000
G1 E-.8 F1800
G1 X62.436 Y51.553 Z12.4 F7200
G1 Z12
G1 E.8 F1800
M204 S1500
;TYPE:Inner wall
;WIDTH:0.449999
G1 F1473.915
G1 X62.764 Y52.052 E.02021
G1 X63.203 Y52.62 E.02431
G1 X61.223 Y54.447 E.09119
G1 X60.644 Y53.717 E.03153
G1 X60.192 Y53.065 E.02685
G1 X59.897 Y52.589 E.01896
G1 X62.399 Y51.568 E.09144
M204 S500
G1 X62.601 Y51.023 F7200
;TYPE:Outer wall
G1 F1473.915
G1 X63.103 Y51.791 E.03107
G1 X63.799 Y52.653 E.0375
G1 X61.19 Y55.06 E.12018
G1 X60.791 Y54.603 E.02054
G1 X60.199 Y53.827 E.03303
G1 X59.82 Y53.28 E.02253
G1 X59.294 Y52.372 E.03552
G1 X62.564 Y51.038 E.11954
M204 S10000
G1 E-.8 F1800
G1 X60.496 Y52.784 Z12.4 F7200
G1 Z12
G1 E.8 F1800
M204 S500
;TYPE:Internal solid infill
G1 F1473.915
G1 X60.885 Y53.35 E.02327
G1 X61.266 Y53.853 E.02134
G1 X62.656 Y52.571 E.064
G1 X62.285 Y52.054 E.02153
M73 P41 R12
G1 X60.533 Y52.769 E.06405
M204 S10000
G1 X61.273 Y52.875 F7200
M204 S500
;WIDTH:0.390903
G1 F1724.222
G1 X61.072 Y52.957 E.00628
G1 X61.312 Y53.297 E.01205
G1 X62.151 Y52.519 E.03312
G1 X61.31 Y52.86 E.02627
M204 S10000
G1 E-.8 F1800
G1 X60.644 Y46.709 Z12.4 F7200
G1 Z12
G1 E.8 F1800
M204 S1500
;TYPE:Inner wall
;WIDTH:0.449999
G1 F1473.915
G1 X58.049 Y47.562 E.09248
G1 X57.963 Y46.996 E.01938
G1 X57.886 Y46.196 E.02721
G1 X57.854 Y45.288 E.03075
G1 X60.523 Y45.395 E.09041
G1 X60.547 Y45.456 E.0022
G1 X60.582 Y46.15 E.02353
G1 X60.64 Y46.669 E.01769
M204 S500
G1 X61.119 Y47.004 F7200
;TYPE:Outer wall
G1 F1473.915
G1 X57.73 Y48.118 E.12076
G1 X57.655 Y47.821 E.01036
G1 X57.539 Y47.062 E.02601
G1 X57.459 Y46.249 E.02764
G1 X57.424 Y45.433 E.02764
G1 X57.432 Y44.842 E.02002
G1 X60.979 Y44.985 E.12018
G1 X60.975 Y45.434 E.01522
G1 X61.008 Y46.103 E.02265
G1 X61.114 Y46.964 E.02938
M204 S10000
G1 E-.8 F1800
G1 X58.388 Y47.022 Z12.4 F7200
G1 Z12
G1 E.8 F1800
M204 S500
;TYPE:Internal solid infill
G1 F1473.915
G1 X60.204 Y46.425 E.06472
G1 X60.156 Y45.788 E.02164
G1 X58.272 Y45.712 E.0638
G1 X58.311 Y46.35 E.02162
G1 X58.383 Y46.982 E.02156
M204 S10000
G1 X58.71 Y46.519 F7200
M204 S500
;WIDTH:0.390525
G1 F1726.097
G1 X59.797 Y46.162 E.03306
G1 X58.667 Y46.106 E.0327
G1 X58.706 Y46.479 E.01086
; stop printing object fidget-finger-massager-2000-roller_round.stl id:15 copy 0
M106 S240
;LAYER_CHANGE
;Z:12.2
;HEIGHT:0.2
G92 E0
;_SET_FAN_SPEED_CHANGING_LAYER
; printing object fidget-finger-massager-2000-roller_round.stl id:15 copy 0
M204 S10000
G1 E-.8 F1800
G1 X66.245 Y47.672 Z12.6 F7200
G1 X67.951 Y47.942 Z12.6
G1 Z12.2
G1 E.8 F1800
M204 S1500
;TYPE:Inner wall
;WIDTH:0.449999
G1 F1473.915
G1 X52.383 Y53.667 E.56144
G1 X51.628 Y51.608 E.07423
G1 X67.194 Y45.884 E.56138
G1 X67.937 Y47.904 E.07287
M204 S500
G1 X68.501 Y48.196 F7200
;TYPE:Outer wall
G1 F1473.915
G1 X52.129 Y54.217 E.59047
G1 X51.078 Y51.354 E.10324
G1 X67.448 Y45.334 E.59038
G1 X68.487 Y48.159 E.10188
M204 S10000
G1 X67.428 Y47.7 F7200
M204 S500
;TYPE:Internal solid infill
G1 F1473.915
G1 X66.952 Y46.406 E.04667
G1 X52.15 Y51.85 E.53383
G1 X52.625 Y53.144 E.04667
G1 X67.391 Y47.714 E.53252
M204 S10000
G1 X66.627 Y47.519 F7200
M204 S500
;WIDTH:0.528761
G1 F1234.972
G1 X66.855 Y47.435 E.00981
G1 X66.687 Y46.979 E.01963
G1 X52.723 Y52.115 E.60106
G1 X52.89 Y52.571 E.01963
G1 X66.589 Y47.533 E.58965
M204 S10000
G1 E-.8 F1800
G1 X62.436 Y51.553 Z12.6 F7200
G1 Z12.2
G1 E.8 F1800
M204 S1500
;TYPE:Inner wall
;WIDTH:0.449999
G1 F1473.915
G1 X62.761 Y52.049 E.02008
G1 X63.203 Y52.62 E.02443
G1 X61.223 Y54.447 E.09119
G1 X60.644 Y53.716 E.03156
G1 X60.191 Y53.064 E.02686
G1 X59.897 Y52.589 E.01893
G1 X62.399 Y51.568 E.09144
M204 S500
G1 X62.601 Y51.023 F7200
;TYPE:Outer wall
G1 F1473.915
G1 X63.101 Y51.788 E.03095
G1 X63.799 Y52.653 E.03762
G1 X61.19 Y55.06 E.12018
G1 X60.791 Y54.602 E.02055
G1 X60.199 Y53.827 E.03302
G1 X59.82 Y53.279 E.02256
G1 X59.294 Y52.372 E.03549
G1 X62.564 Y51.038 E.11954
M204 S10000
G1 E-.8 F1800
G1 X60.496 Y52.784 Z12.6 F7200
G1 Z12.2
G1 E.8 F1800
M204 S500
;TYPE:Internal solid infill
G1 F1473.915
G1 X60.885 Y53.35 E.02327
G1 X61.266 Y53.853 E.02134
G1 X62.656 Y52.571 E.064
G1 X62.285 Y52.054 E.02153
G1 X60.533 Y52.769 E.06404
M204 S10000
G1 X61.273 Y52.875 F7200
M204 S500
;WIDTH:0.390906
G1 F1724.207
G1 X61.072 Y52.957 E.00628
G1 X61.312 Y53.297 E.01205
G1 X62.151 Y52.519 E.03311
G1 X61.31 Y52.86 E.02627
M204 S10000
G1 E-.8 F1800
G1 X60.644 Y46.709 Z12.6 F7200
G1 Z12.2
G1 E.8 F1800
M204 S1500
;TYPE:Inner wall
;WIDTH:0.449999
G1 F1473.915
G1 X58.049 Y47.562 E.09248
G1 X57.963 Y46.997 E.01935
G1 X57.886 Y46.196 E.02722
G1 X57.854 Y45.288 E.03077
G1 X60.522 Y45.395 E.09035
G1 X60.547 Y45.458 E.00228
G1 X60.583 Y46.154 E.02359
G1 X60.64 Y46.669 E.01756
M204 S500
G1 X61.119 Y47.004 F7200
;TYPE:Outer wall
G1 F1473.915
G1 X57.73 Y48.118 E.12076
G1 X57.655 Y47.821 E.01036
G1 X57.539 Y47.063 E.02598
G1 X57.459 Y46.25 E.02765
G1 X57.424 Y45.433 E.02765
G1 X57.432 Y44.842 E.02003
G1 X60.979 Y44.985 E.12018
G1 X60.975 Y45.436 E.01528
M73 P42 R12
G1 X61.009 Y46.106 E.02272
G1 X61.114 Y46.964 E.02926
M204 S10000
G1 E-.8 F1800
G1 X58.388 Y47.022 Z12.6 F7200
G1 Z12.2
G1 E.8 F1800
M204 S500
;TYPE:Internal solid infill
G1 F1473.915
G1 X60.204 Y46.425 E.06472
G1 X60.156 Y45.788 E.02163
G1 X58.272 Y45.712 E.0638
G1 X58.311 Y46.35 E.02162
G1 X58.383 Y46.982 E.02156
M204 S10000
G1 X58.71 Y46.519 F7200
M204 S500
;WIDTH:0.39053
G1 F1726.072
G1 X59.797 Y46.162 E.03307
G1 X58.667 Y46.106 E.0327
G1 X58.706 Y46.479 E.01086
; stop printing object fidget-finger-massager-2000-roller_round.stl id:15 copy 0
M106 S245
;LAYER_CHANGE
;Z:12.4
;HEIGHT:0.2
G92 E0
;_SET_FAN_SPEED_CHANGING_LAYER
; printing object fidget-finger-massager-2000-roller_round.stl id:15 copy 0
M204 S10000
G1 E-.8 F1800
G1 X66.241 Y47.692 Z12.8 F7200
G1 X67.902 Y47.96 Z12.8
G1 Z12.4
G1 E.8 F1800
M204 S1500
;TYPE:Inner wall
;WIDTH:0.449999
G1 F1473.915
G1 X52.253 Y53.715 E.56439
G1 X51.492 Y51.658 E.07423
G1 X67.145 Y45.902 E.56452
G1 X67.888 Y47.922 E.07287
M73 P42 R11
M204 S500
G1 X68.452 Y48.214 F7200
;TYPE:Outer wall
G1 F1473.915
G1 X51.999 Y54.265 E.59338
G1 X50.941 Y51.404 E.10324
G1 X67.399 Y45.351 E.59355
G1 X68.438 Y48.177 E.10188
M204 S10000
G1 X67.394 Y47.583 F7200
M204 S500
;TYPE:Sparse infill
;WIDTH:0.45
G1 F1473.913
G1 X66.94 Y46.346 E.0446
G1 X66.648 Y46.453 E.01051
G1 X64.119 Y48.982 E.12108
G1 X62.59 Y49.544 E.05512
M204 S10000
G1 X63.259 Y47.699 F7200
M204 S500
G1 F1473.913
G1 X61.731 Y48.261 E.05512
G1 X59.202 Y50.791 E.12108
G1 X57.673 Y51.353 E.05512
M204 S10000
G1 X58.342 Y49.508 F7200
M204 S500
G1 F1473.913
G1 X56.814 Y50.07 E.05512
G1 X54.284 Y52.599 E.12108
G1 X52.756 Y53.161 E.05512
M204 S10000
G1 E-.8 F1800
G1 X60.285 Y51.91 Z12.8 F7200
G1 X62.436 Y51.553 Z12.8
G1 Z12.4
G1 E.8 F1800
M204 S1500
;TYPE:Inner wall
;WIDTH:0.449999
G1 F1473.915
G1 X62.761 Y52.049 E.02008
G1 X63.203 Y52.62 E.02444
G1 X61.223 Y54.447 E.09119
G1 X60.643 Y53.716 E.03158
G1 X60.19 Y53.063 E.02688
G1 X59.897 Y52.589 E.01889
G1 X62.398 Y51.568 E.09144
M204 S500
G1 X62.601 Y51.023 F7200
;TYPE:Outer wall
G1 F1473.915
G1 X63.101 Y51.788 E.03095
G1 X63.799 Y52.653 E.03762
G1 X61.19 Y55.06 E.12018
G1 X60.791 Y54.602 E.02057
G1 X60.199 Y53.827 E.03301
G1 X59.819 Y53.278 E.02259
G1 X59.294 Y52.372 E.03546
G1 X62.564 Y51.038 E.11954
M204 S10000
G1 E-.8 F1800
G1 X60.496 Y52.784 Z12.8 F7200
G1 Z12.4
G1 E.8 F1800
M204 S500
;TYPE:Internal solid infill
G1 F1473.915
G1 X60.885 Y53.35 E.02327
G1 X61.266 Y53.853 E.02134
G1 X62.656 Y52.571 E.064
G1 X62.285 Y52.054 E.02153
G1 X60.533 Y52.769 E.06404
M204 S10000
G1 X61.273 Y52.875 F7200
M204 S500
;WIDTH:0.390907
G1 F1724.203
G1 X61.072 Y52.957 E.00628
G1 X61.312 Y53.297 E.01205
G1 X62.151 Y52.519 E.03311
G1 X61.31 Y52.86 E.02627
M204 S10000
G1 E-.8 F1800
G1 X60.644 Y46.709 Z12.8 F7200
G1 Z12.4
G1 E.8 F1800
M204 S1500
;TYPE:Inner wall
;WIDTH:0.449999
G1 F1473.915
G1 X58.049 Y47.562 E.09249
G1 X57.963 Y46.998 E.01931
G1 X57.886 Y46.197 E.02724
G1 X57.854 Y45.288 E.03079
G1 X60.52 Y45.395 E.09029
G1 X60.547 Y45.46 E.00237
G1 X60.583 Y46.158 E.02365
G1 X60.64 Y46.669 E.01743
M204 S500
G1 X61.119 Y47.004 F7200
;TYPE:Outer wall
G1 F1473.915
G1 X57.73 Y48.118 E.12076
G1 X57.655 Y47.821 E.01036
G1 X57.539 Y47.064 E.02594
G1 X57.459 Y46.25 E.02767
G1 X57.424 Y45.434 E.02766
G1 X57.432 Y44.842 E.02004
G1 X60.979 Y44.985 E.12018
G1 X60.975 Y45.438 E.01534
G1 X61.009 Y46.11 E.02278
G1 X61.114 Y46.964 E.02913
M204 S10000
G1 E-.8 F1800
G1 X58.387 Y47.022 Z12.8 F7200
G1 Z12.4
G1 E.8 F1800
M204 S500
;TYPE:Internal solid infill
G1 F1473.915
G1 X60.204 Y46.425 E.06472
G1 X60.156 Y45.788 E.02163
G1 X58.272 Y45.712 E.0638
G1 X58.311 Y46.35 E.02162
G1 X58.383 Y46.982 E.02156
M204 S10000
G1 X58.71 Y46.519 F7200
M204 S500
;WIDTH:0.390532
G1 F1726.062
G1 X59.792 Y46.163 E.03292
G1 X58.667 Y46.106 E.03257
G1 X58.706 Y46.479 E.01086
; stop printing object fidget-finger-massager-2000-roller_round.stl id:15 copy 0
;LAYER_CHANGE
;Z:12.6
;HEIGHT:0.200001
G92 E0
;_SET_FAN_SPEED_CHANGING_LAYER
; printing object fidget-finger-massager-2000-roller_round.stl id:15 copy 0
M204 S10000
G1 E-.8 F1800
G1 X66.249 Y47.646 Z13 F7200
G1 X68.014 Y47.919 Z13
G1 Z12.6
G1 E.8 F1800
M204 S1500
;TYPE:Inner wall
;WIDTH:0.449999
G1 F1473.915
G1 X52.145 Y53.755 E.5723
G1 X51.388 Y51.696 E.07423
G1 X67.256 Y45.861 E.57225
G1 X68 Y47.881 E.07287
M204 S500
G1 X68.564 Y48.173 F7200
;TYPE:Outer wall
G1 F1473.915
G1 X51.891 Y54.305 E.60132
G1 X50.838 Y51.442 E.10324
M73 P43 R11
G1 X67.51 Y45.311 E.60126
G1 X68.55 Y48.135 E.10188
M204 S10000
G1 X67.465 Y47.431 F7200
M204 S500
;TYPE:Sparse infill
;WIDTH:0.45
G1 F1473.913
G1 X67.05 Y46.305 E.0406
G1 X66.648 Y46.453 E.01451
G1 X64.119 Y48.982 E.12108
G1 X62.59 Y49.544 E.05512
M204 S10000
G1 X63.259 Y47.699 F7200
M204 S500
G1 F1473.913
G1 X61.731 Y48.261 E.05512
G1 X59.202 Y50.791 E.12108
G1 X57.673 Y51.353 E.05512
M204 S10000
G1 X58.342 Y49.508 F7200
M204 S500
G1 F1473.913
G1 X56.814 Y50.07 E.05512
G1 X54.284 Y52.599 E.12108
G1 X52.756 Y53.161 E.05512
M204 S10000
G1 E-.8 F1800
G1 X60.285 Y51.91 Z13 F7200
G1 X62.435 Y51.553 Z13
G1 Z12.6
G1 E.8 F1800
M204 S1500
;TYPE:Inner wall
;WIDTH:0.449999
G1 F1473.915
G1 X62.762 Y52.049 E.02009
G1 X63.203 Y52.62 E.02443
G1 X61.223 Y54.447 E.09119
G1 X60.643 Y53.715 E.0316
G1 X60.19 Y53.063 E.02689
G1 X59.897 Y52.589 E.01886
G1 X62.398 Y51.568 E.09143
M204 S500
G1 X62.601 Y51.023 F7200
;TYPE:Outer wall
G1 F1473.915
G1 X63.102 Y51.788 E.03096
G1 X63.799 Y52.653 E.03761
G1 X61.19 Y55.06 E.12018
G1 X60.791 Y54.602 E.02058
G1 X60.199 Y53.827 E.033
G1 X59.819 Y53.277 E.02262
G1 X59.294 Y52.372 E.03542
G1 X62.564 Y51.038 E.11954
M204 S10000
G1 E-.8 F1800
G1 X60.496 Y52.784 Z13 F7200
G1 Z12.6
G1 E.8 F1800
M204 S500
;TYPE:Internal solid infill
G1 F1473.915
G1 X60.885 Y53.35 E.02326
G1 X61.266 Y53.853 E.02134
G1 X62.656 Y52.571 E.064
G1 X62.285 Y52.054 E.02153
G1 X60.533 Y52.769 E.06404
M204 S10000
G1 X61.273 Y52.875 F7200
M204 S500
;WIDTH:0.390908
G1 F1724.197
G1 X61.072 Y52.957 E.00628
G1 X61.312 Y53.297 E.01205
G1 X62.151 Y52.519 E.03311
G1 X61.31 Y52.86 E.02626
M204 S10000
G1 E-.8 F1800
G1 X60.645 Y46.709 Z13 F7200
G1 Z12.6
G1 E.8 F1800
M204 S1500
;TYPE:Inner wall
;WIDTH:0.449999
G1 F1473.915
G1 X58.049 Y47.562 E.09249
G1 X57.963 Y46.999 E.01928
G1 X57.886 Y46.198 E.02725
G1 X57.854 Y45.288 E.03081
G1 X60.546 Y45.396 E.09119
G1 X60.583 Y46.161 E.02593
G1 X60.64 Y46.669 E.0173
M204 S500
G1 X61.119 Y47.004 F7200
;TYPE:Outer wall
G1 F1473.915
G1 X57.73 Y48.118 E.12076
G1 X57.655 Y47.821 E.01036
G1 X57.539 Y47.065 E.02591
G1 X57.459 Y46.251 E.02768
G1 X57.424 Y45.434 E.02767
G1 X57.432 Y44.842 E.02005
G1 X60.979 Y44.985 E.12018
G1 X60.975 Y45.44 E.01541
G1 X61.009 Y46.114 E.02284
G1 X61.114 Y46.964 E.02901
M204 S10000
G1 E-.8 F1800
G1 X58.387 Y47.022 Z13 F7200
G1 Z12.6
G1 E.8 F1800
M204 S500
;TYPE:Internal solid infill
G1 F1473.915
G1 X60.204 Y46.425 E.06472
G1 X60.156 Y45.788 E.02163
G1 X58.272 Y45.712 E.0638
G1 X58.311 Y46.35 E.02162
G1 X58.383 Y46.982 E.02156
M204 S10000
G1 X58.71 Y46.519 F7200
M204 S500
;WIDTH:0.390538
G1 F1726.033
G1 X59.797 Y46.162 E.03307
G1 X58.667 Y46.106 E.0327
G1 X58.706 Y46.479 E.01086
; stop printing object fidget-finger-massager-2000-roller_round.stl id:15 copy 0
;LAYER_CHANGE
;Z:12.8
;HEIGHT:0.2
G92 E0
;_SET_FAN_SPEED_CHANGING_LAYER
; printing object fidget-finger-massager-2000-roller_round.stl id:15 copy 0
M204 S10000
G1 E-.8 F1800
G1 X66.258 Y47.582 Z13.2 F7200
G1 X68.169 Y47.861 Z13.2
G1 Z12.8
G1 E.8 F1800
M204 S1500
;TYPE:Inner wall
;WIDTH:0.449999
G1 F1473.915
G1 X52.076 Y53.78 E.58042
G1 X51.32 Y51.721 E.07423
G1 X67.414 Y45.803 E.58042
G1 X68.155 Y47.824 E.07287
M204 S500
G1 X68.719 Y48.116 F7200
;TYPE:Outer wall
G1 F1473.915
G1 X51.821 Y54.33 E.60943
G1 X50.77 Y51.467 E.10324
G1 X67.668 Y45.252 E.60943
G1 X68.705 Y48.078 E.10188
M204 S10000
G1 X67.564 Y47.215 F7200
M204 S500
;TYPE:Sparse infill
;WIDTH:0.45
G1 F1473.913
G1 X67.208 Y46.247 E.03491
G1 X66.648 Y46.453 E.0202
G1 X64.119 Y48.982 E.12108
G1 X62.59 Y49.544 E.05512
M204 S10000
G1 X63.259 Y47.699 F7200
M204 S500
G1 F1473.913
G1 X61.731 Y48.261 E.05512
G1 X59.202 Y50.791 E.12108
G1 X57.673 Y51.353 E.05512
M204 S10000
G1 X58.342 Y49.508 F7200
M204 S500
G1 F1473.913
G1 X56.814 Y50.07 E.05512
G1 X54.284 Y52.599 E.12108
G1 X52.756 Y53.161 E.05512
M204 S10000
G1 E-.8 F1800
G1 X60.285 Y51.91 Z13.2 F7200
G1 X62.435 Y51.553 Z13.2
G1 Z12.8
G1 E.8 F1800
M204 S1500
;TYPE:Inner wall
;WIDTH:0.449999
G1 F1473.915
G1 X62.762 Y52.049 E.02009
G1 X63.203 Y52.62 E.02442
G1 X61.223 Y54.447 E.09119
G1 X60.642 Y53.715 E.03162
G1 X60.189 Y53.062 E.0269
G1 X59.897 Y52.589 E.01883
G1 X62.398 Y51.568 E.09143
M204 S500
G1 X62.601 Y51.023 F7200
;TYPE:Outer wall
G1 F1473.915
G1 X63.102 Y51.788 E.03097
G1 X63.799 Y52.653 E.0376
M73 P44 R11
G1 X61.19 Y55.06 E.12018
G1 X60.79 Y54.601 E.02059
G1 X60.199 Y53.827 E.03299
G1 X59.818 Y53.276 E.02265
G1 X59.294 Y52.372 E.03539
G1 X62.564 Y51.038 E.11954
M204 S10000
G1 E-.8 F1800
G1 X60.496 Y52.784 Z13.2 F7200
G1 Z12.8
G1 E.8 F1800
M204 S500
;TYPE:Internal solid infill
G1 F1473.915
G1 X60.885 Y53.35 E.02326
G1 X61.266 Y53.853 E.02134
G1 X62.656 Y52.571 E.064
G1 X62.285 Y52.054 E.02153
G1 X60.533 Y52.769 E.06404
M204 S10000
G1 X61.273 Y52.875 F7200
M204 S500
;WIDTH:0.390909
G1 F1724.192
G1 X61.072 Y52.957 E.00628
G1 X61.312 Y53.297 E.01205
G1 X62.151 Y52.519 E.03311
G1 X61.31 Y52.86 E.02626
M204 S10000
G1 E-.8 F1800
G1 X60.645 Y46.709 Z13.2 F7200
G1 Z12.8
G1 E.8 F1800
M204 S1500
;TYPE:Inner wall
;WIDTH:0.449999
G1 F1473.915
G1 X58.049 Y47.562 E.0925
G1 X57.963 Y47 E.01924
G1 X57.886 Y46.198 E.02726
G1 X57.854 Y45.288 E.03084
G1 X60.546 Y45.396 E.09119
G1 X60.584 Y46.165 E.02606
G1 X60.64 Y46.669 E.01717
M204 S500
G1 X61.119 Y47.004 F7200
;TYPE:Outer wall
G1 F1473.915
G1 X57.73 Y48.118 E.12075
G1 X57.655 Y47.821 E.01036
G1 X57.539 Y47.066 E.02587
G1 X57.459 Y46.252 E.02769
G1 X57.424 Y45.434 E.02768
G1 X57.432 Y44.842 E.02006
G1 X60.979 Y44.985 E.12018
G1 X60.975 Y45.442 E.01547
G1 X61.01 Y46.117 E.0229
G1 X61.114 Y46.964 E.02889
M204 S10000
G1 E-.8 F1800
G1 X58.387 Y47.022 Z13.2 F7200
G1 Z12.8
G1 E.8 F1800
M204 S500
;TYPE:Internal solid infill
G1 F1473.915
G1 X60.204 Y46.425 E.06472
G1 X60.156 Y45.788 E.02163
G1 X58.272 Y45.712 E.06381
G1 X58.311 Y46.35 E.02162
G1 X58.383 Y46.982 E.02156
M204 S10000
G1 X58.71 Y46.519 F7200
M204 S500
;WIDTH:0.390541
G1 F1726.018
G1 X59.797 Y46.162 E.03307
G1 X58.667 Y46.106 E.03271
G1 X58.706 Y46.479 E.01086
; stop printing object fidget-finger-massager-2000-roller_round.stl id:15 copy 0
;LAYER_CHANGE
;Z:13
;HEIGHT:0.2
G92 E0
;_SET_FAN_SPEED_CHANGING_LAYER
; printing object fidget-finger-massager-2000-roller_round.stl id:15 copy 0
M204 S10000
G1 E-.8 F1800
G1 X66.266 Y47.528 Z13.4 F7200
G1 X68.306 Y47.811 Z13.4
G1 Z13
G1 E.8 F1800
M204 S1500
;TYPE:Inner wall
;WIDTH:0.449999
G1 F1473.915
G1 X52.052 Y53.789 E.58621
G1 X51.294 Y51.731 E.07423
G1 X67.549 Y45.753 E.58621
G1 X68.292 Y47.774 E.07287
M204 S500
G1 X68.856 Y48.065 F7200
;TYPE:Outer wall
G1 F1473.915
G1 X51.797 Y54.339 E.61523
G1 X50.744 Y51.477 E.10324
G1 X67.803 Y45.203 E.61522
G1 X68.842 Y48.028 E.10188
M204 S10000
G1 X67.65 Y47.03 F7200
M204 S500
;TYPE:Sparse infill
;WIDTH:0.45
G1 F1473.913
G1 X67.343 Y46.197 E.03004
G1 X66.648 Y46.453 E.02507
G1 X64.119 Y48.982 E.12108
G1 X62.59 Y49.544 E.05512
M204 S10000
G1 X63.259 Y47.699 F7200
M204 S500
G1 F1473.913
G1 X61.731 Y48.261 E.05512
G1 X59.202 Y50.791 E.12108
G1 X57.673 Y51.353 E.05512
M204 S10000
G1 X58.342 Y49.508 F7200
M204 S500
G1 F1473.913
G1 X56.814 Y50.07 E.05512
G1 X54.284 Y52.599 E.12108
G1 X52.756 Y53.161 E.05512
M204 S10000
G1 E-.8 F1800
G1 X60.285 Y51.91 Z13.4 F7200
G1 X62.435 Y51.553 Z13.4
G1 Z13
G1 E.8 F1800
M204 S1500
;TYPE:Inner wall
;WIDTH:0.449999
G1 F1473.915
G1 X62.762 Y52.049 E.0201
G1 X63.203 Y52.62 E.02442
G1 X61.223 Y54.447 E.09119
G1 X60.642 Y53.714 E.03164
G1 X60.189 Y53.061 E.02691
G1 X59.897 Y52.589 E.01879
G1 X62.398 Y51.568 E.09143
M204 S500
G1 X62.601 Y51.023 F7200
;TYPE:Outer wall
G1 F1473.915
G1 X63.102 Y51.788 E.03098
G1 X63.799 Y52.653 E.03759
G1 X61.19 Y55.06 E.12018
G1 X60.79 Y54.601 E.0206
G1 X60.199 Y53.827 E.03299
G1 X59.818 Y53.276 E.02268
G1 X59.294 Y52.372 E.03535
G1 X62.564 Y51.038 E.11954
M204 S10000
G1 E-.8 F1800
G1 X60.496 Y52.784 Z13.4 F7200
G1 Z13
G1 E.8 F1800
M204 S500
;TYPE:Internal solid infill
G1 F1473.915
G1 X60.885 Y53.35 E.02326
G1 X61.266 Y53.853 E.02134
G1 X62.656 Y52.571 E.064
G1 X62.285 Y52.054 E.02153
G1 X60.533 Y52.769 E.06403
M204 S10000
G1 X61.273 Y52.875 F7200
M204 S500
;WIDTH:0.390911
G1 F1724.183
G1 X61.072 Y52.957 E.00628
G1 X61.312 Y53.297 E.01205
G1 X62.151 Y52.519 E.0331
G1 X61.31 Y52.86 E.02626
M204 S10000
G1 E-.8 F1800
G1 X60.645 Y46.709 Z13.4 F7200
G1 Z13
G1 E.8 F1800
M204 S1500
;TYPE:Inner wall
;WIDTH:0.449999
G1 F1473.915
G1 X58.049 Y47.562 E.0925
G1 X57.963 Y47.001 E.01921
G1 X57.886 Y46.199 E.02728
G1 X57.855 Y45.288 E.03086
G1 X60.546 Y45.396 E.09119
G1 X60.584 Y46.169 E.02618
G1 X60.64 Y46.669 E.01704
M204 S500
G1 X61.119 Y47.004 F7200
;TYPE:Outer wall
G1 F1473.915
G1 X57.73 Y48.118 E.12075
G1 X57.655 Y47.821 E.01036
G1 X57.539 Y47.067 E.02584
G1 X57.459 Y46.252 E.0277
G1 X57.424 Y45.435 E.0277
G1 X57.432 Y44.842 E.02007
G1 X60.979 Y44.985 E.12018
G1 X60.975 Y45.444 E.01553
G1 X61.01 Y46.121 E.02296
G1 X61.114 Y46.964 E.02877
M204 S10000
G1 E-.8 F1800
G1 X58.387 Y47.022 Z13.4 F7200
G1 Z13
G1 E.8 F1800
M204 S500
;TYPE:Internal solid infill
G1 F1473.915
G1 X60.204 Y46.425 E.06472
G1 X60.156 Y45.788 E.02164
G1 X58.272 Y45.712 E.06381
G1 X58.311 Y46.35 E.02162
G1 X58.383 Y46.982 E.02156
M204 S10000
G1 X58.71 Y46.519 F7200
M204 S500
;WIDTH:0.390546
G1 F1725.993
G1 X59.797 Y46.162 E.03308
G1 X58.667 Y46.106 E.03271
M73 P45 R11
G1 X58.706 Y46.479 E.01086
; stop printing object fidget-finger-massager-2000-roller_round.stl id:15 copy 0
;LAYER_CHANGE
;Z:13.2
;HEIGHT:0.2
G92 E0
;_SET_FAN_SPEED_CHANGING_LAYER
; printing object fidget-finger-massager-2000-roller_round.stl id:15 copy 0
M204 S10000
G1 E-.8 F1800
G1 X66.271 Y47.487 Z13.6 F7200
G1 X68.413 Y47.772 Z13.6
G1 Z13.2
G1 E.8 F1800
M204 S1500
;TYPE:Inner wall
;WIDTH:0.449999
G1 F1473.915
G1 X52.107 Y53.769 E.5881
G1 X51.351 Y51.71 E.07423
G1 X67.656 Y45.714 E.58807
G1 X68.399 Y47.734 E.07287
M204 S500
G1 X68.963 Y48.026 F7200
;TYPE:Outer wall
G1 F1473.915
G1 X51.852 Y54.319 E.61711
G1 X50.801 Y51.456 E.10324
G1 X67.911 Y45.163 E.61707
G1 X68.95 Y47.988 E.10188
M204 S10000
G1 X67.718 Y46.883 F7200
M204 S500
;TYPE:Sparse infill
;WIDTH:0.45
G1 F1473.913
G1 X67.451 Y46.158 E.02616
G1 X66.648 Y46.453 E.02896
G1 X64.119 Y48.982 E.12108
G1 X62.59 Y49.544 E.05512
M204 S10000
G1 X63.259 Y47.699 F7200
M204 S500
G1 F1473.913
G1 X61.731 Y48.261 E.05512
G1 X59.202 Y50.791 E.12108
G1 X57.673 Y51.353 E.05512
M204 S10000
G1 X58.342 Y49.508 F7200
M204 S500
G1 F1473.913
G1 X56.814 Y50.07 E.05512
G1 X54.284 Y52.599 E.12108
G1 X52.756 Y53.161 E.05512
M204 S10000
G1 E-.8 F1800
G1 X60.285 Y51.91 Z13.6 F7200
G1 X62.435 Y51.553 Z13.6
G1 Z13.2
G1 E.8 F1800
M204 S1500
;TYPE:Inner wall
;WIDTH:0.449999
G1 F1473.915
G1 X62.762 Y52.049 E.02011
G1 X63.203 Y52.62 E.02441
G1 X61.223 Y54.447 E.0912
G1 X60.642 Y53.714 E.03167
G1 X60.188 Y53.06 E.02692
G1 X59.897 Y52.589 E.01876
G1 X62.398 Y51.568 E.09143
M204 S500
G1 X62.601 Y51.023 F7200
;TYPE:Outer wall
G1 F1473.915
G1 X63.102 Y51.789 E.03099
G1 X63.799 Y52.653 E.03758
G1 X61.19 Y55.06 E.12018
G1 X60.79 Y54.601 E.02061
G1 X60.199 Y53.827 E.03298
G1 X59.817 Y53.275 E.02271
G1 X59.294 Y52.372 E.03532
G1 X62.564 Y51.038 E.11953
M204 S10000
G1 E-.8 F1800
G1 X60.496 Y52.784 Z13.6 F7200
G1 Z13.2
G1 E.8 F1800
M204 S500
;TYPE:Internal solid infill
G1 F1473.915
G1 X60.885 Y53.35 E.02326
G1 X61.266 Y53.853 E.02135
G1 X62.656 Y52.571 E.064
G1 X62.285 Y52.054 E.02153
G1 X60.533 Y52.769 E.06403
M204 S10000
G1 X61.273 Y52.875 F7200
M204 S500
;WIDTH:0.390913
G1 F1724.173
G1 X61.072 Y52.957 E.00628
G1 X61.312 Y53.297 E.01205
G1 X62.151 Y52.519 E.0331
G1 X61.31 Y52.86 E.02626
M204 S10000
G1 E-.8 F1800
G1 X60.645 Y46.709 Z13.6 F7200
G1 Z13.2
G1 E.8 F1800
M204 S1500
;TYPE:Inner wall
;WIDTH:0.449999
G1 F1473.915
G1 X58.049 Y47.562 E.0925
G1 X57.964 Y47.002 E.01917
G1 X57.886 Y46.199 E.02729
G1 X57.855 Y45.288 E.03088
G1 X60.547 Y45.396 E.0912
G1 X60.584 Y46.173 E.02631
G1 X60.64 Y46.669 E.01691
M204 S500
G1 X61.119 Y47.004 F7200
;TYPE:Outer wall
G1 F1473.915
G1 X57.73 Y48.118 E.12075
G1 X57.655 Y47.821 E.01036
G1 X57.539 Y47.068 E.0258
G1 X57.459 Y46.253 E.02771
G1 X57.424 Y45.435 E.02771
G1 X57.432 Y44.842 E.02009
G1 X60.979 Y44.985 E.12018
G1 X60.975 Y45.445 E.01559
G1 X61.01 Y46.125 E.02302
G1 X61.114 Y46.964 E.02864
M204 S10000
G1 E-.8 F1800
G1 X58.387 Y47.022 Z13.6 F7200
G1 Z13.2
G1 E.8 F1800
M204 S500
;TYPE:Internal solid infill
G1 F1473.915
G1 X60.204 Y46.425 E.06472
G1 X60.156 Y45.788 E.02164
G1 X58.272 Y45.712 E.06381
G1 X58.311 Y46.35 E.02162
G1 X58.383 Y46.982 E.02156
M204 S10000
G1 X58.71 Y46.519 F7200
M204 S500
;WIDTH:0.390549
G1 F1725.978
G1 X59.797 Y46.162 E.03308
G1 X58.667 Y46.106 E.03271
G1 X58.706 Y46.479 E.01086
; stop printing object fidget-finger-massager-2000-roller_round.stl id:15 copy 0
;LAYER_CHANGE
;Z:13.4
;HEIGHT:0.2
G92 E0
;_SET_FAN_SPEED_CHANGING_LAYER
; printing object fidget-finger-massager-2000-roller_round.stl id:15 copy 0
M204 S10000
G1 E-.8 F1800
G1 X66.275 Y47.46 Z13.8 F7200
G1 X68.483 Y47.746 Z13.8
G1 Z13.4
G1 E.8 F1800
M204 S1500
;TYPE:Inner wall
;WIDTH:0.449999
G1 F1473.915
G1 X52.297 Y53.699 E.58373
G1 X51.543 Y51.64 E.07423
G1 X67.726 Y45.688 E.58366
G1 X68.469 Y47.709 E.07287
M204 S500
G1 X69.033 Y48 F7200
;TYPE:Outer wall
G1 F1473.915
G1 X52.043 Y54.249 E.61275
G1 X50.993 Y51.385 E.10324
G1 X67.981 Y45.138 E.61266
G1 X69.019 Y47.963 E.10188
M73 P46 R11
M204 S10000
G1 X67.762 Y46.788 F7200
M204 S500
;TYPE:Sparse infill
;WIDTH:0.45
G1 F1473.913
G1 X67.521 Y46.132 E.02364
G1 X66.648 Y46.453 E.03148
G1 X64.119 Y48.982 E.12108
G1 X62.59 Y49.544 E.05512
M204 S10000
G1 X63.259 Y47.699 F7200
M204 S500
G1 F1473.913
G1 X61.731 Y48.261 E.05512
G1 X59.202 Y50.791 E.12108
G1 X57.673 Y51.353 E.05512
M204 S10000
G1 X58.342 Y49.508 F7200
M204 S500
G1 F1473.913
G1 X56.814 Y50.07 E.05512
G1 X54.284 Y52.599 E.12108
G1 X52.756 Y53.161 E.05512
M204 S10000
G1 E-.8 F1800
G1 X60.285 Y51.91 Z13.8 F7200
G1 X62.435 Y51.553 Z13.8
G1 Z13.4
G1 E.8 F1800
M204 S1500
;TYPE:Inner wall
;WIDTH:0.449999
G1 F1473.915
G1 X62.762 Y52.049 E.02012
G1 X63.203 Y52.62 E.0244
G1 X61.223 Y54.447 E.0912
G1 X60.641 Y53.713 E.03169
G1 X60.188 Y53.059 E.02693
G1 X59.897 Y52.589 E.01872
G1 X62.398 Y51.568 E.09142
M204 S500
G1 X62.601 Y51.023 F7200
;TYPE:Outer wall
G1 F1473.915
G1 X63.103 Y51.789 E.031
G1 X63.799 Y52.653 E.03757
G1 X61.19 Y55.06 E.12018
G1 X60.79 Y54.601 E.02062
G1 X60.199 Y53.827 E.03297
G1 X59.817 Y53.274 E.02274
G1 X59.294 Y52.372 E.03529
G1 X62.564 Y51.038 E.11953
M204 S10000
G1 E-.8 F1800
G1 X60.496 Y52.784 Z13.8 F7200
G1 Z13.4
G1 E.8 F1800
M204 S500
;TYPE:Internal solid infill
G1 F1473.915
G1 X60.885 Y53.35 E.02326
G1 X61.266 Y53.853 E.02135
G1 X62.656 Y52.571 E.06399
G1 X62.285 Y52.054 E.02153
G1 X60.533 Y52.769 E.06403
M204 S10000
G1 X61.273 Y52.875 F7200
M204 S500
;WIDTH:0.390913
G1 F1724.173
G1 X61.072 Y52.957 E.00628
G1 X61.312 Y53.297 E.01205
G1 X62.151 Y52.52 E.0331
G1 X61.31 Y52.86 E.02626
M204 S10000
G1 E-.8 F1800
G1 X60.645 Y46.709 Z13.8 F7200
G1 Z13.4
G1 E.8 F1800
M204 S1500
;TYPE:Inner wall
;WIDTH:0.449999
G1 F1473.915
G1 X58.049 Y47.562 E.09251
G1 X57.964 Y47.003 E.01914
G1 X57.886 Y46.2 E.02731
G1 X57.855 Y45.288 E.0309
G1 X60.547 Y45.396 E.0912
G1 X60.585 Y46.177 E.02644
G1 X60.64 Y46.669 E.01678
M204 S500
G1 X61.119 Y47.004 F7200
;TYPE:Outer wall
G1 F1473.915
G1 X57.73 Y48.118 E.12075
G1 X57.655 Y47.821 E.01036
G1 X57.54 Y47.069 E.02577
G1 X57.459 Y46.254 E.02772
G1 X57.424 Y45.436 E.02772
G1 X57.432 Y44.842 E.0201
G1 X60.979 Y44.985 E.12018
G1 X60.975 Y45.447 E.01565
G1 X61.01 Y46.128 E.02308
G1 X61.114 Y46.964 E.02852
M204 S10000
G1 E-.8 F1800
G1 X58.387 Y47.022 Z13.8 F7200
G1 Z13.4
G1 E.8 F1800
M204 S500
;TYPE:Internal solid infill
G1 F1473.915
G1 X60.204 Y46.425 E.06472
G1 X60.156 Y45.788 E.02164
G1 X58.272 Y45.712 E.06381
G1 X58.311 Y46.35 E.02162
G1 X58.383 Y46.982 E.02156
M204 S10000
G1 X58.71 Y46.519 F7200
M204 S500
;WIDTH:0.390552
G1 F1725.963
G1 X59.797 Y46.162 E.03309
G1 X58.667 Y46.106 E.03271
G1 X58.706 Y46.479 E.01086
; stop printing object fidget-finger-massager-2000-roller_round.stl id:15 copy 0
;LAYER_CHANGE
;Z:13.6
;HEIGHT:0.200001
G92 E0
;_SET_FAN_SPEED_CHANGING_LAYER
; printing object fidget-finger-massager-2000-roller_round.stl id:15 copy 0
M204 S10000
G1 E-.8 F1800
G1 X66.276 Y47.454 Z14 F7200
G1 X68.499 Y47.74 Z14
G1 Z13.6
G1 E.8 F1800
M204 S1500
;TYPE:Inner wall
;WIDTH:0.449999
G1 F1473.915
G1 X52.791 Y53.517 E.5665
G1 X52.028 Y51.461 E.07423
G1 X67.741 Y45.682 E.56669
G1 X68.485 Y47.703 E.07287
M204 S500
G1 X69.049 Y47.995 F7200
;TYPE:Outer wall
G1 F1473.915
G1 X52.538 Y54.067 E.59548
G1 X51.477 Y51.207 E.10324
G1 X67.995 Y45.132 E.59574
G1 X69.035 Y47.957 E.10188
M204 S10000
G1 E-.8 F1800
G1 X67.661 Y46.466 Z14 F7200
G1 Z13.6
G1 E.8 F1800
M204 S500
;TYPE:Sparse infill
;WIDTH:0.45
G1 F1473.913
G1 X67.536 Y46.126 E.01223
G1 X66.347 Y46.564 E.04288
G1 X65.896 Y47.664 E.04023
G1 X65.438 Y48.122 E.02195
G1 X63.883 Y48.759 E.05686
G1 X63.415 Y49.241 E.02274
G1 X59.754 Y50.587 E.13202
G1 X60.316 Y49.218 E.0501
G1 X60.774 Y48.759 E.02195
G1 X62.329 Y48.122 E.05686
G1 X62.456 Y47.995 E.00611
G1 X63.985 Y47.433 E.05512
M204 S10000
G1 E-.8 F1800
G1 X56.821 Y50.067 Z14 F7200
G1 X55.337 Y50.613 Z14
G1 Z13.6
G1 E.8 F1800
M204 S500
G1 F1473.913
G1 X56.866 Y50.051 E.05512
G1 X56.57 Y50.772 E.0264
G1 X56.111 Y51.231 E.02195
G1 X54.557 Y51.868 E.05686
G1 X54.098 Y52.327 E.02195
G1 X53.934 Y52.728 E.01469
G1 X52.995 Y53.073 E.03384
G1 X52.777 Y52.484 E.02127
M204 S10000
G1 E-.8 F1800
G1 X60.374 Y51.752 Z14 F7200
G1 X62.435 Y51.553 Z14
G1 Z13.6
G1 E.8 F1800
M204 S1500
;TYPE:Inner wall
;WIDTH:0.449999
G1 F1473.915
G1 X62.763 Y52.049 E.02012
G1 X63.203 Y52.62 E.0244
G1 X61.223 Y54.447 E.0912
G1 X60.641 Y53.712 E.03171
G1 X60.187 Y53.058 E.02694
G1 X59.897 Y52.589 E.01869
G1 X62.398 Y51.568 E.09142
M204 S500
G1 X62.601 Y51.023 F7200
;TYPE:Outer wall
G1 F1473.915
G1 X63.103 Y51.789 E.03101
G1 X63.799 Y52.653 E.03756
M73 P47 R11
G1 X61.19 Y55.06 E.12018
M73 P47 R10
G1 X60.789 Y54.6 E.02064
G1 X60.198 Y53.827 E.03296
G1 X59.816 Y53.273 E.02277
G1 X59.294 Y52.372 E.03525
G1 X62.564 Y51.038 E.11953
M204 S10000
G1 E-.8 F1800
G1 X60.496 Y52.784 Z14 F7200
G1 Z13.6
G1 E.8 F1800
M204 S500
;TYPE:Internal solid infill
G1 F1473.915
G1 X60.885 Y53.35 E.02326
G1 X61.266 Y53.853 E.02135
G1 X62.656 Y52.571 E.06399
G1 X62.285 Y52.054 E.02153
G1 X60.533 Y52.769 E.06403
M204 S10000
G1 X61.273 Y52.875 F7200
M204 S500
;WIDTH:0.390915
G1 F1724.163
G1 X61.072 Y52.957 E.00628
G1 X61.312 Y53.297 E.01205
G1 X62.151 Y52.52 E.03309
G1 X61.31 Y52.86 E.02625
M204 S10000
G1 E-.8 F1800
G1 X60.645 Y46.709 Z14 F7200
G1 Z13.6
G1 E.8 F1800
M204 S1500
;TYPE:Inner wall
;WIDTH:0.449999
G1 F1473.915
G1 X58.049 Y47.562 E.09251
G1 X57.964 Y47.004 E.0191
G1 X57.886 Y46.201 E.02732
G1 X57.855 Y45.288 E.03092
G1 X60.547 Y45.396 E.0912
G1 X60.585 Y46.18 E.02657
G1 X60.641 Y46.669 E.01665
M204 S500
G1 X61.119 Y47.004 F7200
;TYPE:Outer wall
G1 F1473.915
G1 X57.73 Y48.118 E.12075
G1 X57.655 Y47.821 E.01036
G1 X57.54 Y47.07 E.02573
G1 X57.459 Y46.254 E.02774
G1 X57.424 Y45.436 E.02773
G1 X57.432 Y44.842 E.02011
G1 X60.979 Y44.985 E.12018
G1 X60.975 Y45.449 E.01572
G1 X61.011 Y46.132 E.02314
G1 X61.114 Y46.964 E.0284
M204 S10000
G1 E-.8 F1800
G1 X58.387 Y47.022 Z14 F7200
G1 Z13.6
G1 E.8 F1800
M204 S500
;TYPE:Internal solid infill
G1 F1473.915
G1 X60.204 Y46.425 E.06472
G1 X60.156 Y45.788 E.02164
G1 X58.272 Y45.712 E.06381
G1 X58.311 Y46.35 E.02162
G1 X58.383 Y46.982 E.02156
M204 S10000
G1 X58.71 Y46.519 F7200
M204 S500
;WIDTH:0.390558
G1 F1725.933
G1 X59.797 Y46.162 E.03309
G1 X58.667 Y46.106 E.03272
G1 X58.706 Y46.479 E.01086
; stop printing object fidget-finger-massager-2000-roller_round.stl id:15 copy 0
;LAYER_CHANGE
;Z:13.8
;HEIGHT:0.2
G92 E0
;_SET_FAN_SPEED_CHANGING_LAYER
; printing object fidget-finger-massager-2000-roller_round.stl id:15 copy 0
M204 S10000
G1 E-.8 F1800
G1 X66.272 Y47.48 Z14.2 F7200
G1 X68.431 Y47.765 Z14.2
G1 Z13.8
G1 E.8 F1800
M204 S1500
;TYPE:Inner wall
;WIDTH:0.449999
G1 F1473.915
G1 X53.332 Y53.318 E.54455
G1 X52.575 Y51.26 E.07423
G1 X67.674 Y45.707 E.54454
G1 X68.417 Y47.728 E.07287
M204 S500
G1 X68.981 Y48.019 F7200
;TYPE:Outer wall
G1 F1473.915
G1 X53.078 Y53.868 E.57356
G1 X52.025 Y51.006 E.10324
G1 X67.928 Y45.157 E.57355
G1 X68.968 Y47.982 E.10188
M204 S10000
G1 E-.8 F1800
G1 X67.565 Y46.413 Z14.2 F7200
G1 Z13.8
G1 E.8 F1800
M204 S500
;TYPE:Sparse infill
;WIDTH:0.45
G1 F1473.913
G1 X67.469 Y46.151 E.00945
G1 X66.203 Y46.617 E.04567
G1 X66.25 Y47.664 E.03547
G1 X65.438 Y48.476 E.03888
G1 X63.883 Y48.406 E.05267
G1 X63.071 Y49.218 E.03888
G1 X63.078 Y49.365 E.00499
G1 X60.019 Y50.49 E.11029
G1 X59.962 Y49.218 E.0431
G1 X60.446 Y48.734 E.02318
G1 X61.277 Y48.428 E.02995
G1 X62.329 Y48.476 E.03564
G1 X63.016 Y47.789 E.03288
G1 X64.544 Y47.227 E.05512
M204 S10000
G1 E-.8 F1800
G1 X57.38 Y49.861 Z14.2 F7200
G1 X55.362 Y50.604 Z14.2
G1 Z13.8
G1 E.8 F1800
M204 S500
G1 F1473.913
G1 X56.89 Y50.042 E.05512
G1 X56.923 Y50.772 E.02476
G1 X56.111 Y51.584 E.03888
G1 X54.557 Y51.515 E.05267
G1 X53.745 Y52.327 E.03888
G1 X53.766 Y52.79 E.0157
G1 X53.538 Y52.874 E.00822
G1 X53.059 Y51.574 E.04689
M204 S10000
G1 E-.8 F1800
G1 X60.692 Y51.557 Z14.2 F7200
G1 X62.435 Y51.553 Z14.2
G1 Z13.8
G1 E.8 F1800
M204 S1500
;TYPE:Inner wall
;WIDTH:0.449999
G1 F1473.915
G1 X62.763 Y52.049 E.02013
G1 X63.203 Y52.62 E.02439
G1 X61.223 Y54.447 E.0912
G1 X60.64 Y53.712 E.03174
G1 X60.187 Y53.058 E.02695
G1 X59.897 Y52.589 E.01866
G1 X62.398 Y51.568 E.09142
M204 S500
G1 X62.601 Y51.023 F7200
;TYPE:Outer wall
G1 F1473.915
G1 X63.103 Y51.789 E.03102
G1 X63.799 Y52.653 E.03755
G1 X61.19 Y55.06 E.12018
G1 X60.789 Y54.6 E.02065
G1 X60.198 Y53.827 E.03295
G1 X59.816 Y53.272 E.0228
G1 X59.294 Y52.372 E.03522
G1 X62.564 Y51.038 E.11953
M204 S10000
G1 E-.8 F1800
G1 X60.496 Y52.784 Z14.2 F7200
G1 Z13.8
G1 E.8 F1800
M204 S500
;TYPE:Internal solid infill
G1 F1473.915
G1 X60.885 Y53.35 E.02326
G1 X61.266 Y53.853 E.02135
G1 X62.656 Y52.571 E.06399
G1 X62.284 Y52.054 E.02153
G1 X60.533 Y52.769 E.06402
M204 S10000
G1 X61.273 Y52.875 F7200
M204 S500
;WIDTH:0.390916
G1 F1724.158
G1 X61.072 Y52.957 E.00628
G1 X61.312 Y53.297 E.01205
G1 X62.151 Y52.52 E.03309
G1 X61.31 Y52.86 E.02625
M204 S10000
G1 E-.8 F1800
G1 X60.645 Y46.709 Z14.2 F7200
G1 Z13.8
G1 E.8 F1800
M204 S1500
;TYPE:Inner wall
;WIDTH:0.449999
G1 F1473.915
G1 X58.049 Y47.562 E.09251
G1 X57.964 Y47.005 E.01907
G1 X57.886 Y46.201 E.02733
G1 X57.855 Y45.288 E.03094
G1 X60.547 Y45.396 E.0912
G1 X60.585 Y46.184 E.0267
G1 X60.641 Y46.669 E.01652
M204 S500
G1 X61.119 Y47.004 F7200
;TYPE:Outer wall
G1 F1473.915
G1 X57.73 Y48.118 E.12075
G1 X57.655 Y47.821 E.01036
G1 X57.54 Y47.071 E.0257
G1 X57.459 Y46.255 E.02775
G1 X57.424 Y45.436 E.02774
G1 X57.432 Y44.842 E.02012
G1 X60.979 Y44.985 E.12018
G1 X60.975 Y45.451 E.01578
G1 X61.011 Y46.136 E.02321
G1 X61.114 Y46.964 E.02827
M204 S10000
G1 E-.8 F1800
G1 X58.387 Y47.022 Z14.2 F7200
G1 Z13.8
M73 P48 R10
G1 E.8 F1800
M204 S500
;TYPE:Internal solid infill
G1 F1473.915
G1 X60.204 Y46.425 E.06472
G1 X60.156 Y45.788 E.02164
G1 X58.272 Y45.712 E.06381
G1 X58.311 Y46.35 E.02162
G1 X58.383 Y46.982 E.02156
M204 S10000
G1 X58.71 Y46.519 F7200
M204 S500
;WIDTH:0.390562
G1 F1725.913
G1 X59.797 Y46.162 E.03309
G1 X58.667 Y46.106 E.03272
G1 X58.706 Y46.479 E.01086
; stop printing object fidget-finger-massager-2000-roller_round.stl id:15 copy 0
;LAYER_CHANGE
;Z:14
;HEIGHT:0.2
G92 E0
;_SET_FAN_SPEED_CHANGING_LAYER
; printing object fidget-finger-massager-2000-roller_round.stl id:15 copy 0
M204 S10000
G1 E-.8 F1800
G1 X66.261 Y47.561 Z14.4 F7200
G1 X68.224 Y47.841 Z14.4
G1 Z14
G1 E.8 F1800
M204 S1500
;TYPE:Inner wall
;WIDTH:0.449999
G1 F1473.915
G1 X53.421 Y53.285 E.53384
G1 X52.664 Y51.227 E.07423
G1 X67.469 Y45.782 E.53392
G1 X68.21 Y47.804 E.07287
M204 S500
G1 X68.773 Y48.096 F7200
;TYPE:Outer wall
G1 F1473.915
G1 X53.167 Y53.835 E.56284
G1 X52.114 Y50.973 E.10324
G1 X67.724 Y45.232 E.56295
G1 X68.759 Y48.058 E.10188
M204 S10000
G1 X67.429 Y46.68 F7200
M204 S500
;TYPE:Sparse infill
;WIDTH:0.45
G1 F1473.913
G1 X67.263 Y46.227 E.01635
G1 X66.188 Y46.622 E.03876
G1 X66.292 Y47.664 E.03543
G1 X66.672 Y48.043 E.01818
G1 X65.393 Y48.514 E.04615
G1 X63.883 Y48.363 E.05135
G1 X63.23 Y47.71 E.03126
G1 X64.758 Y47.148 E.05512
M204 S10000
G1 X64.572 Y48.816 F7200
M204 S500
G1 F1473.913
G1 X63.044 Y49.378 E.05512
G1 X63.028 Y49.218 E.00543
G1 X62.329 Y48.518 E.03349
G1 X61.309 Y48.417 E.03469
G1 X59.707 Y49.006 E.05777
G1 X59.92 Y49.218 E.01016
G1 X60.046 Y50.48 E.04294
G1 X61.574 Y49.918 E.05512
M204 S10000
G1 E-.8 F1800
G1 X58.421 Y49.479 Z14.4 F7200
G1 Z14
G1 E.8 F1800
M204 S500
G1 F1473.913
G1 X56.893 Y50.041 E.05512
G1 X56.966 Y50.772 E.02489
G1 X57.581 Y51.387 E.02942
G1 X56.331 Y51.847 E.04508
G1 X56.111 Y51.627 E.0105
G1 X54.557 Y51.472 E.05288
G1 X54.139 Y51.054 E.02002
G1 X53.109 Y51.432 E.03714
G1 X53.284 Y51.908 E.01717
G1 X53.702 Y52.327 E.02002
G1 X53.749 Y52.796 E.01597
G1 X55.277 Y52.234 E.05512
M204 S10000
G1 E-.8 F1800
G1 X62.435 Y51.553 Z14.4 F7200
G1 Z14
G1 E.8 F1800
M204 S1500
;TYPE:Inner wall
;WIDTH:0.449999
G1 F1473.915
G1 X62.763 Y52.05 E.02014
G1 X63.203 Y52.62 E.02438
G1 X61.223 Y54.447 E.0912
G1 X60.64 Y53.711 E.03176
G1 X60.186 Y53.057 E.02697
G1 X59.897 Y52.589 E.01862
G1 X62.398 Y51.568 E.09142
M204 S500
G1 X62.601 Y51.023 F7200
;TYPE:Outer wall
G1 F1473.915
G1 X63.103 Y51.789 E.03103
G1 X63.799 Y52.653 E.03754
G1 X61.19 Y55.06 E.12018
G1 X60.789 Y54.6 E.02066
G1 X60.198 Y53.826 E.03294
G1 X59.815 Y53.271 E.02284
G1 X59.294 Y52.372 E.03519
G1 X62.564 Y51.038 E.11953
M204 S10000
G1 E-.8 F1800
G1 X60.496 Y52.784 Z14.4 F7200
G1 Z14
G1 E.8 F1800
M204 S500
;TYPE:Internal solid infill
G1 F1473.915
G1 X60.885 Y53.35 E.02326
G1 X61.266 Y53.853 E.02135
G1 X62.656 Y52.571 E.06399
G1 X62.284 Y52.054 E.02154
G1 X60.533 Y52.769 E.06402
M204 S10000
G1 X61.273 Y52.875 F7200
M204 S500
;WIDTH:0.390918
G1 F1724.148
G1 X61.072 Y52.957 E.00628
G1 X61.312 Y53.297 E.01205
G1 X62.151 Y52.52 E.03309
G1 X61.31 Y52.86 E.02625
M204 S10000
G1 E-.8 F1800
G1 X60.645 Y46.709 Z14.4 F7200
G1 Z14
G1 E.8 F1800
M204 S1500
;TYPE:Inner wall
;WIDTH:0.449999
G1 F1473.915
G1 X58.049 Y47.562 E.09252
G1 X57.964 Y47.006 E.01903
G1 X57.886 Y46.202 E.02735
G1 X57.855 Y45.288 E.03097
G1 X60.547 Y45.396 E.0912
G1 X60.586 Y46.188 E.02683
G1 X60.641 Y46.669 E.01639
M204 S500
G1 X61.119 Y47.004 F7200
;TYPE:Outer wall
G1 F1473.915
G1 X57.73 Y48.118 E.12075
G1 X57.655 Y47.821 E.01036
G1 X57.54 Y47.072 E.02566
G1 X57.459 Y46.256 E.02776
G1 X57.424 Y45.437 E.02775
G1 X57.432 Y44.842 E.02013
G1 X60.979 Y44.985 E.12018
G1 X60.975 Y45.453 E.01584
G1 X61.011 Y46.139 E.02327
G1 X61.114 Y46.965 E.02815
M204 S10000
G1 E-.8 F1800
G1 X58.387 Y47.022 Z14.4 F7200
G1 Z14
G1 E.8 F1800
M204 S500
;TYPE:Internal solid infill
G1 F1473.915
G1 X60.204 Y46.425 E.06472
G1 X60.156 Y45.788 E.02164
G1 X58.272 Y45.712 E.06381
G1 X58.311 Y46.35 E.02162
G1 X58.383 Y46.982 E.02156
M204 S10000
G1 X58.71 Y46.519 F7200
M204 S500
;WIDTH:0.390565
G1 F1725.899
G1 X59.798 Y46.162 E.0331
G1 X58.667 Y46.106 E.03272
G1 X58.706 Y46.479 E.01086
; stop printing object fidget-finger-massager-2000-roller_round.stl id:15 copy 0
;LAYER_CHANGE
;Z:14.2
;HEIGHT:0.2
G92 E0
;_SET_FAN_SPEED_CHANGING_LAYER
; printing object fidget-finger-massager-2000-roller_round.stl id:15 copy 0
M204 S10000
G1 X60.645 Y46.709 Z14.2 F7200
M204 S1500
;TYPE:Inner wall
;WIDTH:0.449999
G1 F1473.915
G1 X58.049 Y47.562 E.09252
G1 X57.964 Y47.007 E.019
G1 X57.886 Y46.203 E.02736
G1 X57.855 Y45.288 E.03099
G1 X60.547 Y45.396 E.0912
G1 X60.586 Y46.192 E.02696
G1 X60.641 Y46.669 E.01626
M204 S500
G1 X61.119 Y47.004 F7200
;TYPE:Outer wall
G1 F1473.915
G1 X57.73 Y48.118 E.12074
G1 X57.655 Y47.821 E.01036
G1 X57.54 Y47.073 E.02563
G1 X57.459 Y46.256 E.02777
G1 X57.424 Y45.437 E.02776
G1 X57.432 Y44.842 E.02015
G1 X60.979 Y44.985 E.12018
G1 X60.975 Y45.455 E.0159
G1 X61.012 Y46.143 E.02333
G1 X61.114 Y46.965 E.02803
M204 S10000
G1 E-.8 F1800
G1 X58.387 Y47.022 Z14.6 F7200
G1 Z14.2
G1 E.8 F1800
M204 S500
;TYPE:Internal solid infill
G1 F1473.915
G1 X60.204 Y46.425 E.06471
G1 X60.156 Y45.788 E.02164
G1 X58.272 Y45.712 E.06381
G1 X58.311 Y46.35 E.02162
G1 X58.383 Y46.982 E.02156
M204 S10000
G1 X58.71 Y46.519 F7200
M204 S500
;WIDTH:0.390568
G1 F1725.884
G1 X59.798 Y46.162 E.0331
G1 X58.667 Y46.106 E.03272
G1 X58.706 Y46.479 E.01086
M204 S10000
G1 E-.8 F1800
G1 X62.435 Y51.553 Z14.6 F7200
G1 Z14.2
G1 E.8 F1800
M204 S1500
;TYPE:Inner wall
;WIDTH:0.449999
G1 F1473.915
G1 X62.763 Y52.05 E.02014
G1 X63.203 Y52.62 E.02438
M73 P49 R10
G1 X61.223 Y54.447 E.0912
G1 X60.64 Y53.711 E.03178
G1 X60.186 Y53.056 E.02698
G1 X59.897 Y52.589 E.01859
G1 X62.398 Y51.568 E.09141
M204 S500
G1 X62.601 Y51.023 F7200
;TYPE:Outer wall
G1 F1473.915
G1 X63.104 Y51.79 E.03104
G1 X63.799 Y52.653 E.03753
G1 X61.19 Y55.06 E.12018
G1 X60.789 Y54.6 E.02068
G1 X60.198 Y53.826 E.03293
G1 X59.814 Y53.271 E.02287
G1 X59.294 Y52.372 E.03515
G1 X62.564 Y51.038 E.11953
M204 S10000
G1 E-.8 F1800
G1 X60.496 Y52.784 Z14.6 F7200
G1 Z14.2
G1 E.8 F1800
M204 S500
;TYPE:Internal solid infill
G1 F1473.915
G1 X60.885 Y53.35 E.02326
G1 X61.266 Y53.853 E.02135
G1 X62.656 Y52.571 E.06399
G1 X62.284 Y52.054 E.02154
G1 X60.533 Y52.769 E.06402
M204 S10000
G1 X61.273 Y52.875 F7200
M204 S500
;WIDTH:0.39092
G1 F1724.138
G1 X61.072 Y52.957 E.00628
G1 X61.312 Y53.297 E.01205
G1 X62.15 Y52.52 E.03309
G1 X61.31 Y52.86 E.02625
M204 S10000
G1 E-.8 F1800
G1 X67.405 Y48.266 Z14.6 F7200
G1 X67.726 Y48.025 Z14.6
G1 Z14.2
G1 E.8 F1800
M204 S1500
;TYPE:Inner wall
;WIDTH:0.449999
G1 F1473.915
G1 X53.519 Y53.249 E.51237
G1 X52.762 Y51.191 E.07423
G1 X66.959 Y45.97 E.51201
G1 X67.712 Y47.987 E.07287
M204 S500
G1 X68.278 Y48.278 F7200
;TYPE:Outer wall
G1 F1473.915
G1 X53.265 Y53.8 E.54146
G1 X52.212 Y50.937 E.10324
G1 X67.211 Y45.421 E.54095
G1 X68.264 Y48.241 E.10189
M204 S10000
G1 X67.076 Y47.274 F7200
M204 S500
;TYPE:Sparse infill
;WIDTH:0.45
G1 F1473.913
G1 X66.755 Y46.414 E.03108
G1 X66.088 Y46.659 E.02404
G1 X66.646 Y47.664 E.03889
G1 X66.931 Y47.948 E.01363
G1 X65.032 Y48.647 E.06849
G1 X63.883 Y48.01 E.04445
G1 X63.537 Y47.664 E.01656
G1 X63.507 Y47.608 E.00214
G1 X65.035 Y47.046 E.05512
M204 S10000
G1 X64.339 Y48.901 F7200
M204 S500
G1 F1473.913
G1 X62.811 Y49.463 E.05512
G1 X62.675 Y49.218 E.0095
G1 X62.329 Y48.872 E.01656
G1 X61.429 Y48.373 E.03484
G1 X59.449 Y49.101 E.07141
G1 X59.566 Y49.218 E.00561
G1 X60.229 Y50.413 E.04626
G1 X61.757 Y49.851 E.05512
M204 S10000
G1 E-.8 F1800
G1 X58.438 Y49.472 Z14.6 F7200
G1 Z14.2
G1 E.8 F1800
M204 S500
G1 F1473.913
G1 X56.91 Y50.034 E.05512
G1 X57.32 Y50.772 E.02857
G1 X57.666 Y51.118 E.01656
G1 X57.923 Y51.261 E.00996
G1 X56.053 Y51.949 E.06742
G1 X54.557 Y51.118 E.05793
G1 X54.397 Y50.959 E.00765
G1 X53.206 Y51.397 E.04295
G1 X53.33 Y51.734 E.01216
; stop printing object fidget-finger-massager-2000-roller_round.stl id:15 copy 0
M106 S247
;LAYER_CHANGE
;Z:14.4
;HEIGHT:0.2
G92 E0
;_SET_FAN_SPEED_CHANGING_LAYER
; printing object fidget-finger-massager-2000-roller_round.stl id:15 copy 0
M204 S10000
G1 E-.8 F1800
G1 X59.621 Y47.412 Z14.8 F7200
G1 X60.645 Y46.709 Z14.8
G1 Z14.4
G1 E.8 F1800
M204 S1500
;TYPE:Inner wall
;WIDTH:0.449999
G1 F1473.915
G1 X58.049 Y47.562 E.09252
G1 X57.964 Y47.008 E.01896
G1 X57.886 Y46.203 E.02737
G1 X57.855 Y45.288 E.03101
G1 X60.547 Y45.396 E.0912
G1 X60.586 Y46.195 E.02708
G1 X60.641 Y46.669 E.01613
M204 S500
G1 X61.119 Y47.004 F7200
;TYPE:Outer wall
G1 F1473.915
G1 X57.73 Y48.118 E.12074
G1 X57.655 Y47.821 E.01036
G1 X57.54 Y47.074 E.02559
G1 X57.459 Y46.257 E.02778
G1 X57.424 Y45.437 E.02777
G1 X57.432 Y44.842 E.02016
G1 X60.979 Y44.985 E.12018
G1 X60.975 Y45.456 E.01596
G1 X61.012 Y46.146 E.02339
G1 X61.114 Y46.965 E.02791
M204 S10000
G1 E-.8 F1800
G1 X58.387 Y47.022 Z14.8 F7200
G1 Z14.4
G1 E.8 F1800
M204 S500
;TYPE:Internal solid infill
G1 F1473.915
G1 X60.204 Y46.425 E.06471
G1 X60.156 Y45.788 E.02164
G1 X58.272 Y45.712 E.06381
G1 X58.311 Y46.35 E.02162
G1 X58.383 Y46.982 E.02156
M204 S10000
G1 X58.71 Y46.519 F7200
M204 S500
;WIDTH:0.390573
G1 F1725.859
G1 X59.798 Y46.162 E.0331
G1 X58.667 Y46.106 E.03273
G1 X58.706 Y46.479 E.01086
M204 S10000
G1 E-.8 F1800
G1 X62.435 Y51.553 Z14.8 F7200
G1 Z14.4
G1 E.8 F1800
M204 S1500
;TYPE:Inner wall
;WIDTH:0.449999
G1 F1473.915
G1 X62.763 Y52.05 E.02015
G1 X63.203 Y52.62 E.02437
G1 X61.223 Y54.447 E.0912
G1 X60.639 Y53.71 E.0318
G1 X60.185 Y53.055 E.02699
G1 X59.897 Y52.589 E.01855
G1 X62.398 Y51.569 E.09141
M204 S500
G1 X62.601 Y51.023 F7200
;TYPE:Outer wall
G1 F1473.915
G1 X63.104 Y51.79 E.03105
G1 X63.799 Y52.653 E.03752
G1 X61.19 Y55.06 E.12018
G1 X60.789 Y54.599 E.02069
G1 X60.198 Y53.826 E.03292
G1 X59.814 Y53.27 E.0229
G1 X59.294 Y52.372 E.03512
G1 X62.564 Y51.038 E.11953
M204 S10000
G1 E-.8 F1800
G1 X60.496 Y52.784 Z14.8 F7200
G1 Z14.4
G1 E.8 F1800
M204 S500
;TYPE:Internal solid infill
G1 F1473.915
G1 X60.885 Y53.35 E.02326
G1 X61.266 Y53.853 E.02135
G1 X62.656 Y52.571 E.06399
G1 X62.284 Y52.054 E.02154
G1 X60.533 Y52.769 E.06402
M204 S10000
G1 X61.273 Y52.875 F7200
M204 S500
;WIDTH:0.39092
G1 F1724.138
G1 X61.072 Y52.957 E.00628
G1 X61.312 Y53.297 E.01205
G1 X62.15 Y52.52 E.03308
G1 X61.31 Y52.86 E.02624
M204 S10000
G1 E-.8 F1800
G1 X67.129 Y48.244 Z14.8 F7200
G1 Z14.4
G1 E.8 F1800
M204 S1500
;TYPE:Inner wall
;WIDTH:0.449999
G1 F1473.915
G1 X53.619 Y53.212 E.48722
G1 X52.862 Y51.154 E.07423
G1 X66.372 Y46.186 E.48722
G1 X67.115 Y48.206 E.07287
M73 P50 R10
M204 S500
G1 X67.679 Y48.498 F7200
;TYPE:Outer wall
G1 F1473.915
G1 X53.365 Y53.763 E.51624
G1 X52.312 Y50.9 E.10324
G1 X66.626 Y45.636 E.51624
G1 X67.665 Y48.461 E.10188
M204 S10000
G1 X66.236 Y48.204 F7200
M204 S500
;TYPE:Sparse infill
;WIDTH:0.45
G1 F1473.913
G1 X66.685 Y48.039 E.0162
G1 X66.288 Y46.96 E.03892
G1 X66.014 Y46.686 E.01309
G1 X63.742 Y47.522 E.08197
G1 X64.911 Y48.691 E.05597
G1 X62.638 Y49.527 E.08197
G1 X61.469 Y48.358 E.05597
G1 X59.196 Y49.194 E.08197
G1 X60.365 Y50.363 E.05597
G1 X58.092 Y51.199 E.08197
G1 X56.923 Y50.03 E.05597
G1 X54.65 Y50.866 E.08197
G1 X55.819 Y52.035 E.05597
G1 X54.291 Y52.597 E.05512
; stop printing object fidget-finger-massager-2000-roller_round.stl id:15 copy 0
;LAYER_CHANGE
;Z:14.6
;HEIGHT:0.200001
G92 E0
;_SET_FAN_SPEED_CHANGING_LAYER
; printing object fidget-finger-massager-2000-roller_round.stl id:15 copy 0
M204 S10000
G1 E-.8 F1800
G1 X59.889 Y47.409 Z15 F7200
G1 X60.645 Y46.709 Z15
G1 Z14.6
G1 E.8 F1800
M204 S1500
;TYPE:Inner wall
;WIDTH:0.449999
G1 F1473.915
G1 X58.049 Y47.562 E.09253
G1 X57.964 Y47.009 E.01893
G1 X57.886 Y46.204 E.02739
G1 X57.855 Y45.288 E.03103
G1 X60.547 Y45.396 E.09121
G1 X60.587 Y46.199 E.02721
G1 X60.641 Y46.669 E.016
M204 S500
G1 X61.119 Y47.004 F7200
;TYPE:Outer wall
G1 F1473.915
G1 X57.73 Y48.118 E.12074
G1 X57.655 Y47.821 E.01036
G1 X57.54 Y47.075 E.02556
G1 X57.459 Y46.258 E.02779
G1 X57.424 Y45.438 E.02779
G1 X57.432 Y44.842 E.02017
G1 X60.979 Y44.985 E.12018
G1 X60.975 Y45.458 E.01602
G1 X61.012 Y46.15 E.02345
G1 X61.114 Y46.965 E.02778
M204 S10000
G1 E-.8 F1800
G1 X58.387 Y47.022 Z15 F7200
G1 Z14.6
G1 E.8 F1800
M204 S500
;TYPE:Internal solid infill
G1 F1473.915
G1 X60.204 Y46.425 E.06471
G1 X60.156 Y45.788 E.02164
G1 X58.272 Y45.712 E.06381
G1 X58.295 Y46.212 E.01695
G1 X58.383 Y46.983 E.02624
M204 S10000
G1 X58.71 Y46.519 F7200
M204 S500
;WIDTH:0.390577
G1 F1725.839
G1 X59.798 Y46.161 E.03311
G1 X58.667 Y46.106 E.03273
G1 X58.706 Y46.479 E.01086
M204 S10000
G1 E-.8 F1800
G1 X62.435 Y51.553 Z15 F7200
G1 Z14.6
G1 E.8 F1800
M204 S1500
;TYPE:Inner wall
;WIDTH:0.449999
G1 F1473.915
G1 X62.763 Y52.05 E.02016
G1 X63.203 Y52.62 E.02436
G1 X61.223 Y54.447 E.09121
G1 X60.639 Y53.71 E.03182
G1 X60.184 Y53.054 E.027
G1 X59.897 Y52.589 E.01852
G1 X62.398 Y51.569 E.09141
M204 S500
G1 X62.601 Y51.023 F7200
;TYPE:Outer wall
G1 F1473.915
G1 X63.104 Y51.79 E.03105
G1 X63.799 Y52.653 E.03751
G1 X61.19 Y55.06 E.12018
G1 X60.788 Y54.599 E.0207
G1 X60.198 Y53.826 E.03291
G1 X59.813 Y53.269 E.02293
G1 X59.294 Y52.372 E.03509
G1 X62.564 Y51.038 E.11953
M204 S10000
G1 E-.8 F1800
G1 X60.496 Y52.784 Z15 F7200
G1 Z14.6
G1 E.8 F1800
M204 S500
;TYPE:Internal solid infill
G1 F1473.915
G1 X60.885 Y53.35 E.02326
G1 X61.266 Y53.853 E.02135
G1 X62.656 Y52.571 E.06398
G1 X62.284 Y52.054 E.02154
G1 X60.533 Y52.769 E.06401
M204 S10000
G1 X61.273 Y52.875 F7200
M204 S500
;WIDTH:0.390921
G1 F1724.133
G1 X61.072 Y52.957 E.00628
G1 X61.312 Y53.297 E.01205
G1 X62.15 Y52.52 E.03308
G1 X61.31 Y52.86 E.02624
M204 S10000
G1 E-.8 F1800
G1 X67.022 Y48.283 Z15 F7200
G1 Z14.6
G1 E.8 F1800
M204 S1500
;TYPE:Inner wall
;WIDTH:0.449999
G1 F1473.915
G1 X53.729 Y53.172 E.47941
G1 X52.972 Y51.114 E.07423
G1 X66.265 Y46.225 E.47941
G1 X67.008 Y48.246 E.07287
M204 S500
G1 X67.572 Y48.538 F7200
;TYPE:Outer wall
G1 F1473.915
G1 X53.475 Y53.722 E.50842
G1 X52.422 Y50.86 E.10324
G1 X66.519 Y45.675 E.50842
G1 X67.558 Y48.5 E.10188
M204 S10000
G1 X66.439 Y48.129 F7200
M204 S500
;TYPE:Sparse infill
;WIDTH:0.45
G1 F1473.913
G1 X64.911 Y48.691 E.05512
G1 X63.742 Y47.522 E.05597
G1 X61.469 Y48.358 E.08197
G1 X62.638 Y49.527 E.05597
G1 X60.365 Y50.363 E.08197
G1 X59.196 Y49.194 E.05597
G1 X56.923 Y50.03 E.08197
G1 X58.092 Y51.199 E.05597
G1 X55.819 Y52.035 E.08197
G1 X54.65 Y50.866 E.05597
G1 X53.416 Y51.319 E.0445
G1 X53.524 Y51.614 E.01062
; stop printing object fidget-finger-massager-2000-roller_round.stl id:15 copy 0
;LAYER_CHANGE
;Z:14.8
;HEIGHT:0.2
G92 E0
;_SET_FAN_SPEED_CHANGING_LAYER
; printing object fidget-finger-massager-2000-roller_round.stl id:15 copy 0
M204 S10000
G1 E-.8 F1800
G1 X59.811 Y47.286 Z15.2 F7200
G1 X60.653 Y46.706 Z15.2
G1 Z14.8
G1 E.8 F1800
M204 S1500
;TYPE:Inner wall
;WIDTH:0.449999
G1 F1473.915
G1 X58.049 Y47.562 E.09278
G1 X57.965 Y47.01 E.01889
G1 X57.886 Y46.205 E.0274
G1 X57.855 Y45.288 E.03105
G1 X60.547 Y45.396 E.09121
G1 X60.584 Y46.165 E.02607
M73 P51 R10
G1 X60.648 Y46.667 E.0171
M204 S500
G1 X61.124 Y47.003 F7200
;TYPE:Outer wall
G1 F1473.915
G1 X57.73 Y48.118 E.12092
G1 X57.655 Y47.821 E.01036
G1 X57.54 Y47.076 E.02552
G1 X57.46 Y46.258 E.02781
G1 X57.424 Y45.438 E.0278
G1 X57.432 Y44.842 E.02018
G1 X60.979 Y44.985 E.12018
G1 X60.975 Y45.46 E.01609
G1 X61.013 Y46.157 E.02361
G1 X61.118 Y46.963 E.02753
M204 S10000
G1 E-.8 F1800
G1 X58.387 Y47.022 Z15.2 F7200
G1 Z14.8
G1 E.8 F1800
M204 S500
;TYPE:Internal solid infill
G1 F1473.915
G1 X60.206 Y46.424 E.06481
G1 X60.156 Y45.788 E.02161
G1 X58.272 Y45.712 E.06381
G1 X58.295 Y46.213 E.01697
G1 X58.383 Y46.983 E.02622
M204 S10000
G1 X58.71 Y46.519 F7200
M204 S500
;WIDTH:0.39058
G1 F1725.824
G1 X59.798 Y46.161 E.03311
G1 X58.667 Y46.106 E.03273
G1 X58.706 Y46.479 E.01086
M204 S10000
G1 E-.8 F1800
G1 X62.435 Y51.553 Z15.2 F7200
G1 Z14.8
G1 E.8 F1800
M204 S1500
;TYPE:Inner wall
;WIDTH:0.449999
G1 F1473.915
G1 X62.764 Y52.05 E.02016
G1 X63.203 Y52.62 E.02436
G1 X61.223 Y54.447 E.09121
G1 X60.639 Y53.709 E.03185
G1 X60.184 Y53.053 E.02701
G1 X59.897 Y52.589 E.01849
G1 X62.398 Y51.569 E.0914
M204 S500
G1 X62.601 Y51.023 F7200
;TYPE:Outer wall
G1 F1473.915
G1 X63.104 Y51.79 E.03106
G1 X63.799 Y52.653 E.0375
G1 X61.19 Y55.06 E.12018
G1 X60.788 Y54.599 E.02071
G1 X60.198 Y53.826 E.0329
G1 X59.813 Y53.268 E.02296
G1 X59.294 Y52.372 E.03505
G1 X62.564 Y51.038 E.11953
M204 S10000
G1 E-.8 F1800
G1 X60.496 Y52.784 Z15.2 F7200
G1 Z14.8
G1 E.8 F1800
M204 S500
;TYPE:Internal solid infill
G1 F1473.915
G1 X60.885 Y53.35 E.02325
G1 X61.266 Y53.853 E.02135
G1 X62.656 Y52.571 E.06398
G1 X62.284 Y52.055 E.02154
G1 X60.533 Y52.769 E.06401
M204 S10000
G1 X61.273 Y52.875 F7200
M204 S500
;WIDTH:0.390923
G1 F1724.123
G1 X61.072 Y52.957 E.00628
G1 X61.312 Y53.297 E.01205
G1 X62.15 Y52.52 E.03308
G1 X61.31 Y52.86 E.02624
M204 S10000
G1 E-.8 F1800
G1 X66.905 Y48.326 Z15.2 F7200
G1 Z14.8
G1 E.8 F1800
M204 S1500
;TYPE:Inner wall
;WIDTH:0.449999
G1 F1473.915
G1 X53.745 Y53.166 E.47462
G1 X52.989 Y51.108 E.07423
G1 X66.148 Y46.268 E.4746
G1 X66.891 Y48.289 E.07287
M204 S500
G1 X67.455 Y48.581 F7200
;TYPE:Outer wall
G1 F1473.915
G1 X53.491 Y53.716 E.50364
G1 X52.439 Y50.854 E.10324
G1 X66.403 Y45.718 E.50361
G1 X67.442 Y48.543 E.10188
M204 S10000
G1 X66.439 Y48.129 F7200
M204 S500
;TYPE:Sparse infill
;WIDTH:0.45
G1 F1473.913
G1 X64.911 Y48.691 E.05512
G1 X63.742 Y47.522 E.05597
G1 X61.469 Y48.358 E.08197
G1 X62.638 Y49.527 E.05597
G1 X60.365 Y50.363 E.08197
G1 X59.196 Y49.194 E.05597
G1 X56.923 Y50.03 E.08197
G1 X58.092 Y51.199 E.05597
G1 X55.819 Y52.035 E.08197
G1 X54.65 Y50.866 E.05597
G1 X53.433 Y51.313 E.0439
G1 X53.547 Y51.624 E.01122
; stop printing object fidget-finger-massager-2000-roller_round.stl id:15 copy 0
;LAYER_CHANGE
;Z:15
;HEIGHT:0.2
G92 E0
;_SET_FAN_SPEED_CHANGING_LAYER
; printing object fidget-finger-massager-2000-roller_round.stl id:15 copy 0
M204 S10000
G1 E-.8 F1800
G1 X59.823 Y47.28 Z15.4 F7200
G1 X60.653 Y46.706 Z15.4
G1 Z15
G1 E.8 F1800
M204 S1500
;TYPE:Inner wall
;WIDTH:0.449999
G1 F1473.915
G1 X58.049 Y47.562 E.09278
G1 X57.965 Y47.011 E.01886
G1 X57.886 Y46.205 E.02741
G1 X57.855 Y45.288 E.03107
G1 X60.547 Y45.396 E.09121
G1 X60.584 Y46.169 E.02619
G1 X60.647 Y46.667 E.01698
M204 S500
G1 X61.124 Y47.003 F7200
;TYPE:Outer wall
G1 F1473.915
G1 X57.73 Y48.118 E.12092
G1 X57.655 Y47.821 E.01036
G1 X57.541 Y47.077 E.02549
G1 X57.46 Y46.259 E.02782
G1 X57.424 Y45.438 E.02781
G1 X57.432 Y44.842 E.02019
G1 X60.979 Y44.985 E.12018
G1 X60.975 Y45.462 E.01615
G1 X61.013 Y46.16 E.02367
G1 X61.118 Y46.963 E.0274
M204 S10000
G1 E-.8 F1800
G1 X58.387 Y47.022 Z15.4 F7200
G1 Z15
G1 E.8 F1800
M204 S500
;TYPE:Internal solid infill
G1 F1473.915
G1 X60.206 Y46.425 E.0648
G1 X60.156 Y45.788 E.02162
G1 X58.272 Y45.712 E.06381
G1 X58.295 Y46.213 E.01699
G1 X58.383 Y46.983 E.0262
M204 S10000
G1 X58.71 Y46.519 F7200
M204 S500
;WIDTH:0.390584
G1 F1725.804
G1 X59.798 Y46.161 E.03311
G1 X58.667 Y46.106 E.03273
G1 X58.706 Y46.479 E.01086
M204 S10000
G1 E-.8 F1800
G1 X62.434 Y51.553 Z15.4 F7200
G1 Z15
G1 E.8 F1800
M204 S1500
;TYPE:Inner wall
;WIDTH:0.449999
G1 F1473.915
G1 X62.764 Y52.05 E.02017
G1 X63.203 Y52.62 E.02435
M73 P51 R9
G1 X61.223 Y54.447 E.09121
G1 X60.638 Y53.709 E.03187
G1 X60.183 Y53.052 E.02703
G1 X59.897 Y52.589 E.01845
G1 X62.397 Y51.569 E.0914
M204 S500
G1 X62.601 Y51.023 F7200
;TYPE:Outer wall
G1 F1473.915
G1 X63.105 Y51.79 E.03107
G1 X63.799 Y52.653 E.03749
G1 X61.19 Y55.06 E.12018
G1 X60.788 Y54.598 E.02072
G1 X60.198 Y53.826 E.03289
G1 X59.812 Y53.267 E.02299
G1 X59.294 Y52.372 E.03502
G1 X62.564 Y51.038 E.11953
M204 S10000
G1 E-.8 F1800
G1 X60.496 Y52.784 Z15.4 F7200
G1 Z15
G1 E.8 F1800
M204 S500
;TYPE:Internal solid infill
G1 F1473.915
G1 X60.885 Y53.35 E.02325
G1 X61.266 Y53.853 E.02136
G1 X62.656 Y52.571 E.06398
G1 X62.284 Y52.055 E.02154
G1 X60.533 Y52.769 E.06401
M204 S10000
G1 X61.273 Y52.875 F7200
M204 S500
;WIDTH:0.390925
G1 F1724.113
G1 X61.072 Y52.957 E.00628
G1 X61.312 Y53.297 E.01205
G1 X62.15 Y52.52 E.03307
G1 X61.31 Y52.86 E.02624
M204 S10000
G1 E-.8 F1800
G1 X66.785 Y48.371 Z15.4 F7200
G1 Z15
G1 E.8 F1800
M204 S1500
;TYPE:Inner wall
;WIDTH:0.449999
G1 F1473.915
G1 X53.67 Y53.194 E.47298
G1 X52.914 Y51.135 E.07423
M73 P52 R9
G1 X66.028 Y46.313 E.47294
G1 X66.771 Y48.333 E.07287
M204 S500
G1 X67.335 Y48.625 F7200
;TYPE:Outer wall
G1 F1473.915
G1 X53.415 Y53.744 E.502
G1 X52.364 Y50.881 E.10324
G1 X66.282 Y45.762 E.50195
G1 X67.321 Y48.587 E.10188
M204 S10000
G1 X66.304 Y48.067 F7200
M204 S500
;TYPE:Sparse infill
;WIDTH:0.45
G1 F1473.913
G1 X66.34 Y48.165 E.00356
G1 X64.911 Y48.691 E.05156
G1 X63.742 Y47.522 E.05597
G1 X61.469 Y48.358 E.08197
G1 X62.638 Y49.527 E.05597
G1 X60.365 Y50.363 E.08197
G1 X59.196 Y49.194 E.05597
G1 X56.923 Y50.03 E.08197
G1 X58.092 Y51.199 E.05597
G1 X55.819 Y52.035 E.08197
G1 X54.65 Y50.866 E.05597
G1 X53.358 Y51.341 E.04659
G1 X53.445 Y51.577 E.00852
; stop printing object fidget-finger-massager-2000-roller_round.stl id:15 copy 0
;LAYER_CHANGE
;Z:15.2
;HEIGHT:0.2
G92 E0
;_SET_FAN_SPEED_CHANGING_LAYER
; printing object fidget-finger-massager-2000-roller_round.stl id:15 copy 0
M204 S10000
G1 E-.8 F1800
G1 X59.769 Y47.304 Z15.6 F7200
G1 X60.652 Y46.706 Z15.6
G1 Z15.2
G1 E.8 F1800
M204 S1500
;TYPE:Inner wall
;WIDTH:0.449999
G1 F1473.915
G1 X58.049 Y47.562 E.09278
G1 X57.965 Y47.012 E.01882
G1 X57.886 Y46.206 E.02743
G1 X57.855 Y45.288 E.03109
G1 X60.547 Y45.396 E.09121
G1 X60.584 Y46.173 E.02632
G1 X60.647 Y46.667 E.01685
M204 S500
G1 X61.124 Y47.003 F7200
;TYPE:Outer wall
G1 F1473.915
G1 X57.73 Y48.118 E.12092
G1 X57.655 Y47.821 E.01036
G1 X57.541 Y47.078 E.02545
G1 X57.46 Y46.26 E.02783
G1 X57.424 Y45.439 E.02782
G1 X57.432 Y44.842 E.0202
G1 X60.979 Y44.985 E.12018
G1 X60.975 Y45.464 E.01621
G1 X61.013 Y46.164 E.02373
G1 X61.118 Y46.963 E.02728
M204 S10000
G1 E-.8 F1800
G1 X58.387 Y47.022 Z15.6 F7200
G1 Z15.2
G1 E.8 F1800
M204 S500
;TYPE:Internal solid infill
G1 F1473.915
G1 X60.206 Y46.425 E.0648
G1 X60.156 Y45.788 E.02162
G1 X58.272 Y45.712 E.06381
G1 X58.295 Y46.214 E.01701
G1 X58.383 Y46.983 E.02618
M204 S10000
G1 X58.71 Y46.519 F7200
M204 S500
;WIDTH:0.390588
G1 F1725.785
G1 X59.798 Y46.161 E.03312
G1 X58.667 Y46.106 E.03273
G1 X58.706 Y46.479 E.01086
M204 S10000
G1 E-.8 F1800
G1 X62.434 Y51.554 Z15.6 F7200
G1 Z15.2
G1 E.8 F1800
M204 S1500
;TYPE:Inner wall
;WIDTH:0.449999
G1 F1473.915
G1 X62.764 Y52.05 E.02018
G1 X63.204 Y52.619 E.02434
G1 X61.223 Y54.447 E.09121
G1 X60.638 Y53.708 E.03189
G1 X60.183 Y53.052 E.02704
G1 X59.897 Y52.589 E.01842
G1 X62.397 Y51.569 E.0914
M204 S500
G1 X62.601 Y51.023 F7200
;TYPE:Outer wall
G1 F1473.915
G1 X63.105 Y51.79 E.03108
G1 X63.799 Y52.653 E.03748
G1 X61.19 Y55.06 E.12018
G1 X60.788 Y54.598 E.02073
G1 X60.198 Y53.826 E.03288
G1 X59.812 Y53.266 E.02302
G1 X59.294 Y52.372 E.03499
G1 X62.564 Y51.038 E.11953
M204 S10000
G1 E-.8 F1800
G1 X60.496 Y52.784 Z15.6 F7200
G1 Z15.2
G1 E.8 F1800
M204 S500
;TYPE:Internal solid infill
G1 F1473.915
G1 X60.885 Y53.35 E.02325
G1 X61.266 Y53.853 E.02136
G1 X62.656 Y52.571 E.06398
G1 X62.284 Y52.055 E.02154
G1 X60.533 Y52.769 E.064
M204 S10000
G1 X61.273 Y52.875 F7200
M204 S500
;WIDTH:0.390926
G1 F1724.108
G1 X61.072 Y52.957 E.00628
G1 X61.312 Y53.297 E.01205
G1 X62.15 Y52.52 E.03307
G1 X61.31 Y52.86 E.02623
M204 S10000
G1 E-.8 F1800
G1 X66.655 Y48.418 Z15.6 F7200
G1 Z15.2
G1 E.8 F1800
M204 S1500
;TYPE:Inner wall
;WIDTH:0.449999
G1 F1473.915
G1 X53.609 Y53.216 E.47052
G1 X52.853 Y51.158 E.07423
G1 X65.898 Y46.36 E.47046
G1 X66.641 Y48.381 E.07287
M204 S500
G1 X67.205 Y48.673 F7200
;TYPE:Outer wall
G1 F1473.915
G1 X53.354 Y53.766 E.49954
G1 X52.304 Y50.903 E.10324
G1 X66.152 Y45.81 E.49947
G1 X67.191 Y48.635 E.10188
M204 S10000
G1 E-.8 F1800
G1 X65.27 Y46.96 Z15.6 F7200
G1 Z15.2
G1 E.8 F1800
M204 S500
;TYPE:Sparse infill
;WIDTH:0.45
G1 F1473.913
G1 X63.742 Y47.522 E.05512
G1 X64.911 Y48.691 E.05597
G1 X62.638 Y49.527 E.08197
G1 X61.469 Y48.358 E.05597
G1 X59.196 Y49.194 E.08197
G1 X60.365 Y50.363 E.05597
G1 X58.092 Y51.199 E.08197
G1 X56.923 Y50.03 E.05597
G1 X54.65 Y50.866 E.08197
G1 X55.819 Y52.035 E.05597
G1 X54.291 Y52.597 E.05512
M73 P53 R9
; stop printing object fidget-finger-massager-2000-roller_round.stl id:15 copy 0
;LAYER_CHANGE
;Z:15.4
;HEIGHT:0.2
G92 E0
;_SET_FAN_SPEED_CHANGING_LAYER
; printing object fidget-finger-massager-2000-roller_round.stl id:15 copy 0
M204 S10000
G1 E-.8 F1800
G1 X59.891 Y47.411 Z15.8 F7200
G1 X60.652 Y46.706 Z15.8
G1 Z15.4
G1 E.8 F1800
M204 S1500
;TYPE:Inner wall
;WIDTH:0.449999
G1 F1473.915
G1 X58.049 Y47.562 E.09277
G1 X57.965 Y47.013 E.01879
G1 X57.886 Y46.206 E.02744
G1 X57.855 Y45.288 E.03112
G1 X60.547 Y45.396 E.09121
G1 X60.585 Y46.177 E.02644
G1 X60.647 Y46.667 E.01673
M204 S500
G1 X61.124 Y47.003 F7200
;TYPE:Outer wall
G1 F1473.915
G1 X57.73 Y48.118 E.12092
G1 X57.655 Y47.821 E.01036
G1 X57.541 Y47.079 E.02542
G1 X57.46 Y46.26 E.02784
G1 X57.424 Y45.439 E.02783
G1 X57.432 Y44.842 E.02021
G1 X60.979 Y44.985 E.12018
G1 X60.975 Y45.465 E.01627
G1 X61.014 Y46.167 E.02379
G1 X61.118 Y46.963 E.02716
M204 S10000
G1 E-.8 F1800
G1 X58.387 Y47.022 Z15.8 F7200
G1 Z15.4
G1 E.8 F1800
M204 S500
;TYPE:Internal solid infill
G1 F1473.915
G1 X60.206 Y46.425 E.0648
G1 X60.156 Y45.788 E.02162
G1 X58.272 Y45.712 E.06381
G1 X58.295 Y46.215 E.01704
G1 X58.383 Y46.983 E.02616
M204 S10000
G1 X58.71 Y46.519 F7200
M204 S500
;WIDTH:0.390593
G1 F1725.76
G1 X59.798 Y46.161 E.03312
G1 X58.667 Y46.106 E.03274
G1 X58.706 Y46.479 E.01086
M204 S10000
G1 E-.8 F1800
G1 X62.434 Y51.554 Z15.8 F7200
G1 Z15.4
G1 E.8 F1800
M204 S1500
;TYPE:Inner wall
;WIDTH:0.449999
G1 F1473.915
G1 X62.764 Y52.05 E.02018
G1 X63.204 Y52.619 E.02434
G1 X61.223 Y54.447 E.09121
G1 X60.637 Y53.708 E.03191
G1 X60.182 Y53.051 E.02705
G1 X59.897 Y52.589 E.01838
G1 X62.397 Y51.569 E.0914
M204 S500
G1 X62.601 Y51.023 F7200
;TYPE:Outer wall
G1 F1473.915
G1 X63.105 Y51.791 E.03109
G1 X63.799 Y52.653 E.03747
G1 X61.19 Y55.06 E.12018
G1 X60.787 Y54.598 E.02075
G1 X60.198 Y53.826 E.03287
G1 X59.811 Y53.266 E.02305
G1 X59.294 Y52.372 E.03495
G1 X62.564 Y51.038 E.11952
M204 S10000
G1 E-.8 F1800
G1 X60.496 Y52.784 Z15.8 F7200
G1 Z15.4
G1 E.8 F1800
M204 S500
;TYPE:Internal solid infill
G1 F1473.915
G1 X60.885 Y53.35 E.02325
G1 X61.266 Y53.853 E.02136
G1 X62.656 Y52.571 E.06398
G1 X62.284 Y52.055 E.02154
G1 X60.533 Y52.769 E.064
M204 S10000
G1 X61.273 Y52.875 F7200
M204 S500
;WIDTH:0.390927
G1 F1724.103
G1 X61.072 Y52.957 E.00628
G1 X61.312 Y53.297 E.01205
G1 X62.15 Y52.52 E.03307
G1 X61.31 Y52.86 E.02623
M204 S10000
G1 E-.8 F1800
G1 X66.663 Y48.415 Z15.8 F7200
G1 Z15.4
G1 E.8 F1800
M204 S1500
;TYPE:Inner wall
;WIDTH:0.449999
G1 F1473.915
G1 X53.558 Y53.235 E.47265
G1 X52.799 Y51.178 E.07423
G1 X65.905 Y46.357 E.47268
G1 X66.649 Y48.378 E.07287
M204 S500
G1 X67.213 Y48.67 F7200
;TYPE:Outer wall
G1 F1473.915
G1 X53.304 Y53.785 E.50166
G1 X52.249 Y50.923 E.10324
G1 X66.16 Y45.807 E.50169
G1 X67.199 Y48.632 E.10188
M204 S10000
G1 X66.138 Y47.99 F7200
M204 S500
;TYPE:Sparse infill
;WIDTH:0.45
G1 F1473.913
G1 X66.219 Y48.21 E.00795
G1 X64.911 Y48.691 E.04717
G1 X63.742 Y47.522 E.05597
G1 X61.469 Y48.358 E.08197
G1 X62.638 Y49.527 E.05597
G1 X60.365 Y50.363 E.08197
G1 X59.196 Y49.194 E.05597
G1 X56.923 Y50.03 E.08197
G1 X58.092 Y51.199 E.05597
G1 X55.819 Y52.035 E.08197
G1 X54.65 Y50.866 E.05597
G1 X53.244 Y51.383 E.05072
G1 X53.289 Y51.505 E.0044
; stop printing object fidget-finger-massager-2000-roller_round.stl id:15 copy 0
;LAYER_CHANGE
;Z:15.6
;HEIGHT:0.200001
G92 E0
;_SET_FAN_SPEED_CHANGING_LAYER
; printing object fidget-finger-massager-2000-roller_round.stl id:15 copy 0
M204 S10000
G1 E-.8 F1800
G1 X59.683 Y47.338 Z16 F7200
G1 X60.652 Y46.706 Z16
G1 Z15.6
G1 E.8 F1800
M204 S1500
;TYPE:Inner wall
;WIDTH:0.449999
G1 F1473.915
G1 X58.049 Y47.562 E.09277
G1 X57.965 Y47.014 E.01875
G1 X57.886 Y46.207 E.02745
G1 X57.855 Y45.288 E.03114
G1 X60.547 Y45.396 E.09121
G1 X60.585 Y46.18 E.02657
G1 X60.647 Y46.667 E.0166
M204 S500
G1 X61.123 Y47.003 F7200
;TYPE:Outer wall
G1 F1473.915
G1 X57.73 Y48.118 E.12092
G1 X57.655 Y47.821 E.01036
G1 X57.541 Y47.08 E.02538
G1 X57.46 Y46.261 E.02785
G1 X57.424 Y45.439 E.02784
G1 X57.432 Y44.842 E.02023
G1 X60.979 Y44.985 E.12018
G1 X60.975 Y45.467 E.01633
G1 X61.014 Y46.171 E.02385
G1 X61.118 Y46.963 E.02704
M204 S10000
G1 E-.8 F1800
G1 X58.387 Y47.022 Z16 F7200
G1 Z15.6
G1 E.8 F1800
M204 S500
;TYPE:Internal solid infill
G1 F1473.915
G1 X60.206 Y46.425 E.06479
G1 X60.156 Y45.788 E.02162
G1 X58.272 Y45.712 E.06381
G1 X58.295 Y46.215 E.01706
G1 X58.383 Y46.983 E.02613
M204 S10000
G1 X58.71 Y46.519 F7200
M204 S500
;WIDTH:0.390596
G1 F1725.745
G1 X59.798 Y46.161 E.03313
G1 X58.667 Y46.106 E.03274
G1 X58.706 Y46.479 E.01086
M204 S10000
G1 E-.8 F1800
G1 X62.434 Y51.554 Z16 F7200
G1 Z15.6
G1 E.8 F1800
M204 S1500
;TYPE:Inner wall
;WIDTH:0.449999
G1 F1473.915
G1 X62.764 Y52.05 E.02019
G1 X63.204 Y52.619 E.02433
G1 X61.223 Y54.447 E.09121
G1 X60.637 Y53.707 E.03194
G1 X60.182 Y53.05 E.02706
G1 X59.897 Y52.589 E.01835
G1 X62.397 Y51.569 E.09139
M204 S500
G1 X62.601 Y51.023 F7200
;TYPE:Outer wall
G1 F1473.915
G1 X63.105 Y51.791 E.0311
G1 X63.799 Y52.653 E.03746
G1 X61.19 Y55.06 E.12018
G1 X60.787 Y54.598 E.02076
G1 X60.198 Y53.826 E.03286
G1 X59.811 Y53.265 E.02309
G1 X59.294 Y52.372 E.03492
G1 X62.564 Y51.038 E.11952
M204 S10000
G1 E-.8 F1800
G1 X60.496 Y52.784 Z16 F7200
G1 Z15.6
G1 E.8 F1800
M204 S500
;TYPE:Internal solid infill
G1 F1473.915
G1 X60.885 Y53.35 E.02325
G1 X61.266 Y53.853 E.02136
G1 X62.655 Y52.571 E.06397
G1 X62.284 Y52.055 E.02154
M73 P54 R9
G1 X60.533 Y52.769 E.064
M204 S10000
G1 X61.272 Y52.875 F7200
M204 S500
;WIDTH:0.390929
G1 F1724.093
G1 X61.072 Y52.957 E.00628
G1 X61.312 Y53.297 E.01205
G1 X62.15 Y52.52 E.03306
G1 X61.31 Y52.86 E.02623
M204 S10000
G1 E-.8 F1800
G1 X66.735 Y48.389 Z16 F7200
G1 Z15.6
G1 E.8 F1800
M204 S1500
;TYPE:Inner wall
;WIDTH:0.449999
G1 F1473.915
G1 X53.519 Y53.249 E.47667
G1 X52.762 Y51.191 E.07423
G1 X65.979 Y46.33 E.47667
G1 X66.722 Y48.351 E.07287
M204 S500
G1 X67.285 Y48.643 F7200
;TYPE:Outer wall
G1 F1473.915
G1 X53.264 Y53.8 E.50568
G1 X52.212 Y50.937 E.10324
G1 X66.233 Y45.78 E.50569
G1 X67.272 Y48.606 E.10188
M204 S10000
G1 X66.237 Y48.036 F7200
M204 S500
;TYPE:Sparse infill
;WIDTH:0.45
G1 F1473.913
G1 X66.291 Y48.183 E.00533
G1 X64.911 Y48.691 E.04979
G1 X63.742 Y47.522 E.05597
G1 X61.469 Y48.358 E.08197
G1 X62.638 Y49.527 E.05597
G1 X60.365 Y50.363 E.08197
G1 X59.196 Y49.194 E.05597
G1 X56.923 Y50.03 E.08197
G1 X58.092 Y51.199 E.05597
G1 X55.819 Y52.035 E.08197
G1 X54.65 Y50.866 E.05597
G1 X53.206 Y51.397 E.05208
G1 X53.237 Y51.481 E.00303
; stop printing object fidget-finger-massager-2000-roller_round.stl id:15 copy 0
M106 S245
;LAYER_CHANGE
;Z:15.8
;HEIGHT:0.2
G92 E0
;_SET_FAN_SPEED_CHANGING_LAYER
; printing object fidget-finger-massager-2000-roller_round.stl id:15 copy 0
M204 S10000
G1 E-.8 F1800
G1 X59.654 Y47.349 Z16.2 F7200
G1 X60.652 Y46.706 Z16.2
G1 Z15.8
G1 E.8 F1800
M204 S1500
;TYPE:Inner wall
;WIDTH:0.449999
G1 F1473.915
G1 X58.049 Y47.562 E.09277
G1 X57.965 Y47.015 E.01872
G1 X57.886 Y46.208 E.02747
G1 X57.855 Y45.288 E.03116
G1 X60.547 Y45.396 E.09121
G1 X60.585 Y46.184 E.02669
G1 X60.647 Y46.667 E.01648
M204 S500
G1 X61.123 Y47.003 F7200
;TYPE:Outer wall
G1 F1473.915
G1 X57.73 Y48.118 E.12091
G1 X57.655 Y47.821 E.01036
G1 X57.541 Y47.081 E.02535
G1 X57.46 Y46.262 E.02787
G1 X57.424 Y45.44 E.02786
G1 X57.432 Y44.842 E.02024
G1 X60.979 Y44.985 E.12018
G1 X60.975 Y45.469 E.01639
G1 X61.014 Y46.175 E.02391
G1 X61.118 Y46.963 E.02692
M204 S10000
G1 E-.8 F1800
G1 X58.387 Y47.022 Z16.2 F7200
G1 Z15.8
G1 E.8 F1800
M204 S500
;TYPE:Internal solid infill
G1 F1473.915
G1 X60.206 Y46.425 E.06479
G1 X60.156 Y45.788 E.02162
G1 X58.272 Y45.712 E.06381
G1 X58.295 Y46.216 E.01708
G1 X58.383 Y46.983 E.02611
M204 S10000
G1 X58.71 Y46.519 F7200
M204 S500
;WIDTH:0.3906
G1 F1725.725
G1 X59.798 Y46.161 E.03313
G1 X58.667 Y46.106 E.03274
G1 X58.706 Y46.479 E.01086
M204 S10000
G1 E-.8 F1800
G1 X62.434 Y51.554 Z16.2 F7200
G1 Z15.8
G1 E.8 F1800
M204 S1500
;TYPE:Inner wall
;WIDTH:0.449999
G1 F1473.915
G1 X62.765 Y52.05 E.0202
G1 X63.204 Y52.619 E.02433
G1 X61.223 Y54.447 E.09121
G1 X60.637 Y53.707 E.03196
G1 X60.181 Y53.049 E.02707
G1 X59.897 Y52.589 E.01831
G1 X62.397 Y51.569 E.09139
M204 S500
G1 X62.601 Y51.023 F7200
;TYPE:Outer wall
G1 F1473.915
G1 X63.106 Y51.791 E.03111
G1 X63.799 Y52.653 E.03745
G1 X61.19 Y55.06 E.12018
G1 X60.787 Y54.597 E.02077
G1 X60.198 Y53.826 E.03285
G1 X59.81 Y53.264 E.02312
G1 X59.294 Y52.372 E.03488
G1 X62.564 Y51.038 E.11952
M204 S10000
G1 E-.8 F1800
G1 X60.496 Y52.784 Z16.2 F7200
G1 Z15.8
G1 E.8 F1800
M204 S500
;TYPE:Internal solid infill
G1 F1473.915
G1 X60.885 Y53.35 E.02325
G1 X61.266 Y53.853 E.02136
G1 X62.655 Y52.571 E.06397
G1 X62.283 Y52.055 E.02155
G1 X60.533 Y52.769 E.064
M204 S10000
G1 X61.272 Y52.875 F7200
M204 S500
;WIDTH:0.390931
G1 F1724.083
G1 X61.072 Y52.957 E.00628
G1 X61.312 Y53.297 E.01205
G1 X62.15 Y52.52 E.03306
G1 X61.31 Y52.86 E.02623
M204 S10000
G1 E-.8 F1800
G1 X66.795 Y48.367 Z16.2 F7200
G1 Z15.8
G1 E.8 F1800
M204 S1500
;TYPE:Inner wall
;WIDTH:0.449999
G1 F1473.915
G1 X53.507 Y53.254 E.47925
G1 X52.749 Y51.196 E.07423
G1 X66.039 Y46.308 E.47932
G1 X66.781 Y48.329 E.07287
M204 S500
G1 X67.345 Y48.621 F7200
;TYPE:Outer wall
G1 F1473.915
G1 X53.252 Y53.804 E.50824
G1 X52.198 Y50.942 E.10324
G1 X66.294 Y45.758 E.50835
G1 X67.331 Y48.584 E.10188
M204 S10000
G1 E-.8 F1800
G1 X65.042 Y47.044 Z16.2 F7200
G1 Z15.8
G1 E.8 F1800
M204 S500
;TYPE:Sparse infill
;WIDTH:0.45
G1 F1473.913
G1 X63.513 Y47.606 E.05512
G1 X63.546 Y47.664 E.00225
M73 P55 R9
G1 X63.883 Y48 E.01613
G1 X65.027 Y48.648 E.04449
G1 X62.806 Y49.465 E.0801
G1 X62.666 Y49.218 E.00962
G1 X62.329 Y48.881 E.01613
G1 X61.43 Y48.372 E.03496
G1 X59.442 Y49.103 E.0717
G1 X59.557 Y49.218 E.0055
G1 X60.233 Y50.411 E.04643
G1 X61.761 Y49.849 E.05512
M204 S10000
G1 E-.8 F1800
G1 X58.439 Y49.472 Z16.2 F7200
G1 Z15.8
G1 E.8 F1800
M204 S500
G1 F1473.913
G1 X56.911 Y50.034 E.05512
G1 X57.329 Y50.772 E.02872
G1 X57.666 Y51.109 E.01613
G1 X57.929 Y51.259 E.01026
G1 X56.044 Y51.952 E.06798
G1 X55.029 Y51.377 E.03951
G1 X54.818 Y50.804 E.02066
G1 X55.773 Y50.452 E.03446
M204 S10000
G1 E-.8 F1800
G1 X54.933 Y52.296 Z16.2 F7200
G1 Z15.8
G1 E.8 F1800
M204 S500
;TYPE:Internal solid infill
;WIDTH:0.449999
G1 F1473.915
G1 X54.457 Y51.002 E.04667
G1 X53.271 Y51.438 E.04276
G1 X53.748 Y52.731 E.04667
G1 X54.895 Y52.309 E.04138
M204 S10000
G1 X54.397 Y52.048 F7200
M204 S500
;WIDTH:0.470841
G1 F1402.128
G1 X54.209 Y51.538 E.01935
G1 X53.808 Y51.685 E.01523
G1 X53.996 Y52.196 E.01935
G1 X54.359 Y52.062 E.0138
; stop printing object fidget-finger-massager-2000-roller_round.stl id:15 copy 0
;LAYER_CHANGE
;Z:16
;HEIGHT:0.2
G92 E0
;_SET_FAN_SPEED_CHANGING_LAYER
; printing object fidget-finger-massager-2000-roller_round.stl id:15 copy 0
M204 S10000
G1 E-.8 F1800
G1 X60.172 Y47.115 Z16.4 F7200
G1 X60.652 Y46.706 Z16.4
G1 Z16
G1 E.8 F1800
M204 S1500
;TYPE:Inner wall
;WIDTH:0.449999
G1 F1473.915
G1 X58.049 Y47.562 E.09276
G1 X57.965 Y47.016 E.01868
G1 X57.886 Y46.208 E.02748
G1 X57.855 Y45.288 E.03118
G1 X60.547 Y45.396 E.09121
G1 X60.585 Y46.188 E.02682
G1 X60.647 Y46.667 E.01635
M204 S500
G1 X61.123 Y47.003 F7200
;TYPE:Outer wall
G1 F1473.915
G1 X57.73 Y48.118 E.12091
G1 X57.655 Y47.821 E.01036
G1 X57.541 Y47.082 E.02531
G1 X57.46 Y46.262 E.02788
G1 X57.424 Y45.44 E.02787
G1 X57.432 Y44.842 E.02025
G1 X60.979 Y44.985 E.12018
G1 X60.975 Y45.471 E.01646
G1 X61.015 Y46.178 E.02397
G1 X61.118 Y46.963 E.0268
M204 S10000
G1 E-.8 F1800
G1 X58.387 Y47.022 Z16.4 F7200
G1 Z16
G1 E.8 F1800
M204 S500
;TYPE:Internal solid infill
G1 F1473.915
G1 X60.205 Y46.425 E.06478
G1 X60.156 Y45.788 E.02162
G1 X58.272 Y45.712 E.06381
G1 X58.295 Y46.217 E.0171
G1 X58.383 Y46.983 E.02609
M204 S10000
G1 X58.71 Y46.519 F7200
M204 S500
;WIDTH:0.390604
G1 F1725.705
G1 X59.798 Y46.161 E.03313
G1 X58.667 Y46.106 E.03274
G1 X58.706 Y46.479 E.01086
M204 S10000
G1 E-.8 F1800
G1 X66.144 Y48.189 Z16.4 F7200
G1 X66.843 Y48.349 Z16.4
G1 Z16
G1 E.8 F1800
M204 S1500
;TYPE:Inner wall
;WIDTH:0.449999
G1 F1473.915
G1 X53.532 Y53.244 E.48004
G1 X52.773 Y51.187 E.07423
G1 X66.085 Y46.291 E.48013
G1 X66.829 Y48.312 E.07287
M204 S500
G1 X67.393 Y48.604 F7200
;TYPE:Outer wall
G1 F1473.915
G1 X53.278 Y53.794 E.50904
G1 X52.222 Y50.933 E.10324
G1 X66.34 Y45.741 E.50915
G1 X67.379 Y48.566 E.10188
M204 S10000
G1 X66.213 Y47.639 F7200
M204 S500
;TYPE:Sparse infill
;WIDTH:0.45
G1 F1473.913
G1 X66.398 Y48.144 E.0182
G1 X65.375 Y48.52 E.03692
G1 X63.883 Y48.354 E.0508
G1 X63.237 Y47.708 E.03094
G1 X64.765 Y47.146 E.05512
M204 S10000
G1 X64.566 Y48.818 F7200
M204 S500
G1 F1473.913
G1 X63.037 Y49.38 E.05512
G1 X63.019 Y49.218 E.00552
G1 X62.329 Y48.527 E.03305
G1 X61.315 Y48.414 E.03453
G1 X59.701 Y49.008 E.05822
G1 X59.91 Y49.218 E.01005
G1 X60.051 Y50.478 E.04293
G1 X61.579 Y49.916 E.05512
M204 S10000
G1 E-.8 F1800
G1 X58.422 Y49.478 Z16.4 F7200
G1 Z16
G1 E.8 F1800
M204 S500
G1 F1473.913
G1 X56.893 Y50.04 E.05512
G1 X56.975 Y50.772 E.02493
G1 X57.587 Y51.384 E.0293
G1 X56.324 Y51.849 E.04556
G1 X56.111 Y51.636 E.01019
G1 X55.313 Y51.547 E.02718
G1 X55.013 Y50.732 E.0294
G1 X55.726 Y50.47 E.02571
M204 S10000
G1 X55.128 Y52.224 F7200
M204 S500
;TYPE:Internal solid infill
;WIDTH:0.449999
G1 F1473.915
G1 X54.652 Y50.93 E.04667
G1 X53.296 Y51.429 E.04892
G1 X53.773 Y52.722 E.04667
G1 X55.091 Y52.238 E.04751
M204 S10000
G1 X54.555 Y51.959 F7200
M204 S500
;WIDTH:0.528764
G1 F1234.964
G1 X54.387 Y51.503 E.01963
G1 X53.869 Y51.693 E.02229
G1 X54.038 Y52.149 E.01963
G1 X54.518 Y51.973 E.02065
M204 S10000
G1 E-.8 F1800
G1 X62.139 Y51.569 Z16.4 F7200
G1 X62.434 Y51.554 Z16.4
G1 Z16
G1 E.8 F1800
M204 S1500
;TYPE:Inner wall
;WIDTH:0.449999
G1 F1473.915
G1 X62.765 Y52.051 E.0202
G1 X63.204 Y52.619 E.02432
G1 X61.223 Y54.447 E.09121
G1 X60.636 Y53.706 E.03198
G1 X60.181 Y53.048 E.02709
G1 X59.897 Y52.589 E.01828
G1 X62.397 Y51.569 E.09139
M204 S500
G1 X62.601 Y51.023 F7200
;TYPE:Outer wall
G1 F1473.915
G1 X63.106 Y51.791 E.03112
G1 X63.799 Y52.653 E.03744
G1 X61.19 Y55.06 E.12018
G1 X60.787 Y54.597 E.02078
G1 X60.198 Y53.826 E.03285
G1 X59.809 Y53.263 E.02315
G1 X59.294 Y52.372 E.03485
G1 X62.564 Y51.038 E.11952
M204 S10000
G1 E-.8 F1800
G1 X60.496 Y52.784 Z16.4 F7200
G1 Z16
G1 E.8 F1800
M204 S500
;TYPE:Internal solid infill
G1 F1473.915
G1 X60.885 Y53.35 E.02325
G1 X61.266 Y53.853 E.02136
G1 X62.655 Y52.571 E.06397
G1 X62.283 Y52.055 E.02155
G1 X60.533 Y52.769 E.06399
M204 S10000
G1 X61.272 Y52.875 F7200
M204 S500
;WIDTH:0.390932
G1 F1724.078
G1 X61.072 Y52.957 E.00628
G1 X61.312 Y53.297 E.01205
G1 X62.15 Y52.52 E.03306
G1 X61.31 Y52.86 E.02622
; stop printing object fidget-finger-massager-2000-roller_round.stl id:15 copy 0
;LAYER_CHANGE
;Z:16.2
;HEIGHT:0.200001
G92 E0
;_SET_FAN_SPEED_CHANGING_LAYER
; printing object fidget-finger-massager-2000-roller_round.stl id:15 copy 0
M204 S10000
G1 E-.8 F1800
G1 X60.652 Y46.706 Z16.6 F7200
G1 Z16.2
G1 E.8 F1800
M204 S1500
;TYPE:Inner wall
;WIDTH:0.449999
G1 F1473.915
G1 X58.049 Y47.562 E.09276
G1 X57.966 Y47.017 E.01865
G1 X57.886 Y46.209 E.02749
G1 X57.855 Y45.288 E.0312
G1 X60.547 Y45.396 E.09122
G1 X60.586 Y46.191 E.02694
G1 X60.647 Y46.667 E.01623
M204 S500
G1 X61.123 Y47.003 F7200
;TYPE:Outer wall
G1 F1473.915
G1 X57.73 Y48.118 E.12091
G1 X57.655 Y47.821 E.01036
M73 P56 R9
G1 X57.541 Y47.083 E.02528
G1 X57.46 Y46.263 E.02789
G1 X57.424 Y45.44 E.02788
G1 X57.432 Y44.842 E.02026
G1 X60.979 Y44.985 E.12019
G1 X60.976 Y45.473 E.01652
G1 X61.015 Y46.182 E.02403
G1 X61.118 Y46.963 E.02668
M204 S10000
G1 E-.8 F1800
G1 X58.387 Y47.022 Z16.6 F7200
G1 Z16.2
G1 E.8 F1800
M204 S500
;TYPE:Internal solid infill
G1 F1473.915
G1 X60.205 Y46.425 E.06478
G1 X60.156 Y45.788 E.02162
G1 X58.272 Y45.712 E.06381
G1 X58.295 Y46.217 E.01713
G1 X58.383 Y46.983 E.02607
M204 S10000
G1 X58.71 Y46.519 F7200
M204 S500
;WIDTH:0.390608
G1 F1725.685
G1 X59.798 Y46.161 E.03313
G1 X58.667 Y46.106 E.03274
G1 X58.706 Y46.479 E.01086
M204 S10000
G1 E-.8 F1800
G1 X62.434 Y51.554 Z16.6 F7200
G1 Z16.2
G1 E.8 F1800
M204 S1500
;TYPE:Inner wall
;WIDTH:0.449999
G1 F1473.915
G1 X62.765 Y52.051 E.02021
G1 X63.204 Y52.619 E.02431
G1 X61.223 Y54.447 E.09122
G1 X60.636 Y53.706 E.032
G1 X60.18 Y53.047 E.02709
G1 X59.897 Y52.589 E.01825
G1 X62.397 Y51.569 E.09138
M204 S500
G1 X62.601 Y51.023 F7200
;TYPE:Outer wall
G1 F1473.915
G1 X63.106 Y51.791 E.03113
G1 X63.799 Y52.653 E.03743
G1 X61.19 Y55.06 E.12019
G1 X60.787 Y54.597 E.02079
G1 X60.198 Y53.826 E.03283
G1 X59.809 Y53.262 E.02318
G1 X59.294 Y52.372 E.03482
G1 X62.564 Y51.038 E.11952
M204 S10000
G1 E-.8 F1800
G1 X60.496 Y52.784 Z16.6 F7200
G1 Z16.2
G1 E.8 F1800
M204 S500
;TYPE:Internal solid infill
G1 F1473.915
G1 X60.885 Y53.35 E.02325
G1 X61.266 Y53.853 E.02136
G1 X62.655 Y52.571 E.06397
G1 X62.283 Y52.055 E.02155
G1 X60.533 Y52.769 E.06399
M204 S10000
G1 X61.272 Y52.875 F7200
M204 S500
;WIDTH:0.390935
G1 F1724.064
G1 X61.072 Y52.957 E.00628
G1 X61.312 Y53.297 E.01205
G1 X62.15 Y52.52 E.03305
G1 X61.31 Y52.86 E.02622
M204 S10000
G1 E-.8 F1800
G1 X66.867 Y48.34 Z16.6 F7200
G1 Z16.2
G1 E.8 F1800
M204 S1500
;TYPE:Inner wall
;WIDTH:0.449999
G1 F1473.915
G1 X53.626 Y53.21 E.47754
G1 X52.871 Y51.151 E.07423
G1 X66.11 Y46.282 E.47747
G1 X66.854 Y48.303 E.07287
M204 S500
G1 X67.417 Y48.594 F7200
;TYPE:Outer wall
G1 F1473.915
G1 X53.372 Y53.76 E.50656
G1 X52.321 Y50.897 E.10324
G1 X66.364 Y45.732 E.50647
G1 X67.404 Y48.557 E.10188
M204 S10000
G1 E-.8 F1800
G1 X65.131 Y48.545 Z16.6 F7200
G1 Z16.2
G1 E.8 F1800
M204 S500
;TYPE:Internal solid infill
G1 F1473.915
G1 X66.345 Y48.099 E.04377
G1 X65.869 Y46.805 E.04667
G1 X64.655 Y47.251 E.04377
G1 X65.117 Y48.508 E.04532
M204 S10000
G1 X65.799 Y47.846 F7200
M204 S500
;WIDTH:0.485972
G1 F1354.243
G1 X65.617 Y47.35 E.01947
G1 X65.201 Y47.503 E.01632
G1 X65.383 Y47.999 E.01947
G1 X65.761 Y47.86 E.01485
M204 S10000
G1 E-.8 F1800
G1 X61.542 Y49.93 Z16.6 F7200
G1 Z16.2
G1 E.8 F1800
M204 S500
;TYPE:Sparse infill
;WIDTH:0.45
G1 F1473.913
G1 X63.07 Y49.368 E.05512
G1 X63.062 Y49.218 E.00508
G1 X63.883 Y48.397 E.03931
G1 X64.659 Y48.441 E.0263
G1 X64.252 Y47.334 E.0399
G1 X63.03 Y47.784 E.04407
G1 X62.329 Y48.485 E.03356
G1 X61.284 Y48.426 E.03541
G1 X60.432 Y48.739 E.03074
G1 X59.953 Y49.218 E.02292
G1 X60.025 Y50.488 E.04306
G1 X55.739 Y52.064 E.15459
G1 X55.554 Y51.562 E.01812
M73 P56 R8
G1 X56.111 Y51.594 E.01889
G1 X56.932 Y50.772 E.03931
G1 X56.891 Y50.041 E.02478
G1 X58.419 Y49.479 E.05512
M204 S10000
G1 E-.8 F1800
G1 X55.408 Y51.807 Z16.6 F7200
G1 Z16.2
G1 E.8 F1800
M204 S500
;TYPE:Top surface
;WIDTH:0.418004
G1 F1599.642
G1 X54.372 Y50.77 E.04572
M204 S10000
G1 X53.984 Y50.913 F7200
M204 S500
G1 F1599.642
G1 X55.442 Y52.371 E.06433
M204 S10000
G1 X55.054 Y52.514 F7200
M204 S500
G1 F1599.642
G1 X53.596 Y51.055 E.06433
M204 S10000
G1 X53.208 Y51.198 F7200
M204 S500
G1 F1599.642
G1 X54.667 Y52.656 E.06433
M204 S10000
G1 X54.279 Y52.799 F7200
M204 S500
G1 F1599.642
G1 X53.28 Y51.8 E.04405
; stop printing object fidget-finger-massager-2000-roller_round.stl id:15 copy 0
M106 S247
;LAYER_CHANGE
;Z:16.4
;HEIGHT:0.199999
G92 E0
;_SET_FAN_SPEED_CHANGING_LAYER
; printing object fidget-finger-massager-2000-roller_round.stl id:15 copy 0
M204 S10000
G1 E-.8 F1800
G1 X59.559 Y47.462 Z16.8 F7200
G1 X60.652 Y46.707 Z16.8
G1 Z16.4
G1 E.8 F1800
M204 S1500
;TYPE:Inner wall
;WIDTH:0.449999
G1 F1473.915
G1 X58.049 Y47.562 E.09276
G1 X57.966 Y47.018 E.01861
G1 X57.886 Y46.21 E.02751
G1 X57.855 Y45.288 E.03122
G1 X60.547 Y45.396 E.09122
G1 X60.586 Y46.195 E.02707
G1 X60.647 Y46.667 E.01611
M204 S500
G1 X61.123 Y47.003 F7200
;TYPE:Outer wall
G1 F1473.915
G1 X57.73 Y48.118 E.12091
G1 X57.655 Y47.821 E.01036
G1 X57.542 Y47.084 E.02524
G1 X57.46 Y46.264 E.0279
G1 X57.424 Y45.441 E.02789
G1 X57.432 Y44.842 E.02027
G1 X60.979 Y44.985 E.12019
G1 X60.976 Y45.475 E.01658
G1 X61.015 Y46.185 E.02409
G1 X61.118 Y46.963 E.02655
M204 S10000
G1 E-.8 F1800
G1 X58.387 Y47.022 Z16.8 F7200
G1 Z16.4
G1 E.8 F1800
M204 S500
;TYPE:Internal solid infill
G1 F1473.915
G1 X60.205 Y46.425 E.06477
G1 X60.156 Y45.788 E.02162
G1 X58.272 Y45.712 E.06381
G1 X58.295 Y46.218 E.01715
G1 X58.383 Y46.983 E.02604
M204 S10000
G1 X58.71 Y46.519 F7200
M204 S500
;WIDTH:0.390611
G1 F1725.67
G1 X59.798 Y46.161 E.03314
G1 X58.667 Y46.106 E.03275
G1 X58.705 Y46.479 E.01086
M204 S10000
G1 E-.8 F1800
G1 X62.434 Y51.554 Z16.8 F7200
G1 Z16.4
G1 E.8 F1800
M204 S1500
;TYPE:Inner wall
;WIDTH:0.449999
G1 F1473.915
G1 X62.765 Y52.051 E.02022
G1 X63.204 Y52.619 E.02431
G1 X61.223 Y54.447 E.09122
G1 X60.635 Y53.705 E.03202
G1 X60.179 Y53.047 E.02711
G1 X59.897 Y52.589 E.01821
G1 X62.397 Y51.569 E.09138
M204 S500
G1 X62.601 Y51.023 F7200
;TYPE:Outer wall
G1 F1473.915
G1 X63.106 Y51.791 E.03114
G1 X63.799 Y52.653 E.03742
G1 X61.19 Y55.06 E.12019
G1 X60.786 Y54.597 E.02081
G1 X60.198 Y53.826 E.03282
M73 P57 R8
G1 X59.808 Y53.261 E.02321
G1 X59.294 Y52.372 E.03478
G1 X62.564 Y51.038 E.11952
M204 S10000
G1 E-.8 F1800
G1 X60.496 Y52.784 Z16.8 F7200
G1 Z16.4
G1 E.8 F1800
M204 S500
;TYPE:Internal solid infill
G1 F1473.915
G1 X60.885 Y53.35 E.02325
G1 X61.266 Y53.853 E.02136
G1 X62.655 Y52.571 E.06397
G1 X62.283 Y52.055 E.02155
G1 X60.533 Y52.769 E.06399
M204 S10000
G1 X61.272 Y52.875 F7200
M204 S500
;WIDTH:0.390935
G1 F1724.064
G1 X61.072 Y52.957 E.00628
G1 X61.312 Y53.297 E.01205
G1 X62.15 Y52.52 E.03305
G1 X61.31 Y52.86 E.02622
M204 S10000
G1 E-.8 F1800
G1 X66.861 Y48.343 Z16.8 F7200
G1 Z16.4
G1 E.8 F1800
M204 S1500
;TYPE:Inner wall
;WIDTH:0.449999
G1 F1473.915
G1 X55.051 Y52.686 E.42594
G1 X54.294 Y50.628 E.07423
G1 X66.105 Y46.284 E.42599
G1 X66.847 Y48.305 E.07287
M204 S500
G1 X67.411 Y48.597 F7200
;TYPE:Outer wall
G1 F1473.915
G1 X54.796 Y53.236 E.45494
G1 X53.743 Y50.374 E.10324
G1 X66.36 Y45.734 E.45501
G1 X67.397 Y48.559 E.10188
M204 S10000
G1 E-.8 F1800
G1 X64.908 Y48.627 Z16.8 F7200
G1 Z16.4
G1 E.8 F1800
M204 S500
;TYPE:Internal solid infill
G1 F1473.915
G1 X66.338 Y48.101 E.05158
G1 X65.863 Y46.807 E.04667
G1 X64.432 Y47.333 E.0516
G1 X64.895 Y48.589 E.04532
M204 S10000
G1 X65.173 Y48.054 F7200
M204 S500
;WIDTH:0.528761
G1 F1234.972
G1 X65.766 Y47.836 E.02549
G1 X65.598 Y47.38 E.01963
G1 X65.006 Y47.598 E.02551
G1 X65.16 Y48.016 E.01801
M204 S10000
G1 E-.8 F1800
G1 X61.876 Y49.807 Z16.8 F7200
G1 Z16.4
G1 E.8 F1800
M204 S500
;TYPE:Sparse infill
;WIDTH:0.45
G1 F1473.913
G1 X63.405 Y49.245 E.05512
G1 X63.415 Y49.218 E.00099
G1 X63.883 Y48.75 E.02239
G1 X64.439 Y48.529 E.02024
G1 X64.029 Y47.416 E.04014
G1 X62.471 Y47.989 E.05621
G1 X62.329 Y48.131 E.00679
G1 X60.774 Y48.75 E.05663
G1 X60.307 Y49.218 E.02239
G1 X59.762 Y50.584 E.04979
G1 X55.256 Y52.242 E.16253
G1 X55.044 Y51.665 E.0208
G1 X56.111 Y51.24 E.03889
G1 X56.579 Y50.772 E.02239
G1 X56.866 Y50.05 E.0263
G1 X58.395 Y49.488 E.05512
; stop printing object fidget-finger-massager-2000-roller_round.stl id:15 copy 0
;LAYER_CHANGE
;Z:16.6
;HEIGHT:0.200001
G92 E0
;_SET_FAN_SPEED_CHANGING_LAYER
; printing object fidget-finger-massager-2000-roller_round.stl id:15 copy 0
M204 S10000
G1 E-.8 F1800
G1 X60.652 Y46.707 Z17 F7200
G1 Z16.6
G1 E.8 F1800
M204 S1500
;TYPE:Inner wall
;WIDTH:0.449999
G1 F1473.915
G1 X58.049 Y47.562 E.09275
G1 X57.966 Y47.019 E.01858
G1 X57.887 Y46.21 E.02752
G1 X57.855 Y45.288 E.03124
G1 X60.547 Y45.396 E.09122
G1 X60.586 Y46.199 E.02719
G1 X60.647 Y46.667 E.01598
M204 S500
G1 X61.123 Y47.003 F7200
;TYPE:Outer wall
G1 F1473.915
G1 X57.73 Y48.118 E.12091
G1 X57.655 Y47.821 E.01036
G1 X57.542 Y47.085 E.02521
G1 X57.46 Y46.265 E.02791
G1 X57.424 Y45.441 E.0279
G1 X57.432 Y44.842 E.02028
G1 X60.979 Y44.985 E.12019
G1 X60.976 Y45.476 E.01664
G1 X61.015 Y46.189 E.02415
G1 X61.118 Y46.963 E.02643
M204 S10000
G1 E-.8 F1800
G1 X58.387 Y47.022 Z17 F7200
G1 Z16.6
G1 E.8 F1800
M204 S500
;TYPE:Internal solid infill
G1 F1473.915
G1 X60.205 Y46.425 E.06477
G1 X60.156 Y45.788 E.02163
G1 X58.272 Y45.712 E.06381
G1 X58.295 Y46.219 E.01717
G1 X58.383 Y46.983 E.02602
M204 S10000
G1 X58.71 Y46.519 F7200
M204 S500
;WIDTH:0.390615
G1 F1725.65
G1 X59.799 Y46.161 E.03314
G1 X58.667 Y46.106 E.03275
G1 X58.705 Y46.479 E.01086
M204 S10000
G1 E-.8 F1800
G1 X62.434 Y51.554 Z17 F7200
G1 Z16.6
G1 E.8 F1800
M204 S1500
;TYPE:Inner wall
;WIDTH:0.449999
G1 F1473.915
G1 X62.765 Y52.051 E.02022
G1 X63.204 Y52.619 E.0243
G1 X61.223 Y54.447 E.09122
G1 X60.635 Y53.704 E.03205
G1 X60.179 Y53.046 E.02712
G1 X59.897 Y52.589 E.01818
G1 X62.397 Y51.569 E.09138
M204 S500
G1 X62.601 Y51.023 F7200
;TYPE:Outer wall
G1 F1473.915
G1 X63.106 Y51.792 E.03115
G1 X63.799 Y52.653 E.03741
G1 X61.19 Y55.06 E.12019
G1 X60.786 Y54.596 E.02082
G1 X60.198 Y53.826 E.03282
G1 X59.808 Y53.261 E.02324
G1 X59.294 Y52.372 E.03475
G1 X62.564 Y51.038 E.11952
M204 S10000
G1 E-.8 F1800
G1 X60.496 Y52.784 Z17 F7200
G1 Z16.6
G1 E.8 F1800
M204 S500
;TYPE:Internal solid infill
G1 F1473.915
G1 X60.885 Y53.35 E.02325
G1 X61.266 Y53.853 E.02136
G1 X62.655 Y52.571 E.06396
G1 X62.283 Y52.055 E.02155
G1 X60.533 Y52.769 E.06398
M204 S10000
G1 X61.272 Y52.875 F7200
M204 S500
;WIDTH:0.390937
G1 F1724.054
G1 X61.072 Y52.957 E.00627
G1 X61.312 Y53.297 E.01205
G1 X62.149 Y52.52 E.03305
G1 X61.31 Y52.86 E.02622
M204 S10000
G1 E-.8 F1800
G1 X66.8 Y48.365 Z17 F7200
G1 Z16.6
G1 E.8 F1800
M204 S1500
;TYPE:Inner wall
;WIDTH:0.449999
G1 F1473.915
G1 X55.246 Y52.614 E.41671
G1 X54.489 Y50.556 E.07423
G1 X66.043 Y46.307 E.4167
G1 X66.786 Y48.327 E.07287
M204 S500
G1 X67.35 Y48.619 F7200
;TYPE:Outer wall
G1 F1473.915
G1 X54.991 Y53.164 E.44573
G1 X53.939 Y50.302 E.10324
G1 X66.297 Y45.757 E.4457
G1 X67.337 Y48.582 E.10188
M73 P58 R8
M204 S10000
G1 X66.416 Y47.785 F7200
M204 S500
;TYPE:Top surface
;WIDTH:0.437736
G1 F1519.695
G1 X65.36 Y46.729 E.04904
M204 S10000
G1 X64.952 Y46.879 F7200
M204 S500
G1 F1519.695
G1 X66.41 Y48.338 E.06771
M204 S10000
G1 X66.002 Y48.488 F7200
M204 S500
G1 F1519.695
G1 X64.543 Y47.029 E.06771
M204 S10000
G1 X64.135 Y47.179 F7200
M204 S500
G1 F1519.695
G1 X65.594 Y48.638 E.06771
M204 S10000
G1 X65.185 Y48.788 F7200
M204 S500
G1 F1519.695
G1 X64.094 Y47.697 E.05066
M204 S10000
G1 X63.259 Y47.699 F7200
M204 S500
;TYPE:Sparse infill
;WIDTH:0.45
G1 F1473.913
G1 X61.731 Y48.261 E.05512
G1 X59.202 Y50.791 E.12108
G1 X55.451 Y52.17 E.13526
G1 X55.253 Y51.631 E.01945
G1 X56.814 Y50.07 E.07473
G1 X58.342 Y49.508 E.05512
; stop printing object fidget-finger-massager-2000-roller_round.stl id:15 copy 0
;LAYER_CHANGE
;Z:16.8
;HEIGHT:0.199999
G92 E0
;_SET_FAN_SPEED_CHANGING_LAYER
; printing object fidget-finger-massager-2000-roller_round.stl id:15 copy 0
M204 S10000
G1 E-.8 F1800
G1 X60.652 Y46.707 Z17.2 F7200
G1 Z16.8
G1 E.8 F1800
M204 S1500
;TYPE:Inner wall
;WIDTH:0.449999
G1 F1473.915
G1 X58.049 Y47.562 E.09275
G1 X57.966 Y47.02 E.01854
G1 X57.887 Y46.211 E.02753
G1 X57.855 Y45.288 E.03127
G1 X60.547 Y45.396 E.09122
G1 X60.587 Y46.202 E.02732
G1 X60.647 Y46.667 E.01586
M204 S500
G1 X61.123 Y47.003 F7200
;TYPE:Outer wall
G1 F1473.915
G1 X57.73 Y48.118 E.12091
G1 X57.655 Y47.821 E.01036
G1 X57.542 Y47.086 E.02517
G1 X57.46 Y46.265 E.02792
G1 X57.424 Y45.441 E.02791
G1 X57.432 Y44.842 E.0203
G1 X60.979 Y44.985 E.12019
G1 X60.976 Y45.478 E.0167
G1 X61.016 Y46.192 E.02421
G1 X61.118 Y46.963 E.02631
M204 S10000
G1 E-.8 F1800
G1 X58.387 Y47.022 Z17.2 F7200
G1 Z16.8
G1 E.8 F1800
M204 S500
;TYPE:Internal solid infill
G1 F1473.915
G1 X60.205 Y46.425 E.06476
G1 X60.156 Y45.788 E.02163
G1 X58.272 Y45.712 E.06381
G1 X58.296 Y46.219 E.01719
G1 X58.383 Y46.983 E.026
M204 S10000
G1 X58.71 Y46.519 F7200
M204 S500
;WIDTH:0.390621
G1 F1725.621
G1 X59.799 Y46.161 E.03314
G1 X58.667 Y46.106 E.03275
G1 X58.705 Y46.479 E.01086
M204 S10000
G1 E-.8 F1800
G1 X62.434 Y51.554 Z17.2 F7200
G1 Z16.8
G1 E.8 F1800
M204 S1500
;TYPE:Inner wall
;WIDTH:0.449999
G1 F1473.915
G1 X62.765 Y52.051 E.02023
G1 X63.204 Y52.619 E.02429
G1 X61.223 Y54.447 E.09122
G1 X60.635 Y53.704 E.03207
G1 X60.178 Y53.045 E.02713
G1 X59.897 Y52.589 E.01814
G1 X62.397 Y51.569 E.09138
M204 S500
G1 X62.601 Y51.023 F7200
;TYPE:Outer wall
G1 F1473.915
G1 X63.107 Y51.792 E.03116
G1 X63.799 Y52.653 E.03741
G1 X61.19 Y55.06 E.12019
G1 X60.786 Y54.596 E.02083
G1 X60.198 Y53.826 E.03281
G1 X59.807 Y53.26 E.02327
G1 X59.294 Y52.372 E.03471
G1 X62.564 Y51.038 E.11952
M204 S10000
G1 E-.8 F1800
G1 X60.496 Y52.784 Z17.2 F7200
G1 Z16.8
G1 E.8 F1800
M204 S500
;TYPE:Internal solid infill
G1 F1473.915
G1 X60.885 Y53.35 E.02325
G1 X61.266 Y53.853 E.02137
G1 X62.655 Y52.571 E.06396
G1 X62.283 Y52.055 E.02155
G1 X60.533 Y52.769 E.06398
M204 S10000
G1 X61.272 Y52.875 F7200
M204 S500
;WIDTH:0.390938
G1 F1724.049
G1 X61.072 Y52.957 E.00627
G1 X61.312 Y53.297 E.01205
G1 X62.149 Y52.52 E.03304
G1 X61.31 Y52.86 E.02621
M204 S10000
G1 E-.8 F1800
G1 X65.294 Y48.919 Z17.2 F7200
G1 Z16.8
G1 E.8 F1800
M204 S1500
;TYPE:Inner wall
;WIDTH:0.449999
G1 F1473.915
G1 X55.453 Y52.538 E.35493
G1 X54.696 Y50.48 E.07423
G1 X64.537 Y46.861 E.35493
G1 X65.281 Y48.881 E.07287
M204 S500
G1 X65.845 Y49.173 F7200
;TYPE:Outer wall
G1 F1473.915
G1 X55.199 Y53.088 E.38394
G1 X54.146 Y50.226 E.10324
G1 X64.792 Y46.31 E.38394
G1 X65.831 Y49.135 E.10188
M204 S10000
G1 E-.8 F1800
G1 X62.59 Y49.544 Z17.2 F7200
G1 Z16.8
G1 E.8 F1800
M204 S500
;TYPE:Sparse infill
;WIDTH:0.45
G1 F1473.913
G1 X64.119 Y48.982 E.05512
G1 X64.726 Y48.375 E.02907
G1 X64.332 Y47.305 E.03861
G1 X61.731 Y48.261 E.09381
G1 X59.202 Y50.791 E.12108
G1 X55.658 Y52.094 E.12778
G1 X55.425 Y51.459 E.02291
G1 X56.814 Y50.07 E.06649
G1 X58.342 Y49.508 E.05512
M204 S10000
G1 E-.8 F1800
G1 X65.23 Y46.221 Z17.2 F7200
G1 X65.563 Y46.062 Z17.2
G1 Z16.8
G1 E.8 F1800
M204 S500
;TYPE:Outer wall
;WIDTH:0.51568
G1 F1269.143
G1 X66.045 Y45.884 E.0202
G1 X66.135 Y46.125 E.01009
;WIDTH:0.518216
G1 F1262.371
G1 X66.375 Y46.771 E.02726
G1 X67.073 Y48.685 E.08051
;WIDTH:0.517554
G1 F1264.132
G1 X66.587 Y48.864 E.02042
G1 X66.498 Y48.62 E.01024
;WIDTH:0.518216
G1 F1262.371
G1 X65.577 Y46.099 E.10607
; stop printing object fidget-finger-massager-2000-roller_round.stl id:15 copy 0
M106 S250
;LAYER_CHANGE
;Z:17
;HEIGHT:0.200001
G92 E0
;_SET_FAN_SPEED_CHANGING_LAYER
; printing object fidget-finger-massager-2000-roller_round.stl id:15 copy 0
M204 S10000
G1 E-.8 F1800
G1 X60.652 Y46.707 Z17.4 F7200
G1 Z17
G1 E.8 F1800
M204 S1500
;TYPE:Inner wall
;WIDTH:0.449999
G1 F1473.915
G1 X58.048 Y47.562 E.09275
G1 X57.966 Y47.021 E.01851
G1 X57.887 Y46.212 E.02755
G1 X57.855 Y45.288 E.03129
G1 X60.547 Y45.396 E.09122
G1 X60.587 Y46.206 E.02744
G1 X60.646 Y46.667 E.01573
M204 S500
G1 X61.123 Y47.003 F7200
;TYPE:Outer wall
G1 F1473.915
G1 X57.73 Y48.118 E.12091
G1 X57.655 Y47.821 E.01036
G1 X57.542 Y47.087 E.02514
G1 X57.46 Y46.266 E.02793
G1 X57.424 Y45.442 E.02792
G1 X57.432 Y44.842 E.02031
G1 X60.979 Y44.985 E.12019
G1 X60.976 Y45.48 E.01676
G1 X61.016 Y46.196 E.02427
G1 X61.118 Y46.963 E.02619
M204 S10000
G1 E-.8 F1800
G1 X58.387 Y47.022 Z17.4 F7200
G1 Z17
G1 E.8 F1800
M204 S500
;TYPE:Internal solid infill
G1 F1473.915
G1 X60.205 Y46.425 E.06476
G1 X60.156 Y45.788 E.02163
G1 X58.272 Y45.712 E.06381
G1 X58.296 Y46.22 E.01722
G1 X58.383 Y46.983 E.02598
M204 S10000
G1 X58.709 Y46.519 F7200
M204 S500
;WIDTH:0.390625
G1 F1725.601
G1 X59.799 Y46.161 E.03315
G1 X58.667 Y46.106 E.03275
G1 X58.705 Y46.479 E.01086
M204 S10000
G1 E-.8 F1800
G1 X65.072 Y49.001 Z17.4 F7200
G1 Z17
M73 P59 R8
G1 E.8 F1800
M204 S1500
;TYPE:Inner wall
;WIDTH:0.449999
G1 F1473.915
G1 X55.679 Y52.455 E.33876
G1 X54.922 Y50.397 E.07423
G1 X64.315 Y46.942 E.33876
G1 X65.058 Y48.963 E.07287
M204 S500
G1 X65.622 Y49.255 F7200
;TYPE:Outer wall
G1 F1473.915
G1 X55.425 Y53.005 E.36777
G1 X54.372 Y50.143 E.10324
G1 X64.569 Y46.392 E.36777
G1 X65.608 Y49.217 E.10188
M204 S10000
G1 E-.8 F1800
G1 X62.59 Y49.544 Z17.4 F7200
G1 Z17
G1 E.8 F1800
M204 S500
;TYPE:Sparse infill
;WIDTH:0.45
G1 F1473.913
G1 X64.119 Y48.982 E.05512
G1 X64.541 Y48.56 E.02022
G1 X64.11 Y47.387 E.04232
G1 X61.731 Y48.261 E.08579
G1 X59.202 Y50.791 E.12108
G1 X55.884 Y52.011 E.11964
G1 X55.612 Y51.271 E.02667
G1 X56.814 Y50.07 E.05752
G1 X58.342 Y49.508 E.05512
M204 S10000
G1 E-.8 F1800
G1 X62.434 Y51.554 Z17.4 F7200
G1 Z17
G1 E.8 F1800
M204 S1500
;TYPE:Inner wall
;WIDTH:0.449999
G1 F1473.915
G1 X62.766 Y52.051 E.02024
G1 X63.204 Y52.619 E.02429
G1 X61.223 Y54.447 E.09122
G1 X60.634 Y53.703 E.03209
G1 X60.178 Y53.044 E.02714
G1 X59.897 Y52.589 E.01811
G1 X62.397 Y51.569 E.09137
M204 S500
G1 X62.601 Y51.023 F7200
;TYPE:Outer wall
G1 F1473.915
G1 X63.107 Y51.792 E.03117
G1 X63.799 Y52.653 E.0374
G1 X61.19 Y55.06 E.12019
G1 X60.786 Y54.596 E.02084
G1 X60.198 Y53.826 E.0328
G1 X59.807 Y53.259 E.0233
G1 X59.294 Y52.372 E.03468
G1 X62.564 Y51.038 E.11952
M204 S10000
G1 E-.8 F1800
G1 X60.496 Y52.784 Z17.4 F7200
G1 Z17
G1 E.8 F1800
M204 S500
;TYPE:Internal solid infill
G1 F1473.915
G1 X60.885 Y53.35 E.02324
G1 X61.266 Y53.853 E.02137
G1 X62.655 Y52.572 E.06396
G1 X62.283 Y52.055 E.02155
G1 X60.533 Y52.769 E.06398
M204 S10000
G1 X61.272 Y52.875 F7200
M204 S500
;WIDTH:0.390939
G1 F1724.044
G1 X61.072 Y52.957 E.00627
G1 X61.312 Y53.297 E.01205
G1 X62.149 Y52.52 E.03304
G1 X61.31 Y52.86 E.02621
; stop printing object fidget-finger-massager-2000-roller_round.stl id:15 copy 0
M106 S252
;LAYER_CHANGE
;Z:17.2
;HEIGHT:0.200001
G92 E0
;_SET_FAN_SPEED_CHANGING_LAYER
; printing object fidget-finger-massager-2000-roller_round.stl id:15 copy 0
M204 S10000
G1 E-.8 F1800
G1 X60.651 Y46.707 Z17.6 F7200
G1 Z17.2
G1 E.8 F1800
M204 S1500
;TYPE:Inner wall
;WIDTH:0.449999
G1 F1473.915
G1 X58.048 Y47.562 E.09274
G1 X57.966 Y47.023 E.01847
G1 X57.887 Y46.212 E.02756
G1 X57.855 Y45.288 E.03131
G1 X60.547 Y45.396 E.09122
G1 X60.587 Y46.21 E.02756
G1 X60.646 Y46.667 E.01561
M204 S500
G1 X61.123 Y47.003 F7200
;TYPE:Outer wall
G1 F1473.915
G1 X57.73 Y48.118 E.12091
G1 X57.655 Y47.821 E.01036
G1 X57.542 Y47.088 E.0251
G1 X57.46 Y46.267 E.02795
G1 X57.424 Y45.442 E.02794
G1 X57.432 Y44.842 E.02032
G1 X60.979 Y44.985 E.12019
G1 X60.976 Y45.482 E.01683
G1 X61.016 Y46.2 E.02433
G1 X61.118 Y46.963 E.02607
M204 S10000
G1 E-.8 F1800
G1 X58.387 Y47.022 Z17.6 F7200
G1 Z17.2
G1 E.8 F1800
M204 S500
;TYPE:Internal solid infill
G1 F1473.915
G1 X60.205 Y46.425 E.06476
G1 X60.156 Y45.788 E.02163
G1 X58.272 Y45.712 E.06381
G1 X58.296 Y46.221 E.01724
G1 X58.383 Y46.983 E.02595
M204 S10000
G1 X58.709 Y46.519 F7200
M204 S500
;WIDTH:0.390629
G1 F1725.581
G1 X59.799 Y46.161 E.03315
G1 X58.667 Y46.106 E.03275
G1 X58.705 Y46.479 E.01086
M204 S10000
G1 E-.8 F1800
G1 X62.434 Y51.554 Z17.6 F7200
G1 Z17.2
G1 E.8 F1800
M204 S1500
;TYPE:Inner wall
;WIDTH:0.449999
G1 F1473.915
G1 X62.766 Y52.051 E.02024
G1 X63.204 Y52.619 E.02428
G1 X61.223 Y54.447 E.09122
G1 X60.634 Y53.703 E.03212
G1 X60.177 Y53.043 E.02715
G1 X59.897 Y52.589 E.01808
G1 X62.396 Y51.569 E.09137
M204 S500
G1 X62.601 Y51.023 F7200
;TYPE:Outer wall
G1 F1473.915
G1 X63.107 Y51.792 E.03118
G1 X63.799 Y52.653 E.03739
G1 X61.19 Y55.06 E.12019
G1 X60.785 Y54.595 E.02085
G1 X60.198 Y53.826 E.03279
G1 X59.806 Y53.258 E.02333
G1 X59.294 Y52.372 E.03465
G1 X62.564 Y51.038 E.11952
M204 S10000
G1 E-.8 F1800
G1 X60.496 Y52.784 Z17.6 F7200
G1 Z17.2
G1 E.8 F1800
M204 S500
;TYPE:Internal solid infill
G1 F1473.915
G1 X60.885 Y53.35 E.02324
G1 X61.266 Y53.853 E.02137
G1 X62.655 Y52.572 E.06396
G1 X62.283 Y52.055 E.02155
G1 X60.533 Y52.769 E.06398
M204 S10000
G1 X61.272 Y52.875 F7200
M204 S500
;WIDTH:0.390943
G1 F1724.024
G1 X61.072 Y52.957 E.00627
G1 X61.312 Y53.297 E.01205
G1 X62.149 Y52.521 E.03304
G1 X61.31 Y52.86 E.02621
M204 S10000
G1 E-.8 F1800
G1 X64.83 Y49.089 Z17.6 F7200
G1 Z17.2
G1 E.8 F1800
M204 S1500
;TYPE:Inner wall
;WIDTH:0.449999
G1 F1473.915
G1 X55.721 Y52.44 E.32853
G1 X54.964 Y50.381 E.07423
G1 X64.073 Y47.031 E.32851
G1 X64.816 Y49.052 E.07287
M204 S500
G1 X65.38 Y49.344 F7200
;TYPE:Outer wall
G1 F1473.915
G1 X55.466 Y52.99 E.35755
G1 X54.414 Y50.127 E.10324
G1 X64.328 Y46.481 E.35752
G1 X65.366 Y49.306 E.10188
M204 S10000
G1 E-.8 F1800
G1 X63.259 Y47.699 Z17.6 F7200
G1 Z17.2
G1 E.8 F1800
M204 S500
;TYPE:Sparse infill
;WIDTH:0.45
G1 F1473.913
G1 X61.731 Y48.261 E.05512
G1 X59.202 Y50.791 E.12108
M73 P60 R8
G1 X55.926 Y51.995 E.11813
G1 X55.647 Y51.236 E.02737
G1 X56.814 Y50.07 E.05584
G1 X58.342 Y49.508 E.05512
; stop printing object fidget-finger-massager-2000-roller_round.stl id:15 copy 0
;LAYER_CHANGE
;Z:17.4
;HEIGHT:0.199999
G92 E0
;_SET_FAN_SPEED_CHANGING_LAYER
; printing object fidget-finger-massager-2000-roller_round.stl id:15 copy 0
M204 S10000
G1 E-.8 F1800
G1 X60.651 Y46.707 Z17.8 F7200
G1 Z17.4
G1 E.8 F1800
M204 S1500
;TYPE:Inner wall
;WIDTH:0.449999
G1 F1473.915
G1 X58.048 Y47.562 E.09274
G1 X57.966 Y47.024 E.01844
G1 X57.887 Y46.213 E.02757
G1 X57.855 Y45.288 E.03133
G1 X60.548 Y45.396 E.09122
G1 X60.582 Y46.113 E.02428
G1 X60.647 Y46.667 E.01889
M204 S500
G1 X61.123 Y47.003 F7200
;TYPE:Outer wall
G1 F1473.915
G1 X57.73 Y48.118 E.12091
G1 X57.655 Y47.821 E.01036
G1 X57.542 Y47.089 E.02507
G1 X57.46 Y46.267 E.02796
G1 X57.424 Y45.442 E.02795
G1 X57.432 Y44.842 E.02033
G1 X60.979 Y44.985 E.12019
G1 X60.976 Y45.484 E.01689
G1 X61.017 Y46.203 E.02439
G1 X61.118 Y46.963 E.02595
M204 S10000
G1 E-.8 F1800
G1 X58.387 Y47.022 Z17.8 F7200
G1 Z17.4
G1 E.8 F1800
M204 S500
;TYPE:Internal solid infill
G1 F1473.915
G1 X60.204 Y46.425 E.06475
G1 X60.156 Y45.788 E.02163
G1 X58.272 Y45.712 E.06381
G1 X58.296 Y46.221 E.01726
G1 X58.382 Y46.983 E.02593
M204 S10000
G1 X58.709 Y46.519 F7200
M204 S500
;WIDTH:0.390633
G1 F1725.561
G1 X59.799 Y46.161 E.03315
G1 X58.667 Y46.106 E.03276
G1 X58.705 Y46.479 E.01086
M204 S10000
G1 E-.8 F1800
G1 X64.569 Y49.186 Z17.8 F7200
G1 Z17.4
G1 E.8 F1800
M204 S1500
;TYPE:Inner wall
;WIDTH:0.449999
G1 F1473.915
G1 X55.717 Y52.441 E.31926
G1 X54.959 Y50.383 E.07423
G1 X63.812 Y47.127 E.31927
G1 X64.555 Y49.148 E.07287
M204 S500
G1 X65.119 Y49.44 F7200
;TYPE:Outer wall
G1 F1473.915
G1 X55.462 Y52.991 E.34827
G1 X54.409 Y50.129 E.10324
G1 X64.066 Y46.577 E.34829
G1 X65.105 Y49.402 E.10188
M204 S10000
G1 E-.8 F1800
G1 X63.259 Y47.699 Z17.8 F7200
G1 Z17.4
G1 E.8 F1800
M204 S500
;TYPE:Sparse infill
;WIDTH:0.45
G1 F1473.913
G1 X61.731 Y48.261 E.05512
G1 X59.202 Y50.791 E.12108
G1 X55.922 Y51.997 E.11829
G1 X55.643 Y51.24 E.02729
G1 X56.814 Y50.07 E.05603
G1 X58.342 Y49.508 E.05512
M204 S10000
G1 E-.8 F1800
G1 X62.433 Y51.554 Z17.8 F7200
G1 Z17.4
G1 E.8 F1800
M204 S1500
;TYPE:Inner wall
;WIDTH:0.449999
G1 F1473.915
G1 X62.766 Y52.051 E.02025
G1 X63.204 Y52.619 E.02428
G1 X61.223 Y54.447 E.09122
G1 X60.633 Y53.702 E.03214
G1 X60.177 Y53.042 E.02717
G1 X59.897 Y52.589 E.01804
G1 X62.396 Y51.569 E.09137
M204 S500
G1 X62.601 Y51.023 F7200
;TYPE:Outer wall
G1 F1473.915
G1 X63.107 Y51.792 E.03119
G1 X63.799 Y52.653 E.03738
G1 X61.19 Y55.06 E.12019
G1 X60.785 Y54.595 E.02087
G1 X60.197 Y53.825 E.03278
G1 X59.806 Y53.257 E.02337
G1 X59.294 Y52.372 E.03461
G1 X62.564 Y51.038 E.11952
M204 S10000
G1 E-.8 F1800
G1 X60.496 Y52.784 Z17.8 F7200
G1 Z17.4
G1 E.8 F1800
M204 S500
;TYPE:Internal solid infill
G1 F1473.915
G1 X60.885 Y53.35 E.02324
G1 X61.266 Y53.853 E.02137
G1 X62.655 Y52.572 E.06396
G1 X62.283 Y52.055 E.02155
G1 X60.533 Y52.769 E.06397
M204 S10000
G1 X61.272 Y52.875 F7200
M204 S500
;WIDTH:0.390943
G1 F1724.024
G1 X61.072 Y52.957 E.00627
G1 X61.312 Y53.297 E.01205
G1 X62.149 Y52.521 E.03303
G1 X61.31 Y52.86 E.02621
; stop printing object fidget-finger-massager-2000-roller_round.stl id:15 copy 0
M106 S247
;LAYER_CHANGE
;Z:17.6
;HEIGHT:0.200001
G92 E0
;_SET_FAN_SPEED_CHANGING_LAYER
; printing object fidget-finger-massager-2000-roller_round.stl id:15 copy 0
M204 S10000
G1 E-.8 F1800
G1 X60.651 Y46.707 Z18 F7200
G1 Z17.6
G1 E.8 F1800
M204 S1500
;TYPE:Inner wall
;WIDTH:0.449999
G1 F1473.915
G1 X58.048 Y47.562 E.09274
G1 X57.966 Y47.025 E.0184
G1 X57.887 Y46.213 E.02759
G1 X57.855 Y45.288 E.03135
G1 X60.548 Y45.396 E.09123
G1 X60.582 Y46.112 E.02427
G1 X60.647 Y46.667 E.0189
M204 S500
G1 X61.123 Y47.003 F7200
;TYPE:Outer wall
G1 F1473.915
G1 X57.73 Y48.118 E.1209
G1 X57.655 Y47.821 E.01036
G1 X57.542 Y47.09 E.02503
G1 X57.46 Y46.268 E.02797
G1 X57.424 Y45.443 E.02796
G1 X57.432 Y44.842 E.02034
G1 X60.979 Y44.985 E.12019
G1 X60.976 Y45.486 E.01695
G1 X61.017 Y46.207 E.02445
G1 X61.118 Y46.963 E.02583
M204 S10000
G1 E-.8 F1800
G1 X58.387 Y47.022 Z18 F7200
G1 Z17.6
G1 E.8 F1800
M204 S500
;TYPE:Internal solid infill
G1 F1473.915
G1 X60.204 Y46.425 E.06475
G1 X60.156 Y45.788 E.02163
G1 X58.272 Y45.712 E.06381
G1 X58.296 Y46.222 E.01728
G1 X58.382 Y46.983 E.02591
M204 S10000
G1 X58.709 Y46.519 F7200
M204 S500
;WIDTH:0.390636
G1 F1725.546
G1 X59.799 Y46.161 E.03316
G1 X58.667 Y46.106 E.03276
G1 X58.705 Y46.479 E.01086
M204 S10000
G1 E-.8 F1800
G1 X64.514 Y49.206 Z18 F7200
G1 Z17.6
G1 E.8 F1800
M204 S1500
;TYPE:Inner wall
;WIDTH:0.449999
G1 F1473.915
G1 X55.724 Y52.439 E.31703
G1 X54.968 Y50.38 E.07423
G1 X63.757 Y47.148 E.31695
G1 X64.5 Y49.168 E.07287
M204 S500
G1 X65.064 Y49.46 F7200
;TYPE:Outer wall
G1 F1473.915
G1 X55.469 Y52.989 E.34606
G1 X54.419 Y50.125 E.10324
G1 X64.011 Y46.598 E.34594
G1 X65.05 Y49.422 E.10188
M204 S10000
G1 X63.991 Y48.964 F7200
M73 P61 R8
M204 S500
;TYPE:Internal solid infill
G1 F1473.915
G1 X63.515 Y47.67 E.04667
G1 X55.491 Y50.621 E.2894
G1 X55.965 Y51.916 E.04667
G1 X63.954 Y48.978 E.28811
M204 S10000
G1 X63.418 Y48.699 F7200
M204 S500
;WIDTH:0.528762
G1 F1234.969
G1 X63.25 Y48.243 E.01963
G1 X56.063 Y50.886 E.30935
G1 X56.231 Y51.343 E.01963
G1 X63.381 Y48.713 E.30776
M204 S10000
G1 E-.8 F1800
G1 X62.433 Y51.554 Z18 F7200
G1 Z17.6
G1 E.8 F1800
M204 S1500
;TYPE:Inner wall
;WIDTH:0.449999
G1 F1473.915
G1 X62.766 Y52.051 E.02026
G1 X63.204 Y52.619 E.02427
G1 X61.223 Y54.447 E.09123
G1 X60.633 Y53.702 E.03216
G1 X60.176 Y53.042 E.02718
G1 X59.897 Y52.589 E.01801
G1 X62.396 Y51.569 E.09136
M204 S500
G1 X62.601 Y51.023 F7200
;TYPE:Outer wall
G1 F1473.915
G1 X63.044 Y51.709 E.02766
G1 X63.472 Y52.274 E.02398
G1 X63.799 Y52.653 E.01695
G1 X61.19 Y55.06 E.12019
G1 X60.785 Y54.595 E.02088
G1 X60.197 Y53.825 E.03277
G1 X59.805 Y53.256 E.0234
G1 X59.294 Y52.372 E.03458
G1 X62.563 Y51.038 E.11951
M204 S10000
G1 E-.8 F1800
G1 X60.496 Y52.784 Z18 F7200
G1 Z17.6
G1 E.8 F1800
M204 S500
;TYPE:Internal solid infill
G1 F1473.915
G1 X60.885 Y53.35 E.02324
G1 X61.266 Y53.853 E.02137
G1 X62.655 Y52.572 E.06395
G1 X62.283 Y52.055 E.02156
G1 X60.533 Y52.769 E.06397
M204 S10000
G1 X61.272 Y52.875 F7200
M204 S500
;WIDTH:0.390945
G1 F1724.014
G1 X61.072 Y52.957 E.00627
G1 X61.312 Y53.297 E.01205
G1 X62.149 Y52.521 E.03303
G1 X61.309 Y52.86 E.0262
; stop printing object fidget-finger-massager-2000-roller_round.stl id:15 copy 0
;LAYER_CHANGE
;Z:17.8
;HEIGHT:0.199999
G92 E0
;_SET_FAN_SPEED_CHANGING_LAYER
; printing object fidget-finger-massager-2000-roller_round.stl id:15 copy 0
M204 S10000
G1 E-.8 F1800
G1 X60.651 Y46.707 Z18.2 F7200
G1 Z17.8
G1 E.8 F1800
M204 S1500
;TYPE:Inner wall
;WIDTH:0.449999
G1 F1473.915
G1 X58.048 Y47.562 E.09273
G1 X57.967 Y47.026 E.01837
G1 X57.887 Y46.214 E.0276
G1 X57.855 Y45.288 E.03137
G1 X60.548 Y45.396 E.09123
G1 X60.582 Y46.112 E.02426
G1 X60.647 Y46.667 E.0189
M204 S500
G1 X61.123 Y47.003 F7200
;TYPE:Outer wall
G1 F1473.915
G1 X57.73 Y48.118 E.1209
G1 X57.655 Y47.821 E.01036
G1 X57.542 Y47.091 E.025
G1 X57.46 Y46.269 E.02798
G1 X57.424 Y45.443 E.02797
G1 X57.432 Y44.842 E.02035
G1 X60.979 Y44.985 E.12019
G1 X60.976 Y45.487 E.01701
G1 X61.017 Y46.21 E.02451
G1 X61.118 Y46.963 E.02571
M204 S10000
G1 E-.8 F1800
G1 X58.387 Y47.022 Z18.2 F7200
G1 Z17.8
G1 E.8 F1800
M204 S500
;TYPE:Internal solid infill
G1 F1473.915
G1 X60.204 Y46.425 E.06474
G1 X60.156 Y45.788 E.02163
G1 X58.272 Y45.712 E.06381
G1 X58.296 Y46.223 E.01731
G1 X58.382 Y46.983 E.02589
M204 S10000
G1 X58.709 Y46.519 F7200
M204 S500
;WIDTH:0.390641
G1 F1725.521
G1 X59.799 Y46.161 E.03316
G1 X58.667 Y46.106 E.03276
G1 X58.705 Y46.479 E.01086
M73 P61 R7
M204 S10000
G1 E-.8 F1800
G1 X64.518 Y49.204 Z18.2 F7200
G1 Z17.8
G1 E.8 F1800
M204 S1500
;TYPE:Inner wall
;WIDTH:0.449999
G1 F1473.915
G1 X55.741 Y52.432 E.31655
G1 X54.982 Y50.375 E.07423
G1 X63.761 Y47.146 E.31663
G1 X64.504 Y49.167 E.07287
M204 S500
G1 X65.068 Y49.459 F7200
;TYPE:Outer wall
G1 F1473.915
G1 X55.487 Y52.982 E.34554
G1 X54.431 Y50.121 E.10324
G1 X64.015 Y46.596 E.34566
G1 X65.054 Y49.421 E.10188
M204 S10000
G1 X63.995 Y48.963 F7200
M204 S500
;TYPE:Internal solid infill
G1 F1473.915
G1 X63.519 Y47.669 E.04667
G1 X55.505 Y50.616 E.28905
G1 X55.982 Y51.91 E.04667
G1 X63.958 Y48.977 E.28765
M204 S10000
G1 X63.422 Y48.698 F7200
M204 S500
;WIDTH:0.52876
G1 F1234.976
G1 X63.254 Y48.242 E.01963
G1 X56.078 Y50.881 E.30889
G1 X56.246 Y51.337 E.01963
G1 X63.385 Y48.712 E.30725
M204 S10000
G1 E-.8 F1800
G1 X62.433 Y51.554 Z18.2 F7200
G1 Z17.8
G1 E.8 F1800
M204 S1500
;TYPE:Inner wall
;WIDTH:0.449999
G1 F1473.915
G1 X62.766 Y52.051 E.02026
G1 X63.204 Y52.619 E.02426
G1 X61.223 Y54.447 E.09123
G1 X60.633 Y53.701 E.03218
G1 X60.176 Y53.041 E.02719
G1 X59.897 Y52.589 E.01797
G1 X62.396 Y51.569 E.09136
M204 S500
G1 X62.6 Y51.023 F7200
;TYPE:Outer wall
G1 F1473.915
G1 X63.042 Y51.706 E.02754
G1 X63.471 Y52.272 E.02404
G1 X63.8 Y52.653 E.01701
G1 X61.19 Y55.06 E.12019
G1 X60.785 Y54.595 E.02089
G1 X60.197 Y53.825 E.03276
G1 X59.805 Y53.256 E.02343
G1 X59.294 Y52.372 E.03455
G1 X62.563 Y51.038 E.11951
M204 S10000
G1 E-.8 F1800
G1 X60.496 Y52.784 Z18.2 F7200
G1 Z17.8
G1 E.8 F1800
M204 S500
;TYPE:Internal solid infill
G1 F1473.915
G1 X60.885 Y53.35 E.02324
G1 X61.266 Y53.853 E.02137
G1 X62.655 Y52.572 E.06395
G1 X62.282 Y52.055 E.02156
G1 X60.533 Y52.769 E.06397
M204 S10000
G1 X61.272 Y52.875 F7200
M204 S500
;WIDTH:0.390947
G1 F1724.004
G1 X61.072 Y52.957 E.00627
G1 X61.312 Y53.297 E.01205
G1 X62.149 Y52.521 E.03303
G1 X61.309 Y52.86 E.0262
; stop printing object fidget-finger-massager-2000-roller_round.stl id:15 copy 0
;LAYER_CHANGE
;Z:18
;HEIGHT:0.200001
G92 E0
;_SET_FAN_SPEED_CHANGING_LAYER
; printing object fidget-finger-massager-2000-roller_round.stl id:15 copy 0
M204 S10000
G1 E-.8 F1800
G1 X60.651 Y46.707 Z18.4 F7200
G1 Z18
G1 E.8 F1800
M204 S1500
;TYPE:Inner wall
;WIDTH:0.449999
G1 F1473.915
G1 X58.048 Y47.562 E.09273
G1 X57.967 Y47.027 E.01833
M73 P62 R7
G1 X57.887 Y46.215 E.02761
G1 X57.855 Y45.288 E.0314
G1 X60.548 Y45.396 E.09123
G1 X60.582 Y46.112 E.02426
G1 X60.646 Y46.667 E.01891
M204 S500
G1 X61.123 Y47.003 F7200
;TYPE:Outer wall
G1 F1473.915
G1 X57.73 Y48.118 E.1209
G1 X57.655 Y47.821 E.01036
G1 X57.543 Y47.092 E.02497
G1 X57.46 Y46.269 E.02799
G1 X57.424 Y45.443 E.02798
G1 X57.432 Y44.842 E.02036
G1 X60.979 Y44.985 E.12019
G1 X60.976 Y45.489 E.01707
G1 X61.017 Y46.214 E.02457
G1 X61.118 Y46.963 E.02558
M204 S10000
G1 E-.8 F1800
G1 X58.387 Y47.022 Z18.4 F7200
G1 Z18
G1 E.8 F1800
M204 S500
;TYPE:Internal solid infill
G1 F1473.915
G1 X60.204 Y46.425 E.06474
G1 X60.156 Y45.788 E.02163
G1 X58.272 Y45.712 E.06381
G1 X58.296 Y46.223 E.01733
G1 X58.382 Y46.983 E.02586
M204 S10000
G1 X58.709 Y46.519 F7200
M204 S500
;WIDTH:0.390644
G1 F1725.506
G1 X59.799 Y46.161 E.03316
G1 X58.667 Y46.106 E.03276
G1 X58.705 Y46.479 E.01086
M204 S10000
G1 E-.8 F1800
G1 X64.51 Y49.207 Z18.4 F7200
G1 Z18
G1 E.8 F1800
M204 S1500
;TYPE:Inner wall
;WIDTH:0.449999
G1 F1473.915
G1 X55.769 Y52.422 E.31524
G1 X55.012 Y50.364 E.07423
G1 X63.754 Y47.149 E.31529
G1 X64.496 Y49.17 E.07287
M204 S500
G1 X65.06 Y49.462 F7200
;TYPE:Outer wall
G1 F1473.915
G1 X55.515 Y52.972 E.34425
G1 X54.462 Y50.109 E.10324
G1 X64.009 Y46.598 E.34431
G1 X65.046 Y49.424 E.10188
M204 S10000
G1 E-.8 F1800
G1 X58.324 Y51.048 Z18.4 F7200
G1 Z18
G1 E.8 F1800
M204 S500
;TYPE:Internal solid infill
G1 F1473.915
G1 X63.988 Y48.966 E.20425
G1 X63.512 Y47.671 E.04667
G1 X57.848 Y49.754 E.20428
G1 X58.311 Y51.011 E.04532
M204 S10000
G1 X58.65 Y49.935 F7200
M204 S500
;WIDTH:0.528761
G1 F1234.972
G1 X58.422 Y50.019 E.00981
G1 X58.589 Y50.475 E.01963
G1 X63.415 Y48.701 E.2077
G1 X63.247 Y48.244 E.01963
G1 X58.687 Y49.922 E.19629
M204 S10000
G1 E-.8 F1800
G1 X56.916 Y51.829 Z18.4 F7200
G1 Z18
G1 E.8 F1800
M204 S500
;TYPE:Top surface
;WIDTH:0.44177
G1 F1504.325
G1 X57.983 Y50.762 E.05004
M204 S10000
G1 X57.832 Y50.35 F7200
M204 S500
G1 F1504.325
G1 X56.024 Y52.157 E.08477
M204 S10000
G1 X55.74 Y51.878 F7200
M204 S500
G1 F1504.325
G1 X57.68 Y49.937 E.091
M204 S10000
G1 X57.395 Y49.658 F7200
M204 S500
G1 F1504.325
G1 X55.588 Y51.465 E.08476
M204 S10000
G1 X55.436 Y51.053 F7200
M204 S500
G1 F1504.325
G1 X56.503 Y49.986 E.05003
M204 S10000
G1 E-.8 F1800
G1 X62.433 Y51.554 Z18.4 F7200
G1 Z18
G1 E.8 F1800
M204 S1500
;TYPE:Inner wall
;WIDTH:0.449999
G1 F1473.915
G1 X62.766 Y52.052 E.02027
G1 X63.204 Y52.619 E.02426
G1 X61.223 Y54.447 E.09123
G1 X60.632 Y53.701 E.0322
G1 X60.175 Y53.04 E.0272
G1 X59.897 Y52.589 E.01794
G1 X62.396 Y51.569 E.09136
M204 S500
G1 X62.6 Y51.023 F7200
;TYPE:Outer wall
G1 F1473.915
G1 X63.04 Y51.703 E.02742
G1 X63.47 Y52.271 E.0241
G1 X63.8 Y52.653 E.01707
G1 X61.19 Y55.06 E.12019
G1 X60.784 Y54.594 E.0209
G1 X60.197 Y53.825 E.03275
G1 X59.804 Y53.255 E.02346
G1 X59.294 Y52.372 E.03451
G1 X62.563 Y51.038 E.11951
M204 S10000
G1 E-.8 F1800
G1 X60.496 Y52.784 Z18.4 F7200
G1 Z18
G1 E.8 F1800
M204 S500
;TYPE:Internal solid infill
G1 F1473.915
G1 X60.885 Y53.35 E.02324
G1 X61.266 Y53.853 E.02137
G1 X62.655 Y52.572 E.06395
G1 X62.282 Y52.055 E.02156
G1 X60.533 Y52.769 E.06396
M204 S10000
G1 X61.272 Y52.875 F7200
M204 S500
;WIDTH:0.390949
G1 F1723.994
G1 X61.072 Y52.957 E.00627
G1 X61.312 Y53.297 E.01205
G1 X62.149 Y52.521 E.03302
G1 X61.309 Y52.86 E.0262
; stop printing object fidget-finger-massager-2000-roller_round.stl id:15 copy 0
;LAYER_CHANGE
;Z:18.2
;HEIGHT:0.200001
G92 E0
;_SET_FAN_SPEED_CHANGING_LAYER
; printing object fidget-finger-massager-2000-roller_round.stl id:15 copy 0
M204 S10000
G1 E-.8 F1800
G1 X55.437 Y49.751 Z18.6 F7200
G1 Z18.2
G1 E.8 F1800
M204 S500
;TYPE:Outer wall
;WIDTH:0.449999
G1 F1473.915
G1 X56.491 Y52.613 E.10324
G1 X55.574 Y52.95 E.03306
G1 X54.521 Y50.088 E.10324
G1 X55.399 Y49.765 E.03168
M204 S10000
G1 X55.147 Y50.377 F7200
M204 S1500
;TYPE:Inner wall
;WIDTH:0.569566
G1 F1139.285
G1 X55.864 Y52.323 E.09081
M204 S10000
G1 E-.8 F1800
G1 X62.433 Y51.554 Z18.6 F7200
G1 Z18.2
G1 E.8 F1800
M204 S1500
;WIDTH:0.449999
G1 F1473.915
G1 X62.766 Y52.052 E.02027
G1 X63.204 Y52.619 E.02425
G1 X61.223 Y54.447 E.09123
G1 X60.632 Y53.7 E.03223
G1 X60.174 Y53.039 E.02721
G1 X59.897 Y52.589 E.01791
G1 X62.396 Y51.569 E.09135
M204 S500
G1 X62.6 Y51.023 F7200
;TYPE:Outer wall
G1 F1473.915
G1 X63.038 Y51.7 E.0273
G1 X63.469 Y52.269 E.02416
G1 X63.8 Y52.653 E.01713
G1 X61.19 Y55.06 E.12019
G1 X60.784 Y54.594 E.02092
G1 X60.197 Y53.825 E.03274
G1 X59.804 Y53.254 E.02349
G1 X59.294 Y52.372 E.03448
G1 X62.563 Y51.038 E.11951
M204 S10000
G1 E-.8 F1800
G1 X60.496 Y52.784 Z18.6 F7200
G1 Z18.2
G1 E.8 F1800
M204 S500
;TYPE:Internal solid infill
G1 F1473.915
G1 X60.884 Y53.35 E.02324
G1 X61.266 Y53.853 E.02137
G1 X62.655 Y52.572 E.06395
G1 X62.282 Y52.055 E.02156
G1 X60.533 Y52.769 E.06396
M204 S10000
G1 X61.272 Y52.875 F7200
M204 S500
;WIDTH:0.390952
G1 F1723.98
G1 X61.072 Y52.957 E.00627
G1 X61.312 Y53.297 E.01205
G1 X62.149 Y52.521 E.03302
G1 X61.309 Y52.86 E.02619
M204 S10000
G1 E-.8 F1800
G1 X56.751 Y49.724 Z18.6 F7200
G1 Z18.2
G1 E.8 F1800
M204 S1500
;TYPE:Inner wall
;WIDTH:0.449999
G1 F1473.915
G1 X63.735 Y47.156 E.2519
G1 X64.492 Y49.214 E.07423
G1 X57.508 Y51.782 E.25189
G1 X56.765 Y49.762 E.07287
M73 P63 R7
M204 S500
G1 X56.201 Y49.47 F7200
;TYPE:Outer wall
G1 F1473.915
G1 X63.99 Y46.605 E.28091
G1 X65.042 Y49.468 E.10324
G1 X57.254 Y52.332 E.2809
G1 X56.215 Y49.507 E.10188
M204 S10000
G1 E-.8 F1800
G1 X61.697 Y49.808 Z18.6 F7200
G1 Z18.2
G1 E.8 F1800
M204 S500
;TYPE:Internal solid infill
G1 F1473.915
G1 X61.221 Y48.514 E.04667
G1 X57.274 Y49.966 E.14237
G1 X57.749 Y51.26 E.04667
G1 X61.66 Y49.822 E.14102
M204 S10000
G1 X60.896 Y49.627 F7200
M204 S500
;WIDTH:0.528761
G1 F1234.972
G1 X61.124 Y49.543 E.00981
G1 X60.956 Y49.087 E.01963
G1 X57.847 Y50.231 E.13385
G1 X58.014 Y50.687 E.01963
G1 X60.858 Y49.641 E.12242
M204 S10000
G1 E-.8 F1800
G1 X63.073 Y47.57 Z18.6 F7200
G1 Z18.2
G1 E.8 F1800
M204 S500
;TYPE:Top surface
;WIDTH:0.424675
G1 F1571.689
G1 X64.092 Y48.589 E.04575
M204 S10000
G1 X64.136 Y49.174 F7200
M204 S500
G1 F1571.689
G1 X62.678 Y47.715 E.06547
M204 S10000
G1 X62.283 Y47.86 F7200
M204 S500
G1 F1571.689
G1 X63.742 Y49.319 E.06547
M204 S10000
G1 X63.347 Y49.464 F7200
M204 S500
G1 F1571.689
G1 X61.889 Y48.006 E.06547
M204 S10000
G1 X61.494 Y48.151 F7200
M204 S500
G1 F1571.689
G1 X62.952 Y49.609 E.06547
M204 S10000
G1 X62.558 Y49.754 F7200
M204 S500
G1 F1571.689
G1 X61.539 Y48.735 E.04575
M204 S10000
G1 E-.8 F1800
G1 X60.651 Y46.707 Z18.6 F7200
G1 Z18.2
G1 E.8 F1800
M204 S1500
;TYPE:Inner wall
;WIDTH:0.449999
G1 F1473.915
G1 X58.048 Y47.562 E.09273
G1 X57.967 Y47.028 E.0183
G1 X57.887 Y46.215 E.02763
G1 X57.855 Y45.288 E.03142
G1 X60.548 Y45.396 E.09123
G1 X60.582 Y46.112 E.02425
G1 X60.646 Y46.667 E.01892
M204 S500
G1 X61.123 Y47.003 F7200
;TYPE:Outer wall
G1 F1473.915
G1 X57.73 Y48.118 E.1209
G1 X57.655 Y47.821 E.01036
G1 X57.543 Y47.093 E.02493
G1 X57.46 Y46.27 E.02801
G1 X57.424 Y45.444 E.02799
G1 X57.432 Y44.842 E.02038
G1 X60.98 Y44.985 E.12019
G1 X60.976 Y45.491 E.01713
G1 X61.018 Y46.218 E.02464
G1 X61.118 Y46.963 E.02546
M204 S10000
G1 E-.8 F1800
G1 X58.387 Y47.022 Z18.6 F7200
G1 Z18.2
G1 E.8 F1800
M204 S500
;TYPE:Internal solid infill
G1 F1473.915
G1 X60.204 Y46.425 E.06473
G1 X60.156 Y45.788 E.02164
G1 X58.272 Y45.712 E.0638
G1 X58.296 Y46.224 E.01735
G1 X58.382 Y46.983 E.02584
M204 S10000
G1 X58.709 Y46.519 F7200
M204 S500
;WIDTH:0.390648
G1 F1725.487
G1 X59.799 Y46.161 E.03316
G1 X58.667 Y46.106 E.03276
G1 X58.705 Y46.479 E.01086
; stop printing object fidget-finger-massager-2000-roller_round.stl id:15 copy 0
;LAYER_CHANGE
;Z:18.4
;HEIGHT:0.199999
G92 E0
;_SET_FAN_SPEED_CHANGING_LAYER
; printing object fidget-finger-massager-2000-roller_round.stl id:15 copy 0
M204 S10000
G1 E-.8 F1800
G1 X55.094 Y49.891 Z18.8 F7200
G1 Z18.4
G1 E.8 F1800
M204 S500
;TYPE:Outer wall
;WIDTH:0.476203
G1 F1384.776
G1 X56.136 Y52.73 E.10896
;WIDTH:0.475052
G1 F1388.465
G1 X55.691 Y52.894 E.01706
G1 X55.609 Y52.671 E.00853
;WIDTH:0.476203
G1 F1384.776
G1 X54.647 Y50.055 E.10041
G1 X55.056 Y49.905 E.01572
M204 S10000
G1 E-.8 F1800
G1 X60.651 Y46.707 Z18.8 F7200
G1 Z18.4
G1 E.8 F1800
M204 S1500
;TYPE:Inner wall
;WIDTH:0.449999
G1 F1473.915
G1 X58.048 Y47.562 E.09272
G1 X57.967 Y47.029 E.01826
G1 X57.887 Y46.216 E.02764
G1 X57.855 Y45.288 E.03144
G1 X60.548 Y45.396 E.09123
G1 X60.582 Y46.112 E.02425
G1 X60.646 Y46.667 E.01892
M204 S500
G1 X61.123 Y47.003 F7200
;TYPE:Outer wall
G1 F1473.915
G1 X57.73 Y48.118 E.1209
G1 X57.655 Y47.821 E.01036
G1 X57.543 Y47.094 E.02489
G1 X57.46 Y46.271 E.02802
G1 X57.424 Y45.444 E.02801
G1 X57.432 Y44.842 E.02039
G1 X60.98 Y44.985 E.12019
G1 X60.976 Y45.493 E.0172
G1 X61.018 Y46.221 E.02469
G1 X61.118 Y46.963 E.02534
M204 S10000
G1 E-.8 F1800
G1 X58.387 Y47.022 Z18.8 F7200
G1 Z18.4
G1 E.8 F1800
M204 S500
;TYPE:Internal solid infill
G1 F1473.915
G1 X60.204 Y46.425 E.06473
G1 X60.156 Y45.788 E.02164
G1 X58.272 Y45.712 E.0638
G1 X58.296 Y46.225 E.01737
G1 X58.382 Y46.983 E.02582
M204 S10000
G1 X58.709 Y46.519 F7200
M204 S500
;WIDTH:0.390651
G1 F1725.472
G1 X59.799 Y46.161 E.03317
G1 X58.667 Y46.106 E.03276
G1 X58.705 Y46.479 E.01086
M204 S10000
G1 E-.8 F1800
G1 X64.107 Y49.367 Z18.8 F7200
G1 Z18.4
G1 E.8 F1800
M204 S1500
;TYPE:Inner wall
;WIDTH:0.427663
G1 F1559.482
G1 X63.342 Y47.288 E.07087
G1 X63.704 Y47.155 E.01231
G1 X64.468 Y49.235 E.07087
G1 X64.144 Y49.354 E.01103
M204 S500
G1 X63.859 Y49.903 F7200
;TYPE:Outer wall
;WIDTH:0.449999
G1 F1473.915
G1 X62.807 Y47.04 E.10324
G1 X63.951 Y46.619 E.04128
G1 X65.004 Y49.482 E.10324
G1 X63.897 Y49.889 E.03992
M204 S10000
G1 E-.8 F1800
G1 X57.196 Y49.561 Z18.8 F7200
G1 Z18.4
G1 E.8 F1800
M204 S1500
;TYPE:Inner wall
G1 F1473.915
G1 X62.038 Y47.78 E.17462
G1 X62.795 Y49.838 E.07423
G1 X57.953 Y51.619 E.17462
G1 X57.21 Y49.598 E.07287
M204 S500
G1 X56.646 Y49.306 F7200
;TYPE:Outer wall
G1 F1473.915
G1 X62.292 Y47.23 E.20363
G1 X63.345 Y50.092 E.10324
G1 X57.699 Y52.169 E.20363
G1 X56.66 Y49.344 E.10188
M204 S10000
G1 E-.8 F1800
G1 X58.194 Y51.096 Z18.8 F7200
G1 Z18.4
G1 E.8 F1800
M204 S500
;TYPE:Internal solid infill
G1 F1473.915
G1 X62.272 Y49.597 E.14706
G1 X61.796 Y48.302 E.04667
G1 X57.718 Y49.802 E.14706
G1 X58.181 Y51.059 E.04532
M204 S10000
G1 X58.459 Y50.523 F7200
M204 S500
;WIDTH:0.528761
G1 F1234.973
G1 X61.699 Y49.332 E.13944
G1 X61.531 Y48.876 E.01963
G1 X58.292 Y50.067 E.13944
G1 X58.445 Y50.485 E.01801
M204 S10000
G1 E-.8 F1800
G1 X62.433 Y51.554 Z18.8 F7200
G1 Z18.4
M73 P64 R7
G1 E.8 F1800
M204 S1500
;TYPE:Inner wall
;WIDTH:0.449999
G1 F1473.915
G1 X62.767 Y52.052 E.02028
G1 X63.204 Y52.619 E.02425
G1 X61.223 Y54.447 E.09123
G1 X60.631 Y53.7 E.03225
G1 X60.174 Y53.038 E.02723
G1 X59.897 Y52.589 E.01787
G1 X62.396 Y51.569 E.09135
M204 S500
G1 X62.6 Y51.023 F7200
;TYPE:Outer wall
G1 F1473.915
G1 X63.036 Y51.698 E.02718
G1 X63.468 Y52.268 E.02422
G1 X63.8 Y52.653 E.0172
G1 X61.19 Y55.06 E.12019
G1 X60.784 Y54.594 E.02093
G1 X60.197 Y53.825 E.03273
G1 X59.803 Y53.253 E.02352
G1 X59.294 Y52.372 E.03444
G1 X62.563 Y51.038 E.11951
M204 S10000
G1 E-.8 F1800
G1 X60.496 Y52.784 Z18.8 F7200
G1 Z18.4
G1 E.8 F1800
M204 S500
;TYPE:Internal solid infill
G1 F1473.915
G1 X60.884 Y53.35 E.02324
G1 X61.266 Y53.853 E.02137
G1 X62.655 Y52.572 E.06394
G1 X62.282 Y52.055 E.02156
G1 X60.533 Y52.769 E.06396
M204 S10000
G1 X61.272 Y52.875 F7200
M204 S500
;WIDTH:0.390952
G1 F1723.98
G1 X61.072 Y52.957 E.00627
G1 X61.312 Y53.297 E.01205
G1 X62.149 Y52.521 E.03302
G1 X61.309 Y52.86 E.02619
; stop printing object fidget-finger-massager-2000-roller_round.stl id:15 copy 0
M106 S252
;LAYER_CHANGE
;Z:18.6
;HEIGHT:0.200001
G92 E0
;_SET_FAN_SPEED_CHANGING_LAYER
; printing object fidget-finger-massager-2000-roller_round.stl id:15 copy 0
M204 S10000
G1 E-.8 F1800
G1 X60.651 Y46.707 Z19 F7200
G1 Z18.6
G1 E.8 F1800
M204 S1500
;TYPE:Inner wall
;WIDTH:0.449999
G1 F1473.915
G1 X58.048 Y47.562 E.09272
G1 X57.967 Y47.03 E.01823
G1 X57.887 Y46.217 E.02765
G1 X57.855 Y45.288 E.03146
G1 X60.548 Y45.396 E.09123
G1 X60.582 Y46.112 E.02424
G1 X60.646 Y46.667 E.01893
M204 S500
G1 X61.123 Y47.003 F7200
;TYPE:Outer wall
G1 F1473.915
G1 X57.73 Y48.118 E.1209
G1 X57.655 Y47.821 E.01036
G1 X57.543 Y47.095 E.02486
G1 X57.46 Y46.271 E.02803
G1 X57.424 Y45.444 E.02802
G1 X57.432 Y44.842 E.0204
G1 X60.98 Y44.985 E.12019
G1 X60.976 Y45.495 E.01726
G1 X61.018 Y46.225 E.02475
G1 X61.118 Y46.963 E.02522
M204 S10000
G1 E-.8 F1800
G1 X58.387 Y47.022 Z19 F7200
G1 Z18.6
G1 E.8 F1800
M204 S500
;TYPE:Internal solid infill
G1 F1473.915
G1 X60.203 Y46.425 E.06472
G1 X60.156 Y45.788 E.02164
G1 X58.272 Y45.712 E.0638
G1 X58.296 Y46.225 E.0174
G1 X58.382 Y46.983 E.0258
M204 S10000
G1 X58.709 Y46.519 F7200
M204 S500
;WIDTH:0.390655
G1 F1725.452
G1 X59.799 Y46.161 E.03317
G1 X58.667 Y46.106 E.03276
G1 X58.705 Y46.479 E.01086
M204 S10000
G1 E-.8 F1800
G1 X64.173 Y49.788 Z19 F7200
G1 Z18.6
G1 E.8 F1800
M204 S500
;TYPE:Outer wall
;WIDTH:0.449999
G1 F1473.915
G1 X63.119 Y46.926 E.10324
G1 X63.878 Y46.646 E.02739
G1 X64.929 Y49.51 E.10324
G1 X64.211 Y49.774 E.02592
M204 S10000
G1 E-.8 F1800
G1 X63.638 Y47.165 Z19 F7200
G1 Z18.6
G1 E.8 F1800
M204 S1500
;TYPE:Inner wall
;WIDTH:0.401556
G1 F1673.005
G1 X64.412 Y49.27 E.06688
M204 S10000
G1 E-.8 F1800
G1 X57.566 Y49.424 Z19 F7200
G1 Z18.6
G1 E.8 F1800
M204 S1500
;WIDTH:0.449999
G1 F1473.915
G1 X61.495 Y47.98 E.14168
G1 X62.252 Y50.038 E.07423
G1 X58.323 Y51.483 E.14169
G1 X57.58 Y49.462 E.07287
M204 S500
G1 X57.016 Y49.17 F7200
;TYPE:Outer wall
G1 F1473.915
G1 X61.749 Y47.429 E.17069
G1 X62.802 Y50.292 E.10324
G1 X58.069 Y52.033 E.17071
G1 X57.03 Y49.208 E.10188
M204 S10000
G1 E-.8 F1800
G1 X58.565 Y50.96 Z19 F7200
G1 Z18.6
G1 E.8 F1800
M204 S500
;TYPE:Internal solid infill
G1 F1473.915
G1 X61.729 Y49.796 E.11413
G1 X61.253 Y48.502 E.04667
G1 X58.089 Y49.666 E.11413
G1 X58.551 Y50.922 E.04532
M204 S10000
G1 X58.83 Y50.387 F7200
M204 S500
;WIDTH:0.528761
G1 F1234.973
G1 X61.156 Y49.531 E.10014
G1 X60.988 Y49.075 E.01963
G1 X58.662 Y49.931 E.10014
G1 X58.816 Y50.349 E.01801
M204 S10000
G1 E-.8 F1800
G1 X62.433 Y51.554 Z19 F7200
G1 Z18.6
G1 E.8 F1800
M204 S1500
;TYPE:Inner wall
;WIDTH:0.449999
G1 F1473.915
G1 X62.767 Y52.052 E.02029
G1 X63.204 Y52.619 E.02424
G1 X61.223 Y54.447 E.09123
G1 X60.631 Y53.699 E.03227
G1 X60.173 Y53.037 E.02724
G1 X59.897 Y52.589 E.01784
G1 X62.396 Y51.569 E.09135
M204 S500
G1 X62.6 Y51.023 F7200
;TYPE:Outer wall
G1 F1473.915
G1 X63.034 Y51.695 E.02706
G1 X63.467 Y52.267 E.02428
G1 X63.8 Y52.653 E.01726
G1 X61.19 Y55.06 E.12019
G1 X60.784 Y54.594 E.02094
G1 X60.197 Y53.825 E.03272
G1 X59.802 Y53.252 E.02355
G1 X59.294 Y52.372 E.03441
G1 X62.563 Y51.038 E.11951
M204 S10000
G1 E-.8 F1800
G1 X60.496 Y52.784 Z19 F7200
G1 Z18.6
G1 E.8 F1800
M204 S500
;TYPE:Internal solid infill
G1 F1473.915
G1 X60.884 Y53.35 E.02324
G1 X61.266 Y53.853 E.02137
G1 X62.655 Y52.572 E.06394
G1 X62.282 Y52.055 E.02156
G1 X60.533 Y52.769 E.06395
M204 S10000
G1 X61.272 Y52.875 F7200
M204 S500
;WIDTH:0.390953
G1 F1723.974
G1 X61.072 Y52.957 E.00627
G1 X61.312 Y53.297 E.01205
G1 X62.149 Y52.521 E.03301
G1 X61.309 Y52.86 E.02619
; stop printing object fidget-finger-massager-2000-roller_round.stl id:15 copy 0
;LAYER_CHANGE
;Z:18.8
;HEIGHT:0.199999
G92 E0
;_SET_FAN_SPEED_CHANGING_LAYER
; printing object fidget-finger-massager-2000-roller_round.stl id:15 copy 0
M204 S10000
G1 E-.8 F1800
G1 X58.048 Y47.562 Z19.2 F7200
G1 Z18.8
G1 E.8 F1800
M204 S1500
;TYPE:Inner wall
;WIDTH:0.449999
G1 F1473.915
G1 X57.967 Y47.031 E.01819
G1 X57.887 Y46.217 E.02767
G1 X57.855 Y45.288 E.03148
G1 X60.548 Y45.396 E.09123
G1 X60.582 Y46.111 E.02423
G1 X60.651 Y46.707 E.02029
G1 X58.086 Y47.55 E.09136
M204 S500
G1 X57.73 Y48.118 F7200
;TYPE:Outer wall
G1 F1473.915
G1 X57.655 Y47.821 E.01036
G1 X57.543 Y47.096 E.02482
G1 X57.46 Y46.272 E.02804
G1 X57.424 Y45.445 E.02803
G1 X57.432 Y44.842 E.02041
G1 X60.98 Y44.985 E.12019
G1 X60.976 Y45.496 E.01732
G1 X61.019 Y46.228 E.02482
G1 X61.123 Y47.003 E.02645
G1 X57.768 Y48.105 E.11954
M204 S10000
G1 X58.387 Y47.022 F7200
M204 S500
;TYPE:Internal solid infill
G1 F1473.915
G1 X60.203 Y46.425 E.06472
G1 X60.156 Y45.788 E.02164
G1 X58.272 Y45.712 E.0638
G1 X58.296 Y46.226 E.01742
G1 X58.382 Y46.983 E.02578
M204 S10000
G1 X58.709 Y46.519 F7200
M204 S500
;WIDTH:0.390659
G1 F1502
G1 X59.799 Y46.161 E.03317
G1 X58.667 Y46.106 E.03277
G1 X58.705 Y46.479 E.01086
M204 S10000
G1 E-.8 F1800
G1 X61.054 Y48.142 Z19.2 F7200
G1 Z18.8
G1 E.8 F1800
M204 S1500
;TYPE:Inner wall
;WIDTH:0.449999
G1 F1473.915
G1 X61.811 Y50.2 E.07423
G1 X58.384 Y51.46 E.1236
G1 X57.628 Y49.401 E.07423
G1 X61.016 Y48.155 E.12219
M204 S500
G1 X61.308 Y47.592 F7200
;TYPE:Outer wall
G1 F1473.915
G1 X62.361 Y50.454 E.10324
G1 X58.13 Y52.01 E.15262
M73 P65 R7
G1 X57.078 Y49.147 E.10324
G1 X61.271 Y47.605 E.15119
M204 S10000
G1 E-.8 F1800
G1 X60.34 Y50.57 Z19.2 F7200
G1 Z18.8
G1 E.8 F1800
M204 S500
;TYPE:Top surface
;WIDTH:0.435913
G1 F1502
G1 X61.39 Y49.52 E.04855
M204 S10000
G1 X61.241 Y49.113 F7200
M204 S500
G1 F1502
G1 X60.113 Y50.241 E.0521
M204 S10000
G1 X59.964 Y49.834 F7200
M204 S500
G1 F1502
G1 X61.091 Y48.707 E.0521
M204 S10000
G1 X60.858 Y48.385 F7200
M204 S500
G1 F1502
G1 X59.814 Y49.428 E.04822
M204 S10000
G1 X60.038 Y50.316 F7200
M204 S500
G1 F1502
G1 X59.461 Y50.893 E.02667
M204 S10000
G1 X58.582 Y51.217 F7200
M204 S500
G1 F1502
G1 X59.888 Y49.91 E.06038
M204 S10000
G1 X59.739 Y49.504 F7200
M204 S500
G1 F1502
G1 X58.347 Y50.895 E.06429
M204 S10000
G1 X58.198 Y50.488 F7200
M204 S500
G1 F1502
G1 X59.589 Y49.097 E.06428
M204 S10000
G1 X59.1 Y49.031 F7200
M204 S500
G1 F1502
G1 X58.049 Y50.082 E.04855
M204 S10000
G1 E-.8 F1800
G1 X62.433 Y51.554 Z19.2 F7200
G1 Z18.8
G1 E.8 F1800
M204 S1500
;TYPE:Inner wall
;WIDTH:0.449999
G1 F1473.915
G1 X62.767 Y52.052 E.02029
G1 X63.204 Y52.619 E.02423
G1 X61.223 Y54.447 E.09123
G1 X60.631 Y53.699 E.03229
G1 X60.173 Y53.036 E.02725
G1 X59.897 Y52.589 E.0178
G1 X62.396 Y51.569 E.09134
M204 S500
G1 X62.6 Y51.023 F7200
;TYPE:Outer wall
G1 F1473.915
G1 X63.032 Y51.692 E.02694
G1 X63.465 Y52.265 E.02434
G1 X63.8 Y52.653 E.01732
G1 X61.19 Y55.06 E.12019
G1 X60.784 Y54.593 E.02095
G1 X60.197 Y53.825 E.03271
G1 X59.802 Y53.251 E.02358
G1 X59.294 Y52.372 E.03438
G1 X62.563 Y51.038 E.11951
M204 S10000
G1 E-.8 F1800
G1 X60.496 Y52.784 Z19.2 F7200
G1 Z18.8
G1 E.8 F1800
M204 S500
;TYPE:Internal solid infill
G1 F1473.915
G1 X60.884 Y53.35 E.02324
G1 X61.266 Y53.853 E.02138
G1 X62.655 Y52.572 E.06394
G1 X62.282 Y52.055 E.02156
G1 X60.533 Y52.769 E.06395
M204 S10000
G1 X61.272 Y52.875 F7200
M204 S500
;WIDTH:0.390955
G1 F1502
G1 X61.072 Y52.957 E.00627
G1 X61.312 Y53.297 E.01205
G1 X62.148 Y52.521 E.03301
G1 X61.309 Y52.86 E.02619
M204 S10000
G1 E-.8 F1800
G1 X63.653 Y46.832 Z19.2 F7200
G1 Z18.8
G1 E.8 F1800
M204 S500
;TYPE:Outer wall
;WIDTH:0.60056
G1 F1075.963
G1 X64.642 Y49.512 E.13247
; stop printing object fidget-finger-massager-2000-roller_round.stl id:15 copy 0
;LAYER_CHANGE
;Z:19
;HEIGHT:0.200001
G92 E0
;_SET_FAN_SPEED_CHANGING_LAYER
; printing object fidget-finger-massager-2000-roller_round.stl id:15 copy 0
M204 S10000
G1 E-.8 F1800
G1 X58.048 Y47.562 Z19.4 F7200
G1 Z19
G1 E.8 F1800
M204 S1500
;TYPE:Inner wall
;WIDTH:0.449999
G1 F1199
G1 X57.967 Y47.032 E.01816
G1 X57.887 Y46.218 E.02768
G1 X57.855 Y45.288 E.0315
G1 X60.548 Y45.396 E.09123
G1 X60.582 Y46.111 E.02423
G1 X60.651 Y46.707 E.0203
G1 X58.086 Y47.55 E.09136
M204 S500
G1 X57.73 Y48.118 F7200
;TYPE:Outer wall
G1 F1199
G1 X57.655 Y47.821 E.01036
G1 X57.543 Y47.097 E.02479
G1 X57.461 Y46.273 E.02805
G1 X57.424 Y45.445 E.02804
G1 X57.432 Y44.842 E.02042
G1 X60.98 Y44.985 E.12019
G1 X60.976 Y45.498 E.01738
G1 X61.019 Y46.232 E.02487
G1 X61.123 Y47.003 E.02633
G1 X57.768 Y48.105 E.11954
M204 S10000
G1 X58.387 Y47.022 F7200
M204 S500
;TYPE:Internal solid infill
G1 F1199
G1 X60.203 Y46.425 E.06471
G1 X60.156 Y45.788 E.02164
G1 X58.272 Y45.712 E.0638
G1 X58.296 Y46.227 E.01744
G1 X58.382 Y46.983 E.02575
M204 S10000
G1 X58.709 Y46.519 F7200
M204 S500
;WIDTH:0.390663
G1 F1199
G1 X59.799 Y46.161 E.03317
G1 X58.667 Y46.106 E.03277
G1 X58.705 Y46.479 E.01086
M204 S10000
G1 E-.8 F1800
G1 X58.863 Y51.274 Z19.4 F7200
G1 Z19
G1 E.8 F1800
M204 S1500
;TYPE:Inner wall
;WIDTH:0.469313
G1 F1199
G1 X58.463 Y51.421 E.01512
G1 X57.713 Y49.38 E.07707
;WIDTH:0.468907
G1 X58.113 Y49.233 E.01509
G1 X58.849 Y51.236 E.07558
M204 S500
G1 X59.426 Y51.534 F7200
;TYPE:Outer wall
;WIDTH:0.449999
G1 F1199
G1 X58.203 Y51.983 E.04411
G1 X57.151 Y49.121 E.10324
G1 X58.372 Y48.671 E.04406
G1 X59.412 Y51.496 E.10188
M204 S10000
G1 E-.8 F1800
G1 X60.503 Y48.39 Z19.4 F7200
G1 Z19
G1 E.8 F1800
M204 S1500
;TYPE:Inner wall
;WIDTH:0.535717
G1 F1199
G1 X60.966 Y48.22 E.02019
G1 X61.051 Y48.451 E.01009
;WIDTH:0.536188
G1 X61.694 Y50.197 E.07632
G1 X61.231 Y50.367 E.02024
G1 X60.517 Y48.427 E.08478
M204 S500
G1 X59.898 Y48.11 F7200
;TYPE:Outer wall
;WIDTH:0.449999
G1 F1199
G1 X61.245 Y47.615 E.04858
G1 X62.3 Y50.477 E.10324
G1 X60.951 Y50.973 E.04864
G1 X59.912 Y48.148 E.10188
M204 S10000
G1 E-.8 F1800
G1 X62.433 Y51.554 Z19.4 F7200
G1 Z19
G1 E.8 F1800
M204 S1500
;TYPE:Inner wall
G1 F1199
G1 X62.767 Y52.052 E.0203
G1 X63.204 Y52.619 E.02423
G1 X61.223 Y54.447 E.09123
G1 X60.63 Y53.698 E.03232
G1 X60.172 Y53.036 E.02726
G1 X59.897 Y52.589 E.01777
G1 X62.396 Y51.569 E.09134
M204 S500
G1 X62.6 Y51.023 F7200
;TYPE:Outer wall
G1 F1199
G1 X63.109 Y51.794 E.03126
G1 X63.472 Y52.273 E.02035
G1 X63.8 Y52.653 E.01698
G1 X61.19 Y55.06 E.12019
G1 X60.783 Y54.593 E.02096
G1 X60.197 Y53.825 E.0327
G1 X59.801 Y53.251 E.02361
G1 X59.294 Y52.372 E.03434
G1 X62.563 Y51.038 E.11951
M204 S10000
G1 E-.8 F1800
G1 X60.495 Y52.784 Z19.4 F7200
G1 Z19
G1 E.8 F1800
M204 S500
;TYPE:Internal solid infill
G1 F1199
G1 X60.884 Y53.35 E.02324
G1 X61.266 Y53.853 E.02138
G1 X62.655 Y52.572 E.06394
G1 X62.282 Y52.055 E.02156
G1 X60.533 Y52.769 E.06395
M204 S10000
G1 X61.272 Y52.875 F7200
M204 S500
;WIDTH:0.390957
G1 F1199
G1 X61.072 Y52.957 E.00627
G1 X61.312 Y53.297 E.01205
G1 X62.148 Y52.521 E.03301
G1 X61.309 Y52.86 E.02618
; stop printing object fidget-finger-massager-2000-roller_round.stl id:15 copy 0
;LAYER_CHANGE
;Z:19.2
;HEIGHT:0.200001
G92 E0
;_SET_FAN_SPEED_CHANGING_LAYER
; printing object fidget-finger-massager-2000-roller_round.stl id:15 copy 0
M204 S10000
G1 E-.8 F1800
G1 X58.048 Y47.562 Z19.6 F7200
G1 Z19.2
G1 E.8 F1800
M204 S1500
;TYPE:Inner wall
;WIDTH:0.449999
G1 F1142
G1 X57.967 Y47.033 E.01812
G1 X57.887 Y46.219 E.02768
G1 X57.855 Y45.288 E.03154
G1 X60.548 Y45.396 E.09123
G1 X60.582 Y46.111 E.02422
G1 X60.65 Y46.707 E.0203
G1 X58.086 Y47.55 E.09136
M204 S500
G1 X57.73 Y48.118 F7200
;TYPE:Outer wall
G1 F1142
G1 X57.655 Y47.821 E.01036
G1 X57.543 Y47.098 E.02475
G1 X57.461 Y46.274 E.02805
G1 X57.424 Y45.445 E.02807
G1 X57.432 Y44.842 E.02043
G1 X60.98 Y44.985 E.12019
G1 X60.976 Y45.5 E.01745
G1 X61.019 Y46.236 E.02494
G1 X61.123 Y47.003 E.0262
G1 X57.768 Y48.105 E.11954
M204 S10000
G1 X58.387 Y47.022 F7200
M204 S500
;TYPE:Internal solid infill
G1 F1142
G1 X60.203 Y46.426 E.06471
G1 X60.156 Y45.788 E.02164
M73 P66 R7
G1 X58.272 Y45.712 E.0638
G1 X58.294 Y46.212 E.01696
G1 X58.382 Y46.983 E.02624
M204 S10000
G1 X58.709 Y46.519 F7200
M204 S500
;WIDTH:0.390669
G1 F1142
G1 X59.799 Y46.161 E.03318
G1 X58.667 Y46.106 E.03277
G1 X58.705 Y46.479 E.01086
M204 S10000
G1 E-.8 F1800
G1 X60.576 Y48.301 Z19.6 F7200
G1 Z19.2
G1 E.8 F1800
M204 S1500
;TYPE:Inner wall
;WIDTH:0.418344
G1 F1142
G1 X60.928 Y48.171 E.01172
G1 X61.695 Y50.259 E.06944
G1 X61.343 Y50.389 E.01172
G1 X60.59 Y48.338 E.06819
M204 S500
G1 X60.047 Y48.056 F7200
;TYPE:Outer wall
;WIDTH:0.449999
G1 F1142
G1 X61.174 Y47.641 E.04065
G1 X62.225 Y50.504 E.10324
G1 X61.098 Y50.919 E.04065
G1 X60.06 Y48.093 E.10188
M204 S10000
G1 E-.8 F1800
G1 X62.433 Y51.554 Z19.6 F7200
G1 Z19.2
G1 E.8 F1800
M204 S1500
;TYPE:Inner wall
G1 F1142
G1 X62.767 Y52.052 E.02031
G1 X63.204 Y52.619 E.02422
G1 X61.223 Y54.447 E.09123
G1 X60.63 Y53.698 E.03234
G1 X60.172 Y53.035 E.02727
G1 X59.897 Y52.589 E.01773
G1 X62.396 Y51.569 E.09134
M204 S500
G1 X62.6 Y51.023 F7200
;TYPE:Outer wall
G1 F1142
G1 X63.109 Y51.794 E.03126
G1 X63.47 Y52.272 E.02028
G1 X63.8 Y52.653 E.01704
G1 X61.19 Y55.06 E.12019
G1 X60.783 Y54.593 E.02097
G1 X60.197 Y53.825 E.0327
G1 X59.801 Y53.25 E.02365
G1 X59.294 Y52.372 E.03431
G1 X62.563 Y51.038 E.11951
M204 S10000
G1 E-.8 F1800
G1 X60.495 Y52.784 Z19.6 F7200
G1 Z19.2
G1 E.8 F1800
M204 S500
;TYPE:Internal solid infill
G1 F1142
G1 X60.884 Y53.35 E.02323
G1 X61.266 Y53.853 E.02138
G1 X62.655 Y52.572 E.06394
G1 X62.282 Y52.056 E.02157
G1 X60.532 Y52.769 E.06394
M204 S10000
G1 X61.272 Y52.875 F7200
M204 S500
;WIDTH:0.39096
G1 F1142
M73 P66 R6
G1 X61.072 Y52.957 E.00627
G1 X61.312 Y53.297 E.01205
G1 X62.148 Y52.521 E.033
G1 X61.309 Y52.86 E.02618
M204 S10000
G1 E-.8 F1800
G1 X59.278 Y51.588 Z19.6 F7200
G1 Z19.2
G1 E.8 F1800
M204 S500
;TYPE:Outer wall
;WIDTH:0.449999
G1 F1142
G1 X58.286 Y51.953 E.03577
G1 X57.233 Y49.09 E.10324
G1 X58.223 Y48.726 E.03569
G1 X59.264 Y51.551 E.10188
M204 S10000
G1 X58.599 Y51.275 F7200
M204 S1500
;TYPE:Inner wall
;WIDTH:0.64923
G1 F989.593
G1 X57.91 Y49.403 E.10055
; stop printing object fidget-finger-massager-2000-roller_round.stl id:15 copy 0
;LAYER_CHANGE
;Z:19.4
;HEIGHT:0.199999
G92 E0
;_SET_FAN_SPEED_CHANGING_LAYER
; printing object fidget-finger-massager-2000-roller_round.stl id:15 copy 0
M204 S10000
G1 X58.048 Y47.562 Z19.4 F7200
M204 S1500
;WIDTH:0.449999
G1 F1105
G1 X57.967 Y47.033 E.01812
G1 X57.887 Y46.219 E.0277
G1 X57.855 Y45.288 E.03153
G1 X60.548 Y45.396 E.09123
G1 X60.582 Y46.111 E.02422
G1 X60.65 Y46.707 E.0203
G1 X58.086 Y47.55 E.09136
M204 S500
G1 X57.73 Y48.118 F7200
;TYPE:Outer wall
G1 F1105
G1 X57.655 Y47.821 E.01036
G1 X57.543 Y47.098 E.02475
G1 X57.461 Y46.273 E.02807
G1 X57.424 Y45.445 E.02805
G1 X57.432 Y44.842 E.02043
G1 X60.98 Y44.985 E.12019
G1 X60.976 Y45.5 E.01745
G1 X61.019 Y46.236 E.02494
G1 X61.123 Y47.003 E.0262
G1 X57.768 Y48.105 E.11954
M204 S10000
G1 X58.387 Y47.022 F7200
M204 S500
;TYPE:Internal solid infill
G1 F1105
G1 X60.203 Y46.426 E.06471
G1 X60.156 Y45.788 E.02164
G1 X58.272 Y45.712 E.0638
G1 X58.294 Y46.212 E.01694
G1 X58.382 Y46.983 E.02626
M204 S10000
G1 X58.709 Y46.519 F7200
M204 S500
;WIDTH:0.390668
G1 F1105
G1 X59.799 Y46.161 E.03318
G1 X58.667 Y46.106 E.03277
G1 X58.705 Y46.479 E.01086
M204 S10000
G1 E-.8 F1800
G1 X58.056 Y48.787 Z19.8 F7200
G1 Z19.4
G1 E.8 F1800
M204 S500
;TYPE:Outer wall
;WIDTH:0.449999
G1 F1105
G1 X59.107 Y51.651 E.10324
G1 X58.386 Y51.916 E.02599
G1 X57.334 Y49.053 E.10324
G1 X58.019 Y48.801 E.02472
M204 S10000
G1 X57.828 Y49.282 F7200
M204 S1500
;TYPE:Inner wall
;WIDTH:0.36286
G1 F1105
G1 X58.614 Y51.423 E.06068
M204 S10000
G1 E-.8 F1800
G1 X60.21 Y47.995 Z19.8 F7200
G1 Z19.4
G1 E.8 F1800
M204 S500
;TYPE:Outer wall
;WIDTH:0.449999
G1 F1105
G1 X61.086 Y47.673 E.0316
G1 X62.139 Y50.536 E.10324
G1 X61.261 Y50.859 E.03169
G1 X60.224 Y48.033 E.10188
M204 S10000
G1 E-.8 F1800
G1 X61.539 Y50.258 Z19.8 F7200
G1 Z19.4
G1 E.8 F1800
M204 S1500
;TYPE:Inner wall
;WIDTH:0.52861
G1 F1105
G1 X60.809 Y48.273 E.08542
M204 S10000
G1 E-.8 F1800
G1 X62.433 Y51.554 Z19.8 F7200
G1 Z19.4
G1 E.8 F1800
M204 S1500
;WIDTH:0.449999
G1 F1105
G1 X62.767 Y52.052 E.02031
G1 X63.204 Y52.619 E.02422
G1 X61.223 Y54.447 E.09123
G1 X60.63 Y53.697 E.03234
G1 X60.172 Y53.035 E.02727
G1 X59.897 Y52.589 E.01773
G1 X62.396 Y51.569 E.09134
M204 S500
G1 X62.6 Y51.023 F7200
;TYPE:Outer wall
G1 F1105
G1 X63.109 Y51.794 E.03126
G1 X63.47 Y52.272 E.02028
G1 X63.8 Y52.653 E.01704
G1 X61.19 Y55.06 E.12019
G1 X60.783 Y54.593 E.02098
G1 X60.197 Y53.825 E.03269
G1 X59.801 Y53.25 E.02365
G1 X59.294 Y52.372 E.03431
G1 X62.563 Y51.038 E.11951
M204 S10000
G1 E-.8 F1800
G1 X60.495 Y52.784 Z19.8 F7200
G1 Z19.4
G1 E.8 F1800
M204 S500
;TYPE:Internal solid infill
G1 F1105
G1 X60.884 Y53.35 E.02323
G1 X61.266 Y53.853 E.02138
G1 X62.655 Y52.572 E.06394
G1 X62.282 Y52.056 E.02157
G1 X60.532 Y52.769 E.06394
M204 S10000
G1 X61.272 Y52.875 F7200
M204 S500
;WIDTH:0.390959
G1 F1105
G1 X61.072 Y52.957 E.00627
G1 X61.312 Y53.297 E.01205
G1 X62.148 Y52.521 E.033
G1 X61.309 Y52.86 E.02618
; stop printing object fidget-finger-massager-2000-roller_round.stl id:15 copy 0
;LAYER_CHANGE
;Z:19.6
;HEIGHT:0.200001
G92 E0
;_SET_FAN_SPEED_CHANGING_LAYER
; printing object fidget-finger-massager-2000-roller_round.stl id:15 copy 0
M204 S10000
G1 E-.8 F1800
G1 X57.855 Y48.847 Z20 F7200
G1 Z19.6
G1 E.8 F1800
M204 S500
;TYPE:Outer wall
;WIDTH:0.421741
G1 F1016
G1 X57.928 Y49.044 E.00664
;WIDTH:0.422642
G1 X58.919 Y51.735 E.09052
G1 X58.522 Y51.881 E.01335
G1 X57.459 Y48.992 E.09718
;WIDTH:0.421741
G1 X57.817 Y48.86 E.01202
M204 S10000
G1 E-.8 F1800
G1 X62.433 Y51.554 Z20 F7200
G1 Z19.6
G1 E.8 F1800
M204 S1500
;TYPE:Inner wall
;WIDTH:0.449999
G1 F1016
G1 X62.767 Y52.052 E.02031
G1 X63.204 Y52.619 E.02422
G1 X61.223 Y54.447 E.09123
G1 X60.63 Y53.697 E.03234
G1 X60.172 Y53.035 E.02727
G1 X59.897 Y52.589 E.01773
G1 X62.396 Y51.569 E.09134
M204 S500
G1 X62.6 Y51.023 F7200
;TYPE:Outer wall
G1 F1016
G1 X63.109 Y51.794 E.03126
G1 X63.47 Y52.272 E.02028
M73 P67 R6
G1 X63.8 Y52.653 E.01704
G1 X61.19 Y55.06 E.12019
G1 X60.783 Y54.593 E.02097
G1 X60.197 Y53.825 E.03269
G1 X59.801 Y53.25 E.02365
G1 X59.294 Y52.372 E.03431
G1 X62.563 Y51.038 E.11951
M204 S10000
G1 E-.8 F1800
G1 X60.495 Y52.784 Z20 F7200
G1 Z19.6
G1 E.8 F1800
M204 S500
;TYPE:Internal solid infill
G1 F1016
G1 X60.884 Y53.35 E.02323
G1 X61.266 Y53.853 E.02138
G1 X62.655 Y52.572 E.06394
G1 X62.282 Y52.056 E.02157
G1 X60.532 Y52.769 E.06394
M204 S10000
G1 X61.272 Y52.875 F7200
M204 S500
;WIDTH:0.390959
G1 F1016
G1 X61.072 Y52.957 E.00627
G1 X61.312 Y53.297 E.01205
G1 X62.148 Y52.521 E.033
G1 X61.309 Y52.86 E.02618
M204 S10000
G1 E-.8 F1800
G1 X60.448 Y47.953 Z20 F7200
G1 Z19.6
G1 E.8 F1800
M204 S500
;TYPE:Outer wall
;WIDTH:0.53474
G1 F1016
G1 X60.95 Y47.768 E.02189
G1 X61.975 Y50.553 E.12132
;WIDTH:0.531939
G1 X61.476 Y50.736 E.02161
G1 X61.384 Y50.487 E.01079
;WIDTH:0.53474
G1 X60.462 Y47.991 E.10883
M204 S10000
G1 E-.8 F1800
G1 X58.048 Y47.562 Z20 F7200
G1 Z19.6
G1 E.8 F1800
M204 S1500
;TYPE:Inner wall
;WIDTH:0.449999
G1 F1016
G1 X57.967 Y47.033 E.01812
G1 X57.887 Y46.219 E.0277
G1 X57.855 Y45.288 E.03153
G1 X60.548 Y45.396 E.09123
G1 X60.582 Y46.111 E.02422
G1 X60.65 Y46.707 E.0203
G1 X58.086 Y47.55 E.09136
M204 S500
G1 X57.73 Y48.118 F7200
;TYPE:Outer wall
G1 F1016
G1 X57.655 Y47.821 E.01036
G1 X57.543 Y47.098 E.02475
G1 X57.461 Y46.273 E.02807
G1 X57.424 Y45.445 E.02805
G1 X57.432 Y44.842 E.02043
G1 X60.98 Y44.985 E.12019
G1 X60.976 Y45.5 E.01745
G1 X61.019 Y46.236 E.02494
G1 X61.123 Y47.003 E.0262
G1 X57.768 Y48.105 E.11954
M204 S10000
G1 X58.387 Y47.022 F7200
M204 S500
;TYPE:Internal solid infill
G1 F1016
G1 X60.203 Y46.426 E.06471
G1 X60.156 Y45.788 E.02164
G1 X58.272 Y45.712 E.0638
G1 X58.294 Y46.212 E.01694
G1 X58.382 Y46.983 E.02626
M204 S10000
G1 X58.709 Y46.519 F7200
M204 S500
;WIDTH:0.390668
G1 F1016
G1 X59.799 Y46.161 E.03318
G1 X58.667 Y46.106 E.03277
G1 X58.705 Y46.479 E.01086
; stop printing object fidget-finger-massager-2000-roller_round.stl id:15 copy 0
;LAYER_CHANGE
;Z:19.8
;HEIGHT:0.199999
G92 E0
;_SET_FAN_SPEED_CHANGING_LAYER
; printing object fidget-finger-massager-2000-roller_round.stl id:15 copy 0
M204 S10000
G1 E-.8 F1800
G1 X62.433 Y51.554 Z20.2 F7200
G1 Z19.8
G1 E.8 F1800
M204 S1500
;TYPE:Inner wall
;WIDTH:0.449999
G1 F844
G1 X62.767 Y52.052 E.02031
G1 X63.204 Y52.619 E.02422
G1 X61.223 Y54.447 E.09123
G1 X60.63 Y53.697 E.03234
G1 X60.172 Y53.035 E.02727
G1 X59.897 Y52.589 E.01773
G1 X62.396 Y51.569 E.09134
M204 S500
G1 X62.6 Y51.023 F7200
;TYPE:Outer wall
G1 F844
G1 X63.109 Y51.794 E.03126
G1 X63.47 Y52.272 E.02028
G1 X63.8 Y52.653 E.01704
G1 X61.19 Y55.06 E.12019
G1 X60.783 Y54.593 E.02098
G1 X60.197 Y53.825 E.03269
G1 X59.801 Y53.25 E.02365
G1 X59.294 Y52.372 E.03431
G1 X62.563 Y51.038 E.11951
M204 S10000
G1 E-.8 F1800
G1 X60.495 Y52.784 Z20.2 F7200
G1 Z19.8
G1 E.8 F1800
M204 S500
;TYPE:Internal solid infill
G1 F844
G1 X60.884 Y53.35 E.02323
G1 X61.266 Y53.853 E.02138
G1 X62.655 Y52.572 E.06394
G1 X62.282 Y52.056 E.02157
G1 X60.532 Y52.769 E.06394
M204 S10000
G1 X61.272 Y52.875 F7200
M204 S500
;WIDTH:0.390959
G1 F844
G1 X61.072 Y52.957 E.00627
G1 X61.312 Y53.297 E.01205
G1 X62.148 Y52.521 E.033
G1 X61.309 Y52.86 E.02618
M204 S10000
G1 E-.8 F1800
G1 X60.752 Y47.885 Z20.2 F7200
G1 Z19.8
G1 E.8 F1800
M204 S500
;TYPE:Outer wall
;WIDTH:0.573602
G1 F844
G1 X61.746 Y50.595 E.12739
M204 S10000
G1 E-.8 F1800
G1 X58.048 Y47.562 Z20.2 F7200
G1 Z19.8
G1 E.8 F1800
M204 S1500
;TYPE:Inner wall
;WIDTH:0.449999
G1 F844
G1 X57.967 Y47.033 E.01812
G1 X57.887 Y46.219 E.0277
G1 X57.855 Y45.288 E.03153
G1 X60.548 Y45.396 E.09123
G1 X60.582 Y46.111 E.02422
G1 X60.65 Y46.707 E.0203
G1 X58.086 Y47.55 E.09136
M204 S500
G1 X57.73 Y48.118 F7200
;TYPE:Outer wall
G1 F844
G1 X57.655 Y47.821 E.01036
G1 X57.543 Y47.098 E.02475
G1 X57.461 Y46.273 E.02807
G1 X57.424 Y45.445 E.02805
G1 X57.432 Y44.842 E.02043
G1 X60.98 Y44.985 E.12019
G1 X60.976 Y45.5 E.01745
G1 X61.019 Y46.236 E.02494
G1 X61.123 Y47.003 E.0262
G1 X57.768 Y48.105 E.11954
M204 S10000
G1 X58.387 Y47.022 F7200
M204 S500
;TYPE:Internal solid infill
G1 F844
G1 X60.203 Y46.426 E.06471
G1 X60.156 Y45.788 E.02164
G1 X58.272 Y45.712 E.0638
G1 X58.294 Y46.212 E.01694
G1 X58.382 Y46.983 E.02626
M204 S10000
G1 X58.709 Y46.519 F7200
M204 S500
;WIDTH:0.390668
G1 F844
G1 X59.799 Y46.161 E.03318
G1 X58.667 Y46.106 E.03277
G1 X58.705 Y46.479 E.01086
; stop printing object fidget-finger-massager-2000-roller_round.stl id:15 copy 0
;LAYER_CHANGE
;Z:20
;HEIGHT:0.200001
G92 E0
;_SET_FAN_SPEED_CHANGING_LAYER
; printing object fidget-finger-massager-2000-roller_round.stl id:15 copy 0
M204 S10000
G1 E-.8 F1800
G1 X62.433 Y51.554 Z20.4 F7200
G1 Z20
G1 E.8 F1800
M204 S1500
;TYPE:Inner wall
;WIDTH:0.449999
G1 F801
G1 X62.767 Y52.052 E.02031
G1 X63.204 Y52.619 E.02422
G1 X61.223 Y54.447 E.09123
G1 X60.63 Y53.697 E.03234
G1 X60.172 Y53.035 E.02727
G1 X59.897 Y52.589 E.01773
G1 X62.396 Y51.569 E.09134
M204 S500
G1 X62.6 Y51.023 F7200
;TYPE:Outer wall
G1 F801
G1 X63.109 Y51.794 E.03126
G1 X63.47 Y52.272 E.02028
G1 X63.8 Y52.653 E.01704
G1 X61.19 Y55.06 E.12019
G1 X60.783 Y54.593 E.02098
G1 X60.197 Y53.825 E.03269
G1 X59.801 Y53.25 E.02365
G1 X59.294 Y52.372 E.03431
G1 X62.563 Y51.038 E.11951
M204 S10000
G1 E-.8 F1800
G1 X60.495 Y52.784 Z20.4 F7200
G1 Z20
G1 E.8 F1800
M204 S500
;TYPE:Internal solid infill
G1 F801
G1 X60.884 Y53.35 E.02323
G1 X61.266 Y53.853 E.02138
M73 P68 R6
G1 X62.655 Y52.572 E.06394
G1 X62.282 Y52.056 E.02157
G1 X60.532 Y52.769 E.06394
M204 S10000
G1 X61.272 Y52.875 F7200
M204 S500
;WIDTH:0.390959
G1 F801
G1 X61.072 Y52.957 E.00627
G1 X61.312 Y53.297 E.01205
G1 X62.148 Y52.521 E.033
G1 X61.309 Y52.86 E.02618
M204 S10000
G1 E-.8 F1800
G1 X60.65 Y46.707 Z20.4 F7200
G1 Z20
G1 E.8 F1800
M204 S1500
;TYPE:Inner wall
;WIDTH:0.449999
G1 F801
G1 X58.048 Y47.562 E.09271
G1 X57.967 Y47.033 E.01812
G1 X57.887 Y46.219 E.0277
G1 X57.855 Y45.288 E.03153
G1 X60.548 Y45.396 E.09123
G1 X60.582 Y46.111 E.02422
G1 X60.646 Y46.667 E.01895
M204 S500
G1 X61.123 Y47.003 F7200
;TYPE:Outer wall
G1 F801
G1 X57.73 Y48.118 E.12089
G1 X57.655 Y47.821 E.01036
G1 X57.543 Y47.098 E.02475
G1 X57.461 Y46.273 E.02807
G1 X57.424 Y45.445 E.02805
G1 X57.432 Y44.842 E.02043
G1 X60.98 Y44.985 E.12019
G1 X60.976 Y45.5 E.01745
G1 X61.019 Y46.236 E.02494
G1 X61.118 Y46.963 E.02485
M204 S10000
G1 E-.8 F1800
G1 X58.387 Y47.022 Z20.4 F7200
G1 Z20
G1 E.8 F1800
M204 S500
;TYPE:Internal solid infill
G1 F801
G1 X60.203 Y46.426 E.06471
G1 X60.156 Y45.788 E.02164
G1 X58.272 Y45.712 E.0638
G1 X58.294 Y46.212 E.01694
G1 X58.382 Y46.983 E.02626
M204 S10000
G1 X58.709 Y46.519 F7200
M204 S500
;WIDTH:0.390668
G1 F801
G1 X59.799 Y46.161 E.03318
G1 X58.667 Y46.106 E.03277
G1 X58.705 Y46.479 E.01086
; stop printing object fidget-finger-massager-2000-roller_round.stl id:15 copy 0
;LAYER_CHANGE
;Z:20.2
;HEIGHT:0.200001
G92 E0
;_SET_FAN_SPEED_CHANGING_LAYER
; printing object fidget-finger-massager-2000-roller_round.stl id:15 copy 0
M204 S10000
G1 E-.8 F1800
G1 X62.433 Y51.554 Z20.6 F7200
G1 Z20.2
G1 E.8 F1800
M204 S1500
;TYPE:Inner wall
;WIDTH:0.449999
G1 F801
G1 X62.767 Y52.052 E.02031
G1 X63.204 Y52.619 E.02422
G1 X61.223 Y54.447 E.09123
G1 X60.63 Y53.697 E.03234
G1 X60.172 Y53.035 E.02727
G1 X59.897 Y52.589 E.01773
G1 X62.396 Y51.569 E.09134
M204 S500
G1 X62.6 Y51.023 F7200
;TYPE:Outer wall
G1 F801
G1 X63.109 Y51.794 E.03126
G1 X63.47 Y52.272 E.02028
G1 X63.8 Y52.653 E.01704
G1 X61.19 Y55.06 E.12019
G1 X60.783 Y54.593 E.02098
G1 X60.197 Y53.825 E.03269
G1 X59.801 Y53.25 E.02365
G1 X59.294 Y52.372 E.03431
G1 X62.563 Y51.038 E.11951
M204 S10000
G1 E-.8 F1800
G1 X60.495 Y52.784 Z20.6 F7200
G1 Z20.2
G1 E.8 F1800
M204 S500
;TYPE:Internal solid infill
G1 F801
G1 X60.884 Y53.35 E.02323
G1 X61.266 Y53.853 E.02138
G1 X62.655 Y52.572 E.06394
G1 X62.282 Y52.056 E.02157
G1 X60.532 Y52.769 E.06394
M204 S10000
G1 X61.272 Y52.875 F7200
M204 S500
;WIDTH:0.390959
G1 F801
G1 X61.072 Y52.957 E.00627
G1 X61.312 Y53.297 E.01205
G1 X62.148 Y52.521 E.033
G1 X61.309 Y52.86 E.02618
M204 S10000
G1 E-.8 F1800
G1 X60.65 Y46.707 Z20.6 F7200
G1 Z20.2
G1 E.8 F1800
M204 S1500
;TYPE:Inner wall
;WIDTH:0.449999
G1 F801
G1 X58.048 Y47.562 E.09271
G1 X57.967 Y47.033 E.01812
G1 X57.887 Y46.219 E.0277
G1 X57.855 Y45.288 E.03153
G1 X60.548 Y45.396 E.09123
G1 X60.582 Y46.111 E.02422
G1 X60.646 Y46.667 E.01895
M204 S500
G1 X61.123 Y47.003 F7200
;TYPE:Outer wall
G1 F801
G1 X57.73 Y48.118 E.12089
G1 X57.655 Y47.821 E.01036
G1 X57.543 Y47.098 E.02475
G1 X57.461 Y46.273 E.02807
G1 X57.424 Y45.445 E.02805
G1 X57.432 Y44.842 E.02043
G1 X60.98 Y44.985 E.12019
G1 X60.976 Y45.5 E.01745
G1 X61.019 Y46.236 E.02494
G1 X61.118 Y46.963 E.02485
M204 S10000
G1 E-.8 F1800
G1 X58.387 Y47.022 Z20.6 F7200
G1 Z20.2
G1 E.8 F1800
M204 S500
;TYPE:Internal solid infill
G1 F801
G1 X60.203 Y46.426 E.06471
G1 X60.156 Y45.788 E.02164
G1 X58.272 Y45.712 E.0638
G1 X58.294 Y46.212 E.01694
G1 X58.382 Y46.983 E.02626
M204 S10000
G1 X58.709 Y46.519 F7200
M204 S500
;WIDTH:0.390668
G1 F801
G1 X59.799 Y46.161 E.03318
G1 X58.667 Y46.106 E.03277
G1 X58.705 Y46.479 E.01086
; stop printing object fidget-finger-massager-2000-roller_round.stl id:15 copy 0
;LAYER_CHANGE
;Z:20.4
;HEIGHT:0.199999
G92 E0
;_SET_FAN_SPEED_CHANGING_LAYER
; printing object fidget-finger-massager-2000-roller_round.stl id:15 copy 0
M204 S10000
G1 E-.8 F1800
G1 X62.433 Y51.554 Z20.8 F7200
G1 Z20.4
G1 E.8 F1800
M204 S1500
;TYPE:Inner wall
;WIDTH:0.449999
G1 F801
G1 X62.767 Y52.052 E.02031
G1 X63.204 Y52.619 E.02422
G1 X61.223 Y54.447 E.09123
G1 X60.63 Y53.697 E.03234
G1 X60.172 Y53.035 E.02727
G1 X59.897 Y52.589 E.01773
G1 X62.396 Y51.569 E.09134
M204 S500
G1 X62.6 Y51.023 F7200
;TYPE:Outer wall
G1 F801
G1 X63.109 Y51.794 E.03126
G1 X63.47 Y52.272 E.02028
G1 X63.8 Y52.653 E.01704
G1 X61.19 Y55.06 E.12019
G1 X60.783 Y54.593 E.02098
G1 X60.197 Y53.825 E.03269
G1 X59.801 Y53.25 E.02365
G1 X59.294 Y52.372 E.03431
G1 X62.563 Y51.038 E.11951
M204 S10000
G1 E-.8 F1800
G1 X60.495 Y52.784 Z20.8 F7200
G1 Z20.4
G1 E.8 F1800
M204 S500
;TYPE:Internal solid infill
G1 F801
G1 X60.884 Y53.35 E.02323
G1 X61.266 Y53.853 E.02138
G1 X62.655 Y52.572 E.06394
G1 X62.282 Y52.056 E.02157
G1 X60.532 Y52.769 E.06394
M204 S10000
G1 X61.272 Y52.875 F7200
M204 S500
;WIDTH:0.390959
G1 F801
G1 X61.072 Y52.957 E.00627
G1 X61.312 Y53.297 E.01205
G1 X62.148 Y52.521 E.033
G1 X61.309 Y52.86 E.02618
M204 S10000
G1 E-.8 F1800
G1 X60.65 Y46.707 Z20.8 F7200
G1 Z20.4
G1 E.8 F1800
M73 P69 R6
M204 S1500
;TYPE:Inner wall
;WIDTH:0.449999
G1 F801
G1 X58.048 Y47.562 E.09271
G1 X57.967 Y47.033 E.01812
G1 X57.887 Y46.219 E.0277
G1 X57.855 Y45.288 E.03153
G1 X60.548 Y45.396 E.09123
G1 X60.582 Y46.111 E.02422
G1 X60.646 Y46.667 E.01895
M204 S500
G1 X61.123 Y47.003 F7200
;TYPE:Outer wall
G1 F801
G1 X57.73 Y48.118 E.12089
G1 X57.655 Y47.821 E.01036
G1 X57.543 Y47.098 E.02475
G1 X57.461 Y46.273 E.02807
G1 X57.424 Y45.445 E.02805
G1 X57.432 Y44.842 E.02043
G1 X60.98 Y44.985 E.12019
G1 X60.976 Y45.5 E.01745
G1 X61.019 Y46.236 E.02494
G1 X61.118 Y46.963 E.02485
M204 S10000
G1 E-.8 F1800
G1 X58.387 Y47.022 Z20.8 F7200
G1 Z20.4
G1 E.8 F1800
M204 S500
;TYPE:Internal solid infill
G1 F801
G1 X60.203 Y46.426 E.06471
G1 X60.156 Y45.788 E.02164
G1 X58.272 Y45.712 E.0638
G1 X58.294 Y46.212 E.01694
G1 X58.382 Y46.983 E.02626
M204 S10000
G1 X58.709 Y46.519 F7200
M204 S500
;WIDTH:0.390668
G1 F801
G1 X59.799 Y46.161 E.03318
G1 X58.667 Y46.106 E.03277
G1 X58.705 Y46.479 E.01086
; stop printing object fidget-finger-massager-2000-roller_round.stl id:15 copy 0
;LAYER_CHANGE
;Z:20.6
;HEIGHT:0.200001
G92 E0
;_SET_FAN_SPEED_CHANGING_LAYER
; printing object fidget-finger-massager-2000-roller_round.stl id:15 copy 0
M204 S10000
G1 E-.8 F1800
G1 X62.433 Y51.554 Z21 F7200
G1 Z20.6
G1 E.8 F1800
M204 S1500
;TYPE:Inner wall
;WIDTH:0.449999
G1 F801
G1 X62.767 Y52.052 E.02031
G1 X63.204 Y52.619 E.02422
G1 X61.223 Y54.447 E.09123
G1 X60.63 Y53.698 E.03234
G1 X60.172 Y53.035 E.02727
G1 X59.897 Y52.589 E.01773
G1 X62.396 Y51.569 E.09134
M204 S500
G1 X62.6 Y51.023 F7200
;TYPE:Outer wall
G1 F801
G1 X63.109 Y51.794 E.03126
G1 X63.47 Y52.272 E.02028
G1 X63.8 Y52.653 E.01704
G1 X61.19 Y55.06 E.12019
G1 X60.783 Y54.593 E.02098
G1 X60.197 Y53.825 E.03269
G1 X59.801 Y53.25 E.02365
G1 X59.294 Y52.372 E.03431
G1 X62.563 Y51.038 E.11951
M204 S10000
G1 E-.8 F1800
G1 X60.495 Y52.784 Z21 F7200
G1 Z20.6
G1 E.8 F1800
M204 S500
;TYPE:Internal solid infill
G1 F801
G1 X60.884 Y53.35 E.02323
G1 X61.266 Y53.853 E.02138
G1 X62.655 Y52.572 E.06394
G1 X62.282 Y52.056 E.02157
G1 X60.532 Y52.769 E.06394
M204 S10000
G1 X61.272 Y52.875 F7200
M204 S500
;WIDTH:0.390959
G1 F801
G1 X61.072 Y52.957 E.00627
G1 X61.312 Y53.297 E.01205
G1 X62.148 Y52.521 E.033
G1 X61.309 Y52.86 E.02618
M204 S10000
G1 E-.8 F1800
G1 X60.65 Y46.707 Z21 F7200
G1 Z20.6
G1 E.8 F1800
M204 S1500
;TYPE:Inner wall
;WIDTH:0.449999
G1 F801
G1 X58.048 Y47.562 E.09271
G1 X57.967 Y47.033 E.01812
G1 X57.887 Y46.219 E.0277
G1 X57.855 Y45.288 E.03153
G1 X60.548 Y45.396 E.09123
G1 X60.582 Y46.111 E.02422
G1 X60.646 Y46.667 E.01895
M204 S500
G1 X61.123 Y47.003 F7200
;TYPE:Outer wall
G1 F801
G1 X57.73 Y48.118 E.12089
G1 X57.655 Y47.821 E.01036
G1 X57.543 Y47.098 E.02475
G1 X57.461 Y46.273 E.02807
G1 X57.424 Y45.445 E.02805
G1 X57.432 Y44.842 E.02043
G1 X60.98 Y44.985 E.12019
G1 X60.976 Y45.5 E.01745
G1 X61.019 Y46.236 E.02494
G1 X61.118 Y46.963 E.02485
M204 S10000
G1 E-.8 F1800
G1 X58.387 Y47.022 Z21 F7200
G1 Z20.6
G1 E.8 F1800
M204 S500
;TYPE:Internal solid infill
G1 F801
G1 X60.203 Y46.426 E.06471
G1 X60.156 Y45.788 E.02164
G1 X58.272 Y45.712 E.0638
G1 X58.294 Y46.212 E.01694
G1 X58.382 Y46.983 E.02626
M204 S10000
G1 X58.709 Y46.519 F7200
M204 S500
;WIDTH:0.390668
G1 F801
G1 X59.799 Y46.161 E.03318
G1 X58.667 Y46.106 E.03277
G1 X58.705 Y46.479 E.01086
; stop printing object fidget-finger-massager-2000-roller_round.stl id:15 copy 0
;LAYER_CHANGE
;Z:20.8
;HEIGHT:0.199999
G92 E0
;_SET_FAN_SPEED_CHANGING_LAYER
; printing object fidget-finger-massager-2000-roller_round.stl id:15 copy 0
M204 S10000
G1 E-.8 F1800
G1 X62.433 Y51.554 Z21.2 F7200
G1 Z20.8
G1 E.8 F1800
M204 S1500
;TYPE:Inner wall
;WIDTH:0.449999
G1 F801
G1 X62.767 Y52.052 E.02031
G1 X63.204 Y52.619 E.02422
G1 X61.223 Y54.447 E.09123
G1 X60.63 Y53.698 E.03234
G1 X60.172 Y53.035 E.02727
G1 X59.897 Y52.589 E.01773
G1 X62.396 Y51.569 E.09134
M204 S500
G1 X62.6 Y51.023 F7200
;TYPE:Outer wall
G1 F801
G1 X63.109 Y51.794 E.03126
G1 X63.47 Y52.272 E.02028
G1 X63.8 Y52.653 E.01704
G1 X61.19 Y55.06 E.12019
G1 X60.783 Y54.593 E.02098
G1 X60.197 Y53.825 E.03269
G1 X59.801 Y53.25 E.02365
G1 X59.294 Y52.372 E.03431
G1 X62.563 Y51.038 E.11951
M204 S10000
G1 E-.8 F1800
G1 X60.495 Y52.784 Z21.2 F7200
G1 Z20.8
G1 E.8 F1800
M204 S500
;TYPE:Internal solid infill
G1 F801
G1 X60.884 Y53.35 E.02323
G1 X61.266 Y53.853 E.02138
G1 X62.655 Y52.572 E.06394
G1 X62.282 Y52.056 E.02157
G1 X60.532 Y52.769 E.06394
M204 S10000
G1 X61.272 Y52.875 F7200
M204 S500
;WIDTH:0.39096
G1 F801
G1 X61.072 Y52.957 E.00627
G1 X61.312 Y53.297 E.01205
G1 X62.148 Y52.521 E.033
G1 X61.309 Y52.86 E.02618
M204 S10000
G1 E-.8 F1800
G1 X60.65 Y46.707 Z21.2 F7200
G1 Z20.8
G1 E.8 F1800
M204 S1500
;TYPE:Inner wall
;WIDTH:0.449999
G1 F801
G1 X58.048 Y47.562 E.09271
G1 X57.967 Y47.033 E.01812
G1 X57.887 Y46.219 E.0277
G1 X57.855 Y45.288 E.03153
G1 X60.548 Y45.396 E.09123
G1 X60.582 Y46.111 E.02422
G1 X60.646 Y46.667 E.01895
M204 S500
G1 X61.123 Y47.003 F7200
;TYPE:Outer wall
G1 F801
G1 X57.73 Y48.118 E.12089
G1 X57.655 Y47.821 E.01036
M73 P70 R6
G1 X57.543 Y47.098 E.02475
G1 X57.461 Y46.273 E.02807
G1 X57.424 Y45.445 E.02805
G1 X57.432 Y44.842 E.02043
G1 X60.98 Y44.985 E.12019
G1 X60.976 Y45.5 E.01745
G1 X61.019 Y46.236 E.02494
G1 X61.118 Y46.963 E.02485
M204 S10000
G1 E-.8 F1800
G1 X58.387 Y47.022 Z21.2 F7200
G1 Z20.8
G1 E.8 F1800
M204 S500
;TYPE:Internal solid infill
G1 F801
G1 X60.203 Y46.426 E.06471
G1 X60.156 Y45.788 E.02164
G1 X58.272 Y45.712 E.0638
G1 X58.294 Y46.212 E.01694
G1 X58.382 Y46.983 E.02626
M204 S10000
G1 X58.709 Y46.519 F7200
M204 S500
;WIDTH:0.390668
G1 F801
G1 X59.799 Y46.161 E.03318
G1 X58.667 Y46.106 E.03277
G1 X58.705 Y46.479 E.01086
; stop printing object fidget-finger-massager-2000-roller_round.stl id:15 copy 0
;LAYER_CHANGE
;Z:21
;HEIGHT:0.200001
G92 E0
;_SET_FAN_SPEED_CHANGING_LAYER
; printing object fidget-finger-massager-2000-roller_round.stl id:15 copy 0
M204 S10000
G1 E-.8 F1800
G1 X62.433 Y51.554 Z21.4 F7200
G1 Z21
G1 E.8 F1800
M204 S1500
;TYPE:Inner wall
;WIDTH:0.449999
G1 F801
G1 X62.767 Y52.052 E.02031
G1 X63.204 Y52.619 E.02422
G1 X61.223 Y54.447 E.09123
G1 X60.63 Y53.697 E.03234
G1 X60.172 Y53.035 E.02727
G1 X59.897 Y52.589 E.01773
G1 X62.396 Y51.569 E.09134
M204 S500
G1 X62.6 Y51.023 F7200
;TYPE:Outer wall
G1 F801
G1 X63.109 Y51.794 E.03126
G1 X63.47 Y52.272 E.02028
G1 X63.8 Y52.653 E.01704
G1 X61.19 Y55.06 E.12019
G1 X60.783 Y54.593 E.02098
G1 X60.197 Y53.825 E.03269
G1 X59.801 Y53.25 E.02365
G1 X59.294 Y52.372 E.03431
G1 X62.563 Y51.038 E.11951
M204 S10000
G1 E-.8 F1800
G1 X60.495 Y52.784 Z21.4 F7200
G1 Z21
G1 E.8 F1800
M204 S500
;TYPE:Internal solid infill
G1 F801
G1 X60.884 Y53.35 E.02323
G1 X61.266 Y53.853 E.02138
G1 X62.655 Y52.572 E.06394
G1 X62.282 Y52.056 E.02157
G1 X60.532 Y52.769 E.06394
M204 S10000
G1 X61.272 Y52.875 F7200
M204 S500
;WIDTH:0.39096
G1 F801
G1 X61.072 Y52.957 E.00627
G1 X61.312 Y53.297 E.01205
G1 X62.148 Y52.521 E.033
G1 X61.309 Y52.86 E.02618
M204 S10000
G1 E-.8 F1800
G1 X60.65 Y46.707 Z21.4 F7200
G1 Z21
G1 E.8 F1800
M204 S1500
;TYPE:Inner wall
;WIDTH:0.449999
G1 F801
G1 X58.048 Y47.562 E.09271
G1 X57.967 Y47.033 E.01812
G1 X57.887 Y46.219 E.0277
G1 X57.855 Y45.288 E.03153
G1 X60.548 Y45.396 E.09123
G1 X60.582 Y46.111 E.02422
G1 X60.646 Y46.667 E.01895
M204 S500
G1 X61.123 Y47.003 F7200
;TYPE:Outer wall
G1 F801
G1 X57.73 Y48.118 E.12089
G1 X57.655 Y47.821 E.01036
G1 X57.543 Y47.098 E.02475
G1 X57.461 Y46.273 E.02807
G1 X57.424 Y45.445 E.02805
G1 X57.432 Y44.842 E.02043
G1 X60.98 Y44.985 E.12019
G1 X60.976 Y45.5 E.01745
G1 X61.019 Y46.236 E.02494
G1 X61.118 Y46.963 E.02485
M204 S10000
G1 E-.8 F1800
G1 X58.387 Y47.022 Z21.4 F7200
G1 Z21
G1 E.8 F1800
M204 S500
;TYPE:Internal solid infill
G1 F801
G1 X60.203 Y46.426 E.06471
G1 X60.156 Y45.788 E.02164
G1 X58.272 Y45.712 E.0638
G1 X58.294 Y46.212 E.01694
G1 X58.382 Y46.983 E.02626
M204 S10000
G1 X58.709 Y46.519 F7200
M204 S500
;WIDTH:0.390668
G1 F801
G1 X59.799 Y46.161 E.03318
G1 X58.667 Y46.106 E.03277
G1 X58.705 Y46.479 E.01086
; stop printing object fidget-finger-massager-2000-roller_round.stl id:15 copy 0
;LAYER_CHANGE
;Z:21.2
;HEIGHT:0.200001
G92 E0
;_SET_FAN_SPEED_CHANGING_LAYER
; printing object fidget-finger-massager-2000-roller_round.stl id:15 copy 0
M204 S10000
G1 E-.8 F1800
G1 X62.433 Y51.554 Z21.6 F7200
G1 Z21.2
G1 E.8 F1800
M204 S1500
;TYPE:Inner wall
;WIDTH:0.449999
G1 F801
G1 X62.767 Y52.052 E.02031
G1 X63.204 Y52.619 E.02422
G1 X61.223 Y54.447 E.09123
G1 X60.63 Y53.697 E.03234
G1 X60.172 Y53.035 E.02727
G1 X59.897 Y52.589 E.01773
G1 X62.396 Y51.569 E.09134
M204 S500
G1 X62.6 Y51.023 F7200
;TYPE:Outer wall
G1 F801
G1 X63.109 Y51.794 E.03126
G1 X63.47 Y52.272 E.02028
G1 X63.8 Y52.653 E.01704
G1 X61.19 Y55.06 E.12019
G1 X60.783 Y54.593 E.02098
G1 X60.197 Y53.825 E.03269
G1 X59.801 Y53.25 E.02365
G1 X59.294 Y52.372 E.03431
G1 X62.563 Y51.038 E.11951
M204 S10000
G1 E-.8 F1800
G1 X60.495 Y52.784 Z21.6 F7200
G1 Z21.2
G1 E.8 F1800
M204 S500
;TYPE:Internal solid infill
G1 F801
G1 X60.884 Y53.35 E.02323
G1 X61.266 Y53.853 E.02138
G1 X62.655 Y52.572 E.06394
G1 X62.282 Y52.056 E.02157
G1 X60.532 Y52.769 E.06394
M204 S10000
G1 X61.272 Y52.875 F7200
M204 S500
;WIDTH:0.390959
G1 F801
G1 X61.072 Y52.957 E.00627
G1 X61.312 Y53.297 E.01205
G1 X62.148 Y52.521 E.033
G1 X61.309 Y52.86 E.02618
M204 S10000
G1 E-.8 F1800
G1 X60.65 Y46.707 Z21.6 F7200
G1 Z21.2
G1 E.8 F1800
M204 S1500
;TYPE:Inner wall
;WIDTH:0.449999
G1 F801
G1 X58.048 Y47.562 E.09271
G1 X57.967 Y47.033 E.01812
G1 X57.887 Y46.219 E.0277
G1 X57.855 Y45.288 E.03153
G1 X60.548 Y45.396 E.09123
G1 X60.582 Y46.111 E.02422
G1 X60.646 Y46.667 E.01895
M204 S500
G1 X61.123 Y47.003 F7200
;TYPE:Outer wall
G1 F801
G1 X57.73 Y48.118 E.12089
G1 X57.655 Y47.821 E.01036
G1 X57.543 Y47.098 E.02475
G1 X57.461 Y46.273 E.02807
G1 X57.424 Y45.445 E.02805
G1 X57.432 Y44.842 E.02043
G1 X60.98 Y44.985 E.12019
G1 X60.976 Y45.5 E.01745
G1 X61.019 Y46.236 E.02494
G1 X61.118 Y46.963 E.02485
M204 S10000
G1 E-.8 F1800
G1 X58.387 Y47.022 Z21.6 F7200
G1 Z21.2
G1 E.8 F1800
M73 P71 R6
M204 S500
;TYPE:Internal solid infill
G1 F801
G1 X60.203 Y46.426 E.06471
G1 X60.156 Y45.788 E.02164
G1 X58.272 Y45.712 E.0638
G1 X58.294 Y46.212 E.01694
G1 X58.382 Y46.983 E.02626
M204 S10000
G1 X58.709 Y46.519 F7200
M204 S500
;WIDTH:0.390668
G1 F801
G1 X59.799 Y46.161 E.03318
G1 X58.667 Y46.106 E.03277
G1 X58.705 Y46.479 E.01086
; stop printing object fidget-finger-massager-2000-roller_round.stl id:15 copy 0
;LAYER_CHANGE
;Z:21.4
;HEIGHT:0.199999
G92 E0
;_SET_FAN_SPEED_CHANGING_LAYER
; printing object fidget-finger-massager-2000-roller_round.stl id:15 copy 0
M204 S10000
G1 E-.8 F1800
G1 X62.433 Y51.554 Z21.8 F7200
G1 Z21.4
G1 E.8 F1800
M204 S1500
;TYPE:Inner wall
;WIDTH:0.449999
G1 F801
G1 X62.767 Y52.052 E.02031
G1 X63.204 Y52.619 E.02422
G1 X61.223 Y54.447 E.09123
G1 X60.63 Y53.697 E.03234
G1 X60.172 Y53.035 E.02727
M73 P71 R5
G1 X59.897 Y52.589 E.01773
G1 X62.396 Y51.569 E.09134
M204 S500
G1 X62.6 Y51.023 F7200
;TYPE:Outer wall
G1 F801
G1 X63.109 Y51.794 E.03126
G1 X63.47 Y52.272 E.02028
G1 X63.8 Y52.653 E.01704
G1 X61.19 Y55.06 E.12019
G1 X60.783 Y54.593 E.02098
G1 X60.197 Y53.825 E.03269
G1 X59.801 Y53.25 E.02365
G1 X59.294 Y52.372 E.03431
G1 X62.563 Y51.038 E.11951
M204 S10000
G1 E-.8 F1800
G1 X60.495 Y52.784 Z21.8 F7200
G1 Z21.4
G1 E.8 F1800
M204 S500
;TYPE:Internal solid infill
G1 F801
G1 X60.884 Y53.35 E.02323
G1 X61.266 Y53.853 E.02138
G1 X62.655 Y52.572 E.06394
G1 X62.282 Y52.056 E.02157
G1 X60.532 Y52.769 E.06394
M204 S10000
G1 X61.272 Y52.875 F7200
M204 S500
;WIDTH:0.390959
G1 F801
G1 X61.072 Y52.957 E.00627
G1 X61.312 Y53.297 E.01205
G1 X62.148 Y52.521 E.033
G1 X61.309 Y52.86 E.02618
M204 S10000
G1 E-.8 F1800
G1 X60.65 Y46.707 Z21.8 F7200
G1 Z21.4
G1 E.8 F1800
M204 S1500
;TYPE:Inner wall
;WIDTH:0.449999
G1 F801
G1 X58.048 Y47.562 E.09271
G1 X57.967 Y47.033 E.01812
G1 X57.887 Y46.219 E.0277
G1 X57.855 Y45.288 E.03153
G1 X60.548 Y45.396 E.09123
G1 X60.582 Y46.111 E.02422
G1 X60.646 Y46.667 E.01895
M204 S500
G1 X61.123 Y47.003 F7200
;TYPE:Outer wall
G1 F801
G1 X57.73 Y48.118 E.12089
G1 X57.655 Y47.821 E.01036
G1 X57.543 Y47.098 E.02475
G1 X57.461 Y46.273 E.02807
G1 X57.424 Y45.445 E.02805
G1 X57.432 Y44.842 E.02043
G1 X60.98 Y44.985 E.12019
G1 X60.976 Y45.5 E.01745
G1 X61.019 Y46.236 E.02494
G1 X61.118 Y46.963 E.02485
M204 S10000
G1 E-.8 F1800
G1 X58.387 Y47.022 Z21.8 F7200
G1 Z21.4
G1 E.8 F1800
M204 S500
;TYPE:Internal solid infill
G1 F801
G1 X60.203 Y46.426 E.06471
G1 X60.156 Y45.788 E.02164
G1 X58.272 Y45.712 E.0638
G1 X58.294 Y46.212 E.01694
G1 X58.382 Y46.983 E.02626
M204 S10000
G1 X58.709 Y46.519 F7200
M204 S500
;WIDTH:0.390668
G1 F801
G1 X59.799 Y46.161 E.03318
G1 X58.667 Y46.106 E.03277
G1 X58.705 Y46.479 E.01086
; stop printing object fidget-finger-massager-2000-roller_round.stl id:15 copy 0
;LAYER_CHANGE
;Z:21.6
;HEIGHT:0.200001
G92 E0
;_SET_FAN_SPEED_CHANGING_LAYER
; printing object fidget-finger-massager-2000-roller_round.stl id:15 copy 0
M204 S10000
G1 E-.8 F1800
G1 X62.433 Y51.554 Z22 F7200
G1 Z21.6
G1 E.8 F1800
M204 S1500
;TYPE:Inner wall
;WIDTH:0.449999
G1 F801
G1 X62.767 Y52.052 E.02031
G1 X63.204 Y52.619 E.02422
G1 X61.223 Y54.447 E.09123
G1 X60.63 Y53.697 E.03234
G1 X60.172 Y53.035 E.02727
G1 X59.897 Y52.589 E.01773
G1 X62.396 Y51.569 E.09134
M204 S500
G1 X62.6 Y51.023 F7200
;TYPE:Outer wall
G1 F801
G1 X63.109 Y51.794 E.03126
G1 X63.47 Y52.272 E.02028
G1 X63.8 Y52.653 E.01704
G1 X61.19 Y55.06 E.12019
G1 X60.783 Y54.593 E.02098
G1 X60.197 Y53.825 E.03269
G1 X59.801 Y53.25 E.02365
G1 X59.294 Y52.372 E.03431
G1 X62.563 Y51.038 E.11951
M204 S10000
G1 E-.8 F1800
G1 X60.495 Y52.784 Z22 F7200
G1 Z21.6
G1 E.8 F1800
M204 S500
;TYPE:Internal solid infill
G1 F801
G1 X60.884 Y53.35 E.02323
G1 X61.266 Y53.853 E.02138
G1 X62.655 Y52.572 E.06394
G1 X62.282 Y52.056 E.02157
G1 X60.532 Y52.769 E.06394
M204 S10000
G1 X61.272 Y52.875 F7200
M204 S500
;WIDTH:0.390959
G1 F801
G1 X61.072 Y52.957 E.00627
G1 X61.312 Y53.297 E.01205
G1 X62.148 Y52.521 E.033
G1 X61.309 Y52.86 E.02618
M204 S10000
G1 E-.8 F1800
G1 X60.65 Y46.707 Z22 F7200
G1 Z21.6
G1 E.8 F1800
M204 S1500
;TYPE:Inner wall
;WIDTH:0.449999
G1 F801
G1 X58.048 Y47.562 E.09271
G1 X57.967 Y47.033 E.01812
G1 X57.887 Y46.219 E.0277
G1 X57.855 Y45.288 E.03153
G1 X60.548 Y45.396 E.09123
G1 X60.582 Y46.111 E.02422
G1 X60.646 Y46.667 E.01895
M204 S500
G1 X61.123 Y47.003 F7200
;TYPE:Outer wall
G1 F801
G1 X57.73 Y48.118 E.12089
G1 X57.655 Y47.821 E.01036
G1 X57.543 Y47.098 E.02475
G1 X57.461 Y46.273 E.02807
G1 X57.424 Y45.445 E.02805
G1 X57.432 Y44.842 E.02043
G1 X60.98 Y44.985 E.12019
G1 X60.976 Y45.5 E.01745
G1 X61.019 Y46.236 E.02494
G1 X61.118 Y46.963 E.02485
M204 S10000
G1 E-.8 F1800
G1 X58.387 Y47.022 Z22 F7200
G1 Z21.6
G1 E.8 F1800
M204 S500
;TYPE:Internal solid infill
G1 F801
G1 X60.203 Y46.426 E.06471
G1 X60.156 Y45.788 E.02164
G1 X58.272 Y45.712 E.0638
G1 X58.294 Y46.212 E.01694
G1 X58.382 Y46.983 E.02626
M204 S10000
G1 X58.709 Y46.519 F7200
M204 S500
;WIDTH:0.390668
G1 F801
G1 X59.799 Y46.161 E.03318
G1 X58.667 Y46.106 E.03277
G1 X58.705 Y46.479 E.01086
; stop printing object fidget-finger-massager-2000-roller_round.stl id:15 copy 0
;LAYER_CHANGE
;Z:21.8
;HEIGHT:0.199999
G92 E0
;_SET_FAN_SPEED_CHANGING_LAYER
; printing object fidget-finger-massager-2000-roller_round.stl id:15 copy 0
M204 S10000
G1 E-.8 F1800
G1 X62.433 Y51.554 Z22.2 F7200
G1 Z21.8
M73 P72 R5
G1 E.8 F1800
M204 S1500
;TYPE:Inner wall
;WIDTH:0.449999
G1 F801
G1 X62.767 Y52.052 E.0203
G1 X63.204 Y52.619 E.02422
G1 X61.223 Y54.447 E.09123
G1 X60.63 Y53.697 E.03234
G1 X60.172 Y53.035 E.02727
G1 X59.897 Y52.589 E.01773
G1 X62.396 Y51.569 E.09135
M204 S500
G1 X62.601 Y51.023 F7200
;TYPE:Outer wall
G1 F801
G1 X63.109 Y51.794 E.03126
G1 X63.47 Y52.272 E.02028
G1 X63.8 Y52.653 E.01704
G1 X61.19 Y55.06 E.12019
G1 X60.783 Y54.593 E.02098
G1 X60.197 Y53.825 E.03269
G1 X59.801 Y53.25 E.02365
G1 X59.294 Y52.372 E.03431
G1 X62.564 Y51.038 E.11952
M204 S10000
G1 E-.8 F1800
G1 X60.495 Y52.784 Z22.2 F7200
G1 Z21.8
G1 E.8 F1800
M204 S500
;TYPE:Internal solid infill
G1 F801
G1 X60.884 Y53.35 E.02323
G1 X61.266 Y53.853 E.02138
G1 X62.655 Y52.572 E.06394
G1 X62.282 Y52.055 E.02156
G1 X60.532 Y52.769 E.06395
M204 S10000
G1 X61.272 Y52.875 F7200
M204 S500
;WIDTH:0.390959
G1 F801
G1 X61.072 Y52.957 E.00627
G1 X61.312 Y53.297 E.01205
G1 X62.148 Y52.521 E.03301
G1 X61.309 Y52.86 E.02618
M204 S10000
G1 E-.8 F1800
G1 X60.65 Y46.707 Z22.2 F7200
G1 Z21.8
G1 E.8 F1800
M204 S1500
;TYPE:Inner wall
;WIDTH:0.449999
G1 F801
G1 X58.048 Y47.562 E.09271
G1 X57.967 Y47.033 E.01812
G1 X57.887 Y46.219 E.0277
G1 X57.855 Y45.288 E.03153
G1 X60.548 Y45.396 E.09123
G1 X60.582 Y46.111 E.02422
G1 X60.646 Y46.667 E.01895
M204 S500
G1 X61.123 Y47.003 F7200
;TYPE:Outer wall
G1 F801
G1 X57.73 Y48.118 E.12089
G1 X57.655 Y47.821 E.01036
G1 X57.543 Y47.098 E.02475
G1 X57.461 Y46.273 E.02807
G1 X57.424 Y45.445 E.02805
G1 X57.432 Y44.842 E.02043
G1 X60.98 Y44.985 E.12019
G1 X60.976 Y45.5 E.01745
G1 X61.019 Y46.236 E.02494
G1 X61.118 Y46.963 E.02485
M204 S10000
G1 E-.8 F1800
G1 X58.387 Y47.022 Z22.2 F7200
G1 Z21.8
G1 E.8 F1800
M204 S500
;TYPE:Internal solid infill
G1 F801
G1 X60.203 Y46.426 E.06471
G1 X60.156 Y45.788 E.02164
G1 X58.272 Y45.712 E.0638
G1 X58.294 Y46.212 E.01694
G1 X58.382 Y46.983 E.02626
M204 S10000
G1 X58.709 Y46.519 F7200
M204 S500
;WIDTH:0.390667
G1 F801
G1 X59.799 Y46.161 E.03318
G1 X58.667 Y46.106 E.03277
G1 X58.705 Y46.479 E.01086
; stop printing object fidget-finger-massager-2000-roller_round.stl id:15 copy 0
;LAYER_CHANGE
;Z:22
;HEIGHT:0.200001
G92 E0
;_SET_FAN_SPEED_CHANGING_LAYER
; printing object fidget-finger-massager-2000-roller_round.stl id:15 copy 0
M204 S10000
G1 E-.8 F1800
G1 X62.251 Y51.281 Z22.4 F7200
G1 Z22
G1 E.8 F1800
M204 S1500
;TYPE:Inner wall
;WIDTH:0.449999
G1 F1212
G1 X62.265 Y51.307 E.00101
G1 X62.685 Y51.944 E.02582
G1 X63.204 Y52.619 E.02881
G1 X61.223 Y54.447 E.09123
G1 X60.616 Y53.678 E.03315
G1 X60.153 Y53.004 E.02767
G1 X59.781 Y52.396 E.02414
G1 X59.481 Y51.836 E.02149
M204 S250
;TYPE:Overhang wall
M106 S255
G1 X59.358 Y51.607 E.00883
G1 X59.008 Y50.849 E.02825
G1 X58.702 Y50.072 E.02824
G1 X58.442 Y49.28 E.02824
G1 X58.216 Y48.405 E.03056
M204 S1500
;TYPE:Inner wall
M106 S252
G1 X58.019 Y47.374 E.03555
G1 X57.947 Y46.828 E.01864
G1 X57.887 Y46.219 E.02072
G1 X57.855 Y45.288 E.03153
G1 X60.548 Y45.396 E.09123
G1 X60.646 Y46.708 E.04453
G1 X60.792 Y47.559 E.02922
M204 S250
;TYPE:Overhang wall
M106 S255
G1 X60.871 Y47.954 E.01365
G1 X61.05 Y48.608 E.02295
G1 X61.266 Y49.251 E.02295
G1 X61.52 Y49.88 E.02295
G1 X61.812 Y50.498 E.02318
G1 X61.989 Y50.813 E.01222
M204 S1500
;TYPE:Inner wall
M106 S252
G1 X62.231 Y51.246 E.0168
M204 S500
G1 X62.636 Y51.091 F7200
;TYPE:Outer wall
G1 F1212
G1 X63.027 Y51.686 E.02409
G1 X63.47 Y52.272 E.02486
G1 X63.8 Y52.653 E.01704
G1 X61.19 Y55.06 E.12019
G1 X60.793 Y54.605 E.02043
G1 X60.284 Y53.951 E.02805
G1 X59.813 Y53.269 E.02806
G1 X59.427 Y52.643 E.02489
G1 X59.078 Y52.001 E.02474
M204 S250
;TYPE:Overhang wall
M106 S255
G1 X58.65 Y51.109 E.03347
G1 X58.33 Y50.312 E.02909
G1 X58.057 Y49.497 E.02909
G1 X57.806 Y48.54 E.03347
M204 S500
;TYPE:Outer wall
M106 S252
G1 X57.655 Y47.825 E.02474
G1 X57.543 Y47.098 E.02489
G1 X57.461 Y46.273 E.02807
G1 X57.424 Y45.445 E.02805
G1 X57.432 Y44.842 E.02043
G1 X60.98 Y44.985 E.12019
G1 X60.976 Y45.5 E.01745
G1 X61.071 Y46.655 E.03924
G1 X61.202 Y47.424 E.0264
M204 S250
;TYPE:Overhang wall
M106 S255
G1 X61.285 Y47.842 E.01441
G1 X61.456 Y48.472 E.02211
G1 X61.664 Y49.091 E.0221
G1 X61.907 Y49.697 E.0221
G1 X62.187 Y50.29 E.02217
G1 X62.388 Y50.651 E.01399
M204 S500
;TYPE:Outer wall
M106 S252
G1 X62.615 Y51.057 E.01576
M204 S10000
G1 X61.73 Y50.681 F7200
M204 S250
;TYPE:Bridge
;WIDTH:0.45
G1 F1212
M106 S255
G1 X62.079 Y51.725 E.03726
G1 X61.702 Y51.879 E.01381
G1 X60.028 Y46.886 E.17825
G1 X59.642 Y47.013 E.01378
G1 X61.324 Y52.033 E.17921
G1 X60.946 Y52.187 E.01381
G1 X59.255 Y47.14 E.18017
G1 X58.868 Y47.267 E.01378
G1 X60.569 Y52.341 E.18114
G1 X60.235 Y52.477 E.0122
G1 X60.125 Y52.299 E.00707
G1 X58.423 Y47.22 E.18131
M204 S10000
G1 X58.383 Y46.998 F7200
M204 S500
;TYPE:Internal solid infill
;WIDTH:0.449999
G1 F1212
M106 S252
G1 X60.192 Y46.403 E.06446
G1 X60.156 Y45.788 E.02087
G1 X58.272 Y45.712 E.06381
G1 X58.294 Y46.212 E.01694
G1 X58.379 Y46.958 E.02542
M204 S10000
G1 X58.702 Y46.501 F7200
M204 S500
;WIDTH:0.380272
G1 F1212
G1 X59.785 Y46.145 E.03198
G1 X58.662 Y46.1 E.03152
G1 X58.698 Y46.462 E.01019
M204 S10000
G1 E-.8 F1800
G1 X60.508 Y52.805 Z22.4 F7200
G1 Z22
G1 E.8 F1800
M204 S500
;WIDTH:0.449999
G1 F1212
G1 X60.891 Y53.36 E.0228
G1 X61.266 Y53.853 E.02097
G1 X62.652 Y52.575 E.06381
G1 X62.281 Y52.082 E.02087
G1 X60.545 Y52.79 E.06344
M204 S10000
G1 X61.078 Y52.975 F7200
M204 S500
;WIDTH:0.380519
G1 F1212
G1 X61.312 Y53.304 E.01134
G1 X62.137 Y52.543 E.03152
G1 X61.115 Y52.96 E.03098
; stop printing object fidget-finger-massager-2000-roller_round.stl id:15 copy 0
;LAYER_CHANGE
;Z:22.2
;HEIGHT:0.200001
G92 E0
;_SET_FAN_SPEED_CHANGING_LAYER
; printing object fidget-finger-massager-2000-roller_round.stl id:15 copy 0
M204 S10000
G1 E-.8 F1800
G1 X62.251 Y51.281 Z22.6 F7200
G1 Z22.2
G1 E.8 F1800
M204 S1500
;TYPE:Inner wall
;WIDTH:0.449999
G1 F1194
G1 X62.265 Y51.307 E.00102
G1 X62.685 Y51.944 E.02582
G1 X63.204 Y52.619 E.02881
G1 X61.223 Y54.447 E.09123
G1 X60.616 Y53.678 E.03315
G1 X60.153 Y53.004 E.02767
G1 X59.788 Y52.408 E.02365
G1 X59.353 Y51.597 E.03116
G1 X59.008 Y50.85 E.02783
G1 X58.702 Y50.072 E.0283
G1 X58.442 Y49.278 E.0283
G1 X58.224 Y48.447 E.02906
G1 X58.019 Y47.374 E.037
G1 X57.887 Y46.219 E.03936
G1 X57.855 Y45.288 E.03153
G1 X60.548 Y45.396 E.09123
M73 P73 R5
G1 X60.646 Y46.708 E.04453
G1 X60.726 Y47.231 E.01791
G1 X60.871 Y47.951 E.02485
G1 X61.05 Y48.607 E.02301
G1 X61.266 Y49.251 E.023
G1 X61.52 Y49.881 E.023
G1 X61.808 Y50.488 E.02274
G1 X62.231 Y51.246 E.02938
M204 S500
G1 X62.653 Y51.117 F7200
;TYPE:Outer wall
G1 F1194
G1 X63.027 Y51.686 E.02305
G1 X63.471 Y52.272 E.02486
G1 X63.8 Y52.653 E.01704
G1 X61.19 Y55.06 E.12019
G1 X60.793 Y54.605 E.02043
G1 X60.284 Y53.951 E.02805
G1 X59.813 Y53.269 E.02806
G1 X59.434 Y52.655 E.02442
G1 X59.016 Y51.886 E.02964
G1 X58.65 Y51.109 E.02907
G1 X58.33 Y50.312 E.02907
G1 X58.058 Y49.497 E.02907
G1 X57.832 Y48.668 E.02907
G1 X57.653 Y47.811 E.02964
G1 X57.543 Y47.098 E.02442
G1 X57.461 Y46.273 E.02807
G1 X57.424 Y45.445 E.02805
G1 X57.432 Y44.842 E.02043
G1 X60.98 Y44.985 E.12019
G1 X60.976 Y45.5 E.01745
G1 X61.049 Y46.475 E.03309
G1 X61.147 Y47.148 E.02301
G1 X61.284 Y47.839 E.02385
G1 X61.456 Y48.471 E.02216
G1 X61.664 Y49.091 E.02215
G1 X61.908 Y49.699 E.02215
G1 X62.182 Y50.28 E.02175
G1 X62.624 Y51.072 E.0307
G1 X62.631 Y51.083 E.00046
M204 S10000
G1 E-.8 F1800
G1 X60.394 Y47.646 Z22.6 F7200
G1 Z22.2
G1 E.8 F1800
M204 S500
;TYPE:Internal solid infill
;WIDTH:0.439384
G1 F1194
G1 X60.29 Y47.127 E.01744
G1 X60.19 Y46.337 E.02625
G1 X60.157 Y45.805 E.01755
G1 X58.332 Y45.66 E.06037
G1 X59.351 Y46.602 E.04577
G1 X60.366 Y47.617 E.04732
M204 S10000
G1 X59.731 Y46.196 F7200
M204 S500
;WIDTH:0.611302
G1 F1055.628
G1 X59.66 Y46.196 E.00336
G1 X59.625 Y46.258 E.00336
G1 X59.66 Y46.319 E.00336
G1 X59.731 Y46.319 E.00336
G1 X59.747 Y46.292 E.00147
M204 S10000
G1 X58.087 Y45.876 F7200
M204 S500
;WIDTH:0.477138
G1 F1194
G1 X60.643 Y48.431 E.13048
G1 X60.713 Y48.691 E.00972
G1 X60.927 Y49.33 E.02433
G1 X58.324 Y46.727 E.1329
G1 X58.432 Y47.449 E.02635
G1 X61.381 Y50.398 E.15059
G1 X61.477 Y50.603 E.00816
G1 X61.942 Y51.442 E.03463
G1 X62.19 Y51.821 E.01637
G1 X58.592 Y48.223 E.1837
G1 X58.706 Y48.708 E.01797
G1 X58.659 Y48.756 E.00243
G1 X58.714 Y48.959 E.00761
G1 X62.527 Y52.772 E.19472
G1 X62.208 Y53.067 E.01569
G1 X58.994 Y49.853 E.16413
G1 X59.058 Y50.044 E.00729
G1 X59.391 Y50.864 E.03197
G1 X61.889 Y53.362 E.12751
G1 X61.569 Y53.656 E.01569
G1 X59.558 Y51.645 E.10268
; stop printing object fidget-finger-massager-2000-roller_round.stl id:15 copy 0
;LAYER_CHANGE
;Z:22.4
;HEIGHT:0.199999
G92 E0
;_SET_FAN_SPEED_CHANGING_LAYER
; printing object fidget-finger-massager-2000-roller_round.stl id:15 copy 0
M204 S10000
G1 E-.8 F1800
G1 X62.251 Y51.281 Z22.8 F7200
G1 Z22.4
G1 E.8 F1800
M204 S1500
;TYPE:Inner wall
;WIDTH:0.449999
G1 F1242
G1 X62.265 Y51.307 E.00101
G1 X62.685 Y51.944 E.02582
G1 X63.204 Y52.619 E.02881
G1 X61.223 Y54.447 E.09123
G1 X60.616 Y53.678 E.03315
G1 X60.153 Y53.004 E.02767
G1 X59.796 Y52.42 E.02317
G1 X59.361 Y51.613 E.03105
G1 X59.009 Y50.852 E.02837
G1 X58.702 Y50.072 E.02836
G1 X58.442 Y49.277 E.02833
G1 X58.23 Y48.473 E.02813
G1 X58.019 Y47.374 E.03789
G1 X57.887 Y46.219 E.03936
G1 X57.855 Y45.288 E.03153
G1 X60.548 Y45.396 E.09123
G1 X60.646 Y46.708 E.04453
G1 X60.723 Y47.216 E.01739
G1 X60.877 Y47.975 E.0262
G1 X61.049 Y48.605 E.02213
G1 X61.266 Y49.251 E.02305
G1 X61.521 Y49.883 E.02305
G1 X61.815 Y50.504 E.02327
G1 X62.231 Y51.246 E.0288
M204 S500
G1 X62.671 Y51.144 F7200
;TYPE:Outer wall
G1 F1242
G1 X63.027 Y51.686 E.02196
G1 X63.47 Y52.272 E.02486
G1 X63.8 Y52.653 E.01704
G1 X61.19 Y55.06 E.12019
G1 X60.793 Y54.605 E.02043
G1 X60.284 Y53.951 E.02805
G1 X59.813 Y53.269 E.02806
G1 X59.442 Y52.667 E.02395
G1 X59.015 Y51.885 E.03015
G1 X58.65 Y51.108 E.02905
G1 X58.33 Y50.312 E.02905
G1 X58.058 Y49.498 E.02905
G1 X57.833 Y48.67 E.02905
G1 X57.651 Y47.798 E.03015
G1 X57.543 Y47.098 E.02395
G1 X57.461 Y46.273 E.02807
G1 X57.424 Y45.445 E.02805
G1 X57.432 Y44.842 E.02043
G1 X60.98 Y44.985 E.12019
G1 X60.976 Y45.5 E.01745
G1 X61.049 Y46.475 E.03309
G1 X61.144 Y47.132 E.02247
G1 X61.29 Y47.862 E.02522
G1 X61.455 Y48.469 E.02129
G1 X61.664 Y49.091 E.02221
G1 X61.909 Y49.7 E.02221
G1 X62.19 Y50.295 E.02228
G1 X62.624 Y51.072 E.03012
G1 X62.649 Y51.11 E.00156
M204 S10000
G1 E-.8 F1800
G1 X59.115 Y50.023 Z22.8 F7200
G1 Z22.4
G1 E.8 F1800
M204 S500
;TYPE:Internal solid infill
G1 F1242
G1 X59.416 Y50.775 E.02741
G1 X59.761 Y51.506 E.02738
G1 X60.165 Y52.247 E.02856
G1 X60.513 Y52.812 E.02246
G1 X60.958 Y53.457 E.02652
G1 X61.266 Y53.853 E.01699
G1 X62.652 Y52.574 E.06382
G1 X62.33 Y52.145 E.01816
G1 X61.894 Y51.48 E.02691
G1 X61.434 Y50.652 E.03206
G1 X61.142 Y50.032 E.02319
G1 X60.88 Y49.38 E.02379
G1 X60.656 Y48.714 E.02379
G1 X60.484 Y48.082 E.02218
G1 X60.324 Y47.294 E.02719
G1 X60.243 Y46.755 E.01844
G1 X60.156 Y45.788 E.03288
G1 X58.272 Y45.712 E.06382
G1 X58.294 Y46.213 E.01699
G1 X58.373 Y46.993 E.02652
G1 X58.474 Y47.649 E.02246
G1 X58.646 Y48.475 E.02856
G1 X58.858 Y49.255 E.02738
G1 X59.102 Y49.985 E.02605
M204 S10000
G1 X59.482 Y49.836 F7200
M204 S500
G1 F1242
G1 X59.773 Y50.569 E.02669
G1 X60.097 Y51.266 E.02601
G1 X60.51 Y52.03 E.02942
G1 X60.846 Y52.577 E.02173
G1 X61.316 Y53.253 E.02786
G1 X62.105 Y52.525 E.03637
G1 X61.75 Y52.004 E.02134
G1 X61.447 Y51.515 E.01948
G1 X61.076 Y50.846 E.02589
G1 X60.774 Y50.206 E.02396
G1 X60.502 Y49.532 E.02459
G1 X60.27 Y48.843 E.0246
G1 X60.091 Y48.188 E.02298
G1 X59.925 Y47.375 E.02811
G1 X59.839 Y46.807 E.01945
G1 X59.772 Y46.18 E.02134
G1 X58.698 Y46.137 E.03637
G1 X58.757 Y46.747 E.02076
G1 X58.834 Y47.313 E.01932
G1 X59.038 Y48.363 E.03623
G1 X59.234 Y49.089 E.02543
G1 X59.469 Y49.798 E.0253
M204 S10000
G1 X59.83 Y49.719 F7200
M204 S500
;WIDTH:0.371611
G1 F1242
G1 X60.114 Y50.432 E.02097
G1 X60.43 Y51.109 E.02042
G1 X60.834 Y51.854 E.02315
G1 X61.161 Y52.384 E.01702
G1 X61.376 Y52.697 E.01038
G1 X61.618 Y52.474 E.00899
G1 X61.246 Y51.904 E.0186
G1 X60.757 Y51.028 E.02741
G1 X60.441 Y50.362 E.02015
G1 X60.161 Y49.669 E.02044
G1 X59.922 Y48.96 E.02045
G1 X59.737 Y48.285 E.01913
G1 X59.563 Y47.448 E.02336
G1 X59.433 Y46.535 E.02521
G1 X59.105 Y46.522 E.00899
G1 X59.197 Y47.257 E.02025
G1 X59.399 Y48.288 E.02873
G1 X59.589 Y48.992 E.01993
G1 X59.818 Y49.681 E.01985
; stop printing object fidget-finger-massager-2000-roller_round.stl id:15 copy 0
;LAYER_CHANGE
;Z:22.6
;HEIGHT:0.200001
G92 E0
;_SET_FAN_SPEED_CHANGING_LAYER
; printing object fidget-finger-massager-2000-roller_round.stl id:15 copy 0
M204 S10000
G1 E-.8 F1800
G1 X62.25 Y51.28 Z23 F7200
G1 Z22.6
G1 E.8 F1800
M204 S1500
;TYPE:Inner wall
;WIDTH:0.449999
G1 F786
G1 X62.265 Y51.307 E.00105
G1 X62.685 Y51.944 E.02582
G1 X63.204 Y52.619 E.02881
G1 X61.223 Y54.447 E.09123
G1 X60.616 Y53.678 E.03315
G1 X60.153 Y53.004 E.02767
G1 X59.803 Y52.433 E.02269
G1 X59.344 Y51.578 E.03284
G1 X59.01 Y50.854 E.027
G1 X58.702 Y50.072 E.02842
G1 X58.441 Y49.275 E.02837
G1 X58.232 Y48.484 E.02771
G1 X58.019 Y47.374 E.03826
G1 X57.887 Y46.219 E.03936
G1 X57.855 Y45.288 E.03153
G1 X60.548 Y45.396 E.09123
G1 X60.624 Y46.528 E.03838
G1 X60.721 Y47.202 E.02306
G1 X60.879 Y47.985 E.02703
G1 X61.049 Y48.604 E.02172
G1 X61.266 Y49.251 E.02311
G1 X61.522 Y49.884 E.02309
G1 X61.798 Y50.469 E.0219
G1 X62.231 Y51.245 E.0301
M204 S500
G1 X62.69 Y51.172 F7200
;TYPE:Outer wall
G1 F786
M73 P74 R5
G1 X63.027 Y51.686 E.0208
G1 X63.47 Y52.272 E.02486
G1 X63.8 Y52.653 E.01704
G1 X61.19 Y55.06 E.12019
G1 X60.793 Y54.605 E.02043
G1 X60.284 Y53.951 E.02805
G1 X59.813 Y53.269 E.02806
G1 X59.449 Y52.678 E.02348
G1 X59.015 Y51.884 E.03066
G1 X58.65 Y51.108 E.02902
G1 X58.33 Y50.312 E.02903
G1 X58.058 Y49.498 E.02903
G1 X57.833 Y48.671 E.02902
G1 X57.649 Y47.784 E.03066
G1 X57.543 Y47.098 E.02348
G1 X57.461 Y46.273 E.02807
G1 X57.424 Y45.445 E.02805
G1 X57.432 Y44.842 E.02043
G1 X60.98 Y44.985 E.12019
G1 X60.976 Y45.5 E.01745
G1 X61.049 Y46.475 E.03309
G1 X61.141 Y47.118 E.02198
G1 X61.293 Y47.873 E.02606
G1 X61.455 Y48.468 E.02088
G1 X61.664 Y49.091 E.02226
G1 X61.909 Y49.701 E.02225
G1 X62.173 Y50.261 E.02093
G1 X62.624 Y51.072 E.03141
G1 X62.668 Y51.139 E.00271
M204 S10000
G1 X62.634 Y52.674 F7200
M204 S500
;TYPE:Sparse infill
;WIDTH:0.45
G1 F786
G1 X62.734 Y52.582 E.00461
G1 X62.376 Y52.105 E.02019
G1 X61.892 Y51.351 E.0303
G1 X60.774 Y52.001 E.04377
G1 X60.449 Y52.327 E.01558
G1 X60.3 Y52.583 E.01004
G1 X60.119 Y52.289 E.01168
G1 X59.705 Y51.533 E.02919
G1 X59.411 Y50.907 E.02342
G1 X59.545 Y50.772 E.00643
G1 X60.449 Y49.218 E.06086
G1 X60.78 Y48.889 E.01578
G1 X60.544 Y48.071 E.02882
G1 X60.35 Y47.112 E.03313
G1 X60.263 Y46.429 E.0233
G1 X59.545 Y47.664 E.04833
G1 X59.22 Y47.989 E.01558
G1 X58.562 Y48.371 E.02576
G1 X58.411 Y47.646 E.02507
G1 X58.289 Y46.767 E.03004
; stop printing object fidget-finger-massager-2000-roller_round.stl id:15 copy 0
;LAYER_CHANGE
;Z:22.8
;HEIGHT:0.199999
G92 E0
;_SET_FAN_SPEED_CHANGING_LAYER
; printing object fidget-finger-massager-2000-roller_round.stl id:15 copy 0
M204 S10000
G1 E-.8 F1800
G1 X62.351 Y51.437 Z23.2 F7200
G1 Z22.8
G1 E.8 F1800
M204 S1500
;TYPE:Inner wall
;WIDTH:0.449999
G1 F829
G1 X62.685 Y51.944 E.02055
G1 X63.204 Y52.619 E.02881
G1 X61.223 Y54.447 E.09123
G1 X60.616 Y53.678 E.03315
G1 X60.153 Y53.004 E.02767
G1 X59.81 Y52.445 E.02221
G1 X59.364 Y51.619 E.03178
G1 X59.01 Y50.855 E.02849
G1 X58.702 Y50.072 E.02848
G1 X58.441 Y49.274 E.02842
G1 X58.234 Y48.495 E.0273
G1 X58.019 Y47.374 E.03863
G1 X57.887 Y46.219 E.03936
G1 X57.855 Y45.288 E.03153
G1 X60.548 Y45.396 E.09123
G1 X60.624 Y46.528 E.03838
G1 X60.718 Y47.188 E.02259
G1 X60.882 Y47.995 E.02786
G1 X61.048 Y48.602 E.02132
G1 X61.266 Y49.251 E.02316
G1 X61.522 Y49.886 E.02316
G1 X61.818 Y50.509 E.02337
G1 X62.265 Y51.307 E.03097
G1 X62.329 Y51.404 E.00392
M204 S500
G1 X62.709 Y51.202 F7200
;TYPE:Outer wall
G1 F829
G1 X63.027 Y51.686 E.01961
G1 X63.471 Y52.272 E.02486
G1 X63.8 Y52.653 E.01704
G1 X61.19 Y55.06 E.12019
G1 X60.793 Y54.605 E.02043
G1 X60.284 Y53.951 E.02805
G1 X59.813 Y53.269 E.02806
G1 X59.456 Y52.69 E.02301
G1 X59.014 Y51.882 E.03117
G1 X58.65 Y51.107 E.029
G1 X58.33 Y50.312 E.02901
G1 X58.058 Y49.499 E.02901
G1 X57.833 Y48.672 E.029
G1 X57.647 Y47.77 E.03116
G1 X57.543 Y47.098 E.02302
G1 X57.461 Y46.273 E.02807
G1 X57.424 Y45.445 E.02805
G1 X57.432 Y44.842 E.02043
G1 X60.98 Y44.985 E.12019
G1 X60.976 Y45.5 E.01745
G1 X61.049 Y46.475 E.03309
G1 X61.138 Y47.104 E.02149
G1 X61.296 Y47.883 E.0269
G1 X61.455 Y48.466 E.02048
G1 X61.664 Y49.091 E.02231
G1 X61.91 Y49.703 E.02231
G1 X62.192 Y50.301 E.02238
G1 X62.624 Y51.072 E.02992
G1 X62.687 Y51.168 E.0039
M204 S10000
G1 X62.511 Y52.788 F7200
M204 S500
;TYPE:Sparse infill
;WIDTH:0.45
G1 F829
G1 X62.734 Y52.582 E.01029
G1 X62.376 Y52.105 E.02019
G1 X61.977 Y51.496 E.02464
G1 X60.774 Y51.648 E.04105
G1 X60.124 Y52.298 E.03111
G1 X59.705 Y51.531 E.02957
G1 X59.524 Y51.147 E.01437
G1 X59.899 Y50.772 E.01794
G1 X60.095 Y49.218 E.05303
G1 X60.694 Y48.62 E.02864
G1 X60.935 Y49.354 E.02615
G1 X61.262 Y50.144 E.02895
M204 S10000
G1 E-.8 F1800
G1 X58.294 Y46.821 Z23.2 F7200
G1 Z22.8
G1 E.8 F1800
M204 S500
G1 F829
G1 X58.409 Y47.633 E.02776
G1 X58.573 Y48.424 E.02735
G1 X59.22 Y48.343 E.02207
G1 X59.899 Y47.664 E.0325
G1 X60.095 Y46.109 E.05303
G1 X60.229 Y45.976 E.00638
G1 X60.214 Y45.729 E.00837
G1 X58.834 Y45.674 E.04675
; stop printing object fidget-finger-massager-2000-roller_round.stl id:15 copy 0
;LAYER_CHANGE
;Z:23
;HEIGHT:0.200001
G92 E0
;_SET_FAN_SPEED_CHANGING_LAYER
; printing object fidget-finger-massager-2000-roller_round.stl id:15 copy 0
M204 S10000
G1 E-.8 F1800
G1 X62.371 Y51.468 Z23.4 F7200
G1 Z23
G1 E.8 F1800
M204 S1500
;TYPE:Inner wall
;WIDTH:0.449999
G1 F817
G1 X62.685 Y51.944 E.01932
G1 X63.204 Y52.619 E.02881
G1 X61.223 Y54.447 E.09123
G1 X60.616 Y53.678 E.03315
G1 X60.153 Y53.004 E.02767
G1 X59.818 Y52.457 E.02173
G1 X59.335 Y51.559 E.03452
G1 X59.011 Y50.857 E.02618
G1 X58.702 Y50.072 E.02854
G1 X58.441 Y49.273 E.02846
G1 X58.237 Y48.505 E.02688
G1 X58.019 Y47.374 E.03899
G1 X57.887 Y46.219 E.03936
G1 X57.855 Y45.288 E.03153
G1 X60.548 Y45.396 E.09123
G1 X60.624 Y46.528 E.03838
G1 X60.715 Y47.174 E.02211
G1 X60.885 Y48.005 E.02869
G1 X61.048 Y48.601 E.02091
G1 X61.266 Y49.251 E.02321
G1 X61.523 Y49.886 E.02319
G1 X61.789 Y50.449 E.02106
G1 X62.265 Y51.307 E.03324
G1 X62.349 Y51.434 E.00514
M204 S500
G1 X62.729 Y51.232 F7200
;TYPE:Outer wall
G1 F817
G1 X63.027 Y51.686 E.01838
G1 X63.47 Y52.272 E.02486
G1 X63.8 Y52.653 E.01704
G1 X61.19 Y55.06 E.12019
G1 X60.793 Y54.605 E.02043
G1 X60.284 Y53.951 E.02805
G1 X59.813 Y53.269 E.02806
G1 X59.464 Y52.702 E.02254
G1 X59.013 Y51.881 E.03168
G1 X58.649 Y51.107 E.02898
G1 X58.33 Y50.312 E.02899
G1 X58.058 Y49.499 E.02899
G1 X57.834 Y48.673 E.02898
G1 X57.645 Y47.757 E.03168
G1 X57.543 Y47.098 E.02255
G1 X57.461 Y46.273 E.02807
G1 X57.424 Y45.445 E.02805
G1 X57.432 Y44.842 E.02043
G1 X60.98 Y44.985 E.12019
G1 X60.976 Y45.5 E.01745
G1 X61.049 Y46.475 E.03309
G1 X61.135 Y47.089 E.021
G1 X61.298 Y47.893 E.02775
G1 X61.454 Y48.465 E.02007
G1 X61.664 Y49.091 E.02236
M73 P75 R5
G1 X61.91 Y49.704 E.02235
G1 X62.164 Y50.242 E.02012
G1 X62.624 Y51.072 E.03213
G1 X62.707 Y51.199 E.00513
M204 S10000
G1 E-.8 F1800
G1 X59.04 Y49.991 Z23.4 F7200
G1 Z23
G1 E.8 F1800
M204 S500
;TYPE:Sparse infill
;WIDTH:0.45
G1 F817
G1 X58.8 Y49.275 E.02557
G1 X58.575 Y48.431 E.02954
G1 X59.22 Y48.385 E.0219
G1 X60.053 Y49.218 E.03986
G1 X59.942 Y50.772 E.05275
G1 X60.774 Y51.605 E.03986
G1 X61.992 Y51.518 E.04133
G1 X61.459 Y50.565 E.03697
G1 X61.196 Y50.004 E.02095
G1 X60.935 Y49.354 E.02374
G1 X60.712 Y48.689 E.02374
G1 X60.617 Y48.339 E.01226
G1 X59.942 Y47.664 E.03234
G1 X60.053 Y46.109 E.05275
G1 X59.65 Y45.706 E.01928
G1 X58.208 Y45.648 E.04883
G1 X58.217 Y45.834 E.00628
; stop printing object fidget-finger-massager-2000-roller_round.stl id:15 copy 0
;LAYER_CHANGE
;Z:23.2
;HEIGHT:0.200001
G92 E0
;_SET_FAN_SPEED_CHANGING_LAYER
; printing object fidget-finger-massager-2000-roller_round.stl id:15 copy 0
M204 S10000
G1 E-.8 F1800
G1 X62.391 Y51.498 Z23.6 F7200
G1 Z23.2
G1 E.8 F1800
M204 S1500
;TYPE:Inner wall
;WIDTH:0.449999
G1 F1242
G1 X62.685 Y51.944 E.01808
G1 X63.204 Y52.619 E.02881
G1 X61.223 Y54.447 E.09123
G1 X60.616 Y53.678 E.03315
G1 X60.153 Y53.004 E.02767
G1 X59.825 Y52.469 E.02125
G1 X59.366 Y51.625 E.03252
G1 X59.011 Y50.858 E.0286
G1 X58.702 Y50.072 E.0286
G1 X58.44 Y49.269 E.0286
G1 X58.221 Y48.427 E.02945
G1 X58.019 Y47.374 E.03629
G1 X57.887 Y46.219 E.03936
G1 X57.855 Y45.288 E.03153
G1 X60.548 Y45.396 E.09123
G1 X60.624 Y46.528 E.03838
G1 X60.713 Y47.167 E.02186
G1 X60.867 Y47.936 E.02653
G1 X61.047 Y48.599 E.02328
G1 X61.266 Y49.251 E.02327
G1 X61.524 Y49.889 E.02327
G1 X61.821 Y50.515 E.02347
G1 X62.265 Y51.307 E.03076
G1 X62.369 Y51.465 E.00639
M204 S500
G1 X62.749 Y51.263 F7200
;TYPE:Outer wall
G1 F1242
G1 X63.027 Y51.686 E.01714
G1 X63.47 Y52.272 E.02486
G1 X63.8 Y52.653 E.01704
G1 X61.19 Y55.06 E.12019
G1 X60.793 Y54.605 E.02043
G1 X60.284 Y53.951 E.02805
G1 X59.813 Y53.269 E.02806
G1 X59.471 Y52.714 E.02207
G1 X59.013 Y51.88 E.03219
G1 X58.649 Y51.106 E.02895
G1 X58.33 Y50.312 E.02897
G1 X58.058 Y49.5 E.02898
G1 X57.834 Y48.675 E.02895
G1 X57.643 Y47.743 E.03219
G1 X57.543 Y47.098 E.02207
G1 X57.461 Y46.273 E.02807
G1 X57.424 Y45.445 E.02805
G1 X57.432 Y44.842 E.02043
G1 X60.98 Y44.985 E.12019
G1 X60.976 Y45.5 E.01745
G1 X61.049 Y46.475 E.03309
G1 X61.134 Y47.084 E.02081
G1 X61.281 Y47.824 E.02554
G1 X61.454 Y48.463 E.02242
G1 X61.664 Y49.091 E.02241
G1 X61.911 Y49.706 E.02241
G1 X62.195 Y50.306 E.02248
G1 X62.624 Y51.072 E.02971
G1 X62.727 Y51.229 E.00638
M204 S10000
G1 E-.8 F1800
G1 X59.115 Y50.023 Z23.6 F7200
G1 Z23.2
G1 E.8 F1800
M204 S500
;TYPE:Internal solid infill
G1 F1242
G1 X59.416 Y50.773 E.02734
G1 X59.758 Y51.501 E.02724
G1 X60.193 Y52.293 E.0306
G1 X60.513 Y52.812 E.02062
G1 X60.958 Y53.457 E.02652
G1 X61.266 Y53.853 E.01699
G1 X62.652 Y52.574 E.06382
G1 X62.33 Y52.145 E.01816
G1 X61.895 Y51.48 E.0269
G1 X61.444 Y50.673 E.03129
G1 X61.143 Y50.035 E.02388
G1 X60.88 Y49.38 E.02389
G1 X60.656 Y48.711 E.02389
G1 X60.471 Y48.032 E.02382
G1 X60.314 Y47.245 E.02718
G1 X60.22 Y46.576 E.02288
G1 X60.156 Y45.788 E.02675
G1 X58.272 Y45.712 E.06382
G1 X58.294 Y46.213 E.01699
G1 X58.373 Y46.993 E.02652
G1 X58.465 Y47.595 E.02062
G1 X58.647 Y48.481 E.0306
G1 X58.858 Y49.257 E.02724
G1 X59.102 Y49.985 E.02598
M204 S10000
G1 X59.482 Y49.836 F7200
M204 S500
G1 F1242
G1 X59.774 Y50.572 E.02679
G1 X60.107 Y51.287 E.02672
G1 X60.539 Y52.077 E.03046
G1 X60.846 Y52.577 E.01988
G1 X61.316 Y53.253 E.02786
G1 X62.105 Y52.525 E.03637
G1 X61.75 Y52.004 E.02134
G1 X61.473 Y51.56 E.01771
G1 X61.087 Y50.868 E.02683
G1 X60.775 Y50.209 E.02469
G1 X60.502 Y49.532 E.02469
G1 X60.27 Y48.84 E.02469
G1 X60.078 Y48.139 E.02462
G1 X59.915 Y47.324 E.02811
G1 X59.839 Y46.807 E.01771
G1 X59.772 Y46.18 E.02134
G1 X58.698 Y46.137 E.03637
G1 X58.757 Y46.747 E.02076
G1 X58.833 Y47.311 E.01926
G1 X59.028 Y48.309 E.03442
G1 X59.233 Y49.085 E.02716
G1 X59.469 Y49.798 E.02543
M204 S10000
G1 X59.83 Y49.719 F7200
M204 S500
;WIDTH:0.371421
G1 F1242
G1 X60.115 Y50.435 E.02104
G1 X60.44 Y51.131 E.02098
G1 X60.862 Y51.899 E.02395
G1 X61.161 Y52.384 E.01555
G1 X61.376 Y52.697 E.01038
G1 X61.618 Y52.474 E.00899
G1 X61.247 Y51.904 E.01858
G1 X60.768 Y51.05 E.02675
G1 X60.443 Y50.365 E.0207
G1 X60.161 Y49.669 E.02052
G1 X59.921 Y48.957 E.02052
G1 X59.724 Y48.235 E.02046
G1 X59.553 Y47.396 E.02336
G1 X59.433 Y46.535 E.02376
G1 X59.105 Y46.522 E.00899
G1 X59.196 Y47.255 E.02019
G1 X59.387 Y48.235 E.02728
G1 X59.588 Y48.988 E.02129
G1 X59.818 Y49.681 E.01994
; stop printing object fidget-finger-massager-2000-roller_round.stl id:15 copy 0
;LAYER_CHANGE
;Z:23.4
;HEIGHT:0.199999
G92 E0
;_SET_FAN_SPEED_CHANGING_LAYER
; printing object fidget-finger-massager-2000-roller_round.stl id:15 copy 0
M204 S10000
G1 E-.8 F1800
G1 X62.412 Y51.529 Z23.8 F7200
G1 Z23.4
G1 E.8 F1800
M204 S1500
;TYPE:Inner wall
;WIDTH:0.449999
G1 F1194
G1 X62.685 Y51.944 E.01682
G1 X63.204 Y52.619 E.02881
G1 X61.223 Y54.447 E.09123
G1 X60.616 Y53.678 E.03315
G1 X60.153 Y53.004 E.02767
G1 X59.833 Y52.481 E.02077
G1 X59.326 Y51.539 E.03619
G1 X59.012 Y50.86 E.02536
G1 X58.702 Y50.072 E.02866
G1 X58.439 Y49.267 E.02866
G1 X58.22 Y48.423 E.02953
G1 X58.019 Y47.374 E.03615
G1 X57.887 Y46.219 E.03936
G1 X57.855 Y45.288 E.03153
G1 X60.548 Y45.396 E.09123
G1 X60.624 Y46.528 E.03838
G1 X60.711 Y47.154 E.02141
G1 X60.866 Y47.933 E.02687
G1 X61.047 Y48.598 E.02333
G1 X61.266 Y49.251 E.02332
G1 X61.524 Y49.889 E.02329
G1 X61.779 Y50.429 E.02023
G1 X62.265 Y51.307 E.03397
G1 X62.39 Y51.496 E.00765
M204 S500
G1 X62.77 Y51.294 F7200
;TYPE:Outer wall
G1 F1194
G1 X63.027 Y51.686 E.01588
G1 X63.47 Y52.272 E.02486
G1 X63.8 Y52.653 E.01704
G1 X61.19 Y55.06 E.12019
G1 X60.793 Y54.605 E.02043
G1 X60.284 Y53.951 E.02805
G1 X59.813 Y53.269 E.02806
G1 X59.478 Y52.726 E.0216
G1 X59.012 Y51.879 E.0327
G1 X58.649 Y51.106 E.02893
G1 X58.33 Y50.312 E.02895
G1 X58.059 Y49.501 E.02896
G1 X57.834 Y48.676 E.02893
G1 X57.641 Y47.729 E.0327
G1 X57.543 Y47.098 E.0216
G1 X57.461 Y46.273 E.02807
G1 X57.424 Y45.445 E.02805
G1 X57.432 Y44.842 E.02043
G1 X60.98 Y44.985 E.12019
G1 X60.976 Y45.5 E.01745
G1 X61.049 Y46.475 E.03309
G1 X61.131 Y47.071 E.02037
G1 X61.28 Y47.821 E.02588
G1 X61.453 Y48.462 E.02247
G1 X61.664 Y49.091 E.02246
G1 X61.912 Y49.707 E.02245
G1 X62.155 Y50.222 E.0193
G1 X62.624 Y51.072 E.03284
G1 X62.748 Y51.26 E.00764
M204 S10000
G1 E-.8 F1800
G1 X60.394 Y47.646 Z23.8 F7200
G1 Z23.4
G1 E.8 F1800
M204 S500
;TYPE:Internal solid infill
;WIDTH:0.439385
G1 F1194
G1 X60.29 Y47.126 E.01747
G1 X60.19 Y46.337 E.02624
G1 X60.157 Y45.805 E.01755
G1 X58.332 Y45.66 E.06037
G1 X59.351 Y46.602 E.04577
G1 X60.366 Y47.618 E.04733
M204 S10000
G1 X59.731 Y46.196 F7200
M204 S500
;WIDTH:0.611302
G1 F1055.628
G1 X59.66 Y46.196 E.00336
G1 X59.625 Y46.258 E.00336
G1 X59.66 Y46.319 E.00336
G1 X59.731 Y46.319 E.00336
G1 X59.747 Y46.292 E.00147
M204 S10000
G1 X58.087 Y45.876 F7200
M204 S500
;WIDTH:0.477138
G1 F1194
G1 X60.643 Y48.432 E.1305
G1 X60.712 Y48.687 E.00956
G1 X60.927 Y49.33 E.02448
G1 X58.324 Y46.727 E.1329
G1 X58.433 Y47.45 E.0264
G1 X61.381 Y50.398 E.15051
G1 X61.94 Y51.438 E.04265
M73 P75 R4
G1 X62.191 Y51.822 E.01653
G1 X58.594 Y48.225 E.18365
G1 X58.706 Y48.708 E.01791
G1 X58.659 Y48.755 E.00242
G1 X58.714 Y48.959 E.00761
G1 X62.527 Y52.772 E.19472
G1 X62.208 Y53.067 E.01569
G1 X58.994 Y49.853 E.16413
G1 X59.058 Y50.044 E.00729
M73 P76 R4
G1 X59.391 Y50.865 E.03198
G1 X61.889 Y53.362 E.12751
G1 X61.569 Y53.656 E.01569
G1 X59.559 Y51.647 E.10262
; stop printing object fidget-finger-massager-2000-roller_round.stl id:15 copy 0
;LAYER_CHANGE
;Z:23.6
;HEIGHT:0.200001
G92 E0
;_SET_FAN_SPEED_CHANGING_LAYER
; printing object fidget-finger-massager-2000-roller_round.stl id:15 copy 0
M204 S10000
G1 E-.8 F1800
G1 X62.432 Y51.56 Z24 F7200
G1 Z23.6
G1 E.8 F1800
M204 S1500
;TYPE:Inner wall
;WIDTH:0.449999
G1 F1242
G1 X62.685 Y51.944 E.01556
G1 X63.204 Y52.619 E.02881
G1 X61.223 Y54.447 E.09123
G1 X60.616 Y53.678 E.03315
G1 X60.153 Y53.004 E.02767
G1 X59.84 Y52.493 E.02029
G1 X59.322 Y51.53 E.03702
G1 X59.012 Y50.861 E.02495
G1 X58.702 Y50.072 E.02871
G1 X58.44 Y49.269 E.02859
G1 X58.243 Y48.535 E.0257
G1 X58.019 Y47.374 E.04003
G1 X57.887 Y46.219 E.03936
G1 X57.855 Y45.288 E.03153
G1 X60.548 Y45.396 E.09123
G1 X60.624 Y46.528 E.03838
G1 X60.707 Y47.133 E.02067
G1 X60.893 Y48.035 E.0312
G1 X61.046 Y48.597 E.01969
G1 X61.266 Y49.251 E.02337
G1 X61.525 Y49.89 E.02334
G1 X61.776 Y50.421 E.01987
G1 X62.265 Y51.307 E.03427
G1 X62.41 Y51.527 E.0089
M204 S500
G1 X62.79 Y51.325 F7200
;TYPE:Outer wall
G1 F1242
G1 X63.027 Y51.686 E.01462
G1 X63.47 Y52.272 E.02486
G1 X63.8 Y52.653 E.01704
G1 X61.19 Y55.06 E.12019
G1 X60.793 Y54.605 E.02043
G1 X60.284 Y53.951 E.02805
G1 X59.813 Y53.269 E.02806
G1 X59.485 Y52.737 E.02113
G1 X59.012 Y51.878 E.03321
G1 X58.649 Y51.105 E.02891
G1 X58.33 Y50.312 E.02893
G1 X58.059 Y49.501 E.02894
G1 X57.835 Y48.677 E.02891
G1 X57.638 Y47.715 E.03321
G1 X57.543 Y47.098 E.02113
G1 X57.461 Y46.273 E.02807
G1 X57.424 Y45.445 E.02805
G1 X57.432 Y44.842 E.02043
G1 X60.98 Y44.985 E.12019
G1 X60.976 Y45.5 E.01745
G1 X61.049 Y46.475 E.03309
G1 X61.127 Y47.047 E.01953
G1 X61.307 Y47.923 E.03028
G1 X61.453 Y48.461 E.01886
G1 X61.664 Y49.091 E.02251
G1 X61.912 Y49.708 E.0225
G1 X62.151 Y50.215 E.01896
G1 X62.624 Y51.072 E.03313
G1 X62.768 Y51.292 E.0089
M204 S10000
G1 E-.8 F1800
G1 X59.115 Y50.023 Z24 F7200
G1 Z23.6
G1 E.8 F1800
M204 S500
;TYPE:Internal solid infill
G1 F1242
G1 X59.415 Y50.772 E.0273
G1 X59.757 Y51.498 E.02718
G1 X60.208 Y52.316 E.03162
G1 X60.513 Y52.812 E.0197
G1 X60.958 Y53.457 E.02652
G1 X61.266 Y53.853 E.01699
G1 X62.652 Y52.574 E.06382
G1 X62.33 Y52.145 E.01816
G1 X61.892 Y51.476 E.02708
G1 X61.421 Y50.618 E.03311
G1 X61.144 Y50.036 E.02183
G1 X60.88 Y49.38 E.02392
G1 X60.655 Y48.71 E.02393
G1 X60.5 Y48.142 E.01992
G1 X60.308 Y47.213 E.03213
G1 X60.22 Y46.575 E.02178
G1 X60.156 Y45.788 E.02674
G1 X58.272 Y45.712 E.06382
G1 X58.294 Y46.213 E.01699
G1 X58.373 Y46.993 E.02652
G1 X58.461 Y47.568 E.0197
G1 X58.648 Y48.484 E.03162
G1 X58.859 Y49.258 E.02718
G1 X59.102 Y49.985 E.02595
M204 S10000
G1 X59.482 Y49.836 F7200
M204 S500
G1 F1242
G1 X59.774 Y50.573 E.02684
G1 X60.058 Y51.183 E.02277
G1 X60.553 Y52.1 E.03528
G1 X60.846 Y52.577 E.01896
G1 X61.316 Y53.253 E.02786
G1 X62.105 Y52.525 E.03637
G1 X61.751 Y52.004 E.02133
G1 X61.064 Y50.814 E.04651
G1 X60.775 Y50.209 E.0227
G1 X60.502 Y49.532 E.0247
G1 X60.269 Y48.839 E.02474
G1 X60.107 Y48.249 E.0207
G1 X59.909 Y47.295 E.033
G1 X59.816 Y46.627 E.02284
G1 X59.772 Y46.18 E.01519
G1 X58.698 Y46.137 E.03637
G1 X58.757 Y46.747 E.02076
G1 X58.834 Y47.317 E.01945
G1 X59.041 Y48.372 E.03642
G1 X59.233 Y49.085 E.02499
G1 X59.469 Y49.798 E.02541
M204 S10000
G1 X59.83 Y49.719 F7200
M204 S500
;WIDTH:0.371646
G1 F1242
G1 X60.115 Y50.436 E.02109
G1 X60.391 Y51.026 E.0178
G1 X60.876 Y51.922 E.02785
G1 X61.161 Y52.384 E.01482
G1 X61.376 Y52.697 E.01038
G1 X61.618 Y52.474 E.00899
G1 X61.244 Y51.899 E.01875
G1 X60.741 Y50.991 E.02837
G1 X60.442 Y50.365 E.01896
G1 X60.161 Y49.669 E.02052
G1 X59.921 Y48.956 E.02057
G1 X59.753 Y48.346 E.01729
G1 X59.549 Y47.369 E.02728
G1 X59.433 Y46.535 E.02302
G1 X59.105 Y46.522 E.00899
G1 X59.197 Y47.261 E.02036
G1 X59.402 Y48.299 E.02893
G1 X59.588 Y48.989 E.01953
G1 X59.818 Y49.681 E.01994
; stop printing object fidget-finger-massager-2000-roller_round.stl id:15 copy 0
;LAYER_CHANGE
;Z:23.8
;HEIGHT:0.199999
G92 E0
;_SET_FAN_SPEED_CHANGING_LAYER
; printing object fidget-finger-massager-2000-roller_round.stl id:15 copy 0
M204 S10000
G1 E-.8 F1800
G1 X62.453 Y51.591 Z24.2 F7200
G1 Z23.8
G1 E.8 F1800
M204 S1500
;TYPE:Inner wall
;WIDTH:0.449999
G1 F1380
G1 X62.685 Y51.944 E.01431
G1 X63.204 Y52.619 E.02881
G1 X61.223 Y54.447 E.09123
G1 X60.616 Y53.678 E.03315
G1 X60.153 Y53.004 E.02767
G1 X59.847 Y52.505 E.01981
G1 X59.371 Y51.634 E.03362
G1 X59.013 Y50.863 E.02878
G1 X58.702 Y50.071 E.02877
G1 X58.439 Y49.267 E.02864
G1 X58.243 Y48.536 E.02562
G1 X58.019 Y47.374 E.04006
G1 X57.887 Y46.219 E.03936
G1 X57.855 Y45.288 E.03153
G1 X60.548 Y45.396 E.09123
G1 X60.624 Y46.528 E.03838
G1 X60.704 Y47.119 E.02019
G1 X60.896 Y48.045 E.03203
G1 X61.046 Y48.595 E.01928
G1 X61.266 Y49.251 E.02343
G1 X61.526 Y49.893 E.02343
G1 X61.825 Y50.523 E.02361
G1 X62.265 Y51.307 E.03045
G1 X62.431 Y51.558 E.01015
M204 S500
G1 X62.81 Y51.356 F7200
;TYPE:Outer wall
G1 F1380
G1 X63.027 Y51.686 E.01337
G1 X63.47 Y52.272 E.02486
G1 X63.8 Y52.653 E.01704
G1 X61.19 Y55.06 E.12019
G1 X60.793 Y54.605 E.02043
G1 X60.284 Y53.951 E.02805
G1 X59.813 Y53.269 E.02806
G1 X59.493 Y52.749 E.02066
G1 X59.011 Y51.877 E.03372
G1 X58.648 Y51.104 E.02889
G1 X58.33 Y50.312 E.02892
G1 X58.059 Y49.502 E.02892
G1 X57.835 Y48.678 E.02889
G1 X57.636 Y47.702 E.03372
G1 X57.543 Y47.098 E.02067
G1 X57.461 Y46.273 E.02807
G1 X57.424 Y45.445 E.02805
G1 X57.432 Y44.842 E.02043
G1 X60.98 Y44.985 E.12019
G1 X60.976 Y45.5 E.01745
G1 X61.049 Y46.475 E.03309
G1 X61.124 Y47.033 E.01905
G1 X61.309 Y47.933 E.03112
G1 X61.452 Y48.459 E.01845
G1 X61.664 Y49.091 E.02257
G1 X61.913 Y49.71 E.02257
G1 X62.199 Y50.314 E.02263
G1 X62.624 Y51.072 E.02941
G1 X62.788 Y51.322 E.01015
M204 S10000
G1 E-.8 F1800
G1 X61.302 Y53.74 Z24.2 F7200
G1 Z23.8
G1 E.8 F1800
M204 S500
;TYPE:Internal solid infill
;WIDTH:0.531674
G1 F1227.611
G1 X61.241 Y53.74 E.00248
G1 X61.21 Y53.793 E.00248
G1 X61.241 Y53.846 E.00248
G1 X61.302 Y53.846 E.00248
G1 X61.312 Y53.827 E.00086
M204 S10000
G1 E-.8 F1800
G1 X60.439 Y46.343 Z24.2 F7200
G1 Z23.8
G1 E.8 F1800
M204 S500
;TYPE:Top surface
;WIDTH:0.408967
G1 F1380
G1 X59.615 Y45.519 E.03547
M204 S10000
G1 X59.219 Y45.64 F7200
M204 S500
G1 F1380
G1 X60.515 Y46.936 E.05579
M204 S10000
G1 X60.635 Y47.574 F7200
M204 S500
G1 F1380
G1 X58.936 Y45.875 E.07314
M204 S10000
G1 X58.518 Y45.975 F7200
M204 S500
G1 F1380
G1 X60.782 Y48.239 E.09745
M204 S10000
G1 X61.006 Y48.981 F7200
M204 S500
G1 F1380
G1 X58.101 Y46.076 E.12505
M204 S10000
G1 X58.083 Y46.575 F7200
M204 S500
G1 F1380
G1 X61.319 Y49.811 E.13931
M204 S10000
G1 X61.807 Y50.817 F7200
M204 S500
G1 F1380
G1 X58.212 Y47.221 E.15476
M204 S10000
G1 X58.253 Y47.781 F7200
M204 S500
G1 F1380
G1 X62.7 Y52.228 E.19141
M204 S10000
G1 X62.763 Y52.808 F7200
M204 S500
G1 F1380
G1 X58.385 Y48.431 E.18842
M204 S10000
G1 X58.568 Y49.131 F7200
M204 S500
G1 F1380
G1 X62.494 Y53.056 E.16895
M204 S10000
G1 X62.224 Y53.305 F7200
M204 S500
G1 F1380
G1 X58.811 Y49.891 E.14694
M204 S10000
G1 X59.133 Y50.731 F7200
M204 S500
G1 F1380
G1 X61.687 Y53.286 E.10995
M204 S10000
G1 X61.341 Y53.457 F7200
M204 S500
G1 F1380
G1 X59.589 Y51.705 E.07541
M204 S10000
G1 E-.8 F1800
G1 X58.346 Y45.702 Z24.2 F7200
G1 Z23.8
M73 P77 R4
G1 E.8 F1800
M204 S500
;TYPE:Internal solid infill
;WIDTH:0.53152
G1 F1227.998
G1 X58.284 Y45.702 E.00248
G1 X58.254 Y45.755 E.00248
G1 X58.284 Y45.807 E.00248
G1 X58.346 Y45.807 E.00248
G1 X58.356 Y45.789 E.00086
; stop printing object fidget-finger-massager-2000-roller_round.stl id:15 copy 0
;LAYER_CHANGE
;Z:24
;HEIGHT:0.200001
G92 E0
;_SET_FAN_SPEED_CHANGING_LAYER
; printing object fidget-finger-massager-2000-roller_round.stl id:15 copy 0
M204 S10000
G1 E-.8 F1800
G1 X60.438 Y46.2 Z24.4 F7200
G1 Z24
G1 E.8 F1800
M204 S1500
;TYPE:Inner wall
;WIDTH:0.558757
G1 F959
G1 X60.162 Y45.941 E.01625
G1 X59.831 Y45.926 E.01419
;WIDTH:0.536647
G1 X58.93 Y46.117 E.03783
;WIDTH:0.493323
G1 X58.028 Y46.307 E.03451
;WIDTH:0.449999
G1 X57.915 Y46.509 E.00785
G1 X57.868 Y45.79 E.02438
G1 X57.855 Y45.288 E.01702
G1 X58.349 Y45.308 E.01675
;WIDTH:0.493323
G1 X58.967 Y45.351 E.0232
;WIDTH:0.536647
G1 X59.585 Y45.395 E.02543
;WIDTH:0.558757
G1 X60.493 Y45.449 E.03902
G1 X60.503 Y45.682 E.01001
G1 X60.578 Y46.438 E.03258
;WIDTH:0.533317
G1 X60.539 Y46.295 E.00602
;WIDTH:0.558757
G1 X60.467 Y46.228 E.00422
M204 S10000
G1 E-.8 F1800
G1 X62.581 Y51.857 Z24.4 F7200
G1 Z24
G1 E.8 F1800
M204 S1500
;WIDTH:0.536866
G1 F959
G1 X62.651 Y51.97 E.00546
;WIDTH:0.558758
G1 X63.129 Y52.615 E.03441
G1 X62.618 Y53.091 E.02996
;WIDTH:0.550487
G1 X62.157 Y53.547 E.02739
;WIDTH:0.516991
G1 X61.695 Y54.004 E.02558
;WIDTH:0.483495
G1 X61.234 Y54.46 E.02377
;WIDTH:0.449999
G1 X60.908 Y54.055 E.0176
G1 X60.494 Y53.501 E.02338
G1 X60.681 Y53.553 E.00657
G1 X61.04 Y53.371 E.01363
;WIDTH:0.483495
G1 X61.466 Y53.142 E.01771
;WIDTH:0.516991
G1 X61.892 Y52.914 E.01906
;WIDTH:0.550487
G1 X62.318 Y52.685 E.0204
;WIDTH:0.558758
G1 X62.557 Y52.454 E.01426
G1 X62.626 Y51.981 E.0205
;WIDTH:0.536866
G1 X62.595 Y51.894 E.00379
M204 S500
G1 X62.83 Y51.386 F7200
;TYPE:Outer wall
;WIDTH:0.449999
G1 F959
G1 X63.027 Y51.686 E.01214
G1 X63.47 Y52.272 E.02486
G1 X63.8 Y52.653 E.01704
G1 X61.19 Y55.06 E.12019
G1 X60.783 Y54.593 E.02098
G1 X60.276 Y53.939 E.02801
;WIDTH:0.486167
G1 X60.058 Y53.591 E.01513
;WIDTH:0.522334
G1 X59.839 Y53.243 E.01637
;WIDTH:0.539163
G1 X59.439 Y52.558 E.03275
;WIDTH:0.565465
G1 X59.04 Y51.803 E.03712
;WIDTH:0.588305
G1 X58.697 Y51.039 E.03798
;WIDTH:0.599873
G1 X58.398 Y50.277 E.03788
G1 X58.123 Y49.474 E.03934
;WIDTH:0.588191
G1 X57.889 Y48.657 E.03853
;WIDTH:0.565035
G1 X57.677 Y47.674 E.04365
;WIDTH:0.538045
G1 X57.561 Y46.941 E.03055
;WIDTH:0.515834
G1 X57.511 Y46.607 E.01328
;WIDTH:0.482917
G1 X57.461 Y46.273 E.01235
;WIDTH:0.449999
G1 X57.424 Y45.445 E.02805
G1 X57.432 Y44.842 E.02043
G1 X60.98 Y44.985 E.12019
G1 X60.985 Y45.654 E.02264
G1 X61.037 Y46.381 E.02467
G1 X61.132 Y47.075 E.02371
G1 X61.278 Y47.812 E.02545
G1 X61.452 Y48.458 E.02263
G1 X61.664 Y49.091 E.02262
G1 X61.949 Y49.787 E.02546
G1 X62.241 Y50.376 E.02223
G1 X62.623 Y51.072 E.02689
G1 X62.808 Y51.353 E.01138
M204 S10000
G1 E-.8 F1800
G1 X60.125 Y46.533 Z24.4 F7200
G1 Z24
G1 E.8 F1800
M204 S500
G1 F959
G1 X60.278 Y47.262 E.02521
G1 X60.461 Y47.934 E.02358
G1 X60.683 Y48.597 E.02369
G1 X61.233 Y50.093 E.05394
G1 X61.494 Y50.742 E.02369
G1 X61.79 Y51.372 E.02356
G1 X62.146 Y52.027 E.02523
G1 X62.142 Y52.234 E.007
G1 X60.574 Y53.138 E.06126
;WIDTH:0.482917
G1 X60.463 Y53.111 E.00419
;WIDTH:0.515834
G1 X60.352 Y53.084 E.0045
;WIDTH:0.538041
G1 X60.007 Y52.475 E.02884
;WIDTH:0.565036
G1 X59.569 Y51.601 E.04242
;WIDTH:0.588194
G1 X59.254 Y50.85 E.03694
;WIDTH:0.599873
G1 X58.693 Y49.325 E.07523
;WIDTH:0.588304
G1 X58.446 Y48.552 E.03682
;WIDTH:0.565465
G1 X58.243 Y47.758 E.0356
;WIDTH:0.539165
G1 X58.094 Y47.007 E.03158
;WIDTH:0.522334
G1 X58.074 Y46.89 E.00475
;WIDTH:0.515834
G1 X58.165 Y46.789 E.00532
;WIDTH:0.482917
G1 X58.256 Y46.689 E.00495
;WIDTH:0.449999
G1 X59.915 Y46.391 E.05706
G1 X60.006 Y46.398 E.00309
G1 X60.099 Y46.503 E.00474
M204 S10000
G1 E-.8 F1800
G1 X62.581 Y51.857 Z24.4 F7200
G1 Z24
G1 E.8 F1800
M204 S1500
;TYPE:Inner wall
;WIDTH:0.525716
G1 F959
G1 X62.553 Y51.806 E.00234
;WIDTH:0.51822
G1 X62.366 Y51.49 E.01449
;WIDTH:0.492864
G1 X62.18 Y51.175 E.01371
;WIDTH:0.467508
G1 X61.976 Y50.765 E.01617
;WIDTH:0.432527
G1 X61.772 Y50.355 E.01483
;WIDTH:0.397546
G1 X61.552 Y49.845 E.01638
;WIDTH:0.362766
G1 X61.305 Y49.2 E.01837
;WIDTH:0.372236
G1 X61.051 Y48.468 E.02121
;WIDTH:0.419444
G1 X60.857 Y47.814 E.02137
;WIDTH:0.444795
G1 X60.765 Y47.409 E.01387
;WIDTH:0.470146
G1 X60.673 Y47.005 E.01474
;WIDTH:0.51821
G1 X60.578 Y46.438 E.02272
M204 S10000
G1 E-.8 F1800
G1 X58.352 Y45.719 Z24.4 F7200
G1 Z24
G1 E.8 F1800
M204 S500
;TYPE:Internal solid infill
;WIDTH:0.541216
G1 F959
G1 X58.29 Y45.719 E.00258
G1 X58.258 Y45.773 E.00258
G1 X58.29 Y45.827 E.00258
G1 X58.352 Y45.827 E.00258
G1 X58.363 Y45.808 E.00092
M204 S10000
G1 E-.8 F1800
G1 X61.022 Y52.962 Z24.4 F7200
G1 X61.304 Y53.722 Z24.4
G1 Z24
G1 E.8 F1800
M204 S500
;WIDTH:0.552684
G1 F959
G1 X61.241 Y53.722 E.0027
G1 X61.209 Y53.777 E.0027
G1 X61.241 Y53.832 E.0027
G1 X61.304 Y53.832 E.0027
G1 X61.316 Y53.812 E.00101
; stop printing object fidget-finger-massager-2000-roller_round.stl id:15 copy 0
;LAYER_CHANGE
;Z:24.2
;HEIGHT:0.200001
G92 E0
;_SET_FAN_SPEED_CHANGING_LAYER
; printing object fidget-finger-massager-2000-roller_round.stl id:15 copy 0
M204 S10000
G1 E-.8 F1800
G1 X60.441 Y46.229 Z24.6 F7200
G1 X60.438 Y46.2 Z24.6
G1 Z24.2
G1 E.8 F1800
M204 S1500
;TYPE:Inner wall
;WIDTH:0.558757
G1 F959
G1 X60.162 Y45.941 E.01625
G1 X59.831 Y45.926 E.01419
;WIDTH:0.536647
G1 X58.93 Y46.117 E.03783
;WIDTH:0.493323
G1 X58.028 Y46.307 E.03451
;WIDTH:0.449999
G1 X57.915 Y46.509 E.00785
G1 X57.868 Y45.79 E.02438
G1 X57.855 Y45.288 E.01702
G1 X58.349 Y45.308 E.01675
;WIDTH:0.493323
G1 X58.967 Y45.351 E.0232
;WIDTH:0.536647
G1 X59.585 Y45.395 E.02543
;WIDTH:0.558757
G1 X60.493 Y45.449 E.03902
G1 X60.503 Y45.682 E.01001
G1 X60.578 Y46.438 E.03258
;WIDTH:0.533317
G1 X60.539 Y46.295 E.00602
;WIDTH:0.558757
G1 X60.467 Y46.228 E.00422
M204 S10000
G1 E-.8 F1800
G1 X62.581 Y51.857 Z24.6 F7200
G1 Z24.2
G1 E.8 F1800
M204 S1500
;WIDTH:0.536863
G1 F959
G1 X62.651 Y51.97 E.00546
;WIDTH:0.558758
G1 X63.129 Y52.615 E.03441
G1 X62.618 Y53.091 E.02996
;WIDTH:0.550487
G1 X62.157 Y53.547 E.02739
;WIDTH:0.516991
G1 X61.695 Y54.004 E.02558
;WIDTH:0.483495
G1 X61.234 Y54.46 E.02377
;WIDTH:0.449999
G1 X60.908 Y54.055 E.0176
G1 X60.494 Y53.501 E.02338
G1 X60.681 Y53.553 E.00657
G1 X61.04 Y53.371 E.01363
;WIDTH:0.483495
G1 X61.466 Y53.142 E.01771
;WIDTH:0.516991
G1 X61.892 Y52.914 E.01906
;WIDTH:0.550487
G1 X62.318 Y52.685 E.0204
;WIDTH:0.558758
G1 X62.557 Y52.454 E.01426
G1 X62.626 Y51.981 E.0205
;WIDTH:0.536863
G1 X62.595 Y51.894 E.00379
M204 S500
G1 X62.85 Y51.416 F7200
;TYPE:Outer wall
;WIDTH:0.449999
G1 F959
G1 X63.027 Y51.686 E.01094
G1 X63.47 Y52.272 E.02486
G1 X63.8 Y52.653 E.01704
G1 X61.19 Y55.06 E.12019
G1 X60.783 Y54.593 E.02098
G1 X60.276 Y53.939 E.02801
;WIDTH:0.486167
G1 X60.058 Y53.591 E.01513
;WIDTH:0.522334
G1 X59.839 Y53.243 E.01637
;WIDTH:0.5389
G1 X59.439 Y52.558 E.03272
;WIDTH:0.565479
G1 X59.04 Y51.803 E.03712
;WIDTH:0.588312
G1 X58.697 Y51.039 E.03798
;WIDTH:0.599872
G1 X58.398 Y50.277 E.03788
G1 X58.123 Y49.474 E.03931
;WIDTH:0.588198
G1 X57.89 Y48.658 E.0385
;WIDTH:0.565049
G1 X57.675 Y47.661 E.0443
;WIDTH:0.538067
G1 X57.561 Y46.941 E.02998
;WIDTH:0.515807
G1 X57.511 Y46.607 E.01328
;WIDTH:0.482903
G1 X57.461 Y46.273 E.01235
;WIDTH:0.449999
G1 X57.424 Y45.445 E.02805
G1 X57.432 Y44.842 E.02043
G1 X60.98 Y44.985 E.12019
G1 X60.985 Y45.654 E.02264
G1 X61.037 Y46.381 E.02467
G1 X61.132 Y47.071 E.02358
G1 X61.315 Y47.953 E.03051
G1 X61.452 Y48.456 E.01764
G1 X61.664 Y49.091 E.02267
G1 X61.949 Y49.786 E.02543
G1 X62.233 Y50.376 E.02215
G1 X62.624 Y51.072 E.02702
G1 X62.828 Y51.382 E.01258
M204 S10000
G1 E-.8 F1800
G1 X60.125 Y46.533 Z24.6 F7200
G1 Z24.2
G1 E.8 F1800
M204 S500
G1 F959
G1 X60.278 Y47.262 E.02521
G1 X60.461 Y47.934 E.02358
G1 X60.683 Y48.597 E.02369
G1 X61.233 Y50.093 E.05394
G1 X61.494 Y50.742 E.02369
G1 X61.79 Y51.373 E.02358
G1 X62.146 Y52.027 E.02521
G1 X62.142 Y52.234 E.007
G1 X60.574 Y53.138 E.06126
;WIDTH:0.482917
G1 X60.463 Y53.111 E.00419
;WIDTH:0.515834
G1 X60.352 Y53.084 E.0045
;WIDTH:0.537668
G1 X60.013 Y52.487 E.02825
;WIDTH:0.56505
G1 X59.569 Y51.6 E.04308
;WIDTH:0.5882
G1 X59.254 Y50.849 E.0369
;WIDTH:0.599872
G1 X58.693 Y49.325 E.0752
;WIDTH:0.588311
G1 X58.446 Y48.552 E.03682
;WIDTH:0.565478
G1 X58.248 Y47.775 E.03482
;WIDTH:0.539497
G1 X58.094 Y47.007 E.03236
;WIDTH:0.522368
G1 X58.074 Y46.89 E.00473
;WIDTH:0.515807
G1 X58.165 Y46.79 E.00532
;WIDTH:0.482903
G1 X58.256 Y46.689 E.00495
;WIDTH:0.449999
G1 X59.915 Y46.391 E.05707
G1 X60.006 Y46.398 E.00309
G1 X60.099 Y46.503 E.00474
M204 S10000
G1 E-.8 F1800
G1 X62.581 Y51.857 Z24.6 F7200
G1 Z24.2
G1 E.8 F1800
M204 S1500
;TYPE:Inner wall
;WIDTH:0.525712
G1 F959
G1 X62.553 Y51.806 E.00234
;WIDTH:0.518218
G1 X62.366 Y51.491 E.01448
;WIDTH:0.492429
G1 X62.18 Y51.175 E.01369
;WIDTH:0.46664
G1 X62.004 Y50.829 E.01369
;WIDTH:0.436941
G1 X61.828 Y50.483 E.01273
;WIDTH:0.407242
G1 X61.553 Y49.846 E.021
;WIDTH:0.362858
G1 X61.305 Y49.2 E.01842
;WIDTH:0.372014
G1 X61.051 Y48.468 E.0212
;WIDTH:0.399143
G1 X60.955 Y48.141 E.01011
;WIDTH:0.426272
G1 X60.86 Y47.813 E.01088
;WIDTH:0.470128
G1 X60.673 Y47.005 E.02946
;WIDTH:0.51821
G1 X60.578 Y46.438 E.02273
M204 S10000
G1 E-.8 F1800
G1 X58.352 Y45.719 Z24.6 F7200
G1 Z24.2
G1 E.8 F1800
M204 S500
;TYPE:Internal solid infill
;WIDTH:0.54121
G1 F959
G1 X58.29 Y45.719 E.00258
G1 X58.258 Y45.773 E.00258
G1 X58.29 Y45.827 E.00258
G1 X58.352 Y45.827 E.00258
G1 X58.363 Y45.808 E.00092
M204 S10000
G1 E-.8 F1800
G1 X61.022 Y52.962 Z24.6 F7200
G1 X61.304 Y53.722 Z24.6
G1 Z24.2
G1 E.8 F1800
M204 S500
;WIDTH:0.552684
G1 F959
G1 X61.241 Y53.722 E.0027
G1 X61.209 Y53.777 E.0027
G1 X61.241 Y53.832 E.0027
G1 X61.304 Y53.832 E.0027
G1 X61.316 Y53.812 E.00101
; stop printing object fidget-finger-massager-2000-roller_round.stl id:15 copy 0
;LAYER_CHANGE
;Z:24.4
;HEIGHT:0.199999
G92 E0
;_SET_FAN_SPEED_CHANGING_LAYER
; printing object fidget-finger-massager-2000-roller_round.stl id:15 copy 0
M204 S10000
G1 E-.8 F1800
G1 X60.441 Y46.229 Z24.8 F7200
G1 X60.438 Y46.2 Z24.8
G1 Z24.4
G1 E.8 F1800
M204 S1500
;TYPE:Inner wall
;WIDTH:0.558757
G1 F959
G1 X60.162 Y45.941 E.01625
G1 X59.831 Y45.926 E.01419
M73 P78 R4
;WIDTH:0.536649
G1 X58.93 Y46.117 E.03783
;WIDTH:0.493324
G1 X58.028 Y46.307 E.03451
;WIDTH:0.449999
G1 X57.915 Y46.509 E.00785
G1 X57.868 Y45.79 E.02438
G1 X57.855 Y45.288 E.01702
G1 X58.349 Y45.308 E.01675
;WIDTH:0.493324
G1 X58.967 Y45.351 E.02319
;WIDTH:0.536649
G1 X59.585 Y45.395 E.02542
;WIDTH:0.558757
G1 X60.493 Y45.449 E.03903
G1 X60.503 Y45.682 E.01001
G1 X60.578 Y46.438 E.03258
;WIDTH:0.533317
G1 X60.539 Y46.295 E.00602
;WIDTH:0.558757
G1 X60.467 Y46.228 E.00422
M204 S10000
G1 E-.8 F1800
G1 X62.581 Y51.857 Z24.8 F7200
G1 Z24.4
G1 E.8 F1800
M204 S1500
;WIDTH:0.536863
G1 F959
G1 X62.651 Y51.97 E.00546
;WIDTH:0.558758
G1 X63.129 Y52.615 E.03441
G1 X62.618 Y53.091 E.02996
;WIDTH:0.550486
G1 X62.157 Y53.547 E.02739
;WIDTH:0.516991
G1 X61.695 Y54.004 E.02558
;WIDTH:0.483495
G1 X61.234 Y54.46 E.02377
;WIDTH:0.449999
G1 X60.908 Y54.055 E.0176
G1 X60.494 Y53.501 E.02338
G1 X60.681 Y53.553 E.00657
G1 X61.04 Y53.371 E.01363
;WIDTH:0.483495
G1 X61.466 Y53.142 E.01771
;WIDTH:0.516991
G1 X61.892 Y52.914 E.01906
;WIDTH:0.550486
G1 X62.318 Y52.685 E.0204
;WIDTH:0.558758
G1 X62.557 Y52.454 E.01426
G1 X62.626 Y51.981 E.0205
;WIDTH:0.536863
G1 X62.595 Y51.894 E.00379
M204 S500
G1 X62.869 Y51.444 F7200
;TYPE:Outer wall
;WIDTH:0.449999
G1 F959
G1 X63.027 Y51.686 E.00978
G1 X63.47 Y52.272 E.02486
G1 X63.8 Y52.653 E.01704
G1 X61.19 Y55.06 E.12019
G1 X60.783 Y54.593 E.02098
G1 X60.276 Y53.939 E.02801
;WIDTH:0.486131
G1 X60.058 Y53.591 E.01514
;WIDTH:0.522263
G1 X59.839 Y53.243 E.01637
;WIDTH:0.546996
G1 X59.384 Y52.47 E.03762
;WIDTH:0.565492
G1 X59.04 Y51.803 E.0326
;WIDTH:0.588319
G1 X58.697 Y51.039 E.03798
;WIDTH:0.599874
G1 X58.398 Y50.277 E.03788
G1 X58.123 Y49.475 E.03928
;WIDTH:0.588207
G1 X57.89 Y48.659 E.03848
;WIDTH:0.565067
G1 X57.708 Y47.843 E.03629
;WIDTH:0.540522
G1 X57.561 Y46.941 E.03782
;WIDTH:0.515834
G1 X57.511 Y46.607 E.01328
;WIDTH:0.482917
G1 X57.461 Y46.273 E.01235
;WIDTH:0.449999
G1 X57.424 Y45.445 E.02805
G1 X57.432 Y44.842 E.02043
G1 X60.98 Y44.985 E.12019
G1 X60.985 Y45.654 E.02264
G1 X61.037 Y46.381 E.02467
G1 X61.11 Y46.965 E.01995
G1 X61.268 Y47.728 E.02637
G1 X61.436 Y48.35 E.02179
G1 X61.664 Y49.091 E.02627
G1 X61.949 Y49.787 E.02546
G1 X62.242 Y50.376 E.02225
G1 X62.623 Y51.072 E.02687
G1 X62.847 Y51.411 E.01374
M204 S10000
G1 E-.8 F1800
G1 X60.125 Y46.533 Z24.8 F7200
G1 Z24.4
G1 E.8 F1800
M204 S500
G1 F959
G1 X60.278 Y47.262 E.02521
G1 X60.461 Y47.934 E.02358
G1 X60.683 Y48.597 E.02369
G1 X61.233 Y50.093 E.05394
G1 X61.494 Y50.742 E.02369
G1 X61.79 Y51.373 E.02358
G1 X62.146 Y52.027 E.02521
G1 X62.142 Y52.234 E.007
G1 X60.574 Y53.138 E.06126
;WIDTH:0.482917
G1 X60.463 Y53.111 E.00419
;WIDTH:0.515834
G1 X60.352 Y53.084 E.0045
;WIDTH:0.540524
G1 X59.924 Y52.325 E.03605
;WIDTH:0.565066
G1 X59.57 Y51.602 E.03496
;WIDTH:0.588208
G1 X59.254 Y50.848 E.03706
;WIDTH:0.599874
G1 X58.693 Y49.325 E.07518
;WIDTH:0.588318
G1 X58.446 Y48.552 E.03682
;WIDTH:0.565493
G1 X58.266 Y47.856 E.03124
;WIDTH:0.546997
G1 X58.094 Y47.006 E.03634
;WIDTH:0.522262
G1 X58.074 Y46.89 E.00469
;WIDTH:0.515834
G1 X58.165 Y46.789 E.00532
;WIDTH:0.482917
G1 X58.256 Y46.689 E.00495
;WIDTH:0.449999
G1 X59.915 Y46.391 E.05707
G1 X60.006 Y46.398 E.00309
G1 X60.099 Y46.503 E.00474
M204 S10000
G1 E-.8 F1800
G1 X62.581 Y51.857 Z24.8 F7200
G1 Z24.4
G1 E.8 F1800
M204 S1500
;TYPE:Inner wall
;WIDTH:0.525712
G1 F959
G1 X62.553 Y51.806 E.00234
;WIDTH:0.518216
G1 X62.367 Y51.491 E.01448
;WIDTH:0.492941
G1 X62.181 Y51.175 E.01371
;WIDTH:0.467666
G1 X61.972 Y50.755 E.01655
;WIDTH:0.431958
G1 X61.763 Y50.336 E.01516
;WIDTH:0.39625
G1 X61.553 Y49.848 E.01561
;WIDTH:0.36295
G1 X61.3 Y49.187 E.01883
;WIDTH:0.38529
G1 X61.057 Y48.466 E.02166
;WIDTH:0.426738
G1 X60.86 Y47.813 E.02177
;WIDTH:0.470128
G1 X60.673 Y47.005 E.02946
;WIDTH:0.51821
G1 X60.578 Y46.438 E.02273
M204 S10000
G1 E-.8 F1800
G1 X58.352 Y45.719 Z24.8 F7200
G1 Z24.4
G1 E.8 F1800
M204 S500
;TYPE:Internal solid infill
;WIDTH:0.541212
G1 F959
G1 X58.29 Y45.719 E.00258
G1 X58.258 Y45.773 E.00258
G1 X58.29 Y45.827 E.00258
G1 X58.352 Y45.827 E.00258
G1 X58.363 Y45.808 E.00092
M204 S10000
G1 E-.8 F1800
G1 X61.022 Y52.962 Z24.8 F7200
G1 X61.304 Y53.722 Z24.8
G1 Z24.4
G1 E.8 F1800
M204 S500
;WIDTH:0.552684
G1 F959
G1 X61.241 Y53.722 E.0027
G1 X61.209 Y53.777 E.0027
G1 X61.241 Y53.832 E.0027
G1 X61.304 Y53.832 E.0027
G1 X61.316 Y53.812 E.00101
; stop printing object fidget-finger-massager-2000-roller_round.stl id:15 copy 0
;LAYER_CHANGE
;Z:24.6
;HEIGHT:0.200001
G92 E0
;_SET_FAN_SPEED_CHANGING_LAYER
; printing object fidget-finger-massager-2000-roller_round.stl id:15 copy 0
M204 S10000
G1 E-.8 F1800
G1 X60.578 Y46.438 Z25 F7200
G1 Z24.6
G1 E.8 F1800
M204 S1500
;TYPE:Inner wall
;WIDTH:0.533318
G1 F965
G1 X60.539 Y46.295 E.00602
;WIDTH:0.558757
G1 X60.162 Y45.941 E.02218
G1 X59.831 Y45.926 E.01419
;WIDTH:0.536647
G1 X58.93 Y46.117 E.03783
;WIDTH:0.493323
G1 X58.028 Y46.307 E.03451
;WIDTH:0.449999
G1 X57.915 Y46.509 E.00785
G1 X57.868 Y45.79 E.02438
G1 X57.855 Y45.288 E.01702
G1 X58.349 Y45.308 E.01675
;WIDTH:0.493323
G1 X58.967 Y45.351 E.0232
;WIDTH:0.536647
G1 X59.585 Y45.395 E.02543
;WIDTH:0.558757
G1 X60.493 Y45.449 E.03902
G1 X60.503 Y45.682 E.01001
G1 X60.574 Y46.398 E.03086
M204 S10000
G1 E-.8 F1800
G1 X62.58 Y52.298 Z25 F7200
G1 Z24.6
G1 E.8 F1800
M204 S1500
;WIDTH:0.558758
G1 F965
G1 X62.626 Y51.981 E.01373
;WIDTH:0.536865
G1 X62.581 Y51.857 E.00543
G1 X62.651 Y51.97 E.00546
;WIDTH:0.558758
G1 X63.129 Y52.615 E.03441
G1 X62.618 Y53.091 E.02996
;WIDTH:0.550487
G1 X62.157 Y53.547 E.02739
;WIDTH:0.516991
G1 X61.695 Y54.004 E.02558
;WIDTH:0.483495
G1 X61.234 Y54.46 E.02377
;WIDTH:0.449999
G1 X60.908 Y54.055 E.0176
G1 X60.494 Y53.501 E.02338
G1 X60.681 Y53.553 E.00657
G1 X61.04 Y53.371 E.01363
;WIDTH:0.483495
G1 X61.466 Y53.142 E.01771
;WIDTH:0.516991
G1 X61.892 Y52.914 E.01906
;WIDTH:0.550487
G1 X62.318 Y52.685 E.0204
;WIDTH:0.558758
G1 X62.557 Y52.454 E.01426
G1 X62.575 Y52.338 E.00506
M204 S10000
G1 E-.8 F1800
G1 X60.98 Y44.985 Z25 F7200
G1 Z24.6
G1 E.8 F1800
M204 S500
;TYPE:Outer wall
;WIDTH:0.449999
G1 F965
G1 X60.985 Y45.654 E.02264
G1 X61.037 Y46.381 E.02467
G1 X61.11 Y46.966 E.01995
G1 X61.269 Y47.728 E.02635
G1 X61.436 Y48.35 E.02179
G1 X61.664 Y49.091 E.02627
G1 X61.949 Y49.786 E.02542
G1 X62.233 Y50.376 E.02215
G1 X62.624 Y51.072 E.02702
G1 X63.027 Y51.686 E.02487
G1 X63.47 Y52.272 E.02486
G1 X63.8 Y52.653 E.01704
G1 X61.19 Y55.06 E.12019
G1 X60.783 Y54.593 E.02098
G1 X60.276 Y53.939 E.02801
;WIDTH:0.486131
G1 X60.058 Y53.591 E.01514
;WIDTH:0.522263
G1 X59.839 Y53.243 E.01637
;WIDTH:0.54693
G1 X59.385 Y52.471 E.03755
;WIDTH:0.565507
G1 X59.04 Y51.803 E.03268
;WIDTH:0.588326
G1 X58.697 Y51.039 E.03798
;WIDTH:0.599873
G1 X58.398 Y50.277 E.03788
G1 X58.123 Y49.476 E.03925
;WIDTH:0.588214
G1 X57.89 Y48.66 E.03845
;WIDTH:0.565082
G1 X57.708 Y47.843 E.03634
;WIDTH:0.540544
G1 X57.561 Y46.941 E.03782
;WIDTH:0.51583
G1 X57.511 Y46.607 E.01328
;WIDTH:0.482915
G1 X57.461 Y46.273 E.01235
;WIDTH:0.449999
G1 X57.424 Y45.445 E.02805
G1 X57.432 Y44.842 E.02043
G1 X60.94 Y44.983 E.11884
M204 S10000
G1 E-.8 F1800
G1 X62.142 Y52.234 Z25 F7200
G1 Z24.6
G1 E.8 F1800
M204 S500
G1 F965
G1 X60.574 Y53.138 E.06126
;WIDTH:0.482917
G1 X60.463 Y53.111 E.00419
;WIDTH:0.515834
G1 X60.352 Y53.084 E.0045
;WIDTH:0.540544
G1 X59.924 Y52.325 E.03605
;WIDTH:0.565082
G1 X59.569 Y51.601 E.03501
;WIDTH:0.588215
G1 X59.254 Y50.848 E.03703
;WIDTH:0.599873
G1 X58.693 Y49.325 E.07515
;WIDTH:0.588326
G1 X58.446 Y48.552 E.03682
;WIDTH:0.565508
G1 X58.265 Y47.854 E.03132
;WIDTH:0.546932
G1 X58.094 Y47.006 E.03626
;WIDTH:0.522261
G1 X58.074 Y46.89 E.00469
;WIDTH:0.51583
G1 X58.165 Y46.789 E.00532
;WIDTH:0.482915
G1 X58.256 Y46.689 E.00495
;WIDTH:0.449999
G1 X59.915 Y46.391 E.05707
G1 X60.006 Y46.398 E.00309
G1 X60.125 Y46.533 E.0061
G1 X60.278 Y47.262 E.02521
G1 X60.461 Y47.934 E.02358
G1 X60.683 Y48.597 E.02369
G1 X61.233 Y50.093 E.05394
G1 X61.494 Y50.742 E.02369
G1 X61.79 Y51.373 E.02358
G1 X62.146 Y52.027 E.02521
G1 X62.143 Y52.194 E.00565
M204 S10000
G1 X62.581 Y51.857 F7200
M204 S1500
;TYPE:Inner wall
;WIDTH:0.525714
G1 F965
G1 X62.553 Y51.806 E.00234
;WIDTH:0.518214
G1 X62.366 Y51.491 E.01448
;WIDTH:0.492413
G1 X62.18 Y51.175 E.01369
;WIDTH:0.466612
G1 X62.006 Y50.832 E.01358
;WIDTH:0.437218
G1 X61.831 Y50.488 E.01264
;WIDTH:0.407824
G1 X61.554 Y49.849 E.02113
;WIDTH:0.363048
G1 X61.3 Y49.187 E.01887
;WIDTH:0.385038
G1 X61.057 Y48.466 E.02165
;WIDTH:0.427198
G1 X60.86 Y47.813 E.0218
;WIDTH:0.470126
G1 X60.673 Y47.005 E.02946
;WIDTH:0.518212
G1 X60.578 Y46.438 E.02273
M204 S10000
G1 E-.8 F1800
G1 X58.352 Y45.719 Z25 F7200
G1 Z24.6
G1 E.8 F1800
M204 S500
;TYPE:Internal solid infill
;WIDTH:0.541214
G1 F965
G1 X58.29 Y45.719 E.00258
G1 X58.258 Y45.773 E.00258
G1 X58.29 Y45.827 E.00258
G1 X58.352 Y45.827 E.00258
G1 X58.363 Y45.808 E.00092
M204 S10000
G1 E-.8 F1800
G1 X61.022 Y52.962 Z25 F7200
G1 X61.304 Y53.722 Z25
G1 Z24.6
G1 E.8 F1800
M204 S500
;WIDTH:0.552684
G1 F965
G1 X61.241 Y53.722 E.0027
G1 X61.209 Y53.777 E.0027
G1 X61.241 Y53.832 E.0027
G1 X61.304 Y53.832 E.0027
G1 X61.316 Y53.812 E.00101
; stop printing object fidget-finger-massager-2000-roller_round.stl id:15 copy 0
;LAYER_CHANGE
;Z:24.8
;HEIGHT:0.199999
G92 E0
;_SET_FAN_SPEED_CHANGING_LAYER
; printing object fidget-finger-massager-2000-roller_round.stl id:15 copy 0
M204 S10000
G1 E-.8 F1800
G1 X60.578 Y46.438 Z25.2 F7200
G1 Z24.8
G1 E.8 F1800
M204 S1500
;TYPE:Inner wall
;WIDTH:0.53332
G1 F965
G1 X60.539 Y46.295 E.00602
;WIDTH:0.558757
G1 X60.162 Y45.941 E.02218
G1 X59.831 Y45.926 E.01419
;WIDTH:0.536647
G1 X58.93 Y46.117 E.03783
;WIDTH:0.493323
G1 X58.028 Y46.307 E.03451
;WIDTH:0.449999
G1 X57.915 Y46.509 E.00784
G1 X57.868 Y45.79 E.02437
G1 X57.855 Y45.288 E.01702
G1 X58.349 Y45.308 E.01675
;WIDTH:0.493323
G1 X58.967 Y45.351 E.0232
;WIDTH:0.536647
G1 X59.585 Y45.395 E.02543
;WIDTH:0.558757
G1 X60.493 Y45.449 E.03902
M73 P79 R4
G1 X60.503 Y45.682 E.01001
G1 X60.574 Y46.398 E.03086
M204 S10000
G1 E-.8 F1800
G1 X62.58 Y52.298 Z25.2 F7200
G1 Z24.8
G1 E.8 F1800
M204 S1500
;WIDTH:0.558758
G1 F965
G1 X62.626 Y51.981 E.01373
;WIDTH:0.536866
G1 X62.581 Y51.857 E.00543
G1 X62.651 Y51.97 E.00546
;WIDTH:0.558758
G1 X63.129 Y52.615 E.03441
G1 X62.618 Y53.091 E.02996
;WIDTH:0.550488
G1 X62.157 Y53.547 E.02739
;WIDTH:0.516992
G1 X61.695 Y54.004 E.02558
;WIDTH:0.483496
G1 X61.234 Y54.46 E.02377
;WIDTH:0.449999
G1 X60.908 Y54.055 E.0176
G1 X60.494 Y53.501 E.02338
G1 X60.681 Y53.553 E.00657
G1 X61.04 Y53.371 E.01363
;WIDTH:0.483496
G1 X61.466 Y53.142 E.01771
;WIDTH:0.516992
G1 X61.892 Y52.914 E.01906
;WIDTH:0.550488
G1 X62.318 Y52.685 E.0204
;WIDTH:0.558758
G1 X62.557 Y52.454 E.01426
G1 X62.575 Y52.338 E.00506
M204 S10000
G1 E-.8 F1800
G1 X60.98 Y44.985 Z25.2 F7200
G1 Z24.8
G1 E.8 F1800
M204 S500
;TYPE:Outer wall
;WIDTH:0.449999
G1 F965
G1 X60.985 Y45.654 E.02264
G1 X61.037 Y46.381 E.02467
G1 X61.132 Y47.075 E.02372
G1 X61.275 Y47.8 E.02503
G1 X61.45 Y48.452 E.02283
G1 X61.664 Y49.091 E.02283
G1 X61.949 Y49.787 E.02546
G1 X62.243 Y50.376 E.02226
G1 X62.623 Y51.072 E.02685
G1 X63.027 Y51.686 E.02487
G1 X63.47 Y52.272 E.02486
G1 X63.8 Y52.653 E.01704
G1 X61.19 Y55.06 E.12019
G1 X60.783 Y54.593 E.02098
G1 X60.276 Y53.939 E.02801
;WIDTH:0.486132
G1 X60.058 Y53.591 E.01514
;WIDTH:0.522264
G1 X59.839 Y53.243 E.01637
;WIDTH:0.546864
G1 X59.386 Y52.473 E.03747
;WIDTH:0.565523
G1 X59.04 Y51.803 E.03276
;WIDTH:0.588334
G1 X58.697 Y51.039 E.03798
;WIDTH:0.599873
G1 X58.398 Y50.277 E.03788
G1 X58.124 Y49.476 E.03923
;WIDTH:0.588223
G1 X57.89 Y48.661 E.03843
;WIDTH:0.565096
G1 X57.722 Y47.915 E.03324
;WIDTH:0.544373
G1 X57.561 Y46.941 E.04113
;WIDTH:0.515731
G1 X57.511 Y46.607 E.01328
;WIDTH:0.482865
G1 X57.461 Y46.273 E.01235
;WIDTH:0.449999
G1 X57.424 Y45.445 E.02805
G1 X57.432 Y44.842 E.02043
G1 X60.94 Y44.983 E.11884
M204 S10000
G1 E-.8 F1800
G1 X62.142 Y52.234 Z25.2 F7200
G1 Z24.8
G1 E.8 F1800
M204 S500
G1 F965
G1 X60.574 Y53.138 E.06126
;WIDTH:0.482917
G1 X60.463 Y53.111 E.00419
;WIDTH:0.515834
G1 X60.352 Y53.084 E.0045
;WIDTH:0.540565
G1 X59.924 Y52.325 E.03605
;WIDTH:0.565098
G1 X59.569 Y51.6 E.03506
;WIDTH:0.588224
G1 X59.253 Y50.847 E.037
;WIDTH:0.599873
G1 X58.693 Y49.325 E.07513
;WIDTH:0.588334
G1 X58.446 Y48.552 E.03683
;WIDTH:0.565522
G1 X58.265 Y47.852 E.03139
;WIDTH:0.546866
G1 X58.094 Y47.005 E.03624
;WIDTH:0.52238
G1 X58.074 Y46.89 E.00465
;WIDTH:0.515731
G1 X58.165 Y46.79 E.00532
;WIDTH:0.482865
G1 X58.255 Y46.689 E.00495
;WIDTH:0.449999
G1 X59.915 Y46.391 E.05707
G1 X60.006 Y46.398 E.00309
G1 X60.125 Y46.533 E.0061
G1 X60.278 Y47.262 E.02521
G1 X60.461 Y47.934 E.02358
G1 X60.683 Y48.597 E.02369
G1 X61.233 Y50.093 E.05394
G1 X61.494 Y50.742 E.02369
G1 X61.79 Y51.373 E.02358
G1 X62.146 Y52.027 E.02521
G1 X62.143 Y52.194 E.00565
M204 S10000
G1 X62.581 Y51.857 F7200
M204 S1500
;TYPE:Inner wall
;WIDTH:0.525716
G1 F965
G1 X62.553 Y51.806 E.00234
;WIDTH:0.518216
G1 X62.367 Y51.491 E.01448
;WIDTH:0.493002
G1 X62.181 Y51.175 E.01371
;WIDTH:0.467788
G1 X61.968 Y50.746 E.01692
;WIDTH:0.431374
G1 X61.755 Y50.317 E.01547
;WIDTH:0.39496
G1 X61.554 Y49.851 E.01485
;WIDTH:0.363136
G1 X61.305 Y49.2 E.01856
;WIDTH:0.372136
G1 X61.051 Y48.468 E.0212
;WIDTH:0.419064
G1 X60.856 Y47.814 E.02135
;WIDTH:0.444606
G1 X60.765 Y47.409 E.01386
;WIDTH:0.470148
G1 X60.673 Y47.005 E.01474
;WIDTH:0.518214
G1 X60.578 Y46.438 E.02272
M204 S10000
G1 E-.8 F1800
G1 X58.352 Y45.719 Z25.2 F7200
G1 Z24.8
G1 E.8 F1800
M204 S500
;TYPE:Internal solid infill
;WIDTH:0.54119
G1 F965
G1 X58.29 Y45.719 E.00258
G1 X58.258 Y45.773 E.00258
G1 X58.29 Y45.827 E.00258
G1 X58.352 Y45.827 E.00258
G1 X58.363 Y45.808 E.00092
M204 S10000
G1 E-.8 F1800
G1 X61.022 Y52.962 Z25.2 F7200
G1 X61.304 Y53.722 Z25.2
G1 Z24.8
G1 E.8 F1800
M204 S500
;WIDTH:0.552682
G1 F965
G1 X61.241 Y53.722 E.0027
G1 X61.209 Y53.777 E.0027
G1 X61.241 Y53.832 E.0027
G1 X61.304 Y53.832 E.0027
G1 X61.316 Y53.812 E.00101
; stop printing object fidget-finger-massager-2000-roller_round.stl id:15 copy 0
;LAYER_CHANGE
;Z:25
;HEIGHT:0.200001
G92 E0
;_SET_FAN_SPEED_CHANGING_LAYER
; printing object fidget-finger-massager-2000-roller_round.stl id:15 copy 0
M204 S10000
G1 E-.8 F1800
G1 X60.578 Y46.438 Z25.4 F7200
G1 Z25
G1 E.8 F1800
M204 S1500
;TYPE:Inner wall
;WIDTH:0.533319
G1 F963
G1 X60.539 Y46.295 E.00602
;WIDTH:0.558757
G1 X60.162 Y45.941 E.02218
G1 X59.831 Y45.926 E.01419
;WIDTH:0.536647
G1 X58.93 Y46.117 E.03784
;WIDTH:0.493323
G1 X58.028 Y46.307 E.03452
;WIDTH:0.449999
G1 X57.915 Y46.509 E.00784
G1 X57.868 Y45.79 E.02437
G1 X57.855 Y45.288 E.01702
G1 X58.349 Y45.308 E.01675
;WIDTH:0.493323
G1 X58.967 Y45.351 E.0232
;WIDTH:0.536647
G1 X59.585 Y45.395 E.02543
;WIDTH:0.558757
G1 X60.493 Y45.449 E.03902
G1 X60.503 Y45.682 E.01001
G1 X60.574 Y46.398 E.03086
M204 S10000
G1 E-.8 F1800
G1 X62.577 Y52.283 Z25.4 F7200
G1 Z25
G1 E.8 F1800
M204 S1500
;WIDTH:0.558758
G1 F963
G1 X62.616 Y51.927 E.01536
;WIDTH:0.538359
G1 X62.65 Y51.971 E.00228
;WIDTH:0.558758
G1 X63.129 Y52.615 E.03441
G1 X62.618 Y53.091 E.02996
;WIDTH:0.550488
G1 X62.157 Y53.547 E.02739
;WIDTH:0.516992
G1 X61.695 Y54.004 E.02558
;WIDTH:0.483496
G1 X61.234 Y54.46 E.02377
;WIDTH:0.449999
G1 X60.908 Y54.055 E.0176
G1 X60.494 Y53.501 E.02338
G1 X60.681 Y53.553 E.00657
G1 X61.04 Y53.371 E.01363
;WIDTH:0.483496
G1 X61.466 Y53.142 E.01771
;WIDTH:0.516992
G1 X61.892 Y52.914 E.01906
;WIDTH:0.550488
G1 X62.318 Y52.685 E.0204
;WIDTH:0.558758
G1 X62.557 Y52.454 E.01426
G1 X62.572 Y52.322 E.00569
M204 S10000
G1 E-.8 F1800
G1 X60.98 Y44.985 Z25.4 F7200
G1 Z25
G1 E.8 F1800
M204 S500
;TYPE:Outer wall
;WIDTH:0.449999
G1 F963
G1 X60.985 Y45.654 E.02264
G1 X61.037 Y46.381 E.02467
G1 X61.132 Y47.075 E.02372
G1 X61.274 Y47.798 E.02493
G1 X61.45 Y48.45 E.02288
G1 X61.664 Y49.091 E.02288
G1 X61.919 Y49.722 E.02301
G1 X62.253 Y50.387 E.02519
G1 X62.556 Y50.939 E.02131
G1 X63.027 Y51.686 E.0299
G1 X63.47 Y52.272 E.02486
G1 X63.8 Y52.653 E.01704
G1 X61.19 Y55.06 E.12019
G1 X60.783 Y54.593 E.02098
G1 X60.276 Y53.939 E.02801
;WIDTH:0.486132
G1 X60.058 Y53.591 E.01513
;WIDTH:0.522264
G1 X59.839 Y53.243 E.01637
;WIDTH:0.546796
G1 X59.386 Y52.474 E.03739
;WIDTH:0.565537
G1 X59.04 Y51.803 E.03283
;WIDTH:0.588342
G1 X58.697 Y51.039 E.03798
;WIDTH:0.599873
G1 X58.398 Y50.277 E.03788
G1 X58.124 Y49.477 E.0392
;WIDTH:0.58823
G1 X57.89 Y48.663 E.0384
;WIDTH:0.565113
G1 X57.725 Y47.932 E.03252
;WIDTH:0.54534
G1 X57.561 Y46.941 E.04196
;WIDTH:0.515709
G1 X57.511 Y46.607 E.01328
;WIDTH:0.482854
G1 X57.461 Y46.273 E.01235
;WIDTH:0.449999
G1 X57.424 Y45.445 E.02805
G1 X57.432 Y44.842 E.02043
G1 X60.94 Y44.983 E.11884
M204 S10000
G1 E-.8 F1800
G1 X62.142 Y52.234 Z25.4 F7200
G1 Z25
G1 E.8 F1800
M204 S500
G1 F963
G1 X60.574 Y53.138 E.06126
;WIDTH:0.482917
G1 X60.463 Y53.111 E.00419
;WIDTH:0.515834
G1 X60.352 Y53.084 E.0045
;WIDTH:0.540587
G1 X59.924 Y52.325 E.03605
;WIDTH:0.565112
G1 X59.568 Y51.599 E.03511
;WIDTH:0.588232
G1 X59.253 Y50.847 E.03698
;WIDTH:0.599873
G1 X58.693 Y49.325 E.0751
;WIDTH:0.588342
G1 X58.446 Y48.552 E.03683
;WIDTH:0.565537
G1 X58.265 Y47.851 E.03146
;WIDTH:0.546801
G1 X58.094 Y47.004 E.03617
;WIDTH:0.522407
G1 X58.074 Y46.89 E.00464
;WIDTH:0.515709
G1 X58.165 Y46.79 E.00532
;WIDTH:0.482854
G1 X58.255 Y46.689 E.00495
;WIDTH:0.449999
G1 X59.915 Y46.391 E.05707
G1 X60.006 Y46.398 E.00309
G1 X60.125 Y46.533 E.0061
G1 X60.278 Y47.262 E.02521
G1 X60.461 Y47.934 E.02358
G1 X60.683 Y48.597 E.02369
G1 X61.233 Y50.093 E.05394
G1 X61.494 Y50.742 E.02369
G1 X61.79 Y51.373 E.02358
G1 X62.146 Y52.027 E.02521
G1 X62.143 Y52.194 E.00565
M204 S10000
G1 X62.588 Y51.868 F7200
M204 S1500
;TYPE:Inner wall
;WIDTH:0.529346
G1 F963
G1 X62.554 Y51.806 E.00286
;WIDTH:0.520916
G1 X62.183 Y51.174 E.02911
;WIDTH:0.473574
G1 X61.878 Y50.575 E.02406
;WIDTH:0.430964
G1 X61.717 Y50.214 E.01278
;WIDTH:0.397097
G1 X61.555 Y49.852 E.01166
;WIDTH:0.36323
G1 X61.305 Y49.2 E.0186
;WIDTH:0.372112
G1 X61.051 Y48.468 E.0212
;WIDTH:0.418968
G1 X60.856 Y47.814 E.02134
;WIDTH:0.444558
G1 X60.764 Y47.409 E.01386
;WIDTH:0.470148
G1 X60.673 Y47.005 E.01474
;WIDTH:0.518212
G1 X60.578 Y46.438 E.02272
M204 S10000
G1 E-.8 F1800
G1 X58.352 Y45.719 Z25.4 F7200
G1 Z25
G1 E.8 F1800
M204 S500
;TYPE:Internal solid infill
;WIDTH:0.541182
G1 F963
G1 X58.29 Y45.719 E.00258
G1 X58.258 Y45.773 E.00258
G1 X58.29 Y45.827 E.00258
G1 X58.352 Y45.827 E.00258
G1 X58.363 Y45.808 E.00092
M204 S10000
G1 E-.8 F1800
G1 X61.022 Y52.962 Z25.4 F7200
G1 X61.304 Y53.722 Z25.4
G1 Z25
G1 E.8 F1800
M204 S500
;WIDTH:0.552682
G1 F963
G1 X61.241 Y53.722 E.0027
G1 X61.209 Y53.777 E.0027
G1 X61.241 Y53.832 E.0027
G1 X61.304 Y53.832 E.0027
G1 X61.316 Y53.812 E.00101
; stop printing object fidget-finger-massager-2000-roller_round.stl id:15 copy 0
;LAYER_CHANGE
;Z:25.2
;HEIGHT:0.200001
G92 E0
;_SET_FAN_SPEED_CHANGING_LAYER
; printing object fidget-finger-massager-2000-roller_round.stl id:15 copy 0
M204 S10000
G1 E-.8 F1800
G1 X60.578 Y46.438 Z25.6 F7200
G1 Z25.2
G1 E.8 F1800
M204 S1500
;TYPE:Inner wall
;WIDTH:0.533319
G1 F963
G1 X60.539 Y46.295 E.00602
;WIDTH:0.558757
G1 X60.162 Y45.941 E.02218
G1 X59.831 Y45.926 E.01419
;WIDTH:0.536647
G1 X58.93 Y46.117 E.03783
;WIDTH:0.493323
G1 X58.028 Y46.307 E.03451
;WIDTH:0.449999
G1 X57.915 Y46.509 E.00785
G1 X57.868 Y45.79 E.02438
G1 X57.855 Y45.288 E.01702
G1 X58.349 Y45.308 E.01675
;WIDTH:0.493323
G1 X58.967 Y45.351 E.0232
;WIDTH:0.536647
G1 X59.585 Y45.395 E.02543
;WIDTH:0.558757
G1 X60.493 Y45.449 E.03902
G1 X60.503 Y45.682 E.01001
G1 X60.574 Y46.398 E.03086
M204 S10000
G1 E-.8 F1800
G1 X62.576 Y52.283 Z25.6 F7200
G1 Z25.2
G1 E.8 F1800
M73 P80 R4
M204 S1500
;WIDTH:0.558819
G1 F963
G1 X62.616 Y51.927 E.01537
;WIDTH:0.538605
G1 X62.65 Y51.971 E.0023
;WIDTH:0.558819
G1 X63.129 Y52.615 E.03441
G1 X62.618 Y53.091 E.02997
;WIDTH:0.550517
G1 X62.157 Y53.548 E.02738
;WIDTH:0.517011
G1 X61.695 Y54.004 E.02558
;WIDTH:0.483505
G1 X61.234 Y54.46 E.02377
;WIDTH:0.449999
G1 X60.908 Y54.055 E.0176
G1 X60.494 Y53.501 E.02338
G1 X60.681 Y53.553 E.00657
G1 X61.04 Y53.371 E.01363
;WIDTH:0.483505
G1 X61.466 Y53.142 E.01771
;WIDTH:0.517011
G1 X61.892 Y52.914 E.01905
;WIDTH:0.550517
G1 X62.318 Y52.685 E.0204
;WIDTH:0.558819
G1 X62.557 Y52.454 E.01427
G1 X62.572 Y52.322 E.00569
M204 S10000
G1 E-.8 F1800
G1 X60.98 Y44.985 Z25.6 F7200
G1 Z25.2
G1 E.8 F1800
M204 S500
;TYPE:Outer wall
;WIDTH:0.449999
G1 F963
G1 X60.985 Y45.654 E.02264
G1 X61.037 Y46.381 E.02467
G1 X61.132 Y47.075 E.02372
G1 X61.274 Y47.795 E.02482
G1 X61.449 Y48.449 E.02293
G1 X61.664 Y49.091 E.02293
G1 X61.919 Y49.723 E.02306
G1 X62.508 Y50.862 E.0434
G1 X63.027 Y51.686 E.03296
G1 X63.47 Y52.272 E.02486
G1 X63.8 Y52.653 E.01704
G1 X61.19 Y55.06 E.12019
G1 X60.783 Y54.593 E.02098
G1 X60.276 Y53.939 E.02801
;WIDTH:0.486132
G1 X60.058 Y53.591 E.01513
;WIDTH:0.522265
G1 X59.839 Y53.243 E.01637
;WIDTH:0.546734
G1 X59.387 Y52.476 E.03732
;WIDTH:0.565551
G1 X59.04 Y51.803 E.0329
;WIDTH:0.58835
G1 X58.697 Y51.039 E.03798
;WIDTH:0.599874
G1 X58.398 Y50.277 E.03788
G1 X58.124 Y49.477 E.03918
;WIDTH:0.588239
G1 X57.891 Y48.664 E.03838
;WIDTH:0.565127
G1 X57.708 Y47.843 E.03649
;WIDTH:0.540605
G1 X57.561 Y46.941 E.03782
;WIDTH:0.515835
G1 X57.511 Y46.607 E.01328
;WIDTH:0.482917
G1 X57.461 Y46.273 E.01235
;WIDTH:0.449999
G1 X57.424 Y45.445 E.02805
G1 X57.432 Y44.842 E.02043
G1 X60.94 Y44.983 E.11884
M204 S10000
G1 E-.8 F1800
G1 X62.142 Y52.234 Z25.6 F7200
G1 Z25.2
G1 E.8 F1800
M204 S500
G1 F963
G1 X60.574 Y53.138 E.06124
;WIDTH:0.482917
G1 X60.463 Y53.111 E.00419
;WIDTH:0.515834
G1 X60.352 Y53.084 E.0045
;WIDTH:0.540607
G1 X59.924 Y52.325 E.03606
;WIDTH:0.565128
G1 X59.568 Y51.598 E.03516
;WIDTH:0.58824
G1 X59.253 Y50.846 E.03695
;WIDTH:0.599874
G1 X58.693 Y49.325 E.07507
;WIDTH:0.58835
G1 X58.446 Y48.552 E.03683
;WIDTH:0.565551
G1 X58.264 Y47.849 E.03154
;WIDTH:0.546733
G1 X58.094 Y47.006 E.03603
;WIDTH:0.522267
G1 X58.074 Y46.89 E.0047
;WIDTH:0.515835
G1 X58.165 Y46.789 E.00532
;WIDTH:0.482917
G1 X58.256 Y46.689 E.00495
;WIDTH:0.449999
G1 X59.915 Y46.391 E.05706
G1 X60.006 Y46.398 E.00309
G1 X60.125 Y46.533 E.0061
G1 X60.278 Y47.262 E.02521
G1 X60.461 Y47.934 E.02358
G1 X60.683 Y48.597 E.02369
G1 X61.233 Y50.093 E.05394
G1 X61.494 Y50.742 E.02369
G1 X61.751 Y51.289 E.02046
G1 X62.146 Y52.028 E.02837
G1 X62.143 Y52.194 E.00562
M204 S10000
G1 X62.588 Y51.868 F7200
M204 S1500
;TYPE:Inner wall
;WIDTH:0.529706
G1 F963
G1 X62.556 Y51.809 E.0027
;WIDTH:0.521554
G1 X62.348 Y51.452 E.01646
;WIDTH:0.492222
G1 X62.14 Y51.094 E.01546
;WIDTH:0.46289
G1 X61.878 Y50.575 E.0203
;WIDTH:0.430704
G1 X61.717 Y50.214 E.01274
;WIDTH:0.397015
G1 X61.556 Y49.853 E.01164
;WIDTH:0.363326
G1 X61.305 Y49.2 E.01865
;WIDTH:0.372086
G1 X61.051 Y48.468 E.02119
;WIDTH:0.41887
G1 X60.856 Y47.814 E.02134
;WIDTH:0.444508
G1 X60.764 Y47.409 E.01386
;WIDTH:0.470146
G1 X60.673 Y47.005 E.01474
;WIDTH:0.518212
G1 X60.578 Y46.438 E.02272
M204 S10000
G1 E-.8 F1800
G1 X58.352 Y45.719 Z25.6 F7200
G1 Z25.2
G1 E.8 F1800
M204 S500
;TYPE:Internal solid infill
;WIDTH:0.541214
G1 F963
G1 X58.29 Y45.719 E.00258
G1 X58.258 Y45.773 E.00258
G1 X58.29 Y45.827 E.00258
G1 X58.352 Y45.827 E.00258
G1 X58.363 Y45.808 E.00092
M204 S10000
G1 E-.8 F1800
G1 X61.022 Y52.962 Z25.6 F7200
G1 X61.304 Y53.722 Z25.6
G1 Z25.2
G1 E.8 F1800
M204 S500
;WIDTH:0.552676
G1 F963
G1 X61.241 Y53.722 E.0027
G1 X61.209 Y53.777 E.0027
G1 X61.241 Y53.832 E.0027
G1 X61.304 Y53.832 E.0027
G1 X61.316 Y53.812 E.00101
; stop printing object fidget-finger-massager-2000-roller_round.stl id:15 copy 0
;LAYER_CHANGE
;Z:25.4
;HEIGHT:0.199999
G92 E0
;_SET_FAN_SPEED_CHANGING_LAYER
; printing object fidget-finger-massager-2000-roller_round.stl id:15 copy 0
M204 S10000
G1 E-.8 F1800
G1 X60.578 Y46.438 Z25.8 F7200
G1 Z25.4
G1 E.8 F1800
M204 S1500
;TYPE:Inner wall
;WIDTH:0.533319
G1 F965
G1 X60.539 Y46.295 E.00602
;WIDTH:0.558757
G1 X60.162 Y45.941 E.02218
G1 X59.831 Y45.926 E.01419
;WIDTH:0.536647
G1 X58.93 Y46.117 E.03783
;WIDTH:0.493323
G1 X58.028 Y46.307 E.03451
;WIDTH:0.449999
G1 X57.915 Y46.509 E.00785
G1 X57.868 Y45.79 E.02438
G1 X57.855 Y45.288 E.01702
G1 X58.349 Y45.308 E.01675
;WIDTH:0.493323
G1 X58.967 Y45.351 E.0232
;WIDTH:0.536647
G1 X59.585 Y45.395 E.02543
;WIDTH:0.558757
G1 X60.493 Y45.449 E.03902
G1 X60.503 Y45.682 E.01001
G1 X60.574 Y46.398 E.03086
M204 S10000
G1 E-.8 F1800
G1 X62.58 Y52.298 Z25.8 F7200
G1 Z25.4
G1 E.8 F1800
M204 S1500
;WIDTH:0.558758
G1 F965
G1 X62.626 Y51.981 E.01373
;WIDTH:0.536863
G1 X62.581 Y51.857 E.00543
G1 X62.651 Y51.97 E.00546
;WIDTH:0.558758
G1 X63.129 Y52.615 E.03441
G1 X62.618 Y53.091 E.02996
;WIDTH:0.550488
G1 X62.157 Y53.547 E.02739
;WIDTH:0.516992
G1 X61.695 Y54.004 E.02558
;WIDTH:0.483496
G1 X61.234 Y54.46 E.02377
;WIDTH:0.449999
G1 X60.908 Y54.055 E.0176
G1 X60.494 Y53.501 E.02338
G1 X60.681 Y53.553 E.00657
G1 X61.04 Y53.371 E.01363
;WIDTH:0.483496
G1 X61.466 Y53.142 E.01771
;WIDTH:0.516992
G1 X61.892 Y52.914 E.01906
;WIDTH:0.550488
G1 X62.318 Y52.685 E.0204
;WIDTH:0.558758
G1 X62.557 Y52.454 E.01426
G1 X62.575 Y52.338 E.00506
M204 S10000
G1 E-.8 F1800
G1 X60.98 Y44.985 Z25.8 F7200
G1 Z25.4
G1 E.8 F1800
M204 S500
;TYPE:Outer wall
;WIDTH:0.449999
G1 F965
G1 X60.985 Y45.654 E.02264
G1 X61.037 Y46.381 E.02467
G1 X61.132 Y47.075 E.02372
G1 X61.273 Y47.792 E.02472
G1 X61.449 Y48.448 E.02299
G1 X61.664 Y49.091 E.02298
G1 X61.949 Y49.786 E.02541
G1 X62.233 Y50.376 E.02215
G1 X62.624 Y51.072 E.02703
G1 X63.027 Y51.686 E.02487
G1 X63.47 Y52.272 E.02486
G1 X63.8 Y52.653 E.01704
G1 X61.19 Y55.06 E.12019
G1 X60.783 Y54.593 E.02098
G1 X60.276 Y53.939 E.02801
;WIDTH:0.486133
G1 X60.058 Y53.591 E.01513
;WIDTH:0.522266
G1 X59.839 Y53.243 E.01637
;WIDTH:0.546665
G1 X59.388 Y52.477 E.03724
;WIDTH:0.565567
G1 X59.04 Y51.803 E.03298
;WIDTH:0.588358
G1 X58.697 Y51.039 E.03798
;WIDTH:0.599874
G1 X58.398 Y50.278 E.03788
G1 X58.124 Y49.478 E.03915
;WIDTH:0.588246
G1 X57.891 Y48.665 E.03835
;WIDTH:0.565142
G1 X57.708 Y47.843 E.03654
;WIDTH:0.540627
G1 X57.561 Y46.941 E.03782
;WIDTH:0.515835
G1 X57.511 Y46.607 E.01328
;WIDTH:0.482917
G1 X57.461 Y46.273 E.01235
;WIDTH:0.449999
G1 X57.424 Y45.445 E.02805
G1 X57.432 Y44.842 E.02043
G1 X60.94 Y44.983 E.11884
M204 S10000
G1 E-.8 F1800
G1 X62.142 Y52.234 Z25.8 F7200
G1 Z25.4
G1 E.8 F1800
M204 S500
G1 F965
G1 X60.574 Y53.138 E.06126
;WIDTH:0.482917
G1 X60.463 Y53.111 E.00419
;WIDTH:0.515834
G1 X60.352 Y53.084 E.0045
;WIDTH:0.540629
G1 X59.924 Y52.325 E.03606
;WIDTH:0.565144
G1 X59.567 Y51.597 E.03521
;WIDTH:0.588247
G1 X59.253 Y50.846 E.03692
;WIDTH:0.599874
G1 X58.693 Y49.325 E.07505
;WIDTH:0.588357
G1 X58.446 Y48.552 E.03683
;WIDTH:0.565566
G1 X58.264 Y47.847 E.03162
M73 P80 R3
;WIDTH:0.546666
G1 X58.094 Y47.006 E.03596
;WIDTH:0.522267
G1 X58.074 Y46.89 E.0047
;WIDTH:0.515835
G1 X58.165 Y46.789 E.00532
;WIDTH:0.482917
G1 X58.256 Y46.689 E.00495
;WIDTH:0.449999
G1 X59.915 Y46.391 E.05706
G1 X60.006 Y46.398 E.00309
G1 X60.125 Y46.533 E.0061
G1 X60.278 Y47.262 E.02521
G1 X60.461 Y47.934 E.02358
G1 X60.683 Y48.597 E.02369
G1 X61.233 Y50.093 E.05394
G1 X61.494 Y50.742 E.02369
G1 X61.79 Y51.373 E.02358
G1 X62.146 Y52.027 E.02521
G1 X62.143 Y52.194 E.00565
M204 S10000
G1 X62.581 Y51.857 F7200
M204 S1500
;TYPE:Inner wall
;WIDTH:0.525712
G1 F965
G1 X62.553 Y51.806 E.00234
;WIDTH:0.518214
G1 X62.366 Y51.491 E.01448
;WIDTH:0.492384
G1 X62.18 Y51.175 E.01369
;WIDTH:0.466554
G1 X62.008 Y50.837 E.01335
;WIDTH:0.437781
G1 X61.836 Y50.5 E.01245
;WIDTH:0.409008
G1 X61.556 Y49.855 E.0214
;WIDTH:0.363416
G1 X61.305 Y49.2 E.0187
;WIDTH:0.372058
G1 X61.051 Y48.468 E.02119
;WIDTH:0.418772
G1 X60.856 Y47.814 E.02133
;WIDTH:0.44446
G1 X60.764 Y47.409 E.01385
;WIDTH:0.470148
G1 X60.673 Y47.005 E.01474
;WIDTH:0.518212
G1 X60.578 Y46.438 E.02272
M204 S10000
G1 E-.8 F1800
G1 X58.352 Y45.719 Z25.8 F7200
G1 Z25.4
G1 E.8 F1800
M204 S500
;TYPE:Internal solid infill
;WIDTH:0.541214
G1 F965
G1 X58.29 Y45.719 E.00258
G1 X58.258 Y45.773 E.00258
G1 X58.29 Y45.827 E.00258
G1 X58.352 Y45.827 E.00258
G1 X58.363 Y45.808 E.00092
M204 S10000
G1 E-.8 F1800
G1 X61.022 Y52.962 Z25.8 F7200
G1 X61.304 Y53.722 Z25.8
G1 Z25.4
G1 E.8 F1800
M204 S500
;WIDTH:0.552684
G1 F965
G1 X61.241 Y53.722 E.0027
G1 X61.209 Y53.777 E.0027
G1 X61.241 Y53.832 E.0027
G1 X61.304 Y53.832 E.0027
G1 X61.316 Y53.812 E.00101
; stop printing object fidget-finger-massager-2000-roller_round.stl id:15 copy 0
;LAYER_CHANGE
;Z:25.6
;HEIGHT:0.200001
G92 E0
;_SET_FAN_SPEED_CHANGING_LAYER
; printing object fidget-finger-massager-2000-roller_round.stl id:15 copy 0
M204 S10000
G1 E-.8 F1800
G1 X60.578 Y46.438 Z26 F7200
G1 Z25.6
G1 E.8 F1800
M204 S1500
;TYPE:Inner wall
;WIDTH:0.533317
G1 F965
G1 X60.539 Y46.295 E.00602
;WIDTH:0.558757
G1 X60.162 Y45.941 E.02218
G1 X59.831 Y45.926 E.01419
;WIDTH:0.536647
G1 X58.93 Y46.117 E.03783
;WIDTH:0.493323
G1 X58.028 Y46.307 E.03451
;WIDTH:0.449999
G1 X57.915 Y46.509 E.00785
G1 X57.868 Y45.79 E.02438
G1 X57.855 Y45.288 E.01702
G1 X58.349 Y45.308 E.01675
;WIDTH:0.493323
G1 X58.967 Y45.351 E.0232
;WIDTH:0.536647
G1 X59.585 Y45.395 E.02543
;WIDTH:0.558757
G1 X60.493 Y45.449 E.03902
G1 X60.503 Y45.682 E.01001
G1 X60.574 Y46.398 E.03086
M204 S10000
G1 E-.8 F1800
G1 X62.58 Y52.298 Z26 F7200
G1 Z25.6
G1 E.8 F1800
M204 S1500
;WIDTH:0.558758
G1 F965
G1 X62.626 Y51.981 E.01373
;WIDTH:0.536865
G1 X62.581 Y51.857 E.00543
G1 X62.651 Y51.97 E.00546
;WIDTH:0.558758
G1 X63.129 Y52.615 E.03441
G1 X62.618 Y53.091 E.02996
;WIDTH:0.550488
G1 X62.157 Y53.547 E.02739
;WIDTH:0.516992
G1 X61.695 Y54.004 E.02558
;WIDTH:0.483496
G1 X61.234 Y54.46 E.02377
;WIDTH:0.449999
G1 X60.908 Y54.055 E.0176
M73 P81 R3
G1 X60.494 Y53.501 E.02338
G1 X60.681 Y53.553 E.00657
G1 X61.04 Y53.371 E.01363
;WIDTH:0.483496
G1 X61.466 Y53.142 E.01771
;WIDTH:0.516992
G1 X61.892 Y52.914 E.01906
;WIDTH:0.550488
G1 X62.318 Y52.685 E.0204
;WIDTH:0.558758
G1 X62.557 Y52.454 E.01426
G1 X62.575 Y52.338 E.00506
M204 S10000
G1 E-.8 F1800
G1 X60.98 Y44.985 Z26 F7200
G1 Z25.6
G1 E.8 F1800
M204 S500
;TYPE:Outer wall
;WIDTH:0.449999
G1 F965
G1 X60.985 Y45.654 E.02264
G1 X61.037 Y46.381 E.02467
G1 X61.132 Y47.075 E.02373
G1 X61.272 Y47.788 E.02461
G1 X61.449 Y48.446 E.02305
G1 X61.664 Y49.091 E.02303
G1 X61.949 Y49.786 E.02541
G1 X62.233 Y50.376 E.02216
G1 X62.624 Y51.072 E.02703
G1 X63.027 Y51.686 E.02487
G1 X63.47 Y52.272 E.02486
G1 X63.8 Y52.653 E.01704
G1 X61.19 Y55.06 E.12019
G1 X60.783 Y54.593 E.02098
G1 X60.276 Y53.939 E.02801
;WIDTH:0.486133
G1 X60.058 Y53.591 E.01513
;WIDTH:0.522267
G1 X59.839 Y53.243 E.01637
;WIDTH:0.5466
G1 X59.389 Y52.479 E.03717
;WIDTH:0.565581
G1 X59.04 Y51.803 E.03306
;WIDTH:0.588366
G1 X58.697 Y51.039 E.03798
;WIDTH:0.599873
G1 X58.398 Y50.277 E.03788
G1 X58.124 Y49.478 E.03912
;WIDTH:0.588254
G1 X57.891 Y48.666 E.03833
;WIDTH:0.565157
G1 X57.708 Y47.843 E.03659
;WIDTH:0.540648
G1 X57.561 Y46.941 E.03782
;WIDTH:0.515835
G1 X57.511 Y46.607 E.01328
;WIDTH:0.482917
G1 X57.461 Y46.273 E.01235
;WIDTH:0.449999
G1 X57.424 Y45.445 E.02805
G1 X57.432 Y44.842 E.02043
G1 X60.94 Y44.983 E.11884
M204 S10000
G1 E-.8 F1800
G1 X62.142 Y52.234 Z26 F7200
G1 Z25.6
G1 E.8 F1800
M204 S500
G1 F965
G1 X60.574 Y53.138 E.06126
;WIDTH:0.482917
G1 X60.463 Y53.111 E.00419
;WIDTH:0.515834
G1 X60.352 Y53.084 E.0045
;WIDTH:0.540649
G1 X59.924 Y52.325 E.03606
;WIDTH:0.56516
G1 X59.567 Y51.596 E.03526
;WIDTH:0.588256
G1 X59.253 Y50.845 E.0369
;WIDTH:0.599873
G1 X58.693 Y49.325 E.07502
;WIDTH:0.588365
G1 X58.446 Y48.552 E.03683
;WIDTH:0.56558
G1 X58.263 Y47.846 E.03169
;WIDTH:0.5466
G1 X58.094 Y47.006 E.03588
;WIDTH:0.522268
G1 X58.074 Y46.89 E.0047
;WIDTH:0.515835
G1 X58.165 Y46.789 E.00532
;WIDTH:0.482917
G1 X58.256 Y46.689 E.00495
;WIDTH:0.449999
G1 X59.915 Y46.391 E.05706
G1 X60.006 Y46.398 E.00309
G1 X60.125 Y46.533 E.0061
G1 X60.278 Y47.262 E.02521
G1 X60.461 Y47.934 E.02358
G1 X60.683 Y48.597 E.02369
G1 X61.233 Y50.093 E.05394
G1 X61.494 Y50.742 E.02369
G1 X61.79 Y51.373 E.02358
G1 X62.146 Y52.027 E.02521
G1 X62.143 Y52.194 E.00565
M204 S10000
G1 X62.581 Y51.857 F7200
M204 S1500
;TYPE:Inner wall
;WIDTH:0.525714
G1 F965
G1 X62.553 Y51.806 E.00234
;WIDTH:0.518216
G1 X62.366 Y51.491 E.01448
;WIDTH:0.492378
G1 X62.18 Y51.175 E.01369
;WIDTH:0.46654
G1 X62.009 Y50.839 E.0133
;WIDTH:0.437908
G1 X61.837 Y50.502 E.0124
;WIDTH:0.409276
G1 X61.557 Y49.856 E.02146
;WIDTH:0.363516
G1 X61.304 Y49.2 E.01875
;WIDTH:0.37203
G1 X61.051 Y48.468 E.02119
;WIDTH:0.41867
G1 X60.856 Y47.814 E.02133
;WIDTH:0.444408
G1 X60.764 Y47.409 E.01385
;WIDTH:0.470146
G1 X60.673 Y47.005 E.01474
;WIDTH:0.51821
G1 X60.578 Y46.438 E.02272
M204 S10000
G1 E-.8 F1800
G1 X58.352 Y45.719 Z26 F7200
G1 Z25.6
G1 E.8 F1800
M204 S500
;TYPE:Internal solid infill
;WIDTH:0.541214
G1 F965
G1 X58.29 Y45.719 E.00258
G1 X58.258 Y45.773 E.00258
G1 X58.29 Y45.827 E.00258
G1 X58.352 Y45.827 E.00258
G1 X58.363 Y45.808 E.00092
M204 S10000
G1 E-.8 F1800
G1 X61.022 Y52.962 Z26 F7200
G1 X61.304 Y53.722 Z26
G1 Z25.6
G1 E.8 F1800
M204 S500
;WIDTH:0.552684
G1 F965
G1 X61.241 Y53.722 E.0027
G1 X61.209 Y53.777 E.0027
G1 X61.241 Y53.832 E.0027
G1 X61.304 Y53.832 E.0027
G1 X61.316 Y53.812 E.00101
; stop printing object fidget-finger-massager-2000-roller_round.stl id:15 copy 0
;LAYER_CHANGE
;Z:25.8
;HEIGHT:0.199999
G92 E0
;_SET_FAN_SPEED_CHANGING_LAYER
; printing object fidget-finger-massager-2000-roller_round.stl id:15 copy 0
M204 S10000
G1 E-.8 F1800
G1 X60.578 Y46.438 Z26.2 F7200
G1 Z25.8
G1 E.8 F1800
M204 S1500
;TYPE:Inner wall
;WIDTH:0.533319
G1 F965
G1 X60.539 Y46.295 E.00602
;WIDTH:0.558757
G1 X60.162 Y45.941 E.02218
G1 X59.831 Y45.926 E.01419
;WIDTH:0.536647
G1 X58.93 Y46.117 E.03783
;WIDTH:0.493323
G1 X58.028 Y46.307 E.03451
;WIDTH:0.449999
G1 X57.915 Y46.509 E.00785
G1 X57.868 Y45.79 E.02438
G1 X57.855 Y45.288 E.01702
G1 X58.349 Y45.308 E.01675
;WIDTH:0.493323
G1 X58.967 Y45.351 E.0232
;WIDTH:0.536647
G1 X59.585 Y45.395 E.02543
;WIDTH:0.558757
G1 X60.493 Y45.449 E.03902
G1 X60.503 Y45.682 E.01001
G1 X60.574 Y46.398 E.03086
M204 S10000
G1 E-.8 F1800
G1 X62.58 Y52.298 Z26.2 F7200
G1 Z25.8
G1 E.8 F1800
M204 S1500
;WIDTH:0.558758
G1 F965
G1 X62.626 Y51.981 E.01373
;WIDTH:0.536863
G1 X62.581 Y51.857 E.00543
G1 X62.651 Y51.97 E.00546
;WIDTH:0.558758
G1 X63.129 Y52.615 E.03441
G1 X62.618 Y53.091 E.02996
;WIDTH:0.550487
G1 X62.157 Y53.547 E.02739
;WIDTH:0.516991
G1 X61.695 Y54.004 E.02558
;WIDTH:0.483495
G1 X61.234 Y54.46 E.02377
;WIDTH:0.449999
G1 X60.908 Y54.055 E.0176
G1 X60.494 Y53.501 E.02338
G1 X60.681 Y53.553 E.00657
G1 X61.04 Y53.371 E.01363
;WIDTH:0.483495
G1 X61.466 Y53.142 E.01771
;WIDTH:0.516991
G1 X61.892 Y52.914 E.01906
;WIDTH:0.550487
G1 X62.318 Y52.685 E.0204
;WIDTH:0.558758
G1 X62.557 Y52.454 E.01426
G1 X62.575 Y52.338 E.00506
M204 S10000
G1 E-.8 F1800
G1 X60.98 Y44.985 Z26.2 F7200
G1 Z25.8
G1 E.8 F1800
M204 S500
;TYPE:Outer wall
;WIDTH:0.449999
G1 F965
G1 X60.985 Y45.654 E.02264
G1 X61.037 Y46.381 E.02467
G1 X61.132 Y47.075 E.02373
G1 X61.272 Y47.786 E.02451
G1 X61.448 Y48.445 E.02309
G1 X61.664 Y49.091 E.02308
G1 X61.949 Y49.786 E.0254
G1 X62.233 Y50.376 E.02216
G1 X62.624 Y51.072 E.02703
G1 X63.027 Y51.686 E.02487
G1 X63.47 Y52.272 E.02486
G1 X63.8 Y52.653 E.01704
G1 X61.19 Y55.06 E.12019
G1 X60.783 Y54.593 E.02098
G1 X60.276 Y53.939 E.02801
;WIDTH:0.48613
G1 X60.058 Y53.591 E.01513
;WIDTH:0.522261
G1 X59.839 Y53.243 E.01637
;WIDTH:0.546535
G1 X59.39 Y52.48 E.0371
;WIDTH:0.565596
G1 X59.04 Y51.803 E.03313
;WIDTH:0.588375
G1 X58.696 Y51.039 E.03798
;WIDTH:0.599874
G1 X58.398 Y50.278 E.03787
G1 X58.124 Y49.479 E.0391
;WIDTH:0.588263
G1 X57.892 Y48.667 E.0383
;WIDTH:0.565173
G1 X57.708 Y47.843 E.03665
;WIDTH:0.540665
G1 X57.561 Y46.941 E.03783
;WIDTH:0.515835
G1 X57.511 Y46.607 E.01328
;WIDTH:0.482917
G1 X57.461 Y46.273 E.01235
;WIDTH:0.449999
G1 X57.424 Y45.445 E.02805
G1 X57.432 Y44.842 E.02043
G1 X60.94 Y44.983 E.11884
M204 S10000
G1 E-.8 F1800
G1 X62.142 Y52.234 Z26.2 F7200
G1 Z25.8
G1 E.8 F1800
M204 S500
G1 F965
G1 X60.574 Y53.138 E.06126
;WIDTH:0.482917
G1 X60.463 Y53.111 E.00419
;WIDTH:0.515834
G1 X60.352 Y53.084 E.0045
;WIDTH:0.540667
G1 X59.924 Y52.325 E.03606
;WIDTH:0.565173
G1 X59.566 Y51.595 E.03532
;WIDTH:0.588264
G1 X59.252 Y50.845 E.03687
;WIDTH:0.599874
G1 X58.693 Y49.325 E.075
;WIDTH:0.588373
G1 X58.446 Y48.552 E.03683
;WIDTH:0.565597
G1 X58.263 Y47.844 E.03176
;WIDTH:0.546537
G1 X58.094 Y47.006 E.03581
;WIDTH:0.522264
G1 X58.074 Y46.89 E.00469
;WIDTH:0.515835
G1 X58.165 Y46.789 E.00532
;WIDTH:0.482917
G1 X58.256 Y46.689 E.00495
;WIDTH:0.449999
G1 X59.915 Y46.391 E.05706
G1 X60.006 Y46.398 E.00309
G1 X60.125 Y46.533 E.0061
G1 X60.278 Y47.262 E.02521
G1 X60.425 Y47.801 E.01891
G1 X60.684 Y48.598 E.02839
G1 X61.233 Y50.093 E.0539
G1 X61.494 Y50.742 E.02369
G1 X61.79 Y51.373 E.02358
G1 X62.146 Y52.027 E.02521
G1 X62.143 Y52.194 E.00565
M204 S10000
G1 X62.581 Y51.857 F7200
M204 S1500
;TYPE:Inner wall
;WIDTH:0.525712
G1 F965
G1 X62.553 Y51.806 E.00234
;WIDTH:0.518216
G1 X62.366 Y51.491 E.01448
;WIDTH:0.492372
G1 X62.18 Y51.175 E.01369
;WIDTH:0.466528
G1 X62.009 Y50.84 E.01325
;WIDTH:0.438048
G1 X61.839 Y50.505 E.01235
;WIDTH:0.409568
G1 X61.557 Y49.858 E.02152
;WIDTH:0.363608
G1 X61.304 Y49.2 E.0188
;WIDTH:0.371726
G1 X61.052 Y48.471 E.02109
;WIDTH:0.400011
G1 X60.938 Y48.076 E.0122
;WIDTH:0.428296
G1 X60.825 Y47.681 E.01316
;WIDTH:0.470148
G1 X60.673 Y47.005 E.02464
;WIDTH:0.518212
G1 X60.578 Y46.438 E.02272
M204 S10000
G1 E-.8 F1800
G1 X58.352 Y45.719 Z26.2 F7200
G1 Z25.8
G1 E.8 F1800
M204 S500
;TYPE:Internal solid infill
;WIDTH:0.541214
G1 F965
G1 X58.29 Y45.719 E.00258
G1 X58.258 Y45.773 E.00258
G1 X58.29 Y45.827 E.00258
G1 X58.352 Y45.827 E.00258
G1 X58.363 Y45.808 E.00092
M204 S10000
G1 E-.8 F1800
G1 X61.022 Y52.962 Z26.2 F7200
G1 X61.304 Y53.722 Z26.2
G1 Z25.8
G1 E.8 F1800
M204 S500
;WIDTH:0.552684
G1 F965
G1 X61.241 Y53.722 E.0027
G1 X61.209 Y53.777 E.0027
G1 X61.241 Y53.832 E.0027
G1 X61.304 Y53.832 E.0027
G1 X61.316 Y53.812 E.00101
; stop printing object fidget-finger-massager-2000-roller_round.stl id:15 copy 0
;LAYER_CHANGE
;Z:26
;HEIGHT:0.200001
G92 E0
;_SET_FAN_SPEED_CHANGING_LAYER
; printing object fidget-finger-massager-2000-roller_round.stl id:15 copy 0
M204 S10000
G1 E-.8 F1800
G1 X60.578 Y46.438 Z26.4 F7200
G1 Z26
G1 E.8 F1800
M204 S1500
;TYPE:Inner wall
;WIDTH:0.533319
G1 F965
G1 X60.539 Y46.295 E.00602
;WIDTH:0.558757
G1 X60.162 Y45.941 E.02218
G1 X59.831 Y45.926 E.01419
;WIDTH:0.536647
G1 X58.93 Y46.117 E.03783
;WIDTH:0.493323
G1 X58.028 Y46.307 E.03451
;WIDTH:0.449999
G1 X57.915 Y46.509 E.00785
G1 X57.868 Y45.79 E.02438
G1 X57.855 Y45.288 E.01702
G1 X58.349 Y45.308 E.01675
;WIDTH:0.493323
G1 X58.967 Y45.351 E.0232
;WIDTH:0.536647
G1 X59.585 Y45.395 E.02543
;WIDTH:0.558757
G1 X60.493 Y45.449 E.03902
G1 X60.503 Y45.682 E.01001
G1 X60.574 Y46.398 E.03086
M204 S10000
G1 E-.8 F1800
G1 X62.58 Y52.298 Z26.4 F7200
G1 Z26
G1 E.8 F1800
M204 S1500
;WIDTH:0.558851
G1 F965
G1 X62.626 Y51.981 E.01374
;WIDTH:0.537182
G1 X62.581 Y51.857 E.00544
G1 X62.651 Y51.97 E.00546
;WIDTH:0.558851
G1 X63.129 Y52.615 E.03441
G1 X62.618 Y53.091 E.02998
;WIDTH:0.550533
G1 X62.156 Y53.548 E.02738
;WIDTH:0.517022
G1 X61.695 Y54.004 E.02557
;WIDTH:0.483511
G1 X61.234 Y54.46 E.02377
;WIDTH:0.449999
G1 X60.908 Y54.055 E.0176
G1 X60.494 Y53.501 E.02338
G1 X60.681 Y53.553 E.00657
G1 X61.04 Y53.371 E.01363
;WIDTH:0.483511
G1 X61.466 Y53.142 E.01771
;WIDTH:0.517022
G1 X61.892 Y52.914 E.01905
;WIDTH:0.550533
G1 X62.318 Y52.686 E.0204
;WIDTH:0.558851
G1 X62.557 Y52.454 E.01428
G1 X62.574 Y52.338 E.00505
M204 S10000
G1 E-.8 F1800
G1 X60.98 Y44.985 Z26.4 F7200
G1 Z26
M73 P82 R3
G1 E.8 F1800
M204 S500
;TYPE:Outer wall
;WIDTH:0.449999
G1 F965
G1 X60.985 Y45.654 E.02264
G1 X61.037 Y46.381 E.02467
G1 X61.132 Y47.075 E.02373
G1 X61.271 Y47.783 E.0244
G1 X61.448 Y48.443 E.02315
G1 X61.664 Y49.091 E.02313
G1 X61.949 Y49.786 E.0254
G1 X62.232 Y50.376 E.02216
G1 X62.624 Y51.072 E.02704
G1 X63.027 Y51.686 E.02487
G1 X63.47 Y52.272 E.02486
G1 X63.8 Y52.653 E.01704
G1 X61.19 Y55.06 E.12019
G1 X60.783 Y54.593 E.02098
G1 X60.276 Y53.939 E.02801
;WIDTH:0.48613
G1 X60.058 Y53.591 E.01513
;WIDTH:0.522261
G1 X59.839 Y53.243 E.01637
;WIDTH:0.546469
G1 X59.39 Y52.482 E.03702
;WIDTH:0.565611
G1 X59.04 Y51.803 E.0332
;WIDTH:0.588382
G1 X58.696 Y51.039 E.03798
;WIDTH:0.599874
G1 X58.398 Y50.278 E.03787
G1 X58.125 Y49.479 E.03907
;WIDTH:0.58827
G1 X57.892 Y48.668 E.03827
;WIDTH:0.565189
G1 X57.708 Y47.843 E.0367
;WIDTH:0.540687
G1 X57.561 Y46.941 E.03783
;WIDTH:0.515835
G1 X57.511 Y46.607 E.01328
;WIDTH:0.482917
G1 X57.461 Y46.273 E.01235
;WIDTH:0.449999
G1 X57.424 Y45.445 E.02805
G1 X57.432 Y44.842 E.02043
G1 X60.94 Y44.983 E.11884
M204 S10000
G1 E-.8 F1800
G1 X62.142 Y52.234 Z26.4 F7200
G1 Z26
G1 E.8 F1800
M204 S500
G1 F965
G1 X60.574 Y53.138 E.06124
;WIDTH:0.482917
G1 X60.463 Y53.111 E.00419
;WIDTH:0.515834
G1 X60.352 Y53.084 E.0045
;WIDTH:0.540688
G1 X59.924 Y52.325 E.03606
;WIDTH:0.56519
G1 X59.566 Y51.594 E.03537
;WIDTH:0.588272
G1 X59.252 Y50.844 E.03684
;WIDTH:0.599874
G1 X58.693 Y49.325 E.07497
;WIDTH:0.588381
G1 X58.446 Y48.552 E.03683
;WIDTH:0.565612
G1 X58.263 Y47.843 E.03183
;WIDTH:0.546471
G1 X58.094 Y47.006 E.03574
;WIDTH:0.522264
G1 X58.074 Y46.89 E.00469
;WIDTH:0.515835
G1 X58.165 Y46.789 E.00532
;WIDTH:0.482917
G1 X58.256 Y46.689 E.00495
;WIDTH:0.449999
G1 X59.915 Y46.391 E.05706
G1 X60.006 Y46.398 E.00309
G1 X60.125 Y46.533 E.0061
G1 X60.278 Y47.262 E.02521
G1 X60.461 Y47.934 E.02358
G1 X60.683 Y48.597 E.02369
G1 X61.233 Y50.093 E.05394
G1 X61.494 Y50.742 E.02369
G1 X61.725 Y51.234 E.01839
G1 X62.147 Y52.029 E.03046
G1 X62.142 Y52.194 E.0056
M204 S10000
G1 X62.581 Y51.857 F7200
M204 S1500
;TYPE:Inner wall
;WIDTH:0.526146
G1 F965
G1 X62.556 Y51.812 E.00207
;WIDTH:0.519244
G1 X62.333 Y51.427 E.01763
;WIDTH:0.487484
G1 X62.111 Y51.041 E.01645
;WIDTH:0.455724
G1 X61.84 Y50.508 E.02053
;WIDTH:0.409858
G1 X61.558 Y49.859 E.02159
;WIDTH:0.363702
G1 X61.304 Y49.2 E.01884
;WIDTH:0.371974
G1 X61.051 Y48.468 E.02118
;WIDTH:0.418476
G1 X60.856 Y47.814 E.02131
;WIDTH:0.444311
G1 X60.764 Y47.409 E.01385
;WIDTH:0.470146
G1 X60.673 Y47.005 E.01474
;WIDTH:0.518212
G1 X60.578 Y46.438 E.02272
M204 S10000
G1 E-.8 F1800
G1 X58.352 Y45.719 Z26.4 F7200
G1 Z26
G1 E.8 F1800
M204 S500
;TYPE:Internal solid infill
;WIDTH:0.541214
G1 F965
G1 X58.29 Y45.719 E.00258
G1 X58.258 Y45.773 E.00258
G1 X58.29 Y45.827 E.00258
G1 X58.352 Y45.827 E.00258
G1 X58.363 Y45.808 E.00092
M204 S10000
G1 E-.8 F1800
G1 X61.022 Y52.962 Z26.4 F7200
G1 X61.304 Y53.722 Z26.4
G1 Z26
G1 E.8 F1800
M204 S500
;WIDTH:0.552672
G1 F965
G1 X61.24 Y53.722 E.0027
G1 X61.209 Y53.777 E.0027
G1 X61.24 Y53.832 E.0027
G1 X61.304 Y53.832 E.0027
G1 X61.316 Y53.812 E.00101
; stop printing object fidget-finger-massager-2000-roller_round.stl id:15 copy 0
;LAYER_CHANGE
;Z:26.2
;HEIGHT:0.200001
G92 E0
;_SET_FAN_SPEED_CHANGING_LAYER
; printing object fidget-finger-massager-2000-roller_round.stl id:15 copy 0
M204 S10000
G1 E-.8 F1800
G1 X60.578 Y46.438 Z26.6 F7200
G1 Z26.2
G1 E.8 F1800
M204 S1500
;TYPE:Inner wall
;WIDTH:0.533319
G1 F965
G1 X60.539 Y46.295 E.00602
;WIDTH:0.558757
G1 X60.162 Y45.941 E.02218
G1 X59.831 Y45.926 E.01419
;WIDTH:0.536647
G1 X58.93 Y46.117 E.03783
;WIDTH:0.493323
G1 X58.028 Y46.307 E.03451
;WIDTH:0.449999
G1 X57.915 Y46.509 E.00785
G1 X57.868 Y45.79 E.02438
G1 X57.855 Y45.288 E.01702
G1 X58.349 Y45.308 E.01675
;WIDTH:0.493323
G1 X58.967 Y45.351 E.0232
;WIDTH:0.536647
G1 X59.585 Y45.395 E.02543
;WIDTH:0.558757
G1 X60.493 Y45.449 E.03902
G1 X60.503 Y45.682 E.01001
G1 X60.574 Y46.398 E.03086
M204 S10000
G1 E-.8 F1800
G1 X62.58 Y52.298 Z26.6 F7200
G1 Z26.2
G1 E.8 F1800
M204 S1500
;WIDTH:0.55886
G1 F965
G1 X62.626 Y51.981 E.01374
;WIDTH:0.537207
G1 X62.581 Y51.857 E.00544
G1 X62.651 Y51.97 E.00546
;WIDTH:0.55886
G1 X63.129 Y52.615 E.03441
G1 X62.618 Y53.091 E.02998
;WIDTH:0.550537
G1 X62.156 Y53.548 E.02738
;WIDTH:0.517025
G1 X61.695 Y54.004 E.02557
;WIDTH:0.483512
G1 X61.234 Y54.46 E.02377
;WIDTH:0.449999
G1 X60.908 Y54.055 E.0176
G1 X60.494 Y53.501 E.02338
G1 X60.681 Y53.553 E.00657
G1 X61.04 Y53.371 E.01363
;WIDTH:0.483512
G1 X61.466 Y53.142 E.0177
;WIDTH:0.517025
G1 X61.892 Y52.914 E.01905
;WIDTH:0.550537
G1 X62.318 Y52.686 E.0204
;WIDTH:0.55886
G1 X62.557 Y52.454 E.01428
G1 X62.574 Y52.338 E.00505
M204 S10000
G1 E-.8 F1800
G1 X60.98 Y44.985 Z26.6 F7200
G1 Z26.2
G1 E.8 F1800
M204 S500
;TYPE:Outer wall
;WIDTH:0.449999
G1 F965
G1 X60.985 Y45.654 E.02264
G1 X61.037 Y46.381 E.02467
G1 X61.132 Y47.075 E.02373
G1 X61.27 Y47.78 E.0243
G1 X61.447 Y48.442 E.0232
G1 X61.664 Y49.091 E.02318
G1 X61.949 Y49.786 E.0254
G1 X62.232 Y50.376 E.02216
G1 X62.624 Y51.072 E.02704
G1 X63.027 Y51.686 E.02487
G1 X63.471 Y52.272 E.02486
G1 X63.8 Y52.653 E.01704
G1 X61.19 Y55.06 E.12019
G1 X60.783 Y54.593 E.02098
G1 X60.276 Y53.939 E.02801
;WIDTH:0.486132
G1 X60.058 Y53.591 E.01513
;WIDTH:0.522264
G1 X59.839 Y53.243 E.01637
;WIDTH:0.546401
G1 X59.391 Y52.483 E.03695
;WIDTH:0.565624
G1 X59.04 Y51.803 E.03328
;WIDTH:0.58839
G1 X58.696 Y51.039 E.03798
;WIDTH:0.599874
G1 X58.398 Y50.278 E.03787
G1 X58.125 Y49.48 E.03905
;WIDTH:0.588278
G1 X57.892 Y48.669 E.03825
;WIDTH:0.565203
G1 X57.708 Y47.843 E.03675
;WIDTH:0.540709
G1 X57.561 Y46.941 E.03783
;WIDTH:0.515835
G1 X57.511 Y46.607 E.01328
;WIDTH:0.482917
G1 X57.461 Y46.273 E.01235
;WIDTH:0.449999
G1 X57.424 Y45.445 E.02805
G1 X57.432 Y44.842 E.02043
G1 X60.94 Y44.983 E.11884
M204 S10000
G1 E-.8 F1800
G1 X62.141 Y52.234 Z26.6 F7200
G1 Z26.2
G1 E.8 F1800
M204 S500
G1 F965
G1 X60.574 Y53.138 E.06124
;WIDTH:0.482917
G1 X60.463 Y53.111 E.00419
;WIDTH:0.515835
G1 X60.352 Y53.084 E.0045
;WIDTH:0.540711
G1 X59.924 Y52.325 E.03606
;WIDTH:0.565203
G1 X59.565 Y51.593 E.03542
;WIDTH:0.588279
G1 X59.252 Y50.844 E.03682
;WIDTH:0.599874
G1 X58.693 Y49.325 E.07494
;WIDTH:0.588387
G1 X58.446 Y48.552 E.03683
;WIDTH:0.565626
G1 X58.262 Y47.841 E.03191
;WIDTH:0.546405
G1 X58.094 Y47.006 E.03566
;WIDTH:0.522264
G1 X58.074 Y46.89 E.00469
;WIDTH:0.515835
G1 X58.165 Y46.789 E.00532
;WIDTH:0.482917
G1 X58.256 Y46.689 E.00495
;WIDTH:0.449999
G1 X59.915 Y46.391 E.05706
G1 X60.006 Y46.398 E.00309
G1 X60.125 Y46.533 E.0061
G1 X60.278 Y47.262 E.02521
G1 X60.461 Y47.934 E.02358
G1 X60.683 Y48.597 E.02369
G1 X61.233 Y50.093 E.05394
G1 X61.494 Y50.742 E.02369
G1 X61.719 Y51.22 E.01787
G1 X62.147 Y52.029 E.03098
G1 X62.142 Y52.194 E.00559
M204 S10000
G1 X62.581 Y51.857 F7200
M204 S1500
;TYPE:Inner wall
;WIDTH:0.52618
G1 F965
G1 X62.556 Y51.813 E.00205
;WIDTH:0.519328
G1 X62.33 Y51.42 E.01794
;WIDTH:0.486966
G1 X62.104 Y51.028 E.01672
;WIDTH:0.454604
G1 X61.841 Y50.511 E.01985
;WIDTH:0.410148
G1 X61.559 Y49.861 E.02165
;WIDTH:0.363796
G1 X61.304 Y49.2 E.01889
;WIDTH:0.37194
G1 X61.051 Y48.468 E.02118
;WIDTH:0.418372
G1 X60.856 Y47.814 E.02131
;WIDTH:0.44426
G1 X60.764 Y47.409 E.01385
;WIDTH:0.470148
G1 X60.673 Y47.005 E.01474
;WIDTH:0.518212
G1 X60.578 Y46.438 E.02272
M204 S10000
G1 E-.8 F1800
G1 X58.352 Y45.719 Z26.6 F7200
G1 Z26.2
G1 E.8 F1800
M204 S500
;TYPE:Internal solid infill
;WIDTH:0.541214
G1 F965
G1 X58.29 Y45.719 E.00258
G1 X58.258 Y45.773 E.00258
G1 X58.29 Y45.827 E.00258
G1 X58.352 Y45.827 E.00258
G1 X58.363 Y45.808 E.00092
M204 S10000
G1 E-.8 F1800
G1 X61.022 Y52.962 Z26.6 F7200
G1 X61.304 Y53.722 Z26.6
G1 Z26.2
G1 E.8 F1800
M204 S500
;WIDTH:0.552668
G1 F965
G1 X61.24 Y53.722 E.0027
G1 X61.209 Y53.777 E.0027
G1 X61.24 Y53.832 E.0027
G1 X61.304 Y53.832 E.0027
G1 X61.316 Y53.812 E.00101
; stop printing object fidget-finger-massager-2000-roller_round.stl id:15 copy 0
;LAYER_CHANGE
;Z:26.4
;HEIGHT:0.199999
G92 E0
;_SET_FAN_SPEED_CHANGING_LAYER
; printing object fidget-finger-massager-2000-roller_round.stl id:15 copy 0
M204 S10000
G1 E-.8 F1800
G1 X60.578 Y46.438 Z26.8 F7200
G1 Z26.4
G1 E.8 F1800
M204 S1500
;TYPE:Inner wall
;WIDTH:0.533319
G1 F965
G1 X60.539 Y46.295 E.00602
;WIDTH:0.558757
G1 X60.162 Y45.941 E.02218
G1 X59.831 Y45.926 E.01419
;WIDTH:0.536647
G1 X58.93 Y46.117 E.03783
;WIDTH:0.493323
G1 X58.028 Y46.307 E.03451
;WIDTH:0.449999
G1 X57.915 Y46.509 E.00785
G1 X57.868 Y45.79 E.02438
G1 X57.855 Y45.288 E.01702
G1 X58.349 Y45.308 E.01675
;WIDTH:0.493323
G1 X58.967 Y45.351 E.0232
;WIDTH:0.536647
G1 X59.585 Y45.395 E.02543
;WIDTH:0.558757
G1 X60.493 Y45.449 E.03902
G1 X60.503 Y45.682 E.01001
G1 X60.574 Y46.398 E.03086
M204 S10000
G1 E-.8 F1800
G1 X62.58 Y52.298 Z26.8 F7200
G1 Z26.4
G1 E.8 F1800
M204 S1500
;WIDTH:0.558758
G1 F965
G1 X62.626 Y51.981 E.01373
;WIDTH:0.536864
G1 X62.581 Y51.857 E.00543
G1 X62.651 Y51.97 E.00546
;WIDTH:0.558758
G1 X63.129 Y52.615 E.03441
G1 X62.618 Y53.091 E.02996
;WIDTH:0.550486
G1 X62.157 Y53.547 E.02739
;WIDTH:0.516991
G1 X61.695 Y54.004 E.02558
;WIDTH:0.483495
G1 X61.234 Y54.46 E.02377
;WIDTH:0.449999
G1 X60.908 Y54.055 E.0176
G1 X60.494 Y53.501 E.02338
G1 X60.681 Y53.553 E.00657
G1 X61.04 Y53.371 E.01363
;WIDTH:0.483495
G1 X61.466 Y53.142 E.01771
;WIDTH:0.516991
G1 X61.892 Y52.914 E.01906
;WIDTH:0.550486
G1 X62.318 Y52.685 E.0204
;WIDTH:0.558758
G1 X62.557 Y52.454 E.01426
G1 X62.575 Y52.338 E.00506
M204 S10000
G1 E-.8 F1800
G1 X60.98 Y44.985 Z26.8 F7200
G1 Z26.4
G1 E.8 F1800
M204 S500
;TYPE:Outer wall
;WIDTH:0.449999
G1 F965
G1 X60.985 Y45.654 E.02264
G1 X61.037 Y46.381 E.02467
G1 X61.132 Y47.075 E.02373
G1 X61.27 Y47.777 E.02419
G1 X61.447 Y48.44 E.02325
M73 P83 R3
G1 X61.664 Y49.091 E.02323
G1 X61.949 Y49.786 E.02539
G1 X62.232 Y50.376 E.02216
G1 X62.624 Y51.072 E.02704
G1 X63.027 Y51.686 E.02487
G1 X63.47 Y52.272 E.02486
G1 X63.8 Y52.653 E.01704
G1 X61.19 Y55.06 E.12019
G1 X60.783 Y54.593 E.02098
G1 X60.276 Y53.939 E.02801
;WIDTH:0.486132
G1 X60.058 Y53.591 E.01513
;WIDTH:0.522264
G1 X59.839 Y53.243 E.01637
;WIDTH:0.546334
G1 X59.392 Y52.485 E.03687
;WIDTH:0.565641
G1 X59.04 Y51.803 E.03336
;WIDTH:0.588397
G1 X58.696 Y51.039 E.03798
;WIDTH:0.599875
G1 X58.398 Y50.278 E.03787
G1 X58.125 Y49.48 E.03902
;WIDTH:0.588286
G1 X57.892 Y48.67 E.03822
;WIDTH:0.565219
G1 X57.708 Y47.843 E.0368
;WIDTH:0.54073
G1 X57.561 Y46.941 E.03783
;WIDTH:0.515835
G1 X57.511 Y46.607 E.01328
;WIDTH:0.482917
G1 X57.461 Y46.273 E.01235
;WIDTH:0.449999
G1 X57.424 Y45.445 E.02805
G1 X57.432 Y44.842 E.02043
G1 X60.94 Y44.983 E.11884
M204 S10000
G1 E-.8 F1800
G1 X62.142 Y52.234 Z26.8 F7200
G1 Z26.4
G1 E.8 F1800
M204 S500
G1 F965
G1 X60.574 Y53.138 E.06126
;WIDTH:0.482917
G1 X60.463 Y53.111 E.00419
;WIDTH:0.515835
G1 X60.352 Y53.084 E.0045
;WIDTH:0.540732
G1 X59.924 Y52.325 E.03606
;WIDTH:0.56522
G1 X59.565 Y51.592 E.03547
;WIDTH:0.588287
G1 X59.252 Y50.843 E.03679
;WIDTH:0.599875
G1 X58.693 Y49.325 E.07492
;WIDTH:0.588396
G1 X58.446 Y48.552 E.03683
;WIDTH:0.565641
G1 X58.262 Y47.839 E.03198
;WIDTH:0.546336
G1 X58.094 Y47.006 E.03558
;WIDTH:0.522265
G1 X58.074 Y46.89 E.00469
;WIDTH:0.515835
G1 X58.165 Y46.789 E.00532
;WIDTH:0.482917
G1 X58.256 Y46.689 E.00495
;WIDTH:0.449999
G1 X59.915 Y46.391 E.05706
G1 X60.006 Y46.398 E.00309
G1 X60.125 Y46.533 E.0061
G1 X60.278 Y47.262 E.02521
G1 X60.461 Y47.934 E.02358
G1 X60.683 Y48.597 E.02369
G1 X61.233 Y50.093 E.05394
G1 X61.494 Y50.742 E.02369
G1 X61.79 Y51.373 E.02358
G1 X62.146 Y52.027 E.02521
G1 X62.143 Y52.194 E.00565
M204 S10000
G1 X62.581 Y51.857 F7200
M204 S1500
;TYPE:Inner wall
;WIDTH:0.525714
G1 F965
G1 X62.553 Y51.806 E.00234
;WIDTH:0.518216
G1 X62.366 Y51.491 E.01448
;WIDTH:0.492351
G1 X62.18 Y51.175 E.01369
;WIDTH:0.466486
G1 X62.011 Y50.845 E.01308
;WIDTH:0.438462
G1 X61.843 Y50.514 E.01221
;WIDTH:0.410438
G1 X61.559 Y49.862 E.02172
;WIDTH:0.363888
G1 X61.304 Y49.2 E.01894
;WIDTH:0.37191
G1 X61.051 Y48.468 E.02118
;WIDTH:0.418272
G1 X60.856 Y47.814 E.0213
;WIDTH:0.444209
G1 X60.764 Y47.409 E.01385
;WIDTH:0.470146
G1 X60.673 Y47.005 E.01474
;WIDTH:0.518212
G1 X60.578 Y46.438 E.02272
M204 S10000
G1 E-.8 F1800
G1 X58.352 Y45.719 Z26.8 F7200
G1 Z26.4
G1 E.8 F1800
M204 S500
;TYPE:Internal solid infill
;WIDTH:0.541214
G1 F965
G1 X58.29 Y45.719 E.00258
G1 X58.258 Y45.773 E.00258
G1 X58.29 Y45.827 E.00258
G1 X58.352 Y45.827 E.00258
G1 X58.363 Y45.808 E.00092
M204 S10000
G1 E-.8 F1800
G1 X61.022 Y52.962 Z26.8 F7200
G1 X61.304 Y53.722 Z26.8
G1 Z26.4
G1 E.8 F1800
M204 S500
;WIDTH:0.552684
G1 F965
G1 X61.241 Y53.722 E.0027
G1 X61.209 Y53.777 E.0027
G1 X61.241 Y53.832 E.0027
G1 X61.304 Y53.832 E.0027
G1 X61.316 Y53.812 E.00101
; stop printing object fidget-finger-massager-2000-roller_round.stl id:15 copy 0
;LAYER_CHANGE
;Z:26.6
;HEIGHT:0.200001
G92 E0
;_SET_FAN_SPEED_CHANGING_LAYER
; printing object fidget-finger-massager-2000-roller_round.stl id:15 copy 0
M204 S10000
G1 E-.8 F1800
G1 X60.578 Y46.438 Z27 F7200
G1 Z26.6
G1 E.8 F1800
M204 S1500
;TYPE:Inner wall
;WIDTH:0.533317
G1 F965
G1 X60.539 Y46.295 E.00602
;WIDTH:0.558757
G1 X60.162 Y45.941 E.02218
G1 X59.831 Y45.926 E.01419
;WIDTH:0.536647
G1 X58.93 Y46.117 E.03783
;WIDTH:0.493323
G1 X58.028 Y46.307 E.03451
;WIDTH:0.449999
G1 X57.915 Y46.509 E.00785
G1 X57.868 Y45.79 E.02438
G1 X57.855 Y45.288 E.01702
G1 X58.349 Y45.308 E.01675
;WIDTH:0.493323
G1 X58.967 Y45.351 E.0232
;WIDTH:0.536647
G1 X59.585 Y45.395 E.02543
;WIDTH:0.558757
G1 X60.493 Y45.449 E.03902
G1 X60.503 Y45.682 E.01001
G1 X60.574 Y46.398 E.03086
M204 S10000
G1 E-.8 F1800
G1 X62.58 Y52.298 Z27 F7200
G1 Z26.6
G1 E.8 F1800
M204 S1500
;WIDTH:0.558758
G1 F965
G1 X62.626 Y51.981 E.01373
;WIDTH:0.536865
G1 X62.581 Y51.857 E.00543
G1 X62.651 Y51.97 E.00546
;WIDTH:0.558758
G1 X63.129 Y52.615 E.03441
G1 X62.618 Y53.091 E.02996
;WIDTH:0.550486
G1 X62.157 Y53.547 E.02739
;WIDTH:0.516991
G1 X61.695 Y54.004 E.02558
;WIDTH:0.483495
G1 X61.234 Y54.46 E.02377
;WIDTH:0.449999
G1 X60.908 Y54.055 E.0176
G1 X60.494 Y53.501 E.02338
G1 X60.681 Y53.553 E.00657
G1 X61.04 Y53.371 E.01363
;WIDTH:0.483495
G1 X61.466 Y53.142 E.01771
;WIDTH:0.516991
G1 X61.892 Y52.914 E.01906
;WIDTH:0.550486
G1 X62.318 Y52.685 E.0204
;WIDTH:0.558758
G1 X62.557 Y52.454 E.01426
G1 X62.575 Y52.338 E.00506
M204 S10000
G1 E-.8 F1800
G1 X60.98 Y44.985 Z27 F7200
G1 Z26.6
G1 E.8 F1800
M204 S500
;TYPE:Outer wall
;WIDTH:0.449999
G1 F965
G1 X60.985 Y45.654 E.02264
G1 X61.037 Y46.381 E.02467
G1 X61.132 Y47.075 E.02374
G1 X61.269 Y47.774 E.02409
G1 X61.446 Y48.439 E.0233
G1 X61.664 Y49.091 E.02329
G1 X61.948 Y49.786 E.02539
G1 X62.232 Y50.376 E.02216
G1 X62.624 Y51.072 E.02704
G1 X63.027 Y51.686 E.02487
G1 X63.47 Y52.272 E.02486
G1 X63.8 Y52.653 E.01704
G1 X61.19 Y55.06 E.12019
G1 X60.783 Y54.593 E.02098
G1 X60.276 Y53.939 E.02801
;WIDTH:0.486132
G1 X60.058 Y53.591 E.01513
;WIDTH:0.522264
G1 X59.839 Y53.243 E.01637
;WIDTH:0.546268
G1 X59.393 Y52.486 E.03679
;WIDTH:0.565826
G1 X59.037 Y51.798 E.03369
;WIDTH:0.592447
G1 X58.707 Y51.061 E.03689
;WIDTH:0.599875
G1 X58.398 Y50.278 E.039
G1 X58.125 Y49.481 E.03899
;WIDTH:0.588294
G1 X57.893 Y48.671 E.0382
;WIDTH:0.565235
G1 X57.708 Y47.843 E.03685
;WIDTH:0.540751
G1 X57.561 Y46.941 E.03783
;WIDTH:0.515835
G1 X57.511 Y46.607 E.01328
;WIDTH:0.482917
G1 X57.461 Y46.273 E.01235
;WIDTH:0.449999
G1 X57.424 Y45.445 E.02805
G1 X57.432 Y44.842 E.02043
G1 X60.94 Y44.983 E.11884
M204 S10000
G1 E-.8 F1800
G1 X62.142 Y52.234 Z27 F7200
G1 Z26.6
G1 E.8 F1800
M204 S500
G1 F965
G1 X60.574 Y53.138 E.06126
;WIDTH:0.482917
G1 X60.463 Y53.111 E.00419
;WIDTH:0.515834
G1 X60.352 Y53.084 E.0045
;WIDTH:0.540753
G1 X59.924 Y52.325 E.03607
;WIDTH:0.565235
G1 X59.564 Y51.591 E.03552
;WIDTH:0.592447
G1 X59.258 Y50.843 E.0369
;WIDTH:0.599875
G1 X58.693 Y49.325 E.07502
;WIDTH:0.588404
G1 X58.446 Y48.552 E.03683
;WIDTH:0.565655
G1 X58.261 Y47.838 E.03206
;WIDTH:0.54627
G1 X58.094 Y47.006 E.03551
;WIDTH:0.522267
G1 X58.077 Y46.913 E.00378
;WIDTH:0.51719
G1 X58.145 Y46.805 E.00504
;WIDTH:0.483595
G1 X58.213 Y46.697 E.00468
;WIDTH:0.449999
G1 X59.915 Y46.391 E.05852
G1 X60.006 Y46.398 E.00309
G1 X60.125 Y46.533 E.0061
G1 X60.278 Y47.262 E.02521
G1 X60.412 Y47.751 E.01716
G1 X60.684 Y48.599 E.03015
G1 X61.233 Y50.093 E.05389
G1 X61.494 Y50.742 E.02369
G1 X61.79 Y51.373 E.02358
G1 X62.146 Y52.027 E.02521
G1 X62.143 Y52.194 E.00565
M204 S10000
G1 X62.581 Y51.857 F7200
M204 S1500
;TYPE:Inner wall
;WIDTH:0.525714
G1 F965
G1 X62.553 Y51.806 E.00234
;WIDTH:0.518216
G1 X62.366 Y51.491 E.01448
;WIDTH:0.492342
G1 X62.18 Y51.175 E.01369
;WIDTH:0.466468
G1 X62.012 Y50.846 E.01302
;WIDTH:0.438607
G1 X61.844 Y50.517 E.01217
;WIDTH:0.410746
G1 X61.56 Y49.863 E.02179
;WIDTH:0.36398
G1 X61.304 Y49.2 E.01898
;WIDTH:0.371504
G1 X61.052 Y48.472 E.02104
;WIDTH:0.40191
G1 X60.932 Y48.047 E.01318
;WIDTH:0.432316
G1 X60.811 Y47.622 E.0143
;WIDTH:0.470148
G1 X60.673 Y47.005 E.02249
;WIDTH:0.51821
G1 X60.578 Y46.438 E.02272
M204 S10000
G1 E-.8 F1800
G1 X58.352 Y45.719 Z27 F7200
G1 Z26.6
G1 E.8 F1800
M204 S500
;TYPE:Internal solid infill
;WIDTH:0.541214
G1 F965
G1 X58.29 Y45.719 E.00258
G1 X58.258 Y45.773 E.00258
G1 X58.29 Y45.827 E.00258
G1 X58.352 Y45.827 E.00258
G1 X58.363 Y45.808 E.00092
M204 S10000
G1 E-.8 F1800
G1 X61.022 Y52.962 Z27 F7200
G1 X61.304 Y53.722 Z27
G1 Z26.6
G1 E.8 F1800
M204 S500
;WIDTH:0.552684
G1 F965
G1 X61.241 Y53.722 E.0027
G1 X61.209 Y53.777 E.0027
G1 X61.241 Y53.832 E.0027
G1 X61.304 Y53.832 E.0027
G1 X61.316 Y53.812 E.00101
; stop printing object fidget-finger-massager-2000-roller_round.stl id:15 copy 0
;LAYER_CHANGE
;Z:26.8
;HEIGHT:0.199999
G92 E0
;_SET_FAN_SPEED_CHANGING_LAYER
; printing object fidget-finger-massager-2000-roller_round.stl id:15 copy 0
M204 S10000
G1 E-.8 F1800
G1 X60.578 Y46.438 Z27.2 F7200
G1 Z26.8
G1 E.8 F1800
M204 S1500
;TYPE:Inner wall
;WIDTH:0.533319
G1 F965
G1 X60.539 Y46.295 E.00602
;WIDTH:0.558757
G1 X60.162 Y45.941 E.02218
G1 X59.831 Y45.926 E.01419
;WIDTH:0.536647
G1 X58.93 Y46.117 E.03783
;WIDTH:0.493323
G1 X58.028 Y46.307 E.03451
;WIDTH:0.449999
G1 X57.915 Y46.509 E.00785
G1 X57.868 Y45.79 E.02438
G1 X57.855 Y45.288 E.01702
G1 X58.349 Y45.308 E.01675
;WIDTH:0.493323
G1 X58.967 Y45.351 E.0232
;WIDTH:0.536647
G1 X59.585 Y45.395 E.02543
;WIDTH:0.558757
G1 X60.493 Y45.449 E.03902
G1 X60.503 Y45.682 E.01001
G1 X60.574 Y46.398 E.03086
M204 S10000
G1 E-.8 F1800
G1 X62.58 Y52.298 Z27.2 F7200
G1 Z26.8
G1 E.8 F1800
M204 S1500
;WIDTH:0.558758
G1 F965
G1 X62.626 Y51.981 E.01373
;WIDTH:0.536865
G1 X62.581 Y51.857 E.00543
G1 X62.651 Y51.97 E.00546
;WIDTH:0.558758
G1 X63.129 Y52.615 E.03441
G1 X62.618 Y53.091 E.02996
;WIDTH:0.550487
G1 X62.157 Y53.547 E.02739
;WIDTH:0.516991
G1 X61.695 Y54.004 E.02558
;WIDTH:0.483495
G1 X61.234 Y54.46 E.02377
;WIDTH:0.449999
G1 X60.908 Y54.055 E.0176
G1 X60.494 Y53.501 E.02338
G1 X60.681 Y53.553 E.00657
G1 X61.04 Y53.371 E.01363
;WIDTH:0.483495
G1 X61.466 Y53.142 E.01771
;WIDTH:0.516991
G1 X61.892 Y52.914 E.01906
;WIDTH:0.550487
G1 X62.318 Y52.685 E.0204
;WIDTH:0.558758
G1 X62.557 Y52.454 E.01426
G1 X62.575 Y52.338 E.00506
M204 S10000
G1 E-.8 F1800
G1 X60.98 Y44.985 Z27.2 F7200
G1 Z26.8
G1 E.8 F1800
M204 S500
;TYPE:Outer wall
;WIDTH:0.449999
G1 F965
G1 X60.985 Y45.654 E.02264
G1 X61.037 Y46.381 E.02467
G1 X61.132 Y47.076 E.02374
G1 X61.268 Y47.771 E.02399
G1 X61.446 Y48.437 E.02335
G1 X61.664 Y49.091 E.02334
G1 X61.948 Y49.786 E.02539
G1 X62.232 Y50.376 E.02216
G1 X62.624 Y51.072 E.02704
G1 X63.027 Y51.686 E.02487
G1 X63.47 Y52.272 E.02486
G1 X63.8 Y52.653 E.01704
M73 P84 R3
G1 X61.19 Y55.06 E.12019
G1 X60.783 Y54.593 E.02098
G1 X60.276 Y53.939 E.02801
;WIDTH:0.486132
G1 X60.058 Y53.591 E.01513
;WIDTH:0.522265
G1 X59.839 Y53.243 E.01637
;WIDTH:0.5462
G1 X59.394 Y52.488 E.03672
;WIDTH:0.565672
G1 X59.04 Y51.803 E.03351
;WIDTH:0.588413
G1 X58.696 Y51.039 E.03798
;WIDTH:0.599875
G1 X58.398 Y50.278 E.03787
G1 X58.125 Y49.482 E.03897
;WIDTH:0.588302
G1 X57.893 Y48.672 E.03819
;WIDTH:0.565238
G1 X57.708 Y47.843 E.03688
;WIDTH:0.540773
G1 X57.561 Y46.941 E.03783
;WIDTH:0.515834
G1 X57.511 Y46.607 E.01328
;WIDTH:0.482917
G1 X57.461 Y46.273 E.01235
;WIDTH:0.449999
G1 X57.424 Y45.445 E.02805
G1 X57.432 Y44.842 E.02043
G1 X60.94 Y44.983 E.11884
M204 S10000
G1 E-.8 F1800
G1 X62.142 Y52.234 Z27.2 F7200
G1 Z26.8
G1 E.8 F1800
M204 S500
G1 F965
G1 X60.574 Y53.138 E.06126
;WIDTH:0.482917
G1 X60.463 Y53.111 E.00419
;WIDTH:0.515834
G1 X60.352 Y53.084 E.0045
;WIDTH:0.540775
G1 X59.924 Y52.325 E.03607
;WIDTH:0.565237
G1 X59.564 Y51.59 E.03555
;WIDTH:0.588304
G1 X59.251 Y50.842 E.03676
;WIDTH:0.599875
G1 X58.693 Y49.325 E.07487
;WIDTH:0.588411
G1 X58.446 Y48.552 E.03683
;WIDTH:0.56567
G1 X58.261 Y47.836 E.03213
;WIDTH:0.546204
G1 X58.094 Y47.006 E.03543
;WIDTH:0.522264
G1 X58.074 Y46.89 E.0047
;WIDTH:0.515834
G1 X58.165 Y46.789 E.00532
;WIDTH:0.482917
G1 X58.256 Y46.689 E.00495
;WIDTH:0.449999
G1 X59.915 Y46.391 E.05706
G1 X60.006 Y46.398 E.00309
G1 X60.125 Y46.533 E.0061
G1 X60.278 Y47.262 E.02521
G1 X60.461 Y47.933 E.02353
G1 X60.851 Y49.053 E.04017
G1 X61.233 Y50.093 E.03749
G1 X61.494 Y50.742 E.02369
G1 X61.79 Y51.373 E.02358
G1 X62.146 Y52.027 E.02521
G1 X62.143 Y52.194 E.00565
M204 S10000
G1 X62.581 Y51.857 F7200
M204 S1500
;TYPE:Inner wall
;WIDTH:0.525714
G1 F965
G1 X62.553 Y51.806 E.00234
;WIDTH:0.518214
G1 X62.366 Y51.491 E.01448
;WIDTH:0.492334
G1 X62.18 Y51.175 E.01369
;WIDTH:0.466454
G1 X62.013 Y50.847 E.01297
;WIDTH:0.438746
G1 X61.845 Y50.52 E.01212
;WIDTH:0.411038
G1 X61.56 Y49.865 E.02186
;WIDTH:0.364074
G1 X61.304 Y49.2 E.01903
;WIDTH:0.35893
G1 X61.073 Y48.525 E.01874
;WIDTH:0.388634
G1 X60.964 Y48.168 E.01074
;WIDTH:0.418338
G1 X60.855 Y47.81 E.01166
;WIDTH:0.444244
G1 X60.764 Y47.408 E.01378
;WIDTH:0.47015
G1 X60.673 Y47.005 E.01467
;WIDTH:0.518212
G1 X60.578 Y46.438 E.02272
M204 S10000
G1 E-.8 F1800
G1 X58.352 Y45.719 Z27.2 F7200
G1 Z26.8
G1 E.8 F1800
M204 S500
;TYPE:Internal solid infill
;WIDTH:0.541214
G1 F965
G1 X58.29 Y45.719 E.00258
G1 X58.258 Y45.773 E.00258
G1 X58.29 Y45.827 E.00258
G1 X58.352 Y45.827 E.00258
G1 X58.363 Y45.808 E.00092
M204 S10000
G1 E-.8 F1800
G1 X61.022 Y52.962 Z27.2 F7200
G1 X61.304 Y53.722 Z27.2
G1 Z26.8
G1 E.8 F1800
M204 S500
;WIDTH:0.552684
G1 F965
G1 X61.241 Y53.722 E.0027
G1 X61.209 Y53.777 E.0027
G1 X61.241 Y53.832 E.0027
G1 X61.304 Y53.832 E.0027
G1 X61.316 Y53.812 E.00101
; stop printing object fidget-finger-massager-2000-roller_round.stl id:15 copy 0
;LAYER_CHANGE
;Z:27
;HEIGHT:0.200001
G92 E0
;_SET_FAN_SPEED_CHANGING_LAYER
; printing object fidget-finger-massager-2000-roller_round.stl id:15 copy 0
M204 S10000
G1 E-.8 F1800
G1 X60.578 Y46.438 Z27.4 F7200
G1 Z27
G1 E.8 F1800
M204 S1500
;TYPE:Inner wall
;WIDTH:0.533318
G1 F965
G1 X60.539 Y46.295 E.00602
;WIDTH:0.558757
G1 X60.162 Y45.941 E.02218
G1 X59.831 Y45.926 E.01419
;WIDTH:0.536647
G1 X58.93 Y46.117 E.03783
;WIDTH:0.493323
G1 X58.028 Y46.307 E.03451
;WIDTH:0.449999
G1 X57.915 Y46.509 E.00785
G1 X57.868 Y45.79 E.02438
G1 X57.855 Y45.288 E.01702
G1 X58.349 Y45.308 E.01675
;WIDTH:0.493323
G1 X58.967 Y45.351 E.0232
;WIDTH:0.536647
G1 X59.585 Y45.395 E.02543
;WIDTH:0.558757
G1 X60.493 Y45.449 E.03902
G1 X60.503 Y45.682 E.01001
G1 X60.574 Y46.398 E.03086
M204 S10000
G1 E-.8 F1800
G1 X62.58 Y52.298 Z27.4 F7200
G1 Z27
G1 E.8 F1800
M204 S1500
;WIDTH:0.558758
G1 F965
G1 X62.626 Y51.981 E.01373
;WIDTH:0.536865
G1 X62.581 Y51.857 E.00543
G1 X62.651 Y51.97 E.00546
;WIDTH:0.558758
G1 X63.129 Y52.615 E.03441
G1 X62.618 Y53.091 E.02996
;WIDTH:0.550488
G1 X62.157 Y53.547 E.02739
;WIDTH:0.516992
G1 X61.695 Y54.004 E.02558
;WIDTH:0.483496
G1 X61.234 Y54.46 E.02377
;WIDTH:0.449999
G1 X60.908 Y54.055 E.0176
G1 X60.494 Y53.501 E.02338
G1 X60.681 Y53.553 E.00657
G1 X61.04 Y53.371 E.01363
;WIDTH:0.483496
G1 X61.466 Y53.142 E.01771
;WIDTH:0.516992
G1 X61.892 Y52.914 E.01906
;WIDTH:0.550488
G1 X62.318 Y52.685 E.0204
;WIDTH:0.558758
G1 X62.557 Y52.454 E.01426
G1 X62.575 Y52.338 E.00506
M204 S10000
G1 E-.8 F1800
G1 X60.98 Y44.985 Z27.4 F7200
G1 Z27
G1 E.8 F1800
M204 S500
;TYPE:Outer wall
;WIDTH:0.449999
G1 F965
G1 X60.985 Y45.654 E.02264
G1 X61.037 Y46.381 E.02467
G1 X61.132 Y47.076 E.02374
G1 X61.268 Y47.768 E.02388
G1 X61.445 Y48.436 E.0234
G1 X61.664 Y49.092 E.02339
G1 X61.948 Y49.786 E.02538
G1 X62.232 Y50.376 E.02216
G1 X62.624 Y51.072 E.02705
G1 X63.027 Y51.686 E.02487
G1 X63.47 Y52.272 E.02486
G1 X63.8 Y52.653 E.01704
G1 X61.19 Y55.06 E.12019
G1 X60.783 Y54.593 E.02098
G1 X60.276 Y53.939 E.02801
;WIDTH:0.486133
G1 X60.058 Y53.591 E.01513
;WIDTH:0.522266
G1 X59.839 Y53.243 E.01637
;WIDTH:0.546137
G1 X59.394 Y52.489 E.03664
;WIDTH:0.565686
G1 X59.04 Y51.803 E.03358
;WIDTH:0.588421
G1 X58.696 Y51.039 E.03798
;WIDTH:0.599876
G1 X58.398 Y50.278 E.03788
G1 X58.126 Y49.482 E.03894
;WIDTH:0.588311
G1 X57.893 Y48.672 E.03822
;WIDTH:0.565222
G1 X57.708 Y47.843 E.03688
;WIDTH:0.540795
G1 X57.561 Y46.941 E.03783
;WIDTH:0.515835
G1 X57.511 Y46.607 E.01328
;WIDTH:0.482917
G1 X57.461 Y46.273 E.01235
;WIDTH:0.449999
G1 X57.424 Y45.445 E.02805
G1 X57.432 Y44.842 E.02043
G1 X60.94 Y44.983 E.11884
M204 S10000
G1 E-.8 F1800
G1 X62.142 Y52.234 Z27.4 F7200
G1 Z27
G1 E.8 F1800
M204 S500
G1 F965
G1 X60.574 Y53.138 E.06126
;WIDTH:0.482917
G1 X60.463 Y53.111 E.00419
;WIDTH:0.515835
G1 X60.352 Y53.084 E.0045
;WIDTH:0.540797
G1 X59.924 Y52.325 E.03607
;WIDTH:0.565223
G1 X59.564 Y51.59 E.03555
;WIDTH:0.588311
G1 X59.251 Y50.842 E.03679
;WIDTH:0.599876
G1 X58.693 Y49.325 E.07484
;WIDTH:0.588421
G1 X58.446 Y48.552 E.03683
;WIDTH:0.565685
G1 X58.261 Y47.834 E.03221
;WIDTH:0.546138
G1 X58.094 Y47.006 E.03536
;WIDTH:0.522266
G1 X58.077 Y46.913 E.00378
;WIDTH:0.51719
G1 X58.145 Y46.805 E.00504
;WIDTH:0.483595
G1 X58.213 Y46.697 E.00468
;WIDTH:0.449999
G1 X59.915 Y46.391 E.05852
G1 X60.006 Y46.398 E.00309
G1 X60.125 Y46.533 E.0061
G1 X60.278 Y47.262 E.02521
G1 X60.461 Y47.932 E.02353
G1 X60.863 Y49.086 E.04135
G1 X61.233 Y50.093 E.03632
G1 X61.494 Y50.742 E.02369
G1 X61.79 Y51.373 E.02358
G1 X62.146 Y52.027 E.02521
G1 X62.143 Y52.194 E.00565
M204 S10000
G1 X62.581 Y51.857 F7200
M204 S1500
;TYPE:Inner wall
;WIDTH:0.525714
G1 F965
G1 X62.553 Y51.806 E.00234
;WIDTH:0.518216
G1 X62.366 Y51.491 E.01448
;WIDTH:0.492327
G1 X62.18 Y51.175 E.01369
;WIDTH:0.466438
G1 X62.013 Y50.849 E.01291
;WIDTH:0.438883
G1 X61.846 Y50.522 E.01207
;WIDTH:0.411328
G1 X61.561 Y49.866 E.02192
;WIDTH:0.364168
G1 X61.304 Y49.199 E.01908
;WIDTH:0.35863
G1 X61.072 Y48.524 E.01876
;WIDTH:0.388438
G1 X60.964 Y48.167 E.01071
;WIDTH:0.418246
G1 X60.855 Y47.81 E.01164
;WIDTH:0.444197
G1 X60.764 Y47.407 E.01378
;WIDTH:0.470148
G1 X60.673 Y47.005 E.01467
;WIDTH:0.518212
G1 X60.578 Y46.438 E.02272
M204 S10000
G1 E-.8 F1800
G1 X58.352 Y45.719 Z27.4 F7200
G1 Z27
G1 E.8 F1800
M204 S500
;TYPE:Internal solid infill
;WIDTH:0.541214
G1 F965
G1 X58.29 Y45.719 E.00258
G1 X58.258 Y45.773 E.00258
G1 X58.29 Y45.827 E.00258
G1 X58.352 Y45.827 E.00258
G1 X58.363 Y45.808 E.00092
M204 S10000
G1 E-.8 F1800
G1 X61.022 Y52.962 Z27.4 F7200
G1 X61.304 Y53.722 Z27.4
G1 Z27
G1 E.8 F1800
M204 S500
;WIDTH:0.552684
G1 F965
G1 X61.241 Y53.722 E.0027
G1 X61.209 Y53.777 E.0027
G1 X61.241 Y53.832 E.0027
G1 X61.304 Y53.832 E.0027
G1 X61.316 Y53.812 E.00101
; stop printing object fidget-finger-massager-2000-roller_round.stl id:15 copy 0
;LAYER_CHANGE
;Z:27.2
;HEIGHT:0.200001
G92 E0
;_SET_FAN_SPEED_CHANGING_LAYER
; printing object fidget-finger-massager-2000-roller_round.stl id:15 copy 0
M204 S10000
G1 E-.8 F1800
G1 X60.578 Y46.438 Z27.6 F7200
G1 Z27.2
G1 E.8 F1800
M204 S1500
;TYPE:Inner wall
;WIDTH:0.533317
G1 F965
G1 X60.539 Y46.295 E.00602
;WIDTH:0.558757
G1 X60.162 Y45.941 E.02218
G1 X59.831 Y45.926 E.01419
;WIDTH:0.536647
G1 X58.93 Y46.117 E.03783
;WIDTH:0.493323
G1 X58.028 Y46.307 E.03451
;WIDTH:0.449999
G1 X57.915 Y46.509 E.00785
G1 X57.868 Y45.79 E.02438
G1 X57.855 Y45.288 E.01702
G1 X58.349 Y45.308 E.01675
;WIDTH:0.493323
G1 X58.967 Y45.351 E.0232
;WIDTH:0.536647
G1 X59.585 Y45.395 E.02543
;WIDTH:0.558757
G1 X60.493 Y45.449 E.03902
G1 X60.503 Y45.682 E.01001
G1 X60.574 Y46.398 E.03086
M204 S10000
G1 E-.8 F1800
G1 X62.58 Y52.298 Z27.6 F7200
G1 Z27.2
G1 E.8 F1800
M204 S1500
;WIDTH:0.558758
G1 F965
G1 X62.626 Y51.981 E.01373
;WIDTH:0.536865
G1 X62.581 Y51.857 E.00543
G1 X62.651 Y51.97 E.00546
;WIDTH:0.558758
G1 X63.129 Y52.615 E.03441
G1 X62.618 Y53.091 E.02996
;WIDTH:0.550488
G1 X62.157 Y53.547 E.02739
;WIDTH:0.516992
G1 X61.695 Y54.004 E.02558
;WIDTH:0.483496
G1 X61.234 Y54.46 E.02377
;WIDTH:0.449999
G1 X60.908 Y54.055 E.0176
G1 X60.494 Y53.501 E.02338
G1 X60.681 Y53.553 E.00657
G1 X61.04 Y53.371 E.01363
;WIDTH:0.483496
G1 X61.466 Y53.142 E.01771
;WIDTH:0.516992
G1 X61.892 Y52.914 E.01906
;WIDTH:0.550488
G1 X62.318 Y52.685 E.0204
;WIDTH:0.558758
G1 X62.557 Y52.454 E.01426
G1 X62.575 Y52.338 E.00506
M204 S10000
G1 E-.8 F1800
G1 X60.98 Y44.985 Z27.6 F7200
G1 Z27.2
G1 E.8 F1800
M204 S500
;TYPE:Outer wall
;WIDTH:0.449999
G1 F965
G1 X60.985 Y45.654 E.02264
G1 X61.037 Y46.381 E.02467
G1 X61.132 Y47.076 E.02374
G1 X61.267 Y47.765 E.02378
G1 X61.445 Y48.435 E.02346
G1 X61.664 Y49.092 E.02344
G1 X61.948 Y49.785 E.02538
G1 X62.232 Y50.376 E.02216
G1 X62.624 Y51.072 E.02705
G1 X63.027 Y51.686 E.02487
G1 X63.47 Y52.272 E.02486
G1 X63.8 Y52.653 E.01704
G1 X61.19 Y55.06 E.12019
G1 X60.783 Y54.593 E.02098
G1 X60.276 Y53.939 E.02801
;WIDTH:0.486133
G1 X60.058 Y53.591 E.01513
M73 P85 R3
;WIDTH:0.522267
G1 X59.839 Y53.243 E.01637
;WIDTH:0.546067
G1 X59.395 Y52.491 E.03657
;WIDTH:0.565702
G1 X59.04 Y51.803 E.03366
;WIDTH:0.588429
G1 X58.696 Y51.039 E.03798
;WIDTH:0.599876
G1 X58.398 Y50.278 E.03787
G1 X58.126 Y49.483 E.03891
;WIDTH:0.588319
G1 X57.893 Y48.672 E.03825
;WIDTH:0.565208
G1 X57.708 Y47.843 E.03688
;WIDTH:0.540818
G1 X57.561 Y46.941 E.03783
;WIDTH:0.515835
G1 X57.511 Y46.607 E.01328
;WIDTH:0.482917
G1 X57.461 Y46.273 E.01235
;WIDTH:0.449999
G1 X57.424 Y45.445 E.02805
G1 X57.432 Y44.842 E.02043
G1 X60.94 Y44.983 E.11884
M204 S10000
G1 E-.8 F1800
G1 X62.142 Y52.234 Z27.6 F7200
G1 Z27.2
G1 E.8 F1800
M204 S500
G1 F965
G1 X60.574 Y53.138 E.06126
;WIDTH:0.482917
G1 X60.463 Y53.111 E.00419
;WIDTH:0.515835
G1 X60.352 Y53.084 E.0045
;WIDTH:0.540818
G1 X59.924 Y52.325 E.03607
;WIDTH:0.565208
G1 X59.564 Y51.59 E.03555
;WIDTH:0.588319
G1 X59.251 Y50.841 E.03681
;WIDTH:0.599876
G1 X58.693 Y49.325 E.07482
;WIDTH:0.588428
G1 X58.446 Y48.552 E.03683
;WIDTH:0.565702
G1 X58.26 Y47.833 E.03228
;WIDTH:0.546071
G1 X58.094 Y47.006 E.03528
;WIDTH:0.522268
G1 X58.077 Y46.913 E.00378
;WIDTH:0.51719
G1 X58.145 Y46.805 E.00504
;WIDTH:0.483595
G1 X58.213 Y46.697 E.00468
;WIDTH:0.449999
G1 X59.915 Y46.391 E.05852
G1 X60.006 Y46.398 E.00309
G1 X60.125 Y46.533 E.0061
G1 X60.278 Y47.262 E.02521
G1 X60.461 Y47.934 E.02358
G1 X60.683 Y48.597 E.02369
G1 X61.233 Y50.093 E.05394
G1 X61.494 Y50.742 E.02369
G1 X61.79 Y51.373 E.02358
G1 X62.146 Y52.027 E.02521
G1 X62.143 Y52.194 E.00565
M204 S10000
G1 X62.581 Y51.857 F7200
M204 S1500
;TYPE:Inner wall
;WIDTH:0.525714
G1 F965
G1 X62.553 Y51.806 E.00234
;WIDTH:0.518214
G1 X62.366 Y51.491 E.01448
;WIDTH:0.492319
G1 X62.18 Y51.175 E.01369
;WIDTH:0.466424
G1 X62.014 Y50.85 E.01286
;WIDTH:0.439021
G1 X61.848 Y50.525 E.01202
;WIDTH:0.411618
G1 X61.561 Y49.868 E.02199
;WIDTH:0.364258
G1 X61.304 Y49.199 E.01913
;WIDTH:0.371776
G1 X61.051 Y48.468 E.02116
;WIDTH:0.417856
G1 X60.856 Y47.814 E.02128
;WIDTH:0.444002
G1 X60.764 Y47.409 E.01384
;WIDTH:0.470148
G1 X60.673 Y47.005 E.01474
;WIDTH:0.51821
G1 X60.578 Y46.438 E.02272
M204 S10000
G1 E-.8 F1800
G1 X58.352 Y45.719 Z27.6 F7200
G1 Z27.2
G1 E.8 F1800
M204 S500
;TYPE:Internal solid infill
;WIDTH:0.541214
G1 F965
G1 X58.29 Y45.719 E.00258
G1 X58.258 Y45.773 E.00258
G1 X58.29 Y45.827 E.00258
G1 X58.352 Y45.827 E.00258
G1 X58.363 Y45.808 E.00092
M204 S10000
G1 E-.8 F1800
G1 X61.022 Y52.962 Z27.6 F7200
G1 X61.304 Y53.722 Z27.6
G1 Z27.2
G1 E.8 F1800
M204 S500
;WIDTH:0.552682
G1 F965
G1 X61.241 Y53.722 E.0027
G1 X61.209 Y53.777 E.0027
G1 X61.241 Y53.832 E.0027
G1 X61.304 Y53.832 E.0027
G1 X61.316 Y53.812 E.00101
; stop printing object fidget-finger-massager-2000-roller_round.stl id:15 copy 0
;LAYER_CHANGE
;Z:27.4
;HEIGHT:0.199999
G92 E0
;_SET_FAN_SPEED_CHANGING_LAYER
; printing object fidget-finger-massager-2000-roller_round.stl id:15 copy 0
M204 S10000
G1 E-.8 F1800
G1 X60.578 Y46.438 Z27.8 F7200
G1 Z27.4
G1 E.8 F1800
M204 S1500
;TYPE:Inner wall
;WIDTH:0.533319
G1 F965
G1 X60.539 Y46.295 E.00602
;WIDTH:0.558757
G1 X60.162 Y45.941 E.02218
G1 X59.831 Y45.926 E.01419
;WIDTH:0.536647
G1 X58.93 Y46.117 E.03783
;WIDTH:0.493323
G1 X58.028 Y46.307 E.03451
;WIDTH:0.449999
G1 X57.915 Y46.509 E.00785
G1 X57.868 Y45.79 E.02438
G1 X57.855 Y45.288 E.01702
G1 X58.349 Y45.308 E.01675
;WIDTH:0.493323
G1 X58.967 Y45.351 E.0232
;WIDTH:0.536647
G1 X59.585 Y45.395 E.02543
;WIDTH:0.558757
G1 X60.493 Y45.449 E.03902
G1 X60.503 Y45.682 E.01001
G1 X60.574 Y46.398 E.03086
M204 S10000
G1 E-.8 F1800
G1 X62.58 Y52.298 Z27.8 F7200
G1 Z27.4
G1 E.8 F1800
M204 S1500
;WIDTH:0.558759
G1 F965
G1 X62.626 Y51.981 E.01373
;WIDTH:0.536864
G1 X62.581 Y51.857 E.00543
G1 X62.651 Y51.97 E.00546
;WIDTH:0.558759
G1 X63.129 Y52.615 E.03441
G1 X62.618 Y53.091 E.02996
;WIDTH:0.550488
G1 X62.157 Y53.547 E.02739
;WIDTH:0.516992
G1 X61.695 Y54.004 E.02558
;WIDTH:0.483496
G1 X61.234 Y54.46 E.02377
;WIDTH:0.449999
G1 X60.908 Y54.055 E.0176
G1 X60.494 Y53.501 E.02338
G1 X60.681 Y53.553 E.00657
G1 X61.04 Y53.371 E.01363
;WIDTH:0.483496
G1 X61.466 Y53.142 E.01771
;WIDTH:0.516992
G1 X61.892 Y52.914 E.01906
;WIDTH:0.550488
G1 X62.318 Y52.685 E.0204
;WIDTH:0.558759
G1 X62.557 Y52.454 E.01426
G1 X62.575 Y52.338 E.00506
M204 S10000
G1 E-.8 F1800
G1 X60.98 Y44.985 Z27.8 F7200
G1 Z27.4
G1 E.8 F1800
M204 S500
;TYPE:Outer wall
;WIDTH:0.449999
G1 F965
G1 X60.985 Y45.654 E.02264
G1 X61.037 Y46.381 E.02467
G1 X61.132 Y47.076 E.02374
G1 X61.266 Y47.762 E.02367
G1 X61.445 Y48.433 E.02351
G1 X61.664 Y49.092 E.02349
G1 X61.948 Y49.785 E.02538
G1 X62.232 Y50.376 E.02216
G1 X62.624 Y51.072 E.02705
G1 X63.027 Y51.686 E.02487
G1 X63.47 Y52.272 E.02486
G1 X63.8 Y52.653 E.01704
G1 X61.19 Y55.06 E.12019
G1 X60.783 Y54.593 E.02098
G1 X60.276 Y53.939 E.02801
;WIDTH:0.486133
G1 X60.058 Y53.591 E.01513
;WIDTH:0.522267
G1 X59.839 Y53.243 E.01637
;WIDTH:0.546001
G1 X59.396 Y52.492 E.03649
;WIDTH:0.565717
G1 X59.04 Y51.803 E.03374
;WIDTH:0.588437
G1 X58.696 Y51.039 E.03798
;WIDTH:0.599876
G1 X58.398 Y50.278 E.03787
G1 X58.126 Y49.483 E.03889
;WIDTH:0.588326
G1 X57.893 Y48.672 E.03828
;WIDTH:0.565192
G1 X57.708 Y47.843 E.03688
;WIDTH:0.540839
G1 X57.561 Y46.941 E.03783
;WIDTH:0.515835
G1 X57.511 Y46.607 E.01328
;WIDTH:0.482917
G1 X57.461 Y46.273 E.01235
;WIDTH:0.449999
G1 X57.424 Y45.445 E.02805
G1 X57.432 Y44.842 E.02043
G1 X60.94 Y44.983 E.11884
M204 S10000
G1 E-.8 F1800
G1 X62.142 Y52.234 Z27.8 F7200
G1 Z27.4
G1 E.8 F1800
M204 S500
G1 F965
G1 X60.574 Y53.138 E.06126
;WIDTH:0.482917
G1 X60.463 Y53.111 E.00419
M73 P85 R2
;WIDTH:0.515834
G1 X60.352 Y53.084 E.0045
;WIDTH:0.540841
G1 X59.924 Y52.325 E.03607
;WIDTH:0.565192
G1 X59.564 Y51.59 E.03555
;WIDTH:0.588328
G1 X59.251 Y50.841 E.03684
;WIDTH:0.599876
G1 X58.693 Y49.325 E.07479
;WIDTH:0.588436
G1 X58.446 Y48.552 E.03683
;WIDTH:0.565717
G1 X58.26 Y47.831 E.03236
;WIDTH:0.546004
G1 X58.094 Y47.006 E.0352
;WIDTH:0.522269
G1 X58.077 Y46.913 E.00378
;WIDTH:0.51719
G1 X58.145 Y46.805 E.00504
;WIDTH:0.483595
G1 X58.213 Y46.697 E.00468
;WIDTH:0.449999
G1 X59.915 Y46.391 E.05852
G1 X60.006 Y46.398 E.00309
G1 X60.125 Y46.533 E.0061
G1 X60.278 Y47.262 E.02521
G1 X60.461 Y47.934 E.02358
G1 X60.683 Y48.597 E.02369
G1 X61.233 Y50.093 E.05394
G1 X61.494 Y50.742 E.02369
G1 X61.79 Y51.373 E.02358
G1 X62.146 Y52.027 E.02521
G1 X62.143 Y52.194 E.00565
M204 S10000
G1 X62.581 Y51.857 F7200
M204 S1500
;TYPE:Inner wall
;WIDTH:0.525712
G1 F965
G1 X62.553 Y51.806 E.00234
;WIDTH:0.518214
G1 X62.366 Y51.491 E.01448
;WIDTH:0.492311
G1 X62.18 Y51.175 E.01369
;WIDTH:0.466408
G1 X62.015 Y50.852 E.0128
;WIDTH:0.439149
G1 X61.849 Y50.528 E.01198
;WIDTH:0.41189
G1 X61.562 Y49.869 E.02205
;WIDTH:0.364358
G1 X61.304 Y49.199 E.01918
;WIDTH:0.371742
G1 X61.051 Y48.468 E.02116
;WIDTH:0.41775
G1 X60.856 Y47.814 E.02127
;WIDTH:0.443949
G1 X60.764 Y47.409 E.01384
;WIDTH:0.470148
G1 X60.673 Y47.005 E.01474
;WIDTH:0.518212
G1 X60.578 Y46.438 E.02272
M204 S10000
G1 E-.8 F1800
G1 X58.352 Y45.719 Z27.8 F7200
G1 Z27.4
G1 E.8 F1800
M204 S500
;TYPE:Internal solid infill
;WIDTH:0.541214
G1 F965
G1 X58.29 Y45.719 E.00258
G1 X58.258 Y45.773 E.00258
G1 X58.29 Y45.827 E.00258
G1 X58.352 Y45.827 E.00258
G1 X58.363 Y45.808 E.00092
M204 S10000
G1 E-.8 F1800
G1 X61.022 Y52.962 Z27.8 F7200
G1 X61.304 Y53.722 Z27.8
G1 Z27.4
G1 E.8 F1800
M204 S500
;WIDTH:0.552682
G1 F965
G1 X61.241 Y53.722 E.0027
G1 X61.209 Y53.777 E.0027
G1 X61.241 Y53.832 E.0027
G1 X61.304 Y53.832 E.0027
G1 X61.316 Y53.812 E.00101
; stop printing object fidget-finger-massager-2000-roller_round.stl id:15 copy 0
;LAYER_CHANGE
;Z:27.6
;HEIGHT:0.200001
G92 E0
;_SET_FAN_SPEED_CHANGING_LAYER
; printing object fidget-finger-massager-2000-roller_round.stl id:15 copy 0
M204 S10000
G1 E-.8 F1800
G1 X60.578 Y46.438 Z28 F7200
G1 Z27.6
G1 E.8 F1800
M204 S1500
;TYPE:Inner wall
;WIDTH:0.533319
G1 F965
G1 X60.539 Y46.295 E.00602
;WIDTH:0.558757
G1 X60.162 Y45.941 E.02218
G1 X59.831 Y45.926 E.01419
;WIDTH:0.536647
G1 X58.93 Y46.117 E.03783
;WIDTH:0.493323
G1 X58.028 Y46.307 E.03451
;WIDTH:0.449999
G1 X57.915 Y46.509 E.00785
G1 X57.868 Y45.79 E.02438
G1 X57.855 Y45.288 E.01702
G1 X58.349 Y45.308 E.01675
;WIDTH:0.493323
G1 X58.967 Y45.351 E.0232
;WIDTH:0.536647
G1 X59.585 Y45.395 E.02543
;WIDTH:0.558757
G1 X60.493 Y45.449 E.03902
G1 X60.503 Y45.682 E.01001
G1 X60.574 Y46.398 E.03086
M204 S10000
G1 E-.8 F1800
G1 X62.58 Y52.298 Z28 F7200
G1 Z27.6
G1 E.8 F1800
M204 S1500
;WIDTH:0.558758
G1 F965
G1 X62.626 Y51.981 E.01373
;WIDTH:0.536863
G1 X62.581 Y51.857 E.00543
G1 X62.651 Y51.97 E.00546
;WIDTH:0.558758
G1 X63.129 Y52.615 E.03441
G1 X62.618 Y53.091 E.02996
;WIDTH:0.550488
G1 X62.157 Y53.547 E.02739
;WIDTH:0.516992
G1 X61.695 Y54.004 E.02558
;WIDTH:0.483496
G1 X61.234 Y54.46 E.02377
;WIDTH:0.449999
G1 X60.908 Y54.055 E.0176
G1 X60.494 Y53.501 E.02338
G1 X60.681 Y53.553 E.00657
G1 X61.04 Y53.371 E.01363
;WIDTH:0.483496
G1 X61.466 Y53.142 E.01771
;WIDTH:0.516992
G1 X61.892 Y52.914 E.01906
;WIDTH:0.550488
G1 X62.318 Y52.685 E.0204
;WIDTH:0.558758
G1 X62.557 Y52.454 E.01426
G1 X62.575 Y52.338 E.00506
M204 S10000
G1 E-.8 F1800
G1 X60.98 Y44.985 Z28 F7200
G1 Z27.6
G1 E.8 F1800
M204 S500
;TYPE:Outer wall
;WIDTH:0.449999
G1 F965
G1 X60.985 Y45.654 E.02264
G1 X61.037 Y46.381 E.02467
G1 X61.132 Y47.076 E.02375
G1 X61.266 Y47.759 E.02357
G1 X61.444 Y48.432 E.02356
G1 X61.664 Y49.092 E.02354
G1 X61.948 Y49.785 E.02537
G1 X62.232 Y50.376 E.02216
G1 X62.624 Y51.072 E.02705
G1 X63.027 Y51.686 E.02487
G1 X63.47 Y52.272 E.02486
G1 X63.8 Y52.653 E.01704
G1 X61.19 Y55.06 E.12019
G1 X60.783 Y54.593 E.02098
G1 X60.276 Y53.939 E.02801
;WIDTH:0.486133
G1 X60.058 Y53.591 E.01513
;WIDTH:0.522267
G1 X59.839 Y53.243 E.01637
;WIDTH:0.545935
G1 X59.397 Y52.494 E.03641
;WIDTH:0.565732
G1 X59.04 Y51.803 E.03381
;WIDTH:0.588445
G1 X58.696 Y51.039 E.03798
;WIDTH:0.599875
G1 X58.398 Y50.278 E.03787
G1 X58.126 Y49.484 E.03886
;WIDTH:0.588335
G1 X57.893 Y48.672 E.0383
;WIDTH:0.565177
G1 X57.708 Y47.843 E.03688
M73 P86 R2
;WIDTH:0.540862
G1 X57.561 Y46.941 E.03784
;WIDTH:0.515834
G1 X57.511 Y46.607 E.01328
;WIDTH:0.482917
G1 X57.461 Y46.273 E.01235
;WIDTH:0.449999
G1 X57.424 Y45.445 E.02805
G1 X57.432 Y44.842 E.02043
G1 X60.94 Y44.983 E.11884
M204 S10000
G1 E-.8 F1800
G1 X62.142 Y52.234 Z28 F7200
G1 Z27.6
G1 E.8 F1800
M204 S500
G1 F965
G1 X60.574 Y53.138 E.06126
;WIDTH:0.482917
G1 X60.463 Y53.111 E.00419
;WIDTH:0.515834
G1 X60.352 Y53.084 E.0045
;WIDTH:0.540864
G1 X59.924 Y52.325 E.03607
;WIDTH:0.565178
G1 X59.564 Y51.59 E.03555
;WIDTH:0.588336
G1 X59.25 Y50.84 E.03686
;WIDTH:0.599875
G1 X58.693 Y49.325 E.07476
;WIDTH:0.588445
G1 X58.446 Y48.552 E.03683
;WIDTH:0.565732
G1 X58.259 Y47.829 E.03244
;WIDTH:0.545936
G1 X58.094 Y47.006 E.03512
;WIDTH:0.522269
G1 X58.077 Y46.913 E.00378
;WIDTH:0.51719
G1 X58.145 Y46.805 E.00504
;WIDTH:0.483595
G1 X58.213 Y46.697 E.00468
;WIDTH:0.449999
G1 X59.915 Y46.391 E.05852
G1 X60.006 Y46.398 E.00309
G1 X60.125 Y46.533 E.0061
G1 X60.278 Y47.262 E.02521
G1 X60.461 Y47.934 E.02358
G1 X60.683 Y48.597 E.02369
G1 X61.233 Y50.093 E.05394
G1 X61.494 Y50.742 E.02369
G1 X61.79 Y51.373 E.02358
G1 X62.146 Y52.027 E.02521
G1 X62.143 Y52.194 E.00565
M204 S10000
G1 X62.581 Y51.857 F7200
M204 S1500
;TYPE:Inner wall
;WIDTH:0.525712
G1 F965
G1 X62.553 Y51.806 E.00234
;WIDTH:0.518214
G1 X62.366 Y51.491 E.01448
;WIDTH:0.492304
G1 X62.18 Y51.175 E.01369
;WIDTH:0.466394
G1 X62.015 Y50.853 E.01275
;WIDTH:0.439289
G1 X61.85 Y50.531 E.01193
;WIDTH:0.412184
G1 X61.563 Y49.871 E.02211
;WIDTH:0.36445
G1 X61.304 Y49.199 E.01922
;WIDTH:0.371706
G1 X61.051 Y48.468 E.02116
;WIDTH:0.417644
G1 X60.856 Y47.814 E.02127
;WIDTH:0.443897
G1 X60.764 Y47.409 E.01384
;WIDTH:0.47015
G1 X60.673 Y47.005 E.01474
;WIDTH:0.518212
G1 X60.578 Y46.438 E.02272
M204 S10000
G1 E-.8 F1800
G1 X58.352 Y45.719 Z28 F7200
G1 Z27.6
G1 E.8 F1800
M204 S500
;TYPE:Internal solid infill
;WIDTH:0.541214
G1 F965
G1 X58.29 Y45.719 E.00258
G1 X58.258 Y45.773 E.00258
G1 X58.29 Y45.827 E.00258
G1 X58.352 Y45.827 E.00258
G1 X58.363 Y45.808 E.00092
M204 S10000
G1 E-.8 F1800
G1 X61.022 Y52.962 Z28 F7200
G1 X61.304 Y53.722 Z28
G1 Z27.6
G1 E.8 F1800
M204 S500
;WIDTH:0.552684
G1 F965
G1 X61.241 Y53.722 E.0027
G1 X61.209 Y53.777 E.0027
G1 X61.241 Y53.832 E.0027
G1 X61.304 Y53.832 E.0027
G1 X61.316 Y53.812 E.00101
; stop printing object fidget-finger-massager-2000-roller_round.stl id:15 copy 0
;LAYER_CHANGE
;Z:27.8
;HEIGHT:0.199999
G92 E0
;_SET_FAN_SPEED_CHANGING_LAYER
; printing object fidget-finger-massager-2000-roller_round.stl id:15 copy 0
M204 S10000
G1 E-.8 F1800
G1 X60.578 Y46.438 Z28.2 F7200
G1 Z27.8
G1 E.8 F1800
M204 S1500
;TYPE:Inner wall
;WIDTH:0.533317
G1 F965
G1 X60.539 Y46.295 E.00602
;WIDTH:0.558757
G1 X60.162 Y45.941 E.02218
G1 X59.831 Y45.926 E.01419
;WIDTH:0.536647
G1 X58.93 Y46.117 E.03783
;WIDTH:0.493323
G1 X58.028 Y46.307 E.03451
;WIDTH:0.449999
G1 X57.915 Y46.509 E.00785
G1 X57.868 Y45.79 E.02438
G1 X57.855 Y45.288 E.01702
G1 X58.349 Y45.308 E.01675
;WIDTH:0.493323
G1 X58.967 Y45.351 E.0232
;WIDTH:0.536647
G1 X59.585 Y45.395 E.02543
;WIDTH:0.558757
G1 X60.493 Y45.449 E.03902
G1 X60.503 Y45.682 E.01001
G1 X60.574 Y46.398 E.03086
M204 S10000
G1 E-.8 F1800
G1 X62.58 Y52.298 Z28.2 F7200
G1 Z27.8
G1 E.8 F1800
M204 S1500
;WIDTH:0.558758
G1 F965
G1 X62.626 Y51.981 E.01373
;WIDTH:0.536865
G1 X62.581 Y51.857 E.00543
G1 X62.651 Y51.97 E.00546
;WIDTH:0.558758
G1 X63.129 Y52.615 E.03441
G1 X62.618 Y53.091 E.02996
;WIDTH:0.550487
G1 X62.157 Y53.547 E.02739
;WIDTH:0.516991
G1 X61.695 Y54.004 E.02558
;WIDTH:0.483495
G1 X61.234 Y54.46 E.02377
;WIDTH:0.449999
G1 X60.908 Y54.055 E.0176
G1 X60.494 Y53.501 E.02338
G1 X60.681 Y53.553 E.00657
G1 X61.04 Y53.371 E.01363
;WIDTH:0.483495
G1 X61.466 Y53.142 E.01771
;WIDTH:0.516991
G1 X61.892 Y52.914 E.01906
;WIDTH:0.550487
G1 X62.318 Y52.685 E.0204
;WIDTH:0.558758
G1 X62.557 Y52.454 E.01426
G1 X62.575 Y52.338 E.00506
M204 S10000
G1 E-.8 F1800
G1 X60.98 Y44.985 Z28.2 F7200
G1 Z27.8
G1 E.8 F1800
M204 S500
;TYPE:Outer wall
;WIDTH:0.449999
G1 F965
G1 X60.985 Y45.654 E.02264
G1 X61.037 Y46.381 E.02467
G1 X61.132 Y47.076 E.02375
G1 X61.265 Y47.756 E.02346
G1 X61.444 Y48.43 E.02361
G1 X61.664 Y49.092 E.02359
G1 X61.948 Y49.785 E.02537
G1 X62.231 Y50.376 E.02217
G1 X62.624 Y51.072 E.02705
G1 X63.027 Y51.686 E.02487
G1 X63.47 Y52.272 E.02486
G1 X63.8 Y52.653 E.01704
G1 X61.19 Y55.06 E.12019
G1 X60.783 Y54.593 E.02098
G1 X60.276 Y53.939 E.02801
;WIDTH:0.486135
G1 X60.058 Y53.591 E.01513
;WIDTH:0.52227
G1 X59.839 Y53.243 E.01637
;WIDTH:0.545868
G1 X59.398 Y52.495 E.03633
;WIDTH:0.565748
G1 X59.04 Y51.803 E.03389
;WIDTH:0.588454
G1 X58.696 Y51.039 E.03798
;WIDTH:0.599876
G1 X58.398 Y50.278 E.03787
G1 X58.126 Y49.484 E.03883
;WIDTH:0.588342
G1 X57.893 Y48.672 E.03833
;WIDTH:0.565161
G1 X57.708 Y47.843 E.03688
;WIDTH:0.540884
G1 X57.561 Y46.941 E.03784
;WIDTH:0.515834
G1 X57.511 Y46.607 E.01328
;WIDTH:0.482917
G1 X57.461 Y46.273 E.01235
;WIDTH:0.449999
G1 X57.424 Y45.445 E.02805
G1 X57.432 Y44.842 E.02043
G1 X60.94 Y44.983 E.11884
M204 S10000
G1 E-.8 F1800
G1 X62.142 Y52.234 Z28.2 F7200
G1 Z27.8
G1 E.8 F1800
M204 S500
G1 F965
G1 X60.574 Y53.138 E.06126
;WIDTH:0.482917
G1 X60.463 Y53.111 E.00419
;WIDTH:0.515834
G1 X60.352 Y53.084 E.0045
;WIDTH:0.540887
G1 X59.924 Y52.325 E.03608
;WIDTH:0.565162
G1 X59.564 Y51.59 E.03554
;WIDTH:0.588345
G1 X59.25 Y50.84 E.03689
;WIDTH:0.599876
G1 X58.693 Y49.325 E.07474
;WIDTH:0.588451
G1 X58.446 Y48.552 E.03683
;WIDTH:0.565748
G1 X58.259 Y47.828 E.03251
;WIDTH:0.545869
G1 X58.094 Y47.006 E.03505
;WIDTH:0.522271
G1 X58.077 Y46.913 E.00378
;WIDTH:0.51719
G1 X58.145 Y46.805 E.00504
;WIDTH:0.483595
G1 X58.213 Y46.697 E.00468
;WIDTH:0.449999
G1 X59.915 Y46.391 E.05852
G1 X60.006 Y46.398 E.00309
G1 X60.125 Y46.533 E.0061
G1 X60.278 Y47.262 E.02521
G1 X60.46 Y47.932 E.02353
G1 X60.911 Y49.216 E.04605
G1 X61.233 Y50.093 E.03162
G1 X61.494 Y50.742 E.02369
G1 X61.79 Y51.373 E.02358
G1 X62.146 Y52.027 E.02521
G1 X62.143 Y52.194 E.00565
M204 S10000
G1 X62.581 Y51.857 F7200
M204 S1500
;TYPE:Inner wall
;WIDTH:0.525714
G1 F965
G1 X62.553 Y51.806 E.00234
;WIDTH:0.518216
G1 X62.366 Y51.491 E.01448
;WIDTH:0.492297
G1 X62.18 Y51.175 E.01369
;WIDTH:0.466378
G1 X62.016 Y50.854 E.01269
;WIDTH:0.439426
G1 X61.852 Y50.534 E.01189
;WIDTH:0.412474
G1 X61.563 Y49.872 E.02218
;WIDTH:0.364544
G1 X61.266 Y49.089 E.02241
;WIDTH:0.35764
G1 X61.071 Y48.517 E.01579
;WIDTH:0.387752
G1 X60.963 Y48.164 E.01061
;WIDTH:0.417864
G1 X60.855 Y47.81 E.01153
;WIDTH:0.444006
G1 X60.764 Y47.407 E.01376
;WIDTH:0.470148
G1 X60.673 Y47.005 E.01466
;WIDTH:0.51821
G1 X60.578 Y46.438 E.02272
M204 S10000
G1 E-.8 F1800
G1 X58.352 Y45.719 Z28.2 F7200
G1 Z27.8
G1 E.8 F1800
M204 S500
;TYPE:Internal solid infill
;WIDTH:0.541214
G1 F965
G1 X58.29 Y45.719 E.00258
G1 X58.258 Y45.773 E.00258
G1 X58.29 Y45.827 E.00258
G1 X58.352 Y45.827 E.00258
G1 X58.363 Y45.808 E.00092
M204 S10000
G1 E-.8 F1800
G1 X61.022 Y52.962 Z28.2 F7200
G1 X61.304 Y53.722 Z28.2
G1 Z27.8
G1 E.8 F1800
M204 S500
;WIDTH:0.552684
G1 F965
G1 X61.241 Y53.722 E.0027
G1 X61.209 Y53.777 E.0027
G1 X61.241 Y53.832 E.0027
G1 X61.304 Y53.832 E.0027
G1 X61.316 Y53.812 E.00101
; stop printing object fidget-finger-massager-2000-roller_round.stl id:15 copy 0
;LAYER_CHANGE
;Z:28
;HEIGHT:0.200001
G92 E0
;_SET_FAN_SPEED_CHANGING_LAYER
; printing object fidget-finger-massager-2000-roller_round.stl id:15 copy 0
M204 S10000
G1 E-.8 F1800
G1 X60.578 Y46.438 Z28.4 F7200
G1 Z28
G1 E.8 F1800
M204 S1500
;TYPE:Inner wall
;WIDTH:0.533317
G1 F965
G1 X60.539 Y46.295 E.00602
;WIDTH:0.558757
G1 X60.162 Y45.941 E.02218
G1 X59.831 Y45.926 E.01419
;WIDTH:0.536647
G1 X58.93 Y46.117 E.03783
;WIDTH:0.493323
G1 X58.028 Y46.307 E.03451
;WIDTH:0.449999
G1 X57.915 Y46.509 E.00785
G1 X57.868 Y45.79 E.02438
G1 X57.855 Y45.288 E.01702
G1 X58.349 Y45.308 E.01675
;WIDTH:0.493323
G1 X58.967 Y45.351 E.0232
;WIDTH:0.536647
G1 X59.585 Y45.395 E.02543
;WIDTH:0.558757
G1 X60.493 Y45.449 E.03902
G1 X60.503 Y45.682 E.01001
G1 X60.574 Y46.398 E.03086
M204 S10000
G1 E-.8 F1800
G1 X62.58 Y52.298 Z28.4 F7200
G1 Z28
G1 E.8 F1800
M204 S1500
;WIDTH:0.558758
G1 F965
G1 X62.626 Y51.981 E.01373
;WIDTH:0.536865
G1 X62.581 Y51.857 E.00543
G1 X62.651 Y51.97 E.00546
;WIDTH:0.558758
G1 X63.129 Y52.615 E.03441
G1 X62.618 Y53.091 E.02996
;WIDTH:0.550488
G1 X62.157 Y53.547 E.02739
;WIDTH:0.516992
G1 X61.695 Y54.004 E.02558
;WIDTH:0.483496
G1 X61.234 Y54.46 E.02377
;WIDTH:0.449999
G1 X60.908 Y54.055 E.0176
G1 X60.494 Y53.501 E.02338
G1 X60.681 Y53.553 E.00657
G1 X61.04 Y53.371 E.01363
;WIDTH:0.483496
G1 X61.466 Y53.142 E.01771
;WIDTH:0.516992
G1 X61.892 Y52.914 E.01906
;WIDTH:0.550488
G1 X62.318 Y52.685 E.0204
;WIDTH:0.558758
G1 X62.557 Y52.454 E.01426
G1 X62.575 Y52.338 E.00506
M204 S10000
G1 E-.8 F1800
G1 X60.98 Y44.985 Z28.4 F7200
G1 Z28
G1 E.8 F1800
M204 S500
;TYPE:Outer wall
;WIDTH:0.449999
G1 F965
G1 X60.985 Y45.654 E.02264
G1 X61.037 Y46.381 E.02467
G1 X61.132 Y47.076 E.02375
G1 X61.264 Y47.753 E.02336
G1 X61.443 Y48.429 E.02366
G1 X61.664 Y49.092 E.02365
G1 X61.948 Y49.785 E.02537
G1 X62.231 Y50.376 E.02217
G1 X62.624 Y51.072 E.02706
G1 X63.027 Y51.686 E.02487
G1 X63.47 Y52.272 E.02486
G1 X63.8 Y52.653 E.01704
G1 X61.19 Y55.06 E.12019
G1 X60.783 Y54.593 E.02098
G1 X60.276 Y53.939 E.02801
;WIDTH:0.486135
G1 X60.058 Y53.591 E.01513
;WIDTH:0.52227
G1 X59.839 Y53.243 E.01637
;WIDTH:0.545802
G1 X59.399 Y52.497 E.03626
;WIDTH:0.565764
G1 X59.04 Y51.803 E.03397
;WIDTH:0.588462
G1 X58.696 Y51.039 E.03798
;WIDTH:0.599876
G1 X58.398 Y50.278 E.03787
G1 X58.126 Y49.485 E.03881
;WIDTH:0.588351
G1 X57.893 Y48.672 E.03836
;WIDTH:0.565146
G1 X57.708 Y47.843 E.03688
;WIDTH:0.540907
G1 X57.561 Y46.941 E.03784
;WIDTH:0.515835
G1 X57.511 Y46.607 E.01328
;WIDTH:0.482917
G1 X57.461 Y46.273 E.01235
;WIDTH:0.449999
G1 X57.424 Y45.445 E.02805
G1 X57.432 Y44.842 E.02043
G1 X60.94 Y44.983 E.11884
M204 S10000
G1 E-.8 F1800
M73 P87 R2
G1 X62.142 Y52.234 Z28.4 F7200
G1 Z28
G1 E.8 F1800
M204 S500
G1 F965
G1 X60.574 Y53.138 E.06126
;WIDTH:0.482917
G1 X60.463 Y53.111 E.00419
;WIDTH:0.515834
G1 X60.352 Y53.084 E.0045
;WIDTH:0.540908
G1 X59.924 Y52.325 E.03608
;WIDTH:0.565147
G1 X59.564 Y51.59 E.03554
;WIDTH:0.588354
G1 X59.25 Y50.839 E.03692
;WIDTH:0.599876
G1 X58.693 Y49.325 E.07471
;WIDTH:0.58846
G1 X58.446 Y48.552 E.03683
;WIDTH:0.565763
G1 X58.258 Y47.826 E.03259
;WIDTH:0.545803
G1 X58.094 Y47.006 E.03497
;WIDTH:0.522271
G1 X58.077 Y46.913 E.00378
;WIDTH:0.51719
G1 X58.145 Y46.805 E.00504
;WIDTH:0.483595
G1 X58.213 Y46.697 E.00468
;WIDTH:0.449999
G1 X59.915 Y46.391 E.05852
G1 X60.006 Y46.398 E.00309
G1 X60.125 Y46.533 E.0061
G1 X60.278 Y47.262 E.02521
G1 X60.461 Y47.934 E.02358
G1 X60.683 Y48.597 E.02369
G1 X61.233 Y50.093 E.05394
G1 X61.494 Y50.742 E.02369
G1 X61.79 Y51.373 E.02358
G1 X62.146 Y52.027 E.02521
G1 X62.143 Y52.194 E.00565
M204 S10000
G1 X62.581 Y51.857 F7200
M204 S1500
;TYPE:Inner wall
;WIDTH:0.525714
G1 F965
G1 X62.553 Y51.806 E.00234
;WIDTH:0.518216
G1 X62.366 Y51.491 E.01448
;WIDTH:0.49229
G1 X62.18 Y51.175 E.01369
;WIDTH:0.466364
G1 X62.016 Y50.856 E.01264
;WIDTH:0.439564
G1 X61.853 Y50.536 E.01184
;WIDTH:0.412764
G1 X61.564 Y49.873 E.02224
;WIDTH:0.364638
G1 X61.304 Y49.199 E.01932
;WIDTH:0.371632
G1 X61.051 Y48.468 E.02115
;WIDTH:0.417428
G1 X60.856 Y47.814 E.02125
;WIDTH:0.443789
G1 X60.764 Y47.409 E.01383
;WIDTH:0.47015
G1 X60.673 Y47.005 E.01474
;WIDTH:0.51821
G1 X60.578 Y46.438 E.02272
M204 S10000
G1 E-.8 F1800
G1 X58.352 Y45.719 Z28.4 F7200
G1 Z28
G1 E.8 F1800
M204 S500
;TYPE:Internal solid infill
;WIDTH:0.541214
G1 F965
G1 X58.29 Y45.719 E.00258
G1 X58.258 Y45.773 E.00258
G1 X58.29 Y45.827 E.00258
G1 X58.352 Y45.827 E.00258
G1 X58.363 Y45.808 E.00092
M204 S10000
G1 E-.8 F1800
G1 X61.022 Y52.962 Z28.4 F7200
G1 X61.304 Y53.722 Z28.4
G1 Z28
G1 E.8 F1800
M204 S500
;WIDTH:0.552682
G1 F965
G1 X61.241 Y53.722 E.0027
G1 X61.209 Y53.777 E.0027
G1 X61.241 Y53.832 E.0027
G1 X61.304 Y53.832 E.0027
G1 X61.316 Y53.812 E.00101
; stop printing object fidget-finger-massager-2000-roller_round.stl id:15 copy 0
;LAYER_CHANGE
;Z:28.2
;HEIGHT:0.200001
G92 E0
;_SET_FAN_SPEED_CHANGING_LAYER
; printing object fidget-finger-massager-2000-roller_round.stl id:15 copy 0
M204 S10000
G1 E-.8 F1800
G1 X60.578 Y46.438 Z28.6 F7200
G1 Z28.2
G1 E.8 F1800
M204 S1500
;TYPE:Inner wall
;WIDTH:0.533317
G1 F965
G1 X60.539 Y46.295 E.00602
;WIDTH:0.558757
G1 X60.162 Y45.941 E.02218
G1 X59.831 Y45.926 E.01419
;WIDTH:0.536647
G1 X58.93 Y46.117 E.03783
;WIDTH:0.493323
G1 X58.028 Y46.307 E.03451
;WIDTH:0.449999
G1 X57.915 Y46.509 E.00785
G1 X57.868 Y45.79 E.02438
G1 X57.855 Y45.288 E.01702
G1 X58.349 Y45.308 E.01675
;WIDTH:0.493323
G1 X58.967 Y45.351 E.0232
;WIDTH:0.536647
G1 X59.585 Y45.395 E.02543
;WIDTH:0.558757
G1 X60.493 Y45.449 E.03902
G1 X60.503 Y45.682 E.01001
G1 X60.574 Y46.398 E.03086
M204 S10000
G1 E-.8 F1800
G1 X62.58 Y52.298 Z28.6 F7200
G1 Z28.2
G1 E.8 F1800
M204 S1500
;WIDTH:0.558758
G1 F965
G1 X62.626 Y51.981 E.01373
;WIDTH:0.536863
G1 X62.581 Y51.857 E.00543
G1 X62.651 Y51.97 E.00546
;WIDTH:0.558758
G1 X63.129 Y52.615 E.03441
G1 X62.618 Y53.091 E.02996
;WIDTH:0.550488
G1 X62.157 Y53.547 E.02739
;WIDTH:0.516992
G1 X61.695 Y54.004 E.02558
;WIDTH:0.483496
G1 X61.234 Y54.46 E.02377
;WIDTH:0.449999
G1 X60.908 Y54.055 E.0176
G1 X60.494 Y53.501 E.02338
G1 X60.681 Y53.553 E.00657
G1 X61.04 Y53.371 E.01363
;WIDTH:0.483496
G1 X61.466 Y53.142 E.01771
;WIDTH:0.516992
G1 X61.892 Y52.914 E.01906
;WIDTH:0.550488
G1 X62.318 Y52.685 E.0204
;WIDTH:0.558758
G1 X62.557 Y52.454 E.01426
G1 X62.575 Y52.338 E.00506
M204 S10000
G1 E-.8 F1800
G1 X60.98 Y44.985 Z28.6 F7200
G1 Z28.2
G1 E.8 F1800
M204 S500
;TYPE:Outer wall
;WIDTH:0.449999
G1 F965
G1 X60.985 Y45.654 E.02264
G1 X61.037 Y46.381 E.02467
G1 X61.132 Y47.076 E.02375
G1 X61.263 Y47.75 E.02326
G1 X61.443 Y48.427 E.02371
G1 X61.664 Y49.092 E.0237
G1 X61.948 Y49.785 E.02537
G1 X62.231 Y50.376 E.02217
G1 X62.624 Y51.072 E.02706
G1 X63.027 Y51.686 E.02486
G1 X63.47 Y52.272 E.02486
G1 X63.8 Y52.653 E.01704
G1 X61.19 Y55.06 E.12019
G1 X60.783 Y54.593 E.02098
G1 X60.276 Y53.939 E.02801
;WIDTH:0.486135
G1 X60.058 Y53.591 E.01513
;WIDTH:0.52227
G1 X59.839 Y53.243 E.01637
;WIDTH:0.545734
G1 X59.399 Y52.498 E.03618
;WIDTH:0.56578
G1 X59.04 Y51.803 E.03404
;WIDTH:0.588468
G1 X58.696 Y51.039 E.03798
;WIDTH:0.599878
G1 X58.398 Y50.278 E.03787
G1 X58.127 Y49.485 E.03878
;WIDTH:0.588359
G1 X57.893 Y48.672 E.03838
;WIDTH:0.565131
G1 X57.708 Y47.843 E.03688
;WIDTH:0.540931
G1 X57.561 Y46.941 E.03784
;WIDTH:0.515835
G1 X57.511 Y46.607 E.01328
;WIDTH:0.482917
G1 X57.461 Y46.273 E.01235
;WIDTH:0.449999
G1 X57.424 Y45.445 E.02805
G1 X57.432 Y44.842 E.02043
G1 X60.94 Y44.983 E.11884
M204 S10000
G1 E-.8 F1800
G1 X62.142 Y52.234 Z28.6 F7200
G1 Z28.2
G1 E.8 F1800
M204 S500
G1 F965
G1 X60.574 Y53.138 E.06126
;WIDTH:0.482917
G1 X60.463 Y53.111 E.00419
;WIDTH:0.515834
G1 X60.352 Y53.084 E.0045
;WIDTH:0.54093
G1 X59.924 Y52.325 E.03608
;WIDTH:0.565131
G1 X59.564 Y51.59 E.03554
;WIDTH:0.588359
G1 X59.25 Y50.839 E.03694
;WIDTH:0.599878
G1 X58.693 Y49.325 E.07469
;WIDTH:0.588468
G1 X58.446 Y48.552 E.03683
;WIDTH:0.56578
G1 X58.258 Y47.824 E.03267
;WIDTH:0.545734
G1 X58.094 Y47.006 E.03489
;WIDTH:0.522277
G1 X58.077 Y46.913 E.00379
;WIDTH:0.51719
G1 X58.145 Y46.805 E.00504
;WIDTH:0.483595
G1 X58.213 Y46.697 E.00468
;WIDTH:0.449999
G1 X59.915 Y46.391 E.05852
G1 X60.006 Y46.398 E.00309
G1 X60.125 Y46.533 E.0061
G1 X60.278 Y47.262 E.02521
G1 X60.461 Y47.934 E.02358
G1 X60.683 Y48.597 E.02369
G1 X61.233 Y50.093 E.05394
G1 X61.494 Y50.742 E.02369
G1 X61.79 Y51.373 E.02358
G1 X62.146 Y52.027 E.02521
G1 X62.143 Y52.194 E.00565
M204 S10000
G1 X62.581 Y51.857 F7200
M204 S1500
;TYPE:Inner wall
;WIDTH:0.525712
G1 F965
G1 X62.553 Y51.806 E.00234
;WIDTH:0.518216
G1 X62.366 Y51.491 E.01448
;WIDTH:0.492282
G1 X62.18 Y51.175 E.01369
;WIDTH:0.466348
G1 X62.017 Y50.857 E.01258
;WIDTH:0.439701
G1 X61.854 Y50.539 E.01179
;WIDTH:0.413054
G1 X61.564 Y49.875 E.02231
;WIDTH:0.36473
G1 X61.304 Y49.199 E.01937
;WIDTH:0.371584
G1 X61.051 Y48.468 E.02115
;WIDTH:0.417318
G1 X60.856 Y47.814 E.02125
;WIDTH:0.443735
G1 X60.764 Y47.409 E.01383
;WIDTH:0.470152
G1 X60.673 Y47.005 E.01474
;WIDTH:0.51821
G1 X60.578 Y46.438 E.02272
M204 S10000
G1 E-.8 F1800
G1 X58.352 Y45.719 Z28.6 F7200
G1 Z28.2
G1 E.8 F1800
M204 S500
;TYPE:Internal solid infill
;WIDTH:0.541214
G1 F965
G1 X58.29 Y45.719 E.00258
G1 X58.258 Y45.773 E.00258
G1 X58.29 Y45.827 E.00258
G1 X58.352 Y45.827 E.00258
G1 X58.363 Y45.808 E.00092
M204 S10000
G1 E-.8 F1800
G1 X61.022 Y52.962 Z28.6 F7200
G1 X61.304 Y53.722 Z28.6
G1 Z28.2
G1 E.8 F1800
M204 S500
;WIDTH:0.552684
G1 F965
G1 X61.241 Y53.722 E.0027
G1 X61.209 Y53.777 E.0027
G1 X61.241 Y53.832 E.0027
G1 X61.304 Y53.832 E.0027
G1 X61.316 Y53.812 E.00101
; stop printing object fidget-finger-massager-2000-roller_round.stl id:15 copy 0
;LAYER_CHANGE
;Z:28.4
;HEIGHT:0.199999
G92 E0
;_SET_FAN_SPEED_CHANGING_LAYER
; printing object fidget-finger-massager-2000-roller_round.stl id:15 copy 0
M204 S10000
G1 E-.8 F1800
G1 X60.578 Y46.438 Z28.8 F7200
G1 Z28.4
G1 E.8 F1800
M204 S1500
;TYPE:Inner wall
;WIDTH:0.533319
G1 F965
G1 X60.539 Y46.295 E.00602
;WIDTH:0.558757
G1 X60.162 Y45.941 E.02218
G1 X59.831 Y45.926 E.01419
;WIDTH:0.536647
G1 X58.93 Y46.117 E.03783
;WIDTH:0.493323
G1 X58.028 Y46.307 E.03451
;WIDTH:0.449999
G1 X57.915 Y46.509 E.00785
G1 X57.868 Y45.79 E.02438
G1 X57.855 Y45.288 E.01702
G1 X58.349 Y45.308 E.01675
;WIDTH:0.493323
G1 X58.967 Y45.351 E.0232
;WIDTH:0.536647
G1 X59.585 Y45.395 E.02543
;WIDTH:0.558757
G1 X60.493 Y45.449 E.03902
G1 X60.503 Y45.682 E.01001
G1 X60.574 Y46.398 E.03086
M204 S10000
G1 E-.8 F1800
G1 X62.58 Y52.298 Z28.8 F7200
G1 Z28.4
G1 E.8 F1800
M204 S1500
;WIDTH:0.558758
G1 F965
G1 X62.626 Y51.981 E.01373
;WIDTH:0.536865
G1 X62.581 Y51.857 E.00543
G1 X62.651 Y51.97 E.00546
;WIDTH:0.558758
G1 X63.129 Y52.615 E.03441
G1 X62.618 Y53.091 E.02996
;WIDTH:0.550487
G1 X62.157 Y53.547 E.02739
;WIDTH:0.516991
G1 X61.695 Y54.004 E.02558
;WIDTH:0.483495
G1 X61.234 Y54.46 E.02377
;WIDTH:0.449999
G1 X60.908 Y54.055 E.0176
G1 X60.494 Y53.501 E.02338
G1 X60.681 Y53.553 E.00657
G1 X61.04 Y53.371 E.01363
;WIDTH:0.483495
G1 X61.466 Y53.142 E.01771
;WIDTH:0.516991
G1 X61.892 Y52.914 E.01906
;WIDTH:0.550487
G1 X62.318 Y52.685 E.0204
;WIDTH:0.558758
G1 X62.557 Y52.454 E.01426
G1 X62.575 Y52.338 E.00506
M204 S10000
G1 E-.8 F1800
G1 X60.98 Y44.985 Z28.8 F7200
G1 Z28.4
G1 E.8 F1800
M204 S500
;TYPE:Outer wall
;WIDTH:0.449999
G1 F965
G1 X60.985 Y45.654 E.02264
G1 X61.037 Y46.381 E.02467
G1 X61.132 Y47.076 E.02375
G1 X61.263 Y47.747 E.02315
G1 X61.442 Y48.426 E.02376
G1 X61.664 Y49.092 E.02375
G1 X61.948 Y49.785 E.02536
G1 X62.231 Y50.376 E.02217
G1 X62.624 Y51.072 E.02706
G1 X63.027 Y51.686 E.02486
G1 X63.47 Y52.272 E.02486
G1 X63.8 Y52.653 E.01704
G1 X61.19 Y55.06 E.12019
G1 X60.783 Y54.593 E.02098
G1 X60.276 Y53.939 E.02801
;WIDTH:0.486136
G1 X60.058 Y53.591 E.01513
;WIDTH:0.522273
G1 X59.839 Y53.243 E.01637
;WIDTH:0.545667
G1 X59.4 Y52.5 E.0361
;WIDTH:0.565796
G1 X59.04 Y51.803 E.03412
;WIDTH:0.588477
G1 X58.696 Y51.039 E.03798
;WIDTH:0.599878
G1 X58.398 Y50.278 E.03787
G1 X58.127 Y49.486 E.03876
;WIDTH:0.588366
G1 X57.893 Y48.672 E.03841
;WIDTH:0.565116
G1 X57.708 Y47.843 E.03688
;WIDTH:0.540953
G1 X57.561 Y46.941 E.03784
;WIDTH:0.515835
G1 X57.511 Y46.607 E.01328
;WIDTH:0.482917
G1 X57.461 Y46.273 E.01235
;WIDTH:0.449999
G1 X57.424 Y45.445 E.02805
G1 X57.432 Y44.842 E.02043
G1 X60.94 Y44.983 E.11884
M204 S10000
G1 E-.8 F1800
G1 X62.142 Y52.234 Z28.8 F7200
G1 Z28.4
G1 E.8 F1800
M73 P88 R2
M204 S500
G1 F965
G1 X60.574 Y53.138 E.06126
;WIDTH:0.482917
G1 X60.463 Y53.111 E.00419
;WIDTH:0.515835
G1 X60.352 Y53.084 E.0045
;WIDTH:0.540953
G1 X59.924 Y52.325 E.03608
;WIDTH:0.565117
G1 X59.564 Y51.59 E.03554
;WIDTH:0.588368
G1 X59.25 Y50.838 E.03697
;WIDTH:0.599878
G1 X58.693 Y49.325 E.07466
;WIDTH:0.588476
G1 X58.446 Y48.552 E.03683
;WIDTH:0.565795
G1 X58.258 Y47.823 E.03274
;WIDTH:0.545668
G1 X58.094 Y47.006 E.03481
;WIDTH:0.522277
G1 X58.077 Y46.913 E.00379
;WIDTH:0.51719
G1 X58.145 Y46.805 E.00504
;WIDTH:0.483595
G1 X58.213 Y46.697 E.00468
;WIDTH:0.449999
G1 X59.915 Y46.391 E.05852
G1 X60.006 Y46.398 E.00309
G1 X60.125 Y46.533 E.0061
G1 X60.278 Y47.262 E.02521
G1 X60.461 Y47.934 E.02358
G1 X60.683 Y48.597 E.02369
G1 X61.233 Y50.093 E.05394
G1 X61.494 Y50.742 E.02369
G1 X61.79 Y51.373 E.02358
G1 X62.146 Y52.027 E.02521
G1 X62.143 Y52.194 E.00565
M204 S10000
G1 X62.581 Y51.857 F7200
M204 S1500
;TYPE:Inner wall
;WIDTH:0.525714
G1 F965
G1 X62.553 Y51.806 E.00234
;WIDTH:0.518214
G1 X62.366 Y51.491 E.01448
;WIDTH:0.492273
G1 X62.18 Y51.175 E.01369
;WIDTH:0.466332
G1 X62.018 Y50.859 E.01253
;WIDTH:0.439838
G1 X61.855 Y50.542 E.01174
;WIDTH:0.413344
G1 X61.565 Y49.876 E.02237
;WIDTH:0.364826
G1 X61.304 Y49.199 E.01942
;WIDTH:0.371548
G1 X61.051 Y48.468 E.02114
;WIDTH:0.417212
G1 X60.856 Y47.814 E.02124
;WIDTH:0.443682
G1 X60.764 Y47.409 E.01383
;WIDTH:0.470152
G1 X60.673 Y47.005 E.01474
;WIDTH:0.518212
G1 X60.578 Y46.438 E.02272
M204 S10000
G1 E-.8 F1800
G1 X58.352 Y45.719 Z28.8 F7200
G1 Z28.4
G1 E.8 F1800
M204 S500
;TYPE:Internal solid infill
;WIDTH:0.541214
G1 F965
G1 X58.29 Y45.719 E.00258
G1 X58.258 Y45.773 E.00258
G1 X58.29 Y45.827 E.00258
G1 X58.352 Y45.827 E.00258
G1 X58.363 Y45.808 E.00092
M204 S10000
G1 E-.8 F1800
G1 X61.022 Y52.962 Z28.8 F7200
G1 X61.304 Y53.722 Z28.8
G1 Z28.4
G1 E.8 F1800
M204 S500
;WIDTH:0.552684
G1 F965
G1 X61.241 Y53.722 E.0027
G1 X61.209 Y53.777 E.0027
G1 X61.241 Y53.832 E.0027
G1 X61.304 Y53.832 E.0027
G1 X61.316 Y53.812 E.00101
; stop printing object fidget-finger-massager-2000-roller_round.stl id:15 copy 0
;LAYER_CHANGE
;Z:28.6
;HEIGHT:0.200001
G92 E0
;_SET_FAN_SPEED_CHANGING_LAYER
; printing object fidget-finger-massager-2000-roller_round.stl id:15 copy 0
M204 S10000
G1 E-.8 F1800
G1 X60.578 Y46.438 Z29 F7200
G1 Z28.6
G1 E.8 F1800
M204 S1500
;TYPE:Inner wall
;WIDTH:0.533317
G1 F965
G1 X60.539 Y46.295 E.00602
;WIDTH:0.558757
G1 X60.162 Y45.941 E.02218
G1 X59.831 Y45.926 E.01419
;WIDTH:0.536647
G1 X58.93 Y46.117 E.03783
;WIDTH:0.493323
G1 X58.028 Y46.307 E.03451
;WIDTH:0.449999
G1 X57.915 Y46.509 E.00785
G1 X57.868 Y45.79 E.02438
G1 X57.855 Y45.288 E.01702
G1 X58.349 Y45.308 E.01675
;WIDTH:0.493323
G1 X58.967 Y45.351 E.0232
;WIDTH:0.536647
G1 X59.585 Y45.395 E.02543
;WIDTH:0.558757
G1 X60.493 Y45.449 E.03902
G1 X60.503 Y45.682 E.01001
G1 X60.574 Y46.398 E.03086
M204 S10000
G1 E-.8 F1800
G1 X62.58 Y52.298 Z29 F7200
G1 Z28.6
G1 E.8 F1800
M204 S1500
;WIDTH:0.558758
G1 F965
G1 X62.626 Y51.981 E.01373
;WIDTH:0.536863
G1 X62.581 Y51.857 E.00543
G1 X62.651 Y51.97 E.00546
;WIDTH:0.558758
G1 X63.129 Y52.615 E.03441
G1 X62.618 Y53.091 E.02996
;WIDTH:0.550486
G1 X62.157 Y53.547 E.02739
;WIDTH:0.516991
G1 X61.695 Y54.004 E.02558
;WIDTH:0.483495
G1 X61.234 Y54.46 E.02377
;WIDTH:0.449999
G1 X60.908 Y54.055 E.0176
G1 X60.494 Y53.501 E.02338
G1 X60.681 Y53.553 E.00657
G1 X61.04 Y53.371 E.01363
;WIDTH:0.483495
G1 X61.466 Y53.142 E.01771
;WIDTH:0.516991
G1 X61.892 Y52.914 E.01906
;WIDTH:0.550486
G1 X62.318 Y52.685 E.0204
;WIDTH:0.558758
G1 X62.557 Y52.454 E.01426
G1 X62.575 Y52.338 E.00506
M204 S10000
G1 E-.8 F1800
G1 X60.98 Y44.985 Z29 F7200
G1 Z28.6
G1 E.8 F1800
M204 S500
;TYPE:Outer wall
;WIDTH:0.449999
G1 F965
G1 X60.985 Y45.654 E.02264
G1 X61.037 Y46.381 E.02467
G1 X61.132 Y47.076 E.02376
G1 X61.262 Y47.744 E.02305
G1 X61.442 Y48.424 E.02381
G1 X61.664 Y49.092 E.0238
G1 X61.948 Y49.785 E.02536
G1 X62.232 Y50.378 E.02227
G1 X62.624 Y51.072 E.02696
G1 X63.027 Y51.686 E.02486
G1 X63.47 Y52.272 E.02486
G1 X63.8 Y52.653 E.01704
G1 X61.19 Y55.06 E.12019
G1 X60.783 Y54.593 E.02098
G1 X60.276 Y53.939 E.02801
;WIDTH:0.486136
G1 X60.058 Y53.591 E.01513
;WIDTH:0.522273
G1 X59.839 Y53.243 E.01637
;WIDTH:0.545601
G1 X59.401 Y52.501 E.03603
;WIDTH:0.565811
G1 X59.04 Y51.803 E.0342
;WIDTH:0.588486
G1 X58.696 Y51.039 E.03798
;WIDTH:0.599878
G1 X58.398 Y50.278 E.03787
G1 X58.127 Y49.487 E.03873
;WIDTH:0.588374
G1 X57.893 Y48.672 E.03844
;WIDTH:0.565101
G1 X57.708 Y47.843 E.03688
;WIDTH:0.540976
G1 X57.561 Y46.941 E.03784
;WIDTH:0.515835
G1 X57.511 Y46.607 E.01328
;WIDTH:0.482917
G1 X57.461 Y46.273 E.01235
;WIDTH:0.449999
G1 X57.424 Y45.445 E.02805
G1 X57.432 Y44.842 E.02043
G1 X60.94 Y44.983 E.11884
M204 S10000
G1 E-.8 F1800
G1 X62.142 Y52.234 Z29 F7200
G1 Z28.6
G1 E.8 F1800
M204 S500
G1 F965
G1 X60.574 Y53.138 E.06126
;WIDTH:0.482917
G1 X60.463 Y53.111 E.00419
;WIDTH:0.515835
G1 X60.352 Y53.084 E.0045
;WIDTH:0.540976
G1 X59.924 Y52.325 E.03608
;WIDTH:0.565101
G1 X59.564 Y51.59 E.03554
;WIDTH:0.588377
G1 X59.249 Y50.838 E.03699
;WIDTH:0.599878
G1 X58.693 Y49.325 E.07463
;WIDTH:0.588483
G1 X58.446 Y48.552 E.03683
;WIDTH:0.56581
G1 X58.257 Y47.821 E.03281
;WIDTH:0.545601
G1 X58.094 Y47.006 E.03473
;WIDTH:0.522278
G1 X58.077 Y46.913 E.00379
;WIDTH:0.51719
G1 X58.145 Y46.805 E.00504
;WIDTH:0.483595
G1 X58.213 Y46.697 E.00468
;WIDTH:0.449999
G1 X59.915 Y46.391 E.05852
G1 X60.006 Y46.398 E.00309
G1 X60.125 Y46.533 E.0061
G1 X60.278 Y47.262 E.02521
G1 X60.461 Y47.934 E.02358
G1 X60.683 Y48.597 E.02369
G1 X61.233 Y50.093 E.05394
G1 X61.494 Y50.742 E.02369
G1 X61.79 Y51.373 E.02358
G1 X62.146 Y52.027 E.02521
G1 X62.143 Y52.194 E.00565
M204 S10000
G1 X62.581 Y51.857 F7200
M204 S1500
;TYPE:Inner wall
;WIDTH:0.525712
G1 F965
G1 X62.553 Y51.806 E.00234
;WIDTH:0.518216
G1 X62.366 Y51.491 E.01448
;WIDTH:0.492266
G1 X62.18 Y51.175 E.01369
;WIDTH:0.466316
G1 X62.018 Y50.86 E.01247
;WIDTH:0.439975
G1 X61.857 Y50.545 E.0117
;WIDTH:0.413634
G1 X61.565 Y49.878 E.02244
;WIDTH:0.36492
G1 X61.304 Y49.199 E.01946
;WIDTH:0.371506
G1 X61.051 Y48.468 E.02114
;WIDTH:0.417326
G1 X60.855 Y47.811 E.02134
;WIDTH:0.443739
G1 X60.764 Y47.408 E.01378
;WIDTH:0.470152
G1 X60.673 Y47.005 E.01469
;WIDTH:0.51821
G1 X60.578 Y46.438 E.02272
M204 S10000
G1 E-.8 F1800
G1 X58.352 Y45.719 Z29 F7200
G1 Z28.6
G1 E.8 F1800
M204 S500
;TYPE:Internal solid infill
;WIDTH:0.541214
G1 F965
G1 X58.29 Y45.719 E.00258
G1 X58.258 Y45.773 E.00258
G1 X58.29 Y45.827 E.00258
G1 X58.352 Y45.827 E.00258
G1 X58.363 Y45.808 E.00092
M204 S10000
G1 E-.8 F1800
G1 X61.022 Y52.962 Z29 F7200
G1 X61.304 Y53.722 Z29
G1 Z28.6
G1 E.8 F1800
M204 S500
;WIDTH:0.552682
G1 F965
G1 X61.241 Y53.722 E.0027
G1 X61.209 Y53.777 E.0027
G1 X61.241 Y53.832 E.0027
G1 X61.304 Y53.832 E.0027
G1 X61.316 Y53.812 E.00101
; stop printing object fidget-finger-massager-2000-roller_round.stl id:15 copy 0
;LAYER_CHANGE
;Z:28.8
;HEIGHT:0.199999
G92 E0
;_SET_FAN_SPEED_CHANGING_LAYER
; printing object fidget-finger-massager-2000-roller_round.stl id:15 copy 0
M204 S10000
G1 E-.8 F1800
G1 X60.578 Y46.438 Z29.2 F7200
G1 Z28.8
G1 E.8 F1800
M204 S1500
;TYPE:Inner wall
;WIDTH:0.533319
G1 F965
G1 X60.539 Y46.295 E.00602
;WIDTH:0.558757
G1 X60.162 Y45.941 E.02218
G1 X59.831 Y45.926 E.01419
;WIDTH:0.536647
G1 X58.93 Y46.117 E.03783
;WIDTH:0.493323
G1 X58.028 Y46.307 E.03451
;WIDTH:0.449999
G1 X57.915 Y46.509 E.00785
G1 X57.868 Y45.79 E.02438
G1 X57.855 Y45.288 E.01702
G1 X58.349 Y45.308 E.01675
;WIDTH:0.493323
G1 X58.967 Y45.351 E.0232
;WIDTH:0.536647
G1 X59.585 Y45.395 E.02543
;WIDTH:0.558757
G1 X60.493 Y45.449 E.03902
G1 X60.503 Y45.682 E.01001
G1 X60.574 Y46.398 E.03086
M204 S10000
G1 E-.8 F1800
G1 X62.58 Y52.298 Z29.2 F7200
G1 Z28.8
G1 E.8 F1800
M204 S1500
;WIDTH:0.558758
G1 F965
G1 X62.626 Y51.981 E.01373
;WIDTH:0.536865
G1 X62.581 Y51.857 E.00543
G1 X62.651 Y51.97 E.00546
;WIDTH:0.558758
G1 X63.129 Y52.615 E.03441
G1 X62.618 Y53.091 E.02996
;WIDTH:0.550487
G1 X62.157 Y53.547 E.02739
;WIDTH:0.516991
G1 X61.695 Y54.004 E.02558
;WIDTH:0.483495
G1 X61.234 Y54.46 E.02377
;WIDTH:0.449999
G1 X60.908 Y54.055 E.0176
G1 X60.494 Y53.501 E.02338
G1 X60.681 Y53.553 E.00657
G1 X61.04 Y53.371 E.01363
;WIDTH:0.483495
G1 X61.466 Y53.142 E.01771
;WIDTH:0.516991
G1 X61.892 Y52.914 E.01906
;WIDTH:0.550487
G1 X62.318 Y52.685 E.0204
;WIDTH:0.558758
G1 X62.557 Y52.454 E.01426
G1 X62.575 Y52.338 E.00506
M204 S10000
G1 E-.8 F1800
G1 X60.98 Y44.985 Z29.2 F7200
G1 Z28.8
G1 E.8 F1800
M204 S500
;TYPE:Outer wall
;WIDTH:0.449999
G1 F965
G1 X60.985 Y45.654 E.02264
G1 X61.037 Y46.381 E.02467
G1 X61.132 Y47.076 E.02376
G1 X61.263 Y47.747 E.02313
G1 X61.665 Y49.094 E.04759
G1 X61.962 Y49.8 E.02592
G1 X62.624 Y51.072 E.04854
G1 X63.027 Y51.686 E.02486
G1 X63.47 Y52.272 E.02486
G1 X63.8 Y52.653 E.01704
G1 X61.19 Y55.06 E.12019
G1 X60.783 Y54.593 E.02098
G1 X60.276 Y53.939 E.02801
;WIDTH:0.486136
G1 X60.058 Y53.591 E.01513
;WIDTH:0.522273
G1 X59.839 Y53.243 E.01637
;WIDTH:0.545536
G1 X59.402 Y52.503 E.03595
;WIDTH:0.565827
G1 X59.04 Y51.803 E.03427
;WIDTH:0.588493
G1 X58.696 Y51.039 E.03798
;WIDTH:0.599878
G1 X58.398 Y50.278 E.03787
G1 X58.127 Y49.487 E.0387
;WIDTH:0.588383
G1 X57.893 Y48.672 E.03846
;WIDTH:0.565086
G1 X57.708 Y47.843 E.03688
;WIDTH:0.540998
G1 X57.561 Y46.941 E.03784
;WIDTH:0.515835
G1 X57.511 Y46.607 E.01328
;WIDTH:0.482917
G1 X57.461 Y46.273 E.01235
;WIDTH:0.449999
G1 X57.424 Y45.445 E.02805
G1 X57.432 Y44.842 E.02043
G1 X60.94 Y44.983 E.11884
M204 S10000
G1 E-.8 F1800
G1 X62.142 Y52.234 Z29.2 F7200
G1 Z28.8
G1 E.8 F1800
M204 S500
G1 F965
G1 X60.574 Y53.138 E.06126
;WIDTH:0.482917
G1 X60.463 Y53.111 E.00419
;WIDTH:0.515834
G1 X60.352 Y53.084 E.0045
;WIDTH:0.540998
G1 X59.924 Y52.325 E.03608
;WIDTH:0.565087
G1 X59.564 Y51.59 E.03554
;WIDTH:0.588384
G1 X59.249 Y50.837 E.03702
;WIDTH:0.599878
G1 X58.693 Y49.325 E.07461
M73 P89 R2
;WIDTH:0.588492
G1 X58.446 Y48.552 E.03684
;WIDTH:0.565826
G1 X58.257 Y47.819 E.03289
;WIDTH:0.545534
G1 X58.094 Y47.006 E.03466
;WIDTH:0.522279
G1 X58.074 Y46.89 E.00471
;WIDTH:0.515835
G1 X58.165 Y46.789 E.00532
;WIDTH:0.482917
G1 X58.256 Y46.689 E.00495
;WIDTH:0.449999
G1 X59.915 Y46.391 E.05706
G1 X60.006 Y46.398 E.00309
G1 X60.125 Y46.533 E.0061
G1 X60.278 Y47.262 E.02521
G1 X60.461 Y47.934 E.02358
G1 X60.683 Y48.597 E.02369
G1 X61.233 Y50.093 E.05394
G1 X61.494 Y50.742 E.02369
G1 X61.79 Y51.373 E.02358
G1 X62.146 Y52.027 E.02521
G1 X62.143 Y52.194 E.00565
M204 S10000
G1 X62.581 Y51.857 F7200
M204 S1500
;TYPE:Inner wall
;WIDTH:0.525714
G1 F965
G1 X62.553 Y51.806 E.00234
;WIDTH:0.518214
G1 X62.181 Y51.175 E.02895
;WIDTH:0.468802
G1 X61.88 Y50.574 E.02379
;WIDTH:0.435066
G1 X61.74 Y50.263 E.01113
;WIDTH:0.40671
G1 X61.6 Y49.952 E.01032
;WIDTH:0.378354
G1 X61.299 Y49.183 E.02305
;WIDTH:0.391626
G1 X61.06 Y48.465 E.02193
;WIDTH:0.417446
G1 X60.854 Y47.808 E.02143
;WIDTH:0.443798
G1 X60.763 Y47.406 E.01373
;WIDTH:0.47015
G1 X60.673 Y47.005 E.01463
;WIDTH:0.518212
G1 X60.578 Y46.438 E.02272
M204 S10000
G1 E-.8 F1800
G1 X58.352 Y45.719 Z29.2 F7200
G1 Z28.8
G1 E.8 F1800
M204 S500
;TYPE:Internal solid infill
;WIDTH:0.541214
G1 F965
G1 X58.29 Y45.719 E.00258
G1 X58.258 Y45.773 E.00258
G1 X58.29 Y45.827 E.00258
G1 X58.352 Y45.827 E.00258
G1 X58.363 Y45.808 E.00092
M204 S10000
G1 E-.8 F1800
G1 X61.022 Y52.962 Z29.2 F7200
G1 X61.304 Y53.722 Z29.2
G1 Z28.8
G1 E.8 F1800
M204 S500
;WIDTH:0.552684
G1 F965
G1 X61.241 Y53.722 E.0027
G1 X61.209 Y53.777 E.0027
G1 X61.241 Y53.832 E.0027
G1 X61.304 Y53.832 E.0027
G1 X61.316 Y53.812 E.00101
; stop printing object fidget-finger-massager-2000-roller_round.stl id:15 copy 0
;LAYER_CHANGE
;Z:29
;HEIGHT:0.200001
G92 E0
;_SET_FAN_SPEED_CHANGING_LAYER
; printing object fidget-finger-massager-2000-roller_round.stl id:15 copy 0
M204 S10000
G1 E-.8 F1800
G1 X60.578 Y46.438 Z29.4 F7200
G1 Z29
G1 E.8 F1800
M204 S1500
;TYPE:Inner wall
;WIDTH:0.533319
G1 F965
G1 X60.539 Y46.295 E.00602
;WIDTH:0.558757
G1 X60.162 Y45.941 E.02218
G1 X59.831 Y45.926 E.01419
;WIDTH:0.536647
G1 X58.93 Y46.117 E.03783
;WIDTH:0.493323
G1 X58.028 Y46.307 E.03451
;WIDTH:0.449999
G1 X57.915 Y46.509 E.00785
G1 X57.868 Y45.79 E.02438
G1 X57.855 Y45.288 E.01702
G1 X58.349 Y45.308 E.01675
;WIDTH:0.493323
G1 X58.967 Y45.351 E.0232
;WIDTH:0.536647
G1 X59.585 Y45.395 E.02543
;WIDTH:0.558757
G1 X60.493 Y45.449 E.03902
G1 X60.503 Y45.682 E.01001
G1 X60.574 Y46.398 E.03086
M204 S10000
G1 E-.8 F1800
G1 X62.58 Y52.298 Z29.4 F7200
G1 Z29
G1 E.8 F1800
M204 S1500
;WIDTH:0.558759
G1 F965
G1 X62.626 Y51.981 E.01373
;WIDTH:0.536863
G1 X62.581 Y51.857 E.00543
G1 X62.651 Y51.97 E.00546
;WIDTH:0.558759
G1 X63.129 Y52.615 E.03441
G1 X62.618 Y53.091 E.02996
;WIDTH:0.550488
G1 X62.157 Y53.547 E.02739
;WIDTH:0.516992
G1 X61.695 Y54.004 E.02558
;WIDTH:0.483496
G1 X61.234 Y54.46 E.02377
;WIDTH:0.449999
G1 X60.908 Y54.055 E.0176
G1 X60.494 Y53.501 E.02338
G1 X60.681 Y53.553 E.00657
G1 X61.04 Y53.371 E.01363
;WIDTH:0.483496
G1 X61.466 Y53.142 E.01771
;WIDTH:0.516992
G1 X61.892 Y52.914 E.01906
;WIDTH:0.550488
G1 X62.318 Y52.685 E.0204
;WIDTH:0.558759
G1 X62.557 Y52.454 E.01426
G1 X62.575 Y52.338 E.00506
M204 S10000
G1 E-.8 F1800
G1 X60.98 Y44.985 Z29.4 F7200
G1 Z29
G1 E.8 F1800
M204 S500
;TYPE:Outer wall
;WIDTH:0.449999
G1 F965
G1 X60.985 Y45.654 E.02264
G1 X61.037 Y46.381 E.02467
G1 X61.132 Y47.076 E.02376
G1 X61.262 Y47.744 E.02303
G1 X61.664 Y49.091 E.04759
G1 X61.948 Y49.785 E.02536
G1 X62.235 Y50.384 E.02248
G1 X62.624 Y51.072 E.02676
G1 X63.027 Y51.686 E.02486
G1 X63.47 Y52.272 E.02486
G1 X63.8 Y52.653 E.01704
G1 X61.19 Y55.06 E.12019
G1 X60.783 Y54.593 E.02098
G1 X60.276 Y53.939 E.02801
;WIDTH:0.486137
G1 X60.058 Y53.591 E.01513
;WIDTH:0.522275
G1 X59.839 Y53.243 E.01637
;WIDTH:0.545469
G1 X59.403 Y52.504 E.03588
;WIDTH:0.565843
G1 X59.039 Y51.803 E.03435
;WIDTH:0.588499
G1 X58.696 Y51.039 E.03798
;WIDTH:0.599878
G1 X58.398 Y50.278 E.03787
G1 X58.127 Y49.488 E.03868
;WIDTH:0.588392
G1 X57.893 Y48.672 E.03849
;WIDTH:0.565071
G1 X57.707 Y47.843 E.03688
;WIDTH:0.54102
G1 X57.561 Y46.941 E.03784
;WIDTH:0.515835
G1 X57.511 Y46.607 E.01328
;WIDTH:0.482917
G1 X57.461 Y46.273 E.01235
;WIDTH:0.449999
G1 X57.424 Y45.445 E.02805
G1 X57.432 Y44.842 E.02043
G1 X60.94 Y44.983 E.11884
M204 S10000
G1 E-.8 F1800
G1 X62.142 Y52.234 Z29.4 F7200
G1 Z29
G1 E.8 F1800
M204 S500
G1 F965
G1 X60.574 Y53.138 E.06126
;WIDTH:0.482917
G1 X60.463 Y53.111 E.00419
;WIDTH:0.515835
G1 X60.352 Y53.084 E.0045
;WIDTH:0.541021
G1 X59.924 Y52.325 E.03609
;WIDTH:0.565073
G1 X59.564 Y51.59 E.03554
;WIDTH:0.588391
G1 X59.249 Y50.837 E.03704
;WIDTH:0.599878
G1 X58.693 Y49.325 E.07458
;WIDTH:0.5885
G1 X58.446 Y48.552 E.03684
;WIDTH:0.565842
G1 X58.256 Y47.818 E.03296
;WIDTH:0.545468
G1 X58.094 Y47.006 E.03458
;WIDTH:0.52228
G1 X58.074 Y46.89 E.00471
;WIDTH:0.515835
G1 X58.165 Y46.789 E.00532
;WIDTH:0.482917
G1 X58.256 Y46.689 E.00495
;WIDTH:0.449999
G1 X59.915 Y46.391 E.05706
G1 X60.006 Y46.398 E.00309
G1 X60.125 Y46.533 E.0061
G1 X60.278 Y47.262 E.02521
G1 X60.461 Y47.934 E.02358
G1 X60.683 Y48.597 E.02369
G1 X61.233 Y50.093 E.05394
G1 X61.494 Y50.742 E.02369
G1 X61.79 Y51.373 E.02358
G1 X62.146 Y52.027 E.02521
G1 X62.143 Y52.194 E.00565
M204 S10000
G1 X62.581 Y51.857 F7200
M204 S1500
;TYPE:Inner wall
;WIDTH:0.525712
G1 F965
G1 X62.553 Y51.806 E.00234
;WIDTH:0.518216
G1 X62.366 Y51.491 E.01448
;WIDTH:0.49225
G1 X62.18 Y51.175 E.01369
;WIDTH:0.466284
G1 X62.02 Y50.863 E.01236
;WIDTH:0.440251
G1 X61.859 Y50.551 E.0116
;WIDTH:0.414218
G1 X61.567 Y49.881 E.02257
;WIDTH:0.365108
G1 X61.298 Y49.182 E.02004
;WIDTH:0.39172
G1 X61.06 Y48.465 E.02192
;WIDTH:0.41756
G1 X60.853 Y47.805 E.02154
;WIDTH:0.443855
G1 X60.763 Y47.405 E.01368
;WIDTH:0.47015
G1 X60.673 Y47.005 E.01458
;WIDTH:0.518212
G1 X60.578 Y46.438 E.02272
M204 S10000
G1 E-.8 F1800
G1 X58.352 Y45.719 Z29.4 F7200
G1 Z29
G1 E.8 F1800
M204 S500
;TYPE:Internal solid infill
;WIDTH:0.541214
G1 F965
G1 X58.29 Y45.719 E.00258
G1 X58.258 Y45.773 E.00258
G1 X58.29 Y45.827 E.00258
G1 X58.352 Y45.827 E.00258
G1 X58.363 Y45.808 E.00092
M204 S10000
G1 E-.8 F1800
G1 X61.022 Y52.962 Z29.4 F7200
G1 X61.304 Y53.722 Z29.4
G1 Z29
G1 E.8 F1800
M204 S500
;WIDTH:0.552682
G1 F965
G1 X61.241 Y53.722 E.0027
G1 X61.209 Y53.777 E.0027
G1 X61.241 Y53.832 E.0027
G1 X61.304 Y53.832 E.0027
G1 X61.316 Y53.812 E.00101
; stop printing object fidget-finger-massager-2000-roller_round.stl id:15 copy 0
;LAYER_CHANGE
;Z:29.2
;HEIGHT:0.200001
G92 E0
;_SET_FAN_SPEED_CHANGING_LAYER
; printing object fidget-finger-massager-2000-roller_round.stl id:15 copy 0
M204 S10000
G1 E-.8 F1800
G1 X60.578 Y46.438 Z29.6 F7200
G1 Z29.2
G1 E.8 F1800
M204 S1500
;TYPE:Inner wall
;WIDTH:0.533319
G1 F965
G1 X60.539 Y46.295 E.00602
;WIDTH:0.558757
G1 X60.162 Y45.941 E.02218
G1 X59.831 Y45.926 E.01419
;WIDTH:0.536647
G1 X58.93 Y46.117 E.03783
;WIDTH:0.493323
G1 X58.028 Y46.307 E.03451
;WIDTH:0.449999
G1 X57.915 Y46.509 E.00785
G1 X57.868 Y45.79 E.02438
G1 X57.855 Y45.288 E.01702
G1 X58.349 Y45.308 E.01675
;WIDTH:0.493323
G1 X58.967 Y45.351 E.0232
;WIDTH:0.536647
G1 X59.585 Y45.395 E.02543
;WIDTH:0.558757
G1 X60.493 Y45.449 E.03902
G1 X60.503 Y45.682 E.01001
G1 X60.574 Y46.398 E.03086
M204 S10000
G1 E-.8 F1800
G1 X62.58 Y52.298 Z29.6 F7200
G1 Z29.2
G1 E.8 F1800
M204 S1500
;WIDTH:0.558758
G1 F965
G1 X62.626 Y51.981 E.01373
;WIDTH:0.536863
G1 X62.581 Y51.857 E.00543
G1 X62.651 Y51.97 E.00546
;WIDTH:0.558758
G1 X63.129 Y52.615 E.03441
G1 X62.618 Y53.091 E.02996
;WIDTH:0.550487
G1 X62.157 Y53.547 E.02739
;WIDTH:0.516991
G1 X61.695 Y54.004 E.02558
;WIDTH:0.483495
G1 X61.234 Y54.46 E.02377
;WIDTH:0.449999
G1 X60.908 Y54.055 E.0176
G1 X60.494 Y53.501 E.02338
G1 X60.681 Y53.553 E.00657
G1 X61.04 Y53.371 E.01363
;WIDTH:0.483495
G1 X61.466 Y53.142 E.01771
;WIDTH:0.516991
G1 X61.892 Y52.914 E.01906
;WIDTH:0.550487
G1 X62.318 Y52.685 E.0204
;WIDTH:0.558758
G1 X62.557 Y52.454 E.01426
G1 X62.575 Y52.338 E.00506
M204 S10000
G1 E-.8 F1800
G1 X60.98 Y44.985 Z29.6 F7200
G1 Z29.2
G1 E.8 F1800
M204 S500
;TYPE:Outer wall
;WIDTH:0.449999
G1 F965
G1 X60.985 Y45.654 E.02264
G1 X61.037 Y46.381 E.02467
G1 X61.132 Y47.076 E.02376
G1 X61.262 Y47.741 E.02293
G1 X61.665 Y49.094 E.04779
G1 X62.015 Y49.929 E.03067
G1 X62.624 Y51.072 E.04382
G1 X63.027 Y51.686 E.02487
G1 X63.47 Y52.272 E.02486
G1 X63.8 Y52.653 E.01704
G1 X61.19 Y55.06 E.12019
G1 X60.783 Y54.593 E.02098
G1 X60.276 Y53.939 E.02801
;WIDTH:0.486137
G1 X60.058 Y53.591 E.01513
;WIDTH:0.522275
G1 X59.839 Y53.243 E.01637
;WIDTH:0.545401
G1 X59.404 Y52.506 E.0358
;WIDTH:0.565859
G1 X59.039 Y51.803 E.03443
;WIDTH:0.588508
G1 X58.696 Y51.039 E.03798
;WIDTH:0.599878
G1 X58.398 Y50.278 E.03787
G1 X58.127 Y49.488 E.03865
;WIDTH:0.588398
G1 X57.893 Y48.672 E.03852
;WIDTH:0.565056
G1 X57.707 Y47.843 E.03688
;WIDTH:0.541044
G1 X57.561 Y46.941 E.03784
;WIDTH:0.515835
G1 X57.511 Y46.607 E.01328
;WIDTH:0.482917
G1 X57.461 Y46.273 E.01235
;WIDTH:0.449999
G1 X57.424 Y45.445 E.02805
G1 X57.432 Y44.842 E.02043
G1 X60.94 Y44.983 E.11884
M204 S10000
G1 E-.8 F1800
G1 X62.142 Y52.234 Z29.6 F7200
G1 Z29.2
G1 E.8 F1800
M204 S500
G1 F965
G1 X60.574 Y53.138 E.06126
;WIDTH:0.482917
G1 X60.463 Y53.111 E.00419
;WIDTH:0.515834
G1 X60.352 Y53.084 E.0045
;WIDTH:0.541044
G1 X59.924 Y52.325 E.03609
;WIDTH:0.565056
G1 X59.564 Y51.59 E.03554
;WIDTH:0.588399
G1 X59.249 Y50.836 E.03707
;WIDTH:0.599878
G1 X58.693 Y49.325 E.07456
;WIDTH:0.588508
G1 X58.446 Y48.552 E.03684
;WIDTH:0.565859
G1 X58.256 Y47.816 E.03304
;WIDTH:0.545402
G1 X58.094 Y47.006 E.03451
;WIDTH:0.522281
G1 X58.074 Y46.89 E.00471
;WIDTH:0.515835
G1 X58.165 Y46.789 E.00532
;WIDTH:0.482917
G1 X58.256 Y46.689 E.00495
;WIDTH:0.449999
G1 X59.915 Y46.391 E.05706
G1 X60.006 Y46.398 E.00309
M73 P90 R2
G1 X60.125 Y46.533 E.0061
G1 X60.278 Y47.262 E.02521
G1 X60.461 Y47.934 E.02358
G1 X60.683 Y48.597 E.02369
G1 X61.233 Y50.093 E.05394
G1 X61.494 Y50.742 E.02369
G1 X61.79 Y51.373 E.02358
G1 X62.146 Y52.027 E.02521
G1 X62.143 Y52.194 E.00565
M204 S10000
G1 X62.581 Y51.857 F7200
M204 S1500
;TYPE:Inner wall
;WIDTH:0.525712
G1 F965
G1 X62.553 Y51.806 E.00234
;WIDTH:0.518216
G1 X62.181 Y51.175 E.02895
;WIDTH:0.468878
G1 X61.88 Y50.574 E.02379
;WIDTH:0.435666
G1 X61.74 Y50.263 E.01114
;WIDTH:0.406611
G1 X61.6 Y49.952 E.01032
;WIDTH:0.377556
G1 X61.299 Y49.182 E.023
;WIDTH:0.391824
G1 X61.06 Y48.465 E.02194
;WIDTH:0.417676
G1 X60.852 Y47.802 E.02164
;WIDTH:0.443913
G1 X60.763 Y47.403 E.01363
;WIDTH:0.47015
G1 X60.673 Y47.005 E.01452
;WIDTH:0.518212
G1 X60.578 Y46.438 E.02272
M204 S10000
G1 E-.8 F1800
G1 X58.352 Y45.719 Z29.6 F7200
G1 Z29.2
G1 E.8 F1800
M204 S500
;TYPE:Internal solid infill
;WIDTH:0.541214
G1 F965
G1 X58.29 Y45.719 E.00258
G1 X58.258 Y45.773 E.00258
G1 X58.29 Y45.827 E.00258
G1 X58.352 Y45.827 E.00258
G1 X58.363 Y45.808 E.00092
M204 S10000
G1 E-.8 F1800
G1 X61.022 Y52.962 Z29.6 F7200
G1 X61.304 Y53.722 Z29.6
G1 Z29.2
G1 E.8 F1800
M204 S500
;WIDTH:0.552684
G1 F965
G1 X61.24 Y53.722 E.0027
G1 X61.209 Y53.777 E.0027
G1 X61.24 Y53.832 E.0027
G1 X61.304 Y53.832 E.0027
G1 X61.316 Y53.812 E.00101
; stop printing object fidget-finger-massager-2000-roller_round.stl id:15 copy 0
;LAYER_CHANGE
;Z:29.4
;HEIGHT:0.199999
G92 E0
;_SET_FAN_SPEED_CHANGING_LAYER
; printing object fidget-finger-massager-2000-roller_round.stl id:15 copy 0
M204 S10000
G1 E-.8 F1800
G1 X60.578 Y46.438 Z29.8 F7200
G1 Z29.4
G1 E.8 F1800
M204 S1500
;TYPE:Inner wall
;WIDTH:0.533317
G1 F965
G1 X60.539 Y46.295 E.00602
;WIDTH:0.558757
G1 X60.162 Y45.941 E.02218
G1 X59.831 Y45.926 E.01419
;WIDTH:0.536647
G1 X58.931 Y46.116 E.03777
;WIDTH:0.493323
G1 X58.031 Y46.306 E.03446
;WIDTH:0.449999
G1 X57.918 Y46.509 E.00785
G1 X57.868 Y45.79 E.02438
G1 X57.855 Y45.288 E.01702
G1 X58.349 Y45.308 E.01675
;WIDTH:0.493323
G1 X58.967 Y45.351 E.0232
;WIDTH:0.536647
G1 X59.585 Y45.395 E.02543
;WIDTH:0.558757
G1 X60.493 Y45.449 E.03902
G1 X60.503 Y45.682 E.01001
G1 X60.574 Y46.398 E.03086
M204 S10000
G1 E-.8 F1800
G1 X62.58 Y52.298 Z29.8 F7200
G1 Z29.4
G1 E.8 F1800
M204 S1500
;WIDTH:0.558759
G1 F965
G1 X62.626 Y51.981 E.01373
;WIDTH:0.536865
G1 X62.581 Y51.857 E.00543
G1 X62.651 Y51.97 E.00546
;WIDTH:0.558759
G1 X63.129 Y52.615 E.03441
G1 X62.618 Y53.091 E.02996
;WIDTH:0.550488
G1 X62.157 Y53.547 E.02739
;WIDTH:0.516992
G1 X61.695 Y54.004 E.02558
;WIDTH:0.483496
G1 X61.234 Y54.46 E.02377
;WIDTH:0.449999
G1 X60.908 Y54.055 E.0176
G1 X60.494 Y53.501 E.02338
G1 X60.681 Y53.553 E.00657
G1 X61.04 Y53.371 E.01363
;WIDTH:0.483496
G1 X61.466 Y53.142 E.01771
;WIDTH:0.516992
G1 X61.892 Y52.914 E.01906
;WIDTH:0.550488
G1 X62.318 Y52.685 E.0204
;WIDTH:0.558759
G1 X62.557 Y52.454 E.01426
G1 X62.575 Y52.338 E.00506
M204 S10000
G1 E-.8 F1800
G1 X60.98 Y44.985 Z29.8 F7200
G1 Z29.4
G1 E.8 F1800
M204 S500
;TYPE:Outer wall
;WIDTH:0.449999
G1 F965
G1 X60.985 Y45.654 E.02264
G1 X61.037 Y46.381 E.02467
G1 X61.132 Y47.076 E.02376
G1 X61.259 Y47.732 E.02261
G1 X61.427 Y48.348 E.02162
G1 X61.708 Y49.2 E.03034
G1 X61.93 Y49.749 E.02007
G1 X62.238 Y50.389 E.02403
G1 X62.624 Y51.072 E.02655
G1 X63.027 Y51.686 E.02487
G1 X63.47 Y52.272 E.02486
G1 X63.8 Y52.653 E.01704
G1 X61.19 Y55.06 E.12019
G1 X60.783 Y54.593 E.02098
G1 X60.276 Y53.939 E.02801
;WIDTH:0.486138
G1 X60.058 Y53.591 E.01513
;WIDTH:0.522276
G1 X59.839 Y53.243 E.01637
;WIDTH:0.545334
G1 X59.404 Y52.507 E.03572
;WIDTH:0.565875
G1 X59.039 Y51.803 E.0345
;WIDTH:0.588517
G1 X58.696 Y51.039 E.03798
;WIDTH:0.599878
G1 X58.398 Y50.278 E.03787
G1 X58.128 Y49.489 E.03862
;WIDTH:0.588405
G1 X57.893 Y48.672 E.03854
;WIDTH:0.56504
G1 X57.707 Y47.844 E.03686
;WIDTH:0.541142
G1 X57.567 Y46.949 E.03751
;WIDTH:0.511918
G1 X57.514 Y46.611 E.01336
;WIDTH:0.480959
G1 X57.461 Y46.272 E.01248
;WIDTH:0.449999
G1 X57.424 Y45.445 E.02801
G1 X57.432 Y44.842 E.02043
G1 X60.94 Y44.983 E.11884
M204 S10000
G1 E-.8 F1800
M73 P90 R1
G1 X62.142 Y52.234 Z29.8 F7200
G1 Z29.4
G1 E.8 F1800
M204 S500
G1 F965
G1 X60.574 Y53.138 E.06126
;WIDTH:0.482917
G1 X60.463 Y53.111 E.00419
;WIDTH:0.515834
G1 X60.352 Y53.084 E.0045
;WIDTH:0.541067
G1 X59.924 Y52.325 E.03609
;WIDTH:0.565041
G1 X59.564 Y51.59 E.03554
;WIDTH:0.588408
G1 X59.249 Y50.836 E.03709
;WIDTH:0.599878
G1 X58.693 Y49.325 E.07453
;WIDTH:0.588514
G1 X58.446 Y48.552 E.03684
;WIDTH:0.565874
G1 X58.255 Y47.814 E.03313
;WIDTH:0.545325
G1 X58.138 Y47.23 E.0249
;WIDTH:0.52843
G1 X58.079 Y46.912 E.01303
;WIDTH:0.512991
G1 X58.146 Y46.804 E.00497
;WIDTH:0.481495
G1 X58.214 Y46.697 E.00464
;WIDTH:0.449999
G1 X59.915 Y46.391 E.0585
G1 X60.006 Y46.398 E.00309
G1 X60.125 Y46.533 E.0061
G1 X60.278 Y47.262 E.02521
G1 X60.461 Y47.934 E.02358
G1 X60.683 Y48.597 E.02369
G1 X61.006 Y49.474 E.0316
G1 X61.495 Y50.744 E.04607
G1 X61.79 Y51.373 E.02352
G1 X62.146 Y52.027 E.02521
G1 X62.143 Y52.194 E.00565
M204 S10000
G1 X62.581 Y51.857 F7200
M204 S1500
;TYPE:Inner wall
;WIDTH:0.525714
G1 F965
G1 X62.553 Y51.806 E.00234
;WIDTH:0.518216
G1 X62.366 Y51.491 E.01448
;WIDTH:0.492234
G1 X62.18 Y51.175 E.01369
;WIDTH:0.466252
G1 X62.021 Y50.866 E.01225
;WIDTH:0.440196
G1 X61.862 Y50.556 E.0115
;WIDTH:0.41414
G1 X61.717 Y50.219 E.01133
;WIDTH:0.385341
G1 X61.572 Y49.882 E.01045
;WIDTH:0.356542
G1 X61.302 Y49.192 E.01931
;WIDTH:0.380376
G1 X61.004 Y48.315 E.026
;WIDTH:0.41779
G1 X60.852 Y47.799 E.01676
;WIDTH:0.443971
G1 X60.762 Y47.402 E.01358
;WIDTH:0.470152
G1 X60.673 Y47.005 E.01447
;WIDTH:0.51821
G1 X60.578 Y46.438 E.02272
M204 S10000
G1 E-.8 F1800
G1 X58.352 Y45.719 Z29.8 F7200
G1 Z29.4
G1 E.8 F1800
M204 S500
;TYPE:Internal solid infill
;WIDTH:0.541076
G1 F965
G1 X58.289 Y45.719 E.00258
G1 X58.258 Y45.773 E.00258
G1 X58.289 Y45.827 E.00258
G1 X58.352 Y45.827 E.00258
G1 X58.363 Y45.808 E.00092
M204 S10000
G1 E-.8 F1800
G1 X61.022 Y52.962 Z29.8 F7200
G1 X61.304 Y53.722 Z29.8
G1 Z29.4
G1 E.8 F1800
M204 S500
;WIDTH:0.552684
G1 F965
G1 X61.24 Y53.722 E.0027
G1 X61.209 Y53.777 E.0027
G1 X61.24 Y53.832 E.0027
G1 X61.304 Y53.832 E.0027
G1 X61.316 Y53.812 E.00101
; stop printing object fidget-finger-massager-2000-roller_round.stl id:15 copy 0
;LAYER_CHANGE
;Z:29.6
;HEIGHT:0.200001
G92 E0
;_SET_FAN_SPEED_CHANGING_LAYER
; printing object fidget-finger-massager-2000-roller_round.stl id:15 copy 0
M204 S10000
G1 E-.8 F1800
G1 X60.578 Y46.438 Z30 F7200
G1 Z29.6
G1 E.8 F1800
M204 S1500
;TYPE:Inner wall
;WIDTH:0.533319
G1 F965
G1 X60.539 Y46.295 E.00602
;WIDTH:0.558757
G1 X60.162 Y45.941 E.02218
G1 X59.831 Y45.926 E.01419
;WIDTH:0.536647
G1 X58.931 Y46.116 E.03778
;WIDTH:0.493323
G1 X58.031 Y46.306 E.03446
;WIDTH:0.449999
G1 X57.918 Y46.509 E.00785
G1 X57.868 Y45.79 E.02438
G1 X57.855 Y45.288 E.01702
G1 X58.349 Y45.308 E.01675
;WIDTH:0.493323
G1 X58.967 Y45.351 E.0232
;WIDTH:0.536647
G1 X59.585 Y45.395 E.02543
;WIDTH:0.558757
G1 X60.493 Y45.449 E.03902
G1 X60.503 Y45.682 E.01001
G1 X60.574 Y46.398 E.03086
M204 S10000
G1 E-.8 F1800
G1 X62.58 Y52.298 Z30 F7200
G1 Z29.6
G1 E.8 F1800
M204 S1500
;WIDTH:0.558768
G1 F965
G1 X62.626 Y51.981 E.01373
;WIDTH:0.536867
G1 X62.581 Y51.857 E.00543
G1 X62.651 Y51.97 E.00546
;WIDTH:0.558768
G1 X63.135 Y52.609 E.03437
G1 X62.618 Y53.091 E.03031
;WIDTH:0.550486
G1 X62.157 Y53.547 E.02739
;WIDTH:0.516991
G1 X61.695 Y54.004 E.02558
;WIDTH:0.483495
G1 X61.234 Y54.46 E.02377
;WIDTH:0.449999
G1 X60.908 Y54.055 E.0176
G1 X60.494 Y53.501 E.02338
G1 X60.681 Y53.553 E.00657
G1 X61.04 Y53.371 E.01363
;WIDTH:0.483495
G1 X61.466 Y53.142 E.01771
;WIDTH:0.516991
G1 X61.892 Y52.914 E.01906
;WIDTH:0.550486
G1 X62.318 Y52.685 E.0204
;WIDTH:0.558768
G1 X62.558 Y52.454 E.01427
G1 X62.575 Y52.337 E.00506
M204 S10000
G1 E-.8 F1800
G1 X60.98 Y44.985 Z30 F7200
G1 Z29.6
G1 E.8 F1800
M204 S500
;TYPE:Outer wall
;WIDTH:0.449999
G1 F965
G1 X60.985 Y45.654 E.02264
G1 X61.037 Y46.381 E.02467
G1 X61.132 Y47.076 E.02377
G1 X61.259 Y47.729 E.0225
G1 X61.426 Y48.348 E.02172
G1 X61.664 Y49.091 E.02641
G1 X61.947 Y49.785 E.02535
G1 X62.239 Y50.392 E.02279
G1 X62.624 Y51.072 E.02645
G1 X63.027 Y51.686 E.02486
G1 X63.369 Y52.137 E.01917
G1 X63.802 Y52.651 E.02272
G1 X61.19 Y55.06 E.12028
G1 X60.783 Y54.593 E.02098
G1 X60.276 Y53.939 E.02801
;WIDTH:0.486138
G1 X60.058 Y53.591 E.01513
;WIDTH:0.522276
G1 X59.839 Y53.243 E.01637
;WIDTH:0.545267
G1 X59.405 Y52.509 E.03565
;WIDTH:0.565891
G1 X59.039 Y51.803 E.03458
;WIDTH:0.588525
G1 X58.696 Y51.039 E.03798
;WIDTH:0.599879
G1 X58.398 Y50.278 E.03787
G1 X58.128 Y49.489 E.0386
;WIDTH:0.588416
G1 X57.893 Y48.672 E.03857
;WIDTH:0.565025
G1 X57.707 Y47.843 E.03686
;WIDTH:0.541156
G1 X57.567 Y46.949 E.03753
;WIDTH:0.512108
G1 X57.514 Y46.61 E.01336
;WIDTH:0.481054
G1 X57.461 Y46.272 E.01247
;WIDTH:0.449999
G1 X57.424 Y45.445 E.02801
G1 X57.432 Y44.842 E.02043
G1 X60.94 Y44.983 E.11884
M204 S10000
G1 E-.8 F1800
G1 X62.142 Y52.234 Z30 F7200
G1 Z29.6
G1 E.8 F1800
M204 S500
G1 F965
G1 X60.574 Y53.138 E.06126
;WIDTH:0.482917
G1 X60.463 Y53.111 E.00419
;WIDTH:0.515834
G1 X60.352 Y53.084 E.0045
;WIDTH:0.54109
G1 X59.924 Y52.325 E.03609
;WIDTH:0.565026
G1 X59.564 Y51.59 E.03553
;WIDTH:0.588416
G1 X59.248 Y50.835 E.03712
;WIDTH:0.599879
G1 X58.693 Y49.325 E.07451
;WIDTH:0.588526
G1 X58.446 Y48.552 E.03684
;WIDTH:0.565891
G1 X58.255 Y47.812 E.0332
;WIDTH:0.545261
G1 X58.135 Y47.216 E.0254
;WIDTH:0.528056
G1 X58.079 Y46.912 E.01247
;WIDTH:0.513194
G1 X58.146 Y46.804 E.00498
;WIDTH:0.481597
G1 X58.214 Y46.697 E.00464
;WIDTH:0.449999
G1 X59.915 Y46.391 E.0585
G1 X60.006 Y46.398 E.00309
G1 X60.125 Y46.533 E.0061
G1 X60.278 Y47.262 E.02521
G1 X60.461 Y47.934 E.02358
G1 X60.683 Y48.597 E.02369
G1 X61.233 Y50.093 E.05394
G1 X61.494 Y50.742 E.02369
G1 X61.79 Y51.373 E.02358
M73 P91 R1
G1 X62.146 Y52.027 E.02521
G1 X62.143 Y52.194 E.00565
M204 S10000
G1 X62.581 Y51.857 F7200
M204 S1500
;TYPE:Inner wall
;WIDTH:0.525712
G1 F965
G1 X62.553 Y51.806 E.00234
;WIDTH:0.518216
G1 X62.366 Y51.491 E.01448
;WIDTH:0.492225
G1 X62.18 Y51.175 E.01368
;WIDTH:0.466234
G1 X62.022 Y50.867 E.0122
;WIDTH:0.440662
G1 X61.863 Y50.559 E.01146
;WIDTH:0.41509
G1 X61.568 Y49.885 E.02277
;WIDTH:0.365388
G1 X61.302 Y49.193 E.01988
;WIDTH:0.37973
G1 X61.007 Y48.325 E.02567
;WIDTH:0.417906
G1 X60.851 Y47.796 E.01719
;WIDTH:0.444029
G1 X60.762 Y47.4 E.01353
;WIDTH:0.470152
G1 X60.673 Y47.005 E.01441
;WIDTH:0.518212
G1 X60.578 Y46.438 E.02272
M204 S10000
G1 E-.8 F1800
G1 X58.352 Y45.719 Z30 F7200
G1 Z29.6
G1 E.8 F1800
M204 S500
;TYPE:Internal solid infill
;WIDTH:0.541084
G1 F965
G1 X58.29 Y45.719 E.00258
G1 X58.258 Y45.773 E.00258
G1 X58.29 Y45.827 E.00258
G1 X58.352 Y45.827 E.00258
G1 X58.363 Y45.808 E.00092
M204 S10000
G1 E-.8 F1800
G1 X61.022 Y52.962 Z30 F7200
G1 X61.304 Y53.722 Z30
G1 Z29.6
G1 E.8 F1800
M204 S500
;WIDTH:0.552684
G1 F965
G1 X61.24 Y53.722 E.0027
G1 X61.209 Y53.777 E.0027
G1 X61.24 Y53.832 E.0027
G1 X61.304 Y53.832 E.0027
G1 X61.316 Y53.812 E.00101
; stop printing object fidget-finger-massager-2000-roller_round.stl id:15 copy 0
;LAYER_CHANGE
;Z:29.8
;HEIGHT:0.199999
G92 E0
;_SET_FAN_SPEED_CHANGING_LAYER
; printing object fidget-finger-massager-2000-roller_round.stl id:15 copy 0
M204 S10000
G1 E-.8 F1800
G1 X60.578 Y46.438 Z30.2 F7200
G1 Z29.8
G1 E.8 F1800
M204 S1500
;TYPE:Inner wall
;WIDTH:0.533317
G1 F965
G1 X60.539 Y46.295 E.00602
;WIDTH:0.558757
G1 X60.162 Y45.941 E.02218
G1 X59.831 Y45.926 E.01419
;WIDTH:0.536647
G1 X58.931 Y46.116 E.03778
;WIDTH:0.493323
G1 X58.03 Y46.306 E.03447
;WIDTH:0.449999
G1 X57.918 Y46.509 E.00785
G1 X57.868 Y45.79 E.02438
G1 X57.855 Y45.288 E.01702
G1 X58.349 Y45.308 E.01675
;WIDTH:0.493323
G1 X58.967 Y45.351 E.0232
;WIDTH:0.536647
G1 X59.585 Y45.395 E.02543
;WIDTH:0.558757
G1 X60.493 Y45.449 E.03902
G1 X60.503 Y45.682 E.01001
G1 X60.574 Y46.398 E.03086
M204 S10000
G1 E-.8 F1800
G1 X62.58 Y52.298 Z30.2 F7200
G1 Z29.8
G1 E.8 F1800
M204 S1500
;WIDTH:0.558758
G1 F965
G1 X62.626 Y51.981 E.01373
;WIDTH:0.536863
G1 X62.581 Y51.857 E.00543
G1 X62.651 Y51.97 E.00546
;WIDTH:0.558758
G1 X63.129 Y52.615 E.03441
G1 X62.618 Y53.091 E.02996
;WIDTH:0.550488
G1 X62.157 Y53.547 E.02739
;WIDTH:0.516992
G1 X61.695 Y54.004 E.02558
;WIDTH:0.483496
G1 X61.234 Y54.46 E.02377
;WIDTH:0.449999
G1 X60.908 Y54.055 E.0176
G1 X60.494 Y53.501 E.02338
G1 X60.681 Y53.553 E.00657
G1 X61.04 Y53.371 E.01363
;WIDTH:0.483496
G1 X61.466 Y53.142 E.01771
;WIDTH:0.516992
G1 X61.892 Y52.914 E.01906
;WIDTH:0.550488
G1 X62.318 Y52.685 E.0204
;WIDTH:0.558758
G1 X62.557 Y52.454 E.01426
G1 X62.575 Y52.338 E.00506
M204 S10000
G1 E-.8 F1800
G1 X60.98 Y44.985 Z30.2 F7200
G1 Z29.8
G1 E.8 F1800
M204 S500
;TYPE:Outer wall
;WIDTH:0.449999
G1 F965
G1 X60.985 Y45.654 E.02264
G1 X61.037 Y46.381 E.02467
G1 X61.132 Y47.076 E.02377
G1 X61.258 Y47.727 E.02242
G1 X61.439 Y48.416 E.02412
G1 X61.664 Y49.092 E.02411
G1 X61.947 Y49.785 E.02534
G1 X62.241 Y50.394 E.0229
G1 X62.624 Y51.072 E.02635
G1 X63.027 Y51.686 E.02486
G1 X63.47 Y52.272 E.02486
G1 X63.8 Y52.653 E.01704
G1 X61.19 Y55.06 E.12019
G1 X60.783 Y54.593 E.02097
G1 X60.276 Y53.939 E.02801
;WIDTH:0.486138
G1 X60.058 Y53.591 E.01513
;WIDTH:0.522276
G1 X59.839 Y53.243 E.01637
;WIDTH:0.5452
G1 X59.406 Y52.51 E.03557
;WIDTH:0.565906
G1 X59.039 Y51.803 E.03465
;WIDTH:0.588532
G1 X58.696 Y51.039 E.03798
;WIDTH:0.599878
G1 X58.398 Y50.278 E.03787
G1 X58.128 Y49.489 E.03859
;WIDTH:0.588411
G1 X57.893 Y48.672 E.03858
;WIDTH:0.56501
G1 X57.707 Y47.843 E.03686
;WIDTH:0.541171
G1 X57.567 Y46.948 E.03754
;WIDTH:0.512302
G1 X57.514 Y46.61 E.01335
;WIDTH:0.481151
G1 X57.461 Y46.272 E.01247
;WIDTH:0.449999
G1 X57.424 Y45.445 E.02801
G1 X57.432 Y44.842 E.02043
G1 X60.94 Y44.983 E.11884
M204 S10000
G1 E-.8 F1800
G1 X62.142 Y52.234 Z30.2 F7200
G1 Z29.8
G1 E.8 F1800
M204 S500
G1 F965
G1 X60.574 Y53.138 E.06126
;WIDTH:0.482917
G1 X60.463 Y53.111 E.00419
;WIDTH:0.515834
G1 X60.352 Y53.084 E.0045
;WIDTH:0.541113
G1 X59.924 Y52.325 E.03609
;WIDTH:0.56501
G1 X59.564 Y51.59 E.03553
;WIDTH:0.588414
G1 X59.248 Y50.835 E.03713
;WIDTH:0.599878
G1 X58.693 Y49.325 E.0745
;WIDTH:0.588532
G1 X58.446 Y48.552 E.03684
;WIDTH:0.565906
G1 X58.255 Y47.811 E.03328
;WIDTH:0.545194
G1 X58.132 Y47.203 E.02591
;WIDTH:0.527684
G1 X58.076 Y46.892 E.01273
;WIDTH:0.512302
G1 X58.166 Y46.79 E.00529
;WIDTH:0.481151
G1 X58.256 Y46.689 E.00494
;WIDTH:0.449999
G1 X59.915 Y46.391 E.05706
G1 X60.006 Y46.398 E.00309
G1 X60.125 Y46.533 E.0061
G1 X60.278 Y47.262 E.02521
G1 X60.461 Y47.934 E.02358
G1 X60.683 Y48.597 E.02369
G1 X61.233 Y50.093 E.05394
G1 X61.494 Y50.742 E.02369
G1 X61.79 Y51.373 E.02358
G1 X62.146 Y52.027 E.02521
G1 X62.143 Y52.194 E.00565
M204 S10000
G1 X62.581 Y51.857 F7200
M204 S1500
;TYPE:Inner wall
;WIDTH:0.525712
G1 F965
G1 X62.553 Y51.806 E.00234
;WIDTH:0.518216
G1 X62.366 Y51.491 E.01448
;WIDTH:0.492217
G1 X62.18 Y51.175 E.01368
;WIDTH:0.466218
G1 X62.022 Y50.869 E.01214
;WIDTH:0.440798
G1 X61.864 Y50.562 E.01141
;WIDTH:0.415378
G1 X61.569 Y49.886 E.02284
;WIDTH:0.365486
G1 X61.304 Y49.199 E.01975
;WIDTH:0.371256
G1 X61.05 Y48.468 E.02112
;WIDTH:0.418016
G1 X60.85 Y47.793 E.02196
;WIDTH:0.444084
G1 X60.761 Y47.399 E.01348
;WIDTH:0.470152
G1 X60.673 Y47.005 E.01436
;WIDTH:0.51821
G1 X60.578 Y46.438 E.02272
M204 S10000
G1 E-.8 F1800
G1 X58.352 Y45.719 Z30.2 F7200
G1 Z29.8
G1 E.8 F1800
M204 S500
;TYPE:Internal solid infill
;WIDTH:0.541092
G1 F965
G1 X58.29 Y45.719 E.00258
G1 X58.258 Y45.773 E.00258
G1 X58.29 Y45.827 E.00258
G1 X58.352 Y45.827 E.00258
G1 X58.363 Y45.808 E.00092
M204 S10000
G1 E-.8 F1800
G1 X61.022 Y52.962 Z30.2 F7200
G1 X61.304 Y53.722 Z30.2
G1 Z29.8
G1 E.8 F1800
M204 S500
;WIDTH:0.552682
G1 F965
G1 X61.24 Y53.722 E.0027
G1 X61.209 Y53.777 E.0027
G1 X61.24 Y53.832 E.0027
G1 X61.304 Y53.832 E.0027
G1 X61.316 Y53.812 E.00101
; stop printing object fidget-finger-massager-2000-roller_round.stl id:15 copy 0
;LAYER_CHANGE
;Z:30
;HEIGHT:0.200001
G92 E0
;_SET_FAN_SPEED_CHANGING_LAYER
; printing object fidget-finger-massager-2000-roller_round.stl id:15 copy 0
M204 S10000
G1 E-.8 F1800
G1 X60.578 Y46.438 Z30.4 F7200
G1 Z30
G1 E.8 F1800
M204 S1500
;TYPE:Inner wall
;WIDTH:0.533319
G1 F965
G1 X60.539 Y46.295 E.00602
;WIDTH:0.558757
G1 X60.162 Y45.941 E.02218
G1 X59.831 Y45.926 E.01419
;WIDTH:0.536647
G1 X58.93 Y46.117 E.03783
;WIDTH:0.493323
G1 X58.028 Y46.307 E.03451
;WIDTH:0.449999
G1 X57.915 Y46.509 E.00785
G1 X57.868 Y45.79 E.02438
G1 X57.855 Y45.288 E.01702
G1 X58.349 Y45.308 E.01675
;WIDTH:0.493323
G1 X58.967 Y45.351 E.0232
;WIDTH:0.536647
G1 X59.585 Y45.395 E.02543
;WIDTH:0.558757
G1 X60.493 Y45.449 E.03902
G1 X60.503 Y45.682 E.01001
G1 X60.574 Y46.398 E.03086
M204 S10000
G1 E-.8 F1800
G1 X62.58 Y52.298 Z30.4 F7200
G1 Z30
G1 E.8 F1800
M204 S1500
;WIDTH:0.558758
G1 F965
G1 X62.626 Y51.981 E.01373
;WIDTH:0.536865
G1 X62.581 Y51.857 E.00543
G1 X62.651 Y51.97 E.00546
;WIDTH:0.558758
G1 X63.129 Y52.615 E.03441
G1 X62.618 Y53.091 E.02996
;WIDTH:0.550487
G1 X62.157 Y53.547 E.02739
;WIDTH:0.516991
G1 X61.695 Y54.004 E.02558
;WIDTH:0.483495
G1 X61.234 Y54.46 E.02377
;WIDTH:0.449999
G1 X60.908 Y54.055 E.0176
G1 X60.494 Y53.501 E.02338
G1 X60.681 Y53.553 E.00657
G1 X61.04 Y53.371 E.01363
;WIDTH:0.483495
G1 X61.466 Y53.142 E.01771
;WIDTH:0.516991
G1 X61.892 Y52.914 E.01906
;WIDTH:0.550487
G1 X62.318 Y52.685 E.0204
;WIDTH:0.558758
G1 X62.557 Y52.454 E.01426
G1 X62.575 Y52.338 E.00506
M204 S10000
G1 E-.8 F1800
G1 X60.98 Y44.985 Z30.4 F7200
G1 Z30
G1 E.8 F1800
M204 S500
;TYPE:Outer wall
;WIDTH:0.449999
G1 F965
G1 X60.985 Y45.654 E.02264
G1 X61.037 Y46.381 E.02467
G1 X61.132 Y47.077 E.02377
G1 X61.257 Y47.724 E.02232
G1 X61.439 Y48.414 E.02417
G1 X61.664 Y49.092 E.02417
G1 X61.932 Y49.753 E.02417
G1 X62.242 Y50.397 E.02418
G1 X62.624 Y51.072 E.02625
G1 X63.027 Y51.686 E.02486
G1 X63.47 Y52.272 E.02486
G1 X63.8 Y52.653 E.01704
G1 X61.19 Y55.06 E.12019
G1 X60.783 Y54.593 E.02098
G1 X60.276 Y53.939 E.02801
;WIDTH:0.486139
G1 X60.058 Y53.591 E.01513
;WIDTH:0.522278
G1 X59.839 Y53.243 E.01637
;WIDTH:0.545134
G1 X59.407 Y52.512 E.0355
;WIDTH:0.565923
G1 X59.039 Y51.803 E.03473
;WIDTH:0.588541
G1 X58.696 Y51.039 E.03798
;WIDTH:0.599879
G1 X58.398 Y50.278 E.03787
G1 X58.128 Y49.49 E.03859
;WIDTH:0.588404
G1 X57.893 Y48.671 E.0386
;WIDTH:0.564967
G1 X57.706 Y47.843 E.03687
;WIDTH:0.541735
G1 X57.561 Y46.941 E.03788
;WIDTH:0.515835
G1 X57.511 Y46.607 E.01328
;WIDTH:0.482917
G1 X57.461 Y46.273 E.01235
;WIDTH:0.449999
G1 X57.424 Y45.445 E.02805
G1 X57.432 Y44.842 E.02043
G1 X60.94 Y44.983 E.11884
M204 S10000
G1 E-.8 F1800
G1 X62.142 Y52.234 Z30.4 F7200
G1 Z30
G1 E.8 F1800
M204 S500
G1 F965
G1 X60.574 Y53.138 E.06126
;WIDTH:0.482917
G1 X60.463 Y53.111 E.00419
;WIDTH:0.515835
G1 X60.352 Y53.084 E.0045
;WIDTH:0.541136
G1 X59.924 Y52.325 E.03609
;WIDTH:0.564995
G1 X59.564 Y51.59 E.03553
;WIDTH:0.588407
G1 X59.248 Y50.835 E.03713
;WIDTH:0.599879
G1 X58.693 Y49.325 E.0745
;WIDTH:0.588541
G1 X58.446 Y48.552 E.03684
;WIDTH:0.565922
G1 X58.243 Y47.765 E.03535
;WIDTH:0.541735
G1 X58.094 Y47.007 E.03204
;WIDTH:0.522301
G1 X58.074 Y46.89 E.00472
;WIDTH:0.515835
G1 X58.165 Y46.789 E.00532
;WIDTH:0.482917
G1 X58.256 Y46.689 E.00495
;WIDTH:0.449999
G1 X59.915 Y46.391 E.05706
G1 X60.006 Y46.398 E.00309
G1 X60.125 Y46.533 E.0061
G1 X60.278 Y47.262 E.02521
G1 X60.461 Y47.934 E.02358
G1 X60.683 Y48.597 E.02369
G1 X61.041 Y49.571 E.03513
G1 X61.494 Y50.744 E.04254
G1 X61.79 Y51.373 E.02353
G1 X62.146 Y52.027 E.02521
G1 X62.143 Y52.194 E.00565
M204 S10000
G1 X62.581 Y51.857 F7200
M204 S1500
;TYPE:Inner wall
;WIDTH:0.525714
G1 F965
G1 X62.553 Y51.806 E.00234
;WIDTH:0.518216
G1 X62.366 Y51.491 E.01448
;WIDTH:0.492207
G1 X62.18 Y51.175 E.01368
;WIDTH:0.466198
G1 X62.023 Y50.87 E.01209
;WIDTH:0.440695
G1 X61.866 Y50.565 E.01136
;WIDTH:0.415192
G1 X61.72 Y50.225 E.01144
;WIDTH:0.386455
G1 X61.573 Y49.886 E.01055
;WIDTH:0.357718
G1 X61.304 Y49.199 E.01932
;WIDTH:0.371212
G1 X61.05 Y48.468 E.02111
;WIDTH:0.418132
G1 X60.85 Y47.79 E.02206
M73 P92 R1
;WIDTH:0.444143
G1 X60.761 Y47.397 E.01343
;WIDTH:0.470154
G1 X60.673 Y47.005 E.01431
;WIDTH:0.518212
G1 X60.578 Y46.438 E.02272
M204 S10000
G1 E-.8 F1800
G1 X58.352 Y45.719 Z30.4 F7200
G1 Z30
G1 E.8 F1800
M204 S500
;TYPE:Internal solid infill
;WIDTH:0.541214
G1 F965
G1 X58.29 Y45.719 E.00258
G1 X58.258 Y45.773 E.00258
G1 X58.29 Y45.827 E.00258
G1 X58.352 Y45.827 E.00258
G1 X58.363 Y45.808 E.00092
M204 S10000
G1 E-.8 F1800
G1 X61.022 Y52.962 Z30.4 F7200
G1 X61.304 Y53.722 Z30.4
G1 Z30
G1 E.8 F1800
M204 S500
;WIDTH:0.552684
G1 F965
G1 X61.24 Y53.722 E.0027
G1 X61.209 Y53.777 E.0027
G1 X61.24 Y53.832 E.0027
G1 X61.304 Y53.832 E.0027
G1 X61.316 Y53.812 E.00101
; stop printing object fidget-finger-massager-2000-roller_round.stl id:15 copy 0
;LAYER_CHANGE
;Z:30.2
;HEIGHT:0.200001
G92 E0
;_SET_FAN_SPEED_CHANGING_LAYER
; printing object fidget-finger-massager-2000-roller_round.stl id:15 copy 0
M204 S10000
G1 E-.8 F1800
G1 X60.578 Y46.438 Z30.6 F7200
G1 Z30.2
G1 E.8 F1800
M204 S1500
;TYPE:Inner wall
;WIDTH:0.533317
G1 F965
G1 X60.539 Y46.295 E.00602
;WIDTH:0.558757
G1 X60.162 Y45.941 E.02218
G1 X59.831 Y45.926 E.01419
;WIDTH:0.536647
G1 X58.93 Y46.117 E.03783
;WIDTH:0.493323
G1 X58.028 Y46.307 E.03451
;WIDTH:0.449999
G1 X57.915 Y46.509 E.00785
G1 X57.868 Y45.79 E.02438
G1 X57.855 Y45.288 E.01702
G1 X58.349 Y45.308 E.01675
;WIDTH:0.493323
G1 X58.967 Y45.351 E.0232
;WIDTH:0.536647
G1 X59.585 Y45.395 E.02543
;WIDTH:0.558757
G1 X60.493 Y45.449 E.03902
G1 X60.503 Y45.682 E.01001
G1 X60.574 Y46.398 E.03086
M204 S10000
G1 E-.8 F1800
G1 X62.58 Y52.298 Z30.6 F7200
G1 Z30.2
G1 E.8 F1800
M204 S1500
;WIDTH:0.558758
G1 F965
G1 X62.626 Y51.981 E.01373
;WIDTH:0.536865
G1 X62.581 Y51.857 E.00543
G1 X62.651 Y51.97 E.00546
;WIDTH:0.558758
G1 X63.129 Y52.615 E.03441
G1 X62.618 Y53.091 E.02996
;WIDTH:0.550488
G1 X62.157 Y53.547 E.02739
;WIDTH:0.516992
G1 X61.695 Y54.004 E.02558
;WIDTH:0.483496
G1 X61.234 Y54.46 E.02377
;WIDTH:0.449999
G1 X60.908 Y54.055 E.0176
G1 X60.494 Y53.501 E.02338
G1 X60.681 Y53.553 E.00657
G1 X61.04 Y53.371 E.01363
;WIDTH:0.483496
G1 X61.466 Y53.142 E.01771
;WIDTH:0.516992
G1 X61.892 Y52.914 E.01906
;WIDTH:0.550488
G1 X62.318 Y52.685 E.0204
;WIDTH:0.558758
G1 X62.557 Y52.454 E.01426
G1 X62.575 Y52.338 E.00506
M204 S10000
G1 E-.8 F1800
G1 X60.98 Y44.985 Z30.6 F7200
G1 Z30.2
G1 E.8 F1800
M204 S500
;TYPE:Outer wall
;WIDTH:0.449999
G1 F965
G1 X60.985 Y45.654 E.02264
G1 X61.037 Y46.381 E.02467
G1 X61.132 Y47.077 E.02377
G1 X61.257 Y47.721 E.02221
G1 X61.439 Y48.413 E.02422
G1 X61.761 Y49.323 E.0327
G1 X61.997 Y49.891 E.02081
G1 X62.243 Y50.4 E.01913
G1 X62.624 Y51.072 E.02614
G1 X63.027 Y51.686 E.02486
G1 X63.47 Y52.272 E.02486
G1 X63.8 Y52.653 E.01704
G1 X61.19 Y55.06 E.12019
G1 X60.783 Y54.593 E.02098
G1 X60.276 Y53.939 E.02801
;WIDTH:0.486139
G1 X60.058 Y53.591 E.01513
;WIDTH:0.522278
G1 X59.839 Y53.243 E.01637
;WIDTH:0.545066
G1 X59.408 Y52.513 E.03542
;WIDTH:0.565939
G1 X59.039 Y51.803 E.03481
;WIDTH:0.588549
G1 X58.696 Y51.039 E.03798
;WIDTH:0.599879
G1 X58.398 Y50.278 E.03787
G1 X58.128 Y49.49 E.03859
;WIDTH:0.588398
G1 X57.893 Y48.671 E.0386
;WIDTH:0.564953
G1 X57.706 Y47.843 E.03687
;WIDTH:0.541715
G1 X57.561 Y46.941 E.03788
;WIDTH:0.515834
G1 X57.511 Y46.607 E.01328
;WIDTH:0.482917
G1 X57.461 Y46.273 E.01235
;WIDTH:0.449999
G1 X57.424 Y45.445 E.02805
G1 X57.432 Y44.842 E.02043
G1 X60.94 Y44.983 E.11884
M204 S10000
G1 E-.8 F1800
G1 X62.142 Y52.234 Z30.6 F7200
G1 Z30.2
G1 E.8 F1800
M204 S500
G1 F965
G1 X60.574 Y53.138 E.06126
;WIDTH:0.482917
G1 X60.463 Y53.111 E.00419
;WIDTH:0.515834
G1 X60.352 Y53.084 E.0045
;WIDTH:0.541159
G1 X59.924 Y52.325 E.0361
;WIDTH:0.56498
G1 X59.564 Y51.59 E.03553
;WIDTH:0.588398
G1 X59.248 Y50.835 E.03713
;WIDTH:0.599879
G1 X58.693 Y49.325 E.0745
;WIDTH:0.588548
G1 X58.446 Y48.552 E.03684
;WIDTH:0.56594
G1 X58.244 Y47.766 E.03528
;WIDTH:0.541715
G1 X58.094 Y47.007 E.03211
;WIDTH:0.5223
G1 X58.074 Y46.89 E.00472
;WIDTH:0.515834
G1 X58.165 Y46.789 E.00532
;WIDTH:0.482917
G1 X58.256 Y46.689 E.00495
;WIDTH:0.449999
G1 X59.915 Y46.391 E.05706
G1 X60.006 Y46.398 E.00309
G1 X60.125 Y46.533 E.0061
G1 X60.278 Y47.262 E.02521
G1 X60.461 Y47.934 E.02358
G1 X60.683 Y48.597 E.02369
G1 X61.053 Y49.604 E.0363
G1 X61.494 Y50.744 E.04137
G1 X61.79 Y51.373 E.02353
G1 X62.146 Y52.027 E.02521
G1 X62.143 Y52.194 E.00565
M204 S10000
G1 X62.581 Y51.857 F7200
M204 S1500
;TYPE:Inner wall
;WIDTH:0.525714
G1 F965
G1 X62.553 Y51.806 E.00234
;WIDTH:0.518216
G1 X62.366 Y51.491 E.01448
;WIDTH:0.4922
G1 X62.18 Y51.175 E.01368
;WIDTH:0.466184
G1 X62.024 Y50.872 E.01201
;WIDTH:0.440923
G1 X61.868 Y50.569 E.01129
;WIDTH:0.415662
G1 X61.635 Y50.031 E.01818
;WIDTH:0.368836
G1 X61.304 Y49.199 E.02425
;WIDTH:0.37117
G1 X61.05 Y48.468 E.02112
;WIDTH:0.41825
G1 X60.849 Y47.787 E.02217
;WIDTH:0.444201
G1 X60.761 Y47.396 E.01338
;WIDTH:0.470152
G1 X60.673 Y47.005 E.01425
;WIDTH:0.51821
G1 X60.578 Y46.438 E.02272
M204 S10000
G1 E-.8 F1800
G1 X58.352 Y45.719 Z30.6 F7200
G1 Z30.2
G1 E.8 F1800
M204 S500
;TYPE:Internal solid infill
;WIDTH:0.541214
G1 F965
G1 X58.29 Y45.719 E.00258
G1 X58.258 Y45.773 E.00258
G1 X58.29 Y45.827 E.00258
G1 X58.352 Y45.827 E.00258
G1 X58.363 Y45.808 E.00092
M204 S10000
G1 E-.8 F1800
G1 X61.022 Y52.962 Z30.6 F7200
G1 X61.304 Y53.722 Z30.6
G1 Z30.2
G1 E.8 F1800
M204 S500
;WIDTH:0.552684
G1 F965
G1 X61.241 Y53.722 E.0027
G1 X61.209 Y53.777 E.0027
G1 X61.241 Y53.832 E.0027
G1 X61.304 Y53.832 E.0027
G1 X61.316 Y53.812 E.00101
; stop printing object fidget-finger-massager-2000-roller_round.stl id:15 copy 0
;LAYER_CHANGE
;Z:30.4
;HEIGHT:0.199999
G92 E0
;_SET_FAN_SPEED_CHANGING_LAYER
; printing object fidget-finger-massager-2000-roller_round.stl id:15 copy 0
M204 S10000
G1 E-.8 F1800
G1 X60.578 Y46.438 Z30.8 F7200
G1 Z30.4
G1 E.8 F1800
M204 S1500
;TYPE:Inner wall
;WIDTH:0.533319
G1 F965
G1 X60.539 Y46.295 E.00602
;WIDTH:0.558757
G1 X60.162 Y45.941 E.02218
G1 X59.831 Y45.926 E.01419
;WIDTH:0.536647
G1 X58.93 Y46.117 E.03783
;WIDTH:0.493323
G1 X58.028 Y46.307 E.03451
;WIDTH:0.449999
G1 X57.915 Y46.509 E.00785
G1 X57.868 Y45.79 E.02438
G1 X57.855 Y45.288 E.01702
G1 X58.349 Y45.308 E.01675
;WIDTH:0.493323
G1 X58.967 Y45.351 E.0232
;WIDTH:0.536647
G1 X59.585 Y45.395 E.02543
;WIDTH:0.558757
G1 X60.493 Y45.449 E.03902
G1 X60.503 Y45.682 E.01001
G1 X60.574 Y46.398 E.03086
M204 S10000
G1 E-.8 F1800
G1 X62.58 Y52.298 Z30.8 F7200
G1 Z30.4
G1 E.8 F1800
M204 S1500
G1 F965
G1 X62.626 Y51.981 E.01373
;WIDTH:0.536863
G1 X62.581 Y51.857 E.00543
G1 X62.651 Y51.97 E.00546
;WIDTH:0.558757
G1 X63.133 Y52.61 E.03438
G1 X62.618 Y53.091 E.03024
;WIDTH:0.550486
G1 X62.157 Y53.547 E.02739
;WIDTH:0.516991
G1 X61.695 Y54.004 E.02558
;WIDTH:0.483495
G1 X61.234 Y54.46 E.02377
;WIDTH:0.449999
G1 X60.908 Y54.055 E.0176
G1 X60.494 Y53.501 E.02338
G1 X60.681 Y53.553 E.00657
G1 X61.04 Y53.371 E.01363
;WIDTH:0.483495
G1 X61.466 Y53.142 E.01771
;WIDTH:0.516991
G1 X61.892 Y52.914 E.01906
;WIDTH:0.550486
G1 X62.318 Y52.685 E.0204
;WIDTH:0.558757
G1 X62.557 Y52.454 E.01426
G1 X62.575 Y52.338 E.00506
M204 S10000
G1 E-.8 F1800
G1 X60.98 Y44.985 Z30.8 F7200
G1 Z30.4
G1 E.8 F1800
M204 S500
;TYPE:Outer wall
;WIDTH:0.449999
G1 F965
G1 X60.985 Y45.654 E.02264
G1 X61.037 Y46.381 E.02467
G1 X61.132 Y47.077 E.02378
G1 X61.256 Y47.717 E.02209
G1 X61.424 Y48.348 E.02209
G1 X61.774 Y49.356 E.0361
G1 X61.992 Y49.882 E.01928
G1 X62.245 Y50.402 E.01959
G1 X62.624 Y51.072 E.02604
G1 X63.027 Y51.686 E.02486
G1 X63.395 Y52.172 E.02063
G1 X63.801 Y52.651 E.02127
G1 X61.19 Y55.06 E.12026
G1 X60.783 Y54.593 E.02097
G1 X60.276 Y53.939 E.02801
;WIDTH:0.486149
G1 X60.058 Y53.591 E.01513
;WIDTH:0.522299
G1 X59.839 Y53.243 E.01637
;WIDTH:0.543258
G1 X59.428 Y52.55 E.03357
;WIDTH:0.571095
G1 X58.966 Y51.642 E.04471
;WIDTH:0.588557
G1 X58.696 Y51.039 E.02998
;WIDTH:0.599879
G1 X58.398 Y50.278 E.03786
G1 X58.127 Y49.487 E.0387
;WIDTH:0.588305
G1 X57.865 Y48.551 E.0441
;WIDTH:0.561743
G1 X57.706 Y47.843 E.03129
;WIDTH:0.541695
G1 X57.561 Y46.941 E.03788
;WIDTH:0.515834
G1 X57.511 Y46.607 E.01328
;WIDTH:0.482917
G1 X57.461 Y46.273 E.01235
;WIDTH:0.449999
G1 X57.424 Y45.445 E.02805
G1 X57.432 Y44.842 E.02043
G1 X60.94 Y44.983 E.11884
M204 S10000
G1 E-.8 F1800
G1 X62.142 Y52.234 Z30.8 F7200
G1 Z30.4
G1 E.8 F1800
M204 S500
G1 F965
G1 X60.574 Y53.138 E.06126
;WIDTH:0.482917
G1 X60.463 Y53.111 E.00419
;WIDTH:0.515835
G1 X60.352 Y53.084 E.0045
;WIDTH:0.541695
G1 X59.924 Y52.326 E.03613
;WIDTH:0.560947
G1 X59.566 Y51.589 E.03526
;WIDTH:0.588398
G1 X59.248 Y50.835 E.03713
;WIDTH:0.599879
G1 X58.693 Y49.325 E.0745
;WIDTH:0.588557
G1 X58.447 Y48.551 E.03684
;WIDTH:0.562619
G1 X58.244 Y47.768 E.03497
;WIDTH:0.541695
G1 X58.094 Y47.007 E.03218
;WIDTH:0.5223
G1 X58.074 Y46.89 E.00472
;WIDTH:0.515834
G1 X58.165 Y46.789 E.00532
;WIDTH:0.482917
G1 X58.256 Y46.689 E.00495
;WIDTH:0.449999
G1 X59.915 Y46.391 E.05706
G1 X60.006 Y46.398 E.00309
G1 X60.125 Y46.533 E.0061
G1 X60.278 Y47.262 E.02521
G1 X60.461 Y47.934 E.02358
G1 X60.683 Y48.597 E.02369
G1 X61.494 Y50.744 E.07767
G1 X61.79 Y51.373 E.02353
G1 X62.146 Y52.027 E.02521
G1 X62.143 Y52.194 E.00565
M204 S10000
G1 X62.581 Y51.857 F7200
M204 S1500
;TYPE:Inner wall
;WIDTH:0.525712
G1 F965
G1 X62.553 Y51.806 E.00234
;WIDTH:0.518216
G1 X62.366 Y51.491 E.01448
;WIDTH:0.492191
G1 X62.18 Y51.175 E.01368
;WIDTH:0.466166
G1 X62.025 Y50.873 E.01195
;WIDTH:0.441081
G1 X61.869 Y50.571 E.01124
;WIDTH:0.415996
G1 X61.63 Y50.021 E.01862
;WIDTH:0.36835
G1 X61.303 Y49.194 E.02406
;WIDTH:0.37714
G1 X61.019 Y48.365 E.02435
;WIDTH:0.418368
G1 X60.848 Y47.784 E.0189
;WIDTH:0.444261
G1 X60.76 Y47.394 E.01333
;WIDTH:0.470154
G1 X60.673 Y47.005 E.0142
;WIDTH:0.518212
G1 X60.578 Y46.438 E.02272
M204 S10000
G1 E-.8 F1800
G1 X58.352 Y45.719 Z30.8 F7200
G1 Z30.4
G1 E.8 F1800
M204 S500
;TYPE:Internal solid infill
;WIDTH:0.541214
G1 F965
G1 X58.29 Y45.719 E.00258
G1 X58.258 Y45.773 E.00258
M73 P93 R1
G1 X58.29 Y45.827 E.00258
G1 X58.352 Y45.827 E.00258
G1 X58.363 Y45.808 E.00092
M204 S10000
G1 E-.8 F1800
G1 X61.022 Y52.962 Z30.8 F7200
G1 X61.304 Y53.722 Z30.8
G1 Z30.4
G1 E.8 F1800
M204 S500
;WIDTH:0.552684
G1 F965
G1 X61.24 Y53.722 E.0027
G1 X61.209 Y53.777 E.0027
G1 X61.24 Y53.832 E.0027
G1 X61.304 Y53.832 E.0027
G1 X61.316 Y53.812 E.00101
; stop printing object fidget-finger-massager-2000-roller_round.stl id:15 copy 0
;LAYER_CHANGE
;Z:30.6
;HEIGHT:0.200001
G92 E0
;_SET_FAN_SPEED_CHANGING_LAYER
; printing object fidget-finger-massager-2000-roller_round.stl id:15 copy 0
M204 S10000
G1 E-.8 F1800
G1 X60.581 Y46.437 Z31 F7200
G1 Z30.6
G1 E.8 F1800
M204 S1500
;TYPE:Inner wall
;WIDTH:0.547147
G1 F965
G1 X60.488 Y46.193 E.01095
;WIDTH:0.558757
G1 X60.162 Y45.941 E.01767
G1 X59.831 Y45.926 E.01419
;WIDTH:0.536647
G1 X58.93 Y46.117 E.03783
;WIDTH:0.493323
G1 X58.028 Y46.307 E.03451
;WIDTH:0.449999
G1 X57.915 Y46.509 E.00785
G1 X57.868 Y45.79 E.02438
G1 X57.855 Y45.288 E.01702
G1 X58.349 Y45.308 E.01675
;WIDTH:0.493323
G1 X58.967 Y45.351 E.0232
;WIDTH:0.536647
G1 X59.585 Y45.395 E.02543
;WIDTH:0.558757
G1 X60.493 Y45.449 E.03902
G1 X60.503 Y45.682 E.01001
G1 X60.576 Y46.397 E.03085
M204 S10000
G1 E-.8 F1800
G1 X62.58 Y52.298 Z31 F7200
G1 Z30.6
G1 E.8 F1800
M204 S1500
;WIDTH:0.558758
G1 F965
G1 X62.626 Y51.981 E.01373
;WIDTH:0.536863
G1 X62.581 Y51.857 E.00543
G1 X62.651 Y51.97 E.00546
;WIDTH:0.558758
G1 X63.129 Y52.615 E.03441
G1 X62.618 Y53.091 E.02996
;WIDTH:0.550487
G1 X62.157 Y53.547 E.02739
;WIDTH:0.516991
G1 X61.695 Y54.004 E.02558
;WIDTH:0.483495
G1 X61.234 Y54.46 E.02377
;WIDTH:0.449999
G1 X60.908 Y54.055 E.0176
G1 X60.494 Y53.501 E.02338
G1 X60.681 Y53.553 E.00657
G1 X61.04 Y53.371 E.01363
;WIDTH:0.483495
G1 X61.466 Y53.142 E.01771
;WIDTH:0.516991
G1 X61.892 Y52.914 E.01906
;WIDTH:0.550487
G1 X62.318 Y52.685 E.0204
;WIDTH:0.558758
G1 X62.557 Y52.454 E.01426
G1 X62.575 Y52.338 E.00506
M204 S10000
G1 E-.8 F1800
G1 X60.98 Y44.985 Z31 F7200
G1 Z30.6
G1 E.8 F1800
M204 S500
;TYPE:Outer wall
;WIDTH:0.449999
G1 F965
G1 X60.985 Y45.654 E.02265
G1 X61.043 Y46.384 E.02479
G1 X61.132 Y47.077 E.02364
G1 X61.255 Y47.714 E.02199
G1 X61.424 Y48.348 E.02219
G1 X61.665 Y49.093 E.02651
G1 X61.988 Y49.872 E.02855
G1 X62.246 Y50.405 E.02005
G1 X62.624 Y51.072 E.02594
G1 X63.027 Y51.686 E.02486
G1 X63.47 Y52.272 E.02486
G1 X63.8 Y52.653 E.01704
G1 X61.19 Y55.06 E.12019
G1 X60.783 Y54.593 E.02098
G1 X60.276 Y53.939 E.02801
;WIDTH:0.486149
G1 X60.058 Y53.591 E.01513
;WIDTH:0.522298
G1 X59.839 Y53.243 E.01637
;WIDTH:0.54334
G1 X59.427 Y52.548 E.03364
;WIDTH:0.570676
G1 X58.973 Y51.655 E.04395
;WIDTH:0.588566
G1 X58.696 Y51.039 E.03065
;WIDTH:0.59988
G1 X58.398 Y50.278 E.03786
G1 X58.128 Y49.49 E.03859
;WIDTH:0.588382
G1 X57.893 Y48.672 E.0386
;WIDTH:0.564926
G1 X57.706 Y47.843 E.03687
;WIDTH:0.541673
G1 X57.561 Y46.941 E.03787
;WIDTH:0.515835
G1 X57.511 Y46.607 E.01328
;WIDTH:0.482917
G1 X57.461 Y46.273 E.01235
;WIDTH:0.449999
G1 X57.424 Y45.445 E.02805
G1 X57.432 Y44.842 E.02043
G1 X60.94 Y44.983 E.11884
M204 S10000
G1 E-.8 F1800
G1 X62.142 Y52.234 Z31 F7200
G1 Z30.6
G1 E.8 F1800
M204 S500
G1 F965
G1 X60.574 Y53.138 E.06126
;WIDTH:0.482917
G1 X60.463 Y53.111 E.00419
;WIDTH:0.515835
G1 X60.352 Y53.084 E.0045
;WIDTH:0.541675
G1 X59.924 Y52.326 E.03613
;WIDTH:0.561233
G1 X59.566 Y51.589 E.03528
;WIDTH:0.588389
G1 X59.248 Y50.835 E.03713
;WIDTH:0.59988
G1 X58.693 Y49.325 E.0745
;WIDTH:0.588563
G1 X58.446 Y48.552 E.03684
;WIDTH:0.565972
G1 X58.244 Y47.77 E.03513
;WIDTH:0.541673
G1 X58.094 Y47.007 E.03225
;WIDTH:0.5223
G1 X58.074 Y46.89 E.00472
;WIDTH:0.515835
G1 X58.165 Y46.789 E.00532
;WIDTH:0.482917
G1 X58.256 Y46.689 E.00495
;WIDTH:0.449999
G1 X59.915 Y46.391 E.05706
G1 X60.006 Y46.398 E.00309
G1 X60.125 Y46.533 E.0061
G1 X60.278 Y47.262 E.02521
G1 X60.461 Y47.934 E.02358
G1 X60.683 Y48.597 E.02369
G1 X61.233 Y50.093 E.05394
G1 X61.494 Y50.742 E.02369
G1 X61.79 Y51.373 E.02358
G1 X62.146 Y52.027 E.02521
G1 X62.143 Y52.194 E.00565
M204 S10000
G1 X62.581 Y51.857 F7200
M204 S1500
;TYPE:Inner wall
;WIDTH:0.525712
G1 F965
G1 X62.553 Y51.806 E.00234
;WIDTH:0.518216
G1 X62.366 Y51.491 E.01448
;WIDTH:0.492183
G1 X62.18 Y51.175 E.01368
;WIDTH:0.46615
G1 X61.87 Y50.574 E.0238
;WIDTH:0.416628
G1 X61.598 Y49.953 E.02108
;WIDTH:0.374426
G1 X61.303 Y49.194 E.02243
;WIDTH:0.376494
G1 X61.022 Y48.375 E.02402
;WIDTH:0.418482
G1 X60.847 Y47.781 E.01933
;WIDTH:0.444561
G1 X60.759 Y47.39 E.01339
;WIDTH:0.47064
G1 X60.672 Y46.999 E.01426
;WIDTH:0.496949
G1 X60.626 Y46.718 E.01075
;WIDTH:0.523258
G1 X60.581 Y46.437 E.01137
M204 S10000
G1 E-.8 F1800
G1 X58.352 Y45.719 Z31 F7200
G1 Z30.6
G1 E.8 F1800
M204 S500
;TYPE:Internal solid infill
;WIDTH:0.541214
G1 F965
G1 X58.29 Y45.719 E.00258
G1 X58.258 Y45.773 E.00258
G1 X58.29 Y45.827 E.00258
G1 X58.352 Y45.827 E.00258
G1 X58.363 Y45.808 E.00092
M204 S10000
G1 E-.8 F1800
G1 X61.022 Y52.962 Z31 F7200
G1 X61.304 Y53.722 Z31
G1 Z30.6
G1 E.8 F1800
M204 S500
;WIDTH:0.552684
G1 F965
G1 X61.241 Y53.722 E.0027
G1 X61.209 Y53.777 E.0027
G1 X61.241 Y53.832 E.0027
G1 X61.304 Y53.832 E.0027
G1 X61.316 Y53.812 E.00101
; stop printing object fidget-finger-massager-2000-roller_round.stl id:15 copy 0
;LAYER_CHANGE
;Z:30.8
;HEIGHT:0.199999
G92 E0
;_SET_FAN_SPEED_CHANGING_LAYER
; printing object fidget-finger-massager-2000-roller_round.stl id:15 copy 0
M204 S10000
G1 E-.8 F1800
G1 X60.578 Y46.438 Z31.2 F7200
G1 Z30.8
G1 E.8 F1800
M204 S1500
;TYPE:Inner wall
;WIDTH:0.533319
G1 F965
G1 X60.539 Y46.295 E.00602
;WIDTH:0.558757
G1 X60.162 Y45.941 E.02218
G1 X59.831 Y45.926 E.01419
;WIDTH:0.536647
G1 X58.93 Y46.117 E.03783
;WIDTH:0.493323
G1 X58.028 Y46.307 E.03451
;WIDTH:0.449999
G1 X57.915 Y46.509 E.00785
G1 X57.868 Y45.79 E.02438
G1 X57.855 Y45.288 E.01702
G1 X58.349 Y45.308 E.01675
;WIDTH:0.493323
G1 X58.967 Y45.351 E.0232
;WIDTH:0.536647
G1 X59.585 Y45.395 E.02543
;WIDTH:0.558757
G1 X60.493 Y45.449 E.03902
G1 X60.503 Y45.682 E.01001
G1 X60.574 Y46.398 E.03086
M204 S10000
G1 E-.8 F1800
G1 X62.58 Y52.298 Z31.2 F7200
G1 Z30.8
G1 E.8 F1800
M204 S1500
;WIDTH:0.558759
G1 F965
G1 X62.626 Y51.981 E.01373
;WIDTH:0.536865
G1 X62.581 Y51.857 E.00543
G1 X62.651 Y51.97 E.00546
;WIDTH:0.558759
G1 X63.129 Y52.615 E.03441
G1 X62.618 Y53.091 E.02996
;WIDTH:0.550488
G1 X62.157 Y53.547 E.02739
;WIDTH:0.516992
G1 X61.695 Y54.004 E.02558
;WIDTH:0.483496
G1 X61.234 Y54.46 E.02377
;WIDTH:0.449999
G1 X60.908 Y54.055 E.0176
G1 X60.494 Y53.501 E.02338
G1 X60.681 Y53.553 E.00657
G1 X61.04 Y53.371 E.01363
;WIDTH:0.483496
G1 X61.466 Y53.142 E.01771
;WIDTH:0.516992
G1 X61.892 Y52.914 E.01906
;WIDTH:0.550488
G1 X62.318 Y52.685 E.0204
;WIDTH:0.558759
G1 X62.557 Y52.454 E.01426
G1 X62.575 Y52.338 E.00506
M204 S10000
G1 E-.8 F1800
G1 X60.98 Y44.985 Z31.2 F7200
G1 Z30.8
G1 E.8 F1800
M204 S500
;TYPE:Outer wall
;WIDTH:0.449999
G1 F965
G1 X60.985 Y45.654 E.02264
G1 X61.037 Y46.381 E.02467
G1 X61.132 Y47.077 E.02378
G1 X61.254 Y47.712 E.02188
G1 X61.423 Y48.348 E.02228
G1 X61.664 Y49.092 E.02646
G1 X61.947 Y49.785 E.02533
G1 X62.248 Y50.408 E.02342
G1 X62.624 Y51.072 E.02584
G1 X63.027 Y51.686 E.02486
G1 X63.47 Y52.272 E.02486
G1 X63.8 Y52.653 E.01704
G1 X61.19 Y55.06 E.12019
G1 X60.783 Y54.593 E.02098
G1 X60.276 Y53.939 E.02801
;WIDTH:0.486149
G1 X60.058 Y53.591 E.01513
;WIDTH:0.522298
G1 X59.839 Y53.243 E.01637
;WIDTH:0.543422
G1 X59.426 Y52.547 E.03372
;WIDTH:0.570257
G1 X58.979 Y51.669 E.04318
;WIDTH:0.588573
G1 X58.696 Y51.039 E.03133
;WIDTH:0.59988
G1 X58.398 Y50.278 E.03786
G1 X58.131 Y49.492 E.03844
;WIDTH:0.592467
G1 X57.893 Y48.672 E.03902
;WIDTH:0.564917
G1 X57.706 Y47.843 E.03688
;WIDTH:0.541652
G1 X57.561 Y46.941 E.03787
;WIDTH:0.515835
G1 X57.511 Y46.607 E.01328
;WIDTH:0.482917
G1 X57.461 Y46.273 E.01235
;WIDTH:0.449999
G1 X57.424 Y45.445 E.02805
G1 X57.432 Y44.842 E.02043
G1 X60.94 Y44.983 E.11884
M204 S10000
G1 E-.8 F1800
G1 X62.142 Y52.234 Z31.2 F7200
G1 Z30.8
G1 E.8 F1800
M204 S500
G1 F965
G1 X60.574 Y53.138 E.06126
;WIDTH:0.482917
G1 X60.463 Y53.111 E.00419
;WIDTH:0.515835
G1 X60.352 Y53.084 E.0045
;WIDTH:0.541655
G1 X59.924 Y52.326 E.03613
;WIDTH:0.561528
G1 X59.566 Y51.589 E.0353
;WIDTH:0.588382
G1 X59.248 Y50.835 E.03713
;WIDTH:0.59988
G1 X58.696 Y49.317 E.07481
;WIDTH:0.592467
G1 X58.446 Y48.554 E.03666
;WIDTH:0.566146
G1 X58.245 Y47.771 E.03518
;WIDTH:0.541652
G1 X58.094 Y47.007 E.03232
;WIDTH:0.522298
G1 X58.074 Y46.89 E.00472
;WIDTH:0.515835
G1 X58.165 Y46.789 E.00532
;WIDTH:0.482917
G1 X58.256 Y46.689 E.00495
;WIDTH:0.449999
G1 X59.915 Y46.391 E.05706
G1 X60.006 Y46.398 E.00309
G1 X60.125 Y46.533 E.0061
G1 X60.278 Y47.262 E.02521
G1 X60.461 Y47.934 E.02358
G1 X60.683 Y48.597 E.02369
G1 X61.233 Y50.093 E.05394
G1 X61.494 Y50.742 E.02369
G1 X61.79 Y51.373 E.02358
G1 X62.146 Y52.027 E.02521
G1 X62.143 Y52.194 E.00565
M204 S10000
G1 X62.581 Y51.857 F7200
M204 S1500
;TYPE:Inner wall
;WIDTH:0.525714
G1 F965
G1 X62.553 Y51.806 E.00234
;WIDTH:0.518216
G1 X62.366 Y51.491 E.01448
;WIDTH:0.492174
G1 X62.18 Y51.175 E.01368
;WIDTH:0.466132
G1 X61.871 Y50.576 E.02373
;WIDTH:0.416832
G1 X61.721 Y50.235 E.01159
;WIDTH:0.391392
G1 X61.572 Y49.893 E.0108
;WIDTH:0.365952
G1 X61.303 Y49.195 E.02011
;WIDTH:0.375846
G1 X61.025 Y48.385 E.02369
;WIDTH:0.418598
G1 X60.846 Y47.778 E.01976
;WIDTH:0.444376
G1 X60.76 Y47.391 E.01324
;WIDTH:0.470154
G1 X60.673 Y47.005 E.01409
;WIDTH:0.518212
G1 X60.578 Y46.438 E.02272
M204 S10000
G1 E-.8 F1800
G1 X58.352 Y45.719 Z31.2 F7200
G1 Z30.8
G1 E.8 F1800
M204 S500
;TYPE:Internal solid infill
;WIDTH:0.541214
G1 F965
G1 X58.29 Y45.719 E.00258
G1 X58.258 Y45.773 E.00258
G1 X58.29 Y45.827 E.00258
G1 X58.352 Y45.827 E.00258
G1 X58.363 Y45.808 E.00092
M204 S10000
G1 E-.8 F1800
G1 X61.022 Y52.962 Z31.2 F7200
G1 X61.304 Y53.722 Z31.2
G1 Z30.8
G1 E.8 F1800
M73 P94 R1
M204 S500
;WIDTH:0.552682
G1 F965
G1 X61.241 Y53.722 E.0027
G1 X61.209 Y53.777 E.0027
G1 X61.241 Y53.832 E.0027
G1 X61.304 Y53.832 E.0027
G1 X61.316 Y53.812 E.00101
; stop printing object fidget-finger-massager-2000-roller_round.stl id:15 copy 0
;LAYER_CHANGE
;Z:31
;HEIGHT:0.200001
G92 E0
;_SET_FAN_SPEED_CHANGING_LAYER
; printing object fidget-finger-massager-2000-roller_round.stl id:15 copy 0
M204 S10000
G1 E-.8 F1800
G1 X60.58 Y46.437 Z31.4 F7200
G1 Z31
G1 E.8 F1800
M204 S1500
;TYPE:Inner wall
;WIDTH:0.544798
G1 F965
G1 X60.499 Y46.211 E.01002
;WIDTH:0.558758
G1 X60.162 Y45.941 E.01853
G1 X59.831 Y45.926 E.01419
;WIDTH:0.536647
G1 X58.93 Y46.117 E.03783
;WIDTH:0.493323
G1 X58.028 Y46.307 E.03451
;WIDTH:0.449999
G1 X57.915 Y46.509 E.00785
G1 X57.868 Y45.79 E.02438
G1 X57.855 Y45.288 E.01702
G1 X58.349 Y45.308 E.01675
;WIDTH:0.493323
G1 X58.967 Y45.351 E.0232
;WIDTH:0.536647
G1 X59.585 Y45.395 E.02543
;WIDTH:0.558758
G1 X60.493 Y45.449 E.03902
G1 X60.503 Y45.682 E.01001
G1 X60.576 Y46.397 E.03085
M204 S10000
G1 E-.8 F1800
G1 X62.58 Y52.298 Z31.4 F7200
G1 Z31
G1 E.8 F1800
M204 S1500
G1 F965
G1 X62.626 Y51.981 E.01373
;WIDTH:0.536865
G1 X62.581 Y51.857 E.00543
G1 X62.651 Y51.97 E.00546
;WIDTH:0.558758
G1 X63.132 Y52.611 E.03439
G1 X62.618 Y53.091 E.03017
;WIDTH:0.550487
G1 X62.157 Y53.547 E.02739
;WIDTH:0.516991
G1 X61.695 Y54.004 E.02558
;WIDTH:0.483495
G1 X61.234 Y54.46 E.02377
;WIDTH:0.449999
G1 X60.908 Y54.055 E.0176
G1 X60.494 Y53.501 E.02338
G1 X60.681 Y53.553 E.00657
G1 X61.04 Y53.371 E.01363
;WIDTH:0.483495
G1 X61.466 Y53.142 E.01771
;WIDTH:0.516991
G1 X61.892 Y52.914 E.01906
;WIDTH:0.550487
G1 X62.318 Y52.685 E.0204
;WIDTH:0.558758
G1 X62.557 Y52.454 E.01426
G1 X62.575 Y52.338 E.00506
M204 S10000
G1 E-.8 F1800
G1 X60.98 Y44.985 Z31.4 F7200
G1 Z31
G1 E.8 F1800
M204 S500
;TYPE:Outer wall
;WIDTH:0.449999
G1 F965
G1 X60.985 Y45.654 E.02265
G1 X61.042 Y46.383 E.02477
G1 X61.132 Y47.077 E.02367
G1 X61.254 Y47.711 E.02185
G1 X61.423 Y48.348 E.02231
G1 X61.665 Y49.093 E.02652
G1 X61.979 Y49.853 E.02785
G1 X62.249 Y50.411 E.02096
G1 X62.624 Y51.072 E.02574
G1 X63.027 Y51.686 E.02486
G1 X63.415 Y52.198 E.02173
G1 X63.801 Y52.652 E.02017
G1 X61.19 Y55.06 E.12025
G1 X60.783 Y54.593 E.02097
G1 X60.276 Y53.939 E.02801
;WIDTH:0.486146
G1 X60.058 Y53.591 E.01513
;WIDTH:0.522293
G1 X59.839 Y53.243 E.01637
;WIDTH:0.543506
G1 X59.425 Y52.545 E.0338
;WIDTH:0.569835
G1 X58.985 Y51.683 E.04242
;WIDTH:0.588581
G1 X58.696 Y51.039 E.03201
;WIDTH:0.599879
G1 X58.398 Y50.278 E.03786
G1 X58.128 Y49.49 E.03858
;WIDTH:0.588367
G1 X57.893 Y48.672 E.0386
;WIDTH:0.564898
G1 X57.707 Y47.843 E.03687
;WIDTH:0.541631
G1 X57.561 Y46.941 E.03787
;WIDTH:0.515835
G1 X57.511 Y46.607 E.01328
;WIDTH:0.482917
G1 X57.461 Y46.273 E.01235
;WIDTH:0.449999
G1 X57.424 Y45.445 E.02805
G1 X57.432 Y44.842 E.02043
G1 X60.94 Y44.983 E.11884
M204 S10000
G1 E-.8 F1800
G1 X62.142 Y52.234 Z31.4 F7200
G1 Z31
G1 E.8 F1800
M204 S500
G1 F965
G1 X60.574 Y53.138 E.06126
;WIDTH:0.482917
G1 X60.463 Y53.111 E.00419
;WIDTH:0.515834
G1 X60.352 Y53.084 E.0045
;WIDTH:0.541633
G1 X59.924 Y52.326 E.03613
;WIDTH:0.561828
G1 X59.566 Y51.589 E.03532
;WIDTH:0.588374
G1 X59.248 Y50.835 E.03713
;WIDTH:0.599879
G1 X58.693 Y49.325 E.0745
;WIDTH:0.588581
G1 X58.446 Y48.552 E.03684
;WIDTH:0.566004
G1 X58.245 Y47.773 E.03499
;WIDTH:0.541631
G1 X58.094 Y47.007 E.03239
;WIDTH:0.522298
G1 X58.074 Y46.89 E.00472
;WIDTH:0.515835
G1 X58.165 Y46.789 E.00532
;WIDTH:0.482917
G1 X58.256 Y46.689 E.00495
;WIDTH:0.449999
G1 X59.915 Y46.391 E.05706
G1 X60.006 Y46.398 E.00309
G1 X60.125 Y46.533 E.0061
G1 X60.278 Y47.262 E.02521
G1 X60.461 Y47.934 E.02358
G1 X60.683 Y48.597 E.02369
G1 X61.101 Y49.734 E.04099
G1 X61.494 Y50.743 E.03667
G1 X61.79 Y51.373 E.02354
G1 X62.146 Y52.027 E.02521
G1 X62.143 Y52.194 E.00565
M204 S10000
G1 X62.581 Y51.857 F7200
M204 S1500
;TYPE:Inner wall
;WIDTH:0.525714
G1 F965
G1 X62.553 Y51.806 E.00234
;WIDTH:0.518216
G1 X62.366 Y51.491 E.01448
;WIDTH:0.492164
G1 X62.18 Y51.175 E.01368
;WIDTH:0.466112
G1 X61.873 Y50.58 E.02359
;WIDTH:0.416988
G1 X61.617 Y49.991 E.01996
;WIDTH:0.367118
G1 X61.303 Y49.195 E.02307
;WIDTH:0.375198
G1 X61.028 Y48.395 E.02337
;WIDTH:0.418714
G1 X60.846 Y47.775 E.02019
;WIDTH:0.444634
G1 X60.759 Y47.388 E.01327
;WIDTH:0.470554
G1 X60.672 Y47 E.01413
;WIDTH:0.496484
G1 X60.626 Y46.719 E.01075
;WIDTH:0.522414
G1 X60.58 Y46.437 E.01137
M204 S10000
G1 E-.8 F1800
G1 X58.352 Y45.719 Z31.4 F7200
G1 Z31
G1 E.8 F1800
M204 S500
;TYPE:Internal solid infill
;WIDTH:0.541214
G1 F965
G1 X58.29 Y45.719 E.00258
G1 X58.258 Y45.773 E.00258
G1 X58.29 Y45.827 E.00258
G1 X58.352 Y45.827 E.00258
G1 X58.363 Y45.808 E.00092
M204 S10000
G1 E-.8 F1800
G1 X61.022 Y52.962 Z31.4 F7200
G1 X61.304 Y53.722 Z31.4
G1 Z31
G1 E.8 F1800
M204 S500
;WIDTH:0.552682
G1 F965
G1 X61.24 Y53.722 E.0027
G1 X61.209 Y53.777 E.0027
G1 X61.24 Y53.832 E.0027
G1 X61.304 Y53.832 E.0027
G1 X61.316 Y53.812 E.00101
; stop printing object fidget-finger-massager-2000-roller_round.stl id:15 copy 0
;LAYER_CHANGE
;Z:31.2
;HEIGHT:0.200001
G92 E0
;_SET_FAN_SPEED_CHANGING_LAYER
; printing object fidget-finger-massager-2000-roller_round.stl id:15 copy 0
M204 S10000
G1 E-.8 F1800
G1 X60.577 Y46.431 Z31.6 F7200
G1 Z31.2
G1 E.8 F1800
M204 S1500
;TYPE:Inner wall
;WIDTH:0.533336
G1 F965
G1 X60.538 Y46.295 E.00575
;WIDTH:0.558852
G1 X60.162 Y45.941 E.02218
G1 X59.831 Y45.926 E.01421
;WIDTH:0.536689
G1 X58.929 Y46.117 E.03783
;WIDTH:0.493344
G1 X58.028 Y46.307 E.03451
;WIDTH:0.449999
G1 X57.915 Y46.509 E.00785
G1 X57.868 Y45.79 E.02438
G1 X57.855 Y45.288 E.01702
G1 X58.349 Y45.308 E.01675
;WIDTH:0.493344
G1 X58.967 Y45.351 E.02318
;WIDTH:0.536689
G1 X59.584 Y45.394 E.02541
;WIDTH:0.558852
G1 X60.493 Y45.449 E.03907
G1 X60.503 Y45.682 E.01002
G1 X60.573 Y46.391 E.03058
M204 S10000
G1 E-.8 F1800
G1 X62.58 Y52.298 Z31.6 F7200
G1 Z31.2
G1 E.8 F1800
M204 S1500
;WIDTH:0.558758
G1 F965
G1 X62.626 Y51.981 E.01373
;WIDTH:0.536865
G1 X62.581 Y51.857 E.00543
G1 X62.651 Y51.97 E.00546
;WIDTH:0.558758
G1 X63.129 Y52.615 E.03441
G1 X62.618 Y53.091 E.02996
;WIDTH:0.550488
G1 X62.157 Y53.547 E.02739
;WIDTH:0.516992
G1 X61.695 Y54.004 E.02558
;WIDTH:0.483496
G1 X61.234 Y54.46 E.02377
;WIDTH:0.449999
G1 X60.908 Y54.055 E.0176
G1 X60.494 Y53.501 E.02338
G1 X60.681 Y53.553 E.00657
G1 X61.04 Y53.371 E.01363
;WIDTH:0.483496
G1 X61.466 Y53.142 E.01771
;WIDTH:0.516992
G1 X61.892 Y52.914 E.01906
;WIDTH:0.550488
G1 X62.318 Y52.685 E.0204
;WIDTH:0.558758
G1 X62.557 Y52.454 E.01426
G1 X62.575 Y52.338 E.00506
M204 S10000
G1 E-.8 F1800
G1 X60.98 Y44.985 Z31.6 F7200
G1 Z31.2
G1 E.8 F1800
M204 S500
;TYPE:Outer wall
;WIDTH:0.449999
G1 F965
G1 X60.985 Y45.654 E.02265
G1 X61.036 Y46.374 E.02444
G1 X61.11 Y46.963 E.02008
G1 X61.254 Y47.711 E.02579
G1 X61.422 Y48.348 E.0223
G1 X61.665 Y49.093 E.02653
G1 X61.974 Y49.844 E.0275
G1 X62.25 Y50.413 E.02142
G1 X62.624 Y51.072 E.02563
G1 X63.027 Y51.686 E.02486
G1 X63.47 Y52.272 E.02486
G1 X63.8 Y52.653 E.01704
G1 X61.19 Y55.06 E.12019
G1 X60.783 Y54.593 E.02098
G1 X60.276 Y53.939 E.02801
;WIDTH:0.486147
G1 X60.058 Y53.591 E.01513
;WIDTH:0.522295
G1 X59.839 Y53.243 E.01637
;WIDTH:0.543588
G1 X59.424 Y52.544 E.03388
;WIDTH:0.569417
G1 X58.991 Y51.696 E.04166
;WIDTH:0.58859
G1 X58.696 Y51.039 E.03269
;WIDTH:0.599879
G1 X58.398 Y50.278 E.03786
G1 X58.128 Y49.49 E.03858
;WIDTH:0.58836
G1 X57.893 Y48.672 E.0386
;WIDTH:0.564884
G1 X57.707 Y47.843 E.03687
;WIDTH:0.541611
G1 X57.561 Y46.941 E.03787
;WIDTH:0.515835
G1 X57.511 Y46.607 E.01328
;WIDTH:0.482917
G1 X57.461 Y46.273 E.01235
;WIDTH:0.449999
G1 X57.424 Y45.445 E.02805
G1 X57.432 Y44.842 E.02043
G1 X60.94 Y44.983 E.11884
M204 S10000
G1 E-.8 F1800
G1 X62.142 Y52.234 Z31.6 F7200
G1 Z31.2
G1 E.8 F1800
M204 S500
G1 F965
G1 X60.574 Y53.138 E.06126
;WIDTH:0.482917
G1 X60.463 Y53.111 E.00419
;WIDTH:0.515835
G1 X60.352 Y53.084 E.0045
;WIDTH:0.541613
G1 X59.924 Y52.326 E.03613
;WIDTH:0.56214
G1 X59.566 Y51.589 E.03534
;WIDTH:0.588367
G1 X59.248 Y50.835 E.03713
;WIDTH:0.599879
G1 X58.693 Y49.325 E.0745
;WIDTH:0.588588
G1 X58.446 Y48.552 E.03684
;WIDTH:0.566022
G1 X58.246 Y47.774 E.03491
;WIDTH:0.541611
G1 X58.094 Y47.007 E.03246
;WIDTH:0.522296
G1 X58.074 Y46.89 E.00472
;WIDTH:0.515835
G1 X58.165 Y46.789 E.00532
;WIDTH:0.482917
G1 X58.256 Y46.689 E.00495
;WIDTH:0.449999
G1 X59.914 Y46.391 E.05705
G1 X60.006 Y46.398 E.00309
G1 X60.124 Y46.531 E.00604
G1 X60.319 Y47.41 E.03047
G1 X60.461 Y47.934 E.01838
G1 X60.683 Y48.597 E.02369
G1 X61.233 Y50.093 E.05394
G1 X61.494 Y50.742 E.02369
G1 X61.79 Y51.373 E.02358
G1 X62.146 Y52.027 E.02521
G1 X62.143 Y52.194 E.00565
M204 S10000
G1 X62.581 Y51.857 F7200
M204 S1500
;TYPE:Inner wall
;WIDTH:0.525714
G1 F965
G1 X62.553 Y51.806 E.00234
;WIDTH:0.518216
G1 X62.366 Y51.491 E.01448
;WIDTH:0.492155
G1 X62.18 Y51.175 E.01368
;WIDTH:0.466094
G1 X61.872 Y50.578 E.02366
;WIDTH:0.417132
G1 X61.597 Y49.953 E.02124
;WIDTH:0.372906
G1 X61.303 Y49.196 E.0223
;WIDTH:0.37455
G1 X61.031 Y48.405 E.02305
;WIDTH:0.41883
G1 X60.845 Y47.772 E.02062
;WIDTH:0.46456
G1 X60.675 Y47.004 E.02758
;WIDTH:0.491901
G1 X60.626 Y46.718 E.01086
;WIDTH:0.519242
G1 X60.577 Y46.431 E.01152
M204 S10000
G1 E-.8 F1800
G1 X58.352 Y45.719 Z31.6 F7200
G1 Z31.2
G1 E.8 F1800
M204 S500
;TYPE:Internal solid infill
;WIDTH:0.541196
G1 F965
G1 X58.29 Y45.719 E.00258
G1 X58.258 Y45.773 E.00258
G1 X58.29 Y45.827 E.00258
G1 X58.352 Y45.827 E.00258
G1 X58.363 Y45.808 E.00092
M204 S10000
G1 E-.8 F1800
G1 X61.022 Y52.962 Z31.6 F7200
G1 X61.304 Y53.722 Z31.6
G1 Z31.2
G1 E.8 F1800
M204 S500
;WIDTH:0.552682
G1 F965
G1 X61.241 Y53.722 E.0027
G1 X61.209 Y53.777 E.0027
G1 X61.241 Y53.832 E.0027
G1 X61.304 Y53.832 E.0027
G1 X61.316 Y53.812 E.00101
; stop printing object fidget-finger-massager-2000-roller_round.stl id:15 copy 0
;LAYER_CHANGE
;Z:31.4
;HEIGHT:0.199999
G92 E0
;_SET_FAN_SPEED_CHANGING_LAYER
; printing object fidget-finger-massager-2000-roller_round.stl id:15 copy 0
M204 S10000
G1 E-.8 F1800
G1 X60.58 Y46.437 Z31.8 F7200
G1 Z31.4
G1 E.8 F1800
M73 P95 R1
M204 S1500
;TYPE:Inner wall
;WIDTH:0.542333
G1 F965
G1 X60.509 Y46.23 E.00909
;WIDTH:0.558758
G1 X60.162 Y45.941 E.01938
G1 X59.831 Y45.926 E.01419
;WIDTH:0.536648
G1 X58.93 Y46.117 E.03783
;WIDTH:0.493324
G1 X58.028 Y46.307 E.03451
;WIDTH:0.449999
G1 X57.915 Y46.509 E.00785
G1 X57.868 Y45.79 E.02438
G1 X57.855 Y45.288 E.01702
G1 X58.349 Y45.308 E.01675
;WIDTH:0.493324
G1 X58.967 Y45.351 E.02319
;WIDTH:0.536648
G1 X59.585 Y45.395 E.02542
;WIDTH:0.558758
G1 X60.493 Y45.449 E.03903
G1 X60.503 Y45.682 E.01001
G1 X60.576 Y46.397 E.03086
M204 S10000
G1 E-.8 F1800
G1 X62.58 Y52.298 Z31.8 F7200
G1 Z31.4
G1 E.8 F1800
M204 S1500
G1 F965
G1 X62.626 Y51.981 E.01373
;WIDTH:0.536866
G1 X62.581 Y51.857 E.00543
G1 X62.651 Y51.97 E.00546
;WIDTH:0.558758
G1 X63.129 Y52.615 E.03441
G1 X62.618 Y53.091 E.02996
;WIDTH:0.550487
G1 X62.157 Y53.547 E.02739
;WIDTH:0.516991
G1 X61.695 Y54.004 E.02558
;WIDTH:0.483495
G1 X61.234 Y54.46 E.02377
;WIDTH:0.449999
G1 X60.908 Y54.055 E.0176
G1 X60.494 Y53.501 E.02338
G1 X60.681 Y53.553 E.00657
G1 X61.04 Y53.371 E.01363
;WIDTH:0.483495
G1 X61.466 Y53.142 E.01771
;WIDTH:0.516991
G1 X61.892 Y52.914 E.01906
;WIDTH:0.550487
G1 X62.318 Y52.685 E.0204
;WIDTH:0.558758
G1 X62.557 Y52.454 E.01426
G1 X62.575 Y52.338 E.00506
M204 S10000
G1 E-.8 F1800
G1 X60.98 Y44.985 Z31.8 F7200
G1 Z31.4
G1 E.8 F1800
M204 S500
;TYPE:Outer wall
;WIDTH:0.449999
G1 F965
G1 X60.985 Y45.654 E.02264
G1 X61.041 Y46.383 E.02475
G1 X61.132 Y47.077 E.0237
G1 X61.254 Y47.711 E.02184
G1 X61.422 Y48.348 E.02229
G1 X61.664 Y49.092 E.02649
G1 X61.947 Y49.784 E.02532
G1 X62.252 Y50.416 E.02374
G1 X62.624 Y51.072 E.02553
G1 X63.027 Y51.686 E.02486
G1 X63.47 Y52.272 E.02486
G1 X63.8 Y52.653 E.01704
G1 X61.19 Y55.06 E.12019
G1 X60.783 Y54.593 E.02098
G1 X60.276 Y53.939 E.02801
;WIDTH:0.486146
G1 X60.058 Y53.591 E.01513
;WIDTH:0.522293
G1 X59.839 Y53.243 E.01637
;WIDTH:0.543672
G1 X59.423 Y52.542 E.03396
;WIDTH:0.568999
G1 X58.997 Y51.71 E.04089
;WIDTH:0.588597
G1 X58.696 Y51.039 E.03337
;WIDTH:0.59988
G1 X58.398 Y50.278 E.03786
M73 P95 R0
G1 X58.126 Y49.484 E.03883
;WIDTH:0.588214
G1 X57.858 Y48.518 E.04549
;WIDTH:0.560639
G1 X57.707 Y47.843 E.02978
;WIDTH:0.54159
G1 X57.561 Y46.941 E.03787
;WIDTH:0.515836
G1 X57.511 Y46.607 E.01328
;WIDTH:0.482918
G1 X57.461 Y46.273 E.01235
;WIDTH:0.449999
G1 X57.424 Y45.445 E.02805
G1 X57.432 Y44.842 E.02043
G1 X60.94 Y44.983 E.11884
M204 S10000
G1 E-.8 F1800
G1 X62.142 Y52.234 Z31.8 F7200
G1 Z31.4
G1 E.8 F1800
M204 S500
G1 F965
G1 X60.574 Y53.138 E.06126
;WIDTH:0.482917
G1 X60.463 Y53.111 E.00419
;WIDTH:0.515835
G1 X60.352 Y53.084 E.0045
;WIDTH:0.541591
G1 X59.924 Y52.326 E.03613
;WIDTH:0.562458
G1 X59.565 Y51.59 E.03536
;WIDTH:0.588358
G1 X59.248 Y50.835 E.03713
;WIDTH:0.59988
G1 X58.693 Y49.325 E.07451
;WIDTH:0.588595
G1 X58.451 Y48.55 E.03685
;WIDTH:0.569792
G1 X58.246 Y47.776 E.03506
;WIDTH:0.54159
G1 X58.094 Y47.006 E.03253
;WIDTH:0.522296
G1 X58.074 Y46.89 E.00472
;WIDTH:0.515836
G1 X58.165 Y46.789 E.00532
;WIDTH:0.482918
G1 X58.256 Y46.689 E.00495
;WIDTH:0.449999
G1 X59.915 Y46.391 E.05706
G1 X60.006 Y46.398 E.00309
G1 X60.125 Y46.533 E.0061
G1 X60.278 Y47.262 E.02521
G1 X60.461 Y47.934 E.02358
G1 X60.683 Y48.597 E.02369
G1 X61.233 Y50.093 E.05394
G1 X61.494 Y50.742 E.02369
G1 X61.79 Y51.373 E.02358
G1 X62.146 Y52.027 E.02521
G1 X62.143 Y52.194 E.00565
M204 S10000
G1 X62.581 Y51.857 F7200
M204 S1500
;TYPE:Inner wall
;WIDTH:0.525716
G1 F965
G1 X62.553 Y51.806 E.00234
;WIDTH:0.518218
G1 X62.366 Y51.491 E.01448
;WIDTH:0.492148
G1 X62.18 Y51.175 E.01368
;WIDTH:0.466078
G1 X61.872 Y50.578 E.02365
;WIDTH:0.417212
G1 X61.723 Y50.238 E.01156
;WIDTH:0.391722
G1 X61.573 Y49.898 E.01077
;WIDTH:0.366232
G1 X61.303 Y49.196 E.02022
;WIDTH:0.373904
G1 X61.034 Y48.415 E.02272
;WIDTH:0.418946
G1 X60.844 Y47.769 E.02105
;WIDTH:0.444706
G1 X60.758 Y47.385 E.01315
;WIDTH:0.470466
G1 X60.672 Y47.001 E.014
;WIDTH:0.495993
G1 X60.626 Y46.719 E.01076
;WIDTH:0.52152
G1 X60.58 Y46.437 E.01137
M204 S10000
G1 E-.8 F1800
G1 X58.352 Y45.719 Z31.8 F7200
G1 Z31.4
G1 E.8 F1800
M204 S500
;TYPE:Internal solid infill
;WIDTH:0.541216
G1 F965
G1 X58.29 Y45.719 E.00258
G1 X58.258 Y45.773 E.00258
G1 X58.29 Y45.827 E.00258
G1 X58.352 Y45.827 E.00258
G1 X58.363 Y45.808 E.00092
M204 S10000
G1 E-.8 F1800
G1 X61.022 Y52.962 Z31.8 F7200
G1 X61.304 Y53.722 Z31.8
G1 Z31.4
G1 E.8 F1800
M204 S500
;WIDTH:0.552684
G1 F965
G1 X61.241 Y53.722 E.0027
G1 X61.209 Y53.777 E.0027
G1 X61.241 Y53.832 E.0027
G1 X61.304 Y53.832 E.0027
G1 X61.316 Y53.812 E.00101
; stop printing object fidget-finger-massager-2000-roller_round.stl id:15 copy 0
;LAYER_CHANGE
;Z:31.6
;HEIGHT:0.200001
G92 E0
;_SET_FAN_SPEED_CHANGING_LAYER
; printing object fidget-finger-massager-2000-roller_round.stl id:15 copy 0
M204 S10000
G1 E-.8 F1800
G1 X60.578 Y46.438 Z32 F7200
G1 Z31.6
G1 E.8 F1800
M204 S1500
;TYPE:Inner wall
;WIDTH:0.533319
G1 F965
G1 X60.539 Y46.295 E.00602
;WIDTH:0.558757
G1 X60.162 Y45.941 E.02218
G1 X59.831 Y45.926 E.01419
;WIDTH:0.536647
G1 X58.93 Y46.117 E.03783
;WIDTH:0.493323
G1 X58.028 Y46.307 E.03451
;WIDTH:0.449999
G1 X57.915 Y46.509 E.00785
G1 X57.868 Y45.79 E.02438
G1 X57.855 Y45.288 E.01702
G1 X58.349 Y45.308 E.01675
;WIDTH:0.493323
G1 X58.967 Y45.351 E.0232
;WIDTH:0.536647
G1 X59.585 Y45.395 E.02543
;WIDTH:0.558757
G1 X60.493 Y45.449 E.03902
G1 X60.503 Y45.682 E.01001
G1 X60.574 Y46.398 E.03086
M204 S10000
G1 E-.8 F1800
G1 X62.58 Y52.298 Z32 F7200
G1 Z31.6
G1 E.8 F1800
M204 S1500
;WIDTH:0.558758
G1 F965
G1 X62.626 Y51.981 E.01373
;WIDTH:0.536865
G1 X62.581 Y51.857 E.00543
G1 X62.651 Y51.97 E.00546
;WIDTH:0.558758
G1 X63.129 Y52.615 E.03441
G1 X62.618 Y53.091 E.02996
;WIDTH:0.550487
G1 X62.157 Y53.547 E.02739
;WIDTH:0.516991
G1 X61.695 Y54.004 E.02558
;WIDTH:0.483495
G1 X61.234 Y54.46 E.02377
;WIDTH:0.449999
G1 X60.908 Y54.055 E.0176
G1 X60.494 Y53.501 E.02338
G1 X60.681 Y53.553 E.00657
G1 X61.04 Y53.371 E.01363
;WIDTH:0.483495
G1 X61.466 Y53.142 E.01771
;WIDTH:0.516991
G1 X61.892 Y52.914 E.01906
;WIDTH:0.550487
G1 X62.318 Y52.685 E.0204
;WIDTH:0.558758
G1 X62.557 Y52.454 E.01426
G1 X62.575 Y52.338 E.00506
M204 S10000
G1 E-.8 F1800
G1 X60.98 Y44.985 Z32 F7200
G1 Z31.6
G1 E.8 F1800
M204 S500
;TYPE:Outer wall
;WIDTH:0.449999
G1 F965
G1 X60.985 Y45.654 E.02264
G1 X61.037 Y46.381 E.02467
G1 X61.132 Y47.077 E.02379
G1 X61.254 Y47.71 E.02183
G1 X61.435 Y48.403 E.02423
G1 X61.665 Y49.093 E.02461
G1 X61.966 Y49.825 E.0268
G1 X62.253 Y50.419 E.02233
G1 X62.624 Y51.072 E.02543
G1 X63.027 Y51.686 E.02486
G1 X63.47 Y52.272 E.02486
G1 X63.8 Y52.653 E.01704
G1 X61.19 Y55.06 E.12019
G1 X60.783 Y54.593 E.02097
G1 X60.276 Y53.939 E.02801
;WIDTH:0.486146
G1 X60.058 Y53.591 E.01513
;WIDTH:0.522293
G1 X59.839 Y53.243 E.01637
;WIDTH:0.543755
G1 X59.423 Y52.541 E.03403
;WIDTH:0.568579
G1 X59.003 Y51.724 E.04014
;WIDTH:0.588606
G1 X58.696 Y51.039 E.03405
;WIDTH:0.59988
G1 X58.398 Y50.278 E.03786
G1 X58.128 Y49.49 E.03858
;WIDTH:0.588345
G1 X57.893 Y48.672 E.03859
;WIDTH:0.564858
G1 X57.707 Y47.843 E.03687
;WIDTH:0.541571
G1 X57.561 Y46.941 E.03787
;WIDTH:0.515835
G1 X57.511 Y46.607 E.01328
;WIDTH:0.482917
G1 X57.461 Y46.273 E.01235
;WIDTH:0.449999
G1 X57.424 Y45.445 E.02805
G1 X57.432 Y44.842 E.02043
G1 X60.94 Y44.983 E.11884
M204 S10000
G1 E-.8 F1800
G1 X62.142 Y52.234 Z32 F7200
G1 Z31.6
G1 E.8 F1800
M204 S500
G1 F965
G1 X60.574 Y53.138 E.06126
;WIDTH:0.482917
G1 X60.463 Y53.111 E.00419
;WIDTH:0.515834
G1 X60.352 Y53.084 E.0045
;WIDTH:0.541572
G1 X59.924 Y52.326 E.03613
;WIDTH:0.562785
G1 X59.565 Y51.59 E.03538
;WIDTH:0.588351
G1 X59.248 Y50.835 E.03712
;WIDTH:0.59988
G1 X58.693 Y49.325 E.0745
;WIDTH:0.588606
G1 X58.445 Y48.552 E.03684
;WIDTH:0.566054
G1 X58.246 Y47.778 E.03477
;WIDTH:0.541571
G1 X58.094 Y47.006 E.0326
;WIDTH:0.522295
G1 X58.074 Y46.89 E.00472
;WIDTH:0.515835
G1 X58.165 Y46.789 E.00532
;WIDTH:0.482917
G1 X58.256 Y46.689 E.00495
;WIDTH:0.449999
G1 X59.915 Y46.391 E.05706
G1 X60.006 Y46.398 E.00309
G1 X60.125 Y46.533 E.0061
G1 X60.278 Y47.262 E.02521
G1 X60.461 Y47.934 E.02358
G1 X60.683 Y48.597 E.02369
G1 X61.137 Y49.832 E.04451
G1 X61.494 Y50.743 E.03314
G1 X61.79 Y51.373 E.02355
G1 X62.146 Y52.027 E.02521
G1 X62.143 Y52.194 E.00565
M204 S10000
G1 X62.581 Y51.857 F7200
M204 S1500
;TYPE:Inner wall
;WIDTH:0.525714
G1 F965
G1 X62.553 Y51.806 E.00234
;WIDTH:0.518216
G1 X62.366 Y51.491 E.01448
;WIDTH:0.492137
G1 X62.18 Y51.175 E.01368
;WIDTH:0.466058
G1 X61.873 Y50.58 E.02356
;WIDTH:0.41731
G1 X61.685 Y50.138 E.01497
;WIDTH:0.389438
G1 X61.496 Y49.695 E.01386
;WIDTH:0.361566
G1 X61.304 Y49.199 E.0141
;WIDTH:0.37084
G1 X61.05 Y48.468 E.02109
;WIDTH:0.41906
G1 X60.843 Y47.766 E.02289
;WIDTH:0.444608
G1 X60.758 Y47.385 E.01304
;WIDTH:0.470156
G1 X60.673 Y47.005 E.01387
;WIDTH:0.518212
G1 X60.578 Y46.438 E.02272
M204 S10000
G1 E-.8 F1800
G1 X58.352 Y45.719 Z32 F7200
G1 Z31.6
G1 E.8 F1800
M204 S500
;TYPE:Internal solid infill
;WIDTH:0.541214
G1 F965
G1 X58.29 Y45.719 E.00258
G1 X58.258 Y45.773 E.00258
G1 X58.29 Y45.827 E.00258
G1 X58.352 Y45.827 E.00258
G1 X58.363 Y45.808 E.00092
M204 S10000
G1 E-.8 F1800
G1 X61.022 Y52.962 Z32 F7200
G1 X61.304 Y53.722 Z32
G1 Z31.6
G1 E.8 F1800
M204 S500
;WIDTH:0.552682
G1 F965
G1 X61.24 Y53.722 E.0027
G1 X61.209 Y53.777 E.0027
G1 X61.24 Y53.832 E.0027
G1 X61.304 Y53.832 E.0027
G1 X61.316 Y53.812 E.00101
; stop printing object fidget-finger-massager-2000-roller_round.stl id:15 copy 0
;LAYER_CHANGE
;Z:31.8
;HEIGHT:0.199999
G92 E0
;_SET_FAN_SPEED_CHANGING_LAYER
; printing object fidget-finger-massager-2000-roller_round.stl id:15 copy 0
M204 S10000
G1 E-.8 F1800
G1 X60.578 Y46.438 Z32.2 F7200
G1 Z31.8
G1 E.8 F1800
M204 S1500
;TYPE:Inner wall
;WIDTH:0.533318
G1 F965
G1 X60.539 Y46.295 E.00602
;WIDTH:0.558758
G1 X60.162 Y45.941 E.02218
G1 X59.831 Y45.926 E.01419
;WIDTH:0.536648
G1 X58.93 Y46.117 E.03783
;WIDTH:0.493324
G1 X58.028 Y46.307 E.03451
;WIDTH:0.449999
G1 X57.915 Y46.509 E.00785
G1 X57.868 Y45.79 E.02438
G1 X57.855 Y45.288 E.01702
G1 X58.349 Y45.308 E.01675
M73 P96 R0
;WIDTH:0.493324
G1 X58.967 Y45.351 E.02319
;WIDTH:0.536648
G1 X59.585 Y45.395 E.02542
;WIDTH:0.558758
G1 X60.493 Y45.449 E.03903
G1 X60.503 Y45.682 E.01001
G1 X60.574 Y46.398 E.03086
M204 S10000
G1 E-.8 F1800
G1 X62.58 Y52.298 Z32.2 F7200
G1 Z31.8
G1 E.8 F1800
M204 S1500
;WIDTH:0.558757
G1 F965
G1 X62.626 Y51.981 E.01373
;WIDTH:0.536863
G1 X62.581 Y51.857 E.00543
G1 X62.651 Y51.97 E.00546
;WIDTH:0.558757
G1 X63.131 Y52.613 E.03439
G1 X62.618 Y53.091 E.03008
;WIDTH:0.550487
G1 X62.157 Y53.547 E.02739
;WIDTH:0.516991
G1 X61.695 Y54.004 E.02558
;WIDTH:0.483495
G1 X61.234 Y54.46 E.02377
;WIDTH:0.449999
G1 X60.908 Y54.055 E.0176
G1 X60.494 Y53.501 E.02338
G1 X60.681 Y53.553 E.00657
G1 X61.04 Y53.371 E.01363
;WIDTH:0.483495
G1 X61.466 Y53.142 E.01771
;WIDTH:0.516991
G1 X61.892 Y52.914 E.01906
;WIDTH:0.550487
G1 X62.318 Y52.685 E.0204
;WIDTH:0.558757
G1 X62.557 Y52.454 E.01426
G1 X62.575 Y52.338 E.00506
M204 S10000
G1 E-.8 F1800
G1 X60.98 Y44.985 Z32.2 F7200
G1 Z31.8
G1 E.8 F1800
M204 S500
;TYPE:Outer wall
;WIDTH:0.449999
G1 F965
G1 X60.985 Y45.654 E.02264
G1 X61.037 Y46.381 E.02467
G1 X61.132 Y47.077 E.02379
G1 X61.254 Y47.71 E.02183
G1 X61.435 Y48.401 E.02418
G1 X61.664 Y49.092 E.02463
G1 X61.947 Y49.784 E.02531
G1 X62.255 Y50.421 E.02395
G1 X62.624 Y51.072 E.02533
G1 X63.027 Y51.686 E.02486
G1 X63.441 Y52.232 E.02319
G1 X63.8 Y52.652 E.01871
G1 X61.19 Y55.06 E.12022
G1 X60.783 Y54.593 E.02097
G1 X60.276 Y53.939 E.02801
;WIDTH:0.486146
G1 X60.058 Y53.591 E.01513
;WIDTH:0.522292
G1 X59.839 Y53.243 E.01637
;WIDTH:0.543841
G1 X59.422 Y52.539 E.03411
;WIDTH:0.56816
G1 X59.009 Y51.737 E.03938
;WIDTH:0.588613
G1 X58.696 Y51.039 E.03473
;WIDTH:0.59988
G1 X58.398 Y50.278 E.03786
G1 X58.131 Y49.495 E.03831
;WIDTH:0.591244
G1 X57.893 Y48.672 E.03906
;WIDTH:0.564848
G1 X57.707 Y47.843 E.03687
;WIDTH:0.54155
G1 X57.561 Y46.941 E.03787
;WIDTH:0.515835
G1 X57.511 Y46.607 E.01328
;WIDTH:0.482917
G1 X57.461 Y46.273 E.01235
;WIDTH:0.449999
G1 X57.424 Y45.445 E.02805
G1 X57.432 Y44.842 E.02043
G1 X60.94 Y44.983 E.11884
M204 S10000
G1 E-.8 F1800
G1 X62.142 Y52.234 Z32.2 F7200
G1 Z31.8
G1 E.8 F1800
M204 S500
G1 F965
G1 X60.574 Y53.138 E.06126
;WIDTH:0.482917
G1 X60.463 Y53.111 E.00419
;WIDTH:0.515834
G1 X60.352 Y53.084 E.0045
;WIDTH:0.541551
G1 X59.924 Y52.325 E.03612
;WIDTH:0.563124
G1 X59.565 Y51.59 E.03541
;WIDTH:0.588342
G1 X59.248 Y50.835 E.03712
;WIDTH:0.59988
G1 X58.776 Y49.556 E.06316
;WIDTH:0.592059
G1 X58.446 Y48.554 E.04817
;WIDTH:0.566175
G1 X58.247 Y47.779 E.03478
;WIDTH:0.54155
G1 X58.094 Y47.006 E.03267
;WIDTH:0.522293
G1 X58.074 Y46.89 E.00472
;WIDTH:0.515835
G1 X58.165 Y46.789 E.00532
;WIDTH:0.482917
G1 X58.256 Y46.689 E.00495
;WIDTH:0.449999
G1 X59.915 Y46.391 E.05706
G1 X60.006 Y46.398 E.00309
G1 X60.125 Y46.533 E.0061
G1 X60.278 Y47.262 E.02521
G1 X60.461 Y47.934 E.02358
G1 X60.683 Y48.597 E.02369
G1 X61.233 Y50.093 E.05394
G1 X61.494 Y50.742 E.02369
G1 X61.79 Y51.373 E.02358
G1 X62.146 Y52.027 E.02521
G1 X62.143 Y52.194 E.00565
M204 S10000
G1 X62.581 Y51.857 F7200
M204 S1500
;TYPE:Inner wall
;WIDTH:0.525712
G1 F965
G1 X62.553 Y51.806 E.00234
;WIDTH:0.518216
G1 X62.366 Y51.491 E.01448
;WIDTH:0.492128
G1 X62.18 Y51.175 E.01368
;WIDTH:0.46604
G1 X61.872 Y50.578 E.02365
;WIDTH:0.41737
G1 X61.723 Y50.239 E.01152
;WIDTH:0.391896
G1 X61.575 Y49.9 E.01073
;WIDTH:0.366422
G1 X61.304 Y49.199 E.02023
;WIDTH:0.37079
G1 X61.05 Y48.468 E.02108
;WIDTH:0.419178
G1 X60.843 Y47.763 E.02299
;WIDTH:0.444667
G1 X60.758 Y47.384 E.01299
;WIDTH:0.470156
G1 X60.673 Y47.005 E.01381
;WIDTH:0.518212
G1 X60.578 Y46.438 E.02272
M204 S10000
G1 E-.8 F1800
G1 X58.352 Y45.719 Z32.2 F7200
G1 Z31.8
G1 E.8 F1800
M204 S500
;TYPE:Internal solid infill
;WIDTH:0.541216
G1 F965
G1 X58.29 Y45.719 E.00258
G1 X58.258 Y45.773 E.00258
G1 X58.29 Y45.827 E.00258
G1 X58.352 Y45.827 E.00258
G1 X58.363 Y45.808 E.00092
M204 S10000
G1 E-.8 F1800
G1 X61.022 Y52.962 Z32.2 F7200
G1 X61.304 Y53.722 Z32.2
G1 Z31.8
G1 E.8 F1800
M204 S500
;WIDTH:0.552684
G1 F965
G1 X61.241 Y53.722 E.0027
G1 X61.209 Y53.777 E.0027
G1 X61.241 Y53.832 E.0027
G1 X61.304 Y53.832 E.0027
G1 X61.316 Y53.812 E.00101
; stop printing object fidget-finger-massager-2000-roller_round.stl id:15 copy 0
;LAYER_CHANGE
;Z:32
;HEIGHT:0.200001
G92 E0
;_SET_FAN_SPEED_CHANGING_LAYER
; printing object fidget-finger-massager-2000-roller_round.stl id:15 copy 0
M204 S10000
G1 E-.8 F1800
G1 X60.578 Y46.433 Z32.4 F7200
G1 Z32
G1 E.8 F1800
M204 S1500
;TYPE:Inner wall
;WIDTH:0.538365
G1 F965
G1 X60.523 Y46.259 E.00751
;WIDTH:0.558819
G1 X60.162 Y45.941 E.02066
G1 X59.831 Y45.926 E.0142
;WIDTH:0.536675
G1 X58.93 Y46.117 E.03783
;WIDTH:0.493337
G1 X58.028 Y46.307 E.03451
;WIDTH:0.449999
G1 X57.915 Y46.509 E.00785
G1 X57.868 Y45.79 E.02438
G1 X57.855 Y45.288 E.01702
G1 X58.349 Y45.308 E.01675
;WIDTH:0.493337
G1 X58.967 Y45.351 E.02318
;WIDTH:0.536675
G1 X59.584 Y45.394 E.02541
;WIDTH:0.558819
G1 X60.493 Y45.449 E.03907
G1 X60.503 Y45.682 E.01001
G1 X60.574 Y46.393 E.03067
M204 S10000
G1 E-.8 F1800
G1 X62.58 Y52.298 Z32.4 F7200
G1 Z32
G1 E.8 F1800
M204 S1500
;WIDTH:0.558758
G1 F965
G1 X62.626 Y51.981 E.01373
;WIDTH:0.536863
G1 X62.581 Y51.857 E.00543
G1 X62.651 Y51.97 E.00546
;WIDTH:0.558758
G1 X63.129 Y52.615 E.03441
G1 X62.618 Y53.091 E.02996
;WIDTH:0.550487
G1 X62.157 Y53.547 E.02739
;WIDTH:0.516991
G1 X61.695 Y54.004 E.02558
;WIDTH:0.483495
G1 X61.234 Y54.46 E.02377
;WIDTH:0.449999
G1 X60.908 Y54.055 E.0176
G1 X60.494 Y53.501 E.02338
G1 X60.681 Y53.553 E.00657
G1 X61.04 Y53.371 E.01363
;WIDTH:0.483495
G1 X61.466 Y53.142 E.01771
;WIDTH:0.516991
G1 X61.892 Y52.914 E.01906
;WIDTH:0.550487
G1 X62.318 Y52.685 E.0204
;WIDTH:0.558758
G1 X62.557 Y52.454 E.01426
G1 X62.575 Y52.338 E.00506
M204 S10000
G1 E-.8 F1800
G1 X60.98 Y44.985 Z32.4 F7200
G1 Z32
G1 E.8 F1800
M204 S500
;TYPE:Outer wall
;WIDTH:0.449999
G1 F965
G1 X60.985 Y45.654 E.02265
G1 X61.039 Y46.378 E.02456
G1 X61.149 Y47.166 E.02696
G1 X61.255 Y47.71 E.01876
G1 X61.423 Y48.358 E.02266
G1 X61.664 Y49.092 E.02615
G1 X61.957 Y49.806 E.0261
G1 X62.256 Y50.424 E.02324
G1 X62.624 Y51.072 E.02522
G1 X63.027 Y51.686 E.02486
G1 X63.47 Y52.272 E.02486
G1 X63.8 Y52.653 E.01704
G1 X61.19 Y55.06 E.12019
G1 X60.783 Y54.593 E.02098
G1 X60.276 Y53.939 E.02801
;WIDTH:0.486145
G1 X60.058 Y53.591 E.01513
;WIDTH:0.52229
G1 X59.839 Y53.243 E.01637
;WIDTH:0.543926
G1 X59.421 Y52.537 E.03419
;WIDTH:0.567743
G1 X59.016 Y51.751 E.03862
;WIDTH:0.588622
G1 X58.696 Y51.039 E.0354
;WIDTH:0.59988
G1 X58.398 Y50.278 E.03786
G1 X58.128 Y49.49 E.03858
;WIDTH:0.58833
G1 X57.893 Y48.672 E.03859
;WIDTH:0.564831
G1 X57.707 Y47.843 E.03687
;WIDTH:0.54153
G1 X57.561 Y46.941 E.03787
;WIDTH:0.515834
G1 X57.511 Y46.607 E.01328
;WIDTH:0.482917
G1 X57.461 Y46.273 E.01235
;WIDTH:0.449999
G1 X57.424 Y45.445 E.02805
G1 X57.432 Y44.842 E.02043
G1 X60.94 Y44.983 E.11884
M204 S10000
G1 E-.8 F1800
G1 X62.142 Y52.234 Z32.4 F7200
G1 Z32
G1 E.8 F1800
M204 S500
G1 F965
G1 X60.574 Y53.138 E.06126
;WIDTH:0.482917
G1 X60.463 Y53.111 E.00419
;WIDTH:0.515835
G1 X60.352 Y53.084 E.0045
;WIDTH:0.541532
G1 X59.924 Y52.325 E.03612
;WIDTH:0.563469
G1 X59.565 Y51.59 E.03543
;WIDTH:0.588335
G1 X59.248 Y50.835 E.03712
;WIDTH:0.59988
G1 X58.693 Y49.325 E.0745
;WIDTH:0.588621
G1 X58.446 Y48.552 E.03684
;WIDTH:0.566092
G1 X58.247 Y47.781 E.03463
;WIDTH:0.54153
G1 X58.094 Y47.006 E.03274
;WIDTH:0.522292
G1 X58.074 Y46.89 E.00472
;WIDTH:0.515834
G1 X58.165 Y46.789 E.00532
;WIDTH:0.482917
G1 X58.256 Y46.689 E.00495
;WIDTH:0.449999
G1 X59.915 Y46.391 E.05706
G1 X60.006 Y46.398 E.00309
G1 X60.125 Y46.531 E.00606
G1 X60.303 Y47.351 E.02838
G1 X60.461 Y47.934 E.02045
G1 X60.683 Y48.597 E.02369
G1 X61.233 Y50.093 E.05394
G1 X61.494 Y50.742 E.02369
G1 X61.79 Y51.373 E.02358
G1 X62.146 Y52.027 E.02521
G1 X62.143 Y52.194 E.00565
M204 S10000
G1 X62.581 Y51.857 F7200
M204 S1500
;TYPE:Inner wall
;WIDTH:0.525712
G1 F965
G1 X62.553 Y51.806 E.00234
;WIDTH:0.518218
G1 X62.366 Y51.491 E.01448
;WIDTH:0.492121
G1 X62.18 Y51.175 E.01368
;WIDTH:0.466024
G1 X61.872 Y50.578 E.02365
;WIDTH:0.417436
G1 X61.592 Y49.943 E.02162
;WIDTH:0.37027
G1 X61.304 Y49.197 E.02176
;WIDTH:0.37196
G1 X61.043 Y48.445 E.02177
;WIDTH:0.419292
G1 X60.842 Y47.76 E.02234
;WIDTH:0.466724
G1 X60.674 Y47.002 E.02736
;WIDTH:0.49374
G1 X60.626 Y46.718 E.01082
;WIDTH:0.520756
G1 X60.578 Y46.433 E.01147
M204 S10000
G1 E-.8 F1800
G1 X58.352 Y45.719 Z32.4 F7200
G1 Z32
G1 E.8 F1800
M204 S500
;TYPE:Internal solid infill
;WIDTH:0.541204
G1 F965
G1 X58.29 Y45.719 E.00258
G1 X58.258 Y45.773 E.00258
G1 X58.29 Y45.827 E.00258
G1 X58.352 Y45.827 E.00258
G1 X58.363 Y45.808 E.00092
M204 S10000
G1 E-.8 F1800
G1 X61.022 Y52.962 Z32.4 F7200
G1 X61.304 Y53.722 Z32.4
G1 Z32
G1 E.8 F1800
M204 S500
;WIDTH:0.552682
G1 F965
G1 X61.241 Y53.722 E.0027
G1 X61.209 Y53.777 E.0027
G1 X61.241 Y53.832 E.0027
G1 X61.304 Y53.832 E.0027
G1 X61.316 Y53.812 E.00101
; stop printing object fidget-finger-massager-2000-roller_round.stl id:15 copy 0
;LAYER_CHANGE
;Z:32.2
;HEIGHT:0.200001
G92 E0
;_SET_FAN_SPEED_CHANGING_LAYER
; printing object fidget-finger-massager-2000-roller_round.stl id:15 copy 0
M204 S10000
G1 E-.8 F1800
G1 X60.579 Y46.437 Z32.6 F7200
G1 Z32.2
G1 E.8 F1800
M204 S1500
;TYPE:Inner wall
;WIDTH:0.537012
G1 F965
G1 X60.528 Y46.269 E.00722
;WIDTH:0.558758
G1 X60.162 Y45.941 E.02109
G1 X59.831 Y45.926 E.01419
;WIDTH:0.536648
G1 X58.93 Y46.117 E.03783
;WIDTH:0.493324
G1 X58.028 Y46.307 E.03451
;WIDTH:0.449999
G1 X57.915 Y46.509 E.00785
G1 X57.868 Y45.79 E.02438
G1 X57.855 Y45.288 E.01702
G1 X58.349 Y45.308 E.01675
;WIDTH:0.493324
G1 X58.967 Y45.351 E.02319
;WIDTH:0.536648
G1 X59.585 Y45.395 E.02542
;WIDTH:0.558758
G1 X60.493 Y45.449 E.03903
G1 X60.503 Y45.682 E.01001
G1 X60.575 Y46.398 E.03086
M204 S10000
G1 E-.8 F1800
G1 X62.58 Y52.298 Z32.6 F7200
G1 Z32.2
M73 P97 R0
G1 E.8 F1800
M204 S1500
;WIDTH:0.558759
G1 F965
G1 X62.626 Y51.981 E.01373
;WIDTH:0.536866
G1 X62.581 Y51.857 E.00543
G1 X62.651 Y51.97 E.00546
;WIDTH:0.558759
G1 X63.129 Y52.615 E.03441
G1 X62.618 Y53.091 E.02996
;WIDTH:0.550487
G1 X62.157 Y53.547 E.02739
;WIDTH:0.516991
G1 X61.695 Y54.004 E.02558
;WIDTH:0.483495
G1 X61.234 Y54.46 E.02377
;WIDTH:0.449999
G1 X60.908 Y54.055 E.0176
G1 X60.494 Y53.501 E.02338
G1 X60.681 Y53.553 E.00657
G1 X61.04 Y53.371 E.01363
;WIDTH:0.483495
G1 X61.466 Y53.142 E.01771
;WIDTH:0.516991
G1 X61.892 Y52.914 E.01906
;WIDTH:0.550487
G1 X62.318 Y52.685 E.0204
;WIDTH:0.558759
G1 X62.557 Y52.454 E.01426
G1 X62.575 Y52.338 E.00506
M204 S10000
G1 E-.8 F1800
G1 X60.98 Y44.985 Z32.6 F7200
G1 Z32.2
G1 E.8 F1800
M204 S500
;TYPE:Outer wall
;WIDTH:0.449999
G1 F965
G1 X60.985 Y45.654 E.02265
G1 X61.039 Y46.382 E.0247
G1 X61.132 Y47.077 E.02376
G1 X61.255 Y47.71 E.02183
G1 X61.434 Y48.398 E.02407
G1 X61.664 Y49.092 E.02475
G1 X61.952 Y49.797 E.02575
G1 X62.266 Y50.442 E.02429
G1 X62.624 Y51.072 E.02454
G1 X63.027 Y51.686 E.02486
G1 X63.47 Y52.272 E.02486
G1 X63.8 Y52.653 E.01704
G1 X61.19 Y55.06 E.12019
G1 X60.783 Y54.593 E.02098
G1 X60.276 Y53.939 E.02801
;WIDTH:0.486146
G1 X60.058 Y53.591 E.01513
;WIDTH:0.522292
G1 X59.839 Y53.243 E.01637
;WIDTH:0.544011
G1 X59.42 Y52.536 E.03427
;WIDTH:0.567326
G1 X59.022 Y51.764 E.03787
;WIDTH:0.588629
G1 X58.696 Y51.039 E.03608
;WIDTH:0.599881
G1 X58.398 Y50.278 E.03786
G1 X58.128 Y49.49 E.03858
;WIDTH:0.588324
G1 X57.893 Y48.672 E.03859
;WIDTH:0.564819
G1 X57.707 Y47.843 E.03687
;WIDTH:0.54151
G1 X57.561 Y46.941 E.03787
;WIDTH:0.515835
G1 X57.511 Y46.607 E.01328
;WIDTH:0.482917
G1 X57.461 Y46.273 E.01235
;WIDTH:0.449999
G1 X57.424 Y45.445 E.02805
G1 X57.432 Y44.842 E.02043
G1 X60.94 Y44.983 E.11884
M204 S10000
G1 E-.8 F1800
G1 X62.142 Y52.234 Z32.6 F7200
G1 Z32.2
G1 E.8 F1800
M204 S500
G1 F965
G1 X60.574 Y53.138 E.06126
;WIDTH:0.482917
G1 X60.463 Y53.111 E.00419
;WIDTH:0.515835
G1 X60.352 Y53.084 E.0045
;WIDTH:0.541512
G1 X59.924 Y52.325 E.03612
;WIDTH:0.563827
G1 X59.565 Y51.59 E.03545
;WIDTH:0.588326
G1 X59.248 Y50.835 E.03712
;WIDTH:0.599881
G1 X58.693 Y49.325 E.0745
;WIDTH:0.58863
G1 X58.446 Y48.553 E.03679
;WIDTH:0.56614
G1 X58.248 Y47.783 E.0346
;WIDTH:0.54151
G1 X58.094 Y47.006 E.03281
;WIDTH:0.522294
G1 X58.074 Y46.89 E.00472
;WIDTH:0.515835
G1 X58.165 Y46.789 E.00532
;WIDTH:0.482917
G1 X58.256 Y46.689 E.00495
;WIDTH:0.449999
G1 X59.915 Y46.391 E.05706
G1 X60.006 Y46.398 E.00309
G1 X60.125 Y46.533 E.0061
G1 X60.278 Y47.262 E.02521
G1 X60.461 Y47.934 E.02358
G1 X60.683 Y48.597 E.02369
G1 X61.233 Y50.092 E.05392
G1 X61.527 Y50.812 E.02631
G1 X61.79 Y51.373 E.02097
G1 X62.146 Y52.027 E.02521
G1 X62.143 Y52.194 E.00565
M204 S10000
G1 X62.581 Y51.857 F7200
M204 S1500
;TYPE:Inner wall
;WIDTH:0.525716
G1 F965
G1 X62.553 Y51.806 E.00234
;WIDTH:0.518216
G1 X62.366 Y51.491 E.01448
;WIDTH:0.49211
G1 X62.18 Y51.175 E.01368
;WIDTH:0.466004
G1 X62.031 Y50.885 E.01147
;WIDTH:0.440398
G1 X61.882 Y50.595 E.01078
;WIDTH:0.414792
G1 X61.588 Y49.933 E.02241
;WIDTH:0.36931
G1 X61.304 Y49.199 E.02136
;WIDTH:0.370688
G1 X61.05 Y48.468 E.02107
;WIDTH:0.419408
G1 X60.841 Y47.757 E.0232
;WIDTH:0.444845
G1 X60.757 Y47.38 E.01292
;WIDTH:0.470282
G1 X60.672 Y47.003 E.01373
;WIDTH:0.519572
G1 X60.579 Y46.437 E.02272
M204 S10000
G1 E-.8 F1800
G1 X58.352 Y45.719 Z32.6 F7200
G1 Z32.2
G1 E.8 F1800
M204 S500
;TYPE:Internal solid infill
;WIDTH:0.541214
G1 F965
G1 X58.29 Y45.719 E.00258
G1 X58.258 Y45.773 E.00258
G1 X58.29 Y45.827 E.00258
G1 X58.352 Y45.827 E.00258
G1 X58.363 Y45.808 E.00092
M204 S10000
G1 E-.8 F1800
G1 X61.022 Y52.962 Z32.6 F7200
G1 X61.304 Y53.722 Z32.6
G1 Z32.2
G1 E.8 F1800
M204 S500
;WIDTH:0.552684
G1 F965
G1 X61.24 Y53.722 E.0027
G1 X61.209 Y53.777 E.0027
G1 X61.24 Y53.832 E.0027
G1 X61.304 Y53.832 E.0027
G1 X61.316 Y53.812 E.00101
; stop printing object fidget-finger-massager-2000-roller_round.stl id:15 copy 0
;LAYER_CHANGE
;Z:32.4
;HEIGHT:0.200001
G92 E0
;_SET_FAN_SPEED_CHANGING_LAYER
; printing object fidget-finger-massager-2000-roller_round.stl id:15 copy 0
M204 S10000
G1 E-.8 F1800
G1 X60.578 Y46.438 Z32.8 F7200
G1 Z32.4
G1 E.8 F1800
M204 S1500
;TYPE:Inner wall
;WIDTH:0.533318
G1 F965
G1 X60.539 Y46.295 E.00602
;WIDTH:0.558757
G1 X60.162 Y45.941 E.02218
G1 X59.831 Y45.926 E.01419
;WIDTH:0.536647
G1 X58.93 Y46.117 E.03783
;WIDTH:0.493323
G1 X58.028 Y46.307 E.03451
;WIDTH:0.449999
G1 X57.915 Y46.509 E.00785
G1 X57.868 Y45.79 E.02438
G1 X57.855 Y45.288 E.01702
G1 X58.349 Y45.308 E.01675
;WIDTH:0.493323
G1 X58.967 Y45.351 E.0232
;WIDTH:0.536647
G1 X59.585 Y45.395 E.02543
;WIDTH:0.558757
G1 X60.493 Y45.449 E.03902
G1 X60.503 Y45.682 E.01001
G1 X60.574 Y46.398 E.03086
M204 S10000
G1 E-.8 F1800
G1 X62.58 Y52.298 Z32.8 F7200
G1 Z32.4
G1 E.8 F1800
M204 S1500
;WIDTH:0.558759
G1 F965
G1 X62.626 Y51.981 E.01373
;WIDTH:0.536864
G1 X62.581 Y51.857 E.00543
G1 X62.651 Y51.97 E.00546
;WIDTH:0.558759
G1 X63.129 Y52.614 E.0344
G1 X62.618 Y53.091 E.03
;WIDTH:0.550487
G1 X62.157 Y53.547 E.02739
;WIDTH:0.516991
G1 X61.695 Y54.004 E.02558
;WIDTH:0.483495
G1 X61.234 Y54.46 E.02377
;WIDTH:0.449999
G1 X60.908 Y54.055 E.0176
G1 X60.494 Y53.501 E.02338
G1 X60.681 Y53.553 E.00657
G1 X61.04 Y53.371 E.01363
;WIDTH:0.483495
G1 X61.466 Y53.142 E.01771
;WIDTH:0.516991
G1 X61.892 Y52.914 E.01906
;WIDTH:0.550487
G1 X62.318 Y52.685 E.0204
;WIDTH:0.558759
G1 X62.557 Y52.454 E.01426
G1 X62.575 Y52.338 E.00506
M204 S10000
G1 E-.8 F1800
G1 X60.98 Y44.985 Z32.8 F7200
G1 Z32.4
G1 E.8 F1800
M204 S500
;TYPE:Outer wall
;WIDTH:0.449999
G1 F965
G1 X60.985 Y45.654 E.02264
G1 X61.037 Y46.381 E.02467
G1 X61.132 Y47.077 E.0238
G1 X61.255 Y47.71 E.02183
G1 X61.429 Y48.379 E.02338
G1 X61.664 Y49.092 E.02542
G1 X61.946 Y49.784 E.02531
G1 X62.259 Y50.429 E.02426
G1 X62.624 Y51.072 E.02502
G1 X63.027 Y51.686 E.02486
G1 X63.46 Y52.258 E.0243
G1 X63.8 Y52.652 E.01761
G1 X61.19 Y55.06 E.1202
G1 X60.783 Y54.593 E.02098
G1 X60.276 Y53.939 E.028
;WIDTH:0.486144
G1 X60.058 Y53.591 E.01513
;WIDTH:0.522289
G1 X59.839 Y53.243 E.01637
;WIDTH:0.544097
G1 X59.419 Y52.534 E.03434
;WIDTH:0.566907
G1 X59.028 Y51.778 E.03711
;WIDTH:0.588639
G1 X58.696 Y51.039 E.03676
;WIDTH:0.599881
G1 X58.398 Y50.278 E.03786
G1 X58.128 Y49.49 E.03858
;WIDTH:0.588316
G1 X57.893 Y48.672 E.03859
;WIDTH:0.564807
G1 X57.707 Y47.843 E.03687
;WIDTH:0.54149
G1 X57.561 Y46.941 E.03787
;WIDTH:0.515835
G1 X57.511 Y46.607 E.01328
;WIDTH:0.482917
G1 X57.461 Y46.273 E.01235
;WIDTH:0.449999
G1 X57.424 Y45.445 E.02805
G1 X57.432 Y44.842 E.02043
G1 X60.94 Y44.983 E.11884
M204 S10000
G1 E-.8 F1800
G1 X62.142 Y52.234 Z32.8 F7200
G1 Z32.4
G1 E.8 F1800
M204 S500
G1 F965
G1 X60.574 Y53.138 E.06126
;WIDTH:0.482916
G1 X60.463 Y53.111 E.00419
;WIDTH:0.515833
G1 X60.352 Y53.084 E.0045
;WIDTH:0.541492
G1 X59.924 Y52.325 E.03612
;WIDTH:0.564196
G1 X59.565 Y51.59 E.03548
;WIDTH:0.588318
G1 X59.248 Y50.835 E.03712
;WIDTH:0.599881
G1 X58.693 Y49.325 E.0745
;WIDTH:0.588637
G1 X58.446 Y48.554 E.03674
;WIDTH:0.566189
G1 X58.248 Y47.784 E.03458
;WIDTH:0.54149
G1 X58.094 Y47.006 E.03288
;WIDTH:0.522292
G1 X58.074 Y46.89 E.00472
;WIDTH:0.515835
G1 X58.165 Y46.789 E.00532
;WIDTH:0.482917
G1 X58.256 Y46.689 E.00495
;WIDTH:0.449999
G1 X59.915 Y46.391 E.05706
G1 X60.006 Y46.398 E.00309
G1 X60.125 Y46.533 E.0061
G1 X60.278 Y47.262 E.02521
G1 X60.461 Y47.934 E.02358
G1 X60.683 Y48.597 E.02369
G1 X61.233 Y50.093 E.05394
G1 X61.494 Y50.742 E.02369
G1 X61.79 Y51.373 E.02358
G1 X62.146 Y52.027 E.02521
G1 X62.143 Y52.194 E.00565
M204 S10000
G1 X62.581 Y51.857 F7200
M204 S1500
;TYPE:Inner wall
;WIDTH:0.525714
G1 F965
G1 X62.553 Y51.806 E.00234
;WIDTH:0.518218
G1 X62.366 Y51.491 E.01448
;WIDTH:0.492102
G1 X62.18 Y51.175 E.01368
;WIDTH:0.465986
G1 X61.872 Y50.578 E.02365
;WIDTH:0.417592
G1 X61.724 Y50.241 E.01145
;WIDTH:0.392145
G1 X61.576 Y49.905 E.01067
;WIDTH:0.366698
G1 X61.304 Y49.198 E.0204
;WIDTH:0.370662
G1 X61.049 Y48.465 E.02113
;WIDTH:0.419526
G1 X60.84 Y47.754 E.0232
;WIDTH:0.444841
G1 X60.757 Y47.379 E.01284
;WIDTH:0.470156
G1 X60.673 Y47.005 E.01365
;WIDTH:0.518212
G1 X60.578 Y46.438 E.02272
M204 S10000
G1 E-.8 F1800
G1 X58.352 Y45.719 Z32.8 F7200
G1 Z32.4
G1 E.8 F1800
M204 S500
;TYPE:Internal solid infill
;WIDTH:0.541216
G1 F965
G1 X58.29 Y45.719 E.00258
G1 X58.258 Y45.773 E.00258
G1 X58.29 Y45.827 E.00258
G1 X58.352 Y45.827 E.00258
G1 X58.363 Y45.808 E.00092
M204 S10000
G1 E-.8 F1800
G1 X61.022 Y52.962 Z32.8 F7200
G1 X61.304 Y53.722 Z32.8
G1 Z32.4
G1 E.8 F1800
M204 S500
;WIDTH:0.552684
G1 F965
G1 X61.241 Y53.722 E.0027
G1 X61.209 Y53.777 E.0027
G1 X61.241 Y53.832 E.0027
G1 X61.304 Y53.832 E.0027
G1 X61.316 Y53.812 E.00101
; stop printing object fidget-finger-massager-2000-roller_round.stl id:15 copy 0
;LAYER_CHANGE
;Z:32.6
;HEIGHT:0.199997
G92 E0
;_SET_FAN_SPEED_CHANGING_LAYER
; printing object fidget-finger-massager-2000-roller_round.stl id:15 copy 0
M204 S10000
G1 E-.8 F1800
G1 X60.578 Y46.438 Z33 F7200
G1 Z32.6
G1 E.8 F1800
M204 S1500
;TYPE:Inner wall
;WIDTH:0.533318
G1 F965
G1 X60.539 Y46.295 E.00602
;WIDTH:0.558756
G1 X60.162 Y45.941 E.02218
G1 X59.831 Y45.926 E.01419
;WIDTH:0.536646
G1 X58.93 Y46.117 E.03783
;WIDTH:0.493323
G1 X58.028 Y46.307 E.03451
;WIDTH:0.449999
G1 X57.915 Y46.509 E.00785
G1 X57.868 Y45.79 E.02438
G1 X57.855 Y45.288 E.01702
G1 X58.349 Y45.308 E.01675
;WIDTH:0.493323
G1 X58.967 Y45.351 E.0232
;WIDTH:0.536646
G1 X59.585 Y45.395 E.02543
;WIDTH:0.558756
G1 X60.493 Y45.449 E.03902
G1 X60.503 Y45.682 E.01001
G1 X60.574 Y46.398 E.03086
M204 S10000
G1 E-.8 F1800
G1 X62.58 Y52.298 Z33 F7200
G1 Z32.6
G1 E.8 F1800
M204 S1500
;WIDTH:0.558758
G1 F965
G1 X62.626 Y51.981 E.01373
;WIDTH:0.536865
G1 X62.581 Y51.857 E.00543
G1 X62.651 Y51.97 E.00546
;WIDTH:0.558758
G1 X63.129 Y52.614 E.03441
G1 X62.618 Y53.091 E.02997
;WIDTH:0.550487
G1 X62.157 Y53.547 E.02739
;WIDTH:0.516991
G1 X61.695 Y54.004 E.02558
M73 P98 R0
;WIDTH:0.483495
G1 X61.234 Y54.46 E.02377
;WIDTH:0.449999
G1 X60.908 Y54.055 E.0176
G1 X60.494 Y53.501 E.02338
G1 X60.681 Y53.553 E.00657
G1 X61.04 Y53.371 E.01363
;WIDTH:0.483495
G1 X61.466 Y53.142 E.01771
;WIDTH:0.516991
G1 X61.892 Y52.914 E.01906
;WIDTH:0.550487
G1 X62.318 Y52.685 E.0204
;WIDTH:0.558758
G1 X62.557 Y52.454 E.01426
G1 X62.575 Y52.338 E.00506
M204 S10000
G1 E-.8 F1800
G1 X60.98 Y44.985 Z33 F7200
G1 Z32.6
G1 E.8 F1800
M204 S500
;TYPE:Outer wall
;WIDTH:0.449999
G1 F965
G1 X60.985 Y45.654 E.02264
G1 X61.037 Y46.381 E.02467
G1 X61.132 Y47.077 E.0238
G1 X61.255 Y47.71 E.02183
G1 X61.432 Y48.389 E.02374
G1 X61.664 Y49.092 E.02506
G1 X61.946 Y49.784 E.0253
G1 X62.26 Y50.432 E.02437
G1 X62.624 Y51.072 E.02492
G1 X63.027 Y51.686 E.02486
G1 X63.467 Y52.267 E.02466
G1 X63.8 Y52.653 E.01724
G1 X61.19 Y55.06 E.1202
G1 X60.783 Y54.593 E.02098
G1 X60.276 Y53.939 E.028
;WIDTH:0.486145
G1 X60.058 Y53.591 E.01513
;WIDTH:0.522291
G1 X59.839 Y53.243 E.01637
;WIDTH:0.544182
G1 X59.418 Y52.533 E.03442
;WIDTH:0.566493
G1 X59.034 Y51.791 E.03637
;WIDTH:0.588645
G1 X58.696 Y51.039 E.03742
;WIDTH:0.599881
G1 X58.398 Y50.278 E.03786
G1 X58.128 Y49.49 E.03858
;WIDTH:0.588309
G1 X57.893 Y48.672 E.03859
;WIDTH:0.564795
G1 X57.707 Y47.843 E.03687
;WIDTH:0.541446
G1 X57.561 Y46.942 E.03785
;WIDTH:0.515671
G1 X57.511 Y46.607 E.01328
;WIDTH:0.482835
G1 X57.461 Y46.273 E.01236
;WIDTH:0.449999
G1 X57.424 Y45.445 E.02805
G1 X57.432 Y44.842 E.02043
G1 X60.94 Y44.983 E.11884
M204 S10000
G1 E-.8 F1800
G1 X62.142 Y52.234 Z33 F7200
G1 Z32.6
G1 E.8 F1800
M204 S500
G1 F965
G1 X60.574 Y53.138 E.06126
;WIDTH:0.482917
G1 X60.463 Y53.111 E.00419
;WIDTH:0.515834
G1 X60.352 Y53.084 E.0045
;WIDTH:0.541471
G1 X59.924 Y52.325 E.03612
;WIDTH:0.564572
G1 X59.564 Y51.59 E.0355
;WIDTH:0.58831
G1 X59.248 Y50.835 E.03712
;WIDTH:0.599881
G1 X58.693 Y49.325 E.0745
;WIDTH:0.588647
G1 X58.447 Y48.555 E.03669
;WIDTH:0.566236
G1 X58.249 Y47.788 E.03448
;WIDTH:0.541446
G1 X58.095 Y47.014 E.03271
;WIDTH:0.522495
G1 X58.074 Y46.89 E.00501
;WIDTH:0.515671
G1 X58.165 Y46.79 E.00532
;WIDTH:0.482835
G1 X58.256 Y46.689 E.00495
;WIDTH:0.449999
G1 X59.915 Y46.391 E.05706
G1 X60.006 Y46.398 E.00309
G1 X60.125 Y46.533 E.0061
G1 X60.278 Y47.262 E.02521
G1 X60.461 Y47.934 E.02358
G1 X60.683 Y48.597 E.02369
G1 X61.233 Y50.093 E.05394
G1 X61.494 Y50.742 E.02369
G1 X61.79 Y51.373 E.02358
G1 X62.146 Y52.027 E.02521
G1 X62.143 Y52.194 E.00565
M204 S10000
G1 X62.581 Y51.857 F7200
M204 S1500
;TYPE:Inner wall
;WIDTH:0.525714
G1 F965
G1 X62.553 Y51.806 E.00234
;WIDTH:0.518218
G1 X62.366 Y51.491 E.01448
;WIDTH:0.492091
G1 X62.18 Y51.175 E.01368
;WIDTH:0.465964
G1 X61.872 Y50.578 E.02365
;WIDTH:0.417662
G1 X61.726 Y50.245 E.01132
;WIDTH:0.392519
G1 X61.579 Y49.912 E.01056
;WIDTH:0.367376
G1 X61.304 Y49.198 E.02065
;WIDTH:0.370514
G1 X61.05 Y48.468 E.02105
;WIDTH:0.419642
G1 X60.84 Y47.751 E.02341
;WIDTH:0.444898
G1 X60.756 Y47.378 E.01279
;WIDTH:0.470154
G1 X60.673 Y47.005 E.01359
;WIDTH:0.518212
G1 X60.578 Y46.438 E.02272
M204 S10000
G1 E-.8 F1800
G1 X58.352 Y45.719 Z33 F7200
G1 Z32.6
G1 E.8 F1800
M204 S500
;TYPE:Internal solid infill
;WIDTH:0.54121
G1 F965
G1 X58.29 Y45.719 E.00258
G1 X58.258 Y45.773 E.00258
G1 X58.29 Y45.827 E.00258
G1 X58.352 Y45.827 E.00258
G1 X58.363 Y45.808 E.00092
M204 S10000
G1 E-.8 F1800
G1 X61.022 Y52.962 Z33 F7200
G1 X61.304 Y53.722 Z33
G1 Z32.6
G1 E.8 F1800
M204 S500
;WIDTH:0.552682
G1 F965
G1 X61.241 Y53.722 E.0027
G1 X61.209 Y53.777 E.0027
G1 X61.241 Y53.832 E.0027
G1 X61.304 Y53.832 E.0027
G1 X61.316 Y53.812 E.00101
; stop printing object fidget-finger-massager-2000-roller_round.stl id:15 copy 0
;LAYER_CHANGE
;Z:32.8
;HEIGHT:0.200001
G92 E0
;_SET_FAN_SPEED_CHANGING_LAYER
; printing object fidget-finger-massager-2000-roller_round.stl id:15 copy 0
M204 S10000
G1 E-.8 F1800
G1 X60.572 Y46.439 Z33.2 F7200
G1 Z32.8
G1 E.8 F1800
M204 S1500
;TYPE:Inner wall
;WIDTH:0.523914
G1 F962
G1 X60.533 Y46.295 E.00595
;WIDTH:0.553382
G1 X60.158 Y45.942 E.02188
G1 X59.832 Y45.928 E.01385
;WIDTH:0.532558
G1 X58.933 Y46.117 E.0374
;WIDTH:0.491279
G1 X58.034 Y46.305 E.03425
;WIDTH:0.449999
G1 X57.926 Y46.496 E.00742
G1 X57.891 Y46.037 E.01559
G1 X57.866 Y45.297 E.02503
G1 X58.356 Y45.317 E.0166
;WIDTH:0.491279
G1 X59.187 Y45.374 E.03106
;WIDTH:0.532558
G1 X60.018 Y45.432 E.03391
;WIDTH:0.553382
G1 X60.456 Y45.453 E.01862
G1 X60.494 Y45.685 E.00997
G1 X60.568 Y46.399 E.03045
M204 S10000
G1 E-.8 F1800
G1 X62.576 Y52.298 Z33.2 F7200
G1 Z32.8
G1 E.8 F1800
M204 S1500
;WIDTH:0.553387
G1 F962
G1 X62.622 Y51.984 E.01344
;WIDTH:0.527184
G1 X62.576 Y51.859 E.00538
G1 X62.645 Y51.974 E.0054
;WIDTH:0.553387
G1 X63.118 Y52.616 E.03383
G1 X62.614 Y53.085 E.02922
;WIDTH:0.545863
G1 X61.925 Y53.765 E.04048
;WIDTH:0.497931
G1 X61.236 Y54.445 E.03662
;WIDTH:0.449999
G1 X60.51 Y53.503 E.04023
G1 X60.688 Y53.551 E.00625
G1 X61.046 Y53.368 E.0136
;WIDTH:0.497931
G1 X61.681 Y53.026 E.02732
;WIDTH:0.545863
G1 X62.317 Y52.683 E.0302
;WIDTH:0.553387
G1 X62.553 Y52.456 E.01392
G1 X62.571 Y52.337 E.00508
M204 S10000
G1 E-.8 F1800
G1 X60.969 Y44.994 Z33.2 F7200
G1 Z32.8
G1 E.8 F1800
M204 S500
;TYPE:Outer wall
;WIDTH:0.449999
G1 F962
G1 X60.973 Y45.658 E.02248
G1 X61.025 Y46.383 E.0246
G1 X61.12 Y47.08 E.02382
G1 X61.243 Y47.714 E.02185
G1 X61.422 Y48.398 E.02394
G1 X61.653 Y49.096 E.02489
G1 X61.935 Y49.789 E.02533
G1 X62.25 Y50.439 E.02445
G1 X62.613 Y51.078 E.02489
G1 X63.018 Y51.693 E.02489
G1 X63.454 Y52.27 E.02449
G1 X63.786 Y52.653 E.01716
G1 X61.191 Y55.047 E.11952
G1 X60.793 Y54.586 E.02059
G1 X60.286 Y53.932 E.02804
;WIDTH:0.483161
G1 X60.066 Y53.585 E.01502
;WIDTH:0.516323
G1 X59.847 Y53.239 E.01615
;WIDTH:0.538263
G1 X59.426 Y52.528 E.03403
;WIDTH:0.560298
G1 X59.045 Y51.795 E.03552
;WIDTH:0.582674
G1 X58.704 Y51.036 E.03734
;WIDTH:0.593904
G1 X58.407 Y50.275 E.03745
G1 X58.137 Y49.487 E.03815
;WIDTH:0.582324
G1 X57.902 Y48.67 E.03814
;WIDTH:0.558807
G1 X57.716 Y47.841 E.03642
;WIDTH:0.53548
G1 X57.57 Y46.94 E.03738
;WIDTH:0.509859
G1 X57.521 Y46.606 E.0131
;WIDTH:0.479929
G1 X57.473 Y46.273 E.01226
;WIDTH:0.449999
G1 X57.436 Y45.445 E.02804
G1 X57.441 Y44.851 E.02009
G1 X60.929 Y44.992 E.11816
M204 S10000
G1 E-.8 F1800
G1 X62.141 Y52.234 Z33.2 F7200
G1 Z32.8
G1 E.8 F1800
M204 S500
G1 F962
G1 X60.576 Y53.138 E.06117
;WIDTH:0.479929
G1 X60.465 Y53.11 E.00415
;WIDTH:0.509859
G1 X60.354 Y53.082 E.00444
;WIDTH:0.535482
G1 X59.926 Y52.324 E.03567
;WIDTH:0.558808
G1 X59.567 Y51.589 E.03511
;WIDTH:0.582326
G1 X59.251 Y50.834 E.03671
;WIDTH:0.593904
G1 X58.696 Y49.324 E.07369
;WIDTH:0.582673
G1 X58.45 Y48.555 E.03623
;WIDTH:0.560297
G1 X58.252 Y47.787 E.03415
;WIDTH:0.53548
G1 X58.097 Y47.006 E.03258
;WIDTH:0.516324
G1 X58.077 Y46.89 E.00466
;WIDTH:0.509859
G1 X58.166 Y46.789 E.00521
;WIDTH:0.479929
G1 X58.256 Y46.689 E.00488
;WIDTH:0.449999
G1 X59.915 Y46.391 E.05706
G1 X60.005 Y46.397 E.00306
G1 X60.125 Y46.533 E.00613
G1 X60.278 Y47.262 E.02521
G1 X60.461 Y47.934 E.02358
G1 X60.683 Y48.597 E.02369
G1 X61.233 Y50.093 E.05394
G1 X61.494 Y50.742 E.02369
G1 X61.79 Y51.373 E.02358
G1 X62.146 Y52.027 E.02521
G1 X62.142 Y52.194 E.00566
M204 S10000
G1 X62.576 Y51.859 F7200
M204 S1500
;TYPE:Inner wall
;WIDTH:0.513676
G1 F962
G1 X62.547 Y51.809 E.00226
;WIDTH:0.506248
G1 X62.361 Y51.494 E.01412
;WIDTH:0.480126
G1 X62.175 Y51.178 E.01332
;WIDTH:0.454004
G1 X61.867 Y50.58 E.02299
;WIDTH:0.405754
G1 X61.719 Y50.245 E.01105
;WIDTH:0.380332
G1 X61.572 Y49.91 E.01028
;WIDTH:0.35491
G1 X61.299 Y49.201 E.01971
;WIDTH:0.35859
G1 X61.044 Y48.47 E.0203
;WIDTH:0.407744
G1 X60.834 Y47.751 E.02274
;WIDTH:0.432969
G1 X60.75 Y47.378 E.01239
;WIDTH:0.458194
G1 X60.667 Y47.006 E.01319
;WIDTH:0.506244
G1 X60.572 Y46.439 E.02214
M204 S10000
G1 E-.8 F1800
G1 X58.358 Y45.724 Z33.2 F7200
G1 Z32.8
G1 E.8 F1800
M204 S500
;TYPE:Internal solid infill
;WIDTH:0.530836
G1 F962
G1 X58.297 Y45.724 E.00247
G1 X58.267 Y45.777 E.00247
G1 X58.297 Y45.829 E.00247
G1 X58.358 Y45.829 E.00247
G1 X58.369 Y45.811 E.00085
M204 S10000
G1 E-.8 F1800
G1 X61.027 Y52.966 Z33.2 F7200
G1 X61.306 Y53.716 Z33.2
G1 Z32.8
G1 E.8 F1800
M204 S500
;WIDTH:0.541736
G1 F962
G1 X61.244 Y53.716 E.00259
G1 X61.213 Y53.77 E.00259
G1 X61.244 Y53.824 E.00259
G1 X61.306 Y53.824 E.00259
G1 X61.317 Y53.804 E.00093
; stop printing object fidget-finger-massager-2000-roller_round.stl id:15 copy 0
;LAYER_CHANGE
;Z:33
;HEIGHT:0.200001
G92 E0
;_SET_FAN_SPEED_CHANGING_LAYER
; printing object fidget-finger-massager-2000-roller_round.stl id:15 copy 0
M204 S10000
G1 X62.544 Y52.283 Z33 F7200
M204 S1500
;TYPE:Inner wall
;WIDTH:0.506259
G1 F921
G1 X62.552 Y52.214 E.00269
;WIDTH:0.476703
G1 X62.581 Y51.969 E.00888
;WIDTH:0.455336
G1 X62.603 Y52.002 E.00138
;WIDTH:0.480798
G1 X62.812 Y52.311 E.01358
;WIDTH:0.506259
G1 X63.02 Y52.621 E.01437
G1 X62.577 Y53.032 E.02328
;WIDTH:0.502237
G1 X61.907 Y53.673 E.03543
;WIDTH:0.476118
G1 X61.237 Y54.315 E.03341
;WIDTH:0.449999
G1 X60.618 Y53.507 E.03444
G1 X60.741 Y53.535 E.00426
G1 X61.074 Y53.351 E.01288
;WIDTH:0.476118
G1 X61.69 Y53.008 E.02541
;WIDTH:0.502237
G1 X62.306 Y52.664 E.02694
;WIDTH:0.506259
G1 X62.524 Y52.458 E.01156
G1 X62.54 Y52.323 E.00526
M204 S10000
G1 E-.8 F1800
G1 X60.482 Y46.256 Z33.4 F7200
G1 Z33
G1 E.8 F1800
M204 S1500
;WIDTH:0.506281
G1 F921
G1 X60.134 Y45.959 E.01762
G1 X59.835 Y45.948 E.01153
;WIDTH:0.493802
G1 X58.08 Y46.291 E.06704
;WIDTH:0.449999
G1 X58.004 Y46.413 E.00487
G1 X57.951 Y45.387 E.03477
G1 X58.395 Y45.405 E.01502
;WIDTH:0.493802
G1 X60.043 Y45.497 E.06189
;WIDTH:0.506281
G1 X60.407 Y45.514 E.01403
G1 X60.478 Y46.216 E.02718
M204 S10000
G1 E-.8 F1800
G1 X62.139 Y52.236 Z33.4 F7200
G1 Z33
G1 E.8 F1800
M204 S500
;TYPE:Outer wall
;WIDTH:0.449999
G1 F921
G1 X60.592 Y53.133 E.06051
;WIDTH:0.466703
G1 X60.372 Y53.07 E.00805
M73 P99 R0
;WIDTH:0.492297
G1 X59.945 Y52.314 E.03246
;WIDTH:0.51562
G1 X59.587 Y51.58 E.03212
;WIDTH:0.539137
G1 X59.271 Y50.826 E.03372
;WIDTH:0.55074
G1 X58.715 Y49.315 E.06798
;WIDTH:0.539454
G1 X58.471 Y48.552 E.03307
;WIDTH:0.517206
G1 X58.273 Y47.784 E.03126
;WIDTH:0.495169
G1 X58.119 Y47.005 E.02987
;WIDTH:0.473227
G1 X58.098 Y46.887 E.00428
;WIDTH:0.466702
G1 X58.256 Y46.689 E.00892
;WIDTH:0.449999
G1 X59.915 Y46.391 E.05706
G1 X60 Y46.396 E.0029
G1 X60.125 Y46.532 E.00626
G1 X60.261 Y47.175 E.02224
;WIDTH:0.487513
G1 X60.305 Y47.273 E.00395
;WIDTH:0.525026
G1 X60.35 Y47.37 E.00428
;WIDTH:0.56254
G1 X60.394 Y47.467 E.00461
;WIDTH:0.600053
G1 X60.438 Y47.564 E.00495
G1 X60.736 Y48.574 E.04879
;WIDTH:0.564611
G1 X61 Y49.312 E.03398
;WIDTH:0.562903
G1 X61.269 Y50.026 E.03296
;WIDTH:0.588257
G1 X61.554 Y50.707 E.0335
;WIDTH:0.600051
G1 X61.716 Y51.039 E.0171
G1 X61.755 Y51.16 E.0059
;WIDTH:0.562538
G1 X61.794 Y51.281 E.0055
;WIDTH:0.525025
G1 X61.833 Y51.402 E.0051
;WIDTH:0.487512
G1 X61.872 Y51.523 E.00471
;WIDTH:0.449999
G1 X62.146 Y52.027 E.01941
G1 X62.14 Y52.196 E.00572
M204 S10000
G1 E-.8 F1800
G1 X60.881 Y45.076 Z33.4 F7200
G1 Z33
G1 E.8 F1800
M204 S500
G1 F921
G1 X60.889 Y45.698 E.02105
G1 X60.921 Y46.242 E.01846
G1 X61.011 Y46.966 E.02468
;WIDTH:0.487513
G1 X61.014 Y47.082 E.00428
;WIDTH:0.525026
G1 X61.017 Y47.198 E.00464
;WIDTH:0.56254
G1 X61.02 Y47.313 E.00501
;WIDTH:0.600053
G1 X61.023 Y47.429 E.00537
G1 X61.093 Y47.754 E.01542
;WIDTH:0.588258
G1 X61.285 Y48.44 E.03229
;WIDTH:0.562902
G1 X61.525 Y49.145 E.03218
;WIDTH:0.56461
G1 X61.804 Y49.848 E.03283
;WIDTH:0.600051
G1 X62.249 Y50.763 E.04711
G1 X62.321 Y50.853 E.00537
;WIDTH:0.562538
G1 X62.394 Y50.943 E.00501
;WIDTH:0.525025
G1 X62.467 Y51.033 E.00464
;WIDTH:0.487512
G1 X62.54 Y51.123 E.00428
;WIDTH:0.449999
G1 X62.947 Y51.742 E.02508
G1 X63.269 Y52.168 E.01806
G1 X63.665 Y52.647 E.02105
G1 X61.197 Y54.924 E.11368
G1 X60.862 Y54.534 E.01738
G1 X60.356 Y53.881 E.02797
;WIDTH:0.473226
G1 X59.902 Y53.204 E.02918
;WIDTH:0.495169
G1 X59.482 Y52.496 E.03094
;WIDTH:0.517209
G1 X59.103 Y51.766 E.03242
;WIDTH:0.53951
G1 X58.765 Y51.013 E.03411
;WIDTH:0.55074
G1 X58.468 Y50.253 E.03446
G1 X58.198 Y49.468 E.03506
;WIDTH:0.539137
G1 X57.965 Y48.654 E.03493
;WIDTH:0.51562
G1 X57.779 Y47.829 E.03323
;WIDTH:0.492295
G1 X57.634 Y46.934 E.03388
;WIDTH:0.466702
G1 X57.559 Y46.266 E.02367
;WIDTH:0.449999
G1 X57.522 Y45.443 E.02789
G1 X57.525 Y44.941 E.01699
G1 X60.841 Y45.075 E.11232
M204 S10000
G1 E-.8 F1800
G1 X62.174 Y51.265 Z33.4 F7200
G1 Z33
G1 E.8 F1800
M204 S1500
;TYPE:Inner wall
;WIDTH:0.394435
G1 F921
G1 X62.341 Y51.547 E.0096
;WIDTH:0.419794
G1 X62.509 Y51.83 E.01029
;WIDTH:0.42672
G1 X62.536 Y51.877 E.00172
M204 S10000
G1 E-.8 F1800
G1 X60.64 Y47.095 Z33.4 F7200
G1 Z33
G1 E.8 F1800
M204 S1500
;WIDTH:0.37112
G1 F921
G1 X60.625 Y47.014 E.00226
;WIDTH:0.41991
G1 X60.53 Y46.447 E.01802
M204 S10000
G1 E-.8 F1800
G1 X58.398 Y45.771 Z33.4 F7200
G1 Z33
G1 E.8 F1800
M204 S500
;TYPE:Internal solid infill
;WIDTH:0.44525
G1 F921
G1 X58.348 Y45.771 E.00168
G1 X58.323 Y45.815 E.00168
G1 X58.348 Y45.858 E.00168
G1 X58.403 Y45.849 E.00188
M204 S10000
G1 E-.8 F1800
G1 X61.06 Y53.005 Z33.4 F7200
G1 X61.305 Y53.667 Z33.4
G1 Z33
G1 E.8 F1800
M204 S500
;WIDTH:0.449418
G1 F921
G1 X61.255 Y53.667 E.00172
G1 X61.229 Y53.711 E.00172
G1 X61.255 Y53.755 E.00172
G1 X61.311 Y53.745 E.00193
; stop printing object fidget-finger-massager-2000-roller_round.stl id:15 copy 0
M106 S255
;LAYER_CHANGE
;Z:33.2
;HEIGHT:0.200001
G92 E0
;_SET_FAN_SPEED_CHANGING_LAYER
; printing object fidget-finger-massager-2000-roller_round.stl id:15 copy 0
M204 S10000
G1 E-.8 F1800
G1 X58.498 Y46.65 Z33.6 F7200
G1 X58.336 Y46.241 Z33.6
G1 Z33.2
G1 E.8 F1800
M204 S1500
;TYPE:Inner wall
;WIDTH:0.474727
G1 F600
G1 X58.306 Y45.743 E.0179
G1 X58.539 Y45.756 E.00839
;WIDTH:0.524091
G1 X58.982 Y45.795 E.01778
;WIDTH:0.573455
G1 X59.424 Y45.835 E.0196
;WIDTH:0.622819
G1 X59.867 Y45.874 E.02143
G1 X59.357 Y45.996 E.02531
;WIDTH:0.573455
G1 X58.846 Y46.118 E.02315
;WIDTH:0.524091
G1 X58.375 Y46.231 E.0194
M204 S10000
G1 E-.8 F1800
G1 X60.343 Y53.135 Z33.6 F7200
G1 Z33.2
G1 E.8 F1800
M204 S500
;TYPE:Outer wall
;WIDTH:0.579525
G1 F600
G1 X60.132 Y52.785 E.01824
;WIDTH:0.607308
G1 X59.921 Y52.435 E.01918
;WIDTH:0.652158
G1 X59.559 Y51.732 E.04002
;WIDTH:0.697164
G1 X59.237 Y51.01 E.04302
;WIDTH:0.72419
G1 X58.948 Y50.277 E.04463
G1 X58.622 Y49.353 E.05552
;WIDTH:0.696978
G1 X58.383 Y48.573 E.04437
;WIDTH:0.653932
G1 X58.189 Y47.773 E.04183
;WIDTH:0.608472
G1 X58.034 Y46.922 E.04067
;WIDTH:0.561636
G1 X58.029 Y46.88 E.00181
M204 S10000
G1 E-.8 F1800
G1 X61.937 Y52.914 Z33.6 F7200
G1 Z33.2
G1 E.8 F1800
M204 S1500
;TYPE:Inner wall
;WIDTH:0.564141
G1 F600
G1 X61.976 Y52.894 E.0019
;WIDTH:0.606584
G1 X62.364 Y52.693 E.02048
G1 X61.992 Y53.089 E.02544
;WIDTH:0.564141
G1 X61.641 Y53.453 E.02195
;WIDTH:0.521698
G1 X61.29 Y53.818 E.02016
;WIDTH:0.479254
G1 X60.986 Y53.419 E.01819
G1 X61.199 Y53.295 E.00896
;WIDTH:0.521698
G1 X61.588 Y53.095 E.01739
;WIDTH:0.564141
G1 X61.901 Y52.932 E.01531
M204 S500
G1 X62.078 Y52.271 F7200
;TYPE:Outer wall
;WIDTH:0.453777
G1 F600
G1 X62.163 Y52.165 E.00464
;WIDTH:0.473384
G1 X62.156 Y52.022 E.00516
G1 X61.787 Y51.367 E.0269
;WIDTH:0.447889
G1 X61.48 Y50.742 E.02346
;WIDTH:0.424525
G1 X61.21 Y50.099 E.02213
;WIDTH:0.401613
G1 X60.865 Y49.182 E.02921
;WIDTH:0.402409
G1 X60.611 Y48.456 E.02298
;WIDTH:0.424513
G1 X60.447 Y47.932 E.01745
;WIDTH:0.447901
G1 X60.276 Y47.255 E.02349
;WIDTH:0.477446
G1 X60.139 Y46.53 E.02668
G1 X59.974 Y46.39 E.00781
;WIDTH:0.449999
G1 X58.256 Y46.689 E.05904
;WIDTH:0.487212
G1 X58.18 Y46.753 E.00365
;WIDTH:0.524424
G1 X58.104 Y46.816 E.00396
;WIDTH:0.561636
G1 X58.029 Y46.88 E.00426
G1 X57.989 Y46.729 E.00675
;WIDTH:0.524424
G1 X57.95 Y46.577 E.00626
;WIDTH:0.487212
G1 X57.91 Y46.426 E.00578
;WIDTH:0.449999
G1 X57.881 Y46.093 E.01132
G1 X57.842 Y45.271 E.02785
G1 X58.495 Y45.314 E.02214
G1 X60.562 Y45.377 E.07
G1 X60.565 Y45.831 E.01535
;WIDTH:0.477446
G1 X60.61 Y46.459 E.02274
G1 X60.716 Y47.17 E.02599
;WIDTH:0.447901
G1 X60.858 Y47.825 E.02258
;WIDTH:0.424513
G1 X61.04 Y48.479 E.02153
;WIDTH:0.400674
G1 X61.234 Y49.069 E.01847
;WIDTH:0.402407
G1 X61.636 Y50.082 E.03258
;WIDTH:0.424525
G1 X61.867 Y50.568 E.01707
;WIDTH:0.447889
G1 X62.183 Y51.159 E.02258
;WIDTH:0.475668
G1 X62.579 Y51.805 E.02726
G1 X63.229 Y52.618 E.03747
;WIDTH:0.449999
G1 X62.711 Y53.073 E.02335
G1 X61.227 Y54.468 E.06894
G1 X60.533 Y53.556 E.03879
;WIDTH:0.483914
G1 X60.47 Y53.416 E.00565
;WIDTH:0.517828
G1 X60.406 Y53.276 E.00608
;WIDTH:0.551742
G1 X60.343 Y53.135 E.00652
G1 X60.435 Y53.13 E.00392
;WIDTH:0.517828
G1 X60.528 Y53.125 E.00366
;WIDTH:0.483914
G1 X60.62 Y53.119 E.0034
;WIDTH:0.449999
G1 X62.043 Y52.292 E.05571
M204 S10000
G1 X62.518 Y52.561 F7200
M204 S1500
;TYPE:Inner wall
;WIDTH:0.617984
G1 F600
G1 X62.363 Y52.698 E.0099
M204 S10000
G1 E-.8 F1800
G1 X59.847 Y45.875 Z33.6 F7200
G1 Z33.2
G1 E.8 F1800
M204 S1500
;WIDTH:0.632542
G1 F600
G1 X60.051 Y45.879 E.00998
; stop printing object fidget-finger-massager-2000-roller_round.stl id:15 copy 0
G1 E-.8 F1800
M106 S0
;TYPE:Custom
M104 S0
M140 S0
M107
G28 X0 Y0
M84
M73 P100 R0
; EXECUTABLE_BLOCK_END

; filament used [mm] = 636.65
; filament used [cm3] = 1.53
; total filament used [g] = 0.00
; total filament cost = 0.00
; total layers count = 166
; estimated printing time (normal mode) = 20m 44s
; estimated first layer printing time (normal mode) = 1s

; CONFIG_BLOCK_START
; accel_to_decel_enable = 1
; accel_to_decel_factor = 50%
; activate_air_filtration = 0
; activate_chamber_temp_control = 0
; adaptive_bed_mesh_margin = 0
; adaptive_pressure_advance = 0
; adaptive_pressure_advance_bridges = 0
; adaptive_pressure_advance_model = "0,0,0\n0,0,0"
; adaptive_pressure_advance_overhangs = 0
; additional_cooling_fan_speed = 0
; align_infill_direction_to_model = 0
; alternate_extra_wall = 0
; auxiliary_fan = 0
; bbl_calib_mark_logo = 1
; bed_custom_model = 
; bed_custom_texture = 
; bed_exclude_area = 0x0
; bed_mesh_max = 99999,99999
; bed_mesh_min = -99999,-99999
; bed_mesh_probe_distance = 50,50
; bed_temperature_formula = by_highest_temp
; before_layer_change_gcode = G92 E0
; best_object_pos = 0.5,0.5
; bottom_shell_layers = 3
; bottom_shell_thickness = 0
; bottom_solid_infill_flow_ratio = 1
; bottom_surface_density = 100%
; bottom_surface_pattern = monotonic
; bridge_acceleration = 50%
; bridge_angle = 0
; bridge_density = 100%
; bridge_flow = 1
; bridge_no_support = 0
; bridge_speed = 25
; brim_ears_detection_length = 1
; brim_ears_max_angle = 125
; brim_object_gap = 0
; brim_type = auto_brim
; brim_use_efc_outline = 0
; brim_width = 0
; calib_flowrate_topinfill_special_order = 0
; chamber_temperature = 0
; change_extrusion_role_gcode = 
; change_filament_gcode = 
; close_fan_the_first_x_layers = 1
; complete_print_exhaust_fan_speed = 80
; cool_plate_temp = 35
; cool_plate_temp_initial_layer = 35
; cooling_tube_length = 5
; cooling_tube_retraction = 91.5
; counterbore_hole_bridging = none
; curr_bed_type = Cool Plate
; default_acceleration = 500
; default_filament_colour = ""
; default_jerk = 0
; default_junction_deviation = 0
; deretraction_speed = 0
; detect_narrow_internal_solid_infill = 1
; detect_overhang_wall = 1
; detect_thin_wall = 0
; different_settings_to_system = ;
; disable_m73 = 0
; dont_filter_internal_bridges = disabled
; dont_slow_down_outer_wall = 0
; draft_shield = disabled
; during_print_exhaust_fan_speed = 60
; elefant_foot_compensation = 0
; elefant_foot_compensation_layers = 1
; emit_machine_limits_to_gcode = 1
; enable_arc_fitting = 0
; enable_extra_bridge_layer = disabled
; enable_filament_ramming = 1
; enable_long_retraction_when_cut = 0
; enable_overhang_bridge_fan = 1
; enable_overhang_speed = 1
; enable_power_loss_recovery = printer_configuration
; enable_pressure_advance = 0
; enable_prime_tower = 0
; enable_support = 0
; enable_tower_interface_cooldown_during_tower = 0
; enable_tower_interface_features = 0
; enable_wrapping_detection = 0
; enforce_support_layers = 0
; eng_plate_temp = 45
; eng_plate_temp_initial_layer = 45
; ensure_vertical_shell_thickness = ensure_all
; exclude_object = 0
; extra_loading_move = -2
; extra_perimeters_on_overhangs = 0
; extra_solid_infills = 
; extruder_ams_count = 
; extruder_clearance_height_to_lid = 120
; extruder_clearance_height_to_rod = 40
; extruder_clearance_radius = 40
; extruder_colour = #F2754E
; extruder_offset = 0x0
; extruder_printable_area = 
; extruder_printable_height = 0
; extruder_type = Direct Drive
; extrusion_rate_smoothing_external_perimeter_only = 0
; fan_cooling_layer_time = 60
; fan_kickstart = 0
; fan_max_speed = 100
; fan_min_speed = 20
; fan_speedup_overhangs = 1
; fan_speedup_time = 0
; filament_adaptive_volumetric_speed = 0
; filament_adhesiveness_category = 0
; filament_change_length = 10
; filament_colour = #F2754E
; filament_cooling_final_speed = 3.4
; filament_cooling_initial_speed = 2.2
; filament_cooling_moves = 4
; filament_cost = 0
; filament_density = 0
; filament_diameter = 1.75
; filament_end_gcode = " "
; filament_extruder_variant = "Direct Drive Standard"
; filament_flow_ratio = 1
; filament_flush_temp = 0
; filament_flush_volumetric_speed = 0
; filament_ids = 
; filament_is_support = 0
; filament_loading_speed = 28
; filament_loading_speed_start = 3
; filament_map = 1
; filament_map_mode = Auto For Flush
; filament_max_volumetric_speed = 2
; filament_minimal_purge_on_wipe_tower = 15
; filament_multitool_ramming = 0
; filament_multitool_ramming_flow = 10
; filament_multitool_ramming_volume = 10
; filament_notes = ""
; filament_printable = 3
; filament_ramming_parameters = "120 100 6.6 6.8 7.2 7.6 7.9 8.2 8.7 9.4 9.9 10.0| 0.05 6.6 0.45 6.8 0.95 7.8 1.45 8.3 1.95 9.7 2.45 10 2.95 7.6 3.45 7.6 3.95 7.6 4.45 7.6 4.95 7.6"
; filament_settings_id = ""
; filament_shrink = 100%
; filament_shrinkage_compensation_z = 100%
; filament_soluble = 0
; filament_stamping_distance = 0
; filament_stamping_loading_speed = 0
; filament_start_gcode = " "
; filament_toolchange_delay = 0
; filament_tower_interface_pre_extrusion_dist = 10
; filament_tower_interface_pre_extrusion_length = 0
; filament_tower_interface_print_temp = -1
; filament_tower_interface_purge_volume = 20
; filament_tower_ironing_area = 4
; filament_type = PLA
; filament_unloading_speed = 90
; filament_unloading_speed_start = 100
; filament_vendor = (Undefined)
; file_start_gcode = 
; filename_format = {input_filename_base}_{filament_type[initial_tool]}_{print_time}.gcode
; fill_multiline = 1
; filter_out_gap_fill = 0
; first_layer_flow_ratio = 1
; first_layer_print_sequence = 0
; flush_into_infill = 0
; flush_into_objects = 0
; flush_into_support = 1
; flush_multiplier = 0.3
; flush_volumes_matrix = 0,280,280,280,280,0,280,280,280,280,0,280,280,280,280,0
; flush_volumes_vector = 140,140,140,140,140,140,140,140
; full_fan_speed_layer = 0
; fuzzy_skin = disabled_fuzzy
; fuzzy_skin_first_layer = 0
; fuzzy_skin_mode = displacement
; fuzzy_skin_noise_type = classic
; fuzzy_skin_octaves = 4
; fuzzy_skin_persistence = 0.5
; fuzzy_skin_point_distance = 0.3
; fuzzy_skin_scale = 1
; fuzzy_skin_thickness = 0.2
; gap_fill_flow_ratio = 1
; gap_fill_target = nowhere
; gap_infill_speed = 30
; gcode_add_line_number = 0
; gcode_comments = 0
; gcode_flavor = marlin
; gcode_label_objects = 1
; grab_length = 0
; has_scarf_joint_seam = 0
; head_wrap_detect_zone = 
; high_current_on_filament_swap = 0
; hole_to_polyhole = 0
; hole_to_polyhole_threshold = 0.01
; hole_to_polyhole_twisted = 1
; hot_plate_temp = 45
; hot_plate_temp_initial_layer = 45
; idle_temperature = 0
; independent_support_layer_height = 1
; infill_anchor = 400%
; infill_anchor_max = 20
; infill_combination = 0
; infill_combination_max_layer_height = 100%
; infill_direction = 45
; infill_jerk = 9
; infill_lock_depth = 1
; infill_overhang_angle = 60
; infill_shift_step = 0.4
; infill_wall_overlap = 15%
; inherits_group = ;
; initial_layer_acceleration = 300
; initial_layer_infill_speed = 60
; initial_layer_jerk = 9
; initial_layer_line_width = 0
; initial_layer_min_bead_width = 85%
; initial_layer_print_height = 0.2
; initial_layer_speed = 30
; initial_layer_travel_speed = 100%
; inner_wall_acceleration = 10000
; inner_wall_flow_ratio = 1
; inner_wall_jerk = 9
; inner_wall_line_width = 0
; inner_wall_speed = 60
; interface_shells = 0
; interlocking_beam = 0
; interlocking_beam_layer_count = 2
; interlocking_beam_width = 0.8
; interlocking_boundary_avoidance = 2
; interlocking_depth = 2
; interlocking_orientation = 22.5
; internal_bridge_angle = 0
; internal_bridge_density = 100%
; internal_bridge_fan_speed = -1
; internal_bridge_flow = 1
; internal_bridge_speed = 150%
; internal_solid_infill_acceleration = 100%
; internal_solid_infill_flow_ratio = 1
; internal_solid_infill_line_width = 0
; internal_solid_infill_pattern = monotonic
; internal_solid_infill_speed = 100
; ironing_angle = 0
; ironing_angle_fixed = 0
; ironing_fan_speed = -1
; ironing_flow = 10%
; ironing_inset = 0
; ironing_pattern = rectilinear
; ironing_spacing = 0.1
; ironing_speed = 20
; ironing_type = no ironing
; is_infill_first = 0
; lateral_lattice_angle_1 = -45
; lateral_lattice_angle_2 = 45
; layer_change_gcode = 
; layer_height = 0.2
; line_width = 0
; long_retractions_when_cut = 0
; long_retractions_when_ec = 0
; machine_end_gcode = M104 S0\nM140 S0\nM107\nG28 X0 Y0\nM84
; machine_load_filament_time = 0
; machine_max_acceleration_e = 5000,5000
; machine_max_acceleration_extruding = 1500,1250
; machine_max_acceleration_retracting = 1500,1250
; machine_max_acceleration_travel = 0,0
; machine_max_acceleration_x = 1000,1000
; machine_max_acceleration_y = 1000,1000
; machine_max_acceleration_z = 500,200
; machine_max_jerk_e = 2.5,2.5
; machine_max_jerk_x = 10,10
; machine_max_jerk_y = 10,10
; machine_max_jerk_z = 0.2,0.4
; machine_max_junction_deviation = 0.01
; machine_max_speed_e = 120,120
; machine_max_speed_x = 500,200
; machine_max_speed_y = 500,200
; machine_max_speed_z = 12,12
; machine_min_extruding_rate = 0,0
; machine_min_travel_rate = 0,0
; machine_pause_gcode = 
; machine_start_gcode = G90\nM82\nM104 S[first_layer_temperature]\nM140 S[first_layer_bed_temperature]\nG28\nG92 E0\nM190 S[first_layer_bed_temperature]\nM109 S[first_layer_temperature]\nG92 E0
; machine_tool_change_time = 0
; machine_unload_filament_time = 0
; make_overhang_printable = 0
; make_overhang_printable_angle = 55
; make_overhang_printable_hole_size = 0
; manual_filament_change = 0
; master_extruder_id = 1
; max_bridge_length = 10
; max_layer_height = 0
; max_resonance_avoidance_speed = 120
; max_travel_detour_distance = 0
; max_volumetric_extrusion_rate_slope = 0
; max_volumetric_extrusion_rate_slope_segment_length = 3
; min_bead_width = 85%
; min_feature_size = 25%
; min_layer_height = 0.07
; min_length_factor = 0.5
; min_resonance_avoidance_speed = 70
; min_skirt_length = 0
; min_width_top_surface = 300%
; minimum_sparse_infill_area = 15
; mmu_segmented_region_interlocking_depth = 0
; mmu_segmented_region_max_width = 0
; notes = 
; nozzle_diameter = 0.4
; nozzle_flush_dataset = 0
; nozzle_height = 2.5
; nozzle_hrc = 0
; nozzle_temperature = 200
; nozzle_temperature_initial_layer = 200
; nozzle_temperature_range_high = 240
; nozzle_temperature_range_low = 190
; nozzle_type = undefine
; nozzle_volume = 0
; nozzle_volume_type = Standard
; only_one_wall_first_layer = 0
; only_one_wall_top = 0
; ooze_prevention = 0
; other_layers_print_sequence = 0
; other_layers_print_sequence_nums = 0
; outer_wall_acceleration = 500
; outer_wall_flow_ratio = 1
; outer_wall_jerk = 9
; outer_wall_line_width = 0
; outer_wall_speed = 60
; overhang_1_4_speed = 0
; overhang_2_4_speed = 0
; overhang_3_4_speed = 0
; overhang_4_4_speed = 0
; overhang_fan_speed = 100
; overhang_fan_threshold = 95%
; overhang_flow_ratio = 1
; overhang_reverse = 0
; overhang_reverse_internal_only = 0
; overhang_reverse_threshold = 50%
; parking_pos_retraction = 92
; physical_extruder_map = 0
; post_process = 
; precise_outer_wall = 1
; precise_z_height = 0
; preferred_orientation = 0
; preheat_steps = 1
; preheat_time = 30
; pressure_advance = 0.02
; prime_tower_brim_width = 3
; prime_tower_enable_framework = 0
; prime_tower_flat_ironing = 0
; prime_tower_infill_gap = 150%
; prime_tower_skip_points = 1
; prime_tower_width = 60
; prime_volume = 45
; print_compatible_printers = "WEEFUN Tina 2 0.4 nozzle"
; print_extruder_id = 1
; print_extruder_variant = "Direct Drive Standard"
; print_flow_ratio = 1
; print_order = default
; print_sequence = by layer
; print_settings_id = 0.20mm Tina 2 @MyMarlin
; printable_area = 0x0,120x0,120x100,0x100
; printable_height = 100
; printer_extruder_id = 1
; printer_extruder_variant = "Direct Drive Standard"
; printer_model = WEEFUN Tina 2
; printer_notes = 
; printer_settings_id = WEEFUN Tina 2 0.4 nozzle
; printer_structure = undefine
; printer_technology = FFF
; printing_by_object_gcode = 
; purge_in_prime_tower = 1
; raft_contact_distance = 0.1
; raft_expansion = 1.5
; raft_first_layer_density = 90%
; raft_first_layer_expansion = 2
; raft_layers = 0
; reduce_crossing_wall = 0
; reduce_fan_stop_start_freq = 0
; reduce_infill_retraction = 0
; required_nozzle_HRC = 0
; resolution = 0.01
; resonance_avoidance = 0
; retract_before_wipe = 100%
; retract_length_toolchange = 10
; retract_lift_above = 0
; retract_lift_below = 0
; retract_lift_enforce = All Surfaces
; retract_restart_extra = 0
; retract_restart_extra_toolchange = 0
; retract_when_changing_layer = 0
; retraction_distances_when_cut = 18
; retraction_distances_when_ec = 10
; retraction_length = 0.8
; retraction_minimum_travel = 2
; retraction_speed = 30
; role_based_wipe_speed = 1
; scan_first_layer = 0
; scarf_angle_threshold = 155
; scarf_joint_flow_ratio = 1
; scarf_joint_speed = 100%
; scarf_overhang_threshold = 40%
; seam_gap = 10%
; seam_position = aligned
; seam_slope_conditional = 0
; seam_slope_entire_loop = 0
; seam_slope_inner_walls = 0
; seam_slope_min_length = 20
; seam_slope_start_height = 0
; seam_slope_steps = 10
; seam_slope_type = none
; set_other_flow_ratios = 0
; silent_mode = 0
; single_extruder_multi_material = 1
; single_extruder_multi_material_priming = 0
; single_loop_draft_shield = 0
; skeleton_infill_density = 25%
; skeleton_infill_line_width = 100%
; skin_infill_density = 25%
; skin_infill_depth = 2
; skin_infill_line_width = 100%
; skirt_distance = 2
; skirt_height = 1
; skirt_loops = 1
; skirt_speed = 50
; skirt_start_angle = -135
; skirt_type = combined
; slice_closing_radius = 0.049
; slicing_mode = regular
; slow_down_for_layer_cooling = 1
; slow_down_layer_time = 5
; slow_down_layers = 0
; slow_down_min_speed = 10
; slowdown_for_curled_perimeters = 1
; small_area_infill_flow_compensation = 0
; small_area_infill_flow_compensation_model = 0,0;"\n0.2,0.4444";"\n0.4,0.6145";"\n0.6,0.7059";"\n0.8,0.7619";"\n1.5,0.8571";"\n2,0.8889";"\n3,0.9231";"\n5,0.9520";"\n10,1"
; small_perimeter_speed = 50%
; small_perimeter_threshold = 0
; solid_infill_direction = 45
; solid_infill_filament = 1
; solid_infill_rotate_template = 
; sparse_infill_acceleration = 100%
; sparse_infill_density = 20%
; sparse_infill_filament = 1
; sparse_infill_flow_ratio = 1
; sparse_infill_line_width = 0
; sparse_infill_pattern = crosshatch
; sparse_infill_rotate_template = 
; sparse_infill_speed = 100
; spiral_finishing_flow_ratio = 0
; spiral_mode = 0
; spiral_mode_max_xy_smoothing = 200%
; spiral_mode_smooth = 0
; spiral_starting_flow_ratio = 0
; staggered_inner_seams = 0
; standby_temperature_delta = -5
; start_end_points = 30x-3,54x245
; supertack_plate_temp = 35
; supertack_plate_temp_initial_layer = 35
; support_air_filtration = 1
; support_angle = 0
; support_base_pattern = default
; support_base_pattern_spacing = 2.5
; support_bottom_interface_spacing = 0.5
; support_bottom_z_distance = 0.2
; support_chamber_temp_control = 1
; support_critical_regions_only = 0
; support_expansion = 0
; support_filament = 0
; support_flow_ratio = 1
; support_interface_bottom_layers = 0
; support_interface_filament = 0
; support_interface_flow_ratio = 1
; support_interface_loop_pattern = 0
; support_interface_not_for_body = 1
; support_interface_pattern = auto
; support_interface_spacing = 0.5
; support_interface_speed = 80
; support_interface_top_layers = 3
; support_ironing = 0
; support_ironing_flow = 10%
; support_ironing_pattern = rectilinear
; support_ironing_spacing = 0.1
; support_line_width = 0
; support_material_interface_fan_speed = -1
; support_multi_bed_types = 0
; support_object_first_layer_gap = 0.2
; support_object_skip_flush = 0
; support_object_xy_distance = 0.35
; support_on_build_plate_only = 0
; support_remove_small_overhang = 1
; support_speed = 80
; support_style = default
; support_threshold_angle = 30
; support_threshold_overlap = 50%
; support_top_z_distance = 0.2
; support_type = normal(auto)
; symmetric_infill_y_axis = 0
; temperature_vitrification = 100
; template_custom_gcode = 
; textured_cool_plate_temp = 40
; textured_cool_plate_temp_initial_layer = 40
; textured_plate_temp = 45
; textured_plate_temp_initial_layer = 45
; thick_bridges = 0
; thick_internal_bridges = 1
; thumbnails = 48x48/PNG,300x300/PNG
; time_cost = 0
; time_lapse_gcode = 
; timelapse_type = 0
; top_bottom_infill_wall_overlap = 25%
; top_shell_layers = 4
; top_shell_thickness = 0.6
; top_solid_infill_flow_ratio = 1
; top_surface_acceleration = 500
; top_surface_density = 100%
; top_surface_jerk = 9
; top_surface_line_width = 0
; top_surface_pattern = monotonicline
; top_surface_speed = 100
; travel_acceleration = 10000
; travel_jerk = 12
; travel_slope = 3
; travel_speed = 120
; travel_speed_z = 0
; tree_support_angle_slow = 25
; tree_support_auto_brim = 1
; tree_support_branch_angle = 40
; tree_support_branch_angle_organic = 40
; tree_support_branch_diameter = 5
; tree_support_branch_diameter_angle = 5
; tree_support_branch_diameter_organic = 2
; tree_support_branch_distance = 5
; tree_support_branch_distance_organic = 1
; tree_support_brim_width = 3
; tree_support_tip_diameter = 0.8
; tree_support_top_rate = 30%
; tree_support_wall_count = 0
; use_firmware_retraction = 0
; use_relative_e_distances = 1
; volumetric_speed_coefficients = ""
; wall_direction = auto
; wall_distribution_count = 1
; wall_filament = 1
; wall_generator = arachne
; wall_loops = 2
; wall_sequence = inner wall/outer wall
; wall_transition_angle = 10
; wall_transition_filter_deviation = 25%
; wall_transition_length = 100%
; wipe = 0
; wipe_before_external_loop = 0
; wipe_distance = 1
; wipe_on_loops = 0
; wipe_speed = 80%
; wipe_tower_bridging = 10
; wipe_tower_cone_angle = 30
; wipe_tower_extra_flow = 100%
; wipe_tower_extra_rib_length = 0
; wipe_tower_extra_spacing = 100%
; wipe_tower_filament = 0
; wipe_tower_fillet_wall = 1
; wipe_tower_max_purge_speed = 90
; wipe_tower_no_sparse_layers = 0
; wipe_tower_rib_width = 8
; wipe_tower_rotation_angle = 0
; wipe_tower_type = type2
; wipe_tower_wall_type = rectangle
; wipe_tower_x = 15.000
; wipe_tower_x = 15
; wipe_tower_y = 220.000
; wipe_tower_y = 220
; wiping_volumes_extruders = 70,70,70,70,70,70,70,70,70,70
; wrapping_detection_gcode = 
; wrapping_detection_layers = 20
; wrapping_exclude_area = 
; xy_contour_compensation = 0
; xy_hole_compensation = 0
; z_hop = 0.4
; z_hop_types = Slope Lift
; z_offset = 0
; first_layer_bed_temperature = 35
; bed_shape = 0x0,120x0,120x100,0x100
; first_layer_temperature = 200
; first_layer_height = 0.200
; CONFIG_BLOCK_END


