; HEADER_BLOCK_START
; generated by OrcaSlicer 2.3.2 on 2026-05-31 at 21:47:55
; total layer number: 20
; filament_density: 0
; filament_diameter: 1.75
; max_z_height: 4.00
; filament: 1
; HEADER_BLOCK_END

; external perimeters extrusion width = 0.45mm
; perimeters extrusion width = 0.45mm
; infill extrusion width = 0.45mm
; solid infill extrusion width = 0.45mm
; top infill extrusion width = 0.40mm

; EXECUTABLE_BLOCK_START
M73 P0 R16
M201 X1000 Y1000 Z500 E5000
M203 X500 Y500 Z12 E120
M204 P1500 R1500 T1500
M205 X10.00 Y10.00 Z0.20 E2.50 ; sets the jerk limits, mm/sec
;TYPE:Custom
G90
M82
M104 S200
M140 S35
G28
G92 E0
M190 S35
M109 S200
G92 E0
G90
G21
M83 ; use relative distances for extrusion
M106 S0
;LAYER_CHANGE
;Z:0.2
;HEIGHT:0.2
G92 E0
;_SET_FAN_SPEED_CHANGING_LAYER
M204 S300
G1 E-.8 F1800
G1 X47.559 Y37.279 F7200
G1 Z.6
G1 Z.2
G1 E.8 F1800
;TYPE:Skirt
;WIDTH:0.45
G1 F1473.913
G1 X47.838 Y36.986 E.01371
G1 X48.74 Y36.198 E.04053
G1 X50.357 Y35.023 E.06765
G1 X52.213 Y33.979 E.0721
G1 X53.307 Y33.492 E.04053
G1 X55.198 Y32.846 E.06765
G1 X56.362 Y32.562 E.04053
G1 X58.469 Y32.252 E.0721
G1 X60.467 Y32.193 E.06765
G1 X61.662 Y32.264 E.04053
G1 X63.767 Y32.589 E.07211
G1 X65.694 Y33.121 E.06765
G1 X66.815 Y33.542 E.04053
G1 X68.616 Y34.409 E.06765
G1 X69.643 Y35.023 E.04053
G1 X71.26 Y36.198 E.06765
G1 X72.827 Y37.641 E.07211
G1 X73.628 Y38.531 E.04053
G1 X74.9 Y40.24 E.0721
G1 X75.899 Y41.971 E.06765
G1 X76.744 Y43.926 E.0721
G1 X77.114 Y45.065 E.04053
G1 X77.58 Y47.144 E.0721
G1 X77.789 Y49.131 E.06765
M73 P0 R15
G1 X77.807 Y50.329 E.04053
G1 X77.657 Y52.322 E.06765
G1 X77.461 Y53.503 E.04053
G1 X76.918 Y55.562 E.0721
G1 X76.187 Y57.423 E.06765
G1 X75.185 Y59.302 E.0721
G1 X74.525 Y60.302 E.04053
G1 X73.279 Y61.864 E.06765
G1 X72.452 Y62.73 E.04053
G1 X70.947 Y64.045 E.06765
G1 X69.978 Y64.748 E.04053
G1 X68.145 Y65.834 E.0721
G1 X66.32 Y66.647 E.06765
G1 X65.186 Y67.034 E.04053
G1 X63.245 Y67.508 E.06765
G1 X61.131 Y67.77 E.0721
G1 X59.934 Y67.806 E.04053
G1 X57.939 Y67.686 E.06765
G1 X56.755 Y67.508 E.04053
G1 X54.688 Y66.995 E.0721
G1 X52.816 Y66.293 E.06765
G1 X50.922 Y65.319 E.0721
G1 X49.913 Y64.674 E.04053
G1 X48.332 Y63.452 E.06765
G1 X47.454 Y62.637 E.04053
G1 X46.035 Y61.049 E.0721
G1 X44.884 Y59.415 E.06765
G1 X44.286 Y58.378 E.04053
G1 X43.397 Y56.441 E.0721
G1 X42.78 Y54.541 E.06765
G1 X42.513 Y53.373 E.04053
G1 X42.245 Y51.393 E.06765
G1 X42.205 Y49.263 E.0721
G1 X42.295 Y48.069 E.04053
G1 X42.622 Y46.097 E.06765
G1 X43.212 Y44.051 E.0721
G1 X43.649 Y42.936 E.04053
G1 X44.543 Y41.148 E.06765
G1 X45.173 Y40.13 E.04053
G1 X46.372 Y38.531 E.06765
G1 X47.532 Y37.308 E.05704
; printing object fidget-finger-massager-2000-ring.stl id:15 copy 0
G1 E-.8 F1800
G1 X55.099 Y38.307 Z.6 F7200
G1 X71.525 Y40.475 Z.6
G1 Z.2
G1 E.8 F1800
;TYPE:Inner wall
;WIDTH:0.449999
G1 F1473.915
G1 X72.162 Y41.308 E.0355
G1 X72.703 Y42.12 E.03301
G1 X72.972 Y42.561 E.01752
G1 X73.394 Y43.35 E.03028
G1 X73.767 Y44.163 E.03028
G1 X74.127 Y45.106 E.03415
G1 X74.433 Y46.109 E.0355
G1 X74.656 Y47.063 E.03316
G1 X74.758 Y47.594 E.01829
G1 X74.875 Y48.48 E.03028
G1 X74.939 Y49.373 E.03028
G1 X74.946 Y50.354 E.03323
G1 X74.881 Y51.401 E.0355
G1 X74.745 Y52.441 E.0355
G1 X74.573 Y53.317 E.03021
G1 X74.459 Y53.804 E.01693
G1 X74.205 Y54.662 E.03028
G1 X73.877 Y55.558 E.03231
G1 X73.451 Y56.516 E.0355
G1 X72.96 Y57.443 E.0355
G1 X72.492 Y58.203 E.03021
G1 X72.199 Y58.641 E.01785
G1 X71.66 Y59.356 E.03028
G1 X71.057 Y60.06 E.03139
G1 X70.322 Y60.808 E.0355
G1 X69.538 Y61.504 E.0355
G1 X68.834 Y62.053 E.03021
G1 X68.384 Y62.377 E.01877
G1 X67.628 Y62.856 E.03028
G1 X66.841 Y63.291 E.03046
G1 X65.89 Y63.735 E.0355
G1 X64.912 Y64.113 E.0355
G1 X63.984 Y64.402 E.03291
G1 X63.499 Y64.533 E.017
G1 X62.623 Y64.716 E.03028
G1 X61.738 Y64.847 E.03028
G1 X60.714 Y64.928 E.03477
G1 X59.666 Y64.939 E.0355
G1 X58.691 Y64.885 E.03306
G1 X58.168 Y64.835 E.01777
G1 X57.284 Y64.699 E.03028
G1 X56.409 Y64.511 E.03028
G1 X55.448 Y64.236 E.03384
G1 X54.461 Y63.879 E.0355
G1 X53.563 Y63.486 E.03321
G1 X53.071 Y63.245 E.01854
G1 X52.291 Y62.807 E.03028
G1 X51.538 Y62.323 E.03028
G1 X50.756 Y61.746 E.03292
G1 X49.956 Y61.067 E.0355
G1 X49.206 Y60.334 E.0355
G1 X48.608 Y59.672 E.03022
G1 X48.281 Y59.282 E.01723
G1 X47.746 Y58.564 E.03028
G1 X47.23 Y57.772 E.032
G1 X46.719 Y56.856 E.0355
G1 X46.272 Y55.907 E.0355
G1 X45.944 Y55.077 E.03021
G1 X45.765 Y54.572 E.01815
G1 X45.517 Y53.712 E.03028
G1 X45.317 Y52.816 E.03108
G1 X45.158 Y51.779 E.0355
G1 X45.071 Y50.734 E.0355
G1 X45.054 Y49.842 E.03021
G1 X45.065 Y49.278 E.01908
G1 X45.135 Y48.386 E.03028
G1 X45.258 Y47.5 E.03028
G1 X45.471 Y46.477 E.03538
G1 X45.756 Y45.467 E.0355
G1 X46.081 Y44.55 E.03296
G1 X46.27 Y44.076 E.01726
G1 X46.649 Y43.266 E.03028
G1 X47.075 Y42.479 E.03028
G1 X47.619 Y41.619 E.03446
G1 X48.238 Y40.772 E.0355
G1 X48.867 Y40.023 E.03311
G1 X49.226 Y39.629 E.01803
G1 X49.865 Y39.004 E.03028
G1 X50.54 Y38.417 E.03028
G1 X51.329 Y37.818 E.03354
G1 X52.206 Y37.242 E.0355
G1 X53.061 Y36.758 E.03326
M73 P1 R15
G1 X53.555 Y36.504 E.0188
G1 X54.374 Y36.143 E.03028
G1 X55.212 Y35.832 E.03028
G1 X56.135 Y35.554 E.03261
G1 X57.158 Y35.321 E.0355
G1 X58.194 Y35.159 E.0355
G1 X59.083 Y35.078 E.03021
G1 X59.6 Y35.05 E.01754
G1 X60.495 Y35.052 E.03028
G1 X61.429 Y35.114 E.03169
G1 X62.468 Y35.253 E.0355
G1 X63.496 Y35.464 E.0355
G1 X64.357 Y35.699 E.03022
G1 X64.877 Y35.862 E.01846
G1 X65.714 Y36.179 E.03028
G1 X66.543 Y36.552 E.03077
G1 X67.468 Y37.047 E.0355
G1 X68.357 Y37.604 E.0355
G1 X69.081 Y38.125 E.03021
G1 X69.533 Y38.477 E.01939
G1 X70.205 Y39.068 E.03028
G1 X70.84 Y39.698 E.03028
G1 X71.498 Y40.445 E.03372
G1 X71.86 Y40.208 F7200
;TYPE:Outer wall
G1 F1473.915
G1 X72.513 Y41.061 E.03637
G1 X73.067 Y41.894 E.03388
G1 X73.35 Y42.358 E.01838
G1 X73.783 Y43.17 E.03115
G1 X74.166 Y44.007 E.03115
G1 X74.534 Y44.973 E.03502
G1 X74.848 Y46.001 E.03637
G1 X75.076 Y46.98 E.03403
G1 X75.182 Y47.536 E.01915
G1 X75.302 Y48.448 E.03115
G1 X75.367 Y49.366 E.03115
G1 X75.38 Y50.226 E.02912
G1 X75.339 Y51.146 E.03115
G1 X75.243 Y52.061 E.03115
G1 X75.092 Y52.969 E.03115
G1 X74.887 Y53.866 E.03115
G1 X74.629 Y54.75 E.03115
G1 X74.319 Y55.616 E.03115
G1 X73.957 Y56.462 E.03115
G1 X73.545 Y57.285 E.03115
G1 X73.085 Y58.082 E.03115
G1 X72.578 Y58.85 E.03115
G1 X72.026 Y59.587 E.03115
G1 X71.431 Y60.289 E.03115
G1 X70.795 Y60.954 E.03115
G1 X70.12 Y61.58 E.03115
G1 X69.41 Y62.164 E.03115
G1 X68.665 Y62.705 E.03115
G1 X67.889 Y63.201 E.03115
G1 X67.086 Y63.649 E.03115
G1 X66.256 Y64.048 E.03115
G1 X65.405 Y64.397 E.03115
G1 X64.534 Y64.695 E.03115
G1 X63.647 Y64.94 E.03115
G1 X62.747 Y65.131 E.03115
G1 X61.837 Y65.268 E.03115
G1 X60.92 Y65.351 E.03115
G1 X60 Y65.378 E.03115
G1 X59.08 Y65.351 E.03115
G1 X58.163 Y65.268 E.03115
G1 X57.253 Y65.131 E.03115
G1 X56.353 Y64.94 E.03115
G1 X55.466 Y64.695 E.03115
G1 X54.595 Y64.397 E.03115
G1 X53.744 Y64.048 E.03115
G1 X52.914 Y63.649 E.03115
G1 X52.111 Y63.201 E.03115
G1 X51.335 Y62.705 E.03115
G1 X50.59 Y62.164 E.03115
G1 X49.88 Y61.58 E.03115
G1 X49.205 Y60.954 E.03115
G1 X48.569 Y60.289 E.03115
G1 X47.974 Y59.587 E.03115
G1 X47.422 Y58.85 E.03115
G1 X46.915 Y58.082 E.03115
G1 X46.455 Y57.285 E.03115
G1 X46.043 Y56.462 E.03115
G1 X45.681 Y55.616 E.03115
G1 X45.371 Y54.75 E.03115
G1 X45.113 Y53.866 E.03115
G1 X44.908 Y52.969 E.03115
G1 X44.757 Y52.061 E.03115
G1 X44.661 Y51.146 E.03115
G1 X44.62 Y50.226 E.03115
G1 X44.633 Y49.306 E.03115
G1 X44.702 Y48.388 E.03115
G1 X44.826 Y47.476 E.03115
G1 X45.004 Y46.573 E.03115
G1 X45.235 Y45.683 E.03115
G1 X45.52 Y44.807 E.03115
G1 X45.856 Y43.951 E.03115
G1 X46.243 Y43.116 E.03115
G1 X46.679 Y42.305 E.03115
G1 X47.163 Y41.522 E.03115
G1 X47.692 Y40.77 E.03115
G1 X48.266 Y40.05 E.03115
G1 X48.882 Y39.366 E.03115
G1 X49.538 Y38.72 E.03115
G1 X50.231 Y38.115 E.03115
G1 X50.959 Y37.552 E.03115
G1 X51.719 Y37.033 E.03115
G1 X52.509 Y36.561 E.03115
G1 X53.326 Y36.137 E.03115
G1 X54.167 Y35.763 E.03115
G1 X55.028 Y35.44 E.03115
G1 X55.908 Y35.169 E.03115
G1 X56.802 Y34.95 E.03115
G1 X57.707 Y34.786 E.03115
G1 X58.621 Y34.676 E.03115
G1 X59.54 Y34.621 E.03115
G1 X60.46 Y34.621 E.03115
G1 X61.379 Y34.676 E.03115
G1 X62.293 Y34.786 E.03115
G1 X63.198 Y34.95 E.03115
G1 X64.092 Y35.169 E.03115
G1 X64.972 Y35.44 E.03115
G1 X65.833 Y35.763 E.03115
G1 X66.674 Y36.137 E.03115
G1 X67.491 Y36.561 E.03115
G1 X68.281 Y37.033 E.03115
G1 X68.992 Y37.518 E.02911
G1 X69.405 Y37.833 E.01761
G1 X69.815 Y38.154 E.01761
G1 X70.505 Y38.763 E.03115
G1 X71.158 Y39.411 E.03115
G1 X71.833 Y40.178 E.03459
G1 E-.8 F1800
G1 X64.321 Y38.829 Z.6 F7200
G1 X61.227 Y38.273 Z.6
G1 Z.2
G1 E.8 F1800
;TYPE:Inner wall
G1 F1473.915
G1 X61.799 Y38.343 E.01952
G1 X62.474 Y38.471 E.02326
G1 X63.141 Y38.636 E.02325
G1 X63.798 Y38.838 E.02325
G1 X64.273 Y39.005 E.01705
G1 X65.046 Y39.338 E.02849
G1 X65.783 Y39.719 E.02806
G1 X66.369 Y40.077 E.02326
G1 X66.935 Y40.466 E.02325
G1 X67.479 Y40.887 E.02325
G1 X67.877 Y41.22 E.0176
G1 X68.453 Y41.773 E.02702
G1 X69.018 Y42.397 E.0285
G1 X69.451 Y42.95 E.02375
G1 X69.843 Y43.513 E.02325
G1 X70.204 Y44.098 E.02325
G1 X70.532 Y44.702 E.02325
G1 X70.794 Y45.246 E.02043
G1 X71.105 Y46.028 E.02849
G1 X71.326 Y46.723 E.02468
G1 X71.495 Y47.389 E.02326
G1 X71.626 Y48.063 E.02325
G1 X71.721 Y48.743 E.02325
G1 X71.773 Y49.317 E.01951
G1 X71.792 Y50.159 E.02849
G1 X71.754 Y50.914 E.0256
G1 X71.678 Y51.597 E.02326
G1 X71.564 Y52.274 E.02325
G1 X71.412 Y52.944 E.02325
G1 X71.268 Y53.474 E.01859
G1 X70.991 Y54.269 E.02849
G1 X70.682 Y54.989 E.02652
G1 X70.369 Y55.601 E.02326
G1 X70.024 Y56.195 E.02325
G1 X69.646 Y56.769 E.02325
G1 X69.342 Y57.193 E.01766
G1 X68.805 Y57.841 E.0285
G1 X68.244 Y58.427 E.02745
G1 X67.737 Y58.89 E.02326
G1 X67.204 Y59.324 E.02325
G1 X66.649 Y59.728 E.02325
G1 X66.227 Y60.011 E.01721
G1 X65.508 Y60.423 E.02802
G1 X64.754 Y60.788 E.02837
G1 X64.115 Y61.043 E.02326
G1 X63.464 Y61.262 E.02325
G1 X62.802 Y61.444 E.02325
G1 X62.305 Y61.561 E.01729
G1 X61.517 Y61.691 E.02702
G1 X60.679 Y61.769 E.02849
G1 X59.968 Y61.785 E.02406
G1 X59.282 Y61.761 E.02325
G1 X58.598 Y61.698 E.02325
G1 X57.918 Y61.598 E.02325
G1 X57.335 Y61.484 E.02013
G1 X56.522 Y61.264 E.0285
G1 X55.825 Y61.022 E.02499
G1 X55.191 Y60.757 E.02326
G1 X54.572 Y60.458 E.02325
G1 X53.971 Y60.125 E.02325
G1 X53.488 Y59.828 E.0192
G1 X52.803 Y59.338 E.02849
G1 X52.214 Y58.85 E.02591
G1 X51.714 Y58.379 E.02326
G1 X51.24 Y57.881 E.02325
G1 X50.795 Y57.358 E.02325
G1 X50.463 Y56.932 E.01828
G1 X49.992 Y56.234 E.0285
G1 X49.597 Y55.547 E.02683
G1 X49.295 Y54.93 E.02326
G1 X49.027 Y54.298 E.02325
G1 X48.795 Y53.651 E.02325
G1 X48.64 Y53.162 E.01736
G1 X48.443 Y52.344 E.02849
G1 X48.309 Y51.535 E.02775
G1 X48.243 Y50.851 E.02326
G1 X48.215 Y50.164 E.02325
G1 X48.225 Y49.478 E.02325
G1 X48.254 Y48.949 E.01791
G1 X48.352 Y48.157 E.02702
G1 X48.512 Y47.331 E.02849
G1 X48.693 Y46.662 E.02345
G1 X48.908 Y46.01 E.02325
G1 X49.16 Y45.37 E.02325
G1 X49.36 Y44.91 E.01698
G1 X49.729 Y44.202 E.02702
G1 X50.168 Y43.484 E.02849
G1 X50.587 Y42.899 E.02437
G1 X51.018 Y42.364 E.02326
G1 X51.479 Y41.854 E.02325
G1 X51.966 Y41.37 E.02325
G1 X52.401 Y40.978 E.01982
G1 X53.064 Y40.459 E.02849
G1 X53.683 Y40.041 E.02529
G1 X54.275 Y39.693 E.02326
G1 X54.886 Y39.378 E.02325
G1 X55.513 Y39.097 E.02325
G1 X56.032 Y38.891 E.0189
G1 X56.834 Y38.636 E.02849
G1 X57.587 Y38.455 E.02622
G1 X58.264 Y38.337 E.02326
G1 X58.946 Y38.257 E.02325
G1 X59.632 Y38.215 E.02325
G1 X60.163 Y38.205 E.01797
G1 X61.003 Y38.246 E.02849
G1 X61.187 Y38.269 E.00627
G1 X61.175 Y38.698 F7200
;TYPE:Outer wall
G1 F1473.915
G1 X61.747 Y38.768 E.01951
G1 X62.392 Y38.892 E.02222
G1 X63.029 Y39.05 E.02222
G1 X63.656 Y39.243 E.02221
G1 X64.131 Y39.409 E.01705
G1 X64.876 Y39.731 E.02746
G1 X65.585 Y40.099 E.02703
G1 X66.145 Y40.442 E.02223
G1 X66.685 Y40.814 E.02222
G1 X67.204 Y41.216 E.02222
G1 X67.701 Y41.645 E.02222
G1 X68.158 Y42.084 E.02143
G1 X68.7 Y42.684 E.02738
G1 X69.113 Y43.213 E.02272
G1 X69.488 Y43.752 E.02222
G1 X69.832 Y44.311 E.02222
G1 X70.146 Y44.888 E.02222
G1 X70.409 Y45.434 E.02052
G1 X70.707 Y46.186 E.02737
G1 X70.917 Y46.852 E.02364
G1 X71.078 Y47.488 E.02222
G1 X71.203 Y48.132 E.02221
G1 X71.294 Y48.782 E.02222
G1 X71.347 Y49.359 E.01961
G1 X71.363 Y50.167 E.02736
G1 X71.326 Y50.892 E.02457
G1 X71.252 Y51.545 E.02222
G1 X71.143 Y52.192 E.02221
G1 X70.999 Y52.832 E.02222
G1 X70.855 Y53.362 E.01859
G1 X70.587 Y54.128 E.02746
G1 X70.288 Y54.819 E.02549
G1 X69.989 Y55.404 E.02223
G1 X69.659 Y55.971 E.02221
G1 X69.298 Y56.519 E.02222
G1 X68.994 Y56.943 E.01766
G1 X68.476 Y57.567 E.02746
M73 P2 R15
G1 X67.935 Y58.13 E.02641
G1 X67.45 Y58.572 E.02223
G1 X66.941 Y58.986 E.02222
G1 X66.41 Y59.372 E.02222
G1 X65.988 Y59.655 E.01718
G1 X65.294 Y60.052 E.02709
G1 X64.568 Y60.402 E.02727
G1 X63.958 Y60.644 E.02223
G1 X63.335 Y60.853 E.02222
G1 X62.703 Y61.028 E.02222
G1 X62.061 Y61.167 E.02222
G1 X61.445 Y61.268 E.02113
G1 X60.64 Y61.343 E.02738
G1 X59.96 Y61.357 E.02303
G1 X59.304 Y61.333 E.02222
G1 X58.65 Y61.273 E.02222
G1 X58.001 Y61.178 E.02222
G1 X57.415 Y61.063 E.02022
G1 X56.634 Y60.851 E.02737
G1 X55.966 Y60.617 E.02395
G1 X55.361 Y60.364 E.02222
G1 X54.77 Y60.078 E.02221
G1 X54.196 Y59.76 E.02222
G1 X53.71 Y59.461 E.01931
G1 X53.053 Y58.99 E.02735
G1 X52.488 Y58.521 E.02487
G1 X52.011 Y58.07 E.02222
G1 X51.558 Y57.594 E.02222
G1 X51.133 Y57.095 E.02222
G1 X50.801 Y56.669 E.01828
G1 X50.348 Y55.996 E.02746
G1 X49.969 Y55.334 E.0258
G1 X49.681 Y54.744 E.02223
G1 X49.425 Y54.14 E.02222
G1 X49.203 Y53.522 E.02222
G1 X49.049 Y53.033 E.01736
G1 X48.86 Y52.244 E.02746
G1 X48.732 Y51.465 E.02672
G1 X48.67 Y50.812 E.02223
G1 X48.643 Y50.156 E.02222
G1 X48.653 Y49.5 E.02222
G1 X48.699 Y48.845 E.02222
G1 X48.777 Y48.207 E.02174
G1 X48.933 Y47.413 E.02739
G1 X49.106 Y46.774 E.02241
G1 X49.313 Y46.151 E.02222
G1 X49.553 Y45.541 E.02222
G1 X49.826 Y44.944 E.02222
G1 X50.11 Y44.398 E.02083
G1 X50.533 Y43.709 E.02737
G1 X50.935 Y43.148 E.02334
G1 X51.348 Y42.638 E.02222
G1 X51.788 Y42.151 E.02222
G1 X52.253 Y41.689 E.02222
G1 X52.69 Y41.294 E.01992
G1 X53.327 Y40.797 E.02736
G1 X53.922 Y40.397 E.02426
G1 X54.488 Y40.065 E.02222
G1 X55.072 Y39.764 E.02222
G1 X55.67 Y39.495 E.02221
G1 X56.192 Y39.288 E.01901
G1 X56.963 Y39.045 E.02735
G1 X57.686 Y38.872 E.02518
G1 X58.333 Y38.76 E.02222
G1 X58.985 Y38.684 E.02222
G1 X59.64 Y38.644 E.02221
G1 X60.171 Y38.633 E.01797
G1 X60.981 Y38.674 E.02746
G1 X61.135 Y38.693 E.00524
G1 E-.8 F1800
G1 X68.686 Y37.976 Z.6 F7200
G1 Z.2
G1 E.8 F1800
;TYPE:Bottom surface
;WIDTH:0.455402
G1 F1454.609
G1 X70.622 Y39.912 E.0939
G1 X71.174 Y40.525 E.02828
G1 X71.72 Y41.21 E.03006
G1 X72.225 Y41.927 E.03006
G1 X72.502 Y42.375 E.01808
G1 X67.624 Y37.498 E.23658
G1 X67.133 Y37.203 E.01966
G1 X66.332 Y36.788 E.03095
G1 X73.199 Y43.655 E.33308
G1 X73.469 Y44.239 E.02207
G1 X73.643 Y44.684 E.01637
G1 X65.311 Y36.351 E.40417
G1 X64.734 Y36.135 E.02112
G1 X64.412 Y36.035 E.01158
G1 X73.961 Y45.585 E.46321
G1 X74.06 Y45.889 E.01095
G1 X74.193 Y46.4 E.01812
G1 X63.596 Y35.803 E.514
G1 X62.841 Y35.631 E.02655
G1 X74.361 Y47.151 E.55876
G1 X74.45 Y47.597 E.01559
G1 X74.485 Y47.859 E.00908
G1 X70.325 Y43.699 E.2018
G1 X69.804 Y42.907 E.0325
G1 X69.285 Y42.24 E.029
G1 X68.674 Y41.563 E.03127
G1 X68.058 Y40.972 E.0293
G1 X67.424 Y40.444 E.0283
G1 X66.707 Y39.927 E.0303
G1 X66.311 Y39.684 E.01595
G1 X62.132 Y35.506 E.20267
G1 X61.469 Y35.426 E.02291
G1 X65.05 Y39.007 E.17367
G1 X64.432 Y38.739 E.0231
G1 X64.073 Y38.613 E.01306
G1 X60.84 Y35.38 E.15679
G1 X60.231 Y35.355 E.0209
G1 X63.218 Y38.341 E.14485
G1 X62.764 Y38.218 E.01613
G1 X62.448 Y38.155 E.01105
G1 X59.648 Y35.355 E.1358
G1 X59.093 Y35.383 E.01907
G1 X61.739 Y38.029 E.12833
G1 X61.073 Y37.946 E.02302
G1 X58.55 Y35.424 E.12234
G1 X58.03 Y35.486 E.01799
G1 X60.458 Y37.915 E.11778
G1 X60.16 Y37.899 E.01022
G1 X59.865 Y37.905 E.01011
G1 X57.525 Y35.565 E.11352
G1 X57.031 Y35.655 E.01721
G1 X59.296 Y37.919 E.10984
G1 X58.761 Y37.968 E.01841
G1 X56.558 Y35.765 E.10685
G1 X56.09 Y35.88 E.01654
G1 X58.243 Y38.033 E.10442
G1 X57.741 Y38.114 E.01744
G1 X55.644 Y36.018 E.10169
G1 X55.202 Y36.159 E.01593
G1 X57.263 Y38.22 E.09999
G1 X56.793 Y38.333 E.0166
M73 P3 R15
G1 X54.778 Y36.318 E.09774
G1 X54.445 Y36.443 E.01218
G1 X54.358 Y36.481 E.00328
G1 X56.347 Y38.471 E.09648
G1 X55.906 Y38.613 E.0159
G1 X53.954 Y36.661 E.09467
G1 X53.555 Y36.845 E.01508
G1 X55.488 Y38.778 E.09375
G1 X55.076 Y38.949 E.01531
G1 X53.171 Y37.045 E.09239
G1 X52.867 Y37.203 E.01176
G1 X52.791 Y37.248 E.00302
G1 X54.681 Y39.138 E.09169
G1 X54.292 Y39.332 E.01492
G1 X52.426 Y37.466 E.09053
G1 X52.063 Y37.687 E.01456
G1 X53.922 Y39.545 E.09014
G1 X53.554 Y39.761 E.01462
G1 X51.717 Y37.923 E.08911
G1 X51.371 Y38.161 E.01439
G1 X53.205 Y39.995 E.08897
G1 X52.859 Y40.232 E.01439
G1 X51.042 Y38.415 E.08813
G1 X50.713 Y38.67 E.01426
G1 X52.531 Y40.488 E.08819
G1 X52.206 Y40.746 E.01424
G1 X50.401 Y38.941 E.08756
G1 X50.089 Y39.213 E.01418
G1 X51.899 Y41.022 E.08776
G1 X51.592 Y41.298 E.01417
G1 X49.792 Y39.499 E.08726
G1 X49.499 Y39.789 E.01415
G1 X51.305 Y41.595 E.0876
G1 X51.019 Y41.892 E.01415
G1 X49.217 Y40.091 E.08739
G1 X48.941 Y40.398 E.01417
G1 X50.751 Y42.208 E.08781
G1 X50.486 Y42.526 E.01421
G1 X48.675 Y40.715 E.08786
G1 X48.416 Y41.039 E.01424
G1 X50.239 Y42.863 E.08843
G1 X49.995 Y43.202 E.01434
G1 X48.166 Y41.372 E.08874
G1 X47.925 Y41.715 E.01436
G1 X49.766 Y43.557 E.08934
G1 X49.545 Y43.919 E.01455
G1 X47.69 Y42.064 E.08995
G1 X47.468 Y42.425 E.01454
G1 X49.337 Y44.294 E.09068
G1 X49.138 Y44.678 E.01484
G1 X47.252 Y42.792 E.09146
G1 X47.047 Y43.171 E.01476
G1 X48.954 Y45.077 E.09248
G1 X48.778 Y45.485 E.01521
G1 X46.848 Y43.555 E.0936
G1 X46.663 Y43.954 E.01507
G1 X48.621 Y45.911 E.09495
G1 X48.469 Y46.342 E.01568
G1 X46.484 Y44.358 E.09625
G1 X46.32 Y44.777 E.01544
G1 X48.341 Y46.798 E.09803
G1 X48.217 Y47.257 E.01631
G1 X46.163 Y45.203 E.09963
G1 X46.02 Y45.643 E.01588
G1 X48.121 Y47.744 E.10192
G1 X48.034 Y48.241 E.01728
G1 X45.887 Y46.094 E.10414
G1 X45.766 Y46.557 E.01641
G1 X47.97 Y48.76 E.10687
G1 X47.93 Y49.303 E.01869
G1 X45.661 Y47.034 E.11006
G1 X45.565 Y47.522 E.01704
G1 X47.904 Y49.861 E.11347
G1 X47.917 Y50.458 E.02046
G1 X45.491 Y48.031 E.11768
G1 X45.426 Y48.55 E.01791
G1 X47.958 Y51.081 E.12279
G1 X47.997 Y51.512 E.01485
G1 X48.034 Y51.741 E.00796
G1 X45.385 Y49.092 E.12849
G1 X45.362 Y49.653 E.01923
G1 X48.156 Y52.446 E.1355
G1 X48.337 Y53.211 E.02697
G1 X45.354 Y50.228 E.1447
G1 X45.382 Y50.839 E.02097
G1 X48.607 Y54.064 E.15642
G1 X48.915 Y54.843 E.02873
G1 X49.018 Y55.059 E.00822
G1 X45.228 Y51.268 E.18388
G1 E-.8 F1800
G1 X52.832 Y50.614 Z.6 F7200
G1 X74.771 Y48.728 Z.6
G1 Z.2
G1 E.8 F1800
G1 F1454.609
G1 X70.984 Y44.94 E.18371
G1 X71.094 Y45.17 E.00873
G1 X71.397 Y45.937 E.02829
G1 X74.62 Y49.16 E.15632
G1 X74.639 Y49.763 E.0207
G1 X71.663 Y46.786 E.14439
G1 X71.847 Y47.554 E.02709
M73 P4 R15
G1 X74.64 Y50.347 E.13547
G1 X74.615 Y50.905 E.01917
G1 X71.967 Y48.258 E.12843
G1 X72.043 Y48.916 E.02273
G1 X74.57 Y51.443 E.12258
G1 X74.514 Y51.971 E.01819
G1 X72.083 Y49.54 E.11791
G1 X72.096 Y50.136 E.02046
G1 X74.431 Y52.471 E.11325
G1 X74.34 Y52.964 E.01719
G1 X72.07 Y50.693 E.11013
G1 X72.03 Y51.237 E.01868
G1 X74.232 Y53.439 E.10682
G1 X74.112 Y53.902 E.01642
G1 X71.965 Y51.755 E.10413
G1 X71.879 Y52.252 E.0173
G1 X73.98 Y54.354 E.10193
G1 X73.834 Y54.791 E.01581
G1 X71.783 Y52.74 E.09949
G1 X71.658 Y53.198 E.0163
G1 X73.679 Y55.219 E.09803
G1 X73.512 Y55.636 E.01539
G1 X71.53 Y53.654 E.09613
G1 X71.379 Y54.086 E.01569
G1 X73.337 Y56.044 E.09501
G1 X73.291 Y56.153 E.00407
G1 X73.148 Y56.438 E.01093
G1 X71.221 Y54.511 E.09349
G1 X71.045 Y54.918 E.01522
G1 X72.954 Y56.827 E.0926
G1 X72.746 Y57.203 E.01472
G1 X70.86 Y55.317 E.09148
G1 X70.661 Y55.701 E.01484
G1 X72.532 Y57.572 E.09078
G1 X72.461 Y57.696 E.00491
G1 X72.306 Y57.93 E.0096
G1 X70.454 Y56.078 E.08985
G1 X70.231 Y56.438 E.01454
G1 X72.074 Y58.281 E.0894
G1 X71.832 Y58.622 E.01434
G1 X70.004 Y56.794 E.08864
G1 X69.76 Y57.134 E.01434
G1 X71.581 Y58.954 E.08831
G1 X71.324 Y59.281 E.01425
G1 X69.511 Y57.468 E.08791
G1 X69.247 Y57.787 E.01421
G1 X71.056 Y59.596 E.08776
G1 X70.782 Y59.906 E.01417
G1 X68.978 Y58.101 E.08752
G1 X68.692 Y58.399 E.01415
G1 X70.497 Y60.204 E.08754
G1 X70.208 Y60.498 E.01415
G1 X68.406 Y58.697 E.08737
G1 X68.1 Y58.973 E.01417
G1 X69.905 Y60.779 E.08758
G1 X69.6 Y61.057 E.01416
G1 X67.793 Y59.25 E.08769
G1 X67.466 Y59.507 E.01425
G1 X69.28 Y61.321 E.08798
G1 X68.96 Y61.584 E.01421
G1 X67.139 Y59.762 E.08834
G1 X66.792 Y59.999 E.0144
G1 X68.622 Y61.829 E.0888
G1 X68.284 Y62.075 E.01432
G1 X66.443 Y60.234 E.08931
G1 X66.075 Y60.449 E.01462
G1 X67.93 Y62.303 E.08994
G1 X67.573 Y62.53 E.0145
G1 X65.704 Y60.661 E.09065
G1 X65.316 Y60.856 E.0149
G1 X67.203 Y62.743 E.09154
G1 X66.829 Y62.952 E.01471
G1 X64.921 Y61.045 E.09251
G1 X64.509 Y61.216 E.01532
G1 X66.439 Y63.146 E.09363
G1 X66.045 Y63.336 E.01499
G1 X64.091 Y61.381 E.0948
G1 X63.649 Y61.522 E.01592
G1 X65.636 Y63.51 E.09639
G1 X65.222 Y63.679 E.01534
G1 X63.205 Y61.662 E.09786
G1 X62.733 Y61.773 E.01662
G1 X64.791 Y63.831 E.09983
G1 X64.356 Y63.98 E.01576
G1 X62.255 Y61.879 E.10191
G1 X61.754 Y61.961 E.01742
G1 X63.901 Y64.108 E.10413
G1 X63.443 Y64.233 E.0163
G1 X61.234 Y62.024 E.10713
G1 X60.7 Y62.074 E.01838
G1 X62.961 Y64.335 E.10968
G1 X62.473 Y64.43 E.01706
G1 X60.129 Y62.086 E.1137
G1 X59.799 Y62.093 E.01132
G1 X59.539 Y62.079 E.00895
G1 X61.966 Y64.506 E.11775
G1 X61.749 Y64.539 E.00754
G1 X61.443 Y64.567 E.01053
G1 X58.922 Y62.046 E.12227
G1 X58.257 Y61.964 E.023
G1 X60.908 Y64.615 E.12859
G1 X60.343 Y64.634 E.01937
G1 X57.546 Y61.836 E.1357
G1 X57.26 Y61.78 E.00999
G1 X56.774 Y61.647 E.01728
G1 X59.763 Y64.637 E.145
G1 X59.162 Y64.619 E.02063
G1 X55.921 Y61.378 E.15718
G1 X55.583 Y61.259 E.01231
M73 P5 R15
G1 X54.942 Y60.982 E.02396
G1 X58.523 Y64.564 E.17372
G1 X57.854 Y64.478 E.02313
G1 X53.677 Y60.301 E.20261
G1 X53.277 Y60.054 E.01614
G1 X52.599 Y59.567 E.02862
G1 X51.957 Y59.034 E.02862
G1 X51.309 Y58.412 E.03081
G1 X50.736 Y57.778 E.0293
G1 X50.22 Y57.117 E.02875
G1 X49.677 Y56.301 E.03362
G1 X45.514 Y52.138 E.20195
G1 X45.631 Y52.838 E.02435
G1 X57.152 Y64.359 E.55884
G1 X56.401 Y64.192 E.02639
G1 X45.803 Y53.594 E.51405
G1 X46.036 Y54.41 E.02911
G1 X55.587 Y63.961 E.46326
G1 X54.683 Y63.64 E.03288
G1 X46.354 Y55.311 E.40402
G1 X46.709 Y56.153 E.03136
G1 X46.805 Y56.346 E.00737
G1 X53.647 Y63.187 E.33185
G1 X53.253 Y62.997 E.01501
G1 X52.376 Y62.499 E.03459
G1 X47.494 Y57.618 E.23678
G1 X48.022 Y58.428 E.03317
G1 X48.548 Y59.129 E.03006
G1 X49.115 Y59.798 E.03006
G1 X49.639 Y60.346 E.02605
G1 X51.272 Y61.979 E.07917
; stop printing object fidget-finger-massager-2000-ring.stl id:15 copy 0
M106 S107
;LAYER_CHANGE
;Z:0.4
;HEIGHT:0.2
G92 E0
;_SET_FAN_SPEED_CHANGING_LAYER
M204 S500
; printing object fidget-finger-massager-2000-ring.stl id:15 copy 0
M204 S10000
G1 E-.8 F1800
G1 X53.989 Y54.846 Z.8 F7200
G1 X61.666 Y34.701 Z.8
G1 Z.4
G1 E.8 F1800
M204 S1500
;TYPE:Inner wall
;WIDTH:0.449999
G1 F1473.915
G1 X62.294 Y34.776 E.02143
G1 X63.2 Y34.941 E.03117
G1 X64.095 Y35.159 E.03117
G1 X64.972 Y35.43 E.03108
G1 X65.977 Y35.816 E.03645
G1 X66.678 Y36.129 E.02598
G1 X67.496 Y36.553 E.03117
G1 X68.286 Y37.025 E.03117
G1 X69.045 Y37.542 E.03108
G1 X69.927 Y38.24 E.03807
G1 X70.509 Y38.752 E.02624
G1 X71.163 Y39.401 E.03117
G1 X71.882 Y40.22 E.03689
G1 X72.525 Y41.066 E.03599
G1 X73.071 Y41.882 E.03321
G1 X73.356 Y42.349 E.01855
G1 X73.79 Y43.162 E.03117
G1 X74.174 Y43.999 E.03117
G1 X74.543 Y44.969 E.03514
G1 X74.858 Y46 E.03649
G1 X75.085 Y46.974 E.03388
G1 X75.191 Y47.53 E.01915
G1 X75.312 Y48.443 E.03117
G1 X75.377 Y49.361 E.03117
G1 X75.39 Y50.224 E.02919
G1 X75.333 Y51.299 E.03645
G1 X75.253 Y52.062 E.02598
G1 X75.102 Y52.971 E.03117
G1 X74.897 Y53.869 E.03117
G1 X74.639 Y54.753 E.03117
G1 X74.328 Y55.619 E.03117
G1 X73.966 Y56.466 E.03117
G1 X73.554 Y57.29 E.03117
G1 X73.094 Y58.087 E.03117
G1 X72.586 Y58.856 E.03117
G1 X72.034 Y59.593 E.03117
G1 X71.438 Y60.295 E.03117
G1 X70.802 Y60.961 E.03117
G1 X70.127 Y61.587 E.03117
G1 X69.416 Y62.172 E.03117
G1 X68.671 Y62.714 E.03117
G1 X67.895 Y63.209 E.03117
G1 X67.09 Y63.658 E.03117
G1 X66.26 Y64.057 E.03117
G1 X65.408 Y64.407 E.03117
G1 X64.537 Y64.704 E.03117
G1 X63.649 Y64.949 E.03117
G1 X62.751 Y65.14 E.03108
G1 X61.685 Y65.292 E.03645
G1 X60.92 Y65.361 E.02598
G1 X60 Y65.388 E.03117
G1 X59.08 Y65.361 E.03117
G1 X58.162 Y65.278 E.03117
G1 X57.252 Y65.141 E.03117
G1 X56.351 Y64.949 E.03117
G1 X55.463 Y64.704 E.03117
G1 X54.592 Y64.407 E.03117
G1 X53.742 Y64.058 E.03108
G1 X52.776 Y63.583 E.03645
G1 X52.105 Y63.209 E.02598
G1 X51.329 Y62.714 E.03117
G1 X50.584 Y62.172 E.03117
G1 X49.873 Y61.587 E.03117
G1 X49.198 Y60.961 E.03117
G1 X48.562 Y60.295 E.03117
G1 X47.966 Y59.593 E.03117
G1 X47.414 Y58.856 E.03117
G1 X46.906 Y58.087 E.03117
G1 X46.446 Y57.29 E.03117
G1 X46.034 Y56.466 E.03117
G1 X45.672 Y55.62 E.03117
G1 X45.361 Y54.753 E.03117
G1 X45.103 Y53.869 E.03117
G1 X44.898 Y52.971 E.03117
G1 X44.747 Y52.062 E.03117
G1 X44.651 Y51.146 E.03117
G1 X44.61 Y50.226 E.03117
G1 X44.624 Y49.308 E.03108
G1 X44.713 Y48.235 E.03645
G1 X44.816 Y47.475 E.02598
G1 X44.993 Y46.574 E.03108
G1 X45.273 Y45.534 E.03645
G1 X45.51 Y44.804 E.02598
G1 X45.847 Y43.947 E.03117
G1 X46.234 Y43.111 E.03117
G1 X46.67 Y42.3 E.03117
G1 X47.154 Y41.517 E.03117
G1 X47.683 Y40.766 E.03108
G1 X48.361 Y39.93 E.03645
G1 X48.875 Y39.359 E.02598
G1 X49.531 Y38.713 E.03117
G1 X50.224 Y38.107 E.03117
G1 X50.953 Y37.544 E.03117
G1 X51.714 Y37.025 E.03117
G1 X52.502 Y36.554 E.03108
G1 X53.462 Y36.066 E.03645
G1 X54.163 Y35.754 E.02598
G1 X55.025 Y35.43 E.03117
G1 X55.905 Y35.159 E.03117
G1 X56.8 Y34.941 E.03117
G1 X57.706 Y34.776 E.03117
G1 X58.62 Y34.666 E.03117
G1 X59.54 Y34.611 E.03117
G1 X60.46 Y34.611 E.03117
G1 X61.38 Y34.666 E.03117
G1 X61.626 Y34.696 E.00839
M204 S10000
G1 X61.717 Y34.275 F7200
M204 S250
;TYPE:Overhang wall
G1 F1473.915
M106 S255
G1 X62.358 Y34.352 E.02186
G1 X63.289 Y34.521 E.03204
G1 X64.209 Y34.746 E.03204
G1 X65.112 Y35.024 E.03201
G1 X66.141 Y35.42 E.03732
M73 P6 R15
G1 X66.864 Y35.742 E.02678
G1 X67.704 Y36.178 E.03204
G1 X68.517 Y36.664 E.03204
G1 X69.298 Y37.196 E.03201
G1 X70.165 Y37.878 E.03732
G1 X70.761 Y38.399 E.02679
G1 X71.435 Y39.063 E.03204
G1 X72.068 Y39.767 E.03204
G1 X72.658 Y40.506 E.03201
G1 X73.285 Y41.413 E.03732
G1 X73.701 Y42.086 E.02679
G1 X74.15 Y42.919 E.03204
G1 X74.548 Y43.778 E.03204
G1 X74.893 Y44.659 E.03204
G1 X75.186 Y45.56 E.03204
G1 X75.424 Y46.476 E.03204
G1 X75.607 Y47.404 E.03204
G1 X75.676 Y47.915 E.01743
G1 X75.739 Y48.411 E.01693
G1 X75.806 Y49.355 E.03203
G1 X75.819 Y50.232 E.02969
G1 X75.76 Y51.333 E.03732
G1 X75.677 Y52.12 E.02679
G1 X75.522 Y53.054 E.03204
G1 X75.312 Y53.976 E.03204
G1 X75.046 Y54.885 E.03204
G1 X74.727 Y55.776 E.03204
G1 X74.355 Y56.647 E.03204
G1 X73.932 Y57.493 E.03204
G1 X73.458 Y58.313 E.03204
G1 X72.937 Y59.103 E.03204
G1 X72.369 Y59.86 E.03204
G1 X71.757 Y60.582 E.03204
G1 X71.103 Y61.266 E.03204
G1 X70.409 Y61.91 E.03204
G1 X69.678 Y62.511 E.03204
G1 X68.912 Y63.068 E.03204
G1 X68.114 Y63.577 E.03204
G1 X67.288 Y64.038 E.03204
G1 X66.435 Y64.449 E.03204
G1 X65.559 Y64.808 E.03204
G1 X64.663 Y65.114 E.03204
G1 X63.751 Y65.366 E.03204
G1 X62.826 Y65.562 E.03201
G1 X61.734 Y65.718 E.03732
G1 X60.946 Y65.789 E.02679
G1 X60 Y65.817 E.03204
G1 X59.054 Y65.789 E.03204
G1 X58.111 Y65.704 E.03204
G1 X57.175 Y65.563 E.03204
G1 X56.249 Y65.366 E.03204
G1 X55.337 Y65.114 E.03204
G1 X54.441 Y64.808 E.03204
G1 X53.566 Y64.449 E.03201
G1 X52.577 Y63.963 E.03732
G1 X51.886 Y63.577 E.02679
G1 X51.088 Y63.068 E.03204
G1 X50.322 Y62.511 E.03204
G1 X49.591 Y61.91 E.03204
G1 X48.897 Y61.266 E.03204
G1 X48.243 Y60.582 E.03204
G1 X47.631 Y59.86 E.03204
G1 X47.063 Y59.103 E.03204
G1 X46.542 Y58.313 E.03204
G1 X46.068 Y57.493 E.03204
G1 X45.645 Y56.647 E.03204
G1 X45.273 Y55.776 E.03204
G1 X44.954 Y54.885 E.03204
G1 X44.688 Y53.976 E.03204
G1 X44.478 Y53.054 E.03204
G1 X44.323 Y52.12 E.03204
G1 X44.224 Y51.178 E.03204
G1 X44.181 Y50.233 E.03204
G1 X44.195 Y49.287 E.03201
G1 X44.287 Y48.189 E.03732
G1 X44.393 Y47.404 E.02679
G1 X44.576 Y46.477 E.03201
G1 X44.862 Y45.412 E.03732
G1 X45.107 Y44.659 E.02678
G1 X45.452 Y43.778 E.03204
G1 X45.85 Y42.919 E.03204
G1 X46.299 Y42.086 E.03204
G1 X46.796 Y41.281 E.03204
G1 X47.341 Y40.507 E.03201
G1 X48.035 Y39.651 E.03732
G1 X48.565 Y39.063 E.02679
G1 X49.239 Y38.399 E.03204
G1 X49.952 Y37.776 E.03204
G1 X50.701 Y37.197 E.03204
G1 X51.483 Y36.664 E.03204
G1 X52.295 Y36.179 E.03201
G1 X53.278 Y35.679 E.03732
G1 X54 Y35.357 E.02678
G1 X54.887 Y35.025 E.03204
G1 X55.791 Y34.746 E.03204
G1 X56.711 Y34.521 E.03204
G1 X57.642 Y34.352 E.03204
G1 X58.582 Y34.239 E.03204
G1 X59.527 Y34.183 E.03204
G1 X60.473 Y34.183 E.03204
G1 X61.418 Y34.239 E.03204
G1 X61.677 Y34.27 E.00883
M204 S10000
G1 E-.8 F1800
G1 X61.22 Y38.4 Z.8 F7200
G1 Z.4
G1 E.8 F1800
M204 S1500
;TYPE:Inner wall
G1 F1473.915
M106 S107
G1 X61.787 Y38.469 E.01931
G1 X62.451 Y38.595 E.02289
G1 X63.109 Y38.758 E.02293
G1 X63.746 Y38.955 E.02257
G1 X64.236 Y39.126 E.01757
G1 X65.003 Y39.457 E.02826
G1 X65.718 Y39.827 E.02726
G1 X66.306 Y40.187 E.02332
G1 X66.854 Y40.563 E.02251
G1 X67.511 Y41.078 E.02824
G1 X67.91 Y41.427 E.01796
G1 X68.353 Y41.852 E.02079
G1 X68.932 Y42.492 E.02919
G1 X69.347 Y43.021 E.02277
G1 X69.821 Y43.707 E.02823
G1 X70.095 Y44.162 E.01796
G1 X70.416 Y44.753 E.02276
G1 X70.686 Y45.316 E.02115
G1 X70.984 Y46.064 E.02726
G1 X71.207 Y46.765 E.02489
G1 X71.372 Y47.42 E.02289
G1 X71.5 Y48.08 E.02274
G1 X71.595 Y48.753 E.023
G1 X71.647 Y49.322 E.01934
G1 X71.665 Y50.155 E.02822
G1 X71.621 Y51.017 E.02921
G1 X71.552 Y51.583 E.01932
M73 P6 R14
G1 X71.44 Y52.25 E.02288
G1 X71.291 Y52.909 E.02288
G1 X71.147 Y53.439 E.01858
G1 X70.872 Y54.226 E.02822
G1 X70.564 Y54.943 E.02639
G1 X70.255 Y55.548 E.023
G1 X69.917 Y56.128 E.02274
G1 X69.545 Y56.693 E.02288
G1 X69.238 Y57.121 E.01785
G1 X68.724 Y57.742 E.02727
G1 X68.149 Y58.343 E.02817
G1 X67.651 Y58.797 E.02277
G1 X67.126 Y59.225 E.02294
G1 X66.578 Y59.623 E.02292
G1 X66.162 Y59.902 E.01698
G1 X65.438 Y60.318 E.02826
G1 X64.697 Y60.675 E.02785
G1 X64.066 Y60.927 E.02297
G1 X63.423 Y61.142 E.02296
G1 X62.774 Y61.321 E.02279
G1 X62.264 Y61.44 E.01774
G1 X61.511 Y61.564 E.02581
G1 X60.682 Y61.642 E.0282
G1 X59.961 Y61.659 E.02441
G1 X59.289 Y61.634 E.02277
G1 X58.614 Y61.573 E.02295
G1 X57.944 Y61.475 E.02292
G1 X57.369 Y61.362 E.01981
G1 X56.564 Y61.145 E.02822
G1 X55.867 Y60.901 E.02501
G1 X55.249 Y60.645 E.02264
G1 X54.501 Y60.279 E.02818
G1 X54.039 Y60.018 E.01796
G1 X53.559 Y59.723 E.01907
G1 X52.881 Y59.238 E.02822
G1 X52.292 Y58.751 E.02589
G1 X51.797 Y58.283 E.02303
G1 X51.334 Y57.797 E.02273
G1 X50.896 Y57.282 E.0229
G1 X50.58 Y56.877 E.01737
G1 X50.098 Y56.165 E.02912
G1 X49.705 Y55.482 E.02666
G1 X49.408 Y54.874 E.02289
G1 X49.144 Y54.251 E.02292
G1 X48.916 Y53.612 E.02295
G1 X48.76 Y53.121 E.01745
G1 X48.565 Y52.309 E.02826
G1 X48.433 Y51.512 E.02735
G1 X48.368 Y50.837 E.02295
G1 X48.342 Y50.16 E.02291
G1 X48.351 Y49.498 E.02243
G1 X48.377 Y48.99 E.01722
G1 X48.474 Y48.19 E.02726
G1 X48.633 Y47.373 E.0282
G1 X48.854 Y46.553 E.02875
G1 X49.028 Y46.05 E.01799
G1 X49.276 Y45.42 E.02295
G1 X49.558 Y44.805 E.02288
G1 X49.834 Y44.273 E.0203
G1 X50.285 Y43.538 E.0292
G1 X50.685 Y42.978 E.02328
G1 X51.21 Y42.331 E.02821
G1 X51.57 Y41.941 E.01796
G1 X52.05 Y41.465 E.02288
G1 X52.479 Y41.078 E.01957
G1 X53.159 Y40.547 E.02921
G1 X53.757 Y40.144 E.02439
G1 X54.331 Y39.807 E.02254
G1 X55.072 Y39.428 E.02816
G1 X55.557 Y39.215 E.01795
G1 X56.075 Y39.01 E.01883
G1 X56.843 Y38.766 E.02728
G1 X57.624 Y38.576 E.02721
G1 X58.286 Y38.462 E.02274
G1 X58.957 Y38.383 E.02288
G1 X59.633 Y38.341 E.02291
G1 X60.138 Y38.331 E.01711
G1 X60.998 Y38.373 E.02913
G1 X61.181 Y38.395 E.00624
M204 S500
G1 X61.168 Y38.824 F7200
;TYPE:Outer wall
G1 F1473.915
G1 X61.734 Y38.894 E.01931
G1 X62.368 Y39.016 E.02185
G1 X62.996 Y39.172 E.02191
G1 X63.605 Y39.36 E.02155
G1 X64.095 Y39.531 E.01757
G1 X64.832 Y39.85 E.0272
G1 X65.52 Y40.208 E.02624
G1 X66.081 Y40.552 E.02229
G1 X66.604 Y40.911 E.02147
G1 X67.237 Y41.407 E.02723
G1 X68.057 Y42.162 E.0377
G1 X68.614 Y42.779 E.02813
G1 X69.009 Y43.285 E.02175
G1 X69.466 Y43.946 E.02721
G1 X69.939 Y44.752 E.03164
G1 X70.299 Y45.501 E.02813
G1 X70.585 Y46.222 E.02624
G1 X70.798 Y46.894 E.02386
G1 X70.956 Y47.52 E.02185
G1 X71.077 Y48.149 E.02167
G1 X71.168 Y48.792 E.02199
G1 X71.22 Y49.364 E.01945
G1 X71.237 Y50.164 E.02708
G1 X71.193 Y50.994 E.02814
G1 X71.127 Y51.531 E.01831
G1 X71.019 Y52.167 E.02184
G1 X70.877 Y52.797 E.02184
G1 X70.732 Y53.33 E.0187
G1 X70.468 Y54.085 E.02707
G1 X70.171 Y54.772 E.02536
G1 X69.874 Y55.35 E.02199
G1 X69.552 Y55.904 E.02168
G1 X69.197 Y56.443 E.02184
G1 X68.89 Y56.871 E.01785
G1 X68.394 Y57.468 E.02624
G1 X67.839 Y58.047 E.02715
G1 X67.364 Y58.478 E.02171
G1 X66.863 Y58.887 E.02192
G1 X66.339 Y59.267 E.02189
G1 X65.923 Y59.547 E.01698
G1 X65.225 Y59.945 E.0272
G1 X64.511 Y60.288 E.02681
G1 X63.909 Y60.528 E.02196
G1 X63.294 Y60.734 E.02194
G1 X62.675 Y60.904 E.02173
G1 X62.054 Y61.041 E.02152
G1 X61.442 Y61.141 E.02099
G1 X60.642 Y61.216 E.02718
G1 X59.952 Y61.231 E.02337
G1 X59.311 Y61.206 E.0217
G1 X58.666 Y61.148 E.02193
G1 X58.026 Y61.054 E.02189
G1 X57.449 Y60.941 E.01991
G1 X56.676 Y60.732 E.02709
G1 X56.009 Y60.497 E.02394
G1 X55.419 Y60.252 E.02163
G1 X54.699 Y59.898 E.02715
G1 X53.783 Y59.358 E.03599
G1 X53.131 Y58.89 E.02719
G1 X52.566 Y58.421 E.02485
G1 X52.093 Y57.974 E.02203
G1 X51.652 Y57.51 E.02166
G1 X51.233 Y57.018 E.02187
G1 X50.918 Y56.614 E.01737
G1 X50.453 Y55.925 E.02811
G1 X50.077 Y55.269 E.0256
G1 X49.794 Y54.689 E.02185
G1 X49.542 Y54.093 E.02189
G1 X49.324 Y53.483 E.02193
G1 X49.169 Y52.992 E.01745
G1 X48.982 Y52.21 E.0272
G1 X48.856 Y51.443 E.02632
G1 X48.795 Y50.798 E.02193
G1 X48.77 Y50.152 E.02188
G1 X48.779 Y49.52 E.02137
G1 X48.805 Y49.012 E.01722
G1 X48.9 Y48.243 E.02624
G1 X49.053 Y47.455 E.02718
G1 X49.268 Y46.665 E.0277
G1 X49.432 Y46.192 E.01696
G1 X49.67 Y45.589 E.02192
G1 X49.938 Y45.003 E.02184
G1 X50.216 Y44.468 E.02039
G1 X50.65 Y43.762 E.02804
G1 X51.033 Y43.228 E.02226
M73 P7 R14
G1 X51.54 Y42.605 E.02718
G1 X52.17 Y41.935 E.03115
G1 X52.766 Y41.396 E.02719
G1 X53.422 Y40.885 E.02814
G1 X53.995 Y40.5 E.02338
G1 X54.544 Y40.178 E.02151
G1 X55.258 Y39.814 E.02713
G1 X56.232 Y39.409 E.03574
G1 X56.972 Y39.175 E.02625
G1 X57.724 Y38.993 E.02621
G1 X58.355 Y38.885 E.02167
G1 X58.996 Y38.81 E.02184
G1 X59.641 Y38.77 E.02188
G1 X60.147 Y38.76 E.01711
G1 X60.976 Y38.801 E.02811
G1 X61.128 Y38.819 E.00518
M204 S10000
G1 E-.8 F1800
G1 X66.522 Y44.22 Z.8 F7200
G1 X72.061 Y49.765 Z.8
G1 Z.4
G1 E.8 F1800
M204 S500
;TYPE:Internal solid infill
G1 F1473.915
G1 X74.7 Y47.126 E.12634
G1 X74.514 Y46.296 E.02878
G1 X74.383 Y45.794 E.01756
G1 X74.106 Y44.941 E.03034
G1 X73.779 Y44.107 E.03035
G1 X73.402 Y43.293 E.03035
G1 X72.977 Y42.504 E.03035
G1 X72.586 Y41.87 E.02521
G1 X71.987 Y41.005 E.03563
G1 X71.431 Y40.307 E.0302
G1 X70.831 Y39.641 E.03035
G1 X70.192 Y39.012 E.03035
G1 X69.631 Y38.522 E.02521
G1 X68.804 Y37.871 E.03562
G1 X68.067 Y37.368 E.0302
G1 X67.297 Y36.908 E.03035
G1 X66.502 Y36.495 E.03035
G1 X65.821 Y36.193 E.02521
G1 X64.841 Y35.815 E.03557
G1 X63.846 Y35.528 E.03504
G1 X61.367 Y38.007 E.1187
G1 X61.935 Y38.079 E.01938
G1 X62.759 Y38.242 E.02846
G1 X63.53 Y38.451 E.02701
G1 X64.426 Y38.764 E.03213
G1 X65.206 Y39.103 E.02881
G1 X65.909 Y39.468 E.02681
G1 X66.519 Y39.841 E.02421
G1 X67.09 Y40.232 E.02342
G1 X67.771 Y40.765 E.02926
G1 X68.193 Y41.137 E.01904
G1 X68.645 Y41.568 E.02115
G1 X69.236 Y42.224 E.0299
G1 X69.666 Y42.769 E.02349
G1 X70.159 Y43.48 E.02928
G1 X70.448 Y43.962 E.01904
G1 X70.781 Y44.576 E.02361
G1 X71.077 Y45.195 E.02324
G1 X71.369 Y45.932 E.02685
G1 X71.595 Y46.644 E.02527
G1 X71.835 Y47.606 E.03357
G1 X71.981 Y48.512 E.03105
G1 X72.053 Y49.298 E.02674
G1 X72.06 Y49.725 E.01446
M204 S10000
G1 X72.419 Y48.831 F7200
M204 S500
G1 F1473.915
G1 X74.259 Y46.991 E.08806
G1 X73.992 Y45.908 E.03776
G1 X73.723 Y45.079 E.02952
G1 X73.404 Y44.267 E.02952
G1 X73.038 Y43.476 E.02952
G1 X72.624 Y42.707 E.02952
G1 X72.245 Y42.093 E.02444
G1 X71.66 Y41.248 E.0348
G1 X71.12 Y40.57 E.02931
G1 X70.536 Y39.922 E.02952
G1 X69.915 Y39.31 E.02952
G1 X69.371 Y38.835 E.02445
G1 X68.563 Y38.199 E.0348
G1 X67.848 Y37.712 E.02931
G1 X67.099 Y37.264 E.02952
G1 X66.325 Y36.862 E.02952
G1 X65.665 Y36.569 E.02444
G1 X64.711 Y36.201 E.03462
G1 X63.964 Y35.986 E.02631
G1 X62.228 Y37.722 E.08311
G1 X62.839 Y37.843 E.02107
G1 X63.636 Y38.058 E.02796
G1 X64.56 Y38.379 E.03311
G1 X65.369 Y38.73 E.02984
G1 X66.097 Y39.107 E.02775
G1 X66.732 Y39.494 E.02518
G1 X67.328 Y39.902 E.02443
G1 X68.031 Y40.451 E.03021
G1 X68.474 Y40.842 E.02
G1 X68.924 Y41.271 E.02104
G1 X69.539 Y41.952 E.03105
G1 X69.987 Y42.52 E.02448
G1 X70.497 Y43.253 E.03023
G1 X71.049 Y44.194 E.03693
G1 X71.443 Y45.017 E.03089
G1 X71.748 Y45.782 E.02788
G1 X71.983 Y46.52 E.02623
G1 X72.23 Y47.511 E.03455
G1 X72.383 Y48.447 E.03211
G1 X72.416 Y48.791 E.0117
M204 S10000
G1 X72.717 Y47.958 F7200
M204 S500
G1 F1473.915
G1 X73.818 Y46.857 E.05271
G1 X73.66 Y46.248 E.02129
G1 X73.369 Y45.308 E.03333
G1 X73.037 Y44.445 E.03129
G1 X72.682 Y43.675 E.02869
G1 X72.281 Y42.928 E.0287
G1 X72.016 Y42.497 E.01714
G1 X71.514 Y41.752 E.03038
G1 X70.929 Y40.983 E.03272
G1 X70.255 Y40.218 E.03451
G1 X69.652 Y39.622 E.02869
G1 X69.124 Y39.159 E.02377
G1 X68.304 Y38.515 E.03527
G1 X67.629 Y38.055 E.02769
G1 X66.901 Y37.62 E.0287
G1 X66.148 Y37.229 E.0287
G1 X65.509 Y36.945 E.02367
G1 X64.581 Y36.588 E.03367
G1 X64.082 Y36.443 E.01758
G1 X63.049 Y37.477 E.04946
G1 X63.743 Y37.665 E.02435
G1 X64.694 Y37.995 E.03409
G1 X65.532 Y38.357 E.03086
G1 X66.285 Y38.746 E.0287
G1 X66.945 Y39.147 E.02615
G1 X67.565 Y39.571 E.02544
G1 X68.291 Y40.138 E.03116
G1 X68.755 Y40.548 E.02095
G1 X69.205 Y40.977 E.02104
G1 X69.841 Y41.68 E.0321
G1 X70.308 Y42.27 E.02547
G1 X70.835 Y43.025 E.03118
G1 X71.154 Y43.556 E.02095
G1 X71.417 Y44.018 E.01799
G1 X71.81 Y44.841 E.03089
G1 X72.126 Y45.633 E.02884
G1 X72.371 Y46.397 E.02718
G1 X72.626 Y47.415 E.03552
G1 X72.71 Y47.919 E.01727
M204 S10000
G1 X72.983 Y47.094 F7200
M204 S500
;WIDTH:0.480717
G1 F1370.5
G1 X73.348 Y46.729 E.01879
G1 X73.222 Y46.24 E.01835
G1 X72.968 Y45.438 E.03065
G1 X72.643 Y44.599 E.03274
G1 X72.297 Y43.853 E.02994
G1 X71.907 Y43.129 E.02994
G1 X71.624 Y42.664 E.01984
G1 X71.168 Y41.991 E.02955
G1 X70.599 Y41.246 E.03414
G1 X69.941 Y40.501 E.0362
G1 X69.354 Y39.924 E.02994
G1 X68.845 Y39.478 E.02464
G1 X68.445 Y39.159 E.01864
G1 X67.681 Y38.6 E.03447
G1 X66.794 Y38.048 E.03803
G1 X65.991 Y37.624 E.03303
G1 X65.352 Y37.338 E.02548
G1 X64.454 Y36.994 E.035
G1 X64.204 Y36.919 E.0095
G1 X63.863 Y37.26 E.01756
G1 X64.833 Y37.599 E.03739
G1 X65.7 Y37.97 E.03433
G1 X66.48 Y38.371 E.03192
G1 X67.166 Y38.786 E.0292
G1 X67.813 Y39.227 E.02849
G1 X68.561 Y39.812 E.03458
G1 X69.047 Y40.241 E.02361
G1 X69.495 Y40.672 E.02263
G1 X70.156 Y41.396 E.03569
G1 X70.643 Y42.01 E.0285
G1 X71.185 Y42.79 E.03459
G1 X71.521 Y43.344 E.0236
G1 X71.797 Y43.836 E.02052
G1 X72.191 Y44.659 E.03323
G1 X72.519 Y45.477 E.03208
G1 X72.775 Y46.269 E.0303
G1 X72.974 Y47.055 E.0295
M204 S10000
G1 E-.8 F1800
G1 X72.544 Y54.675 Z.8 F7200
G1 X72.302 Y58.962 Z.8
G1 Z.4
G1 E.8 F1800
M204 S500
;WIDTH:0.46299
G1 F1428.333
G1 X70.432 Y60.832 E.09237
G1 X69.899 Y61.327 E.02541
G1 X69.204 Y61.898 E.03144
G1 X68.476 Y62.428 E.03144
G1 X67.831 Y62.839 E.02672
G1 X72.846 Y57.824 E.24773
G1 X73.249 Y57.126 E.02817
G1 X73.548 Y56.528 E.02335
G1 X66.535 Y63.541 E.34643
G1 X66.12 Y63.741 E.01611
G1 X65.478 Y64.004 E.02422
G1 X74.015 Y55.467 E.4217
G1 X74.337 Y54.551 E.03392
G1 X64.556 Y64.332 E.48315
G1 X63.724 Y64.57 E.0302
M73 P8 R14
G1 X74.576 Y53.718 E.53605
G1 X74.627 Y53.496 E.00796
G1 X74.582 Y53.451 E.00222
G1 X74.676 Y53.024 E.01525
G1 X62.957 Y64.743 E.57886
G1 X62.691 Y64.799 E.00952
G1 X62.243 Y64.863 E.01579
G1 X74.82 Y52.286 E.62125
G1 X74.916 Y51.596 E.02435
G1 X70.223 Y56.289 E.23182
G1 X69.983 Y56.678 E.01596
G1 X69.506 Y57.34 E.02852
G1 X68.987 Y57.967 E.02842
G1 X68.341 Y58.641 E.03259
G1 X67.71 Y59.208 E.02966
G1 X67.085 Y59.696 E.0277
G1 X66.275 Y60.237 E.03399
G1 X61.556 Y64.956 E.23312
G1 X61.415 Y64.969 E.00494
G1 X61.386 Y64.939 E.00145
G1 X60.941 Y64.977 E.01558
G1 X65.011 Y60.907 E.20105
G1 X64.788 Y61.013 E.00863
G1 X64.005 Y61.319 E.02938
G1 X60.314 Y65.009 E.18229
G1 X59.716 Y65.014 E.02092
G1 X63.142 Y61.588 E.16924
G1 X62.364 Y61.772 E.02793
G1 X59.134 Y65.001 E.15952
G1 X58.58 Y64.961 E.0194
G1 X61.65 Y61.892 E.15163
G1 X60.986 Y61.962 E.02331
G1 X58.041 Y64.906 E.14547
G1 X57.522 Y64.832 E.01833
G1 X60.545 Y61.808 E.14936
M204 S10000
G1 E-.8 F1800
G1 X66.968 Y57.684 Z.8 F7200
G1 X70.507 Y55.411 Z.8
G1 Z.4
G1 E.8 F1800
M204 S500
G1 F1428.333
G1 X74.974 Y50.943 E.22067
G1 X75.012 Y50.312 E.02211
G1 X71.315 Y54.009 E.18263
G1 X71.462 Y53.591 E.01548
G1 X71.584 Y53.146 E.0161
G1 X75.019 Y49.71 E.1697
G1 X75.002 Y49.133 E.02016
G1 X71.769 Y52.366 E.1597
G1 X71.862 Y51.897 E.01672
G1 X71.892 Y51.649 E.00872
G1 X74.966 Y48.575 E.15184
G1 X74.909 Y48.039 E.01885
G1 X71.967 Y50.98 E.14529
G1 X72.002 Y50.351 E.02199
G1 X74.98 Y47.373 E.14711
M204 S10000
G1 E-.8 F1800
G1 X68.658 Y51.649 Z.8 F7200
G1 X53.743 Y61.737 Z.8
G1 Z.4
G1 E.8 F1800
M204 S500
;WIDTH:0.481037
G1 F1369.5
G1 X53.179 Y61.419 E.02358
G1 X52.649 Y61.09 E.02274
G1 X51.898 Y60.556 E.03354
G1 X51.24 Y60.014 E.03105
G1 X50.66 Y59.472 E.02893
G1 X50.113 Y58.899 E.02888
G1 X49.776 Y58.515 E.01859
G1 X49.286 Y57.889 E.02897
G1 X48.716 Y57.052 E.03687
G1 X48.28 Y56.297 E.03176
G1 X47.926 Y55.587 E.02892
G1 X47.614 Y54.856 E.02892
G1 X47.268 Y53.856 E.03856
G1 X46.916 Y54.208 E.01815
G1 X47.087 Y54.7 E.01896
G1 X47.382 Y55.441 E.02905
G1 X47.789 Y56.303 E.03475
G1 X48.278 Y57.176 E.03643
G1 X48.756 Y57.903 E.03171
G1 X49.249 Y58.561 E.02996
G1 X49.781 Y59.189 E.02996
G1 X50.17 Y59.601 E.02067
G1 X50.837 Y60.24 E.03364
G1 X51.54 Y60.831 E.03345
G1 X52.251 Y61.351 E.03208
G1 X52.944 Y61.793 E.02996
G1 X53.535 Y62.124 E.02466
G1 X54.074 Y62.392 E.02194
G1 X54.904 Y62.76 E.03307
G1 X55.83 Y63.093 E.03588
G1 X56.729 Y63.348 E.03401
G1 X57.093 Y62.983 E.01877
G1 X56.075 Y62.713 E.03837
G1 X55.321 Y62.452 E.02907
G1 X54.596 Y62.155 E.02855
G1 X53.779 Y61.754 E.03315
M204 S10000
G1 X53.937 Y61.361 F7200
M204 S500
;WIDTH:0.449999
G1 F1473.915
G1 X53.401 Y61.058 E.02083
G1 X52.87 Y60.731 E.02113
G1 X52.145 Y60.213 E.03016
G1 X51.51 Y59.689 E.02784
G1 X50.953 Y59.165 E.0259
G1 X50.428 Y58.615 E.02575
G1 X49.933 Y58.032 E.02586
G1 X49.618 Y57.629 E.01732
G1 X49.065 Y56.816 E.03327
G1 X48.648 Y56.088 E.02841
G1 X48.308 Y55.403 E.02586
G1 X48.009 Y54.7 E.02588
G1 X47.782 Y54.072 E.02262
G1 X47.591 Y53.474 E.02123
G1 X47.485 Y53.04 E.01512
G1 X46.439 Y54.086 E.05008
M73 P9 R14
G1 X46.652 Y54.735 E.02311
G1 X46.995 Y55.606 E.03169
G1 X47.412 Y56.492 E.03314
G1 X47.912 Y57.387 E.0347
G1 X48.402 Y58.137 E.03032
G1 X48.91 Y58.816 E.0287
G1 X49.457 Y59.463 E.0287
G1 X49.813 Y59.837 E.01748
G1 X50.55 Y60.55 E.03469
G1 X51.272 Y61.157 E.03193
G1 X52.002 Y61.693 E.03066
G1 X52.716 Y62.15 E.02869
G1 X53.329 Y62.493 E.02377
G1 X53.888 Y62.769 E.02112
G1 X54.744 Y63.149 E.0317
G1 X55.694 Y63.493 E.03419
G1 X56.493 Y63.722 E.02813
G1 X56.866 Y63.809 E.01297
G1 X57.945 Y62.723 E.05182
G1 X57.123 Y62.558 E.0284
G1 X56.186 Y62.306 E.03283
G1 X55.462 Y62.053 E.02596
G1 X54.764 Y61.766 E.02555
G1 X53.973 Y61.378 E.0298
M204 S10000
G1 X54.124 Y60.999 F7200
M204 S500
G1 F1473.915
G1 X53.615 Y60.712 E.0198
G1 X53.083 Y60.384 E.02113
G1 X52.382 Y59.882 E.02919
G1 X51.771 Y59.376 E.02688
G1 X51.234 Y58.87 E.02496
G1 X50.73 Y58.342 E.02472
G1 X50.254 Y57.782 E.02489
G1 X49.938 Y57.379 E.01732
G1 X49.403 Y56.588 E.03232
G1 X49.001 Y55.887 E.02736
G1 X48.675 Y55.227 E.02489
G1 X48.387 Y54.55 E.02492
G1 X48.169 Y53.948 E.02167
G1 X47.979 Y53.35 E.02123
G1 X47.762 Y52.442 E.03162
G1 X47.725 Y52.224 E.00746
G1 X45.981 Y53.969 E.08351
G1 X46.136 Y54.501 E.01876
G1 X46.43 Y55.322 E.02952
G1 X46.773 Y56.124 E.02952
G1 X47.163 Y56.904 E.02952
G1 X47.599 Y57.659 E.02952
G1 X48.08 Y58.387 E.02952
G1 X48.603 Y59.085 E.02952
G1 X49.167 Y59.75 E.02952
G1 X49.77 Y60.381 E.02952
G1 X50.409 Y60.974 E.02952
G1 X51.083 Y61.528 E.02952
G1 X51.788 Y62.041 E.02953
G1 X52.523 Y62.51 E.02952
G1 X53.154 Y62.862 E.02445
G1 X54.076 Y63.316 E.0348
G1 X54.878 Y63.644 E.02931
G1 X55.703 Y63.926 E.02952
G1 X56.543 Y64.158 E.02947
G1 X56.998 Y64.252 E.01575
G1 X58.83 Y62.42 E.08769
G1 X58.066 Y62.326 E.02606
G1 X57.2 Y62.158 E.02983
G1 X56.293 Y61.913 E.03182
G1 X55.598 Y61.669 E.02494
G1 X54.925 Y61.392 E.02461
G1 X54.16 Y61.017 E.02885
M204 S10000
G1 X54.311 Y60.638 F7200
M204 S500
G1 F1473.915
G1 X53.828 Y60.365 E.01877
G1 X53.294 Y60.036 E.02124
G1 X52.62 Y59.552 E.02811
G1 X52.031 Y59.063 E.02591
G1 X51.515 Y58.576 E.02401
G1 X51.032 Y58.069 E.02368
G1 X50.574 Y57.531 E.02392
G1 X50.259 Y57.128 E.01732
G1 X49.74 Y56.36 E.03136
G1 X49.355 Y55.685 E.0263
G1 X49.042 Y55.052 E.02392
G1 X48.765 Y54.4 E.02396
G1 X48.557 Y53.824 E.02073
G1 X48.367 Y53.227 E.02123
G1 X48.158 Y52.348 E.03057
G1 X48.008 Y51.366 E.03363
G1 X45.522 Y53.852 E.11899
G1 X45.749 Y54.627 E.02733
G1 X46.051 Y55.471 E.03035
G1 X46.404 Y56.295 E.03035
G1 X46.805 Y57.097 E.03035
G1 X47.253 Y57.873 E.03035
G1 X47.747 Y58.622 E.03035
G1 X48.284 Y59.339 E.03035
G1 X48.864 Y60.023 E.03035
G1 X49.484 Y60.671 E.03035
G1 X50.141 Y61.281 E.03035
G1 X50.833 Y61.85 E.03035
G1 X51.559 Y62.377 E.03035
G1 X52.314 Y62.86 E.03034
G1 X52.965 Y63.223 E.02521
G1 X53.909 Y63.687 E.03562
G1 X54.735 Y64.025 E.0302
G1 X55.583 Y64.315 E.03035
G1 X56.447 Y64.554 E.03033
G1 X57.129 Y64.691 E.02357
G1 X59.76 Y62.066 E.12581
G1 X58.908 Y62.019 E.02889
G1 X58.116 Y61.922 E.02702
G1 X57.278 Y61.759 E.02887
G1 X56.4 Y61.52 E.03081
G1 X55.733 Y61.285 E.02393
G1 X55.087 Y61.018 E.02367
G1 X54.347 Y60.655 E.02789
M204 S10000
G1 E-.8 F1800
G1 X48.303 Y55.994 Z.8 F7200
G1 X45.226 Y53.621 Z.8
G1 Z.4
G1 E.8 F1800
M204 S500
;WIDTH:0.463568
G1 F1426.371
G1 X48.02 Y50.826 E.13822
G1 X47.999 Y50.252 E.0201
G1 X45.258 Y52.993 E.13558
G1 X45.169 Y52.488 E.01795
G1 X47.996 Y49.66 E.13987
G1 X48.031 Y49.031 E.02203
G1 X45.09 Y51.971 E.14543
G1 X45.037 Y51.43 E.01903
G1 X48.105 Y48.362 E.15175
G1 X48.133 Y48.134 E.00805
G1 X48.228 Y47.644 E.01744
G1 X44.998 Y50.874 E.15977
G1 X44.982 Y50.295 E.02025
G1 X48.413 Y46.864 E.16972
G1 X48.542 Y46.389 E.01722
G1 X48.677 Y46.005 E.01425
G1 X44.988 Y49.694 E.18248
G1 X45.023 Y49.065 E.02204
G1 X49.477 Y44.61 E.22033
M204 S10000
G1 E-.8 F1800
G1 X56.096 Y40.81 Z.8 F7200
G1 X60.652 Y38.194 Z.8
G1 Z.4
G1 E.8 F1800
M204 S500
G1 F1426.371
G1 X63.481 Y35.365 E.13991
G1 X62.996 Y35.255 E.01739
G1 X60.26 Y37.991 E.13534
G1 X59.661 Y37.995 E.02094
G1 X62.493 Y35.164 E.14005
G1 X61.973 Y35.089 E.01837
G1 X59.032 Y38.029 E.14545
G1 X58.367 Y38.1 E.02341
G1 X61.434 Y35.032 E.15174
G1 X60.876 Y34.995 E.01957
G1 X57.657 Y38.214 E.15923
G1 X56.874 Y38.403 E.02819
G1 X60.301 Y34.976 E.16952
G1 X59.697 Y34.985 E.02112
G1 X56.017 Y38.665 E.18203
G1 X55.208 Y38.981 E.03039
G1 X55.012 Y39.075 E.00758
G1 X59.072 Y35.015 E.2008
G1 X58.415 Y35.077 E.02306
G1 X53.749 Y39.743 E.23082
G1 X52.961 Y40.263 E.033
M73 P10 R14
G1 X52.297 Y40.779 E.02942
G1 X51.631 Y41.378 E.03134
G1 X51.022 Y42.016 E.03083
G1 X50.505 Y42.638 E.02832
G1 X50.025 Y43.304 E.0287
G1 X49.762 Y43.73 E.01751
G1 X45.087 Y48.406 E.23128
G1 X45.129 Y48.023 E.01346
G1 X45.095 Y47.99 E.00165
G1 X45.125 Y47.772 E.00767
G1 X57.719 Y35.178 E.62299
G1 X56.982 Y35.32 E.02626
G1 X45.252 Y47.05 E.58022
G1 X45.331 Y46.652 E.01418
G1 X45.432 Y46.276 E.01365
G1 X56.193 Y35.514 E.5323
G1 X55.838 Y35.608 E.01284
G1 X55.787 Y35.557 E.00252
G1 X55.452 Y35.661 E.01228
G1 X45.665 Y45.448 E.48411
G1 X45.836 Y44.921 E.01938
G1 X45.991 Y44.527 E.01479
G1 X54.533 Y35.985 E.42256
G1 X54.294 Y36.074 E.00893
G1 X53.476 Y36.447 E.03147
G1 X46.445 Y43.477 E.34774
G1 X46.543 Y43.266 E.00815
G1 X46.97 Y42.473 E.03149
G1 X47.156 Y42.172 E.01241
G1 X52.176 Y37.152 E.24829
G1 X51.9 Y37.317 E.01124
G1 X51.156 Y37.824 E.03149
G1 X50.444 Y38.375 E.03149
G1 X49.766 Y38.967 E.03149
G1 X47.679 Y41.054 E.10322
; stop printing object fidget-finger-massager-2000-ring.stl id:15 copy 0
M106 S97
;LAYER_CHANGE
;Z:0.6
;HEIGHT:0.2
G92 E0
;_SET_FAN_SPEED_CHANGING_LAYER
; printing object fidget-finger-massager-2000-ring.stl id:15 copy 0
M204 S10000
G1 E-.8 F1800
G1 X49.346 Y38.514 Z1 F7200
G1 Z.6
G1 E.8 F1800
M204 S1500
;TYPE:Inner wall
;WIDTH:0.449999
G1 F1473.915
G1 X50.052 Y37.897 E.03172
G1 X50.793 Y37.324 E.03172
G1 X51.567 Y36.796 E.03172
G1 X52.37 Y36.316 E.03165
G1 X53.319 Y35.832 E.03607
G1 X54.06 Y35.502 E.02744
G1 X54.937 Y35.173 E.03172
G1 X55.833 Y34.897 E.03172
G1 X56.743 Y34.675 E.03172
G1 X57.665 Y34.507 E.03172
G1 X58.596 Y34.395 E.03172
G1 X59.529 Y34.34 E.03165
G1 X60.595 Y34.347 E.03607
G1 X61.404 Y34.395 E.02744
G1 X62.335 Y34.507 E.03172
G1 X63.257 Y34.675 E.03172
G1 X64.167 Y34.897 E.03172
G1 X65.063 Y35.173 E.03172
G1 X65.94 Y35.502 E.03172
G1 X66.794 Y35.883 E.03164
G1 X67.737 Y36.38 E.03607
G1 X68.433 Y36.796 E.02744
G1 X69.207 Y37.324 E.03172
G1 X69.948 Y37.897 E.03172
G1 X70.654 Y38.514 E.03172
G1 X71.322 Y39.172 E.03172
G1 X71.949 Y39.868 E.03172
G1 X72.533 Y40.601 E.03172
G1 X73.073 Y41.367 E.03172
G1 X73.565 Y42.164 E.03172
G1 X74.009 Y42.99 E.03172
G1 X74.403 Y43.84 E.03172
G1 X74.745 Y44.71 E.03164
G1 X75.067 Y45.726 E.03607
G1 X75.271 Y46.511 E.02744
G1 X75.441 Y47.371 E.02969
G1 X75.513 Y47.875 E.01724
G1 X75.583 Y48.419 E.01855
G1 X75.649 Y49.354 E.03172
G1 X75.662 Y50.231 E.02969
G1 X75.62 Y51.164 E.03164
G1 X75.501 Y52.224 E.03607
G1 X75.369 Y53.023 E.02744
G1 X75.16 Y53.937 E.03172
G1 X74.897 Y54.837 E.03172
G1 X74.582 Y55.717 E.03164
G1 X74.156 Y56.694 E.03608
G1 X73.793 Y57.419 E.02744
G1 X73.325 Y58.23 E.03172
G1 X72.809 Y59.013 E.03172
G1 X72.246 Y59.762 E.03172
G1 X71.64 Y60.477 E.03172
G1 X70.993 Y61.155 E.03172
G1 X70.306 Y61.792 E.03172
G1 X69.582 Y62.387 E.03172
G1 X68.824 Y62.938 E.03172
G1 X68.034 Y63.443 E.03172
G1 X67.215 Y63.899 E.03172
G1 X66.371 Y64.306 E.03172
G1 X65.504 Y64.661 E.03172
G1 X64.617 Y64.964 E.03172
G1 X63.714 Y65.213 E.03172
G1 X62.797 Y65.408 E.03172
G1 X61.87 Y65.548 E.03172
G1 X60.937 Y65.632 E.03172
G1 X60 Y65.66 E.03172
G1 X59.063 Y65.632 E.03172
G1 X58.13 Y65.548 E.03172
G1 X57.203 Y65.408 E.03172
G1 X56.286 Y65.213 E.03172
G1 X55.383 Y64.964 E.03172
G1 X54.498 Y64.662 E.03164
G1 X53.515 Y64.251 E.03607
G1 X52.785 Y63.899 E.02744
G1 X51.966 Y63.443 E.03172
G1 X51.176 Y62.938 E.03172
G1 X50.418 Y62.387 E.03172
G1 X49.694 Y61.792 E.03172
G1 X49.007 Y61.155 E.03172
G1 X48.36 Y60.477 E.03172
G1 X47.754 Y59.762 E.03172
G1 X47.191 Y59.013 E.03172
G1 X46.675 Y58.23 E.03172
G1 X46.207 Y57.419 E.03172
G1 X45.787 Y56.581 E.03172
G1 X45.419 Y55.719 E.03172
G1 X45.103 Y54.837 E.03172
G1 X44.84 Y53.937 E.03172
G1 X44.631 Y53.023 E.03172
G1 X44.478 Y52.101 E.03164
G1 X44.374 Y51.04 E.03607
G1 X44.338 Y50.231 E.02744
G1 X44.352 Y49.293 E.03172
G1 X44.422 Y48.359 E.03172
G1 X44.547 Y47.432 E.03165
G1 X44.761 Y46.388 E.03607
G1 X44.965 Y45.604 E.02744
G1 X45.254 Y44.712 E.03172
G1 X45.597 Y43.84 E.03172
G1 X45.991 Y42.99 E.03172
G1 X46.435 Y42.164 E.03172
G1 X46.927 Y41.367 E.03172
G1 X47.466 Y40.603 E.03164
G1 X48.136 Y39.774 E.03607
G1 X48.678 Y39.172 E.02744
G1 X49.317 Y38.542 E.03037
M204 S500
G1 X49.054 Y38.2 F7200
;TYPE:Outer wall
G1 F1473.915
M73 P11 R14
G1 X49.779 Y37.566 E.03259
G1 X50.541 Y36.977 E.03259
G1 X51.337 Y36.435 E.03259
G1 X52.162 Y35.941 E.03256
G1 X53.135 Y35.445 E.03694
G1 X53.897 Y35.106 E.02826
G1 X54.799 Y34.767 E.03259
G1 X55.719 Y34.484 E.03259
G1 X56.654 Y34.255 E.03259
G1 X57.602 Y34.083 E.03259
G1 X58.557 Y33.968 E.03259
G1 X59.518 Y33.911 E.03256
G1 X60.609 Y33.918 E.03694
G1 X61.443 Y33.968 E.02826
G1 X62.398 Y34.083 E.03259
G1 X63.346 Y34.255 E.03259
G1 X64.281 Y34.484 E.03259
G1 X65.201 Y34.767 E.03259
G1 X66.103 Y35.106 E.03259
G1 X66.982 Y35.497 E.03256
G1 X67.947 Y36.006 E.03694
G1 X68.663 Y36.435 E.02826
G1 X69.459 Y36.977 E.03259
G1 X70.221 Y37.566 E.03259
G1 X70.946 Y38.2 E.03259
G1 X71.632 Y38.875 E.03259
G1 X72.276 Y39.591 E.03259
G1 X72.876 Y40.344 E.03259
G1 X73.43 Y41.131 E.03259
G1 X73.937 Y41.95 E.03259
G1 X74.393 Y42.798 E.03259
G1 X74.798 Y43.671 E.03259
G1 X75.149 Y44.567 E.03256
G1 X75.479 Y45.607 E.03694
G1 X75.689 Y46.415 E.02826
G1 X75.875 Y47.36 E.03259
G1 X76.004 Y48.314 E.03259
G1 X76.077 Y49.347 E.03505
G1 X76.091 Y50.237 E.03012
G1 X76.048 Y51.198 E.03256
G1 X75.926 Y52.283 E.03694
G1 X75.789 Y53.106 E.02826
G1 X75.575 Y54.045 E.03259
G1 X75.305 Y54.969 E.03259
G1 X74.98 Y55.875 E.03256
G1 X74.544 Y56.875 E.03694
G1 X74.171 Y57.622 E.02826
G1 X73.69 Y58.456 E.03259
G1 X73.159 Y59.259 E.03259
G1 X72.582 Y60.03 E.03259
G1 X71.959 Y60.764 E.03259
G1 X71.294 Y61.46 E.03259
G1 X70.588 Y62.115 E.03259
G1 X69.844 Y62.727 E.03259
G1 X69.065 Y63.293 E.03259
G1 X68.254 Y63.811 E.03259
G1 X67.413 Y64.28 E.03259
G1 X66.545 Y64.697 E.03259
G1 X65.655 Y65.063 E.03259
G1 X64.743 Y65.374 E.03259
G1 X63.815 Y65.63 E.03259
G1 X62.873 Y65.83 E.03259
G1 X61.921 Y65.974 E.03259
G1 X60.962 Y66.06 E.03259
G1 X60 Y66.089 E.03259
G1 X59.038 Y66.06 E.03259
G1 X58.079 Y65.974 E.03259
G1 X57.127 Y65.83 E.03259
G1 X56.185 Y65.63 E.03259
G1 X55.257 Y65.374 E.03259
G1 X54.346 Y65.063 E.03256
G1 X53.339 Y64.642 E.03694
G1 X52.587 Y64.28 E.02826
G1 X51.746 Y63.811 E.03259
G1 X50.935 Y63.293 E.03259
G1 X50.156 Y62.727 E.03259
G1 X49.412 Y62.115 E.03259
G1 X48.706 Y61.46 E.03259
G1 X48.041 Y60.764 E.03259
G1 X47.418 Y60.03 E.03259
G1 X46.841 Y59.259 E.03259
G1 X46.31 Y58.456 E.03259
G1 X45.829 Y57.622 E.03259
G1 X45.398 Y56.761 E.03259
G1 X45.02 Y55.875 E.03259
G1 X44.695 Y54.969 E.03259
G1 X44.425 Y54.045 E.03259
G1 X44.211 Y53.106 E.03259
G1 X44.053 Y52.157 E.03256
G1 X43.947 Y51.071 E.03694
G1 X43.909 Y50.237 E.02826
G1 X43.924 Y49.274 E.03259
G1 X43.996 Y48.314 E.03259
G1 X44.125 Y47.361 E.03257
G1 X44.343 Y46.291 E.03694
G1 X44.553 Y45.483 E.02826
G1 X44.851 Y44.568 E.03259
G1 X45.202 Y43.671 E.03259
G1 X45.607 Y42.798 E.03259
G1 X46.063 Y41.95 E.03259
G1 X46.57 Y41.131 E.03259
G1 X47.123 Y40.344 E.03256
G1 X47.81 Y39.496 E.03694
G1 X48.368 Y38.875 E.02826
G1 X49.026 Y38.228 E.03124
M204 S10000
G1 E-.8 F1800
G1 X56.657 Y38.345 Z1 F7200
G1 X61.227 Y38.415 Z1
G1 Z.6
G1 E.8 F1800
M204 S1500
;TYPE:Inner wall
G1 F1473.915
G1 X61.753 Y38.482 E.01795
G1 X62.411 Y38.602 E.02263
G1 X62.924 Y38.716 E.01778
G1 X63.706 Y38.948 E.02762
G1 X64.468 Y39.235 E.02754
G1 X65.067 Y39.509 E.02232
G1 X65.773 Y39.881 E.02699
G1 X66.244 Y40.163 E.01859
G1 X66.743 Y40.493 E.02027
G1 X67.446 Y41.032 E.02996
G1 X67.946 Y41.479 E.02271
G1 X68.42 Y41.951 E.02263
G1 X68.869 Y42.446 E.02263
G1 X69.236 Y42.89 E.01951
G1 X69.736 Y43.592 E.02915
G1 X70.108 Y44.205 E.02429
G1 X70.421 Y44.796 E.02263
G1 X70.702 Y45.403 E.02263
G1 X70.906 Y45.89 E.01788
G1 X71.171 Y46.683 E.02829
G1 X71.369 Y47.453 E.02693
G1 X71.492 Y48.106 E.02248
G1 X71.581 Y48.768 E.02263
G1 X71.634 Y49.439 E.02278
G1 X71.653 Y50.106 E.02256
G1 X71.615 Y50.91 E.02727
G1 X71.524 Y51.703 E.02699
G1 X71.427 Y52.243 E.01859
G1 X71.281 Y52.896 E.02263
G1 X71.121 Y53.473 E.02027
G1 X70.827 Y54.305 E.02986
G1 X70.507 Y55.03 E.02685
G1 X70.254 Y55.518 E.0186
G1 X69.918 Y56.101 E.02278
G1 X69.613 Y56.583 E.01931
G1 X69.099 Y57.276 E.0292
G1 X68.631 Y57.82 E.02429
G1 X68.166 Y58.3 E.02263
G1 X67.676 Y58.755 E.02263
G1 X67.275 Y59.099 E.01788
G1 X66.583 Y59.612 E.02915
G1 X65.936 Y60.021 E.02591
G1 X65.349 Y60.342 E.02264
G1 X64.747 Y60.631 E.02263
G1 X64.265 Y60.841 E.01778
G1 X63.496 Y61.113 E.02762
G1 X62.711 Y61.328 E.02754
G1 X62.055 Y61.461 E.02264
G1 X61.394 Y61.559 E.02263
G1 X60.728 Y61.621 E.02263
G1 X60.105 Y61.649 E.02113
G1 X59.244 Y61.625 E.02915
G1 X58.578 Y61.557 E.02266
G1 X57.917 Y61.454 E.02263
G1 X57.259 Y61.315 E.02278
G1 X56.706 Y61.174 E.01931
G1 X55.888 Y60.9 E.0292
G1 X55.116 Y60.576 E.02833
G1 X54.626 Y60.328 E.0186
G1 X54.042 Y60.003 E.02263
G1 X53.591 Y59.728 E.01788
G1 X52.889 Y59.228 E.02915
G1 X52.3 Y58.739 E.02591
G1 X51.814 Y58.281 E.02263
G1 X51.35 Y57.793 E.02278
G1 X51.004 Y57.404 E.01763
G1 X50.508 Y56.756 E.02763
G1 X50.06 Y56.076 E.02754
G1 X49.732 Y55.494 E.02264
G1 X49.434 Y54.895 E.02263
G1 X49.169 Y54.281 E.02263
G1 X48.95 Y53.697 E.02113
G1 X48.707 Y52.87 E.02915
G1 X48.565 Y52.216 E.02266
G1 X48.46 Y51.565 E.02232
G1 X48.351 Y50.316 E.04244
G1 X48.359 Y49.455 E.02915
G1 X48.419 Y48.74 E.02429
G1 X48.511 Y48.087 E.02232
G1 X48.669 Y47.306 E.02698
G1 X48.804 Y46.773 E.01859
G1 X49.024 Y46.082 E.02453
G1 X49.305 Y45.375 E.02577
G1 X49.591 Y44.771 E.02264
G1 X49.909 Y44.182 E.02263
G1 X50.175 Y43.73 E.01778
G1 X50.623 Y43.078 E.02676
G1 X51.175 Y42.386 E.02996
G1 X51.599 Y41.929 E.02108
G1 X52.076 Y41.461 E.02263
G1 X52.578 Y41.019 E.02263
G1 X53.066 Y40.63 E.02113
G1 X53.756 Y40.158 E.02829
G1 X54.351 Y39.81 E.02336
G1 X55.058 Y39.45 E.02683
G1 X55.56 Y39.228 E.01859
G1 X56.096 Y39.016 E.01951
G1 X56.918 Y38.758 E.02915
G1 X57.616 Y38.594 E.02429
G1 X58.275 Y38.478 E.02263
G1 X58.938 Y38.398 E.02263
G1 X59.465 Y38.355 E.01788
G1 X60.301 Y38.348 E.02829
G1 X61.094 Y38.398 E.02693
G1 X61.188 Y38.41 E.00318
M204 S500
G1 X61.172 Y38.839 F7200
;TYPE:Outer wall
G1 F1473.915
G1 X61.693 Y38.907 E.01779
G1 X62.32 Y39.021 E.02156
G1 X62.94 Y39.168 E.02156
G1 X63.586 Y39.359 E.02283
G1 X64.316 Y39.636 E.02641
G1 X64.886 Y39.898 E.02125
G1 X65.563 Y40.255 E.02591
G1 X66.008 Y40.521 E.01752
G1 X66.509 Y40.852 E.02036
G1 X67.184 Y41.372 E.02884
G1 X67.659 Y41.798 E.0216
G1 X68.111 Y42.247 E.02156
G1 X68.539 Y42.719 E.02156
G1 X68.908 Y43.166 E.01961
G1 X69.386 Y43.84 E.02797
G1 X69.741 Y44.427 E.02322
G1 X70.039 Y44.99 E.02156
G1 X70.307 Y45.567 E.02156
G1 X70.51 Y46.055 E.01788
G1 X70.765 Y46.818 E.02722
G1 X70.954 Y47.559 E.02589
G1 X71.07 Y48.18 E.02138
G1 X71.155 Y48.811 E.02156
G1 X71.206 Y49.451 E.02174
G1 X71.224 Y50.12 E.02264
G1 X71.187 Y50.89 E.02609
G1 X71.099 Y51.65 E.02592
G1 X71.007 Y52.16 E.01752
G1 X70.868 Y52.782 E.02156
G1 X70.708 Y53.361 E.02036
G1 X70.423 Y54.161 E.02874
G1 X70.115 Y54.857 E.02574
G1 X69.876 Y55.316 E.01753
G1 X69.555 Y55.872 E.02174
G1 X69.251 Y56.354 E.01931
G1 X68.756 Y57.02 E.02809
G1 X68.307 Y57.539 E.02322
G1 X67.863 Y57.996 E.02156
G1 X67.397 Y58.43 E.02156
G1 X66.996 Y58.774 E.01788
G1 X66.329 Y59.267 E.02808
G1 X65.708 Y59.658 E.02484
G1 X65.148 Y59.963 E.02157
G1 X64.574 Y60.239 E.02156
G1 X63.987 Y60.485 E.02156
G1 X63.351 Y60.709 E.02283
G1 X62.598 Y60.915 E.0264
G1 X61.974 Y61.04 E.02157
G1 X61.344 Y61.133 E.02156
G1 X60.709 Y61.193 E.02156
G1 X60.083 Y61.221 E.02122
G1 X59.257 Y61.196 E.02799
G1 X58.622 Y61.131 E.02159
G1 X57.993 Y61.033 E.02156
G1 X57.364 Y60.9 E.02174
G1 X56.812 Y60.759 E.01931
G1 X56.025 Y60.494 E.0281
G1 X55.283 Y60.181 E.02726
G1 X54.821 Y59.947 E.01753
G1 X54.265 Y59.637 E.02156
G1 X53.814 Y59.362 E.01788
G1 X53.139 Y58.88 E.02808
G1 X52.575 Y58.41 E.02484
G1 X52.112 Y57.973 E.02156
G1 X51.669 Y57.507 E.02174
G1 X51.257 Y57.029 E.02138
G1 X50.847 Y56.494 E.02282
G1 X50.419 Y55.841 E.0264
G1 X50.107 Y55.286 E.02157
G1 X49.823 Y54.715 E.02156
G1 X49.57 Y54.131 E.02156
G1 X49.35 Y53.544 E.02122
G1 X49.118 Y52.75 E.02799
G1 X48.985 Y52.127 E.02159
M73 P12 R14
G1 X48.885 Y51.507 E.02125
G1 X48.779 Y50.286 E.04148
G1 X48.788 Y49.46 E.02797
G1 X48.846 Y48.776 E.02321
G1 X48.934 Y48.155 E.02125
G1 X49.086 Y47.405 E.02591
G1 X49.213 Y46.903 E.01752
G1 X49.431 Y46.215 E.02443
G1 X49.703 Y45.535 E.0248
G1 X49.976 Y44.959 E.02156
G1 X50.279 Y44.398 E.02156
G1 X50.61 Y43.854 E.02156
G1 X50.978 Y43.32 E.02196
G1 X51.51 Y42.654 E.02886
G1 X51.912 Y42.222 E.01998
G1 X52.367 Y41.776 E.02156
G1 X52.845 Y41.355 E.02156
G1 X53.335 Y40.964 E.02122
G1 X53.997 Y40.512 E.02713
G1 X54.567 Y40.18 E.02232
G1 X55.244 Y39.836 E.02573
G1 X55.718 Y39.627 E.01752
G1 X56.257 Y39.414 E.01962
G1 X57.045 Y39.167 E.02797
G1 X57.713 Y39.011 E.02322
G1 X58.341 Y38.902 E.02156
G1 X58.973 Y38.825 E.02156
G1 X59.5 Y38.782 E.01788
G1 X60.304 Y38.776 E.02722
G1 X61.067 Y38.825 E.02589
G1 X61.132 Y38.834 E.00223
M204 S10000
G1 E-.8 F1800
G1 X58.355 Y38.062 Z1 F7200
G1 Z.6
G1 E.8 F1800
M204 S500
;TYPE:Internal solid infill
G1 F1473.915
G1 X55.667 Y35.374 E.12869
G1 X55.069 Y35.558 E.02119
G1 X54.214 Y35.879 E.0309
G1 X53.495 Y36.2 E.02666
G1 X52.567 Y36.673 E.03525
G1 X51.787 Y37.139 E.03077
G1 X51.032 Y37.653 E.0309
G1 X50.31 Y38.212 E.0309
G1 X49.623 Y38.812 E.0309
G1 X48.973 Y39.453 E.0309
G1 X48.446 Y40.038 E.02666
G1 X47.791 Y40.848 E.03525
G1 X47.267 Y41.591 E.03077
G1 X46.787 Y42.368 E.0309
G1 X46.355 Y43.172 E.0309
G1 X45.972 Y43.999 E.03085
G1 X45.629 Y44.909 E.03294
G1 X48.208 Y47.489 E.12347
G1 X48.384 Y46.755 E.02552
G1 X48.644 Y45.935 E.02914
G1 X48.963 Y45.135 E.02914
G1 X49.228 Y44.59 E.02052
G1 X49.557 Y43.98 E.02345
G1 X49.832 Y43.511 E.0184
G1 X50.318 Y42.807 E.02897
G1 X50.86 Y42.128 E.0294
G1 X51.303 Y41.651 E.02205
G1 X51.798 Y41.166 E.02346
G1 X52.167 Y40.826 E.01697
G1 X52.822 Y40.305 E.02833
G1 X53.526 Y39.822 E.02891
G1 X54.149 Y39.459 E.0244
G1 X54.878 Y39.086 E.02771
G1 X55.41 Y38.85 E.01972
G1 X55.96 Y38.633 E.02
G1 X56.796 Y38.37 E.02967
G1 X57.703 Y38.157 E.03153
G1 X58.316 Y38.068 E.02097
M204 S10000
G1 E-.8 F1800
G1 X51.847 Y42.119 Z1 F7200
G1 X49.206 Y43.774 Z1
G1 Z.6
G1 E.8 F1800
M204 S500
G1 F1473.915
G1 X49.481 Y43.305 E.0184
G1 X49.983 Y42.575 E.02998
G1 X50.542 Y41.874 E.03036
G1 X51.005 Y41.374 E.02308
G1 X51.522 Y40.866 E.02453
G1 X51.899 Y40.52 E.01733
G1 X52.568 Y39.986 E.02896
G1 X53.296 Y39.486 E.0299
G1 X53.944 Y39.107 E.0254
G1 X54.701 Y38.72 E.0288
G1 X55.261 Y38.471 E.02071
G1 X55.81 Y38.254 E.02
G1 X56.674 Y37.981 E.03067
G1 X57.503 Y37.785 E.02882
G1 X55.553 Y35.835 E.09335
G1 X54.818 Y36.087 E.02629
G1 X54.336 Y36.271 E.01745
G1 X53.67 Y36.567 E.02468
G1 X52.764 Y37.029 E.03442
G1 X52.006 Y37.482 E.0299
G1 X51.272 Y37.983 E.03007
G1 X50.569 Y38.526 E.03007
G1 X49.9 Y39.111 E.03007
G1 X49.267 Y39.734 E.03007
G1 X48.755 Y40.303 E.02589
G1 X48.116 Y41.093 E.03443
G1 X47.607 Y41.816 E.0299
G1 X47.14 Y42.572 E.03007
G1 X46.719 Y43.354 E.03007
G1 X46.347 Y44.156 E.02993
G1 X46.102 Y44.807 E.02355
G1 X47.982 Y46.686 E.08996
G1 X48.256 Y45.811 E.03104
G1 X48.585 Y44.984 E.03014
G1 X48.862 Y44.412 E.02153
G1 X49.187 Y43.809 E.02316
M204 S10000
G1 X48.855 Y43.568 F7200
M204 S500
G1 F1473.915
G1 X49.13 Y43.099 E.0184
G1 X49.648 Y42.344 E.031
G1 X50.224 Y41.62 E.03132
G1 X50.707 Y41.096 E.02411
G1 X51.247 Y40.567 E.02559
G1 X51.631 Y40.213 E.01769
G1 X52.315 Y39.668 E.02959
G1 X53.066 Y39.15 E.03089
G1 X53.739 Y38.755 E.0264
G1 X54.525 Y38.353 E.02989
G1 X55.111 Y38.093 E.0217
G1 X55.66 Y37.876 E.02
G1 X56.698 Y37.556 E.03673
G1 X55.438 Y36.297 E.06028
G1 X54.961 Y36.469 E.01717
G1 X54.283 Y36.74 E.02472
G1 X53.324 Y37.201 E.03601
G1 X52.332 Y37.761 E.03856
G1 X51.531 Y38.299 E.03268
G1 X50.846 Y38.827 E.02925
G1 X50.195 Y39.394 E.02925
G1 X49.828 Y39.754 E.01739
G1 X49.12 Y40.506 E.03497
G1 X48.469 Y41.304 E.03487
G1 X47.961 Y42.021 E.02973
G1 X47.505 Y42.755 E.02925
G1 X47.244 Y43.237 E.01854
G1 X46.825 Y44.094 E.03231
G1 X46.576 Y44.705 E.02233
G1 X47.793 Y45.923 E.05829
G1 X48.207 Y44.833 E.03946
G1 X48.496 Y44.233 E.02253
G1 X48.836 Y43.603 E.02423
M204 S10000
G1 X48.504 Y43.362 F7200
M204 S500
G1 F1473.915
G1 X48.779 Y42.893 E.0184
G1 X49.313 Y42.113 E.03202
G1 X49.906 Y41.366 E.03228
G1 X50.409 Y40.819 E.02514
G1 X50.971 Y40.267 E.02666
G1 X51.363 Y39.907 E.01805
G1 X52.061 Y39.349 E.03022
G1 X52.836 Y38.814 E.03188
G1 X53.534 Y38.403 E.0274
G1 X54.348 Y37.986 E.03099
G1 X54.961 Y37.714 E.02269
G1 X55.511 Y37.497 E.02
G1 X55.928 Y37.362 E.01484
G1 X55.331 Y36.765 E.0286
G1 X54.678 Y37.01 E.02361
G1 X54.021 Y37.302 E.02433
G1 X53.158 Y37.742 E.03277
G1 X52.444 Y38.169 E.02815
G1 X51.751 Y38.642 E.02842
G1 X51.086 Y39.155 E.02842
G1 X50.454 Y39.708 E.02842
G1 X49.856 Y40.297 E.02842
G1 X49.375 Y40.832 E.02433
G1 X48.766 Y41.584 E.03278
G1 X48.287 Y42.264 E.02815
G1 X47.846 Y42.979 E.02842
G1 X47.448 Y43.718 E.02842
G1 X47.049 Y44.603 E.03284
G1 X47.629 Y45.182 E.02775
G1 X47.829 Y44.682 E.01825
G1 X48.13 Y44.055 E.02353
G1 X48.485 Y43.397 E.0253
M204 S10000
G1 X47.492 Y44.515 F7200
M204 S500
;WIDTH:0.39046
G1 F1726.419
G1 X47.788 Y43.889 E.02002
G1 X48.175 Y43.169 E.02361
G1 X48.456 Y42.703 E.01571
G1 X49.004 Y41.899 E.02813
G1 X49.614 Y41.132 E.02832
G1 X50.131 Y40.56 E.02227
G1 X50.713 Y39.987 E.02361
G1 X51.117 Y39.625 E.01569
G1 X51.828 Y39.056 E.0263
M73 P12 R13
G1 X52.623 Y38.503 E.028
G1 X53.342 Y38.075 E.02418
G1 X54.184 Y37.644 E.02732
G1 X54.822 Y37.361 E.02016
G1 X55.199 Y37.216 E.01168
M204 S10000
G1 E-.8 F1800
G1 X62.665 Y38.798 Z1 F7200
G1 X72.537 Y40.889 Z1
G1 Z.6
G1 E.8 F1800
M204 S500
;WIDTH:0.46813
G1 F1411.067
G1 X70.394 Y38.746 E.10717
G1 X69.728 Y38.165 E.03124
G1 X69.003 Y37.604 E.0324
G1 X68.291 Y37.118 E.0305
G1 X67.973 Y36.927 E.0131
G1 X73.074 Y42.027 E.25503
G1 X73.265 Y42.337 E.01289
G1 X73.7 Y43.144 E.0324
G1 X73.795 Y43.35 E.00799
G1 X66.636 Y36.191 E.35793
G1 X65.809 Y35.823 E.03203
G1 X65.581 Y35.737 E.0086
G1 X74.256 Y44.412 E.43377
G1 X74.419 Y44.826 E.01571
M73 P13 R13
G1 X74.581 Y45.339 E.01902
G1 X64.651 Y35.408 E.49654
G1 X64.152 Y35.254 E.01844
G1 X64.102 Y35.305 E.00251
G1 X63.893 Y35.251 E.00764
G1 X74.83 Y46.189 E.54687
G1 X74.934 Y46.588 E.01458
G1 X75.009 Y46.969 E.01373
G1 X63.097 Y35.057 E.59561
G1 X62.353 Y34.914 E.02678
G1 X75.14 Y47.701 E.63937
G1 X75.234 Y48.397 E.02481
G1 X61.648 Y34.811 E.67931
G1 X60.98 Y34.744 E.02372
G1 X65.654 Y39.418 E.2337
G1 X65.498 Y39.331 E.00633
G1 X64.682 Y38.948 E.03186
G1 X64.522 Y38.887 E.00606
G1 X60.351 Y34.716 E.20855
G1 X59.741 Y34.707 E.02158
G1 X63.585 Y38.551 E.19221
G1 X62.978 Y38.372 E.02234
G1 X62.755 Y38.323 E.00808
G1 X59.154 Y34.722 E.18008
G1 X58.589 Y34.758 E.02002
G1 X62 Y38.17 E.17058
G1 X61.298 Y38.069 E.0251
G1 X58.042 Y34.813 E.16277
G1 X57.515 Y34.887 E.01885
G1 X60.652 Y38.024 E.15687
G1 X60.303 Y38.002 E.01236
G1 X60.031 Y38.004 E.00964
G1 X57.005 Y34.979 E.15127
G1 X56.512 Y35.087 E.01784
G1 X59.436 Y38.011 E.14618
G1 X58.88 Y38.056 E.01973
G1 X55.884 Y35.06 E.14977
M204 S10000
G1 E-.8 F1800
G1 X62.375 Y39.076 Z1 F7200
G1 X70.075 Y43.839 Z1
G1 Z.6
G1 E.8 F1800
M204 S500
G1 F1411.067
G1 X75.25 Y49.014 E.25877
G1 X75.284 Y49.65 E.0225
G1 X71.106 Y45.471 E.20893
G1 X71.227 Y45.761 E.01113
G1 X71.445 Y46.412 E.02426
G1 X75.29 Y50.257 E.19224
G1 X75.276 Y50.844 E.02076
G1 X71.669 Y47.237 E.18033
G1 X71.741 Y47.52 E.01033
G1 X71.823 Y47.993 E.01695
G1 X75.236 Y51.406 E.17066
G1 X75.18 Y51.951 E.01937
G1 X71.921 Y48.692 E.16295
G1 X71.976 Y49.348 E.02327
G1 X75.108 Y52.48 E.15662
G1 X75.02 Y52.994 E.01843
G1 X71.993 Y49.967 E.15135
G1 X71.978 Y50.553 E.02073
G1 X74.909 Y53.483 E.14653
G1 X74.791 Y53.967 E.0176
G1 X71.774 Y50.951 E.15082
M204 S10000
G1 E-.8 F1800
G1 X68.123 Y57.653 Z1 F7200
G1 X65.483 Y62.5 Z1
M73 P14 R13
G1 Z.6
G1 E.8 F1800
M204 S500
;WIDTH:0.389062
G1 F1733.394
G1 X65.965 Y62.279 E.01526
G1 X66.769 Y61.855 E.02617
G1 X67.611 Y61.335 E.02847
G1 X68.394 Y60.767 E.02783
G1 X68.984 Y60.279 E.02205
G1 X69.583 Y59.723 E.02351
G1 X69.933 Y59.366 E.01441
G1 X70.584 Y58.625 E.02839
G1 X71.167 Y57.857 E.02774
G1 X71.615 Y57.174 E.02352
G1 X72.024 Y56.467 E.02351
G1 X72.256 Y56.017 E.01456
G1 X72.638 Y55.165 E.02688
G1 X72.778 Y54.799 E.01128
M204 S10000
G1 E-.8 F1800
G1 X67.351 Y60.166 Z1 F7200
G1 X65.353 Y62.142 Z1
G1 Z.6
G1 E.8 F1800
M204 S500
;WIDTH:0.449999
G1 F1473.915
G1 X64.844 Y62.362 E.01879
G1 X64.837 Y62.391 E.00098
G1 X65.393 Y62.947 E.02662
G1 X66.077 Y62.638 E.02541
G1 X66.952 Y62.182 E.03338
G1 X67.813 Y61.652 E.03424
G1 X68.617 Y61.072 E.03353
G1 X69.225 Y60.573 E.02665
G1 X69.595 Y60.23 E.01707
G1 X70.203 Y59.624 E.02906
G1 X70.871 Y58.867 E.03415
G1 X71.47 Y58.084 E.03338
G1 X71.933 Y57.384 E.02842
G1 X72.353 Y56.657 E.02842
G1 X72.59 Y56.184 E.01789
G1 X72.981 Y55.315 E.03228
G1 X73.229 Y54.664 E.02359
G1 X72.637 Y54.071 E.02836
G1 X72.337 Y54.912 E.03023
G1 X71.995 Y55.691 E.02878
G1 X71.689 Y56.287 E.02269
G1 X71.292 Y56.971 E.02675
G1 X70.982 Y57.464 E.01973
G1 X70.375 Y58.286 E.03458
G1 X69.862 Y58.885 E.02671
G1 X69.314 Y59.454 E.02672
G1 X68.735 Y59.99 E.02673
G1 X68.325 Y60.344 E.01832
G1 X67.498 Y60.957 E.03484
G1 X66.803 Y61.398 E.02787
G1 X66.115 Y61.779 E.02663
G1 X65.389 Y62.125 E.0272
M204 S10000
G1 X65.189 Y61.77 F7200
M204 S500
G1 F1473.915
G1 X64.708 Y61.978 E.01773
G1 X64.073 Y62.202 E.0228
G1 X65.297 Y63.426 E.0586
G1 X65.826 Y63.21 E.01934
G1 X66.654 Y62.814 E.03107
G1 X67.407 Y62.394 E.02919
G1 X68.134 Y61.93 E.02919
G1 X68.875 Y61.388 E.03107
G1 X69.502 Y60.872 E.02748
G1 X70.135 Y60.284 E.02925
G1 X70.733 Y59.66 E.02925
G1 X71.291 Y59.001 E.02925
G1 X71.81 Y58.309 E.02925
G1 X72.286 Y57.588 E.02925
G1 X72.718 Y56.84 E.02924
G1 X73.049 Y56.176 E.02511
G1 X73.446 Y55.266 E.0336
G1 X73.7 Y54.558 E.02546
G1 X72.437 Y53.295 E.06047
G1 X72.296 Y53.808 E.01799
G1 X72.053 Y54.498 E.02476
G1 X71.623 Y55.525 E.03771
G1 X71.33 Y56.095 E.02169
G1 X70.948 Y56.754 E.02578
G1 X70.638 Y57.247 E.01973
G1 X70.049 Y58.042 E.03349
G1 X69.554 Y58.618 E.02569
G1 X69.027 Y59.166 E.02573
G1 X68.469 Y59.682 E.02573
G1 X68.059 Y60.036 E.01832
G1 X67.257 Y60.629 E.03378
G1 X66.587 Y61.053 E.02685
G1 X65.924 Y61.419 E.02563
G1 X65.225 Y61.752 E.02621
M204 S10000
G1 X65.024 Y61.397 F7200
M204 S500
G1 F1473.915
G1 X63.711 Y61.898 E.04755
G1 X63.305 Y62.01 E.01428
G1 X65.198 Y63.903 E.09065
G1 X65.936 Y63.604 E.02694
G1 X66.428 Y63.373 E.01842
G1 X67.348 Y62.893 E.03512
G1 X68.251 Y62.338 E.03589
G1 X69.097 Y61.729 E.03527
G1 X69.742 Y61.202 E.02821
G1 X70.149 Y60.827 E.01872
G1 X70.792 Y60.187 E.03071
G1 X71.492 Y59.394 E.0358
G1 X72.121 Y58.572 E.03503
G1 X72.612 Y57.832 E.03007
G1 X72.879 Y57.374 E.01796
G1 X73.296 Y56.593 E.02994
G1 X73.727 Y55.64 E.03542
G1 X73.915 Y55.164 E.01731
G1 X74.163 Y54.446 E.02571
G1 X72.208 Y52.491 E.09359
G1 X71.903 Y53.7 E.04221
G1 X71.669 Y54.361 E.02373
G1 X71.251 Y55.36 E.03666
G1 X70.971 Y55.903 E.02069
G1 X70.603 Y56.537 E.02482
G1 X70.293 Y57.031 E.01973
G1 X69.722 Y57.799 E.03239
G1 X69.247 Y58.351 E.02467
G1 X68.74 Y58.877 E.02473
G1 X68.203 Y59.374 E.02474
G1 X67.793 Y59.727 E.01832
G1 X67.016 Y60.301 E.03271
G1 X66.37 Y60.708 E.02583
G1 X65.733 Y61.06 E.02463
G1 X65.06 Y61.38 E.02522
M204 S10000
G1 X64.86 Y61.025 F7200
M204 S500
G1 F1473.915
G1 X63.576 Y61.514 E.04649
G1 X62.727 Y61.744 E.02978
G1 X62.507 Y61.788 E.0076
G1 X65.082 Y64.363 E.12328
G1 X66.09 Y63.981 E.03648
G1 X67.072 Y63.513 E.03683
G1 X67.825 Y63.093 E.02918
G1 X68.594 Y62.602 E.03088
G1 X69.374 Y62.031 E.03272
G1 X70.038 Y61.485 E.02908
G1 X70.707 Y60.865 E.0309
G1 X71.338 Y60.205 E.0309
G1 X71.928 Y59.508 E.0309
G1 X72.476 Y58.778 E.0309
G1 X72.978 Y58.016 E.0309
G1 X73.435 Y57.226 E.03089
G1 X73.787 Y56.521 E.02667
G1 X74.203 Y55.567 E.03525
G1 X74.51 Y54.711 E.03077
G1 X74.622 Y54.329 E.01348
G1 X71.94 Y51.647 E.12835
G1 X71.742 Y52.746 E.0378
G1 X71.511 Y53.592 E.02968
G1 X71.286 Y54.224 E.02269
G1 X70.879 Y55.194 E.03561
G1 X70.612 Y55.711 E.01969
G1 X70.259 Y56.321 E.02385
G1 X69.948 Y56.814 E.01973
G1 X69.396 Y57.556 E.0313
G1 X68.939 Y58.084 E.02365
G1 X68.453 Y58.589 E.02373
G1 X67.937 Y59.066 E.02375
G1 X67.528 Y59.419 E.01832
G1 X66.775 Y59.973 E.03165
G1 X66.154 Y60.363 E.02481
G1 X65.542 Y60.7 E.02364
G1 X64.896 Y61.008 E.02423
M204 S10000
G1 E-.8 F1800
G1 X61.858 Y61.665 Z1 F7200
G1 Z.6
G1 E.8 F1800
M204 S500
;WIDTH:0.46163
G1 F1432.973
G1 X64.747 Y64.554 E.14226
G1 X64.295 Y64.694 E.01648
G1 X61.494 Y61.894 E.13789
G1 X60.965 Y61.957 E.01856
G1 X63.831 Y64.822 E.1411
G1 X63.353 Y64.936 E.01711
G1 X60.397 Y61.981 E.14553
G1 X60.054 Y61.995 E.01195
G1 X59.812 Y61.987 E.00845
G1 X62.865 Y65.04 E.15031
G1 X62.357 Y65.125 E.01792
G1 X59.2 Y61.968 E.15545
G1 X58.54 Y61.9 E.02307
G1 X61.835 Y65.195 E.16221
G1 X61.292 Y65.244 E.01898
G1 X57.84 Y61.792 E.16997
G1 X57.498 Y61.731 E.01209
G1 X57.081 Y61.626 E.01497
G1 X60.733 Y65.277 E.1798
G1 X60.15 Y65.286 E.0203
G1 X56.249 Y61.385 E.19209
G1 X55.716 Y61.205 E.01958
G1 X55.3 Y61.028 E.01574
G1 X59.549 Y65.277 E.2092
G1 X58.918 Y65.239 E.022
G1 X53.609 Y59.93 E.26139
M204 S10000
G1 E-.8 F1800
M73 P15 R13
G1 X49.877 Y53.272 Z1 F7200
G1 X45.298 Y45.105 Z1
G1 Z.6
G1 E.8 F1800
M204 S500
G1 F1432.973
G1 X48.178 Y47.986 E.14183
G1 X48.097 Y48.497 E.01801
G1 X45.298 Y45.697 E.13783
G1 X45.176 Y46.167 E.0169
G1 X48.047 Y49.038 E.14136
G1 X48.012 Y49.595 E.01944
G1 X45.061 Y46.645 E.14527
G1 X44.961 Y47.137 E.01747
G1 X48.005 Y50.181 E.14988
G1 X48.036 Y50.804 E.02173
G1 X44.87 Y47.638 E.15591
G1 X44.803 Y48.163 E.01845
G1 X48.097 Y51.457 E.16218
G1 X48.197 Y52.15 E.02436
G1 X44.752 Y48.704 E.16966
G1 X44.72 Y49.264 E.01955
G1 X48.358 Y52.903 E.17914
G1 X48.599 Y53.736 E.03019
G1 X44.709 Y49.845 E.19156
G1 X44.72 Y50.448 E.021
G1 X48.957 Y54.686 E.20866
G1 X49.31 Y55.447 E.02921
G1 X49.539 Y55.86 E.01643
G1 X44.763 Y51.083 E.23518
G1 X44.83 Y51.742 E.02306
G1 X58.303 Y65.216 E.66341
G1 X57.616 Y65.121 E.02418
G1 X44.929 Y52.434 E.62463
G1 X45.079 Y53.176 E.02634
G1 X56.891 Y64.988 E.5816
G1 X56.368 Y64.877 E.0186
G1 X56.119 Y64.808 E.00901
G1 X45.181 Y53.87 E.53856
G1 X45.425 Y54.707 E.03034
G1 X55.283 Y64.564 E.48536
G1 X54.621 Y64.338 E.02435
G1 X54.352 Y64.226 E.01014
G1 X45.759 Y55.633 E.42312
G1 X46.101 Y56.435 E.03038
G1 X46.233 Y56.699 E.01028
G1 X53.295 Y63.761 E.34771
G1 X52.944 Y63.592 E.01358
G1 X51.989 Y63.047 E.03828
G1 X46.941 Y57.999 E.24856
G1 X47.474 Y58.813 E.0339
G1 X48.024 Y59.547 E.03191
G1 X48.617 Y60.246 E.03191
G1 X49.075 Y60.725 E.02309
G1 X50.85 Y62.5 E.08739
; stop printing object fidget-finger-massager-2000-ring.stl id:15 copy 0
M106 S76
;LAYER_CHANGE
;Z:0.8
;HEIGHT:0.2
G92 E0
;_SET_FAN_SPEED_CHANGING_LAYER
; printing object fidget-finger-massager-2000-ring.stl id:15 copy 0
M204 S10000
G1 E-.8 F1800
G1 X50.332 Y54.885 Z1.2 F7200
G1 X49.21 Y38.367 Z1.2
G1 Z.8
M73 P16 R13
G1 E.8 F1800
M204 S1500
;TYPE:Inner wall
;WIDTH:0.449999
G1 F1473.915
G1 X49.925 Y37.743 E.03213
G1 X50.675 Y37.162 E.03213
G1 X51.46 Y36.627 E.03213
G1 X52.226 Y36.169 E.03023
G1 X53.118 Y35.703 E.03405
G1 X53.984 Y35.317 E.03209
G1 X54.873 Y34.984 E.03213
G1 X55.78 Y34.704 E.03213
G1 X56.702 Y34.479 E.03213
G1 X57.636 Y34.31 E.03213
G1 X58.578 Y34.196 E.03213
G1 X59.525 Y34.139 E.03213
G1 X60.475 Y34.139 E.03213
G1 X61.366 Y34.193 E.03023
G1 X62.365 Y34.31 E.03405
G1 X63.298 Y34.479 E.03209
G1 X64.22 Y34.704 E.03213
G1 X65.127 Y34.984 E.03213
G1 X65.964 Y35.298 E.03023
G1 X66.884 Y35.704 E.03405
G1 X67.725 Y36.141 E.03209
G1 X68.492 Y36.599 E.03023
G1 X69.325 Y37.163 E.03405
G1 X70.075 Y37.743 E.03209
G1 X70.79 Y38.367 E.03213
G1 X71.466 Y39.033 E.03213
G1 X72.101 Y39.739 E.03213
G1 X72.693 Y40.481 E.03213
G1 X73.24 Y41.257 E.03213
G1 X73.738 Y42.064 E.03213
G1 X74.188 Y42.9 E.03213
G1 X74.587 Y43.761 E.03213
G1 X74.934 Y44.645 E.03213
G1 X75.227 Y45.548 E.03213
G1 X75.466 Y46.466 E.03213
G1 X75.65 Y47.397 E.03213
G1 X75.769 Y48.283 E.03023
G1 X75.849 Y49.352 E.0363
G1 X75.862 Y50.234 E.02984
G1 X75.819 Y51.182 E.03213
G1 X75.72 Y52.126 E.03213
G1 X75.565 Y53.062 E.03213
G1 X75.354 Y53.987 E.03213
G1 X75.087 Y54.898 E.03213
G1 X74.767 Y55.792 E.03213
G1 X74.394 Y56.665 E.03213
G1 X73.97 Y57.514 E.03213
G1 X73.495 Y58.336 E.03213
G1 X72.972 Y59.128 E.03213
G1 X72.403 Y59.887 E.03213
G1 X71.789 Y60.611 E.03213
G1 X71.172 Y61.257 E.03023
G1 X70.437 Y61.943 E.03405
G1 X69.704 Y62.546 E.03209
G1 X68.936 Y63.104 E.03213
G1 X68.137 Y63.614 E.03213
G1 X67.308 Y64.077 E.03213
G1 X66.452 Y64.489 E.03213
G1 X65.574 Y64.848 E.03213
G1 X64.729 Y65.137 E.03023
G1 X63.76 Y65.408 E.03405
G1 X62.833 Y65.605 E.03209
G1 X61.894 Y65.747 E.03213
G1 X60.949 Y65.832 E.03213
G1 X60 Y65.86 E.03213
G1 X59.051 Y65.832 E.03213
G1 X58.106 Y65.747 E.03213
G1 X57.223 Y65.613 E.03023
G1 X56.238 Y65.407 E.03405
G1 X55.324 Y65.155 E.03209
G1 X54.426 Y64.848 E.03213
G1 X53.548 Y64.489 E.03213
G1 X52.743 Y64.101 E.03023
G1 X51.863 Y63.614 E.03405
G1 X51.064 Y63.104 E.03209
G1 X50.296 Y62.546 E.03213
G1 X49.563 Y61.943 E.03213
G1 X48.867 Y61.297 E.03213
G1 X48.211 Y60.611 E.03213
G1 X47.597 Y59.887 E.03213
G1 X47.061 Y59.172 E.03023
G1 X46.504 Y58.335 E.03406
G1 X46.03 Y57.514 E.03209
G1 X45.606 Y56.665 E.03213
G1 X45.233 Y55.792 E.03213
G1 X44.913 Y54.898 E.03213
G1 X44.646 Y53.987 E.03213
G1 X44.435 Y53.062 E.03213
G1 X44.28 Y52.126 E.03213
G1 X44.181 Y51.182 E.03213
G1 X44.138 Y50.234 E.03213
G1 X44.152 Y49.284 E.03213
G1 X44.223 Y48.338 E.03213
G1 X44.35 Y47.397 E.03213
G1 X44.534 Y46.466 E.03213
G1 X44.759 Y45.602 E.03023
G1 X45.066 Y44.644 E.03405
G1 X45.413 Y43.761 E.03209
G1 X45.812 Y42.9 E.03213
G1 X46.262 Y42.064 E.03213
G1 X46.731 Y41.304 E.03023
G1 X47.307 Y40.48 E.03405
G1 X47.899 Y39.739 E.03209
G1 X48.534 Y39.033 E.03213
G1 X49.181 Y38.395 E.03077
M204 S500
G1 X48.918 Y38.053 F7200
;TYPE:Outer wall
G1 F1473.915
G1 X49.652 Y37.412 E.033
G1 X50.423 Y36.815 E.033
G1 X51.229 Y36.266 E.033
G1 X52.017 Y35.795 E.03108
G1 X52.931 Y35.317 E.03492
G1 X53.821 Y34.921 E.03298
G1 X54.734 Y34.578 E.033
G1 X55.666 Y34.291 E.033
G1 X56.613 Y34.06 E.033
G1 X57.572 Y33.886 E.033
G1 X58.54 Y33.769 E.033
G1 X59.513 Y33.711 E.033
G1 X60.487 Y33.711 E.033
G1 X61.404 Y33.766 E.03108
G1 X62.429 Y33.886 E.03492
G1 X63.387 Y34.06 E.03298
G1 X64.334 Y34.291 E.033
G1 X65.266 Y34.578 E.033
G1 X66.126 Y34.901 E.03108
G1 X67.069 Y35.317 E.03492
G1 X67.934 Y35.766 E.03298
G1 X68.722 Y36.237 E.03108
G1 X69.577 Y36.815 E.03492
G1 X70.348 Y37.412 E.03298
G1 X71.082 Y38.053 E.033
G1 X71.776 Y38.737 E.03299
G1 X72.428 Y39.461 E.033
G1 X73.036 Y40.224 E.033
G1 X73.597 Y41.021 E.033
G1 X74.11 Y41.85 E.033
G1 X74.572 Y42.708 E.033
G1 X74.981 Y43.593 E.033
G1 X75.338 Y44.5 E.033
G1 X75.639 Y45.427 E.03299
G1 X75.884 Y46.371 E.033
G1 X76.072 Y47.327 E.03299
G1 X76.196 Y48.237 E.03108
G1 X76.277 Y49.346 E.03763
G1 X76.291 Y50.24 E.03027
G1 X76.247 Y51.214 E.03299
G1 X76.145 Y52.183 E.033
G1 X75.985 Y53.145 E.03299
G1 X75.769 Y54.095 E.033
G1 X75.495 Y55.031 E.033
G1 X75.166 Y55.949 E.033
G1 X74.783 Y56.845 E.033
G1 X74.347 Y57.717 E.033
G1 X73.86 Y58.561 E.033
G1 X73.323 Y59.374 E.033
G1 X72.738 Y60.154 E.033
G1 X72.108 Y60.898 E.033
G1 X71.473 Y61.562 E.03108
G1 X70.719 Y62.266 E.03492
G1 X69.967 Y62.885 E.03298
G1 X69.178 Y63.458 E.033
G1 X68.356 Y63.983 E.03299
G1 X67.505 Y64.457 E.033
G1 X66.627 Y64.88 E.03299
G1 X65.725 Y65.25 E.033
G1 X64.856 Y65.547 E.03108
G1 X63.862 Y65.824 E.03492
G1 X62.909 Y66.027 E.03298
G1 X61.945 Y66.172 E.033
G1 X60.974 Y66.26 E.033
G1 X60 Y66.289 E.033
G1 X59.026 Y66.26 E.033
G1 X58.055 Y66.172 E.033
G1 X57.147 Y66.035 E.03108
G1 X56.137 Y65.824 E.03492
G1 X55.198 Y65.565 E.03298
G1 X54.275 Y65.25 E.033
G1 X53.373 Y64.88 E.033
G1 X52.546 Y64.482 E.03108
G1 X51.643 Y63.982 E.03492
G1 X50.822 Y63.458 E.03298
G1 X50.033 Y62.885 E.033
G1 X49.28 Y62.266 E.033
G1 X48.566 Y61.603 E.03299
G1 X47.892 Y60.898 E.033
G1 X47.262 Y60.154 E.033
G1 X46.711 Y59.42 E.03108
G1 X46.14 Y58.561 E.03492
G1 X45.653 Y57.717 E.03298
G1 X45.217 Y56.845 E.033
G1 X44.834 Y55.949 E.033
G1 X44.505 Y55.031 E.033
G1 X44.231 Y54.095 E.03299
G1 X44.015 Y53.145 E.033
G1 X43.855 Y52.183 E.03299
G1 X43.753 Y51.214 E.033
G1 X43.709 Y50.24 E.03299
G1 X43.724 Y49.265 E.033
G1 X43.797 Y48.293 E.03299
G1 X43.928 Y47.327 E.033
G1 X44.116 Y46.371 E.03299
G1 X44.347 Y45.482 E.03108
G1 X44.663 Y44.5 E.03492
G1 X45.019 Y43.593 E.03298
G1 X45.428 Y42.708 E.033
G1 X45.89 Y41.85 E.033
G1 X46.373 Y41.069 E.03108
G1 X46.964 Y40.223 E.03492
G1 X47.572 Y39.461 E.03298
G1 X48.224 Y38.737 E.033
G1 X48.89 Y38.081 E.03164
M204 S10000
G1 E-.8 F1800
G1 X56.519 Y38.289 Z1.2 F7200
G1 X61.238 Y38.418 Z1.2
G1 Z.8
G1 E.8 F1800
M204 S1500
;TYPE:Inner wall
G1 F1473.915
G1 X61.759 Y38.483 E.01776
G1 X62.41 Y38.602 E.02243
G1 X62.924 Y38.716 E.0178
G1 X63.706 Y38.948 E.02762
G1 X64.421 Y39.217 E.02585
G1 X65.081 Y39.516 E.02452
G1 X65.668 Y39.823 E.02243
G1 X66.199 Y40.133 E.02081
G1 X66.765 Y40.507 E.02296
G1 X67.447 Y41.033 E.02915
G1 X67.947 Y41.48 E.02271
G1 X68.42 Y41.951 E.02258
G1 X68.868 Y42.445 E.02258
G1 X69.236 Y42.89 E.01955
G1 X69.691 Y43.53 E.02657
G1 X70.115 Y44.219 E.02738
G1 X70.421 Y44.797 E.02213
G1 X70.702 Y45.402 E.02258
G1 X70.906 Y45.89 E.01791
G1 X71.155 Y46.634 E.02657
G1 X71.372 Y47.464 E.02902
G1 X71.492 Y48.107 E.02214
G1 X71.576 Y48.716 E.02081
G1 X71.632 Y49.451 E.02496
G1 X71.653 Y50.103 E.02208
G1 X71.615 Y50.922 E.02776
G1 X71.538 Y51.585 E.02259
M73 P17 R13
G1 X71.427 Y52.243 E.02258
G1 X71.282 Y52.894 E.02259
G1 X71.135 Y53.424 E.0186
G1 X70.827 Y54.305 E.03159
G1 X70.555 Y54.923 E.02285
G1 X70.254 Y55.518 E.02258
G1 X69.912 Y56.106 E.02303
G1 X69.614 Y56.581 E.01896
G1 X69.099 Y57.276 E.02929
G1 X68.63 Y57.821 E.02435
G1 X68.203 Y58.263 E.02081
G1 X67.673 Y58.758 E.02451
G1 X67.275 Y59.099 E.01776
G1 X66.583 Y59.612 E.02915
G1 X65.934 Y60.022 E.02599
G1 X65.348 Y60.342 E.02259
G1 X64.747 Y60.631 E.02258
G1 X64.265 Y60.841 E.0178
G1 X63.496 Y61.113 E.02762
G1 X62.704 Y61.33 E.02778
G1 X62.054 Y61.461 E.02244
G1 X61.394 Y61.559 E.02258
G1 X60.73 Y61.621 E.02258
G1 X60.105 Y61.649 E.02119
G1 X59.244 Y61.625 E.02915
G1 X58.576 Y61.557 E.02271
G1 X57.969 Y61.464 E.02081
G1 X57.247 Y61.31 E.02496
G1 X56.708 Y61.175 E.01881
G1 X55.888 Y60.9 E.02929
G1 X55.225 Y60.622 E.02435
G1 X54.672 Y60.352 E.02081
G1 X53.594 Y59.73 E.04212
G1 X52.889 Y59.228 E.02929
G1 X52.299 Y58.738 E.02599
G1 X51.813 Y58.28 E.02259
G1 X51.353 Y57.797 E.02258
G1 X51.004 Y57.404 E.0178
G1 X50.554 Y56.816 E.02504
G1 X50.049 Y56.059 E.03081
G1 X49.731 Y55.493 E.02199
G1 X49.434 Y54.895 E.02258
G1 X49.169 Y54.283 E.02258
G1 X48.95 Y53.697 E.02119
G1 X48.707 Y52.87 E.02915
G1 X48.565 Y52.214 E.02271
G1 X48.459 Y51.556 E.02258
G1 X48.387 Y50.892 E.02258
G1 X48.351 Y50.316 E.01955
G1 X48.359 Y49.455 E.02915
G1 X48.419 Y48.738 E.02435
G1 X48.517 Y48.064 E.02304
G1 X48.641 Y47.423 E.02213
G1 X48.764 Y46.908 E.01791
G1 X49.022 Y46.086 E.02915
G1 X49.306 Y45.373 E.02599
G1 X49.599 Y44.759 E.02304
G1 X49.908 Y44.183 E.02213
G1 X50.175 Y43.73 E.0178
G1 X50.64 Y43.054 E.02778
G1 X51.128 Y42.444 E.02642
G1 X51.61 Y41.92 E.0241
G1 X52.076 Y41.462 E.02213
G1 X52.576 Y41.02 E.02258
G1 X53.066 Y40.63 E.02119
G1 X53.714 Y40.187 E.02657
G1 X54.324 Y39.827 E.02397
G1 X54.954 Y39.5 E.02406
G1 X55.559 Y39.229 E.02243
G1 X56.096 Y39.016 E.01955
G1 X56.918 Y38.758 E.02915
G1 X57.618 Y38.593 E.02435
G1 X58.275 Y38.478 E.02259
G1 X58.938 Y38.398 E.02258
G1 X59.465 Y38.355 E.01791
G1 X60.25 Y38.348 E.02657
G1 X61.053 Y38.395 E.02724
G1 X61.198 Y38.413 E.00495
M204 S500
G1 X61.185 Y38.843 F7200
;TYPE:Outer wall
G1 F1473.915
G1 X61.698 Y38.907 E.01753
G1 X62.319 Y39.021 E.02136
G1 X62.938 Y39.167 E.02151
G1 X63.586 Y39.359 E.02289
G1 X64.269 Y39.618 E.02472
G1 X64.9 Y39.904 E.02345
G1 X65.459 Y40.197 E.02136
G1 X65.962 Y40.491 E.01974
G1 X66.53 Y40.866 E.02303
G1 X67.185 Y41.372 E.02801
G1 X67.661 Y41.799 E.02164
G1 X68.111 Y42.247 E.02151
G1 X68.538 Y42.718 E.02151
G1 X68.908 Y43.166 E.01966
G1 X69.342 Y43.778 E.02539
G1 X69.749 Y44.443 E.0264
G1 X70.039 Y44.99 E.02097
G1 X70.307 Y45.567 E.02151
G1 X70.51 Y46.055 E.01791
G1 X70.749 Y46.77 E.0255
G1 X70.957 Y47.571 E.02804
G1 X71.07 Y48.18 E.02097
G1 X71.15 Y48.758 E.01974
G1 X71.203 Y49.464 E.02398
G1 X71.224 Y50.12 E.02219
G1 X71.187 Y50.902 E.0265
G1 X71.113 Y51.533 E.02152
G1 X71.007 Y52.16 E.02151
G1 X70.869 Y52.78 E.02151
G1 X70.721 Y53.312 E.01869
G1 X70.423 Y54.163 E.03053
G1 X70.163 Y54.749 E.02169
G1 X69.876 Y55.316 E.02151
G1 X69.251 Y56.354 E.041
G1 X68.756 Y57.02 E.02812
G1 X68.306 Y57.541 E.02328
G1 X67.9 Y57.96 E.01974
G1 X67.394 Y58.433 E.02344
G1 X66.996 Y58.774 E.01776
G1 X66.329 Y59.267 E.02808
G1 X65.706 Y59.659 E.02492
G1 X65.148 Y59.964 E.02152
G1 X64.575 Y60.239 E.02151
G1 X63.989 Y60.484 E.02151
G1 X63.351 Y60.709 E.02289
G1 X62.591 Y60.916 E.02665
G1 X61.972 Y61.04 E.02137
G1 X61.344 Y61.133 E.02151
G1 X60.711 Y61.193 E.02151
G1 X60.083 Y61.221 E.02127
G1 X59.257 Y61.196 E.02799
G1 X58.621 Y61.131 E.02164
G1 X58.044 Y61.042 E.01974
G1 X57.352 Y60.894 E.02398
G1 X56.813 Y60.759 E.01881
G1 X56.025 Y60.494 E.02812
G1 X55.391 Y60.227 E.02328
G1 X54.867 Y59.971 E.01974
G1 X53.815 Y59.363 E.04114
G1 X53.139 Y58.88 E.02812
G1 X52.573 Y58.409 E.02492
G1 X52.111 Y57.972 E.02152
G1 X51.673 Y57.512 E.02151
G1 X51.258 Y57.03 E.02151
G1 X50.893 Y56.554 E.02031
G1 X50.406 Y55.822 E.02977
G1 X50.106 Y55.285 E.02082
G1 X49.824 Y54.716 E.02151
G1 X49.571 Y54.133 E.02151
G1 X49.35 Y53.544 E.02127
G1 X49.118 Y52.75 E.02799
G1 X48.984 Y52.125 E.02164
G1 X48.883 Y51.498 E.02151
G1 X48.815 Y50.866 E.02151
G1 X48.779 Y50.286 E.01966
G1 X48.788 Y49.46 E.02797
G1 X48.846 Y48.775 E.02328
G1 X48.941 Y48.13 E.02206
G1 X49.058 Y47.522 E.02096
G1 X49.18 Y47.007 E.01791
G1 X49.431 Y46.216 E.02808
G1 X49.704 Y45.532 E.02492
G1 X49.985 Y44.945 E.02206
G1 X50.278 Y44.399 E.02097
G1 X50.579 Y43.899 E.01974
G1 X50.992 Y43.299 E.02465
G1 X51.462 Y42.713 E.02545
G1 X51.925 Y42.21 E.02312
G1 X52.367 Y41.776 E.02097
G1 X52.843 Y41.356 E.02151
G1 X53.335 Y40.964 E.02127
G1 X53.955 Y40.541 E.02541
G1 X54.54 Y40.197 E.02299
G1 X55.141 Y39.886 E.02289
G1 X55.717 Y39.627 E.02136
G1 X56.257 Y39.414 E.01966
G1 X57.045 Y39.167 E.02797
G1 X57.715 Y39.011 E.02328
G1 X58.341 Y38.902 E.02151
G1 X58.972 Y38.825 E.02151
G1 X59.5 Y38.782 E.01791
G1 X60.253 Y38.777 E.02549
G1 X61.027 Y38.823 E.02626
G1 X61.145 Y38.838 E.00401
M204 S10000
G1 X62.251 Y37.394 F7200
M204 S500
;TYPE:Top surface
;WIDTH:0.409141
G1 F1638.355
G1 X61.377 Y38.268 E.03764
M204 S10000
G1 X60.899 Y38.227 F7200
M204 S500
G1 F1638.355
G1 X62.277 Y36.85 E.0593
M204 S10000
G1 X62.302 Y36.306 F7200
M204 S500
G1 F1638.355
G1 X60.411 Y38.198 E.08145
M204 S10000
G1 X59.9 Y38.191 F7200
M204 S500
G1 F1638.355
G1 X62.265 Y35.825 E.10186
M204 S10000
G1 X62.057 Y35.516 F7200
M204 S500
G1 F1638.355
G1 X59.37 Y38.202 E.1157
M204 S10000
G1 X58.807 Y38.248 F7200
M204 S500
G1 F1638.355
G1 X61.759 Y35.296 E.12713
M204 S10000
G1 X61.292 Y35.245 F7200
M204 S500
G1 F1638.355
G1 X58.209 Y38.328 E.13276
M204 S10000
G1 X57.58 Y38.439 F7200
M204 S500
G1 F1638.355
G1 X60.781 Y35.238 E.13786
M204 S10000
G1 X60.254 Y35.247 F7200
M204 S500
G1 F1638.355
G1 X56.904 Y38.597 E.14426
M204 S10000
G1 X56.153 Y38.83 F7200
M204 S500
G1 F1638.355
G1 X59.71 Y35.273 E.1532
M204 S10000
G1 X59.136 Y35.329 F7200
M204 S500
G1 F1638.355
G1 X55.311 Y39.155 E.16474
M204 S10000
G1 X54.967 Y38.98 F7200
M204 S500
G1 F1638.355
G1 X58.549 Y35.399 E.15423
M204 S10000
G1 X57.955 Y35.475 F7200
M204 S500
G1 F1638.355
G1 X54.749 Y38.68 E.13804
M204 S10000
G1 X54.627 Y38.285 F7200
M204 S500
G1 F1638.355
G1 X57.361 Y35.551 E.11774
M204 S10000
G1 X56.746 Y35.648 F7200
M204 S500
G1 F1638.355
G1 X54.504 Y37.889 E.09652
M204 S10000
G1 X54.382 Y37.494 F7200
M204 S500
G1 F1638.355
G1 X56.102 Y35.773 E.07409
M204 S10000
G1 X55.422 Y35.936 F7200
M204 S500
G1 F1638.355
G1 X54.259 Y37.098 E.05007
M204 S10000
G1 E-.8 F1800
G1 X49.91 Y43.37 Z1.2 F7200
G1 X48.288 Y45.709 Z1.2
G1 Z.8
G1 E.8 F1800
M204 S500
;WIDTH:0.428147
G1 F1557.523
G1 X49.596 Y44.4 E.05927
M204 S10000
G1 X50.576 Y42.876 F7200
M204 S500
G1 F1557.523
G1 X47.931 Y45.521 E.11985
M204 S10000
G1 X47.573 Y45.334 F7200
M204 S500
G1 F1557.523
G1 X53.023 Y39.884 E.24688
M204 S10000
G1 X52.767 Y39.595 F7200
M204 S500
G1 F1557.523
G1 X47.216 Y45.146 E.25146
M204 S10000
G1 X46.859 Y44.958 F7200
M73 P18 R13
M204 S500
G1 F1557.523
G1 X52.508 Y39.309 E.25591
M204 S10000
G1 X52.249 Y39.023 F7200
M204 S500
G1 F1557.523
G1 X46.583 Y44.69 E.25671
M204 S10000
G1 X46.452 Y44.276 F7200
M204 S500
G1 F1557.523
G1 X51.991 Y38.737 E.25092
M204 S10000
G1 X51.72 Y38.463 F7200
M204 S500
G1 F1557.523
G1 X46.731 Y43.453 E.22603
M204 S10000
G1 X47.726 Y41.912 F7200
M204 S500
G1 F1557.523
G1 X51.327 Y38.311 E.16312
M204 S10000
G1 E-.8 F1800
G1 X50.321 Y45.877 Z1.2 F7200
G1 X49.153 Y54.666 Z1.2
G1 Z.8
G1 E.8 F1800
M204 S500
;WIDTH:0.416314
G1 F1606.882
G1 X48.528 Y55.29 E.02741
M204 S10000
G1 X47.757 Y55.533 F7200
M204 S500
G1 F1606.882
G1 X49.002 Y54.289 E.05464
M204 S10000
G1 X48.858 Y53.904 F7200
M204 S500
G1 F1606.882
G1 X47.007 Y55.756 E.08131
M204 S10000
G1 X46.551 Y55.683 F7200
M204 S500
G1 F1606.882
G1 X48.726 Y53.508 E.09552
M204 S10000
G1 X48.608 Y53.099 F7200
M204 S500
G1 F1606.882
G1 X46.264 Y55.442 E.1029
M204 S10000
G1 X45.646 Y55.533 F7200
M204 S500
G1 F1606.882
G1 X48.5 Y52.678 E.12534
M204 S10000
G1 X48.407 Y52.243 F7200
M204 S500
G1 F1606.882
G1 X45.97 Y54.68 E.10701
M204 S10000
G1 X45.857 Y54.265 F7200
M204 S500
G1 F1606.882
G1 X48.331 Y51.791 E.10863
M204 S10000
G1 X48.266 Y51.328 F7200
M204 S500
G1 F1606.882
G1 X45.763 Y53.831 E.10992
M204 S10000
G1 X45.673 Y53.393 F7200
M204 S500
G1 F1606.882
G1 X48.225 Y50.841 E.11204
M204 S10000
G1 X48.194 Y50.344 F7200
M204 S500
G1 F1606.882
G1 X45.601 Y52.937 E.11386
M204 S10000
G1 X45.534 Y52.476 F7200
M204 S500
G1 F1606.882
G1 X48.195 Y49.815 E.11684
M204 S10000
G1 X48.214 Y49.268 F7200
M204 S500
G1 F1606.882
G1 X45.474 Y52.008 E.12029
M204 S10000
G1 X45.414 Y51.54 F7200
M204 S500
G1 F1606.882
G1 X48.262 Y48.692 E.12504
M204 S10000
G1 X48.3 Y48.126 F7200
M204 S500
G1 F1606.882
G1 X45.354 Y51.071 E.12935
M204 S10000
G1 X45.307 Y50.591 F7200
M204 S500
G1 F1606.882
G1 X48.066 Y47.832 E.12113
M204 S10000
G1 X47.614 Y47.756 F7200
M204 S500
G1 F1606.882
G1 X45.265 Y50.104 E.10313
M204 S10000
G1 X45.246 Y49.596 F7200
M204 S500
G1 F1606.882
G1 X47.11 Y47.732 E.08186
M204 S10000
G1 X46.606 Y47.708 F7200
M204 S500
G1 F1606.882
G1 X45.241 Y49.073 E.05992
M204 S10000
G1 X45.04 Y48.746 F7200
M204 S500
G1 F1606.882
G1 X46.101 Y47.685 E.04659
M204 S10000
G1 E-.8 F1800
G1 X45.825 Y54.865 Z1.2 F7200
G1 Z.8
G1 E.8 F1800
M204 S500
;TYPE:Internal solid infill
;WIDTH:0.384904
G1 F1754.468
G1 X45.811 Y54.821 E.00132
M204 S10000
G1 X45.511 Y55.604 F7200
M204 S500
;WIDTH:0.38292
G1 F1764.706
G1 X45.372 Y55.224 E.01143
M204 S10000
G1 X45.552 Y55.667 F7200
M204 S500
;WIDTH:0.39969
G1 F1681.757
G1 X45.65 Y55.815 E.00527
;WIDTH:0.448569
G1 F1479.111
G1 X45.749 Y55.963 E.006
G1 X45.953 Y56.441 E.01755
G1 X46.389 Y57.321 E.03312
G1 X46.851 Y58.12 E.03112
G1 X47.394 Y58.938 E.03312
G1 X47.688 Y59.33 E.01656
G1 X47.849 Y59.648 E.01202
G1 X47.854 Y59.292 E.01202
G1 X47.963 Y59.148 E.00607
G1 X48.174 Y59.198 E.00731
G1 X48.068 Y58.778 E.0146
G1 X48.191 Y58.29 E.01699
G1 X48.342 Y58.074 E.00888
G1 X49.574 Y56.947 E.0563
G1 X49.725 Y56.836 E.00635
G1 X50.003 Y56.724 E.01011
G1 X49.698 Y56.265 E.01859
G1 X49.296 Y55.545 E.0278
G1 X49.125 Y55.196 E.01313
G1 X48.969 Y55.378 E.0081
G1 X47.204 Y55.939 E.06244
G1 X46.864 Y55.976 E.01156
G1 X46.379 Y55.838 E.017
G1 X46.104 Y55.574 E.01284
G1 X46.019 Y55.809 E.00845
G1 X45.869 Y55.825 E.00509
;WIDTH:0.436376
G1 F1524.951
G1 X45.729 Y55.755 E.00515
;WIDTH:0.422752
G1 F1579.648
G1 X45.588 Y55.684 E.00497
M204 S10000
G1 E-.8 F1800
G1 X47.668 Y57.029 Z1.2 F7200
G1 Z.8
G1 E.8 F1800
M204 S500
;WIDTH:0.429782
G1 F1550.94
G1 X47.595 Y57.071 E.00269
G1 X47.672 Y57.106 E.00271
M204 S10000
G1 X48.782 Y56.296 F7200
M204 S500
;WIDTH:0.449999
G1 F1473.915
G1 X47.449 Y56.716 E.04731
G1 X47.032 Y56.784 E.01431
G1 X47.577 Y57.743 E.03732
G1 X47.911 Y57.364 E.01709
G1 X48.882 Y56.476 E.04454
G1 X48.802 Y56.331 E.00561
M204 S10000
G1 X48.976 Y55.808 F7200
M204 S500
G1 F1473.915
G1 X47.327 Y56.328 E.05855
G1 X47 Y56.383 E.0112
G1 X46.764 Y56.371 E.008
G1 X46.315 Y56.253 E.0157
G1 X46.68 Y56.992 E.02789
G1 X46.947 Y57.473 E.01862
G1 X47.204 Y57.917 E.01737
G1 X47.683 Y58.637 E.02925
G1 X47.765 Y58.268 E.01277
G1 X47.996 Y57.838 E.01651
G1 X49.405 Y56.56 E.0644
G1 X48.996 Y55.843 E.02794
M204 S10000
G1 E-.8 F1800
G1 X48.632 Y59.761 Z1.2 F7200
G1 Z.8
G1 E.8 F1800
M204 S500
;WIDTH:0.386166
G1 F1748.017
G1 X48.675 Y59.808 E.00181
M204 S10000
G1 X48.204 Y60.067 F7200
M204 S500
;WIDTH:0.406053
G1 F1652.289
G1 X48.363 Y60.199 E.00624
;WIDTH:0.452318
G1 F1465.568
G1 X48.523 Y60.33 E.00703
;WIDTH:0.4974
G1 F1320.191
G1 X49.164 Y60.985 E.03465
G1 X49.848 Y61.605 E.03487
;WIDTH:0.521449
G1 F1253.843
G1 X50.565 Y62.186 E.0367
G1 X51.307 Y62.734 E.03672
G1 X51.936 Y63.149 E.02999
;WIDTH:0.480648
G1 F1370.717
G1 X53.028 Y63.774 E.04582
G1 X52.975 Y63.458 E.01169
G1 X53.023 Y63.396 E.00286
;WIDTH:0.436731
G1 F1523.574
G1 X53.131 Y63.38 E.00355
;WIDTH:0.406947
G1 F1648.233
G1 X53.238 Y63.363 E.00329
;WIDTH:0.413103
G1 F1620.823
G1 X53.062 Y63.284 E.00594
;WIDTH:0.455199
G1 F1455.326
G1 X52.886 Y63.205 E.00661
;WIDTH:0.498835
G1 F1316.035
G1 X52.321 Y62.857 E.02515
G1 X51.61 Y62.364 E.03281
;WIDTH:0.520652
G1 F1255.936
G1 X50.241 Y61.31 E.06862
G1 X49.602 Y60.772 E.03317
;WIDTH:0.486919
G1 F1351.354
G1 X49.004 Y60.206 E.03042
;WIDTH:0.455726
G1 F1453.47
G1 X48.853 Y60.022 E.00817
;WIDTH:0.42566
G1 F1567.647
G1 X48.702 Y59.838 E.00758
G1 X48.675 Y60.118 E.00896
;WIDTH:0.47545
G1 F1387.187
G1 X48.549 Y60.153 E.00469
;WIDTH:0.457392
G1 F1447.626
G1 X48.396 Y60.115 E.00544
;WIDTH:0.439334
G1 F1513.571
G1 X48.243 Y60.077 E.0052
M204 S10000
G1 X48.132 Y60.017 F7200
M204 S500
;WIDTH:0.38292
G1 F1764.706
G1 X47.926 Y59.78 E.00889
M204 S10000
G1 E-.8 F1800
G1 X53.331 Y63.411 Z1.2 F7200
G1 Z.8
G1 E.8 F1800
M204 S500
;WIDTH:0.384904
G1 F1754.468
G1 X53.273 Y63.382 E.00183
M204 S10000
G1 X55.062 Y63.28 F7200
M204 S500
;WIDTH:0.38292
G1 F1764.706
G1 X54.879 Y63.488 E.00783
;WIDTH:0.407673
G1 F1644.95
G1 X54.721 Y63.598 E.00583
;WIDTH:0.457178
G1 F1448.373
G1 X54.564 Y63.707 E.00662
;WIDTH:0.506684
G1 F1293.763
G1 X54.406 Y63.817 E.00741
;WIDTH:0.551717
G1 F1179.252
G1 X54.359 Y63.835 E.00214
;WIDTH:0.592279
G1 F1092.182
G1 X54.312 Y63.854 E.00231
;WIDTH:0.589485
G1 F1097.766
G1 X54.254 Y63.944 E.00485
;WIDTH:0.543333
G1 F1199.01
G1 X54.197 Y64.034 E.00444
;WIDTH:0.496005
G1 F1324.256
G1 X54.14 Y64.124 E.00402
G1 X54.025 Y64.209 E.00536
;WIDTH:0.493935
G1 F1330.333
G1 X53.91 Y64.203 E.00432
;WIDTH:0.449529
G1 F1475.619
G1 X53.795 Y64.197 E.00389
;WIDTH:0.391722
G1 F1720.175
G1 X53.68 Y64.191 E.00334
G1 X53.261 Y63.989 E.0135
M204 S10000
G1 E-.8 F1800
G1 X57.082 Y63.501 Z1.2 F7200
G1 Z.8
G1 E.8 F1800
M204 S500
;WIDTH:0.449999
G1 F1473.915
G1 X56.067 Y64.516 E.04855
G1 X56.695 Y64.671 E.02189
M73 P18 R12
G1 X57.367 Y64.812 E.02323
G1 X57.166 Y64.399 E.01556
M73 P19 R12
G1 X57.061 Y63.929 E.01628
G1 X57.08 Y63.541 E.01314
M204 S10000
G1 X56.788 Y64.288 F7200
M204 S500
;WIDTH:0.351706
G1 F1943.093
G1 X56.73 Y64.321 E.00172
G1 X56.787 Y64.354 E.00168
M204 S10000
G1 X57.84 Y65.295 F7200
M204 S500
;WIDTH:0.393899
G1 F1709.506
G1 X58.154 Y65.39 E.00956
;WIDTH:0.448397
G1 F1479.739
G1 X57.94 Y65.145 E.01095
G1 X57.921 Y64.977 E.00571
G1 X58.125 Y64.851 E.00809
G1 X57.723 Y64.59 E.01615
G1 X57.556 Y64.281 E.01187
G1 X57.468 Y63.949 E.01158
G1 X57.54 Y62.468 E.04999
G1 X55.293 Y64.714 E.10712
G1 X56.315 Y65.006 E.03583
G1 X56.968 Y65.144 E.0225
G1 X57.8 Y65.289 E.02849
M204 S10000
G1 X58.271 Y65.438 F7200
M204 S500
;WIDTH:0.38292
G1 F1764.706
G1 X58.634 Y65.47 E.01028
M204 S10000
G1 X58.847 Y64.938 F7200
M204 S500
;WIDTH:0.386158
G1 F1748.058
G1 X58.893 Y64.941 E.00132
M204 S10000
G1 E-.8 F1800
G1 X61.78 Y64.816 Z1.2 F7200
G1 Z.8
G1 E.8 F1800
M204 S500
;WIDTH:0.515897
G1 F1268.563
G1 X61.099 Y64.897 E.02697
G1 X60.268 Y64.968 E.03283
;WIDTH:0.486246
G1 F1353.406
G1 X59.445 Y64.991 E.03033
;WIDTH:0.454952
G1 F1456.199
G1 X59.189 Y64.967 E.00881
;WIDTH:0.42419
G1 F1573.688
G1 X58.933 Y64.943 E.00815
G1 X59.129 Y65.161 E.00929
;WIDTH:0.474426
G1 F1390.479
G1 X59.036 Y65.301 E.00603
;WIDTH:0.456603
G1 F1450.388
G1 X58.898 Y65.38 E.00546
;WIDTH:0.434922
G1 F1530.607
G1 X58.761 Y65.458 E.00517
G1 X59.334 Y65.421 E.01872
;WIDTH:0.497381
G1 F1320.245
G1 X59.993 Y65.43 E.02493
G1 X60.915 Y65.391 E.03487
;WIDTH:0.520692
G1 F1255.831
G1 X61.833 Y65.302 E.03664
G1 X62.746 Y65.17 E.03665
G1 X63.636 Y64.993 E.03604
;WIDTH:0.480249
G1 F1371.967
G1 X64.464 Y64.776 E.03111
G1 X64.93 Y64.626 E.01783
G1 X64.695 Y64.472 E.0102
;WIDTH:0.453245
G1 F1462.256
G1 X64.746 Y64.332 E.00508
;WIDTH:0.427927
G1 F1558.415
G1 X64.796 Y64.192 E.00477
G1 X64.36 Y64.358 E.01495
;WIDTH:0.497942
G1 F1318.62
G1 X63.566 Y64.543 E.03084
G1 X62.697 Y64.693 E.03337
;WIDTH:0.520917
G1 F1255.238
G1 X61.82 Y64.811 E.03516
M204 S10000
G1 E-.8 F1800
G1 X64.899 Y64.159 Z1.2 F7200
G1 Z.8
G1 E.8 F1800
M204 S500
;WIDTH:0.384906
G1 F1754.458
G1 X64.834 Y64.18 E.00195
M204 S10000
G1 X65.22 Y64.629 F7200
M204 S500
;WIDTH:0.38292
G1 F1764.706
G1 X65.48 Y64.538 E.0078
M204 S10000
G1 E-.8 F1800
G1 X65.811 Y61.006 Z1.2 F7200
G1 Z.8
G1 E.8 F1800
M204 S500
;WIDTH:0.449999
G1 F1473.915
G1 X66.308 Y62.595 E.05637
G1 X66.39 Y63.064 E.01612
G1 X66.362 Y63.327 E.00895
G1 X66.241 Y63.687 E.01285
G1 X66.932 Y63.354 E.02598
G1 X67.719 Y62.915 E.03048
G1 X68.636 Y62.315 E.03711
G1 X68.461 Y62.291 E.006
G1 X67.927 Y62.055 E.01975
G1 X67.668 Y61.815 E.01194
G1 X66.56 Y60.589 E.05594
G1 X65.847 Y60.988 E.02765
M204 S10000
G1 X66.303 Y61.215 F7200
M204 S500
G1 F1473.915
G1 X66.719 Y62.543 E.0471
G1 X66.789 Y62.968 E.01457
G1 X67.51 Y62.566 E.02796
G1 X67.747 Y62.414 E.00952
G1 X67.425 Y62.153 E.01404
G1 X66.483 Y61.118 E.04736
G1 X66.339 Y61.196 E.00556
M204 S10000
G1 X67.098 Y62.314 F7200
M204 S500
;WIDTH:0.426874
G1 F1562.687
G1 X67.026 Y62.356 E.00265
G1 X67.102 Y62.39 E.00267
M204 S10000
G1 E-.8 F1800
G1 X69.267 Y62.36 Z1.2 F7200
G1 Z.8
G1 E.8 F1800
M204 S500
;WIDTH:0.393243
G1 F1712.708
G1 X69.556 Y62.21 E.00948
;WIDTH:0.447764
G1 F1482.053
G1 X69.233 Y62.185 E.0109
G1 X69.107 Y62.09 E.00532
G1 X69.14 Y61.867 E.00761
G1 X68.623 Y61.917 E.01747
G1 X68.131 Y61.719 E.01787
G1 X66.87 Y60.326 E.06326
G1 X66.694 Y60.025 E.01175
G1 X66.035 Y60.438 E.02621
G1 X65.229 Y60.841 E.03032
G1 X65.436 Y61.169 E.01306
G1 X65.942 Y62.786 E.05703
G1 X65.976 Y63.197 E.01388
G1 X65.794 Y63.7 E.01801
G1 X65.534 Y63.92 E.01147
G1 X65.732 Y63.977 E.00694
G1 X65.762 Y64.152 E.00597
G1 X65.612 Y64.457 E.01142
G1 X65.899 Y64.275 E.01142
G1 X66.759 Y63.889 E.03175
G1 X67.405 Y63.557 E.02443
G1 X67.928 Y63.265 E.02016
G1 X68.707 Y62.767 E.03113
G1 X69.235 Y62.383 E.02198
M204 S10000
G1 X69.667 Y62.157 F7200
M204 S500
;WIDTH:0.38292
G1 F1764.706
G1 X69.954 Y61.923 E.01045
M204 S10000
G1 X69.731 Y61.397 F7200
M204 S500
;WIDTH:0.385388
G1 F1751.988
G1 X69.766 Y61.365 E.00137
M204 S10000
G1 E-.8 F1800
G1 X71.668 Y59.306 Z1.2 F7200
G1 Z.8
G1 E.8 F1800
M204 S500
;WIDTH:0.51454
G1 F1272.211
G1 X71.313 Y59.755 E.02245
G1 X70.776 Y60.393 E.03273
;WIDTH:0.484478
G1 F1358.826
G1 X70.168 Y61.034 E.03242
;WIDTH:0.452502
G1 F1464.908
G1 X69.982 Y61.186 E.00818
;WIDTH:0.423096
G1 F1578.219
G1 X69.796 Y61.338 E.00759
G1 X70.087 Y61.356 E.00919
;WIDTH:0.471524
G1 F1399.894
G1 X70.121 Y61.481 E.00464
;WIDTH:0.454282
G1 F1458.571
G1 X70.079 Y61.653 E.00607
;WIDTH:0.432956
G1 F1538.322
G1 X70.036 Y61.826 E.00576
G1 X70.412 Y61.395 E.01855
;WIDTH:0.494987
G1 F1327.238
G1 X70.866 Y60.956 E.02372
G1 X71.457 Y60.322 E.0326
;WIDTH:0.521536
G1 F1253.616
G1 X72.048 Y59.613 E.03671
G1 X72.604 Y58.878 E.03671
G1 X73.123 Y58.114 E.03674
;WIDTH:0.482627
G1 F1364.545
G1 X73.596 Y57.32 E.03378
G1 X73.835 Y56.845 E.01943
G1 X73.533 Y56.896 E.01121
;WIDTH:0.452919
G1 F1463.42
G1 X73.484 Y56.764 E.00478
;WIDTH:0.429536
G1 F1551.929
G1 X73.435 Y56.633 E.0045
G1 X73.225 Y57.093 E.01626
;WIDTH:0.498643
G1 F1316.589
G1 X72.778 Y57.805 E.03182
G1 X72.298 Y58.483 E.03149
;WIDTH:0.519586
G1 F1258.743
G1 X71.693 Y59.274 E.03949
M204 S10000
G1 E-.8 F1800
G1 X74.043 Y56.645 Z1.2 F7200
G1 Z.8
G1 E.8 F1800
M204 S500
;WIDTH:0.38292
G1 F1764.706
G1 X74.159 Y56.397 E.00773
M204 S10000
G1 X73.484 Y56.537 F7200
M204 S500
;WIDTH:0.384902
G1 F1754.478
G1 X73.453 Y56.598 E.00194
M204 S10000
G1 E-.8 F1800
G1 X71.358 Y54.016 Z1.2 F7200
G1 Z.8
G1 E.8 F1800
M204 S500
;WIDTH:0.448022
G1 F1481.11
G1 X71.709 Y54.037 E.01185
G1 X73.244 Y54.838 E.05832
G1 X73.551 Y55.097 E.01353
G1 X73.787 Y55.584 E.01822
G1 X73.759 Y55.916 E.01123
G1 X73.93 Y55.815 E.00667
G1 X74.089 Y55.921 E.00646
G1 X74.195 Y56.248 E.01156
G1 X74.273 Y55.913 E.01156
G1 X74.607 Y55.032 E.03175
G1 X74.967 Y53.853 E.04152
G1 X75.165 Y52.983 E.03006
G1 X75.296 Y52.198 E.02682
;WIDTH:0.43323
G1 F1537.242
G1 X75.363 Y51.991 E.00704
;WIDTH:0.405558
G1 F1654.542
G1 X75.43 Y51.785 E.00655
G1 X75.245 Y52.017 E.00894
;WIDTH:0.449691
G1 F1475.032
G1 X75.146 Y52.098 E.00434
G1 X74.983 Y52.122 E.00558
G1 X74.846 Y51.959 E.0072
G1 X74.464 Y52.369 E.01896
G1 X73.976 Y52.526 E.01732
G1 X72.193 Y52.449 E.06039
G1 X71.832 Y52.295 E.01327
G1 X71.63 Y53.158 E.02997
G1 X71.371 Y53.978 E.02908
M204 S10000
G1 X71.917 Y53.651 F7200
M204 S500
;WIDTH:0.449999
G1 F1473.915
G1 X71.937 Y53.697 E.00171
G1 X73.433 Y54.477 E.0571
G1 X73.808 Y54.764 E.01598
G1 X74.091 Y55.264 E.01947
G1 X74.313 Y54.647 E.0222
G1 X74.565 Y53.782 E.03048
G1 X74.766 Y52.905 E.03048
G1 X74.816 Y52.604 E.01032
G1 X74.593 Y52.755 E.00912
G1 X74.188 Y52.898 E.01453
G1 X73.776 Y52.925 E.01399
G1 X72.175 Y52.856 E.05424
G1 X72.131 Y52.868 E.00154
G1 X71.928 Y53.612 E.02611
M204 S10000
G1 X72.388 Y53.473 F7200
M204 S500
G1 F1473.915
G1 X73.621 Y54.116 E.04708
G1 X73.97 Y54.367 E.01455
G1 X74.171 Y53.68 E.02422
G1 X74.26 Y53.292 E.01348
G1 X73.759 Y53.331 E.01702
G1 X72.442 Y53.275 E.0446
G1 X72.398 Y53.434 E.00561
M204 S10000
G1 X73.766 Y53.687 F7200
M204 S500
;WIDTH:0.433008
G1 F1538.114
G1 X73.693 Y53.73 E.00274
G1 X73.77 Y53.764 E.00275
M204 S10000
G1 E-.8 F1800
G1 X75.43 Y51.785 Z1.2 F7200
G1 Z.8
G1 E.8 F1800
M204 S500
;WIDTH:0.38292
G1 F1764.706
G1 X75.475 Y51.349 E.0124
M204 S10000
G1 X74.942 Y51.116 F7200
M204 S500
;WIDTH:0.386234
G1 F1747.671
G1 X74.944 Y51.075 E.00117
M204 S10000
G1 X75.425 Y49.729 F7200
M204 S500
;WIDTH:0.515588
G1 F1269.392
G1 X75.325 Y48.337 E.05486
G1 X75.211 Y47.478 E.03407
G1 X75.043 Y46.57 E.03628
G1 X74.823 Y45.673 E.03631
;WIDTH:0.476796
G1 F1382.885
G1 X74.673 Y45.195 E.01803
;WIDTH:0.45419
G1 F1458.898
G1 X74.653 Y45.017 E.00614
;WIDTH:0.430855
G1 F1546.651
G1 X74.633 Y44.839 E.00579
G1 X74.527 Y45.182 E.01158
;WIDTH:0.47169
G1 F1399.352
G1 X74.437 Y45.27 E.0045
;WIDTH:0.451434
G1 F1468.74
G1 X74.31 Y45.212 E.00474
;WIDTH:0.427595
G1 F1559.758
G1 X74.183 Y45.154 E.00446
G1 X74.359 Y45.624 E.01604
;WIDTH:0.496249
G1 F1323.543
G1 X74.554 Y46.469 E.03271
G1 X74.696 Y47.301 E.03181
;WIDTH:0.513931
G1 F1273.856
G1 X74.9 Y48.897 E.063
G1 X74.971 Y49.729 E.03269
G1 X74.989 Y50.233 E.01976
;WIDTH:0.481872
G1 F1366.894
G1 X74.993 Y50.619 E.01411
;WIDTH:0.453083
G1 F1462.833
G1 X74.969 Y50.827 E.00713
;WIDTH:0.423104
G1 F1578.183
G1 X74.945 Y51.035 E.00661
G1 X75.164 Y50.833 E.0094
;WIDTH:0.4743
G1 F1390.885
G1 X75.275 Y50.896 E.00457
;WIDTH:0.460481
G1 F1436.918
G1 X75.366 Y51.025 E.0055
;WIDTH:0.443449
G1 F1498.022
G1 X75.458 Y51.154 E.00528
G1 X75.425 Y50.632 E.01743
;WIDTH:0.4743
G1 F1390.885
G1 X75.425 Y49.769 E.03095
M204 S10000
G1 E-.8 F1800
G1 X74.151 Y45.051 Z1.2 F7200
G1 Z.8
G1 E.8 F1800
M204 S500
;WIDTH:0.384904
G1 F1754.468
G1 X74.171 Y45.116 E.00193
M204 S10000
G1 X74.513 Y44.449 F7200
M204 S500
;WIDTH:0.38292
G1 F1764.706
G1 X74.614 Y44.717 E.0081
M204 S10000
G1 E-.8 F1800
G1 X72.384 Y42.877 Z1.2 F7200
G1 Z.8
G1 E.8 F1800
M204 S500
;WIDTH:0.431168
G1 F1545.404
G1 X72.312 Y42.919 E.00271
G1 X72.389 Y42.954 E.00273
M204 S10000
G1 X71.116 Y43.518 F7200
M204 S500
;WIDTH:0.449999
G1 F1473.915
G1 X71.222 Y43.694 E.00695
G1 X72.546 Y43.278 E.04695
G1 X72.971 Y43.215 E.01455
G1 X72.68 Y42.675 E.02076
G1 X72.416 Y42.248 E.017
G1 X72.092 Y42.626 E.01686
G1 X71.145 Y43.491 E.04342
M204 S10000
G1 X70.592 Y43.441 F7200
M204 S500
G1 F1473.915
G1 X71.046 Y44.175 E.02924
G1 X72.668 Y43.666 E.05752
G1 X73.226 Y43.61 E.01899
G1 X73.694 Y43.77 E.01675
G1 X73.46 Y43.264 E.01887
G1 X73.033 Y42.472 E.03048
G1 X72.56 Y41.706 E.03044
G1 X72.321 Y41.405 E.01303
G1 X72.238 Y41.721 E.01105
G1 X71.928 Y42.225 E.02002
G1 X70.623 Y43.416 E.05979
M204 S10000
G1 X70.276 Y43.704 F7200
M73 P20 R12
M204 S500
;WIDTH:0.448033
G1 F1481.07
G1 X70.559 Y44.17 E.01836
G1 X70.857 Y44.759 E.02224
G1 X71.168 Y44.564 E.01239
G1 X72.79 Y44.055 E.05725
G1 X73.252 Y44.03 E.01559
G1 X73.801 Y44.286 E.02041
G1 X73.893 Y44.41 E.00521
G1 X73.902 Y44.28 E.0044
G1 X74.061 Y44.178 E.00634
G1 X74.223 Y44.164 E.0055
G1 X74.37 Y44.245 E.00565
G1 X73.824 Y43.082 E.04326
G1 X73.386 Y42.268 E.03115
G1 X72.9 Y41.481 E.03114
G1 X72.376 Y40.742 E.03052
G1 X72.217 Y40.447 E.01131
G1 X72.195 Y40.777 E.01116
G1 X72.097 Y40.908 E.00552
G1 X71.897 Y40.904 E.00671
G1 X71.913 Y41.411 E.0171
G1 X71.682 Y41.898 E.01816
G1 X70.644 Y42.846 E.04735
G1 X70.181 Y43.238 E.02043
G1 X70.01 Y43.277 E.00591
G1 X70.255 Y43.67 E.0156
M204 S10000
G1 E-.8 F1800
G1 X71.965 Y40.081 Z1.2 F7200
G1 Z.8
G1 E.8 F1800
M204 S500
;WIDTH:0.38292
G1 F1764.706
G1 X72.143 Y40.308 E.00816
M204 S10000
G1 X71.448 Y40.319 F7200
M204 S500
;WIDTH:0.383212
G1 F1763.192
G1 X71.413 Y40.279 E.0015
M204 S10000
G1 E-.8 F1800
G1 X69.489 Y38.468 Z1.2 F7200
G1 Z.8
G1 E.8 F1800
M204 S500
;WIDTH:0.508523
G1 F1288.652
G1 X70.186 Y39.039 E.03491
G1 X70.848 Y39.643 E.0347
;WIDTH:0.462247
G1 F1430.864
G1 X71.117 Y39.946 E.01413
;WIDTH:0.421629
G1 F1584.331
G1 X71.386 Y40.25 E.01276
G1 X71.403 Y39.959 E.00916
;WIDTH:0.451107
G1 F1469.915
G1 X71.529 Y39.924 E.00444
G1 X71.837 Y39.991 E.01067
G1 X71.446 Y39.635 E.01794
;WIDTH:0.494646
G1 F1328.239
G1 X70.72 Y38.901 E.03878
G1 X70.071 Y38.325 E.0326
;WIDTH:0.514227
G1 F1273.057
G1 X69.069 Y37.529 E.05012
G1 X68.264 Y36.97 E.03843
G1 X67.524 Y36.515 E.03402
;WIDTH:0.478226
G1 F1378.342
G1 X66.952 Y36.209 E.0235
;WIDTH:0.451842
G1 F1467.274
G1 X66.71 Y36.048 E.00989
G1 X66.841 Y36.301 E.00971
G1 X66.84 Y36.431 E.0044
;WIDTH:0.450954
G1 F1470.467
G1 X66.709 Y36.48 E.00472
;WIDTH:0.427972
G1 F1558.234
G1 X66.579 Y36.528 E.00446
G1 X67.061 Y36.752 E.01702
;WIDTH:0.495357
G1 F1326.152
G1 X67.797 Y37.212 E.03264
G1 X68.486 Y37.699 E.03175
;WIDTH:0.517389
G1 F1264.572
G1 X69.457 Y38.443 E.04827
M204 S10000
G1 E-.8 F1800
G1 X66.48 Y36.478 Z1.2 F7200
G1 Z.8
G1 E.8 F1800
M204 S500
;WIDTH:0.38292
G1 F1764.706
G1 X66.543 Y36.51 E.002
M204 S10000
G1 X66.325 Y35.807 F7200
M204 S500
G1 F1764.706
G1 X66.544 Y35.903 E.00675
M204 S10000
G1 X66.233 Y35.794 F7200
M204 S500
;WIDTH:0.39969
G1 F1681.757
G1 X66.023 Y35.735 E.00646
;WIDTH:0.449054
G1 F1477.346
G1 X65.814 Y35.676 E.00736
G1 X65.267 Y35.471 E.01973
G1 X64.484 Y35.211 E.02786
G1 X63.897 Y35.044 E.02061
G1 X63.214 Y34.877 E.02374
G1 X62.305 Y34.713 E.03117
;WIDTH:0.43323
G1 F1537.242
G1 X62.041 Y34.639 E.00889
;WIDTH:0.397657
G1 F1691.396
G1 X61.777 Y34.565 E.00808
G1 X61.89 Y34.608 E.00356
;WIDTH:0.449023
G1 F1477.46
G1 X62.127 Y34.911 E.01298
G1 X62.126 Y35.017 E.00357
G1 X62.009 Y35.15 E.00597
G1 X61.978 Y35.154 E.00106
G1 X62.377 Y35.544 E.01884
G1 X62.535 Y36.029 E.01721
G1 X62.444 Y37.843 E.06135
G1 X62.335 Y38.172 E.01169
G1 X62.986 Y38.311 E.02247
G1 X63.972 Y38.614 E.03484
G1 X64.058 Y38.246 E.01277
G1 X64.85 Y36.737 E.05754
G1 X65.175 Y36.38 E.0163
G1 X65.693 Y36.203 E.0185
G1 X65.858 Y36.21 E.00555
G1 X65.79 Y36.072 E.00518
G1 X65.855 Y35.924 E.00547
;WIDTH:0.437109
G1 F1522.115
G1 X66.025 Y35.865 E.0059
;WIDTH:0.424218
G1 F1573.574
G1 X66.195 Y35.807 E.00571
M204 S10000
G1 E-.8 F1800
G1 X63.761 Y36.21 Z1.2 F7200
G1 Z.8
G1 E.8 F1800
M204 S500
;WIDTH:0.430134
G1 F1549.531
G1 X63.689 Y36.252 E.0027
G1 X63.765 Y36.287 E.00271
M204 S10000
G1 X63.474 Y37.606 F7200
M204 S500
;WIDTH:0.449999
G1 F1473.915
G1 X64.13 Y36.358 E.0477
G1 X64.384 Y36.032 E.01399
G1 X63.895 Y35.882 E.0173
G1 X63.297 Y35.736 E.02084
G1 X63.34 Y36.234 E.01692
G1 X63.28 Y37.549 E.04455
G1 X63.436 Y37.595 E.00552
M204 S10000
G1 X63.642 Y38.08 F7200
M204 S500
G1 F1473.915
G1 X63.679 Y38.091 E.00133
G1 X64.449 Y36.626 E.05602
G1 X64.583 Y36.417 E.00841
G1 X64.919 Y36.063 E.01651
G1 X65.272 Y35.908 E.01307
G1 X64.746 Y35.718 E.01892
G1 X64.004 Y35.489 E.02631
G1 X63.129 Y35.276 E.03048
G1 X62.593 Y35.178 E.01844
G1 X62.816 Y35.521 E.01383
G1 X62.94 Y36.084 E.01951
G1 X62.85 Y37.866 E.06039
G1 X63.603 Y38.07 E.02643
M204 S10000
G1 E-.8 F1800
G1 X61.358 Y34.519 Z1.2 F7200
G1 Z.8
G1 E.8 F1800
M204 S500
;WIDTH:0.38292
G1 F1764.706
G1 X61.738 Y34.561 E.0108
M204 S10000
G1 X61.185 Y35.055 F7200
M204 S500
;WIDTH:0.38542
G1 F1751.825
G1 X61.143 Y35.054 E.0012
M204 S10000
G1 E-.8 F1800
G1 X57.77 Y35.235 Z1.2 F7200
G1 Z.8
G1 E.8 F1800
M204 S500
;WIDTH:0.51369
G1 F1274.509
G1 X58.67 Y35.121 E.03554
G1 X59.569 Y35.037 E.03534
G1 X60.408 Y35.003 E.03288
;WIDTH:0.459527
G1 F1440.209
G1 X60.755 Y35.028 E.01206
;WIDTH:0.421516
G1 F1584.805
G1 X61.103 Y35.052 E.01096
G1 X60.901 Y34.835 E.00932
;WIDTH:0.474229
G1 F1391.114
G1 X60.964 Y34.723 E.0046
;WIDTH:0.456762
G1 F1449.83
G1 X61.115 Y34.629 E.00612
;WIDTH:0.433472
G1 F1536.289
G1 X61.266 Y34.535 E.00578
G1 X60.914 Y34.587 E.01156
;WIDTH:0.496574
G1 F1322.595
G1 X60.412 Y34.563 E.01898
G1 X59.736 Y34.57 E.02549
G1 X58.732 Y34.632 E.03794
;WIDTH:0.514803
G1 F1271.503
G1 X57.71 Y34.751 E.04039
G1 X56.801 Y34.907 E.03615
G1 X55.795 Y35.144 E.04057
;WIDTH:0.466594
G1 F1416.183
G1 X55.223 Y35.313 E.02103
G1 X54.952 Y35.36 E.00968
G1 X55.209 Y35.454 E.00965
G1 X55.3 Y35.548 E.00461
;WIDTH:0.451684
G1 F1467.84
G1 X55.242 Y35.675 E.00473
;WIDTH:0.413566
G1 F1618.799
G1 X55.184 Y35.801 E.00429
;WIDTH:0.417115
G1 F1603.444
G1 X55.54 Y35.688 E.01163
;WIDTH:0.462332
G1 F1430.576
G1 X55.896 Y35.574 E.01303
;WIDTH:0.500421
G1 F1311.473
G1 X56.881 Y35.371 E.03827
G1 X57.73 Y35.241 E.03266
M204 S10000
G1 E-.8 F1800
G1 X55.086 Y35.834 Z1.2 F7200
G1 Z.8
G1 E.8 F1800
M204 S500
;WIDTH:0.384908
G1 F1754.447
G1 X55.146 Y35.814 E.0018
M204 S10000
G1 X54.385 Y35.513 F7200
M204 S500
;WIDTH:0.38292
G1 F1764.706
G1 X54.724 Y35.383 E.01027
M204 S10000
G1 X54.312 Y35.574 F7200
M204 S500
;WIDTH:0.39969
G1 F1681.757
G1 X54.166 Y35.661 E.00504
;WIDTH:0.44979
G1 F1474.675
G1 X54.019 Y35.747 E.00575
G1 X53.295 Y36.07 E.02682
G1 X52.425 Y36.525 E.03321
G1 X51.679 Y36.971 E.02942
G1 X50.915 Y37.492 E.03128
G1 X50.503 Y37.81 E.01763
G1 X50.71 Y37.848 E.00712
G1 X50.839 Y37.931 E.00522
G1 X50.874 Y38.016 E.00308
G1 X50.819 Y38.154 E.00504
G1 X51.094 Y38.066 E.00977
G1 X51.61 Y38.144 E.01766
G1 X51.952 Y38.366 E.01381
G1 X53.193 Y39.742 E.06267
G1 X53.271 Y39.996 E.009
G1 X54.021 Y39.534 E.0298
G1 X54.522 Y39.257 E.01937
G1 X54.804 Y39.122 E.01055
G1 X54.556 Y38.803 E.01369
G1 X54.042 Y37.144 E.05875
G1 X54.046 Y36.641 E.01702
G1 X54.358 Y36.128 E.0203
G1 X54.172 Y36.033 E.00706
G1 X54.153 Y35.867 E.00568
;WIDTH:0.437374
G1 F1521.09
G1 X54.223 Y35.738 E.00481
;WIDTH:0.424749
G1 F1571.384
G1 X54.293 Y35.609 E.00465
M204 S10000
G1 E-.8 F1800
G1 X52.95 Y37.595 Z1.2 F7200
G1 Z.8
G1 E.8 F1800
M204 S500
;WIDTH:0.430644
G1 F1547.492
G1 X52.878 Y37.637 E.00271
G1 X52.954 Y37.672 E.00272
M204 S10000
G1 X53.518 Y38.886 F7200
M204 S500
;WIDTH:0.449999
G1 F1473.915
G1 X53.696 Y38.781 E.00702
G1 X53.264 Y37.385 E.04947
G1 X53.219 Y37.028 E.01217
G1 X52.722 Y37.296 E.01911
G1 X52.246 Y37.581 E.01879
G1 X52.631 Y37.903 E.01701
G1 X53.491 Y38.856 E.04345
M204 S10000
G1 X53.438 Y39.405 F7200
M204 S500
G1 F1473.915
G1 X54.181 Y38.97 E.02916
G1 X53.694 Y37.399 E.05568
G1 X53.626 Y37.069 E.01141
G1 X53.645 Y36.568 E.01698
G1 X53.755 Y36.31 E.00947
G1 X53.003 Y36.682 E.02839
G1 X52.513 Y36.946 E.01884
G1 X51.898 Y37.314 E.02426
G1 X51.353 Y37.686 E.02234
G1 X51.57 Y37.71 E.00741
G1 X51.901 Y37.846 E.01211
G1 X52.255 Y38.094 E.01462
G1 X53.411 Y39.375 E.05843
M204 S10000
G1 E-.8 F1800
G1 X49.975 Y38.131 Z1.2 F7200
G1 Z.8
G1 E.8 F1800
M204 S500
;WIDTH:0.38292
G1 F1764.706
G1 X50.221 Y37.919 E.00918
M204 S10000
G1 X50.234 Y38.629 F7200
M204 S500
;WIDTH:0.384954
G1 F1754.211
G1 X50.202 Y38.658 E.00122
M204 S10000
G1 E-.8 F1800
G1 X48.055 Y41.044 Z1.2 F7200
G1 Z.8
G1 E.8 F1800
M204 S500
;WIDTH:0.520546
G1 F1256.214
G1 X48.612 Y40.329 E.03597
G1 X49.19 Y39.637 E.03582
;WIDTH:0.48964
G1 F1343.125
G1 X49.804 Y38.982 E.03333
;WIDTH:0.455441
G1 F1454.472
G1 X49.988 Y38.834 E.00812
;WIDTH:0.422774
G1 F1579.557
G1 X50.173 Y38.685 E.00748
G1 X49.877 Y38.671 E.00935
;WIDTH:0.474788
G1 F1389.313
G1 X49.843 Y38.548 E.00458
;WIDTH:0.451821
G1 F1467.348
G1 X49.909 Y38.339 E.00744
;WIDTH:0.42125
G1 F1585.917
G1 X49.975 Y38.131 E.00688
G1 X49.711 Y38.486 E.0139
;WIDTH:0.496179
G1 F1323.746
G1 X48.905 Y39.273 E.04245
G1 X48.329 Y39.921 E.03269
;WIDTH:0.518834
G1 F1260.733
G1 X47.671 Y40.742 E.04163
G1 X47.325 Y41.224 E.02348
G1 X46.847 Y41.936 E.03395
;WIDTH:0.475791
G1 F1386.095
G1 X46.138 Y43.156 E.0508
G1 X46.343 Y43.08 E.00787
G1 X46.473 Y43.082 E.00469
;WIDTH:0.451924
G1 F1466.981
G1 X46.518 Y43.22 E.00494
;WIDTH:0.427735
G1 F1559.191
G1 X46.563 Y43.359 E.00465
G1 X46.763 Y42.923 E.01533
;WIDTH:0.49533
G1 F1326.233
G1 X47.216 Y42.199 E.03213
G1 X47.703 Y41.51 E.03175
;WIDTH:0.517186
G1 F1265.113
G1 X48.031 Y41.076 E.02148
M204 S10000
G1 E-.8 F1800
G1 X46.523 Y43.436 Z1.2 F7200
G1 Z.8
G1 E.8 F1800
M204 S500
;WIDTH:0.384906
G1 F1754.458
G1 X46.544 Y43.394 E.00135
M204 S10000
G1 X45.787 Y43.727 F7200
M204 S500
;WIDTH:0.38292
G1 F1764.706
G1 X45.948 Y43.372 E.01102
M204 S10000
G1 X45.779 Y43.828 F7200
M204 S500
;WIDTH:0.39969
G1 F1681.757
G1 X45.739 Y43.986 E.00484
;WIDTH:0.448395
G1 F1479.748
G1 X45.7 Y44.144 E.0055
G1 X45.45 Y44.781 E.02304
G1 X45.15 Y45.715 E.0331
G1 X44.931 Y46.557 E.02932
G1 X44.752 Y47.464 E.03118
G1 X44.694 Y47.892 E.01456
G1 X44.586 Y48.228 E.0119
G1 X44.843 Y47.986 E.0119
G1 X45.042 Y47.973 E.00675
G1 X45.131 Y48.139 E.00634
G1 X45.304 Y47.823 E.01215
G1 X45.733 Y47.528 E.01754
G1 X46.043 Y47.465 E.01066
G1 X47.796 Y47.543 E.05917
G1 X48.173 Y47.637 E.01309
M73 P21 R12
G1 X48.384 Y46.755 E.03055
G1 X48.619 Y46.04 E.02541
G1 X48.257 Y45.94 E.01266
G1 X46.754 Y45.153 E.05721
G1 X46.549 Y45.004 E.00853
G1 X46.295 Y44.652 E.01465
G1 X46.256 Y44.543 E.00391
G1 X46.231 Y44.124 E.01415
G1 X46.003 Y44.229 E.00845
G1 X45.88 Y44.132 E.00527
G1 X45.792 Y43.866 E.00947
M204 S10000
G1 E-.8 F1800
G1 X46.284 Y46.22 Z1.2 F7200
G1 Z.8
G1 E.8 F1800
M204 S500
;WIDTH:0.43043
G1 F1548.347
G1 X46.211 Y46.262 E.0027
G1 X46.288 Y46.296 E.00272
M204 S10000
G1 X47.556 Y46.717 F7200
M204 S500
;WIDTH:0.449999
G1 F1473.915
G1 X47.605 Y46.518 E.00695
G1 X46.376 Y45.874 E.04696
G1 X46.035 Y45.621 E.01439
G1 X45.737 Y46.692 E.03765
G1 X46.242 Y46.659 E.01712
G1 X47.516 Y46.715 E.04316
M204 S10000
G1 X48.099 Y46.317 F7200
M204 S500
G1 F1473.915
G1 X46.632 Y45.549 E.05603
G1 X46.379 Y45.396 E.01001
G1 X46.219 Y45.243 E.0075
G1 X45.965 Y44.891 E.0147
G1 X45.907 Y44.73 E.00579
G1 X45.541 Y45.829 E.03922
G1 X45.328 Y46.647 E.02863
G1 X45.178 Y47.41 E.02631
G1 X45.418 Y47.234 E.01007
G1 X45.781 Y47.1 E.01313
G1 X46.061 Y47.058 E.00956
G1 X47.872 Y47.144 E.06138
G1 X48.002 Y46.611 E.01856
G1 X48.087 Y46.355 E.00915
M204 S10000
G1 E-.8 F1800
G1 X45.055 Y48.936 Z1.2 F7200
G1 Z.8
G1 E.8 F1800
M204 S500
;WIDTH:0.384964
G1 F1754.16
G1 X45.051 Y49 E.00184
M204 S10000
G1 X44.534 Y48.852 F7200
M204 S500
;WIDTH:0.406358
G1 F1650.902
G1 X44.553 Y49.076 E.00679
;WIDTH:0.453234
G1 F1462.297
G1 X44.573 Y49.299 E.00766
;WIDTH:0.498473
G1 F1317.08
G1 X44.569 Y50.22 E.03488
G1 X44.621 Y51.122 E.03419
;WIDTH:0.519291
G1 F1259.523
G1 X44.723 Y52.058 E.03733
G1 X44.832 Y52.754 E.02787
G1 X45.019 Y53.688 E.03774
;WIDTH:0.478929
G1 F1376.118
G1 X45.221 Y54.461 E.02898
G1 X45.358 Y54.902 E.01673
G1 X45.539 Y54.649 E.01127
;WIDTH:0.452331
G1 F1465.52
G1 X45.669 Y54.716 E.00497
;WIDTH:0.427295
G1 F1560.977
G1 X45.799 Y54.782 E.00467
G1 X45.638 Y54.355 E.01459
;WIDTH:0.497614
G1 F1319.569
G1 X45.502 Y53.775 E.02255
G1 X45.337 Y52.892 E.03394
;WIDTH:0.520981
G1 F1255.07
G1 X45.099 Y51.1 E.07186
G1 X45.026 Y50.25 E.03393
;WIDTH:0.487623
G1 F1349.215
G1 X45.004 Y49.422 E.03061
;WIDTH:0.455675
G1 F1453.648
G1 X45.027 Y49.231 E.0066
;WIDTH:0.423836
G1 F1575.152
G1 X45.049 Y49.04 E.00609
G1 X44.87 Y49.22 E.00805
;WIDTH:0.473518
G1 F1393.411
G1 X44.719 Y49.155 E.0059
;WIDTH:0.458412
G1 F1444.073
G1 X44.637 Y49.02 E.00544
;WIDTH:0.440152
G1 F1510.452
G1 X44.555 Y48.886 E.0052
M204 S10000
G1 X44.518 Y48.765 F7200
M204 S500
;WIDTH:0.38292
G1 F1764.706
G1 X44.544 Y48.37 E.01117
M204 S10000
G1 E-.8 F1800
G1 X49.079 Y54.51 Z1.2 F7200
G1 X55.165 Y62.75 Z1.2
G1 Z.8
G1 E.8 F1800
M204 S500
;TYPE:Top surface
;WIDTH:0.411748
G1 F1626.774
G1 X54.359 Y63.556 E.03496
M204 S10000
G1 X53.454 Y63.94 F7200
M204 S500
G1 F1626.774
G1 X55.738 Y61.656 E.09906
M204 S10000
G1 X55.821 Y61.051 F7200
M204 S500
G1 F1626.774
G1 X53.553 Y63.32 E.09839
M204 S10000
G1 X53.219 Y63.132 F7200
M204 S500
G1 F1626.774
G1 X55.458 Y60.893 E.09708
M204 S10000
G1 X55.091 Y60.738 F7200
M204 S500
G1 F1626.774
G1 X52.894 Y62.935 E.0953
M204 S10000
G1 X52.577 Y62.731 F7200
M204 S500
G1 F1626.774
G1 X54.741 Y60.567 E.09385
M204 S10000
G1 X54.396 Y60.391 F7200
M204 S500
G1 F1626.774
G1 X52.263 Y62.523 E.09249
M204 S10000
G1 X51.961 Y62.303 F7200
M204 S500
G1 F1626.774
G1 X54.065 Y60.199 E.09125
M204 S10000
G1 X53.739 Y60.004 F7200
M204 S500
G1 F1626.774
G1 X51.66 Y62.083 E.09019
M204 S10000
G1 X51.366 Y61.856 F7200
M204 S500
G1 F1626.774
G1 X53.418 Y59.803 E.08904
M204 S10000
G1 X53.115 Y59.585 F7200
M204 S500
G1 F1626.774
G1 X51.071 Y61.628 E.08862
M204 S10000
G1 X50.777 Y61.401 F7200
M204 S500
G1 F1626.774
G1 X52.811 Y59.367 E.08821
M204 S10000
G1 X52.523 Y59.133 F7200
M204 S500
G1 F1626.774
G1 X50.483 Y61.173 E.08848
M204 S10000
G1 X50.194 Y60.941 F7200
M204 S500
G1 F1626.774
G1 X52.239 Y58.896 E.08868
M204 S10000
G1 X51.964 Y58.649 F7200
M204 S500
G1 F1626.774
G1 X49.908 Y60.706 E.08919
M204 S10000
G1 X49.628 Y60.463 F7200
M204 S500
G1 F1626.774
G1 X51.699 Y58.393 E.08981
M204 S10000
G1 X51.439 Y58.132 F7200
M204 S500
G1 F1626.774
G1 X49.357 Y60.213 E.09028
M204 S10000
G1 X49.086 Y59.962 F7200
M204 S500
G1 F1626.774
G1 X51.193 Y57.856 E.09136
M204 S10000
G1 X50.947 Y57.58 F7200
M204 S500
G1 F1626.774
G1 X48.831 Y59.696 E.09178
M204 S10000
G1 X48.158 Y59.847 F7200
M204 S500
G1 F1626.774
G1 X50.715 Y57.29 E.11089
M204 S10000
G1 X50.489 Y56.995 F7200
M204 S500
G1 F1626.774
G1 X48.375 Y59.109 E.09167
M204 S10000
G1 X48.307 Y58.655 F7200
M204 S500
G1 F1626.774
G1 X49.997 Y56.965 E.07332
M204 S10000
G1 E-.8 F1800
G1 X56.56 Y60.861 Z1.2 F7200
G1 X57.855 Y61.63 Z1.2
G1 Z.8
G1 E.8 F1800
M204 S500
;TYPE:Internal solid infill
;WIDTH:0.455248
G1 F1455.152
G1 X54.856 Y64.63 E.14544
G1 X54.427 Y64.475 E.01562
G1 X57.24 Y61.663 E.13635
G1 X56.773 Y61.547 E.0165
G1 X55.279 Y63.04 E.0724
G1 X55.269 Y63.03 E.00051
G1 X55.891 Y61.845 E.04586
G1 X56.47 Y61.266 E.02807
M204 S10000
G1 E-.8 F1800
G1 X63.686 Y63.754 Z1.2 F7200
G1 X64.566 Y64.057 Z1.2
G1 Z.8
G1 E.8 F1800
M204 S500
;TYPE:Top surface
;WIDTH:0.401273
G1 F1674.327
G1 X65.739 Y62.884 E.04945
M204 S10000
G1 X65.62 Y62.497 F7200
M204 S500
G1 F1674.327
G1 X63.896 Y64.22 E.07264
M204 S10000
G1 X63.267 Y64.343 F7200
M204 S500
G1 F1674.327
G1 X65.499 Y62.11 E.09409
M204 S10000
G1 X65.379 Y61.724 F7200
M204 S500
G1 F1674.327
G1 X62.664 Y64.438 E.11439
M204 S10000
G1 X62.083 Y64.513 F7200
M204 S500
G1 F1674.327
G1 X65.259 Y61.337 E.13382
M204 S10000
G1 X65.093 Y60.996 F7200
M204 S500
G1 F1674.327
G1 X61.502 Y64.587 E.15132
M204 S10000
G1 X60.926 Y64.657 F7200
M204 S500
G1 F1674.327
G1 X64.739 Y60.844 E.16069
M204 S10000
G1 X63.958 Y61.118 F7200
M204 S500
G1 F1674.327
G1 X60.363 Y64.712 E.15147
M204 S10000
G1 X59.828 Y64.741 F7200
M204 S500
G1 F1674.327
G1 X63.211 Y61.358 E.14258
M204 S10000
G1 X62.53 Y61.532 F7200
M204 S500
G1 F1674.327
G1 X59.302 Y64.76 E.13603
M204 S10000
G1 X58.806 Y64.749 F7200
M204 S500
G1 F1674.327
M73 P22 R12
G1 X61.901 Y61.654 E.13044
M204 S10000
G1 X61.321 Y61.728 F7200
M204 S500
G1 F1674.327
G1 X58.324 Y64.724 E.12629
M204 S10000
G1 X58.004 Y64.538 F7200
M204 S500
G1 F1674.327
G1 X60.762 Y61.779 E.11625
M204 S10000
G1 X60.233 Y61.802 F7200
M204 S500
G1 F1674.327
G1 X57.784 Y64.251 E.10322
M204 S10000
G1 X57.691 Y63.837 F7200
M204 S500
G1 F1674.327
G1 X59.729 Y61.799 E.0859
M204 S10000
G1 X59.238 Y61.783 F7200
M204 S500
G1 F1674.327
G1 X57.718 Y63.303 E.06407
M204 S10000
G1 X57.745 Y62.77 F7200
M204 S500
G1 F1674.327
G1 X58.776 Y61.739 E.04345
M204 S10000
G1 E-.8 F1800
G1 X66.408 Y61.712 Z1.2 F7200
G1 X68.66 Y61.704 Z1.2
G1 Z.8
G1 E.8 F1800
M204 S500
;WIDTH:0.424808
G1 F1571.141
G1 X72.247 Y58.117 E.16107
M204 S10000
G1 X73.245 Y56.579 F7200
M204 S500
G1 F1571.141
G1 X68.283 Y61.541 E.22279
M204 S10000
G1 X68.018 Y61.266 F7200
M204 S500
G1 F1571.141
G1 X73.575 Y55.709 E.24956
M204 S10000
G1 X73.434 Y55.31 F7200
M204 S500
G1 F1571.141
G1 X67.76 Y60.984 E.25478
M204 S10000
G1 X67.503 Y60.701 F7200
M204 S500
G1 F1571.141
G1 X73.159 Y55.045 E.254
M204 S10000
G1 X72.806 Y54.858 F7200
M204 S500
G1 F1571.141
G1 X67.246 Y60.418 E.24968
M204 S10000
G1 X67.004 Y60.12 F7200
M204 S500
G1 F1571.141
G1 X72.452 Y54.672 E.24466
M204 S10000
G1 X72.098 Y54.486 F7200
M204 S500
G1 F1571.141
G1 X69.265 Y57.319 E.12721
M204 S10000
G1 X70.332 Y55.712 F7200
M204 S500
G1 F1571.141
G1 X71.744 Y54.3 E.0634
M204 S10000
G1 E-.8 F1800
G1 X74.992 Y51.307 Z1.2 F7200
G1 Z.8
G1 E.8 F1800
M204 S500
;WIDTH:0.404395
G1 F1659.866
G1 X73.996 Y52.303 E.04232
M204 S10000
G1 X73.501 Y52.287 F7200
M204 S500
G1 F1659.866
G1 X74.756 Y51.032 E.05335
M204 S10000
G1 X74.759 Y50.518 F7200
M204 S500
G1 F1659.866
G1 X73.012 Y52.265 E.07425
M204 S10000
G1 X72.523 Y52.242 F7200
M204 S500
G1 F1659.866
G1 X74.739 Y50.027 E.09418
M204 S10000
G1 X74.708 Y49.547 F7200
M204 S500
G1 F1659.866
G1 X72.08 Y52.174 E.11168
M204 S10000
G1 X71.743 Y52 F7200
M204 S500
G1 F1659.866
G1 X74.662 Y49.082 E.12406
M204 S10000
G1 X74.608 Y48.625 F7200
M204 S500
G1 F1659.866
G1 X71.707 Y51.525 E.12331
M204 S10000
G1 X71.772 Y50.949 F7200
M204 S500
G1 F1659.866
G1 X74.55 Y48.171 E.11807
M204 S10000
G1 X74.492 Y47.718 F7200
M204 S500
G1 F1659.866
G1 X71.799 Y50.411 E.11444
M204 S10000
G1 X71.805 Y49.894 F7200
M204 S500
G1 F1659.866
G1 X74.432 Y47.267 E.11167
M204 S10000
G1 X74.362 Y46.825 F7200
M204 S500
G1 F1659.866
G1 X71.789 Y49.399 E.1094
M204 S10000
G1 X71.757 Y48.919 F7200
M204 S500
G1 F1659.866
G1 X74.286 Y46.39 E.10749
M204 S10000
G1 X74.195 Y45.97 F7200
M204 S500
G1 F1659.866
G1 X71.711 Y48.454 E.10562
M204 S10000
G1 X71.639 Y48.015 F7200
M204 S500
G1 F1659.866
G1 X74.097 Y45.557 E.1045
M204 S10000
G1 X73.985 Y45.158 F7200
M204 S500
G1 F1659.866
G1 X71.563 Y47.58 E.10294
M204 S10000
G1 X71.46 Y47.172 F7200
M204 S500
G1 F1659.866
G1 X73.875 Y44.757 E.10265
M204 S10000
G1 X73.666 Y44.454 F7200
M204 S500
G1 F1659.866
G1 X71.356 Y46.765 E.09822
M204 S10000
G1 X71.235 Y46.374 F7200
M204 S500
G1 F1659.866
G1 X73.33 Y44.279 E.08905
M204 S10000
G1 X72.821 Y44.277 F7200
M204 S500
G1 F1659.866
G1 X71.108 Y45.99 E.07283
M204 S10000
G1 X70.967 Y45.62 F7200
M204 S500
G1 F1659.866
G1 X72.079 Y44.508 E.04728
M204 S10000
G1 E-.8 F1800
G1 X69.955 Y43.076 Z1.2 F7200
G1 Z.8
G1 E.8 F1800
M204 S500
;WIDTH:0.411127
G1 F1629.518
G1 X71.692 Y41.339 E.07519
M204 S10000
G1 X71.647 Y40.863 F7200
M204 S500
G1 F1629.518
G1 X69.51 Y42.999 E.0925
M204 S10000
G1 X69.288 Y42.701 F7200
M204 S500
G1 F1629.518
G1 X71.425 Y40.565 E.09252
M204 S10000
G1 X71.17 Y40.298 F7200
M204 S500
G1 F1629.518
G1 X69.052 Y42.416 E.0917
M204 S10000
G1 X68.814 Y42.133 F7200
M204 S500
G1 F1629.518
G1 X70.915 Y40.032 E.09096
M204 S10000
G1 X70.645 Y39.782 F7200
M204 S500
G1 F1629.518
G1 X68.56 Y41.867 E.09028
M204 S10000
G1 X68.306 Y41.6 F7200
M204 S500
G1 F1629.518
G1 X70.374 Y39.532 E.08957
M204 S10000
G1 X70.096 Y39.29 F7200
M204 S500
G1 F1629.518
G1 X68.037 Y41.348 E.08912
M204 S10000
G1 X67.764 Y41.101 F7200
M204 S500
G1 F1629.518
G1 X69.81 Y39.055 E.08858
M204 S10000
G1 X69.521 Y38.823 F7200
M204 S500
G1 F1629.518
G1 X67.483 Y40.861 E.08824
M204 S10000
G1 X67.19 Y40.634 F7200
M204 S500
G1 F1629.518
G1 X69.228 Y38.595 E.08825
M204 S10000
G1 X68.934 Y38.368 F7200
M204 S500
G1 F1629.518
G1 X66.896 Y40.407 E.08826
M204 S10000
G1 X66.585 Y40.197 F7200
M73 P23 R12
M204 S500
G1 F1629.518
G1 X68.64 Y38.141 E.089
M204 S10000
G1 X68.347 Y37.914 F7200
M204 S500
G1 F1629.518
G1 X66.271 Y39.99 E.08987
M204 S10000
G1 X65.946 Y39.795 F7200
M204 S500
G1 F1629.518
G1 X68.046 Y37.695 E.09093
M204 S10000
G1 X67.745 Y37.475 F7200
M204 S500
G1 F1629.518
G1 X65.612 Y39.608 E.09233
M204 S10000
G1 X65.27 Y39.429 F7200
M204 S500
G1 F1629.518
G1 X67.432 Y37.267 E.09361
M204 S10000
G1 X67.115 Y37.063 F7200
M204 S500
G1 F1629.518
G1 X64.916 Y39.263 E.09524
M204 S10000
G1 X64.558 Y39.099 F7200
M204 S500
G1 F1629.518
G1 X66.79 Y36.867 E.09665
M204 S10000
G1 X66.457 Y36.68 F7200
M204 S500
G1 F1629.518
G1 X64.272 Y38.864 E.09458
M204 S10000
G1 X64.246 Y38.37 F7200
M204 S500
G1 F1629.518
G1 X66.129 Y36.487 E.08153
M204 S10000
G1 X65.652 Y36.443 F7200
M204 S500
G1 F1629.518
G1 X64.815 Y37.281 E.03626
; stop printing object fidget-finger-massager-2000-ring.stl id:15 copy 0
M106 S137
;LAYER_CHANGE
;Z:1
;HEIGHT:0.2
G92 E0
;_SET_FAN_SPEED_CHANGING_LAYER
; printing object fidget-finger-massager-2000-ring.stl id:15 copy 0
M204 S10000
G1 E-.8 F1800
G1 X57.703 Y40.051 Z1.4 F7200
G1 X46.672 Y44.348 Z1.4
G1 Z1
G1 E.8 F1800
M204 S1500
;TYPE:Inner wall
;WIDTH:0.449999
G1 F1473.915
G1 X46.645 Y44.072 E.00941
G1 X46.942 Y43.504 E.02167
G1 X47.395 Y42.759 E.02953
G1 X47.89 Y42.044 E.02943
G1 X48.427 Y41.335 E.03011
G1 X49.056 Y40.521 E.03481
G1 X49.546 Y39.923 E.02617
G1 X50.134 Y39.281 E.02947
G1 X50.833 Y38.61 E.03281
G1 X51.143 Y38.485 E.01131
G1 X51.483 Y38.548 E.0117
G1 X51.658 Y38.682 E.00746
G1 X52.792 Y39.929 E.05706
G1 X52.869 Y40.033 E.00438
;WIDTH:0.462476
G1 F1430.083
G1 X52.927 Y40.532 E.0175
;WIDTH:0.491986
G1 F1336.106
G1 X52.858 Y40.668 E.00572
;WIDTH:0.521496
G1 F1253.719
G1 X52.789 Y40.805 E.00609
G1 X53.23 Y40.51 E.02111
;WIDTH:0.485748
G1 F1354.929
G1 X53.672 Y40.216 E.01954
;WIDTH:0.449999
G1 F1473.915
G1 X54.234 Y39.881 E.02214
G1 X55.296 Y39.335 E.04043
;WIDTH:0.489016
G1 F1345.003
G1 X55.49 Y39.236 E.00807
;WIDTH:0.528032
G1 F1236.828
G1 X55.684 Y39.138 E.00878
G1 X55.489 Y39.096 E.00804
;WIDTH:0.489016
G1 F1345.003
G1 X55.294 Y39.054 E.00739
;WIDTH:0.449999
G1 F1473.915
G1 X54.97 Y38.683 E.0167
G1 X54.467 Y37.068 E.05723
G1 X54.462 Y36.735 E.01127
G1 X54.665 Y36.419 E.01274
G1 X54.887 Y36.303 E.00848
G1 X55.704 Y36.075 E.02871
G1 X56.498 Y35.901 E.02749
G1 X57.354 Y35.764 E.02937
G1 X58.732 Y35.587 E.04703
G1 X59.617 Y35.493 E.03012
G1 X60.486 Y35.448 E.02946
G1 X61.565 Y35.462 E.03652
G1 X61.837 Y35.564 E.00983
G1 X62.059 Y35.842 E.01207
G1 X62.102 Y36.097 E.00874
G1 X62.022 Y37.781 E.05706
G1 X61.887 Y38.137 E.01288
;WIDTH:0.4871
G1 F1350.805
G1 X61.66 Y38.268 E.00967
;WIDTH:0.5242
G1 F1246.675
G1 X61.433 Y38.399 E.01048
G1 X61.736 Y38.461 E.01235
;WIDTH:0.4871
G1 F1350.805
G1 X62.038 Y38.523 E.0114
;WIDTH:0.449999
G1 F1473.915
G1 X62.7 Y38.665 E.02293
G1 X63.431 Y38.866 E.02564
;WIDTH:0.487561
G1 F1349.403
G1 X63.978 Y39.042 E.02124
;WIDTH:0.525123
G1 F1244.289
G1 X64.525 Y39.217 E.02304
;WIDTH:0.535662
G1 F1217.676
G1 X64.572 Y39.231 E.00198
G1 X64.478 Y38.919 E.01332
;WIDTH:0.492831
G1 F1333.599
G1 X64.384 Y38.608 E.01216
;WIDTH:0.449999
G1 F1473.915
G1 X64.639 Y38.066 E.02028
G1 X65.229 Y36.942 E.04297
G1 X65.425 Y36.725 E.00989
G1 X65.777 Y36.62 E.01241
G1 X66.067 Y36.699 E.01019
G1 X66.806 Y37.115 E.02871
G1 X67.514 Y37.568 E.02846
G1 X68.194 Y38.062 E.02844
G1 X69.202 Y38.841 E.04313
G1 X69.896 Y39.398 E.03012
G1 X70.547 Y39.975 E.02945
G1 X71.164 Y40.594 E.02959
G1 X71.44 Y40.91 E.01419
G1 X71.492 Y41.04 E.00475
G1 X71.479 Y41.407 E.01241
G1 X71.314 Y41.654 E.01007
G1 X70.067 Y42.789 E.05707
G1 X69.919 Y42.888 E.00605
;WIDTH:0.478806
G1 F1376.507
G1 X69.618 Y42.883 E.01092
;WIDTH:0.507613
G1 F1291.175
G1 X69.316 Y42.878 E.01164
;WIDTH:0.525846
G1 F1242.426
G1 X69.235 Y42.83 E.00378
G1 X69.486 Y43.211 E.01829
;WIDTH:0.487923
G1 F1348.307
G1 X69.736 Y43.592 E.01686
;WIDTH:0.449999
G1 F1473.915
G1 X70.127 Y44.237 E.02552
G1 X70.573 Y45.096 E.03277
;WIDTH:0.484646
G1 F1358.31
G1 X70.723 Y45.409 E.01277
;WIDTH:0.519292
G1 F1259.52
G1 X70.874 Y45.723 E.01377
G1 X70.939 Y45.455 E.01093
;WIDTH:0.484646
G1 F1358.31
G1 X71.004 Y45.187 E.01013
;WIDTH:0.449999
G1 F1473.915
G1 X71.314 Y44.966 E.01288
G1 X72.928 Y44.463 E.05724
G1 X73.18 Y44.442 E.00856
G1 X73.506 Y44.588 E.01207
G1 X73.693 Y44.884 E.01185
G1 X73.921 Y45.701 E.02871
G1 X74.101 Y46.522 E.02846
G1 X74.233 Y47.351 E.02844
G1 X74.481 Y49.386 E.06938
G1 X74.539 Y50.254 E.02944
G1 X74.545 Y51.128 E.02958
G1 X74.515 Y51.656 E.01791
G1 X74.483 Y51.744 E.00316
G1 X74.228 Y52.02 E.01274
G1 X73.899 Y52.098 E.01143
G1 X72.215 Y52.018 E.05706
;WIDTH:0.450206
G1 X71.746 Y51.762 E.01809
;WIDTH:0.489121
G1 F1344.685
G1 X71.671 Y51.602 E.00657
;WIDTH:0.528036
G1 F1236.818
G1 X71.595 Y51.442 E.00715
G1 X71.469 Y52.054 E.02524
;WIDTH:0.489018
G1 F1344.998
G1 X71.343 Y52.667 E.02321
;WIDTH:0.449999
G1 F1473.915
G1 X71.149 Y53.375 E.02484
;WIDTH:0.45112
G1 F1469.868
G1 X70.828 Y54.303 E.03333
;WIDTH:0.486308
G1 F1353.217
G1 X70.769 Y54.483 E.00698
;WIDTH:0.521496
G1 F1253.719
G1 X70.71 Y54.663 E.00753
G1 X70.848 Y54.551 E.00709
;WIDTH:0.486308
G1 F1353.217
G1 X70.987 Y54.439 E.00657
;WIDTH:0.45112
G1 F1469.868
G1 X71.55 Y54.435 E.01909
;WIDTH:0.449999
G1 F1473.915
G1 X73.049 Y55.223 E.05734
G1 X73.223 Y55.359 E.00746
G1 X73.369 Y55.672 E.0117
G1 X73.297 Y56.063 E.01345
G1 X72.881 Y56.802 E.02871
G1 X72.428 Y57.51 E.02846
G1 X71.934 Y58.19 E.02844
G1 X70.944 Y59.471 E.0548
G1 X70.422 Y60.107 E.02784
G1 X69.872 Y60.704 E.02749
G1 X69.218 Y61.339 E.03084
G1 X69.054 Y61.452 E.00677
G1 X68.671 Y61.498 E.01304
G1 X68.342 Y61.311 E.01282
G1 X67.208 Y60.063 E.05706
G1 X67.064 Y59.79 E.01046
;WIDTH:0.485345
G1 F1356.164
G1 X67.128 Y59.498 E.01098
;WIDTH:0.52069
G1 F1255.834
G1 X67.192 Y59.207 E.01186
G1 X66.887 Y59.409 E.01452
;WIDTH:0.485345
G1 F1356.164
G1 X66.583 Y59.612 E.01345
;WIDTH:0.449999
G1 F1473.915
G1 X66.107 Y59.913 E.01908
G1 X65.451 Y60.288 E.02555
;WIDTH:0.485849
G1 F1354.62
G1 X64.886 Y60.572 E.0233
;WIDTH:0.521698
G1 F1253.19
G1 X64.321 Y60.857 E.02519
G1 X64.618 Y60.977 E.01274
;WIDTH:0.485849
G1 F1354.62
G1 X64.914 Y61.098 E.01178
;WIDTH:0.449999
G1 F1473.915
G1 X65.03 Y61.31 E.00818
G1 X65.532 Y62.924 E.05722
G1 X65.559 Y63.101 E.00607
G1 X65.467 Y63.423 E.01133
G1 X65.113 Y63.689 E.015
G1 X64.294 Y63.918 E.02878
G1 X63.474 Y64.097 E.02839
G1 X62.645 Y64.229 E.02844
G1 X61.039 Y64.435 E.0548
G1 X60.22 Y64.515 E.02784
G1 X59.409 Y64.549 E.02749
G1 X58.498 Y64.535 E.03084
G1 X58.352 Y64.515 E.00499
G1 X58.024 Y64.297 E.01331
G1 X57.894 Y63.987 E.0114
G1 X57.995 Y62.092 E.06422
;WIDTH:0.486107
G1 F1353.83
G1 X58.351 Y61.658 E.02067
;WIDTH:0.527636
G1 F1237.838
G1 X58.543 Y61.592 E.00817
G1 X58.041 Y61.489 E.02064
;WIDTH:0.488818
G1 F1345.601
G1 X57.539 Y61.387 E.01899
;WIDTH:0.449999
G1 F1473.915
G1 X56.925 Y61.23 E.02145
G1 X55.888 Y60.9 E.03684
;WIDTH:0.48832
G1 F1347.105
G1 X55.628 Y60.812 E.01016
;WIDTH:0.52664
G1 F1240.387
G1 X55.368 Y60.724 E.01103
G1 X55.491 Y60.934 E.00978
;WIDTH:0.48832
G1 F1347.105
G1 X55.614 Y61.143 E.009
;WIDTH:0.449999
G1 F1473.915
G1 X55.524 Y61.616 E.0163
G1 X54.771 Y63.049 E.05479
G1 X54.689 Y63.167 E.00488
G1 X54.417 Y63.343 E.01094
G1 X54.017 Y63.333 E.01355
G1 X53.309 Y62.942 E.02739
G1 X52.57 Y62.478 E.02952
G1 X51.863 Y61.972 E.02943
G1 X50.525 Y60.94 E.0572
G1 X49.889 Y60.419 E.02784
G1 X49.271 Y59.849 E.02846
G1 X48.657 Y59.214 E.02991
G1 X48.597 Y59.142 E.00315
G1 X48.487 Y58.757 E.01355
G1 X48.6 Y58.416 E.01219
G1 X49.933 Y57.204 E.06096
G1 X50.36 Y57.045 E.01543
;WIDTH:0.485514
G1 F1355.646
G1 X50.584 Y57.126 E.00878
;WIDTH:0.521028
G1 F1254.947
G1 X50.809 Y57.207 E.00948
G1 X50.658 Y56.981 E.01078
;WIDTH:0.485514
G1 F1355.646
G1 X50.508 Y56.756 E.00998
;WIDTH:0.449999
G1 F1473.915
G1 X50.074 Y56.096 E.02674
G1 X49.698 Y55.432 E.02582
;WIDTH:0.486142
G1 F1353.724
G1 X49.237 Y54.51 E.03799
;WIDTH:0.527716
G1 F1237.634
G1 X49.143 Y54.324 E.00839
G1 X49.128 Y54.527 E.00818
;WIDTH:0.486142
G1 F1353.724
G1 X48.797 Y54.98 E.02067
;WIDTH:0.449999
G1 F1473.915
G1 X48.286 Y55.151 E.01824
G1 X46.965 Y55.551 E.04674
G1 X46.656 Y55.506 E.01056
G1 X46.363 Y55.244 E.01331
G1 X46.145 Y54.529 E.02529
G1 X45.945 Y53.68 E.02952
G1 X45.796 Y52.822 E.02948
G1 X45.562 Y51.035 E.06101
G1 X45.481 Y50.217 E.02784
G1 X45.446 Y49.377 E.02846
G1 X45.461 Y48.493 E.02991
G1 X45.63 Y48.083 E.015
G1 X45.962 Y47.888 E.01303
G1 X47.359 Y47.954 E.04737
G1 X47.978 Y48.015 E.02103
;WIDTH:0.485852
G1 F1354.611
G1 X48.189 Y48.281 E.01251
;WIDTH:0.521704
G1 F1253.175
G1 X48.401 Y48.546 E.01352
G1 X48.484 Y48.146 E.01626
;WIDTH:0.485852
G1 F1354.611
G1 X48.566 Y47.746 E.01504
;WIDTH:0.449999
G1 F1473.915
G1 X48.764 Y46.908 E.02915
G1 X49.022 Y46.086 E.02915
;WIDTH:0.485572
G1 F1355.468
G1 X49.14 Y45.738 E.01353
;WIDTH:0.521144
G1 F1254.642
G1 X49.257 Y45.39 E.01462
G1 X49 Y45.506 E.0112
;WIDTH:0.485572
G1 F1355.468
G1 X48.744 Y45.623 E.01037
;WIDTH:0.449999
G1 F1473.915
G1 X48.443 Y45.553 E.01045
G1 X46.947 Y44.767 E.05722
G1 X46.687 Y44.498 E.01268
G1 X46.676 Y44.388 E.00373
M204 S500
G1 X47.071 Y44.309 F7200
;TYPE:Outer wall
G1 F1473.915
G1 X47.076 Y44.139 E.00574
G1 X47.492 Y43.4 E.02871
G1 X47.933 Y42.714 E.02761
G1 X48.766 Y41.597 E.04716
G1 X49.395 Y40.783 E.03481
G1 X49.878 Y40.195 E.02575
G1 X50.449 Y39.572 E.02862
G1 X51.059 Y38.982 E.02872
G1 X51.187 Y38.911 E.00497
G1 X51.341 Y38.97 E.00557
G1 X52.475 Y40.217 E.05706
G1 X52.514 Y40.396 E.0062
G1 X51.501 Y41.453 E.04955
G1 X50.983 Y42.081 E.02756
G1 X50.04 Y43.301 E.05219
G1 X49.628 Y43.867 E.02369
G1 X49.251 Y44.453 E.02358
G1 X48.886 Y45.102 E.02521
G1 X48.719 Y45.195 E.00647
G1 X48.265 Y44.976 E.01704
G1 X47.149 Y44.389 E.04269
G1 X47.099 Y44.338 E.00243
M204 S10000
G1 E-.8 F1800
G1 X54.066 Y41.22 Z1.4 F7200
G1 X61.409 Y37.934 Z1.4
G1 Z1
G1 E.8 F1800
M204 S500
G1 F1473.915
G1 X60.664 Y37.921 E.02521
G1 X59.968 Y37.948 E.02358
G1 X59.272 Y38.017 E.02369
G1 X57.691 Y38.219 E.05393
G1 X57 Y38.328 E.02369
G1 X56.319 Y38.476 E.02358
G1 X55.602 Y38.677 E.02521
G1 X55.476 Y38.666 E.00429
G1 X55.354 Y38.474 E.00772
G1 X54.878 Y36.944 E.05422
G1 X54.876 Y36.845 E.00336
G1 X54.937 Y36.751 E.0038
G1 X55.82 Y36.488 E.03119
G1 X56.589 Y36.32 E.02664
G1 X57.422 Y36.187 E.02855
M73 P24 R12
G1 X58.786 Y36.012 E.04658
G1 X59.659 Y35.92 E.0297
G1 X60.503 Y35.876 E.02861
G1 X61.354 Y35.884 E.02878
G1 X61.595 Y35.918 E.00825
G1 X61.674 Y36.077 E.00601
G1 X61.594 Y37.761 E.05706
G1 X61.554 Y37.867 E.00384
G1 X61.445 Y37.917 E.00405
M204 S10000
G1 E-.8 F1800
G1 X66.609 Y43.538 Z1.4 F7200
G1 X71.116 Y48.444 Z1.4
G1 Z1
G1 E.8 F1800
M204 S500
G1 F1473.915
G1 X71.12 Y48.463 E.00066
G1 X71.19 Y49.162 E.02377
G1 X71.221 Y50.032 E.02948
G1 X71.199 Y50.644 E.02071
G1 X71.137 Y51.34 E.02365
G1 X70.923 Y52.584 E.04272
G1 X70.736 Y53.261 E.02377
G1 X70.423 Y54.162 E.03231
G1 X70.086 Y54.923 E.02815
G1 X69.695 Y55.654 E.02808
G1 X69.318 Y56.248 E.02378
G1 X68.756 Y57.02 E.03236
G1 X68.383 Y57.451 E.01928
G1 X67.935 Y57.925 E.02208
G1 X67.471 Y58.366 E.02166
G1 X66.996 Y58.774 E.02119
G1 X66.329 Y59.267 E.02808
G1 X65.879 Y59.55 E.01801
G1 X65.251 Y59.909 E.02448
G1 X64.135 Y60.432 E.04171
G1 X63.43 Y60.681 E.0253
G1 X62.815 Y60.856 E.02166
G1 X62.179 Y61 E.02207
G1 X60.914 Y61.184 E.04324
G1 X60.086 Y61.221 E.02808
G1 X59.344 Y61.199 E.02511
G1 X58.648 Y61.134 E.02368
G1 X57.615 Y60.965 E.03542
G1 X57.032 Y60.815 E.02038
G1 X56.025 Y60.494 E.03577
G1 X55.55 Y60.294 E.01745
G1 X54.883 Y59.979 E.02497
G1 X54.321 Y59.672 E.02168
G1 X53.814 Y59.362 E.02011
G1 X53.139 Y58.88 E.02808
G1 X52.58 Y58.414 E.02463
G1 X52.064 Y57.926 E.02403
G1 X51.626 Y57.454 E.02181
G1 X51.177 Y56.925 E.02349
G1 X50.848 Y56.495 E.01832
G1 X50.432 Y55.861 E.02566
G1 X50.073 Y55.225 E.02475
G1 X49.643 Y54.323 E.03381
G1 X49.351 Y53.546 E.02808
G1 X49.134 Y52.805 E.02616
G1 X48.993 Y52.168 E.02206
G1 X48.831 Y51.117 E.03599
G1 X48.779 Y50.289 E.02808
G1 X48.788 Y49.46 E.02808
G1 X48.858 Y48.635 E.02802
G1 X48.989 Y47.814 E.02814
G1 X49.18 Y47.007 E.02808
G1 X49.431 Y46.216 E.02808
G1 X49.691 Y45.564 E.02377
G1 X50.023 Y44.868 E.02609
G1 X50.33 Y44.311 E.02151
G1 X50.676 Y43.758 E.02208
G1 X50.991 Y43.3 E.01882
G1 X51.43 Y42.752 E.02377
G1 X52.074 Y42.048 E.0323
G1 X52.541 Y41.615 E.02155
G1 X53.078 Y41.168 E.02367
G1 X53.913 Y40.57 E.03476
G1 X54.452 Y40.25 E.02121
G1 X55.482 Y39.72 E.03922
G1 X56.254 Y39.415 E.02808
G1 X57.045 Y39.167 E.02808
G1 X57.834 Y38.983 E.02742
G1 X58.673 Y38.85 E.02873
G1 X59.5 Y38.782 E.02808
G1 X60 Y38.778 E.01693
G1 X61.155 Y38.831 E.03914
G1 X61.978 Y38.947 E.02815
G1 X62.609 Y39.084 E.02186
G1 X63.309 Y39.277 E.02457
G1 X64.36 Y39.653 E.03778
G1 X65.112 Y40.003 E.02808
G1 X65.693 Y40.328 E.02252
G1 X66.245 Y40.681 E.02219
G1 X67.185 Y41.372 E.03948
G1 X67.802 Y41.926 E.02808
G1 X68.377 Y42.524 E.02808
G1 X68.836 Y43.079 E.02437
G1 X69.386 Y43.84 E.03178
G1 X69.76 Y44.458 E.02445
G1 X70.19 Y45.29 E.0317
G1 X70.446 Y45.901 E.02243
G1 X70.679 Y46.559 E.02364
G1 X70.853 Y47.179 E.0218
G1 X71.005 Y47.81 E.02196
G1 X71.109 Y48.405 E.02044
M204 S10000
G1 E-.8 F1800
G1 X64.567 Y44.474 Z1.4 F7200
G1 X55.684 Y39.138 Z1.4
G1 Z1
G1 E.8 F1800
M204 S1500
;TYPE:Inner wall
;WIDTH:0.528032
G1 F1236.828
G1 X56.054 Y39.02 E.01569
;WIDTH:0.49885
G1 F1315.992
G1 X56.425 Y38.902 E.01474
;WIDTH:0.469668
G1 F1405.982
G1 X56.921 Y38.77 E.01823
;WIDTH:0.424332
G1 F1573.102
G1 X57.334 Y38.687 E.01334
;WIDTH:0.397617
G1 F1691.585
G1 X57.746 Y38.604 E.0124
;WIDTH:0.370902
G1 F1829.369
G1 X58.615 Y38.479 E.02394
;WIDTH:0.3746
G1 F1808.973
G1 X59.316 Y38.405 E.01943
;WIDTH:0.423856
G1 F1575.068
G1 X59.997 Y38.363 E.02162
;WIDTH:0.4493
G1 F1476.451
G1 X60.333 Y38.362 E.01136
;WIDTH:0.474744
G1 F1389.455
G1 X60.669 Y38.362 E.01207
;WIDTH:0.494512
G1 F1328.633
G1 X61.18 Y38.381 E.01922
;WIDTH:0.5242
G1 F1246.675
G1 X61.433 Y38.399 E.01015
M204 S10000
G1 E-.8 F1800
G1 X64.894 Y38.882 Z1.4 F7200
G1 Z1
G1 E.8 F1800
M204 S500
;TYPE:Outer wall
;WIDTH:0.449999
G1 F1473.915
G1 X64.801 Y38.68 E.00753
G1 X65.606 Y37.146 E.05865
G1 X65.665 Y37.08 E.003
G1 X65.842 Y37.065 E.00599
G1 X66.596 Y37.488 E.02929
G1 X67.283 Y37.929 E.02761
G1 X67.942 Y38.408 E.02759
G1 X69.624 Y39.729 E.0724
G1 X70.256 Y40.29 E.0286
G1 X70.857 Y40.892 E.02877
G1 X71.079 Y41.154 E.01164
G1 X71.031 Y41.333 E.00628
G1 X69.735 Y42.501 E.05905
G1 X69.525 Y42.463 E.0072
G1 X69.008 Y41.927 E.02521
G1 X68.497 Y41.455 E.02358
G1 X67.956 Y41.011 E.02369
G1 X66.695 Y40.036 E.05394
G1 X66.129 Y39.624 E.02369
G1 X65.543 Y39.247 E.02358
G1 X64.929 Y38.902 E.02386
M204 S10000
G1 X64.572 Y39.231 F7200
M204 S1500
;TYPE:Inner wall
;WIDTH:0.535662
G1 F1217.676
G1 X64.667 Y39.285 E.0045
;WIDTH:0.517962
G1 F1263.046
G1 X65.002 Y39.458 E.01486
;WIDTH:0.489514
G1 F1343.502
G1 X65.336 Y39.63 E.01397
;WIDTH:0.461066
G1 F1434.906
G1 X65.958 Y40.007 E.02528
;WIDTH:0.413874
G1 F1617.451
G1 X66.364 Y40.29 E.01527
;WIDTH:0.38215
G1 F1768.711
G1 X66.771 Y40.573 E.01397
;WIDTH:0.37722
G1 F1794.795
G1 X67.711 Y41.317 E.03334
;WIDTH:0.42156
G1 F1584.619
G1 X68.224 Y41.767 E.02148
;WIDTH:0.464022
G1 F1424.833
G1 X68.721 Y42.257 E.02443
;WIDTH:0.494934
G1 F1327.392
G1 X68.978 Y42.544 E.01447
;WIDTH:0.525846
G1 F1242.426
G1 X69.235 Y42.83 E.01546
M204 S10000
G1 E-.8 F1800
G1 X71.357 Y45.43 Z1.4 F7200
G1 Z1
G1 E.8 F1800
M204 S500
;TYPE:Outer wall
;WIDTH:0.449999
G1 F1473.915
G1 X71.844 Y45.25 E.01758
G1 X73.052 Y44.874 E.04284
G1 X73.224 Y44.911 E.00596
G1 X73.319 Y45.138 E.00832
G1 X73.508 Y45.816 E.02383
G1 X73.682 Y46.613 E.02762
G1 X73.809 Y47.418 E.02759
G1 X73.955 Y48.557 E.03885
G1 X74.054 Y49.428 E.02969
G1 X74.111 Y50.271 E.0286
G1 X74.116 Y51.121 E.02876
G1 X74.094 Y51.564 E.01503
G1 X74.017 Y51.647 E.0038
G1 X73.919 Y51.67 E.00341
G1 X72.235 Y51.59 E.05706
G1 X72.096 Y51.514 E.00539
G1 X72.062 Y51.405 E.00386
G1 X72.076 Y50.66 E.02521
G1 X72.049 Y49.989 E.02273
G1 X71.98 Y49.274 E.02434
G1 X71.777 Y47.687 E.05413
G1 X71.668 Y46.996 E.02369
G1 X71.52 Y46.315 E.02358
G1 X71.32 Y45.598 E.02521
G1 X71.348 Y45.469 E.00446
M204 S10000
G1 X70.874 Y45.723 F7200
M204 S1500
;TYPE:Inner wall
;WIDTH:0.519292
G1 F1259.52
G1 X70.943 Y45.925 E.00848
;WIDTH:0.494812
G1 F1327.751
G1 X71.14 Y46.586 E.0259
;WIDTH:0.45139
G1 F1468.896
G1 X71.257 Y47.073 E.01703
;WIDTH:0.428672
G1 F1555.403
G1 X71.324 Y47.408 E.01095
;WIDTH:0.401638
G1 F1672.623
G1 X71.39 Y47.743 E.01018
;WIDTH:0.374604
G1 F1808.951
G1 X71.495 Y48.439 E.01943
;WIDTH:0.378764
G1 F1786.544
G1 X71.589 Y49.311 E.0245
;WIDTH:0.424308
G1 F1573.201
G1 X71.639 Y50.151 E.02668
;WIDTH:0.469662
G1 F1406.002
G1 X71.637 Y50.665 E.01823
;WIDTH:0.498849
G1 F1315.994
G1 X71.616 Y51.053 E.01474
;WIDTH:0.528036
G1 F1236.818
G1 X71.595 Y51.442 E.01569
M204 S10000
G1 E-.8 F1800
G1 X65.011 Y47.582 Z1.4 F7200
G1 X49.112 Y38.261 Z1.4
G1 Z1
G1 E.8 F1800
M204 S1500
;WIDTH:0.449999
G1 F1473.915
G1 X49.833 Y37.631 E.03242
G1 X50.591 Y37.045 E.03242
G1 X51.382 Y36.506 E.03242
G1 X52.204 Y36.015 E.03242
G1 X53.054 Y35.573 E.03242
G1 X53.929 Y35.184 E.03242
G1 X54.826 Y34.847 E.03242
G1 X55.741 Y34.565 E.03242
G1 X56.239 Y34.443 E.01734
G1 X57.14 Y34.253 E.03117
G1 X57.637 Y34.164 E.0171
G1 X58.858 Y34.035 E.04157
G1 X59.786 Y33.995 E.03141
G1 X60.68 Y34.007 E.03028
G1 X61.73 Y34.088 E.03565
G1 X62.409 Y34.171 E.02314
G1 X63.361 Y34.346 E.03277
G1 X64.305 Y34.579 E.03293
G1 X65.204 Y34.858 E.03185
G1 X66.091 Y35.193 E.0321
G1 X66.964 Y35.583 E.03238
G1 X67.815 Y36.026 E.03244
G1 X68.637 Y36.518 E.03244
G1 X69.428 Y37.059 E.03244
G1 X70.474 Y37.9 E.04543
G1 X71.158 Y38.527 E.03141
G1 X71.782 Y39.168 E.03028
G1 X72.462 Y39.96 E.03533
G1 X72.822 Y40.412 E.01956
G1 X73.377 Y41.204 E.03273
G1 X73.913 Y42.083 E.03484
G1 X74.331 Y42.866 E.03005
G1 X74.728 Y43.726 E.03207
G1 X75.076 Y44.616 E.03235
G1 X75.371 Y45.528 E.03244
G1 X75.611 Y46.456 E.03244
G1 X75.795 Y47.397 E.03244
G1 X75.922 Y48.346 E.03242
G1 X75.992 Y49.301 E.0324
G1 X76.006 Y50.236 E.03165
G1 X75.963 Y51.192 E.03242
G1 X75.863 Y52.145 E.03242
G1 X75.706 Y53.09 E.03242
G1 X75.493 Y54.024 E.03242
G1 X75.225 Y54.943 E.03242
G1 X74.902 Y55.845 E.03242
G1 X74.525 Y56.725 E.03242
G1 X74.097 Y57.582 E.03242
G1 X73.618 Y58.411 E.03242
G1 X73.09 Y59.211 E.03242
G1 X72.516 Y59.977 E.03242
G1 X71.896 Y60.708 E.03242
G1 X71.235 Y61.4 E.03242
G1 X70.532 Y62.052 E.03242
G1 X69.793 Y62.66 E.03242
G1 X69.018 Y63.223 E.03242
G1 X68.211 Y63.738 E.03242
M73 P25 R12
G1 X67.374 Y64.205 E.03242
G1 X66.511 Y64.62 E.03242
G1 X65.625 Y64.984 E.03242
G1 X64.719 Y65.293 E.03242
G1 X63.795 Y65.548 E.03242
G1 X62.858 Y65.747 E.03242
G1 X61.911 Y65.89 E.03242
G1 X60.957 Y65.976 E.03242
G1 X60 Y66.004 E.03242
G1 X59.043 Y65.976 E.03242
G1 X58.089 Y65.89 E.03242
G1 X57.142 Y65.747 E.03242
G1 X56.205 Y65.548 E.03242
G1 X55.281 Y65.293 E.03242
G1 X54.375 Y64.984 E.03242
G1 X53.489 Y64.62 E.03242
G1 X52.626 Y64.205 E.03242
G1 X51.789 Y63.738 E.03242
G1 X50.982 Y63.223 E.03242
G1 X50.207 Y62.66 E.03242
G1 X49.468 Y62.052 E.03242
G1 X48.765 Y61.4 E.03242
G1 X48.104 Y60.708 E.03242
G1 X47.484 Y59.977 E.03242
G1 X46.91 Y59.211 E.03242
G1 X46.382 Y58.411 E.03242
G1 X45.903 Y57.582 E.03242
G1 X45.475 Y56.725 E.03242
G1 X45.098 Y55.845 E.03242
G1 X44.775 Y54.943 E.03242
G1 X44.507 Y54.024 E.03242
G1 X44.294 Y53.09 E.03242
G1 X44.137 Y52.145 E.03242
G1 X44.037 Y51.192 E.03242
G1 X43.994 Y50.236 E.03242
G1 X44.008 Y49.278 E.03242
G1 X44.079 Y48.323 E.03242
G1 X44.208 Y47.374 E.03242
G1 X44.393 Y46.434 E.03242
G1 X44.634 Y45.507 E.03242
G1 X44.93 Y44.596 E.03242
G1 X45.28 Y43.705 E.03242
G1 X45.683 Y42.836 E.03242
G1 X46.136 Y41.992 E.03242
G1 X46.64 Y41.177 E.03242
G1 X47.191 Y40.394 E.03242
G1 X47.788 Y39.645 E.03242
G1 X48.429 Y38.934 E.03242
G1 X49.083 Y38.289 E.03107
M204 S500
G1 X48.82 Y37.947 F7200
;TYPE:Outer wall
G1 F1473.915
G1 X49.561 Y37.3 E.03329
G1 X50.339 Y36.698 E.03329
G1 X51.151 Y36.144 E.03329
G1 X51.995 Y35.64 E.03329
M73 P25 R11
G1 X52.868 Y35.187 E.03329
G1 X53.767 Y34.787 E.03329
G1 X54.687 Y34.441 E.03329
G1 X55.627 Y34.152 E.03329
G1 X56.583 Y33.918 E.03329
G1 X57.55 Y33.743 E.03329
G1 X58.527 Y33.625 E.03329
G1 X59.508 Y33.567 E.03329
G1 X60.492 Y33.567 E.03329
G1 X61.473 Y33.625 E.03329
G1 X62.45 Y33.743 E.03329
G1 X63.417 Y33.918 E.03329
G1 X64.373 Y34.152 E.03329
G1 X65.313 Y34.441 E.03329
G1 X66.233 Y34.787 E.03329
G1 X67.132 Y35.187 E.03329
G1 X68.005 Y35.64 E.03329
G1 X68.849 Y36.144 E.03329
G1 X69.661 Y36.698 E.03329
G1 X70.439 Y37.3 E.03329
G1 X71.18 Y37.947 E.03329
G1 X71.881 Y38.637 E.03329
G1 X72.539 Y39.368 E.03329
G1 X73.152 Y40.137 E.03329
G1 X73.718 Y40.941 E.03329
G1 X74.235 Y41.778 E.03329
G1 X74.701 Y42.644 E.03329
G1 X75.114 Y43.536 E.03329
G1 X75.474 Y44.452 E.03329
G1 X75.777 Y45.387 E.03329
G1 X76.025 Y46.339 E.03329
G1 X76.215 Y47.303 E.03329
G1 X76.342 Y48.242 E.03207
G1 X76.421 Y49.294 E.0357
G1 X76.435 Y50.242 E.03209
G1 X76.391 Y51.224 E.03329
G1 X76.288 Y52.203 E.03329
G1 X76.127 Y53.173 E.03329
G1 X75.908 Y54.132 E.03329
G1 X75.632 Y55.075 E.03329
G1 X75.301 Y56.001 E.03329
G1 X74.914 Y56.906 E.03329
G1 X74.474 Y57.785 E.03329
G1 X73.983 Y58.637 E.03329
G1 X73.441 Y59.458 E.03329
G1 X72.851 Y60.244 E.03329
G1 X72.215 Y60.995 E.03329
G1 X71.535 Y61.705 E.03329
G1 X70.814 Y62.374 E.03329
G1 X70.055 Y62.999 E.03329
G1 X69.259 Y63.577 E.03329
G1 X68.431 Y64.106 E.03329
G1 X67.572 Y64.585 E.03329
G1 X66.686 Y65.012 E.03329
G1 X65.776 Y65.385 E.03329
G1 X64.845 Y65.703 E.03329
G1 X63.897 Y65.965 E.03329
G1 X62.935 Y66.169 E.03329
G1 X61.962 Y66.316 E.03329
G1 X60.983 Y66.404 E.03329
G1 X60 Y66.433 E.03329
G1 X59.017 Y66.404 E.03329
G1 X58.038 Y66.316 E.03329
G1 X57.065 Y66.169 E.03329
G1 X56.103 Y65.965 E.03329
G1 X55.155 Y65.703 E.03329
G1 X54.224 Y65.385 E.03329
G1 X53.314 Y65.012 E.03329
G1 X52.428 Y64.585 E.03329
G1 X51.57 Y64.106 E.03329
G1 X50.741 Y63.577 E.03329
G1 X49.945 Y62.999 E.03329
G1 X49.186 Y62.374 E.03329
G1 X48.465 Y61.705 E.03329
G1 X47.785 Y60.995 E.03329
G1 X47.149 Y60.244 E.03329
G1 X46.559 Y59.458 E.03329
G1 X46.017 Y58.637 E.03329
G1 X45.526 Y57.785 E.03329
G1 X45.086 Y56.906 E.03329
G1 X44.699 Y56.001 E.03329
G1 X44.368 Y55.075 E.03329
G1 X44.092 Y54.132 E.03329
G1 X43.873 Y53.173 E.03329
G1 X43.712 Y52.203 E.03329
G1 X43.609 Y51.225 E.03329
G1 X43.565 Y50.242 E.03329
G1 X43.58 Y49.259 E.03329
G1 X43.653 Y48.278 E.03329
G1 X43.785 Y47.304 E.03329
G1 X43.975 Y46.339 E.03329
G1 X44.223 Y45.387 E.03329
G1 X44.526 Y44.452 E.03329
G1 X44.886 Y43.536 E.03329
G1 X45.299 Y42.644 E.03329
G1 X45.765 Y41.778 E.03329
G1 X46.282 Y40.941 E.03329
G1 X46.848 Y40.137 E.03329
G1 X47.461 Y39.368 E.03329
G1 X48.119 Y38.637 E.03329
G1 X48.792 Y37.975 E.03193
M204 S10000
G1 E-.8 F1800
G1 X53.77 Y43.76 Z1.4 F7200
G1 X67.482 Y59.694 Z1.4
G1 Z1
G1 E.8 F1800
M204 S500
G1 F1473.915
G1 X67.533 Y59.522 E.00607
G1 X68.069 Y59.005 E.02521
G1 X68.542 Y58.493 E.02358
G1 X68.986 Y57.952 E.02369
G1 X69.96 Y56.691 E.05394
G1 X70.372 Y56.125 E.02369
G1 X70.749 Y55.539 E.02358
G1 X71.114 Y54.89 E.02521
G1 X71.188 Y54.819 E.00348
G1 X71.358 Y54.819 E.00575
G1 X72.851 Y55.603 E.05711
G1 X72.945 Y55.737 E.00552
G1 X72.909 Y55.879 E.00497
G1 X72.508 Y56.592 E.02771
G1 X72.067 Y57.279 E.02761
G1 X71.588 Y57.938 E.02759
G1 X70.605 Y59.209 E.05438
G1 X70.091 Y59.835 E.02741
G1 X69.558 Y60.414 E.02664
G1 X68.92 Y61.031 E.03003
G1 X68.757 Y61.078 E.00575
G1 X68.659 Y61.022 E.00383
G1 X67.525 Y59.775 E.05706
G1 X67.5 Y59.729 E.00176
M204 S10000
G1 E-.8 F1800
G1 X70.71 Y54.663 Z1.4 F7200
G1 Z1
G1 E.8 F1800
M204 S1500
;TYPE:Inner wall
;WIDTH:0.521496
G1 F1253.719
G1 X70.542 Y54.988 E.01458
;WIDTH:0.494847
G1 F1327.648
G1 X70.374 Y55.314 E.01376
;WIDTH:0.468198
G1 F1410.842
G1 X70.203 Y55.603 E.01189
;WIDTH:0.442702
G1 F1500.818
G1 X70.032 Y55.893 E.01118
;WIDTH:0.417206
G1 F1603.052
G1 X69.791 Y56.244 E.01325
;WIDTH:0.388577
G1 F1735.825
G1 X69.55 Y56.595 E.01223
;WIDTH:0.359948
G1 F1892.577
G1 X69.032 Y57.277 E.0226
;WIDTH:0.376466
G1 F1798.852
G1 X68.679 Y57.708 E.01543
;WIDTH:0.424084
G1 F1574.126
G1 X68.228 Y58.22 E.02163
;WIDTH:0.4681
G1 F1411.167
G1 X67.756 Y58.698 E.02376
;WIDTH:0.494395
G1 F1328.977
G1 X67.474 Y58.953 E.01426
;WIDTH:0.52069
G1 F1255.834
G1 X67.192 Y59.207 E.01509
M204 S10000
G1 E-.8 F1800
G1 X59.945 Y61.6 Z1.4 F7200
G1 X58.532 Y62.067 Z1.4
G1 Z1
G1 E.8 F1800
M204 S500
;TYPE:Outer wall
;WIDTH:0.449999
G1 F1473.915
G1 X59.19 Y62.069 E.02227
G1 X60.02 Y62.045 E.02811
G1 X60.723 Y61.976 E.0239
G1 X61.817 Y61.836 E.03735
G1 X63 Y61.665 E.04047
G1 X63.681 Y61.516 E.02358
G1 X64.399 Y61.316 E.02523
G1 X64.606 Y61.388 E.00743
G1 X65.122 Y63.047 E.05879
G1 X65.103 Y63.197 E.00512
G1 X64.997 Y63.276 E.00447
G1 X64.18 Y63.505 E.02873
G1 X63.383 Y63.679 E.02759
G1 X62.578 Y63.806 E.02759
G1 X60.984 Y64.009 E.05438
G1 X60.178 Y64.089 E.02742
G1 X59.392 Y64.121 E.02664
G1 X58.505 Y64.106 E.03003
G1 X58.364 Y64.035 E.00535
G1 X58.326 Y63.916 E.00425
G1 X58.406 Y62.232 E.05706
G1 X58.507 Y62.099 E.00566
M204 S10000
G1 X58.543 Y61.592 F7200
M204 S1500
;TYPE:Inner wall
;WIDTH:0.527636
G1 F1237.838
G1 X58.6 Y61.595 E.0023
;WIDTH:0.520228
G1 F1257.05
G1 X58.965 Y61.615 E.01454
;WIDTH:0.49298
G1 F1333.156
G1 X59.331 Y61.635 E.01371
;WIDTH:0.465732
G1 F1419.07
G1 X59.717 Y61.632 E.01358
;WIDTH:0.436657
G1 F1523.86
G1 X60.104 Y61.628 E.01265
;WIDTH:0.407582
G1 F1645.359
G1 X60.531 Y61.595 E.01301
;WIDTH:0.38114
G1 F1773.993
G1 X60.959 Y61.562 E.01207
;WIDTH:0.377334
G1 F1794.183
G1 X62.253 Y61.385 E.03632
;WIDTH:0.42332
G1 F1577.287
G1 X62.924 Y61.256 E.02159
;WIDTH:0.46558
G1 F1419.581
G1 X63.576 Y61.093 E.02362
;WIDTH:0.493639
G1 F1331.206
G1 X63.949 Y60.975 E.01466
;WIDTH:0.521698
G1 F1253.19
G1 X64.321 Y60.857 E.01557
M204 S10000
G1 E-.8 F1800
G1 X56.757 Y59.837 Z1.4 F7200
G1 X48.915 Y58.78 Z1.4
M73 P26 R11
G1 Z1
G1 E.8 F1800
M204 S500
;TYPE:Outer wall
;WIDTH:0.449999
G1 F1473.915
G1 X48.974 Y58.655 E.00468
G1 X50.221 Y57.521 E.05706
G1 X50.348 Y57.474 E.0046
G1 X50.475 Y57.529 E.00467
G1 X50.992 Y58.065 E.02521
G1 X51.503 Y58.538 E.02357
G1 X52.089 Y59.017 E.02562
G1 X53.305 Y59.957 E.05201
G1 X53.871 Y60.368 E.02369
G1 X54.457 Y60.745 E.02358
G1 X55.106 Y61.11 E.02521
G1 X55.195 Y61.232 E.00509
G1 X55.144 Y61.417 E.0065
G1 X54.393 Y62.847 E.05469
G1 X54.288 Y62.935 E.00464
G1 X54.143 Y62.92 E.00492
G1 X53.404 Y62.504 E.02871
G1 X52.802 Y62.118 E.02422
G1 X52.116 Y61.626 E.02858
G1 X50.787 Y60.601 E.05678
G1 X50.161 Y60.087 E.02741
G1 X49.562 Y59.534 E.02761
G1 X48.965 Y58.916 E.02907
G1 X48.929 Y58.818 E.00356
M204 S10000
G1 E-.8 F1800
G1 X55.368 Y60.724 Z1.4 F7200
G1 Z1
G1 E.8 F1800
M204 S1500
;TYPE:Inner wall
;WIDTH:0.52664
G1 F1240.387
G1 X55.026 Y60.546 E.01552
;WIDTH:0.498391
G1 F1317.318
G1 X54.683 Y60.369 E.01461
;WIDTH:0.470142
G1 F1404.422
G1 X54.105 Y60.026 E.02388
;WIDTH:0.422636
G1 F1580.128
G1 X53.61 Y59.696 E.01878
;WIDTH:0.374006
G1 F1812.218
G1 X52.92 Y59.185 E.02364
;WIDTH:0.369668
G1 F1836.277
G1 X52.331 Y58.713 E.02052
;WIDTH:0.396158
G1 F1698.572
G1 X52.053 Y58.469 E.01086
;WIDTH:0.422648
G1 F1580.078
G1 X51.775 Y58.224 E.01168
;WIDTH:0.448422
G1 F1479.647
G1 X51.538 Y57.987 E.01132
;WIDTH:0.474196
G1 F1391.22
G1 X51.3 Y57.75 E.01204
;WIDTH:0.521028
G1 F1254.947
G1 X50.809 Y57.207 E.02911
M204 S10000
G1 E-.8 F1800
G1 X47.123 Y50.524 Z1.4 F7200
G1 X45.94 Y48.379 Z1.4
G1 Z1
G1 E.8 F1800
M204 S500
;TYPE:Outer wall
;WIDTH:0.449999
G1 F1473.915
G1 X46.081 Y48.322 E.00512
G1 X47.765 Y48.402 E.05706
G1 X47.834 Y48.42 E.00244
G1 X47.938 Y48.587 E.00667
G1 X47.924 Y49.332 E.02521
G1 X47.952 Y50.028 E.02358
G1 X48.078 Y51.175 E.03907
G1 X48.223 Y52.305 E.03855
G1 X48.332 Y52.996 E.02369
G1 X48.475 Y53.653 E.02273
G1 X48.68 Y54.395 E.02607
G1 X48.685 Y54.467 E.00247
G1 X48.559 Y54.617 E.00663
G1 X46.948 Y55.119 E.05711
G1 X46.824 Y55.112 E.00421
G1 X46.72 Y54.993 E.00534
G1 X46.492 Y54.177 E.02871
G1 X46.363 Y53.589 E.02035
G1 X46.219 Y52.755 E.02867
G1 X46.103 Y51.888 E.0296
G1 X45.987 Y50.981 E.03096
G1 X45.907 Y50.175 E.02742
G1 X45.874 Y49.359 E.02761
G1 X45.89 Y48.501 E.02907
G1 X45.925 Y48.416 E.00312
M204 S10000
G1 E-.8 F1800
G1 X49.143 Y54.324 Z1.4 F7200
G1 Z1
G1 E.8 F1800
M204 S1500
;TYPE:Inner wall
;WIDTH:0.527716
G1 F1237.634
G1 X49.127 Y54.271 E.00225
;WIDTH:0.520426
G1 F1256.529
G1 X49.012 Y53.909 E.01506
;WIDTH:0.492218
G1 F1335.417
G1 X48.897 Y53.548 E.01417
;WIDTH:0.46401
G1 F1424.873
G1 X48.807 Y53.185 E.01309
;WIDTH:0.435795
G1 F1527.203
G1 X48.717 Y52.822 E.01222
;WIDTH:0.40758
G1 F1645.368
G1 X48.641 Y52.4 E.01301
;WIDTH:0.381139
G1 F1773.999
G1 X48.565 Y51.978 E.01207
;WIDTH:0.37734
G1 F1794.151
G1 X48.41 Y50.68 E.03632
;WIDTH:0.423328
G1 F1577.254
G1 X48.367 Y49.999 E.02159
;WIDTH:0.465578
G1 F1419.587
G1 X48.361 Y49.327 E.02362
;WIDTH:0.493641
G1 F1331.2
G1 X48.381 Y48.937 E.01466
;WIDTH:0.521704
G1 F1253.175
G1 X48.401 Y48.546 E.01557
M204 S10000
G1 E-.8 F1800
G1 X49.267 Y45.372 Z1.4 F7200
G1 Z1
G1 E.8 F1800
M204 S1500
;WIDTH:0.525008
G1 F1244.586
G1 X49.447 Y45.025 E.01565
;WIDTH:0.497481
G1 F1319.955
G1 X49.627 Y44.679 E.01475
;WIDTH:0.469954
G1 F1405.04
G1 X49.971 Y44.102 E.02387
;WIDTH:0.424092
G1 F1574.093
G1 X50.353 Y43.536 E.02163
;WIDTH:0.376468
G1 F1798.842
G1 X50.681 Y43.087 E.01543
;WIDTH:0.3576
G1 F1906.699
G1 X51.132 Y42.513 E.0191
;WIDTH:0.387414
G1 F1741.685
G1 X51.451 Y42.141 E.01402
;WIDTH:0.417228
G1 F1602.958
G1 X51.77 Y41.77 E.01524
;WIDTH:0.442714
G1 F1500.773
G1 X52.007 Y41.532 E.01116
;WIDTH:0.4682
G1 F1410.835
G1 X52.244 Y41.294 E.01188
;WIDTH:0.494848
G1 F1327.645
G1 X52.517 Y41.05 E.01376
;WIDTH:0.521496
G1 F1253.719
G1 X52.789 Y40.805 E.01458
M204 S10000
G1 E-.8 F1800
G1 X54.358 Y39.407 Z1.4 F7200
G1 Z1
G1 E.8 F1800
M204 S500
;TYPE:Sparse infill
;WIDTH:0.45
G1 F1473.913
G1 X54.921 Y39.132 E.02121
G1 X54.655 Y38.836 E.01346
G1 X54.477 Y38.259 E.02045
G1 X52.799 Y36.582 E.0803
G1 X52.579 Y36.694 E.00838
G1 X51.8 Y37.16 E.03072
G1 X50.897 Y37.789 E.03723
G1 X51.275 Y38.166 E.01808
G1 X51.107 Y38.135 E.00578
G1 X50.63 Y38.326 E.0174
G1 X49.929 Y38.995 E.03279
G1 X49.481 Y39.481 E.02237
G1 X49.232 Y39.232 E.01191
G1 X48.99 Y39.47 E.01148
G1 X48.464 Y40.054 E.02662
G1 X47.787 Y40.896 E.03656
G1 X48.093 Y41.201 E.01464
G1 X47.31 Y42.252 E.04435
G1 X46.813 Y43.03 E.03126
G1 X46.583 Y42.8 E.01103
G1 X46.377 Y43.183 E.01471
G1 X45.994 Y44.01 E.03085
G1 X45.629 Y44.955 E.03431
G1 X48.249 Y47.576 E.12543
G1 X48.216 Y47.756 E.00621
G1 X48.195 Y47.725 E.00129
G1 X47.815 Y47.629 E.01323
G1 X46.1 Y47.548 E.05812
G1 X45.821 Y47.578 E.00951
G1 X45.394 Y47.829 E.01677
G1 X44.99 Y47.425 E.01937
G1 X44.851 Y48.404 E.03348
G1 X44.783 Y49.313 E.03085
G1 X44.774 Y50.318 E.03401
G1 X45.184 Y50.728 E.01964
G1 X45.38 Y52.344 E.05511
M204 S10000
G1 E-.8 F1800
G1 X45.799 Y55.491 Z1.4 F7200
G1 Z1
G1 E.8 F1800
M204 S500
G1 F1473.913
G1 X45.513 Y54.703 E.02837
G1 X45.292 Y53.944 E.02675
G1 X45.753 Y54.405 E.02206
G1 X45.976 Y55.21 E.02828
G1 X46.104 Y55.483 E.01019
G1 X46.516 Y55.829 E.01822
G1 X46.992 Y55.898 E.01629
G1 X47.199 Y55.852 E.00717
G1 X48.964 Y57.617 E.0845
G1 X48.442 Y58.092 E.0239
G1 X48.293 Y58.266 E.00775
G1 X48.134 Y58.743 E.01703
G1 X48.187 Y58.926 E.00644
M204 S10000
G1 E-.8 F1800
G1 X55.498 Y61.116 Z1.4 F7200
G1 X57.614 Y61.75 Z1.4
G1 Z1
G1 E.8 F1800
M204 S500
G1 F1473.913
G1 X57.829 Y61.789 E.00741
G1 X57.666 Y61.977 E.00842
G1 X57.644 Y62.083 E.00366
G1 X57.59 Y63.134 E.03562
G1 X55.906 Y61.45 E.08061
G1 X55.875 Y61.691 E.00823
G1 X55.072 Y63.219 E.05843
G1 X54.942 Y63.407 E.00775
G1 X54.828 Y63.481 E.00458
G1 X56.047 Y64.7 E.05836
G1 X56.389 Y64.794 E.01199
G1 X57.28 Y64.984 E.03085
G1 X58.181 Y65.119 E.03085
G1 X59.089 Y65.201 E.03085
G1 X59.675 Y65.219 E.01983
G1 X59.351 Y64.895 E.0155
G1 X60.25 Y64.86 E.03046
G1 X61.081 Y64.778 E.02825
G1 X62.2 Y64.635 E.03819
G1 X62.571 Y65.006 E.01776
G1 X63.611 Y64.794 E.03594
G1 X64.49 Y64.552 E.03085
G1 X65.038 Y64.364 E.01961
G1 X64.805 Y64.131 E.01118
G1 X64.339 Y64.263 E.01638
G1 X63.536 Y64.438 E.02783
G1 X63.217 Y64.488 E.01091
M204 S10000
G1 E-.8 F1800
G1 X65.685 Y60.555 Z1.4 F7200
G1 Z1
G1 E.8 F1800
M204 S500
G1 F1473.913
G1 X65.133 Y60.838 E.021
G1 X65.169 Y60.85 E.00129
G1 X65.356 Y61.193 E.01323
G1 X65.528 Y61.746 E.01959
G1 X67.198 Y63.415 E.0799
G1 X67.813 Y63.072 E.02383
G1 X68.58 Y62.582 E.03083
G1 X69.096 Y62.205 E.02162
G1 X68.721 Y61.83 E.01793
G1 X69.189 Y61.774 E.01596
G1 X69.399 Y61.641 E.0084
G1 X70.092 Y60.975 E.03254
G1 X70.516 Y60.516 E.02115
G1 X70.767 Y60.767 E.01202
G1 X71.32 Y60.188 E.02708
G1 X71.909 Y59.493 E.03085
G1 X72.206 Y59.097 E.01676
G1 X71.904 Y58.795 E.01445
G1 X72.69 Y57.74 E.04453
G1 X73.184 Y56.967 E.03107
G1 X73.419 Y57.202 E.01127
G1 X73.765 Y56.511 E.02615
G1 X74.18 Y55.557 E.0352
G1 X74.366 Y55.04 E.01862
G1 X71.744 Y52.418 E.12551
G1 X71.792 Y52.179 E.00826
G1 X72.145 Y52.361 E.01345
G1 X73.973 Y52.445 E.06193
G1 X74.405 Y52.324 E.01519
G1 X74.575 Y52.14 E.00848
G1 X75.006 Y52.571 E.02065
G1 X75.074 Y52.164 E.01397
G1 X75.19 Y51.131 E.0352
G1 X75.23 Y50.224 E.03072
G1 X75.222 Y49.678 E.01847
G1 X74.817 Y49.273 E.01939
G1 X74.621 Y47.657 E.05511
M204 S10000
G1 X75.604 Y49.298 F7200
M204 S500
;TYPE:Internal solid infill
;WIDTH:0.411705
G1 F1626.967
G1 X75.535 Y48.366 E.02866
G1 X75.409 Y47.44 E.02866
G1 X75.229 Y46.523 E.02866
G1 X75.026 Y45.741 E.02479
M73 P27 R11
G1 X74.705 Y44.728 E.03258
G1 X74.364 Y43.86 E.02859
G1 X73.971 Y43.012 E.02866
G1 X73.529 Y42.189 E.02866
G1 X73.038 Y41.394 E.02866
G1 X72.5 Y40.629 E.02866
G1 X71.917 Y39.899 E.02866
G1 X71.292 Y39.204 E.02866
G1 X70.626 Y38.548 E.02866
G1 X69.923 Y37.933 E.02866
G1 X69.184 Y37.361 E.02866
G1 X68.456 Y36.865 E.027
G1 X67.718 Y36.42 E.02644
G1 X66.778 Y35.923 E.03259
G1 X65.926 Y35.544 E.02859
G1 X65.051 Y35.216 E.02866
G1 X64.158 Y34.94 E.02866
G1 X63.25 Y34.718 E.02866
G1 X62.331 Y34.551 E.02866
G1 X61.403 Y34.439 E.02866
G1 X60.596 Y34.391 E.02479
G1 X59.599 Y34.383 E.03056
G1 X58.603 Y34.439 E.03059
G1 X57.675 Y34.55 E.02867
G1 X56.755 Y34.717 E.02866
G1 X55.847 Y34.938 E.02866
G1 X54.954 Y35.214 E.02866
G1 X54.079 Y35.542 E.02866
G1 X53.34 Y35.871 E.0248
G1 X52.394 Y36.353 E.03258
G1 X51.593 Y36.831 E.02859
G1 X50.821 Y37.358 E.02866
G1 X50.082 Y37.929 E.02866
G1 X49.378 Y38.544 E.02866
G1 X48.712 Y39.2 E.02866
G1 X48.171 Y39.8 E.02479
G1 X47.502 Y40.626 E.03258
G1 X46.966 Y41.389 E.02859
G1 X46.474 Y42.184 E.02866
G1 X46.031 Y43.007 E.02866
G1 X45.638 Y43.854 E.02866
G1 X45.297 Y44.724 E.02866
G1 X45.008 Y45.613 E.02866
G1 X44.804 Y46.396 E.0248
G1 X44.591 Y47.437 E.03258
G1 X44.466 Y48.361 E.0286
G1 X44.396 Y49.292 E.02866
G1 X44.382 Y50.227 E.02866
G1 X44.418 Y51.035 E.02479
G1 X44.521 Y52.092 E.03258
G1 X44.674 Y53.012 E.02859
G1 X44.882 Y53.923 E.02866
G1 X45.144 Y54.82 E.02866
G1 X45.481 Y55.75 E.03032
G1 X45.826 Y56.559 E.02698
G1 X46.244 Y57.395 E.02866
G1 X46.711 Y58.205 E.02866
G1 X47.226 Y58.985 E.02866
G1 X47.786 Y59.733 E.02866
G1 X48.39 Y60.446 E.02866
G1 X49.036 Y61.121 E.02866
G1 X49.721 Y61.757 E.02866
G1 X50.442 Y62.351 E.02866
G1 X51.199 Y62.9 E.02866
G1 X51.986 Y63.404 E.02866
G1 X52.802 Y63.859 E.02866
G1 X53.531 Y64.21 E.02479
G1 X54.511 Y64.62 E.03258
G1 X55.393 Y64.921 E.02859
G1 X56.294 Y65.17 E.02866
G1 X57.208 Y65.365 E.02866
G1 X58.132 Y65.504 E.02866
G1 X59.063 Y65.588 E.02866
G1 X59.997 Y65.616 E.02866
G1 X60.931 Y65.588 E.02866
G1 X61.862 Y65.505 E.02866
G1 X62.786 Y65.366 E.02866
G1 X63.7 Y65.172 E.02866
G1 X64.568 Y64.932 E.02761
G1 X65.486 Y64.621 E.02971
G1 X66.3 Y64.288 E.027
G1 X67.192 Y63.862 E.0303
G1 X68.009 Y63.407 E.02867
G1 X68.78 Y62.914 E.02806
G1 X69.554 Y62.351 E.02935
G1 X70.275 Y61.761 E.02856
G1 X70.96 Y61.126 E.02866
G1 X71.606 Y60.45 E.02866
G1 X72.21 Y59.737 E.02866
G1 X72.771 Y58.99 E.02866
G1 X73.286 Y58.21 E.02866
G1 X73.753 Y57.401 E.02866
G1 X74.114 Y56.677 E.0248
G1 X74.54 Y55.704 E.03258
G1 X74.855 Y54.826 E.02859
G1 X75.117 Y53.929 E.02866
G1 X75.325 Y53.018 E.02866
G1 X75.458 Y52.22 E.02479
G1 X75.576 Y51.164 E.03258
G1 X75.618 Y50.233 E.02859
G1 X75.605 Y49.338 E.02743
M204 S10000
G1 E-.8 F1800
G1 X74.202 Y44.507 Z1.4 F7200
G1 Z1
G1 E.8 F1800
M204 S500
;TYPE:Sparse infill
;WIDTH:0.45
G1 F1473.913
G1 X74.338 Y44.854 E.01263
G1 X74.707 Y46.054 E.04248
G1 X74.25 Y45.597 E.02185
G1 X73.993 Y44.688 E.03197
G1 X73.734 Y44.32 E.01525
G1 X73.23 Y44.095 E.01866
G1 X72.795 Y44.143 E.01482
G1 X71.032 Y42.379 E.08442
G1 X71.581 Y41.879 E.02514
G1 X71.812 Y41.519 E.01449
G1 X71.828 Y41.062 E.01549
M204 S10000
G1 E-.8 F1800
G1 X64.515 Y38.877 Z1.4 F7200
G1 X62.481 Y38.27 Z1.4
G1 Z1
G1 E.8 F1800
M204 S500
G1 F1473.913
G1 X62.231 Y38.217 E.00865
G1 X62.367 Y37.817 E.01429
G1 X62.412 Y36.868 E.03218
G1 X64.052 Y38.508 E.07852
G1 X64.133 Y38.285 E.00802
G1 X64.942 Y36.746 E.05888
G1 X65.161 Y36.509 E.01092
G1 X63.938 Y35.285 E.05858
G1 X63.167 Y35.097 E.02685
G1 X62.27 Y34.934 E.03085
G1 X61.365 Y34.825 E.03085
G1 X60.58 Y34.778 E.02662
G1 X60.32 Y34.777 E.0088
G1 X60.643 Y35.099 E.01543
G1 X59.75 Y35.132 E.03025
G1 X58.943 Y35.212 E.02744
G1 X57.793 Y35.358 E.03922
G1 X57.425 Y34.99 E.01765
G1 X56.833 Y35.097 E.02035
G1 X55.948 Y35.313 E.03085
G1 X54.954 Y35.628 E.03528
G1 X55.187 Y35.86 E.01114
G1 X55.615 Y35.741 E.01506
G1 X56.473 Y35.554 E.02971
G1 X56.775 Y35.506 E.01035
; stop printing object fidget-finger-massager-2000-ring.stl id:15 copy 0
M106 S143
;LAYER_CHANGE
;Z:1.2
;HEIGHT:0.2
G92 E0
;_SET_FAN_SPEED_CHANGING_LAYER
; printing object fidget-finger-massager-2000-ring.stl id:15 copy 0
M204 S10000
G1 E-.8 F1800
G1 X62.955 Y39.984 Z1.6 F7200
G1 X70.874 Y45.723 Z1.6
G1 Z1.2
G1 E.8 F1800
M204 S1500
;TYPE:Inner wall
;WIDTH:0.51929
G1 F1259.525
G1 X70.939 Y45.455 E.01093
;WIDTH:0.484645
G1 F1358.313
G1 X71.004 Y45.187 E.01013
;WIDTH:0.449999
G1 F1473.915
G1 X71.314 Y44.966 E.01288
G1 X72.923 Y44.465 E.05707
G1 X73.202 Y44.445 E.00944
G1 X73.514 Y44.595 E.01174
G1 X73.693 Y44.884 E.01148
G1 X73.921 Y45.701 E.02871
G1 X74.101 Y46.522 E.02846
G1 X74.233 Y47.351 E.02844
G1 X74.481 Y49.389 E.06949
G1 X74.539 Y50.257 E.02944
G1 X74.543 Y51.134 E.02968
G1 X74.515 Y51.656 E.0177
G1 X74.486 Y51.737 E.0029
G1 X74.245 Y52.01 E.01235
G1 X73.899 Y52.098 E.01207
G1 X72.215 Y52.018 E.05706
;WIDTH:0.450206
G1 X71.746 Y51.762 E.01809
;WIDTH:0.489121
G1 F1344.685
G1 X71.671 Y51.602 E.00657
;WIDTH:0.528036
G1 F1236.818
G1 X71.595 Y51.442 E.00715
G1 X71.469 Y52.054 E.02524
;WIDTH:0.489018
G1 F1344.998
G1 X71.343 Y52.667 E.02321
;WIDTH:0.449999
G1 F1473.915
G1 X71.128 Y53.449 E.02744
;WIDTH:0.452545
G1 F1464.754
G1 X70.827 Y54.309 E.03105
;WIDTH:0.487022
G1 F1351.042
G1 X70.768 Y54.486 E.00687
;WIDTH:0.521498
G1 F1253.714
G1 X70.71 Y54.663 E.00741
G1 X70.845 Y54.552 E.00697
;WIDTH:0.487022
G1 F1351.042
G1 X70.981 Y54.442 E.00647
;WIDTH:0.452545
G1 F1464.754
G1 X71.503 Y54.411 E.01781
;WIDTH:0.449999
G1 F1473.915
G1 X73.049 Y55.223 E.05911
G1 X73.237 Y55.376 E.00819
G1 X73.371 Y55.685 E.01141
G1 X73.285 Y56.085 E.01384
G1 X72.881 Y56.802 E.02786
G1 X72.428 Y57.51 E.02846
G1 X71.934 Y58.19 E.02844
G1 X70.944 Y59.471 E.0548
G1 X70.422 Y60.107 E.02784
G1 X69.853 Y60.725 E.02846
G1 X69.217 Y61.339 E.02991
G1 X69.059 Y61.45 E.00654
G1 X68.689 Y61.501 E.01263
G1 X68.36 Y61.331 E.01256
G1 X67.208 Y60.063 E.05798
G1 X67.064 Y59.79 E.01046
;WIDTH:0.485345
G1 F1356.164
G1 X67.128 Y59.498 E.01098
;WIDTH:0.52069
G1 F1255.834
G1 X67.192 Y59.207 E.01186
G1 X66.887 Y59.409 E.01452
;WIDTH:0.485345
G1 F1356.164
G1 X66.583 Y59.612 E.01345
;WIDTH:0.449999
G1 F1473.915
G1 X66.107 Y59.913 E.01908
G1 X65.451 Y60.288 E.02555
;WIDTH:0.48585
G1 F1354.617
G1 X64.886 Y60.572 E.0233
;WIDTH:0.5217
G1 F1253.185
G1 X64.321 Y60.857 E.02519
G1 X64.618 Y60.977 E.01274
;WIDTH:0.48585
G1 F1354.617
G1 X64.914 Y61.098 E.01178
;WIDTH:0.449999
G1 F1473.915
G1 X65.03 Y61.31 E.00818
G1 X65.531 Y62.919 E.05706
G1 X65.558 Y63.124 E.00697
G1 X65.459 Y63.435 E.01106
G1 X65.113 Y63.689 E.01454
G1 X64.294 Y63.918 E.02878
G1 X63.474 Y64.097 E.02839
G1 X62.645 Y64.229 E.02844
G1 X61.039 Y64.435 E.0548
G1 X60.22 Y64.515 E.02784
G1 X59.466 Y64.546 E.02554
G1 X58.5 Y64.535 E.03271
G1 X58.355 Y64.516 E.00495
G1 X58.035 Y64.311 E.01287
G1 X57.893 Y64.002 E.01149
G1 X57.995 Y62.092 E.06475
;WIDTH:0.486107
G1 F1353.83
G1 X58.351 Y61.658 E.02067
;WIDTH:0.527636
G1 F1237.838
G1 X58.543 Y61.592 E.00817
G1 X58.041 Y61.489 E.02064
;WIDTH:0.488818
G1 F1345.601
G1 X57.539 Y61.387 E.01899
;WIDTH:0.449999
G1 F1473.915
G1 X56.925 Y61.23 E.02145
G1 X55.888 Y60.9 E.03684
;WIDTH:0.48832
G1 F1347.105
G1 X55.628 Y60.812 E.01016
;WIDTH:0.52664
G1 F1240.387
G1 X55.368 Y60.724 E.01103
G1 X55.491 Y60.934 E.00978
;WIDTH:0.48832
G1 F1347.105
G1 X55.614 Y61.143 E.009
;WIDTH:0.449999
G1 F1473.915
G1 X55.524 Y61.616 E.0163
G1 X54.773 Y63.046 E.05465
G1 X54.673 Y63.184 E.0058
G1 X54.402 Y63.348 E.01071
G1 X54.016 Y63.332 E.01308
G1 X53.311 Y62.943 E.02727
G1 X52.572 Y62.479 E.02953
G1 X51.865 Y61.973 E.02943
G1 X50.525 Y60.94 E.05726
G1 X49.889 Y60.419 E.02784
G1 X49.334 Y59.908 E.02554
G1 X48.659 Y59.216 E.03271
G1 X48.598 Y59.143 E.00322
G1 X48.486 Y58.773 E.01308
G1 X48.589 Y58.426 E.01228
G1 X49.933 Y57.204 E.06147
G1 X50.36 Y57.045 E.01543
;WIDTH:0.485514
G1 F1355.646
G1 X50.584 Y57.126 E.00878
;WIDTH:0.521028
G1 F1254.947
G1 X50.809 Y57.207 E.00948
G1 X50.658 Y56.981 E.01078
;WIDTH:0.485514
G1 F1355.646
G1 X50.508 Y56.756 E.00998
;WIDTH:0.449999
G1 F1473.915
G1 X50.074 Y56.096 E.02674
G1 X49.698 Y55.432 E.02581
;WIDTH:0.486212
G1 F1353.51
G1 X49.237 Y54.51 E.038
;WIDTH:0.527868
G1 F1237.246
G1 X49.143 Y54.324 E.00839
G1 X49.128 Y54.527 E.00818
;WIDTH:0.486212
G1 F1353.51
G1 X48.797 Y54.98 E.02067
;WIDTH:0.449999
G1 F1473.915
G1 X47.077 Y55.527 E.06112
G1 X46.941 Y55.553 E.00466
G1 X46.64 Y55.499 E.01035
G1 X46.361 Y55.241 E.01287
G1 X46.146 Y54.531 E.02509
G1 X45.945 Y53.683 E.02953
G1 X45.797 Y52.821 E.02959
G1 X45.562 Y51.035 E.06098
G1 X45.481 Y50.217 E.02784
G1 X45.446 Y49.377 E.02846
G1 X45.461 Y48.493 E.02991
G1 X45.62 Y48.094 E.01454
G1 X45.896 Y47.919 E.01106
G1 X46.101 Y47.894 E.00697
G1 X47.785 Y47.974 E.05706
G1 X48.019 Y48.033 E.00818
;WIDTH:0.485851
G1 F1354.614
G1 X48.21 Y48.29 E.01178
;WIDTH:0.521702
G1 F1253.18
G1 X48.401 Y48.546 E.01274
G1 X48.484 Y48.146 E.01626
M73 P28 R11
;WIDTH:0.485851
G1 F1354.614
G1 X48.566 Y47.746 E.01504
;WIDTH:0.449999
G1 F1473.915
G1 X48.764 Y46.908 E.02915
G1 X49.022 Y46.086 E.02915
;WIDTH:0.485341
G1 F1356.176
G1 X49.149 Y45.72 E.01428
;WIDTH:0.520682
G1 F1255.855
G1 X49.276 Y45.353 E.01542
G1 X49.01 Y45.488 E.01186
;WIDTH:0.485341
G1 F1356.176
G1 X48.744 Y45.623 E.01098
;WIDTH:0.449999
G1 F1473.915
G1 X48.443 Y45.553 E.01045
G1 X46.951 Y44.769 E.05706
G1 X46.862 Y44.712 E.00357
G1 X46.679 Y44.481 E.00999
G1 X46.645 Y44.072 E.0139
G1 X46.94 Y43.507 E.02158
G1 X47.393 Y42.761 E.02953
G1 X47.888 Y42.046 E.02944
G1 X49.056 Y40.521 E.06501
G1 X49.549 Y39.92 E.02632
G1 X50.137 Y39.278 E.02947
G1 X50.765 Y38.67 E.02957
G1 X51.13 Y38.487 E.01384
G1 X51.463 Y38.539 E.01141
G1 X51.658 Y38.682 E.00819
G1 X52.834 Y39.981 E.05931
;WIDTH:0.452545
G1 F1464.754
G1 X52.935 Y40.487 E.01757
;WIDTH:0.487021
G1 F1351.046
G1 X52.862 Y40.646 E.00647
;WIDTH:0.521496
G1 F1253.719
G1 X52.789 Y40.805 E.00697
G1 X53.283 Y40.475 E.02364
;WIDTH:0.485748
G1 F1354.929
G1 X53.777 Y40.144 E.02188
;WIDTH:0.449999
G1 F1473.915
G1 X54.22 Y39.885 E.01738
G1 X55.296 Y39.335 E.0409
;WIDTH:0.489016
G1 F1345.003
G1 X55.49 Y39.236 E.00807
;WIDTH:0.528032
G1 F1236.828
G1 X55.684 Y39.138 E.00878
G1 X55.489 Y39.096 E.00804
;WIDTH:0.489016
G1 F1345.003
G1 X55.294 Y39.054 E.00739
;WIDTH:0.449999
G1 F1473.915
G1 X54.97 Y38.683 E.0167
G1 X54.469 Y37.073 E.05706
G1 X54.467 Y36.717 E.01206
G1 X54.671 Y36.414 E.01235
G1 X54.887 Y36.303 E.00823
G1 X55.704 Y36.075 E.02871
G1 X56.441 Y35.913 E.02554
G1 X57.827 Y35.703 E.04743
G1 X58.961 Y35.558 E.03871
G1 X59.621 Y35.493 E.02244
G1 X60.49 Y35.448 E.02946
G1 X61.368 Y35.456 E.0297
G1 X61.669 Y35.483 E.01023
G1 X61.827 Y35.557 E.00593
G1 X62.051 Y35.822 E.01174
G1 X62.102 Y36.097 E.00945
G1 X62.022 Y37.781 E.05706
G1 X61.887 Y38.137 E.01288
;WIDTH:0.487101
G1 F1350.802
G1 X61.66 Y38.268 E.00967
;WIDTH:0.524202
G1 F1246.67
G1 X61.433 Y38.399 E.01048
G1 X61.736 Y38.461 E.01235
;WIDTH:0.487101
G1 F1350.802
G1 X62.038 Y38.523 E.0114
;WIDTH:0.449999
G1 F1473.915
G1 X62.7 Y38.665 E.02293
G1 X63.431 Y38.866 E.02564
;WIDTH:0.487561
G1 F1349.403
G1 X63.978 Y39.042 E.02124
;WIDTH:0.525123
G1 F1244.289
G1 X64.525 Y39.217 E.02304
;WIDTH:0.535662
G1 F1217.676
G1 X64.572 Y39.231 E.00198
G1 X64.478 Y38.919 E.01332
;WIDTH:0.492831
G1 F1333.599
G1 X64.384 Y38.608 E.01216
;WIDTH:0.449999
G1 F1473.915
G1 X64.639 Y38.066 E.02028
G1 X65.227 Y36.947 E.04279
G1 X65.442 Y36.714 E.01073
G1 X65.786 Y36.621 E.01206
G1 X66.067 Y36.699 E.00987
G1 X66.806 Y37.115 E.02871
G1 X67.514 Y37.568 E.02846
G1 X68.194 Y38.062 E.02844
G1 X69.203 Y38.842 E.04319
G1 X69.899 Y39.4 E.03018
G1 X70.55 Y39.978 E.02945
G1 X71.169 Y40.599 E.02969
G1 X71.44 Y40.91 E.01396
G1 X71.49 Y41.031 E.00443
G1 X71.486 Y41.387 E.01206
G1 X71.314 Y41.654 E.01074
G1 X70.067 Y42.789 E.05706
G1 X69.919 Y42.888 E.00605
;WIDTH:0.478806
G1 F1376.507
G1 X69.618 Y42.883 E.01092
;WIDTH:0.507613
G1 F1291.175
G1 X69.316 Y42.878 E.01164
;WIDTH:0.525846
G1 F1242.426
G1 X69.235 Y42.83 E.00378
G1 X69.486 Y43.211 E.01829
;WIDTH:0.487923
G1 F1348.307
G1 X69.736 Y43.592 E.01686
;WIDTH:0.449999
G1 F1473.915
G1 X70.127 Y44.237 E.02552
G1 X70.573 Y45.096 E.03277
;WIDTH:0.484645
G1 F1358.313
G1 X70.723 Y45.409 E.01277
;WIDTH:0.51929
G1 F1259.525
G1 X70.856 Y45.687 E.01219
M204 S10000
G1 E-.8 F1800
G1 X63.268 Y46.507 Z1.6 F7200
G1 X45.937 Y48.382 Z1.6
G1 Z1.2
G1 E.8 F1800
M204 S500
;TYPE:Outer wall
;WIDTH:0.449999
G1 F1473.915
G1 X46.081 Y48.322 E.00526
G1 X47.765 Y48.402 E.05706
G1 X47.834 Y48.42 E.00244
G1 X47.938 Y48.587 E.00667
G1 X47.924 Y49.332 E.02521
G1 X47.952 Y50.028 E.02358
G1 X48.021 Y50.725 E.02369
G1 X48.223 Y52.305 E.05393
G1 X48.332 Y52.996 E.02369
G1 X48.464 Y53.603 E.02103
G1 X48.68 Y54.395 E.02779
G1 X48.685 Y54.468 E.00245
G1 X48.559 Y54.617 E.00663
G1 X46.949 Y55.118 E.05706
G1 X46.819 Y55.11 E.00441
G1 X46.72 Y54.993 E.00518
G1 X46.492 Y54.176 E.02871
G1 X46.364 Y53.591 E.02027
G1 X46.22 Y52.752 E.02883
G1 X45.987 Y50.981 E.06047
G1 X45.907 Y50.175 E.02742
G1 X45.874 Y49.359 E.02761
G1 X45.89 Y48.501 E.02907
G1 X45.922 Y48.419 E.00298
M204 S10000
G1 E-.8 F1800
G1 X53.555 Y48.428 Z1.6 F7200
G1 X71.117 Y48.448 Z1.6
G1 Z1.2
G1 E.8 F1800
M204 S500
G1 F1473.915
G1 X71.12 Y48.463 E.00053
G1 X71.203 Y49.289 E.02808
G1 X71.221 Y50.003 E.0242
G1 X71.199 Y50.644 E.02169
G1 X71.137 Y51.34 E.02365
G1 X70.923 Y52.584 E.04272
G1 X70.715 Y53.335 E.02637
G1 X70.422 Y54.164 E.02979
G1 X70.086 Y54.923 E.02808
G1 X69.695 Y55.654 E.02808
G1 X69.318 Y56.248 E.02378
G1 X68.756 Y57.02 E.03236
G1 X68.384 Y57.45 E.01922
G1 X67.882 Y57.978 E.02465
G1 X67.471 Y58.366 E.01915
G1 X66.996 Y58.774 E.02119
G1 X66.329 Y59.267 E.02808
G1 X65.879 Y59.55 E.018
G1 X65.251 Y59.909 E.02448
G1 X64.135 Y60.432 E.04171
G1 X63.43 Y60.681 E.0253
G1 X62.815 Y60.856 E.02166
G1 X62.179 Y61 E.02207
G1 X60.914 Y61.184 E.04324
G1 X60.086 Y61.221 E.02808
G1 X59.344 Y61.199 E.02511
G1 X58.648 Y61.134 E.02368
G1 X57.615 Y60.965 E.03542
G1 X57.032 Y60.815 E.02038
G1 X56.025 Y60.494 E.03577
G1 X55.55 Y60.294 E.01745
G1 X54.883 Y59.979 E.02497
G1 X54.321 Y59.672 E.02168
G1 X53.814 Y59.362 E.02011
G1 X53.139 Y58.88 E.02808
G1 X52.667 Y58.487 E.02079
G1 X52.063 Y57.926 E.0279
G1 X51.626 Y57.46 E.02162
G1 X51.177 Y56.925 E.02364
G1 X50.848 Y56.495 E.01832
G1 X50.432 Y55.861 E.02566
G1 X50.073 Y55.225 E.02474
G1 X49.643 Y54.323 E.03381
G1 X49.351 Y53.546 E.02808
G1 X49.134 Y52.805 E.02616
G1 X48.945 Y51.939 E.02999
G1 X48.831 Y51.117 E.02808
G1 X48.779 Y50.289 E.02808
G1 X48.788 Y49.46 E.02808
G1 X48.858 Y48.635 E.02802
G1 X48.989 Y47.814 E.02814
G1 X49.18 Y47.007 E.02808
G1 X49.431 Y46.216 E.02808
G1 X49.707 Y45.525 E.02518
G1 X50.019 Y44.871 E.02454
G1 X50.33 Y44.311 E.02166
G1 X50.676 Y43.758 E.02208
G1 X50.991 Y43.3 E.01882
G1 X51.509 Y42.654 E.02805
G1 X52.072 Y42.05 E.02793
G1 X52.541 Y41.615 E.02165
G1 X53.078 Y41.168 E.02367
G1 X54.018 Y40.498 E.03907
G1 X54.736 Y40.082 E.02808
G1 X55.482 Y39.72 E.02808
G1 X56.254 Y39.415 E.02808
G1 X57.045 Y39.167 E.02808
G1 X57.834 Y38.983 E.02742
G1 X58.673 Y38.85 E.02873
G1 X59.347 Y38.795 E.0229
G1 X60 Y38.778 E.0221
G1 X60.64 Y38.796 E.02167
G1 X61.157 Y38.831 E.01755
G1 X61.978 Y38.947 E.02808
G1 X62.609 Y39.084 E.02186
G1 X63.309 Y39.277 E.02457
G1 X64.36 Y39.653 E.03778
G1 X65.112 Y40.003 E.02808
G1 X65.693 Y40.328 E.02252
G1 X66.243 Y40.677 E.02207
G1 X67.185 Y41.372 E.03962
G1 X67.802 Y41.926 E.02808
G1 X68.377 Y42.524 E.02808
G1 X68.836 Y43.079 E.02437
G1 X69.386 Y43.84 E.03178
G1 X69.76 Y44.458 E.02445
G1 X70.19 Y45.29 E.0317
G1 X70.446 Y45.901 E.02243
G1 X70.679 Y46.559 E.02364
G1 X70.857 Y47.174 E.02167
G1 X70.979 Y47.659 E.01693
G1 X71.11 Y48.408 E.02574
M204 S10000
G1 E-.8 F1800
G1 X63.74 Y50.393 Z1.6 F7200
G1 X49.143 Y54.324 Z1.6
G1 Z1.2
G1 E.8 F1800
M204 S1500
;TYPE:Inner wall
;WIDTH:0.527868
G1 F1237.246
G1 X49.128 Y54.273 E.00216
;WIDTH:0.520786
G1 F1255.582
G1 X49.007 Y53.887 E.0161
;WIDTH:0.490671
G1 F1340.031
G1 X48.885 Y53.5 E.01508
;WIDTH:0.460556
G1 F1436.658
G1 X48.801 Y53.161 E.01213
;WIDTH:0.434068
G1 F1533.946
G1 X48.717 Y52.822 E.01136
;WIDTH:0.40758
G1 F1645.368
G1 X48.641 Y52.4 E.01301
;WIDTH:0.381139
G1 F1773.999
G1 X48.565 Y51.978 E.01207
;WIDTH:0.377338
G1 F1794.162
G1 X48.41 Y50.681 E.03632
;WIDTH:0.423328
G1 F1577.254
G1 X48.367 Y49.999 E.02159
;WIDTH:0.465578
G1 F1419.587
G1 X48.361 Y49.327 E.02362
;WIDTH:0.49364
G1 F1331.203
G1 X48.381 Y48.937 E.01466
;WIDTH:0.521702
G1 F1253.18
G1 X48.401 Y48.546 E.01557
M204 S10000
G1 E-.8 F1800
G1 X48.783 Y56.169 Z1.6 F7200
G1 X48.914 Y58.785 Z1.6
G1 Z1.2
G1 E.8 F1800
M204 S500
;TYPE:Outer wall
;WIDTH:0.449999
G1 F1473.915
G1 X48.974 Y58.655 E.00484
G1 X50.221 Y57.521 E.05706
G1 X50.348 Y57.474 E.0046
G1 X50.475 Y57.529 E.00467
G1 X50.992 Y58.065 E.02521
G1 X51.503 Y58.537 E.02356
G1 X52.179 Y59.086 E.02949
G1 X53.305 Y59.957 E.04816
G1 X53.871 Y60.368 E.02369
G1 X54.457 Y60.745 E.02358
G1 X55.106 Y61.11 E.02521
G1 X55.195 Y61.232 E.00509
G1 X55.144 Y61.417 E.0065
G1 X54.364 Y62.888 E.05636
G1 X54.194 Y62.939 E.00602
G1 X53.521 Y62.57 E.02598
G1 X52.804 Y62.119 E.02868
G1 X52.117 Y61.627 E.02859
G1 X50.787 Y60.601 E.05684
G1 X50.161 Y60.087 E.02741
G1 X49.625 Y59.593 E.0247
G1 X48.966 Y58.917 E.03194
G1 X48.929 Y58.822 E.00345
M204 S10000
G1 E-.8 F1800
G1 X55.368 Y60.724 Z1.6 F7200
G1 Z1.2
G1 E.8 F1800
M204 S1500
;TYPE:Inner wall
;WIDTH:0.52664
G1 F1240.387
G1 X55.333 Y60.706 E.00158
;WIDTH:0.521026
G1 F1254.952
G1 X55.008 Y60.538 E.01456
;WIDTH:0.495583
G1 F1325.489
G1 X54.683 Y60.369 E.01378
;WIDTH:0.47014
G1 F1404.429
G1 X54.105 Y60.026 E.02388
;WIDTH:0.422636
G1 F1580.128
G1 X53.822 Y59.836 E.01078
;WIDTH:0.397194
G1 F1693.604
G1 X53.539 Y59.645 E.01005
;WIDTH:0.371752
G1 F1824.64
G1 X52.888 Y59.16 E.0222
;WIDTH:0.370522
G1 F1831.49
G1 X52.221 Y58.619 E.02338
;WIDTH:0.396599
G1 F1696.454
G1 X51.998 Y58.422 E.00877
;WIDTH:0.422676
G1 F1579.962
G1 X51.775 Y58.224 E.00942
;WIDTH:0.470144
G1 F1404.415
M73 P29 R11
G1 X51.298 Y57.752 E.02382
;WIDTH:0.495586
G1 F1325.481
G1 X51.054 Y57.479 E.01378
;WIDTH:0.521028
G1 F1254.947
G1 X50.809 Y57.207 E.01456
M204 S10000
G1 E-.8 F1800
G1 X57.269 Y61.272 Z1.6 F7200
G1 X58.532 Y62.067 Z1.6
G1 Z1.2
G1 E.8 F1800
M204 S500
;TYPE:Outer wall
;WIDTH:0.449999
G1 F1473.915
G1 X59.19 Y62.069 E.02227
G1 X59.946 Y62.048 E.0256
G1 X60.722 Y61.976 E.0264
G1 X62.315 Y61.773 E.05433
G1 X63 Y61.665 E.0235
G1 X63.681 Y61.516 E.02358
G1 X64.399 Y61.316 E.02523
G1 X64.606 Y61.388 E.00743
G1 X65.122 Y63.047 E.05879
G1 X65.101 Y63.201 E.00526
G1 X64.997 Y63.276 E.00434
G1 X64.18 Y63.505 E.02873
G1 X63.383 Y63.679 E.02759
G1 X62.578 Y63.806 E.02759
G1 X60.984 Y64.009 E.05438
G1 X60.178 Y64.089 E.02742
G1 X59.449 Y64.118 E.0247
G1 X58.506 Y64.107 E.03194
G1 X58.367 Y64.04 E.00521
G1 X58.326 Y63.916 E.00442
G1 X58.406 Y62.232 E.05706
G1 X58.507 Y62.099 E.00566
M204 S10000
G1 E-.8 F1800
G1 X64.321 Y60.857 Z1.6 F7200
G1 Z1.2
G1 E.8 F1800
M204 S1500
;TYPE:Inner wall
;WIDTH:0.5217
G1 F1253.185
G1 X64.274 Y60.872 E.00197
;WIDTH:0.514706
G1 F1271.763
G1 X63.863 Y60.999 E.01687
;WIDTH:0.482989
G1 F1363.422
G1 X63.453 Y61.127 E.01574
;WIDTH:0.451272
G1 F1469.321
G1 X63.034 Y61.224 E.01459
;WIDTH:0.420843
G1 F1587.625
G1 X62.615 Y61.322 E.01351
;WIDTH:0.390414
G1 F1726.649
G1 X61.769 Y61.462 E.02478
;WIDTH:0.375958
G1 F1801.596
G1 X60.686 Y61.586 E.03019
;WIDTH:0.423998
G1 F1574.481
G1 X59.929 Y61.632 E.02404
;WIDTH:0.468978
G1 F1408.259
G1 X59.198 Y61.631 E.02591
;WIDTH:0.498307
G1 F1317.561
G1 X58.87 Y61.612 E.01243
;WIDTH:0.527636
G1 F1237.838
G1 X58.543 Y61.592 E.01323
M204 S10000
G1 E-.8 F1800
G1 X66.008 Y60.007 Z1.6 F7200
G1 X67.482 Y59.694 Z1.6
G1 Z1.2
G1 E.8 F1800
M204 S500
;TYPE:Outer wall
;WIDTH:0.449999
G1 F1473.915
G1 X67.533 Y59.522 E.00607
G1 X68.069 Y59.005 E.02521
G1 X68.491 Y58.548 E.02103
G1 X68.986 Y57.951 E.02626
G1 X69.957 Y56.696 E.05373
G1 X70.365 Y56.135 E.02347
G1 X70.742 Y55.55 E.02355
G1 X71.114 Y54.89 E.02564
G1 X71.186 Y54.82 E.00341
G1 X71.358 Y54.819 E.0058
G1 X72.85 Y55.603 E.05707
G1 X72.946 Y55.74 E.00568
G1 X72.912 Y55.875 E.0047
G1 X72.508 Y56.592 E.02786
G1 X72.067 Y57.279 E.02761
G1 X71.588 Y57.938 E.02759
G1 X70.605 Y59.209 E.05438
G1 X70.091 Y59.835 E.02741
G1 X69.538 Y60.435 E.02762
G1 X68.92 Y61.031 E.02907
G1 X68.763 Y61.079 E.00558
G1 X68.659 Y61.022 E.004
G1 X67.525 Y59.775 E.05706
G1 X67.5 Y59.729 E.00176
M204 S10000
G1 E-.8 F1800
G1 X70.71 Y54.663 Z1.6 F7200
G1 Z1.2
G1 E.8 F1800
M204 S1500
;TYPE:Inner wall
;WIDTH:0.521498
G1 F1253.714
G1 X70.542 Y54.988 E.01458
;WIDTH:0.494847
G1 F1327.648
G1 X70.374 Y55.314 E.01376
;WIDTH:0.468196
G1 F1410.848
G1 X70.203 Y55.603 E.01189
;WIDTH:0.442702
G1 F1500.818
G1 X70.032 Y55.893 E.01117
;WIDTH:0.417208
G1 F1603.044
G1 X69.791 Y56.244 E.01325
;WIDTH:0.388578
G1 F1735.82
G1 X69.55 Y56.595 E.01223
;WIDTH:0.359948
G1 F1892.577
G1 X69.032 Y57.277 E.0226
;WIDTH:0.376368
G1 F1799.381
G1 X68.68 Y57.706 E.01538
;WIDTH:0.40179
G1 F1671.914
G1 X68.428 Y57.99 E.01131
;WIDTH:0.427212
G1 F1561.313
G1 X68.177 Y58.273 E.01212
;WIDTH:0.4681
G1 F1411.167
G1 X67.756 Y58.698 E.02114
;WIDTH:0.494395
G1 F1328.977
G1 X67.474 Y58.953 E.01426
;WIDTH:0.52069
G1 F1255.834
G1 X67.192 Y59.207 E.01509
M204 S10000
G1 E-.8 F1800
G1 X69.401 Y51.901 Z1.6 F7200
G1 X71.357 Y45.43 Z1.6
G1 Z1.2
G1 E.8 F1800
M204 S500
;TYPE:Outer wall
;WIDTH:0.449999
G1 F1473.915
G1 X71.844 Y45.25 E.01758
G1 X73.051 Y44.874 E.04279
G1 X73.227 Y44.913 E.00611
G1 X73.318 Y45.134 E.00808
G1 X73.508 Y45.816 E.02397
G1 X73.682 Y46.613 E.02762
G1 X73.809 Y47.418 E.02759
G1 X73.955 Y48.558 E.03889
G1 X74.055 Y49.431 E.02975
G1 X74.111 Y50.274 E.0286
G1 X74.115 Y51.129 E.02892
G1 X74.095 Y51.562 E.0147
G1 X74.023 Y51.644 E.00368
G1 X73.919 Y51.67 E.0036
G1 X72.235 Y51.59 E.05706
G1 X72.096 Y51.514 E.00539
G1 X72.062 Y51.405 E.00386
G1 X72.076 Y50.66 E.02521
G1 X72.048 Y49.964 E.02358
G1 X71.98 Y49.273 E.0235
G1 X71.777 Y47.687 E.05412
G1 X71.668 Y46.996 E.02369
G1 X71.52 Y46.315 E.02358
G1 X71.32 Y45.598 E.02521
G1 X71.348 Y45.469 E.00446
M204 S10000
G1 X70.874 Y45.723 F7200
M204 S1500
;TYPE:Inner wall
;WIDTH:0.51929
G1 F1259.525
G1 X70.943 Y45.925 E.00848
;WIDTH:0.494814
G1 F1327.745
G1 X71.095 Y46.421 E.01948
;WIDTH:0.469616
G1 F1406.153
G1 X71.26 Y47.073 E.02385
;WIDTH:0.423858
G1 F1575.06
G1 X71.39 Y47.743 E.02162
;WIDTH:0.374604
G1 F1808.951
G1 X71.495 Y48.439 E.01943
;WIDTH:0.370898
G1 F1829.391
G1 X71.593 Y49.312 E.02394
;WIDTH:0.397612
G1 F1691.608
G1 X71.616 Y49.731 E.0124
;WIDTH:0.424326
G1 F1573.127
G1 X71.639 Y50.151 E.01334
;WIDTH:0.469662
G1 F1406.002
G1 X71.637 Y50.665 E.01823
;WIDTH:0.498849
G1 F1315.994
G1 X71.616 Y51.053 E.01474
;WIDTH:0.528036
G1 F1236.818
G1 X71.595 Y51.442 E.01569
M204 S10000
G1 E-.8 F1800
G1 X65.016 Y47.573 Z1.6 F7200
G1 X49.032 Y38.176 Z1.6
G1 Z1.2
G1 E.8 F1800
M204 S1500
;WIDTH:0.449999
G1 F1473.915
G1 X49.759 Y37.541 E.03266
G1 X50.522 Y36.951 E.03266
G1 X51.319 Y36.407 E.03265
G1 X52.147 Y35.913 E.03266
G1 X53.004 Y35.468 E.03266
G1 X53.885 Y35.076 E.03266
G1 X54.788 Y34.737 E.03266
G1 X55.71 Y34.452 E.03266
G1 X56.647 Y34.224 E.03266
G1 X57.597 Y34.051 E.03266
G1 X58.555 Y33.936 E.03266
G1 X59.518 Y33.879 E.03266
G1 X60.482 Y33.879 E.03266
G1 X61.445 Y33.936 E.03266
G1 X62.403 Y34.051 E.03266
G1 X63.353 Y34.224 E.03266
G1 X64.29 Y34.452 E.03266
G1 X65.212 Y34.737 E.03266
G1 X66.115 Y35.076 E.03266
G1 X66.996 Y35.468 E.03265
G1 X67.853 Y35.913 E.03266
G1 X68.681 Y36.407 E.03266
G1 X69.478 Y36.951 E.03266
G1 X70.241 Y37.541 E.03266
G1 X70.968 Y38.176 E.03266
G1 X71.655 Y38.853 E.03266
G1 X72.301 Y39.57 E.03266
G1 X72.902 Y40.324 E.03266
G1 X73.457 Y41.113 E.03266
G1 X73.965 Y41.934 E.03266
G1 X74.422 Y42.783 E.03266
G1 X74.827 Y43.659 E.03266
G1 X75.18 Y44.557 E.03266
G1 X75.478 Y45.474 E.03266
G1 X75.721 Y46.408 E.03266
G1 X75.907 Y47.355 E.03265
G1 X76.033 Y48.286 E.03181
G1 X76.109 Y49.297 E.03432
G1 X76.123 Y50.237 E.03183
G1 X76.08 Y51.201 E.03265
G1 X75.979 Y52.161 E.03266
G1 X75.821 Y53.112 E.03265
G1 X75.606 Y54.053 E.03266
G1 X75.336 Y54.979 E.03266
G1 X75.01 Y55.887 E.03266
G1 X74.631 Y56.774 E.03266
G1 X74.199 Y57.637 E.03266
G1 X73.717 Y58.473 E.03265
G1 X73.186 Y59.278 E.03266
G1 X72.607 Y60.05 E.03266
G1 X71.983 Y60.786 E.03266
G1 X71.316 Y61.483 E.03266
G1 X70.609 Y62.139 E.03266
G1 X69.864 Y62.752 E.03266
G1 X69.083 Y63.319 E.03266
G1 X68.27 Y63.839 E.03265
G1 X67.428 Y64.308 E.03266
G1 X66.559 Y64.727 E.03265
G1 X65.666 Y65.093 E.03266
G1 X64.753 Y65.405 E.03266
G1 X63.823 Y65.661 E.03266
G1 X62.879 Y65.862 E.03266
G1 X61.925 Y66.006 E.03266
G1 X60.964 Y66.092 E.03266
G1 X60 Y66.121 E.03266
G1 X59.036 Y66.092 E.03266
G1 X58.075 Y66.006 E.03266
G1 X57.121 Y65.862 E.03266
G1 X56.177 Y65.661 E.03266
G1 X55.247 Y65.405 E.03266
G1 X54.334 Y65.093 E.03266
G1 X53.441 Y64.727 E.03266
G1 X52.572 Y64.308 E.03265
G1 X51.73 Y63.839 E.03266
G1 X50.917 Y63.319 E.03265
G1 X50.136 Y62.752 E.03266
G1 X49.391 Y62.139 E.03266
G1 X48.684 Y61.483 E.03265
G1 X48.017 Y60.786 E.03266
G1 X47.393 Y60.05 E.03266
G1 X46.814 Y59.278 E.03266
G1 X46.283 Y58.473 E.03266
G1 X45.801 Y57.637 E.03266
G1 X45.369 Y56.774 E.03266
G1 X44.99 Y55.887 E.03266
G1 X44.664 Y54.979 E.03266
G1 X44.394 Y54.053 E.03266
G1 X44.179 Y53.112 E.03266
G1 X44.021 Y52.161 E.03265
G1 X43.92 Y51.201 E.03266
G1 X43.877 Y50.237 E.03265
G1 X43.891 Y49.273 E.03266
G1 X43.963 Y48.311 E.03265
G1 X44.093 Y47.355 E.03266
G1 X44.279 Y46.408 E.03265
G1 X44.522 Y45.474 E.03266
G1 X44.82 Y44.557 E.03266
G1 X45.173 Y43.659 E.03266
G1 X45.578 Y42.783 E.03266
G1 X46.035 Y41.934 E.03266
G1 X46.543 Y41.113 E.03266
G1 X47.098 Y40.324 E.03266
G1 X47.699 Y39.57 E.03266
G1 X48.345 Y38.853 E.03266
G1 X49.004 Y38.204 E.0313
M204 S500
G1 X48.741 Y37.862 F7200
;TYPE:Outer wall
G1 F1473.915
M73 P30 R11
G1 X49.487 Y37.21 E.03353
G1 X50.27 Y36.604 E.03352
G1 X51.088 Y36.046 E.03352
G1 X51.939 Y35.538 E.03353
G1 X52.818 Y35.082 E.03352
G1 X53.722 Y34.679 E.03352
G1 X54.65 Y34.331 E.03352
G1 X55.596 Y34.039 E.03352
G1 X56.558 Y33.804 E.03352
G1 X57.533 Y33.628 E.03352
G1 X58.516 Y33.509 E.03352
G1 X59.505 Y33.45 E.03352
G1 X60.495 Y33.45 E.03352
G1 X61.484 Y33.509 E.03352
G1 X62.467 Y33.628 E.03353
G1 X63.442 Y33.804 E.03352
G1 X64.404 Y34.039 E.03352
G1 X65.35 Y34.331 E.03352
G1 X66.278 Y34.679 E.03352
G1 X67.182 Y35.082 E.03352
G1 X68.061 Y35.538 E.03353
G1 X68.912 Y36.046 E.03352
G1 X69.73 Y36.604 E.03352
G1 X70.513 Y37.21 E.03353
G1 X71.259 Y37.862 E.03352
G1 X71.965 Y38.557 E.03352
G1 X72.628 Y39.293 E.03352
G1 X73.245 Y40.067 E.03352
G1 X73.815 Y40.877 E.03352
G1 X74.336 Y41.719 E.03352
G1 X74.805 Y42.592 E.03352
G1 X75.221 Y43.49 E.03352
G1 X75.583 Y44.412 E.03352
G1 X75.889 Y45.354 E.03352
G1 X76.139 Y46.313 E.03353
G1 X76.33 Y47.284 E.03352
G1 X76.458 Y48.228 E.03225
G1 X76.537 Y49.291 E.03606
G1 X76.552 Y50.244 E.03227
G1 X76.507 Y51.233 E.03352
G1 X76.404 Y52.218 E.03353
G1 X76.242 Y53.195 E.03352
G1 X76.021 Y54.161 E.03353
G1 X75.743 Y55.112 E.03352
G1 X75.409 Y56.044 E.03352
G1 X75.02 Y56.955 E.03352
G1 X74.577 Y57.84 E.03353
G1 X74.082 Y58.698 E.03352
G1 X73.536 Y59.525 E.03352
G1 X72.942 Y60.317 E.03352
G1 X72.302 Y61.073 E.03352
G1 X71.617 Y61.789 E.03352
G1 X70.891 Y62.462 E.03352
G1 X70.126 Y63.091 E.03352
G1 X69.325 Y63.673 E.03353
G1 X68.49 Y64.207 E.03352
G1 X67.625 Y64.689 E.03353
G1 X66.733 Y65.119 E.03352
G1 X65.817 Y65.494 E.03353
G1 X64.879 Y65.814 E.03352
G1 X63.925 Y66.078 E.03353
G1 X62.956 Y66.284 E.03352
G1 X61.976 Y66.431 E.03352
G1 X60.99 Y66.52 E.03353
G1 X60 Y66.55 E.03352
G1 X59.01 Y66.52 E.03352
G1 X58.024 Y66.431 E.03353
G1 X57.044 Y66.284 E.03352
G1 X56.075 Y66.078 E.03352
G1 X55.121 Y65.814 E.03353
G1 X54.183 Y65.494 E.03352
G1 X53.267 Y65.119 E.03353
G1 X52.375 Y64.689 E.03352
G1 X51.51 Y64.207 E.03353
G1 X50.675 Y63.673 E.03352
G1 X49.874 Y63.091 E.03353
G1 X49.109 Y62.462 E.03352
G1 X48.383 Y61.789 E.03352
G1 X47.698 Y61.073 E.03352
G1 X47.058 Y60.317 E.03353
G1 X46.464 Y59.525 E.03352
G1 X45.918 Y58.698 E.03352
G1 X45.423 Y57.84 E.03352
G1 X44.98 Y56.955 E.03353
G1 X44.591 Y56.044 E.03352
G1 X44.257 Y55.112 E.03352
G1 X43.979 Y54.161 E.03352
G1 X43.758 Y53.195 E.03353
G1 X43.596 Y52.218 E.03352
G1 X43.493 Y51.233 E.03353
G1 X43.448 Y50.244 E.03352
G1 X43.463 Y49.254 E.03353
G1 X43.537 Y48.266 E.03352
G1 X43.67 Y47.284 E.03353
G1 X43.861 Y46.313 E.03352
G1 X44.111 Y45.354 E.03353
G1 X44.417 Y44.412 E.03352
G1 X44.779 Y43.49 E.03352
G1 X45.195 Y42.592 E.03352
G1 X45.664 Y41.719 E.03352
G1 X46.185 Y40.877 E.03353
G1 X46.755 Y40.067 E.03352
G1 X47.372 Y39.293 E.03352
G1 X48.035 Y38.557 E.03352
G1 X48.712 Y37.89 E.03217
M204 S10000
G1 E-.8 F1800
G1 X56.33 Y38.357 Z1.6 F7200
G1 X64.894 Y38.882 Z1.6
G1 Z1.2
G1 E.8 F1800
M204 S500
G1 F1473.915
G1 X64.801 Y38.68 E.00753
G1 X65.606 Y37.146 E.05865
G1 X65.671 Y37.077 E.0032
G1 X65.842 Y37.065 E.0058
G1 X66.596 Y37.488 E.02929
G1 X67.283 Y37.929 E.02761
G1 X67.942 Y38.408 E.02759
G1 X69.627 Y39.731 E.07252
G1 X70.259 Y40.292 E.02861
G1 X70.862 Y40.898 E.02893
G1 X71.079 Y41.151 E.01128
G1 X71.036 Y41.329 E.00618
G1 X69.735 Y42.501 E.05928
G1 X69.525 Y42.463 E.0072
G1 X69.008 Y41.927 E.02521
G1 X68.552 Y41.506 E.02103
G1 X67.955 Y41.01 E.02626
G1 X66.695 Y40.036 E.05392
G1 X66.129 Y39.624 E.02369
G1 X65.554 Y39.254 E.02315
G1 X64.929 Y38.902 E.02428
M204 S10000
G1 X64.572 Y39.231 F7200
M204 S1500
;TYPE:Inner wall
;WIDTH:0.535662
G1 F1217.676
G1 X64.667 Y39.285 E.00451
;WIDTH:0.517962
G1 F1263.046
G1 X65.002 Y39.458 E.01486
;WIDTH:0.489514
G1 F1343.502
G1 X65.336 Y39.63 E.01397
;WIDTH:0.461066
G1 F1434.906
G1 X65.703 Y39.855 E.01495
;WIDTH:0.429783
G1 F1550.937
G1 X66.07 Y40.079 E.01383
;WIDTH:0.3985
G1 F1687.384
G1 X66.771 Y40.573 E.02537
;WIDTH:0.377092
G1 F1795.483
G1 X67.71 Y41.316 E.03327
;WIDTH:0.426064
G1 F1565.991
G1 X68.277 Y41.819 E.02416
;WIDTH:0.46402
G1 F1424.84
G1 X68.721 Y42.257 E.02183
;WIDTH:0.494933
G1 F1327.395
G1 X68.978 Y42.544 E.01447
;WIDTH:0.525846
G1 F1242.426
G1 X69.235 Y42.83 E.01546
M204 S10000
G1 E-.8 F1800
G1 X62.765 Y38.782 Z1.6 F7200
G1 X61.409 Y37.934 Z1.6
G1 Z1.2
G1 E.8 F1800
M204 S500
;TYPE:Outer wall
;WIDTH:0.449999
G1 F1473.915
G1 X60.664 Y37.921 E.02521
G1 X59.968 Y37.948 E.02358
G1 X59.272 Y38.017 E.02369
G1 X57.691 Y38.219 E.05393
G1 X57 Y38.328 E.02369
G1 X56.319 Y38.476 E.02358
G1 X55.602 Y38.677 E.02521
G1 X55.476 Y38.666 E.00429
G1 X55.358 Y38.489 E.0072
G1 X54.878 Y36.946 E.0547
G1 X54.877 Y36.839 E.0036
G1 X55.003 Y36.716 E.00595
G1 X55.82 Y36.488 E.02871
G1 X56.533 Y36.332 E.0247
G1 X57.421 Y36.187 E.03047
G1 X58.789 Y36.012 E.04668
G1 X59.663 Y35.919 E.02976
G1 X60.507 Y35.876 E.02862
G1 X61.494 Y35.886 E.03341
G1 X61.592 Y35.916 E.00346
G1 X61.674 Y36.077 E.00612
G1 X61.594 Y37.761 E.05706
G1 X61.554 Y37.867 E.00384
G1 X61.445 Y37.917 E.00405
M204 S10000
G1 X61.433 Y38.399 F7200
M204 S1500
;TYPE:Inner wall
;WIDTH:0.524202
G1 F1246.67
G1 X61.051 Y38.379 E.01532
;WIDTH:0.496908
G1 F1321.621
G1 X60.669 Y38.359 E.01445
;WIDTH:0.469614
G1 F1406.16
G1 X59.997 Y38.363 E.02385
;WIDTH:0.423858
G1 F1575.06
G1 X59.468 Y38.392 E.01678
;WIDTH:0.37722
G1 F1794.795
G1 X58.656 Y38.474 E.02269
;WIDTH:0.366204
G1 F1855.953
G1 X57.807 Y38.594 E.02305
;WIDTH:0.393312
G1 F1712.368
G1 X57.441 Y38.664 E.01084
;WIDTH:0.42042
G1 F1589.404
G1 X57.076 Y38.735 E.01168
;WIDTH:0.469668
G1 F1405.982
G1 X56.425 Y38.902 E.02385
;WIDTH:0.495715
G1 F1325.103
G1 X56.076 Y39.013 E.01379
;WIDTH:0.521762
G1 F1253.023
G1 X55.727 Y39.124 E.01458
;WIDTH:0.528032
G1 F1236.828
G1 X55.684 Y39.138 E.00182
M204 S10000
G1 E-.8 F1800
G1 X49.138 Y43.063 Z1.6 F7200
G1 X47.069 Y44.304 Z1.6
G1 Z1.2
G1 E.8 F1800
M204 S500
;TYPE:Outer wall
;WIDTH:0.449999
G1 F1473.915
G1 X47.076 Y44.139 E.00558
G1 X47.492 Y43.4 E.02871
G1 X47.933 Y42.714 E.02761
G1 X48.235 Y42.298 E.01738
G1 X49.395 Y40.783 E.06459
G1 X49.88 Y40.192 E.0259
G1 X50.452 Y39.569 E.02863
G1 X51.062 Y38.979 E.02872
G1 X51.184 Y38.912 E.0047
G1 X51.341 Y38.97 E.00568
G1 X52.475 Y40.217 E.05706
G1 X52.514 Y40.396 E.0062
G1 X51.501 Y41.453 E.04955
G1 X50.94 Y42.139 E.03
G1 X50.04 Y43.301 E.04976
G1 X49.628 Y43.867 E.02369
G1 X49.251 Y44.453 E.02358
G1 X48.886 Y45.102 E.02521
G1 X48.719 Y45.195 E.00647
G1 X48.265 Y44.976 E.01704
G1 X47.15 Y44.39 E.04265
G1 X47.096 Y44.333 E.00265
M204 S10000
G1 E-.8 F1800
G1 X49.276 Y45.353 Z1.6 F7200
G1 Z1.2
G1 E.8 F1800
M204 S1500
;TYPE:Inner wall
;WIDTH:0.520682
G1 F1255.855
G1 X49.335 Y45.233 E.00529
;WIDTH:0.504322
G1 F1300.385
G1 X49.626 Y44.679 E.02403
;WIDTH:0.468102
G1 F1411.16
G1 X49.971 Y44.102 E.02376
;WIDTH:0.424092
G1 F1574.093
G1 X50.353 Y43.536 E.02163
;WIDTH:0.376468
G1 F1798.842
G1 X50.706 Y43.054 E.01657
;WIDTH:0.361272
G1 F1884.706
G1 X51.238 Y42.381 E.02271
;WIDTH:0.390183
G1 F1727.797
G1 X51.521 Y42.057 E.01242
;WIDTH:0.419094
G1 F1595.007
G1 X51.805 Y41.734 E.01346
;WIDTH:0.445684
G1 F1489.706
G1 X52.095 Y41.447 E.01367
;WIDTH:0.472274
G1 F1397.448
G1 X52.386 Y41.16 E.01458
;WIDTH:0.521496
G1 F1253.719
G1 X52.789 Y40.805 E.02138
M204 S10000
G1 E-.8 F1800
G1 X54.356 Y39.408 Z1.6 F7200
G1 Z1.2
G1 E.8 F1800
M204 S500
;TYPE:Sparse infill
;WIDTH:0.45
G1 F1473.913
G1 X54.921 Y39.132 E.02128
G1 X54.655 Y38.836 E.01346
G1 X54.478 Y38.261 E.02039
G1 X52.393 Y36.175 E.09984
G1 X51.506 Y36.699 E.03488
G1 X50.726 Y37.231 E.03195
G1 X50.508 Y37.399 E.00931
G1 X51.276 Y38.167 E.03677
G1 X51.087 Y38.138 E.00647
G1 X50.633 Y38.326 E.01664
G1 X49.896 Y39.029 E.0345
G1 X49.48 Y39.48 E.02075
G1 X48.846 Y38.846 E.03039
G1 X48.595 Y39.092 E.01189
M73 P31 R11
G1 X47.964 Y39.794 E.03196
G1 X47.396 Y40.505 E.0308
G1 X48.093 Y41.201 E.03333
G1 X47.31 Y42.252 E.04435
G1 X46.813 Y43.03 E.03126
G1 X46.179 Y42.397 E.03033
G1 X45.888 Y42.938 E.02081
G1 X45.491 Y43.795 E.03195
G1 X45.203 Y44.529 E.0267
G1 X48.249 Y47.576 E.14583
G1 X48.216 Y47.756 E.00621
G1 X48.195 Y47.725 E.00129
G1 X47.815 Y47.629 E.01323
G1 X46.065 Y47.547 E.05931
G1 X45.787 Y47.588 E.0095
G1 X45.398 Y47.833 E.01557
G1 X44.524 Y46.959 E.04186
G1 X44.434 Y47.411 E.01562
G1 X44.308 Y48.347 E.03196
G1 X44.237 Y49.288 E.03195
G1 X44.23 Y49.774 E.01644
G1 X45.184 Y50.728 E.04567
G1 X45.38 Y52.344 E.05511
M204 S10000
G1 E-.8 F1800
G1 X48.182 Y58.926 Z1.6 F7200
G1 Z1.2
G1 E.8 F1800
M204 S500
G1 F1473.913
G1 X48.134 Y58.768 E.00559
G1 X48.274 Y58.295 E.01672
G1 X48.445 Y58.089 E.00905
G1 X48.964 Y57.617 E.02375
G1 X47.198 Y55.851 E.08454
G1 X46.956 Y55.901 E.00837
G1 X46.492 Y55.817 E.01596
G1 X46.103 Y55.482 E.01739
G1 X45.976 Y55.21 E.01016
G1 X45.753 Y54.405 E.02827
G1 X44.556 Y53.209 E.05728
G1 X44.729 Y53.966 E.02629
G1 X44.994 Y54.872 E.03195
G1 X45.312 Y55.761 E.03195
G1 X45.683 Y56.629 E.03195
G1 X46.105 Y57.473 E.03196
G1 X46.671 Y58.432 E.03767
G1 X51.555 Y63.317 E.23383
G1 X51.907 Y63.541 E.01413
G1 X52.732 Y64.001 E.03196
G1 X53.582 Y64.411 E.03195
G1 X54.456 Y64.769 E.03196
G1 X55.349 Y65.074 E.03195
G1 X56.259 Y65.325 E.03196
G1 X56.784 Y65.437 E.01816
G1 X54.832 Y63.484 E.09344
G1 X54.917 Y63.433 E.00336
G1 X55.055 Y63.25 E.00777
G1 X55.875 Y61.691 E.05962
G1 X55.906 Y61.45 E.00823
G1 X57.59 Y63.134 E.08061
G1 X57.552 Y63.887 E.02552
G1 X57.566 Y64.105 E.00739
G1 X57.765 Y64.537 E.01611
G1 X58.252 Y64.848 E.01955
G1 X58.422 Y64.878 E.00583
G1 X59.348 Y64.892 E.03135
G1 X60.224 Y65.768 E.04196
G1 X60.944 Y65.747 E.02436
G1 X61.884 Y65.662 E.03196
G1 X62.817 Y65.521 E.03195
G1 X63.039 Y65.474 E.00767
G1 X62.2 Y64.635 E.04017
G1 X63.537 Y64.438 E.04575
G1 X64.339 Y64.263 E.02779
G1 X64.805 Y64.131 E.01637
G1 X65.468 Y64.794 E.03177
G1 X66.418 Y64.411 E.03467
G1 X67.268 Y64.001 E.03195
G1 X67.599 Y63.817 E.01282
G1 X65.528 Y61.745 E.09915
G1 X65.356 Y61.193 E.01957
G1 X65.169 Y60.85 E.01323
G1 X65.133 Y60.838 E.00129
G1 X65.987 Y60.395 E.03258
G1 X66.742 Y59.922 E.03014
G1 X66.941 Y60.285 E.01401
G1 X68.09 Y61.548 E.0578
G1 X68.215 Y61.664 E.00577
G1 X68.634 Y61.849 E.0155
G1 X68.727 Y61.836 E.00317
G1 X69.488 Y62.597 E.03645
G1 X69.652 Y62.478 E.00685
G1 X70.381 Y61.879 E.03195
G1 X71.153 Y61.153 E.03585
G1 X70.516 Y60.516 E.03052
G1 X70.687 Y60.33 E.00857
G1 X71.217 Y59.684 E.02825
G1 X71.904 Y58.795 E.03804
G1 X72.596 Y59.487 E.03313
G1 X72.903 Y59.079 E.01729
M73 P31 R10
G1 X73.423 Y58.291 E.03196
G1 X73.82 Y57.602 E.0269
G1 X73.184 Y56.967 E.03044
G1 X73.651 Y56.13 E.03244
G1 X73.719 Y55.639 E.01677
G1 X73.512 Y55.16 E.01768
G1 X73.258 Y54.943 E.01129
G1 X71.602 Y54.077 E.06326
G1 X71.268 Y54.098 E.0113
G1 X71.447 Y53.595 E.01806
G1 X71.667 Y52.799 E.02797
G1 X71.744 Y52.418 E.01315
G1 X74.793 Y55.467 E.14596
G1 X75.006 Y54.872 E.02139
G1 X75.271 Y53.966 E.03195
G1 X75.481 Y53.046 E.03194
G1 X74.577 Y52.142 E.04326
G1 X74.801 Y51.889 E.01145
G1 X74.88 Y51.593 E.01035
G1 X74.897 Y50.563 E.03489
G1 X74.864 Y49.746 E.02767
G1 X74.817 Y49.273 E.01608
G1 X75.777 Y50.233 E.04594
G1 X75.763 Y49.288 E.03198
G1 X75.692 Y48.347 E.03195
G1 X75.566 Y47.412 E.03193
G1 X75.436 Y46.783 E.02174
G1 X74.25 Y45.597 E.05675
G1 X73.993 Y44.689 E.03195
G1 X73.747 Y44.332 E.01468
G1 X73.263 Y44.1 E.01815
G1 X72.876 Y44.118 E.01312
G1 X72.796 Y44.143 E.00284
G1 X71.031 Y42.378 E.08449
G1 X71.606 Y41.854 E.02633
G1 X71.822 Y41.488 E.01438
G1 X71.827 Y41.063 E.01441
M204 S10000
G1 E-.8 F1800
G1 X74.137 Y42.991 Z1.6 F7200
G1 Z1.2
G1 E.8 F1800
M204 S500
G1 F1473.913
G1 X73.665 Y42.107 E.03392
G1 X73.336 Y41.574 E.02119
G1 X68.41 Y36.649 E.23578
G1 X67.684 Y36.215 E.02863
G1 X66.99 Y35.855 E.02648
M204 S10000
G1 E-.8 F1800
G1 X62.481 Y38.27 Z1.6 F7200
G1 Z1.2
G1 E.8 F1800
M204 S500
G1 F1473.913
G1 X62.231 Y38.217 E.00863
G1 X62.367 Y37.817 E.01429
G1 X62.411 Y36.867 E.03219
G1 X64.052 Y38.508 E.07854
G1 X64.133 Y38.285 E.00803
G1 X64.96 Y36.716 E.06006
G1 X65.164 Y36.511 E.00977
G1 X63.2 Y34.548 E.09398
G1 X62.352 Y34.394 E.0292
G1 X61.414 Y34.281 E.03195
G1 X60.455 Y34.225 E.03254
G1 X59.768 Y34.225 E.02323
G1 X60.645 Y35.101 E.04197
G1 X59.75 Y35.132 E.03033
G1 X58.919 Y35.214 E.02825
G1 X57.793 Y35.358 E.03842
G1 X56.955 Y34.52 E.04015
G1 X56.719 Y34.562 E.00809
G1 X55.786 Y34.791 E.03255
G1 X54.9 Y35.064 E.03136
G1 X54.53 Y35.203 E.01339
G1 X55.187 Y35.86 E.03145
G1 X55.615 Y35.741 E.01506
G1 X56.413 Y35.567 E.02766
G1 X56.775 Y35.508 E.0124
; stop printing object fidget-finger-massager-2000-ring.stl id:15 copy 0
;LAYER_CHANGE
;Z:1.4
;HEIGHT:0.2
G92 E0
;_SET_FAN_SPEED_CHANGING_LAYER
; printing object fidget-finger-massager-2000-ring.stl id:15 copy 0
M204 S10000
G1 E-.8 F1800
G1 X62.956 Y39.986 Z1.8 F7200
G1 X70.874 Y45.723 Z1.8
G1 Z1.4
G1 E.8 F1800
M204 S1500
;TYPE:Inner wall
;WIDTH:0.51929
G1 F1259.525
G1 X70.939 Y45.455 E.01093
;WIDTH:0.484645
G1 F1358.313
G1 X71.004 Y45.187 E.01013
;WIDTH:0.449999
G1 F1473.915
G1 X71.314 Y44.966 E.01288
G1 X72.923 Y44.465 E.05706
G1 X73.217 Y44.448 E.00997
G1 X73.521 Y44.601 E.01149
G1 X73.693 Y44.884 E.01121
G1 X73.921 Y45.701 E.02871
G1 X74.101 Y46.522 E.02846
G1 X74.233 Y47.351 E.02844
G1 X74.481 Y49.392 E.06957
G1 X74.54 Y50.26 E.02945
G1 X74.545 Y51.132 E.02954
G1 X74.515 Y51.656 E.01775
G1 X74.257 Y52.003 E.01463
G1 X73.899 Y52.098 E.01254
G1 X72.215 Y52.018 E.05706
;WIDTH:0.450206
G1 X71.746 Y51.762 E.01809
;WIDTH:0.489121
G1 F1344.685
G1 X71.671 Y51.602 E.00657
;WIDTH:0.528036
G1 F1236.818
G1 X71.595 Y51.442 E.00715
G1 X71.469 Y52.054 E.02524
;WIDTH:0.489018
G1 F1344.998
G1 X71.343 Y52.667 E.02321
;WIDTH:0.449999
G1 F1473.915
G1 X71.128 Y53.449 E.02744
;WIDTH:0.452544
G1 F1464.758
G1 X70.827 Y54.309 E.03105
;WIDTH:0.487019
G1 F1351.05
G1 X70.768 Y54.486 E.00687
;WIDTH:0.521494
G1 F1253.725
G1 X70.71 Y54.663 E.00741
G1 X70.845 Y54.552 E.00697
;WIDTH:0.487019
G1 F1351.05
G1 X70.981 Y54.442 E.00647
;WIDTH:0.452544
G1 F1464.758
G1 X71.503 Y54.411 E.01781
;WIDTH:0.449999
G1 F1473.915
G1 X73.049 Y55.223 E.05911
G1 X73.247 Y55.389 E.00874
G1 X73.372 Y55.695 E.01118
G1 X73.287 Y56.082 E.01341
G1 X72.881 Y56.802 E.02799
G1 X72.428 Y57.51 E.02846
G1 X71.934 Y58.19 E.02844
G1 X70.944 Y59.471 E.0548
G1 X70.422 Y60.107 E.02784
M73 P32 R10
G1 X69.95 Y60.62 E.0236
G1 X69.182 Y61.372 E.03639
G1 X69.062 Y61.449 E.00482
G1 X68.703 Y61.504 E.01229
G1 X68.371 Y61.343 E.01251
G1 X67.208 Y60.063 E.05852
G1 X67.064 Y59.79 E.01046
;WIDTH:0.485345
G1 F1356.164
G1 X67.128 Y59.498 E.01098
;WIDTH:0.52069
G1 F1255.834
G1 X67.192 Y59.207 E.01186
G1 X66.887 Y59.409 E.01452
;WIDTH:0.485345
G1 F1356.164
G1 X66.583 Y59.612 E.01345
;WIDTH:0.449999
G1 F1473.915
G1 X66.107 Y59.913 E.01908
G1 X65.451 Y60.288 E.02555
;WIDTH:0.48585
G1 F1354.617
G1 X64.886 Y60.572 E.0233
;WIDTH:0.5217
G1 F1253.185
G1 X64.321 Y60.857 E.02519
G1 X64.618 Y60.977 E.01274
;WIDTH:0.48585
G1 F1354.617
G1 X64.914 Y61.098 E.01178
;WIDTH:0.449999
G1 F1473.915
G1 X65.03 Y61.31 E.00818
G1 X65.531 Y62.92 E.05707
G1 X65.557 Y63.141 E.00754
G1 X65.453 Y63.444 E.01086
G1 X65.113 Y63.689 E.0142
G1 X64.295 Y63.917 E.02872
G1 X63.474 Y64.097 E.02845
G1 X62.645 Y64.229 E.02844
G1 X61.039 Y64.435 E.0548
G1 X60.22 Y64.515 E.02784
G1 X59.38 Y64.55 E.02846
G1 X58.497 Y64.535 E.02991
G1 X58.358 Y64.516 E.00474
G1 X58.055 Y64.334 E.01195
G1 X57.892 Y64.014 E.01215
G1 X57.995 Y62.092 E.06515
;WIDTH:0.486107
G1 F1353.83
G1 X58.351 Y61.658 E.02067
;WIDTH:0.527636
G1 F1237.838
G1 X58.543 Y61.592 E.00817
G1 X58.041 Y61.489 E.02064
;WIDTH:0.488818
G1 F1345.601
G1 X57.539 Y61.387 E.01899
;WIDTH:0.449999
G1 F1473.915
G1 X56.925 Y61.23 E.02145
G1 X55.888 Y60.9 E.03684
;WIDTH:0.488321
G1 F1347.102
G1 X55.628 Y60.812 E.01016
;WIDTH:0.526642
G1 F1240.382
G1 X55.368 Y60.724 E.01103
G1 X55.491 Y60.934 E.00978
;WIDTH:0.488321
G1 F1347.102
G1 X55.614 Y61.143 E.009
;WIDTH:0.449999
G1 F1473.915
G1 X55.524 Y61.616 E.0163
G1 X54.773 Y63.045 E.05465
G1 X54.661 Y63.197 E.00638
G1 X54.39 Y63.351 E.01053
G1 X54.015 Y63.332 E.01273
G1 X53.312 Y62.944 E.02718
G1 X52.573 Y62.48 E.02953
G1 X51.905 Y62.003 E.0278
G1 X50.525 Y60.94 E.05895
G1 X49.889 Y60.419 E.02784
G1 X49.271 Y59.849 E.02846
G1 X48.657 Y59.214 E.02991
G1 X48.599 Y59.144 E.00306
G1 X48.486 Y58.804 E.01213
G1 X48.568 Y58.484 E.01117
G1 X48.686 Y58.338 E.00635
G1 X49.933 Y57.204 E.05706
G1 X50.36 Y57.045 E.01543
;WIDTH:0.485514
G1 F1355.646
G1 X50.584 Y57.126 E.00878
;WIDTH:0.521028
G1 F1254.947
G1 X50.809 Y57.207 E.00948
G1 X50.658 Y56.981 E.01078
;WIDTH:0.485514
G1 F1355.646
G1 X50.508 Y56.756 E.00998
;WIDTH:0.449999
G1 F1473.915
G1 X50.074 Y56.096 E.02674
G1 X49.698 Y55.432 E.02581
;WIDTH:0.486276
G1 F1353.314
G1 X49.237 Y54.51 E.03801
;WIDTH:0.528004
G1 F1236.899
G1 X49.143 Y54.324 E.00839
G1 X49.128 Y54.527 E.00818
;WIDTH:0.486276
G1 F1353.314
G1 X48.797 Y54.98 E.02068
;WIDTH:0.449999
G1 F1473.915
G1 X47.077 Y55.527 E.06112
G1 X46.924 Y55.554 E.00526
G1 X46.629 Y55.494 E.01019
G1 X46.36 Y55.238 E.01254
G1 X46.146 Y54.533 E.02494
G1 X45.946 Y53.684 E.02953
G1 X45.804 Y52.875 E.0278
G1 X45.561 Y51.034 E.06287
G1 X45.481 Y50.217 E.0278
G1 X45.446 Y49.377 E.02846
G1 X45.461 Y48.493 E.02991
G1 X45.613 Y48.102 E.0142
G1 X45.88 Y47.925 E.01086
G1 X46.101 Y47.894 E.00754
G1 X47.785 Y47.974 E.05706
G1 X48.019 Y48.033 E.00818
;WIDTH:0.485852
G1 F1354.611
G1 X48.21 Y48.29 E.01178
;WIDTH:0.521704
G1 F1253.175
G1 X48.401 Y48.546 E.01274
G1 X48.484 Y48.146 E.01626
;WIDTH:0.485852
G1 F1354.611
G1 X48.566 Y47.746 E.01504
;WIDTH:0.449999
G1 F1473.915
G1 X48.764 Y46.908 E.02915
G1 X49.022 Y46.086 E.02915
;WIDTH:0.485342
G1 F1356.173
G1 X49.149 Y45.72 E.01428
;WIDTH:0.520684
G1 F1255.85
G1 X49.276 Y45.353 E.01542
G1 X49.01 Y45.488 E.01186
;WIDTH:0.485342
G1 F1356.173
G1 X48.744 Y45.623 E.01098
;WIDTH:0.449999
G1 F1473.915
G1 X48.443 Y45.553 E.01045
G1 X46.951 Y44.769 E.05706
G1 X46.848 Y44.701 E.00418
G1 X46.673 Y44.468 E.00985
G1 X46.645 Y44.072 E.01346
G1 X46.939 Y43.509 E.0215
G1 X47.366 Y42.804 E.0279
G1 X47.888 Y42.046 E.03115
G1 X49.056 Y40.521 E.06501
G1 X49.551 Y39.917 E.02644
G1 X50.14 Y39.275 E.02947
G1 X50.767 Y38.668 E.02957
G1 X51.12 Y38.488 E.01341
G1 X51.448 Y38.532 E.01118
G1 X51.658 Y38.682 E.00874
G1 X52.834 Y39.981 E.05931
;WIDTH:0.452545
G1 F1464.754
G1 X52.935 Y40.487 E.01757
;WIDTH:0.487021
G1 F1351.046
G1 X52.862 Y40.646 E.00647
;WIDTH:0.521496
G1 F1253.719
G1 X52.789 Y40.805 E.00697
G1 X53.283 Y40.475 E.02364
;WIDTH:0.485748
G1 F1354.929
G1 X53.777 Y40.144 E.02188
;WIDTH:0.449999
G1 F1473.915
G1 X54.22 Y39.885 E.01738
G1 X55.296 Y39.335 E.0409
;WIDTH:0.489202
G1 F1344.443
G1 X55.49 Y39.236 E.00807
;WIDTH:0.528404
G1 F1235.88
G1 X55.684 Y39.137 E.00878
G1 X55.489 Y39.096 E.00804
;WIDTH:0.489202
G1 F1344.443
G1 X55.294 Y39.054 E.00739
;WIDTH:0.449999
G1 F1473.915
G1 X54.97 Y38.682 E.0167
G1 X54.469 Y37.073 E.05705
G1 X54.471 Y36.702 E.01257
G1 X54.742 Y36.365 E.0146
G1 X55.241 Y36.205 E.01775
G1 X55.739 Y36.066 E.01749
G1 X56.385 Y35.926 E.0224
G1 X57.826 Y35.703 E.04933
G1 X58.961 Y35.558 E.03875
G1 X59.624 Y35.492 E.02255
G1 X60.476 Y35.448 E.02888
G1 X61.563 Y35.461 E.0368
G1 X61.821 Y35.553 E.00926
G1 X62.045 Y35.808 E.01146
G1 X62.102 Y36.097 E.00998
G1 X62.022 Y37.781 E.05706
G1 X61.887 Y38.137 E.01288
;WIDTH:0.487101
G1 F1350.802
G1 X61.66 Y38.268 E.00967
;WIDTH:0.524202
G1 F1246.67
G1 X61.433 Y38.399 E.01048
G1 X61.736 Y38.461 E.01235
;WIDTH:0.487101
G1 F1350.802
G1 X62.038 Y38.523 E.0114
;WIDTH:0.449999
G1 F1473.915
G1 X62.7 Y38.665 E.02293
G1 X63.431 Y38.866 E.02564
;WIDTH:0.487561
G1 F1349.403
G1 X63.978 Y39.042 E.02124
;WIDTH:0.525123
G1 F1244.289
G1 X64.525 Y39.217 E.02304
;WIDTH:0.535662
G1 F1217.676
G1 X64.572 Y39.231 E.00198
G1 X64.478 Y38.919 E.01332
;WIDTH:0.492831
G1 F1333.599
G1 X64.384 Y38.608 E.01216
;WIDTH:0.449999
G1 F1473.915
G1 X64.639 Y38.066 E.02028
G1 X65.227 Y36.947 E.04279
G1 X65.456 Y36.706 E.01124
G1 X65.773 Y36.62 E.01113
G1 X66.067 Y36.699 E.01031
G1 X66.806 Y37.115 E.02871
G1 X67.514 Y37.568 E.02846
G1 X68.194 Y38.062 E.02844
G1 X69.205 Y38.843 E.04323
G1 X69.901 Y39.402 E.03023
G1 X70.552 Y39.98 E.02945
G1 X71.168 Y40.597 E.02955
G1 X71.44 Y40.91 E.01401
G1 X71.488 Y41.024 E.00419
G1 X71.49 Y41.372 E.01179
G1 X71.314 Y41.654 E.01124
G1 X70.067 Y42.789 E.05706
G1 X69.919 Y42.888 E.00605
;WIDTH:0.478806
G1 F1376.507
G1 X69.618 Y42.883 E.01092
;WIDTH:0.507613
G1 F1291.175
G1 X69.316 Y42.878 E.01164
;WIDTH:0.525846
G1 F1242.426
G1 X69.235 Y42.83 E.00378
G1 X69.486 Y43.211 E.01829
;WIDTH:0.487923
G1 F1348.307
G1 X69.736 Y43.592 E.01686
;WIDTH:0.449999
G1 F1473.915
G1 X70.127 Y44.237 E.02552
G1 X70.573 Y45.096 E.03277
;WIDTH:0.484645
G1 F1358.313
G1 X70.723 Y45.409 E.01277
;WIDTH:0.51929
G1 F1259.525
G1 X70.856 Y45.687 E.01219
M204 S10000
G1 E-.8 F1800
G1 X63.268 Y46.508 Z1.8 F7200
G1 X45.935 Y48.384 Z1.8
G1 Z1.4
G1 E.8 F1800
M204 S500
;TYPE:Outer wall
;WIDTH:0.449999
G1 F1473.915
G1 X46.081 Y48.322 E.00535
G1 X47.765 Y48.402 E.05706
G1 X47.834 Y48.42 E.00244
G1 X47.938 Y48.587 E.00667
G1 X47.924 Y49.332 E.02521
G1 X47.952 Y50.028 E.02358
G1 X48.021 Y50.725 E.02369
G1 X48.223 Y52.305 E.05393
G1 X48.332 Y52.996 E.02369
G1 X48.453 Y53.554 E.01932
G1 X48.68 Y54.396 E.02952
G1 X48.685 Y54.468 E.00243
G1 X48.559 Y54.617 E.00663
G1 X46.949 Y55.118 E.05705
G1 X46.816 Y55.108 E.00454
G1 X46.72 Y54.993 E.00506
G1 X46.492 Y54.177 E.02871
G1 X46.364 Y53.593 E.02021
G1 X46.227 Y52.809 E.02696
G1 X45.987 Y50.98 E.06242
G1 X45.907 Y50.175 E.02741
G1 X45.874 Y49.359 E.02761
G1 X45.89 Y48.501 E.02907
G1 X45.921 Y48.422 E.00288
M204 S10000
G1 E-.8 F1800
G1 X53.553 Y48.431 Z1.8 F7200
G1 X71.118 Y48.452 Z1.8
G1 Z1.4
G1 E.8 F1800
M204 S500
G1 F1473.915
G1 X71.12 Y48.463 E.0004
G1 X71.203 Y49.289 E.02808
G1 X71.221 Y50.003 E.0242
G1 X71.199 Y50.644 E.02169
G1 X71.137 Y51.34 E.02365
G1 X70.923 Y52.584 E.04272
G1 X70.715 Y53.335 E.02637
G1 X70.422 Y54.164 E.02979
G1 X70.086 Y54.923 E.02808
G1 X69.695 Y55.654 E.02808
G1 X69.318 Y56.248 E.02378
G1 X68.756 Y57.02 E.03236
G1 X68.383 Y57.451 E.01928
G1 X67.935 Y57.925 E.02208
G1 X67.471 Y58.366 E.02166
G1 X66.996 Y58.774 E.02119
G1 X66.329 Y59.267 E.02808
G1 X65.879 Y59.55 E.018
G1 X65.251 Y59.909 E.02448
G1 X64.135 Y60.432 E.04171
G1 X63.43 Y60.681 E.0253
G1 X62.815 Y60.856 E.02166
G1 X62.179 Y61 E.02207
G1 X60.914 Y61.184 E.04324
G1 X60.086 Y61.221 E.02808
G1 X59.344 Y61.199 E.02511
G1 X58.648 Y61.134 E.02368
G1 X57.615 Y60.965 E.03542
G1 X57.032 Y60.815 E.02038
G1 X56.025 Y60.494 E.03577
G1 X55.55 Y60.294 E.01745
G1 X54.883 Y59.979 E.02497
G1 X54.321 Y59.672 E.02168
G1 X53.814 Y59.362 E.02011
G1 X53.139 Y58.88 E.02808
G1 X52.536 Y58.378 E.02654
G1 X52.064 Y57.927 E.02211
G1 X51.626 Y57.46 E.02168
G1 X51.177 Y56.925 E.02364
G1 X50.848 Y56.495 E.01832
G1 X50.432 Y55.861 E.02566
G1 X50.073 Y55.225 E.02474
G1 X49.643 Y54.323 E.03382
G1 X49.351 Y53.546 E.02808
G1 X49.134 Y52.805 E.02616
G1 X48.993 Y52.168 E.02206
G1 X48.831 Y51.117 E.03599
G1 X48.779 Y50.289 E.02808
G1 X48.788 Y49.46 E.02808
G1 X48.858 Y48.635 E.02802
G1 X48.989 Y47.814 E.02814
G1 X49.18 Y47.007 E.02808
G1 X49.431 Y46.216 E.02808
G1 X49.707 Y45.525 E.02518
G1 X50.019 Y44.871 E.02454
G1 X50.33 Y44.311 E.02166
G1 X50.676 Y43.758 E.02208
G1 X50.991 Y43.3 E.01882
G1 X51.51 Y42.653 E.02808
G1 X52.071 Y42.051 E.02784
G1 X52.541 Y41.615 E.02171
G1 X53.078 Y41.168 E.02367
G1 X54.018 Y40.498 E.03907
G1 X54.736 Y40.082 E.02808
G1 X55.482 Y39.72 E.02808
G1 X56.254 Y39.415 E.02808
G1 X57.045 Y39.167 E.02808
G1 X57.834 Y38.983 E.02742
G1 X58.673 Y38.85 E.02873
G1 X59.347 Y38.795 E.0229
G1 X60 Y38.778 E.0221
G1 X60.64 Y38.796 E.02167
G1 X61.157 Y38.831 E.01755
G1 X61.978 Y38.947 E.02808
G1 X62.609 Y39.084 E.02186
G1 X63.309 Y39.277 E.02457
G1 X64.36 Y39.653 E.03778
G1 X65.112 Y40.003 E.02808
G1 X65.693 Y40.328 E.02252
G1 X66.243 Y40.677 E.02207
G1 X67.185 Y41.372 E.03962
G1 X67.802 Y41.926 E.02808
G1 X68.377 Y42.524 E.02808
G1 X68.836 Y43.079 E.02437
G1 X69.386 Y43.84 E.03178
G1 X69.76 Y44.458 E.02445
G1 X70.19 Y45.29 E.0317
G1 X70.446 Y45.901 E.02243
G1 X70.679 Y46.559 E.02364
G1 X70.857 Y47.174 E.02167
G1 X70.979 Y47.659 E.01693
G1 X71.111 Y48.412 E.02587
M204 S10000
G1 E-.8 F1800
M73 P33 R10
G1 X63.741 Y50.396 Z1.8 F7200
G1 X49.143 Y54.324 Z1.8
G1 Z1.4
G1 E.8 F1800
M204 S1500
;TYPE:Inner wall
;WIDTH:0.528004
G1 F1236.899
G1 X49.128 Y54.275 E.00208
;WIDTH:0.52111
G1 F1254.731
G1 X49.001 Y53.863 E.01714
;WIDTH:0.489102
G1 F1344.743
G1 X48.873 Y53.452 E.01599
;WIDTH:0.457094
G1 F1448.666
G1 X48.717 Y52.822 E.02234
;WIDTH:0.40758
G1 F1645.368
G1 X48.641 Y52.4 E.01301
;WIDTH:0.381139
G1 F1773.999
G1 X48.565 Y51.978 E.01207
;WIDTH:0.377338
G1 F1794.162
G1 X48.41 Y50.681 E.03632
;WIDTH:0.423328
G1 F1577.254
G1 X48.367 Y49.999 E.02159
;WIDTH:0.465578
G1 F1419.587
G1 X48.361 Y49.327 E.02362
;WIDTH:0.493641
G1 F1331.2
G1 X48.381 Y48.937 E.01466
;WIDTH:0.521704
G1 F1253.175
G1 X48.401 Y48.546 E.01557
M204 S10000
G1 E-.8 F1800
G1 X48.783 Y56.169 Z1.8 F7200
G1 X48.914 Y58.794 Z1.8
G1 Z1.4
G1 E.8 F1800
M204 S500
;TYPE:Outer wall
;WIDTH:0.449999
G1 F1473.915
G1 X48.974 Y58.655 E.00512
G1 X50.221 Y57.521 E.05706
G1 X50.348 Y57.474 E.0046
G1 X50.475 Y57.529 E.00467
G1 X50.992 Y58.065 E.02521
G1 X51.503 Y58.538 E.02358
G1 X52.044 Y58.982 E.02369
G1 X53.305 Y59.957 E.05394
G1 X53.871 Y60.368 E.02369
G1 X54.457 Y60.745 E.02358
G1 X55.106 Y61.11 E.02521
G1 X55.195 Y61.232 E.00509
G1 X55.144 Y61.417 E.0065
G1 X54.394 Y62.846 E.05465
G1 X54.28 Y62.937 E.00494
G1 X54.143 Y62.92 E.00466
G1 X53.404 Y62.504 E.02871
G1 X52.805 Y62.119 E.0241
G1 X52.157 Y61.656 E.02695
G1 X51.419 Y61.09 E.0315
G1 X50.787 Y60.601 E.02702
G1 X50.161 Y60.087 E.02741
G1 X49.562 Y59.534 E.02761
G1 X48.965 Y58.916 E.02907
G1 X48.93 Y58.831 E.00313
M204 S10000
G1 E-.8 F1800
G1 X55.368 Y60.724 Z1.8 F7200
G1 Z1.4
G1 E.8 F1800
M204 S1500
;TYPE:Inner wall
;WIDTH:0.526642
G1 F1240.382
G1 X55.333 Y60.706 E.00158
;WIDTH:0.521024
G1 F1254.957
G1 X55.008 Y60.538 E.01456
;WIDTH:0.495582
G1 F1325.492
G1 X54.683 Y60.369 E.01378
;WIDTH:0.47014
G1 F1404.429
G1 X54.105 Y60.026 E.02388
;WIDTH:0.422636
G1 F1580.128
G1 X53.822 Y59.836 E.01078
;WIDTH:0.397194
G1 F1693.604
G1 X53.539 Y59.645 E.01005
;WIDTH:0.371752
G1 F1824.64
G1 X52.888 Y59.16 E.0222
;WIDTH:0.374006
G1 F1812.218
G1 X52.22 Y58.621 E.02363
;WIDTH:0.422632
G1 F1580.145
G1 X51.776 Y58.225 E.01878
;WIDTH:0.470144
G1 F1404.415
G1 X51.298 Y57.752 E.02388
;WIDTH:0.495586
G1 F1325.481
G1 X51.054 Y57.479 E.01378
;WIDTH:0.521028
G1 F1254.947
G1 X50.809 Y57.207 E.01456
M204 S10000
G1 E-.8 F1800
G1 X57.269 Y61.272 Z1.8 F7200
G1 X58.532 Y62.067 Z1.8
G1 Z1.4
G1 E.8 F1800
M204 S500
;TYPE:Outer wall
;WIDTH:0.449999
G1 F1473.915
G1 X59.19 Y62.069 E.02227
G1 X60.02 Y62.045 E.02811
G1 X60.723 Y61.976 E.0239
G1 X62.315 Y61.773 E.05432
G1 X63 Y61.665 E.0235
G1 X63.668 Y61.519 E.02315
G1 X64.398 Y61.316 E.02564
G1 X64.606 Y61.388 E.00745
G1 X65.122 Y63.047 E.05879
G1 X65.099 Y63.203 E.00535
G1 X64.997 Y63.276 E.00423
G1 X64.18 Y63.505 E.02871
G1 X63.383 Y63.679 E.02761
G1 X62.578 Y63.806 E.02759
G1 X60.984 Y64.009 E.05438
G1 X60.178 Y64.089 E.02742
G1 X59.363 Y64.122 E.02761
G1 X58.505 Y64.106 E.02907
G1 X58.373 Y64.047 E.00489
G1 X58.326 Y63.916 E.00471
G1 X58.406 Y62.232 E.05706
G1 X58.507 Y62.099 E.00566
M204 S10000
G1 E-.8 F1800
G1 X64.321 Y60.857 Z1.8 F7200
G1 Z1.4
G1 E.8 F1800
M204 S1500
;TYPE:Inner wall
;WIDTH:0.5217
G1 F1253.185
G1 X64.274 Y60.872 E.00197
;WIDTH:0.514708
G1 F1271.758
G1 X63.863 Y60.999 E.01687
;WIDTH:0.48299
G1 F1363.419
G1 X63.453 Y61.127 E.01574
;WIDTH:0.451272
G1 F1469.321
G1 X63.034 Y61.224 E.01459
;WIDTH:0.420843
G1 F1587.625
G1 X62.615 Y61.322 E.01351
;WIDTH:0.390414
G1 F1726.649
G1 X61.769 Y61.462 E.02478
;WIDTH:0.3761
G1 F1800.828
G1 X60.684 Y61.586 E.03025
;WIDTH:0.41881
G1 F1596.212
G1 X60.003 Y61.632 E.02133
;WIDTH:0.443894
G1 F1496.356
G1 X59.601 Y61.632 E.01343
;WIDTH:0.468978
G1 F1408.259
G1 X59.198 Y61.631 E.01427
;WIDTH:0.498307
G1 F1317.561
G1 X58.87 Y61.612 E.01243
;WIDTH:0.527636
G1 F1237.838
G1 X58.543 Y61.592 E.01323
M204 S10000
G1 E-.8 F1800
G1 X66.008 Y60.007 Z1.8 F7200
G1 X67.482 Y59.694 Z1.8
G1 Z1.4
G1 E.8 F1800
M204 S500
;TYPE:Outer wall
;WIDTH:0.449999
G1 F1473.915
G1 X67.533 Y59.522 E.00607
G1 X68.069 Y59.005 E.02521
G1 X68.542 Y58.493 E.02358
G1 X68.986 Y57.952 E.02369
G1 X69.96 Y56.691 E.05394
G1 X70.372 Y56.125 E.02369
G1 X70.749 Y55.539 E.02358
G1 X71.114 Y54.89 E.02521
G1 X71.186 Y54.82 E.00341
G1 X71.357 Y54.819 E.0058
G1 X72.85 Y55.603 E.05706
G1 X72.946 Y55.743 E.00577
G1 X72.914 Y55.872 E.00449
G1 X72.508 Y56.592 E.02799
G1 X72.067 Y57.279 E.02761
G1 X71.588 Y57.938 E.02759
G1 X70.605 Y59.209 E.05438
G1 X70.091 Y59.835 E.02741
G1 X69.635 Y60.329 E.02276
G1 X68.883 Y61.059 E.03546
G1 X68.767 Y61.08 E.00401
G1 X68.659 Y61.022 E.00415
G1 X67.525 Y59.775 E.05706
G1 X67.5 Y59.729 E.00176
M204 S10000
G1 E-.8 F1800
G1 X70.71 Y54.663 Z1.8 F7200
G1 Z1.4
G1 E.8 F1800
M204 S1500
;TYPE:Inner wall
;WIDTH:0.521494
G1 F1253.725
G1 X70.542 Y54.988 E.01458
;WIDTH:0.494846
G1 F1327.651
G1 X70.374 Y55.314 E.01376
;WIDTH:0.468198
G1 F1410.842
G1 X70.203 Y55.603 E.01189
;WIDTH:0.442703
G1 F1500.814
G1 X70.032 Y55.893 E.01117
;WIDTH:0.417208
G1 F1603.044
G1 X69.791 Y56.244 E.01325
;WIDTH:0.388579
G1 F1735.815
G1 X69.55 Y56.595 E.01223
;WIDTH:0.35995
G1 F1892.565
G1 X69.032 Y57.277 E.0226
;WIDTH:0.37647
G1 F1798.831
G1 X68.679 Y57.708 E.01543
;WIDTH:0.424082
G1 F1574.134
G1 X68.228 Y58.22 E.02163
;WIDTH:0.4681
G1 F1411.167
G1 X67.756 Y58.698 E.02376
;WIDTH:0.494395
G1 F1328.977
G1 X67.474 Y58.953 E.01426
;WIDTH:0.52069
G1 F1255.834
G1 X67.192 Y59.207 E.01509
M204 S10000
G1 E-.8 F1800
G1 X69.401 Y51.901 Z1.8 F7200
G1 X71.357 Y45.43 Z1.8
G1 Z1.4
G1 E.8 F1800
M204 S500
;TYPE:Outer wall
;WIDTH:0.449999
G1 F1473.915
G1 X71.844 Y45.25 E.01758
G1 X73.051 Y44.874 E.04279
G1 X73.138 Y44.869 E.00297
G1 X73.274 Y44.982 E.00597
G1 X73.508 Y45.816 E.02933
G1 X73.682 Y46.613 E.02762
G1 X73.809 Y47.418 E.02759
G1 X74.055 Y49.434 E.06873
G1 X74.111 Y50.277 E.0286
G1 X74.117 Y51.125 E.02869
G1 X74.095 Y51.561 E.01478
G1 X73.944 Y51.671 E.00633
G1 X72.235 Y51.59 E.05791
G1 X72.096 Y51.514 E.00539
G1 X72.062 Y51.405 E.00386
G1 X72.076 Y50.66 E.02521
G1 X72.048 Y49.964 E.02358
G1 X71.979 Y49.268 E.02369
G1 X71.777 Y47.687 E.05393
G1 X71.668 Y46.996 E.02369
G1 X71.52 Y46.315 E.02358
G1 X71.32 Y45.598 E.02521
G1 X71.348 Y45.469 E.00446
M204 S10000
G1 X70.874 Y45.723 F7200
M204 S1500
;TYPE:Inner wall
;WIDTH:0.51929
G1 F1259.525
G1 X70.943 Y45.925 E.00848
;WIDTH:0.494812
G1 F1327.751
G1 X71.095 Y46.421 E.01948
;WIDTH:0.469618
G1 F1406.147
G1 X71.26 Y47.073 E.02385
;WIDTH:0.423858
G1 F1575.06
G1 X71.39 Y47.743 E.02162
;WIDTH:0.374604
G1 F1808.951
G1 X71.495 Y48.439 E.01943
;WIDTH:0.370896
G1 F1829.402
G1 X71.593 Y49.312 E.02394
;WIDTH:0.397611
G1 F1691.613
G1 X71.616 Y49.731 E.0124
;WIDTH:0.424326
G1 F1573.127
G1 X71.639 Y50.151 E.01334
;WIDTH:0.469662
G1 F1406.002
G1 X71.637 Y50.665 E.01823
;WIDTH:0.498849
G1 F1315.994
G1 X71.616 Y51.053 E.01474
;WIDTH:0.528036
G1 F1236.818
G1 X71.595 Y51.442 E.01569
M204 S10000
G1 E-.8 F1800
G1 X65.02 Y47.567 Z1.8 F7200
G1 X48.969 Y38.107 Z1.8
G1 Z1.4
G1 E.8 F1800
M204 S1500
;WIDTH:0.449999
G1 F1473.915
G1 X49.7 Y37.469 E.03285
G1 X50.467 Y36.875 E.03285
G1 X51.269 Y36.329 E.03284
G1 X52.059 Y35.857 E.03117
G1 X52.964 Y35.384 E.03455
G1 X53.85 Y34.99 E.03281
G1 X54.758 Y34.649 E.03285
G1 X55.685 Y34.363 E.03284
G1 X56.628 Y34.132 E.03285
G1 X57.583 Y33.959 E.03284
G1 X58.546 Y33.843 E.03285
G1 X59.515 Y33.785 E.03284
G1 X60.485 Y33.785 E.03284
G1 X61.404 Y33.84 E.03117
G1 X62.418 Y33.959 E.03455
G1 X63.372 Y34.132 E.03281
G1 X64.315 Y34.363 E.03285
G1 X65.242 Y34.649 E.03284
G1 X66.104 Y34.972 E.03116
G1 X67.038 Y35.385 E.03455
G1 X67.898 Y35.831 E.03281
G1 X68.731 Y36.329 E.03284
G1 X69.533 Y36.875 E.03284
G1 X70.3 Y37.469 E.03285
G1 X71.031 Y38.107 E.03285
G1 X71.722 Y38.788 E.03284
G1 X72.372 Y39.51 E.03285
G1 X72.977 Y40.268 E.03284
G1 X73.535 Y41.062 E.03284
G1 X74.045 Y41.887 E.03285
G1 X74.505 Y42.742 E.03285
G1 X74.913 Y43.622 E.03285
G1 X75.268 Y44.525 E.03285
G1 X75.567 Y45.448 E.03284
G1 X75.799 Y46.339 E.03117
G1 X75.999 Y47.34 E.03455
G1 X76.126 Y48.275 E.03192
G1 X76.202 Y49.294 E.03461
G1 X76.216 Y50.239 E.03197
G1 X76.173 Y51.208 E.03284
G1 X76.071 Y52.173 E.03285
G1 X75.912 Y53.13 E.03284
G1 X75.696 Y54.076 E.03285
M73 P34 R10
G1 X75.424 Y55.008 E.03284
G1 X75.097 Y55.921 E.03284
G1 X74.716 Y56.814 E.03284
G1 X74.304 Y57.637 E.03117
G1 X73.796 Y58.523 E.03455
G1 X73.262 Y59.332 E.03281
G1 X72.68 Y60.108 E.03285
G1 X72.052 Y60.848 E.03285
G1 X71.416 Y61.514 E.03116
G1 X70.67 Y62.21 E.03455
G1 X69.921 Y62.826 E.03281
G1 X69.136 Y63.396 E.03285
G1 X68.318 Y63.919 E.03284
G1 X67.471 Y64.391 E.03285
G1 X66.597 Y64.812 E.03284
G1 X65.699 Y65.18 E.03285
G1 X64.827 Y65.478 E.03116
G1 X63.844 Y65.752 E.03455
G1 X62.896 Y65.954 E.03281
G1 X61.936 Y66.098 E.03284
G1 X60.97 Y66.185 E.03285
G1 X60 Y66.214 E.03284
G1 X59.03 Y66.185 E.03284
G1 X58.064 Y66.098 E.03285
G1 X57.153 Y65.961 E.03116
G1 X56.154 Y65.752 E.03455
G1 X55.22 Y65.494 E.03281
G1 X54.301 Y65.18 E.03284
G1 X53.403 Y64.812 E.03285
G1 X52.529 Y64.391 E.03284
G1 X51.682 Y63.919 E.03285
G1 X50.906 Y63.423 E.03116
G1 X50.078 Y62.825 E.03456
G1 X49.329 Y62.21 E.03281
G1 X48.655 Y61.583 E.03116
G1 X47.947 Y60.848 E.03455
G1 X47.32 Y60.108 E.03281
G1 X46.768 Y59.371 E.03117
G1 X46.203 Y58.521 E.03455
G1 X45.718 Y57.681 E.03281
G1 X45.284 Y56.814 E.03285
G1 X44.903 Y55.921 E.03284
G1 X44.576 Y55.008 E.03284
G1 X44.304 Y54.076 E.03284
G1 X44.099 Y53.179 E.03117
G1 X43.929 Y52.172 E.03455
G1 X43.827 Y51.208 E.03282
G1 X43.786 Y50.288 E.03116
G1 X43.798 Y49.268 E.03455
G1 X43.871 Y48.301 E.03281
G1 X44.001 Y47.339 E.03285
G1 X44.189 Y46.387 E.03284
G1 X44.433 Y45.448 E.03285
G1 X44.732 Y44.525 E.03284
G1 X45.087 Y43.622 E.03285
G1 X45.495 Y42.742 E.03285
G1 X45.931 Y41.931 E.03117
G1 X46.465 Y41.061 E.03455
G1 X47.023 Y40.268 E.03281
G1 X47.628 Y39.51 E.03284
G1 X48.278 Y38.788 E.03285
G1 X48.94 Y38.136 E.03149
M204 S500
G1 X48.675 Y37.795 F7200
;TYPE:Outer wall
G1 F1473.915
G1 X48.677 Y37.793 E.00009
G1 X49.427 Y37.138 E.03371
G1 X50.215 Y36.529 E.03371
G1 X51.038 Y35.968 E.03371
G1 X51.85 Y35.482 E.03201
G1 X52.777 Y34.998 E.03542
G1 X53.687 Y34.593 E.0337
G1 X54.62 Y34.243 E.03371
G1 X55.571 Y33.949 E.03371
G1 X56.539 Y33.713 E.03371
G1 X57.519 Y33.535 E.03371
G1 X58.508 Y33.416 E.03371
G1 X59.502 Y33.357 E.03371
G1 X60.498 Y33.357 E.03371
G1 X61.442 Y33.413 E.03201
G1 X62.481 Y33.535 E.03542
G1 X63.461 Y33.713 E.0337
G1 X64.429 Y33.949 E.03371
G1 X65.38 Y34.243 E.03371
G1 X66.266 Y34.575 E.03201
G1 X67.223 Y34.998 E.03542
G1 X68.107 Y35.457 E.0337
G1 X68.962 Y35.968 E.03371
G1 X69.785 Y36.529 E.03371
G1 X70.573 Y37.138 E.03371
G1 X71.323 Y37.793 E.03371
G1 X72.032 Y38.492 E.03371
G1 X72.699 Y39.232 E.03371
G1 X73.32 Y40.011 E.03371
G1 X73.893 Y40.825 E.03371
G1 X74.417 Y41.673 E.03371
G1 X74.889 Y42.55 E.03371
G1 X75.307 Y43.454 E.03371
G1 X75.671 Y44.381 E.03371
G1 X75.979 Y45.328 E.03371
G1 X76.217 Y46.243 E.03201
G1 X76.422 Y47.269 E.03542
G1 X76.55 Y48.217 E.03238
G1 X76.631 Y49.288 E.03634
G1 X76.645 Y50.245 E.03241
G1 X76.6 Y51.24 E.03371
G1 X76.496 Y52.231 E.03371
G1 X76.333 Y53.213 E.03371
G1 X76.111 Y54.184 E.03371
G1 X75.832 Y55.14 E.03371
G1 X75.496 Y56.078 E.03371
G1 X75.105 Y56.994 E.03371
G1 X74.682 Y57.84 E.03201
G1 X74.161 Y58.747 E.03542
G1 X73.612 Y59.578 E.0337
G1 X73.015 Y60.375 E.03371
G1 X72.371 Y61.135 E.03371
G1 X71.717 Y61.819 E.03201
G1 X70.952 Y62.533 E.03542
G1 X70.183 Y63.165 E.0337
G1 X69.377 Y63.75 E.03371
G1 X68.538 Y64.287 E.03371
G1 X67.668 Y64.772 E.03372
G1 X66.771 Y65.204 E.03371
G1 X65.849 Y65.582 E.03371
G1 X64.954 Y65.887 E.03201
G1 X63.946 Y66.169 E.03542
G1 X62.972 Y66.376 E.0337
G1 X61.988 Y66.524 E.03371
G1 X60.996 Y66.613 E.03371
G1 X60 Y66.643 E.03371
G1 X59.004 Y66.613 E.03371
G1 X58.012 Y66.524 E.03371
G1 X57.077 Y66.383 E.03201
G1 X56.053 Y66.168 E.03542
G1 X55.093 Y65.903 E.0337
G1 X54.151 Y65.582 E.03371
G1 X53.229 Y65.204 E.03371
G1 X52.332 Y64.772 E.03371
G1 X51.462 Y64.287 E.03371
G1 X50.665 Y63.778 E.03201
G1 X49.816 Y63.165 E.03542
G1 X49.047 Y62.532 E.0337
G1 X48.354 Y61.889 E.03201
G1 X47.629 Y61.135 E.03542
G1 X46.985 Y60.375 E.0337
G1 X46.418 Y59.619 E.03201
G1 X45.839 Y58.747 E.03542
G1 X45.341 Y57.885 E.0337
G1 X44.895 Y56.994 E.03372
G1 X44.504 Y56.078 E.03371
G1 X44.168 Y55.14 E.03371
G1 X43.889 Y54.184 E.03371
G1 X43.678 Y53.262 E.03201
G1 X43.504 Y52.23 E.03542
G1 X43.4 Y51.24 E.0337
G1 X43.357 Y50.295 E.03201
G1 X43.37 Y49.249 E.03542
G1 X43.444 Y48.256 E.0337
G1 X43.578 Y47.269 E.03371
G1 X43.771 Y46.292 E.03371
G1 X44.021 Y45.328 E.03371
G1 X44.329 Y44.381 E.03371
G1 X44.693 Y43.454 E.03371
G1 X45.111 Y42.55 E.03371
G1 X45.56 Y41.717 E.03201
G1 X46.107 Y40.825 E.03542
G1 X46.68 Y40.011 E.0337
G1 X47.301 Y39.232 E.03371
G1 X47.968 Y38.492 E.03371
G1 X48.647 Y37.823 E.03227
M204 S10000
G1 E-.8 F1800
G1 X56.263 Y38.32 Z1.8 F7200
G1 X64.894 Y38.882 Z1.8
G1 Z1.4
G1 E.8 F1800
M204 S500
G1 F1473.915
G1 X64.801 Y38.68 E.00753
G1 X65.606 Y37.146 E.05865
G1 X65.675 Y37.074 E.00335
G1 X65.769 Y37.049 E.00332
G1 X66.596 Y37.488 E.0317
G1 X67.283 Y37.929 E.02761
G1 X67.942 Y38.409 E.02759
G1 X69.629 Y39.733 E.07261
G1 X70.261 Y40.294 E.02861
G1 X70.86 Y40.895 E.0287
G1 X71.078 Y41.149 E.01134
G1 X71.036 Y41.328 E.00621
G1 X69.735 Y42.501 E.05931
G1 X69.525 Y42.463 E.0072
G1 X69.008 Y41.927 E.02521
G1 X68.589 Y41.54 E.01932
G1 X67.955 Y41.01 E.02797
G1 X66.695 Y40.036 E.05391
G1 X66.129 Y39.624 E.02369
G1 X65.543 Y39.247 E.02358
G1 X64.929 Y38.902 E.02386
M204 S10000
G1 E-.8 F1800
G1 X61.409 Y37.934 Z1.8 F7200
G1 Z1.4
G1 E.8 F1800
M204 S500
G1 F1473.915
G1 X60.664 Y37.921 E.02521
G1 X59.968 Y37.948 E.02358
G1 X59.272 Y38.017 E.02369
G1 X57.691 Y38.219 E.05393
G1 X57 Y38.328 E.02369
G1 X56.442 Y38.449 E.01932
G1 X55.6 Y38.677 E.02952
G1 X55.476 Y38.666 E.00423
G1 X55.358 Y38.489 E.00719
G1 X54.878 Y36.946 E.0547
G1 X54.879 Y36.835 E.00375
G1 X55.003 Y36.716 E.00581
G1 X55.82 Y36.488 E.02871
G1 X56.477 Y36.344 E.02276
G1 X57.88 Y36.128 E.04807
G1 X59.016 Y35.983 E.03875
G1 X59.666 Y35.919 E.02213
G1 X60.493 Y35.876 E.02803
G1 X61.321 Y35.884 E.02802
G1 X61.59 Y35.914 E.00916
G1 X61.675 Y36.063 E.00579
G1 X61.614 Y37.339 E.04325
G1 X61.562 Y37.856 E.01758
G1 X61.444 Y37.916 E.00446
M204 S10000
G1 E-.8 F1800
G1 X55.684 Y39.137 Z1.8 F7200
G1 Z1.4
G1 E.8 F1800
M204 S1500
;TYPE:Inner wall
;WIDTH:0.528404
G1 F1235.88
G1 X55.721 Y39.125 E.0016
;WIDTH:0.52275
G1 F1250.443
G1 X56.133 Y38.998 E.01719
;WIDTH:0.490745
G1 F1339.809
G1 X56.545 Y38.87 E.01605
;WIDTH:0.45874
G1 F1442.932
G1 X57.076 Y38.735 E.01896
;WIDTH:0.42042
G1 F1589.404
G1 X57.441 Y38.664 E.01168
;WIDTH:0.393312
G1 F1712.368
G1 X57.807 Y38.594 E.01084
;WIDTH:0.366204
G1 F1855.953
G1 X58.656 Y38.474 E.02305
;WIDTH:0.37722
G1 F1794.795
G1 X59.468 Y38.392 E.02269
;WIDTH:0.423858
G1 F1575.06
G1 X59.997 Y38.363 E.01678
;WIDTH:0.469614
G1 F1406.16
G1 X60.669 Y38.359 E.02385
;WIDTH:0.496908
G1 F1321.621
G1 X61.051 Y38.379 E.01445
;WIDTH:0.524202
G1 F1246.67
M73 P35 R10
G1 X61.433 Y38.399 E.01532
M204 S10000
G1 E-.8 F1800
G1 X54.373 Y41.299 Z1.8 F7200
G1 X47.067 Y44.3 Z1.8
G1 Z1.4
G1 E.8 F1800
M204 S500
;TYPE:Outer wall
;WIDTH:0.449999
G1 F1473.915
G1 X47.076 Y44.139 E.00545
G1 X47.492 Y43.4 E.02871
G1 X48.235 Y42.298 E.04498
G1 X49.395 Y40.783 E.06459
G1 X49.883 Y40.189 E.02602
G1 X50.454 Y39.566 E.02863
G1 X51.065 Y38.976 E.02873
G1 X51.181 Y38.912 E.00449
G1 X51.341 Y38.97 E.00577
G1 X52.475 Y40.217 E.05706
G1 X52.514 Y40.396 E.0062
G1 X51.501 Y41.453 E.04955
G1 X51.018 Y42.036 E.02562
G1 X50.04 Y43.301 E.05413
G1 X49.628 Y43.867 E.02369
G1 X49.251 Y44.453 E.02358
G1 X48.886 Y45.102 E.02521
G1 X48.719 Y45.195 E.00647
G1 X48.265 Y44.976 E.01704
G1 X47.15 Y44.39 E.04265
G1 X47.094 Y44.329 E.00278
M204 S10000
G1 E-.8 F1800
G1 X49.276 Y45.353 Z1.8 F7200
G1 Z1.4
G1 E.8 F1800
M204 S1500
;TYPE:Inner wall
;WIDTH:0.520684
G1 F1255.85
G1 X49.335 Y45.233 E.00529
;WIDTH:0.504322
G1 F1300.385
G1 X49.626 Y44.679 E.02403
;WIDTH:0.468102
G1 F1411.16
G1 X49.971 Y44.102 E.02376
;WIDTH:0.424092
G1 F1574.093
G1 X50.353 Y43.536 E.02163
;WIDTH:0.376468
G1 F1798.842
G1 X50.706 Y43.054 E.01657
;WIDTH:0.374008
G1 F1812.207
G1 X51.32 Y42.284 E.02712
;WIDTH:0.419092
G1 F1595.015
G1 X51.805 Y41.734 E.02294
;WIDTH:0.445683
G1 F1489.71
G1 X52.095 Y41.447 E.01367
;WIDTH:0.472274
G1 F1397.448
G1 X52.386 Y41.16 E.01458
;WIDTH:0.521496
G1 F1253.719
G1 X52.789 Y40.805 E.02138
M204 S10000
G1 E-.8 F1800
G1 X60.355 Y39.794 Z1.8 F7200
G1 X64.572 Y39.231 Z1.8
G1 Z1.4
G1 E.8 F1800
M204 S1500
;WIDTH:0.535662
G1 F1217.676
G1 X64.667 Y39.285 E.00451
;WIDTH:0.517962
G1 F1263.046
G1 X65.002 Y39.458 E.01486
;WIDTH:0.489514
G1 F1343.502
G1 X65.336 Y39.63 E.01397
;WIDTH:0.461066
G1 F1434.906
G1 X65.703 Y39.855 E.01495
;WIDTH:0.429783
G1 F1550.937
G1 X66.07 Y40.079 E.01383
;WIDTH:0.3985
G1 F1687.384
G1 X66.771 Y40.573 E.02537
;WIDTH:0.37702
G1 F1795.87
G1 X67.709 Y41.316 E.03324
;WIDTH:0.403048
G1 F1666.074
G1 X68.011 Y41.585 E.01211
;WIDTH:0.429076
G1 F1553.776
G1 X68.313 Y41.854 E.01299
;WIDTH:0.46402
G1 F1424.84
G1 X68.721 Y42.257 E.02009
;WIDTH:0.494933
G1 F1327.395
G1 X68.978 Y42.544 E.01447
;WIDTH:0.525846
G1 F1242.426
G1 X69.235 Y42.83 E.01546
M204 S10000
G1 E-.8 F1800
G1 X71.826 Y41.064 Z1.8 F7200
G1 Z1.4
G1 E.8 F1800
M204 S500
;TYPE:Sparse infill
;WIDTH:0.45
G1 F1473.913
G1 X71.828 Y41.465 E.0136
G1 X71.624 Y41.835 E.01429
G1 X71.03 Y42.377 E.02723
G1 X72.797 Y44.144 E.08458
G1 X72.902 Y44.112 E.00372
G1 X73.288 Y44.105 E.01306
G1 X73.756 Y44.341 E.01777
G1 X73.993 Y44.69 E.01426
G1 X74.25 Y45.597 E.03193
G1 X75.56 Y46.907 E.06269
G1 X75.658 Y47.397 E.01693
G1 X75.785 Y48.337 E.0321
G1 X75.856 Y49.284 E.03214
G1 X75.866 Y50.322 E.03515
G1 X74.817 Y49.273 E.05021
G1 X74.864 Y49.746 E.01608
G1 X74.9 Y50.654 E.03075
G1 X74.88 Y51.593 E.03181
G1 X74.804 Y51.88 E.01004
G1 X74.579 Y52.144 E.01174
G1 X75.559 Y53.124 E.04689
G1 X75.361 Y53.989 E.03005
G1 X75.095 Y54.901 E.03214
G1 X74.866 Y55.54 E.02297
G1 X71.744 Y52.418 E.14945
G1 X71.667 Y52.799 E.01315
G1 X71.447 Y53.595 E.02797
G1 X71.268 Y54.098 E.01806
G1 X71.602 Y54.077 E.01131
G1 X73.281 Y54.957 E.06417
G1 X73.528 Y55.18 E.01126
G1 X73.721 Y55.654 E.01732
G1 X73.651 Y56.13 E.01629
G1 X73.184 Y56.967 E.03242
G1 X73.887 Y57.669 E.03363
G1 X73.501 Y58.341 E.02622
G1 X72.979 Y59.132 E.0321
G1 X72.663 Y59.554 E.01784
G1 X71.904 Y58.795 E.03632
G1 X71.217 Y59.684 E.03804
G1 X70.687 Y60.33 E.02825
G1 X70.516 Y60.516 E.00857
G1 X71.219 Y61.219 E.03367
G1 X70.442 Y61.95 E.03612
G1 X69.709 Y62.552 E.03209
G1 X69.555 Y62.664 E.00645
G1 X68.732 Y61.84 E.03942
G1 X68.656 Y61.852 E.0026
G1 X68.237 Y61.68 E.01531
G1 X68.091 Y61.549 E.00664
G1 X66.941 Y60.285 E.05785
G1 X66.742 Y59.922 E.01401
G1 X65.987 Y60.395 E.03014
G1 X65.133 Y60.838 E.03258
G1 X65.169 Y60.85 E.00129
G1 X65.356 Y61.193 E.01324
G1 X65.527 Y61.745 E.01953
G1 X67.668 Y63.885 E.10246
G1 X67.311 Y64.084 E.01381
G1 X66.456 Y64.496 E.03214
G1 X65.542 Y64.868 E.0334
G1 X64.805 Y64.131 E.03529
G1 X64.339 Y64.263 E.01638
G1 X63.537 Y64.438 E.0278
G1 X62.2 Y64.635 E.04574
G1 X63.118 Y65.553 E.04393
G1 X62.834 Y65.613 E.00982
G1 X61.895 Y65.755 E.03214
G1 X60.949 Y65.84 E.03214
G1 X60.315 Y65.859 E.02148
G1 X59.352 Y64.896 E.04609
G1 X58.421 Y64.877 E.03151
G1 X58.258 Y64.849 E.00563
G1 X57.796 Y64.572 E.01822
G1 X57.573 Y64.133 E.01667
G1 X57.551 Y63.954 E.00612
G1 X57.592 Y63.136 E.02772
G1 X55.906 Y61.45 E.08067
G1 X55.875 Y61.691 E.00823
G1 X55.041 Y63.273 E.06053
G1 X54.897 Y63.452 E.00778
G1 X54.835 Y63.488 E.00242
G1 X56.902 Y65.555 E.09895
G1 X56.236 Y65.415 E.02306
G1 X55.322 Y65.163 E.0321
G1 X54.423 Y64.856 E.03214
G1 X53.544 Y64.496 E.03214
G1 X52.689 Y64.084 E.03214
G1 X51.861 Y63.622 E.03208
G1 X46.388 Y58.15 E.26198
G1 X46.023 Y57.517 E.02471
G1 X45.598 Y56.668 E.03215
G1 X45.274 Y55.909 E.02794
G1 X44.905 Y54.9 E.03635
G1 X44.639 Y53.989 E.03213
G1 X44.434 Y53.087 E.03133
G1 X45.753 Y54.405 E.06312
G1 X45.977 Y55.212 E.02836
G1 X46.096 Y55.475 E.00978
G1 X46.474 Y55.809 E.01705
G1 X46.928 Y55.902 E.0157
G1 X47.108 Y55.878 E.00613
G1 X47.197 Y55.85 E.00317
G1 X48.965 Y57.618 E.08464
G1 X48.398 Y58.136 E.02601
G1 X48.26 Y58.32 E.00777
G1 X48.134 Y58.814 E.01726
G1 X48.172 Y58.928 E.00407
M204 S10000
G1 E-.8 F1800
G1 X45.38 Y52.344 Z1.8 F7200
G1 Z1.4
G1 E.8 F1800
M204 S500
G1 F1473.913
G1 X45.184 Y50.727 E.05511
G1 X44.139 Y49.683 E.04999
G1 X44.144 Y49.283 E.01356
G1 X44.215 Y48.337 E.03209
G1 X44.342 Y47.396 E.03215
G1 X44.444 Y46.879 E.01783
G1 X45.401 Y47.836 E.04578
G1 X45.762 Y47.596 E.01468
G1 X46.038 Y47.547 E.00949
G1 X47.815 Y47.629 E.06022
G1 X48.195 Y47.725 E.01324
G1 X48.216 Y47.756 E.00129
G1 X48.249 Y47.576 E.00621
G1 X45.131 Y44.457 E.14927
G1 X45.398 Y43.777 E.02473
G1 X45.805 Y42.896 E.03283
G1 X46.11 Y42.328 E.02185
G1 X46.813 Y43.03 E.03363
G1 X47.31 Y42.252 E.03126
G1 X48.093 Y41.201 E.04435
G1 X47.33 Y40.439 E.03651
G1 X47.892 Y39.733 E.03054
G1 X48.528 Y39.028 E.03214
G1 X48.78 Y38.78 E.01196
G1 X49.48 Y39.48 E.03355
G1 X49.896 Y39.029 E.02075
G1 X50.632 Y38.326 E.03448
G1 X51.072 Y38.14 E.01616
G1 X51.276 Y38.167 E.00697
G1 X50.442 Y37.333 E.03995
G1 X50.671 Y37.156 E.00981
G1 X51.455 Y36.621 E.03214
G1 X52.325 Y36.108 E.03419
G1 X54.477 Y38.259 E.10297
G1 X54.655 Y38.836 E.02046
G1 X54.921 Y39.132 E.01346
G1 X54.358 Y39.407 E.0212
M204 S10000
G1 E-.8 F1800
G1 X56.775 Y35.509 Z1.8 F7200
G1 Z1.4
G1 E.8 F1800
M204 S500
G1 F1473.913
G1 X56.355 Y35.579 E.01444
G1 X55.615 Y35.741 E.02562
M73 P36 R10
G1 X55.187 Y35.86 E.01506
G1 X54.457 Y35.131 E.03492
G1 X54.87 Y34.976 E.01492
G1 X55.777 Y34.696 E.03214
G1 X56.875 Y34.439 E.03814
G1 X57.793 Y35.358 E.04399
G1 X58.919 Y35.214 E.03842
G1 X59.75 Y35.132 E.02825
G1 X60.648 Y35.104 E.03042
G1 X59.675 Y34.131 E.04657
G1 X60.456 Y34.131 E.02643
G1 X61.374 Y34.185 E.03112
G1 X62.367 Y34.302 E.03385
G1 X63.085 Y34.432 E.02469
G1 X65.165 Y36.512 E.09957
G1 X64.974 Y36.693 E.00888
G1 X64.133 Y38.285 E.06096
G1 X64.052 Y38.508 E.00803
G1 X62.411 Y36.867 E.07858
G1 X62.367 Y37.817 E.03221
G1 X62.231 Y38.217 E.0143
G1 X62.48 Y38.27 E.00861
M204 S10000
G1 E-.8 F1800
G1 X66.704 Y35.615 Z1.8 F7200
G1 Z1.4
G1 E.8 F1800
M204 S500
G1 F1473.913
G1 X66.888 Y35.697 E.00682
G1 X67.729 Y36.134 E.0321
G1 X68.14 Y36.379 E.0162
G1 X73.622 Y41.861 E.26242
G1 X73.745 Y42.06 E.00792
G1 X74.195 Y42.896 E.03214
G1 X74.382 Y43.3 E.01505
; stop printing object fidget-finger-massager-2000-ring.stl id:15 copy 0
;LAYER_CHANGE
;Z:1.6
;HEIGHT:0.2
G92 E0
;_SET_FAN_SPEED_CHANGING_LAYER
; printing object fidget-finger-massager-2000-ring.stl id:15 copy 0
M204 S10000
G1 E-.8 F1800
G1 X70.874 Y45.723 Z2 F7200
G1 Z1.6
G1 E.8 F1800
M204 S1500
;TYPE:Inner wall
;WIDTH:0.51929
G1 F1259.525
G1 X70.939 Y45.455 E.01093
;WIDTH:0.484645
G1 F1358.313
G1 X71.004 Y45.187 E.01013
;WIDTH:0.449999
G1 F1473.915
G1 X71.314 Y44.966 E.01288
G1 X72.923 Y44.465 E.05706
G1 X73.227 Y44.45 E.01028
G1 X73.524 Y44.604 E.01135
G1 X73.693 Y44.884 E.01105
G1 X73.921 Y45.701 E.02871
G1 X74.101 Y46.522 E.02846
G1 X74.233 Y47.351 E.02844
G1 X74.482 Y49.393 E.06962
G1 X74.54 Y50.261 E.02945
G1 X74.545 Y51.134 E.02954
G1 X74.515 Y51.656 E.0177
G1 X74.264 Y51.998 E.01436
G1 X73.899 Y52.098 E.01281
G1 X72.215 Y52.018 E.05706
;WIDTH:0.450206
G1 X71.746 Y51.762 E.01809
;WIDTH:0.489121
G1 F1344.685
G1 X71.671 Y51.602 E.00657
;WIDTH:0.528036
G1 F1236.818
G1 X71.595 Y51.442 E.00715
G1 X71.469 Y52.054 E.02524
;WIDTH:0.489018
G1 F1344.998
G1 X71.343 Y52.667 E.02321
;WIDTH:0.449999
G1 F1473.915
G1 X71.128 Y53.449 E.02744
;WIDTH:0.452544
G1 F1464.758
G1 X70.827 Y54.309 E.03105
;WIDTH:0.487019
G1 F1351.05
G1 X70.768 Y54.486 E.00687
;WIDTH:0.521494
G1 F1253.725
G1 X70.71 Y54.663 E.00741
G1 X70.845 Y54.552 E.00697
;WIDTH:0.487019
G1 F1351.05
G1 X70.981 Y54.442 E.00647
;WIDTH:0.452544
G1 F1464.758
G1 X71.503 Y54.411 E.01781
;WIDTH:0.449999
G1 F1473.915
G1 X73.049 Y55.223 E.05911
G1 X73.253 Y55.397 E.00906
G1 X73.373 Y55.7 E.01105
G1 X73.288 Y56.08 E.01316
G1 X72.881 Y56.802 E.02807
G1 X72.428 Y57.511 E.02846
G1 X71.293 Y59.02 E.0639
G1 X70.422 Y60.107 E.04715
G1 X69.853 Y60.725 E.02846
G1 X69.217 Y61.339 E.02991
G1 X69.062 Y61.448 E.00643
G1 X68.711 Y61.505 E.01202
G1 X68.377 Y61.349 E.01249
G1 X67.208 Y60.063 E.05881
G1 X67.064 Y59.79 E.01046
;WIDTH:0.485345
G1 F1356.164
G1 X67.128 Y59.498 E.01098
;WIDTH:0.52069
G1 F1255.834
G1 X67.192 Y59.207 E.01186
G1 X66.887 Y59.409 E.01452
;WIDTH:0.485345
G1 F1356.164
G1 X66.583 Y59.612 E.01345
;WIDTH:0.449999
G1 F1473.915
G1 X66.107 Y59.913 E.01908
G1 X65.451 Y60.288 E.02555
;WIDTH:0.485849
G1 F1354.62
G1 X64.886 Y60.572 E.0233
;WIDTH:0.521698
G1 F1253.19
G1 X64.321 Y60.857 E.02519
G1 X64.618 Y60.977 E.01274
;WIDTH:0.485849
G1 F1354.62
G1 X64.914 Y61.098 E.01178
;WIDTH:0.449999
G1 F1473.915
G1 X65.03 Y61.31 E.00818
G1 X65.531 Y62.919 E.05706
G1 X65.557 Y63.151 E.00788
G1 X65.45 Y63.449 E.01074
G1 X65.113 Y63.689 E.014
G1 X64.294 Y63.918 E.02878
G1 X63.474 Y64.097 E.02839
G1 X62.645 Y64.229 E.02844
G1 X61.039 Y64.435 E.0548
G1 X60.22 Y64.515 E.02784
G1 X59.38 Y64.55 E.02846
G1 X58.497 Y64.535 E.02991
G1 X58.359 Y64.517 E.00469
G1 X58.048 Y64.326 E.01234
G1 X57.892 Y64.02 E.01163
G1 X57.995 Y62.092 E.06535
;WIDTH:0.486107
G1 F1353.83
G1 X58.351 Y61.658 E.02067
;WIDTH:0.527636
G1 F1237.838
G1 X58.543 Y61.592 E.00817
G1 X58.041 Y61.489 E.02064
;WIDTH:0.488818
G1 F1345.601
G1 X57.539 Y61.387 E.01899
;WIDTH:0.449999
G1 F1473.915
G1 X56.925 Y61.23 E.02145
G1 X55.888 Y60.9 E.03684
;WIDTH:0.488321
G1 F1347.102
G1 X55.628 Y60.812 E.01016
;WIDTH:0.526642
G1 F1240.382
G1 X55.368 Y60.724 E.01103
G1 X55.491 Y60.934 E.00978
;WIDTH:0.488321
G1 F1347.102
G1 X55.614 Y61.143 E.009
;WIDTH:0.449999
G1 F1473.915
G1 X55.524 Y61.616 E.0163
G1 X54.773 Y63.045 E.05465
G1 X54.653 Y63.204 E.00673
G1 X54.384 Y63.353 E.01042
G1 X54.014 Y63.332 E.01253
G1 X53.313 Y62.944 E.02712
G1 X52.574 Y62.481 E.02953
G1 X51.867 Y61.975 E.02943
G1 X50.525 Y60.94 E.05734
G1 X49.889 Y60.419 E.02784
G1 X49.271 Y59.849 E.02846
G1 X48.657 Y59.214 E.02991
G1 X48.599 Y59.145 E.00304
G1 X48.486 Y58.792 E.01253
G1 X48.562 Y58.494 E.01042
G1 X48.686 Y58.338 E.00673
G1 X49.933 Y57.204 E.05706
G1 X50.36 Y57.045 E.01543
;WIDTH:0.485514
G1 F1355.646
G1 X50.584 Y57.126 E.00878
;WIDTH:0.521028
G1 F1254.947
G1 X50.809 Y57.207 E.00948
G1 X50.658 Y56.981 E.01078
;WIDTH:0.485514
G1 F1355.646
G1 X50.508 Y56.756 E.00998
;WIDTH:0.449999
G1 F1473.915
G1 X50.074 Y56.096 E.02674
G1 X49.698 Y55.433 E.02581
;WIDTH:0.48633
G1 F1353.149
G1 X49.237 Y54.51 E.03802
;WIDTH:0.52812
G1 F1236.603
G1 X49.143 Y54.324 E.00839
G1 X49.128 Y54.527 E.00818
;WIDTH:0.48633
G1 F1353.149
G1 X48.797 Y54.98 E.02068
;WIDTH:0.449999
G1 F1473.915
G1 X47.077 Y55.527 E.06111
G1 X46.913 Y55.555 E.00561
G1 X46.622 Y55.49 E.0101
G1 X46.359 Y55.237 E.01234
G1 X46.147 Y54.534 E.02485
G1 X45.946 Y53.686 E.02953
G1 X45.797 Y52.829 E.02944
G1 X45.561 Y51.033 E.06129
G1 X45.481 Y50.217 E.02778
G1 X45.446 Y49.377 E.02846
G1 X45.461 Y48.493 E.02991
G1 X45.608 Y48.107 E.014
G1 X45.871 Y47.928 E.01074
G1 X46.101 Y47.894 E.00788
G1 X47.785 Y47.974 E.05706
G1 X48.019 Y48.033 E.00818
;WIDTH:0.485851
G1 F1354.614
G1 X48.21 Y48.29 E.01178
;WIDTH:0.521702
G1 F1253.18
G1 X48.401 Y48.546 E.01274
G1 X48.484 Y48.146 E.01626
;WIDTH:0.485851
G1 F1354.614
G1 X48.566 Y47.746 E.01504
;WIDTH:0.449999
G1 F1473.915
G1 X48.866 Y46.581 E.04073
G1 X49.022 Y46.086 E.01755
;WIDTH:0.485342
G1 F1356.173
G1 X49.149 Y45.72 E.01428
;WIDTH:0.520684
G1 F1255.85
G1 X49.276 Y45.353 E.01542
G1 X49.01 Y45.488 E.01186
;WIDTH:0.485342
G1 F1356.173
G1 X48.744 Y45.623 E.01098
;WIDTH:0.449999
G1 F1473.915
G1 X48.443 Y45.553 E.01045
G1 X46.951 Y44.769 E.05706
G1 X46.84 Y44.694 E.00454
G1 X46.67 Y44.461 E.00977
G1 X46.645 Y44.072 E.0132
G1 X46.939 Y43.51 E.02145
G1 X47.391 Y42.764 E.02954
G1 X47.886 Y42.049 E.02944
G1 X49.056 Y40.521 E.06513
G1 X49.553 Y39.916 E.02651
G1 X50.141 Y39.274 E.02947
G1 X50.769 Y38.666 E.02957
G1 X51.115 Y38.489 E.01316
G1 X51.439 Y38.528 E.01105
G1 X51.658 Y38.682 E.00906
G1 X52.834 Y39.981 E.05931
;WIDTH:0.452545
G1 F1464.754
G1 X52.935 Y40.487 E.01757
;WIDTH:0.487021
G1 F1351.046
G1 X52.862 Y40.646 E.00647
;WIDTH:0.521496
G1 F1253.719
G1 X52.789 Y40.805 E.00697
G1 X53.283 Y40.475 E.02364
;WIDTH:0.485748
G1 F1354.929
G1 X53.777 Y40.144 E.02188
;WIDTH:0.449999
G1 F1473.915
G1 X54.22 Y39.885 E.01738
G1 X55.296 Y39.335 E.0409
;WIDTH:0.489017
G1 F1345
G1 X55.49 Y39.236 E.00807
;WIDTH:0.528034
G1 F1236.823
G1 X55.684 Y39.138 E.00878
G1 X55.489 Y39.096 E.00804
;WIDTH:0.489017
G1 F1345
G1 X55.294 Y39.054 E.00739
;WIDTH:0.449999
G1 F1473.915
G1 X54.97 Y38.683 E.0167
G1 X54.469 Y37.073 E.05706
G1 X54.474 Y36.694 E.01281
G1 X54.742 Y36.365 E.01436
G1 X55.239 Y36.205 E.0177
G1 X55.739 Y36.066 E.01754
G1 X56.526 Y35.895 E.02726
G1 X57.355 Y35.763 E.02844
G1 X58.737 Y35.586 E.04715
G1 X59.626 Y35.492 E.03026
G1 X60.495 Y35.447 E.02946
G1 X61.369 Y35.455 E.02956
G1 X61.669 Y35.484 E.0102
G1 X61.816 Y35.551 E.00548
G1 X62.04 Y35.8 E.01135
G1 X62.102 Y36.097 E.01028
G1 X62.022 Y37.781 E.05706
G1 X61.887 Y38.137 E.01288
;WIDTH:0.487101
G1 F1350.802
G1 X61.66 Y38.268 E.00967
;WIDTH:0.524202
G1 F1246.67
G1 X61.433 Y38.399 E.01048
G1 X61.736 Y38.461 E.01235
;WIDTH:0.487101
G1 F1350.802
G1 X62.038 Y38.523 E.0114
;WIDTH:0.449999
G1 F1473.915
G1 X62.7 Y38.665 E.02293
G1 X63.431 Y38.866 E.02564
;WIDTH:0.487562
G1 F1349.4
G1 X63.978 Y39.042 E.02124
;WIDTH:0.525125
G1 F1244.284
G1 X64.525 Y39.217 E.02304
;WIDTH:0.535664
G1 F1217.671
G1 X64.572 Y39.231 E.00198
G1 X64.478 Y38.919 E.01332
;WIDTH:0.492832
G1 F1333.595
G1 X64.384 Y38.608 E.01216
;WIDTH:0.449999
G1 F1473.915
G1 X64.639 Y38.066 E.02028
G1 X65.227 Y36.947 E.04279
G1 X65.463 Y36.701 E.01153
G1 X65.797 Y36.621 E.01163
G1 X66.067 Y36.699 E.00951
G1 X66.806 Y37.115 E.02871
G1 X67.514 Y37.568 E.02846
G1 X68.194 Y38.062 E.02844
G1 X69.205 Y38.844 E.04326
G1 X69.903 Y39.403 E.03026
G1 X70.553 Y39.981 E.02945
G1 X71.17 Y40.599 E.02955
G1 X71.44 Y40.91 E.01395
G1 X71.486 Y41.02 E.00406
G1 X71.493 Y41.364 E.01163
G1 X71.314 Y41.654 E.01153
G1 X70.067 Y42.789 E.05706
G1 X69.919 Y42.888 E.00605
;WIDTH:0.478806
G1 F1376.507
G1 X69.618 Y42.883 E.01092
;WIDTH:0.507613
G1 F1291.175
G1 X69.316 Y42.878 E.01164
;WIDTH:0.525846
G1 F1242.426
G1 X69.235 Y42.83 E.00378
G1 X69.486 Y43.211 E.01829
;WIDTH:0.487923
G1 F1348.307
G1 X69.736 Y43.592 E.01686
;WIDTH:0.449999
G1 F1473.915
G1 X70.127 Y44.237 E.02552
G1 X70.573 Y45.096 E.03277
;WIDTH:0.484645
G1 F1358.313
G1 X70.723 Y45.409 E.01277
;WIDTH:0.51929
G1 F1259.525
G1 X70.856 Y45.687 E.01219
M204 S10000
G1 E-.8 F1800
G1 X71.118 Y48.456 Z2 F7200
G1 Z1.6
G1 E.8 F1800
M204 S500
;TYPE:Outer wall
;WIDTH:0.449999
G1 F1473.915
G1 X71.12 Y48.463 E.00025
G1 X71.203 Y49.289 E.02808
G1 X71.224 Y50.118 E.02808
G1 X71.199 Y50.644 E.01782
G1 X71.137 Y51.34 E.02365
G1 X70.923 Y52.584 E.04272
G1 X70.715 Y53.335 E.02637
G1 X70.422 Y54.164 E.02979
G1 X70.086 Y54.923 E.02808
G1 X69.695 Y55.654 E.02808
G1 X69.318 Y56.248 E.02378
G1 X68.756 Y57.02 E.03236
G1 X68.385 Y57.449 E.01916
G1 X67.812 Y58.048 E.02808
G1 X66.996 Y58.774 E.03697
G1 X66.329 Y59.267 E.02808
G1 X65.879 Y59.55 E.018
G1 X65.251 Y59.909 E.02448
G1 X64.135 Y60.432 E.04171
G1 X63.43 Y60.681 E.0253
G1 X62.815 Y60.856 E.02166
G1 X62.179 Y61 E.02207
G1 X60.914 Y61.184 E.04324
G1 X60.086 Y61.221 E.02808
G1 X59.344 Y61.199 E.02511
G1 X58.648 Y61.134 E.02368
G1 X57.615 Y60.965 E.03542
G1 X57.032 Y60.815 E.02038
G1 X56.025 Y60.494 E.03577
G1 X55.55 Y60.294 E.01745
G1 X54.883 Y59.979 E.02497
G1 X54.321 Y59.672 E.02168
G1 X53.814 Y59.362 E.02011
G1 X53.139 Y58.88 E.02808
G1 X52.536 Y58.378 E.02654
G1 X52.064 Y57.927 E.02211
G1 X51.626 Y57.46 E.02168
G1 X51.177 Y56.925 E.02364
G1 X50.848 Y56.495 E.01832
G1 X50.432 Y55.861 E.02566
G1 X50.073 Y55.225 E.02473
G1 X49.643 Y54.323 E.03382
G1 X49.351 Y53.546 E.02808
G1 X49.134 Y52.805 E.02616
M73 P37 R10
G1 X48.993 Y52.168 E.02206
G1 X48.831 Y51.117 E.03599
G1 X48.779 Y50.289 E.02808
G1 X48.788 Y49.46 E.02808
G1 X48.858 Y48.635 E.02802
G1 X48.989 Y47.814 E.02814
G1 X49.274 Y46.71 E.03859
G1 X49.431 Y46.216 E.01755
G1 X49.707 Y45.525 E.02518
G1 X50.019 Y44.871 E.02454
G1 X50.33 Y44.311 E.02166
G1 X50.676 Y43.758 E.02208
G1 X50.991 Y43.3 E.01882
G1 X51.367 Y42.831 E.02036
G1 X52.073 Y42.049 E.03565
G1 X52.541 Y41.615 E.0216
G1 X53.078 Y41.168 E.02367
G1 X54.018 Y40.498 E.03907
G1 X54.736 Y40.082 E.02808
G1 X55.482 Y39.72 E.02808
G1 X56.254 Y39.415 E.02808
G1 X57.045 Y39.167 E.02808
G1 X57.834 Y38.983 E.02742
G1 X58.673 Y38.85 E.02873
G1 X59.347 Y38.795 E.0229
G1 X60 Y38.778 E.0221
G1 X60.64 Y38.796 E.02167
G1 X61.157 Y38.831 E.01755
G1 X61.978 Y38.947 E.02808
G1 X62.609 Y39.084 E.02186
G1 X63.309 Y39.277 E.02457
G1 X64.36 Y39.653 E.03778
G1 X65.112 Y40.003 E.02808
G1 X65.693 Y40.328 E.02252
G1 X66.243 Y40.677 E.02207
G1 X67.185 Y41.372 E.03962
G1 X67.802 Y41.926 E.02808
G1 X68.377 Y42.524 E.02808
G1 X68.836 Y43.079 E.02437
G1 X69.386 Y43.84 E.03178
G1 X69.76 Y44.458 E.02445
G1 X70.19 Y45.29 E.0317
G1 X70.446 Y45.901 E.02243
G1 X70.679 Y46.559 E.02364
G1 X70.857 Y47.174 E.02167
G1 X70.979 Y47.659 E.01693
G1 X71.112 Y48.417 E.02602
M204 S10000
G1 E-.8 F1800
G1 X63.589 Y47.128 Z2 F7200
G1 X47.066 Y44.298 Z2
G1 Z1.6
G1 E.8 F1800
M204 S500
G1 F1473.915
G1 X47.076 Y44.139 E.00538
G1 X47.492 Y43.4 E.02871
G1 X47.933 Y42.714 E.02761
G1 X48.765 Y41.599 E.04709
G1 X49.395 Y40.783 E.03488
G1 X49.884 Y40.188 E.02609
G1 X50.456 Y39.564 E.02863
G1 X51.066 Y38.975 E.02873
G1 X51.179 Y38.913 E.00436
G1 X51.341 Y38.97 E.00582
G1 X52.475 Y40.217 E.05706
G1 X52.514 Y40.396 E.0062
G1 X51.467 Y41.489 E.05123
G1 X50.77 Y42.356 E.03763
G1 X50.04 Y43.301 E.04044
G1 X49.628 Y43.867 E.02369
G1 X49.251 Y44.453 E.02358
G1 X48.886 Y45.102 E.02521
G1 X48.719 Y45.195 E.00647
G1 X48.265 Y44.976 E.01704
G1 X47.15 Y44.39 E.04265
G1 X47.093 Y44.327 E.00286
M204 S10000
G1 E-.8 F1800
G1 X49.276 Y45.353 Z2 F7200
G1 Z1.6
G1 E.8 F1800
M204 S1500
;TYPE:Inner wall
;WIDTH:0.520684
G1 F1255.85
G1 X49.335 Y45.233 E.00529
;WIDTH:0.504322
G1 F1300.385
G1 X49.626 Y44.679 E.02403
;WIDTH:0.468102
G1 F1411.16
G1 X49.971 Y44.102 E.02376
;WIDTH:0.424092
G1 F1574.093
G1 X50.353 Y43.536 E.02163
;WIDTH:0.37647
G1 F1798.831
G1 X50.706 Y43.054 E.01657
;WIDTH:0.357246
G1 F1908.846
G1 X51.239 Y42.382 E.02242
;WIDTH:0.388169
G1 F1737.876
G1 X51.522 Y42.058 E.01235
;WIDTH:0.419092
G1 F1595.015
G1 X51.805 Y41.734 E.01346
;WIDTH:0.445683
G1 F1489.71
G1 X52.095 Y41.447 E.01367
;WIDTH:0.472274
G1 F1397.448
G1 X52.386 Y41.16 E.01458
;WIDTH:0.521496
G1 F1253.719
G1 X52.789 Y40.805 E.02138
M204 S10000
G1 E-.8 F1800
G1 X47.67 Y46.466 Z2 F7200
G1 X45.934 Y48.386 Z2
G1 Z1.6
G1 E.8 F1800
M204 S500
;TYPE:Outer wall
;WIDTH:0.449999
G1 F1473.915
G1 X46.081 Y48.322 E.00541
G1 X47.765 Y48.402 E.05706
G1 X47.834 Y48.42 E.00244
G1 X47.938 Y48.587 E.00667
G1 X47.924 Y49.332 E.02521
G1 X47.952 Y50.028 E.02358
G1 X48.021 Y50.725 E.02369
G1 X48.223 Y52.305 E.05393
G1 X48.332 Y52.996 E.02369
G1 X48.442 Y53.505 E.01762
G1 X48.68 Y54.397 E.03124
G1 X48.685 Y54.468 E.00241
G1 X48.559 Y54.617 E.00663
G1 X46.949 Y55.118 E.05705
G1 X46.814 Y55.107 E.00461
G1 X46.72 Y54.993 E.00499
G1 X46.492 Y54.177 E.02871
G1 X46.364 Y53.594 E.02017
G1 X46.22 Y52.762 E.02859
G1 X45.987 Y50.98 E.06083
G1 X45.907 Y50.175 E.0274
G1 X45.874 Y49.359 E.02761
G1 X45.89 Y48.501 E.02907
G1 X45.92 Y48.423 E.00282
M204 S10000
G1 E-.8 F1800
G1 X49.143 Y54.324 Z2 F7200
G1 Z1.6
G1 E.8 F1800
M204 S1500
;TYPE:Inner wall
;WIDTH:0.52812
G1 F1236.603
G1 X49.129 Y54.277 E.002
;WIDTH:0.521402
G1 F1253.966
G1 X48.995 Y53.84 E.01817
;WIDTH:0.48751
G1 F1349.558
G1 X48.861 Y53.404 E.01688
;WIDTH:0.453618
G1 F1460.928
G1 X48.717 Y52.822 E.02046
;WIDTH:0.40758
G1 F1645.368
G1 X48.641 Y52.4 E.01301
;WIDTH:0.381139
G1 F1773.999
G1 X48.565 Y51.978 E.01207
;WIDTH:0.377338
G1 F1794.162
G1 X48.41 Y50.681 E.03632
;WIDTH:0.423328
G1 F1577.254
G1 X48.367 Y49.999 E.02159
;WIDTH:0.465578
G1 F1419.587
G1 X48.361 Y49.327 E.02362
;WIDTH:0.49364
G1 F1331.203
G1 X48.381 Y48.937 E.01466
;WIDTH:0.521702
G1 F1253.18
G1 X48.401 Y48.546 E.01557
M204 S10000
G1 E-.8 F1800
G1 X48.783 Y56.169 Z2 F7200
G1 X48.914 Y58.791 Z2
G1 Z1.6
G1 E.8 F1800
M204 S500
;TYPE:Outer wall
;WIDTH:0.449999
G1 F1473.915
G1 X48.974 Y58.655 E.00501
G1 X50.221 Y57.521 E.05706
G1 X50.348 Y57.474 E.0046
G1 X50.475 Y57.529 E.00467
G1 X50.992 Y58.065 E.02521
G1 X51.503 Y58.538 E.02358
G1 X52.044 Y58.982 E.02369
G1 X53.305 Y59.957 E.05394
G1 X53.871 Y60.368 E.02369
G1 X54.457 Y60.745 E.02358
G1 X55.106 Y61.11 E.02521
G1 X55.195 Y61.232 E.00509
G1 X55.144 Y61.417 E.0065
G1 X54.394 Y62.846 E.05465
G1 X54.278 Y62.938 E.00501
G1 X54.143 Y62.92 E.00459
G1 X53.404 Y62.504 E.02871
G1 X52.806 Y62.12 E.02407
G1 X52.119 Y61.628 E.02859
G1 X50.787 Y60.601 E.05692
G1 X50.161 Y60.087 E.02741
G1 X49.562 Y59.534 E.02761
G1 X48.965 Y58.916 E.02907
G1 X48.929 Y58.828 E.00324
M204 S10000
G1 E-.8 F1800
G1 X55.368 Y60.724 Z2 F7200
G1 Z1.6
G1 E.8 F1800
M204 S1500
;TYPE:Inner wall
;WIDTH:0.526642
G1 F1240.382
G1 X55.333 Y60.706 E.00158
;WIDTH:0.521024
G1 F1254.957
G1 X55.008 Y60.538 E.01456
;WIDTH:0.495583
G1 F1325.489
G1 X54.683 Y60.369 E.01378
;WIDTH:0.470142
G1 F1404.422
G1 X54.105 Y60.026 E.02388
;WIDTH:0.422636
G1 F1580.128
G1 X53.822 Y59.836 E.01078
;WIDTH:0.397194
G1 F1693.604
G1 X53.539 Y59.645 E.01005
;WIDTH:0.371752
G1 F1824.64
G1 X52.888 Y59.16 E.0222
;WIDTH:0.374004
G1 F1812.229
G1 X52.22 Y58.621 E.02363
;WIDTH:0.422632
G1 F1580.145
M73 P37 R9
G1 X51.776 Y58.225 E.01878
;WIDTH:0.470144
G1 F1404.415
G1 X51.298 Y57.752 E.02388
;WIDTH:0.495586
G1 F1325.481
G1 X51.054 Y57.479 E.01378
;WIDTH:0.521028
G1 F1254.947
G1 X50.809 Y57.207 E.01456
M204 S10000
G1 E-.8 F1800
G1 X57.269 Y61.272 Z2 F7200
G1 X58.532 Y62.067 Z2
G1 Z1.6
G1 E.8 F1800
M204 S500
;TYPE:Outer wall
;WIDTH:0.449999
G1 F1473.915
G1 X59.19 Y62.069 E.02227
G1 X60.02 Y62.045 E.02811
G1 X60.723 Y61.976 E.0239
G1 X62.315 Y61.773 E.05432
G1 X63 Y61.665 E.0235
G1 X63.588 Y61.537 E.02037
G1 X64.398 Y61.316 E.02842
G1 X64.606 Y61.388 E.00745
G1 X65.122 Y63.047 E.05879
G1 X65.098 Y63.205 E.00541
G1 X64.997 Y63.276 E.00417
G1 X64.18 Y63.505 E.02873
G1 X63.383 Y63.679 E.0276
G1 X62.578 Y63.806 E.02759
G1 X60.984 Y64.009 E.05438
G1 X60.178 Y64.089 E.02742
G1 X59.363 Y64.122 E.02761
G1 X58.505 Y64.106 E.02907
G1 X58.371 Y64.044 E.00499
G1 X58.326 Y63.916 E.00461
G1 X58.406 Y62.232 E.05706
G1 X58.507 Y62.099 E.00566
M204 S10000
G1 E-.8 F1800
G1 X64.321 Y60.857 Z2 F7200
G1 Z1.6
G1 E.8 F1800
M204 S1500
;TYPE:Inner wall
;WIDTH:0.521698
G1 F1253.19
G1 X64.274 Y60.872 E.00197
;WIDTH:0.514706
G1 F1271.763
G1 X63.863 Y60.999 E.01687
;WIDTH:0.482989
G1 F1363.422
G1 X63.453 Y61.127 E.01574
;WIDTH:0.451272
G1 F1469.321
G1 X63.034 Y61.224 E.01459
;WIDTH:0.420843
G1 F1587.625
G1 X62.615 Y61.322 E.01351
;WIDTH:0.390414
G1 F1726.649
G1 X61.769 Y61.462 E.02478
;WIDTH:0.3761
G1 F1800.828
G1 X60.684 Y61.586 E.03025
;WIDTH:0.41881
G1 F1596.212
G1 X60.003 Y61.632 E.02133
;WIDTH:0.443894
G1 F1496.356
G1 X59.601 Y61.632 E.01343
;WIDTH:0.468978
G1 F1408.259
G1 X59.198 Y61.631 E.01427
;WIDTH:0.498307
G1 F1317.561
G1 X58.87 Y61.612 E.01243
;WIDTH:0.527636
G1 F1237.838
G1 X58.543 Y61.592 E.01323
M204 S10000
G1 E-.8 F1800
G1 X66.008 Y60.007 Z2 F7200
G1 X67.482 Y59.694 Z2
G1 Z1.6
G1 E.8 F1800
M204 S500
;TYPE:Outer wall
;WIDTH:0.449999
G1 F1473.915
G1 X67.533 Y59.522 E.00607
G1 X68.069 Y59.005 E.02521
G1 X68.422 Y58.622 E.01762
G1 X68.986 Y57.951 E.02968
G1 X69.96 Y56.691 E.0539
G1 X70.372 Y56.125 E.02369
G1 X70.749 Y55.539 E.02358
G1 X71.114 Y54.89 E.02521
G1 X71.186 Y54.82 E.00341
G1 X71.357 Y54.819 E.0058
G1 X72.85 Y55.603 E.05706
G1 X72.946 Y55.745 E.00582
G1 X72.915 Y55.87 E.00436
G1 X72.508 Y56.592 E.02807
G1 X72.067 Y57.279 E.02762
G1 X70.954 Y58.757 E.06264
G1 X70.091 Y59.835 E.04673
G1 X69.538 Y60.435 E.02761
G1 X68.92 Y61.031 E.02907
G1 X68.769 Y61.08 E.00538
G1 X68.659 Y61.022 E.00421
G1 X67.525 Y59.775 E.05706
G1 X67.5 Y59.729 E.00176
M204 S10000
G1 E-.8 F1800
M73 P38 R9
G1 X70.71 Y54.663 Z2 F7200
G1 Z1.6
G1 E.8 F1800
M204 S1500
;TYPE:Inner wall
;WIDTH:0.521494
G1 F1253.725
G1 X70.542 Y54.988 E.01458
;WIDTH:0.494846
G1 F1327.651
G1 X70.374 Y55.314 E.01376
;WIDTH:0.468198
G1 F1410.842
G1 X70.203 Y55.603 E.01189
;WIDTH:0.442702
G1 F1500.818
G1 X70.032 Y55.893 E.01118
;WIDTH:0.417206
G1 F1603.052
G1 X69.791 Y56.244 E.01325
;WIDTH:0.388578
G1 F1735.82
G1 X69.55 Y56.595 E.01223
;WIDTH:0.35995
G1 F1892.565
G1 X69.032 Y57.277 E.0226
;WIDTH:0.382352
G1 F1767.659
G1 X68.482 Y57.937 E.02424
;WIDTH:0.425225
G1 F1569.428
G1 X68.119 Y58.318 E.01672
;WIDTH:0.468098
G1 F1411.174
G1 X67.756 Y58.698 E.01859
;WIDTH:0.494394
G1 F1328.98
G1 X67.474 Y58.953 E.01426
;WIDTH:0.52069
G1 F1255.834
G1 X67.192 Y59.207 E.01509
M204 S10000
G1 E-.8 F1800
G1 X62.203 Y53.431 Z2 F7200
G1 X48.93 Y38.066 Z2
G1 Z1.6
G1 E.8 F1800
M204 S1500
;WIDTH:0.449999
G1 F1473.915
G1 X49.664 Y37.425 E.03296
G1 X50.434 Y36.83 E.03296
G1 X51.238 Y36.281 E.03296
G1 X52.074 Y35.782 E.03296
G1 X52.939 Y35.333 E.03296
G1 X53.828 Y34.937 E.03296
G1 X54.74 Y34.595 E.03296
G1 X55.67 Y34.308 E.03296
G1 X56.616 Y34.077 E.03296
G1 X57.574 Y33.903 E.03296
G1 X58.541 Y33.787 E.03296
G1 X59.513 Y33.729 E.03296
G1 X60.487 Y33.729 E.03296
G1 X61.459 Y33.787 E.03296
G1 X62.426 Y33.903 E.03296
G1 X63.384 Y34.077 E.03296
G1 X64.33 Y34.308 E.03296
G1 X65.26 Y34.595 E.03296
G1 X66.172 Y34.937 E.03296
G1 X67.061 Y35.333 E.03296
G1 X67.926 Y35.782 E.03296
G1 X68.762 Y36.281 E.03296
G1 X69.566 Y36.83 E.03296
G1 X70.336 Y37.425 E.03296
G1 X71.07 Y38.066 E.03296
G1 X71.763 Y38.749 E.03296
G1 X72.415 Y39.473 E.03296
G1 X73.022 Y40.234 E.03296
G1 X73.583 Y41.03 E.03296
G1 X74.094 Y41.859 E.03296
G1 X74.556 Y42.716 E.03296
G1 X74.965 Y43.6 E.03296
G1 X75.321 Y44.506 E.03296
G1 X75.622 Y45.432 E.03296
G1 X75.867 Y46.375 E.03296
G1 X76.055 Y47.33 E.03296
G1 X76.182 Y48.268 E.03204
G1 X76.259 Y49.293 E.03478
G1 X76.273 Y50.24 E.03206
G1 X76.229 Y51.212 E.03296
G1 X76.128 Y52.181 E.03296
G1 X75.968 Y53.141 E.03296
G1 X75.751 Y54.091 E.03296
G1 X75.478 Y55.025 E.03296
G1 X75.15 Y55.942 E.03296
G1 X74.767 Y56.837 E.03296
G1 X74.332 Y57.708 E.03296
G1 X73.845 Y58.552 E.03296
G1 X73.308 Y59.364 E.03296
G1 X72.724 Y60.143 E.03296
G1 X72.095 Y60.886 E.03296
G1 X71.422 Y61.59 E.03296
G1 X70.708 Y62.252 E.03296
G1 X69.956 Y62.871 E.03296
G1 X69.168 Y63.443 E.03296
G1 X68.347 Y63.967 E.03296
G1 X67.497 Y64.442 E.03296
G1 X66.62 Y64.864 E.03296
G1 X65.719 Y65.233 E.03296
G1 X64.797 Y65.548 E.03296
G1 X63.858 Y65.807 E.03296
G1 X62.906 Y66.01 E.03296
G1 X61.943 Y66.155 E.03296
G1 X60.973 Y66.242 E.03296
G1 X60 Y66.271 E.03296
G1 X59.027 Y66.242 E.03296
G1 X58.057 Y66.155 E.03296
G1 X57.094 Y66.01 E.03296
G1 X56.142 Y65.807 E.03296
G1 X55.203 Y65.548 E.03296
G1 X54.281 Y65.233 E.03296
G1 X53.38 Y64.864 E.03296
G1 X52.503 Y64.442 E.03296
G1 X51.653 Y63.967 E.03296
G1 X50.832 Y63.443 E.03296
G1 X50.044 Y62.871 E.03296
G1 X49.292 Y62.252 E.03296
G1 X48.578 Y61.59 E.03296
G1 X47.905 Y60.886 E.03296
G1 X47.276 Y60.143 E.03296
G1 X46.692 Y59.364 E.03296
G1 X46.155 Y58.552 E.03296
G1 X45.668 Y57.708 E.03296
G1 X45.233 Y56.837 E.03296
G1 X44.85 Y55.942 E.03296
G1 X44.522 Y55.025 E.03296
G1 X44.249 Y54.091 E.03296
G1 X44.032 Y53.141 E.03296
G1 X43.872 Y52.181 E.03296
G1 X43.771 Y51.212 E.03296
G1 X43.727 Y50.24 E.03296
G1 X43.742 Y49.266 E.03296
G1 X43.814 Y48.295 E.03296
G1 X43.945 Y47.33 E.03296
G1 X44.133 Y46.375 E.03296
G1 X44.378 Y45.432 E.03296
G1 X44.679 Y44.506 E.03296
G1 X45.035 Y43.6 E.03296
G1 X45.444 Y42.716 E.03296
G1 X45.906 Y41.859 E.03296
G1 X46.417 Y41.03 E.03296
G1 X46.978 Y40.234 E.03296
G1 X47.585 Y39.473 E.03296
G1 X48.237 Y38.749 E.03296
G1 X48.902 Y38.094 E.03161
M204 S500
G1 X48.635 Y37.755 F7200
;TYPE:Outer wall
G1 F1473.915
G1 X48.639 Y37.752 E.00017
G1 X49.391 Y37.094 E.03383
G1 X50.182 Y36.483 E.03383
G1 X51.008 Y35.92 E.03383
G1 X51.866 Y35.407 E.03383
G1 X52.753 Y34.947 E.03383
G1 X53.666 Y34.54 E.03383
G1 X54.601 Y34.189 E.03383
G1 X55.556 Y33.895 E.03383
G1 X56.527 Y33.658 E.03383
G1 X57.51 Y33.479 E.03383
G1 X58.503 Y33.36 E.03383
G1 X59.5 Y33.3 E.03383
G1 X60.5 Y33.3 E.03383
G1 X61.497 Y33.36 E.03383
G1 X62.49 Y33.479 E.03383
G1 X63.473 Y33.658 E.03383
G1 X64.444 Y33.895 E.03383
G1 X65.399 Y34.189 E.03383
G1 X66.334 Y34.54 E.03383
G1 X67.247 Y34.947 E.03383
G1 X68.134 Y35.407 E.03383
G1 X68.992 Y35.92 E.03383
G1 X69.818 Y36.483 E.03383
G1 X70.609 Y37.094 E.03383
G1 X71.361 Y37.752 E.03383
G1 X72.073 Y38.453 E.03383
G1 X72.742 Y39.196 E.03383
G1 X73.365 Y39.977 E.03383
G1 X73.94 Y40.794 E.03383
G1 X74.466 Y41.644 E.03383
G1 X74.939 Y42.524 E.03383
G1 X75.359 Y43.431 E.03383
G1 X75.725 Y44.362 E.03383
G1 X76.033 Y45.312 E.03383
G1 X76.285 Y46.279 E.03383
G1 X76.478 Y47.26 E.03383
G1 X76.607 Y48.211 E.03248
G1 X76.687 Y49.286 E.03651
G1 X76.702 Y50.246 E.03249
G1 X76.657 Y51.244 E.03383
G1 X76.552 Y52.238 E.03383
G1 X76.389 Y53.224 E.03383
G1 X76.166 Y54.199 E.03383
G1 X75.886 Y55.158 E.03383
G1 X75.549 Y56.099 E.03383
G1 X75.156 Y57.018 E.03383
G1 X74.709 Y57.912 E.03383
G1 X74.209 Y58.777 E.03383
G1 X73.659 Y59.611 E.03383
G1 X73.059 Y60.411 E.03383
G1 X72.413 Y61.173 E.03383
G1 X71.723 Y61.895 E.03383
G1 X70.99 Y62.575 E.03383
G1 X70.218 Y63.21 E.03383
G1 X69.409 Y63.797 E.03383
G1 X68.567 Y64.335 E.03383
G1 X67.694 Y64.822 E.03383
G1 X66.794 Y65.256 E.03383
G1 X65.869 Y65.635 E.03383
G1 X64.923 Y65.958 E.03383
G1 X63.96 Y66.224 E.03383
G1 X62.983 Y66.431 E.03383
G1 X61.994 Y66.58 E.03383
G1 X60.999 Y66.67 E.03383
G1 X60 Y66.7 E.03383
G1 X59.001 Y66.67 E.03383
G1 X58.006 Y66.58 E.03383
G1 X57.017 Y66.431 E.03383
G1 X56.04 Y66.224 E.03383
G1 X55.077 Y65.958 E.03383
G1 X54.131 Y65.635 E.03383
G1 X53.206 Y65.256 E.03383
G1 X52.306 Y64.822 E.03383
G1 X51.433 Y64.335 E.03383
G1 X50.591 Y63.797 E.03383
G1 X49.782 Y63.21 E.03383
G1 X49.01 Y62.575 E.03383
G1 X48.277 Y61.895 E.03383
G1 X47.587 Y61.173 E.03383
G1 X46.941 Y60.411 E.03383
G1 X46.341 Y59.611 E.03383
G1 X45.791 Y58.777 E.03383
G1 X45.291 Y57.912 E.03383
G1 X44.844 Y57.018 E.03383
G1 X44.451 Y56.099 E.03383
G1 X44.114 Y55.158 E.03383
G1 X43.834 Y54.199 E.03383
G1 X43.611 Y53.224 E.03383
G1 X43.448 Y52.238 E.03383
G1 X43.343 Y51.244 E.03383
G1 X43.298 Y50.246 E.03383
G1 X43.313 Y49.247 E.03383
G1 X43.388 Y48.25 E.03383
G1 X43.522 Y47.26 E.03383
G1 X43.715 Y46.279 E.03383
G1 X43.967 Y45.312 E.03383
G1 X44.275 Y44.362 E.03383
G1 X44.641 Y43.431 E.03383
G1 X45.061 Y42.524 E.03383
G1 X45.534 Y41.644 E.03383
G1 X46.06 Y40.794 E.03383
G1 X46.635 Y39.977 E.03383
G1 X47.258 Y39.196 E.03383
G1 X47.927 Y38.453 E.03383
G1 X48.607 Y37.783 E.03231
M204 S10000
G1 E-.8 F1800
G1 X55.841 Y40.215 Z2 F7200
G1 X71.357 Y45.43 Z2
M73 P39 R9
G1 Z1.6
G1 E.8 F1800
M204 S500
G1 F1473.915
G1 X71.844 Y45.25 E.01758
G1 X73.051 Y44.874 E.04279
G1 X73.141 Y44.87 E.00307
G1 X73.274 Y44.982 E.00589
G1 X73.508 Y45.816 E.02933
G1 X73.682 Y46.613 E.02762
G1 X73.809 Y47.418 E.02759
G1 X73.955 Y48.56 E.03895
G1 X74.055 Y49.435 E.02983
G1 X74.111 Y50.278 E.0286
G1 X74.117 Y51.126 E.0287
G1 X74.095 Y51.56 E.0147
G1 X73.947 Y51.671 E.00629
G1 X72.23 Y51.59 E.05817
G1 X72.096 Y51.514 E.00524
G1 X72.062 Y51.405 E.00386
G1 X72.076 Y50.66 E.02521
G1 X72.055 Y50.14 E.01762
G1 X71.979 Y49.267 E.02969
G1 X71.777 Y47.687 E.05389
G1 X71.668 Y46.996 E.02369
G1 X71.52 Y46.315 E.02358
G1 X71.32 Y45.598 E.02521
G1 X71.348 Y45.469 E.00446
M204 S10000
G1 X70.874 Y45.723 F7200
M204 S1500
;TYPE:Inner wall
;WIDTH:0.51929
G1 F1259.525
G1 X70.943 Y45.925 E.00848
;WIDTH:0.494812
G1 F1327.751
G1 X71.095 Y46.421 E.01948
;WIDTH:0.469618
G1 F1406.147
G1 X71.26 Y47.073 E.02385
;WIDTH:0.423858
G1 F1575.06
G1 X71.39 Y47.743 E.02162
;WIDTH:0.374604
G1 F1808.951
G1 X71.495 Y48.439 E.01943
;WIDTH:0.370536
G1 F1831.412
G1 X71.593 Y49.308 E.02381
;WIDTH:0.397078
G1 F1694.159
G1 X71.616 Y49.73 E.01244
;WIDTH:0.42362
G1 F1576.044
G1 X71.639 Y50.151 E.01337
;WIDTH:0.469662
G1 F1406.002
G1 X71.637 Y50.665 E.01823
;WIDTH:0.498849
G1 F1315.994
G1 X71.616 Y51.053 E.01474
;WIDTH:0.528036
G1 F1236.818
G1 X71.595 Y51.442 E.01569
M204 S10000
G1 E-.8 F1800
G1 X68.002 Y44.708 Z2 F7200
G1 X64.894 Y38.882 Z2
G1 Z1.6
G1 E.8 F1800
M204 S500
;TYPE:Outer wall
;WIDTH:0.449999
G1 F1473.915
G1 X64.801 Y38.68 E.00753
G1 X65.606 Y37.146 E.05865
G1 X65.677 Y37.073 E.00344
G1 X65.842 Y37.065 E.00558
G1 X66.596 Y37.488 E.02929
G1 X67.283 Y37.929 E.02761
G1 X67.942 Y38.409 E.02759
G1 X69.631 Y39.734 E.07267
G1 X70.262 Y40.296 E.02861
G1 X70.861 Y40.896 E.0287
G1 X71.077 Y41.148 E.01124
G1 X71.038 Y41.326 E.00617
G1 X69.735 Y42.501 E.0594
G1 X69.525 Y42.463 E.0072
G1 X69.008 Y41.927 E.02521
G1 X68.497 Y41.455 E.02358
G1 X67.956 Y41.011 E.02369
G1 X66.695 Y40.036 E.05394
G1 X66.129 Y39.624 E.02369
G1 X65.543 Y39.247 E.02358
G1 X64.929 Y38.902 E.02386
M204 S10000
G1 E-.8 F1800
G1 X61.409 Y37.934 Z2 F7200
G1 Z1.6
G1 E.8 F1800
M204 S500
G1 F1473.915
G1 X60.664 Y37.921 E.02521
G1 X59.968 Y37.948 E.02358
G1 X59.272 Y38.017 E.02369
G1 X57.691 Y38.219 E.05393
G1 X57 Y38.328 E.02369
G1 X56.319 Y38.476 E.02358
G1 X55.602 Y38.677 E.02521
G1 X55.476 Y38.666 E.00429
G1 X55.358 Y38.489 E.0072
G1 X54.878 Y36.946 E.0547
G1 X54.88 Y36.833 E.00382
G1 X55.003 Y36.716 E.00574
G1 X55.82 Y36.488 E.02871
G1 X56.617 Y36.314 E.02762
G1 X57.422 Y36.187 E.02759
G1 X58.791 Y36.012 E.04673
G1 X59.668 Y35.919 E.02984
G1 X60.513 Y35.876 E.02862
G1 X61.361 Y35.884 E.02871
G1 X61.589 Y35.914 E.00778
G1 X61.675 Y36.06 E.00576
G1 X61.614 Y37.339 E.04334
G1 X61.562 Y37.856 E.01758
G1 X61.444 Y37.916 E.00446
M204 S10000
G1 E-.8 F1800
G1 X55.684 Y39.138 Z2 F7200
G1 Z1.6
G1 E.8 F1800
M204 S1500
;TYPE:Inner wall
;WIDTH:0.528034
G1 F1236.823
G1 X55.727 Y39.124 E.00182
;WIDTH:0.521764
G1 F1253.018
G1 X56.076 Y39.013 E.01458
;WIDTH:0.495716
G1 F1325.1
G1 X56.425 Y38.902 E.01379
;WIDTH:0.469668
G1 F1405.982
G1 X57.076 Y38.735 E.02385
;WIDTH:0.42042
G1 F1589.404
G1 X57.441 Y38.664 E.01168
;WIDTH:0.393312
G1 F1712.368
G1 X57.807 Y38.594 E.01084
;WIDTH:0.366204
G1 F1855.953
G1 X58.656 Y38.474 E.02305
;WIDTH:0.37722
G1 F1794.795
G1 X59.468 Y38.392 E.02269
;WIDTH:0.423858
G1 F1575.06
G1 X59.997 Y38.363 E.01678
;WIDTH:0.469614
G1 F1406.16
G1 X60.669 Y38.359 E.02385
;WIDTH:0.496908
G1 F1321.621
G1 X61.051 Y38.379 E.01445
;WIDTH:0.524202
G1 F1246.67
G1 X61.433 Y38.399 E.01532
M204 S10000
G1 E-.8 F1800
G1 X64.572 Y39.231 Z2 F7200
G1 Z1.6
G1 E.8 F1800
M204 S1500
;WIDTH:0.535664
G1 F1217.671
G1 X64.667 Y39.285 E.00451
;WIDTH:0.517962
G1 F1263.046
G1 X65.002 Y39.458 E.01486
;WIDTH:0.489514
G1 F1343.502
G1 X65.336 Y39.63 E.01397
;WIDTH:0.461066
G1 F1434.906
G1 X65.703 Y39.855 E.01495
;WIDTH:0.429784
G1 F1550.933
G1 X66.07 Y40.079 E.01383
;WIDTH:0.398502
G1 F1687.375
G1 X66.771 Y40.573 E.02537
;WIDTH:0.377222
G1 F1794.784
G1 X67.711 Y41.317 E.03333
;WIDTH:0.42156
G1 F1584.619
G1 X68.224 Y41.767 E.02148
;WIDTH:0.46402
G1 F1424.84
G1 X68.721 Y42.257 E.02443
;WIDTH:0.494933
G1 F1327.395
G1 X68.978 Y42.544 E.01447
;WIDTH:0.525846
G1 F1242.426
G1 X69.235 Y42.83 E.01546
M204 S10000
G1 E-.8 F1800
G1 X71.825 Y41.064 Z2 F7200
G1 Z1.6
G1 E.8 F1800
M204 S500
;TYPE:Sparse infill
;WIDTH:0.45
G1 F1473.913
G1 X71.832 Y41.452 E.01313
G1 X71.634 Y41.823 E.01423
G1 X71.029 Y42.377 E.02776
G1 X72.798 Y44.145 E.08466
G1 X72.917 Y44.108 E.00423
G1 X73.302 Y44.108 E.01302
G1 X73.762 Y44.347 E.01754
G1 X73.993 Y44.69 E.01402
G1 X74.25 Y45.597 E.03192
G1 X75.634 Y46.981 E.06623
G1 X75.714 Y47.387 E.014
G1 X75.841 Y48.331 E.03226
G1 X75.913 Y49.282 E.03226
G1 X75.921 Y50.377 E.03707
G1 X74.817 Y49.273 E.05281
G1 X74.864 Y49.746 E.01608
G1 X74.9 Y50.654 E.03075
G1 X74.88 Y51.593 E.0318
G1 X74.806 Y51.875 E.00987
G1 X74.581 Y52.146 E.01192
G1 X75.606 Y53.171 E.0491
G1 X75.416 Y54.004 E.0289
G1 X75.149 Y54.918 E.03226
G1 X74.911 Y55.584 E.02394
G1 X71.744 Y52.418 E.15157
G1 X71.667 Y52.799 E.01315
G1 X71.447 Y53.595 E.02797
G1 X71.268 Y54.098 E.01806
G1 X71.602 Y54.077 E.01131
G1 X73.295 Y54.965 E.06471
G1 X73.537 Y55.192 E.01123
G1 X73.722 Y55.663 E.01711
G1 X73.651 Y56.131 E.01601
G1 X73.185 Y56.968 E.03243
G1 X73.93 Y57.712 E.03564
G1 X73.55 Y58.37 E.0257
G1 X73.025 Y59.165 E.03226
G1 X72.703 Y59.594 E.01817
G1 X71.904 Y58.795 E.03826
G1 X71.216 Y59.685 E.03805
G1 X70.516 Y60.516 E.0368
G1 X71.259 Y61.259 E.03556
G1 X70.48 Y61.992 E.0362
G1 X69.744 Y62.597 E.03226
G1 X69.596 Y62.705 E.0062
G1 X68.734 Y61.843 E.04126
G1 X68.668 Y61.853 E.00227
G1 X68.253 Y61.691 E.01508
G1 X68.149 Y61.607 E.00453
G1 X66.941 Y60.285 E.0606
G1 X66.742 Y59.922 E.01401
G1 X65.987 Y60.395 E.03014
G1 X65.133 Y60.838 E.03258
G1 X65.169 Y60.85 E.00129
G1 X65.356 Y61.193 E.01324
G1 X65.527 Y61.744 E.01951
G1 X67.709 Y63.927 E.10449
G1 X67.337 Y64.134 E.01442
G1 X66.479 Y64.548 E.03226
G1 X65.586 Y64.913 E.03263
G1 X64.805 Y64.131 E.03743
G1 X64.339 Y64.263 E.01638
G1 X63.538 Y64.437 E.02774
G1 X62.2 Y64.635 E.0458
G1 X63.166 Y65.601 E.04622
G1 X62.844 Y65.669 E.01112
G1 X61.902 Y65.811 E.03226
G1 X60.973 Y65.895 E.03156
G1 X60.37 Y65.913 E.02044
G1 X59.352 Y64.896 E.0487
G1 X58.422 Y64.877 E.0315
G1 X58.259 Y64.85 E.00558
G1 X57.787 Y64.561 E.01875
G1 X57.576 Y64.149 E.01564
G1 X57.552 Y63.969 E.00614
G1 X57.592 Y63.136 E.02824
G1 X55.906 Y61.45 E.08071
G1 X55.875 Y61.691 E.00823
G1 X55.033 Y63.287 E.06106
G1 X54.886 Y63.463 E.00778
G1 X54.837 Y63.49 E.00187
G1 X56.979 Y65.631 E.1025
G1 X56.224 Y65.471 E.02613
G1 X55.305 Y65.217 E.03226
G1 X54.403 Y64.909 E.03226
G1 X53.521 Y64.548 E.03226
G1 X52.663 Y64.134 E.03226
G1 X52.008 Y63.769 E.02537
G1 X46.233 Y57.995 E.27643
G1 X45.973 Y57.544 E.0176
G1 X45.547 Y56.692 E.03226
G1 X45.172 Y55.816 E.03226
G1 X44.851 Y54.918 E.03226
G1 X44.584 Y54.004 E.03226
G1 X44.362 Y53.014 E.03433
G1 X45.753 Y54.405 E.06659
G1 X45.977 Y55.212 E.02836
G1 X46.096 Y55.475 E.00976
G1 X46.464 Y55.803 E.01669
G1 X46.912 Y55.902 E.01554
G1 X47.092 Y55.881 E.00614
G1 X47.196 Y55.849 E.00369
G1 X48.966 Y57.618 E.08471
G1 X48.387 Y58.147 E.02655
M73 P40 R9
G1 X48.253 Y58.334 E.00778
G1 X48.134 Y58.797 E.01619
G1 X48.176 Y58.927 E.0046
M204 S10000
G1 E-.8 F1800
G1 X45.38 Y52.344 Z2 F7200
G1 Z1.6
G1 E.8 F1800
M204 S500
G1 F1473.913
G1 X45.184 Y50.728 E.05511
G1 X44.082 Y49.626 E.05275
G1 X44.087 Y49.282 E.01166
G1 X44.159 Y48.331 E.03226
G1 X44.286 Y47.387 E.03226
G1 X44.396 Y46.831 E.01917
G1 X45.402 Y47.837 E.04816
G1 X45.747 Y47.601 E.01415
G1 X46.022 Y47.548 E.00948
G1 X47.815 Y47.629 E.06075
G1 X48.195 Y47.725 E.01324
G1 X48.216 Y47.756 E.00129
G1 X48.249 Y47.576 E.00621
G1 X45.087 Y44.413 E.15137
G1 X45.343 Y43.761 E.02373
G1 X45.754 Y42.871 E.03317
G1 X46.069 Y42.286 E.02248
G1 X46.813 Y43.03 E.03563
G1 X47.31 Y42.252 E.03126
G1 X48.093 Y41.201 E.04435
G1 X47.29 Y40.398 E.03844
G1 X47.849 Y39.697 E.03038
G1 X48.487 Y38.988 E.03226
G1 X48.74 Y38.74 E.01201
G1 X49.481 Y39.481 E.03548
G1 X49.929 Y38.995 E.02237
G1 X50.629 Y38.328 E.03273
G1 X51.063 Y38.142 E.01601
G1 X51.276 Y38.167 E.00725
G1 X50.401 Y37.292 E.04188
G1 X50.637 Y37.11 E.01011
G1 X51.425 Y36.573 E.03226
G1 X52.281 Y36.064 E.03373
G1 X54.477 Y38.26 E.10511
G1 X54.655 Y38.836 E.02043
G1 X54.921 Y39.132 E.01345
G1 X54.357 Y39.407 E.02123
M204 S10000
G1 E-.8 F1800
G1 X56.775 Y35.505 Z2 F7200
G1 Z1.6
G1 E.8 F1800
M204 S500
G1 F1473.913
G1 X56.503 Y35.547 E.00933
G1 X55.661 Y35.729 E.02914
G1 X55.187 Y35.861 E.01665
G1 X54.413 Y35.087 E.03705
G1 X54.852 Y34.922 E.01585
G1 X55.762 Y34.642 E.03226
G1 X56.826 Y34.391 E.03698
G1 X57.793 Y35.358 E.04633
G1 X58.943 Y35.212 E.03922
G1 X59.75 Y35.132 E.02744
G1 X60.641 Y35.097 E.03019
G1 X59.618 Y34.075 E.04894
G1 X60.457 Y34.075 E.02838
G1 X61.428 Y34.132 E.03292
G1 X62.374 Y34.245 E.03226
G1 X63.014 Y34.362 E.02202
G1 X65.165 Y36.512 E.10296
G1 X64.983 Y36.68 E.00837
G1 X64.133 Y38.285 E.06149
G1 X64.052 Y38.508 E.00803
G1 X62.41 Y36.866 E.07861
G1 X62.367 Y37.817 E.03223
G1 X62.231 Y38.217 E.0143
G1 X62.479 Y38.269 E.00859
M204 S10000
G1 E-.8 F1800
G1 X66.527 Y35.474 Z2 F7200
G1 Z1.6
G1 E.8 F1800
M204 S500
G1 F1473.913
G1 X66.911 Y35.645 E.01422
G1 X67.757 Y36.084 E.03226
G1 X67.976 Y36.215 E.00864
G1 X73.796 Y42.035 E.2786
G1 X74.246 Y42.871 E.03214
G1 X74.532 Y43.487 E.02298
; stop printing object fidget-finger-massager-2000-ring.stl id:15 copy 0
;LAYER_CHANGE
;Z:1.8
;HEIGHT:0.2
G92 E0
;_SET_FAN_SPEED_CHANGING_LAYER
; printing object fidget-finger-massager-2000-ring.stl id:15 copy 0
M204 S10000
G1 E-.8 F1800
G1 X67 Y44.724 Z2.2 F7200
G1 X45.555 Y48.245 Z2.2
G1 Z1.8
G1 E.8 F1800
M204 S1500
;TYPE:Inner wall
;WIDTH:0.449999
G1 F1473.915
G1 X45.605 Y48.11 E.00486
G1 X45.863 Y47.93 E.01064
G1 X46.101 Y47.894 E.00813
G1 X47.785 Y47.974 E.05706
G1 X48.019 Y48.033 E.00818
;WIDTH:0.485851
G1 F1354.614
G1 X48.21 Y48.29 E.01178
;WIDTH:0.521702
G1 F1253.18
G1 X48.401 Y48.546 E.01274
G1 X48.484 Y48.146 E.01626
;WIDTH:0.485851
G1 F1354.614
G1 X48.566 Y47.746 E.01504
;WIDTH:0.449999
G1 F1473.915
G1 X48.764 Y46.908 E.02915
G1 X49.022 Y46.086 E.02915
;WIDTH:0.485342
G1 F1356.173
G1 X49.149 Y45.72 E.01428
;WIDTH:0.520684
G1 F1255.85
G1 X49.276 Y45.353 E.01542
G1 X49.01 Y45.488 E.01186
;WIDTH:0.485342
G1 F1356.173
G1 X48.744 Y45.623 E.01098
;WIDTH:0.449999
G1 F1473.915
G1 X48.443 Y45.553 E.01045
G1 X46.951 Y44.769 E.05706
G1 X46.833 Y44.689 E.00481
G1 X46.668 Y44.455 E.0097
G1 X46.645 Y44.072 E.013
G1 X46.938 Y43.511 E.02142
G1 X47.391 Y42.765 E.02954
G1 X47.886 Y42.05 E.02944
G1 X49.056 Y40.521 E.06516
G1 X49.554 Y39.914 E.02657
G1 X50.142 Y39.272 E.02948
G1 X50.77 Y38.665 E.02957
G1 X51.111 Y38.489 E.01297
G1 X51.432 Y38.525 E.01094
G1 X51.658 Y38.682 E.00931
G1 X52.834 Y39.981 E.05931
;WIDTH:0.452545
G1 F1464.754
G1 X52.935 Y40.487 E.01757
;WIDTH:0.487021
G1 F1351.046
G1 X52.862 Y40.646 E.00647
;WIDTH:0.521496
G1 F1253.719
G1 X52.789 Y40.805 E.00697
G1 X53.283 Y40.475 E.02364
;WIDTH:0.485748
G1 F1354.929
G1 X53.777 Y40.144 E.02188
;WIDTH:0.449999
G1 F1473.915
G1 X54.22 Y39.885 E.01738
G1 X55.296 Y39.335 E.0409
;WIDTH:0.489017
G1 F1345
G1 X55.49 Y39.236 E.00807
;WIDTH:0.528034
G1 F1236.823
G1 X55.684 Y39.138 E.00878
G1 X55.489 Y39.096 E.00804
;WIDTH:0.489017
G1 F1345
G1 X55.294 Y39.054 E.00739
;WIDTH:0.449999
G1 F1473.915
G1 X54.97 Y38.683 E.0167
G1 X54.469 Y37.073 E.05706
G1 X54.446 Y36.964 E.00378
G1 X54.476 Y36.688 E.00938
G1 X54.742 Y36.365 E.01415
G1 X55.238 Y36.205 E.01766
G1 X55.739 Y36.066 E.01758
G1 X56.526 Y35.895 E.02726
G1 X57.355 Y35.763 E.02844
G1 X58.738 Y35.586 E.04718
G1 X59.622 Y35.493 E.0301
G1 X60.62 Y35.442 E.03381
G1 X61.37 Y35.455 E.02541
G1 X61.669 Y35.484 E.01014
G1 X61.813 Y35.549 E.00536
G1 X62.037 Y35.793 E.01123
G1 X62.102 Y36.097 E.01052
G1 X62.022 Y37.781 E.05706
G1 X61.887 Y38.137 E.01288
;WIDTH:0.487101
G1 F1350.802
G1 X61.66 Y38.268 E.00967
;WIDTH:0.524202
G1 F1246.67
G1 X61.433 Y38.399 E.01048
G1 X61.736 Y38.461 E.01235
;WIDTH:0.487101
G1 F1350.802
G1 X62.038 Y38.523 E.0114
;WIDTH:0.449999
G1 F1473.915
G1 X62.7 Y38.665 E.02293
G1 X63.431 Y38.866 E.02564
;WIDTH:0.487562
G1 F1349.4
G1 X63.978 Y39.042 E.02124
;WIDTH:0.525125
G1 F1244.284
G1 X64.525 Y39.217 E.02304
;WIDTH:0.535664
G1 F1217.671
G1 X64.572 Y39.231 E.00198
G1 X64.478 Y38.919 E.01332
;WIDTH:0.492832
G1 F1333.595
G1 X64.384 Y38.608 E.01216
;WIDTH:0.449999
G1 F1473.915
G1 X64.639 Y38.066 E.02028
G1 X65.227 Y36.947 E.04279
G1 X65.469 Y36.698 E.01176
G1 X65.8 Y36.621 E.0115
G1 X66.067 Y36.699 E.0094
G1 X66.806 Y37.115 E.02871
G1 X67.514 Y37.568 E.02846
G1 X68.194 Y38.062 E.02844
G1 X69.206 Y38.844 E.04328
G1 X69.904 Y39.404 E.03028
G1 X70.554 Y39.982 E.02945
G1 X71.167 Y40.596 E.02937
G1 X71.442 Y40.914 E.01423
G1 X71.5 Y41.069 E.00561
G1 X71.494 Y41.357 E.00975
G1 X71.314 Y41.654 E.01176
G1 X70.067 Y42.789 E.05706
G1 X69.919 Y42.888 E.00605
;WIDTH:0.478806
G1 F1376.507
G1 X69.618 Y42.883 E.01092
;WIDTH:0.507613
G1 F1291.175
G1 X69.316 Y42.878 E.01164
;WIDTH:0.525846
G1 F1242.426
G1 X69.235 Y42.83 E.00378
G1 X69.486 Y43.211 E.01829
;WIDTH:0.487923
G1 F1348.307
G1 X69.736 Y43.592 E.01686
;WIDTH:0.449999
G1 F1473.915
G1 X70.127 Y44.237 E.02552
G1 X70.573 Y45.096 E.03277
;WIDTH:0.484645
G1 F1358.313
G1 X70.723 Y45.409 E.01277
;WIDTH:0.51929
G1 F1259.525
G1 X70.874 Y45.723 E.01377
G1 X70.939 Y45.455 E.01093
;WIDTH:0.484645
G1 F1358.313
G1 X71.004 Y45.187 E.01013
;WIDTH:0.449999
G1 F1473.915
G1 X71.314 Y44.966 E.01288
G1 X72.923 Y44.465 E.05706
G1 X73.234 Y44.451 E.01052
G1 X73.525 Y44.605 E.01116
G1 X73.693 Y44.884 E.011
G1 X73.921 Y45.701 E.02871
G1 X74.101 Y46.522 E.02846
G1 X74.233 Y47.351 E.02844
G1 X74.482 Y49.394 E.06966
G1 X74.54 Y50.263 E.02945
G1 X74.545 Y51.135 E.02954
G1 X74.515 Y51.656 E.01766
G1 X74.272 Y51.993 E.01408
G1 X73.899 Y52.098 E.0131
G1 X72.215 Y52.018 E.05706
;WIDTH:0.450206
G1 X71.746 Y51.762 E.01809
;WIDTH:0.489121
G1 F1344.685
G1 X71.671 Y51.602 E.00657
;WIDTH:0.528036
G1 F1236.818
G1 X71.595 Y51.442 E.00715
G1 X71.469 Y52.054 E.02524
;WIDTH:0.489018
G1 F1344.998
G1 X71.343 Y52.667 E.02321
;WIDTH:0.449999
G1 F1473.915
G1 X71.128 Y53.449 E.02744
;WIDTH:0.452544
G1 F1464.758
G1 X70.827 Y54.309 E.03105
;WIDTH:0.487019
G1 F1351.05
G1 X70.768 Y54.486 E.00687
;WIDTH:0.521494
G1 F1253.725
G1 X70.71 Y54.663 E.00741
G1 X70.845 Y54.552 E.00697
;WIDTH:0.487019
G1 F1351.05
G1 X70.981 Y54.442 E.00647
;WIDTH:0.452544
G1 F1464.758
G1 X71.503 Y54.411 E.01781
;WIDTH:0.449999
G1 F1473.915
G1 X73.049 Y55.223 E.05911
G1 X73.258 Y55.403 E.00931
G1 X73.373 Y55.705 E.01094
G1 X73.289 Y56.078 E.01296
G1 X72.881 Y56.802 E.02813
G1 X72.428 Y57.51 E.02846
G1 X71.934 Y58.19 E.02844
G1 X70.944 Y59.471 E.0548
G1 X70.422 Y60.107 E.02784
G1 X69.853 Y60.725 E.02846
G1 X69.217 Y61.339 E.02991
G1 X69.062 Y61.448 E.00643
G1 X68.717 Y61.506 E.01182
G1 X68.381 Y61.354 E.01249
G1 X67.208 Y60.063 E.05904
G1 X67.064 Y59.79 E.01046
;WIDTH:0.485345
G1 F1356.164
G1 X67.128 Y59.498 E.01098
;WIDTH:0.52069
G1 F1255.834
G1 X67.192 Y59.207 E.01186
G1 X66.887 Y59.409 E.01452
;WIDTH:0.485345
G1 F1356.164
G1 X66.583 Y59.612 E.01345
;WIDTH:0.449999
G1 F1473.915
G1 X66.107 Y59.913 E.01908
G1 X65.451 Y60.288 E.02555
;WIDTH:0.485849
G1 F1354.62
G1 X64.886 Y60.572 E.0233
;WIDTH:0.521698
G1 F1253.19
G1 X64.321 Y60.857 E.02519
G1 X64.618 Y60.977 E.01274
;WIDTH:0.485849
G1 F1354.62
G1 X64.914 Y61.098 E.01178
;WIDTH:0.449999
G1 F1473.915
G1 X65.03 Y61.31 E.00818
G1 X65.531 Y62.919 E.05706
G1 X65.556 Y63.158 E.00813
G1 X65.447 Y63.453 E.01064
G1 X65.113 Y63.689 E.01384
G1 X64.294 Y63.918 E.02878
G1 X63.474 Y64.097 E.02839
G1 X62.645 Y64.229 E.02844
G1 X61.039 Y64.435 E.0548
G1 X60.22 Y64.515 E.02784
G1 X59.38 Y64.55 E.02846
G1 X58.497 Y64.535 E.02991
G1 X58.361 Y64.517 E.00465
G1 X58.052 Y64.331 E.0122
G1 X57.892 Y64.025 E.01168
G1 X57.995 Y62.092 E.06552
;WIDTH:0.486107
G1 F1353.83
G1 X58.351 Y61.658 E.02067
;WIDTH:0.527636
G1 F1237.838
G1 X58.543 Y61.592 E.00817
G1 X58.041 Y61.489 E.02064
;WIDTH:0.488818
G1 F1345.601
G1 X57.539 Y61.387 E.01899
;WIDTH:0.449999
G1 F1473.915
G1 X56.925 Y61.23 E.02145
G1 X55.888 Y60.9 E.03684
M73 P41 R9
;WIDTH:0.488321
G1 F1347.102
G1 X55.628 Y60.812 E.01016
;WIDTH:0.526642
G1 F1240.382
G1 X55.368 Y60.724 E.01103
G1 X55.491 Y60.934 E.00978
;WIDTH:0.488321
G1 F1347.102
G1 X55.614 Y61.143 E.009
;WIDTH:0.449999
G1 F1473.915
G1 X55.524 Y61.616 E.0163
G1 X54.773 Y63.045 E.05465
G1 X54.647 Y63.209 E.00699
G1 X54.381 Y63.354 E.01026
G1 X53.997 Y63.325 E.01303
G1 X53.313 Y62.945 E.02647
G1 X52.575 Y62.481 E.02953
G1 X51.867 Y61.975 E.02944
G1 X50.525 Y60.94 E.05737
G1 X49.889 Y60.419 E.02784
G1 X49.271 Y59.849 E.02846
G1 X48.657 Y59.214 E.02991
G1 X48.6 Y59.145 E.00302
G1 X48.486 Y58.798 E.01237
G1 X48.558 Y58.501 E.01034
G1 X48.686 Y58.338 E.00699
G1 X49.933 Y57.204 E.05706
G1 X50.36 Y57.045 E.01543
;WIDTH:0.485514
G1 F1355.646
G1 X50.584 Y57.126 E.00878
;WIDTH:0.521028
G1 F1254.947
G1 X50.809 Y57.207 E.00948
G1 X50.658 Y56.981 E.01078
;WIDTH:0.485514
G1 F1355.646
G1 X50.508 Y56.756 E.00998
;WIDTH:0.449999
G1 F1473.915
G1 X50.074 Y56.096 E.02674
G1 X49.698 Y55.432 E.02582
;WIDTH:0.486103
G1 F1353.843
G1 X49.237 Y54.51 E.03798
;WIDTH:0.527632
G1 F1237.848
G1 X49.143 Y54.324 E.00839
G1 X49.128 Y54.527 E.00817
;WIDTH:0.486103
G1 F1353.843
G1 X48.786 Y54.996 E.0214
;WIDTH:0.449999
G1 F1473.915
G1 X47.077 Y55.527 E.06058
G1 X46.907 Y55.555 E.00581
G1 X46.574 Y55.464 E.0117
G1 X46.359 Y55.236 E.0106
G1 X46.147 Y54.535 E.02478
G1 X45.946 Y53.686 E.02953
G1 X45.797 Y52.83 E.02944
G1 X45.561 Y51.033 E.06133
G1 X45.481 Y50.217 E.02777
G1 X45.446 Y49.377 E.02846
G1 X45.461 Y48.493 E.02991
G1 X45.541 Y48.282 E.00763
M204 S500
G1 X45.933 Y48.387 F7200
;TYPE:Outer wall
G1 F1473.915
G1 X46.081 Y48.322 E.00546
G1 X47.765 Y48.402 E.05706
G1 X47.834 Y48.42 E.00244
G1 X47.938 Y48.587 E.00667
G1 X47.924 Y49.332 E.02521
G1 X47.952 Y50.028 E.02358
G1 X48.021 Y50.725 E.02369
G1 X48.223 Y52.305 E.05393
G1 X48.332 Y52.996 E.02369
G1 X48.48 Y53.677 E.02358
G1 X48.68 Y54.394 E.02521
G1 X48.686 Y54.467 E.00248
G1 X48.572 Y54.613 E.00624
G1 X46.949 Y55.118 E.05753
G1 X46.799 Y55.099 E.00512
G1 X46.72 Y54.993 E.00448
G1 X46.492 Y54.177 E.02871
G1 X46.365 Y53.595 E.02014
G1 X46.22 Y52.763 E.0286
G1 X45.987 Y50.98 E.06086
G1 X45.907 Y50.175 E.0274
G1 X45.874 Y49.359 E.02761
G1 X45.89 Y48.501 E.02907
G1 X45.919 Y48.424 E.00277
M204 S10000
G1 E-.8 F1800
G1 X48.037 Y55.757 Z2.2 F7200
G1 X48.914 Y58.792 Z2.2
G1 Z1.8
G1 E.8 F1800
M204 S500
G1 F1473.915
G1 X48.974 Y58.655 E.00506
G1 X50.221 Y57.521 E.05706
G1 X50.348 Y57.474 E.0046
G1 X50.475 Y57.529 E.00467
G1 X50.992 Y58.065 E.02521
G1 X51.502 Y58.537 E.02353
G1 X52.45 Y59.296 E.04109
G1 X53.305 Y59.957 E.03658
G1 X53.871 Y60.368 E.02369
G1 X54.457 Y60.745 E.02358
G1 X55.106 Y61.11 E.02521
G1 X55.195 Y61.232 E.00509
G1 X55.144 Y61.417 E.0065
G1 X54.394 Y62.846 E.05465
G1 X54.277 Y62.938 E.00504
G1 X54.143 Y62.92 E.00456
G1 X53.404 Y62.504 E.02871
G1 X52.806 Y62.12 E.02404
G1 X52.119 Y61.629 E.02859
G1 X50.787 Y60.601 E.05694
G1 X50.161 Y60.087 E.02741
G1 X49.562 Y59.534 E.02761
G1 X48.965 Y58.916 E.02907
G1 X48.929 Y58.829 E.00319
M204 S10000
G1 E-.8 F1800
G1 X56.162 Y61.268 Z2.2 F7200
G1 X58.532 Y62.067 Z2.2
G1 Z1.8
G1 E.8 F1800
M204 S500
G1 F1473.915
G1 X59.19 Y62.069 E.02227
G1 X60.02 Y62.045 E.02811
G1 X60.728 Y61.976 E.0241
G1 X62.309 Y61.773 E.05393
G1 X63 Y61.665 E.02369
G1 X63.681 Y61.516 E.02358
G1 X64.399 Y61.316 E.02523
G1 X64.606 Y61.388 E.00743
G1 X65.122 Y63.047 E.05879
G1 X65.097 Y63.206 E.00546
G1 X64.997 Y63.276 E.00413
G1 X64.18 Y63.505 E.02873
G1 X63.383 Y63.679 E.02759
G1 X62.578 Y63.806 E.02759
G1 X60.984 Y64.009 E.05438
G1 X60.178 Y64.089 E.02742
G1 X59.363 Y64.122 E.02761
G1 X58.505 Y64.106 E.02907
G1 X58.372 Y64.045 E.00494
G1 X58.326 Y63.916 E.00466
G1 X58.406 Y62.232 E.05706
G1 X58.507 Y62.099 E.00566
M204 S10000
G1 E-.8 F1800
G1 X65.88 Y60.123 Z2.2 F7200
G1 X67.482 Y59.694 Z2.2
G1 Z1.8
G1 E.8 F1800
M204 S500
G1 F1473.915
G1 X67.533 Y59.522 E.00607
G1 X68.069 Y59.005 E.02521
G1 X68.542 Y58.493 E.02358
G1 X68.986 Y57.952 E.02369
G1 X69.96 Y56.691 E.05394
G1 X70.372 Y56.125 E.02369
G1 X70.749 Y55.539 E.02358
G1 X71.114 Y54.89 E.02521
G1 X71.186 Y54.82 E.00341
G1 X71.357 Y54.819 E.0058
G1 X72.85 Y55.603 E.05706
G1 X72.947 Y55.746 E.00586
G1 X72.915 Y55.868 E.00426
G1 X72.508 Y56.592 E.02813
G1 X72.067 Y57.279 E.02761
G1 X71.588 Y57.938 E.02759
G1 X70.605 Y59.209 E.05438
G1 X70.091 Y59.835 E.02741
G1 X69.538 Y60.435 E.02762
G1 X68.92 Y61.031 E.02907
G1 X68.771 Y61.08 E.00532
G1 X68.659 Y61.022 E.00427
G1 X67.525 Y59.775 E.05706
G1 X67.5 Y59.729 E.00176
M204 S10000
G1 E-.8 F1800
G1 X69.488 Y52.36 Z2.2 F7200
G1 X71.357 Y45.43 Z2.2
G1 Z1.8
G1 E.8 F1800
M204 S500
G1 F1473.915
G1 X71.844 Y45.25 E.01758
G1 X73.051 Y44.874 E.04279
G1 X73.143 Y44.87 E.00314
G1 X73.275 Y44.983 E.00586
G1 X73.508 Y45.816 E.02929
G1 X73.682 Y46.613 E.02762
G1 X73.809 Y47.418 E.02759
G1 X74.055 Y49.436 E.06882
G1 X74.111 Y50.28 E.02861
G1 X74.117 Y51.127 E.0287
G1 X74.096 Y51.559 E.01463
G1 X74.03 Y51.639 E.00348
G1 X73.919 Y51.67 E.00391
G1 X72.235 Y51.59 E.05706
G1 X72.096 Y51.514 E.00539
G1 X72.062 Y51.405 E.00386
G1 X72.076 Y50.66 E.02521
G1 X72.053 Y50.091 E.0193
G1 X71.98 Y49.273 E.02778
G1 X71.777 Y47.687 E.05412
G1 X71.668 Y46.996 E.02369
G1 X71.52 Y46.315 E.02358
G1 X71.32 Y45.598 E.02521
G1 X71.348 Y45.469 E.00446
M204 S10000
G1 E-.8 F1800
G1 X64.103 Y43.069 Z2.2 F7200
G1 X48.9 Y38.033 Z2.2
G1 Z1.8
G1 E.8 F1800
M204 S1500
;TYPE:Inner wall
G1 F1473.915
G1 X49.635 Y37.39 E.03305
G1 X50.407 Y36.793 E.03305
G1 X51.214 Y36.243 E.03305
G1 X52.052 Y35.742 E.03305
G1 X52.919 Y35.292 E.03305
G1 X53.811 Y34.895 E.03305
G1 X54.725 Y34.552 E.03305
G1 X55.658 Y34.264 E.03305
G1 X56.607 Y34.033 E.03305
G1 X57.568 Y33.859 E.03305
G1 X58.537 Y33.742 E.03305
G1 X59.509 Y33.684 E.03297
G1 X60.624 Y33.692 E.03773
G1 X61.463 Y33.742 E.02844
G1 X62.432 Y33.859 E.03305
G1 X63.393 Y34.033 E.03305
G1 X64.342 Y34.264 E.03305
G1 X65.275 Y34.552 E.03305
G1 X66.189 Y34.895 E.03305
G1 X67.081 Y35.292 E.03305
G1 X67.948 Y35.742 E.03305
G1 X68.784 Y36.242 E.03297
G1 X69.7 Y36.876 E.03773
G1 X70.365 Y37.39 E.02844
G1 X71.1 Y38.033 E.03305
G1 X71.796 Y38.718 E.03305
G1 X72.448 Y39.442 E.03297
G1 X73.136 Y40.318 E.03773
G1 X73.62 Y41.006 E.02844
G1 X74.133 Y41.836 E.03305
G1 X74.596 Y42.696 E.03305
G1 X75.006 Y43.58 E.03297
G1 X75.405 Y44.621 E.03773
G1 X75.665 Y45.42 E.02844
G1 X75.911 Y46.365 E.03305
G1 X76.099 Y47.323 E.03305
G1 X76.227 Y48.263 E.03211
G1 X76.304 Y49.291 E.03491
G1 X76.318 Y50.24 E.03213
G1 X76.274 Y51.216 E.03305
G1 X76.172 Y52.187 E.03305
G1 X76.013 Y53.148 E.03297
G1 X75.757 Y54.233 E.03773
G1 X75.521 Y55.039 E.02844
G1 X75.192 Y55.959 E.03305
G1 X74.808 Y56.856 E.03305
G1 X74.371 Y57.73 E.03305
G1 X73.883 Y58.575 E.03305
G1 X73.345 Y59.39 E.03305
G1 X72.759 Y60.171 E.03305
G1 X72.128 Y60.916 E.03305
G1 X71.453 Y61.622 E.03305
G1 X70.738 Y62.286 E.03305
G1 X69.983 Y62.906 E.03305
G1 X69.193 Y63.48 E.03305
G1 X68.37 Y64.006 E.03305
G1 X67.518 Y64.482 E.03305
G1 X66.638 Y64.905 E.03305
M73 P42 R9
G1 X65.734 Y65.275 E.03305
G1 X64.81 Y65.591 E.03305
G1 X63.869 Y65.851 E.03305
G1 X62.914 Y66.054 E.03305
G1 X61.951 Y66.199 E.03297
G1 X60.84 Y66.291 E.03773
G1 X60 Y66.316 E.02844
G1 X59.024 Y66.287 E.03305
G1 X58.051 Y66.199 E.03305
G1 X57.086 Y66.054 E.03305
G1 X56.131 Y65.851 E.03305
G1 X55.19 Y65.591 E.03305
G1 X54.268 Y65.276 E.03297
G1 X53.239 Y64.846 E.03773
G1 X52.482 Y64.482 E.02844
G1 X51.63 Y64.006 E.03305
G1 X50.807 Y63.48 E.03305
G1 X50.017 Y62.906 E.03305
G1 X49.262 Y62.286 E.03305
G1 X48.547 Y61.622 E.03305
G1 X47.872 Y60.916 E.03305
G1 X47.241 Y60.171 E.03305
G1 X46.655 Y59.39 E.03305
G1 X46.117 Y58.575 E.03305
G1 X45.63 Y57.732 E.03297
G1 X45.138 Y56.731 E.03773
G1 X44.808 Y55.959 E.02844
G1 X44.479 Y55.039 E.03305
G1 X44.205 Y54.102 E.03305
G1 X43.988 Y53.15 E.03305
G1 X43.828 Y52.187 E.03305
G1 X43.726 Y51.216 E.03305
G1 X43.682 Y50.24 E.03305
G1 X43.697 Y49.264 E.03305
G1 X43.769 Y48.29 E.03305
G1 X43.901 Y47.323 E.03305
G1 X44.089 Y46.365 E.03305
G1 X44.335 Y45.42 E.03305
G1 X44.637 Y44.491 E.03305
G1 X44.993 Y43.582 E.03305
G1 X45.404 Y42.696 E.03305
G1 X45.867 Y41.836 E.03305
G1 X46.38 Y41.006 E.03305
G1 X46.941 Y40.209 E.03297
G1 X47.642 Y39.343 E.03773
G1 X48.204 Y38.718 E.02844
G1 X48.871 Y38.061 E.0317
M204 S500
G1 X48.614 Y37.714 F7200
;TYPE:Outer wall
G1 F1473.915
G1 X49.363 Y37.059 E.03367
G1 X50.155 Y36.446 E.03392
G1 X50.983 Y35.882 E.03392
G1 X51.844 Y35.368 E.03392
G1 X52.733 Y34.906 E.03392
G1 X53.648 Y34.499 E.03392
G1 X54.587 Y34.146 E.03392
G1 X55.544 Y33.851 E.03392
G1 X56.518 Y33.614 E.03392
G1 X57.504 Y33.435 E.03392
G1 X58.499 Y33.315 E.03392
G1 X59.498 Y33.255 E.03389
G1 X60.639 Y33.263 E.0386
G1 X61.501 Y33.315 E.02926
G1 X62.496 Y33.435 E.03392
G1 X63.482 Y33.614 E.03392
G1 X64.456 Y33.851 E.03392
G1 X65.413 Y34.146 E.03392
G1 X66.352 Y34.499 E.03392
G1 X67.267 Y34.906 E.03392
G1 X68.156 Y35.368 E.03392
G1 X69.016 Y35.881 E.03389
G1 X69.954 Y36.53 E.0386
G1 X70.637 Y37.059 E.02926
G1 X71.392 Y37.719 E.03392
G1 X72.106 Y38.422 E.03392
G1 X72.776 Y39.166 E.03389
G1 X73.48 Y40.063 E.0386
G1 X73.978 Y40.769 E.02926
G1 X74.505 Y41.622 E.03392
G1 X74.98 Y42.504 E.03392
G1 X75.401 Y43.413 E.03389
G1 X75.81 Y44.477 E.0386
G1 X76.077 Y45.299 E.02926
G1 X76.329 Y46.269 E.03392
G1 X76.522 Y47.252 E.03392
G1 X76.657 Y48.246 E.03392
G1 X76.732 Y49.285 E.03528
G1 X76.747 Y50.247 E.03256
G1 X76.702 Y51.248 E.03392
G1 X76.597 Y52.244 E.03392
G1 X76.433 Y53.232 E.03389
G1 X76.171 Y54.342 E.0386
G1 X75.929 Y55.172 E.02926
G1 X75.591 Y56.115 E.03392
G1 X75.197 Y57.037 E.03392
G1 X74.749 Y57.933 E.03392
G1 X74.248 Y58.801 E.03392
G1 X73.696 Y59.637 E.03392
G1 X73.095 Y60.439 E.03392
G1 X72.447 Y61.203 E.03392
G1 X71.754 Y61.928 E.03392
G1 X71.02 Y62.609 E.03392
G1 X70.246 Y63.246 E.03392
G1 X69.435 Y63.835 E.03392
G1 X68.59 Y64.374 E.03392
G1 X67.715 Y64.862 E.03392
G1 X66.812 Y65.297 E.03392
G1 X65.885 Y65.677 E.03392
G1 X64.937 Y66.001 E.03392
G1 X63.971 Y66.267 E.03392
G1 X62.991 Y66.476 E.03392
G1 X62 Y66.625 E.03389
G1 X60.864 Y66.719 E.0386
G1 X60 Y66.745 E.02926
G1 X58.998 Y66.715 E.03392
G1 X58 Y66.625 E.03392
G1 X57.009 Y66.476 E.03392
G1 X56.029 Y66.267 E.03392
G1 X55.063 Y66.001 E.03392
G1 X54.116 Y65.677 E.03389
G1 X53.064 Y65.237 E.0386
G1 X52.285 Y64.862 E.02926
G1 X51.41 Y64.374 E.03392
G1 X50.565 Y63.835 E.03392
G1 X49.754 Y63.246 E.03392
G1 X48.98 Y62.609 E.03392
G1 X48.246 Y61.928 E.03392
G1 X47.553 Y61.203 E.03392
G1 X46.905 Y60.439 E.03392
G1 X46.304 Y59.637 E.03392
G1 X45.752 Y58.801 E.03392
G1 X45.252 Y57.934 E.03389
G1 X44.749 Y56.91 E.0386
G1 X44.409 Y56.115 E.02926
G1 X44.071 Y55.172 E.03392
G1 X43.79 Y54.21 E.03392
G1 X43.567 Y53.233 E.03392
G1 X43.403 Y52.244 E.03392
G1 X43.298 Y51.248 E.03392
G1 X43.253 Y50.247 E.03392
G1 X43.268 Y49.245 E.03392
G1 X43.343 Y48.246 E.03392
G1 X43.478 Y47.252 E.03392
G1 X43.671 Y46.269 E.03392
G1 X43.923 Y45.299 E.03392
G1 X44.233 Y44.346 E.03392
G1 X44.599 Y43.414 E.03392
G1 X45.02 Y42.504 E.03392
G1 X45.495 Y41.622 E.03392
G1 X46.022 Y40.769 E.03392
G1 X46.598 Y39.951 E.03389
G1 X47.316 Y39.064 E.0386
G1 X47.894 Y38.422 E.02926
G1 X48.585 Y37.742 E.03281
M204 S10000
G1 E-.8 F1800
G1 X56.199 Y38.274 Z2.2 F7200
G1 X64.894 Y38.882 Z2.2
G1 Z1.8
G1 E.8 F1800
M204 S500
G1 F1473.915
G1 X64.801 Y38.68 E.00753
G1 X65.606 Y37.146 E.05865
G1 X65.679 Y37.072 E.00351
G1 X65.857 Y37.072 E.00603
G1 X66.596 Y37.488 E.02871
G1 X67.283 Y37.929 E.02761
G1 X67.942 Y38.408 E.02759
G1 X69.632 Y39.735 E.07272
G1 X70.263 Y40.297 E.02861
G1 X70.858 Y40.893 E.02852
G1 X71.081 Y41.163 E.01184
G1 X71.04 Y41.325 E.00566
G1 X69.735 Y42.501 E.05947
G1 X69.525 Y42.463 E.0072
G1 X69.008 Y41.927 E.02521
G1 X68.498 Y41.455 E.02353
G1 X67.55 Y40.697 E.04109
G1 X66.695 Y40.036 E.03658
G1 X66.129 Y39.624 E.02369
G1 X65.543 Y39.247 E.02358
G1 X64.929 Y38.902 E.02386
M204 S10000
G1 E-.8 F1800
G1 X69.078 Y45.308 Z2.2 F7200
G1 X71.119 Y48.461 Z2.2
G1 Z1.8
G1 E.8 F1800
M204 S500
G1 F1473.915
G1 X71.12 Y48.463 E.00009
G1 X71.203 Y49.289 E.02808
G1 X71.221 Y50.003 E.0242
G1 X71.199 Y50.644 E.02169
G1 X71.137 Y51.34 E.02365
G1 X70.923 Y52.584 E.04272
G1 X70.715 Y53.335 E.02637
G1 X70.422 Y54.164 E.02979
G1 X70.086 Y54.923 E.02808
G1 X69.695 Y55.654 E.02808
G1 X69.318 Y56.248 E.02378
G1 X68.756 Y57.02 E.03236
G1 X68.383 Y57.451 E.01928
G1 X67.935 Y57.925 E.02208
G1 X67.471 Y58.366 E.02166
G1 X66.996 Y58.774 E.02119
G1 X66.329 Y59.267 E.02808
G1 X65.879 Y59.55 E.018
G1 X65.251 Y59.909 E.02448
G1 X64.135 Y60.432 E.04171
G1 X63.43 Y60.681 E.0253
G1 X62.815 Y60.856 E.02166
G1 X62.179 Y61 E.02207
G1 X60.914 Y61.184 E.04324
G1 X60.086 Y61.221 E.02808
G1 X59.344 Y61.199 E.02511
G1 X58.648 Y61.134 E.02368
G1 X57.615 Y60.965 E.03542
G1 X57.032 Y60.815 E.02038
G1 X56.025 Y60.494 E.03577
G1 X55.55 Y60.294 E.01745
G1 X54.883 Y59.979 E.02497
G1 X54.321 Y59.672 E.02168
G1 X53.814 Y59.362 E.02011
G1 X53.139 Y58.88 E.02808
G1 X52.501 Y58.349 E.02808
G1 X52.062 Y57.924 E.0207
G1 X51.626 Y57.46 E.02155
G1 X51.177 Y56.925 E.02364
G1 X50.848 Y56.495 E.01832
G1 X50.432 Y55.861 E.02566
G1 X50.073 Y55.224 E.02475
G1 X49.643 Y54.323 E.0338
G1 X49.351 Y53.546 E.02808
G1 X49.134 Y52.805 E.02616
G1 X48.993 Y52.168 E.02206
G1 X48.831 Y51.117 E.03599
G1 X48.779 Y50.289 E.02808
G1 X48.788 Y49.46 E.02808
G1 X48.858 Y48.635 E.02802
G1 X48.989 Y47.814 E.02814
G1 X49.18 Y47.007 E.02808
G1 X49.431 Y46.216 E.02808
G1 X49.707 Y45.525 E.02518
G1 X50.019 Y44.871 E.02454
M73 P43 R9
G1 X50.33 Y44.311 E.02166
G1 X50.676 Y43.758 E.02208
G1 X50.991 Y43.3 E.01882
G1 X51.51 Y42.653 E.02808
G1 X52.073 Y42.049 E.02797
G1 X52.541 Y41.615 E.02158
G1 X53.078 Y41.168 E.02367
G1 X54.018 Y40.498 E.03907
G1 X54.736 Y40.082 E.02808
G1 X55.482 Y39.72 E.02808
G1 X56.254 Y39.415 E.02808
G1 X57.045 Y39.167 E.02808
G1 X57.834 Y38.983 E.02742
G1 X58.673 Y38.85 E.02873
G1 X59.347 Y38.795 E.0229
G1 X60 Y38.778 E.0221
G1 X60.64 Y38.796 E.02167
G1 X61.157 Y38.831 E.01755
G1 X61.978 Y38.947 E.02808
G1 X62.609 Y39.084 E.02186
G1 X63.309 Y39.277 E.02457
G1 X64.36 Y39.653 E.03778
G1 X65.112 Y40.003 E.02808
G1 X65.693 Y40.328 E.02252
G1 X66.243 Y40.677 E.02207
G1 X67.084 Y41.294 E.03531
G1 X67.802 Y41.926 E.03238
G1 X68.377 Y42.524 E.02808
G1 X68.836 Y43.079 E.02437
G1 X69.386 Y43.84 E.03178
G1 X69.76 Y44.458 E.02445
G1 X70.19 Y45.29 E.0317
G1 X70.446 Y45.901 E.02243
G1 X70.679 Y46.559 E.02364
G1 X70.857 Y47.174 E.02167
G1 X70.979 Y47.659 E.01693
G1 X71.112 Y48.421 E.02618
M204 S10000
G1 E-.8 F1800
G1 X65.929 Y42.819 Z2.2 F7200
G1 X61.409 Y37.934 Z2.2
G1 Z1.8
G1 E.8 F1800
M204 S500
G1 F1473.915
G1 X60.664 Y37.921 E.02521
G1 X59.968 Y37.948 E.02358
G1 X59.272 Y38.017 E.02369
G1 X57.691 Y38.219 E.05393
G1 X57 Y38.328 E.02369
G1 X56.319 Y38.476 E.02358
G1 X55.602 Y38.677 E.02521
G1 X55.476 Y38.666 E.00429
G1 X55.379 Y38.555 E.00498
G1 X54.878 Y36.946 E.05706
G1 X54.88 Y36.831 E.00388
G1 X55.003 Y36.716 E.00569
G1 X55.82 Y36.488 E.02871
G1 X56.617 Y36.314 E.02761
G1 X57.422 Y36.187 E.02759
G1 X58.792 Y36.011 E.04676
G1 X59.664 Y35.919 E.02967
G1 X60.637 Y35.871 E.03296
G1 X61.362 Y35.884 E.02457
G1 X61.588 Y35.913 E.00769
G1 X61.675 Y36.058 E.00573
G1 X61.614 Y37.339 E.04341
G1 X61.562 Y37.856 E.01758
G1 X61.444 Y37.916 E.00446
M204 S10000
G1 E-.8 F1800
G1 X55.684 Y39.138 Z2.2 F7200
G1 Z1.8
G1 E.8 F1800
M204 S1500
;TYPE:Inner wall
;WIDTH:0.528034
G1 F1236.823
G1 X56.054 Y39.02 E.01569
;WIDTH:0.498851
G1 F1315.989
G1 X56.425 Y38.902 E.01474
;WIDTH:0.469668
G1 F1405.982
G1 X56.921 Y38.77 E.01823
;WIDTH:0.424332
G1 F1573.102
G1 X57.334 Y38.687 E.01334
;WIDTH:0.397617
G1 F1691.585
G1 X57.746 Y38.604 E.01241
;WIDTH:0.370902
G1 F1829.369
G1 X58.615 Y38.479 E.02394
;WIDTH:0.3746
G1 F1808.973
G1 X59.316 Y38.405 E.01943
;WIDTH:0.423858
G1 F1575.06
G1 X59.997 Y38.363 E.02162
;WIDTH:0.469614
G1 F1406.16
G1 X60.669 Y38.359 E.02385
;WIDTH:0.494814
G1 F1327.745
G1 X61.187 Y38.381 E.01948
;WIDTH:0.524202
G1 F1246.67
G1 X61.433 Y38.399 E.00989
M204 S10000
G1 E-.8 F1800
G1 X64.572 Y39.231 Z2.2 F7200
G1 Z1.8
G1 E.8 F1800
M204 S1500
;WIDTH:0.535664
G1 F1217.671
G1 X64.667 Y39.285 E.00451
;WIDTH:0.517962
G1 F1263.046
G1 X65.002 Y39.458 E.01486
;WIDTH:0.489514
G1 F1343.502
G1 X65.336 Y39.63 E.01397
;WIDTH:0.461066
G1 F1434.906
G1 X65.703 Y39.855 E.01495
;WIDTH:0.429783
G1 F1550.937
G1 X66.07 Y40.079 E.01383
;WIDTH:0.3985
G1 F1687.384
G1 X66.771 Y40.573 E.02537
;WIDTH:0.350428
G1 F1951.169
G1 X67.448 Y41.099 E.02193
;WIDTH:0.385454
G1 F1751.651
G1 X67.838 Y41.435 E.01464
;WIDTH:0.421796
G1 F1583.631
G1 X68.227 Y41.77 E.01619
;WIDTH:0.46402
G1 F1424.84
G1 X68.721 Y42.257 E.0243
;WIDTH:0.494933
G1 F1327.395
G1 X68.978 Y42.544 E.01447
;WIDTH:0.525846
G1 F1242.426
G1 X69.235 Y42.83 E.01546
M204 S10000
G1 E-.8 F1800
G1 X70.874 Y45.723 Z2.2 F7200
G1 Z1.8
G1 E.8 F1800
M204 S1500
;WIDTH:0.51929
G1 F1259.525
G1 X70.943 Y45.925 E.00848
;WIDTH:0.494812
G1 F1327.751
G1 X71.095 Y46.421 E.01948
;WIDTH:0.469618
G1 F1406.147
G1 X71.26 Y47.073 E.02385
;WIDTH:0.423858
G1 F1575.06
G1 X71.39 Y47.743 E.02162
;WIDTH:0.374604
G1 F1808.951
G1 X71.495 Y48.439 E.01943
;WIDTH:0.370896
G1 F1829.402
G1 X71.593 Y49.312 E.02394
;WIDTH:0.397611
G1 F1691.613
G1 X71.616 Y49.731 E.0124
;WIDTH:0.424326
G1 F1573.127
G1 X71.639 Y50.151 E.01334
;WIDTH:0.469662
G1 F1406.002
G1 X71.637 Y50.665 E.01823
;WIDTH:0.498849
G1 F1315.994
G1 X71.616 Y51.053 E.01474
;WIDTH:0.528036
G1 F1236.818
G1 X71.595 Y51.442 E.01569
M204 S10000
G1 E-.8 F1800
G1 X70.71 Y54.663 Z2.2 F7200
G1 Z1.8
G1 E.8 F1800
M204 S1500
;WIDTH:0.521494
G1 F1253.725
G1 X70.542 Y54.988 E.01458
;WIDTH:0.494846
G1 F1327.651
G1 X70.374 Y55.314 E.01376
;WIDTH:0.468198
G1 F1410.842
G1 X70.203 Y55.603 E.01189
;WIDTH:0.442703
G1 F1500.814
G1 X70.032 Y55.893 E.01117
;WIDTH:0.417208
G1 F1603.044
G1 X69.791 Y56.244 E.01325
;WIDTH:0.388578
G1 F1735.82
G1 X69.55 Y56.595 E.01223
;WIDTH:0.359948
G1 F1892.577
G1 X69.032 Y57.277 E.0226
;WIDTH:0.376466
G1 F1798.852
G1 X68.679 Y57.708 E.01543
;WIDTH:0.424084
G1 F1574.126
G1 X68.228 Y58.22 E.02163
;WIDTH:0.4681
G1 F1411.167
G1 X67.756 Y58.698 E.02376
;WIDTH:0.494395
G1 F1328.977
G1 X67.474 Y58.953 E.01426
;WIDTH:0.52069
G1 F1255.834
G1 X67.192 Y59.207 E.01509
M204 S10000
G1 E-.8 F1800
G1 X64.321 Y60.857 Z2.2 F7200
G1 Z1.8
G1 E.8 F1800
M204 S1500
;WIDTH:0.521698
G1 F1253.19
G1 X64.274 Y60.872 E.00197
;WIDTH:0.514706
G1 F1271.763
G1 X63.863 Y60.999 E.01687
;WIDTH:0.482989
G1 F1363.422
G1 X63.453 Y61.127 E.01574
;WIDTH:0.451272
G1 F1469.321
G1 X63.034 Y61.224 E.01459
;WIDTH:0.420843
G1 F1587.625
G1 X62.615 Y61.322 E.01351
;WIDTH:0.390414
G1 F1726.649
G1 X61.769 Y61.462 E.02478
;WIDTH:0.3761
G1 F1800.828
G1 X60.684 Y61.586 E.03025
;WIDTH:0.41881
G1 F1596.212
G1 X60.003 Y61.632 E.02133
;WIDTH:0.443894
G1 F1496.356
G1 X59.601 Y61.632 E.01343
;WIDTH:0.468978
G1 F1408.259
G1 X59.198 Y61.631 E.01427
;WIDTH:0.498307
G1 F1317.561
G1 X58.87 Y61.612 E.01243
;WIDTH:0.527636
G1 F1237.838
G1 X58.543 Y61.592 E.01323
M204 S10000
G1 E-.8 F1800
G1 X55.368 Y60.724 Z2.2 F7200
G1 Z1.8
G1 E.8 F1800
M204 S1500
;WIDTH:0.526642
G1 F1240.382
G1 X55.026 Y60.546 E.01552
;WIDTH:0.498391
G1 F1317.318
G1 X54.683 Y60.369 E.01461
;WIDTH:0.47014
G1 F1404.429
G1 X54.105 Y60.026 E.02388
;WIDTH:0.422636
G1 F1580.128
G1 X53.61 Y59.696 E.01878
;WIDTH:0.374006
G1 F1812.218
G1 X52.92 Y59.185 E.02364
;WIDTH:0.364056
G1 F1868.367
G1 X52.254 Y58.645 E.02289
;WIDTH:0.39339
G1 F1711.987
G1 X52.014 Y58.434 E.00934
;WIDTH:0.422724
G1 F1579.762
G1 X51.773 Y58.222 E.01012
;WIDTH:0.470144
G1 F1404.415
G1 X51.298 Y57.752 E.02374
;WIDTH:0.495586
G1 F1325.481
G1 X51.054 Y57.479 E.01378
;WIDTH:0.521028
G1 F1254.947
G1 X50.809 Y57.207 E.01456
M204 S10000
G1 E-.8 F1800
G1 X49.143 Y54.324 Z2.2 F7200
G1 Z1.8
G1 E.8 F1800
M204 S1500
;WIDTH:0.527632
G1 F1237.848
G1 X49.042 Y54.012 E.01323
;WIDTH:0.498306
G1 F1317.563
G1 X48.941 Y53.7 E.01243
;WIDTH:0.46898
G1 F1408.252
G1 X48.839 Y53.31 E.01427
;WIDTH:0.443894
G1 F1496.356
G1 X48.738 Y52.92 E.01343
;WIDTH:0.418808
G1 F1596.22
G1 X48.61 Y52.25 E.02133
;WIDTH:0.376106
G1 F1800.796
G1 X48.458 Y51.169 E.03025
;WIDTH:0.390418
G1 F1726.629
G1 X48.381 Y50.314 E.02478
;WIDTH:0.420845
G1 F1587.616
G1 X48.37 Y49.885 E.01351
;WIDTH:0.451272
G1 F1469.321
G1 X48.359 Y49.455 E.01459
;WIDTH:0.482992
G1 F1363.413
G1 X48.379 Y49.025 E.01574
;WIDTH:0.514712
G1 F1271.747
G1 X48.399 Y48.596 E.01687
;WIDTH:0.521702
G1 F1253.18
G1 X48.401 Y48.546 E.00197
M204 S10000
G1 E-.8 F1800
G1 X47.066 Y44.296 Z2.2 F7200
G1 Z1.8
G1 E.8 F1800
M204 S500
;TYPE:Outer wall
;WIDTH:0.449999
G1 F1473.915
G1 X47.076 Y44.139 E.00532
G1 X47.492 Y43.4 E.02871
G1 X47.933 Y42.714 E.02761
G1 X48.761 Y41.603 E.04688
G1 X49.397 Y40.781 E.03518
G1 X49.909 Y40.157 E.02732
G1 X50.457 Y39.563 E.02737
G1 X51.068 Y38.973 E.02873
G1 X51.178 Y38.913 E.00426
G1 X51.341 Y38.97 E.00586
G1 X52.475 Y40.217 E.05706
G1 X52.514 Y40.396 E.0062
G1 X51.501 Y41.453 E.04955
G1 X50.04 Y43.301 E.07975
G1 X49.628 Y43.867 E.02369
G1 X49.251 Y44.453 E.02358
G1 X48.886 Y45.102 E.02521
G1 X48.719 Y45.195 E.00647
G1 X48.265 Y44.976 E.01704
G1 X47.15 Y44.39 E.04265
G1 X47.092 Y44.326 E.00292
M204 S10000
G1 E-.8 F1800
G1 X49.276 Y45.353 Z2.2 F7200
G1 Z1.8
G1 E.8 F1800
M204 S1500
;TYPE:Inner wall
;WIDTH:0.520684
G1 F1255.85
G1 X49.335 Y45.233 E.00529
;WIDTH:0.504322
G1 F1300.385
G1 X49.626 Y44.679 E.02403
;WIDTH:0.468098
G1 F1411.174
G1 X49.971 Y44.102 E.02376
;WIDTH:0.424092
G1 F1574.093
G1 X50.353 Y43.536 E.02163
;WIDTH:0.376468
G1 F1798.842
G1 X50.706 Y43.054 E.01657
;WIDTH:0.355796
G1 F1917.693
G1 X51.24 Y42.383 E.02231
;WIDTH:0.387444
G1 F1741.533
G1 X51.522 Y42.058 E.01233
;WIDTH:0.419092
G1 F1595.015
G1 X51.805 Y41.734 E.01346
;WIDTH:0.445683
G1 F1489.71
G1 X52.095 Y41.447 E.01367
;WIDTH:0.472274
G1 F1397.448
G1 X52.386 Y41.16 E.01458
;WIDTH:0.521496
G1 F1253.719
G1 X52.789 Y40.805 E.02138
M204 S10000
G1 E-.8 F1800
G1 X54.356 Y39.407 Z2.2 F7200
G1 Z1.8
G1 E.8 F1800
M204 S500
;TYPE:Sparse infill
;WIDTH:0.45
G1 F1473.913
G1 X54.921 Y39.132 E.02125
G1 X54.655 Y38.836 E.01345
G1 X54.478 Y38.26 E.02041
G1 X52.248 Y36.031 E.10673
G1 X51.401 Y36.535 E.03338
G1 X50.611 Y37.073 E.03235
G1 X50.369 Y37.26 E.01035
G1 X51.276 Y38.167 E.04341
G1 X51.057 Y38.143 E.00746
G1 X50.628 Y38.328 E.0158
G1 X49.929 Y38.995 E.03272
G1 X49.481 Y39.481 E.02237
G1 X48.708 Y38.708 E.03701
G1 X48.454 Y38.957 E.01204
G1 X47.905 Y39.567 E.02778
G1 X47.258 Y40.367 E.03481
G1 X48.093 Y41.201 E.03995
G1 X47.31 Y42.252 E.04435
G1 X46.813 Y43.03 E.03126
G1 X46.035 Y42.253 E.03723
G1 X45.713 Y42.851 E.02299
G1 X45.312 Y43.718 E.03235
G1 X45.052 Y44.379 E.02402
G1 X48.249 Y47.576 E.15303
G1 X48.216 Y47.756 E.00621
G1 X48.195 Y47.725 E.00129
G1 X47.815 Y47.629 E.01324
G1 X46.01 Y47.548 E.06117
M73 P43 R8
G1 X45.736 Y47.606 E.00947
G1 X45.403 Y47.838 E.01375
G1 X44.358 Y46.793 E.05004
G1 X44.242 Y47.379 E.02024
G1 X44.114 Y48.327 E.03235
G1 X44.042 Y49.28 E.03235
G1 X44.038 Y49.582 E.01023
G1 X45.184 Y50.728 E.05487
G1 X45.38 Y52.344 E.05511
M204 S10000
G1 E-.8 F1800
G1 X48.174 Y58.927 Z2.2 F7200
G1 Z1.8
M73 P44 R8
G1 E.8 F1800
M204 S500
G1 F1473.913
G1 X48.134 Y58.806 E.00431
G1 X48.247 Y58.345 E.01606
G1 X48.378 Y58.156 E.00778
G1 X48.966 Y57.619 E.02696
G1 X47.195 Y55.848 E.08478
G1 X47.08 Y55.884 E.00408
G1 X46.9 Y55.903 E.00614
G1 X46.394 Y55.764 E.01776
G1 X46.094 Y55.472 E.01416
G1 X45.977 Y55.212 E.00965
G1 X45.753 Y54.405 E.02836
G1 X44.307 Y52.959 E.06921
G1 X44.54 Y54.015 E.03659
G1 X44.808 Y54.932 E.03235
G1 X45.13 Y55.832 E.03235
G1 X45.445 Y56.568 E.02707
G1 X45.935 Y57.569 E.03774
G1 X46.11 Y57.872 E.01183
G1 X52.124 Y63.886 E.2879
G1 X52.642 Y64.174 E.02005
G1 X53.381 Y64.53 E.02778
G1 X54.391 Y64.953 E.03703
G1 X55.292 Y65.26 E.03223
G1 X56.213 Y65.515 E.03235
G1 X57.037 Y65.69 E.02852
G1 X54.839 Y63.492 E.10521
G1 X54.877 Y63.471 E.00144
G1 X55.026 Y63.297 E.00778
G1 X55.875 Y61.691 E.06148
G1 X55.906 Y61.45 E.00823
G1 X57.593 Y63.137 E.08074
G1 X57.552 Y63.982 E.02863
G1 X57.58 Y64.161 E.00615
G1 X57.793 Y64.567 E.01552
G1 X58.261 Y64.85 E.01852
G1 X58.422 Y64.877 E.00551
G1 X59.352 Y64.896 E.0315
G1 X60.414 Y65.958 E.05082
G1 X60.82 Y65.945 E.01377
G1 X61.91 Y65.855 E.03702
G1 X62.912 Y65.701 E.03429
G1 X63.204 Y65.639 E.0101
G1 X62.2 Y64.635 E.04804
G1 X63.539 Y64.437 E.04581
G1 X64.339 Y64.263 E.02773
G1 X64.805 Y64.131 E.01638
G1 X65.622 Y64.948 E.03911
G1 X66.497 Y64.589 E.03203
G1 X67.358 Y64.174 E.03235
G1 X67.742 Y63.96 E.01489
G1 X65.526 Y61.744 E.1061
G1 X65.357 Y61.193 E.01948
G1 X65.169 Y60.85 E.01324
G1 X65.133 Y60.838 E.00129
G1 X65.987 Y60.395 E.03258
G1 X66.742 Y59.922 E.03014
G1 X66.941 Y60.285 E.01402
G1 X68.158 Y61.615 E.06102
G1 X68.264 Y61.698 E.00455
G1 X68.677 Y61.854 E.01497
G1 X68.736 Y61.845 E.00201
G1 X69.628 Y62.737 E.0427
G1 X69.772 Y62.633 E.006
G1 X70.51 Y62.026 E.03235
G1 X71.291 Y61.291 E.0363
G1 X70.516 Y60.516 E.03712
G1 X70.687 Y60.33 E.00857
G1 X71.217 Y59.684 E.02825
G1 X71.904 Y58.795 E.03804
G1 X72.735 Y59.627 E.0398
G1 X73.062 Y59.191 E.01843
G1 X73.589 Y58.393 E.03235
G1 X73.963 Y57.745 E.02533
G1 X73.184 Y56.967 E.03727
G1 X73.651 Y56.131 E.0324
G1 X73.722 Y55.67 E.0158
G1 X73.544 Y55.202 E.01695
G1 X73.305 Y54.972 E.01121
G1 X71.602 Y54.077 E.06512
G1 X71.268 Y54.098 E.01131
G1 X71.447 Y53.595 E.01806
G1 X71.667 Y52.799 E.02797
G1 X71.744 Y52.418 E.01315
G1 X74.946 Y55.619 E.15326
G1 X75.192 Y54.932 E.0247
G1 X75.422 Y54.144 E.02778
G1 X75.643 Y53.208 E.03257
G1 X74.582 Y52.147 E.05079
G1 X74.808 Y51.871 E.01206
G1 X74.88 Y51.593 E.00974
G1 X74.9 Y50.654 E.0318
G1 X74.864 Y49.746 E.03075
G1 X74.817 Y49.273 E.01608
G1 X75.964 Y50.42 E.05488
G1 X75.958 Y49.28 E.0386
G1 X75.886 Y48.326 E.03235
G1 X75.758 Y47.379 E.03235
G1 X75.691 Y47.038 E.01177
G1 X74.25 Y45.597 E.06896
G1 X73.996 Y44.696 E.03172
G1 X73.764 Y44.349 E.01413
G1 X73.313 Y44.11 E.01727
G1 X72.929 Y44.106 E.01298
G1 X72.799 Y44.146 E.00463
G1 X71.029 Y42.376 E.08473
G1 X71.642 Y41.814 E.02817
G1 X71.833 Y41.444 E.01407
G1 X71.84 Y41.064 E.01287
M204 S10000
G1 E-.8 F1800
G1 X74.634 Y43.602 Z2.2 F7200
G1 Z1.8
G1 E.8 F1800
M204 S500
G1 F1473.913
G1 X74.287 Y42.851 E.02801
G1 X73.907 Y42.146 E.02711
G1 X67.846 Y36.085 E.29014
G1 X66.931 Y35.604 E.03498
G1 X66.387 Y35.362 E.02013
M204 S10000
G1 E-.8 F1800
G1 X62.481 Y38.27 Z2.2 F7200
G1 Z1.8
G1 E.8 F1800
M204 S500
G1 F1473.913
G1 X62.231 Y38.217 E.00865
G1 X62.367 Y37.817 E.01429
G1 X62.412 Y36.868 E.03217
G1 X64.052 Y38.508 E.07851
G1 X64.133 Y38.285 E.00803
G1 X64.99 Y36.67 E.0619
G1 X65.165 Y36.513 E.00796
G1 X62.958 Y34.306 E.10565
G1 X62.381 Y34.201 E.01987
G1 X61.432 Y34.087 E.03235
G1 X60.613 Y34.038 E.02778
G1 X59.574 Y34.03 E.03515
G1 X60.641 Y35.097 E.05106
G1 X59.797 Y35.129 E.02857
G1 X58.943 Y35.212 E.02905
G1 X57.793 Y35.358 E.03923
G1 X56.787 Y34.352 E.04818
G1 X55.731 Y34.604 E.03675
G1 X54.837 Y34.88 E.03166
G1 X54.378 Y35.052 E.01659
G1 X55.187 Y35.861 E.03872
G1 X55.661 Y35.729 E.01665
G1 X56.503 Y35.547 E.02914
G1 X56.775 Y35.505 E.00933
; stop printing object fidget-finger-massager-2000-ring.stl id:15 copy 0
;LAYER_CHANGE
;Z:2
;HEIGHT:0.2
G92 E0
;_SET_FAN_SPEED_CHANGING_LAYER
; printing object fidget-finger-massager-2000-ring.stl id:15 copy 0
M204 S10000
G1 E-.8 F1800
G1 X51.73 Y41.232 Z2.4 F7200
G1 X45.554 Y48.246 Z2.4
G1 Z2
G1 E.8 F1800
M204 S1500
;TYPE:Inner wall
;WIDTH:0.449999
G1 F1473.915
G1 X45.604 Y48.112 E.00484
G1 X45.86 Y47.931 E.01061
G1 X46.101 Y47.894 E.00823
G1 X47.785 Y47.974 E.05706
G1 X48.019 Y48.033 E.00818
;WIDTH:0.485852
G1 F1354.611
G1 X48.21 Y48.29 E.01178
;WIDTH:0.521704
G1 F1253.175
G1 X48.401 Y48.546 E.01274
G1 X48.484 Y48.146 E.01626
;WIDTH:0.485852
G1 F1354.611
G1 X48.566 Y47.746 E.01504
;WIDTH:0.449999
G1 F1473.915
G1 X48.764 Y46.908 E.02915
G1 X49.022 Y46.086 E.02915
;WIDTH:0.485342
G1 F1356.173
G1 X49.149 Y45.72 E.01428
;WIDTH:0.520684
G1 F1255.85
G1 X49.276 Y45.353 E.01542
G1 X49.01 Y45.488 E.01186
;WIDTH:0.485342
G1 F1356.173
G1 X48.744 Y45.623 E.01098
;WIDTH:0.449999
G1 F1473.915
G1 X48.443 Y45.553 E.01045
G1 X46.951 Y44.769 E.05706
G1 X46.831 Y44.687 E.00492
G1 X46.667 Y44.453 E.00968
G1 X46.645 Y44.072 E.01293
G1 X46.938 Y43.511 E.0214
G1 X47.39 Y42.765 E.02954
G1 X47.885 Y42.05 E.02944
G1 X49.056 Y40.521 E.06517
G1 X49.554 Y39.914 E.02659
G1 X50.143 Y39.272 E.02948
G1 X50.771 Y38.664 E.02957
G1 X51.109 Y38.49 E.01289
G1 X51.429 Y38.524 E.0109
G1 X51.658 Y38.682 E.00941
G1 X52.834 Y39.981 E.05931
;WIDTH:0.452545
G1 F1464.754
G1 X52.935 Y40.487 E.01757
;WIDTH:0.487021
G1 F1351.046
G1 X52.862 Y40.646 E.00647
;WIDTH:0.521496
G1 F1253.719
G1 X52.789 Y40.805 E.00697
G1 X53.283 Y40.475 E.02364
;WIDTH:0.485748
G1 F1354.929
G1 X53.777 Y40.144 E.02188
;WIDTH:0.449999
G1 F1473.915
G1 X54.22 Y39.885 E.01738
G1 X55.296 Y39.335 E.0409
;WIDTH:0.489017
G1 F1345
G1 X55.49 Y39.236 E.00807
;WIDTH:0.528034
G1 F1236.823
G1 X55.684 Y39.138 E.00878
G1 X55.489 Y39.096 E.00804
;WIDTH:0.489017
G1 F1345
G1 X55.294 Y39.054 E.00739
;WIDTH:0.449999
G1 F1473.915
G1 X54.97 Y38.683 E.0167
G1 X54.469 Y37.073 E.05706
G1 X54.445 Y36.961 E.00389
G1 X54.477 Y36.686 E.00936
G1 X54.742 Y36.365 E.01407
G1 X55.238 Y36.206 E.01764
G1 X55.739 Y36.066 E.0176
G1 X56.526 Y35.895 E.02726
G1 X57.355 Y35.763 E.02844
G1 X58.738 Y35.586 E.04719
G1 X59.628 Y35.492 E.03029
G1 X60.498 Y35.447 E.02947
G1 X61.371 Y35.455 E.02956
G1 X61.669 Y35.484 E.01012
G1 X61.812 Y35.548 E.00531
G1 X62.036 Y35.791 E.01119
G1 X62.102 Y36.097 E.01061
G1 X62.022 Y37.781 E.05706
G1 X61.887 Y38.137 E.01288
;WIDTH:0.487101
G1 F1350.802
G1 X61.66 Y38.268 E.00967
;WIDTH:0.524202
G1 F1246.67
G1 X61.433 Y38.399 E.01048
G1 X61.736 Y38.461 E.01235
;WIDTH:0.487101
G1 F1350.802
G1 X62.038 Y38.523 E.0114
;WIDTH:0.449999
G1 F1473.915
G1 X62.7 Y38.665 E.02293
G1 X63.431 Y38.866 E.02564
;WIDTH:0.487562
G1 F1349.4
G1 X63.978 Y39.042 E.02124
;WIDTH:0.525125
G1 F1244.284
G1 X64.525 Y39.217 E.02304
;WIDTH:0.535664
G1 F1217.671
G1 X64.572 Y39.231 E.00198
G1 X64.478 Y38.919 E.01332
;WIDTH:0.492832
G1 F1333.595
G1 X64.384 Y38.608 E.01216
;WIDTH:0.449999
G1 F1473.915
G1 X64.639 Y38.066 E.02028
G1 X65.227 Y36.947 E.04279
G1 X65.472 Y36.697 E.01184
G1 X65.802 Y36.621 E.01146
G1 X66.067 Y36.699 E.00936
G1 X66.806 Y37.115 E.02871
G1 X67.514 Y37.568 E.02846
G1 X68.194 Y38.062 E.02844
G1 X69.206 Y38.844 E.04329
G1 X69.904 Y39.404 E.03029
G1 X70.555 Y39.982 E.02946
M73 P45 R8
G1 X71.171 Y40.6 E.02955
G1 X71.44 Y40.91 E.01388
G1 X71.485 Y41.016 E.00391
G1 X71.495 Y41.355 E.01146
G1 X71.314 Y41.654 E.01184
G1 X70.067 Y42.789 E.05706
G1 X69.919 Y42.888 E.00605
;WIDTH:0.478806
G1 F1376.507
G1 X69.618 Y42.883 E.01092
;WIDTH:0.507613
G1 F1291.175
G1 X69.316 Y42.878 E.01164
;WIDTH:0.525846
G1 F1242.426
G1 X69.235 Y42.83 E.00378
G1 X69.486 Y43.211 E.01829
;WIDTH:0.487923
G1 F1348.307
G1 X69.736 Y43.592 E.01686
;WIDTH:0.449999
G1 F1473.915
G1 X70.127 Y44.237 E.02552
G1 X70.573 Y45.096 E.03277
;WIDTH:0.484645
G1 F1358.313
G1 X70.723 Y45.409 E.01277
;WIDTH:0.51929
G1 F1259.525
G1 X70.874 Y45.723 E.01377
G1 X70.939 Y45.455 E.01093
;WIDTH:0.484645
G1 F1358.313
G1 X71.004 Y45.187 E.01013
;WIDTH:0.449999
G1 F1473.915
G1 X71.314 Y44.966 E.01288
G1 X72.923 Y44.465 E.05706
G1 X73.236 Y44.452 E.01061
G1 X73.528 Y44.608 E.01119
G1 X73.693 Y44.884 E.01088
G1 X73.921 Y45.701 E.02871
G1 X74.101 Y46.522 E.02846
G1 X74.233 Y47.351 E.02844
G1 X74.482 Y49.395 E.06968
G1 X74.54 Y50.263 E.02945
G1 X74.545 Y51.136 E.02954
G1 X74.515 Y51.656 E.01764
G1 X74.272 Y51.993 E.01407
G1 X73.959 Y52.101 E.0112
G1 X72.198 Y52.017 E.05967
;WIDTH:0.450206
G1 X71.746 Y51.762 E.01758
;WIDTH:0.489121
G1 F1344.685
G1 X71.671 Y51.602 E.00657
;WIDTH:0.528036
G1 F1236.818
G1 X71.595 Y51.442 E.00715
G1 X71.469 Y52.054 E.02524
;WIDTH:0.489018
G1 F1344.998
G1 X71.343 Y52.667 E.02321
;WIDTH:0.449999
G1 F1473.915
G1 X71.128 Y53.449 E.02744
;WIDTH:0.452544
G1 F1464.758
G1 X70.827 Y54.309 E.03105
;WIDTH:0.487019
G1 F1351.05
G1 X70.768 Y54.486 E.00687
;WIDTH:0.521494
G1 F1253.725
G1 X70.71 Y54.663 E.00741
G1 X70.845 Y54.552 E.00697
;WIDTH:0.487019
G1 F1351.05
G1 X70.981 Y54.442 E.00647
;WIDTH:0.452544
G1 F1464.758
G1 X71.503 Y54.411 E.01781
;WIDTH:0.449999
G1 F1473.915
G1 X73.049 Y55.223 E.05911
G1 X73.259 Y55.405 E.00941
G1 X73.373 Y55.706 E.0109
G1 X73.289 Y56.078 E.01289
G1 X72.881 Y56.802 E.02815
G1 X72.428 Y57.51 E.02846
G1 X71.934 Y58.19 E.02844
G1 X70.944 Y59.471 E.0548
G1 X70.422 Y60.107 E.02784
G1 X69.853 Y60.725 E.02846
G1 X69.217 Y61.339 E.02991
G1 X69.062 Y61.448 E.00643
G1 X68.72 Y61.506 E.01175
G1 X68.383 Y61.356 E.01249
G1 X67.208 Y60.063 E.05912
G1 X67.064 Y59.79 E.01046
;WIDTH:0.485345
G1 F1356.164
G1 X67.128 Y59.498 E.01098
;WIDTH:0.52069
G1 F1255.834
G1 X67.192 Y59.207 E.01186
G1 X66.887 Y59.409 E.01452
;WIDTH:0.485345
G1 F1356.164
G1 X66.583 Y59.612 E.01345
;WIDTH:0.449999
G1 F1473.915
G1 X66.107 Y59.913 E.01908
G1 X65.451 Y60.288 E.02555
;WIDTH:0.485849
G1 F1354.62
G1 X64.886 Y60.572 E.0233
;WIDTH:0.521698
G1 F1253.19
G1 X64.321 Y60.857 E.02519
G1 X64.618 Y60.977 E.01274
;WIDTH:0.485849
G1 F1354.62
G1 X64.914 Y61.098 E.01178
;WIDTH:0.449999
G1 F1473.915
G1 X65.03 Y61.31 E.00818
G1 X65.531 Y62.919 E.05706
G1 X65.556 Y63.161 E.00823
G1 X65.446 Y63.455 E.01061
G1 X65.113 Y63.689 E.01378
G1 X64.294 Y63.918 E.02878
G1 X63.474 Y64.097 E.02839
G1 X62.645 Y64.229 E.02844
G1 X61.039 Y64.435 E.0548
G1 X60.22 Y64.515 E.02784
G1 X59.38 Y64.55 E.02846
G1 X58.497 Y64.535 E.02991
G1 X58.361 Y64.517 E.00464
G1 X58.054 Y64.332 E.01214
G1 X57.892 Y64.027 E.01169
G1 X57.995 Y62.092 E.06558
;WIDTH:0.486107
G1 F1353.83
G1 X58.351 Y61.658 E.02067
;WIDTH:0.527636
G1 F1237.838
G1 X58.543 Y61.592 E.00817
G1 X58.041 Y61.489 E.02064
;WIDTH:0.488818
G1 F1345.601
G1 X57.539 Y61.387 E.01899
;WIDTH:0.449999
G1 F1473.915
G1 X56.925 Y61.23 E.02145
G1 X55.888 Y60.9 E.03684
;WIDTH:0.488321
G1 F1347.102
G1 X55.628 Y60.812 E.01016
;WIDTH:0.526642
G1 F1240.382
G1 X55.368 Y60.724 E.01103
G1 X55.491 Y60.934 E.00978
;WIDTH:0.488321
G1 F1347.102
G1 X55.614 Y61.143 E.009
;WIDTH:0.449999
G1 F1473.915
G1 X55.524 Y61.616 E.0163
G1 X54.773 Y63.045 E.05465
G1 X54.645 Y63.212 E.00709
G1 X54.377 Y63.355 E.0103
G1 X54.014 Y63.332 E.01231
G1 X53.314 Y62.945 E.02706
G1 X52.575 Y62.481 E.02953
G1 X51.867 Y61.975 E.02944
G1 X50.525 Y60.94 E.05738
G1 X49.889 Y60.419 E.02784
G1 X49.271 Y59.849 E.02846
G1 X48.657 Y59.214 E.02991
G1 X48.6 Y59.145 E.00302
G1 X48.486 Y58.8 E.01231
G1 X48.557 Y58.504 E.0103
G1 X48.686 Y58.338 E.00709
G1 X49.933 Y57.204 E.05706
G1 X50.36 Y57.045 E.01543
;WIDTH:0.485514
G1 F1355.646
G1 X50.584 Y57.126 E.00878
;WIDTH:0.521028
G1 F1254.947
G1 X50.809 Y57.207 E.00948
G1 X50.658 Y56.981 E.01078
;WIDTH:0.485514
G1 F1355.646
G1 X50.508 Y56.756 E.00998
;WIDTH:0.449999
G1 F1473.915
G1 X50.074 Y56.096 E.02674
G1 X49.698 Y55.432 E.02582
;WIDTH:0.486103
G1 F1353.843
G1 X49.237 Y54.51 E.03798
;WIDTH:0.527632
G1 F1237.848
G1 X49.143 Y54.324 E.00839
G1 X49.128 Y54.527 E.00817
;WIDTH:0.486103
G1 F1353.843
G1 X48.786 Y54.996 E.0214
;WIDTH:0.449999
G1 F1473.915
G1 X47.077 Y55.527 E.06058
G1 X46.902 Y55.555 E.00599
G1 X46.615 Y55.487 E.00999
G1 X46.359 Y55.236 E.01214
G1 X46.147 Y54.536 E.02475
G1 X45.946 Y53.687 E.02953
G1 X45.797 Y52.83 E.02944
G1 X45.561 Y51.033 E.06135
G1 X45.481 Y50.217 E.02776
G1 X45.446 Y49.377 E.02846
G1 X45.461 Y48.493 E.02991
G1 X45.54 Y48.283 E.00759
M204 S500
G1 X45.932 Y48.387 F7200
;TYPE:Outer wall
G1 F1473.915
G1 X46.081 Y48.322 E.00547
G1 X47.765 Y48.402 E.05706
G1 X47.834 Y48.42 E.00244
G1 X47.938 Y48.587 E.00667
G1 X47.924 Y49.332 E.02521
G1 X47.952 Y50.028 E.02358
G1 X48.021 Y50.725 E.02369
G1 X48.223 Y52.305 E.05393
G1 X48.332 Y52.996 E.02369
G1 X48.48 Y53.677 E.02358
G1 X48.68 Y54.394 E.02521
G1 X48.686 Y54.467 E.00248
G1 X48.572 Y54.613 E.00624
G1 X46.949 Y55.118 E.05753
G1 X46.812 Y55.106 E.00468
G1 X46.72 Y54.993 E.00492
G1 X46.492 Y54.177 E.02871
G1 X46.365 Y53.596 E.02013
G1 X46.22 Y52.763 E.0286
G1 X45.987 Y50.98 E.06087
G1 X45.907 Y50.175 E.02739
G1 X45.874 Y49.359 E.02761
G1 X45.89 Y48.501 E.02907
G1 X45.918 Y48.425 E.00276
M204 S10000
G1 E-.8 F1800
G1 X48.037 Y55.757 Z2.4 F7200
G1 X48.914 Y58.793 Z2.4
G1 Z2
G1 E.8 F1800
M204 S500
G1 F1473.915
G1 X48.974 Y58.655 E.00508
G1 X50.221 Y57.521 E.05706
G1 X50.348 Y57.474 E.0046
G1 X50.475 Y57.529 E.00467
G1 X50.992 Y58.065 E.02521
G1 X51.502 Y58.537 E.02353
G1 X52.54 Y59.365 E.04496
G1 X53.305 Y59.957 E.03272
G1 X53.871 Y60.368 E.02369
G1 X54.457 Y60.745 E.02358
G1 X55.106 Y61.11 E.02521
G1 X55.195 Y61.232 E.00509
G1 X55.144 Y61.417 E.0065
G1 X54.394 Y62.846 E.05465
G1 X54.275 Y62.938 E.00508
G1 X54.143 Y62.92 E.00452
G1 X53.404 Y62.504 E.02871
G1 X52.717 Y62.063 E.02761
G1 X52.12 Y61.629 E.02502
G1 X50.787 Y60.601 E.05695
G1 X50.161 Y60.087 E.02741
G1 X49.562 Y59.534 E.02761
G1 X48.965 Y58.916 E.02907
G1 X48.93 Y58.83 E.00317
M204 S10000
G1 E-.8 F1800
G1 X56.162 Y61.268 Z2.4 F7200
G1 X58.532 Y62.067 Z2.4
G1 Z2
G1 E.8 F1800
M204 S500
G1 F1473.915
G1 X59.19 Y62.069 E.02227
G1 X60.02 Y62.045 E.02811
G1 X60.728 Y61.976 E.0241
G1 X62.309 Y61.773 E.05393
G1 X63 Y61.665 E.02369
G1 X63.681 Y61.516 E.02358
G1 X64.399 Y61.316 E.02523
G1 X64.606 Y61.388 E.00743
G1 X65.122 Y63.047 E.05879
G1 X65.097 Y63.206 E.00547
G1 X64.997 Y63.276 E.00411
G1 X64.18 Y63.505 E.02873
G1 X63.383 Y63.679 E.02759
G1 X62.578 Y63.806 E.02759
G1 X60.984 Y64.009 E.05438
G1 X60.178 Y64.089 E.02742
G1 X59.363 Y64.122 E.02761
G1 X58.505 Y64.106 E.02907
G1 X58.373 Y64.046 E.00492
G1 X58.326 Y63.916 E.00468
G1 X58.406 Y62.232 E.05706
G1 X58.507 Y62.099 E.00566
M204 S10000
G1 E-.8 F1800
G1 X65.88 Y60.123 Z2.4 F7200
G1 X67.482 Y59.694 Z2.4
G1 Z2
G1 E.8 F1800
M204 S500
G1 F1473.915
G1 X67.533 Y59.522 E.00607
G1 X68.069 Y59.005 E.02521
G1 X68.542 Y58.493 E.02358
G1 X68.986 Y57.952 E.02369
G1 X69.96 Y56.691 E.05394
G1 X70.372 Y56.125 E.02369
G1 X70.749 Y55.539 E.02358
G1 X71.114 Y54.89 E.02521
G1 X71.186 Y54.82 E.00341
G1 X71.357 Y54.819 E.0058
G1 X72.85 Y55.603 E.05706
G1 X72.947 Y55.747 E.00587
G1 X72.916 Y55.868 E.00422
G1 X72.508 Y56.592 E.02815
G1 X72.067 Y57.279 E.02761
G1 X71.588 Y57.938 E.02759
G1 X70.605 Y59.209 E.05438
G1 X70.091 Y59.835 E.02741
G1 X69.538 Y60.435 E.02761
G1 X68.92 Y61.031 E.02907
G1 X68.772 Y61.081 E.0053
G1 X68.659 Y61.022 E.00429
G1 X67.525 Y59.775 E.05706
G1 X67.5 Y59.729 E.00176
M204 S10000
G1 E-.8 F1800
G1 X69.488 Y52.36 Z2.4 F7200
G1 X71.357 Y45.43 Z2.4
G1 Z2
G1 E.8 F1800
M204 S500
G1 F1473.915
G1 X71.844 Y45.25 E.01758
G1 X73.051 Y44.874 E.04279
G1 X73.144 Y44.87 E.00316
G1 X73.274 Y44.982 E.0058
G1 X73.508 Y45.816 E.02933
G1 X73.682 Y46.613 E.02762
G1 X73.809 Y47.418 E.02759
G1 X74.055 Y49.437 E.06883
G1 X74.111 Y50.28 E.02861
G1 X74.117 Y51.128 E.0287
G1 X74.096 Y51.559 E.01461
G1 X73.95 Y51.672 E.00625
G1 X72.23 Y51.59 E.05826
G1 X72.096 Y51.514 E.00524
G1 X72.062 Y51.405 E.00386
G1 X72.076 Y50.66 E.02521
G1 X72.053 Y50.091 E.0193
G1 X71.98 Y49.273 E.02778
G1 X71.777 Y47.687 E.05412
G1 X71.668 Y46.996 E.02369
G1 X71.52 Y46.315 E.02358
G1 X71.32 Y45.598 E.02521
G1 X71.348 Y45.469 E.00446
M204 S10000
G1 E-.8 F1800
G1 X64.104 Y43.067 Z2.4 F7200
G1 X48.888 Y38.02 Z2.4
G1 Z2
M73 P46 R8
G1 E.8 F1800
M204 S1500
;TYPE:Inner wall
G1 F1473.915
G1 X49.624 Y37.377 E.03309
G1 X50.397 Y36.779 E.03309
G1 X51.205 Y36.228 E.03309
G1 X52.044 Y35.727 E.03309
G1 X52.911 Y35.277 E.03309
G1 X53.804 Y34.879 E.03309
G1 X54.72 Y34.536 E.03309
G1 X55.654 Y34.248 E.03309
G1 X56.603 Y34.016 E.03309
G1 X57.565 Y33.841 E.03309
G1 X58.536 Y33.725 E.03309
G1 X59.511 Y33.666 E.03309
G1 X60.489 Y33.666 E.03309
G1 X61.464 Y33.725 E.03309
G1 X62.435 Y33.841 E.03309
G1 X63.397 Y34.016 E.03309
G1 X64.346 Y34.248 E.03309
G1 X65.28 Y34.536 E.03309
G1 X66.196 Y34.879 E.03309
G1 X67.089 Y35.277 E.03309
G1 X67.956 Y35.727 E.03309
G1 X68.795 Y36.228 E.03309
G1 X69.603 Y36.779 E.03309
G1 X70.376 Y37.377 E.03309
G1 X71.112 Y38.02 E.03309
G1 X71.809 Y38.706 E.03309
G1 X72.463 Y39.432 E.03309
G1 X73.072 Y40.197 E.03309
G1 X73.635 Y40.996 E.03309
G1 X74.149 Y41.827 E.03309
G1 X74.612 Y42.688 E.03309
G1 X75.023 Y43.575 E.03309
G1 X75.38 Y44.485 E.03309
G1 X75.682 Y45.415 E.03309
G1 X75.928 Y46.361 E.03309
G1 X76.117 Y47.32 E.03309
G1 X76.244 Y48.261 E.03214
G1 X76.321 Y49.291 E.03497
G1 X76.336 Y50.241 E.03215
G1 X76.292 Y51.217 E.03309
G1 X76.19 Y52.189 E.03309
G1 X76.029 Y53.153 E.03309
G1 X75.812 Y54.106 E.03309
G1 X75.538 Y55.045 E.03309
G1 X75.208 Y55.965 E.03309
G1 X74.824 Y56.864 E.03309
G1 X74.387 Y57.738 E.03309
G1 X73.898 Y58.585 E.03309
G1 X73.359 Y59.4 E.03309
G1 X72.773 Y60.182 E.03309
G1 X72.141 Y60.928 E.03309
G1 X71.466 Y61.635 E.03309
G1 X70.749 Y62.299 E.03309
G1 X69.994 Y62.92 E.03309
G1 X69.203 Y63.495 E.03309
G1 X68.379 Y64.021 E.03308
G1 X67.526 Y64.497 E.03309
G1 X66.645 Y64.921 E.03308
G1 X65.741 Y65.292 E.03309
G1 X64.816 Y65.608 E.03309
G1 X63.873 Y65.868 E.03309
G1 X62.917 Y66.071 E.03309
G1 X61.951 Y66.217 E.03309
G1 X60.977 Y66.304 E.03309
G1 X60 Y66.334 E.03309
G1 X59.023 Y66.304 E.03309
G1 X58.049 Y66.217 E.03309
G1 X57.083 Y66.071 E.03309
G1 X56.127 Y65.868 E.03309
G1 X55.184 Y65.608 E.03309
G1 X54.259 Y65.292 E.03309
G1 X53.355 Y64.921 E.03309
G1 X52.474 Y64.497 E.03309
G1 X51.621 Y64.021 E.03309
G1 X50.797 Y63.495 E.03308
G1 X50.006 Y62.92 E.03309
G1 X49.251 Y62.299 E.03309
G1 X48.534 Y61.635 E.03309
G1 X47.859 Y60.928 E.03309
G1 X47.227 Y60.182 E.03309
G1 X46.641 Y59.4 E.03309
G1 X46.102 Y58.585 E.03309
G1 X45.613 Y57.738 E.03309
G1 X45.176 Y56.864 E.03309
G1 X44.792 Y55.965 E.03309
G1 X44.462 Y55.045 E.03309
G1 X44.188 Y54.106 E.03309
G1 X43.971 Y53.153 E.03309
G1 X43.81 Y52.189 E.03309
G1 X43.708 Y51.217 E.03309
G1 X43.664 Y50.241 E.03308
G1 X43.679 Y49.263 E.03309
G1 X43.752 Y48.288 E.03309
G1 X43.883 Y47.32 E.03309
G1 X44.072 Y46.361 E.03309
G1 X44.318 Y45.415 E.03309
G1 X44.62 Y44.485 E.03309
G1 X44.977 Y43.575 E.03309
G1 X45.388 Y42.688 E.03309
G1 X45.851 Y41.827 E.03309
G1 X46.365 Y40.996 E.03309
G1 X46.928 Y40.197 E.03309
G1 X47.537 Y39.432 E.03309
G1 X48.191 Y38.706 E.03309
G1 X48.859 Y38.048 E.03173
M204 S500
G1 X48.603 Y37.7 F7200
;TYPE:Outer wall
G1 F1473.915
G1 X49.352 Y37.046 E.03365
G1 X50.145 Y36.432 E.03396
G1 X50.974 Y35.867 E.03395
G1 X51.835 Y35.353 E.03396
G1 X52.725 Y34.89 E.03396
G1 X53.642 Y34.482 E.03395
G1 X54.581 Y34.13 E.03396
G1 X55.54 Y33.834 E.03395
G1 X56.514 Y33.596 E.03396
G1 X57.501 Y33.417 E.03395
G1 X58.497 Y33.298 E.03396
G1 X59.498 Y33.238 E.03395
G1 X60.502 Y33.238 E.03395
G1 X61.503 Y33.298 E.03395
G1 X62.499 Y33.417 E.03396
G1 X63.486 Y33.596 E.03395
G1 X64.46 Y33.834 E.03396
G1 X65.419 Y34.13 E.03396
G1 X66.358 Y34.482 E.03395
G1 X67.275 Y34.89 E.03395
G1 X68.165 Y35.352 E.03396
G1 X69.026 Y35.867 E.03396
G1 X69.855 Y36.432 E.03395
G1 X70.648 Y37.046 E.03396
G1 X71.404 Y37.706 E.03396
G1 X72.118 Y38.41 E.03395
G1 X72.79 Y39.155 E.03395
G1 X73.415 Y39.939 E.03396
G1 X73.993 Y40.76 E.03395
G1 X74.52 Y41.613 E.03395
G1 X74.995 Y42.496 E.03396
G1 X75.417 Y43.407 E.03396
G1 X75.783 Y44.34 E.03396
G1 X76.093 Y45.294 E.03395
G1 X76.346 Y46.265 E.03396
G1 X76.54 Y47.25 E.03395
G1 X76.674 Y48.244 E.03396
G1 X76.75 Y49.284 E.03532
G1 X76.764 Y50.247 E.03259
G1 X76.719 Y51.249 E.03395
G1 X76.614 Y52.247 E.03396
G1 X76.45 Y53.236 E.03395
G1 X76.227 Y54.214 E.03396
G1 X75.946 Y55.177 E.03395
G1 X75.607 Y56.122 E.03395
G1 X75.213 Y57.044 E.03395
G1 X74.764 Y57.941 E.03396
G1 X74.263 Y58.81 E.03395
G1 X73.71 Y59.647 E.03396
G1 X73.108 Y60.45 E.03395
G1 X72.46 Y61.215 E.03396
G1 X71.766 Y61.94 E.03396
G1 X71.031 Y62.622 E.03395
G1 X70.256 Y63.259 E.03395
G1 X69.445 Y63.849 E.03396
G1 X68.599 Y64.389 E.03395
G1 X67.723 Y64.878 E.03396
G1 X66.819 Y65.313 E.03395
G1 X65.891 Y65.693 E.03396
G1 X64.942 Y66.017 E.03395
G1 X63.975 Y66.284 E.03396
G1 X62.994 Y66.493 E.03395
G1 X62.002 Y66.642 E.03395
G1 X61.003 Y66.732 E.03396
G1 X60 Y66.762 E.03395
G1 X58.997 Y66.732 E.03395
G1 X57.998 Y66.642 E.03396
G1 X57.006 Y66.493 E.03395
G1 X56.025 Y66.284 E.03395
G1 X55.058 Y66.017 E.03396
G1 X54.109 Y65.693 E.03395
G1 X53.181 Y65.313 E.03395
G1 X52.277 Y64.878 E.03395
G1 X51.401 Y64.389 E.03396
G1 X50.555 Y63.849 E.03395
G1 X49.744 Y63.259 E.03396
G1 X48.969 Y62.622 E.03395
G1 X48.234 Y61.94 E.03395
G1 X47.54 Y61.215 E.03396
G1 X46.892 Y60.45 E.03396
G1 X46.29 Y59.647 E.03396
G1 X45.737 Y58.81 E.03396
G1 X45.236 Y57.941 E.03395
G1 X44.787 Y57.044 E.03396
G1 X44.393 Y56.122 E.03395
G1 X44.054 Y55.177 E.03395
G1 X43.773 Y54.214 E.03395
G1 X43.55 Y53.236 E.03396
G1 X43.386 Y52.247 E.03395
G1 X43.281 Y51.249 E.03396
G1 X43.236 Y50.247 E.03395
G1 X43.251 Y49.244 E.03396
G1 X43.326 Y48.244 E.03395
G1 X43.46 Y47.25 E.03396
G1 X43.654 Y46.265 E.03395
G1 X43.907 Y45.294 E.03396
G1 X44.217 Y44.34 E.03395
G1 X44.583 Y43.407 E.03396
G1 X45.005 Y42.496 E.03395
G1 X45.48 Y41.613 E.03396
G1 X46.007 Y40.76 E.03395
G1 X46.585 Y39.939 E.03395
G1 X47.21 Y39.155 E.03395
G1 X47.882 Y38.41 E.03395
G1 X48.574 Y37.727 E.03291
M204 S10000
G1 E-.8 F1800
G1 X56.188 Y38.266 Z2.4 F7200
G1 X64.894 Y38.882 Z2.4
G1 Z2
G1 E.8 F1800
M204 S500
G1 F1473.915
G1 X64.801 Y38.68 E.00753
G1 X65.606 Y37.146 E.05865
G1 X65.679 Y37.072 E.00353
G1 X65.857 Y37.072 E.00601
G1 X66.596 Y37.488 E.02871
G1 X67.283 Y37.929 E.02761
G1 X67.942 Y38.408 E.02759
G1 X69.632 Y39.735 E.07274
G1 X70.264 Y40.297 E.02861
G1 X70.863 Y40.898 E.02871
G1 X71.077 Y41.147 E.01113
M73 P47 R8
G1 X71.041 Y41.324 E.00612
G1 X69.735 Y42.501 E.05951
G1 X69.525 Y42.463 E.0072
G1 X69.008 Y41.927 E.02521
G1 X68.497 Y41.455 E.02358
G1 X67.956 Y41.011 E.02369
G1 X66.695 Y40.036 E.05394
G1 X66.129 Y39.624 E.02369
G1 X65.543 Y39.247 E.02358
G1 X64.929 Y38.902 E.02386
M204 S10000
G1 E-.8 F1800
G1 X69.077 Y45.309 Z2.4 F7200
G1 X71.12 Y48.465 Z2.4
G1 Z2
G1 E.8 F1800
M204 S500
G1 F1473.915
G1 X71.203 Y49.289 E.02801
G1 X71.221 Y50.003 E.0242
G1 X71.199 Y50.644 E.02169
G1 X71.137 Y51.34 E.02365
G1 X70.923 Y52.584 E.04272
G1 X70.715 Y53.335 E.02637
G1 X70.422 Y54.164 E.02979
G1 X70.086 Y54.923 E.02808
G1 X69.695 Y55.654 E.02808
G1 X69.318 Y56.248 E.02379
G1 X68.756 Y57.02 E.03236
G1 X68.383 Y57.451 E.01928
G1 X67.935 Y57.925 E.02208
G1 X67.471 Y58.366 E.02166
G1 X66.996 Y58.774 E.02119
G1 X66.329 Y59.267 E.02808
G1 X65.879 Y59.55 E.018
G1 X65.251 Y59.909 E.02448
G1 X64.135 Y60.432 E.04171
G1 X63.43 Y60.681 E.0253
G1 X62.815 Y60.856 E.02166
G1 X62.179 Y61 E.02207
G1 X60.914 Y61.184 E.04324
G1 X60.086 Y61.221 E.02808
G1 X59.344 Y61.199 E.02511
G1 X58.648 Y61.134 E.02368
G1 X57.615 Y60.965 E.03542
G1 X57.032 Y60.815 E.02038
G1 X56.025 Y60.494 E.03577
G1 X55.55 Y60.294 E.01745
G1 X54.883 Y59.979 E.02497
G1 X54.321 Y59.672 E.02168
G1 X53.814 Y59.362 E.02011
G1 X53.139 Y58.88 E.02808
G1 X52.501 Y58.349 E.02808
G1 X52.061 Y57.924 E.02072
G1 X51.626 Y57.46 E.02153
G1 X51.177 Y56.925 E.02364
G1 X50.848 Y56.495 E.01832
G1 X50.432 Y55.861 E.02566
G1 X50.073 Y55.224 E.02475
G1 X49.643 Y54.323 E.0338
G1 X49.351 Y53.546 E.02808
G1 X49.134 Y52.805 E.02616
G1 X48.993 Y52.168 E.02206
G1 X48.831 Y51.117 E.03599
G1 X48.779 Y50.289 E.02808
G1 X48.788 Y49.46 E.02808
G1 X48.858 Y48.635 E.02802
G1 X48.989 Y47.814 E.02814
G1 X49.18 Y47.007 E.02808
G1 X49.431 Y46.216 E.02808
G1 X49.707 Y45.525 E.02518
G1 X50.019 Y44.871 E.02454
G1 X50.33 Y44.311 E.02166
G1 X50.676 Y43.758 E.02208
G1 X50.991 Y43.3 E.01882
G1 X51.51 Y42.653 E.02808
G1 X52.071 Y42.051 E.02784
G1 X52.541 Y41.615 E.02171
G1 X53.078 Y41.168 E.02367
G1 X54.018 Y40.498 E.03907
G1 X54.736 Y40.082 E.02808
G1 X55.482 Y39.72 E.02808
G1 X56.254 Y39.415 E.02808
G1 X57.045 Y39.167 E.02808
G1 X57.834 Y38.983 E.02742
G1 X58.673 Y38.85 E.02873
G1 X59.347 Y38.795 E.0229
G1 X60 Y38.778 E.0221
G1 X60.64 Y38.796 E.02167
G1 X61.157 Y38.831 E.01755
G1 X61.978 Y38.947 E.02808
G1 X62.609 Y39.084 E.02186
G1 X63.309 Y39.277 E.02457
G1 X64.36 Y39.653 E.03778
G1 X65.112 Y40.003 E.02808
G1 X65.693 Y40.328 E.02252
G1 X66.243 Y40.677 E.02207
G1 X67.185 Y41.372 E.03962
G1 X67.802 Y41.926 E.02808
G1 X68.377 Y42.524 E.02808
G1 X68.836 Y43.079 E.02437
G1 X69.386 Y43.84 E.03178
G1 X69.76 Y44.458 E.02445
G1 X70.19 Y45.29 E.0317
G1 X70.446 Y45.901 E.02243
G1 X70.679 Y46.559 E.02364
G1 X70.857 Y47.174 E.02167
G1 X70.979 Y47.659 E.01693
G1 X71.113 Y48.426 E.02634
M204 S10000
G1 E-.8 F1800
G1 X65.931 Y42.823 Z2.4 F7200
G1 X61.409 Y37.934 Z2.4
G1 Z2
G1 E.8 F1800
M204 S500
G1 F1473.915
G1 X60.664 Y37.921 E.02521
G1 X59.968 Y37.948 E.02358
G1 X59.272 Y38.017 E.02369
G1 X57.691 Y38.219 E.05393
G1 X57 Y38.328 E.02369
G1 X56.319 Y38.476 E.02358
G1 X55.602 Y38.677 E.02521
G1 X55.476 Y38.666 E.00429
G1 X55.379 Y38.555 E.00498
G1 X54.878 Y36.946 E.05706
G1 X54.88 Y36.83 E.00391
G1 X55.003 Y36.716 E.00566
G1 X55.82 Y36.488 E.02871
G1 X56.617 Y36.314 E.02762
G1 X57.422 Y36.187 E.02759
G1 X58.793 Y36.011 E.04677
G1 X59.67 Y35.918 E.02987
G1 X60.515 Y35.876 E.02862
G1 X61.363 Y35.884 E.02872
G1 X61.587 Y35.913 E.00766
G1 X61.675 Y36.058 E.00572
G1 X61.614 Y37.339 E.04344
G1 X61.562 Y37.856 E.01758
G1 X61.444 Y37.916 E.00446
M204 S10000
G1 E-.8 F1800
G1 X55.684 Y39.138 Z2.4 F7200
G1 Z2
G1 E.8 F1800
M204 S1500
;TYPE:Inner wall
;WIDTH:0.528034
G1 F1236.823
G1 X56.054 Y39.02 E.01569
;WIDTH:0.498852
G1 F1315.986
G1 X56.425 Y38.902 E.01474
;WIDTH:0.46967
G1 F1405.975
G1 X56.921 Y38.77 E.01823
;WIDTH:0.424332
G1 F1573.102
G1 X57.334 Y38.687 E.01334
;WIDTH:0.397617
G1 F1691.585
G1 X57.746 Y38.604 E.01241
;WIDTH:0.370902
G1 F1829.369
G1 X58.615 Y38.479 E.02394
;WIDTH:0.3746
G1 F1808.973
G1 X59.316 Y38.405 E.01943
;WIDTH:0.423858
G1 F1575.06
G1 X59.997 Y38.363 E.02162
;WIDTH:0.469614
G1 F1406.16
G1 X60.669 Y38.359 E.02385
;WIDTH:0.494814
G1 F1327.745
G1 X61.187 Y38.381 E.01948
;WIDTH:0.524202
G1 F1246.67
G1 X61.433 Y38.399 E.00989
M204 S10000
G1 E-.8 F1800
G1 X64.572 Y39.231 Z2.4 F7200
G1 Z2
G1 E.8 F1800
M204 S1500
;WIDTH:0.535664
G1 F1217.671
G1 X64.667 Y39.285 E.00451
;WIDTH:0.517962
G1 F1263.046
G1 X65.002 Y39.458 E.01486
;WIDTH:0.489514
G1 F1343.502
G1 X65.336 Y39.63 E.01397
;WIDTH:0.461066
G1 F1434.906
G1 X65.703 Y39.855 E.01495
;WIDTH:0.429784
G1 F1550.933
G1 X66.07 Y40.079 E.01383
;WIDTH:0.398502
G1 F1687.375
G1 X66.771 Y40.573 E.02537
;WIDTH:0.377222
G1 F1794.784
G1 X67.711 Y41.317 E.03333
;WIDTH:0.42156
G1 F1584.619
G1 X68.224 Y41.767 E.02148
;WIDTH:0.46402
G1 F1424.84
G1 X68.721 Y42.257 E.02443
;WIDTH:0.494933
G1 F1327.395
G1 X68.978 Y42.544 E.01447
;WIDTH:0.525846
G1 F1242.426
G1 X69.235 Y42.83 E.01546
M204 S10000
G1 E-.8 F1800
G1 X70.874 Y45.723 Z2.4 F7200
G1 Z2
G1 E.8 F1800
M204 S1500
;WIDTH:0.51929
G1 F1259.525
G1 X70.943 Y45.925 E.00848
;WIDTH:0.494812
G1 F1327.751
G1 X71.095 Y46.421 E.01948
;WIDTH:0.469618
G1 F1406.147
G1 X71.26 Y47.073 E.02385
;WIDTH:0.423858
G1 F1575.06
G1 X71.39 Y47.743 E.02162
;WIDTH:0.374604
G1 F1808.951
G1 X71.495 Y48.439 E.01943
;WIDTH:0.370896
G1 F1829.402
G1 X71.593 Y49.312 E.02394
;WIDTH:0.397611
G1 F1691.613
G1 X71.616 Y49.731 E.0124
;WIDTH:0.424326
G1 F1573.127
G1 X71.639 Y50.151 E.01334
;WIDTH:0.469662
G1 F1406.002
G1 X71.637 Y50.665 E.01823
;WIDTH:0.498849
G1 F1315.994
G1 X71.616 Y51.053 E.01474
;WIDTH:0.528036
G1 F1236.818
G1 X71.595 Y51.442 E.01569
M204 S10000
G1 E-.8 F1800
G1 X70.71 Y54.663 Z2.4 F7200
G1 Z2
G1 E.8 F1800
M204 S1500
;WIDTH:0.521494
G1 F1253.725
G1 X70.542 Y54.988 E.01458
;WIDTH:0.494846
G1 F1327.651
G1 X70.374 Y55.314 E.01376
;WIDTH:0.468198
G1 F1410.842
G1 X70.203 Y55.603 E.01189
;WIDTH:0.442702
G1 F1500.818
G1 X70.032 Y55.893 E.01118
;WIDTH:0.417206
G1 F1603.052
G1 X69.791 Y56.244 E.01325
;WIDTH:0.388577
G1 F1735.825
G1 X69.55 Y56.595 E.01223
;WIDTH:0.359948
G1 F1892.577
G1 X69.032 Y57.277 E.0226
;WIDTH:0.376466
G1 F1798.852
G1 X68.679 Y57.708 E.01543
;WIDTH:0.424086
G1 F1574.117
G1 X68.228 Y58.22 E.02163
;WIDTH:0.4681
G1 F1411.167
G1 X67.756 Y58.698 E.02376
;WIDTH:0.494395
G1 F1328.977
G1 X67.474 Y58.953 E.01426
;WIDTH:0.52069
G1 F1255.834
G1 X67.192 Y59.207 E.01509
M204 S10000
G1 E-.8 F1800
G1 X64.321 Y60.857 Z2.4 F7200
G1 Z2
G1 E.8 F1800
M204 S1500
;WIDTH:0.521698
G1 F1253.19
G1 X64.274 Y60.872 E.00197
;WIDTH:0.514706
G1 F1271.763
G1 X63.863 Y60.999 E.01687
;WIDTH:0.482989
G1 F1363.422
G1 X63.453 Y61.127 E.01574
;WIDTH:0.451272
G1 F1469.321
G1 X63.034 Y61.224 E.01459
;WIDTH:0.420843
G1 F1587.625
G1 X62.615 Y61.322 E.01351
;WIDTH:0.390414
G1 F1726.649
G1 X61.769 Y61.462 E.02478
;WIDTH:0.3761
G1 F1800.828
G1 X60.684 Y61.586 E.03025
;WIDTH:0.41881
G1 F1596.212
G1 X60.003 Y61.632 E.02133
;WIDTH:0.443894
G1 F1496.356
G1 X59.601 Y61.632 E.01343
;WIDTH:0.468978
G1 F1408.259
G1 X59.198 Y61.631 E.01427
;WIDTH:0.498307
G1 F1317.561
G1 X58.87 Y61.612 E.01243
;WIDTH:0.527636
G1 F1237.838
G1 X58.543 Y61.592 E.01323
M204 S10000
G1 E-.8 F1800
G1 X55.368 Y60.724 Z2.4 F7200
G1 Z2
G1 E.8 F1800
M204 S1500
;WIDTH:0.526642
G1 F1240.382
G1 X55.026 Y60.546 E.01552
;WIDTH:0.498391
G1 F1317.318
G1 X54.683 Y60.369 E.01461
;WIDTH:0.47014
G1 F1404.429
G1 X54.105 Y60.026 E.02388
;WIDTH:0.422636
G1 F1580.128
G1 X53.61 Y59.696 E.01878
;WIDTH:0.374006
G1 F1812.218
G1 X52.92 Y59.185 E.02364
;WIDTH:0.363102
G1 F1873.934
G1 X52.255 Y58.645 E.02282
;WIDTH:0.39292
G1 F1714.286
G1 X52.014 Y58.433 E.00933
;WIDTH:0.422738
G1 F1579.704
G1 X51.773 Y58.222 E.01013
;WIDTH:0.470144
G1 F1404.415
G1 X51.298 Y57.752 E.02372
;WIDTH:0.495586
G1 F1325.481
G1 X51.054 Y57.479 E.01378
;WIDTH:0.521028
G1 F1254.947
G1 X50.809 Y57.207 E.01456
M204 S10000
G1 E-.8 F1800
G1 X49.143 Y54.324 Z2.4 F7200
G1 Z2
G1 E.8 F1800
M204 S1500
;WIDTH:0.527632
G1 F1237.848
G1 X49.042 Y54.012 E.01323
;WIDTH:0.498306
G1 F1317.563
G1 X48.941 Y53.7 E.01243
;WIDTH:0.46898
G1 F1408.252
G1 X48.839 Y53.31 E.01427
;WIDTH:0.443894
G1 F1496.356
G1 X48.738 Y52.92 E.01343
;WIDTH:0.418808
G1 F1596.22
G1 X48.61 Y52.25 E.02133
;WIDTH:0.376106
G1 F1800.796
G1 X48.458 Y51.169 E.03025
;WIDTH:0.390418
G1 F1726.629
G1 X48.381 Y50.314 E.02478
;WIDTH:0.420845
G1 F1587.616
G1 X48.37 Y49.885 E.01351
;WIDTH:0.451272
G1 F1469.321
G1 X48.359 Y49.455 E.01459
;WIDTH:0.482992
G1 F1363.413
G1 X48.379 Y49.025 E.01574
;WIDTH:0.514712
G1 F1271.747
G1 X48.399 Y48.596 E.01687
;WIDTH:0.521704
G1 F1253.175
G1 X48.401 Y48.546 E.00197
M204 S10000
G1 E-.8 F1800
G1 X47.065 Y44.295 Z2.4 F7200
G1 Z2
G1 E.8 F1800
M204 S500
;TYPE:Outer wall
;WIDTH:0.449999
G1 F1473.915
G1 X47.076 Y44.139 E.0053
G1 X47.492 Y43.4 E.02871
G1 X47.933 Y42.714 E.02761
G1 X48.764 Y41.599 E.04707
G1 X49.395 Y40.783 E.0349
G1 X49.886 Y40.186 E.02617
G1 X50.458 Y39.563 E.02863
G1 X51.068 Y38.973 E.02873
G1 X51.177 Y38.913 E.00422
G1 X51.341 Y38.97 E.00587
G1 X52.475 Y40.217 E.05706
G1 X52.514 Y40.396 E.0062
G1 X51.501 Y41.453 E.04955
G1 X51.018 Y42.036 E.02563
G1 X50.04 Y43.301 E.05413
G1 X49.628 Y43.867 E.02369
G1 X49.251 Y44.453 E.02358
G1 X48.886 Y45.102 E.02521
G1 X48.719 Y45.195 E.00647
G1 X48.265 Y44.976 E.01704
G1 X47.15 Y44.39 E.04265
G1 X47.092 Y44.325 E.00294
M204 S10000
G1 E-.8 F1800
G1 X49.276 Y45.353 Z2.4 F7200
G1 Z2
G1 E.8 F1800
M73 P48 R8
M204 S1500
;TYPE:Inner wall
;WIDTH:0.520684
G1 F1255.85
G1 X49.335 Y45.233 E.00529
;WIDTH:0.504322
G1 F1300.385
G1 X49.626 Y44.679 E.02403
;WIDTH:0.468102
G1 F1411.16
G1 X49.971 Y44.102 E.02376
;WIDTH:0.424092
G1 F1574.093
G1 X50.353 Y43.536 E.02163
;WIDTH:0.376468
G1 F1798.842
G1 X50.706 Y43.054 E.01657
;WIDTH:0.374006
G1 F1812.218
G1 X51.32 Y42.284 E.02712
;WIDTH:0.419092
G1 F1595.015
G1 X51.805 Y41.734 E.02294
;WIDTH:0.445683
G1 F1489.71
G1 X52.095 Y41.447 E.01367
;WIDTH:0.472274
G1 F1397.448
G1 X52.386 Y41.16 E.01458
;WIDTH:0.521496
G1 F1253.719
G1 X52.789 Y40.805 E.02138
M204 S10000
G1 E-.8 F1800
G1 X54.356 Y39.407 Z2.4 F7200
G1 Z2
G1 E.8 F1800
M204 S500
;TYPE:Sparse infill
;WIDTH:0.45
G1 F1473.913
G1 X54.921 Y39.132 E.02126
G1 X54.655 Y38.836 E.01345
G1 X54.478 Y38.26 E.0204
G1 X52.236 Y36.018 E.10733
G1 X51.391 Y36.52 E.03326
G1 X50.601 Y37.059 E.03238
G1 X50.357 Y37.248 E.01044
G1 X51.276 Y38.167 E.044
G1 X51.054 Y38.143 E.00753
G1 X50.628 Y38.328 E.01572
G1 X49.929 Y38.995 E.03272
G1 X49.481 Y39.481 E.02237
G1 X48.695 Y38.695 E.0376
G1 X48.442 Y38.945 E.01205
G1 X47.801 Y39.656 E.03239
G1 X47.245 Y40.354 E.0302
G1 X48.093 Y41.201 E.04057
G1 X47.31 Y42.252 E.04435
G1 X46.813 Y43.03 E.03126
G1 X46.022 Y42.24 E.03784
G1 X45.698 Y42.843 E.02319
G1 X45.296 Y43.711 E.03238
G1 X45.039 Y44.365 E.02378
G1 X48.249 Y47.576 E.15368
G1 X48.216 Y47.756 E.00621
G1 X48.195 Y47.725 E.00129
G1 X47.815 Y47.629 E.01324
G1 X46.005 Y47.549 E.06133
G1 X45.732 Y47.607 E.00946
G1 X45.403 Y47.838 E.0136
G1 X44.343 Y46.778 E.05077
G1 X44.225 Y47.377 E.02066
G1 X44.096 Y48.325 E.03239
G1 X44.025 Y49.279 E.03238
G1 X44.021 Y49.564 E.00967
G1 X45.184 Y50.728 E.05569
G1 X45.38 Y52.344 E.05511
M204 S10000
G1 E-.8 F1800
G1 X48.173 Y58.927 Z2.4 F7200
G1 Z2
G1 E.8 F1800
M204 S500
G1 F1473.913
G1 X48.134 Y58.809 E.00421
G1 X48.245 Y58.349 E.01601
G1 X48.375 Y58.16 E.00778
G1 X48.966 Y57.619 E.02712
G1 X47.195 Y55.847 E.0848
G1 X47.075 Y55.885 E.00423
G1 X46.894 Y55.903 E.00615
G1 X46.453 Y55.798 E.01537
G1 X46.096 Y55.475 E.0163
G1 X45.977 Y55.212 E.00975
G1 X45.753 Y54.405 E.02836
G1 X44.286 Y52.938 E.07022
G1 X44.523 Y54.019 E.03747
G1 X44.791 Y54.938 E.03238
G1 X45.122 Y55.857 E.03306
G1 X45.49 Y56.718 E.03172
G1 X45.918 Y57.574 E.03239
G1 X46.062 Y57.824 E.00976
G1 X52.17 Y63.931 E.29235
G1 X52.634 Y64.19 E.01799
G1 X53.496 Y64.605 E.03239
G1 X54.381 Y64.968 E.03238
G1 X55.286 Y65.277 E.03239
G1 X56.209 Y65.532 E.03239
G1 X57.06 Y65.712 E.02945
G1 X54.84 Y63.493 E.10627
G1 X54.873 Y63.475 E.00128
G1 X55.024 Y63.301 E.00778
G1 X55.875 Y61.692 E.06164
G1 X55.906 Y61.45 E.00823
G1 X57.593 Y63.137 E.08075
G1 X57.553 Y63.987 E.02878
G1 X57.581 Y64.166 E.00615
G1 X57.795 Y64.57 E.01547
G1 X58.262 Y64.851 E.01844
G1 X58.422 Y64.877 E.00549
G1 X59.352 Y64.896 E.0315
G1 X60.431 Y65.975 E.05163
G1 X60.956 Y65.959 E.0178
G1 X61.909 Y65.873 E.03238
G1 X62.915 Y65.718 E.03444
G1 X63.218 Y65.653 E.0105
G1 X62.2 Y64.635 E.04875
G1 X63.539 Y64.437 E.04582
G1 X64.339 Y64.263 E.02772
G1 X64.805 Y64.131 E.01638
G1 X65.635 Y64.961 E.03975
G1 X66.504 Y64.605 E.0318
G1 X67.366 Y64.19 E.03238
G1 X67.755 Y63.973 E.01508
G1 X65.526 Y61.743 E.10673
G1 X65.357 Y61.194 E.01947
G1 X65.169 Y60.85 E.01324
G1 X65.133 Y60.838 E.00129
G1 X65.987 Y60.395 E.03258
G1 X66.742 Y59.922 E.03014
G1 X66.941 Y60.285 E.01402
G1 X68.161 Y61.618 E.06118
G1 X68.268 Y61.7 E.00456
G1 X68.681 Y61.855 E.01492
G1 X68.737 Y61.845 E.00192
G1 X69.641 Y62.749 E.04327
G1 X69.782 Y62.646 E.00593
G1 X70.521 Y62.039 E.03238
G1 X71.303 Y61.303 E.03634
G1 X70.516 Y60.516 E.03771
G1 X70.687 Y60.33 E.00857
G1 X71.217 Y59.684 E.02825
G1 X71.904 Y58.795 E.03804
G1 X72.748 Y59.639 E.0404
G1 X73.076 Y59.201 E.01853
G1 X73.603 Y58.403 E.03239
G1 X73.976 Y57.758 E.02519
G1 X73.184 Y56.967 E.03789
G1 X73.651 Y56.131 E.0324
G1 X73.722 Y55.672 E.01572
G1 X73.546 Y55.205 E.01689
G1 X73.309 Y54.975 E.0112
G1 X71.602 Y54.077 E.06528
G1 X71.268 Y54.098 E.01131
G1 X71.447 Y53.595 E.01806
G1 X71.667 Y52.799 E.02797
G1 X71.744 Y52.418 E.01315
G1 X74.959 Y55.633 E.15392
G1 X75.209 Y54.938 E.025
G1 X75.477 Y54.019 E.03238
G1 X75.659 Y53.223 E.02763
G1 X74.582 Y52.147 E.05153
G1 X74.809 Y51.87 E.01211
G1 X74.88 Y51.593 E.00969
G1 X74.9 Y50.654 E.03179
G1 X74.864 Y49.746 E.03075
G1 X74.817 Y49.273 E.01608
G1 X75.98 Y50.437 E.05568
G1 X75.975 Y49.279 E.03919
G1 X75.904 Y48.325 E.03238
G1 X75.775 Y47.377 E.03239
G1 X75.713 Y47.06 E.01091
G1 X74.25 Y45.597 E.07003
G1 X73.994 Y44.69 E.03191
G1 X73.768 Y44.352 E.01376
G1 X73.317 Y44.111 E.01729
G1 X72.934 Y44.105 E.01297
G1 X72.799 Y44.147 E.00478
G1 X71.029 Y42.376 E.08475
G1 X71.645 Y41.81 E.02833
G1 X71.836 Y41.438 E.01417
G1 X71.825 Y41.065 E.01262
M204 S10000
G1 E-.8 F1800
G1 X74.674 Y43.646 Z2.4 F7200
G1 Z2
G1 E.8 F1800
M204 S500
G1 F1473.913
G1 X74.302 Y42.843 E.02996
G1 X73.95 Y42.189 E.02515
G1 X67.795 Y36.034 E.29462
G1 X66.938 Y35.589 E.03269
G1 X66.333 Y35.319 E.02242
M204 S10000
G1 E-.8 F1800
G1 X62.481 Y38.27 Z2.4 F7200
G1 Z2
G1 E.8 F1800
M204 S500
G1 F1473.913
G1 X62.231 Y38.217 E.00865
G1 X62.367 Y37.817 E.01429
G1 X62.412 Y36.868 E.03217
G1 X64.052 Y38.508 E.07851
G1 X64.133 Y38.285 E.00803
G1 X64.993 Y36.666 E.06205
G1 X65.165 Y36.513 E.00781
G1 X62.937 Y34.284 E.10669
G1 X62.383 Y34.184 E.01903
G1 X61.433 Y34.069 E.03239
G1 X60.478 Y34.012 E.03239
G1 X59.563 Y34.019 E.031
G1 X60.641 Y35.097 E.05162
G1 X59.75 Y35.132 E.03019
G1 X58.943 Y35.212 E.02744
G1 X57.793 Y35.358 E.03922
G1 X56.772 Y34.337 E.0489
G1 X55.726 Y34.587 E.03641
G1 X54.831 Y34.863 E.03169
G1 X54.365 Y35.038 E.01687
G1 X55.187 Y35.861 E.03938
G1 X55.661 Y35.729 E.01665
G1 X56.503 Y35.547 E.02914
G1 X56.775 Y35.505 E.00933
; stop printing object fidget-finger-massager-2000-ring.stl id:15 copy 0
;LAYER_CHANGE
;Z:2.2
;HEIGHT:0.2
G92 E0
;_SET_FAN_SPEED_CHANGING_LAYER
; printing object fidget-finger-massager-2000-ring.stl id:15 copy 0
M204 S10000
G1 E-.8 F1800
G1 X51.73 Y41.232 Z2.6 F7200
G1 X45.554 Y48.246 Z2.6
M73 P49 R8
G1 Z2.2
G1 E.8 F1800
M204 S1500
;TYPE:Inner wall
;WIDTH:0.449999
G1 F1473.915
G1 X45.604 Y48.112 E.00484
G1 X45.86 Y47.931 E.01061
G1 X46.101 Y47.894 E.00823
G1 X47.785 Y47.974 E.05706
G1 X48.019 Y48.033 E.00818
;WIDTH:0.485851
G1 F1354.614
G1 X48.21 Y48.29 E.01178
;WIDTH:0.521702
G1 F1253.18
G1 X48.401 Y48.546 E.01274
G1 X48.484 Y48.146 E.01626
;WIDTH:0.485851
G1 F1354.614
G1 X48.566 Y47.746 E.01504
;WIDTH:0.449999
G1 F1473.915
G1 X48.764 Y46.908 E.02915
G1 X49.022 Y46.086 E.02915
;WIDTH:0.485342
G1 F1356.173
G1 X49.149 Y45.72 E.01428
;WIDTH:0.520684
G1 F1255.85
G1 X49.276 Y45.353 E.01542
G1 X49.01 Y45.488 E.01186
;WIDTH:0.485342
G1 F1356.173
G1 X48.744 Y45.623 E.01098
;WIDTH:0.449999
G1 F1473.915
G1 X48.443 Y45.553 E.01045
G1 X46.951 Y44.769 E.05706
G1 X46.831 Y44.687 E.00492
G1 X46.667 Y44.453 E.00968
G1 X46.645 Y44.072 E.01293
G1 X46.938 Y43.511 E.0214
G1 X47.39 Y42.765 E.02954
G1 X47.885 Y42.05 E.02944
G1 X49.056 Y40.521 E.06517
G1 X49.554 Y39.914 E.02659
G1 X50.143 Y39.272 E.02948
G1 X50.771 Y38.664 E.02957
G1 X51.109 Y38.49 E.01289
G1 X51.429 Y38.524 E.0109
G1 X51.658 Y38.682 E.00941
G1 X52.834 Y39.981 E.05931
;WIDTH:0.452545
G1 F1464.754
G1 X52.935 Y40.487 E.01757
;WIDTH:0.487021
G1 F1351.046
G1 X52.862 Y40.646 E.00647
;WIDTH:0.521496
G1 F1253.719
G1 X52.789 Y40.805 E.00697
G1 X53.283 Y40.475 E.02364
;WIDTH:0.485748
G1 F1354.929
G1 X53.777 Y40.144 E.02188
;WIDTH:0.449999
G1 F1473.915
G1 X54.22 Y39.885 E.01738
G1 X55.296 Y39.335 E.0409
;WIDTH:0.489017
G1 F1345
G1 X55.49 Y39.236 E.00807
;WIDTH:0.528034
G1 F1236.823
G1 X55.684 Y39.138 E.00878
G1 X55.489 Y39.096 E.00804
;WIDTH:0.489017
G1 F1345
G1 X55.294 Y39.054 E.00739
;WIDTH:0.449999
G1 F1473.915
G1 X54.97 Y38.683 E.0167
G1 X54.469 Y37.073 E.05706
G1 X54.445 Y36.961 E.00389
G1 X54.477 Y36.686 E.00936
G1 X54.742 Y36.365 E.01407
G1 X55.238 Y36.206 E.01764
G1 X55.739 Y36.066 E.0176
G1 X56.526 Y35.895 E.02726
G1 X57.355 Y35.763 E.02844
G1 X58.738 Y35.586 E.04719
G1 X59.628 Y35.492 E.03029
G1 X60.498 Y35.447 E.02947
G1 X61.371 Y35.455 E.02956
G1 X61.669 Y35.484 E.01012
G1 X61.812 Y35.548 E.00531
G1 X62.036 Y35.791 E.01119
G1 X62.102 Y36.097 E.01061
G1 X62.022 Y37.781 E.05706
G1 X61.887 Y38.137 E.01288
;WIDTH:0.487101
G1 F1350.802
G1 X61.66 Y38.268 E.00967
;WIDTH:0.524202
G1 F1246.67
G1 X61.433 Y38.399 E.01048
G1 X61.736 Y38.461 E.01235
;WIDTH:0.487101
G1 F1350.802
G1 X62.038 Y38.523 E.0114
;WIDTH:0.449999
G1 F1473.915
G1 X62.7 Y38.665 E.02293
G1 X63.431 Y38.866 E.02564
;WIDTH:0.487561
G1 F1349.403
G1 X63.978 Y39.042 E.02124
;WIDTH:0.525123
G1 F1244.289
G1 X64.525 Y39.217 E.02304
;WIDTH:0.535662
G1 F1217.676
G1 X64.572 Y39.231 E.00198
G1 X64.478 Y38.919 E.01332
;WIDTH:0.492831
G1 F1333.599
G1 X64.384 Y38.608 E.01216
;WIDTH:0.449999
G1 F1473.915
G1 X64.639 Y38.066 E.02028
G1 X65.227 Y36.947 E.04279
G1 X65.472 Y36.697 E.01184
G1 X65.802 Y36.621 E.01146
G1 X66.067 Y36.699 E.00936
G1 X66.806 Y37.115 E.02871
G1 X67.514 Y37.568 E.02846
G1 X68.194 Y38.062 E.02844
G1 X69.206 Y38.844 E.04329
G1 X69.904 Y39.404 E.03029
G1 X70.555 Y39.982 E.02946
G1 X71.171 Y40.6 E.02955
G1 X71.44 Y40.91 E.01388
G1 X71.485 Y41.016 E.00391
G1 X71.495 Y41.355 E.01146
G1 X71.314 Y41.654 E.01184
G1 X70.067 Y42.789 E.05706
G1 X69.919 Y42.888 E.00605
;WIDTH:0.478806
G1 F1376.507
G1 X69.618 Y42.883 E.01092
;WIDTH:0.507613
G1 F1291.175
G1 X69.316 Y42.878 E.01164
;WIDTH:0.525846
G1 F1242.426
G1 X69.235 Y42.83 E.00378
G1 X69.486 Y43.211 E.01829
;WIDTH:0.487923
G1 F1348.307
G1 X69.736 Y43.592 E.01686
;WIDTH:0.449999
G1 F1473.915
G1 X70.127 Y44.237 E.02552
G1 X70.573 Y45.096 E.03277
;WIDTH:0.484645
G1 F1358.313
G1 X70.723 Y45.409 E.01277
;WIDTH:0.51929
G1 F1259.525
G1 X70.874 Y45.723 E.01377
G1 X70.939 Y45.455 E.01093
;WIDTH:0.484645
G1 F1358.313
G1 X71.004 Y45.187 E.01013
;WIDTH:0.449999
G1 F1473.915
G1 X71.314 Y44.966 E.01288
G1 X72.923 Y44.465 E.05706
G1 X73.236 Y44.452 E.01061
G1 X73.528 Y44.608 E.01119
G1 X73.693 Y44.884 E.01088
G1 X73.921 Y45.701 E.02871
G1 X74.101 Y46.522 E.02846
G1 X74.233 Y47.351 E.02844
G1 X74.482 Y49.395 E.06968
G1 X74.54 Y50.263 E.02945
G1 X74.545 Y51.136 E.02954
G1 X74.515 Y51.656 E.01764
G1 X74.272 Y51.993 E.01407
G1 X73.959 Y52.101 E.0112
G1 X72.198 Y52.017 E.05967
;WIDTH:0.450206
G1 X71.746 Y51.762 E.01758
;WIDTH:0.489121
G1 F1344.685
G1 X71.671 Y51.602 E.00657
;WIDTH:0.528036
G1 F1236.818
G1 X71.595 Y51.442 E.00715
G1 X71.469 Y52.054 E.02524
;WIDTH:0.489018
G1 F1344.998
G1 X71.343 Y52.667 E.02321
;WIDTH:0.449999
G1 F1473.915
G1 X71.128 Y53.449 E.02744
;WIDTH:0.452544
G1 F1464.758
G1 X70.827 Y54.309 E.03105
;WIDTH:0.487019
G1 F1351.05
G1 X70.768 Y54.486 E.00687
;WIDTH:0.521494
G1 F1253.725
G1 X70.71 Y54.663 E.00741
G1 X70.845 Y54.552 E.00697
;WIDTH:0.487019
G1 F1351.05
G1 X70.981 Y54.442 E.00647
;WIDTH:0.452544
G1 F1464.758
G1 X71.503 Y54.411 E.01781
;WIDTH:0.449999
G1 F1473.915
G1 X73.049 Y55.223 E.05911
G1 X73.259 Y55.405 E.00941
G1 X73.373 Y55.706 E.0109
G1 X73.289 Y56.078 E.01289
G1 X72.881 Y56.802 E.02815
G1 X72.428 Y57.51 E.02846
G1 X71.934 Y58.19 E.02844
G1 X70.944 Y59.471 E.0548
G1 X70.422 Y60.107 E.02784
G1 X69.853 Y60.725 E.02846
G1 X69.217 Y61.339 E.02991
G1 X69.062 Y61.448 E.00643
G1 X68.72 Y61.506 E.01175
G1 X68.383 Y61.356 E.01249
G1 X67.208 Y60.063 E.05912
G1 X67.064 Y59.79 E.01046
;WIDTH:0.485345
G1 F1356.164
G1 X67.128 Y59.498 E.01098
;WIDTH:0.52069
G1 F1255.834
G1 X67.192 Y59.207 E.01186
G1 X66.887 Y59.409 E.01452
;WIDTH:0.485345
G1 F1356.164
G1 X66.583 Y59.612 E.01345
;WIDTH:0.449999
G1 F1473.915
G1 X66.107 Y59.913 E.01908
G1 X65.451 Y60.288 E.02555
;WIDTH:0.485849
G1 F1354.62
G1 X64.886 Y60.572 E.0233
;WIDTH:0.521698
G1 F1253.19
G1 X64.321 Y60.857 E.02519
G1 X64.618 Y60.977 E.01274
;WIDTH:0.485849
G1 F1354.62
G1 X64.914 Y61.098 E.01178
;WIDTH:0.449999
G1 F1473.915
G1 X65.03 Y61.31 E.00818
G1 X65.531 Y62.919 E.05706
G1 X65.556 Y63.161 E.00823
G1 X65.446 Y63.455 E.01061
G1 X65.113 Y63.689 E.01378
G1 X64.294 Y63.918 E.02878
G1 X63.474 Y64.097 E.02839
G1 X62.645 Y64.229 E.02844
G1 X61.039 Y64.435 E.0548
G1 X60.22 Y64.515 E.02784
G1 X59.38 Y64.55 E.02846
G1 X58.497 Y64.535 E.02991
G1 X58.361 Y64.517 E.00464
G1 X58.054 Y64.332 E.01214
G1 X57.892 Y64.027 E.01169
G1 X57.995 Y62.092 E.06558
;WIDTH:0.486107
G1 F1353.83
G1 X58.351 Y61.658 E.02067
;WIDTH:0.527636
G1 F1237.838
G1 X58.543 Y61.592 E.00817
G1 X58.041 Y61.489 E.02064
;WIDTH:0.488818
G1 F1345.601
G1 X57.539 Y61.387 E.01899
;WIDTH:0.449999
G1 F1473.915
G1 X56.925 Y61.23 E.02145
G1 X55.888 Y60.9 E.03684
;WIDTH:0.488322
G1 F1347.099
G1 X55.628 Y60.812 E.01016
;WIDTH:0.526644
G1 F1240.377
G1 X55.368 Y60.724 E.01103
G1 X55.491 Y60.934 E.00978
;WIDTH:0.488322
G1 F1347.099
G1 X55.614 Y61.143 E.009
;WIDTH:0.449999
G1 F1473.915
G1 X55.524 Y61.616 E.0163
G1 X54.773 Y63.045 E.05465
G1 X54.645 Y63.212 E.00709
G1 X54.377 Y63.355 E.0103
G1 X54.014 Y63.332 E.01231
G1 X53.314 Y62.945 E.02706
G1 X52.575 Y62.481 E.02953
G1 X51.867 Y61.975 E.02944
G1 X50.525 Y60.94 E.05738
G1 X49.889 Y60.419 E.02784
G1 X49.271 Y59.849 E.02846
G1 X48.657 Y59.214 E.02991
G1 X48.6 Y59.145 E.00302
G1 X48.486 Y58.8 E.01231
G1 X48.557 Y58.504 E.0103
G1 X48.686 Y58.338 E.00709
G1 X49.933 Y57.204 E.05706
G1 X50.36 Y57.045 E.01543
;WIDTH:0.485514
G1 F1355.646
G1 X50.584 Y57.126 E.00878
;WIDTH:0.521028
G1 F1254.947
G1 X50.809 Y57.207 E.00948
G1 X50.658 Y56.981 E.01078
;WIDTH:0.485514
G1 F1355.646
G1 X50.508 Y56.756 E.00998
;WIDTH:0.449999
G1 F1473.915
G1 X50.074 Y56.096 E.02674
G1 X49.698 Y55.432 E.02582
;WIDTH:0.486103
G1 F1353.843
G1 X49.237 Y54.51 E.03798
;WIDTH:0.527632
G1 F1237.848
G1 X49.143 Y54.324 E.00839
G1 X49.128 Y54.527 E.00817
;WIDTH:0.486103
G1 F1353.843
G1 X48.786 Y54.996 E.0214
;WIDTH:0.449999
G1 F1473.915
G1 X47.077 Y55.527 E.06058
G1 X46.902 Y55.555 E.00599
G1 X46.615 Y55.487 E.00999
G1 X46.359 Y55.236 E.01214
G1 X46.147 Y54.536 E.02475
G1 X45.946 Y53.687 E.02953
G1 X45.797 Y52.83 E.02944
G1 X45.561 Y51.033 E.06135
G1 X45.481 Y50.217 E.02776
G1 X45.446 Y49.377 E.02846
G1 X45.461 Y48.493 E.02991
G1 X45.54 Y48.283 E.00759
M204 S500
G1 X45.932 Y48.387 F7200
;TYPE:Outer wall
G1 F1473.915
G1 X46.081 Y48.322 E.00547
G1 X47.765 Y48.402 E.05706
G1 X47.834 Y48.42 E.00244
G1 X47.938 Y48.587 E.00667
G1 X47.924 Y49.332 E.02521
G1 X47.952 Y50.028 E.02358
G1 X48.021 Y50.725 E.02369
G1 X48.223 Y52.305 E.05393
G1 X48.332 Y52.996 E.02369
G1 X48.48 Y53.677 E.02358
G1 X48.68 Y54.394 E.02521
G1 X48.686 Y54.467 E.00248
G1 X48.572 Y54.613 E.00624
G1 X46.949 Y55.118 E.05753
G1 X46.812 Y55.106 E.00468
G1 X46.72 Y54.993 E.00492
G1 X46.492 Y54.177 E.02871
G1 X46.365 Y53.596 E.02013
G1 X46.22 Y52.763 E.0286
G1 X45.987 Y50.98 E.06087
G1 X45.907 Y50.175 E.02739
G1 X45.874 Y49.359 E.02761
G1 X45.89 Y48.501 E.02907
G1 X45.918 Y48.425 E.00276
M204 S10000
G1 E-.8 F1800
G1 X48.037 Y55.757 Z2.6 F7200
G1 X48.914 Y58.793 Z2.6
G1 Z2.2
G1 E.8 F1800
M204 S500
G1 F1473.915
G1 X48.974 Y58.655 E.00508
G1 X50.221 Y57.521 E.05706
G1 X50.348 Y57.474 E.0046
G1 X50.475 Y57.529 E.00467
G1 X50.992 Y58.065 E.02521
G1 X51.503 Y58.538 E.02358
G1 X52.044 Y58.982 E.02369
G1 X53.305 Y59.957 E.05394
G1 X53.871 Y60.368 E.02369
G1 X54.457 Y60.745 E.02358
G1 X55.106 Y61.11 E.02521
G1 X55.195 Y61.232 E.00509
G1 X55.144 Y61.417 E.0065
G1 X54.394 Y62.846 E.05465
G1 X54.275 Y62.938 E.00508
G1 X54.143 Y62.92 E.00452
G1 X53.404 Y62.504 E.02871
G1 X52.717 Y62.063 E.02761
G1 X52.12 Y61.629 E.02502
G1 X50.787 Y60.601 E.05695
G1 X50.161 Y60.087 E.02741
G1 X49.562 Y59.534 E.02761
G1 X48.965 Y58.916 E.02907
G1 X48.93 Y58.83 E.00317
M204 S10000
G1 E-.8 F1800
G1 X56.162 Y61.268 Z2.6 F7200
G1 X58.532 Y62.067 Z2.6
G1 Z2.2
G1 E.8 F1800
M204 S500
G1 F1473.915
G1 X59.19 Y62.069 E.02227
G1 X60.02 Y62.045 E.02811
G1 X60.723 Y61.976 E.0239
G1 X62.315 Y61.773 E.05432
G1 X63 Y61.665 E.0235
G1 X63.681 Y61.516 E.02358
G1 X64.399 Y61.316 E.02523
G1 X64.606 Y61.388 E.00743
G1 X65.122 Y63.047 E.05879
G1 X65.097 Y63.206 E.00547
G1 X64.997 Y63.276 E.00411
G1 X64.18 Y63.505 E.02873
G1 X63.383 Y63.679 E.02759
G1 X62.578 Y63.806 E.02759
G1 X60.984 Y64.009 E.05438
G1 X60.178 Y64.089 E.02742
G1 X59.363 Y64.122 E.02761
G1 X58.505 Y64.106 E.02907
G1 X58.373 Y64.046 E.00492
G1 X58.326 Y63.916 E.00468
G1 X58.406 Y62.232 E.05706
G1 X58.507 Y62.099 E.00566
M204 S10000
G1 E-.8 F1800
G1 X65.88 Y60.123 Z2.6 F7200
G1 X67.482 Y59.694 Z2.6
M73 P50 R8
G1 Z2.2
G1 E.8 F1800
M204 S500
G1 F1473.915
G1 X67.533 Y59.522 E.00607
G1 X68.069 Y59.005 E.02521
G1 X68.542 Y58.493 E.02358
G1 X68.986 Y57.952 E.02369
G1 X69.96 Y56.691 E.05394
G1 X70.372 Y56.125 E.02369
G1 X70.749 Y55.539 E.02358
G1 X71.114 Y54.89 E.02521
G1 X71.186 Y54.82 E.00341
G1 X71.357 Y54.819 E.0058
G1 X72.85 Y55.603 E.05706
G1 X72.947 Y55.747 E.00587
G1 X72.916 Y55.868 E.00422
G1 X72.508 Y56.592 E.02815
G1 X72.067 Y57.279 E.02761
G1 X71.588 Y57.938 E.02759
G1 X70.605 Y59.209 E.05438
G1 X70.091 Y59.835 E.02741
G1 X69.538 Y60.435 E.02761
G1 X68.92 Y61.031 E.02907
G1 X68.772 Y61.081 E.0053
G1 X68.659 Y61.022 E.00429
G1 X67.525 Y59.775 E.05706
G1 X67.5 Y59.729 E.00176
M204 S10000
G1 E-.8 F1800
G1 X69.488 Y52.36 Z2.6 F7200
G1 X71.357 Y45.43 Z2.6
G1 Z2.2
G1 E.8 F1800
M204 S500
G1 F1473.915
G1 X71.844 Y45.25 E.01758
G1 X73.051 Y44.874 E.04279
G1 X73.144 Y44.87 E.00316
G1 X73.274 Y44.982 E.0058
G1 X73.508 Y45.816 E.02933
G1 X73.682 Y46.613 E.02762
M73 P50 R7
G1 X73.809 Y47.418 E.02759
G1 X74.055 Y49.437 E.06883
G1 X74.111 Y50.28 E.02861
G1 X74.117 Y51.128 E.0287
G1 X74.096 Y51.559 E.01461
G1 X73.95 Y51.672 E.00625
G1 X72.23 Y51.59 E.05826
G1 X72.096 Y51.514 E.00524
G1 X72.062 Y51.405 E.00386
G1 X72.076 Y50.66 E.02521
G1 X72.053 Y50.091 E.0193
G1 X71.98 Y49.273 E.02778
G1 X71.777 Y47.687 E.05412
G1 X71.668 Y46.996 E.02369
G1 X71.52 Y46.315 E.02358
G1 X71.32 Y45.598 E.02521
G1 X71.348 Y45.469 E.00446
M204 S10000
G1 E-.8 F1800
G1 X64.104 Y43.067 Z2.6 F7200
G1 X48.888 Y38.02 Z2.6
G1 Z2.2
G1 E.8 F1800
M204 S1500
;TYPE:Inner wall
G1 F1473.915
G1 X49.624 Y37.377 E.03309
G1 X50.397 Y36.779 E.03309
G1 X51.205 Y36.228 E.03309
G1 X52.044 Y35.727 E.03309
G1 X52.911 Y35.277 E.03309
G1 X53.804 Y34.879 E.03309
G1 X54.72 Y34.536 E.03309
G1 X55.654 Y34.248 E.03309
G1 X56.603 Y34.016 E.03309
G1 X57.565 Y33.841 E.03309
G1 X58.536 Y33.725 E.03309
G1 X59.511 Y33.666 E.03309
G1 X60.489 Y33.666 E.03309
G1 X61.464 Y33.725 E.03309
G1 X62.435 Y33.841 E.03309
G1 X63.397 Y34.016 E.03309
G1 X64.346 Y34.248 E.03309
G1 X65.28 Y34.536 E.03309
G1 X66.196 Y34.879 E.03309
G1 X67.089 Y35.277 E.03309
G1 X67.956 Y35.727 E.03309
G1 X68.795 Y36.228 E.03309
G1 X69.603 Y36.779 E.03309
G1 X70.376 Y37.377 E.03309
G1 X71.112 Y38.02 E.03309
G1 X71.809 Y38.706 E.03309
G1 X72.463 Y39.432 E.03309
G1 X73.072 Y40.197 E.03309
G1 X73.635 Y40.996 E.03309
G1 X74.149 Y41.827 E.03309
G1 X74.612 Y42.688 E.03309
G1 X75.023 Y43.575 E.03309
G1 X75.38 Y44.485 E.03309
G1 X75.682 Y45.415 E.03309
G1 X75.928 Y46.361 E.03309
G1 X76.117 Y47.32 E.03309
G1 X76.244 Y48.261 E.03214
G1 X76.321 Y49.291 E.03497
G1 X76.336 Y50.241 E.03215
G1 X76.292 Y51.217 E.03309
G1 X76.19 Y52.189 E.03309
G1 X76.029 Y53.153 E.03309
G1 X75.812 Y54.106 E.03309
G1 X75.538 Y55.045 E.03309
G1 X75.208 Y55.965 E.03309
G1 X74.824 Y56.864 E.03309
G1 X74.387 Y57.738 E.03309
G1 X73.898 Y58.585 E.03309
G1 X73.359 Y59.4 E.03309
G1 X72.773 Y60.182 E.03309
G1 X72.141 Y60.928 E.03309
G1 X71.466 Y61.635 E.03309
G1 X70.749 Y62.299 E.03309
G1 X69.994 Y62.92 E.03308
G1 X69.203 Y63.495 E.03309
G1 X68.379 Y64.021 E.03308
G1 X67.526 Y64.497 E.03309
G1 X66.645 Y64.921 E.03309
G1 X65.741 Y65.292 E.03309
G1 X64.816 Y65.608 E.03309
G1 X63.873 Y65.868 E.03309
G1 X62.917 Y66.071 E.03309
G1 X61.951 Y66.217 E.03309
G1 X60.977 Y66.304 E.03309
G1 X60 Y66.334 E.03309
G1 X59.023 Y66.304 E.03309
G1 X58.049 Y66.217 E.03309
G1 X57.083 Y66.071 E.03309
G1 X56.127 Y65.868 E.03309
G1 X55.184 Y65.608 E.03309
G1 X54.259 Y65.292 E.03309
G1 X53.355 Y64.921 E.03309
G1 X52.474 Y64.497 E.03309
G1 X51.621 Y64.021 E.03309
G1 X50.797 Y63.495 E.03309
G1 X50.006 Y62.92 E.03309
G1 X49.251 Y62.299 E.03309
G1 X48.534 Y61.635 E.03309
G1 X47.859 Y60.928 E.03309
G1 X47.227 Y60.182 E.03309
G1 X46.641 Y59.4 E.03309
G1 X46.102 Y58.585 E.03309
G1 X45.613 Y57.738 E.03309
G1 X45.176 Y56.864 E.03309
G1 X44.792 Y55.965 E.03309
G1 X44.462 Y55.045 E.03309
G1 X44.188 Y54.106 E.03309
G1 X43.971 Y53.153 E.03309
G1 X43.81 Y52.189 E.03309
G1 X43.708 Y51.217 E.03309
G1 X43.664 Y50.241 E.03308
G1 X43.679 Y49.263 E.03309
G1 X43.752 Y48.288 E.03309
G1 X43.883 Y47.32 E.03309
G1 X44.072 Y46.361 E.03309
G1 X44.318 Y45.415 E.03309
G1 X44.62 Y44.485 E.03309
G1 X44.977 Y43.575 E.03309
G1 X45.388 Y42.688 E.03309
G1 X45.851 Y41.827 E.03309
G1 X46.365 Y40.996 E.03309
G1 X46.928 Y40.197 E.03309
G1 X47.537 Y39.432 E.03309
G1 X48.191 Y38.706 E.03309
G1 X48.859 Y38.048 E.03173
M204 S500
G1 X48.604 Y37.699 F7200
;TYPE:Outer wall
G1 F1473.915
G1 X49.352 Y37.046 E.0336
G1 X50.145 Y36.432 E.03396
G1 X50.974 Y35.867 E.03395
G1 X51.835 Y35.353 E.03396
G1 X52.725 Y34.89 E.03396
G1 X53.642 Y34.482 E.03395
G1 X54.581 Y34.13 E.03395
G1 X55.54 Y33.834 E.03396
G1 X56.514 Y33.596 E.03396
G1 X57.501 Y33.417 E.03395
G1 X58.497 Y33.298 E.03396
G1 X59.498 Y33.238 E.03395
G1 X60.502 Y33.238 E.03395
G1 X61.503 Y33.298 E.03395
G1 X62.499 Y33.417 E.03396
G1 X63.486 Y33.596 E.03395
G1 X64.46 Y33.834 E.03396
G1 X65.419 Y34.13 E.03395
G1 X66.358 Y34.482 E.03396
G1 X67.275 Y34.89 E.03395
G1 X68.165 Y35.352 E.03396
G1 X69.026 Y35.867 E.03396
G1 X69.855 Y36.432 E.03395
G1 X70.648 Y37.046 E.03396
G1 X71.404 Y37.706 E.03395
G1 X72.118 Y38.41 E.03396
G1 X72.79 Y39.155 E.03395
G1 X73.415 Y39.939 E.03395
G1 X73.993 Y40.76 E.03395
G1 X74.52 Y41.613 E.03396
G1 X74.995 Y42.496 E.03395
G1 X75.417 Y43.407 E.03396
G1 X75.783 Y44.34 E.03396
G1 X76.093 Y45.294 E.03395
G1 X76.346 Y46.265 E.03396
G1 X76.54 Y47.25 E.03395
G1 X76.674 Y48.244 E.03396
G1 X76.75 Y49.284 E.03532
G1 X76.764 Y50.247 E.03259
G1 X76.719 Y51.249 E.03395
G1 X76.614 Y52.247 E.03396
G1 X76.45 Y53.236 E.03395
G1 X76.227 Y54.214 E.03396
G1 X75.946 Y55.177 E.03395
G1 X75.607 Y56.122 E.03395
G1 X75.213 Y57.044 E.03395
G1 X74.764 Y57.941 E.03396
G1 X74.263 Y58.81 E.03395
G1 X73.71 Y59.647 E.03395
G1 X73.108 Y60.45 E.03395
G1 X72.46 Y61.215 E.03396
G1 X71.766 Y61.94 E.03395
G1 X71.031 Y62.622 E.03396
G1 X70.256 Y63.259 E.03395
G1 X69.445 Y63.849 E.03396
G1 X68.599 Y64.389 E.03395
G1 X67.723 Y64.878 E.03396
G1 X66.819 Y65.313 E.03395
G1 X65.891 Y65.693 E.03395
G1 X64.942 Y66.017 E.03395
G1 X63.975 Y66.284 E.03396
G1 X62.994 Y66.493 E.03395
G1 X62.002 Y66.642 E.03395
G1 X61.003 Y66.732 E.03396
G1 X60 Y66.762 E.03395
M73 P51 R7
G1 X58.997 Y66.732 E.03395
G1 X57.998 Y66.642 E.03396
G1 X57.006 Y66.493 E.03395
G1 X56.025 Y66.284 E.03395
G1 X55.058 Y66.017 E.03396
G1 X54.109 Y65.693 E.03395
G1 X53.181 Y65.313 E.03395
G1 X52.277 Y64.878 E.03395
G1 X51.401 Y64.389 E.03396
G1 X50.555 Y63.849 E.03395
G1 X49.744 Y63.259 E.03396
G1 X48.969 Y62.622 E.03395
G1 X48.234 Y61.94 E.03395
G1 X47.54 Y61.215 E.03396
G1 X46.892 Y60.45 E.03396
G1 X46.29 Y59.647 E.03396
G1 X45.737 Y58.81 E.03396
G1 X45.236 Y57.941 E.03395
G1 X44.787 Y57.044 E.03396
G1 X44.393 Y56.122 E.03395
G1 X44.054 Y55.177 E.03395
G1 X43.773 Y54.214 E.03395
G1 X43.55 Y53.236 E.03396
G1 X43.386 Y52.247 E.03395
G1 X43.281 Y51.249 E.03396
G1 X43.236 Y50.247 E.03395
G1 X43.251 Y49.244 E.03396
G1 X43.326 Y48.244 E.03395
G1 X43.46 Y47.25 E.03396
G1 X43.654 Y46.265 E.03395
G1 X43.907 Y45.294 E.03396
G1 X44.217 Y44.34 E.03395
G1 X44.583 Y43.407 E.03396
G1 X45.005 Y42.496 E.03395
G1 X45.48 Y41.613 E.03395
G1 X46.007 Y40.76 E.03396
G1 X46.585 Y39.939 E.03395
G1 X47.21 Y39.155 E.03395
G1 X47.882 Y38.41 E.03395
G1 X48.575 Y37.727 E.03295
M204 S10000
G1 E-.8 F1800
G1 X56.188 Y38.266 Z2.6 F7200
G1 X64.894 Y38.882 Z2.6
G1 Z2.2
G1 E.8 F1800
M204 S500
G1 F1473.915
G1 X64.801 Y38.68 E.00753
G1 X65.606 Y37.146 E.05865
G1 X65.679 Y37.072 E.00353
G1 X65.857 Y37.072 E.00601
G1 X66.596 Y37.488 E.02871
G1 X67.283 Y37.929 E.02761
G1 X67.942 Y38.408 E.02759
G1 X69.632 Y39.735 E.07274
G1 X70.264 Y40.297 E.02861
G1 X70.863 Y40.898 E.02871
G1 X71.077 Y41.147 E.01113
G1 X71.041 Y41.324 E.00612
G1 X69.735 Y42.501 E.05951
G1 X69.525 Y42.463 E.0072
G1 X69.008 Y41.927 E.02521
G1 X68.497 Y41.455 E.02358
G1 X67.956 Y41.011 E.02369
G1 X66.695 Y40.036 E.05394
G1 X66.129 Y39.624 E.02369
G1 X65.543 Y39.247 E.02358
G1 X64.929 Y38.902 E.02386
M204 S10000
G1 E-.8 F1800
G1 X69.075 Y45.31 Z2.6 F7200
G1 X71.12 Y48.47 Z2.6
G1 Z2.2
G1 E.8 F1800
M204 S500
G1 F1473.915
G1 X71.203 Y49.289 E.02785
G1 X71.221 Y50.003 E.0242
G1 X71.199 Y50.644 E.02169
G1 X71.137 Y51.34 E.02365
G1 X70.923 Y52.584 E.04272
G1 X70.715 Y53.335 E.02637
G1 X70.422 Y54.164 E.02979
G1 X70.086 Y54.923 E.02808
G1 X69.695 Y55.654 E.02808
G1 X69.318 Y56.248 E.02379
G1 X68.756 Y57.02 E.03236
G1 X68.383 Y57.451 E.01928
G1 X67.935 Y57.925 E.02208
G1 X67.471 Y58.366 E.02166
G1 X66.996 Y58.774 E.02119
G1 X66.329 Y59.267 E.02808
G1 X65.879 Y59.55 E.018
G1 X65.251 Y59.909 E.02448
G1 X64.135 Y60.432 E.04171
G1 X63.43 Y60.681 E.0253
G1 X62.815 Y60.856 E.02166
G1 X62.179 Y61 E.02207
G1 X60.914 Y61.184 E.04324
G1 X60.086 Y61.221 E.02808
G1 X59.344 Y61.199 E.02511
G1 X58.648 Y61.134 E.02368
G1 X57.615 Y60.965 E.03542
G1 X57.032 Y60.815 E.02038
G1 X56.025 Y60.494 E.03577
G1 X55.55 Y60.294 E.01745
G1 X54.883 Y59.979 E.02497
G1 X54.321 Y59.672 E.02168
G1 X53.814 Y59.362 E.02011
G1 X53.139 Y58.88 E.02808
G1 X52.536 Y58.378 E.02654
G1 X52.064 Y57.927 E.02211
G1 X51.626 Y57.46 E.02168
G1 X51.177 Y56.925 E.02364
G1 X50.848 Y56.495 E.01832
G1 X50.432 Y55.861 E.02566
G1 X50.073 Y55.224 E.02475
G1 X49.643 Y54.323 E.0338
G1 X49.351 Y53.546 E.02808
G1 X49.134 Y52.805 E.02616
G1 X48.993 Y52.168 E.02206
G1 X48.831 Y51.117 E.03599
G1 X48.779 Y50.289 E.02808
G1 X48.788 Y49.46 E.02808
G1 X48.858 Y48.635 E.02802
G1 X48.989 Y47.814 E.02814
G1 X49.18 Y47.007 E.02808
G1 X49.431 Y46.216 E.02808
G1 X49.707 Y45.525 E.02518
G1 X50.019 Y44.871 E.02454
G1 X50.33 Y44.311 E.02166
G1 X50.676 Y43.758 E.02208
G1 X50.991 Y43.3 E.01882
G1 X51.51 Y42.653 E.02808
G1 X52.071 Y42.051 E.02784
G1 X52.541 Y41.615 E.02171
G1 X53.078 Y41.168 E.02367
G1 X54.018 Y40.498 E.03907
G1 X54.736 Y40.082 E.02808
G1 X55.482 Y39.72 E.02808
G1 X56.254 Y39.415 E.02808
G1 X57.045 Y39.167 E.02808
G1 X57.834 Y38.983 E.02742
G1 X58.673 Y38.85 E.02873
G1 X59.347 Y38.795 E.0229
G1 X60 Y38.778 E.0221
G1 X60.64 Y38.796 E.02167
G1 X61.157 Y38.831 E.01755
G1 X61.978 Y38.947 E.02808
G1 X62.609 Y39.084 E.02186
G1 X63.309 Y39.277 E.02457
G1 X64.36 Y39.653 E.03778
G1 X65.112 Y40.003 E.02808
G1 X65.693 Y40.328 E.02252
G1 X66.243 Y40.677 E.02207
G1 X67.185 Y41.372 E.03962
G1 X67.802 Y41.926 E.02808
G1 X68.377 Y42.524 E.02808
G1 X68.836 Y43.079 E.02437
G1 X69.386 Y43.84 E.03178
G1 X69.76 Y44.458 E.02445
G1 X70.19 Y45.29 E.0317
G1 X70.446 Y45.901 E.02243
G1 X70.679 Y46.559 E.02364
G1 X70.857 Y47.174 E.02167
G1 X70.979 Y47.659 E.01693
G1 X71.114 Y48.431 E.0265
M204 S10000
G1 E-.8 F1800
G1 X65.932 Y42.827 Z2.6 F7200
G1 X61.409 Y37.934 Z2.6
G1 Z2.2
G1 E.8 F1800
M204 S500
G1 F1473.915
G1 X60.664 Y37.921 E.02521
G1 X59.968 Y37.948 E.02358
G1 X59.272 Y38.017 E.02369
G1 X57.691 Y38.219 E.05393
G1 X57 Y38.328 E.02369
G1 X56.319 Y38.476 E.02358
G1 X55.602 Y38.677 E.02521
G1 X55.476 Y38.666 E.00429
G1 X55.379 Y38.555 E.00498
G1 X54.878 Y36.946 E.05706
G1 X54.88 Y36.83 E.00391
G1 X55.003 Y36.716 E.00566
G1 X55.82 Y36.488 E.02871
G1 X56.617 Y36.314 E.02762
G1 X57.422 Y36.187 E.02759
G1 X58.793 Y36.011 E.04677
G1 X59.67 Y35.918 E.02987
G1 X60.515 Y35.876 E.02862
G1 X61.363 Y35.884 E.02872
G1 X61.587 Y35.913 E.00766
G1 X61.675 Y36.058 E.00572
G1 X61.614 Y37.339 E.04344
G1 X61.562 Y37.856 E.01758
G1 X61.444 Y37.916 E.00446
M204 S10000
G1 E-.8 F1800
G1 X55.684 Y39.138 Z2.6 F7200
G1 Z2.2
G1 E.8 F1800
M204 S1500
;TYPE:Inner wall
;WIDTH:0.528034
G1 F1236.823
G1 X56.054 Y39.02 E.01569
;WIDTH:0.498852
G1 F1315.986
G1 X56.425 Y38.902 E.01474
;WIDTH:0.46967
G1 F1405.975
G1 X56.921 Y38.77 E.01823
;WIDTH:0.424332
G1 F1573.102
G1 X57.334 Y38.687 E.01334
;WIDTH:0.397617
G1 F1691.585
G1 X57.746 Y38.604 E.01241
;WIDTH:0.370902
G1 F1829.369
G1 X58.615 Y38.479 E.02394
;WIDTH:0.3746
G1 F1808.973
G1 X59.316 Y38.405 E.01943
;WIDTH:0.423858
G1 F1575.06
G1 X59.997 Y38.363 E.02162
;WIDTH:0.469614
G1 F1406.16
G1 X60.669 Y38.359 E.02385
;WIDTH:0.494814
G1 F1327.745
G1 X61.187 Y38.381 E.01948
;WIDTH:0.524202
G1 F1246.67
G1 X61.433 Y38.399 E.00989
M204 S10000
G1 E-.8 F1800
G1 X64.572 Y39.231 Z2.6 F7200
G1 Z2.2
G1 E.8 F1800
M204 S1500
;WIDTH:0.535662
G1 F1217.676
G1 X64.667 Y39.285 E.00451
;WIDTH:0.517962
G1 F1263.046
G1 X65.002 Y39.458 E.01486
;WIDTH:0.489514
G1 F1343.502
G1 X65.336 Y39.63 E.01397
;WIDTH:0.461066
G1 F1434.906
G1 X65.703 Y39.855 E.01495
;WIDTH:0.429784
G1 F1550.933
G1 X66.07 Y40.079 E.01383
;WIDTH:0.398502
G1 F1687.375
G1 X66.771 Y40.573 E.02537
;WIDTH:0.377222
G1 F1794.784
G1 X67.711 Y41.317 E.03333
;WIDTH:0.42156
G1 F1584.619
G1 X68.224 Y41.767 E.02148
;WIDTH:0.46402
G1 F1424.84
G1 X68.721 Y42.257 E.02443
;WIDTH:0.494933
G1 F1327.395
G1 X68.978 Y42.544 E.01447
;WIDTH:0.525846
G1 F1242.426
G1 X69.235 Y42.83 E.01546
M204 S10000
G1 E-.8 F1800
G1 X70.874 Y45.723 Z2.6 F7200
G1 Z2.2
G1 E.8 F1800
M204 S1500
;WIDTH:0.51929
G1 F1259.525
G1 X70.943 Y45.925 E.00848
;WIDTH:0.494812
G1 F1327.751
G1 X71.095 Y46.421 E.01948
;WIDTH:0.469618
G1 F1406.147
G1 X71.26 Y47.073 E.02385
;WIDTH:0.423858
G1 F1575.06
G1 X71.39 Y47.743 E.02162
;WIDTH:0.374604
G1 F1808.951
G1 X71.495 Y48.439 E.01943
;WIDTH:0.370896
G1 F1829.402
G1 X71.593 Y49.312 E.02394
;WIDTH:0.397611
G1 F1691.613
G1 X71.616 Y49.731 E.0124
;WIDTH:0.424326
G1 F1573.127
G1 X71.639 Y50.151 E.01334
;WIDTH:0.469662
G1 F1406.002
G1 X71.637 Y50.665 E.01823
;WIDTH:0.498849
G1 F1315.994
G1 X71.616 Y51.053 E.01474
;WIDTH:0.528036
G1 F1236.818
G1 X71.595 Y51.442 E.01569
M204 S10000
G1 E-.8 F1800
G1 X70.71 Y54.663 Z2.6 F7200
G1 Z2.2
G1 E.8 F1800
M204 S1500
;WIDTH:0.521494
G1 F1253.725
G1 X70.542 Y54.988 E.01458
;WIDTH:0.494846
G1 F1327.651
G1 X70.374 Y55.314 E.01376
;WIDTH:0.468198
G1 F1410.842
G1 X70.203 Y55.603 E.01189
;WIDTH:0.442702
G1 F1500.818
G1 X70.032 Y55.893 E.01118
;WIDTH:0.417206
G1 F1603.052
G1 X69.791 Y56.244 E.01325
;WIDTH:0.388577
G1 F1735.825
G1 X69.55 Y56.595 E.01223
;WIDTH:0.359948
G1 F1892.577
G1 X69.032 Y57.277 E.0226
;WIDTH:0.376466
G1 F1798.852
G1 X68.679 Y57.708 E.01543
;WIDTH:0.424086
G1 F1574.117
G1 X68.228 Y58.22 E.02163
;WIDTH:0.4681
G1 F1411.167
G1 X67.756 Y58.698 E.02376
;WIDTH:0.494395
G1 F1328.977
G1 X67.474 Y58.953 E.01426
;WIDTH:0.52069
G1 F1255.834
G1 X67.192 Y59.207 E.01509
M204 S10000
G1 E-.8 F1800
G1 X64.321 Y60.857 Z2.6 F7200
G1 Z2.2
M73 P52 R7
G1 E.8 F1800
M204 S1500
;WIDTH:0.521698
G1 F1253.19
G1 X64.274 Y60.872 E.00197
;WIDTH:0.514706
G1 F1271.763
G1 X63.863 Y60.999 E.01687
;WIDTH:0.482989
G1 F1363.422
G1 X63.453 Y61.127 E.01574
;WIDTH:0.451272
G1 F1469.321
G1 X63.034 Y61.224 E.01459
;WIDTH:0.420843
G1 F1587.625
G1 X62.615 Y61.322 E.01351
;WIDTH:0.390414
G1 F1726.649
G1 X61.769 Y61.462 E.02478
;WIDTH:0.3761
G1 F1800.828
G1 X60.684 Y61.586 E.03025
;WIDTH:0.41881
G1 F1596.212
G1 X60.003 Y61.632 E.02133
;WIDTH:0.443894
G1 F1496.356
G1 X59.601 Y61.632 E.01343
;WIDTH:0.468978
G1 F1408.259
G1 X59.198 Y61.631 E.01427
;WIDTH:0.498307
G1 F1317.561
G1 X58.87 Y61.612 E.01243
;WIDTH:0.527636
G1 F1237.838
G1 X58.543 Y61.592 E.01323
M204 S10000
G1 E-.8 F1800
G1 X55.368 Y60.724 Z2.6 F7200
G1 Z2.2
G1 E.8 F1800
M204 S1500
;WIDTH:0.526644
G1 F1240.377
G1 X55.026 Y60.546 E.01552
;WIDTH:0.498393
G1 F1317.312
G1 X54.683 Y60.369 E.01461
;WIDTH:0.470142
G1 F1404.422
G1 X54.105 Y60.026 E.02388
;WIDTH:0.422636
G1 F1580.128
G1 X53.61 Y59.696 E.01878
;WIDTH:0.374008
G1 F1812.207
G1 X52.92 Y59.185 E.02364
;WIDTH:0.371754
G1 F1824.629
G1 X52.287 Y58.677 E.0222
;WIDTH:0.397193
G1 F1693.609
G1 X52.031 Y58.451 E.01005
;WIDTH:0.422632
G1 F1580.145
G1 X51.776 Y58.225 E.01077
;WIDTH:0.470144
G1 F1404.415
G1 X51.298 Y57.752 E.02388
;WIDTH:0.495586
G1 F1325.481
G1 X51.054 Y57.479 E.01378
;WIDTH:0.521028
G1 F1254.947
G1 X50.809 Y57.207 E.01456
M204 S10000
G1 E-.8 F1800
G1 X49.143 Y54.324 Z2.6 F7200
G1 Z2.2
G1 E.8 F1800
M204 S1500
;WIDTH:0.527632
G1 F1237.848
G1 X49.042 Y54.012 E.01323
;WIDTH:0.498306
G1 F1317.563
G1 X48.941 Y53.7 E.01243
;WIDTH:0.46898
G1 F1408.252
G1 X48.839 Y53.31 E.01427
;WIDTH:0.443894
G1 F1496.356
G1 X48.738 Y52.92 E.01343
;WIDTH:0.418808
G1 F1596.22
G1 X48.61 Y52.25 E.02133
;WIDTH:0.376106
G1 F1800.796
G1 X48.458 Y51.169 E.03025
;WIDTH:0.390418
G1 F1726.629
G1 X48.381 Y50.314 E.02478
;WIDTH:0.420845
G1 F1587.616
G1 X48.37 Y49.885 E.01351
;WIDTH:0.451272
G1 F1469.321
G1 X48.359 Y49.455 E.01459
;WIDTH:0.482992
G1 F1363.413
G1 X48.379 Y49.025 E.01574
;WIDTH:0.514712
G1 F1271.747
G1 X48.399 Y48.596 E.01687
;WIDTH:0.521702
G1 F1253.18
G1 X48.401 Y48.546 E.00197
M204 S10000
G1 E-.8 F1800
G1 X47.065 Y44.295 Z2.6 F7200
G1 Z2.2
G1 E.8 F1800
M204 S500
;TYPE:Outer wall
;WIDTH:0.449999
G1 F1473.915
G1 X47.076 Y44.139 E.0053
G1 X47.492 Y43.4 E.02871
G1 X47.933 Y42.714 E.02761
G1 X48.764 Y41.599 E.04707
G1 X49.395 Y40.783 E.0349
G1 X49.886 Y40.186 E.02617
G1 X50.458 Y39.563 E.02863
G1 X51.068 Y38.973 E.02873
G1 X51.177 Y38.913 E.00422
G1 X51.341 Y38.97 E.00587
G1 X52.475 Y40.217 E.05706
G1 X52.514 Y40.396 E.0062
G1 X51.501 Y41.453 E.04955
G1 X51.018 Y42.036 E.02563
G1 X50.04 Y43.301 E.05413
G1 X49.628 Y43.867 E.02369
G1 X49.251 Y44.453 E.02358
G1 X48.886 Y45.102 E.02521
G1 X48.719 Y45.195 E.00647
G1 X48.265 Y44.976 E.01704
G1 X47.15 Y44.39 E.04265
G1 X47.092 Y44.325 E.00294
M204 S10000
G1 E-.8 F1800
G1 X49.276 Y45.353 Z2.6 F7200
G1 Z2.2
G1 E.8 F1800
M204 S1500
;TYPE:Inner wall
;WIDTH:0.520684
G1 F1255.85
G1 X49.335 Y45.233 E.00529
;WIDTH:0.504322
G1 F1300.385
G1 X49.626 Y44.679 E.02403
;WIDTH:0.468102
G1 F1411.16
G1 X49.971 Y44.102 E.02376
;WIDTH:0.424092
G1 F1574.093
G1 X50.353 Y43.536 E.02163
;WIDTH:0.376468
G1 F1798.842
G1 X50.706 Y43.054 E.01657
;WIDTH:0.374006
G1 F1812.218
G1 X51.32 Y42.284 E.02712
;WIDTH:0.419092
G1 F1595.015
G1 X51.805 Y41.734 E.02294
;WIDTH:0.445683
G1 F1489.71
G1 X52.095 Y41.447 E.01367
;WIDTH:0.472274
G1 F1397.448
G1 X52.386 Y41.16 E.01458
;WIDTH:0.521496
G1 F1253.719
G1 X52.789 Y40.805 E.02138
M204 S10000
G1 E-.8 F1800
G1 X51.66 Y38.263 Z2.6 F7200
G1 Z2.2
G1 E.8 F1800
M204 S500
;TYPE:Sparse infill
;WIDTH:0.45
G1 F1473.913
G1 X51.833 Y38.368 E.00686
G1 X52.793 Y39.423 E.04826
G1 X53.005 Y39.537 E.00816
G1 X53.365 Y39.897 E.01723
G1 X53.409 Y39.978 E.00312
G1 X53.637 Y39.823 E.00934
G1 X54.352 Y39.409 E.02797
G1 X54.921 Y39.132 E.0214
G1 X54.655 Y38.836 E.01345
G1 X54.625 Y38.737 E.00352
G1 X54.56 Y38.702 E.0025
G1 X54.2 Y38.342 E.01723
G1 X53.365 Y36.788 E.05972
G1 X53.005 Y36.428 E.01723
G1 X52.238 Y36.016 E.02947
G1 X53.062 Y35.589 E.03141
G1 X53.936 Y35.199 E.03238
G1 X54.14 Y35.123 E.0074
G1 X54.2 Y35.233 E.00425
G1 X54.56 Y35.593 E.01723
G1 X55.102 Y35.885 E.02085
G1 X55.661 Y35.729 E.01964
G1 X56.503 Y35.547 E.02914
G1 X57.474 Y35.399 E.03327
G1 X57.308 Y35.233 E.00793
G1 X56.822 Y34.328 E.03479
G1 X57.617 Y34.184 E.02733
G1 X58.566 Y34.069 E.03236
G1 X59.762 Y34.012 E.04052
G1 X60.35 Y35.107 E.04208
G1 X60.61 Y35.097 E.00881
G1 X61.519 Y35.112 E.03079
G1 X61.768 Y35.151 E.00854
G1 X62.003 Y35.256 E.00871
G1 X62.345 Y35.627 E.01707
G1 X62.447 Y35.992 E.01283
G1 X62.428 Y36.524 E.01802
G1 X62.692 Y36.788 E.01261
G1 X63.526 Y38.342 E.05972
G1 X63.798 Y38.615 E.01304
G1 X64.083 Y38.72 E.01028
G1 X64.036 Y38.576 E.00514
G1 X64.061 Y38.469 E.00372
G1 X64.133 Y38.285 E.00668
G1 X64.993 Y36.666 E.06205
G1 X65.306 Y36.388 E.01417
G1 X65.348 Y36.378 E.00147
G1 X63.886 Y35.593 E.05617
G1 X63.526 Y35.233 E.01723
G1 X63.025 Y34.3 E.03586
G1 X63.325 Y34.354 E.01032
G1 X64.254 Y34.581 E.03239
G1 X65.169 Y34.863 E.03239
G1 X66.064 Y35.199 E.03239
G1 X66.938 Y35.589 E.03238
G1 X67.788 Y36.029 E.03239
G1 X68.711 Y36.59 E.03656
G1 X68.909 Y36.788 E.00949
G1 X69.744 Y38.342 E.05972
G1 X70.103 Y38.702 E.01723
G1 X71.658 Y39.537 E.05972
G1 X72.018 Y39.897 E.01723
G1 X72.852 Y41.451 E.05972
G1 X73.212 Y41.811 E.01723
G1 X73.964 Y42.214 E.02888
G1 X74.302 Y42.843 E.02417
G1 X74.687 Y43.673 E.03095
M204 S10000
G1 E-.8 F1800
G1 X69.949 Y43.297 Z2.6 F7200
G1 Z2.2
G1 E.8 F1800
M204 S500
G1 F1473.913
G1 X69.886 Y43.208 E.00369
G1 X70.037 Y43.217 E.00514
G1 X70.135 Y43.166 E.00372
G1 X70.295 Y43.05 E.00668
G1 X71.076 Y42.333 E.03589
G1 X71.658 Y42.645 E.02236
G1 X72.018 Y43.005 E.01723
G1 X72.654 Y44.191 E.04556
G1 X72.934 Y44.105 E.0099
G1 X73.317 Y44.111 E.01297
G1 X73.768 Y44.352 E.01729
G1 X73.994 Y44.69 E.01376
G1 X74.21 Y45.455 E.02691
G1 X74.767 Y45.754 E.02139
G1 X75.127 Y46.114 E.01723
G1 X75.758 Y47.291 E.04521
G1 X75.775 Y47.377 E.00296
G1 X75.904 Y48.325 E.03239
G1 X75.975 Y49.279 E.03238
G1 X75.989 Y50.235 E.03239
G1 X75.965 Y50.781 E.01849
G1 X75.127 Y49.223 E.05989
G1 X74.776 Y48.873 E.01676
G1 X74.864 Y49.746 E.02971
G1 X74.9 Y50.654 E.03075
G1 X74.88 Y51.593 E.03179
G1 X74.809 Y51.87 E.00969
G1 X74.738 Y51.956 E.00377
G1 X75.127 Y52.332 E.01828
G1 X75.643 Y53.293 E.03693
G1 X75.477 Y54.019 E.02522
G1 X75.209 Y54.938 E.03238
G1 X75.054 Y55.368 E.01547
G1 X74.767 Y55.08 E.01377
G1 X73.212 Y54.246 E.05972
G1 X72.852 Y53.886 E.01723
G1 X72.018 Y52.332 E.05972
G1 X71.943 Y52.256 E.0036
G1 X71.792 Y52.179 E.00573
G1 X71.667 Y52.799 E.0214
G1 X71.447 Y53.595 E.02799
M204 S10000
G1 E-.8 F1800
G1 X74.688 Y56.301 Z2.6 F7200
G1 Z2.2
G1 E.8 F1800
M204 S500
G1 F1473.913
G1 X74.51 Y56.718 E.01534
G1 X73.973 Y57.763 E.03977
G1 X73.212 Y57.355 E.02922
G1 X73.046 Y57.188 E.00798
G1 X72.69 Y57.74 E.02223
G1 X72.049 Y58.608 E.0365
G1 X72.663 Y59.752 E.04396
G1 X72.502 Y59.967 E.00909
G1 X71.898 Y60.68 E.03166
G1 X71.427 Y61.174 E.0231
G1 X70.411 Y60.629 E.03902
G1 X70.071 Y60.997 E.01698
G1 X69.399 Y61.641 E.0315
G1 X69.204 Y61.767 E.00788
G1 X68.987 Y61.803 E.00743
G1 X69.536 Y62.825 E.03927
G1 X69.782 Y62.646 E.01031
G1 X70.521 Y62.039 E.03238
G1 X70.79 Y61.789 E.01242
M204 S10000
G1 E-.8 F1800
G1 X68.348 Y61.73 Z2.6 F7200
G1 Z2.2
G1 E.8 F1800
M204 S500
G1 F1473.913
G1 X68.268 Y61.7 E.00289
G1 X68.161 Y61.618 E.00456
G1 X67.211 Y60.579 E.04767
G1 X66.995 Y60.463 E.00829
G1 X66.635 Y60.103 E.01723
G1 X66.589 Y60.018 E.00327
G1 X65.987 Y60.395 E.02403
G1 X65.133 Y60.838 E.03258
G1 X65.169 Y60.85 E.00129
G1 X65.357 Y61.194 E.01324
G1 X65.378 Y61.265 E.00252
G1 X65.44 Y61.298 E.00238
G1 X65.8 Y61.658 E.01723
G1 X66.635 Y63.212 E.05972
G1 X66.995 Y63.572 E.01723
G1 X67.748 Y63.977 E.02895
G1 X67.366 Y64.19 E.01481
G1 X66.504 Y64.605 E.03239
G1 X65.856 Y64.871 E.02371
G1 X65.8 Y64.767 E.00399
G1 X65.44 Y64.407 E.01723
G1 X64.884 Y64.108 E.02136
G1 X64.339 Y64.263 E.01918
G1 X63.539 Y64.437 E.02772
G1 X62.519 Y64.594 E.03493
G1 X62.692 Y64.767 E.00826
G1 X63.173 Y65.663 E.03444
G1 X62.855 Y65.73 E.01098
G1 X61.909 Y65.873 E.03238
G1 X60.956 Y65.959 E.03239
G1 X60.234 Y65.98 E.02445
G1 X59.646 Y64.884 E.04211
G1 X59.343 Y64.896 E.01028
G1 X58.422 Y64.877 E.03118
G1 X58.262 Y64.851 E.00549
G1 X57.795 Y64.57 E.01844
G1 X57.581 Y64.166 E.01547
G1 X57.553 Y63.987 E.00615
G1 X57.577 Y63.481 E.01714
G1 X57.308 Y63.212 E.01285
G1 X56.474 Y61.658 E.05972
G1 X56.177 Y61.361 E.0142
G1 X55.929 Y61.278 E.00887
G1 X55.875 Y61.692 E.01412
G1 X55.024 Y63.301 E.06164
G1 X54.873 Y63.475 E.00778
G1 X54.625 Y63.607 E.00952
G1 X56.114 Y64.407 E.05721
G1 X56.474 Y64.767 E.01723
M73 P53 R7
G1 X56.972 Y65.694 E.03562
G1 X56.209 Y65.532 E.0264
G1 X55.286 Y65.277 E.03239
G1 X54.381 Y64.968 E.03238
G1 X53.496 Y64.605 E.03238
G1 X52.634 Y64.19 E.03239
G1 X51.798 Y63.724 E.03239
G1 X51.257 Y63.378 E.02174
G1 X51.091 Y63.212 E.00794
G1 X50.256 Y61.658 E.05972
G1 X49.897 Y61.298 E.01723
G1 X48.342 Y60.463 E.05972
G1 X47.982 Y60.103 E.01723
G1 X47.148 Y58.549 E.05972
G1 X46.788 Y58.189 E.01723
G1 X46.042 Y57.789 E.02864
G1 X45.918 Y57.574 E.0084
G1 X45.49 Y56.718 E.03239
G1 X45.324 Y56.329 E.01433
M204 S10000
G1 E-.8 F1800
G1 X48.194 Y58.99 Z2.6 F7200
G1 Z2.2
G1 E.8 F1800
M204 S500
G1 F1473.913
G1 X48.134 Y58.809 E.00645
G1 X48.245 Y58.349 E.01601
G1 X48.375 Y58.16 E.00778
G1 X48.918 Y57.664 E.02488
G1 X48.342 Y57.355 E.02211
G1 X47.982 Y56.995 E.01723
G1 X47.342 Y55.802 E.04584
G1 X47.075 Y55.885 E.00944
G1 X46.894 Y55.903 E.00615
G1 X46.453 Y55.798 E.01537
G1 X46.096 Y55.475 E.0163
G1 X45.977 Y55.212 E.00975
G1 X45.792 Y54.546 E.02342
G1 X45.233 Y54.246 E.02145
G1 X44.873 Y53.886 E.01723
G1 X44.25 Y52.725 E.0446
G1 X44.153 Y52.143 E.01998
G1 X44.056 Y51.218 E.03146
G1 X44.011 Y50.235 E.03331
G1 X44.025 Y49.279 E.03238
G1 X44.03 Y49.214 E.00221
G1 X44.873 Y50.777 E.06014
G1 X45.225 Y51.129 E.01682
G1 X45.133 Y50.204 E.03144
G1 X45.1 Y49.341 E.02922
G1 X45.126 Y48.358 E.03331
G1 X45.264 Y48.045 E.01158
G1 X44.873 Y47.668 E.01836
G1 X44.357 Y46.706 E.03697
G1 X44.41 Y46.438 E.00926
G1 X44.65 Y45.512 E.03239
G1 X44.939 Y44.625 E.03157
G1 X45.233 Y44.92 E.01411
G1 X46.788 Y45.754 E.05972
G1 X47.148 Y46.114 E.01723
G1 X47.982 Y47.668 E.05972
G1 X48.195 Y47.725 E.00743
G1 X48.216 Y47.756 E.00129
G1 X48.429 Y46.818 E.03258
G1 X48.553 Y46.424 E.01396
M204 S10000
G1 E-.8 F1800
G1 X45.303 Y43.695 Z2.6 F7200
G1 Z2.2
G1 E.8 F1800
M204 S500
G1 F1473.913
G1 X45.698 Y42.843 E.03177
G1 X46.025 Y42.236 E.02335
G1 X46.788 Y42.645 E.02932
G1 X46.951 Y42.809 E.00783
G1 X47.31 Y42.252 E.02242
G1 X47.948 Y41.388 E.03637
G1 X47.334 Y40.243 E.04399
G1 X47.801 Y39.656 E.0254
G1 X48.566 Y38.822 E.0383
G1 X49.584 Y39.369 E.0391
G1 X49.929 Y38.995 E.01722
G1 X50.628 Y38.328 E.03272
G1 X50.997 Y38.168 E.01362
G1 X50.46 Y37.167 E.03843
G1 X49.844 Y37.644 E.02638
G1 X49.204 Y38.203 E.02873
; stop printing object fidget-finger-massager-2000-ring.stl id:15 copy 0
M106 S137
;LAYER_CHANGE
;Z:2.4
;HEIGHT:0.2
G92 E0
;_SET_FAN_SPEED_CHANGING_LAYER
; printing object fidget-finger-massager-2000-ring.stl id:15 copy 0
M204 S10000
G1 E-.8 F1800
G1 X46.597 Y45.376 Z2.8 F7200
G1 X45.555 Y48.245 Z2.8
G1 Z2.4
G1 E.8 F1800
M204 S1500
;TYPE:Inner wall
;WIDTH:0.449999
G1 F1473.915
G1 X45.605 Y48.11 E.00486
G1 X45.863 Y47.93 E.01064
G1 X46.101 Y47.894 E.00813
G1 X47.785 Y47.974 E.05706
G1 X48.019 Y48.033 E.00818
;WIDTH:0.485851
G1 F1354.614
G1 X48.21 Y48.29 E.01178
;WIDTH:0.521702
G1 F1253.18
G1 X48.401 Y48.546 E.01274
G1 X48.484 Y48.146 E.01626
;WIDTH:0.485851
G1 F1354.614
G1 X48.566 Y47.746 E.01504
;WIDTH:0.449999
G1 F1473.915
G1 X48.764 Y46.908 E.02915
G1 X49.022 Y46.086 E.02915
;WIDTH:0.485342
G1 F1356.173
G1 X49.149 Y45.72 E.01428
;WIDTH:0.520684
G1 F1255.85
G1 X49.276 Y45.353 E.01542
G1 X49.01 Y45.488 E.01186
;WIDTH:0.485342
G1 F1356.173
G1 X48.744 Y45.623 E.01098
;WIDTH:0.449999
G1 F1473.915
G1 X48.443 Y45.553 E.01045
G1 X46.951 Y44.769 E.05706
G1 X46.862 Y44.712 E.00357
G1 X46.667 Y44.453 E.01099
G1 X46.645 Y44.072 E.01293
G1 X46.938 Y43.511 E.02142
G1 X47.391 Y42.765 E.02954
G1 X47.886 Y42.05 E.02944
G1 X49.056 Y40.521 E.06516
G1 X49.554 Y39.914 E.02657
G1 X50.142 Y39.272 E.02948
G1 X50.77 Y38.665 E.02957
G1 X51.111 Y38.489 E.01296
G1 X51.432 Y38.525 E.01094
G1 X51.658 Y38.682 E.00931
G1 X52.834 Y39.981 E.05931
;WIDTH:0.452545
G1 F1464.754
G1 X52.935 Y40.487 E.01757
;WIDTH:0.487021
G1 F1351.046
G1 X52.862 Y40.646 E.00647
;WIDTH:0.521496
G1 F1253.719
G1 X52.789 Y40.805 E.00697
G1 X53.283 Y40.475 E.02364
;WIDTH:0.485748
G1 F1354.929
G1 X53.777 Y40.144 E.02188
;WIDTH:0.449999
G1 F1473.915
G1 X54.22 Y39.885 E.01738
G1 X55.296 Y39.335 E.0409
;WIDTH:0.489017
G1 F1345
G1 X55.49 Y39.236 E.00807
;WIDTH:0.528034
G1 F1236.823
G1 X55.684 Y39.138 E.00878
G1 X55.489 Y39.096 E.00804
;WIDTH:0.489017
G1 F1345
G1 X55.294 Y39.054 E.00739
;WIDTH:0.449999
G1 F1473.915
G1 X54.97 Y38.683 E.0167
G1 X54.469 Y37.073 E.05706
G1 X54.477 Y36.686 E.0131
G1 X54.742 Y36.365 E.01408
G1 X55.238 Y36.205 E.01766
G1 X55.739 Y36.066 E.01758
G1 X56.526 Y35.895 E.02726
G1 X57.355 Y35.763 E.02844
G1 X58.738 Y35.586 E.04718
G1 X59.628 Y35.492 E.03029
G1 X60.497 Y35.447 E.02946
G1 X61.561 Y35.461 E.036
G1 X61.815 Y35.55 E.00911
G1 X62.037 Y35.793 E.01116
G1 X62.102 Y36.097 E.01052
G1 X62.022 Y37.781 E.05706
G1 X61.887 Y38.137 E.01288
;WIDTH:0.487101
G1 F1350.802
G1 X61.66 Y38.268 E.00967
;WIDTH:0.524202
G1 F1246.67
G1 X61.433 Y38.399 E.01048
G1 X61.736 Y38.461 E.01235
;WIDTH:0.487101
G1 F1350.802
G1 X62.038 Y38.523 E.0114
;WIDTH:0.449999
G1 F1473.915
G1 X62.7 Y38.665 E.02293
G1 X63.431 Y38.866 E.02564
;WIDTH:0.487562
G1 F1349.4
G1 X63.978 Y39.042 E.02124
;WIDTH:0.525125
G1 F1244.284
G1 X64.525 Y39.217 E.02304
;WIDTH:0.535664
G1 F1217.671
G1 X64.572 Y39.231 E.00198
G1 X64.478 Y38.919 E.01332
;WIDTH:0.492832
G1 F1333.595
G1 X64.384 Y38.608 E.01216
;WIDTH:0.449999
G1 F1473.915
G1 X64.639 Y38.066 E.02028
G1 X65.227 Y36.947 E.04279
G1 X65.469 Y36.698 E.01176
G1 X65.747 Y36.621 E.00975
G1 X66.067 Y36.699 E.01116
G1 X66.806 Y37.115 E.02871
G1 X67.514 Y37.568 E.02846
G1 X68.194 Y38.062 E.02844
G1 X69.206 Y38.844 E.04328
G1 X69.904 Y39.404 E.03028
G1 X70.554 Y39.982 E.02946
G1 X71.171 Y40.6 E.02955
G1 X71.44 Y40.91 E.0139
G1 X71.486 Y41.017 E.00395
G1 X71.494 Y41.357 E.0115
G1 X71.314 Y41.654 E.01176
G1 X70.067 Y42.789 E.05706
G1 X69.919 Y42.888 E.00605
;WIDTH:0.478806
G1 F1376.507
G1 X69.618 Y42.883 E.01092
;WIDTH:0.507613
G1 F1291.175
G1 X69.316 Y42.878 E.01164
;WIDTH:0.525846
G1 F1242.426
G1 X69.235 Y42.83 E.00378
G1 X69.486 Y43.211 E.01829
;WIDTH:0.487923
G1 F1348.307
G1 X69.736 Y43.592 E.01686
;WIDTH:0.449999
G1 F1473.915
G1 X70.127 Y44.237 E.02552
G1 X70.573 Y45.096 E.03277
;WIDTH:0.484645
G1 F1358.313
G1 X70.723 Y45.409 E.01277
;WIDTH:0.51929
G1 F1259.525
G1 X70.874 Y45.723 E.01377
G1 X70.939 Y45.455 E.01093
;WIDTH:0.484645
G1 F1358.313
G1 X71.004 Y45.187 E.01013
;WIDTH:0.449999
G1 F1473.915
G1 X71.314 Y44.966 E.01288
G1 X72.923 Y44.465 E.05706
G1 X73.234 Y44.451 E.01052
G1 X73.527 Y44.607 E.01123
G1 X73.693 Y44.884 E.01092
G1 X73.921 Y45.701 E.02871
G1 X74.101 Y46.522 E.02846
G1 X74.233 Y47.351 E.02844
G1 X74.482 Y49.394 E.06966
G1 X74.534 Y50.13 E.02495
G1 X74.554 Y50.651 E.01767
G1 X74.539 Y51.499 E.02871
G1 X74.49 Y51.726 E.00785
G1 X74.27 Y51.994 E.01176
G1 X73.957 Y52.101 E.01119
G1 X72.198 Y52.017 E.05959
;WIDTH:0.450206
G1 X71.746 Y51.762 E.01758
;WIDTH:0.489121
G1 F1344.685
G1 X71.671 Y51.602 E.00657
;WIDTH:0.528036
G1 F1236.818
G1 X71.595 Y51.442 E.00715
G1 X71.469 Y52.054 E.02524
;WIDTH:0.489018
G1 F1344.998
G1 X71.343 Y52.667 E.02321
;WIDTH:0.449999
G1 F1473.915
G1 X71.128 Y53.449 E.02744
;WIDTH:0.452544
G1 F1464.758
G1 X70.827 Y54.309 E.03105
;WIDTH:0.487019
G1 F1351.05
G1 X70.768 Y54.486 E.00687
;WIDTH:0.521494
G1 F1253.725
G1 X70.71 Y54.663 E.00741
G1 X70.845 Y54.552 E.00697
;WIDTH:0.487019
G1 F1351.05
G1 X70.981 Y54.442 E.00647
;WIDTH:0.452544
G1 F1464.758
G1 X71.503 Y54.411 E.01781
;WIDTH:0.449999
G1 F1473.915
G1 X73.049 Y55.223 E.05911
G1 X73.258 Y55.403 E.00931
G1 X73.373 Y55.705 E.01094
G1 X73.289 Y56.078 E.01296
G1 X72.881 Y56.802 E.02813
G1 X72.428 Y57.51 E.02846
G1 X71.934 Y58.19 E.02844
G1 X70.944 Y59.471 E.0548
G1 X70.422 Y60.107 E.02784
G1 X69.853 Y60.725 E.02846
G1 X69.217 Y61.339 E.02991
G1 X69.062 Y61.448 E.00643
G1 X68.717 Y61.506 E.01182
G1 X68.381 Y61.354 E.01249
G1 X67.208 Y60.063 E.05904
G1 X67.064 Y59.79 E.01046
;WIDTH:0.485345
G1 F1356.164
G1 X67.128 Y59.498 E.01098
;WIDTH:0.52069
G1 F1255.834
G1 X67.192 Y59.207 E.01186
G1 X66.887 Y59.409 E.01452
;WIDTH:0.485345
G1 F1356.164
G1 X66.583 Y59.612 E.01345
;WIDTH:0.449999
G1 F1473.915
G1 X66.107 Y59.913 E.01908
G1 X65.451 Y60.288 E.02555
;WIDTH:0.485849
G1 F1354.62
G1 X64.886 Y60.572 E.0233
;WIDTH:0.521698
G1 F1253.19
G1 X64.321 Y60.857 E.02519
G1 X64.618 Y60.977 E.01274
;WIDTH:0.485849
G1 F1354.62
G1 X64.914 Y61.098 E.01178
;WIDTH:0.449999
G1 F1473.915
G1 X65.03 Y61.31 E.00818
G1 X65.531 Y62.919 E.05706
G1 X65.556 Y63.158 E.00813
G1 X65.447 Y63.453 E.01064
G1 X65.113 Y63.689 E.01384
G1 X64.294 Y63.918 E.02878
G1 X63.474 Y64.097 E.02839
G1 X62.737 Y64.214 E.02528
G1 X61.039 Y64.435 E.05796
G1 X60.22 Y64.515 E.02784
G1 X59.38 Y64.55 E.02846
G1 X58.497 Y64.535 E.02991
G1 X58.361 Y64.517 E.00465
G1 X58.086 Y64.366 E.0106
G1 X57.892 Y64.027 E.01321
G1 X57.995 Y62.092 E.0656
;WIDTH:0.486107
G1 F1353.83
G1 X58.351 Y61.658 E.02067
;WIDTH:0.527636
G1 F1237.838
G1 X58.543 Y61.592 E.00817
G1 X58.041 Y61.489 E.02064
;WIDTH:0.488818
G1 F1345.601
G1 X57.539 Y61.387 E.01899
;WIDTH:0.449999
G1 F1473.915
G1 X56.925 Y61.23 E.02145
G1 X55.888 Y60.9 E.03684
;WIDTH:0.488321
G1 F1347.102
G1 X55.628 Y60.812 E.01016
;WIDTH:0.526642
G1 F1240.382
G1 X55.368 Y60.724 E.01103
G1 X55.491 Y60.934 E.00978
;WIDTH:0.488321
G1 F1347.102
G1 X55.614 Y61.143 E.009
;WIDTH:0.449999
G1 F1473.915
G1 X55.524 Y61.616 E.0163
G1 X54.773 Y63.045 E.05465
G1 X54.647 Y63.209 E.00699
G1 X54.426 Y63.34 E.0087
G1 X54.106 Y63.359 E.01085
G1 X53.313 Y62.945 E.03028
G1 X52.575 Y62.481 E.02953
G1 X51.867 Y61.975 E.02944
G1 X50.525 Y60.94 E.05737
G1 X49.889 Y60.419 E.02784
G1 X49.271 Y59.849 E.02846
G1 X48.657 Y59.214 E.02991
G1 X48.6 Y59.145 E.00302
G1 X48.486 Y58.798 E.01237
G1 X48.558 Y58.501 E.01034
G1 X48.686 Y58.338 E.00699
G1 X49.933 Y57.204 E.05706
G1 X50.36 Y57.045 E.01543
;WIDTH:0.485514
G1 F1355.646
G1 X50.584 Y57.126 E.00878
;WIDTH:0.521028
G1 F1254.947
G1 X50.809 Y57.207 E.00948
G1 X50.658 Y56.981 E.01078
;WIDTH:0.485514
G1 F1355.646
G1 X50.508 Y56.756 E.00998
;WIDTH:0.449999
G1 F1473.915
G1 X50.074 Y56.096 E.02674
G1 X49.698 Y55.432 E.02582
;WIDTH:0.486103
G1 F1353.843
G1 X49.237 Y54.51 E.03798
;WIDTH:0.527632
G1 F1237.848
G1 X49.143 Y54.324 E.00839
G1 X49.128 Y54.527 E.00817
;WIDTH:0.486103
G1 F1353.843
G1 X48.797 Y54.979 E.02067
;WIDTH:0.449999
G1 F1473.915
G1 X47.077 Y55.527 E.06112
G1 X46.905 Y55.555 E.00588
G1 X46.617 Y55.488 E.01002
G1 X46.359 Y55.236 E.0122
G1 X46.183 Y54.663 E.02028
G1 X45.945 Y53.681 E.03422
G1 X45.797 Y52.83 E.02925
G1 X45.561 Y51.033 E.06133
G1 X45.481 Y50.217 E.02777
G1 X45.446 Y49.377 E.02846
G1 X45.461 Y48.493 E.02991
G1 X45.541 Y48.282 E.00763
M204 S500
G1 X45.933 Y48.387 F7200
;TYPE:Outer wall
G1 F1473.915
G1 X46.081 Y48.322 E.00546
G1 X47.765 Y48.402 E.05706
G1 X47.834 Y48.42 E.00244
M73 P54 R7
G1 X47.938 Y48.587 E.00667
G1 X47.924 Y49.332 E.02521
G1 X47.952 Y50.028 E.02358
G1 X48.021 Y50.725 E.02369
G1 X48.223 Y52.305 E.05393
G1 X48.332 Y52.996 E.02369
G1 X48.48 Y53.677 E.02358
G1 X48.68 Y54.394 E.02521
G1 X48.686 Y54.467 E.00248
G1 X48.589 Y54.608 E.00577
G1 X46.949 Y55.118 E.05812
G1 X46.812 Y55.106 E.00466
G1 X46.72 Y54.993 E.00494
G1 X46.492 Y54.176 E.02871
G1 X46.363 Y53.59 E.02033
G1 X46.22 Y52.763 E.02841
G1 X45.987 Y50.98 E.06086
G1 X45.907 Y50.175 E.0274
G1 X45.874 Y49.359 E.02761
G1 X45.89 Y48.501 E.02907
G1 X45.919 Y48.424 E.00277
M204 S10000
G1 E-.8 F1800
G1 X48.037 Y55.757 Z2.8 F7200
G1 X48.914 Y58.792 Z2.8
G1 Z2.4
G1 E.8 F1800
M204 S500
G1 F1473.915
G1 X48.974 Y58.655 E.00506
G1 X50.221 Y57.521 E.05706
G1 X50.348 Y57.474 E.0046
G1 X50.475 Y57.529 E.00467
G1 X50.992 Y58.065 E.02521
G1 X51.503 Y58.538 E.02358
G1 X52.044 Y58.982 E.02369
G1 X53.305 Y59.957 E.05394
G1 X53.871 Y60.368 E.02369
G1 X54.457 Y60.745 E.02358
G1 X55.106 Y61.11 E.02521
G1 X55.195 Y61.232 E.00509
G1 X55.144 Y61.417 E.0065
G1 X54.394 Y62.846 E.05465
G1 X54.356 Y62.895 E.00208
G1 X54.195 Y62.94 E.00567
G1 X53.524 Y62.571 E.02591
G1 X52.806 Y62.12 E.02869
G1 X52.119 Y61.629 E.02859
G1 X50.787 Y60.601 E.05694
G1 X50.161 Y60.087 E.02741
G1 X49.562 Y59.534 E.02761
G1 X48.965 Y58.916 E.02907
G1 X48.929 Y58.829 E.00319
M204 S10000
G1 E-.8 F1800
G1 X56.162 Y61.268 Z2.8 F7200
G1 X58.532 Y62.067 Z2.8
G1 Z2.4
G1 E.8 F1800
M204 S500
G1 F1473.915
G1 X59.336 Y62.072 E.02722
G1 X60.032 Y62.044 E.02358
G1 X60.728 Y61.976 E.02369
G1 X62.309 Y61.773 E.05393
G1 X63 Y61.665 E.02369
G1 X63.681 Y61.516 E.02358
G1 X64.399 Y61.316 E.02523
G1 X64.606 Y61.388 E.00743
G1 X65.122 Y63.047 E.05879
G1 X65.097 Y63.206 E.00546
G1 X64.997 Y63.276 E.00413
G1 X64.18 Y63.505 E.02873
G1 X63.383 Y63.679 E.02759
G1 X62.67 Y63.791 E.02443
G1 X60.984 Y64.009 E.05754
G1 X60.178 Y64.089 E.02742
G1 X59.363 Y64.122 E.02761
G1 X58.505 Y64.106 E.02907
G1 X58.382 Y64.056 E.00448
G1 X58.326 Y63.916 E.00512
G1 X58.406 Y62.232 E.05706
G1 X58.507 Y62.099 E.00566
M204 S10000
G1 E-.8 F1800
G1 X65.88 Y60.123 Z2.8 F7200
G1 X67.482 Y59.694 Z2.8
G1 Z2.4
G1 E.8 F1800
M204 S500
G1 F1473.915
G1 X67.533 Y59.522 E.00607
G1 X68.069 Y59.005 E.02521
G1 X68.542 Y58.493 E.02358
G1 X68.986 Y57.952 E.02369
G1 X69.96 Y56.691 E.05394
G1 X70.372 Y56.125 E.02369
G1 X70.749 Y55.539 E.02358
G1 X71.114 Y54.89 E.02521
G1 X71.186 Y54.82 E.00341
G1 X71.357 Y54.819 E.0058
G1 X72.85 Y55.603 E.05706
G1 X72.947 Y55.746 E.00586
G1 X72.915 Y55.868 E.00426
G1 X72.508 Y56.592 E.02813
G1 X72.067 Y57.279 E.02761
G1 X71.588 Y57.938 E.02759
G1 X70.605 Y59.209 E.05438
G1 X70.091 Y59.835 E.02741
G1 X69.538 Y60.435 E.02761
G1 X68.92 Y61.031 E.02907
G1 X68.771 Y61.08 E.00532
G1 X68.659 Y61.022 E.00427
G1 X67.525 Y59.775 E.05706
G1 X67.5 Y59.729 E.00176
M204 S10000
G1 E-.8 F1800
G1 X69.488 Y52.36 Z2.8 F7200
G1 X71.357 Y45.43 Z2.8
G1 Z2.4
G1 E.8 F1800
M204 S500
G1 F1473.915
G1 X71.844 Y45.25 E.01758
G1 X73.051 Y44.874 E.04279
G1 X73.143 Y44.87 E.00314
G1 X73.274 Y44.982 E.00582
G1 X73.508 Y45.816 E.02933
G1 X73.682 Y46.613 E.02762
G1 X73.809 Y47.418 E.02759
G1 X74.055 Y49.436 E.06882
G1 X74.106 Y50.147 E.0241
G1 X74.117 Y51.133 E.03338
G1 X74.096 Y51.559 E.01445
G1 X73.949 Y51.671 E.00626
G1 X72.23 Y51.59 E.05824
G1 X72.096 Y51.514 E.00524
G1 X72.062 Y51.405 E.00386
G1 X72.076 Y50.66 E.02521
G1 X72.053 Y50.091 E.0193
G1 X71.98 Y49.273 E.02778
G1 X71.777 Y47.687 E.05412
G1 X71.668 Y46.996 E.02369
G1 X71.52 Y46.315 E.02358
G1 X71.32 Y45.598 E.02521
G1 X71.348 Y45.469 E.00446
M204 S10000
G1 E-.8 F1800
G1 X64.103 Y43.069 Z2.8 F7200
G1 X48.9 Y38.033 Z2.8
G1 Z2.4
G1 E.8 F1800
M204 S1500
;TYPE:Inner wall
G1 F1473.915
G1 X49.635 Y37.39 E.03305
G1 X50.407 Y36.793 E.03305
G1 X51.214 Y36.243 E.03305
G1 X51.936 Y35.812 E.02844
G1 X52.921 Y35.292 E.03773
G1 X53.811 Y34.895 E.03297
G1 X54.725 Y34.552 E.03305
G1 X55.658 Y34.264 E.03305
G1 X56.607 Y34.033 E.03305
G1 X57.568 Y33.859 E.03305
G1 X58.537 Y33.742 E.03305
G1 X59.512 Y33.684 E.03305
G1 X60.488 Y33.684 E.03305
G1 X61.327 Y33.734 E.02844
G1 X62.435 Y33.859 E.03773
G1 X63.393 Y34.033 E.03297
G1 X64.342 Y34.264 E.03305
G1 X65.275 Y34.552 E.03305
G1 X66.061 Y34.847 E.02844
G1 X67.083 Y35.294 E.03773
G1 X67.948 Y35.742 E.03297
G1 X68.786 Y36.243 E.03305
G1 X69.593 Y36.793 E.03305
G1 X70.365 Y37.39 E.03305
G1 X71.1 Y38.033 E.03305
G1 X71.796 Y38.718 E.03305
G1 X72.449 Y39.444 E.03305
G1 X73.058 Y40.207 E.03305
G1 X73.62 Y41.006 E.03305
G1 X74.133 Y41.836 E.03305
G1 X74.596 Y42.696 E.03305
G1 X75.007 Y43.582 E.03305
G1 X75.363 Y44.491 E.03305
G1 X75.623 Y45.29 E.02844
G1 X75.911 Y46.367 E.03773
G1 X76.099 Y47.323 E.03297
G1 X76.227 Y48.263 E.03211
G1 X76.304 Y49.291 E.03492
G1 X76.316 Y50.104 E.02752
G1 X76.274 Y51.218 E.03773
G1 X76.172 Y52.187 E.03297
G1 X76.012 Y53.15 E.03305
G1 X75.795 Y54.102 E.03305
G1 X75.521 Y55.039 E.03305
G1 X75.192 Y55.959 E.03305
G1 X74.808 Y56.856 E.03305
G1 X74.371 Y57.73 E.03305
G1 X73.883 Y58.575 E.03305
G1 X73.345 Y59.39 E.03305
G1 X72.759 Y60.171 E.03305
G1 X72.128 Y60.916 E.03305
G1 X71.453 Y61.622 E.03305
G1 X70.738 Y62.286 E.03305
G1 X69.983 Y62.906 E.03305
G1 X69.193 Y63.48 E.03305
G1 X68.371 Y64.006 E.03305
G1 X67.518 Y64.482 E.03305
G1 X66.638 Y64.905 E.03305
G1 X65.734 Y65.275 E.03305
G1 X64.81 Y65.591 E.03305
G1 X63.869 Y65.851 E.03305
G1 X63.047 Y66.026 E.02844
G1 X61.946 Y66.2 E.03773
G1 X60.976 Y66.287 E.03297
G1 X60 Y66.316 E.03305
G1 X59.024 Y66.287 E.03305
G1 X58.051 Y66.199 E.03305
G1 X57.221 Y66.074 E.02844
G1 X56.129 Y65.85 E.03773
G1 X55.19 Y65.591 E.03297
G1 X54.394 Y65.319 E.02844
G1 X53.36 Y64.904 E.03773
G1 X52.482 Y64.482 E.03297
G1 X51.63 Y64.006 E.03305
G1 X50.807 Y63.48 E.03305
G1 X50.127 Y62.986 E.02844
G1 X49.261 Y62.285 E.03773
G1 X48.547 Y61.622 E.03297
G1 X47.872 Y60.916 E.03305
G1 X47.241 Y60.171 E.03305
G1 X46.655 Y59.39 E.03305
G1 X46.117 Y58.575 E.03305
G1 X45.629 Y57.73 E.03305
G1 X45.192 Y56.856 E.03305
G1 X44.808 Y55.959 E.03305
G1 X44.525 Y55.168 E.02844
G1 X44.204 Y54.1 E.03773
G1 X43.988 Y53.15 E.03297
G1 X43.828 Y52.187 E.03305
G1 X43.726 Y51.216 E.03305
G1 X43.682 Y50.24 E.03305
G1 X43.697 Y49.264 E.03305
M73 P55 R7
G1 X43.769 Y48.29 E.03305
G1 X43.901 Y47.323 E.03305
G1 X44.089 Y46.365 E.03305
G1 X44.301 Y45.551 E.02844
G1 X44.638 Y44.489 E.03773
G1 X44.993 Y43.582 E.03297
G1 X45.404 Y42.696 E.03305
G1 X45.867 Y41.836 E.03305
G1 X46.38 Y41.006 E.03305
G1 X46.942 Y40.207 E.03305
G1 X47.551 Y39.444 E.03305
G1 X48.204 Y38.718 E.03305
G1 X48.871 Y38.061 E.0317
M204 S500
G1 X48.616 Y37.711 F7200
;TYPE:Outer wall
G1 F1473.915
G1 X49.363 Y37.059 E.03354
G1 X50.155 Y36.446 E.03392
G1 X50.983 Y35.882 E.03392
G1 X51.725 Y35.438 E.02926
G1 X52.734 Y34.906 E.0386
G1 X53.648 Y34.499 E.03389
G1 X54.587 Y34.146 E.03392
G1 X55.544 Y33.851 E.03392
G1 X56.518 Y33.614 E.03392
G1 X57.504 Y33.435 E.03392
G1 X58.499 Y33.315 E.03392
G1 X59.499 Y33.255 E.03392
G1 X60.501 Y33.255 E.03392
G1 X61.364 Y33.307 E.02926
G1 X62.497 Y33.435 E.0386
G1 X63.482 Y33.614 E.03389
G1 X64.456 Y33.851 E.03392
G1 X65.413 Y34.146 E.03392
G1 X66.223 Y34.45 E.02926
G1 X67.268 Y34.907 E.0386
G1 X68.156 Y35.368 E.03389
G1 X69.017 Y35.882 E.03392
G1 X69.845 Y36.446 E.03392
G1 X70.637 Y37.059 E.03392
G1 X71.392 Y37.719 E.03392
G1 X72.106 Y38.422 E.03392
G1 X72.776 Y39.167 E.03392
G1 X73.401 Y39.95 E.03392
G1 X73.978 Y40.769 E.03392
G1 X74.505 Y41.622 E.03392
G1 X74.98 Y42.504 E.03392
G1 X75.401 Y43.414 E.03392
G1 X75.767 Y44.346 E.03392
G1 X76.034 Y45.168 E.02926
G1 X76.329 Y46.27 E.0386
G1 X76.522 Y47.252 E.03389
G1 X76.657 Y48.246 E.03392
G1 X76.732 Y49.285 E.03528
G1 X76.745 Y50.109 E.0279
G1 X76.702 Y51.249 E.0386
G1 X76.597 Y52.244 E.03389
G1 X76.433 Y53.233 E.03392
G1 X76.21 Y54.21 E.03392
G1 X75.929 Y55.172 E.03392
G1 X75.591 Y56.115 E.03392
G1 X75.197 Y57.037 E.03392
G1 X74.749 Y57.933 E.03392
G1 X74.248 Y58.801 E.03392
G1 X73.696 Y59.637 E.03392
G1 X73.095 Y60.439 E.03392
G1 X72.447 Y61.203 E.03392
G1 X71.754 Y61.928 E.03392
G1 X71.02 Y62.609 E.03392
G1 X70.246 Y63.246 E.03392
G1 X69.435 Y63.835 E.03392
G1 X68.59 Y64.374 E.03392
G1 X67.715 Y64.862 E.03392
G1 X66.812 Y65.297 E.03392
G1 X65.885 Y65.677 E.03392
G1 X64.937 Y66.001 E.03392
G1 X63.971 Y66.267 E.03392
G1 X63.125 Y66.447 E.02926
G1 X61.999 Y66.625 E.0386
G1 X61.002 Y66.715 E.03389
G1 X60 Y66.745 E.03392
G1 X58.998 Y66.715 E.03392
G1 X58 Y66.625 E.03392
G1 X57.146 Y66.496 E.02926
G1 X56.028 Y66.267 E.0386
G1 X55.063 Y66.001 E.03389
G1 X54.245 Y65.721 E.02926
G1 X53.187 Y65.296 E.0386
G1 X52.285 Y64.862 E.03389
G1 X51.41 Y64.374 E.03392
G1 X50.565 Y63.835 E.03392
G1 X49.866 Y63.327 E.02926
G1 X48.98 Y62.609 E.0386
G1 X48.246 Y61.928 E.03389
G1 X47.553 Y61.203 E.03392
G1 X46.905 Y60.439 E.03392
G1 X46.304 Y59.637 E.03392
G1 X45.752 Y58.801 E.03392
G1 X45.251 Y57.933 E.03392
G1 X44.803 Y57.037 E.03392
G1 X44.409 Y56.115 E.03392
G1 X44.118 Y55.301 E.02926
G1 X43.79 Y54.209 E.0386
G1 X43.567 Y53.233 E.03389
G1 X43.403 Y52.244 E.03392
G1 X43.298 Y51.248 E.03392
G1 X43.253 Y50.247 E.03392
G1 X43.268 Y49.245 E.03392
G1 X43.343 Y48.246 E.03392
G1 X43.478 Y47.252 E.03392
G1 X43.671 Y46.269 E.03392
G1 X43.889 Y45.433 E.02926
G1 X44.233 Y44.346 E.0386
G1 X44.599 Y43.414 E.03389
G1 X45.02 Y42.504 E.03392
G1 X45.495 Y41.622 E.03392
G1 X46.022 Y40.769 E.03392
G1 X46.599 Y39.95 E.03392
G1 X47.224 Y39.167 E.03392
G1 X47.894 Y38.422 E.03392
G1 X48.587 Y37.739 E.03294
M204 S10000
G1 E-.8 F1800
G1 X56.201 Y38.273 Z2.8 F7200
G1 X64.894 Y38.882 Z2.8
G1 Z2.4
G1 E.8 F1800
M204 S500
G1 F1473.915
G1 X64.801 Y38.68 E.00753
G1 X65.606 Y37.146 E.05865
G1 X65.679 Y37.072 E.00351
G1 X65.84 Y37.064 E.00548
G1 X66.596 Y37.488 E.02933
G1 X67.283 Y37.929 E.02761
G1 X67.944 Y38.41 E.02768
G1 X69.213 Y39.391 E.05429
G1 X69.632 Y39.735 E.01835
G1 X70.263 Y40.297 E.02861
G1 X70.862 Y40.897 E.02871
G1 X71.077 Y41.147 E.01116
G1 X71.04 Y41.325 E.00614
G1 X69.735 Y42.501 E.05948
G1 X69.525 Y42.463 E.0072
G1 X69.008 Y41.927 E.02521
G1 X68.497 Y41.455 E.02358
G1 X67.956 Y41.011 E.02369
G1 X66.695 Y40.036 E.05394
G1 X66.129 Y39.624 E.02369
G1 X65.543 Y39.247 E.02358
G1 X64.929 Y38.902 E.02386
M204 S10000
G1 E-.8 F1800
G1 X61.409 Y37.934 Z2.8 F7200
G1 Z2.4
G1 E.8 F1800
M204 S500
G1 F1473.915
G1 X60.664 Y37.921 E.02521
G1 X59.968 Y37.948 E.02358
G1 X59.272 Y38.017 E.02369
G1 X57.691 Y38.219 E.05393
G1 X57 Y38.328 E.02369
G1 X56.319 Y38.476 E.02358
G1 X55.602 Y38.677 E.02521
G1 X55.476 Y38.666 E.00429
G1 X55.358 Y38.489 E.0072
G1 X54.878 Y36.946 E.0547
G1 X54.88 Y36.83 E.00391
G1 X54.959 Y36.735 E.0042
G1 X55.82 Y36.488 E.0303
G1 X56.617 Y36.314 E.02762
G1 X57.422 Y36.187 E.02759
G1 X58.792 Y36.011 E.04676
G1 X59.67 Y35.918 E.02986
G1 X60.514 Y35.876 E.02862
G1 X61.229 Y35.881 E.02421
G1 X61.588 Y35.914 E.0122
G1 X61.675 Y36.058 E.00571
G1 X61.614 Y37.339 E.04341
G1 X61.562 Y37.856 E.01758
G1 X61.444 Y37.916 E.00446
M204 S10000
G1 E-.8 F1800
G1 X66.601 Y43.543 Z2.8 F7200
G1 X71.121 Y48.475 Z2.8
G1 Z2.4
G1 E.8 F1800
M204 S500
G1 F1473.915
G1 X71.203 Y49.289 E.02768
G1 X71.221 Y50.003 E.0242
G1 X71.199 Y50.644 E.02169
G1 X71.137 Y51.34 E.02365
G1 X70.923 Y52.584 E.04272
G1 X70.715 Y53.335 E.02637
G1 X70.422 Y54.164 E.02979
G1 X70.086 Y54.923 E.02808
G1 X69.695 Y55.654 E.02808
G1 X69.318 Y56.248 E.02378
G1 X68.756 Y57.02 E.03236
G1 X68.383 Y57.451 E.01928
G1 X67.935 Y57.925 E.02208
G1 X67.471 Y58.366 E.02166
G1 X66.996 Y58.774 E.02119
G1 X66.329 Y59.267 E.02808
G1 X65.879 Y59.55 E.018
G1 X65.251 Y59.909 E.02448
G1 X64.135 Y60.432 E.04171
G1 X63.43 Y60.681 E.0253
G1 X62.815 Y60.856 E.02166
G1 X62.179 Y61 E.02207
G1 X60.914 Y61.184 E.04324
G1 X60.086 Y61.221 E.02808
G1 X59.344 Y61.199 E.02511
G1 X58.648 Y61.134 E.02368
G1 X57.615 Y60.965 E.03542
G1 X57.032 Y60.815 E.02038
G1 X56.025 Y60.494 E.03577
G1 X55.55 Y60.294 E.01745
G1 X54.883 Y59.979 E.02497
G1 X54.321 Y59.672 E.02168
G1 X53.814 Y59.362 E.02011
G1 X53.139 Y58.88 E.02808
G1 X52.536 Y58.378 E.02654
G1 X52.064 Y57.927 E.02211
G1 X51.626 Y57.46 E.02168
G1 X51.177 Y56.925 E.02364
G1 X50.848 Y56.495 E.01832
G1 X50.432 Y55.861 E.02566
G1 X50.073 Y55.224 E.02475
G1 X49.643 Y54.323 E.0338
G1 X49.351 Y53.546 E.02808
G1 X49.134 Y52.805 E.02616
G1 X48.993 Y52.168 E.02206
G1 X48.831 Y51.117 E.03599
G1 X48.779 Y50.289 E.02808
G1 X48.788 Y49.46 E.02808
G1 X48.858 Y48.635 E.02802
G1 X48.989 Y47.814 E.02814
G1 X49.18 Y47.007 E.02808
G1 X49.431 Y46.216 E.02808
G1 X49.707 Y45.525 E.02518
G1 X50.019 Y44.871 E.02454
G1 X50.33 Y44.311 E.02166
G1 X50.676 Y43.758 E.02208
G1 X50.991 Y43.3 E.01882
G1 X51.51 Y42.653 E.02808
G1 X52.071 Y42.051 E.02784
G1 X52.541 Y41.615 E.02171
G1 X53.078 Y41.168 E.02367
G1 X54.018 Y40.498 E.03907
G1 X54.736 Y40.082 E.02808
M73 P56 R7
G1 X55.482 Y39.72 E.02808
G1 X56.254 Y39.415 E.02808
G1 X57.045 Y39.167 E.02808
G1 X57.834 Y38.983 E.02742
G1 X58.673 Y38.85 E.02873
G1 X59.347 Y38.795 E.0229
G1 X60 Y38.778 E.0221
G1 X60.64 Y38.796 E.02167
G1 X61.157 Y38.831 E.01755
G1 X61.978 Y38.947 E.02808
G1 X62.609 Y39.084 E.02186
G1 X63.309 Y39.277 E.02457
G1 X64.36 Y39.653 E.03778
G1 X65.112 Y40.003 E.02808
G1 X65.693 Y40.328 E.02252
G1 X66.243 Y40.677 E.02207
G1 X67.185 Y41.372 E.03962
G1 X67.802 Y41.926 E.02808
G1 X68.377 Y42.524 E.02808
G1 X68.836 Y43.079 E.02437
G1 X69.386 Y43.84 E.03178
G1 X69.76 Y44.458 E.02445
G1 X70.19 Y45.29 E.0317
G1 X70.446 Y45.901 E.02243
G1 X70.679 Y46.559 E.02364
G1 X70.857 Y47.174 E.02167
G1 X70.979 Y47.659 E.01693
G1 X71.115 Y48.435 E.02667
M204 S10000
G1 E-.8 F1800
G1 X63.593 Y47.141 Z2.8 F7200
G1 X47.065 Y44.296 Z2.8
G1 Z2.4
G1 E.8 F1800
M204 S500
G1 F1473.915
G1 X47.076 Y44.139 E.0053
G1 X47.492 Y43.4 E.02871
G1 X47.933 Y42.714 E.02761
G1 X48.764 Y41.599 E.04708
G1 X49.395 Y40.783 E.03489
G1 X49.885 Y40.186 E.02615
G1 X50.457 Y39.563 E.02863
G1 X51.068 Y38.973 E.02873
G1 X51.178 Y38.913 E.00426
G1 X51.341 Y38.97 E.00586
G1 X52.475 Y40.217 E.05706
G1 X52.514 Y40.396 E.0062
G1 X51.501 Y41.453 E.04955
G1 X51.018 Y42.036 E.02563
G1 X50.04 Y43.301 E.05413
G1 X49.385 Y44.245 E.03887
G1 X48.882 Y45.109 E.03384
G1 X48.719 Y45.195 E.00624
G1 X48.265 Y44.976 E.01704
G1 X47.15 Y44.39 E.04265
G1 X47.092 Y44.325 E.00294
M204 S10000
G1 E-.8 F1800
G1 X49.276 Y45.353 Z2.8 F7200
G1 Z2.4
G1 E.8 F1800
M204 S1500
;TYPE:Inner wall
;WIDTH:0.520684
G1 F1255.85
G1 X49.335 Y45.233 E.00529
;WIDTH:0.504322
G1 F1300.385
G1 X49.626 Y44.679 E.02403
;WIDTH:0.468102
G1 F1411.16
G1 X49.971 Y44.102 E.02376
;WIDTH:0.424092
G1 F1574.093
G1 X50.353 Y43.536 E.02163
;WIDTH:0.376468
G1 F1798.842
G1 X50.706 Y43.054 E.01657
;WIDTH:0.374006
G1 F1812.218
G1 X51.32 Y42.284 E.02712
;WIDTH:0.419092
G1 F1595.015
G1 X51.805 Y41.734 E.02294
;WIDTH:0.445683
G1 F1489.71
G1 X52.095 Y41.447 E.01367
;WIDTH:0.472274
G1 F1397.448
G1 X52.386 Y41.16 E.01458
;WIDTH:0.521496
G1 F1253.719
G1 X52.789 Y40.805 E.02138
M204 S10000
G1 E-.8 F1800
G1 X50.802 Y48.174 Z2.8 F7200
G1 X49.143 Y54.324 Z2.8
G1 Z2.4
G1 E.8 F1800
M204 S1500
;WIDTH:0.527632
G1 F1237.848
G1 X49.042 Y54.012 E.01323
;WIDTH:0.498306
G1 F1317.563
G1 X48.941 Y53.7 E.01243
;WIDTH:0.46898
G1 F1408.252
G1 X48.839 Y53.31 E.01427
;WIDTH:0.443894
G1 F1496.356
G1 X48.738 Y52.92 E.01343
;WIDTH:0.418808
G1 F1596.22
G1 X48.61 Y52.25 E.02133
;WIDTH:0.376106
G1 F1800.796
G1 X48.458 Y51.169 E.03025
;WIDTH:0.390418
G1 F1726.629
G1 X48.381 Y50.314 E.02478
;WIDTH:0.420845
G1 F1587.616
G1 X48.37 Y49.885 E.01351
;WIDTH:0.451272
G1 F1469.321
G1 X48.359 Y49.455 E.01459
;WIDTH:0.482992
G1 F1363.413
G1 X48.379 Y49.025 E.01574
;WIDTH:0.514712
G1 F1271.747
G1 X48.399 Y48.596 E.01687
;WIDTH:0.521702
G1 F1253.18
G1 X48.401 Y48.546 E.00197
M204 S10000
G1 E-.8 F1800
G1 X52.192 Y55.171 Z2.8 F7200
G1 X55.368 Y60.724 Z2.8
G1 Z2.4
G1 E.8 F1800
M204 S1500
;WIDTH:0.526642
G1 F1240.382
G1 X55.333 Y60.706 E.00158
;WIDTH:0.521024
G1 F1254.957
M73 P56 R6
G1 X55.008 Y60.538 E.01456
;WIDTH:0.495582
G1 F1325.492
G1 X54.683 Y60.369 E.01378
;WIDTH:0.47014
G1 F1404.429
G1 X54.105 Y60.026 E.02388
;WIDTH:0.422636
G1 F1580.128
G1 X53.822 Y59.836 E.01078
;WIDTH:0.397194
G1 F1693.604
G1 X53.539 Y59.645 E.01005
;WIDTH:0.371752
G1 F1824.64
G1 X52.888 Y59.16 E.0222
;WIDTH:0.374006
G1 F1812.218
G1 X52.22 Y58.621 E.02363
;WIDTH:0.422632
G1 F1580.145
G1 X51.776 Y58.225 E.01878
;WIDTH:0.470144
G1 F1404.415
G1 X51.298 Y57.752 E.02388
;WIDTH:0.495586
G1 F1325.481
G1 X51.054 Y57.479 E.01378
;WIDTH:0.521028
G1 F1254.947
G1 X50.809 Y57.207 E.01456
M204 S10000
G1 E-.8 F1800
G1 X58.177 Y59.197 Z2.8 F7200
G1 X64.321 Y60.857 Z2.8
G1 Z2.4
G1 E.8 F1800
M204 S1500
;WIDTH:0.521698
G1 F1253.19
G1 X64.274 Y60.872 E.00197
;WIDTH:0.514706
G1 F1271.763
G1 X63.863 Y60.999 E.01687
;WIDTH:0.482989
G1 F1363.422
G1 X63.453 Y61.127 E.01574
;WIDTH:0.451272
G1 F1469.321
G1 X63.034 Y61.224 E.01459
;WIDTH:0.420843
G1 F1587.625
G1 X62.615 Y61.322 E.01351
;WIDTH:0.390414
G1 F1726.649
G1 X61.769 Y61.462 E.02478
;WIDTH:0.3761
G1 F1800.828
G1 X60.684 Y61.586 E.03025
;WIDTH:0.41881
G1 F1596.212
G1 X60.003 Y61.632 E.02133
;WIDTH:0.443894
G1 F1496.356
G1 X59.601 Y61.632 E.01343
;WIDTH:0.468978
G1 F1408.259
G1 X59.198 Y61.631 E.01427
;WIDTH:0.498307
G1 F1317.561
G1 X58.87 Y61.612 E.01243
;WIDTH:0.527636
G1 F1237.838
G1 X58.543 Y61.592 E.01323
M204 S10000
G1 E-.8 F1800
G1 X65.175 Y57.815 Z2.8 F7200
G1 X70.71 Y54.663 Z2.8
G1 Z2.4
G1 E.8 F1800
M204 S1500
;WIDTH:0.521494
G1 F1253.725
G1 X70.542 Y54.988 E.01458
;WIDTH:0.494846
G1 F1327.651
G1 X70.374 Y55.314 E.01376
;WIDTH:0.468198
G1 F1410.842
G1 X70.203 Y55.603 E.01189
;WIDTH:0.442703
G1 F1500.814
G1 X70.032 Y55.893 E.01117
;WIDTH:0.417208
G1 F1603.044
G1 X69.791 Y56.244 E.01325
;WIDTH:0.388579
G1 F1735.815
G1 X69.55 Y56.595 E.01223
;WIDTH:0.35995
G1 F1892.565
G1 X69.032 Y57.277 E.0226
;WIDTH:0.37647
G1 F1798.831
G1 X68.679 Y57.708 E.01543
;WIDTH:0.424082
G1 F1574.134
G1 X68.228 Y58.22 E.02163
;WIDTH:0.4681
G1 F1411.167
G1 X67.756 Y58.698 E.02376
;WIDTH:0.494395
G1 F1328.977
G1 X67.474 Y58.953 E.01426
;WIDTH:0.52069
G1 F1255.834
G1 X67.192 Y59.207 E.01509
M204 S10000
G1 E-.8 F1800
G1 X69.202 Y51.844 Z2.8 F7200
G1 X70.874 Y45.723 Z2.8
G1 Z2.4
G1 E.8 F1800
M204 S1500
;WIDTH:0.51929
G1 F1259.525
G1 X70.943 Y45.925 E.00848
;WIDTH:0.494812
G1 F1327.751
G1 X71.095 Y46.421 E.01948
;WIDTH:0.469618
G1 F1406.147
G1 X71.26 Y47.073 E.02385
;WIDTH:0.423858
G1 F1575.06
G1 X71.39 Y47.743 E.02162
;WIDTH:0.374604
G1 F1808.951
G1 X71.495 Y48.439 E.01943
;WIDTH:0.370898
G1 F1829.391
G1 X71.593 Y49.312 E.02394
;WIDTH:0.397612
G1 F1691.608
G1 X71.616 Y49.731 E.0124
;WIDTH:0.424326
G1 F1573.127
G1 X71.639 Y50.151 E.01334
;WIDTH:0.469662
G1 F1406.002
G1 X71.637 Y50.665 E.01823
;WIDTH:0.498849
G1 F1315.994
G1 X71.616 Y51.053 E.01474
;WIDTH:0.528036
G1 F1236.818
G1 X71.595 Y51.442 E.01569
M204 S10000
G1 E-.8 F1800
G1 X67.79 Y44.826 Z2.8 F7200
G1 X64.572 Y39.231 Z2.8
G1 Z2.4
G1 E.8 F1800
M204 S1500
;WIDTH:0.535664
G1 F1217.671
G1 X64.667 Y39.285 E.00451
;WIDTH:0.517962
G1 F1263.046
G1 X65.002 Y39.458 E.01486
;WIDTH:0.489514
G1 F1343.502
G1 X65.336 Y39.63 E.01397
;WIDTH:0.461066
G1 F1434.906
G1 X65.703 Y39.855 E.01495
;WIDTH:0.429784
G1 F1550.933
G1 X66.07 Y40.079 E.01383
;WIDTH:0.398502
G1 F1687.375
G1 X66.771 Y40.573 E.02537
;WIDTH:0.377222
G1 F1794.784
G1 X67.711 Y41.317 E.03333
;WIDTH:0.42156
G1 F1584.619
G1 X68.224 Y41.767 E.02148
;WIDTH:0.46402
G1 F1424.84
G1 X68.721 Y42.257 E.02443
;WIDTH:0.494933
G1 F1327.395
G1 X68.978 Y42.544 E.01447
;WIDTH:0.525846
G1 F1242.426
G1 X69.235 Y42.83 E.01546
M204 S10000
G1 E-.8 F1800
G1 X61.872 Y40.824 Z2.8 F7200
G1 X55.684 Y39.138 Z2.8
G1 Z2.4
G1 E.8 F1800
M204 S1500
;WIDTH:0.528034
G1 F1236.823
G1 X55.727 Y39.124 E.00182
;WIDTH:0.521764
G1 F1253.018
G1 X56.076 Y39.013 E.01458
;WIDTH:0.495716
G1 F1325.1
G1 X56.425 Y38.902 E.01379
;WIDTH:0.469668
G1 F1405.982
G1 X57.076 Y38.735 E.02385
;WIDTH:0.42042
G1 F1589.404
G1 X57.441 Y38.664 E.01168
;WIDTH:0.393312
G1 F1712.368
G1 X57.807 Y38.594 E.01084
;WIDTH:0.366204
G1 F1855.953
G1 X58.656 Y38.474 E.02305
;WIDTH:0.37722
G1 F1794.795
G1 X59.468 Y38.392 E.02269
;WIDTH:0.423858
G1 F1575.06
G1 X59.997 Y38.363 E.01678
;WIDTH:0.469614
G1 F1406.16
G1 X60.669 Y38.359 E.02385
;WIDTH:0.496908
G1 F1321.621
G1 X61.051 Y38.379 E.01445
;WIDTH:0.524202
G1 F1246.67
G1 X61.433 Y38.399 E.01532
M204 S10000
G1 E-.8 F1800
G1 X68.07 Y42.17 Z2.8 F7200
G1 X69.898 Y43.208 Z2.8
G1 Z2.4
G1 E.8 F1800
M204 S500
;TYPE:Sparse infill
;WIDTH:0.45
G1 F1473.913
G1 X70.037 Y43.217 E.00474
G1 X70.135 Y43.166 E.00372
G1 X70.295 Y43.05 E.00668
G1 X71.165 Y42.251 E.03998
G1 X71.658 Y42.292 E.01674
G1 X72.371 Y43.005 E.03415
G1 X72.473 Y44.247 E.04216
G1 X72.929 Y44.106 E.01616
G1 X73.313 Y44.11 E.01298
G1 X73.766 Y44.351 E.01736
G1 X73.994 Y44.69 E.01383
G1 X74.181 Y45.353 E.02331
G1 X74.767 Y45.401 E.01989
G1 X75.48 Y46.114 E.03415
G1 X75.608 Y47.668 E.05279
G1 X75.827 Y47.888 E.0105
G1 X75.886 Y48.326 E.01499
G1 X75.958 Y49.28 E.03235
G1 X75.97 Y50.1 E.02778
G1 X75.932 Y51.102 E.03393
G1 X75.608 Y50.777 E.01554
G1 X75.48 Y49.223 E.05279
G1 X74.767 Y48.509 E.03415
G1 X74.73 Y48.506 E.00126
G1 X74.864 Y49.746 E.04221
G1 X74.9 Y50.654 E.03075
G1 X74.88 Y51.593 E.0318
G1 X74.851 Y51.703 E.00385
G1 X75.48 Y52.332 E.03009
G1 X75.576 Y53.505 E.03986
G1 X75.46 Y54.015 E.0177
G1 X75.134 Y55.094 E.03816
G1 X74.767 Y54.727 E.01758
G1 X73.212 Y54.599 E.05279
G1 X72.499 Y53.886 E.03415
G1 X72.375 Y52.372 E.05142
G1 X72.145 Y52.361 E.00777
G1 X71.792 Y52.179 E.01345
G1 X71.667 Y52.799 E.0214
G1 X71.569 Y53.154 E.01249
M204 S10000
G1 E-.8 F1800
G1 X74.666 Y56.308 Z2.8 F7200
G1 Z2.4
M73 P57 R6
G1 E.8 F1800
M204 S500
G1 F1473.913
G1 X74.494 Y56.711 E.01483
G1 X74.066 Y57.566 E.03235
G1 X73.949 Y57.769 E.00793
G1 X73.212 Y57.708 E.02503
G1 X72.907 Y57.403 E.01461
G1 X72.69 Y57.74 E.01357
G1 X72.215 Y58.392 E.02732
G1 X72.371 Y58.549 E.0075
G1 X72.487 Y59.958 E.04785
G1 X71.871 Y60.685 E.03225
G1 X71.625 Y60.942 E.01203
G1 X70.228 Y60.827 E.04745
G1 X70.071 Y60.997 E.00783
G1 X69.399 Y61.641 E.0315
G1 X69.268 Y61.725 E.00528
G1 X69.367 Y62.927 E.0408
G1 X69.772 Y62.633 E.01694
G1 X70.636 Y61.909 E.03816
M204 S10000
G1 X68.699 Y61.851 F7200
M204 S500
G1 F1473.913
G1 X68.677 Y61.854 E.00075
G1 X68.264 Y61.698 E.01497
G1 X68.158 Y61.615 E.00455
G1 X67.463 Y60.855 E.03485
G1 X66.995 Y60.817 E.0159
G1 X66.347 Y60.17 E.03099
G1 X65.987 Y60.395 E.01438
G1 X65.133 Y60.838 E.03258
G1 X65.169 Y60.85 E.00129
G1 X65.21 Y60.925 E.0029
G1 X65.44 Y60.944 E.00783
G1 X66.154 Y61.658 E.03415
G1 X66.281 Y63.212 E.05279
G1 X66.995 Y63.926 E.03415
G1 X67.7 Y63.984 E.02396
G1 X67.358 Y64.174 E.01326
G1 X66.497 Y64.589 E.03235
G1 X66.128 Y64.74 E.01352
G1 X65.44 Y64.053 E.0329
G1 X65.159 Y64.03 E.00955
G1 X64.339 Y64.263 E.02886
G1 X63.539 Y64.437 E.02773
G1 X62.828 Y64.55 E.02435
G1 X63.045 Y64.767 E.01038
G1 X63.118 Y65.657 E.03023
G1 X61.904 Y65.856 E.04166
G1 X60.955 Y65.941 E.03223
G1 X60.035 Y65.969 E.03117
G1 X59.945 Y64.872 E.03724
G1 X59.343 Y64.896 E.02041
G1 X58.422 Y64.877 E.03118
G1 X58.264 Y64.851 E.00541
G1 X57.842 Y64.619 E.0163
G1 X57.579 Y64.161 E.01786
G1 X57.552 Y63.982 E.00614
G1 X57.56 Y63.818 E.00556
G1 X56.955 Y63.212 E.02898
G1 X56.828 Y61.658 E.05279
G1 X56.699 Y61.53 E.00614
G1 X55.929 Y61.278 E.02744
G1 X55.875 Y61.691 E.01412
G1 X55.026 Y63.297 E.06148
G1 X54.879 Y63.469 E.00768
G1 X54.534 Y63.674 E.01356
G1 X54.32 Y63.686 E.00725
G1 X54.56 Y63.926 E.01147
G1 X56.114 Y64.053 E.05279
G1 X56.828 Y64.767 E.03415
G1 X56.9 Y65.655 E.03018
G1 X56.209 Y65.514 E.02387
G1 X55.292 Y65.26 E.03223
G1 X54.515 Y64.995 E.02778
G1 X53.566 Y64.614 E.0346
G1 X53.005 Y64.053 E.02685
G1 X52.325 Y63.997 E.02312
G1 X51.807 Y63.709 E.02005
G1 X51.002 Y63.194 E.03235
G1 X50.719 Y62.989 E.01182
G1 X50.61 Y61.658 E.04521
G1 X49.897 Y60.944 E.03415
G1 X48.342 Y60.817 E.05279
G1 X47.68 Y60.155 E.03168
G1 X47.628 Y60.093 E.00275
G1 X47.501 Y58.549 E.05244
G1 X46.788 Y57.836 E.03415
G1 X46.055 Y57.776 E.02489
G1 X45.934 Y57.566 E.0082
G1 X45.506 Y56.711 E.03235
G1 X45.337 Y56.315 E.01456
M204 S10000
G1 E-.8 F1800
G1 X50.105 Y56.774 Z2.8 F7200
G1 Z2.4
G1 E.8 F1800
M204 S500
G1 F1473.913
G1 X49.719 Y56.931 E.01412
G1 X48.825 Y57.748 E.04098
G1 X48.342 Y57.708 E.0164
G1 X47.629 Y56.995 E.03415
G1 X47.526 Y55.744 E.04246
G1 X47.08 Y55.884 E.01582
G1 X46.899 Y55.903 E.00615
G1 X46.456 Y55.799 E.01542
G1 X46.096 Y55.475 E.01641
G1 X45.977 Y55.212 E.00975
G1 X45.82 Y54.648 E.01984
G1 X45.233 Y54.599 E.01992
G1 X44.52 Y53.886 E.03415
G1 X44.392 Y52.332 E.05279
G1 X44.167 Y52.106 E.01078
G1 X44.073 Y51.211 E.03047
G1 X44.028 Y50.235 E.03308
G1 X44.042 Y49.28 E.03235
G1 X44.071 Y48.901 E.01285
G1 X44.392 Y49.223 E.0154
G1 X44.52 Y50.777 E.05279
G1 X45.233 Y51.491 E.03415
G1 X45.271 Y51.494 E.00129
G1 X45.133 Y50.204 E.0439
G1 X45.1 Y49.341 E.02923
G1 X45.118 Y48.434 E.0307
G1 X45.126 Y48.358 E.00262
G1 X45.151 Y48.3 E.00214
G1 X44.52 Y47.668 E.03023
G1 X44.422 Y46.468 E.04076
G1 X44.633 Y45.647 E.0287
G1 X44.868 Y44.908 E.02627
G1 X45.233 Y45.273 E.0175
G1 X46.788 Y45.401 E.05279
G1 X47.501 Y46.114 E.03415
G1 X47.625 Y47.621 E.05117
G1 X47.815 Y47.629 E.00645
G1 X48.195 Y47.725 E.01324
G1 X48.216 Y47.756 E.00129
G1 X48.443 Y46.774 E.03412
M204 S10000
G1 E-.8 F1800
G1 X45.325 Y43.69 Z2.8 F7200
G1 Z2.4
G1 E.8 F1800
M204 S500
G1 F1473.913
G1 X45.713 Y42.851 E.03129
G1 X46.047 Y42.231 E.02383
G1 X46.788 Y42.292 E.02516
G1 X47.09 Y42.594 E.01447
G1 X47.31 Y42.252 E.01376
G1 X47.782 Y41.604 E.02713
G1 X47.629 Y41.451 E.00735
G1 X47.513 Y40.045 E.04773
G1 X47.815 Y39.668 E.01636
G1 X48.364 Y39.057 E.02779
G1 X49.766 Y39.172 E.04759
G1 X49.929 Y38.995 E.00816
G1 X50.628 Y38.328 E.03272
G1 X50.733 Y38.283 E.00384
G1 X50.632 Y37.059 E.04158
G1 X49.855 Y37.658 E.03322
G1 X49.368 Y38.083 E.02189
M204 S10000
G1 X51.305 Y38.17 F7200
M204 S500
G1 F1473.913
G1 X51.555 Y38.198 E.0085
G1 X51.837 Y38.371 E.01121
G1 X52.541 Y39.145 E.0354
G1 X53.005 Y39.183 E.01578
G1 X53.642 Y39.82 E.03049
G1 X54.352 Y39.409 E.02777
G1 X54.921 Y39.132 E.0214
G1 X54.875 Y39.081 E.00231
G1 X54.56 Y39.056 E.01072
G1 X53.846 Y38.342 E.03415
G1 X53.719 Y36.788 E.05279
G1 X53.005 Y36.074 E.03415
G1 X52.291 Y36.016 E.02426
G1 X53.073 Y35.603 E.02992
G1 X53.864 Y35.251 E.02931
G1 X54.56 Y35.947 E.03332
G1 X54.806 Y35.967 E.00836
G1 X55.661 Y35.729 E.03006
G1 X56.503 Y35.547 E.02914
G1 X57.165 Y35.443 E.02269
G1 X56.955 Y35.233 E.01005
G1 X56.881 Y34.335 E.03052
G1 X57.619 Y34.201 E.02539
G1 X58.568 Y34.087 E.03235
G1 X59.522 Y34.03 E.03235
G1 X59.965 Y34.03 E.01499
G1 X60.054 Y35.12 E.03702
G1 X60.61 Y35.097 E.01882
G1 X61.609 Y35.117 E.03382
G1 X62.003 Y35.254 E.01413
G1 X62.347 Y35.631 E.01727
G1 X62.447 Y35.997 E.01285
G1 X62.444 Y36.187 E.00642
G1 X63.045 Y36.788 E.02877
G1 X63.172 Y38.342 E.05279
G1 X63.296 Y38.465 E.00589
G1 X63.809 Y38.618 E.01815
G1 X64.083 Y38.72 E.00989
G1 X64.036 Y38.576 E.00514
G1 X64.061 Y38.469 E.00372
G1 X64.133 Y38.285 E.00668
G1 X64.99 Y36.67 E.0619
G1 X65.3 Y36.392 E.01407
G1 X65.658 Y36.292 E.0126
G1 X65.44 Y36.074 E.01043
G1 X63.886 Y35.947 E.05279
G1 X63.172 Y35.233 E.03415
G1 X63.099 Y34.331 E.03064
G1 X63.321 Y34.372 E.00766
G1 X64.25 Y34.598 E.03235
G1 X65.163 Y34.88 E.03235
G1 X65.931 Y35.168 E.02778
G1 X66.437 Y35.389 E.01867
G1 X66.995 Y35.947 E.02671
G1 X67.702 Y36.005 E.02404
G1 X68.599 Y36.535 E.03527
G1 X69.28 Y36.999 E.02787
G1 X69.39 Y38.342 E.04563
G1 X70.103 Y39.056 E.03415
G1 X71.658 Y39.183 E.05279
G1 X72.354 Y39.879 E.03332
G1 X72.372 Y39.901 E.00097
G1 X72.499 Y41.451 E.05262
G1 X73.212 Y42.164 E.03415
G1 X73.95 Y42.225 E.02504
G1 X74.287 Y42.851 E.02407
G1 X74.672 Y43.683 E.03105
; stop printing object fidget-finger-massager-2000-ring.stl id:15 copy 0
;LAYER_CHANGE
;Z:2.6
;HEIGHT:0.2
G92 E0
;_SET_FAN_SPEED_CHANGING_LAYER
; printing object fidget-finger-massager-2000-ring.stl id:15 copy 0
M204 S10000
G1 E-.8 F1800
G1 X70.874 Y45.723 Z3 F7200
G1 Z2.6
G1 E.8 F1800
M204 S1500
;TYPE:Inner wall
;WIDTH:0.51929
G1 F1259.525
G1 X70.939 Y45.455 E.01093
;WIDTH:0.484645
G1 F1358.313
G1 X71.004 Y45.187 E.01013
;WIDTH:0.449999
G1 F1473.915
G1 X71.314 Y44.966 E.01288
G1 X72.923 Y44.465 E.05706
G1 X73.227 Y44.45 E.01028
G1 X73.524 Y44.604 E.01135
G1 X73.693 Y44.884 E.01105
G1 X73.921 Y45.701 E.02871
G1 X74.101 Y46.522 E.02846
G1 X74.233 Y47.351 E.02844
G1 X74.482 Y49.393 E.06962
G1 X74.54 Y50.261 E.02945
G1 X74.545 Y51.134 E.02954
G1 X74.515 Y51.656 E.0177
G1 X74.264 Y51.998 E.01436
G1 X73.899 Y52.098 E.01281
G1 X72.215 Y52.018 E.05706
;WIDTH:0.450206
G1 X71.746 Y51.762 E.01809
;WIDTH:0.489121
G1 F1344.685
G1 X71.671 Y51.602 E.00657
;WIDTH:0.528036
G1 F1236.818
G1 X71.595 Y51.442 E.00715
G1 X71.469 Y52.054 E.02524
;WIDTH:0.489018
G1 F1344.998
G1 X71.343 Y52.667 E.02321
;WIDTH:0.449999
G1 F1473.915
G1 X71.128 Y53.449 E.02744
;WIDTH:0.452544
G1 F1464.758
G1 X70.827 Y54.309 E.03105
;WIDTH:0.487019
G1 F1351.05
G1 X70.768 Y54.486 E.00687
;WIDTH:0.521494
G1 F1253.725
G1 X70.71 Y54.663 E.00741
G1 X70.845 Y54.552 E.00697
;WIDTH:0.487019
G1 F1351.05
G1 X70.981 Y54.442 E.00647
;WIDTH:0.452544
G1 F1464.758
G1 X71.503 Y54.411 E.01781
;WIDTH:0.449999
G1 F1473.915
G1 X73.049 Y55.223 E.05911
G1 X73.253 Y55.397 E.00906
G1 X73.373 Y55.7 E.01105
G1 X73.288 Y56.08 E.01316
G1 X72.881 Y56.802 E.02807
G1 X72.428 Y57.51 E.02846
G1 X71.934 Y58.19 E.02844
M73 P58 R6
G1 X70.944 Y59.471 E.0548
G1 X70.422 Y60.107 E.02784
G1 X69.853 Y60.725 E.02846
G1 X69.217 Y61.339 E.02991
G1 X69.062 Y61.448 E.00643
G1 X68.711 Y61.505 E.01202
G1 X68.377 Y61.349 E.01249
G1 X67.208 Y60.063 E.05881
G1 X67.064 Y59.79 E.01046
;WIDTH:0.485345
G1 F1356.164
G1 X67.128 Y59.498 E.01098
;WIDTH:0.52069
G1 F1255.834
G1 X67.192 Y59.207 E.01186
G1 X66.887 Y59.409 E.01452
;WIDTH:0.485345
G1 F1356.164
G1 X66.583 Y59.612 E.01345
;WIDTH:0.449999
G1 F1473.915
G1 X66.107 Y59.913 E.01908
G1 X65.451 Y60.288 E.02555
;WIDTH:0.485849
G1 F1354.62
G1 X64.886 Y60.572 E.0233
;WIDTH:0.521698
G1 F1253.19
G1 X64.321 Y60.857 E.02519
G1 X64.618 Y60.977 E.01274
;WIDTH:0.485849
G1 F1354.62
G1 X64.914 Y61.098 E.01178
;WIDTH:0.449999
G1 F1473.915
G1 X65.03 Y61.31 E.00818
G1 X65.531 Y62.919 E.05706
G1 X65.557 Y63.151 E.00788
G1 X65.45 Y63.449 E.01074
G1 X65.113 Y63.689 E.014
G1 X64.294 Y63.918 E.02878
G1 X63.474 Y64.097 E.02839
G1 X62.645 Y64.229 E.02844
G1 X61.039 Y64.435 E.0548
G1 X60.22 Y64.515 E.02784
G1 X59.38 Y64.55 E.02846
G1 X58.497 Y64.535 E.02991
G1 X58.359 Y64.517 E.00469
G1 X58.048 Y64.326 E.01234
G1 X57.892 Y64.02 E.01163
G1 X57.995 Y62.092 E.06535
;WIDTH:0.486107
G1 F1353.83
G1 X58.351 Y61.658 E.02067
;WIDTH:0.527636
G1 F1237.838
G1 X58.543 Y61.592 E.00817
G1 X58.041 Y61.489 E.02064
;WIDTH:0.488818
G1 F1345.601
G1 X57.539 Y61.387 E.01899
;WIDTH:0.449999
G1 F1473.915
G1 X56.925 Y61.23 E.02145
G1 X55.888 Y60.9 E.03684
;WIDTH:0.488321
G1 F1347.102
G1 X55.628 Y60.812 E.01016
;WIDTH:0.526642
G1 F1240.382
G1 X55.368 Y60.724 E.01103
G1 X55.491 Y60.934 E.00978
;WIDTH:0.488321
G1 F1347.102
G1 X55.614 Y61.143 E.009
;WIDTH:0.449999
G1 F1473.915
G1 X55.524 Y61.616 E.0163
G1 X54.773 Y63.045 E.05465
G1 X54.653 Y63.204 E.00673
G1 X54.384 Y63.353 E.01042
G1 X54.014 Y63.332 E.01253
G1 X53.313 Y62.944 E.02712
G1 X52.574 Y62.481 E.02953
G1 X51.867 Y61.975 E.02943
G1 X50.525 Y60.94 E.05734
G1 X49.889 Y60.419 E.02784
G1 X49.271 Y59.849 E.02846
G1 X48.657 Y59.214 E.02991
G1 X48.599 Y59.145 E.00304
G1 X48.486 Y58.792 E.01253
G1 X48.562 Y58.494 E.01042
G1 X48.686 Y58.338 E.00673
G1 X49.933 Y57.204 E.05706
G1 X50.36 Y57.045 E.01543
;WIDTH:0.485514
G1 F1355.646
G1 X50.584 Y57.126 E.00878
;WIDTH:0.521028
G1 F1254.947
G1 X50.809 Y57.207 E.00948
G1 X50.658 Y56.981 E.01078
;WIDTH:0.485514
G1 F1355.646
G1 X50.508 Y56.756 E.00998
;WIDTH:0.449999
G1 F1473.915
G1 X50.074 Y56.096 E.02674
G1 X49.698 Y55.432 E.02582
;WIDTH:0.486103
G1 F1353.843
G1 X49.237 Y54.51 E.03798
;WIDTH:0.527632
G1 F1237.848
G1 X49.143 Y54.324 E.00839
G1 X49.128 Y54.527 E.00817
;WIDTH:0.486103
G1 F1353.843
G1 X48.797 Y54.979 E.02067
;WIDTH:0.449999
G1 F1473.915
G1 X47.077 Y55.527 E.06112
G1 X46.913 Y55.555 E.00561
G1 X46.622 Y55.49 E.0101
G1 X46.359 Y55.237 E.01234
G1 X46.147 Y54.534 E.02485
G1 X45.946 Y53.686 E.02953
G1 X45.797 Y52.829 E.02944
G1 X45.561 Y51.033 E.06129
G1 X45.481 Y50.217 E.02778
G1 X45.446 Y49.377 E.02846
G1 X45.461 Y48.493 E.02991
G1 X45.608 Y48.107 E.014
G1 X45.871 Y47.928 E.01074
G1 X46.101 Y47.894 E.00788
G1 X47.785 Y47.974 E.05706
G1 X48.019 Y48.033 E.00818
;WIDTH:0.485852
G1 F1354.611
G1 X48.21 Y48.29 E.01178
;WIDTH:0.521704
G1 F1253.175
G1 X48.401 Y48.546 E.01274
G1 X48.484 Y48.146 E.01626
;WIDTH:0.485852
G1 F1354.611
G1 X48.566 Y47.746 E.01504
;WIDTH:0.449999
G1 F1473.915
G1 X48.764 Y46.908 E.02915
G1 X49.022 Y46.086 E.02915
;WIDTH:0.485342
G1 F1356.173
G1 X49.149 Y45.72 E.01428
;WIDTH:0.520684
G1 F1255.85
G1 X49.276 Y45.353 E.01542
G1 X49.01 Y45.488 E.01186
;WIDTH:0.485342
G1 F1356.173
G1 X48.744 Y45.623 E.01098
;WIDTH:0.449999
G1 F1473.915
G1 X48.443 Y45.553 E.01045
G1 X46.951 Y44.769 E.05706
G1 X46.84 Y44.694 E.00454
G1 X46.67 Y44.461 E.00977
G1 X46.645 Y44.072 E.0132
G1 X46.939 Y43.51 E.02145
G1 X47.391 Y42.764 E.02953
G1 X47.886 Y42.049 E.02944
G1 X49.056 Y40.521 E.06513
G1 X49.553 Y39.916 E.02651
G1 X50.141 Y39.274 E.02947
G1 X50.769 Y38.666 E.02957
G1 X51.115 Y38.489 E.01316
G1 X51.439 Y38.528 E.01105
G1 X51.658 Y38.682 E.00906
G1 X52.834 Y39.981 E.05931
;WIDTH:0.452547
G1 F1464.747
G1 X52.935 Y40.487 E.01757
;WIDTH:0.487021
G1 F1351.046
G1 X52.862 Y40.646 E.00646
;WIDTH:0.521494
G1 F1253.725
G1 X52.789 Y40.805 E.00697
G1 X53.283 Y40.475 E.02364
;WIDTH:0.485747
G1 F1354.933
G1 X53.777 Y40.144 E.02188
;WIDTH:0.449999
G1 F1473.915
G1 X54.22 Y39.885 E.01738
G1 X55.296 Y39.335 E.0409
;WIDTH:0.489017
G1 F1345
G1 X55.49 Y39.236 E.00807
;WIDTH:0.528034
G1 F1236.823
G1 X55.684 Y39.138 E.00878
G1 X55.489 Y39.096 E.00804
;WIDTH:0.489017
G1 F1345
G1 X55.294 Y39.054 E.00739
;WIDTH:0.449999
G1 F1473.915
G1 X54.97 Y38.683 E.0167
G1 X54.469 Y37.073 E.05706
G1 X54.474 Y36.694 E.01281
G1 X54.742 Y36.365 E.01436
G1 X55.239 Y36.205 E.0177
G1 X55.739 Y36.066 E.01754
G1 X56.526 Y35.895 E.02726
G1 X57.355 Y35.763 E.02844
G1 X58.737 Y35.586 E.04715
G1 X59.626 Y35.492 E.03026
G1 X60.495 Y35.447 E.02946
G1 X61.369 Y35.455 E.02956
G1 X61.669 Y35.484 E.0102
G1 X61.816 Y35.551 E.00548
G1 X62.04 Y35.8 E.01135
G1 X62.102 Y36.097 E.01028
G1 X62.022 Y37.781 E.05706
G1 X61.887 Y38.137 E.01288
;WIDTH:0.487101
G1 F1350.802
G1 X61.66 Y38.268 E.00967
;WIDTH:0.524202
G1 F1246.67
G1 X61.433 Y38.399 E.01048
G1 X61.736 Y38.461 E.01235
;WIDTH:0.487101
G1 F1350.802
G1 X62.038 Y38.523 E.0114
;WIDTH:0.449999
G1 F1473.915
G1 X62.7 Y38.665 E.02293
G1 X63.431 Y38.866 E.02564
;WIDTH:0.487562
G1 F1349.4
G1 X63.978 Y39.042 E.02124
;WIDTH:0.525125
G1 F1244.284
G1 X64.525 Y39.217 E.02304
;WIDTH:0.535664
G1 F1217.671
G1 X64.572 Y39.231 E.00198
G1 X64.478 Y38.919 E.01332
;WIDTH:0.492832
G1 F1333.595
G1 X64.384 Y38.608 E.01216
;WIDTH:0.449999
G1 F1473.915
G1 X64.639 Y38.066 E.02028
G1 X65.227 Y36.947 E.04279
G1 X65.463 Y36.701 E.01153
G1 X65.797 Y36.621 E.01163
G1 X66.067 Y36.699 E.00951
G1 X66.806 Y37.115 E.02871
G1 X67.514 Y37.568 E.02846
G1 X68.194 Y38.062 E.02844
G1 X69.205 Y38.844 E.04326
G1 X69.903 Y39.403 E.03026
G1 X70.553 Y39.981 E.02945
G1 X71.17 Y40.599 E.02955
G1 X71.44 Y40.91 E.01395
G1 X71.486 Y41.02 E.00406
G1 X71.493 Y41.364 E.01163
G1 X71.314 Y41.654 E.01153
G1 X70.067 Y42.789 E.05706
G1 X69.919 Y42.888 E.00605
;WIDTH:0.478806
G1 F1376.507
G1 X69.618 Y42.883 E.01092
;WIDTH:0.507613
G1 F1291.175
G1 X69.316 Y42.878 E.01164
;WIDTH:0.525846
G1 F1242.426
G1 X69.235 Y42.83 E.00378
G1 X69.486 Y43.211 E.01829
;WIDTH:0.487923
G1 F1348.307
G1 X69.736 Y43.592 E.01686
;WIDTH:0.449999
G1 F1473.915
G1 X70.127 Y44.237 E.02552
G1 X70.573 Y45.096 E.03277
;WIDTH:0.484645
G1 F1358.313
G1 X70.723 Y45.409 E.01277
;WIDTH:0.51929
G1 F1259.525
G1 X70.856 Y45.687 E.01219
M204 S10000
G1 E-.8 F1800
G1 X71.121 Y48.48 Z3 F7200
G1 Z2.6
G1 E.8 F1800
M204 S500
;TYPE:Outer wall
;WIDTH:0.449999
G1 F1473.915
G1 X71.203 Y49.289 E.02752
G1 X71.221 Y50.003 E.0242
G1 X71.199 Y50.644 E.02169
G1 X71.137 Y51.34 E.02365
G1 X70.923 Y52.584 E.04272
G1 X70.715 Y53.335 E.02637
G1 X70.422 Y54.164 E.02979
G1 X70.086 Y54.923 E.02808
G1 X69.695 Y55.654 E.02808
G1 X69.318 Y56.248 E.02378
G1 X68.756 Y57.02 E.03236
G1 X68.383 Y57.451 E.01928
G1 X67.935 Y57.925 E.02208
G1 X67.471 Y58.366 E.02166
G1 X66.996 Y58.774 E.02119
G1 X66.329 Y59.267 E.02808
G1 X65.879 Y59.55 E.018
G1 X65.251 Y59.909 E.02448
G1 X64.135 Y60.432 E.04171
G1 X63.43 Y60.681 E.0253
G1 X62.815 Y60.856 E.02166
G1 X62.179 Y61 E.02207
G1 X60.914 Y61.184 E.04324
G1 X60.086 Y61.221 E.02808
G1 X59.344 Y61.199 E.02511
G1 X58.648 Y61.134 E.02368
G1 X57.615 Y60.965 E.03542
G1 X57.032 Y60.815 E.02038
G1 X56.025 Y60.494 E.03577
G1 X55.55 Y60.294 E.01745
G1 X54.883 Y59.979 E.02497
G1 X54.321 Y59.672 E.02168
G1 X53.814 Y59.362 E.02011
G1 X53.139 Y58.88 E.02808
G1 X52.536 Y58.378 E.02654
G1 X52.064 Y57.927 E.02211
G1 X51.626 Y57.46 E.02168
G1 X51.177 Y56.925 E.02364
G1 X50.848 Y56.495 E.01832
G1 X50.432 Y55.861 E.02566
G1 X50.073 Y55.224 E.02475
G1 X49.643 Y54.323 E.0338
G1 X49.351 Y53.546 E.02808
G1 X49.134 Y52.805 E.02616
G1 X48.993 Y52.168 E.02206
G1 X48.831 Y51.117 E.03599
G1 X48.779 Y50.289 E.02808
G1 X48.788 Y49.46 E.02808
G1 X48.858 Y48.635 E.02802
G1 X48.989 Y47.814 E.02814
G1 X49.18 Y47.007 E.02808
G1 X49.431 Y46.216 E.02808
G1 X49.707 Y45.525 E.02518
G1 X50.019 Y44.871 E.02454
G1 X50.33 Y44.311 E.02166
G1 X50.676 Y43.758 E.02208
G1 X50.991 Y43.3 E.01882
G1 X51.51 Y42.653 E.02808
G1 X52.071 Y42.051 E.02784
G1 X52.541 Y41.615 E.02171
G1 X53.078 Y41.168 E.02367
G1 X54.018 Y40.498 E.03907
G1 X54.736 Y40.082 E.02808
G1 X55.482 Y39.72 E.02808
G1 X56.254 Y39.415 E.02808
G1 X57.045 Y39.167 E.02808
G1 X57.834 Y38.983 E.02742
G1 X58.673 Y38.85 E.02873
G1 X59.347 Y38.795 E.0229
G1 X60 Y38.778 E.0221
G1 X60.64 Y38.796 E.02167
G1 X61.157 Y38.831 E.01755
G1 X61.978 Y38.947 E.02808
G1 X62.609 Y39.084 E.02186
G1 X63.309 Y39.277 E.02457
G1 X64.36 Y39.653 E.03778
G1 X65.112 Y40.003 E.02808
G1 X65.693 Y40.328 E.02252
G1 X66.243 Y40.677 E.02207
G1 X67.185 Y41.372 E.03962
G1 X67.802 Y41.926 E.02808
G1 X68.377 Y42.524 E.02808
G1 X68.836 Y43.079 E.02437
G1 X69.386 Y43.84 E.03178
G1 X69.76 Y44.458 E.02445
G1 X70.19 Y45.29 E.0317
G1 X70.446 Y45.901 E.02243
G1 X70.679 Y46.559 E.02364
G1 X70.857 Y47.174 E.02167
G1 X70.979 Y47.659 E.01693
G1 X71.116 Y48.44 E.02683
M204 S10000
G1 E-.8 F1800
G1 X63.483 Y48.424 Z3 F7200
G1 X45.934 Y48.386 Z3
G1 Z2.6
G1 E.8 F1800
M204 S500
G1 F1473.915
G1 X46.081 Y48.322 E.00541
G1 X47.765 Y48.402 E.05706
G1 X47.834 Y48.42 E.00244
G1 X47.938 Y48.587 E.00667
G1 X47.924 Y49.332 E.02521
G1 X47.952 Y50.028 E.02358
G1 X48.021 Y50.725 E.02369
G1 X48.223 Y52.305 E.05393
G1 X48.332 Y52.996 E.02369
G1 X48.48 Y53.677 E.02358
G1 X48.68 Y54.394 E.02521
G1 X48.686 Y54.467 E.00248
G1 X48.559 Y54.617 E.00663
G1 X46.949 Y55.118 E.05706
G1 X46.814 Y55.107 E.00461
G1 X46.72 Y54.993 E.00499
G1 X46.492 Y54.176 E.02871
G1 X46.364 Y53.594 E.02017
G1 X46.22 Y52.762 E.02859
G1 X45.987 Y50.98 E.06083
G1 X45.907 Y50.175 E.0274
G1 X45.874 Y49.359 E.02761
G1 X45.89 Y48.501 E.02907
G1 X45.92 Y48.423 E.00282
M204 S10000
G1 E-.8 F1800
G1 X49.143 Y54.324 Z3 F7200
G1 Z2.6
G1 E.8 F1800
M73 P59 R6
M204 S1500
;TYPE:Inner wall
;WIDTH:0.527632
G1 F1237.848
G1 X49.127 Y54.27 E.0023
;WIDTH:0.52023
G1 F1257.045
G1 X49.015 Y53.921 E.01454
;WIDTH:0.492981
G1 F1333.153
G1 X48.904 Y53.572 E.01371
;WIDTH:0.465732
G1 F1419.07
G1 X48.81 Y53.197 E.01358
;WIDTH:0.436656
G1 F1523.864
G1 X48.717 Y52.822 E.01265
;WIDTH:0.40758
G1 F1645.368
G1 X48.641 Y52.4 E.01301
;WIDTH:0.381139
G1 F1773.999
G1 X48.565 Y51.978 E.01207
;WIDTH:0.377338
G1 F1794.162
G1 X48.41 Y50.681 E.03632
;WIDTH:0.423328
G1 F1577.254
G1 X48.367 Y49.999 E.02159
;WIDTH:0.465578
G1 F1419.587
G1 X48.361 Y49.327 E.02362
;WIDTH:0.493641
G1 F1331.2
G1 X48.381 Y48.937 E.01466
;WIDTH:0.521704
G1 F1253.175
G1 X48.401 Y48.546 E.01557
M204 S10000
G1 E-.8 F1800
G1 X48.783 Y56.169 Z3 F7200
G1 X48.914 Y58.791 Z3
G1 Z2.6
G1 E.8 F1800
M204 S500
;TYPE:Outer wall
;WIDTH:0.449999
G1 F1473.915
G1 X48.974 Y58.655 E.00501
G1 X50.221 Y57.521 E.05706
G1 X50.348 Y57.474 E.0046
G1 X50.475 Y57.529 E.00467
G1 X50.992 Y58.065 E.02521
G1 X51.503 Y58.538 E.02358
G1 X52.044 Y58.982 E.02369
G1 X53.305 Y59.957 E.05394
G1 X53.871 Y60.368 E.02369
G1 X54.457 Y60.745 E.02358
G1 X55.106 Y61.11 E.02521
G1 X55.195 Y61.232 E.00509
G1 X55.144 Y61.417 E.0065
G1 X54.394 Y62.846 E.05465
G1 X54.278 Y62.938 E.00501
G1 X54.143 Y62.92 E.00459
G1 X53.404 Y62.504 E.02871
G1 X52.806 Y62.12 E.02407
G1 X52.119 Y61.628 E.02859
G1 X50.787 Y60.601 E.05692
G1 X50.161 Y60.087 E.02741
G1 X49.562 Y59.534 E.02761
G1 X48.965 Y58.916 E.02907
G1 X48.929 Y58.828 E.00324
M204 S10000
G1 E-.8 F1800
G1 X55.368 Y60.724 Z3 F7200
G1 Z2.6
G1 E.8 F1800
M204 S1500
;TYPE:Inner wall
;WIDTH:0.526642
G1 F1240.382
G1 X55.333 Y60.706 E.00158
;WIDTH:0.521028
G1 F1254.947
G1 X55.008 Y60.538 E.01456
;WIDTH:0.495585
G1 F1325.483
G1 X54.683 Y60.369 E.01378
;WIDTH:0.470142
G1 F1404.422
G1 X54.105 Y60.026 E.02388
;WIDTH:0.422634
G1 F1580.137
G1 X53.822 Y59.836 E.01078
;WIDTH:0.397193
G1 F1693.609
G1 X53.539 Y59.645 E.01005
;WIDTH:0.371752
G1 F1824.64
G1 X52.888 Y59.16 E.0222
;WIDTH:0.374006
G1 F1812.218
G1 X52.22 Y58.621 E.02363
;WIDTH:0.422632
G1 F1580.145
G1 X51.776 Y58.225 E.01878
;WIDTH:0.470144
G1 F1404.415
G1 X51.298 Y57.752 E.02388
;WIDTH:0.495586
G1 F1325.481
G1 X51.054 Y57.479 E.01378
;WIDTH:0.521028
G1 F1254.947
G1 X50.809 Y57.207 E.01456
M204 S10000
G1 E-.8 F1800
G1 X57.269 Y61.272 Z3 F7200
G1 X58.532 Y62.067 Z3
G1 Z2.6
G1 E.8 F1800
M204 S500
;TYPE:Outer wall
;WIDTH:0.449999
G1 F1473.915
G1 X59.19 Y62.069 E.02227
G1 X60.02 Y62.045 E.02811
G1 X60.723 Y61.976 E.0239
G1 X62.315 Y61.773 E.05432
G1 X63 Y61.665 E.0235
G1 X63.544 Y61.546 E.01884
G1 X64.398 Y61.316 E.02995
G1 X64.606 Y61.388 E.00745
G1 X65.122 Y63.047 E.05879
G1 X65.098 Y63.205 E.00541
G1 X64.997 Y63.276 E.00417
G1 X64.18 Y63.505 E.02873
G1 X63.383 Y63.679 E.0276
G1 X62.578 Y63.806 E.02759
G1 X60.984 Y64.009 E.05438
G1 X60.178 Y64.089 E.02742
G1 X59.363 Y64.122 E.02761
G1 X58.505 Y64.106 E.02907
G1 X58.371 Y64.044 E.00499
G1 X58.326 Y63.916 E.00461
G1 X58.406 Y62.232 E.05706
G1 X58.507 Y62.099 E.00566
M204 S10000
G1 E-.8 F1800
G1 X64.321 Y60.857 Z3 F7200
G1 Z2.6
G1 E.8 F1800
M204 S1500
;TYPE:Inner wall
;WIDTH:0.521698
G1 F1253.19
G1 X64.274 Y60.872 E.00197
;WIDTH:0.514706
G1 F1271.763
G1 X63.863 Y60.999 E.01687
;WIDTH:0.482989
G1 F1363.422
G1 X63.453 Y61.127 E.01574
;WIDTH:0.451272
G1 F1469.321
G1 X63.034 Y61.224 E.01459
;WIDTH:0.420843
G1 F1587.625
G1 X62.615 Y61.322 E.01351
;WIDTH:0.390414
G1 F1726.649
G1 X61.769 Y61.462 E.02478
;WIDTH:0.3761
G1 F1800.828
G1 X60.684 Y61.586 E.03025
;WIDTH:0.41881
G1 F1596.212
G1 X60.003 Y61.632 E.02133
;WIDTH:0.443894
G1 F1496.356
G1 X59.601 Y61.632 E.01343
;WIDTH:0.468978
G1 F1408.259
G1 X59.198 Y61.631 E.01427
;WIDTH:0.498307
G1 F1317.561
G1 X58.87 Y61.612 E.01243
;WIDTH:0.527636
G1 F1237.838
G1 X58.543 Y61.592 E.01323
M204 S10000
G1 E-.8 F1800
G1 X66.008 Y60.007 Z3 F7200
G1 X67.482 Y59.694 Z3
G1 Z2.6
G1 E.8 F1800
M204 S500
;TYPE:Outer wall
;WIDTH:0.449999
G1 F1473.915
G1 X67.533 Y59.522 E.00607
G1 X68.069 Y59.005 E.02521
G1 X68.533 Y58.502 E.02317
G1 X68.982 Y57.956 E.0239
G1 X69.96 Y56.691 E.05413
G1 X70.372 Y56.125 E.02369
G1 X70.749 Y55.539 E.02358
G1 X71.114 Y54.89 E.02521
G1 X71.186 Y54.82 E.00341
G1 X71.357 Y54.819 E.0058
G1 X72.85 Y55.603 E.05706
G1 X72.946 Y55.745 E.00582
G1 X72.915 Y55.87 E.00436
G1 X72.508 Y56.592 E.02807
G1 X72.067 Y57.279 E.02761
G1 X71.588 Y57.938 E.02759
G1 X70.605 Y59.209 E.05438
G1 X70.091 Y59.835 E.02741
G1 X69.538 Y60.435 E.02761
G1 X68.92 Y61.031 E.02907
G1 X68.769 Y61.08 E.00538
G1 X68.659 Y61.022 E.00421
G1 X67.525 Y59.775 E.05706
G1 X67.5 Y59.729 E.00176
M204 S10000
G1 E-.8 F1800
G1 X70.71 Y54.663 Z3 F7200
G1 Z2.6
G1 E.8 F1800
M204 S1500
;TYPE:Inner wall
;WIDTH:0.521494
G1 F1253.725
G1 X70.542 Y54.988 E.01458
;WIDTH:0.494846
G1 F1327.651
G1 X70.374 Y55.314 E.01376
;WIDTH:0.468198
G1 F1410.842
G1 X70.203 Y55.603 E.01189
;WIDTH:0.442703
G1 F1500.814
G1 X70.032 Y55.893 E.01117
;WIDTH:0.417208
G1 F1603.044
G1 X69.791 Y56.244 E.01325
;WIDTH:0.388579
G1 F1735.815
G1 X69.55 Y56.595 E.01223
;WIDTH:0.35995
G1 F1892.565
G1 X69.032 Y57.277 E.0226
;WIDTH:0.37647
G1 F1798.831
G1 X68.679 Y57.708 E.01543
;WIDTH:0.424082
G1 F1574.134
G1 X68.228 Y58.22 E.02163
;WIDTH:0.4681
G1 F1411.167
G1 X67.756 Y58.698 E.02376
;WIDTH:0.494395
G1 F1328.977
G1 X67.474 Y58.953 E.01426
;WIDTH:0.52069
G1 F1255.834
G1 X67.192 Y59.207 E.01509
M204 S10000
G1 E-.8 F1800
G1 X69.401 Y51.901 Z3 F7200
G1 X71.357 Y45.43 Z3
G1 Z2.6
G1 E.8 F1800
M204 S500
;TYPE:Outer wall
;WIDTH:0.449999
G1 F1473.915
G1 X71.844 Y45.25 E.01758
G1 X73.051 Y44.874 E.04279
G1 X73.141 Y44.87 E.00307
G1 X73.274 Y44.982 E.00589
G1 X73.508 Y45.816 E.02933
G1 X73.682 Y46.613 E.02762
G1 X73.809 Y47.418 E.02759
G1 X73.955 Y48.56 E.03895
G1 X74.055 Y49.435 E.02983
G1 X74.111 Y50.278 E.0286
G1 X74.11 Y51.492 E.04106
G1 X74.028 Y51.64 E.00574
G1 X73.919 Y51.67 E.00382
G1 X72.235 Y51.59 E.05706
G1 X72.096 Y51.514 E.00539
G1 X72.062 Y51.405 E.00386
G1 X72.076 Y50.66 E.02521
G1 X72.048 Y49.964 E.02358
G1 X71.979 Y49.268 E.02369
G1 X71.777 Y47.687 E.05393
G1 X71.668 Y46.996 E.02369
G1 X71.52 Y46.315 E.02358
G1 X71.32 Y45.598 E.02521
G1 X71.348 Y45.469 E.00446
M204 S10000
G1 E-.8 F1800
G1 X64.101 Y43.076 Z3 F7200
G1 X48.93 Y38.066 Z3
G1 Z2.6
G1 E.8 F1800
M204 S1500
;TYPE:Inner wall
G1 F1473.915
G1 X49.664 Y37.425 E.03296
G1 X50.434 Y36.83 E.03296
G1 X51.238 Y36.281 E.03296
G1 X52.074 Y35.782 E.03296
G1 X52.939 Y35.333 E.03296
G1 X53.828 Y34.937 E.03296
G1 X54.74 Y34.595 E.03296
G1 X55.67 Y34.308 E.03296
G1 X56.616 Y34.077 E.03296
G1 X57.574 Y33.903 E.03296
G1 X58.541 Y33.787 E.03296
G1 X59.513 Y33.729 E.03296
G1 X60.487 Y33.729 E.03296
G1 X61.459 Y33.787 E.03296
G1 X62.426 Y33.903 E.03296
G1 X63.384 Y34.077 E.03296
G1 X64.33 Y34.308 E.03296
G1 X65.26 Y34.595 E.03296
G1 X66.172 Y34.937 E.03296
G1 X67.061 Y35.333 E.03296
G1 X67.926 Y35.782 E.03296
G1 X68.762 Y36.281 E.03296
G1 X69.566 Y36.83 E.03296
G1 X70.336 Y37.425 E.03296
G1 X71.07 Y38.066 E.03296
G1 X71.763 Y38.749 E.03296
G1 X72.415 Y39.473 E.03296
G1 X73.022 Y40.234 E.03296
G1 X73.583 Y41.03 E.03296
G1 X74.094 Y41.859 E.03296
G1 X74.556 Y42.716 E.03296
G1 X74.965 Y43.6 E.03296
G1 X75.321 Y44.506 E.03296
G1 X75.622 Y45.432 E.03296
G1 X75.867 Y46.375 E.03296
G1 X76.055 Y47.33 E.03296
G1 X76.182 Y48.268 E.03204
G1 X76.259 Y49.293 E.03478
G1 X76.273 Y50.24 E.03206
G1 X76.229 Y51.212 E.03296
G1 X76.128 Y52.181 E.03296
G1 X75.968 Y53.141 E.03296
G1 X75.751 Y54.091 E.03296
G1 X75.478 Y55.025 E.03296
G1 X75.15 Y55.942 E.03296
G1 X74.767 Y56.837 E.03296
G1 X74.332 Y57.708 E.03296
G1 X73.845 Y58.552 E.03296
G1 X73.308 Y59.364 E.03296
G1 X72.724 Y60.143 E.03296
G1 X72.095 Y60.886 E.03296
G1 X71.422 Y61.59 E.03296
G1 X70.708 Y62.252 E.03296
G1 X69.956 Y62.871 E.03296
G1 X69.168 Y63.443 E.03296
G1 X68.347 Y63.967 E.03296
G1 X67.497 Y64.442 E.03296
G1 X66.62 Y64.864 E.03296
G1 X65.719 Y65.233 E.03296
G1 X64.797 Y65.548 E.03296
G1 X63.858 Y65.807 E.03296
G1 X62.906 Y66.01 E.03296
M73 P60 R6
G1 X61.943 Y66.155 E.03296
G1 X60.973 Y66.242 E.03296
G1 X60 Y66.271 E.03296
G1 X59.027 Y66.242 E.03296
G1 X58.057 Y66.155 E.03296
G1 X57.094 Y66.01 E.03296
G1 X56.142 Y65.807 E.03296
G1 X55.203 Y65.548 E.03296
G1 X54.281 Y65.233 E.03296
G1 X53.38 Y64.864 E.03296
G1 X52.503 Y64.442 E.03296
G1 X51.653 Y63.967 E.03296
G1 X50.832 Y63.443 E.03296
G1 X50.044 Y62.871 E.03296
G1 X49.292 Y62.252 E.03296
G1 X48.578 Y61.59 E.03296
G1 X47.905 Y60.886 E.03296
G1 X47.276 Y60.143 E.03296
G1 X46.692 Y59.364 E.03296
G1 X46.155 Y58.552 E.03296
G1 X45.668 Y57.708 E.03296
G1 X45.233 Y56.837 E.03296
G1 X44.85 Y55.942 E.03296
G1 X44.522 Y55.025 E.03296
G1 X44.249 Y54.091 E.03296
G1 X44.032 Y53.141 E.03296
G1 X43.872 Y52.181 E.03296
G1 X43.771 Y51.212 E.03296
G1 X43.727 Y50.24 E.03296
G1 X43.742 Y49.266 E.03296
G1 X43.814 Y48.295 E.03296
G1 X43.945 Y47.33 E.03296
G1 X44.133 Y46.375 E.03296
G1 X44.378 Y45.432 E.03296
G1 X44.679 Y44.506 E.03296
G1 X45.035 Y43.6 E.03296
G1 X45.444 Y42.716 E.03296
G1 X45.906 Y41.859 E.03296
G1 X46.417 Y41.03 E.03296
G1 X46.978 Y40.234 E.03296
G1 X47.585 Y39.473 E.03296
G1 X48.237 Y38.749 E.03296
G1 X48.902 Y38.094 E.03161
M204 S500
G1 X48.647 Y37.744 F7200
;TYPE:Outer wall
G1 F1473.915
G1 X49.391 Y37.094 E.03345
G1 X50.182 Y36.483 E.03383
G1 X51.008 Y35.92 E.03383
G1 X51.866 Y35.407 E.03383
G1 X52.753 Y34.947 E.03383
G1 X53.666 Y34.54 E.03383
G1 X54.601 Y34.189 E.03383
G1 X55.556 Y33.895 E.03383
G1 X56.527 Y33.658 E.03383
G1 X57.51 Y33.479 E.03383
G1 X58.503 Y33.36 E.03383
G1 X59.5 Y33.3 E.03383
G1 X60.5 Y33.3 E.03383
G1 X61.497 Y33.36 E.03383
G1 X62.49 Y33.479 E.03383
G1 X63.473 Y33.658 E.03383
G1 X64.444 Y33.895 E.03383
G1 X65.399 Y34.189 E.03383
G1 X66.334 Y34.54 E.03383
G1 X67.247 Y34.947 E.03383
G1 X68.134 Y35.407 E.03383
G1 X68.992 Y35.92 E.03383
G1 X69.818 Y36.483 E.03383
G1 X70.609 Y37.094 E.03383
G1 X71.361 Y37.752 E.03383
G1 X72.073 Y38.453 E.03383
G1 X72.742 Y39.196 E.03383
G1 X73.365 Y39.977 E.03383
G1 X73.94 Y40.794 E.03383
G1 X74.466 Y41.644 E.03383
G1 X74.939 Y42.524 E.03383
G1 X75.359 Y43.431 E.03383
G1 X75.725 Y44.362 E.03383
G1 X76.033 Y45.312 E.03383
G1 X76.285 Y46.279 E.03383
G1 X76.478 Y47.26 E.03383
G1 X76.607 Y48.211 E.03248
G1 X76.687 Y49.286 E.03651
G1 X76.702 Y50.246 E.03249
G1 X76.657 Y51.244 E.03383
G1 X76.552 Y52.238 E.03383
G1 X76.389 Y53.224 E.03383
G1 X76.166 Y54.199 E.03383
G1 X75.886 Y55.158 E.03383
G1 X75.549 Y56.099 E.03383
G1 X75.156 Y57.018 E.03383
G1 X74.709 Y57.912 E.03383
G1 X74.209 Y58.777 E.03383
G1 X73.659 Y59.611 E.03383
G1 X73.059 Y60.411 E.03383
G1 X72.413 Y61.173 E.03383
G1 X71.723 Y61.895 E.03383
G1 X70.99 Y62.575 E.03383
G1 X70.218 Y63.21 E.03383
G1 X69.409 Y63.797 E.03383
G1 X68.567 Y64.335 E.03383
G1 X67.694 Y64.822 E.03383
G1 X66.794 Y65.256 E.03383
G1 X65.869 Y65.635 E.03383
G1 X64.923 Y65.958 E.03383
G1 X63.96 Y66.224 E.03383
G1 X62.983 Y66.431 E.03383
G1 X61.994 Y66.58 E.03383
G1 X60.999 Y66.67 E.03383
G1 X60 Y66.7 E.03383
G1 X59.001 Y66.67 E.03383
G1 X58.006 Y66.58 E.03383
G1 X57.017 Y66.431 E.03383
G1 X56.04 Y66.224 E.03383
G1 X55.077 Y65.958 E.03383
G1 X54.131 Y65.635 E.03383
G1 X53.206 Y65.256 E.03383
G1 X52.306 Y64.822 E.03383
G1 X51.433 Y64.335 E.03383
G1 X50.591 Y63.797 E.03383
G1 X49.782 Y63.21 E.03383
G1 X49.01 Y62.575 E.03383
G1 X48.277 Y61.895 E.03383
G1 X47.587 Y61.173 E.03383
G1 X46.941 Y60.411 E.03383
G1 X46.341 Y59.611 E.03383
G1 X45.791 Y58.777 E.03383
G1 X45.291 Y57.912 E.03383
G1 X44.844 Y57.018 E.03383
G1 X44.451 Y56.099 E.03383
G1 X44.114 Y55.158 E.03383
G1 X43.834 Y54.199 E.03383
G1 X43.611 Y53.224 E.03383
G1 X43.448 Y52.238 E.03383
G1 X43.343 Y51.244 E.03383
G1 X43.298 Y50.246 E.03383
G1 X43.313 Y49.247 E.03383
G1 X43.388 Y48.25 E.03383
G1 X43.522 Y47.26 E.03383
G1 X43.715 Y46.279 E.03383
G1 X43.967 Y45.312 E.03383
G1 X44.275 Y44.362 E.03383
G1 X44.641 Y43.431 E.03383
G1 X45.061 Y42.524 E.03383
G1 X45.534 Y41.644 E.03383
G1 X46.06 Y40.794 E.03383
G1 X46.635 Y39.977 E.03383
G1 X47.258 Y39.196 E.03383
G1 X47.927 Y38.453 E.03383
G1 X48.618 Y37.772 E.03285
M204 S10000
G1 E-.8 F1800
G1 X55.806 Y40.34 Z3 F7200
G1 X70.874 Y45.723 Z3
G1 Z2.6
G1 E.8 F1800
M204 S1500
;TYPE:Inner wall
;WIDTH:0.51929
G1 F1259.525
G1 X70.943 Y45.925 E.00848
;WIDTH:0.494812
G1 F1327.751
G1 X71.095 Y46.421 E.01948
;WIDTH:0.469618
G1 F1406.147
G1 X71.26 Y47.073 E.02385
;WIDTH:0.423858
G1 F1575.06
G1 X71.39 Y47.743 E.02162
;WIDTH:0.374604
G1 F1808.951
G1 X71.495 Y48.439 E.01943
;WIDTH:0.370898
G1 F1829.391
G1 X71.593 Y49.312 E.02394
;WIDTH:0.397612
G1 F1691.608
G1 X71.616 Y49.731 E.0124
;WIDTH:0.424326
G1 F1573.127
G1 X71.639 Y50.151 E.01334
;WIDTH:0.469662
G1 F1406.002
G1 X71.637 Y50.665 E.01823
;WIDTH:0.498849
G1 F1315.994
G1 X71.616 Y51.053 E.01474
;WIDTH:0.528036
G1 F1236.818
G1 X71.595 Y51.442 E.01569
M204 S10000
G1 E-.8 F1800
G1 X68.002 Y44.708 Z3 F7200
G1 X64.894 Y38.882 Z3
G1 Z2.6
G1 E.8 F1800
M204 S500
;TYPE:Outer wall
;WIDTH:0.449999
G1 F1473.915
G1 X64.801 Y38.68 E.00753
G1 X65.606 Y37.146 E.05865
G1 X65.677 Y37.073 E.00344
G1 X65.776 Y37.049 E.00347
G1 X66.596 Y37.488 E.03148
G1 X67.283 Y37.929 E.02761
G1 X67.942 Y38.409 E.02759
G1 X69.631 Y39.734 E.07267
G1 X70.262 Y40.296 E.02861
G1 X70.861 Y40.896 E.0287
G1 X71.077 Y41.148 E.01124
G1 X71.038 Y41.326 E.00617
G1 X69.735 Y42.501 E.0594
G1 X69.525 Y42.463 E.0072
G1 X69.008 Y41.927 E.02521
G1 X68.497 Y41.455 E.02358
G1 X67.956 Y41.011 E.02369
G1 X66.695 Y40.036 E.05394
G1 X66.129 Y39.624 E.02369
G1 X65.543 Y39.247 E.02358
G1 X64.929 Y38.902 E.02386
M204 S10000
G1 E-.8 F1800
G1 X61.409 Y37.934 Z3 F7200
G1 Z2.6
G1 E.8 F1800
M204 S500
G1 F1473.915
G1 X60.664 Y37.921 E.02521
G1 X59.968 Y37.948 E.02358
G1 X59.272 Y38.017 E.02369
G1 X57.691 Y38.219 E.05393
G1 X57 Y38.328 E.02369
G1 X56.319 Y38.476 E.02358
G1 X55.602 Y38.677 E.02521
G1 X55.476 Y38.666 E.00429
G1 X55.358 Y38.489 E.0072
G1 X54.878 Y36.946 E.0547
G1 X54.88 Y36.833 E.00382
G1 X55.003 Y36.716 E.00574
G1 X55.82 Y36.488 E.02871
G1 X56.617 Y36.314 E.02762
G1 X57.422 Y36.187 E.02759
G1 X58.791 Y36.012 E.04673
G1 X59.668 Y35.919 E.02984
G1 X60.513 Y35.876 E.02862
G1 X61.361 Y35.884 E.02871
G1 X61.589 Y35.914 E.00778
G1 X61.675 Y36.06 E.00576
G1 X61.614 Y37.339 E.04334
G1 X61.562 Y37.856 E.01758
G1 X61.444 Y37.916 E.00446
M204 S10000
G1 E-.8 F1800
G1 X55.684 Y39.138 Z3 F7200
G1 Z2.6
G1 E.8 F1800
M204 S1500
;TYPE:Inner wall
;WIDTH:0.528034
G1 F1236.823
G1 X55.727 Y39.124 E.00182
;WIDTH:0.521764
G1 F1253.018
G1 X56.076 Y39.013 E.01458
;WIDTH:0.495716
G1 F1325.1
G1 X56.425 Y38.902 E.01379
;WIDTH:0.469668
G1 F1405.982
G1 X57.076 Y38.735 E.02385
;WIDTH:0.42042
G1 F1589.404
G1 X57.441 Y38.664 E.01168
;WIDTH:0.393312
G1 F1712.368
G1 X57.807 Y38.594 E.01084
;WIDTH:0.366204
G1 F1855.953
G1 X58.656 Y38.474 E.02305
;WIDTH:0.37722
G1 F1794.795
G1 X59.468 Y38.392 E.02269
;WIDTH:0.423858
G1 F1575.06
G1 X59.997 Y38.363 E.01678
;WIDTH:0.469614
G1 F1406.16
G1 X60.669 Y38.359 E.02385
;WIDTH:0.496908
G1 F1321.621
M73 P61 R6
G1 X61.051 Y38.379 E.01445
;WIDTH:0.524202
G1 F1246.67
G1 X61.433 Y38.399 E.01532
M204 S10000
G1 E-.8 F1800
G1 X54.373 Y41.298 Z3 F7200
G1 X47.066 Y44.298 Z3
G1 Z2.6
G1 E.8 F1800
M204 S500
;TYPE:Outer wall
;WIDTH:0.449999
G1 F1473.915
G1 X47.076 Y44.139 E.00538
G1 X47.492 Y43.4 E.02871
G1 X47.933 Y42.714 E.02761
G1 X48.765 Y41.599 E.04709
G1 X49.395 Y40.783 E.03488
G1 X49.884 Y40.188 E.02609
G1 X50.462 Y39.558 E.02894
G1 X51.066 Y38.975 E.02842
G1 X51.179 Y38.913 E.00436
G1 X51.341 Y38.97 E.00582
G1 X52.475 Y40.217 E.05706
G1 X52.514 Y40.396 E.0062
G1 X51.501 Y41.453 E.04955
G1 X51.018 Y42.036 E.02562
G1 X50.04 Y43.301 E.05413
G1 X49.628 Y43.867 E.02369
G1 X49.251 Y44.453 E.02358
G1 X48.886 Y45.102 E.02521
G1 X48.719 Y45.195 E.00647
G1 X48.265 Y44.976 E.01704
G1 X47.15 Y44.39 E.04265
G1 X47.093 Y44.327 E.00286
M204 S10000
G1 E-.8 F1800
G1 X49.276 Y45.353 Z3 F7200
G1 Z2.6
G1 E.8 F1800
M204 S1500
;TYPE:Inner wall
;WIDTH:0.520684
G1 F1255.85
G1 X49.335 Y45.233 E.00529
;WIDTH:0.504322
G1 F1300.385
G1 X49.626 Y44.679 E.02403
;WIDTH:0.468098
G1 F1411.174
G1 X49.971 Y44.102 E.02376
;WIDTH:0.424092
G1 F1574.093
G1 X50.353 Y43.536 E.02163
;WIDTH:0.376468
G1 F1798.842
G1 X50.706 Y43.054 E.01657
;WIDTH:0.374008
G1 F1812.207
G1 X51.32 Y42.284 E.02712
;WIDTH:0.419092
G1 F1595.015
G1 X51.805 Y41.734 E.02294
;WIDTH:0.445684
G1 F1489.706
G1 X52.095 Y41.447 E.01367
;WIDTH:0.472276
G1 F1397.442
G1 X52.386 Y41.16 E.01458
;WIDTH:0.521494
G1 F1253.725
G1 X52.789 Y40.805 E.02138
M204 S10000
G1 E-.8 F1800
G1 X60.355 Y39.794 Z3 F7200
G1 X64.572 Y39.231 Z3
G1 Z2.6
G1 E.8 F1800
M204 S1500
;WIDTH:0.535664
G1 F1217.671
G1 X64.667 Y39.285 E.00451
;WIDTH:0.517962
G1 F1263.046
G1 X65.002 Y39.458 E.01486
;WIDTH:0.489512
G1 F1343.508
G1 X65.336 Y39.63 E.01397
;WIDTH:0.461062
G1 F1434.919
G1 X65.703 Y39.855 E.01495
;WIDTH:0.429782
G1 F1550.94
G1 X66.07 Y40.079 E.01383
;WIDTH:0.398502
G1 F1687.375
G1 X66.771 Y40.573 E.02537
;WIDTH:0.377222
G1 F1794.784
G1 X67.711 Y41.317 E.03333
;WIDTH:0.42156
G1 F1584.619
G1 X68.224 Y41.767 E.02148
;WIDTH:0.46402
G1 F1424.84
G1 X68.721 Y42.257 E.02443
;WIDTH:0.494933
G1 F1327.395
G1 X68.978 Y42.544 E.01447
;WIDTH:0.525846
G1 F1242.426
G1 X69.235 Y42.83 E.01546
M204 S10000
G1 X69.921 Y43.21 F7200
M204 S500
;TYPE:Sparse infill
;WIDTH:0.45
G1 F1473.913
G1 X70.037 Y43.217 E.00394
G1 X70.135 Y43.166 E.00372
G1 X70.294 Y43.05 E.00667
G1 X71.183 Y42.236 E.04078
G1 X71.658 Y42.249 E.01608
G1 X72.456 Y41.451 E.03821
G1 X72.418 Y40.031 E.04807
G1 X72.151 Y39.697 E.01448
G1 X71.65 Y39.14 E.02535
G1 X70.103 Y39.098 E.05236
G1 X70.091 Y39.11 E.00058
G1 X69.249 Y38.44 E.03643
G1 X69.347 Y38.342 E.0047
G1 X69.313 Y37.076 E.04288
G1 X70.117 Y37.693 E.03429
G1 X70.58 Y38.097 E.02083
M204 S10000
G1 E-.8 F1800
G1 X67.844 Y37.379 Z3 F7200
G1 Z2.6
G1 E.8 F1800
M204 S500
G1 F1473.913
G1 X66.979 Y36.815 E.03495
G1 X66.459 Y36.525 E.02016
G1 X66.995 Y35.99 E.02564
G1 X67.607 Y36.006 E.02074
G1 X66.911 Y35.645 E.02654
G1 X66.161 Y35.311 E.0278
G1 X65.44 Y36.032 E.0345
G1 X63.886 Y35.99 E.05263
G1 X63.088 Y36.788 E.03821
G1 X63.13 Y38.342 E.05263
G1 X63.073 Y38.399 E.00273
G1 X63.809 Y38.618 E.02601
G1 X64.083 Y38.72 E.00989
G1 X64.036 Y38.576 E.00514
G1 X64.061 Y38.469 E.00372
G1 X64.184 Y38.189 E.01034
M204 S10000
G1 E-.8 F1800
G1 X64.684 Y34.779 Z3 F7200
G1 Z2.6
G1 E.8 F1800
M204 S500
G1 F1473.913
G1 X64.238 Y34.642 E.0158
G1 X63.312 Y34.416 E.03226
G1 X63.107 Y34.378 E.00706
G1 X63.13 Y35.233 E.02895
G1 X62.428 Y35.935 E.03358
G1 X62.352 Y35.641 E.01028
G1 X62.01 Y35.261 E.01732
G1 X61.769 Y35.151 E.00897
G1 X61.519 Y35.112 E.00855
G1 X60.61 Y35.097 E.03079
G1 X60.018 Y35.121 E.02005
G1 X59.99 Y34.075 E.03544
G1 X59.523 Y34.075 E.01578
G1 X58.572 Y34.132 E.03226
G1 X57.626 Y34.245 E.03226
G1 X56.889 Y34.379 E.02535
G1 X56.912 Y35.233 E.02893
G1 X56.616 Y35.53 E.01418
G1 X55.661 Y35.729 E.03301
G1 X54.735 Y35.994 E.03262
G1 X54.56 Y35.99 E.00593
G1 X53.761 Y36.788 E.03821
G1 X53.803 Y38.342 E.05263
G1 X53.005 Y39.14 E.03821
G1 X52.525 Y39.127 E.01625
G1 X53.131 Y39.794 E.0305
G1 X53.195 Y40.122 E.01131
G1 X53.637 Y39.823 E.01806
G1 X54.106 Y39.551 E.01835
G1 X54.56 Y39.098 E.02169
G1 X54.899 Y39.107 E.01148
G1 X54.655 Y38.836 E.01232
G1 X54.282 Y37.629 E.04279
M204 S10000
G1 E-.8 F1800
G1 X55.158 Y34.828 Z3 F7200
G1 Z2.6
G1 E.8 F1800
M204 S500
G1 F1473.913
G1 X54.852 Y34.922 E.01084
G1 X53.959 Y35.257 E.03226
G1 X53.635 Y35.402 E.01201
G1 X53.005 Y36.032 E.03015
G1 X52.377 Y36.015 E.02129
G1 X51.399 Y36.591 E.03842
G1 X50.661 Y37.094 E.03022
G1 X50.694 Y38.3 E.04085
G1 X50.629 Y38.328 E.00239
G1 X49.929 Y38.995 E.03273
G1 X49.797 Y39.138 E.00657
G1 X48.387 Y39.1 E.04777
G1 X47.849 Y39.697 E.0272
G1 X47.549 Y40.073 E.01631
G1 X47.586 Y41.451 E.04664
G1 X46.788 Y42.249 E.03821
G1 X46.098 Y42.23 E.02334
G1 X45.754 Y42.871 E.02462
G1 X45.376 Y43.689 E.0305
M204 S10000
G1 E-.8 F1800
G1 X48.431 Y46.812 Z3 F7200
G1 Z2.6
G1 E.8 F1800
M204 S500
G1 F1473.913
G1 X48.216 Y47.756 E.03277
G1 X48.195 Y47.725 E.00129
G1 X47.815 Y47.629 E.01324
G1 X47.585 Y47.619 E.00782
G1 X47.544 Y46.114 E.05095
G1 X47.966 Y45.692 E.02019
G1 X46.976 Y45.17 E.03788
G1 X46.788 Y45.358 E.00901
G1 X45.233 Y45.316 E.05263
G1 X44.602 Y45.947 E.03023
G1 X44.447 Y46.57 E.02169
G1 X44.477 Y47.668 E.03721
G1 X44.212 Y47.933 E.01267
G1 X44.159 Y48.331 E.0136
G1 X44.087 Y49.282 E.03226
G1 X44.073 Y50.234 E.03226
G1 X44.115 Y51.14 E.03067
G1 X44.477 Y50.777 E.01734
G1 X44.435 Y49.223 E.05263
G1 X45.116 Y48.542 E.03257
G1 X45.1 Y49.341 E.02705
G1 X45.133 Y50.205 E.02924
G1 X45.277 Y51.535 E.04528
G1 X45.233 Y51.533 E.00147
G1 X44.435 Y52.332 E.03821
G1 X44.466 Y53.49 E.03924
G1 X44.584 Y54.004 E.01782
G1 X44.879 Y54.996 E.03505
G1 X45.233 Y54.642 E.01694
G1 X45.823 Y54.658 E.01996
G1 X45.977 Y55.212 E.01947
G1 X46.096 Y55.475 E.00976
G1 X46.464 Y55.803 E.01669
G1 X46.912 Y55.902 E.01554
G1 X47.092 Y55.881 E.00614
G1 X47.552 Y55.737 E.01631
G1 X47.586 Y56.995 E.04258
G1 X46.788 Y57.793 E.03821
G1 X46.106 Y57.774 E.02308
G1 X45.973 Y57.544 E.009
G1 X45.547 Y56.692 E.03226
G1 X45.386 Y56.315 E.01386
M204 S10000
G1 E-.8 F1800
G1 X50.084 Y56.784 Z3 F7200
G1 Z2.6
G1 E.8 F1800
M204 S500
G1 F1473.913
G1 X49.719 Y56.931 E.01332
G1 X48.807 Y57.763 E.0418
G1 X48.342 Y57.751 E.01574
G1 X47.544 Y58.549 E.03821
G1 X47.582 Y59.97 E.04811
G1 X48.163 Y60.655 E.03038
G1 X48.359 Y60.86 E.00963
G1 X49.897 Y60.902 E.05206
G1 X49.913 Y60.885 E.00078
G1 X50.755 Y61.555 E.03643
G1 X50.653 Y61.658 E.0049
G1 X50.687 Y62.91 E.04239
G1 X50.256 Y62.597 E.01801
G1 X49.627 Y62.08 E.02754
G1 X49.419 Y61.89 E.00956
M204 S10000
G1 E-.8 F1800
G1 X52.16 Y62.616 Z3 F7200
G1 Z2.6
G1 E.8 F1800
M204 S500
G1 F1473.913
G1 X52.98 Y63.152 E.03316
G1 X53.544 Y63.471 E.02195
G1 X53.005 Y64.01 E.0258
G1 X52.412 Y63.994 E.0201
G1 X52.663 Y64.134 E.00972
G1 X53.521 Y64.548 E.03226
G1 X53.847 Y64.681 E.01191
G1 X54.56 Y63.968 E.03412
M73 P62 R6
G1 X56.114 Y64.01 E.05263
G1 X56.912 Y63.212 E.03821
G1 X56.87 Y61.658 E.05263
G1 X56.937 Y61.591 E.00321
G1 X56.613 Y61.508 E.01132
G1 X55.929 Y61.278 E.02444
G1 X55.875 Y61.691 E.01412
G1 X55.803 Y61.828 E.00524
M204 S10000
G1 E-.8 F1800
G1 X55.314 Y65.22 Z3 F7200
G1 Z2.6
G1 E.8 F1800
M204 S500
G1 F1473.913
G1 X56.224 Y65.471 E.03195
G1 X56.893 Y65.613 E.02317
G1 X56.87 Y64.767 E.02866
G1 X57.566 Y64.071 E.0333
G1 X57.576 Y64.149 E.00267
G1 X57.787 Y64.561 E.01564
G1 X58.259 Y64.85 E.01875
G1 X58.422 Y64.877 E.00558
G1 X59.343 Y64.896 E.03118
G1 X59.982 Y64.871 E.02166
G1 X60.01 Y65.925 E.03568
G1 X60.973 Y65.895 E.03261
G1 X61.902 Y65.811 E.03156
G1 X62.844 Y65.669 E.03226
G1 X63.111 Y65.612 E.00922
G1 X63.088 Y64.767 E.02863
G1 X63.394 Y64.46 E.01466
G1 X64.339 Y64.263 E.03268
G1 X65.247 Y64.005 E.03194
G1 X65.44 Y64.01 E.00655
G1 X66.239 Y63.212 E.03821
G1 X66.197 Y61.658 E.05263
G1 X66.995 Y60.86 E.03821
G1 X67.478 Y60.873 E.01637
G1 X66.941 Y60.285 E.02695
G1 X66.742 Y59.922 E.01401
G1 X65.902 Y60.441 E.03342
G1 X65.44 Y60.902 E.02208
G1 X65.193 Y60.895 E.00837
G1 X65.356 Y61.193 E.01152
G1 X65.737 Y62.424 E.0436
M204 S10000
G1 E-.8 F1800
G1 X64.847 Y65.163 Z3 F7200
G1 Z2.6
G1 E.8 F1800
M204 S500
G1 F1473.913
G1 X65.597 Y64.909 E.02679
G1 X66.371 Y64.592 E.02832
G1 X66.995 Y63.968 E.02984
G1 X67.605 Y63.985 E.02067
G1 X68.17 Y63.67 E.02188
G1 X68.951 Y63.171 E.03139
G1 X69.339 Y62.89 E.01619
G1 X69.306 Y61.701 E.04028
G1 X69.399 Y61.641 E.00374
G1 X70.196 Y60.862 E.03771
G1 X71.602 Y60.9 E.04764
G1 X71.837 Y60.655 E.0115
G1 X72.451 Y59.93 E.03215
G1 X72.414 Y58.549 E.04676
G1 X73.212 Y57.751 E.03821
G1 X73.897 Y57.769 E.02318
G1 X74.027 Y57.544 E.0088
G1 X74.453 Y56.692 E.03226
G1 X74.616 Y56.31 E.01406
M204 S10000
G1 E-.8 F1800
G1 X71.58 Y53.115 Z3 F7200
G1 Z2.6
G1 E.8 F1800
M204 S500
G1 F1473.913
G1 X71.667 Y52.799 E.01112
G1 X71.792 Y52.179 E.0214
G1 X72.145 Y52.361 E.01345
G1 X72.415 Y52.374 E.00915
G1 X72.456 Y53.886 E.0512
G1 X72.037 Y54.305 E.02008
G1 X73.029 Y54.826 E.03792
G1 X73.212 Y54.642 E.0088
G1 X74.767 Y54.684 E.05263
G1 X75.404 Y54.047 E.03049
G1 X75.552 Y53.409 E.02216
G1 X75.523 Y52.332 E.0365
G1 X75.792 Y52.062 E.01289
G1 X75.884 Y51.187 E.02981
G1 X75.927 Y50.234 E.03226
G1 X75.913 Y49.282 E.03226
G1 X75.881 Y48.864 E.01417
G1 X75.523 Y49.223 E.01716
G1 X75.565 Y50.777 E.05263
G1 X74.883 Y51.459 E.03265
G1 X74.9 Y50.654 E.02727
G1 X74.864 Y49.746 E.03075
G1 X74.724 Y48.465 E.0436
G1 X74.767 Y48.467 E.00143
G1 X75.565 Y47.668 E.03821
G1 X75.532 Y46.467 E.04068
G1 X75.29 Y45.53 E.03277
G1 X75.116 Y45.009 E.01859
G1 X74.767 Y45.358 E.01671
G1 X74.178 Y45.342 E.01994
G1 X73.993 Y44.69 E.02294
G1 X73.762 Y44.347 E.01402
G1 X73.302 Y44.108 E.01754
G1 X72.917 Y44.108 E.01302
G1 X72.448 Y44.254 E.01664
G1 X72.414 Y43.005 E.04227
G1 X73.212 Y42.207 E.03821
G1 X73.899 Y42.226 E.02325
G1 X74.246 Y42.871 E.02481
G1 X74.623 Y43.683 E.03031
; stop printing object fidget-finger-massager-2000-ring.stl id:15 copy 0
M106 S130
;LAYER_CHANGE
;Z:2.8
;HEIGHT:0.2
G92 E0
;_SET_FAN_SPEED_CHANGING_LAYER
; printing object fidget-finger-massager-2000-ring.stl id:15 copy 0
M204 S10000
G1 E-.8 F1800
G1 X70.874 Y45.723 Z3.2 F7200
G1 Z2.8
G1 E.8 F1800
M204 S1500
;TYPE:Inner wall
;WIDTH:0.51929
G1 F1259.525
G1 X70.939 Y45.455 E.01093
;WIDTH:0.484645
G1 F1358.313
G1 X71.004 Y45.187 E.01013
;WIDTH:0.449999
G1 F1473.915
G1 X71.314 Y44.966 E.01288
G1 X72.923 Y44.465 E.05706
G1 X73.217 Y44.448 E.00997
G1 X73.521 Y44.601 E.01149
G1 X73.693 Y44.884 E.01121
G1 X73.921 Y45.701 E.02871
G1 X74.101 Y46.522 E.02846
G1 X74.233 Y47.351 E.02844
G1 X74.481 Y49.392 E.06957
G1 X74.54 Y50.26 E.02945
G1 X74.545 Y51.132 E.02954
G1 X74.515 Y51.656 E.01775
G1 X74.258 Y52.002 E.0146
G1 X73.899 Y52.098 E.01257
G1 X72.215 Y52.018 E.05706
;WIDTH:0.450203
G1 X71.746 Y51.762 E.01809
;WIDTH:0.48912
G1 F1344.69
G1 X71.671 Y51.602 E.00657
;WIDTH:0.528036
G1 F1236.818
G1 X71.595 Y51.442 E.00715
G1 X71.469 Y52.054 E.02523
;WIDTH:0.489018
G1 F1344.998
G1 X71.343 Y52.667 E.02321
;WIDTH:0.449999
G1 F1473.915
G1 X71.128 Y53.449 E.02744
;WIDTH:0.452544
G1 F1464.758
G1 X70.827 Y54.309 E.03105
;WIDTH:0.487019
G1 F1351.05
G1 X70.768 Y54.486 E.00687
;WIDTH:0.521494
G1 F1253.725
G1 X70.71 Y54.663 E.00741
G1 X70.845 Y54.552 E.00697
;WIDTH:0.487019
G1 F1351.05
G1 X70.981 Y54.442 E.00647
;WIDTH:0.452544
G1 F1464.758
G1 X71.503 Y54.411 E.01781
;WIDTH:0.449999
G1 F1473.915
G1 X73.049 Y55.223 E.05911
G1 X73.247 Y55.389 E.00874
G1 X73.372 Y55.695 E.01118
G1 X73.287 Y56.082 E.01341
G1 X72.881 Y56.802 E.02799
G1 X72.428 Y57.51 E.02846
G1 X71.934 Y58.19 E.02844
G1 X70.944 Y59.471 E.0548
G1 X70.422 Y60.107 E.02784
G1 X69.853 Y60.725 E.02846
G1 X69.217 Y61.339 E.02991
G1 X69.062 Y61.448 E.00643
G1 X68.703 Y61.504 E.01228
G1 X68.371 Y61.342 E.01251
G1 X67.208 Y60.063 E.05851
G1 X67.064 Y59.79 E.01046
M73 P62 R5
;WIDTH:0.485345
G1 F1356.164
G1 X67.128 Y59.498 E.01098
;WIDTH:0.52069
G1 F1255.834
G1 X67.192 Y59.207 E.01186
G1 X66.887 Y59.409 E.01452
;WIDTH:0.485345
G1 F1356.164
G1 X66.583 Y59.612 E.01345
;WIDTH:0.449999
G1 F1473.915
G1 X66.107 Y59.913 E.01908
G1 X65.451 Y60.288 E.02555
;WIDTH:0.485849
G1 F1354.62
G1 X64.886 Y60.572 E.0233
;WIDTH:0.521698
G1 F1253.19
G1 X64.321 Y60.857 E.02519
G1 X64.618 Y60.977 E.01274
;WIDTH:0.485849
G1 F1354.62
G1 X64.914 Y61.098 E.01178
;WIDTH:0.449999
G1 F1473.915
G1 X65.03 Y61.31 E.00818
G1 X65.531 Y62.919 E.05706
G1 X65.557 Y63.141 E.00754
G1 X65.454 Y63.443 E.01083
G1 X65.113 Y63.689 E.01422
G1 X64.294 Y63.918 E.02878
G1 X63.474 Y64.097 E.02839
G1 X62.645 Y64.229 E.02844
G1 X61.039 Y64.435 E.0548
G1 X60.22 Y64.515 E.02784
G1 X59.38 Y64.55 E.02846
G1 X58.497 Y64.535 E.02991
G1 X58.358 Y64.516 E.00474
G1 X58.043 Y64.321 E.01254
G1 X57.892 Y64.014 E.01158
G1 X57.995 Y62.092 E.06513
;WIDTH:0.486107
G1 F1353.83
G1 X58.351 Y61.658 E.02067
;WIDTH:0.527636
G1 F1237.838
G1 X58.543 Y61.592 E.00817
G1 X58.041 Y61.489 E.02064
;WIDTH:0.488818
G1 F1345.601
G1 X57.539 Y61.387 E.01899
;WIDTH:0.449999
G1 F1473.915
G1 X56.925 Y61.23 E.02145
G1 X55.888 Y60.9 E.03684
;WIDTH:0.48832
G1 F1347.105
G1 X55.628 Y60.812 E.01016
;WIDTH:0.52664
G1 F1240.387
G1 X55.368 Y60.724 E.01103
G1 X55.491 Y60.934 E.00978
;WIDTH:0.48832
G1 F1347.105
G1 X55.614 Y61.143 E.009
;WIDTH:0.449999
G1 F1473.915
G1 X55.524 Y61.616 E.0163
G1 X54.773 Y63.045 E.05465
G1 X54.661 Y63.197 E.00638
G1 X54.39 Y63.351 E.01053
G1 X54.015 Y63.332 E.01273
G1 X53.312 Y62.944 E.02718
G1 X52.573 Y62.48 E.02953
G1 X51.866 Y61.974 E.02943
G1 X50.525 Y60.94 E.05731
G1 X49.889 Y60.419 E.02784
G1 X49.271 Y59.849 E.02846
G1 X48.657 Y59.214 E.02991
G1 X48.599 Y59.144 E.00306
G1 X48.486 Y58.785 E.01273
G1 X48.567 Y58.485 E.01053
G1 X48.686 Y58.338 E.00638
G1 X49.933 Y57.204 E.05706
G1 X50.36 Y57.045 E.01543
;WIDTH:0.485514
G1 F1355.646
G1 X50.584 Y57.126 E.00878
;WIDTH:0.521028
G1 F1254.947
G1 X50.809 Y57.207 E.00948
G1 X50.658 Y56.981 E.01078
;WIDTH:0.485514
G1 F1355.646
G1 X50.508 Y56.756 E.00998
;WIDTH:0.449999
G1 F1473.915
G1 X50.074 Y56.096 E.02674
G1 X49.698 Y55.432 E.02582
;WIDTH:0.486103
G1 F1353.843
G1 X49.237 Y54.51 E.03798
;WIDTH:0.527632
G1 F1237.848
G1 X49.143 Y54.324 E.00839
G1 X49.128 Y54.527 E.00817
;WIDTH:0.486103
G1 F1353.843
G1 X48.797 Y54.979 E.02067
;WIDTH:0.449999
G1 F1473.915
G1 X47.077 Y55.527 E.06112
G1 X46.924 Y55.554 E.00526
G1 X46.629 Y55.494 E.01019
G1 X46.36 Y55.238 E.01254
G1 X46.146 Y54.533 E.02494
G1 X45.946 Y53.684 E.02953
G1 X45.797 Y52.828 E.02944
G1 X45.561 Y51.034 E.06123
G1 X45.481 Y50.217 E.0278
G1 X45.446 Y49.377 E.02846
G1 X45.461 Y48.493 E.02991
G1 X45.613 Y48.102 E.0142
G1 X45.879 Y47.925 E.01083
G1 X46.101 Y47.894 E.00757
G1 X47.785 Y47.974 E.05706
G1 X48.019 Y48.033 E.00818
;WIDTH:0.485851
G1 F1354.614
G1 X48.21 Y48.29 E.01178
;WIDTH:0.521702
G1 F1253.18
G1 X48.401 Y48.546 E.01274
G1 X48.484 Y48.146 E.01626
;WIDTH:0.485851
G1 F1354.614
G1 X48.566 Y47.746 E.01504
;WIDTH:0.449999
G1 F1473.915
G1 X48.866 Y46.581 E.04073
G1 X49.022 Y46.086 E.01755
;WIDTH:0.485342
G1 F1356.173
G1 X49.149 Y45.72 E.01428
;WIDTH:0.520684
G1 F1255.85
G1 X49.276 Y45.353 E.01542
G1 X49.01 Y45.488 E.01186
;WIDTH:0.485342
G1 F1356.173
G1 X48.744 Y45.623 E.01098
;WIDTH:0.449999
G1 F1473.915
G1 X48.443 Y45.553 E.01045
G1 X46.951 Y44.769 E.05706
G1 X46.837 Y44.692 E.00463
G1 X46.673 Y44.468 E.00941
G1 X46.645 Y44.072 E.01346
G1 X46.939 Y43.509 E.0215
G1 X47.392 Y42.763 E.02953
G1 X47.887 Y42.048 E.02944
G1 X49.056 Y40.521 E.06508
G1 X49.551 Y39.917 E.02644
G1 X50.14 Y39.275 E.02947
G1 X50.767 Y38.668 E.02957
G1 X51.12 Y38.488 E.01341
G1 X51.448 Y38.532 E.01118
G1 X51.658 Y38.682 E.00874
G1 X52.834 Y39.981 E.05931
;WIDTH:0.452545
G1 F1464.754
G1 X52.935 Y40.487 E.01757
;WIDTH:0.487021
G1 F1351.046
G1 X52.862 Y40.646 E.00647
;WIDTH:0.521496
G1 F1253.719
G1 X52.789 Y40.805 E.00697
G1 X53.283 Y40.475 E.02364
;WIDTH:0.485748
G1 F1354.929
G1 X53.777 Y40.144 E.02188
;WIDTH:0.449999
G1 F1473.915
G1 X54.22 Y39.885 E.01738
G1 X55.296 Y39.335 E.0409
;WIDTH:0.489017
G1 F1345
G1 X55.49 Y39.236 E.00807
;WIDTH:0.528034
G1 F1236.823
G1 X55.684 Y39.138 E.00878
G1 X55.489 Y39.096 E.00804
;WIDTH:0.489017
G1 F1345
G1 X55.294 Y39.054 E.00739
;WIDTH:0.449999
G1 F1473.915
G1 X54.97 Y38.683 E.0167
G1 X54.469 Y37.073 E.05706
G1 X54.471 Y36.703 E.01254
G1 X54.742 Y36.365 E.01463
G1 X55.239 Y36.205 E.01768
G1 X55.739 Y36.066 E.01756
G1 X56.526 Y35.895 E.02726
G1 X57.355 Y35.763 E.02844
G1 X58.736 Y35.587 E.04712
G1 X59.622 Y35.493 E.03016
G1 X60.542 Y35.446 E.03117
M73 P63 R5
G1 X61.367 Y35.455 E.02792
G1 X61.669 Y35.484 E.01027
G1 X61.82 Y35.553 E.00564
G1 X62.044 Y35.808 E.01149
G1 X62.102 Y36.097 E.00997
G1 X62.022 Y37.781 E.05706
G1 X61.887 Y38.137 E.01288
;WIDTH:0.487101
G1 F1350.802
G1 X61.66 Y38.268 E.00967
;WIDTH:0.524202
G1 F1246.67
G1 X61.433 Y38.399 E.01048
G1 X61.736 Y38.461 E.01235
;WIDTH:0.487101
G1 F1350.802
G1 X62.038 Y38.523 E.0114
;WIDTH:0.449999
G1 F1473.915
G1 X62.7 Y38.665 E.02293
G1 X63.431 Y38.866 E.02564
;WIDTH:0.487562
G1 F1349.4
G1 X63.978 Y39.042 E.02124
;WIDTH:0.525125
G1 F1244.284
G1 X64.525 Y39.217 E.02304
;WIDTH:0.535664
G1 F1217.671
G1 X64.572 Y39.231 E.00198
G1 X64.478 Y38.919 E.01332
;WIDTH:0.492832
G1 F1333.595
G1 X64.384 Y38.608 E.01216
;WIDTH:0.449999
G1 F1473.915
G1 X64.639 Y38.066 E.02028
G1 X65.227 Y36.947 E.04279
G1 X65.456 Y36.706 E.01124
G1 X65.793 Y36.621 E.01179
G1 X66.067 Y36.699 E.00964
G1 X66.806 Y37.115 E.02871
G1 X67.514 Y37.568 E.02846
G1 X68.194 Y38.062 E.02844
G1 X69.205 Y38.843 E.04323
G1 X69.901 Y39.402 E.03023
G1 X70.552 Y39.98 E.02945
G1 X71.167 Y40.596 E.02948
G1 X71.44 Y40.912 E.01414
G1 X71.493 Y41.044 E.00482
G1 X71.49 Y41.372 E.01113
G1 X71.314 Y41.654 E.01124
G1 X70.067 Y42.789 E.05706
G1 X69.919 Y42.888 E.00605
;WIDTH:0.478806
G1 F1376.507
G1 X69.618 Y42.883 E.01092
;WIDTH:0.507613
G1 F1291.175
G1 X69.316 Y42.878 E.01164
;WIDTH:0.525846
G1 F1242.426
G1 X69.235 Y42.83 E.00378
G1 X69.486 Y43.211 E.01829
;WIDTH:0.487923
G1 F1348.307
G1 X69.736 Y43.592 E.01686
;WIDTH:0.449999
G1 F1473.915
G1 X70.127 Y44.237 E.02552
G1 X70.573 Y45.096 E.03277
;WIDTH:0.484645
G1 F1358.313
G1 X70.723 Y45.409 E.01277
;WIDTH:0.51929
G1 F1259.525
G1 X70.856 Y45.687 E.01219
M204 S10000
G1 E-.8 F1800
G1 X71.122 Y48.485 Z3.2 F7200
G1 Z2.8
G1 E.8 F1800
M204 S500
;TYPE:Outer wall
;WIDTH:0.449999
G1 F1473.915
G1 X71.203 Y49.289 E.02735
G1 X71.221 Y50.003 E.0242
G1 X71.199 Y50.644 E.02169
G1 X71.137 Y51.34 E.02365
G1 X70.923 Y52.584 E.04272
G1 X70.715 Y53.335 E.02637
G1 X70.422 Y54.164 E.02979
G1 X70.086 Y54.923 E.02808
G1 X69.695 Y55.654 E.02808
G1 X69.318 Y56.248 E.02378
G1 X68.756 Y57.02 E.03236
G1 X68.383 Y57.451 E.01928
G1 X67.935 Y57.925 E.02208
G1 X67.471 Y58.366 E.02166
G1 X66.996 Y58.774 E.02119
G1 X66.329 Y59.267 E.02808
G1 X65.879 Y59.55 E.018
G1 X65.251 Y59.909 E.02448
G1 X64.135 Y60.432 E.04171
G1 X63.43 Y60.681 E.0253
G1 X62.815 Y60.856 E.02166
G1 X62.179 Y61 E.02207
G1 X60.914 Y61.184 E.04324
G1 X60.086 Y61.221 E.02808
G1 X59.344 Y61.199 E.02511
G1 X58.648 Y61.134 E.02368
G1 X57.615 Y60.965 E.03542
G1 X57.032 Y60.815 E.02038
G1 X56.025 Y60.494 E.03577
G1 X55.55 Y60.294 E.01745
G1 X54.883 Y59.979 E.02497
G1 X54.321 Y59.672 E.02168
G1 X53.814 Y59.362 E.02011
G1 X53.139 Y58.88 E.02808
G1 X52.536 Y58.378 E.02654
G1 X52.064 Y57.927 E.02211
G1 X51.626 Y57.46 E.02168
G1 X51.177 Y56.925 E.02364
G1 X50.848 Y56.495 E.01832
G1 X50.432 Y55.861 E.02566
G1 X50.073 Y55.224 E.02475
G1 X49.643 Y54.323 E.0338
G1 X49.351 Y53.546 E.02808
G1 X49.134 Y52.805 E.02616
G1 X48.993 Y52.168 E.02206
G1 X48.831 Y51.117 E.03599
G1 X48.779 Y50.289 E.02808
G1 X48.788 Y49.46 E.02808
G1 X48.858 Y48.635 E.02802
G1 X48.989 Y47.814 E.02814
G1 X49.274 Y46.71 E.03859
G1 X49.431 Y46.216 E.01755
G1 X49.707 Y45.525 E.02518
G1 X50.019 Y44.871 E.02454
G1 X50.33 Y44.311 E.02166
G1 X50.676 Y43.758 E.02208
G1 X50.991 Y43.3 E.01882
G1 X51.51 Y42.653 E.02808
G1 X52.071 Y42.051 E.02784
G1 X52.541 Y41.615 E.02171
G1 X53.078 Y41.168 E.02366
G1 X54.018 Y40.498 E.03907
G1 X54.736 Y40.082 E.02808
G1 X55.482 Y39.72 E.02808
G1 X56.254 Y39.415 E.02808
G1 X57.045 Y39.167 E.02808
G1 X57.834 Y38.983 E.02742
G1 X58.673 Y38.85 E.02873
G1 X59.347 Y38.795 E.0229
G1 X60 Y38.778 E.0221
G1 X60.64 Y38.796 E.02167
G1 X61.157 Y38.831 E.01755
G1 X61.978 Y38.947 E.02808
G1 X62.609 Y39.084 E.02186
G1 X63.309 Y39.277 E.02457
G1 X64.36 Y39.653 E.03778
G1 X65.112 Y40.003 E.02808
G1 X65.693 Y40.328 E.02252
G1 X66.243 Y40.677 E.02207
G1 X67.185 Y41.372 E.03962
G1 X67.802 Y41.926 E.02808
G1 X68.377 Y42.524 E.02808
G1 X68.836 Y43.079 E.02437
G1 X69.386 Y43.84 E.03178
G1 X69.76 Y44.458 E.02445
G1 X70.19 Y45.29 E.0317
G1 X70.446 Y45.901 E.02243
G1 X70.679 Y46.559 E.02364
G1 X70.857 Y47.174 E.02167
G1 X70.979 Y47.659 E.01693
G1 X71.117 Y48.445 E.027
M204 S10000
G1 E-.8 F1800
G1 X63.484 Y48.427 Z3.2 F7200
G1 X45.935 Y48.384 Z3.2
G1 Z2.8
G1 E.8 F1800
M204 S500
G1 F1473.915
G1 X46.081 Y48.322 E.00535
G1 X47.765 Y48.402 E.05706
G1 X47.834 Y48.42 E.00244
G1 X47.938 Y48.587 E.00667
G1 X47.924 Y49.332 E.02521
G1 X47.952 Y50.028 E.02358
G1 X48.021 Y50.725 E.02369
G1 X48.223 Y52.305 E.05393
G1 X48.332 Y52.996 E.02369
G1 X48.48 Y53.677 E.02358
G1 X48.68 Y54.394 E.02521
G1 X48.686 Y54.467 E.00248
G1 X48.559 Y54.617 E.00663
G1 X46.949 Y55.118 E.05706
G1 X46.816 Y55.108 E.00454
G1 X46.72 Y54.993 E.00506
G1 X46.492 Y54.176 E.02871
G1 X46.364 Y53.593 E.02021
G1 X46.199 Y52.638 E.03283
G1 X45.987 Y50.98 E.05655
G1 X45.907 Y50.175 E.02741
G1 X45.874 Y49.359 E.02761
G1 X45.89 Y48.501 E.02907
G1 X45.921 Y48.422 E.00288
M204 S10000
G1 E-.8 F1800
G1 X49.143 Y54.324 Z3.2 F7200
G1 Z2.8
G1 E.8 F1800
M204 S1500
;TYPE:Inner wall
;WIDTH:0.527632
G1 F1237.848
G1 X49.127 Y54.27 E.0023
;WIDTH:0.52023
G1 F1257.045
G1 X49.015 Y53.921 E.01454
;WIDTH:0.492981
G1 F1333.153
G1 X48.904 Y53.572 E.01371
;WIDTH:0.465732
G1 F1419.07
G1 X48.81 Y53.197 E.01358
;WIDTH:0.436656
G1 F1523.864
G1 X48.717 Y52.822 E.01265
;WIDTH:0.40758
G1 F1645.368
G1 X48.641 Y52.4 E.01301
;WIDTH:0.381139
G1 F1773.999
G1 X48.565 Y51.978 E.01207
;WIDTH:0.377338
G1 F1794.162
G1 X48.41 Y50.681 E.03632
;WIDTH:0.423328
G1 F1577.254
G1 X48.367 Y49.999 E.02159
;WIDTH:0.465578
G1 F1419.587
G1 X48.361 Y49.327 E.02362
;WIDTH:0.49364
G1 F1331.203
G1 X48.381 Y48.937 E.01466
;WIDTH:0.521702
G1 F1253.18
G1 X48.401 Y48.546 E.01557
M204 S10000
G1 E-.8 F1800
G1 X48.783 Y56.169 Z3.2 F7200
G1 X48.914 Y58.788 Z3.2
G1 Z2.8
G1 E.8 F1800
M204 S500
;TYPE:Outer wall
;WIDTH:0.449999
G1 F1473.915
G1 X48.974 Y58.655 E.00494
G1 X50.221 Y57.521 E.05706
G1 X50.348 Y57.474 E.0046
G1 X50.475 Y57.529 E.00467
G1 X50.992 Y58.065 E.02521
G1 X51.503 Y58.538 E.02358
G1 X52.044 Y58.982 E.02369
G1 X53.305 Y59.957 E.05394
G1 X53.871 Y60.368 E.02369
G1 X54.457 Y60.745 E.02358
G1 X55.106 Y61.11 E.02521
G1 X55.195 Y61.232 E.00509
G1 X55.144 Y61.417 E.0065
G1 X54.394 Y62.846 E.05465
G1 X54.28 Y62.937 E.00494
G1 X54.143 Y62.92 E.00466
G1 X53.404 Y62.504 E.02871
G1 X52.805 Y62.119 E.0241
G1 X52.118 Y61.628 E.02859
G1 X50.787 Y60.601 E.05689
G1 X50.161 Y60.087 E.02741
G1 X49.562 Y59.534 E.02761
G1 X48.965 Y58.916 E.02907
G1 X48.929 Y58.826 E.0033
M204 S10000
G1 E-.8 F1800
G1 X55.368 Y60.724 Z3.2 F7200
G1 Z2.8
G1 E.8 F1800
M204 S1500
;TYPE:Inner wall
;WIDTH:0.52664
G1 F1240.387
G1 X55.333 Y60.706 E.00158
;WIDTH:0.521026
G1 F1254.952
G1 X55.008 Y60.538 E.01456
;WIDTH:0.495584
G1 F1325.486
G1 X54.683 Y60.369 E.01378
;WIDTH:0.470142
G1 F1404.422
G1 X54.105 Y60.026 E.02388
;WIDTH:0.422636
G1 F1580.128
G1 X53.822 Y59.836 E.01078
;WIDTH:0.397193
G1 F1693.609
G1 X53.539 Y59.645 E.01005
;WIDTH:0.37175
G1 F1824.651
G1 X52.888 Y59.16 E.0222
;WIDTH:0.374006
G1 F1812.218
G1 X52.22 Y58.621 E.02363
;WIDTH:0.422632
G1 F1580.145
G1 X51.776 Y58.225 E.01878
;WIDTH:0.470144
G1 F1404.415
G1 X51.298 Y57.752 E.02388
;WIDTH:0.495586
G1 F1325.481
G1 X51.054 Y57.479 E.01378
;WIDTH:0.521028
G1 F1254.947
G1 X50.809 Y57.207 E.01456
M204 S10000
G1 E-.8 F1800
G1 X57.269 Y61.272 Z3.2 F7200
G1 X58.532 Y62.067 Z3.2
G1 Z2.8
G1 E.8 F1800
M204 S500
;TYPE:Outer wall
;WIDTH:0.449999
G1 F1473.915
G1 X59.19 Y62.069 E.02227
G1 X60.02 Y62.045 E.02811
G1 X60.723 Y61.976 E.0239
G1 X62.315 Y61.773 E.05432
G1 X63 Y61.665 E.0235
G1 X63.544 Y61.546 E.01884
G1 X64.398 Y61.316 E.02995
G1 X64.606 Y61.388 E.00745
G1 X65.122 Y63.047 E.05879
G1 X65.099 Y63.203 E.00535
G1 X64.997 Y63.276 E.00424
G1 X64.18 Y63.505 E.02873
G1 X63.383 Y63.679 E.02759
G1 X62.578 Y63.806 E.02759
G1 X60.984 Y64.009 E.05438
G1 X60.178 Y64.089 E.02742
G1 X59.363 Y64.122 E.02761
G1 X58.505 Y64.106 E.02907
G1 X58.369 Y64.042 E.00506
G1 X58.326 Y63.916 E.00454
G1 X58.406 Y62.232 E.05706
G1 X58.507 Y62.099 E.00566
M204 S10000
G1 E-.8 F1800
G1 X64.321 Y60.857 Z3.2 F7200
G1 Z2.8
G1 E.8 F1800
M204 S1500
;TYPE:Inner wall
;WIDTH:0.521698
G1 F1253.19
G1 X64.274 Y60.872 E.00197
;WIDTH:0.514706
G1 F1271.763
G1 X63.863 Y60.999 E.01687
;WIDTH:0.48299
G1 F1363.419
G1 X63.453 Y61.127 E.01574
;WIDTH:0.451274
G1 F1469.313
G1 X63.034 Y61.224 E.01459
;WIDTH:0.420844
G1 F1587.621
G1 X62.615 Y61.322 E.01351
;WIDTH:0.390414
G1 F1726.649
G1 X61.769 Y61.462 E.02478
;WIDTH:0.3761
G1 F1800.828
G1 X60.684 Y61.586 E.03025
;WIDTH:0.41881
G1 F1596.212
G1 X60.003 Y61.632 E.02133
;WIDTH:0.443894
G1 F1496.356
G1 X59.601 Y61.632 E.01343
;WIDTH:0.468978
G1 F1408.259
G1 X59.198 Y61.631 E.01427
;WIDTH:0.498307
G1 F1317.561
G1 X58.87 Y61.612 E.01243
;WIDTH:0.527636
G1 F1237.838
G1 X58.543 Y61.592 E.01323
M204 S10000
G1 E-.8 F1800
G1 X66.008 Y60.007 Z3.2 F7200
G1 X67.482 Y59.694 Z3.2
M73 P64 R5
G1 Z2.8
G1 E.8 F1800
M204 S500
;TYPE:Outer wall
;WIDTH:0.449999
G1 F1473.915
G1 X67.533 Y59.522 E.00607
G1 X68.069 Y59.005 E.02521
G1 X68.542 Y58.493 E.02358
G1 X68.986 Y57.952 E.02369
G1 X69.96 Y56.691 E.05394
G1 X70.372 Y56.125 E.02369
G1 X70.749 Y55.539 E.02358
G1 X71.114 Y54.89 E.02521
G1 X71.186 Y54.82 E.00341
G1 X71.357 Y54.819 E.0058
G1 X72.85 Y55.603 E.05706
G1 X72.946 Y55.743 E.00577
G1 X72.914 Y55.872 E.00449
G1 X72.508 Y56.592 E.02799
G1 X72.067 Y57.279 E.02761
G1 X71.588 Y57.938 E.02759
G1 X70.605 Y59.209 E.05438
G1 X70.091 Y59.835 E.02741
G1 X69.538 Y60.435 E.02761
G1 X68.92 Y61.031 E.02907
G1 X68.767 Y61.08 E.00545
G1 X68.659 Y61.022 E.00413
G1 X67.525 Y59.775 E.05706
G1 X67.5 Y59.729 E.00176
M204 S10000
G1 E-.8 F1800
G1 X70.71 Y54.663 Z3.2 F7200
G1 Z2.8
G1 E.8 F1800
M204 S1500
;TYPE:Inner wall
;WIDTH:0.521494
G1 F1253.725
G1 X70.542 Y54.988 E.01458
;WIDTH:0.494846
G1 F1327.651
G1 X70.374 Y55.314 E.01376
;WIDTH:0.468198
G1 F1410.842
G1 X70.203 Y55.603 E.01189
;WIDTH:0.442702
G1 F1500.818
G1 X70.032 Y55.893 E.01118
;WIDTH:0.417206
G1 F1603.052
G1 X69.791 Y56.244 E.01325
;WIDTH:0.388578
G1 F1735.82
G1 X69.55 Y56.595 E.01223
;WIDTH:0.35995
G1 F1892.565
G1 X69.032 Y57.277 E.0226
;WIDTH:0.37647
G1 F1798.831
G1 X68.679 Y57.708 E.01543
;WIDTH:0.424082
G1 F1574.134
G1 X68.228 Y58.22 E.02163
;WIDTH:0.4681
G1 F1411.167
G1 X67.756 Y58.698 E.02376
;WIDTH:0.494395
G1 F1328.977
G1 X67.474 Y58.953 E.01426
;WIDTH:0.52069
G1 F1255.834
G1 X67.192 Y59.207 E.01509
M204 S10000
G1 E-.8 F1800
G1 X69.401 Y51.901 Z3.2 F7200
G1 X71.357 Y45.43 Z3.2
G1 Z2.8
G1 E.8 F1800
M204 S500
;TYPE:Outer wall
;WIDTH:0.449999
G1 F1473.915
G1 X71.844 Y45.25 E.01758
G1 X73.051 Y44.874 E.04279
G1 X73.138 Y44.869 E.00297
G1 X73.274 Y44.982 E.00597
G1 X73.508 Y45.816 E.02933
G1 X73.682 Y46.613 E.02762
G1 X73.809 Y47.418 E.02759
G1 X74.055 Y49.434 E.06873
G1 X74.111 Y50.277 E.0286
G1 X74.117 Y51.125 E.02869
G1 X74.095 Y51.561 E.01478
G1 X74.026 Y51.641 E.00359
G1 X73.919 Y51.67 E.00375
G1 X72.235 Y51.59 E.05706
G1 X72.096 Y51.514 E.00539
G1 X72.062 Y51.405 E.00386
G1 X72.076 Y50.66 E.02521
G1 X72.048 Y49.964 E.02358
G1 X71.979 Y49.268 E.02369
G1 X71.777 Y47.687 E.05393
G1 X71.668 Y46.996 E.02369
G1 X71.52 Y46.315 E.02358
G1 X71.32 Y45.598 E.02521
G1 X71.348 Y45.469 E.00446
M204 S10000
G1 X70.874 Y45.723 F7200
M204 S1500
;TYPE:Inner wall
;WIDTH:0.51929
G1 F1259.525
G1 X70.943 Y45.925 E.00848
;WIDTH:0.494812
G1 F1327.751
G1 X71.095 Y46.421 E.01948
;WIDTH:0.469618
G1 F1406.147
G1 X71.26 Y47.073 E.02385
;WIDTH:0.423858
G1 F1575.06
G1 X71.39 Y47.743 E.02162
;WIDTH:0.374604
G1 F1808.951
G1 X71.495 Y48.439 E.01943
;WIDTH:0.370898
G1 F1829.391
G1 X71.593 Y49.312 E.02394
;WIDTH:0.397612
G1 F1691.608
G1 X71.616 Y49.731 E.0124
;WIDTH:0.424326
G1 F1573.127
G1 X71.639 Y50.151 E.01334
;WIDTH:0.469662
G1 F1406.002
G1 X71.637 Y50.665 E.01823
;WIDTH:0.498849
G1 F1315.994
G1 X71.616 Y51.053 E.01474
;WIDTH:0.528036
G1 F1236.818
G1 X71.595 Y51.442 E.01569
M204 S10000
G1 E-.8 F1800
G1 X65.02 Y47.567 Z3.2 F7200
G1 X48.969 Y38.107 Z3.2
G1 Z2.8
G1 E.8 F1800
M204 S1500
;WIDTH:0.449999
G1 F1473.915
G1 X49.7 Y37.469 E.03284
G1 X50.467 Y36.875 E.03285
G1 X51.269 Y36.329 E.03284
G1 X52.102 Y35.831 E.03285
G1 X52.963 Y35.384 E.03285
G1 X53.85 Y34.99 E.03284
G1 X54.757 Y34.649 E.03281
G1 X55.734 Y34.351 E.03455
G1 X56.628 Y34.132 E.03117
G1 X57.583 Y33.959 E.03284
G1 X58.546 Y33.843 E.03285
G1 X59.514 Y33.785 E.03281
G1 X60.535 Y33.788 E.03455
G1 X61.454 Y33.843 E.03117
G1 X62.417 Y33.959 E.03285
G1 X63.372 Y34.132 E.03284
G1 X64.315 Y34.363 E.03285
G1 X65.242 Y34.649 E.03285
G1 X66.15 Y34.99 E.03284
G1 X67.037 Y35.384 E.03284
G1 X67.898 Y35.831 E.03285
G1 X68.731 Y36.329 E.03285
G1 X69.533 Y36.875 E.03284
G1 X70.3 Y37.469 E.03285
G1 X71.031 Y38.107 E.03285
G1 X71.722 Y38.788 E.03284
G1 X72.371 Y39.509 E.03281
G1 X73.005 Y40.309 E.03455
G1 X73.535 Y41.062 E.03117
G1 X74.045 Y41.887 E.03284
G1 X74.505 Y42.742 E.03285
G1 X74.913 Y43.622 E.03284
G1 X75.268 Y44.525 E.03285
G1 X75.567 Y45.448 E.03284
G1 X75.811 Y46.386 E.03281
G1 X76.006 Y47.389 E.03455
G1 X76.126 Y48.275 E.03027
G1 X76.202 Y49.294 E.03461
G1 X76.216 Y50.239 E.03197
G1 X76.173 Y51.208 E.03284
G1 X76.071 Y52.173 E.03285
G1 X75.913 Y53.13 E.03281
G1 X75.683 Y54.124 E.03455
G1 X75.424 Y55.008 E.03116
G1 X75.097 Y55.921 E.03285
G1 X74.716 Y56.814 E.03284
G1 X74.282 Y57.681 E.03285
G1 X73.796 Y58.522 E.03284
G1 X73.262 Y59.332 E.03285
G1 X72.68 Y60.108 E.03285
G1 X72.052 Y60.848 E.03285
G1 X71.382 Y61.55 E.03285
G1 X70.671 Y62.21 E.03284
G1 X69.921 Y62.826 E.03284
G1 X69.136 Y63.396 E.03285
G1 X68.318 Y63.919 E.03284
G1 X67.471 Y64.391 E.03285
G1 X66.597 Y64.812 E.03281
G1 X65.652 Y65.196 E.03455
G1 X64.78 Y65.494 E.03116
G1 X63.845 Y65.752 E.03285
G1 X62.896 Y65.954 E.03284
G1 X61.937 Y66.098 E.03281
G1 X60.92 Y66.187 E.03455
G1 X60 Y66.214 E.03116
G1 X59.03 Y66.185 E.03284
G1 X58.064 Y66.098 E.03285
G1 X57.104 Y65.954 E.03284
G1 X56.155 Y65.752 E.03284
G1 X55.22 Y65.494 E.03285
G1 X54.301 Y65.18 E.03284
G1 X53.403 Y64.812 E.03285
G1 X52.529 Y64.391 E.03284
G1 X51.682 Y63.919 E.03285
G1 X50.864 Y63.396 E.03284
G1 X50.079 Y62.826 E.03285
G1 X49.329 Y62.21 E.03284
G1 X48.618 Y61.55 E.03284
G1 X47.948 Y60.848 E.03285
G1 X47.32 Y60.108 E.03285
G1 X46.738 Y59.332 E.03285
G1 X46.204 Y58.522 E.03285
G1 X45.718 Y57.681 E.03284
G1 X45.284 Y56.814 E.03285
G1 X44.903 Y55.921 E.03284
G1 X44.576 Y55.008 E.03284
G1 X44.304 Y54.076 E.03284
G1 X44.088 Y53.13 E.03285
G1 X43.929 Y52.173 E.03284
G1 X43.827 Y51.208 E.03285
G1 X43.784 Y50.239 E.03284
G1 X43.798 Y49.269 E.03285
G1 X43.871 Y48.301 E.03284
G1 X44.001 Y47.339 E.03285
G1 X44.188 Y46.388 E.03281
G1 X44.448 Y45.401 E.03455
G1 X44.732 Y44.525 E.03116
G1 X45.087 Y43.622 E.03285
G1 X45.495 Y42.742 E.03284
G1 X45.955 Y41.887 E.03285
G1 X46.465 Y41.062 E.03285
G1 X47.023 Y40.268 E.03285
G1 X47.628 Y39.51 E.03284
G1 X48.278 Y38.788 E.03284
G1 X48.94 Y38.136 E.03149
M204 S500
G1 X48.685 Y37.786 F7200
;TYPE:Outer wall
G1 F1473.915
G1 X49.427 Y37.138 E.03335
G1 X50.215 Y36.529 E.03371
G1 X51.038 Y35.968 E.03371
G1 X51.893 Y35.457 E.03371
G1 X52.777 Y34.998 E.03371
G1 X53.687 Y34.593 E.03371
G1 X54.619 Y34.243 E.0337
G1 X55.62 Y33.937 E.03542
G1 X56.539 Y33.713 E.03201
G1 X57.519 Y33.535 E.03371
G1 X58.508 Y33.416 E.03371
G1 X59.502 Y33.357 E.0337
G1 X60.548 Y33.36 E.03542
G1 X61.492 Y33.416 E.03201
G1 X62.481 Y33.535 E.03371
G1 X63.461 Y33.713 E.03371
G1 X64.429 Y33.949 E.03371
G1 X65.38 Y34.243 E.03371
G1 X66.313 Y34.593 E.03371
G1 X67.223 Y34.998 E.03371
G1 X68.107 Y35.457 E.03371
G1 X68.962 Y35.968 E.03371
G1 X69.785 Y36.529 E.03371
G1 X70.573 Y37.138 E.03371
G1 X71.323 Y37.793 E.03371
G1 X72.032 Y38.492 E.03371
G1 X72.698 Y39.232 E.0337
G1 X73.349 Y40.052 E.03542
G1 X73.893 Y40.826 E.03201
G1 X74.417 Y41.673 E.03371
G1 X74.889 Y42.55 E.03371
G1 X75.307 Y43.454 E.03371
G1 X75.671 Y44.381 E.03371
G1 X75.979 Y45.328 E.03371
G1 X76.229 Y46.292 E.0337
G1 X76.429 Y47.319 E.03542
G1 X76.55 Y48.217 E.03069
G1 X76.631 Y49.288 E.03634
G1 X76.645 Y50.245 E.03241
G1 X76.6 Y51.24 E.03371
G1 X76.496 Y52.231 E.03372
G1 X76.333 Y53.213 E.0337
G1 X76.097 Y54.233 E.03542
G1 X75.832 Y55.14 E.03201
M73 P65 R5
G1 X75.496 Y56.078 E.03371
G1 X75.105 Y56.994 E.03371
G1 X74.659 Y57.885 E.03371
G1 X74.161 Y58.747 E.03371
G1 X73.612 Y59.578 E.03371
G1 X73.015 Y60.375 E.03371
G1 X72.371 Y61.135 E.03371
G1 X71.683 Y61.855 E.03371
G1 X70.953 Y62.532 E.03371
G1 X70.183 Y63.165 E.03371
G1 X69.378 Y63.75 E.03371
G1 X68.538 Y64.287 E.03371
G1 X67.668 Y64.772 E.03371
G1 X66.771 Y65.204 E.0337
G1 X65.802 Y65.598 E.03542
G1 X64.907 Y65.903 E.03201
G1 X63.947 Y66.168 E.03371
G1 X62.972 Y66.376 E.03371
G1 X61.988 Y66.524 E.0337
G1 X60.945 Y66.615 E.03542
G1 X60 Y66.643 E.03201
G1 X59.004 Y66.613 E.03371
G1 X58.012 Y66.524 E.03371
G1 X57.028 Y66.376 E.03371
G1 X56.053 Y66.168 E.03371
G1 X55.093 Y65.903 E.03371
G1 X54.151 Y65.582 E.03371
G1 X53.229 Y65.204 E.03371
G1 X52.332 Y64.772 E.03371
G1 X51.462 Y64.287 E.03371
G1 X50.623 Y63.75 E.03371
G1 X49.817 Y63.165 E.03371
G1 X49.047 Y62.532 E.03371
G1 X48.317 Y61.855 E.03371
G1 X47.629 Y61.135 E.03371
G1 X46.985 Y60.375 E.03371
G1 X46.388 Y59.578 E.03371
G1 X45.839 Y58.747 E.03371
G1 X45.341 Y57.885 E.03371
G1 X44.895 Y56.994 E.03372
G1 X44.504 Y56.078 E.03371
G1 X44.168 Y55.14 E.03371
G1 X43.889 Y54.184 E.03371
G1 X43.667 Y53.213 E.03371
G1 X43.504 Y52.231 E.03371
G1 X43.4 Y51.24 E.03371
G1 X43.355 Y50.245 E.03371
G1 X43.37 Y49.249 E.03371
G1 X43.444 Y48.256 E.03371
G1 X43.578 Y47.269 E.03371
G1 X43.77 Y46.292 E.0337
G1 X44.037 Y45.28 E.03542
G1 X44.329 Y44.381 E.03201
G1 X44.693 Y43.454 E.03371
G1 X45.111 Y42.55 E.03371
G1 X45.583 Y41.673 E.03371
G1 X46.107 Y40.826 E.03371
G1 X46.68 Y40.011 E.03371
G1 X47.301 Y39.232 E.03371
G1 X47.968 Y38.492 E.03371
G1 X48.656 Y37.814 E.03272
M204 S10000
G1 E-.8 F1800
G1 X56.272 Y38.315 Z3.2 F7200
G1 X64.894 Y38.882 Z3.2
G1 Z2.8
G1 E.8 F1800
M204 S500
G1 F1473.915
G1 X64.801 Y38.68 E.00753
G1 X65.606 Y37.146 E.05865
G1 X65.675 Y37.074 E.00335
G1 X65.842 Y37.065 E.00567
G1 X66.596 Y37.488 E.02929
G1 X67.283 Y37.929 E.02761
G1 X67.942 Y38.409 E.02759
G1 X68.942 Y39.182 E.04281
G1 X69.629 Y39.733 E.02981
G1 X70.261 Y40.294 E.02861
G1 X70.858 Y40.893 E.02863
G1 X71.079 Y41.155 E.0116
G1 X71.036 Y41.328 E.00604
G1 X69.735 Y42.501 E.05931
G1 X69.525 Y42.463 E.0072
G1 X69.008 Y41.927 E.02521
G1 X68.497 Y41.455 E.02358
G1 X67.956 Y41.011 E.02369
G1 X66.695 Y40.036 E.05394
G1 X66.129 Y39.624 E.02369
G1 X65.543 Y39.247 E.02358
G1 X64.929 Y38.902 E.02386
M204 S10000
G1 X64.572 Y39.231 F7200
M204 S1500
;TYPE:Inner wall
;WIDTH:0.535664
G1 F1217.671
G1 X64.667 Y39.285 E.00451
;WIDTH:0.517962
G1 F1263.046
G1 X65.002 Y39.458 E.01486
;WIDTH:0.489514
G1 F1343.502
G1 X65.336 Y39.63 E.01397
;WIDTH:0.461066
G1 F1434.906
G1 X65.703 Y39.855 E.01495
;WIDTH:0.429783
G1 F1550.937
G1 X66.07 Y40.079 E.01383
;WIDTH:0.3985
G1 F1687.384
G1 X66.771 Y40.573 E.02537
;WIDTH:0.377222
G1 F1794.784
G1 X67.711 Y41.317 E.03333
;WIDTH:0.42156
G1 F1584.619
G1 X68.224 Y41.767 E.02148
;WIDTH:0.46402
G1 F1424.84
G1 X68.721 Y42.257 E.02443
;WIDTH:0.494933
G1 F1327.395
G1 X68.978 Y42.544 E.01447
;WIDTH:0.525846
G1 F1242.426
G1 X69.235 Y42.83 E.01546
M204 S10000
G1 E-.8 F1800
G1 X62.765 Y38.782 Z3.2 F7200
G1 X61.409 Y37.934 Z3.2
G1 Z2.8
G1 E.8 F1800
M204 S500
;TYPE:Outer wall
;WIDTH:0.449999
G1 F1473.915
G1 X60.664 Y37.921 E.02521
G1 X59.968 Y37.948 E.02358
G1 X59.272 Y38.017 E.02369
G1 X57.691 Y38.219 E.05393
G1 X57 Y38.328 E.02369
G1 X56.319 Y38.476 E.02358
G1 X55.602 Y38.677 E.02521
G1 X55.476 Y38.666 E.00429
G1 X55.358 Y38.489 E.0072
G1 X54.878 Y36.946 E.0547
G1 X54.879 Y36.835 E.00374
G1 X55.003 Y36.716 E.00582
G1 X55.82 Y36.488 E.02871
G1 X56.617 Y36.314 E.02762
G1 X57.422 Y36.187 E.02759
G1 X58.79 Y36.012 E.0467
G1 X59.664 Y35.919 E.02974
G1 X60.559 Y35.874 E.03033
G1 X61.359 Y35.884 E.02708
G1 X61.59 Y35.915 E.00789
G1 X61.675 Y36.063 E.00579
G1 X61.614 Y37.339 E.04324
G1 X61.562 Y37.856 E.01758
G1 X61.444 Y37.916 E.00446
M204 S10000
G1 E-.8 F1800
G1 X55.684 Y39.138 Z3.2 F7200
G1 Z2.8
G1 E.8 F1800
M204 S1500
;TYPE:Inner wall
;WIDTH:0.528034
G1 F1236.823
G1 X55.727 Y39.124 E.00182
;WIDTH:0.521764
G1 F1253.018
G1 X56.076 Y39.013 E.01458
;WIDTH:0.495717
G1 F1325.097
G1 X56.425 Y38.902 E.01379
;WIDTH:0.46967
G1 F1405.975
G1 X57.076 Y38.735 E.02385
;WIDTH:0.420422
G1 F1589.396
G1 X57.441 Y38.664 E.01168
;WIDTH:0.393313
G1 F1712.363
G1 X57.807 Y38.594 E.01084
;WIDTH:0.366204
G1 F1855.953
G1 X58.656 Y38.474 E.02305
;WIDTH:0.37722
G1 F1794.795
G1 X59.468 Y38.392 E.02269
;WIDTH:0.423858
G1 F1575.06
G1 X59.997 Y38.363 E.01678
;WIDTH:0.469614
G1 F1406.16
G1 X60.669 Y38.359 E.02385
;WIDTH:0.496908
G1 F1321.621
G1 X61.051 Y38.379 E.01445
;WIDTH:0.524202
G1 F1246.67
G1 X61.433 Y38.399 E.01532
M204 S10000
G1 E-.8 F1800
G1 X54.373 Y41.299 Z3.2 F7200
G1 X47.067 Y44.3 Z3.2
G1 Z2.8
G1 E.8 F1800
M204 S500
;TYPE:Outer wall
;WIDTH:0.449999
G1 F1473.915
G1 X47.076 Y44.139 E.00545
G1 X47.492 Y43.4 E.02871
G1 X47.933 Y42.714 E.02761
G1 X48.765 Y41.598 E.0471
G1 X49.395 Y40.783 E.03486
G1 X49.883 Y40.189 E.02602
G1 X50.454 Y39.566 E.02863
G1 X51.065 Y38.976 E.02872
G1 X51.181 Y38.912 E.00449
G1 X51.341 Y38.97 E.00577
G1 X52.475 Y40.217 E.05706
G1 X52.514 Y40.396 E.0062
G1 X51.501 Y41.453 E.04955
G1 X51.018 Y42.036 E.02563
G1 X50.04 Y43.301 E.05413
G1 X49.628 Y43.867 E.02369
G1 X49.251 Y44.453 E.02358
G1 X48.886 Y45.102 E.02521
G1 X48.719 Y45.195 E.00647
G1 X48.265 Y44.976 E.01704
G1 X47.15 Y44.39 E.04265
G1 X47.094 Y44.329 E.00278
M204 S10000
G1 E-.8 F1800
G1 X49.276 Y45.353 Z3.2 F7200
G1 Z2.8
G1 E.8 F1800
M204 S1500
;TYPE:Inner wall
;WIDTH:0.520684
G1 F1255.85
G1 X49.335 Y45.233 E.00529
;WIDTH:0.504322
G1 F1300.385
G1 X49.626 Y44.679 E.02403
;WIDTH:0.468102
G1 F1411.16
G1 X49.971 Y44.102 E.02376
;WIDTH:0.42409
G1 F1574.101
G1 X50.353 Y43.536 E.02163
;WIDTH:0.376468
G1 F1798.842
G1 X50.706 Y43.054 E.01657
;WIDTH:0.374006
G1 F1812.218
G1 X51.32 Y42.284 E.02712
;WIDTH:0.419092
G1 F1595.015
G1 X51.805 Y41.734 E.02294
;WIDTH:0.445683
G1 F1489.71
G1 X52.095 Y41.447 E.01367
;WIDTH:0.472274
G1 F1397.448
G1 X52.386 Y41.16 E.01458
;WIDTH:0.521496
G1 F1253.719
G1 X52.789 Y40.805 E.02138
M204 S10000
G1 X53.412 Y39.975 F7200
M204 S500
;TYPE:Sparse infill
;WIDTH:0.45
G1 F1473.913
G1 X53.195 Y40.122 E.00886
G1 X53.131 Y39.794 E.01131
G1 X52.438 Y39.03 E.03495
G1 X53.005 Y38.787 E.0209
G1 X53.45 Y38.342 E.02129
G1 X54.123 Y36.78 E.05759
G1 X54.139 Y36.589 E.00646
G1 X54.448 Y36.147 E.01827
G1 X54.57 Y36.065 E.00497
G1 X54.785 Y35.973 E.00793
G1 X55.615 Y35.741 E.02916
G1 X56.173 Y35.619 E.01932
G1 X56.559 Y35.233 E.01847
G1 X56.69 Y34.926 E.01132
G1 X57.7 Y34.736 E.03478
G1 X58.617 Y34.626 E.03125
G1 X59.552 Y34.571 E.0317
G1 X59.95 Y34.572 E.0135
G1 X59.708 Y35.138 E.02081
G1 X60.61 Y35.097 E.03054
G1 X61.519 Y35.112 E.03079
G1 X61.769 Y35.151 E.00856
G1 X62.016 Y35.265 E.00922
G1 X62.357 Y35.652 E.01747
G1 X62.776 Y35.233 E.02005
G1 X62.939 Y34.852 E.01402
G1 X62.3 Y34.736 E.02199
G1 X61.328 Y34.623 E.03312
M204 S10000
G1 E-.8 F1800
G1 X64.063 Y38.463 Z3.2 F7200
G1 Z2.8
G1 E.8 F1800
M204 S500
G1 F1473.913
G1 X64.036 Y38.576 E.00392
G1 X64.083 Y38.72 E.00514
G1 X63.809 Y38.618 E.00989
G1 X63.017 Y38.382 E.02799
G1 X62.78 Y38.333 E.00818
G1 X63.441 Y36.788 E.05688
G1 X63.886 Y36.343 E.02129
G1 X65.44 Y35.678 E.05723
G1 X65.525 Y35.594 E.00403
G1 X65.852 Y35.717 E.01185
G1 X66.696 Y36.092 E.03125
G1 X67.096 Y36.3 E.01525
G1 X66.995 Y36.343 E.00372
G1 X66.686 Y36.652 E.01477
G1 X66.151 Y36.353 E.02075
G1 X65.801 Y36.271 E.01217
G1 X65.28 Y36.402 E.01816
G1 X65.194 Y36.484 E.00403
M204 S10000
G1 E-.8 F1800
G1 X67.93 Y36.765 Z3.2 F7200
G1 Z2.8
G1 E.8 F1800
M204 S500
G1 F1473.913
G1 X68.308 Y36.991 E.01491
G1 X69.071 Y37.511 E.03125
G1 X69.28 Y37.673 E.00895
G1 X69.026 Y38.267 E.02188
G1 X69.688 Y38.78 E.02835
G1 X70.366 Y39.339 E.02977
G1 X70.921 Y39.102 E.02042
M73 P66 R5
G1 X71.154 Y39.332 E.01107
G1 X71.772 Y40.018 E.03125
G1 X72.008 Y40.313 E.01279
M204 S10000
G1 E-.8 F1800
G1 X70.264 Y43.072 Z3.2 F7200
G1 Z2.8
G1 E.8 F1800
M204 S500
G1 F1473.913
G1 X71.469 Y41.976 E.05511
G1 X71.658 Y41.896 E.00696
G1 X72.103 Y41.451 E.02129
G1 X72.385 Y40.792 E.02426
G1 X72.879 Y41.495 E.02909
G1 X73.459 Y42.455 E.03797
G1 X73.212 Y42.561 E.00908
G1 X72.768 Y43.005 E.02129
G1 X72.201 Y44.329 E.04873
G1 X72.902 Y44.112 E.02483
G1 X73.288 Y44.105 E.01306
G1 X73.756 Y44.341 E.01777
G1 X73.993 Y44.69 E.01426
G1 X74.156 Y45.266 E.02026
G1 X74.618 Y45.068 E.01699
G1 X74.813 Y45.669 E.02137
G1 X75.045 Y46.562 E.03125
G1 X75.224 Y47.468 E.03125
G1 X75.241 Y47.598 E.00445
G1 X75.211 Y47.668 E.00258
G1 X74.767 Y48.113 E.02129
G1 X74.684 Y48.149 E.00305
G1 X74.782 Y48.915 E.02617
G1 X74.864 Y49.746 E.02825
G1 X74.9 Y50.654 E.03075
G1 X74.891 Y51.098 E.01504
G1 X75.211 Y50.777 E.01535
G1 X75.428 Y50.27 E.01869
G1 X75.389 Y51.149 E.02981
G1 X75.292 Y52.068 E.03126
G1 X75.141 Y52.979 E.03125
G1 X74.936 Y53.877 E.03119
G1 X74.817 Y54.28 E.01424
G1 X74.767 Y54.331 E.0024
G1 X73.288 Y54.963 E.05443
G1 X71.805 Y54.184 E.05672
G1 X72.103 Y53.886 E.01425
G1 X72.744 Y52.387 E.05517
G1 X72.145 Y52.361 E.02027
G1 X71.792 Y52.179 E.01346
G1 X71.667 Y52.798 E.02139
M204 S10000
G1 E-.8 F1800
G1 X73.778 Y56.932 Z3.2 F7200
G1 Z2.8
G1 E.8 F1800
M204 S500
G1 F1473.913
G1 X73.589 Y57.309 E.01429
G1 X73.128 Y58.109 E.03125
G1 X72.972 Y58.345 E.00958
G1 X72.768 Y58.549 E.00978
G1 X72.619 Y58.879 E.01225
G1 X72.066 Y59.617 E.03119
G1 X71.43 Y60.362 E.03318
G1 X70.972 Y60.842 E.02246
G1 X70.103 Y61.213 E.03196
G1 X69.659 Y61.658 E.02129
G1 X69.418 Y62.22 E.0207
G1 X68.693 Y62.747 E.03034
G1 X68.076 Y63.141 E.02478
M204 S10000
G1 E-.8 F1800
G1 X66.498 Y60.075 Z3.2 F7200
G1 Z2.8
G1 E.8 F1800
M204 S500
G1 F1473.913
G1 X66.742 Y59.922 E.00974
G1 X66.941 Y60.285 E.01401
G1 X67.564 Y60.97 E.03134
G1 X66.995 Y61.213 E.02096
G1 X66.55 Y61.658 E.02129
G1 X65.904 Y63.167 E.05555
G1 X65.744 Y63.643 E.01701
G1 X65.322 Y63.984 E.01837
G1 X64.339 Y64.263 E.03457
G1 X63.835 Y64.373 E.01746
G1 X63.441 Y64.767 E.01885
G1 X63.315 Y65.061 E.01085
G1 X62.77 Y65.177 E.01887
G1 X61.842 Y65.318 E.03175
G1 X60.923 Y65.401 E.03125
G1 X60.05 Y65.427 E.02956
G1 X60.294 Y64.856 E.02103
G1 X59.343 Y64.896 E.03225
G1 X58.421 Y64.877 E.03118
G1 X58.256 Y64.849 E.00567
G1 X57.779 Y64.552 E.01904
G1 X57.666 Y64.324 E.00861
G1 X57.224 Y64.767 E.02119
G1 X57.064 Y65.141 E.01379
G1 X58.157 Y65.318 E.03751
G1 X58.675 Y65.365 E.0176
M204 S10000
G1 E-.8 F1800
G1 X55.893 Y61.554 Z3.2 F7200
G1 Z2.8
G1 E.8 F1800
M204 S500
G1 F1473.913
G1 X55.929 Y61.278 E.00943
G1 X56.613 Y61.508 E.02444
G1 X57.221 Y61.664 E.02124
G1 X56.559 Y63.212 E.05701
G1 X56.114 Y63.657 E.02129
G1 X54.56 Y64.322 E.05723
G1 X54.478 Y64.404 E.0039
G1 X53.896 Y64.165 E.02131
G1 X52.905 Y63.7 E.03704
G1 X53.005 Y63.657 E.00369
G1 X53.318 Y63.344 E.01499
G1 X53.772 Y63.6 E.01765
G1 X54.034 Y63.7 E.00948
G1 X54.483 Y63.689 E.01519
G1 X54.811 Y63.502 E.0128
M204 S10000
G1 E-.8 F1800
G1 X52.07 Y63.234 Z3.2 F7200
G1 Z2.8
G1 E.8 F1800
M204 S500
G1 F1473.913
G1 X51.307 Y62.747 E.03065
G1 X50.722 Y62.322 E.02446
G1 X50.977 Y61.727 E.02191
G1 X50.312 Y61.213 E.02845
G1 X49.639 Y60.658 E.0295
G1 X49.081 Y60.897 E.02055
G1 X48.533 Y60.324 E.02685
G1 X47.995 Y59.685 E.02826
M204 S10000
G1 E-.8 F1800
G1 X49.714 Y56.935 Z3.2 F7200
G1 Z2.8
G1 E.8 F1800
M204 S500
G1 F1473.913
G1 X48.511 Y58.032 E.05512
G1 X48.342 Y58.104 E.00621
G1 X47.897 Y58.549 E.02129
G1 X47.62 Y59.198 E.02389
G1 X47.381 Y58.879 E.01349
G1 X46.872 Y58.109 E.03125
G1 X46.546 Y57.543 E.02211
G1 X46.788 Y57.439 E.00891
G1 X47.232 Y56.995 E.02129
G1 X47.804 Y55.659 E.04916
G1 X47.108 Y55.878 E.02469
G1 X46.928 Y55.902 E.00613
G1 X46.474 Y55.809 E.0157
G1 X46.096 Y55.475 E.01705
G1 X45.977 Y55.212 E.00978
G1 X45.844 Y54.734 E.01679
G1 X45.383 Y54.932 E.01698
G1 X45.052 Y53.825 E.0391
G1 X44.859 Y52.979 E.02938
G1 X44.762 Y52.394 E.02004
G1 X44.789 Y52.332 E.00231
G1 X45.233 Y51.887 E.02129
G1 X45.317 Y51.851 E.00308
G1 X45.218 Y51.075 E.02647
G1 X45.133 Y50.205 E.0296
G1 X45.1 Y49.341 E.02926
G1 X45.108 Y48.903 E.01484
G1 X44.789 Y49.223 E.01531
G1 X44.578 Y49.716 E.01815
G1 X44.585 Y49.286 E.01453
G1 X44.652 Y48.383 E.03066
G1 X44.776 Y47.468 E.03125
G1 X44.955 Y46.562 E.03125
G1 X45.171 Y45.732 E.02903
G1 X45.233 Y45.669 E.00301
G1 X46.719 Y45.034 E.05468
G1 X48.197 Y45.815 E.05659
G1 X47.897 Y46.114 E.01434
G1 X47.26 Y47.604 E.05484
G1 X47.815 Y47.629 E.01881
G1 X48.195 Y47.725 E.01324
G1 X48.216 Y47.756 E.00129
G1 X48.356 Y47.128 E.02177
M204 S10000
G1 E-.8 F1800
G1 X46.202 Y43.085 Z3.2 F7200
G1 Z2.8
G1 E.8 F1800
M204 S500
G1 F1473.913
G1 X46.635 Y42.28 E.03093
G1 X47.011 Y41.672 E.02419
G1 X47.232 Y41.451 E.0106
G1 X47.358 Y41.158 E.01078
G1 X47.652 Y40.74 E.01732
G1 X48.228 Y40.018 E.03125
G1 X48.846 Y39.332 E.03126
G1 X49.017 Y39.163 E.00812
G1 X49.897 Y38.787 E.03239
G1 X50.341 Y38.342 E.02129
G1 X50.582 Y37.78 E.02069
G1 X50.929 Y37.511 E.01487
G1 X51.692 Y36.991 E.03125
G1 X51.92 Y36.855 E.00899
M204 S10000
G1 E-.8 F1800
G1 X58.69 Y40.379 Z3.2 F7200
G1 X75.809 Y49.289 Z3.2
G1 Z2.8
G1 E.8 F1800
M204 S500
;TYPE:Internal solid infill
;WIDTH:0.421622
G1 F1584.362
G1 X75.739 Y48.345 E.02981
G1 X75.618 Y47.452 E.02837
G1 X75.429 Y46.478 E.03126
G1 X75.191 Y45.561 E.02982
G1 X74.916 Y44.714 E.02806
G1 X74.559 Y43.795 E.03104
G1 X74.155 Y42.92 E.03034
G1 X73.706 Y42.086 E.02982
G1 X73.209 Y41.281 E.02982
G1 X72.69 Y40.544 E.02837
G1 X72.074 Y39.766 E.03126
G1 X71.44 Y39.062 E.02982
G1 X70.766 Y38.398 E.02981
G1 X70.053 Y37.775 E.02981
G1 X69.304 Y37.195 E.02982
G1 X68.522 Y36.662 E.02981
G1 X67.709 Y36.176 E.02982
G1 X66.882 Y35.747 E.02934
G1 X66.004 Y35.354 E.03029
G1 X65.118 Y35.022 E.02981
G1 X64.213 Y34.742 E.02982
G1 X63.293 Y34.518 E.02981
G1 X62.362 Y34.348 E.02981
G1 X61.422 Y34.235 E.02982
G1 X60.532 Y34.182 E.02806
G1 X59.549 Y34.178 E.03095
G1 X58.585 Y34.235 E.03042
G1 X57.644 Y34.348 E.02982
G1 X56.713 Y34.516 E.02981
G1 X55.838 Y34.73 E.02837
G1 X54.888 Y35.02 E.03126
G1 X54.002 Y35.352 E.02981
G1 X53.137 Y35.737 E.02981
G1 X52.296 Y36.173 E.02982
G1 X51.483 Y36.659 E.02982
G1 X50.701 Y37.192 E.02981
G1 X49.952 Y37.771 E.02982
G1 X49.239 Y38.394 E.02982
G1 X48.564 Y39.058 E.02981
G1 X47.93 Y39.761 E.02982
G1 X47.34 Y40.502 E.02981
G1 X46.795 Y41.276 E.02981
G1 X46.297 Y42.081 E.02981
G1 X45.848 Y42.915 E.02982
G1 X45.474 Y43.723 E.02806
G1 X45.103 Y44.656 E.0316
G1 X44.825 Y45.512 E.02833
G1 X44.573 Y46.472 E.03126
G1 X44.389 Y47.401 E.02981
M73 P67 R5
G1 X44.262 Y48.339 E.02982
G1 X44.192 Y49.265 E.02926
G1 X44.177 Y50.23 E.03037
G1 X44.217 Y51.12 E.02806
G1 X44.316 Y52.1 E.03103
G1 X44.473 Y53.051 E.03035
G1 X44.671 Y53.92 E.02806
G1 X44.949 Y54.884 E.0316
G1 X45.268 Y55.775 E.02978
G1 X45.64 Y56.646 E.02981
G1 X46.063 Y57.492 E.02982
G1 X46.536 Y58.312 E.02981
G1 X47.047 Y59.087 E.0292
G1 X47.592 Y59.816 E.02867
G1 X48.238 Y60.584 E.0316
G1 X48.892 Y61.267 E.02978
G1 X49.586 Y61.911 E.02981
G1 X50.317 Y62.513 E.02981
G1 X51.083 Y63.07 E.02982
G1 X51.881 Y63.58 E.02981
G1 X52.708 Y64.041 E.02982
G1 X53.565 Y64.449 E.0299
G1 X54.437 Y64.811 E.02971
G1 X55.333 Y65.117 E.02982
G1 X56.192 Y65.354 E.02806
G1 X57.172 Y65.566 E.0316
G1 X58.108 Y65.708 E.02979
G1 X59.051 Y65.793 E.02981
G1 X59.997 Y65.821 E.02981
G1 X60.897 Y65.794 E.02837
G1 X61.886 Y65.708 E.03126
G1 X62.826 Y65.567 E.02991
G1 X63.749 Y65.371 E.02972
G1 X64.662 Y65.119 E.02981
G1 X65.514 Y64.828 E.02837
G1 X66.434 Y64.454 E.03126
G1 X67.287 Y64.044 E.02981
G1 X68.114 Y63.583 E.02982
G1 X68.912 Y63.073 E.02981
G1 X69.678 Y62.517 E.02981
G1 X70.41 Y61.916 E.02981
G1 X71.104 Y61.272 E.02981
G1 X71.72 Y60.628 E.02806
G1 X72.371 Y59.865 E.0316
G1 X72.939 Y59.108 E.02978
G1 X73.46 Y58.318 E.02982
G1 X73.934 Y57.498 E.02981
G1 X74.353 Y56.649 E.02982
G1 X74.73 Y55.781 E.0298
G1 X75.031 Y54.942 E.02806
G1 X75.302 Y54.025 E.03012
G1 X75.526 Y53.057 E.03126
G1 X75.681 Y52.124 E.02981
G1 X75.78 Y51.182 E.02982
G1 X75.823 Y50.236 E.02981
G1 X75.81 Y49.329 E.02856
; stop printing object fidget-finger-massager-2000-ring.stl id:15 copy 0
M106 S125
;LAYER_CHANGE
;Z:3
;HEIGHT:0.2
G92 E0
;_SET_FAN_SPEED_CHANGING_LAYER
; printing object fidget-finger-massager-2000-ring.stl id:15 copy 0
M204 S10000
G1 E-.8 F1800
G1 X70.874 Y45.723 Z3.4 F7200
G1 Z3
G1 E.8 F1800
M204 S1500
;TYPE:Inner wall
;WIDTH:0.519292
G1 F1259.52
G1 X70.939 Y45.455 E.01093
;WIDTH:0.484646
G1 F1358.31
G1 X71.004 Y45.187 E.01013
;WIDTH:0.449999
G1 F1473.915
G1 X71.314 Y44.966 E.01288
G1 X72.923 Y44.465 E.05706
G1 X73.202 Y44.445 E.00945
G1 X73.514 Y44.595 E.01174
G1 X73.693 Y44.884 E.01148
G1 X73.921 Y45.701 E.02871
G1 X74.101 Y46.522 E.02846
G1 X74.233 Y47.351 E.02844
G1 X74.481 Y49.389 E.06949
G1 X74.539 Y50.257 E.02944
G1 X74.545 Y51.13 E.02953
G1 X74.515 Y51.656 E.01784
G1 X74.486 Y51.737 E.0029
G1 X74.245 Y52.01 E.01235
G1 X73.899 Y52.098 E.01206
G1 X72.215 Y52.018 E.05706
;WIDTH:0.450206
G1 X71.746 Y51.762 E.01809
;WIDTH:0.489121
G1 F1344.685
G1 X71.671 Y51.602 E.00657
;WIDTH:0.528036
G1 F1236.818
G1 X71.595 Y51.442 E.00715
G1 X71.469 Y52.054 E.02524
;WIDTH:0.489018
G1 F1344.998
G1 X71.343 Y52.667 E.02321
;WIDTH:0.449999
G1 F1473.915
G1 X71.128 Y53.449 E.02744
;WIDTH:0.452545
G1 F1464.754
G1 X70.827 Y54.309 E.03105
;WIDTH:0.487021
G1 F1351.046
G1 X70.768 Y54.486 E.00687
;WIDTH:0.521496
G1 F1253.719
G1 X70.71 Y54.663 E.00741
G1 X70.845 Y54.552 E.00697
;WIDTH:0.487021
G1 F1351.046
G1 X70.981 Y54.442 E.00646
;WIDTH:0.452545
G1 F1464.754
G1 X71.503 Y54.411 E.01781
;WIDTH:0.449999
G1 F1473.915
G1 X73.049 Y55.223 E.05911
G1 X73.237 Y55.376 E.00819
G1 X73.371 Y55.685 E.01141
G1 X73.285 Y56.085 E.01384
G1 X72.881 Y56.802 E.02787
G1 X72.428 Y57.51 E.02846
G1 X71.934 Y58.19 E.02844
G1 X70.944 Y59.471 E.0548
G1 X70.422 Y60.107 E.02784
G1 X69.853 Y60.725 E.02846
G1 X69.217 Y61.339 E.02991
G1 X69.059 Y61.45 E.00654
G1 X68.689 Y61.501 E.01263
G1 X68.36 Y61.331 E.01256
G1 X67.208 Y60.063 E.05798
G1 X67.064 Y59.79 E.01046
;WIDTH:0.485345
G1 F1356.164
G1 X67.128 Y59.498 E.01098
;WIDTH:0.52069
G1 F1255.834
G1 X67.192 Y59.207 E.01186
G1 X66.887 Y59.409 E.01452
;WIDTH:0.485345
G1 F1356.164
G1 X66.583 Y59.612 E.01345
;WIDTH:0.449999
G1 F1473.915
G1 X66.107 Y59.913 E.01908
G1 X65.451 Y60.288 E.02555
;WIDTH:0.485849
G1 F1354.62
G1 X64.886 Y60.572 E.0233
;WIDTH:0.521698
G1 F1253.19
G1 X64.321 Y60.857 E.02519
G1 X64.618 Y60.977 E.01274
;WIDTH:0.485849
G1 F1354.62
G1 X64.914 Y61.098 E.01178
;WIDTH:0.449999
G1 F1473.915
G1 X65.03 Y61.31 E.00818
G1 X65.531 Y62.919 E.05706
G1 X65.558 Y63.124 E.00697
G1 X65.459 Y63.435 E.01106
G1 X65.113 Y63.689 E.01454
G1 X64.294 Y63.918 E.02878
G1 X63.474 Y64.097 E.02839
G1 X62.645 Y64.229 E.02844
G1 X61.039 Y64.435 E.0548
G1 X60.22 Y64.515 E.02784
G1 X59.38 Y64.55 E.02846
G1 X58.497 Y64.535 E.02991
G1 X58.355 Y64.516 E.00483
G1 X58.035 Y64.311 E.01287
G1 X57.893 Y64.002 E.01149
G1 X57.995 Y62.092 E.06474
;WIDTH:0.486107
G1 F1353.83
G1 X58.351 Y61.658 E.02067
;WIDTH:0.527636
G1 F1237.838
G1 X58.543 Y61.592 E.00817
G1 X58.041 Y61.489 E.02064
;WIDTH:0.488818
G1 F1345.601
G1 X57.539 Y61.387 E.01899
;WIDTH:0.449999
G1 F1473.915
G1 X56.925 Y61.23 E.02145
G1 X55.888 Y60.9 E.03684
;WIDTH:0.488322
G1 F1347.099
G1 X55.628 Y60.812 E.01016
;WIDTH:0.526644
G1 F1240.377
G1 X55.368 Y60.724 E.01103
G1 X55.491 Y60.934 E.00978
;WIDTH:0.488322
G1 F1347.099
G1 X55.614 Y61.143 E.009
;WIDTH:0.449999
G1 F1473.915
G1 X55.524 Y61.616 E.0163
G1 X54.773 Y63.045 E.05465
G1 X54.673 Y63.184 E.0058
G1 X54.402 Y63.348 E.01071
G1 X54.016 Y63.332 E.01308
G1 X53.311 Y62.943 E.02727
G1 X52.572 Y62.479 E.02953
G1 X51.865 Y61.973 E.02943
G1 X50.525 Y60.94 E.05726
G1 X49.889 Y60.419 E.02784
G1 X49.271 Y59.849 E.02846
G1 X48.657 Y59.214 E.02991
G1 X48.598 Y59.143 E.0031
G1 X48.486 Y58.773 E.01308
G1 X48.589 Y58.425 E.01228
G1 X49.933 Y57.204 E.06146
G1 X50.36 Y57.045 E.01543
;WIDTH:0.485514
G1 F1355.646
G1 X50.584 Y57.126 E.00878
;WIDTH:0.521028
G1 F1254.947
G1 X50.809 Y57.207 E.00948
G1 X50.658 Y56.981 E.01078
;WIDTH:0.485514
G1 F1355.646
G1 X50.508 Y56.756 E.00998
;WIDTH:0.449999
G1 F1473.915
G1 X50.074 Y56.096 E.02674
G1 X49.698 Y55.432 E.02582
;WIDTH:0.486103
G1 F1353.843
G1 X49.237 Y54.51 E.03798
;WIDTH:0.527632
G1 F1237.848
G1 X49.143 Y54.324 E.00839
G1 X49.128 Y54.527 E.00817
;WIDTH:0.486103
G1 F1353.843
G1 X48.797 Y54.979 E.02067
;WIDTH:0.449999
G1 F1473.915
G1 X47.076 Y55.528 E.06114
G1 X46.941 Y55.553 E.00466
G1 X46.64 Y55.499 E.01036
G1 X46.361 Y55.241 E.01287
G1 X46.154 Y54.538 E.02479
G1 X45.945 Y53.683 E.02982
G1 X45.796 Y52.826 E.02943
G1 X45.562 Y51.035 E.06114
G1 X45.481 Y50.216 E.02784
G1 X45.453 Y49.286 E.03151
G1 X45.461 Y48.493 E.02683
G1 X45.62 Y48.094 E.01454
G1 X45.896 Y47.919 E.01106
G1 X46.101 Y47.894 E.00697
G1 X47.785 Y47.974 E.05706
G1 X48.019 Y48.033 E.00818
;WIDTH:0.485852
G1 F1354.611
G1 X48.21 Y48.29 E.01178
;WIDTH:0.521704
G1 F1253.175
G1 X48.401 Y48.546 E.01274
G1 X48.484 Y48.146 E.01626
;WIDTH:0.485852
G1 F1354.611
G1 X48.566 Y47.746 E.01504
;WIDTH:0.449999
G1 F1473.915
G1 X48.866 Y46.581 E.04073
G1 X49.022 Y46.086 E.01755
;WIDTH:0.485342
G1 F1356.173
G1 X49.149 Y45.72 E.01428
;WIDTH:0.520684
G1 F1255.85
G1 X49.276 Y45.353 E.01542
G1 X49.01 Y45.488 E.01186
;WIDTH:0.485342
G1 F1356.173
G1 X48.744 Y45.623 E.01098
;WIDTH:0.449999
G1 F1473.915
G1 X48.443 Y45.553 E.01045
G1 X46.951 Y44.769 E.05706
G1 X46.862 Y44.712 E.00357
G1 X46.679 Y44.481 E.00999
G1 X46.645 Y44.072 E.0139
G1 X46.94 Y43.507 E.02158
G1 X47.393 Y42.761 E.02953
G1 X47.888 Y42.046 E.02944
G1 X49.056 Y40.521 E.06501
G1 X49.549 Y39.92 E.02632
G1 X50.137 Y39.291 E.02915
G1 X50.765 Y38.67 E.02987
G1 X51.13 Y38.487 E.01384
G1 X51.463 Y38.539 E.01141
G1 X51.658 Y38.682 E.00819
G1 X52.834 Y39.981 E.05931
;WIDTH:0.452545
G1 F1464.754
G1 X52.935 Y40.487 E.01757
;WIDTH:0.487021
G1 F1351.046
G1 X52.862 Y40.646 E.00647
;WIDTH:0.521496
G1 F1253.719
G1 X52.789 Y40.805 E.00697
G1 X53.283 Y40.475 E.02364
;WIDTH:0.485748
G1 F1354.929
G1 X53.777 Y40.144 E.02188
;WIDTH:0.449999
G1 F1473.915
G1 X54.22 Y39.885 E.01738
G1 X55.296 Y39.335 E.0409
;WIDTH:0.489017
G1 F1345
G1 X55.49 Y39.236 E.00807
;WIDTH:0.528034
G1 F1236.823
G1 X55.684 Y39.138 E.00878
G1 X55.489 Y39.096 E.00804
;WIDTH:0.489017
G1 F1345
G1 X55.294 Y39.054 E.00739
;WIDTH:0.449999
G1 F1473.915
G1 X54.97 Y38.683 E.0167
G1 X54.469 Y37.073 E.05706
G1 X54.467 Y36.717 E.01206
G1 X54.671 Y36.414 E.01235
G1 X54.887 Y36.303 E.00823
G1 X55.704 Y36.075 E.02871
G1 X56.526 Y35.895 E.02846
G1 X57.355 Y35.763 E.02844
G1 X58.734 Y35.587 E.04706
G1 X59.621 Y35.493 E.03018
G1 X60.49 Y35.448 E.02946
G1 X61.363 Y35.455 E.02955
G1 X61.669 Y35.484 E.01038
G1 X61.827 Y35.558 E.00593
G1 X62.051 Y35.823 E.01174
G1 X62.102 Y36.097 E.00945
G1 X62.022 Y37.781 E.05706
G1 X61.887 Y38.137 E.01288
;WIDTH:0.487101
G1 F1350.802
G1 X61.66 Y38.268 E.00967
;WIDTH:0.524202
G1 F1246.67
G1 X61.433 Y38.399 E.01048
G1 X61.736 Y38.461 E.01235
;WIDTH:0.487101
G1 F1350.802
G1 X62.038 Y38.523 E.0114
;WIDTH:0.449999
G1 F1473.915
G1 X62.7 Y38.665 E.02293
G1 X63.431 Y38.866 E.02564
;WIDTH:0.487562
G1 F1349.4
G1 X63.978 Y39.042 E.02124
;WIDTH:0.525125
G1 F1244.284
G1 X64.525 Y39.217 E.02304
;WIDTH:0.535664
G1 F1217.671
G1 X64.572 Y39.231 E.00198
G1 X64.478 Y38.919 E.01332
;WIDTH:0.492832
G1 F1333.595
G1 X64.384 Y38.608 E.01216
;WIDTH:0.449999
G1 F1473.915
G1 X64.639 Y38.066 E.02028
G1 X65.227 Y36.947 E.04279
G1 X65.442 Y36.714 E.01074
G1 X65.786 Y36.621 E.01206
G1 X66.067 Y36.699 E.00987
G1 X66.806 Y37.115 E.02871
G1 X67.514 Y37.568 E.02846
G1 X68.194 Y38.062 E.02844
G1 X69.203 Y38.842 E.04319
G1 X69.899 Y39.4 E.03018
G1 X70.55 Y39.978 E.02945
G1 X71.166 Y40.595 E.02954
G1 X71.44 Y40.91 E.01411
G1 X71.49 Y41.031 E.00443
G1 X71.486 Y41.387 E.01206
G1 X71.314 Y41.654 E.01074
G1 X70.067 Y42.789 E.05706
G1 X69.919 Y42.888 E.00605
;WIDTH:0.478806
G1 F1376.507
G1 X69.618 Y42.883 E.01092
;WIDTH:0.507613
G1 F1291.175
G1 X69.316 Y42.878 E.01164
;WIDTH:0.525848
G1 F1242.421
G1 X69.235 Y42.83 E.00378
G1 X69.486 Y43.211 E.01829
;WIDTH:0.487924
G1 F1348.304
G1 X69.736 Y43.592 E.01686
;WIDTH:0.449999
G1 F1473.915
G1 X70.127 Y44.237 E.02552
G1 X70.573 Y45.096 E.03277
;WIDTH:0.484646
G1 F1358.31
G1 X70.723 Y45.409 E.01277
;WIDTH:0.519292
G1 F1259.52
G1 X70.856 Y45.687 E.01219
M204 S10000
G1 E-.8 F1800
G1 X71.122 Y48.489 Z3.4 F7200
G1 Z3
G1 E.8 F1800
M204 S500
;TYPE:Outer wall
;WIDTH:0.449999
G1 F1473.915
G1 X71.203 Y49.289 E.02719
G1 X71.221 Y50.003 E.0242
G1 X71.199 Y50.644 E.02169
G1 X71.137 Y51.34 E.02365
G1 X70.923 Y52.584 E.04272
G1 X70.715 Y53.335 E.02637
G1 X70.422 Y54.164 E.02979
G1 X70.086 Y54.923 E.02808
G1 X69.695 Y55.654 E.02808
G1 X69.318 Y56.248 E.02378
G1 X68.756 Y57.02 E.03236
G1 X68.383 Y57.451 E.01928
G1 X67.935 Y57.925 E.02208
G1 X67.471 Y58.366 E.02166
G1 X66.996 Y58.774 E.02119
G1 X66.329 Y59.267 E.02808
G1 X65.879 Y59.55 E.018
G1 X65.251 Y59.909 E.02448
G1 X64.135 Y60.432 E.04171
G1 X63.594 Y60.623 E.01942
G1 X62.811 Y60.857 E.02765
G1 X62.179 Y61 E.02195
G1 X60.914 Y61.184 E.04324
G1 X60.086 Y61.221 E.02808
G1 X59.344 Y61.199 E.02511
G1 X58.648 Y61.134 E.02368
G1 X57.615 Y60.965 E.03542
G1 X57.032 Y60.815 E.02038
G1 X56.025 Y60.494 E.03577
G1 X55.55 Y60.294 E.01745
G1 X54.883 Y59.979 E.02497
G1 X54.321 Y59.672 E.02168
G1 X53.814 Y59.362 E.02011
G1 X53.139 Y58.88 E.02808
G1 X52.536 Y58.378 E.02654
G1 X52.064 Y57.927 E.02211
G1 X51.626 Y57.46 E.02168
G1 X51.177 Y56.925 E.02364
M73 P68 R5
G1 X50.848 Y56.495 E.01832
G1 X50.432 Y55.861 E.02566
G1 X50.073 Y55.224 E.02475
G1 X49.643 Y54.323 E.0338
G1 X49.351 Y53.546 E.02808
G1 X49.183 Y52.971 E.02028
G1 X48.993 Y52.165 E.02806
G1 X48.831 Y51.117 E.03587
G1 X48.779 Y50.289 E.02808
G1 X48.788 Y49.46 E.02808
G1 X48.858 Y48.635 E.02802
G1 X48.989 Y47.814 E.02814
G1 X49.274 Y46.71 E.03859
G1 X49.431 Y46.216 E.01755
G1 X49.707 Y45.525 E.02518
G1 X50.019 Y44.871 E.02454
G1 X50.33 Y44.311 E.02166
G1 X50.676 Y43.758 E.02208
G1 X50.991 Y43.3 E.01882
G1 X51.51 Y42.653 E.02808
G1 X52.071 Y42.051 E.02784
G1 X52.541 Y41.615 E.02171
G1 X53.078 Y41.168 E.02366
G1 X54.018 Y40.498 E.03907
G1 X54.736 Y40.082 E.02808
G1 X55.482 Y39.72 E.02808
G1 X56.254 Y39.415 E.02808
G1 X57.031 Y39.172 E.02757
G1 X57.838 Y38.982 E.02805
G1 X58.673 Y38.85 E.02861
G1 X59.347 Y38.795 E.0229
G1 X60 Y38.778 E.0221
G1 X60.64 Y38.796 E.02167
G1 X61.157 Y38.831 E.01755
G1 X61.978 Y38.947 E.02808
G1 X62.609 Y39.084 E.02186
G1 X63.309 Y39.277 E.02457
G1 X64.36 Y39.653 E.03778
G1 X65.112 Y40.003 E.02808
G1 X65.693 Y40.328 E.02252
G1 X66.243 Y40.677 E.02207
G1 X67.185 Y41.372 E.03962
G1 X67.802 Y41.926 E.02808
G1 X68.377 Y42.524 E.02808
G1 X68.836 Y43.079 E.02437
G1 X69.386 Y43.84 E.03178
G1 X69.76 Y44.458 E.02445
G1 X70.19 Y45.29 E.0317
G1 X70.446 Y45.901 E.02243
G1 X70.679 Y46.559 E.02364
G1 X70.857 Y47.174 E.02167
G1 X70.979 Y47.659 E.01693
G1 X71.117 Y48.45 E.02716
M204 S10000
G1 E-.8 F1800
G1 X63.485 Y48.429 Z3.4 F7200
G1 X45.937 Y48.382 Z3.4
G1 Z3
G1 E.8 F1800
M204 S500
G1 F1473.915
G1 X46.081 Y48.322 E.00526
G1 X47.765 Y48.402 E.05706
G1 X47.834 Y48.42 E.00244
G1 X47.938 Y48.587 E.00667
G1 X47.924 Y49.332 E.02521
G1 X47.952 Y50.028 E.02358
G1 X48.021 Y50.725 E.02369
G1 X48.223 Y52.304 E.05389
G1 X48.369 Y53.169 E.02969
G1 X48.48 Y53.677 E.01762
G1 X48.68 Y54.394 E.02521
G1 X48.686 Y54.467 E.00248
G1 X48.559 Y54.617 E.00663
G1 X46.949 Y55.118 E.05708
G1 X46.819 Y55.11 E.00441
G1 X46.719 Y54.991 E.00525
G1 X46.448 Y53.978 E.0355
G1 X46.318 Y53.379 E.02074
G1 X46.22 Y52.759 E.02125
G1 X45.987 Y50.981 E.06071
G1 X45.907 Y50.174 E.02742
G1 X45.881 Y49.274 E.0305
G1 X45.89 Y48.501 E.02616
G1 X45.922 Y48.419 E.00298
M204 S10000
G1 E-.8 F1800
G1 X49.143 Y54.324 Z3.4 F7200
G1 Z3
G1 E.8 F1800
M204 S1500
;TYPE:Inner wall
;WIDTH:0.527632
G1 F1237.848
G1 X49.127 Y54.27 E.0023
;WIDTH:0.52023
G1 F1257.045
G1 X49.015 Y53.921 E.01454
;WIDTH:0.492981
G1 F1333.153
G1 X48.904 Y53.572 E.01371
;WIDTH:0.465732
G1 F1419.07
G1 X48.812 Y53.197 E.01358
;WIDTH:0.433195
G1 F1537.377
G1 X48.72 Y52.821 E.01253
;WIDTH:0.400658
G1 F1677.205
G1 X48.565 Y51.978 E.02552
;WIDTH:0.377338
G1 F1794.162
G1 X48.41 Y50.681 E.03632
;WIDTH:0.423328
G1 F1577.254
G1 X48.367 Y49.999 E.02159
;WIDTH:0.465578
G1 F1419.587
G1 X48.361 Y49.327 E.02362
;WIDTH:0.493641
G1 F1331.2
G1 X48.381 Y48.937 E.01466
;WIDTH:0.521704
G1 F1253.175
G1 X48.401 Y48.546 E.01557
M204 S10000
G1 E-.8 F1800
G1 X48.783 Y56.169 Z3.4 F7200
G1 X48.914 Y58.785 Z3.4
G1 Z3
G1 E.8 F1800
M204 S500
;TYPE:Outer wall
;WIDTH:0.449999
G1 F1473.915
G1 X48.974 Y58.655 E.00483
G1 X50.221 Y57.521 E.05706
G1 X50.348 Y57.474 E.0046
G1 X50.475 Y57.529 E.00467
G1 X50.992 Y58.065 E.02521
G1 X51.503 Y58.538 E.02358
G1 X52.044 Y58.982 E.02369
G1 X53.305 Y59.957 E.05394
G1 X53.871 Y60.368 E.02369
G1 X54.457 Y60.745 E.02358
G1 X55.106 Y61.11 E.02521
G1 X55.195 Y61.232 E.00509
G1 X55.144 Y61.417 E.0065
G1 X54.394 Y62.846 E.05465
G1 X54.283 Y62.936 E.00483
G1 X54.143 Y62.92 E.00477
G1 X53.404 Y62.504 E.02871
G1 X52.804 Y62.119 E.02415
G1 X52.117 Y61.627 E.02859
G1 X50.787 Y60.601 E.05684
G1 X50.161 Y60.087 E.02741
G1 X49.562 Y59.534 E.02761
G1 X48.965 Y58.916 E.02907
G1 X48.929 Y58.822 E.00341
M204 S10000
G1 E-.8 F1800
G1 X55.368 Y60.724 Z3.4 F7200
G1 Z3
G1 E.8 F1800
M204 S1500
;TYPE:Inner wall
;WIDTH:0.526644
G1 F1240.377
G1 X55.333 Y60.706 E.00158
;WIDTH:0.521026
G1 F1254.952
G1 X55.008 Y60.538 E.01456
;WIDTH:0.495583
G1 F1325.489
G1 X54.683 Y60.369 E.01379
;WIDTH:0.47014
G1 F1404.429
G1 X54.105 Y60.026 E.02388
;WIDTH:0.422636
G1 F1580.128
G1 X53.822 Y59.836 E.01078
;WIDTH:0.397193
G1 F1693.609
G1 X53.539 Y59.645 E.01005
;WIDTH:0.37175
G1 F1824.651
G1 X52.888 Y59.16 E.0222
;WIDTH:0.374004
G1 F1812.229
G1 X52.22 Y58.621 E.02363
;WIDTH:0.422632
G1 F1580.145
G1 X51.776 Y58.225 E.01878
;WIDTH:0.470144
G1 F1404.415
G1 X51.298 Y57.752 E.02388
;WIDTH:0.495586
G1 F1325.481
G1 X51.054 Y57.479 E.01378
;WIDTH:0.521028
G1 F1254.947
G1 X50.809 Y57.207 E.01456
M204 S10000
G1 E-.8 F1800
G1 X57.269 Y61.272 Z3.4 F7200
G1 X58.532 Y62.067 Z3.4
G1 Z3
G1 E.8 F1800
M204 S500
;TYPE:Outer wall
;WIDTH:0.449999
G1 F1473.915
G1 X59.19 Y62.069 E.02227
G1 X60.02 Y62.045 E.02811
G1 X60.723 Y61.976 E.0239
G1 X62.315 Y61.773 E.05432
G1 X62.999 Y61.665 E.02345
G1 X63.84 Y61.471 E.02923
G1 X64.398 Y61.316 E.0196
G1 X64.606 Y61.388 E.00745
G1 X65.122 Y63.047 E.05879
G1 X65.101 Y63.201 E.00526
G1 X64.997 Y63.276 E.00434
G1 X64.18 Y63.505 E.02873
G1 X63.383 Y63.679 E.02759
G1 X62.578 Y63.806 E.02759
G1 X60.984 Y64.009 E.05438
G1 X60.178 Y64.089 E.02742
G1 X59.363 Y64.122 E.02761
G1 X58.505 Y64.106 E.02907
G1 X58.367 Y64.039 E.00518
G1 X58.326 Y63.916 E.00441
G1 X58.406 Y62.232 E.05706
G1 X58.507 Y62.099 E.00566
M204 S10000
G1 E-.8 F1800
G1 X64.321 Y60.857 Z3.4 F7200
G1 Z3
G1 E.8 F1800
M204 S1500
;TYPE:Inner wall
;WIDTH:0.521698
G1 F1253.19
G1 X64.274 Y60.872 E.00197
;WIDTH:0.514706
G1 F1271.763
G1 X63.863 Y60.998 E.01687
;WIDTH:0.479692
G1 F1373.714
G1 X63.452 Y61.124 E.01562
;WIDTH:0.444678
G1 F1493.436
G1 X63.034 Y61.223 E.01436
;WIDTH:0.417546
G1 F1601.597
G1 X62.615 Y61.322 E.01339
;WIDTH:0.390414
G1 F1726.649
G1 X61.769 Y61.462 E.02478
;WIDTH:0.3761
G1 F1800.828
G1 X60.684 Y61.586 E.03025
;WIDTH:0.41881
G1 F1596.212
G1 X60.003 Y61.632 E.02133
;WIDTH:0.443894
G1 F1496.356
G1 X59.601 Y61.632 E.01343
;WIDTH:0.468978
G1 F1408.259
G1 X59.198 Y61.631 E.01427
;WIDTH:0.498307
G1 F1317.561
G1 X58.87 Y61.612 E.01243
;WIDTH:0.527636
G1 F1237.838
G1 X58.543 Y61.592 E.01323
M204 S10000
G1 E-.8 F1800
G1 X66.008 Y60.007 Z3.4 F7200
G1 X67.482 Y59.694 Z3.4
G1 Z3
G1 E.8 F1800
M204 S500
;TYPE:Outer wall
;WIDTH:0.449999
G1 F1473.915
G1 X67.533 Y59.522 E.00607
G1 X68.069 Y59.005 E.02521
G1 X68.542 Y58.493 E.02358
G1 X68.986 Y57.952 E.02369
G1 X69.879 Y56.796 E.04945
G1 X70.363 Y56.138 E.02764
G1 X70.83 Y55.395 E.02971
G1 X71.114 Y54.89 E.0196
G1 X71.186 Y54.82 E.00341
G1 X71.357 Y54.819 E.0058
G1 X72.85 Y55.603 E.05706
G1 X72.946 Y55.74 E.00568
G1 X72.912 Y55.875 E.0047
G1 X72.508 Y56.592 E.02787
G1 X72.067 Y57.279 E.02761
G1 X71.588 Y57.938 E.02759
G1 X70.605 Y59.209 E.05438
G1 X70.091 Y59.835 E.02741
G1 X69.538 Y60.435 E.02761
G1 X68.92 Y61.031 E.02907
G1 X68.763 Y61.079 E.00558
G1 X68.659 Y61.022 E.004
G1 X67.525 Y59.775 E.05706
G1 X67.5 Y59.729 E.00176
M204 S10000
G1 E-.8 F1800
G1 X70.71 Y54.663 Z3.4 F7200
G1 Z3
G1 E.8 F1800
M73 P68 R4
M204 S1500
;TYPE:Inner wall
;WIDTH:0.521496
G1 F1253.719
G1 X70.457 Y55.161 E.02225
;WIDTH:0.47182
G1 F1398.927
G1 X70.244 Y55.529 E.01515
;WIDTH:0.444395
G1 F1494.489
G1 X70.03 Y55.896 E.01418
;WIDTH:0.41697
G1 F1604.064
G1 X69.79 Y56.245 E.01318
;WIDTH:0.388459
G1 F1736.418
G1 X69.55 Y56.595 E.01218
;WIDTH:0.359948
G1 F1892.577
G1 X69.032 Y57.277 E.0226
;WIDTH:0.376466
G1 F1798.852
G1 X68.679 Y57.708 E.01543
;WIDTH:0.424082
G1 F1574.134
G1 X68.228 Y58.22 E.02163
;WIDTH:0.4681
G1 F1411.167
G1 X67.756 Y58.698 E.02376
;WIDTH:0.494395
G1 F1328.977
G1 X67.474 Y58.953 E.01426
;WIDTH:0.52069
G1 F1255.834
G1 X67.192 Y59.207 E.01509
M204 S10000
G1 E-.8 F1800
G1 X69.401 Y51.901 Z3.4 F7200
G1 X71.357 Y45.43 Z3.4
G1 Z3
G1 E.8 F1800
M204 S500
;TYPE:Outer wall
;WIDTH:0.449999
G1 F1473.915
G1 X71.844 Y45.25 E.01758
G1 X73.051 Y44.874 E.04279
G1 X73.227 Y44.913 E.00611
G1 X73.318 Y45.134 E.00808
G1 X73.508 Y45.816 E.02397
G1 X73.682 Y46.613 E.02762
G1 X73.809 Y47.418 E.02759
G1 X74.055 Y49.431 E.06864
G1 X74.111 Y50.274 E.0286
G1 X74.117 Y51.122 E.02869
G1 X74.094 Y51.562 E.01493
G1 X74.022 Y51.644 E.00368
G1 X73.919 Y51.67 E.0036
G1 X72.235 Y51.59 E.05706
G1 X72.096 Y51.514 E.00539
M73 P69 R4
G1 X72.062 Y51.405 E.00386
G1 X72.076 Y50.66 E.02521
G1 X72.048 Y49.964 E.02358
G1 X71.979 Y49.268 E.02369
G1 X71.777 Y47.687 E.05393
G1 X71.668 Y46.996 E.02369
G1 X71.52 Y46.315 E.02358
G1 X71.32 Y45.598 E.02521
G1 X71.348 Y45.469 E.00446
M204 S10000
G1 X70.874 Y45.723 F7200
M204 S1500
;TYPE:Inner wall
;WIDTH:0.519292
G1 F1259.52
G1 X70.943 Y45.925 E.00848
;WIDTH:0.494812
G1 F1327.751
G1 X71.095 Y46.421 E.01948
;WIDTH:0.46962
G1 F1406.14
G1 X71.26 Y47.073 E.02385
;WIDTH:0.423858
G1 F1575.06
G1 X71.39 Y47.743 E.02162
;WIDTH:0.374604
G1 F1808.951
G1 X71.495 Y48.439 E.01943
;WIDTH:0.370896
G1 F1829.402
G1 X71.593 Y49.312 E.02394
;WIDTH:0.397611
G1 F1691.613
G1 X71.616 Y49.731 E.0124
;WIDTH:0.424326
G1 F1573.127
G1 X71.639 Y50.151 E.01334
;WIDTH:0.469662
G1 F1406.002
G1 X71.637 Y50.665 E.01823
;WIDTH:0.498849
G1 F1315.994
G1 X71.616 Y51.053 E.01474
;WIDTH:0.528036
G1 F1236.818
G1 X71.595 Y51.442 E.01569
M204 S10000
G1 E-.8 F1800
G1 X65.016 Y47.573 Z3.4 F7200
G1 X49.032 Y38.176 Z3.4
G1 Z3
G1 E.8 F1800
M204 S1500
;WIDTH:0.449999
G1 F1473.915
G1 X49.759 Y37.541 E.03266
G1 X50.522 Y36.951 E.03266
G1 X51.319 Y36.407 E.03265
G1 X52.147 Y35.913 E.03266
G1 X53.004 Y35.468 E.03266
G1 X53.885 Y35.076 E.03265
G1 X54.788 Y34.737 E.03266
G1 X55.71 Y34.452 E.03266
G1 X56.647 Y34.224 E.03266
G1 X57.597 Y34.051 E.03266
G1 X58.555 Y33.936 E.03266
G1 X59.518 Y33.879 E.03266
G1 X60.482 Y33.879 E.03266
G1 X61.445 Y33.936 E.03266
G1 X62.403 Y34.051 E.03266
G1 X63.353 Y34.224 E.03266
G1 X64.29 Y34.452 E.03266
G1 X65.212 Y34.737 E.03266
G1 X66.115 Y35.076 E.03266
G1 X66.996 Y35.468 E.03266
G1 X67.853 Y35.913 E.03266
G1 X68.681 Y36.407 E.03266
G1 X69.478 Y36.951 E.03266
G1 X70.241 Y37.541 E.03266
G1 X70.968 Y38.176 E.03266
G1 X71.655 Y38.853 E.03266
G1 X72.301 Y39.57 E.03266
G1 X72.902 Y40.324 E.03266
G1 X73.457 Y41.113 E.03266
G1 X73.965 Y41.934 E.03266
G1 X74.422 Y42.783 E.03266
G1 X74.827 Y43.659 E.03266
G1 X75.18 Y44.557 E.03266
G1 X75.478 Y45.474 E.03266
G1 X75.721 Y46.408 E.03266
G1 X75.907 Y47.355 E.03265
G1 X76.033 Y48.286 E.03181
G1 X76.109 Y49.297 E.03432
G1 X76.123 Y50.237 E.03183
G1 X76.08 Y51.201 E.03265
G1 X75.979 Y52.161 E.03266
G1 X75.821 Y53.112 E.03265
G1 X75.606 Y54.053 E.03266
G1 X75.336 Y54.979 E.03266
G1 X75.01 Y55.887 E.03266
G1 X74.631 Y56.774 E.03266
G1 X74.199 Y57.637 E.03266
G1 X73.717 Y58.473 E.03265
G1 X73.186 Y59.278 E.03266
G1 X72.607 Y60.05 E.03266
G1 X71.983 Y60.786 E.03266
G1 X71.316 Y61.483 E.03266
G1 X70.609 Y62.139 E.03266
G1 X69.864 Y62.752 E.03266
G1 X69.083 Y63.319 E.03266
G1 X68.27 Y63.839 E.03265
G1 X67.428 Y64.308 E.03266
G1 X66.559 Y64.727 E.03266
G1 X65.666 Y65.093 E.03266
G1 X64.753 Y65.405 E.03266
G1 X63.823 Y65.661 E.03266
G1 X62.879 Y65.862 E.03266
G1 X61.925 Y66.006 E.03266
G1 X60.964 Y66.092 E.03266
G1 X60 Y66.121 E.03266
G1 X59.036 Y66.092 E.03266
G1 X58.075 Y66.006 E.03266
G1 X57.121 Y65.862 E.03266
G1 X56.177 Y65.661 E.03266
G1 X55.247 Y65.405 E.03266
G1 X54.334 Y65.093 E.03266
G1 X53.441 Y64.727 E.03266
G1 X52.572 Y64.308 E.03265
G1 X51.73 Y63.839 E.03266
G1 X50.917 Y63.319 E.03265
G1 X50.136 Y62.752 E.03266
G1 X49.391 Y62.139 E.03266
G1 X48.684 Y61.483 E.03266
G1 X48.017 Y60.786 E.03266
G1 X47.393 Y60.05 E.03266
G1 X46.814 Y59.278 E.03266
G1 X46.283 Y58.473 E.03266
G1 X45.801 Y57.637 E.03266
G1 X45.369 Y56.774 E.03266
G1 X44.99 Y55.887 E.03266
G1 X44.664 Y54.979 E.03266
G1 X44.394 Y54.053 E.03266
G1 X44.179 Y53.112 E.03266
G1 X44.021 Y52.161 E.03265
G1 X43.92 Y51.201 E.03266
G1 X43.877 Y50.237 E.03265
G1 X43.891 Y49.273 E.03266
G1 X43.963 Y48.311 E.03265
G1 X44.093 Y47.355 E.03266
G1 X44.279 Y46.408 E.03265
G1 X44.522 Y45.474 E.03266
G1 X44.82 Y44.557 E.03266
G1 X45.173 Y43.659 E.03266
G1 X45.578 Y42.783 E.03266
G1 X46.035 Y41.934 E.03266
G1 X46.543 Y41.113 E.03266
G1 X47.098 Y40.324 E.03266
G1 X47.699 Y39.57 E.03266
G1 X48.345 Y38.853 E.03266
G1 X49.004 Y38.204 E.0313
M204 S500
G1 X48.748 Y37.856 F7200
;TYPE:Outer wall
G1 F1473.915
G1 X49.487 Y37.21 E.03321
G1 X50.27 Y36.604 E.03352
G1 X51.088 Y36.046 E.03352
G1 X51.939 Y35.538 E.03352
G1 X52.818 Y35.082 E.03353
G1 X53.722 Y34.679 E.03352
G1 X54.65 Y34.331 E.03352
G1 X55.596 Y34.039 E.03352
G1 X56.558 Y33.804 E.03352
G1 X57.533 Y33.628 E.03352
G1 X58.516 Y33.509 E.03352
G1 X59.505 Y33.45 E.03352
G1 X60.495 Y33.45 E.03352
G1 X61.484 Y33.509 E.03352
G1 X62.467 Y33.628 E.03352
G1 X63.442 Y33.804 E.03352
G1 X64.404 Y34.039 E.03352
G1 X65.35 Y34.331 E.03352
G1 X66.278 Y34.679 E.03352
G1 X67.182 Y35.082 E.03352
G1 X68.061 Y35.538 E.03352
G1 X68.912 Y36.046 E.03352
G1 X69.73 Y36.604 E.03352
G1 X70.513 Y37.21 E.03352
G1 X71.259 Y37.862 E.03353
G1 X71.965 Y38.557 E.03352
G1 X72.628 Y39.293 E.03352
G1 X73.245 Y40.067 E.03352
G1 X73.815 Y40.877 E.03352
G1 X74.336 Y41.719 E.03352
G1 X74.805 Y42.592 E.03352
G1 X75.221 Y43.49 E.03352
G1 X75.583 Y44.412 E.03352
G1 X75.889 Y45.354 E.03352
G1 X76.139 Y46.313 E.03353
G1 X76.33 Y47.284 E.03352
G1 X76.458 Y48.228 E.03225
G1 X76.537 Y49.291 E.03606
G1 X76.552 Y50.244 E.03226
G1 X76.507 Y51.233 E.03352
G1 X76.404 Y52.218 E.03353
G1 X76.242 Y53.195 E.03352
G1 X76.021 Y54.161 E.03353
G1 X75.743 Y55.112 E.03352
G1 X75.409 Y56.044 E.03352
G1 X75.02 Y56.955 E.03352
G1 X74.577 Y57.84 E.03353
G1 X74.082 Y58.698 E.03352
G1 X73.536 Y59.525 E.03352
G1 X72.942 Y60.317 E.03352
G1 X72.302 Y61.073 E.03352
G1 X71.617 Y61.789 E.03352
G1 X70.891 Y62.462 E.03352
G1 X70.126 Y63.091 E.03352
G1 X69.325 Y63.673 E.03353
G1 X68.49 Y64.207 E.03352
G1 X67.625 Y64.689 E.03353
G1 X66.733 Y65.119 E.03352
G1 X65.817 Y65.494 E.03352
G1 X64.879 Y65.814 E.03352
G1 X63.925 Y66.078 E.03353
G1 X62.956 Y66.284 E.03352
G1 X61.976 Y66.431 E.03352
G1 X60.99 Y66.52 E.03353
G1 X60 Y66.55 E.03352
G1 X59.01 Y66.52 E.03352
G1 X58.024 Y66.431 E.03353
G1 X57.044 Y66.284 E.03352
G1 X56.075 Y66.078 E.03352
G1 X55.121 Y65.814 E.03353
G1 X54.183 Y65.494 E.03352
G1 X53.267 Y65.119 E.03353
G1 X52.375 Y64.689 E.03352
G1 X51.51 Y64.207 E.03353
G1 X50.675 Y63.673 E.03352
G1 X49.874 Y63.091 E.03353
G1 X49.109 Y62.462 E.03352
G1 X48.383 Y61.789 E.03352
G1 X47.698 Y61.073 E.03352
G1 X47.058 Y60.317 E.03353
G1 X46.464 Y59.525 E.03352
G1 X45.918 Y58.698 E.03352
G1 X45.423 Y57.84 E.03352
G1 X44.98 Y56.955 E.03353
G1 X44.591 Y56.044 E.03352
G1 X44.257 Y55.112 E.03352
G1 X43.979 Y54.161 E.03352
G1 X43.758 Y53.195 E.03353
G1 X43.596 Y52.218 E.03352
G1 X43.493 Y51.233 E.03353
G1 X43.448 Y50.244 E.03352
G1 X43.463 Y49.254 E.03353
G1 X43.537 Y48.266 E.03352
G1 X43.67 Y47.284 E.03353
G1 X43.861 Y46.313 E.03352
G1 X44.111 Y45.354 E.03353
G1 X44.417 Y44.412 E.03352
G1 X44.779 Y43.49 E.03352
G1 X45.195 Y42.592 E.03352
G1 X45.664 Y41.719 E.03352
G1 X46.185 Y40.877 E.03352
G1 X46.755 Y40.067 E.03352
G1 X47.372 Y39.293 E.03352
G1 X48.035 Y38.557 E.03352
G1 X48.719 Y37.883 E.03248
M204 S10000
G1 E-.8 F1800
G1 X56.337 Y38.354 Z3.4 F7200
G1 X64.894 Y38.882 Z3.4
M73 P70 R4
G1 Z3
G1 E.8 F1800
M204 S500
G1 F1473.915
G1 X64.801 Y38.68 E.00753
G1 X65.606 Y37.146 E.05865
G1 X65.671 Y37.077 E.0032
G1 X65.842 Y37.065 E.0058
G1 X66.596 Y37.488 E.02929
G1 X67.283 Y37.929 E.02761
G1 X67.942 Y38.409 E.02759
G1 X68.941 Y39.181 E.04276
G1 X69.627 Y39.731 E.02976
G1 X70.259 Y40.292 E.02861
G1 X70.858 Y40.893 E.0287
G1 X71.078 Y41.151 E.01151
G1 X71.035 Y41.329 E.00618
G1 X69.735 Y42.501 E.05927
G1 X69.525 Y42.463 E.0072
G1 X69.008 Y41.927 E.02521
G1 X68.497 Y41.455 E.02358
G1 X67.956 Y41.011 E.02369
G1 X66.695 Y40.036 E.05394
G1 X66.139 Y39.631 E.02328
G1 X65.571 Y39.265 E.02288
G1 X64.929 Y38.902 E.02496
M204 S10000
G1 X64.572 Y39.231 F7200
M204 S1500
;TYPE:Inner wall
;WIDTH:0.535664
G1 F1217.671
G1 X64.667 Y39.285 E.00451
;WIDTH:0.517962
G1 F1263.046
G1 X65.002 Y39.458 E.01486
;WIDTH:0.489513
G1 F1343.505
G1 X65.336 Y39.63 E.01397
;WIDTH:0.461064
G1 F1434.912
G1 X65.703 Y39.855 E.01495
;WIDTH:0.429783
G1 F1550.937
G1 X66.07 Y40.079 E.01383
;WIDTH:0.398502
G1 F1687.375
G1 X66.771 Y40.573 E.02537
;WIDTH:0.377222
G1 F1794.784
G1 X67.711 Y41.317 E.03333
;WIDTH:0.42156
G1 F1584.619
G1 X68.224 Y41.767 E.02148
;WIDTH:0.46402
G1 F1424.84
G1 X68.721 Y42.257 E.02443
;WIDTH:0.494934
G1 F1327.392
G1 X68.978 Y42.544 E.01447
;WIDTH:0.525848
G1 F1242.421
G1 X69.235 Y42.83 E.01546
M204 S10000
G1 E-.8 F1800
G1 X62.765 Y38.782 Z3.4 F7200
G1 X61.409 Y37.934 Z3.4
G1 Z3
G1 E.8 F1800
M204 S500
;TYPE:Outer wall
;WIDTH:0.449999
G1 F1473.915
G1 X60.664 Y37.921 E.02521
G1 X59.968 Y37.948 E.02358
G1 X59.272 Y38.017 E.02369
G1 X57.692 Y38.219 E.05389
G1 X56.828 Y38.365 E.02969
G1 X56.319 Y38.476 E.01762
G1 X55.602 Y38.677 E.02521
G1 X55.476 Y38.666 E.00429
G1 X55.358 Y38.489 E.0072
G1 X54.878 Y36.946 E.0547
G1 X54.877 Y36.839 E.0036
G1 X55.003 Y36.716 E.00595
G1 X55.82 Y36.488 E.02871
G1 X56.617 Y36.314 E.02762
G1 X57.422 Y36.187 E.02759
G1 X58.789 Y36.012 E.04664
G1 X59.663 Y35.919 E.02976
G1 X60.507 Y35.876 E.02862
G1 X61.355 Y35.884 E.02871
G1 X61.592 Y35.916 E.00808
G1 X61.674 Y36.077 E.00611
G1 X61.594 Y37.761 E.05706
G1 X61.554 Y37.867 E.00384
G1 X61.445 Y37.917 E.00405
M204 S10000
G1 E-.8 F1800
G1 X55.684 Y39.138 Z3.4 F7200
G1 Z3
G1 E.8 F1800
M204 S1500
;TYPE:Inner wall
;WIDTH:0.528034
G1 F1236.823
G1 X55.727 Y39.124 E.00182
;WIDTH:0.521764
G1 F1253.018
G1 X56.076 Y39.013 E.01458
;WIDTH:0.495715
G1 F1325.103
G1 X56.425 Y38.902 E.01379
;WIDTH:0.469666
G1 F1405.989
G1 X56.695 Y38.831 E.0099
;WIDTH:0.444487
G1 F1494.147
G1 X56.965 Y38.761 E.00931
;WIDTH:0.419308
G1 F1594.1
G1 X57.386 Y38.678 E.01344
;WIDTH:0.392755
G1 F1715.094
G1 X57.807 Y38.594 E.01249
;WIDTH:0.366202
G1 F1855.965
G1 X58.656 Y38.474 E.02305
;WIDTH:0.37722
G1 F1794.795
G1 X59.468 Y38.392 E.02269
;WIDTH:0.423858
G1 F1575.06
G1 X59.997 Y38.363 E.01678
;WIDTH:0.469614
G1 F1406.16
G1 X60.669 Y38.359 E.02385
;WIDTH:0.496908
G1 F1321.621
G1 X61.051 Y38.379 E.01445
;WIDTH:0.524202
G1 F1246.67
G1 X61.433 Y38.399 E.01532
M204 S10000
G1 E-.8 F1800
G1 X54.374 Y41.301 Z3.4 F7200
G1 X47.069 Y44.304 Z3.4
G1 Z3
G1 E.8 F1800
M204 S500
;TYPE:Outer wall
;WIDTH:0.449999
G1 F1473.915
G1 X47.076 Y44.139 E.00558
G1 X47.492 Y43.4 E.02871
G1 X47.933 Y42.714 E.02761
G1 X48.765 Y41.598 E.04713
G1 X49.395 Y40.783 E.03484
G1 X49.88 Y40.192 E.0259
G1 X50.449 Y39.585 E.02814
G1 X51.062 Y38.979 E.0292
G1 X51.184 Y38.912 E.0047
G1 X51.341 Y38.97 E.00568
G1 X52.475 Y40.217 E.05706
G1 X52.514 Y40.396 E.0062
G1 X51.501 Y41.453 E.04955
G1 X51.018 Y42.036 E.02563
G1 X50.04 Y43.301 E.05413
G1 X49.628 Y43.867 E.02369
G1 X49.251 Y44.453 E.02358
G1 X48.886 Y45.102 E.02521
G1 X48.719 Y45.195 E.00647
G1 X48.265 Y44.976 E.01704
G1 X47.15 Y44.39 E.04265
G1 X47.096 Y44.333 E.00265
M204 S10000
G1 E-.8 F1800
G1 X49.276 Y45.353 Z3.4 F7200
G1 Z3
G1 E.8 F1800
M204 S1500
;TYPE:Inner wall
;WIDTH:0.520684
G1 F1255.85
G1 X49.335 Y45.233 E.00529
;WIDTH:0.504322
G1 F1300.385
G1 X49.626 Y44.679 E.02403
;WIDTH:0.468098
G1 F1411.174
G1 X49.971 Y44.102 E.02376
;WIDTH:0.424092
G1 F1574.093
G1 X50.353 Y43.536 E.02163
;WIDTH:0.37647
G1 F1798.831
G1 X50.706 Y43.054 E.01657
;WIDTH:0.374006
G1 F1812.218
G1 X51.32 Y42.284 E.02712
;WIDTH:0.419092
G1 F1595.015
G1 X51.805 Y41.733 E.02294
;WIDTH:0.445683
G1 F1489.71
G1 X52.095 Y41.447 E.01367
;WIDTH:0.472274
G1 F1397.448
G1 X52.386 Y41.16 E.01458
;WIDTH:0.521496
G1 F1253.719
G1 X52.789 Y40.805 E.02138
M204 S10000
G1 E-.8 F1800
G1 X50.387 Y38.516 Z3.4 F7200
G1 Z3
G1 E.8 F1800
M204 S500
;TYPE:Internal solid infill
;WIDTH:0.388704
G1 F1735.187
G1 X50.642 Y38.289 E.00984
G1 X51.131 Y38.115 E.01492
G1 X51.632 Y38.202 E.01461
G1 X51.919 Y38.41 E.01019
G1 X53.127 Y39.745 E.05177
;WIDTH:0.405608
G1 F1654.314
G1 X53.169 Y39.826 E.00274
;WIDTH:0.438972
G1 F1514.953
G1 X53.21 Y39.906 E.00299
;WIDTH:0.472336
G1 F1397.246
G1 X53.251 Y39.987 E.00324
;WIDTH:0.464069
G1 F1424.674
G1 X53.338 Y39.958 E.00321
;WIDTH:0.414171
G1 F1616.157
G1 X53.425 Y39.93 E.00283
;WIDTH:0.389309
G1 F1732.158
G1 X54.333 Y39.385 E.03048
G1 X54.691 Y39.209 E.01152
;WIDTH:0.412397
G1 F1623.919
G1 X54.746 Y39.159 E.00228
;WIDTH:0.435616
G1 F1527.902
G1 X54.801 Y39.109 E.00242
G1 X54.611 Y38.795 E.01199
;WIDTH:0.388194
G1 F1737.752
G1 X54.084 Y37.084 E.05138
G1 X54.115 Y36.591 E.01418
G1 X54.401 Y36.158 E.01489
G1 X54.786 Y35.941 E.01269
G1 X55.603 Y35.712 E.02435
G1 X55.993 Y35.627 E.01146
M204 S10000
G1 X57.661 Y35.375 F7200
M204 S500
;TYPE:Sparse infill
;WIDTH:0.45
G1 F1473.913
G1 X59.277 Y35.179 E.05511
G1 X59.685 Y34.771 E.01952
G1 X58.635 Y34.825 E.03561
G1 X58.063 Y34.894 E.0195
M204 S10000
G1 E-.8 F1800
G1 X60.981 Y35.075 Z3.4 F7200
G1 Z3
G1 E.8 F1800
M204 S500
;TYPE:Internal solid infill
;WIDTH:0.390398
G1 F1726.732
G1 X61.536 Y35.095 E.01605
G1 X62.016 Y35.235 E.01444
G1 X62.365 Y35.633 E.01529
G1 X62.479 Y36.074 E.01315
G1 X62.398 Y37.799 E.0499
;WIDTH:0.40645
G1 F1650.485
G1 X62.358 Y37.984 E.00572
;WIDTH:0.433532
G1 F1536.051
G1 X62.317 Y38.168 E.00615
G1 X62.46 Y38.234 E.0051
;WIDTH:0.385943
G1 F1749.155
G1 X63.019 Y38.356 E.01632
G1 X63.813 Y38.587 E.0236
;WIDTH:0.409061
G1 F1638.713
G1 X63.893 Y38.595 E.00245
;WIDTH:0.432785
G1 F1538.994
G1 X63.974 Y38.604 E.00261
G1 X64.11 Y38.264 E.01186
;WIDTH:0.389225
G1 F1732.58
G1 X64.921 Y36.725 E.05011
G1 X65.259 Y36.389 E.01372
G1 X65.747 Y36.251 E.0146
G1 X66.186 Y36.338 E.01288
G1 X67.221 Y36.938 E.03444
M204 S10000
G1 X68.864 Y37.953 F7200
M204 S500
;WIDTH:0.388051
G1 F1738.472
G1 X69.041 Y38.108 E.00676
G1 X69.103 Y38.29 E.00551
G1 X69.707 Y38.756 E.02192
G1 X70.35 Y39.283 E.02383
G1 X70.984 Y39.866 E.02475
G1 X71.665 Y40.575 E.0282
G1 X71.857 Y40.976 E.01276
G1 X71.846 Y41.483 E.01455
G1 X71.607 Y41.895 E.01367
G1 X70.321 Y43.067 E.04994
;WIDTH:0.409049
G1 F1638.769
G1 X70.174 Y43.176 E.00557
;WIDTH:0.439846
G1 F1511.619
G1 X70.026 Y43.284 E.00604
G1 X70.083 Y43.435 E.00532
;WIDTH:0.38905
G1 F1733.456
G1 X70.504 Y44.134 E.02349
G1 X70.77 Y44.666 E.01712
;WIDTH:0.404908
G1 F1657.516
G1 X70.816 Y44.725 E.00225
;WIDTH:0.422743
G1 F1579.684
G1 X70.863 Y44.784 E.00236
G1 X71.208 Y44.604 E.01228
;WIDTH:0.38862
G1 F1735.612
G1 X72.839 Y44.098 E.04909
G1 X73.304 Y44.091 E.01338
G1 X73.76 Y44.307 E.01449
G1 X74.029 Y44.704 E.01377
G1 X74.229 Y45.41 E.02112
M204 S10000
G1 X74.382 Y46.189 F7200
M204 S500
;TYPE:Sparse infill
;WIDTH:0.45
G1 F1473.913
G1 X74.449 Y46.499 E.01073
G1 X74.639 Y47.796 E.04438
G1 X75.01 Y47.425 E.01779
G1 X75.149 Y48.404 E.03348
G1 X75.196 Y49.041 E.02163
M204 S10000
G1 X75.662 Y49.297 F7200
M204 S500
;TYPE:Internal solid infill
;WIDTH:0.528746
G1 F1235.011
G1 X75.592 Y48.357 E.03808
G1 X75.468 Y47.435 E.0376
G1 X75.282 Y46.508 E.03819
G1 X75.049 Y45.598 E.03794
G1 X74.702 Y44.563 E.04412
G1 X74.418 Y43.839 E.03142
G1 X74.024 Y42.987 E.03789
G1 X73.58 Y42.161 E.03789
G1 X73.087 Y41.363 E.0379
G1 X72.54 Y40.587 E.03835
G1 X71.963 Y39.862 E.03743
G1 X71.335 Y39.165 E.03789
G1 X70.667 Y38.506 E.03789
G1 X69.97 Y37.897 E.03741
G1 X69.219 Y37.315 E.03837
G1 X68.444 Y36.786 E.0379
G1 X67.639 Y36.305 E.03789
G1 X66.809 Y35.874 E.03778
G1 X65.944 Y35.492 E.03819
G1 X65.072 Y35.161 E.0377
G1 X64.175 Y34.884 E.03789
G1 X63.264 Y34.662 E.03789
G1 X62.344 Y34.494 E.03778
G1 X61.405 Y34.384 E.03819
G1 X60.463 Y34.325 E.03814
G1 X59.541 Y34.325 E.03725
G1 X58.599 Y34.381 E.0381
G1 X57.668 Y34.492 E.03789
G1 X56.745 Y34.66 E.0379
G1 X55.834 Y34.882 E.03789
G1 X54.937 Y35.158 E.03789
G1 X54.059 Y35.487 E.03789
G1 X53.198 Y35.871 E.03808
G1 X52.369 Y36.3 E.03771
G1 X51.564 Y36.781 E.03789
G1 X50.788 Y37.309 E.03789
G1 X50.046 Y37.883 E.03789
G1 X49.339 Y38.5 E.0379
G1 X48.671 Y39.158 E.03789
G1 X48.043 Y39.855 E.03789
G1 X47.458 Y40.588 E.03789
G1 X46.918 Y41.355 E.03789
G1 X46.425 Y42.153 E.03789
G1 X45.98 Y42.979 E.03789
G1 X45.628 Y43.738 E.0338
G1 X45.243 Y44.709 E.04219
G1 X44.952 Y45.595 E.03767
G1 X44.723 Y46.476 E.03679
G1 X44.534 Y47.423 E.03899
G1 X44.408 Y48.353 E.0379
M73 P71 R4
G1 X44.352 Y49.096 E.0301
G1 X44.327 Y50.232 E.04591
G1 X44.365 Y51.163 E.03765
G1 X44.463 Y52.096 E.0379
G1 X44.616 Y53.022 E.03789
G1 X44.825 Y53.936 E.0379
G1 X45.088 Y54.837 E.03789
G1 X45.407 Y55.719 E.03789
G1 X45.771 Y56.58 E.03778
G1 X46.197 Y57.424 E.03819
G1 X46.66 Y58.234 E.0377
G1 X47.177 Y59.017 E.03789
G1 X47.742 Y59.766 E.0379
G1 X48.344 Y60.481 E.03777
G1 X48.999 Y61.163 E.03819
G1 X49.681 Y61.8 E.0377
G1 X50.405 Y62.396 E.03789
G1 X51.164 Y62.948 E.0379
G1 X51.955 Y63.453 E.03789
G1 X52.774 Y63.91 E.0379
G1 X53.619 Y64.317 E.03789
G1 X54.487 Y64.673 E.0379
G1 X55.374 Y64.977 E.03789
G1 X56.278 Y65.226 E.03789
G1 X57.196 Y65.422 E.03789
G1 X58.123 Y65.562 E.03789
G1 X59.058 Y65.646 E.03789
G1 X59.995 Y65.674 E.03789
G1 X60.933 Y65.647 E.03789
G1 X61.867 Y65.563 E.0379
G1 X62.795 Y65.423 E.03789
G1 X63.713 Y65.229 E.0379
G1 X64.563 Y64.994 E.03563
G1 X65.504 Y64.677 E.04012
G1 X66.373 Y64.321 E.03792
G1 X67.218 Y63.914 E.03789
G1 X68.037 Y63.458 E.0379
G1 X68.828 Y62.953 E.0379
G1 X69.589 Y62.396 E.03807
G1 X70.312 Y61.806 E.0377
G1 X71 Y61.168 E.03789
G1 X71.648 Y60.49 E.03789
G1 X72.255 Y59.775 E.03789
G1 X72.818 Y59.025 E.0379
G1 X73.333 Y58.244 E.03778
G1 X73.818 Y57.396 E.03947
G1 X74.224 Y56.591 E.03642
G1 X74.593 Y55.728 E.03789
G1 X74.909 Y54.845 E.03789
G1 X75.173 Y53.945 E.03789
G1 X75.382 Y53.031 E.0379
G1 X75.536 Y52.105 E.03789
G1 X75.634 Y51.172 E.0379
G1 X75.676 Y50.235 E.03789
G1 X75.663 Y49.337 E.03628
M204 S10000
G1 X74.918 Y50.325 F7200
M204 S500
;WIDTH:0.388193
G1 F1737.756
G1 X74.911 Y51.577 E.03596
G1 X74.801 Y51.934 E.01071
G1 X74.454 Y52.319 E.01489
G1 X73.981 Y52.473 E.01429
G1 X72.175 Y52.393 E.05189
;WIDTH:0.408676
G1 F1640.44
G1 X72.009 Y52.338 E.00533
;WIDTH:0.437191
G1 F1521.796
G1 X71.843 Y52.283 E.00574
G1 X71.769 Y52.439 E.00565
;WIDTH:0.388408
G1 F1736.675
G1 X71.663 Y52.929 E.01439
G1 X71.478 Y53.598 E.01995
G1 X71.391 Y53.847 E.00756
;WIDTH:0.415923
G1 F1608.566
G1 X71.388 Y53.928 E.00253
;WIDTH:0.464601
G1 F1422.877
G1 X71.385 Y54.01 E.00286
;WIDTH:0.463944
G1 F1425.097
G1 X71.521 Y54.041 E.00488
;WIDTH:0.390758
G1 F1724.944
G1 X71.657 Y54.072 E.00403
G1 X73.247 Y54.903 E.05189
;WIDTH:0.385696
G1 F1750.415
G1 X73.549 Y55.18 E.01168
G1 X73.742 Y55.681 E.01531
G1 X73.665 Y56.168 E.01406
G1 X73.537 Y56.398 E.00751
M204 S10000
G1 X74.204 Y55.492 F7200
M204 S500
;TYPE:Sparse infill
;WIDTH:0.45
G1 F1473.913
G1 X74.487 Y54.703 E.02836
G1 X74.708 Y53.944 E.02676
G1 X73.79 Y54.862 E.04394
G1 X73.454 Y54.586 E.01473
G1 X71.828 Y53.737 E.06208
G1 X71.839 Y53.705 E.00112
G1 X72.748 Y52.795 E.04355
G1 X74.03 Y52.852 E.04342
G1 X74.362 Y52.758 E.01169
M204 S10000
G1 E-.8 F1800
G1 X71.535 Y45.668 Z3.4 F7200
G1 X70.913 Y44.109 Z3.4
G1 Z3
G1 E.8 F1800
M204 S500
G1 F1473.913
G1 X70.999 Y44.281 E.00652
G1 X72.368 Y43.85 E.04857
G1 X73.417 Y42.8 E.05026
G1 X73.191 Y42.38 E.01614
G1 X72.712 Y41.605 E.03085
G1 X72.574 Y41.409 E.00813
M204 S10000
G1 E-.8 F1800
G1 X65.822 Y37.85 Z3.4 F7200
G1 X62.846 Y36.282 Z3.4
G1 Z3
G1 E.8 F1800
M204 S500
G1 F1473.913
G1 X62.766 Y37.908 E.0551
G1 X65.046 Y35.628 E.10916
G1 X64.052 Y35.313 E.03528
G1 X63.483 Y35.174 E.01983
M204 S10000
G1 E-.8 F1800
G1 X55.88 Y35.845 Z3.4 F7200
G1 X54.049 Y36.007 Z3.4
G1 Z3
G1 E.8 F1800
M204 S500
G1 F1473.913
G1 X53.73 Y36.498 E.01984
G1 X53.706 Y37.136 E.02159
G1 X53.825 Y37.522 E.01369
G1 X52.669 Y38.678 E.05532
G1 X52.173 Y38.13 E.02504
G1 X51.995 Y37.995 E.00753
G1 X51.781 Y37.846 E.00885
G1 X51.383 Y37.772 E.0137
M204 S10000
G1 E-.8 F1800
G1 X46.591 Y43.361 Z3.4 F7200
G1 Z3
G1 E.8 F1800
M204 S500
;TYPE:Internal solid infill
;WIDTH:0.385911
G1 F1749.32
G1 X46.364 Y43.77 E.01334
G1 X46.265 Y44.091 E.00959
G1 X46.331 Y44.616 E.01509
G1 X46.676 Y45.046 E.01575
G1 X48.248 Y45.876 E.05067
;WIDTH:0.402585
G1 F1668.221
G1 X48.44 Y45.947 E.00613
;WIDTH:0.419098
G1 F1594.989
G1 X48.632 Y46.018 E.00641
G1 X48.404 Y46.795 E.02534
;WIDTH:0.38896
G1 F1733.904
G1 X48.231 Y47.522 E.02149
;WIDTH:0.401701
G1 F1672.332
G1 X48.193 Y47.589 E.00231
;WIDTH:0.416708
G1 F1605.191
G1 X48.155 Y47.657 E.00241
G1 X47.803 Y47.598 E.01111
;WIDTH:0.389166
G1 F1732.871
G1 X46.095 Y47.518 E.0492
G1 X45.748 Y47.582 E.01017
G1 X45.345 Y47.834 E.01369
G1 X45.124 Y48.305 E.01497
G1 X45.087 Y48.442 E.00409
G1 X45.074 Y49.123 E.0196
G1 X45.086 Y49.6 E.01374
M204 S10000
G1 X45.17 Y50.586 F7200
M204 S500
;TYPE:Sparse infill
;WIDTH:0.45
G1 F1473.913
G1 X45.218 Y51.077 E.01669
G1 X45.362 Y52.203 E.03843
G1 X44.994 Y52.571 E.01763
G1 X44.906 Y52.041 E.01819
G1 X44.802 Y50.955 E.03691
M204 S10000
G1 E-.8 F1800
G1 X45.663 Y54.148 Z3.4 F7200
G1 Z3
G1 E.8 F1800
M204 S500
;TYPE:Internal solid infill
;WIDTH:0.389598
G1 F1730.712
G1 X45.927 Y55.145 E.02973
G1 X46.1 Y55.52 E.01189
G1 X46.491 Y55.847 E.0147
G1 X47.034 Y55.935 E.01584
G1 X48.893 Y55.35 E.05618
;WIDTH:0.405879
G1 F1653.079
G1 X48.968 Y55.309 E.00258
;WIDTH:0.439721
G1 F1512.093
G1 X49.043 Y55.268 E.00283
;WIDTH:0.473563
G1 F1393.265
G1 X49.119 Y55.228 E.00307
;WIDTH:0.472557
G1 F1396.529
G1 X49.309 Y55.543 E.01318
;WIDTH:0.436702
G1 F1523.686
G1 X49.5 Y55.859 E.01208
;WIDTH:0.392948
G1 F1714.151
G1 X49.96 Y56.61 E.02562
;WIDTH:0.410235
G1 F1633.478
G1 X49.981 Y56.676 E.00212
;WIDTH:0.43073
G1 F1547.149
G1 X50.002 Y56.742 E.00223
G1 X49.679 Y56.925 E.01195
;WIDTH:0.388327
G1 F1737.082
G1 X48.432 Y58.06 E.04842
G1 X48.241 Y58.315 E.00916
G1 X48.108 Y58.757 E.01324
G1 X48.248 Y59.249 E.0147
G1 X48.34 Y59.419 E.00555
G1 X48.875 Y59.981 E.02229
G1 X49.04 Y60.054 E.0052
G1 X49.677 Y60.666 E.02536
G1 X50.388 Y61.31 E.02756
G1 X51.561 Y62.218 E.0426
G1 X52.235 Y62.708 E.02393
G1 X52.96 Y63.176 E.02477
G1 X53.748 Y63.622 E.02601
G1 X54.064 Y63.729 E.0096
G1 X54.548 Y63.691 E.01393
G1 X54.957 Y63.43 E.01396
G1 X55.095 Y63.239 E.00675
G1 X55.886 Y61.736 E.04878
;WIDTH:0.408267
G1 F1642.277
G1 X55.936 Y61.553 E.00577
;WIDTH:0.437813
G1 F1519.399
G1 X55.987 Y61.37 E.00623
G1 X56.154 Y61.386 E.00552
;WIDTH:0.385926
G1 F1749.241
G1 X57.402 Y61.739 E.03699
;WIDTH:0.400842
G1 F1676.345
G1 X57.493 Y61.774 E.0029
;WIDTH:0.436685
G1 F1523.751
G1 X57.584 Y61.809 E.00319
;WIDTH:0.472529
G1 F1396.621
G1 X57.674 Y61.844 E.00348
;WIDTH:0.473532
G1 F1393.367
G1 X57.654 Y61.927 E.00306
;WIDTH:0.439695
G1 F1512.192
G1 X57.633 Y62.01 E.00282
;WIDTH:0.391304
G1 F1722.239
G1 X57.613 Y62.093 E.00248
G1 X57.522 Y63.877 E.05175
G1 X57.554 Y64.14 E.00766
G1 X57.738 Y64.544 E.01286
G1 X58.212 Y64.858 E.01647
G1 X58.39 Y64.896 E.00529
G1 X58.959 Y64.916 E.01648
M204 S10000
G1 E-.8 F1800
G1 X57.153 Y63.717 Z3.4 F7200
G1 Z3
G1 E.8 F1800
M204 S500
;TYPE:Sparse infill
;WIDTH:0.45
G1 F1473.913
G1 X57.236 Y62.09 E.05512
G1 X54.962 Y64.364 E.10885
G1 X55.51 Y64.552 E.01961
G1 X56.523 Y64.823 E.0355
M204 S10000
G1 E-.8 F1800
G1 X62.348 Y64.616 Z3.4 F7200
G1 Z3
G1 E.8 F1800
M204 S500
G1 F1473.913
G1 X60.731 Y64.813 E.05511
G1 X60.325 Y65.219 E.01943
G1 X60.911 Y65.201 E.01983
G1 X61.819 Y65.119 E.03085
G1 X62.72 Y64.984 E.03085
G1 X63.611 Y64.794 E.03085
G1 X63.953 Y64.7 E.01199
G1 X64.337 Y64.316 E.01838
G1 X64.318 Y64.268 E.00175
G1 X63.537 Y64.438 E.02704
G1 X62.769 Y64.559 E.02633
M204 S10000
G1 X64.694 Y64.194 F7200
M204 S500
;TYPE:Internal solid infill
;WIDTH:0.388245
G1 F1737.494
G1 X65.304 Y64.021 E.01822
G1 X65.738 Y63.678 E.01587
G1 X65.794 Y63.599 E.00277
G1 X65.933 Y63.113 E.01453
G1 X65.897 Y62.83 E.00818
G1 X65.389 Y61.194 E.04918
;WIDTH:0.407722
G1 F1644.73
G1 X65.314 Y61.019 E.00579
;WIDTH:0.429851
G1 F1550.664
G1 X65.24 Y60.843 E.00614
G1 X65.993 Y60.426 E.02768
;WIDTH:0.388985
G1 F1733.778
G1 X66.573 Y60.065 E.01966
;WIDTH:0.404656
G1 F1658.668
G1 X66.644 Y60.039 E.00227
;WIDTH:0.422935
G1 F1578.888
G1 X66.714 Y60.013 E.00238
G1 X66.929 Y60.317 E.01176
;WIDTH:0.387114
G1 F1743.203
G1 X68.066 Y61.562 E.04827
G1 X68.226 Y61.697 E.006
M73 P72 R4
G1 X68.676 Y61.87 E.01377
G1 X69.198 Y61.799 E.01509
G1 X69.43 Y61.654 E.00784
G1 X70.005 Y61.1 E.02283
M204 S10000
G1 X68.614 Y62.253 F7200
M204 S500
;TYPE:Sparse infill
;WIDTH:0.45
G1 F1473.913
G1 X68.557 Y62.26 E.00193
G1 X67.963 Y61.985 E.02214
G1 X67.335 Y61.317 E.03104
G1 X66.18 Y62.473 E.05531
G1 X66.266 Y62.748 E.00976
G1 X66.317 Y63.158 E.014
G1 X66.108 Y63.854 E.02458
G1 X65.956 Y63.983 E.00677
M204 S10000
G1 E-.8 F1800
G1 X59.073 Y60.684 Z3.4 F7200
G1 X49.097 Y55.903 Z3.4
G1 Z3
G1 E.8 F1800
M204 S500
G1 F1473.913
G1 X48.993 Y55.713 E.00732
G1 X47.646 Y56.137 E.0478
G1 X46.585 Y57.197 E.05075
G1 X47.042 Y58.003 E.03137
G1 X47.429 Y58.589 E.02374
M204 S10000
G1 E-.8 F1800
G1 X45.745 Y51.144 Z3.4 F7200
G1 X44.954 Y47.645 Z3.4
G1 Z3
G1 E.8 F1800
M204 S500
G1 F1473.913
G1 X45.15 Y46.607 E.03577
G1 X45.293 Y46.054 E.01933
G1 X46.232 Y45.116 E.04491
G1 X46.393 Y45.305 E.00842
G1 X46.509 Y45.379 E.00465
G1 X48.186 Y46.259 E.06411
G1 X47.261 Y47.196 E.04457
G1 X46.082 Y47.14 E.03993
G1 X45.672 Y47.193 E.014
G1 X45.642 Y47.211 E.00118
; stop printing object fidget-finger-massager-2000-ring.stl id:15 copy 0
M106 S74
;LAYER_CHANGE
;Z:3.2
;HEIGHT:0.2
G92 E0
;_SET_FAN_SPEED_CHANGING_LAYER
; printing object fidget-finger-massager-2000-ring.stl id:15 copy 0
M204 S10000
G1 E-.8 F1800
G1 X53.261 Y46.762 Z3.6 F7200
G1 X70.874 Y45.723 Z3.6
G1 Z3.2
G1 E.8 F1800
M204 S1500
;TYPE:Inner wall
;WIDTH:0.51929
G1 F1259.525
G1 X70.923 Y45.478 E.00989
;WIDTH:0.484645
G1 F1358.313
G1 X70.972 Y45.233 E.00917
;WIDTH:0.449999
G1 F1473.915
G1 X71.314 Y44.966 E.01468
G1 X72.928 Y44.463 E.05724
G1 X73.18 Y44.442 E.00856
G1 X73.506 Y44.588 E.01207
G1 X73.693 Y44.884 E.01185
G1 X73.921 Y45.701 E.02871
G1 X74.101 Y46.522 E.02846
G1 X74.233 Y47.351 E.02844
G1 X74.481 Y49.386 E.06938
G1 X74.539 Y50.254 E.02944
G1 X74.545 Y51.126 E.02953
G1 X74.515 Y51.656 E.01796
G1 X74.483 Y51.744 E.00316
G1 X74.228 Y52.02 E.01274
G1 X73.899 Y52.098 E.01143
G1 X72.215 Y52.018 E.05706
;WIDTH:0.450161
G1 X71.746 Y51.762 E.01808
;WIDTH:0.489099
G1 F1344.753
G1 X71.671 Y51.602 E.00658
;WIDTH:0.528036
G1 F1236.818
G1 X71.595 Y51.442 E.00715
G1 X71.461 Y52.074 E.02607
;WIDTH:0.489018
G1 F1344.998
G1 X71.327 Y52.706 E.02397
;WIDTH:0.449999
G1 F1473.915
G1 X71.128 Y53.449 E.02603
;WIDTH:0.452544
G1 F1464.758
G1 X70.827 Y54.309 E.03105
;WIDTH:0.48702
G1 F1351.047
G1 X70.768 Y54.486 E.00687
;WIDTH:0.521496
G1 F1253.719
G1 X70.71 Y54.663 E.00741
G1 X70.845 Y54.552 E.00697
;WIDTH:0.48702
G1 F1351.047
G1 X70.981 Y54.442 E.00647
;WIDTH:0.452544
G1 F1464.758
G1 X71.503 Y54.411 E.01781
;WIDTH:0.449999
G1 F1473.915
G1 X73.049 Y55.223 E.05911
G1 X73.223 Y55.359 E.00746
G1 X73.369 Y55.672 E.0117
G1 X73.297 Y56.063 E.01345
G1 X72.881 Y56.802 E.02871
G1 X72.428 Y57.51 E.02846
G1 X71.934 Y58.19 E.02844
G1 X71.294 Y59.018 E.03541
G1 X70.399 Y60.134 E.04841
G1 X69.853 Y60.725 E.02726
G1 X69.217 Y61.339 E.02991
G1 X69.054 Y61.452 E.00673
G1 X68.671 Y61.498 E.01304
G1 X68.342 Y61.311 E.01282
G1 X67.208 Y60.063 E.05706
G1 X67.064 Y59.79 E.01046
;WIDTH:0.485345
G1 F1356.164
G1 X67.128 Y59.498 E.01098
;WIDTH:0.52069
G1 F1255.834
G1 X67.192 Y59.207 E.01186
G1 X66.887 Y59.409 E.01452
;WIDTH:0.485345
G1 F1356.164
G1 X66.583 Y59.612 E.01345
;WIDTH:0.449999
G1 F1473.915
G1 X66.107 Y59.913 E.01908
G1 X65.451 Y60.288 E.02555
;WIDTH:0.485849
G1 F1354.62
G1 X64.886 Y60.572 E.0233
;WIDTH:0.521698
G1 F1253.19
G1 X64.321 Y60.857 E.02519
G1 X64.618 Y60.977 E.01274
;WIDTH:0.485849
G1 F1354.62
G1 X64.914 Y61.098 E.01178
;WIDTH:0.449999
G1 F1473.915
G1 X65.03 Y61.31 E.00818
G1 X65.532 Y62.924 E.05722
G1 X65.559 Y63.101 E.00607
G1 X65.467 Y63.423 E.01133
G1 X65.113 Y63.689 E.015
G1 X64.294 Y63.918 E.02878
G1 X63.474 Y64.097 E.02839
G1 X62.645 Y64.229 E.02844
G1 X61.039 Y64.435 E.0548
G1 X60.22 Y64.515 E.02784
G1 X59.38 Y64.55 E.02846
G1 X58.497 Y64.535 E.02991
G1 X58.352 Y64.515 E.00495
G1 X58.024 Y64.297 E.01331
G1 X57.894 Y63.987 E.0114
G1 X57.995 Y62.092 E.06421
;WIDTH:0.486278
G1 F1353.308
G1 X58.351 Y61.658 E.02068
;WIDTH:0.528004
G1 F1236.899
G1 X58.542 Y61.593 E.00818
G1 X58.041 Y61.49 E.02066
;WIDTH:0.489002
G1 F1345.046
G1 X57.539 Y61.387 E.019
;WIDTH:0.449999
G1 F1473.915
G1 X56.925 Y61.23 E.02145
G1 X55.888 Y60.9 E.03684
;WIDTH:0.491369
G1 F1337.946
G1 X55.632 Y60.812 E.01009
;WIDTH:0.532738
G1 F1224.945
G1 X55.376 Y60.725 E.01103
G1 X55.495 Y60.934 E.00981
;WIDTH:0.491369
G1 F1337.946
G1 X55.614 Y61.143 E.00898
;WIDTH:0.449999
G1 F1473.915
G1 X55.524 Y61.616 E.0163
G1 X54.771 Y63.049 E.05479
G1 X54.689 Y63.167 E.00488
G1 X54.417 Y63.343 E.01094
G1 X54.017 Y63.333 E.01355
G1 X53.309 Y62.942 E.02739
G1 X52.57 Y62.478 E.02952
G1 X51.863 Y61.972 E.02943
G1 X50.525 Y60.94 E.0572
G1 X49.889 Y60.419 E.02784
G1 X49.271 Y59.849 E.02846
G1 X48.657 Y59.214 E.02991
G1 X48.597 Y59.142 E.00315
G1 X48.487 Y58.757 E.01355
G1 X48.6 Y58.416 E.01219
G1 X49.933 Y57.204 E.06096
G1 X50.36 Y57.045 E.01543
;WIDTH:0.485513
G1 F1355.649
G1 X50.584 Y57.126 E.00878
;WIDTH:0.521026
G1 F1254.952
G1 X50.809 Y57.207 E.00948
G1 X50.658 Y56.981 E.01078
;WIDTH:0.485513
G1 F1355.649
G1 X50.508 Y56.756 E.00998
;WIDTH:0.449999
G1 F1473.915
G1 X50.074 Y56.096 E.02674
G1 X49.698 Y55.432 E.02582
;WIDTH:0.486103
G1 F1353.843
G1 X49.237 Y54.51 E.03798
;WIDTH:0.527632
G1 F1237.848
G1 X49.143 Y54.324 E.00839
G1 X49.128 Y54.527 E.00817
;WIDTH:0.486103
G1 F1353.843
G1 X48.797 Y54.979 E.02067
;WIDTH:0.449999
G1 F1473.915
G1 X48.286 Y55.151 E.01825
G1 X46.965 Y55.551 E.04675
G1 X46.656 Y55.506 E.01056
G1 X46.363 Y55.244 E.01331
G1 X46.152 Y54.534 E.02508
G1 X45.945 Y53.68 E.02973
G1 X45.796 Y52.824 E.02943
G1 X45.562 Y51.035 E.06106
G1 X45.481 Y50.216 E.02784
G1 X45.451 Y49.288 E.03144
G1 X45.461 Y48.493 E.02691
G1 X45.63 Y48.083 E.015
G1 X45.962 Y47.888 E.01303
G1 X47.359 Y47.954 E.04737
G1 X47.978 Y48.015 E.02103
;WIDTH:0.485851
G1 F1354.614
G1 X48.189 Y48.281 E.01251
;WIDTH:0.521702
G1 F1253.18
G1 X48.401 Y48.546 E.01352
G1 X48.484 Y48.146 E.01626
;WIDTH:0.485851
G1 F1354.614
G1 X48.566 Y47.746 E.01504
;WIDTH:0.449999
G1 F1473.915
G1 X48.764 Y46.908 E.02916
G1 X49.071 Y45.963 E.03365
;WIDTH:0.485341
G1 F1356.176
G1 X49.174 Y45.658 E.01183
;WIDTH:0.520682
G1 F1255.855
G1 X49.276 Y45.353 E.01278
G1 X49.054 Y45.484 E.01024
;WIDTH:0.485341
G1 F1356.176
G1 X48.832 Y45.614 E.00948
;WIDTH:0.449999
G1 F1473.915
G1 X48.443 Y45.553 E.01333
G1 X46.947 Y44.767 E.05722
G1 X46.687 Y44.498 E.01268
G1 X46.645 Y44.072 E.01449
G1 X46.942 Y43.504 E.02167
G1 X47.395 Y42.759 E.02953
G1 X47.89 Y42.044 E.02943
G1 X49.056 Y40.521 E.06492
G1 X49.546 Y39.923 E.02617
G1 X50.135 Y39.291 E.02924
G1 X50.761 Y38.673 E.02978
G1 X50.833 Y38.61 E.00325
G1 X51.143 Y38.485 E.01131
G1 X51.483 Y38.548 E.0117
G1 X51.658 Y38.682 E.00746
G1 X52.792 Y39.929 E.05706
G1 X52.95 Y40.384 E.01629
;WIDTH:0.48818
G1 F1347.529
G1 X52.87 Y40.595 E.00837
;WIDTH:0.52636
G1 F1241.105
G1 X52.791 Y40.807 E.00908
G1 X53.284 Y40.475 E.02388
;WIDTH:0.48818
G1 F1347.529
G1 X53.777 Y40.144 E.02199
;WIDTH:0.449999
G1 F1473.915
G1 X54.22 Y39.885 E.01738
G1 X55.296 Y39.335 E.0409
;WIDTH:0.489017
G1 F1345
G1 X55.49 Y39.236 E.00807
;WIDTH:0.528034
G1 F1236.823
G1 X55.684 Y39.138 E.00878
G1 X55.489 Y39.096 E.00804
;WIDTH:0.489017
G1 F1345
G1 X55.294 Y39.054 E.00739
;WIDTH:0.449999
G1 F1473.915
G1 X54.97 Y38.683 E.0167
G1 X54.467 Y37.068 E.05723
G1 X54.462 Y36.735 E.01127
G1 X54.665 Y36.419 E.01274
G1 X54.887 Y36.303 E.00848
G1 X55.704 Y36.075 E.02871
G1 X56.526 Y35.895 E.02846
G1 X57.355 Y35.763 E.02844
G1 X58.732 Y35.587 E.04698
G1 X59.611 Y35.499 E.02989
G1 X60.486 Y35.448 E.02968
G1 X61.565 Y35.462 E.03652
G1 X61.837 Y35.564 E.00983
G1 X62.059 Y35.842 E.01207
G1 X62.102 Y36.097 E.00874
G1 X62.022 Y37.781 E.05706
G1 X61.887 Y38.136 E.01287
;WIDTH:0.487101
G1 F1350.802
G1 X61.66 Y38.268 E.00968
;WIDTH:0.524202
G1 F1246.67
G1 X61.433 Y38.399 E.01049
G1 X61.736 Y38.461 E.01236
;WIDTH:0.487101
G1 F1350.802
G1 X62.039 Y38.523 E.0114
;WIDTH:0.449999
G1 F1473.915
G1 X62.698 Y38.671 E.02288
G1 X63.431 Y38.866 E.02567
;WIDTH:0.487561
G1 F1349.403
G1 X63.978 Y39.042 E.02124
;WIDTH:0.525123
G1 F1244.289
G1 X64.525 Y39.217 E.02304
;WIDTH:0.535662
G1 F1217.676
G1 X64.572 Y39.231 E.00198
G1 X64.478 Y38.919 E.01332
;WIDTH:0.492831
G1 F1333.599
G1 X64.384 Y38.608 E.01216
;WIDTH:0.449999
G1 F1473.915
G1 X64.63 Y38.084 E.0196
G1 X65.229 Y36.942 E.04365
G1 X65.425 Y36.725 E.00989
G1 X65.777 Y36.62 E.01241
G1 X66.067 Y36.699 E.01019
G1 X66.806 Y37.115 E.02871
G1 X67.514 Y37.568 E.02846
G1 X68.194 Y38.062 E.02844
G1 X69.202 Y38.841 E.04313
G1 X69.896 Y39.398 E.03012
G1 X70.547 Y39.975 E.02945
G1 X71.164 Y40.593 E.02954
G1 X71.44 Y40.91 E.01424
G1 X71.492 Y41.04 E.00475
G1 X71.479 Y41.407 E.01241
G1 X71.314 Y41.654 E.01006
G1 X70.067 Y42.789 E.05706
G1 X69.919 Y42.888 E.00605
;WIDTH:0.478806
G1 F1376.507
G1 X69.618 Y42.883 E.01092
;WIDTH:0.507613
G1 F1291.175
G1 X69.316 Y42.878 E.01164
;WIDTH:0.525846
G1 F1242.426
G1 X69.235 Y42.83 E.00378
G1 X69.486 Y43.211 E.01829
;WIDTH:0.487923
G1 F1348.307
G1 X69.736 Y43.592 E.01686
;WIDTH:0.449999
G1 F1473.915
G1 X70.127 Y44.237 E.02552
G1 X70.624 Y45.219 E.03727
;WIDTH:0.484645
G1 F1358.313
G1 X70.749 Y45.471 E.01032
;WIDTH:0.51929
G1 F1259.525
G1 X70.856 Y45.687 E.00955
M204 S10000
G1 E-.8 F1800
G1 X63.268 Y46.507 Z3.6 F7200
G1 X45.94 Y48.379 Z3.6
G1 Z3.2
G1 E.8 F1800
M204 S500
;TYPE:Outer wall
;WIDTH:0.449999
G1 F1473.915
G1 X46.081 Y48.322 E.00512
G1 X47.765 Y48.402 E.05706
G1 X47.834 Y48.42 E.00244
G1 X47.938 Y48.587 E.00667
G1 X47.924 Y49.332 E.02521
G1 X47.952 Y50.028 E.02358
G1 X48.021 Y50.725 E.02369
G1 X48.223 Y52.304 E.0539
G1 X48.358 Y53.119 E.02797
G1 X48.48 Y53.677 E.01932
G1 X48.68 Y54.394 E.02521
G1 X48.686 Y54.467 E.00248
G1 X48.559 Y54.617 E.00663
G1 X46.948 Y55.119 E.05712
G1 X46.824 Y55.112 E.00421
G1 X46.719 Y54.992 E.00539
G1 X46.461 Y54.035 E.03356
G1 X46.318 Y53.379 E.0227
G1 X46.219 Y52.757 E.02133
M73 P73 R4
G1 X45.987 Y50.981 E.06064
G1 X45.907 Y50.174 E.02742
G1 X45.879 Y49.275 E.03047
G1 X45.89 Y48.501 E.02619
G1 X45.925 Y48.416 E.00312
M204 S10000
G1 E-.8 F1800
G1 X53.557 Y48.439 Z3.6 F7200
G1 X71.123 Y48.494 Z3.6
G1 Z3.2
G1 E.8 F1800
M204 S500
G1 F1473.915
G1 X71.203 Y49.289 E.02703
G1 X71.221 Y50.003 E.0242
G1 X71.199 Y50.644 E.02169
G1 X71.137 Y51.34 E.02365
G1 X70.907 Y52.618 E.04396
G1 X70.715 Y53.335 E.0251
G1 X70.422 Y54.164 E.02979
G1 X70.086 Y54.923 E.02808
G1 X69.695 Y55.654 E.02808
G1 X69.318 Y56.248 E.02379
G1 X68.756 Y57.02 E.03236
G1 X68.383 Y57.451 E.01928
G1 X67.935 Y57.92 E.02194
G1 X67.527 Y58.318 E.01928
G1 X66.996 Y58.774 E.02371
G1 X66.329 Y59.267 E.02808
G1 X65.879 Y59.55 E.018
G1 X65.251 Y59.909 E.02448
G1 X64.135 Y60.432 E.04171
G1 X63.547 Y60.64 E.0211
G1 X62.812 Y60.856 E.02594
G1 X62.179 Y61 E.02198
G1 X60.914 Y61.184 E.04324
G1 X60.086 Y61.221 E.02809
G1 X59.472 Y61.197 E.02078
G1 X58.642 Y61.133 E.02818
G1 X57.615 Y60.965 E.03523
G1 X57.032 Y60.815 E.02038
G1 X56.025 Y60.494 E.03577
G1 X54.883 Y59.979 E.0424
G1 X54.321 Y59.672 E.02168
G1 X53.814 Y59.362 E.02011
G1 X53.139 Y58.88 E.02809
G1 X52.544 Y58.375 E.0264
G1 X52.064 Y57.927 E.02222
G1 X51.626 Y57.46 E.02168
G1 X51.177 Y56.925 E.02364
G1 X50.848 Y56.495 E.01832
G1 X50.432 Y55.861 E.02566
G1 X50.073 Y55.224 E.02475
G1 X49.643 Y54.323 E.0338
G1 X49.351 Y53.546 E.02808
G1 X49.169 Y52.924 E.02197
G1 X48.993 Y52.165 E.02635
G1 X48.831 Y51.117 E.0359
G1 X48.779 Y50.289 E.02809
G1 X48.799 Y49.337 E.03225
G1 X48.858 Y48.635 E.02383
G1 X48.989 Y47.814 E.02814
G1 X49.18 Y47.007 E.02809
G1 X49.479 Y46.096 E.03243
G1 X49.707 Y45.525 E.02081
G1 X50.019 Y44.871 E.02454
G1 X50.33 Y44.311 E.02166
G1 X50.676 Y43.758 E.02208
G1 X50.991 Y43.3 E.01882
G1 X51.51 Y42.653 E.02808
G1 X52.071 Y42.051 E.02784
G1 X52.541 Y41.615 E.02171
G1 X53.078 Y41.175 E.02351
G1 X54.018 Y40.498 E.03921
G1 X54.736 Y40.082 E.02808
G1 X55.482 Y39.72 E.02808
G1 X56.254 Y39.415 E.02808
G1 X57.045 Y39.167 E.02808
G1 X57.837 Y38.982 E.02751
G1 X58.673 Y38.85 E.02865
G1 X59.344 Y38.802 E.02277
G1 X60 Y38.778 E.02221
G1 X60.64 Y38.796 E.02167
G1 X61.157 Y38.831 E.01755
G1 X61.978 Y38.947 E.02809
G1 X62.602 Y39.089 E.02166
G1 X63.309 Y39.277 E.02475
G1 X64.36 Y39.653 E.03778
G1 X65.112 Y40.003 E.02808
G1 X65.693 Y40.328 E.02252
G1 X66.243 Y40.677 E.02207
G1 X67.185 Y41.372 E.03962
G1 X67.802 Y41.926 E.02808
G1 X68.377 Y42.524 E.02808
G1 X68.836 Y43.079 E.02437
G1 X69.386 Y43.84 E.03178
G1 X69.76 Y44.458 E.02445
G1 X70.24 Y45.409 E.03605
G1 X70.446 Y45.901 E.01806
G1 X70.679 Y46.559 E.02364
G1 X70.827 Y47.054 E.01748
G1 X70.976 Y47.646 E.02067
G1 X71.118 Y48.454 E.02777
M204 S10000
G1 E-.8 F1800
G1 X63.744 Y50.424 Z3.6 F7200
G1 X49.143 Y54.324 Z3.6
G1 Z3.2
G1 E.8 F1800
M204 S1500
;TYPE:Inner wall
;WIDTH:0.527632
G1 F1237.848
G1 X49.127 Y54.27 E.0023
;WIDTH:0.520232
G1 F1257.039
G1 X49.015 Y53.921 E.01454
;WIDTH:0.492982
G1 F1333.15
G1 X48.904 Y53.572 E.01371
;WIDTH:0.465732
G1 F1419.07
G1 X48.811 Y53.197 E.01358
;WIDTH:0.434038
G1 F1534.064
G1 X48.719 Y52.822 E.01256
;WIDTH:0.402344
G1 F1669.338
G1 X48.565 Y51.978 E.02564
;WIDTH:0.377336
G1 F1794.172
G1 X48.41 Y50.681 E.03632
;WIDTH:0.425998
G1 F1566.261
G1 X48.368 Y49.999 E.02174
;WIDTH:0.468602
G1 F1409.503
G1 X48.363 Y49.282 E.02538
;WIDTH:0.495152
G1 F1326.753
G1 X48.382 Y48.914 E.01386
;WIDTH:0.521702
G1 F1253.18
G1 X48.401 Y48.546 E.01467
M204 S10000
G1 E-.8 F1800
G1 X48.784 Y56.169 Z3.6 F7200
G1 X48.915 Y58.78 Z3.6
G1 Z3.2
G1 E.8 F1800
M204 S500
;TYPE:Outer wall
;WIDTH:0.449999
G1 F1473.915
G1 X48.974 Y58.655 E.00468
G1 X50.221 Y57.521 E.05706
G1 X50.348 Y57.474 E.0046
G1 X50.475 Y57.529 E.00467
G1 X50.992 Y58.065 E.02521
G1 X51.503 Y58.538 E.02358
G1 X52.044 Y58.982 E.02369
G1 X53.305 Y59.957 E.05394
G1 X53.871 Y60.368 E.02369
G1 X54.457 Y60.745 E.02358
G1 X55.106 Y61.11 E.02521
G1 X55.195 Y61.231 E.00508
G1 X55.144 Y61.417 E.0065
G1 X54.393 Y62.847 E.05469
G1 X54.288 Y62.935 E.00464
G1 X54.194 Y62.939 E.00319
G1 X53.519 Y62.569 E.02605
G1 X52.802 Y62.118 E.02868
G1 X52.116 Y61.626 E.02858
G1 X50.787 Y60.601 E.05678
G1 X50.161 Y60.087 E.02741
G1 X49.562 Y59.534 E.02761
G1 X48.965 Y58.916 E.02907
G1 X48.929 Y58.818 E.00356
M204 S10000
G1 E-.8 F1800
G1 X56.158 Y61.264 Z3.6 F7200
G1 X58.532 Y62.067 Z3.6
G1 Z3.2
G1 E.8 F1800
M204 S500
G1 F1473.915
G1 X60.02 Y62.045 E.05038
G1 X60.723 Y61.976 E.02391
G1 X61.817 Y61.836 E.03734
G1 X62.999 Y61.665 E.04043
G1 X63.802 Y61.482 E.02786
G1 X64.399 Y61.316 E.02097
G1 X64.606 Y61.388 E.00743
G1 X65.122 Y63.047 E.05879
G1 X65.103 Y63.197 E.00512
G1 X64.997 Y63.276 E.00447
G1 X64.18 Y63.505 E.02873
G1 X63.383 Y63.679 E.0276
G1 X62.578 Y63.806 E.02759
G1 X60.984 Y64.009 E.05438
G1 X60.178 Y64.089 E.02742
G1 X59.363 Y64.122 E.02761
G1 X58.505 Y64.106 E.02907
G1 X58.364 Y64.035 E.00534
G1 X58.326 Y63.916 E.00425
G1 X58.406 Y62.232 E.05705
G1 X58.507 Y62.099 E.00566
M204 S10000
G1 E-.8 F1800
G1 X64.321 Y60.857 Z3.6 F7200
G1 Z3.2
G1 E.8 F1800
M204 S1500
;TYPE:Inner wall
;WIDTH:0.521698
G1 F1253.19
G1 X64.274 Y60.872 E.00197
;WIDTH:0.514706
G1 F1271.763
G1 X63.863 Y60.998 E.01687
;WIDTH:0.480495
G1 F1371.193
G1 X63.452 Y61.124 E.01565
;WIDTH:0.446284
G1 F1487.49
G1 X63.034 Y61.223 E.01441
;WIDTH:0.418349
G1 F1598.172
G1 X62.615 Y61.322 E.01342
;WIDTH:0.390414
G1 F1726.649
G1 X61.769 Y61.462 E.02478
;WIDTH:0.3761
G1 F1800.828
G1 X60.684 Y61.586 E.03025
;WIDTH:0.419326
G1 F1594.023
G1 X60.003 Y61.632 E.02136
;WIDTH:0.447688
G1 F1482.331
G1 X59.537 Y61.627 E.01569
;WIDTH:0.47605
G1 F1385.265
G1 X59.071 Y61.622 E.01679
;WIDTH:0.502027
G1 F1306.885
G1 X58.807 Y61.607 E.0101
;WIDTH:0.528004
G1 F1236.899
G1 X58.542 Y61.593 E.01067
M204 S10000
G1 E-.8 F1800
G1 X66.008 Y60.007 Z3.6 F7200
G1 X67.482 Y59.694 Z3.6
G1 Z3.2
G1 E.8 F1800
M204 S500
;TYPE:Outer wall
;WIDTH:0.449999
G1 F1473.915
G1 X67.533 Y59.522 E.00607
G1 X68.069 Y59.005 E.02521
G1 X68.542 Y58.493 E.02358
G1 X68.986 Y57.952 E.02369
G1 X69.96 Y56.691 E.05394
G1 X70.372 Y56.126 E.02366
G1 X70.81 Y55.43 E.02786
G1 X71.114 Y54.89 E.02096
G1 X71.186 Y54.82 E.00341
G1 X71.357 Y54.819 E.0058
G1 X72.851 Y55.603 E.05711
G1 X72.945 Y55.737 E.00552
G1 X72.909 Y55.879 E.00497
G1 X72.508 Y56.592 E.02771
G1 X72.067 Y57.279 E.02761
G1 X71.588 Y57.938 E.02759
G1 X70.955 Y58.756 E.03499
G1 X70.084 Y59.843 E.04715
G1 X69.538 Y60.435 E.02726
G1 X68.92 Y61.031 E.02907
G1 X68.757 Y61.078 E.00574
G1 X68.659 Y61.022 E.00382
G1 X67.525 Y59.775 E.05706
G1 X67.5 Y59.729 E.00176
M204 S10000
G1 E-.8 F1800
G1 X70.71 Y54.663 Z3.6 F7200
G1 Z3.2
G1 E.8 F1800
M204 S1500
;TYPE:Inner wall
;WIDTH:0.521496
G1 F1253.719
G1 X70.571 Y54.934 E.01211
;WIDTH:0.496138
G1 F1323.866
G1 X70.433 Y55.205 E.01147
;WIDTH:0.47078
G1 F1402.328
G1 X70.232 Y55.55 E.01421
;WIDTH:0.443904
G1 F1496.319
G1 X70.03 Y55.895 E.01332
;WIDTH:0.417028
G1 F1603.815
G1 X69.79 Y56.245 E.0132
;WIDTH:0.388488
G1 F1736.272
G1 X69.55 Y56.595 E.01219
;WIDTH:0.359948
G1 F1892.577
G1 X69.032 Y57.277 E.0226
;WIDTH:0.376466
G1 F1798.852
G1 X68.679 Y57.708 E.01543
;WIDTH:0.402147
G1 F1670.253
G1 X68.453 Y57.963 E.01019
;WIDTH:0.427828
G1 F1558.814
G1 X68.227 Y58.219 E.01092
;WIDTH:0.4681
G1 F1411.167
G1 X67.756 Y58.698 E.02376
;WIDTH:0.494395
G1 F1328.977
G1 X67.474 Y58.953 E.01426
;WIDTH:0.52069
G1 F1255.834
G1 X67.192 Y59.207 E.01509
M204 S10000
G1 E-.8 F1800
G1 X62.205 Y53.429 Z3.6 F7200
G1 X49.112 Y38.261 Z3.6
G1 Z3.2
G1 E.8 F1800
M204 S1500
;WIDTH:0.449999
G1 F1473.915
G1 X49.833 Y37.631 E.03242
G1 X50.591 Y37.045 E.03242
M73 P74 R4
G1 X51.382 Y36.506 E.03242
G1 X52.204 Y36.015 E.03242
G1 X53.054 Y35.573 E.03242
G1 X53.929 Y35.184 E.03242
G1 X54.826 Y34.847 E.03242
G1 X55.741 Y34.565 E.03242
G1 X56.269 Y34.436 E.0184
G1 X57.14 Y34.253 E.03011
G1 X57.637 Y34.164 E.0171
G1 X58.871 Y34.034 E.04199
G1 X59.929 Y33.995 E.03585
G1 X60.711 Y34.009 E.02648
G1 X61.73 Y34.088 E.03459
G1 X62.409 Y34.171 E.02314
G1 X63.361 Y34.346 E.03277
G1 X64.305 Y34.579 E.03293
G1 X65.204 Y34.858 E.03185
G1 X66.091 Y35.193 E.0321
G1 X66.964 Y35.583 E.03238
G1 X67.815 Y36.026 E.03244
G1 X68.637 Y36.518 E.03244
G1 X69.428 Y37.059 E.03244
G1 X70.474 Y37.9 E.04543
G1 X71.158 Y38.527 E.03141
G1 X71.803 Y39.191 E.03134
G1 X72.462 Y39.96 E.03427
G1 X72.822 Y40.412 E.01956
G1 X73.377 Y41.204 E.03273
G1 X73.913 Y42.083 E.03484
G1 X74.331 Y42.866 E.03005
G1 X74.728 Y43.726 E.03207
G1 X75.076 Y44.616 E.03235
G1 X75.371 Y45.528 E.03244
G1 X75.611 Y46.456 E.03244
G1 X75.795 Y47.397 E.03244
G1 X75.922 Y48.346 E.03242
G1 X75.992 Y49.301 E.0324
G1 X76.006 Y50.236 E.03165
G1 X75.963 Y51.192 E.03242
G1 X75.863 Y52.145 E.03242
G1 X75.706 Y53.09 E.03242
G1 X75.493 Y54.024 E.03242
G1 X75.225 Y54.943 E.03242
G1 X74.902 Y55.845 E.03242
G1 X74.525 Y56.725 E.03242
G1 X74.097 Y57.582 E.03242
G1 X73.618 Y58.411 E.03242
G1 X73.09 Y59.211 E.03242
G1 X72.516 Y59.977 E.03242
G1 X71.896 Y60.708 E.03242
G1 X71.235 Y61.4 E.03242
G1 X70.532 Y62.052 E.03242
G1 X69.793 Y62.66 E.03242
G1 X69.018 Y63.223 E.03242
G1 X68.211 Y63.738 E.03242
G1 X67.374 Y64.205 E.03242
G1 X66.511 Y64.62 E.03242
G1 X65.625 Y64.984 E.03242
G1 X64.719 Y65.293 E.03242
G1 X63.795 Y65.548 E.03242
G1 X62.858 Y65.747 E.03242
G1 X61.911 Y65.89 E.03242
G1 X60.957 Y65.976 E.03242
G1 X60 Y66.004 E.03242
G1 X59.043 Y65.976 E.03242
G1 X58.089 Y65.89 E.03242
G1 X57.142 Y65.747 E.03242
G1 X56.205 Y65.548 E.03242
G1 X55.281 Y65.293 E.03242
G1 X54.375 Y64.984 E.03242
G1 X53.489 Y64.62 E.03242
G1 X52.626 Y64.205 E.03242
G1 X51.789 Y63.738 E.03242
G1 X50.982 Y63.223 E.03242
G1 X50.207 Y62.66 E.03242
G1 X49.468 Y62.052 E.03242
G1 X48.765 Y61.4 E.03242
G1 X48.104 Y60.708 E.03242
G1 X47.484 Y59.977 E.03242
G1 X46.91 Y59.211 E.03242
G1 X46.382 Y58.411 E.03242
G1 X45.903 Y57.582 E.03242
G1 X45.475 Y56.725 E.03242
G1 X45.098 Y55.845 E.03242
G1 X44.775 Y54.943 E.03242
G1 X44.507 Y54.024 E.03242
G1 X44.294 Y53.09 E.03242
G1 X44.137 Y52.145 E.03242
G1 X44.037 Y51.192 E.03242
G1 X43.994 Y50.236 E.03242
G1 X44.008 Y49.278 E.03242
G1 X44.079 Y48.323 E.03242
G1 X44.208 Y47.374 E.03242
G1 X44.393 Y46.434 E.03242
G1 X44.634 Y45.507 E.03242
G1 X44.93 Y44.596 E.03242
G1 X45.28 Y43.705 E.03242
G1 X45.683 Y42.836 E.03242
G1 X46.136 Y41.992 E.03242
G1 X46.64 Y41.177 E.03242
G1 X47.191 Y40.394 E.03242
G1 X47.788 Y39.645 E.03242
G1 X48.429 Y38.934 E.03242
G1 X49.083 Y38.289 E.03107
M204 S500
G1 X48.825 Y37.943 F7200
;TYPE:Outer wall
G1 F1473.915
G1 X49.561 Y37.3 E.03306
G1 X50.339 Y36.698 E.03329
G1 X51.151 Y36.144 E.03329
G1 X51.995 Y35.64 E.03329
G1 X52.868 Y35.187 E.03329
G1 X53.767 Y34.787 E.03329
G1 X54.687 Y34.441 E.03329
G1 X55.627 Y34.152 E.03329
G1 X56.583 Y33.918 E.03329
G1 X57.55 Y33.743 E.03329
G1 X58.527 Y33.625 E.03329
G1 X59.508 Y33.567 E.03329
G1 X60.492 Y33.567 E.03329
G1 X61.473 Y33.625 E.03329
G1 X62.45 Y33.743 E.03329
G1 X63.417 Y33.918 E.03329
G1 X64.373 Y34.152 E.03329
G1 X65.313 Y34.441 E.03329
G1 X66.233 Y34.787 E.03329
G1 X67.132 Y35.187 E.03329
G1 X68.005 Y35.64 E.03329
G1 X68.849 Y36.144 E.03329
G1 X69.661 Y36.698 E.03329
G1 X70.439 Y37.3 E.03329
G1 X71.18 Y37.947 E.03329
G1 X71.881 Y38.637 E.03329
G1 X72.539 Y39.368 E.03329
G1 X73.152 Y40.137 E.03329
G1 X73.718 Y40.941 E.03329
G1 X74.235 Y41.778 E.03329
G1 X74.701 Y42.644 E.03329
G1 X75.114 Y43.536 E.03329
G1 X75.474 Y44.452 E.03329
G1 X75.777 Y45.387 E.03329
G1 X76.025 Y46.339 E.03329
G1 X76.215 Y47.304 E.03329
G1 X76.342 Y48.242 E.03207
G1 X76.421 Y49.294 E.0357
G1 X76.435 Y50.242 E.03209
G1 X76.391 Y51.224 E.03329
G1 X76.288 Y52.203 E.03329
G1 X76.127 Y53.173 E.03329
G1 X75.908 Y54.132 E.03329
G1 X75.632 Y55.075 E.03329
G1 X75.301 Y56.001 E.03329
G1 X74.914 Y56.906 E.03329
G1 X74.474 Y57.785 E.03329
G1 X73.983 Y58.637 E.03329
G1 X73.441 Y59.458 E.03329
G1 X72.851 Y60.244 E.03329
G1 X72.215 Y60.995 E.03329
G1 X71.535 Y61.705 E.03329
G1 X70.814 Y62.374 E.03329
G1 X70.055 Y62.999 E.03329
G1 X69.259 Y63.577 E.03329
G1 X68.431 Y64.106 E.03329
G1 X67.572 Y64.585 E.03329
G1 X66.686 Y65.012 E.03329
G1 X65.776 Y65.385 E.03329
G1 X64.845 Y65.703 E.03329
G1 X63.897 Y65.965 E.03329
G1 X62.935 Y66.169 E.03329
G1 X61.962 Y66.316 E.03329
G1 X60.983 Y66.404 E.03329
G1 X60 Y66.433 E.03329
G1 X59.017 Y66.404 E.03329
G1 X58.038 Y66.316 E.03329
G1 X57.065 Y66.169 E.03329
G1 X56.103 Y65.965 E.03329
G1 X55.155 Y65.703 E.03329
G1 X54.224 Y65.385 E.03329
G1 X53.315 Y65.012 E.03329
G1 X52.428 Y64.585 E.03329
G1 X51.569 Y64.106 E.03329
G1 X50.741 Y63.577 E.03329
G1 X49.945 Y62.999 E.03329
G1 X49.186 Y62.374 E.03329
G1 X48.465 Y61.705 E.03329
G1 X47.785 Y60.995 E.03329
G1 X47.149 Y60.244 E.03329
G1 X46.559 Y59.458 E.03329
G1 X46.017 Y58.637 E.03329
G1 X45.526 Y57.785 E.03329
G1 X45.086 Y56.906 E.03329
G1 X44.699 Y56.001 E.03329
G1 X44.368 Y55.075 E.03329
G1 X44.092 Y54.132 E.03329
G1 X43.873 Y53.173 E.03329
G1 X43.712 Y52.203 E.03329
G1 X43.609 Y51.225 E.03329
G1 X43.565 Y50.242 E.03329
G1 X43.58 Y49.259 E.03329
G1 X43.653 Y48.278 E.03329
G1 X43.785 Y47.304 E.03329
G1 X43.975 Y46.339 E.03329
G1 X44.223 Y45.387 E.03329
G1 X44.526 Y44.452 E.03329
G1 X44.886 Y43.536 E.03329
G1 X45.299 Y42.644 E.03329
G1 X45.765 Y41.778 E.03329
G1 X46.282 Y40.941 E.03329
G1 X46.848 Y40.137 E.03329
G1 X47.461 Y39.368 E.03329
G1 X48.119 Y38.637 E.03329
G1 X48.796 Y37.97 E.03217
M204 S10000
G1 E-.8 F1800
G1 X56.04 Y40.375 Z3.6 F7200
G1 X71.339 Y45.455 Z3.6
G1 Z3.2
G1 E.8 F1800
M204 S500
G1 F1473.915
G1 X71.441 Y45.375 E.00438
G1 X73.052 Y44.874 E.05712
G1 X73.224 Y44.911 E.00596
G1 X73.319 Y45.138 E.00832
G1 X73.508 Y45.816 E.02383
G1 X73.682 Y46.613 E.02762
G1 X73.809 Y47.418 E.02759
G1 X73.955 Y48.557 E.03885
G1 X74.054 Y49.428 E.02969
G1 X74.111 Y50.271 E.0286
G1 X74.117 Y51.119 E.02869
G1 X74.093 Y51.564 E.01511
G1 X74.017 Y51.647 E.0038
G1 X73.919 Y51.67 E.00341
G1 X72.235 Y51.59 E.05706
G1 X72.096 Y51.514 E.00539
G1 X72.062 Y51.405 E.00386
G1 X72.076 Y50.66 E.02521
G1 X72.048 Y49.964 E.02358
G1 X71.979 Y49.268 E.02369
G1 X71.777 Y47.688 E.0539
G1 X71.642 Y46.873 E.02797
G1 X71.52 Y46.315 E.01932
G1 X71.32 Y45.598 E.02521
M73 P75 R4
G1 X71.334 Y45.495 E.00354
M204 S10000
G1 X70.874 Y45.723 F7200
M204 S1500
;TYPE:Inner wall
;WIDTH:0.51929
G1 F1259.525
G1 X70.943 Y45.925 E.00848
;WIDTH:0.49481
G1 F1327.757
G1 X71.095 Y46.421 E.01948
;WIDTH:0.469618
G1 F1406.147
G1 X71.231 Y46.952 E.01945
;WIDTH:0.42793
G1 F1558.401
G1 X71.311 Y47.349 E.01295
;WIDTH:0.401204
G1 F1674.649
G1 X71.391 Y47.745 E.01205
;WIDTH:0.374478
G1 F1809.638
G1 X71.495 Y48.439 E.01935
;WIDTH:0.370896
G1 F1829.402
G1 X71.593 Y49.312 E.02394
;WIDTH:0.397611
G1 F1691.613
G1 X71.616 Y49.731 E.0124
;WIDTH:0.424326
G1 F1573.127
G1 X71.639 Y50.151 E.01334
;WIDTH:0.469662
G1 F1406.002
G1 X71.637 Y50.665 E.01823
;WIDTH:0.498849
G1 F1315.994
G1 X71.616 Y51.053 E.01474
;WIDTH:0.528036
G1 F1236.818
G1 X71.595 Y51.442 E.01569
M204 S10000
G1 E-.8 F1800
G1 X68.002 Y44.708 Z3.6 F7200
G1 X64.894 Y38.882 Z3.6
G1 Z3.2
G1 E.8 F1800
M204 S500
;TYPE:Outer wall
;WIDTH:0.449999
G1 F1473.915
G1 X64.801 Y38.68 E.00753
G1 X65.606 Y37.146 E.05865
G1 X65.665 Y37.08 E.003
G1 X65.842 Y37.065 E.00599
G1 X66.596 Y37.488 E.02929
G1 X67.283 Y37.929 E.02761
G1 X67.942 Y38.409 E.02759
G1 X69.624 Y39.729 E.0724
G1 X70.256 Y40.29 E.0286
M73 P75 R3
G1 X70.855 Y40.89 E.0287
G1 X71.079 Y41.154 E.01172
G1 X71.03 Y41.333 E.00628
G1 X69.735 Y42.501 E.05905
G1 X69.525 Y42.463 E.0072
G1 X69.008 Y41.927 E.02521
G1 X68.497 Y41.455 E.02358
G1 X67.956 Y41.011 E.02369
G1 X66.695 Y40.036 E.05394
G1 X66.129 Y39.624 E.02369
G1 X65.543 Y39.247 E.02358
G1 X64.929 Y38.902 E.02386
M204 S10000
G1 X64.572 Y39.231 F7200
M204 S1500
;TYPE:Inner wall
;WIDTH:0.535662
G1 F1217.676
G1 X64.667 Y39.285 E.00451
;WIDTH:0.51796
G1 F1263.052
G1 X65.002 Y39.458 E.01486
;WIDTH:0.489512
G1 F1343.508
G1 X65.336 Y39.63 E.01397
;WIDTH:0.461064
G1 F1434.912
G1 X65.703 Y39.855 E.01495
;WIDTH:0.429783
G1 F1550.937
G1 X66.07 Y40.079 E.01383
;WIDTH:0.398502
G1 F1687.375
G1 X66.771 Y40.573 E.02537
;WIDTH:0.377222
G1 F1794.784
G1 X67.711 Y41.317 E.03333
;WIDTH:0.42156
G1 F1584.619
G1 X68.224 Y41.767 E.02148
;WIDTH:0.46402
G1 F1424.84
G1 X68.721 Y42.257 E.02443
;WIDTH:0.494933
G1 F1327.395
G1 X68.978 Y42.544 E.01447
;WIDTH:0.525846
G1 F1242.426
G1 X69.235 Y42.83 E.01546
M204 S10000
G1 E-.8 F1800
G1 X62.765 Y38.782 Z3.6 F7200
G1 X61.409 Y37.934 Z3.6
G1 Z3.2
G1 E.8 F1800
M204 S500
;TYPE:Outer wall
;WIDTH:0.449999
G1 F1473.915
G1 X60.664 Y37.921 E.02521
G1 X59.968 Y37.948 E.02358
G1 X59.272 Y38.017 E.02369
G1 X57.692 Y38.219 E.0539
G1 X56.877 Y38.355 E.02797
G1 X56.319 Y38.476 E.01932
G1 X55.602 Y38.677 E.02521
G1 X55.476 Y38.666 E.00429
G1 X55.358 Y38.489 E.0072
G1 X54.878 Y36.944 E.05475
G1 X54.876 Y36.845 E.00336
G1 X55.003 Y36.716 E.00612
G1 X55.82 Y36.488 E.02871
G1 X56.617 Y36.314 E.02762
G1 X57.422 Y36.187 E.02759
G1 X58.786 Y36.012 E.04656
G1 X59.649 Y35.926 E.02934
G1 X60.503 Y35.876 E.02896
G1 X61.351 Y35.883 E.02871
G1 X61.595 Y35.918 E.00832
G1 X61.674 Y36.077 E.00601
G1 X61.594 Y37.761 E.05706
G1 X61.554 Y37.867 E.00384
G1 X61.445 Y37.917 E.00405
M204 S10000
G1 E-.8 F1800
G1 X55.684 Y39.138 Z3.6 F7200
G1 Z3.2
G1 E.8 F1800
M204 S1500
;TYPE:Inner wall
;WIDTH:0.528034
G1 F1236.823
G1 X55.727 Y39.124 E.00182
;WIDTH:0.521764
G1 F1253.018
G1 X56.076 Y39.013 E.01458
;WIDTH:0.495717
G1 F1325.097
G1 X56.425 Y38.902 E.01379
;WIDTH:0.46967
G1 F1405.975
G1 X56.964 Y38.76 E.01979
;WIDTH:0.4216
G1 F1584.451
G1 X57.386 Y38.677 E.01352
;WIDTH:0.393901
G1 F1709.494
G1 X57.807 Y38.594 E.01253
;WIDTH:0.366202
G1 F1855.965
G1 X58.661 Y38.474 E.0232
;WIDTH:0.381178
G1 F1773.794
G1 X59.316 Y38.409 E.0185
;WIDTH:0.423858
G1 F1575.06
G1 X59.997 Y38.363 E.02162
;WIDTH:0.469614
G1 F1406.16
G1 X60.669 Y38.359 E.02385
;WIDTH:0.496908
G1 F1321.621
G1 X61.051 Y38.379 E.01445
;WIDTH:0.524202
G1 F1246.67
G1 X61.433 Y38.399 E.01532
M204 S10000
G1 E-.8 F1800
G1 X54.375 Y41.304 Z3.6 F7200
G1 X47.071 Y44.309 Z3.6
G1 Z3.2
G1 E.8 F1800
M204 S500
;TYPE:Outer wall
;WIDTH:0.449999
G1 F1473.915
G1 X47.076 Y44.139 E.00574
G1 X47.492 Y43.4 E.02871
G1 X47.933 Y42.714 E.02761
G1 X48.766 Y41.597 E.04716
G1 X49.395 Y40.783 E.03481
G1 X49.878 Y40.195 E.02575
G1 X50.447 Y39.584 E.02827
G1 X51.059 Y38.982 E.02906
G1 X51.187 Y38.911 E.00497
G1 X51.341 Y38.97 E.00557
G1 X52.475 Y40.217 E.05706
G1 X52.521 Y40.364 E.00522
G1 X52.467 Y40.471 E.00404
G1 X51.931 Y40.988 E.02521
G1 X51.458 Y41.5 E.02358
G1 X51.018 Y42.036 E.02349
G1 X50.04 Y43.301 E.05413
G1 X49.628 Y43.867 E.02369
G1 X49.251 Y44.453 E.02358
G1 X48.886 Y45.102 E.02521
G1 X48.747 Y45.194 E.00563
G1 X48.395 Y45.044 E.01294
G1 X47.149 Y44.389 E.04766
G1 X47.099 Y44.338 E.00243
M204 S10000
G1 E-.8 F1800
G1 X49.276 Y45.353 Z3.6 F7200
G1 Z3.2
G1 E.8 F1800
M204 S1500
;TYPE:Inner wall
;WIDTH:0.520682
G1 F1255.855
G1 X49.335 Y45.233 E.00529
;WIDTH:0.504322
G1 F1300.385
G1 X49.626 Y44.679 E.02403
;WIDTH:0.468102
G1 F1411.16
G1 X49.971 Y44.102 E.02376
;WIDTH:0.424092
G1 F1574.093
G1 X50.353 Y43.536 E.02163
;WIDTH:0.376468
G1 F1798.842
G1 X50.706 Y43.054 E.01657
;WIDTH:0.374006
G1 F1812.218
G1 X51.32 Y42.284 E.02712
;WIDTH:0.419092
G1 F1595.015
G1 X51.805 Y41.734 E.02294
;WIDTH:0.445686
G1 F1489.699
G1 X52.095 Y41.447 E.01368
;WIDTH:0.47228
G1 F1397.429
G1 X52.386 Y41.16 E.01458
;WIDTH:0.49932
G1 F1314.636
G1 X52.588 Y40.983 E.01019
;WIDTH:0.52636
G1 F1241.105
G1 X52.791 Y40.807 E.0108
M204 S10000
G1 E-.8 F1800
G1 X53.773 Y48.376 Z3.6 F7200
G1 X55.376 Y60.725 Z3.6
G1 Z3.2
G1 E.8 F1800
M204 S1500
;WIDTH:0.532738
G1 F1224.945
G1 X55.335 Y60.704 E.00187
;WIDTH:0.526394
G1 F1241.018
G1 X55.009 Y60.536 E.01473
;WIDTH:0.498268
G1 F1317.673
G1 X54.683 Y60.369 E.01387
;WIDTH:0.470142
G1 F1404.422
G1 X54.105 Y60.026 E.02388
;WIDTH:0.422634
G1 F1580.137
G1 X53.822 Y59.836 E.01078
;WIDTH:0.397193
G1 F1693.609
G1 X53.539 Y59.645 E.01005
;WIDTH:0.371752
G1 F1824.64
G1 X52.883 Y59.156 E.02236
;WIDTH:0.38258
G1 F1766.472
G1 X52.153 Y58.56 E.02663
;WIDTH:0.422632
G1 F1580.145
G1 X51.776 Y58.225 E.01592
;WIDTH:0.470144
G1 F1404.415
G1 X51.298 Y57.752 E.02388
;WIDTH:0.495585
G1 F1325.483
G1 X51.054 Y57.479 E.01378
;WIDTH:0.521026
G1 F1254.952
G1 X50.809 Y57.207 E.01456
M204 S10000
G1 E-.8 F1800
G1 X48.554 Y60.509 Z3.6 F7200
G1 Z3.2
G1 E.8 F1800
M204 S250
;TYPE:Internal Bridge
;WIDTH:0.4
;HEIGHT:0.4
G1 F954.93
M106 S255
G1 X47.71 Y59.666 E.06234
G1 X47.21 Y58.999 E.04351
G1 X46.695 Y58.218 E.04889
G1 X46.416 Y57.735 E.02913
G1 X48.729 Y60.048 E.17087
G1 X48.842 Y59.935 E.00837
G1 X48.351 Y59.424 E.03702
G1 X48.282 Y59.335 E.00587
G1 X48.133 Y58.815 E.02823
G1 X45.749 Y56.432 E.17612
G1 X45.48 Y55.802 E.03579
G1 X45.321 Y55.368 E.02414
G1 X48.258 Y58.304 E.21696
G1 X48.274 Y58.255 E.0027
G1 X48.426 Y58.077 E.01225
G1 X48.552 Y57.962 E.0089
G1 X45.003 Y54.413 E.26222
G1 X44.82 Y53.747 E.03611
G1 X45.156 Y53.929 E.01993
G1 X46.063 Y54.836 E.06702
M204 S10000
G1 X46.933 Y55.706 F7200
M204 S250
G1 F954.93
G1 X48.886 Y57.659 E.1443
G1 X49.219 Y57.356 E.02354
G1 X47.608 Y55.745 E.11903
G1 X48.092 Y55.593 E.02651
G1 X49.552 Y57.053 E.10789
G1 X49.707 Y56.912 E.01094
G1 X49.95 Y56.814 E.01367
G1 X48.576 Y55.44 E.10152
G1 X48.903 Y55.338 E.01789
G1 X49.006 Y55.286 E.00603
G1 X49.027 Y55.255 E.00196
G1 X49.899 Y56.127 E.06444
M204 S10000
G1 E-.8 F1800
G1 X50.223 Y60.905 Z3.6 F7200
G1 Z3.2
G1 E.8 F1800
M204 S250
G1 F954.93
G1 X53.568 Y64.251 E.24716
G1 X54.639 Y64.685 E.06041
G1 X53.327 Y63.373 E.09696
G1 X53.763 Y63.62 E.02619
G1 X54.032 Y63.722 E.01503
G1 X54.3 Y63.71 E.01401
M73 P76 R3
G1 X55.586 Y64.996 E.09503
G1 X56.451 Y65.225 E.04675
G1 X54.77 Y63.544 E.12419
G1 X54.957 Y63.423 E.01161
G1 X55.092 Y63.229 E.01234
G1 X57.255 Y65.393 E.15987
G1 X58.005 Y65.506 E.03959
G1 X55.311 Y62.812 E.19904
G1 X55.53 Y62.394 E.02462
G1 X58.713 Y65.577 E.23515
G1 X59.26 Y65.614 E.02865
G1 X59.156 Y65.384 E.01317
G1 X58.676 Y64.904 E.03547
G1 X58.419 Y64.899 E.01343
G1 X58.238 Y64.867 E.00962
G1 X57.731 Y64.53 E.03177
G1 X57.54 Y64.075 E.02581
G1 X57.537 Y63.765 E.01621
G1 X55.749 Y61.977 E.13207
G1 X55.896 Y61.698 E.01649
G1 X55.92 Y61.512 E.0098
G1 X57.568 Y63.159 E.12173
G1 X57.598 Y62.554 E.03168
G1 X56.555 Y61.511 E.07706
G1 X57.417 Y61.736 E.04651
G1 X57.822 Y62.141 E.02995
M204 S10000
G1 E-.8 F1800
G1 X61.782 Y64.834 Z3.6 F7200
G1 Z3.2
G1 E.8 F1800
M204 S500
;TYPE:Internal solid infill
;WIDTH:0.592266
;HEIGHT:0.2
G1 F1092.208
M106 S74
G1 X61.1 Y64.914 E.03137
G1 X60.267 Y64.986 E.03821
G1 X59.523 Y65.006 E.03398
G1 X59.76 Y65.525 E.02608
G1 X60.263 Y65.524 E.02298
G1 X60.92 Y65.493 E.03004
G1 X61.844 Y65.404 E.04241
G1 X62.763 Y65.271 E.04242
G1 X63.65 Y65.095 E.04129
G1 X64.352 Y64.908 E.03316
G1 X64.354 Y64.774 E.00612
G1 X64.425 Y64.695 E.00484
G1 X64.304 Y64.393 E.01484
G1 X63.567 Y64.561 E.03455
G1 X62.697 Y64.711 E.04033
G1 X61.822 Y64.828 E.04033
M204 S10000
G1 E-.8 F1800
G1 X65.591 Y64.819 Z3.6 F7200
G1 Z3.2
G1 E.8 F1800
M204 S250
;TYPE:Internal Bridge
;WIDTH:0.4
;HEIGHT:0.4
G1 F954.93
M106 S255
G1 X64.899 Y64.126 E.05118
G1 X65.336 Y64.002 E.02373
G1 X65.377 Y63.968 E.00279
G1 X65.888 Y64.479 E.03776
G1 X66.339 Y64.294 E.02549
G1 X65.721 Y63.676 E.04564
G1 X65.784 Y63.623 E.00429
G1 X65.899 Y63.218 E.02201
G1 X66.77 Y64.088 E.06429
G1 X67.199 Y63.881 E.02491
G1 X65.771 Y62.453 E.10553
G1 X65.483 Y61.529 E.05055
G1 X67.608 Y63.654 E.15698
G1 X68.017 Y63.426 E.02444
G1 X65.349 Y60.758 E.19712
G1 X65.765 Y60.537 E.02459
G1 X68.405 Y63.178 E.1951
G1 X68.793 Y62.93 E.02407
G1 X66.17 Y60.306 E.19386
G1 X66.561 Y60.061 E.02412
G1 X69.162 Y62.663 E.1922
G1 X69.532 Y62.395 E.02381
G1 X68.959 Y61.823 E.04226
G1 X69.197 Y61.795 E.01248
G1 X69.422 Y61.649 E.01401
G1 X69.883 Y62.11 E.03405
G1 X70.232 Y61.823 E.02362
G1 X69.604 Y61.194 E.04643
M204 S10000
G1 E-.8 F1800
G1 X71.682 Y59.318 Z3.6 F7200
G1 Z3.2
G1 E.8 F1800
M204 S500
;TYPE:Internal solid infill
;WIDTH:0.596114
;HEIGHT:0.2
G1 F1084.612
M106 S74
G1 X70.757 Y60.441 E.06691
G1 X70.403 Y60.822 E.02396
G1 X70.77 Y61.189 E.02388
G1 X71.136 Y60.821 E.02388
G1 X71.531 Y60.39 E.0269
G1 X71.936 Y59.909 E.02892
G1 X72.687 Y58.937 E.0565
G1 X73.207 Y58.172 E.04256
;WIDTH:0.573037
G1 F1131.827
G1 X73.734 Y57.258 E.0465
G1 X73.361 Y56.885 E.02323
G1 X72.799 Y57.805 E.04754
G1 X72.311 Y58.494 E.03719
;WIDTH:0.604003
G1 F1069.361
G1 X71.706 Y59.286 E.04649
M204 S10000
G1 E-.8 F1800
G1 X74.24 Y56.922 Z3.6 F7200
G1 Z3.2
G1 E.8 F1800
M204 S250
;TYPE:Internal Bridge
;WIDTH:0.4
;HEIGHT:0.4
G1 F954.93
M106 S255
G1 X73.446 Y56.127 E.05873
M204 S10000
G1 E-.8 F1800
G1 X71.599 Y54.28 Z3.6 F7200
G1 Z3.2
G1 E.8 F1800
M204 S250
G1 F954.93
G1 X71.324 Y54.005 E.02031
G1 X71.487 Y53.532 E.02617
G1 X72.452 Y54.497 E.07134
G1 X73.239 Y54.908 E.04638
G1 X73.507 Y55.12 E.01785
G1 X73.739 Y55.616 E.02859
G1 X73.72 Y55.765 E.00786
G1 X74.292 Y56.337 E.04225
G1 X74.482 Y55.891 E.02533
G1 X71.625 Y53.033 E.21114
G1 X71.741 Y52.513 E.02783
G1 X74.659 Y55.431 E.2156
G1 X74.827 Y54.963 E.026
G1 X72.252 Y52.388 E.19026
G1 X72.919 Y52.418 E.03488
G1 X74.978 Y54.477 E.15212
G1 X75.122 Y53.985 E.02681
G1 X73.586 Y52.449 E.11347
G1 X73.975 Y52.467 E.02037
G1 X74.182 Y52.409 E.01122
G1 X75.243 Y53.469 E.07837
G1 X75.358 Y52.948 E.02791
G1 X74.578 Y52.168 E.05761
G1 X74.81 Y51.916 E.01791
G1 X74.851 Y51.805 E.00618
G1 X75.448 Y52.402 E.0441
G1 X75.526 Y51.843 E.02948
G1 X74.909 Y51.227 E.04554
G1 X74.919 Y50.601 E.03272
G1 X75.77 Y51.451 E.06287
M204 S10000
G1 E-.8 F1800
G1 X74.866 Y48.441 Z3.6 F7200
G1 Z3.2
G1 E.8 F1800
M204 S500
;TYPE:Internal solid infill
;WIDTH:0.59722
;HEIGHT:0.2
G1 F1082.448
M106 S74
G1 X74.989 Y49.853 E.06533
G1 X75.222 Y49.816 E.01087
M73 P77 R3
G1 X75.398 Y49.896 E.00891
G1 X75.524 Y50.022 E.0082
G1 X75.51 Y49.308 E.03289
G1 X75.434 Y48.383 E.04278
G1 X75.309 Y47.445 E.0436
G1 X75.143 Y46.549 E.042
G1 X74.945 Y45.758 E.03759
G1 X74.721 Y45.758 E.01029
G1 X74.435 Y45.858 E.01398
G1 X74.571 Y46.468 E.02883
G1 X74.714 Y47.3 E.03889
G1 X74.86 Y48.401 E.05119
M204 S10000
G1 E-.8 F1800
G1 X71.69 Y41.458 Z3.6 F7200
G1 X70.05 Y37.866 Z3.6
G1 Z3.2
G1 E.8 F1800
M204 S500
;WIDTH:0.38292
G1 F1764.706
G1 X71.037 Y38.808 E.03856
M204 S10000
G1 E-.8 F1800
G1 X67.697 Y37.176 Z3.6 F7200
G1 Z3.2
G1 E.8 F1800
M204 S500
;WIDTH:0.476745
G1 F1383.046
G1 X67.938 Y37.381 E.01142
;WIDTH:0.439215
G1 F1514.024
G1 X68.179 Y37.586 E.01043
;WIDTH:0.397299
G1 F1693.105
G1 X68.803 Y38.128 E.02435
M204 S10000
G1 E-.8 F1800
G1 X62.166 Y37.847 Z3.6 F7200
G1 Z3.2
G1 E.8 F1800
M204 S250
;TYPE:Internal Bridge
;WIDTH:0.4
;HEIGHT:0.4
G1 F954.93
M106 S255
G1 X62.589 Y38.27 E.03124
G1 X63.138 Y38.396 E.02942
G1 X63.442 Y38.486 E.01657
G1 X62.406 Y37.45 E.07654
G1 X62.434 Y36.843 E.03178
G1 X64.044 Y38.453 E.11895
G1 X64.113 Y38.276 E.00988
G1 X64.248 Y38.02 E.01513
G1 X62.463 Y36.235 E.13188
G1 X62.47 Y36.089 E.00761
G1 X62.403 Y35.698 E.02077
G1 X62.051 Y35.258 E.0294
G1 X61.621 Y35.096 E.02404
G1 X61.318 Y35.09 E.0158
G1 X60.599 Y34.371 E.05311
G1 X61.276 Y34.411 E.03539
G1 X64.468 Y37.603 E.23583
G1 X64.687 Y37.186 E.02462
G1 X61.99 Y34.489 E.19923
G1 X62.331 Y34.53 E.01793
G1 X62.742 Y34.605 E.02183
G1 X64.906 Y36.769 E.15987
G1 X65.204 Y36.431 E.02356
G1 X63.542 Y34.768 E.12283
G1 X64.161 Y34.919 E.03329
G1 X64.405 Y34.994 E.01332
G1 X65.684 Y36.274 E.09456
G1 X65.773 Y36.248 E.00486
G1 X66.158 Y36.332 E.02055
G1 X66.658 Y36.611 E.02994
G1 X65.018 Y34.972 E.12115
M204 S10000
G1 E-.8 F1800
G1 X68.802 Y41.6 Z3.6 F7200
G1 X70.098 Y43.87 Z3.6
G1 Z3.2
G1 E.8 F1800
M204 S250
G1 F954.93
G1 X70.994 Y44.766 E.06624
G1 X71.176 Y44.624 E.01204
G1 X71.414 Y44.55 E.01306
G1 X70.082 Y43.217 E.09844
G1 X70.308 Y43.067 E.01419
G1 X70.444 Y42.943 E.0096
G1 X71.9 Y44.399 E.10757
G1 X72.385 Y44.248 E.02656
G1 X70.777 Y42.64 E.11881
G1 X71.11 Y42.336 E.02354
G1 X73.065 Y44.291 E.1444
M204 S10000
G1 E-.8 F1800
G1 X74.875 Y45.465 Z3.6 F7200
G1 Z3.2
G1 E.8 F1800
M204 S250
G1 F954.93
G1 X71.443 Y42.033 E.25358
G1 X71.597 Y41.893 E.01088
G1 X71.731 Y41.685 E.01294
G1 X74.696 Y44.65 E.21907
G1 X74.382 Y43.849 E.04492
G1 X74.251 Y43.568 E.01618
G1 X71.846 Y41.163 E.1777
G1 X71.854 Y40.957 E.01078
G1 X71.764 Y40.736 E.01247
G1 X71.669 Y40.592 E.00901
G1 X70.982 Y39.877 E.05181
G1 X70.348 Y39.293 E.04505
G1 X69.702 Y38.763 E.04365
G1 X69.139 Y38.328 E.03714
G1 X69.313 Y38.154 E.01283
G1 X67.778 Y36.62 E.11338
G1 X67.469 Y36.786 E.01834
G1 X66.428 Y35.745 E.07693
G1 X66.786 Y35.905 E.02048
G1 X67.362 Y36.203 E.03387
G1 X67.8 Y36.641 E.03237
G1 X67.88 Y36.561 E.00594
G1 X73.603 Y42.284 E.42285
G1 X73.053 Y41.38 E.05529
G1 X72.515 Y40.615 E.04889
G1 X72.295 Y40.339 E.01843
G1 X68.754 Y36.798 E.26164
M204 S10000
G1 E-.8 F1800
G1 X61.227 Y35.533 Z3.6 F7200
G1 X58.67 Y35.103 Z3.6
G1 Z3.2
G1 E.8 F1800
M204 S500
;TYPE:Internal solid infill
;WIDTH:0.595496
;HEIGHT:0.2
G1 F1085.823
M106 S74
G1 X59.568 Y35.023 E.04143
G1 X60.384 Y34.989 E.03752
G1 X60.021 Y34.466 E.02926
G1 X58.869 Y34.519 E.05301
G1 X57.696 Y34.65 E.05423
G1 X56.784 Y34.806 E.0425
G1 X56.033 Y34.993 E.03555
G1 X56.465 Y35.425 E.02807
G1 X57.304 Y35.283 E.03909
G1 X58.631 Y35.109 E.06149
M204 S10000
G1 E-.8 F1800
G1 X51.327 Y37.324 Z3.6 F7200
G1 X49.965 Y37.738 Z3.6
G1 Z3.2
G1 E.8 F1800
M204 S250
;TYPE:Internal Bridge
;WIDTH:0.4
;HEIGHT:0.4
G1 F954.93
M106 S255
G1 X50.576 Y38.348 E.04513
G1 X50.618 Y38.308 E.00305
G1 X51.013 Y38.15 E.02226
G1 X50.468 Y37.604 E.04028
G1 X50.828 Y37.328 E.02371
G1 X53.435 Y39.934 E.19257
M73 P78 R3
G1 X53.826 Y39.689 E.02412
G1 X51.207 Y37.07 E.19351
G1 X51.585 Y36.812 E.02393
G1 X54.229 Y39.456 E.19532
G1 X54.65 Y39.24 E.02471
G1 X51.984 Y36.574 E.19699
G1 X52.382 Y36.336 E.02425
G1 X54.521 Y38.475 E.15805
G1 X54.236 Y37.554 E.05042
G1 X52.801 Y36.119 E.10601
G1 X53.22 Y35.902 E.02467
G1 X54.099 Y36.78 E.06492
G1 X54.102 Y36.634 E.00765
G1 X54.292 Y36.337 E.01841
G1 X53.661 Y35.706 E.04668
G1 X54.103 Y35.511 E.02523
G1 X54.614 Y36.022 E.03777
G1 X54.778 Y35.952 E.00934
G1 X55.092 Y35.865 E.01704
G1 X54.565 Y35.338 E.03894
G1 X55.032 Y35.168 E.02595
G1 X55.759 Y35.895 E.05368
M204 S10000
G1 E-.8 F1800
G1 X49.406 Y40.125 Z3.6 F7200
G1 X48.039 Y41.035 Z3.6
G1 Z3.2
G1 E.8 F1800
M204 S500
;TYPE:Internal solid infill
;WIDTH:0.590298
;HEIGHT:0.2
G1 F1096.136
M106 S74
G1 X48.6 Y40.316 E.04149
G1 X49.179 Y39.622 E.04116
G1 X49.977 Y38.782 E.0527
G1 X49.833 Y38.721 E.00712
G1 X49.524 Y38.768 E.01422
G1 X49.386 Y38.648 E.00834
G1 X48.838 Y39.196 E.03529
G1 X48.253 Y39.853 E.04006
G1 X47.589 Y40.681 E.04831
G1 X47.244 Y41.16 E.02685
G1 X46.764 Y41.875 E.03918
G1 X46.378 Y42.53 E.03459
G1 X46.748 Y42.9 E.02383
G1 X47.202 Y42.187 E.03844
G1 X48.015 Y41.067 E.06301
M204 S10000
G1 E-.8 F1800
G1 X45.701 Y48.34 Z3.6 F7200
G1 X45.296 Y49.615 Z3.6
G1 Z3.2
G1 E.8 F1800
M204 S250
;TYPE:Internal Bridge
;WIDTH:0.4
;HEIGHT:0.4
G1 F954.93
M106 S255
G1 X44.417 Y48.736 E.06492
G1 X44.473 Y48.155 E.03047
G1 X45.09 Y48.772 E.04558
G1 X45.105 Y48.35 E.02211
G1 X45.169 Y48.216 E.00777
G1 X44.549 Y47.595 E.04585
G1 X44.645 Y47.055 E.02866
G1 X45.395 Y47.804 E.05535
G1 X45.795 Y47.568 E.02428
G1 X44.75 Y46.523 E.07721
G1 X44.881 Y46.018 E.02728
G1 X46.404 Y47.541 E.11252
G1 X47.072 Y47.572 E.03494
G1 X45.017 Y45.518 E.15182
G1 X45.173 Y45.037 E.02639
G1 X47.74 Y47.604 E.18965
G1 X47.819 Y47.608 E.00411
G1 X48.203 Y47.704 E.02068
G1 X48.25 Y47.478 E.01209
G1 X45.337 Y44.565 E.21525
G1 X45.517 Y44.108 E.02565
G1 X48.373 Y46.964 E.21102
G1 X48.52 Y46.475 E.02667
G1 X47.53 Y45.485 E.0732
G1 X46.659 Y45.023 E.05151
G1 X46.348 Y44.657 E.02507
G1 X46.292 Y44.247 E.02162
G1 X45.705 Y43.66 E.04334
G1 X45.907 Y43.225 E.02504
G1 X46.551 Y43.869 E.04756
M204 S10000
G1 E-.8 F1800
G1 X48.382 Y45.701 Z3.6 F7200
G1 Z3.2
G1 E.8 F1800
M204 S250
G1 F954.93
G1 X48.839 Y46.158 E.03379
M204 S10000
G1 E-.8 F1800
G1 X45.191 Y52 Z3.6 F7200
G1 Z3.2
G1 E.8 F1800
M204 S500
;TYPE:Internal solid infill
;WIDTH:0.599554
;HEIGHT:0.2
G1 F1077.908
M106 S74
G1 X45.081 Y51.099 E.042
G1 X45.009 Y50.192 E.04213
G1 X44.478 Y49.661 E.03473
G1 X44.47 Y50.229 E.02625
G1 X44.519 Y51.123 E.04148
G1 X44.621 Y52.067 E.04391
G1 X44.81 Y53.171 E.05185
G1 X45.417 Y53.502 E.03202
G1 X45.197 Y52.04 E.06842
M204 S10000
G1 E-.8 F1800
G1 X48.916 Y58.704 Z3.6 F7200
G1 X51.174 Y62.749 Z3.6
G1 Z3.2
G1 E.8 F1800
M204 S500
;WIDTH:0.627376
G1 F1026.596
G1 X51.225 Y62.793 E.00323
M204 S10000
G1 E-.8 F1800
G1 X49.35 Y60.809 Z3.6 F7200
G1 Z3.2
G1 E.8 F1800
M204 S500
;WIDTH:0.456877
G1 F1449.428
G1 X48.966 Y60.422 E.01876
G1 X48.676 Y60.712 E.01412
G1 X49.051 Y61.101 E.01861
G1 X49.729 Y61.743 E.03213
;WIDTH:0.421994
G1 F1582.804
G1 X50.437 Y62.354 E.02948
;WIDTH:0.383036
G1 F1764.104
G1 X50.775 Y62.621 E.01217
;WIDTH:0.388268
G1 F1737.377
G1 X50.842 Y62.642 E.00201
;WIDTH:0.431743
G1 F1543.122
G1 X50.908 Y62.664 E.00226
;WIDTH:0.475217
G1 F1387.937
G1 X50.975 Y62.685 E.00251
;WIDTH:0.518691
G1 F1261.112
G1 X51.041 Y62.707 E.00277
;WIDTH:0.562165
G1 F1155.525
G1 X51.108 Y62.728 E.00302
;WIDTH:0.605639
G1 F1066.252
G1 X51.174 Y62.749 E.00327
G1 X51.143 Y62.687 E.00327
;WIDTH:0.562165
G1 F1155.525
G1 X51.111 Y62.625 E.00302
;WIDTH:0.518691
G1 F1261.112
G1 X51.079 Y62.562 E.00277
;WIDTH:0.475217
G1 F1387.937
G1 X51.048 Y62.5 E.00251
;WIDTH:0.431743
G1 F1543.122
G1 X51.016 Y62.438 E.00226
;WIDTH:0.404637
G1 F1658.757
G1 X50.985 Y62.375 E.0021
G1 X50.008 Y61.454 E.04039
;WIDTH:0.444447
G1 F1494.296
G1 X49.379 Y60.837 E.02942
; stop printing object fidget-finger-massager-2000-ring.stl id:15 copy 0
M106 S102
;LAYER_CHANGE
;Z:3.4
;HEIGHT:0.2
G92 E0
;_SET_FAN_SPEED_CHANGING_LAYER
; printing object fidget-finger-massager-2000-ring.stl id:15 copy 0
M204 S10000
G1 E-.8 F1800
G1 X48.145 Y53.305 Z3.8 F7200
G1 X46.68 Y44.363 Z3.8
G1 Z3.4
G1 E.8 F1800
M204 S1500
;TYPE:Inner wall
;WIDTH:0.449999
G1 F1473.915
G1 X46.645 Y44.072 E.00994
G1 X46.943 Y43.501 E.02179
G1 X47.396 Y42.756 E.02952
G1 X47.892 Y42.041 E.02943
G1 X49.056 Y40.521 E.06481
G1 X49.543 Y39.928 E.02599
G1 X50.131 Y39.291 E.02933
G1 X50.833 Y38.61 E.03312
G1 X51.161 Y38.484 E.01188
G1 X51.509 Y38.562 E.01208
G1 X51.724 Y38.754 E.00977
G1 X52.834 Y39.981 E.056
;WIDTH:0.452545
G1 F1464.754
G1 X52.935 Y40.487 E.01757
;WIDTH:0.487021
G1 F1351.046
G1 X52.862 Y40.646 E.00646
;WIDTH:0.521496
G1 F1253.719
G1 X52.789 Y40.805 E.00697
G1 X53.283 Y40.475 E.02364
;WIDTH:0.485748
G1 F1354.929
G1 X53.777 Y40.144 E.02188
;WIDTH:0.449999
G1 F1473.915
G1 X54.22 Y39.885 E.01738
G1 X55.296 Y39.335 E.0409
;WIDTH:0.489017
G1 F1345
G1 X55.49 Y39.236 E.00807
;WIDTH:0.528034
G1 F1236.823
G1 X55.684 Y39.138 E.00878
G1 X55.489 Y39.096 E.00804
;WIDTH:0.489017
G1 F1345
G1 X55.294 Y39.054 E.00739
;WIDTH:0.449999
G1 F1473.915
G1 X54.97 Y38.683 E.0167
G1 X54.469 Y37.073 E.05706
G1 X54.455 Y36.761 E.01057
G1 X54.657 Y36.426 E.01325
G1 X54.887 Y36.303 E.00882
G1 X55.704 Y36.075 E.02871
G1 X56.526 Y35.895 E.02846
G1 X57.355 Y35.763 E.02844
G1 X58.729 Y35.587 E.04689
G1 X59.606 Y35.498 E.02984
G1 X60.536 Y35.446 E.03151
G1 X61.565 Y35.462 E.03484
G1 X61.849 Y35.573 E.01033
G1 X62.069 Y35.869 E.01249
G1 X62.097 Y36.193 E.011
G1 X62.022 Y37.781 E.05382
G1 X61.887 Y38.137 E.01288
;WIDTH:0.487101
G1 F1350.802
G1 X61.66 Y38.268 E.00967
;WIDTH:0.524202
G1 F1246.67
G1 X61.433 Y38.399 E.01048
G1 X61.736 Y38.461 E.01235
M73 P79 R3
;WIDTH:0.487101
G1 F1350.802
G1 X62.038 Y38.523 E.0114
;WIDTH:0.449999
G1 F1473.915
G1 X62.7 Y38.665 E.02293
G1 X63.431 Y38.866 E.02564
;WIDTH:0.487562
G1 F1349.4
G1 X63.978 Y39.042 E.02124
;WIDTH:0.525125
G1 F1244.284
G1 X64.525 Y39.217 E.02304
;WIDTH:0.535664
G1 F1217.671
G1 X64.572 Y39.231 E.00198
G1 X64.478 Y38.919 E.01332
;WIDTH:0.492832
G1 F1333.595
G1 X64.384 Y38.608 E.01216
;WIDTH:0.449999
G1 F1473.915
G1 X64.639 Y38.066 E.02028
G1 X65.227 Y36.947 E.04279
G1 X65.403 Y36.741 E.00916
G1 X65.764 Y36.62 E.01288
G1 X66.067 Y36.699 E.01061
G1 X66.806 Y37.115 E.02871
G1 X67.514 Y37.568 E.02846
G1 X68.194 Y38.062 E.02844
G1 X69.893 Y39.395 E.07309
G1 X70.544 Y39.972 E.02944
G1 X71.161 Y40.589 E.02954
G1 X71.44 Y40.91 E.01439
G1 X71.496 Y41.053 E.00519
G1 X71.469 Y41.432 E.01288
G1 X71.243 Y41.719 E.01235
G1 X70.067 Y42.789 E.05382
G1 X69.957 Y42.869 E.00461
;WIDTH:0.478389
G1 F1377.826
G1 X69.638 Y42.874 E.01153
;WIDTH:0.506778
G1 F1293.499
G1 X69.32 Y42.88 E.01228
;WIDTH:0.525848
G1 F1242.421
G1 X69.235 Y42.83 E.00395
G1 X69.506 Y43.245 E.0199
;WIDTH:0.487924
G1 F1348.304
G1 X69.777 Y43.66 E.01834
;WIDTH:0.449999
G1 F1473.915
G1 X70.127 Y44.237 E.02281
G1 X70.573 Y45.096 E.03277
;WIDTH:0.484644
G1 F1358.316
G1 X70.723 Y45.409 E.01277
;WIDTH:0.519288
G1 F1259.53
G1 X70.874 Y45.723 E.01377
G1 X70.939 Y45.455 E.01093
;WIDTH:0.484644
G1 F1358.316
G1 X71.004 Y45.187 E.01013
;WIDTH:0.449999
G1 F1473.915
G1 X71.314 Y44.966 E.01288
G1 X72.924 Y44.465 E.05707
G1 X73.152 Y44.439 E.00779
G1 X73.494 Y44.577 E.01246
G1 X73.694 Y44.887 E.01249
G1 X73.94 Y45.788 E.03162
G1 X74.101 Y46.522 E.02543
G1 X74.233 Y47.351 E.02844
G1 X74.48 Y49.382 E.06925
G1 X74.539 Y50.25 E.02944
G1 X74.545 Y51.122 E.02953
G1 X74.515 Y51.656 E.01809
G1 X74.478 Y51.753 E.00351
G1 X74.204 Y52.033 E.01325
G1 X73.801 Y52.093 E.01382
G1 X72.215 Y52.018 E.05373
;WIDTH:0.450178
G1 X71.746 Y51.762 E.01809
;WIDTH:0.489107
G1 F1344.728
G1 X71.671 Y51.602 E.00657
;WIDTH:0.528036
G1 F1236.818
G1 X71.595 Y51.442 E.00715
G1 X71.462 Y52.074 E.02606
;WIDTH:0.489018
G1 F1344.998
G1 X71.33 Y52.706 E.02396
;WIDTH:0.449999
G1 F1473.915
G1 X71.128 Y53.449 E.02605
;WIDTH:0.452545
G1 F1464.754
G1 X70.827 Y54.309 E.03105
;WIDTH:0.487021
G1 F1351.046
G1 X70.768 Y54.486 E.00687
;WIDTH:0.521496
G1 F1253.719
G1 X70.71 Y54.663 E.00741
G1 X70.845 Y54.552 E.00697
;WIDTH:0.487021
G1 F1351.046
G1 X70.981 Y54.442 E.00646
;WIDTH:0.452545
G1 F1464.754
G1 X71.503 Y54.411 E.01781
;WIDTH:0.449999
G1 F1473.915
G1 X72.962 Y55.177 E.05578
G1 X73.216 Y55.351 E.01041
G1 X73.366 Y55.655 E.01147
G1 X73.297 Y56.063 E.01402
G1 X72.881 Y56.802 E.02871
G1 X72.428 Y57.51 E.02846
G1 X71.934 Y58.19 E.02844
G1 X70.707 Y59.757 E.06738
G1 X70.178 Y60.373 E.02746
G1 X69.828 Y60.751 E.01744
G1 X69.217 Y61.339 E.02871
G1 X69.047 Y61.456 E.00699
G1 X68.647 Y61.493 E.01359
G1 X68.342 Y61.311 E.01202
G1 X67.208 Y60.063 E.05706
G1 X67.064 Y59.79 E.01045
;WIDTH:0.485345
G1 F1356.164
G1 X67.128 Y59.498 E.01098
;WIDTH:0.52069
G1 F1255.834
G1 X67.192 Y59.207 E.01186
G1 X66.887 Y59.409 E.01453
;WIDTH:0.485345
G1 F1356.164
G1 X66.583 Y59.612 E.01345
;WIDTH:0.449999
G1 F1473.915
G1 X66.107 Y59.91 E.01902
G1 X65.451 Y60.288 E.0256
;WIDTH:0.48585
G1 F1354.617
G1 X64.886 Y60.572 E.0233
;WIDTH:0.5217
G1 F1253.185
G1 X64.321 Y60.857 E.02519
G1 X64.618 Y60.977 E.01274
;WIDTH:0.48585
G1 F1354.617
G1 X64.914 Y61.098 E.01178
;WIDTH:0.449999
G1 F1473.915
G1 X65.03 Y61.31 E.00818
G1 X65.531 Y62.919 E.05706
G1 X65.558 Y63.071 E.00521
G1 X65.477 Y63.406 E.01166
G1 X65.113 Y63.689 E.01562
G1 X64.294 Y63.918 E.02878
G1 X63.474 Y64.097 E.02839
G1 X62.645 Y64.229 E.02844
G1 X61.039 Y64.435 E.0548
G1 X60.22 Y64.515 E.02784
G1 X59.38 Y64.55 E.02846
G1 X58.497 Y64.535 E.02991
G1 X58.347 Y64.513 E.00512
G1 X58.011 Y64.279 E.01387
G1 X57.898 Y63.895 E.01354
G1 X57.978 Y62.211 E.05706
G1 X57.995 Y62.092 E.00408
;WIDTH:0.486107
G1 F1353.83
G1 X58.351 Y61.658 E.02067
;WIDTH:0.527636
G1 F1237.838
G1 X58.543 Y61.592 E.00817
G1 X58.041 Y61.489 E.02064
;WIDTH:0.488818
G1 F1345.601
G1 X57.539 Y61.387 E.01899
;WIDTH:0.449999
G1 F1473.915
G1 X56.925 Y61.23 E.02145
G1 X55.888 Y60.9 E.03684
;WIDTH:0.490262
G1 F1341.257
G1 X55.63 Y60.812 E.01012
;WIDTH:0.530524
G1 F1230.507
G1 X55.373 Y60.724 E.01103
G1 X55.493 Y60.934 E.0098
;WIDTH:0.490262
G1 F1341.257
G1 X55.614 Y61.143 E.00899
;WIDTH:0.449999
G1 F1473.915
G1 X55.524 Y61.616 E.0163
G1 X54.773 Y63.045 E.05465
G1 X54.708 Y63.144 E.00399
G1 X54.438 Y63.336 E.01123
G1 X54.019 Y63.334 E.01417
G1 X53.307 Y62.941 E.02754
G1 X52.568 Y62.477 E.02952
G1 X51.862 Y61.971 E.02942
G1 X50.661 Y61.045 E.05132
G1 X49.892 Y60.421 E.03353
G1 X49.271 Y59.849 E.02857
G1 X48.657 Y59.214 E.02991
G1 X48.581 Y59.117 E.00414
G1 X48.488 Y58.736 E.0133
G1 X48.615 Y58.402 E.01209
G1 X49.933 Y57.204 E.06028
G1 X50.36 Y57.045 E.01543
;WIDTH:0.485514
G1 F1355.646
G1 X50.584 Y57.126 E.00878
;WIDTH:0.521028
G1 F1254.947
G1 X50.809 Y57.207 E.00948
G1 X50.658 Y56.981 E.01078
;WIDTH:0.485514
G1 F1355.646
G1 X50.508 Y56.756 E.00998
;WIDTH:0.449999
G1 F1473.915
G1 X50.074 Y56.096 E.02674
G1 X49.698 Y55.432 E.02582
;WIDTH:0.486103
G1 F1353.843
G1 X49.237 Y54.51 E.03798
;WIDTH:0.527632
G1 F1237.848
G1 X49.143 Y54.324 E.00839
G1 X49.128 Y54.527 E.00817
;WIDTH:0.486103
G1 F1353.843
G1 X48.797 Y54.979 E.02067
;WIDTH:0.449999
G1 F1473.915
G1 X47.076 Y55.527 E.06113
G1 X46.678 Y55.515 E.0135
G1 X46.364 Y55.247 E.01397
G1 X46.149 Y54.531 E.0253
G1 X45.932 Y53.624 E.03156
G1 X45.796 Y52.821 E.02757
G1 X45.562 Y51.035 E.06097
G1 X45.481 Y50.216 E.02784
G1 X45.448 Y49.291 E.03133
G1 X45.461 Y48.493 E.02703
G1 X45.644 Y48.069 E.01562
G1 X45.981 Y47.889 E.01294
G1 X47.359 Y47.954 E.04672
G1 X47.978 Y48.015 E.02103
;WIDTH:0.485851
G1 F1354.614
G1 X48.189 Y48.281 E.01251
;WIDTH:0.521702
G1 F1253.18
G1 X48.401 Y48.546 E.01352
G1 X48.484 Y48.146 E.01626
;WIDTH:0.485851
G1 F1354.614
G1 X48.566 Y47.746 E.01504
;WIDTH:0.449999
G1 F1473.915
G1 X48.764 Y46.908 E.02916
G1 X49.052 Y46.012 E.03185
;WIDTH:0.485342
G1 F1356.173
G1 X49.164 Y45.682 E.01281
;WIDTH:0.520684
G1 F1255.85
G1 X49.276 Y45.353 E.01383
G1 X49.036 Y45.486 E.01091
;WIDTH:0.485342
G1 F1356.173
G1 X48.796 Y45.619 E.0101
;WIDTH:0.449999
G1 F1473.915
G1 X48.443 Y45.553 E.01215
G1 X46.951 Y44.769 E.05707
G1 X46.699 Y44.521 E.01198
G1 X46.684 Y44.403 E.00402
M204 S500
G1 X47.075 Y44.316 F7200
;TYPE:Outer wall
G1 F1473.915
G1 X47.076 Y44.139 E.00597
G1 X47.492 Y43.4 E.02871
G1 X47.933 Y42.714 E.02761
G1 X48.238 Y42.293 E.01758
G1 X49.395 Y40.783 E.06439
G1 X49.874 Y40.2 E.02557
G1 X50.444 Y39.584 E.02841
G1 X51.055 Y38.986 E.02892
G1 X51.193 Y38.911 E.00532
G1 X51.341 Y38.97 E.00541
G1 X52.475 Y40.217 E.05706
G1 X52.514 Y40.396 E.0062
G1 X51.504 Y41.45 E.04941
G1 X51.018 Y42.036 E.02576
G1 X50.04 Y43.301 E.05413
G1 X49.628 Y43.867 E.02369
G1 X49.251 Y44.453 E.02358
G1 X48.886 Y45.102 E.02521
G1 X48.735 Y45.195 E.00598
G1 X48.265 Y44.976 E.01755
G1 X47.15 Y44.39 E.04265
G1 X47.103 Y44.344 E.00222
M204 S10000
G1 E-.8 F1800
G1 X45.944 Y48.374 Z3.8 F7200
G1 Z3.4
G1 E.8 F1800
M204 S500
G1 F1473.915
G1 X46.081 Y48.322 E.00494
G1 X47.765 Y48.402 E.05706
G1 X47.834 Y48.42 E.00244
G1 X47.938 Y48.587 E.00667
G1 X47.924 Y49.332 E.02521
G1 X47.952 Y50.028 E.02358
G1 X48.021 Y50.725 E.02369
G1 X48.223 Y52.304 E.05391
G1 X48.348 Y53.07 E.02626
G1 X48.48 Y53.677 E.02103
G1 X48.68 Y54.394 E.02521
G1 X48.686 Y54.467 E.00248
G1 X48.559 Y54.617 E.00663
G1 X46.949 Y55.118 E.05707
G1 X46.83 Y55.115 E.00403
G1 X46.719 Y54.992 E.00558
G1 X46.473 Y54.091 E.03162
G1 X46.351 Y53.533 E.01936
G1 X46.219 Y52.754 E.02673
G1 X45.987 Y50.981 E.06054
G1 X45.907 Y50.175 E.02742
G1 X45.876 Y49.277 E.03041
G1 X45.89 Y48.501 E.02626
G1 X45.928 Y48.411 E.00331
M204 S10000
G1 E-.8 F1800
G1 X48.042 Y55.745 Z3.8 F7200
G1 X48.915 Y58.774 Z3.8
G1 Z3.4
G1 E.8 F1800
M204 S500
G1 F1473.915
G1 X48.974 Y58.655 E.00448
G1 X50.221 Y57.521 E.05706
G1 X50.348 Y57.474 E.0046
G1 X50.475 Y57.529 E.00467
G1 X50.992 Y58.065 E.02521
G1 X51.495 Y58.53 E.02317
G1 X51.913 Y58.874 E.01834
G1 X53.305 Y59.957 E.05969
G1 X53.871 Y60.368 E.02369
G1 X54.457 Y60.745 E.02358
G1 X55.106 Y61.11 E.02521
G1 X55.195 Y61.231 E.00508
G1 X55.144 Y61.417 E.0065
G1 X54.394 Y62.846 E.05465
G1 X54.294 Y62.933 E.00448
G1 X54.143 Y62.92 E.00512
G1 X53.404 Y62.504 E.02871
G1 X52.8 Y62.116 E.02429
G1 X52.114 Y61.624 E.02858
G1 X50.923 Y60.706 E.0509
G1 X50.162 Y60.088 E.03318
G1 X49.562 Y59.534 E.02765
G1 X48.965 Y58.916 E.02907
G1 X48.928 Y58.811 E.00376
M204 S10000
G1 E-.8 F1800
G1 X55.85 Y55.595 Z3.8 F7200
G1 X71.123 Y48.498 Z3.8
G1 Z3.4
G1 E.8 F1800
M204 S500
G1 F1473.915
G1 X71.203 Y49.289 E.02688
G1 X71.221 Y50.003 E.0242
G1 X71.199 Y50.644 E.02169
G1 X71.137 Y51.34 E.02365
G1 X70.91 Y52.62 E.044
G1 X70.715 Y53.334 E.02507
G1 X70.422 Y54.164 E.02979
G1 X70.086 Y54.923 E.02808
G1 X69.695 Y55.654 E.02808
G1 X69.318 Y56.248 E.02378
G1 X68.756 Y57.02 E.03236
G1 X68.383 Y57.451 E.01928
G1 X67.935 Y57.922 E.02199
G1 X67.567 Y58.284 E.01749
G1 X66.996 Y58.774 E.02546
G1 X66.329 Y59.267 E.02808
G1 X65.881 Y59.545 E.01785
G1 X65.251 Y59.909 E.02462
G1 X64.135 Y60.432 E.04171
G1 X63.5 Y60.657 E.02278
G1 X62.813 Y60.856 E.02423
G1 X62.179 Y61 E.02201
G1 X60.914 Y61.184 E.04324
G1 X60.086 Y61.221 E.02808
G1 X59.344 Y61.199 E.02511
G1 X58.648 Y61.134 E.02368
G1 X57.615 Y60.965 E.03542
G1 X57.032 Y60.815 E.02038
G1 X56.025 Y60.494 E.03577
G1 X54.883 Y59.979 E.0424
G1 X54.321 Y59.672 E.02168
G1 X53.814 Y59.362 E.02011
G1 X53.139 Y58.88 E.02808
G1 X52.541 Y58.376 E.02645
G1 X52.064 Y57.927 E.02218
G1 X51.626 Y57.46 E.02168
G1 X51.177 Y56.925 E.02364
G1 X50.848 Y56.495 E.01832
G1 X50.432 Y55.861 E.02566
G1 X50.073 Y55.224 E.02475
G1 X49.643 Y54.323 E.0338
G1 X49.351 Y53.546 E.02808
G1 X49.155 Y52.876 E.02365
G1 X48.993 Y52.166 E.02463
M73 P80 R3
G1 X48.831 Y51.117 E.03593
G1 X48.779 Y50.289 E.02808
G1 X48.788 Y49.46 E.02808
G1 X48.858 Y48.635 E.02802
G1 X48.989 Y47.814 E.02814
G1 X49.18 Y47.007 E.02808
G1 X49.46 Y46.144 E.03069
G1 X49.707 Y45.525 E.02255
G1 X50.019 Y44.871 E.02454
G1 X50.33 Y44.311 E.02166
G1 X50.676 Y43.758 E.02208
G1 X50.991 Y43.3 E.01882
G1 X51.51 Y42.653 E.02808
G1 X52.071 Y42.051 E.02784
G1 X52.542 Y41.62 E.02162
G1 X53.078 Y41.168 E.02375
G1 X54.018 Y40.498 E.03907
G1 X54.736 Y40.082 E.02808
G1 X55.482 Y39.72 E.02808
G1 X56.254 Y39.415 E.02808
G1 X57.045 Y39.167 E.02808
G1 X57.836 Y38.983 E.02748
G1 X58.673 Y38.85 E.02868
G1 X59.345 Y38.799 E.02282
G1 X60 Y38.778 E.02217
G1 X60.64 Y38.796 E.02167
G1 X61.157 Y38.831 E.01755
G1 X61.978 Y38.947 E.02808
G1 X62.609 Y39.084 E.02186
G1 X63.309 Y39.277 E.02457
G1 X64.36 Y39.653 E.03778
G1 X65.112 Y40.003 E.02808
G1 X65.693 Y40.328 E.02252
G1 X66.243 Y40.677 E.02207
G1 X67.185 Y41.372 E.03962
G1 X67.802 Y41.926 E.02808
G1 X68.377 Y42.524 E.02808
G1 X68.836 Y43.079 E.02437
G1 X69.426 Y43.906 E.0344
G1 X69.76 Y44.458 E.02183
G1 X70.19 Y45.29 E.0317
G1 X70.446 Y45.901 E.02243
G1 X70.679 Y46.559 E.02364
G1 X70.857 Y47.174 E.02167
G1 X70.979 Y47.659 E.01693
G1 X71.119 Y48.459 E.02747
M204 S10000
G1 E-.8 F1800
G1 X65.098 Y53.149 Z3.8 F7200
G1 X55.373 Y60.724 Z3.8
G1 Z3.4
G1 E.8 F1800
M204 S1500
;TYPE:Inner wall
;WIDTH:0.530524
G1 F1230.507
G1 X55.334 Y60.705 E.00176
;WIDTH:0.524438
G1 F1246.059
G1 X55.009 Y60.537 E.01467
;WIDTH:0.497288
G1 F1320.516
G1 X54.683 Y60.369 E.01384
;WIDTH:0.470138
G1 F1404.435
G1 X54.105 Y60.026 E.02388
;WIDTH:0.422638
G1 F1580.12
G1 X53.822 Y59.836 E.01078
;WIDTH:0.397194
G1 F1693.604
G1 X53.539 Y59.645 E.01005
;WIDTH:0.37175
G1 F1824.651
G1 X52.885 Y59.158 E.0223
;WIDTH:0.380252
G1 F1778.663
G1 X52.163 Y58.57 E.02612
;WIDTH:0.42263
G1 F1580.153
G1 X51.776 Y58.225 E.01636
;WIDTH:0.470144
G1 F1404.415
G1 X51.298 Y57.752 E.02388
;WIDTH:0.495586
G1 F1325.481
G1 X51.054 Y57.479 E.01378
;WIDTH:0.521028
G1 F1254.947
G1 X50.809 Y57.207 E.01456
M204 S10000
G1 E-.8 F1800
G1 X57.269 Y61.272 Z3.8 F7200
G1 X58.532 Y62.067 Z3.8
G1 Z3.4
G1 E.8 F1800
M204 S500
;TYPE:Outer wall
;WIDTH:0.449999
G1 F1473.915
G1 X59.19 Y62.069 E.02227
G1 X60.02 Y62.045 E.02811
G1 X60.723 Y61.976 E.0239
G1 X62.315 Y61.773 E.05432
G1 X63 Y61.665 E.02348
G1 X63.742 Y61.499 E.02576
G1 X64.398 Y61.316 E.02305
G1 X64.606 Y61.388 E.00745
G1 X65.13 Y63.092 E.06033
G1 X65.106 Y63.192 E.00348
G1 X64.997 Y63.276 E.00466
G1 X64.18 Y63.505 E.02873
G1 X63.383 Y63.679 E.02759
G1 X62.578 Y63.806 E.02759
G1 X60.984 Y64.009 E.05438
G1 X60.178 Y64.089 E.02742
G1 X59.363 Y64.122 E.02761
G1 X58.505 Y64.106 E.02907
G1 X58.36 Y64.03 E.00554
G1 X58.331 Y63.816 E.00731
G1 X58.406 Y62.232 E.05369
G1 X58.507 Y62.099 E.00566
M204 S10000
G1 E-.8 F1800
G1 X64.321 Y60.857 Z3.8 F7200
G1 Z3.4
G1 E.8 F1800
M204 S1500
;TYPE:Inner wall
;WIDTH:0.5217
G1 F1253.185
G1 X64.274 Y60.872 E.00197
;WIDTH:0.514706
G1 F1271.763
G1 X63.863 Y60.999 E.01687
;WIDTH:0.481399
G1 F1368.367
G1 X63.452 Y61.125 E.01568
;WIDTH:0.448092
G1 F1480.853
G1 X63.034 Y61.223 E.01448
;WIDTH:0.419253
G1 F1594.333
G1 X62.615 Y61.322 E.01345
;WIDTH:0.390414
G1 F1726.649
G1 X61.769 Y61.462 E.02478
;WIDTH:0.3761
G1 F1800.828
G1 X60.684 Y61.586 E.03025
;WIDTH:0.41881
G1 F1596.212
G1 X60.003 Y61.632 E.02133
;WIDTH:0.443894
G1 F1496.356
G1 X59.601 Y61.632 E.01343
;WIDTH:0.468978
G1 F1408.259
G1 X59.198 Y61.631 E.01427
;WIDTH:0.498307
G1 F1317.561
G1 X58.87 Y61.612 E.01243
;WIDTH:0.527636
G1 F1237.838
G1 X58.543 Y61.592 E.01323
M204 S10000
G1 E-.8 F1800
G1 X66.008 Y60.007 Z3.8 F7200
G1 X67.482 Y59.694 Z3.8
G1 Z3.4
G1 E.8 F1800
M204 S500
;TYPE:Outer wall
;WIDTH:0.449999
G1 F1473.915
G1 X67.533 Y59.522 E.00607
G1 X68.069 Y59.005 E.02521
G1 X68.542 Y58.493 E.02358
G1 X68.986 Y57.952 E.02369
G1 X69.96 Y56.691 E.05394
G1 X70.372 Y56.126 E.02367
G1 X70.786 Y55.474 E.02615
G1 X71.114 Y54.89 E.02266
G1 X71.186 Y54.82 E.00341
G1 X71.358 Y54.819 E.0058
G1 X72.85 Y55.603 E.05706
G1 X72.944 Y55.731 E.00541
G1 X72.907 Y55.884 E.00532
G1 X72.508 Y56.592 E.02752
G1 X72.067 Y57.279 E.02761
G1 X71.588 Y57.938 E.02759
G1 X70.957 Y58.753 E.03488
G1 X70.374 Y59.487 E.03173
G1 X69.863 Y60.082 E.02654
G1 X69.273 Y60.69 E.02868
G1 X68.909 Y61.04 E.01711
G1 X68.75 Y61.077 E.00553
G1 X68.592 Y60.949 E.00687
G1 X67.525 Y59.775 E.05371
G1 X67.5 Y59.729 E.00176
M204 S10000
G1 E-.8 F1800
G1 X70.71 Y54.663 Z3.8 F7200
G1 Z3.4
G1 E.8 F1800
M204 S1500
;TYPE:Inner wall
;WIDTH:0.521496
G1 F1253.719
G1 X70.559 Y54.956 E.0131
;WIDTH:0.495621
G1 F1325.378
G1 X70.409 Y55.249 E.01239
;WIDTH:0.469746
G1 F1405.725
G1 X70.22 Y55.571 E.01328
;WIDTH:0.443419
G1 F1498.131
G1 X70.031 Y55.894 E.01246
;WIDTH:0.417092
G1 F1603.54
G1 X69.791 Y56.244 E.01322
;WIDTH:0.38852
G1 F1736.111
G1 X69.55 Y56.595 E.01221
;WIDTH:0.359948
G1 F1892.577
G1 X69.032 Y57.277 E.0226
;WIDTH:0.376466
G1 F1798.852
G1 X68.679 Y57.708 E.01543
;WIDTH:0.426466
G1 F1564.35
G1 X68.227 Y58.219 E.02176
;WIDTH:0.4681
G1 F1411.167
G1 X67.756 Y58.698 E.02376
;WIDTH:0.494395
G1 F1328.977
G1 X67.474 Y58.953 E.01426
;WIDTH:0.52069
G1 F1255.834
G1 X67.192 Y59.207 E.01509
M204 S10000
G1 E-.8 F1800
G1 X69.401 Y51.901 Z3.8 F7200
G1 X71.357 Y45.43 Z3.8
G1 Z3.4
G1 E.8 F1800
M204 S500
;TYPE:Outer wall
;WIDTH:0.449999
G1 F1473.915
G1 X71.844 Y45.25 E.01758
G1 X73.051 Y44.874 E.0428
G1 X73.221 Y44.908 E.00586
G1 X73.333 Y45.19 E.01029
G1 X73.527 Y45.901 E.02494
G1 X73.682 Y46.613 E.02467
G1 X73.809 Y47.418 E.02759
G1 X74.054 Y49.424 E.06841
G1 X74.111 Y50.267 E.02859
G1 X74.117 Y51.114 E.02868
G1 X74.092 Y51.567 E.01535
G1 X73.988 Y51.673 E.00503
G1 X72.235 Y51.59 E.05939
G1 X72.096 Y51.514 E.00539
G1 X72.062 Y51.405 E.00386
G1 X72.076 Y50.66 E.02521
G1 X72.048 Y49.964 E.02358
G1 X71.979 Y49.268 E.02369
G1 X71.777 Y47.687 E.05393
G1 X71.668 Y46.996 E.02369
G1 X71.52 Y46.315 E.02358
G1 X71.32 Y45.598 E.02521
G1 X71.348 Y45.469 E.00446
M204 S10000
G1 E-.8 F1800
G1 X64.081 Y43.138 Z3.8 F7200
G1 X49.21 Y38.367 Z3.8
G1 Z3.4
G1 E.8 F1800
M204 S1500
;TYPE:Inner wall
G1 F1473.915
G1 X49.925 Y37.743 E.03213
G1 X50.675 Y37.162 E.03213
G1 X51.46 Y36.627 E.03213
G1 X52.275 Y36.141 E.03213
G1 X53.117 Y35.703 E.03213
G1 X53.984 Y35.317 E.03213
G1 X54.873 Y34.984 E.03213
G1 X55.78 Y34.704 E.03213
G1 X56.298 Y34.578 E.01805
G1 X57.162 Y34.396 E.02989
G1 X57.657 Y34.307 E.01701
G1 X58.877 Y34.178 E.04155
G1 X59.877 Y34.141 E.03385
G1 X60.706 Y34.153 E.02806
G1 X61.713 Y34.231 E.0342
G1 X62.385 Y34.313 E.02292
G1 X63.329 Y34.487 E.03249
G1 X64.306 Y34.73 E.03406
G1 X65.155 Y34.994 E.03012
G1 X66.034 Y35.326 E.03179
G1 X66.9 Y35.712 E.03208
G1 X67.742 Y36.151 E.03215
G1 X68.557 Y36.639 E.03215
G1 X69.341 Y37.175 E.03214
G1 X70.381 Y38.01 E.04514
G1 X71.058 Y38.631 E.03112
G1 X71.697 Y39.29 E.03105
G1 X72.349 Y40.05 E.03389
G1 X72.705 Y40.497 E.01935
G1 X73.255 Y41.282 E.03246
G1 X73.833 Y42.239 E.03782
G1 X74.202 Y42.929 E.02649
G1 X74.595 Y43.781 E.03176
G1 X74.957 Y44.715 E.03391
G1 X75.232 Y45.566 E.03029
G1 X75.47 Y46.486 E.03215
G1 X75.652 Y47.418 E.03215
G1 X75.779 Y48.359 E.03213
G1 X75.848 Y49.305 E.03211
G1 X75.862 Y50.234 E.03143
G1 X75.819 Y51.182 E.03213
G1 X75.72 Y52.126 E.03213
G1 X75.565 Y53.062 E.03213
G1 X75.354 Y53.986 E.03209
G1 X75.069 Y54.951 E.03405
G1 X74.767 Y55.792 E.03023
G1 X74.394 Y56.665 E.03213
G1 X73.97 Y57.514 E.03213
G1 X73.495 Y58.336 E.03213
G1 X72.972 Y59.128 E.03213
G1 X72.403 Y59.886 E.03209
G1 X71.75 Y60.652 E.03405
G1 X71.133 Y61.297 E.03023
G1 X70.437 Y61.943 E.03213
G1 X69.704 Y62.546 E.03213
G1 X68.936 Y63.104 E.03213
G1 X68.137 Y63.614 E.03213
G1 X67.308 Y64.077 E.03213
G1 X66.452 Y64.489 E.03213
G1 X65.574 Y64.848 E.03213
M73 P81 R3
G1 X64.676 Y65.155 E.03213
G1 X63.761 Y65.408 E.03213
G1 X62.833 Y65.605 E.03213
G1 X61.894 Y65.747 E.03213
G1 X60.949 Y65.832 E.03213
G1 X60 Y65.86 E.03213
G1 X59.051 Y65.832 E.03213
G1 X58.106 Y65.747 E.03213
G1 X57.168 Y65.605 E.03209
G1 X56.185 Y65.393 E.03405
G1 X55.324 Y65.155 E.03023
G1 X54.426 Y64.848 E.03213
G1 X53.548 Y64.489 E.03213
G1 X52.692 Y64.077 E.03213
G1 X51.863 Y63.614 E.03213
G1 X51.064 Y63.104 E.03213
G1 X50.296 Y62.546 E.03213
G1 X49.563 Y61.943 E.03213
G1 X48.867 Y61.297 E.03213
G1 X48.212 Y60.612 E.03209
G1 X47.564 Y59.842 E.03405
G1 X47.028 Y59.128 E.03023
G1 X46.505 Y58.336 E.03213
G1 X46.03 Y57.514 E.03213
G1 X45.606 Y56.665 E.03213
G1 X45.233 Y55.792 E.03213
G1 X44.913 Y54.899 E.03209
G1 X44.634 Y53.933 E.03405
G1 X44.435 Y53.062 E.03023
G1 X44.28 Y52.127 E.03209
G1 X44.178 Y51.126 E.03406
G1 X44.138 Y50.234 E.03023
G1 X44.152 Y49.284 E.03213
G1 X44.223 Y48.338 E.03213
G1 X44.35 Y47.397 E.03213
G1 X44.534 Y46.466 E.03213
G1 X44.773 Y45.548 E.03213
G1 X45.066 Y44.646 E.03209
G1 X45.436 Y43.711 E.03405
G1 X45.812 Y42.9 E.03023
G1 X46.262 Y42.064 E.03213
G1 X46.76 Y41.257 E.03213
G1 X47.307 Y40.481 E.03213
G1 X47.899 Y39.739 E.03213
G1 X48.534 Y39.033 E.03213
G1 X49.181 Y38.395 E.03077
M204 S500
G1 X48.921 Y38.05 F7200
;TYPE:Outer wall
G1 F1473.915
G1 X49.652 Y37.412 E.03287
G1 X50.423 Y36.815 E.033
G1 X51.229 Y36.266 E.03299
G1 X52.066 Y35.766 E.033
G1 X52.931 Y35.317 E.033
G1 X53.821 Y34.921 E.033
G1 X54.734 Y34.578 E.033
G1 X55.666 Y34.291 E.033
G1 X56.613 Y34.06 E.033
G1 X57.572 Y33.886 E.033
G1 X58.54 Y33.769 E.033
G1 X59.512 Y33.711 E.03298
G1 X60.544 Y33.714 E.03492
G1 X61.46 Y33.769 E.03108
G1 X62.428 Y33.886 E.033
G1 X63.387 Y34.06 E.03299
G1 X64.334 Y34.291 E.033
G1 X65.266 Y34.578 E.033
G1 X66.179 Y34.921 E.033
G1 X67.069 Y35.317 E.03299
G1 X67.934 Y35.766 E.033
G1 X68.771 Y36.266 E.033
G1 X69.577 Y36.815 E.03299
G1 X70.348 Y37.412 E.033
G1 X71.082 Y38.053 E.033
G1 X71.776 Y38.737 E.033
G1 X72.428 Y39.461 E.033
G1 X73.036 Y40.224 E.033
G1 X73.597 Y41.021 E.033
G1 X74.11 Y41.85 E.033
G1 X74.572 Y42.708 E.033
G1 X74.981 Y43.592 E.03298
G1 X75.355 Y44.554 E.03492
G1 X75.639 Y45.427 E.03108
G1 X75.884 Y46.371 E.033
G1 X76.072 Y47.327 E.03299
G1 X76.199 Y48.26 E.03185
G1 X76.277 Y49.299 E.03527
M73 P81 R2
G1 X76.291 Y50.24 E.03187
G1 X76.247 Y51.214 E.03299
G1 X76.145 Y52.183 E.033
G1 X75.985 Y53.145 E.03299
G1 X75.769 Y54.095 E.03298
G1 X75.476 Y55.084 E.03492
G1 X75.166 Y55.949 E.03108
G1 X74.783 Y56.845 E.033
G1 X74.347 Y57.717 E.033
G1 X73.86 Y58.561 E.03299
G1 X73.323 Y59.374 E.033
G1 X72.738 Y60.154 E.03298
G1 X72.069 Y60.939 E.03492
G1 X71.434 Y61.603 E.03108
G1 X70.72 Y62.266 E.03299
G1 X69.967 Y62.885 E.033
G1 X69.178 Y63.458 E.033
G1 X68.356 Y63.983 E.033
G1 X67.505 Y64.457 E.033
G1 X66.627 Y64.88 E.033
G1 X65.725 Y65.25 E.033
G1 X64.802 Y65.565 E.033
G1 X63.863 Y65.824 E.033
G1 X62.909 Y66.027 E.033
G1 X61.945 Y66.172 E.033
G1 X60.974 Y66.26 E.033
G1 X60 Y66.289 E.033
G1 X59.026 Y66.26 E.033
G1 X58.055 Y66.172 E.033
G1 X57.091 Y66.027 E.03298
G1 X56.083 Y65.809 E.03492
G1 X55.198 Y65.565 E.03108
G1 X54.275 Y65.25 E.033
G1 X53.373 Y64.88 E.033
G1 X52.495 Y64.457 E.033
G1 X51.644 Y63.983 E.033
G1 X50.822 Y63.458 E.03299
G1 X50.033 Y62.885 E.033
G1 X49.28 Y62.266 E.03299
G1 X48.566 Y61.603 E.03299
G1 X47.893 Y60.898 E.03298
G1 X47.228 Y60.109 E.03492
G1 X46.677 Y59.374 E.03108
G1 X46.14 Y58.561 E.033
G1 X45.653 Y57.717 E.03299
G1 X45.217 Y56.845 E.033
G1 X44.834 Y55.949 E.033
G1 X44.505 Y55.031 E.03298
G1 X44.219 Y54.04 E.03492
G1 X44.015 Y53.145 E.03108
G1 X43.855 Y52.184 E.03298
G1 X43.75 Y51.157 E.03492
G1 X43.709 Y50.24 E.03108
G1 X43.724 Y49.265 E.033
G1 X43.797 Y48.293 E.03299
G1 X43.928 Y47.327 E.033
G1 X44.116 Y46.371 E.03299
G1 X44.361 Y45.427 E.033
G1 X44.662 Y44.501 E.03298
G1 X45.042 Y43.541 E.03492
G1 X45.428 Y42.708 E.03108
G1 X45.89 Y41.85 E.033
G1 X46.403 Y41.021 E.033
G1 X46.964 Y40.224 E.033
G1 X47.572 Y39.461 E.03299
G1 X48.224 Y38.737 E.033
G1 X48.892 Y38.078 E.03177
M204 S10000
G1 E-.8 F1800
G1 X56.101 Y40.585 Z3.8 F7200
G1 X70.874 Y45.723 Z3.8
G1 Z3.4
G1 E.8 F1800
M204 S1500
;TYPE:Inner wall
;WIDTH:0.519288
G1 F1259.53
G1 X70.943 Y45.925 E.00848
;WIDTH:0.494812
G1 F1327.751
G1 X71.095 Y46.421 E.01948
;WIDTH:0.46962
G1 F1406.14
G1 X71.26 Y47.073 E.02385
;WIDTH:0.423858
G1 F1575.06
G1 X71.39 Y47.743 E.02162
;WIDTH:0.374604
G1 F1808.951
G1 X71.495 Y48.439 E.01943
;WIDTH:0.370896
G1 F1829.402
G1 X71.593 Y49.312 E.02394
;WIDTH:0.397611
G1 F1691.613
G1 X71.616 Y49.731 E.0124
;WIDTH:0.424326
G1 F1573.127
G1 X71.639 Y50.151 E.01334
;WIDTH:0.469662
G1 F1406.002
G1 X71.637 Y50.665 E.01823
;WIDTH:0.498849
G1 F1315.994
G1 X71.616 Y51.053 E.01474
;WIDTH:0.528036
G1 F1236.818
G1 X71.595 Y51.442 E.01569
M204 S10000
G1 E-.8 F1800
G1 X68.002 Y44.708 Z3.8 F7200
G1 X64.894 Y38.882 Z3.8
G1 Z3.4
G1 E.8 F1800
M204 S500
;TYPE:Outer wall
;WIDTH:0.449999
G1 F1473.915
G1 X64.801 Y38.68 E.00753
G1 X65.562 Y37.231 E.0554
G1 X65.659 Y37.085 E.00594
G1 X65.842 Y37.065 E.00623
G1 X66.596 Y37.488 E.02929
G1 X67.283 Y37.929 E.02761
G1 X67.942 Y38.408 E.02759
G1 X68.938 Y39.179 E.04263
G1 X69.621 Y39.726 E.02962
G1 X70.253 Y40.287 E.0286
G1 X70.852 Y40.887 E.02869
G1 X71.08 Y41.158 E.01199
G1 X71.071 Y41.297 E.00472
G1 X69.746 Y42.495 E.06046
G1 X69.525 Y42.463 E.00755
G1 X69.008 Y41.927 E.02521
G1 X68.497 Y41.455 E.02358
G1 X67.956 Y41.011 E.02369
G1 X66.695 Y40.036 E.05394
G1 X66.129 Y39.624 E.02369
G1 X65.543 Y39.247 E.02358
G1 X64.929 Y38.902 E.02386
M204 S10000
G1 E-.8 F1800
G1 X61.409 Y37.934 Z3.8 F7200
G1 Z3.4
G1 E.8 F1800
M204 S500
G1 F1473.915
G1 X60.664 Y37.921 E.02521
G1 X59.968 Y37.948 E.02358
G1 X59.272 Y38.017 E.02369
G1 X57.692 Y38.219 E.05391
G1 X56.926 Y38.344 E.02626
G1 X56.319 Y38.476 E.02103
G1 X55.602 Y38.677 E.02521
G1 X55.476 Y38.666 E.00429
G1 X55.358 Y38.489 E.0072
G1 X54.878 Y36.946 E.0547
G1 X54.874 Y36.853 E.00315
G1 X54.988 Y36.721 E.00589
G1 X55.82 Y36.488 E.02924
G1 X56.617 Y36.314 E.02762
G1 X57.422 Y36.187 E.02759
G1 X58.784 Y36.013 E.04647
G1 X59.646 Y35.924 E.02934
G1 X60.553 Y35.874 E.03075
G1 X61.346 Y35.883 E.02685
G1 X61.599 Y35.92 E.00864
G1 X61.674 Y36.077 E.00587
G1 X61.594 Y37.761 E.05706
G1 X61.554 Y37.867 E.00384
G1 X61.445 Y37.917 E.00405
M204 S10000
G1 E-.8 F1800
G1 X55.684 Y39.138 Z3.8 F7200
G1 Z3.4
G1 E.8 F1800
M204 S1500
;TYPE:Inner wall
;WIDTH:0.528034
G1 F1236.823
G1 X55.727 Y39.124 E.00182
;WIDTH:0.521762
G1 F1253.023
G1 X56.076 Y39.013 E.01458
;WIDTH:0.495715
G1 F1325.103
G1 X56.425 Y38.902 E.01379
;WIDTH:0.469668
G1 F1405.982
G1 X57.004 Y38.751 E.02122
;WIDTH:0.421488
G1 F1584.92
G1 X57.405 Y38.672 E.01288
;WIDTH:0.393845
G1 F1709.767
G1 X57.807 Y38.594 E.01194
;WIDTH:0.366202
G1 F1855.965
G1 X58.659 Y38.474 E.02315
;WIDTH:0.378778
G1 F1786.469
G1 X59.316 Y38.407 E.01842
;WIDTH:0.423858
G1 F1575.06
G1 X59.997 Y38.363 E.02162
;WIDTH:0.469614
G1 F1406.16
G1 X60.669 Y38.359 E.02385
;WIDTH:0.496908
G1 F1321.621
G1 X61.051 Y38.379 E.01445
;WIDTH:0.524202
G1 F1246.67
G1 X61.433 Y38.399 E.01532
M204 S10000
G1 E-.8 F1800
M73 P82 R2
G1 X54.808 Y42.189 Z3.8 F7200
G1 X49.276 Y45.353 Z3.8
G1 Z3.4
G1 E.8 F1800
M204 S1500
;WIDTH:0.520684
G1 F1255.85
G1 X49.451 Y45.016 E.01509
;WIDTH:0.494392
G1 F1328.986
G1 X49.626 Y44.679 E.01426
;WIDTH:0.4681
G1 F1411.167
G1 X49.971 Y44.102 E.02376
;WIDTH:0.42409
G1 F1574.101
G1 X50.353 Y43.536 E.02163
;WIDTH:0.376468
G1 F1798.842
G1 X50.681 Y43.087 E.01543
;WIDTH:0.359952
G1 F1892.553
G1 X51.211 Y42.413 E.0226
;WIDTH:0.388578
G1 F1735.82
G1 X51.49 Y42.092 E.01223
;WIDTH:0.417204
G1 F1603.061
G1 X51.769 Y41.77 E.01325
;WIDTH:0.444656
G1 F1493.518
G1 X52.007 Y41.533 E.01123
;WIDTH:0.472108
G1 F1397.989
G1 X52.245 Y41.295 E.012
;WIDTH:0.521496
G1 F1253.719
G1 X52.789 Y40.805 E.02915
M204 S10000
G1 E-.8 F1800
G1 X50.802 Y48.174 Z3.8 F7200
G1 X49.143 Y54.324 Z3.8
G1 Z3.4
G1 E.8 F1800
M204 S1500
;WIDTH:0.527632
G1 F1237.848
G1 X49.127 Y54.27 E.0023
;WIDTH:0.520228
G1 F1257.05
G1 X49.015 Y53.921 E.01454
;WIDTH:0.49298
G1 F1333.156
G1 X48.904 Y53.572 E.01371
;WIDTH:0.465732
G1 F1419.07
G1 X48.811 Y53.197 E.01358
;WIDTH:0.434986
G1 F1530.355
G1 X48.718 Y52.822 E.01259
;WIDTH:0.40424
G1 F1660.578
G1 X48.565 Y51.978 E.02578
;WIDTH:0.377336
G1 F1794.172
G1 X48.41 Y50.681 E.03632
;WIDTH:0.423328
G1 F1577.254
G1 X48.367 Y49.999 E.02159
;WIDTH:0.465578
G1 F1419.587
G1 X48.361 Y49.327 E.02362
;WIDTH:0.49364
G1 F1331.203
G1 X48.381 Y48.937 E.01466
;WIDTH:0.521702
G1 F1253.18
G1 X48.401 Y48.546 E.01557
M204 S10000
G1 E-.8 F1800
G1 X55.015 Y44.736 Z3.8 F7200
G1 X64.572 Y39.231 Z3.8
G1 Z3.4
G1 E.8 F1800
M204 S1500
;WIDTH:0.535664
G1 F1217.671
G1 X64.667 Y39.285 E.00451
;WIDTH:0.517964
G1 F1263.041
G1 X65.002 Y39.458 E.01486
;WIDTH:0.489513
G1 F1343.505
G1 X65.336 Y39.63 E.01397
;WIDTH:0.461062
G1 F1434.919
G1 X65.703 Y39.855 E.01495
;WIDTH:0.429781
G1 F1550.945
G1 X66.07 Y40.079 E.01383
;WIDTH:0.3985
G1 F1687.384
G1 X66.771 Y40.573 E.02537
;WIDTH:0.377218
G1 F1794.806
G1 X67.711 Y41.317 E.03333
;WIDTH:0.421558
G1 F1584.627
G1 X68.224 Y41.767 E.02148
;WIDTH:0.464022
G1 F1424.833
G1 X68.721 Y42.257 E.02443
;WIDTH:0.494935
G1 F1327.389
G1 X68.978 Y42.544 E.01447
;WIDTH:0.525848
G1 F1242.421
G1 X69.235 Y42.83 E.01546
M204 S10000
G1 E-.8 F1800
G1 X70.863 Y44.785 Z3.8 F7200
G1 Z3.4
G1 E.8 F1800
M204 S500
;TYPE:Internal solid infill
;WIDTH:0.449999
G1 F1473.915
G1 X71.193 Y44.577 E.01319
G1 X72.803 Y44.076 E.05707
G1 X73.267 Y44.046 E.01577
G1 X71.372 Y42.15 E.09074
G1 X70.24 Y43.168 E.05152
G1 X70.053 Y43.249 E.0069
G1 X69.984 Y43.248 E.00233
G1 X70.473 Y44.023 E.03104
G1 X70.845 Y44.749 E.02759
M204 S10000
G1 X71.031 Y44.208 F7200
M204 S500
G1 F1473.915
G1 X72.416 Y43.77 E.04918
G1 X71.357 Y42.711 E.05069
G1 X70.579 Y43.411 E.03541
G1 X70.879 Y43.908 E.01965
G1 X71.013 Y44.172 E.01003
M204 S10000
G1 X71.079 Y43.485 F7200
M204 S500
;WIDTH:0.414634
G1 F1614.144
G1 X71.227 Y43.732 E.00891
G1 X71.685 Y43.59 E.01483
G1 X71.343 Y43.248 E.01496
G1 X71.109 Y43.458 E.00973
M204 S10000
G1 E-.8 F1800
G1 X73.686 Y44.331 Z3.8 F7200
G1 Z3.4
G1 E.8 F1800
M204 S500
;WIDTH:0.38292
G1 F1764.706
G1 X73.953 Y44.64 E.01154
M204 S10000
G1 E-.8 F1800
G1 X75.419 Y49.734 Z3.8 F7200
G1 Z3.4
G1 E.8 F1800
M204 S500
;WIDTH:0.527926
G1 F1237.098
G1 X75.326 Y48.393 E.05421
G1 X75.205 Y47.479 E.03719
G1 X75.037 Y46.571 E.03721
G1 X74.817 Y45.674 E.03725
;WIDTH:0.498718
G1 F1316.374
G1 X74.701 Y45.307 E.01459
G1 X74.591 Y45.342 E.00439
G1 X74.475 Y45.28 E.00498
G1 X74.151 Y44.957 E.01733
G1 X74.335 Y45.62 E.02606
G1 X74.536 Y46.476 E.03334
G1 X74.678 Y47.305 E.0319
;WIDTH:0.52867
G1 F1235.205
G1 X74.83 Y48.443 E.04636
G1 X74.923 Y49.339 E.03637
G1 X74.97 Y50.233 E.03616
;WIDTH:0.480356
G1 F1371.63
G1 X74.965 Y51.129 E.03261
G1 X74.939 Y51.63 E.01826
G1 X74.858 Y51.936 E.01149
;WIDTH:0.454821
G1 F1456.663
G1 X74.442 Y52.357 E.02027
G1 X74.144 Y52.458 E.01079
G1 X73.906 Y52.506 E.0083
G1 X72.447 Y52.437 E.05003
G1 X74.716 Y54.706 E.10992
G1 X74.96 Y53.883 E.0294
G1 X75.165 Y52.983 E.03162
G1 X75.349 Y51.71 E.04407
G1 X75.399 Y51.157 E.01901
G1 X75.419 Y50.647 E.01746
;WIDTH:0.484155
G1 F1359.82
G1 X75.419 Y49.774 E.03205
M204 S10000
G1 E-.8 F1800
G1 X74.339 Y53.177 Z3.8 F7200
G1 Z3.4
G1 E.8 F1800
M204 S500
;WIDTH:0.370596
G1 F1831.077
G1 X74.277 Y53.213 E.00193
G1 X74.339 Y53.248 E.00193
M204 S10000
G1 X73.479 Y52.893 F7200
M204 S500
;WIDTH:0.449999
G1 F1473.915
G1 X74.52 Y53.934 E.04985
G1 X74.677 Y53.295 E.02229
G1 X74.825 Y52.547 E.02579
G1 X74.573 Y52.759 E.01113
G1 X74.053 Y52.897 E.0182
G1 X73.519 Y52.893 E.01809
M204 S10000
G1 E-.8 F1800
G1 X74.77 Y55.302 Z3.8 F7200
G1 Z3.4
G1 E.8 F1800
M204 S500
;WIDTH:0.485008
G1 F1357.196
G1 X71.766 Y52.299 E.15615
G1 X71.658 Y52.816 E.01944
G1 X74.461 Y55.619 E.14572
G1 X74.276 Y56.06 E.01755
G1 X71.526 Y53.309 E.14299
G1 X71.379 Y53.787 E.01838
G1 X72.175 Y54.583 E.04139
M204 S10000
G1 E-.8 F1800
G1 X73.59 Y57.317 Z3.8 F7200
G1 Z3.4
G1 E.8 F1800
M204 S500
;WIDTH:0.486185
G1 F1353.592
G1 X73.874 Y56.763 E.02296
G1 X73.56 Y56.448 E.01639
G1 X73.228 Y57.051 E.02537
G1 X72.769 Y57.786 E.03194
;WIDTH:0.52963
G1 F1232.767
G1 X72.282 Y58.473 E.03406
G1 X71.655 Y59.293 E.04177
G1 X70.719 Y60.429 E.05959
;WIDTH:0.480871
G1 F1370.017
G1 X70.131 Y61.047 E.03106
G1 X69.455 Y61.679 E.0337
G1 X69.22 Y61.837 E.01029
;WIDTH:0.454666
G1 F1457.209
G1 X68.617 Y61.893 E.02076
G1 X68.501 Y61.869 E.00404
G1 X68.088 Y61.633 E.01629
G1 X66.907 Y60.338 E.06001
G1 X66.714 Y60.012 E.01296
G1 X65.983 Y60.465 E.02943
G1 X65.22 Y60.845 E.02917
G1 X65.419 Y61.189 E.01358
G1 X65.92 Y62.799 E.05772
G1 X65.959 Y63.109 E.01071
G1 X65.83 Y63.609 E.01769
G1 X65.398 Y64.016 E.0203
G1 X64.424 Y64.322 E.03496
;WIDTH:0.510068
G1 F1284.391
G1 X63.558 Y64.526 E.03458
G1 X62.691 Y64.676 E.03415
;WIDTH:0.532061
G1 F1226.641
G1 X61.096 Y64.879 E.06542
G1 X60.263 Y64.95 E.03398
;WIDTH:0.495719
G1 F1325.093
G1 X59.35 Y64.975 E.0344
G1 X58.491 Y64.939 E.03236
G1 X58.849 Y65.303 E.01921
G1 X58.84 Y65.387 E.00317
G1 X59.352 Y65.416 E.01932
G1 X59.993 Y65.424 E.02413
G1 X60.915 Y65.385 E.03473
;WIDTH:0.532775
G1 F1224.854
G1 X61.832 Y65.296 E.03755
G1 X62.752 Y65.162 E.03786
G1 X63.63 Y64.989 E.03645
;WIDTH:0.486303
G1 F1353.234
G1 X64.458 Y64.774 E.03156
G1 X65.423 Y64.463 E.03736
;WIDTH:0.454934
G1 F1456.263
G1 X66.113 Y64.188 E.02546
G1 X66.863 Y63.839 E.02833
G1 X67.928 Y63.265 E.04144
G1 X68.707 Y62.767 E.03168
G1 X69.731 Y61.99 E.04404
G1 X70.154 Y61.629 E.01907
;WIDTH:0.503716
G1 F1302.096
G1 X70.823 Y60.992 E.03537
G1 X71.415 Y60.358 E.03325
;WIDTH:0.528721
G1 F1235.074
G1 X71.777 Y59.929 E.02267
G1 X72.599 Y58.874 E.05403
G1 X73.118 Y58.11 E.03728
G1 X73.57 Y57.351 E.03569
M204 S10000
G1 E-.8 F1800
G1 X67.5 Y61.979 Z3.8 F7200
G1 X67.092 Y62.291 Z3.8
G1 Z3.4
G1 E.8 F1800
M204 S500
;WIDTH:0.468634
G1 F1409.397
G1 X67.038 Y62.291 E.00188
G1 X67.012 Y62.337 E.00188
G1 X67.038 Y62.383 E.00188
G1 X67.098 Y62.372 E.00216
M204 S10000
G1 X66.283 Y61.226 F7200
M204 S500
;WIDTH:0.449999
G1 F1473.915
G1 X66.697 Y62.557 E.04717
G1 X66.774 Y62.976 E.01443
G1 X67.51 Y62.566 E.02853
G1 X67.77 Y62.399 E.01046
G1 X67.487 Y62.181 E.01211
G1 X66.501 Y61.102 E.04948
G1 X66.318 Y61.206 E.00715
M204 S10000
G1 X65.791 Y61.016 F7200
M204 S500
G1 F1473.915
G1 X66.279 Y62.582 E.05551
G1 X66.371 Y63.031 E.01554
G1 X66.231 Y63.692 E.02285
G1 X66.932 Y63.354 E.02636
G1 X67.719 Y62.915 E.03048
M73 P83 R2
G1 X68.478 Y62.431 E.03048
G1 X68.654 Y62.3 E.00744
G1 X68.451 Y62.283 E.0069
G1 X67.948 Y62.032 E.01904
G1 X67.673 Y61.782 E.01257
G1 X66.579 Y60.575 E.05516
G1 X66.148 Y60.839 E.01711
G1 X65.827 Y60.998 E.01211
M204 S10000
G1 E-.8 F1800
G1 X58.235 Y61.777 Z3.8 F7200
G1 X57.713 Y61.83 Z3.8
G1 Z3.4
G1 E.8 F1800
M204 S500
G1 F1473.915
G1 X57.045 Y61.682 E.02316
G1 X56.539 Y61.547 E.01773
G1 X55.98 Y61.359 E.01995
G1 X55.917 Y61.742 E.01313
G1 X55.695 Y62.166 E.01622
G1 X57.492 Y63.964 E.08605
G1 X57.582 Y62.092 E.06344
G1 X57.644 Y61.91 E.00652
G1 X57.687 Y61.86 E.0022
M204 S10000
G1 X57.128 Y62.168 F7200
M204 S500
;WIDTH:0.536748
G1 F1214.998
G1 X56.316 Y61.952 E.03448
G1 X56.248 Y62.082 E.00606
G1 X57.091 Y62.926 E.04898
G1 X57.126 Y62.208 E.02952
M204 S10000
G1 E-.8 F1800
G1 X58.558 Y65.558 Z3.8 F7200
G1 Z3.4
G1 E.8 F1800
M204 S500
;WIDTH:0.463571
G1 F1426.36
G1 X55.468 Y62.467 E.15287
G1 X55.263 Y62.857 E.01541
G1 X57.694 Y65.288 E.12025
G1 X56.964 Y65.153 E.02596
G1 X55.055 Y63.245 E.09442
G1 X54.971 Y63.372 E.00534
G1 X54.747 Y63.532 E.00962
G1 X56.274 Y65.058 E.0755
G1 X55.453 Y64.832 E.02979
G1 X54.305 Y63.684 E.05678
G1 X53.753 Y63.727 E.01935
G1 X54.846 Y64.82 E.05405
M204 S10000
G1 E-.8 F1800
G1 X50.88 Y61.789 Z3.8 F7200
G1 Z3.4
G1 E.8 F1800
M204 S500
;WIDTH:0.528607
G1 F1235.365
G1 X50.386 Y61.401 E.0254
G1 X49.577 Y60.726 E.04254
;WIDTH:0.499996
G1 F1312.693
G1 X48.949 Y60.128 E.03297
G1 X48.606 Y59.762 E.01905
G1 X48.454 Y60.107 E.01433
G1 X48.394 Y60.167 E.00323
G1 X49.168 Y60.981 E.04271
G1 X49.853 Y61.599 E.03505
;WIDTH:0.53299
G1 F1224.316
G1 X50.568 Y62.181 E.03757
G1 X51.224 Y62.666 E.03324
G1 X51.936 Y63.142 E.03492
;WIDTH:0.489627
G1 F1343.164
G1 X52.705 Y63.597 E.03317
G1 X53.435 Y63.958 E.03024
G1 X53.346 Y63.869 E.00467
G1 X53.296 Y63.635 E.00889
G1 X53.417 Y63.488 E.00708
G1 X52.944 Y63.223 E.02013
G1 X52.333 Y62.843 E.02672
;WIDTH:0.52039
G1 F1256.624
G1 X51.598 Y62.333 E.03553
G1 X50.912 Y61.813 E.03416
M204 S10000
G1 E-.8 F1800
G1 X50.014 Y56.746 Z3.8 F7200
G1 Z3.4
G1 E.8 F1800
M204 S500
;WIDTH:0.448482
G1 F1479.431
G1 X49.663 Y56.208 E.02168
G1 X49.289 Y55.535 E.02593
G1 X49.122 Y55.187 E.01304
G1 X48.945 Y55.361 E.00837
G1 X47.089 Y55.942 E.06558
G1 X46.586 Y55.899 E.01703
G1 X46.495 Y55.862 E.00331
G1 X48.556 Y57.906 E.09786
G1 X49.659 Y56.903 E.05029
G1 X49.977 Y56.762 E.01173
M204 S10000
G1 X49.419 Y56.58 F7200
M204 S500
;WIDTH:0.449999
G1 F1473.915
G1 X48.963 Y55.786 E.03098
G1 X47.474 Y56.249 E.05278
G1 X48.569 Y57.344 E.05241
G1 X49.386 Y56.601 E.03736
M204 S10000
G1 X48.772 Y56.263 F7200
M204 S500
;WIDTH:0.432656
G1 F1539.504
G1 X48.222 Y56.434 E.01864
G1 X48.582 Y56.793 E.01648
G1 X48.904 Y56.501 E.01409
G1 X48.791 Y56.298 E.00751
M204 S10000
G1 E-.8 F1800
G1 X46.495 Y55.862 Z3.8 F7200
G1 Z3.4
G1 E.8 F1800
M204 S500
;WIDTH:0.426418
G1 F1564.545
G1 X46.127 Y55.532 E.01579
M204 S10000
G1 E-.8 F1800
G1 X46.273 Y47.901 Z3.8 F7200
G1 X46.305 Y46.217 Z3.8
G1 Z3.4
G1 E.8 F1800
M204 S500
;WIDTH:0.46864
G1 F1409.377
G1 X46.252 Y46.217 E.00188
G1 X46.226 Y46.263 E.00188
G1 X46.252 Y46.309 E.00188
G1 X46.312 Y46.298 E.00216
M204 S10000
G1 X47.548 Y46.74 F7200
M204 S500
;WIDTH:0.449999
G1 F1473.915
G1 X47.613 Y46.496 E.00855
G1 X46.323 Y45.816 E.04936
G1 X46.041 Y45.596 E.01211
G1 X45.733 Y46.706 E.03897
G1 X46.259 Y46.679 E.01781
G1 X47.508 Y46.738 E.04233
M204 S10000
G1 X48.105 Y46.296 F7200
M204 S500
G1 F1473.915
G1 X46.663 Y45.535 E.0552
G1 X46.352 Y45.333 E.01255
G1 X45.984 Y44.91 E.01897
G1 X45.916 Y44.709 E.00717
G1 X45.648 Y45.489 E.02793
G1 X45.482 Y46.056 E.01999
G1 X45.328 Y46.647 E.02068
G1 X45.178 Y47.411 E.02636
G1 X45.618 Y47.169 E.01702
G1 X45.858 Y47.098 E.00846
G1 X46.24 Y47.086 E.01294
G1 X47.865 Y47.167 E.05509
G1 X47.985 Y46.669 E.01736
G1 X48.093 Y46.334 E.01191
M204 S10000
G1 X48.526 Y46.318 F7200
M204 S500
;WIDTH:0.454464
G1 F1457.925
G1 X48.627 Y46.004 E.01131
G1 X48.254 Y45.913 E.01314
G1 X46.703 Y45.096 E.05998
G1 X46.341 Y44.716 E.01797
G1 X46.229 Y44.095 E.02158
G1 X46.33 Y43.756 E.01211
G1 X46.576 Y43.295 E.01789
;WIDTH:0.504236
G1 F1300.629
G1 X47.032 Y42.522 E.03441
G1 X47.531 Y41.779 E.03434
;WIDTH:0.533732
G1 F1222.465
G1 X48.068 Y41.056 E.03675
G1 X48.626 Y40.341 E.03702
G1 X49.204 Y39.649 E.03678
;WIDTH:0.489211
G1 F1344.416
G1 X49.819 Y39 E.03319
G1 X50.47 Y38.382 E.03332
G1 X50.632 Y38.25 E.00775
;WIDTH:0.454029
G1 F1459.469
G1 X51.13 Y38.078 E.01801
G1 X51.654 Y38.187 E.0183
G1 X51.96 Y38.408 E.0129
G1 X53.15 Y39.724 E.06066
G1 X53.238 Y40.02 E.01054
G1 X54.015 Y39.534 E.03134
G1 X54.821 Y39.113 E.0311
G1 X54.588 Y38.825 E.01267
G1 X54.073 Y37.17 E.05925
G1 X54.058 Y36.674 E.01696
G1 X54.345 Y36.161 E.02008
G1 X54.422 Y36.075 E.00396
G1 X54.776 Y35.906 E.01342
G1 X55.59 Y35.667 E.029
;WIDTH:0.506802
G1 F1293.433
G1 X56.479 Y35.46 E.03521
G1 X57.309 Y35.318 E.03248
;WIDTH:0.524555
G1 F1245.757
G1 X58.672 Y35.14 E.05504
G1 X59.58 Y35.057 E.03653
G1 X60.519 Y35.019 E.03763
;WIDTH:0.496752
G1 F1322.077
G1 X61.355 Y35.035 E.03156
G1 X61.002 Y34.677 E.01898
G1 X61.009 Y34.595 E.0031
G1 X59.832 Y34.576 E.04442
G1 X58.904 Y34.625 E.03505
;WIDTH:0.52855
G1 F1235.51
G1 X57.711 Y34.757 E.0485
G1 X56.801 Y34.913 E.03725
G1 X55.902 Y35.12 E.03728
;WIDTH:0.485304
G1 F1356.288
G1 X55.015 Y35.38 E.03399
G1 X54.241 Y35.674 E.03044
;WIDTH:0.458487
G1 F1443.811
G1 X53.515 Y35.972 E.02711
G1 X52.76 Y36.347 E.02916
G1 X52.304 Y36.597 E.01795
G1 X51.679 Y36.971 E.02517
G1 X50.915 Y37.492 E.03195
G1 X50.425 Y37.882 E.02164
G1 X49.644 Y38.551 E.03553
;WIDTH:0.507802
G1 F1290.65
G1 X48.915 Y39.271 E.03962
G1 X48.335 Y39.923 E.03372
;WIDTH:0.531331
G1 F1228.476
G1 X47.675 Y40.747 E.04289
G1 X47.33 Y41.225 E.02391
G1 X46.853 Y41.936 E.03479
;WIDTH:0.479695
G1 F1373.706
G1 X46.399 Y42.705 E.03242
G1 X45.972 Y43.536 E.03393
G1 X45.752 Y44.04 E.01998
;WIDTH:0.458325
G1 F1444.374
G1 X45.538 Y44.558 E.01935
G1 X45.26 Y45.364 E.02943
G1 X44.931 Y46.557 E.04276
G1 X44.752 Y47.464 E.03194
G1 X44.668 Y48.174 E.02468
G1 X44.58 Y49.267 E.03789
;WIDTH:0.509173
G1 F1286.855
G1 X44.575 Y50.211 E.03661
G1 X44.625 Y51.086 E.03396
;WIDTH:0.531958
G1 F1226.899
G1 X44.729 Y52.059 E.03977
G1 X44.837 Y52.751 E.0285
G1 X45.004 Y53.592 E.03484
;WIDTH:0.486579
G1 F1352.39
G1 X45.214 Y54.374 E.0299
G1 X45.378 Y54.913 E.02075
G1 X45.49 Y54.877 E.00433
G1 X45.605 Y54.937 E.0048
;WIDTH:0.465604
G1 F1419.5
G1 X45.923 Y55.243 E.0155
G1 X45.736 Y54.608 E.02329
;WIDTH:0.49123
G1 F1338.361
G1 X45.507 Y53.712 E.03445
;WIDTH:0.529159
G1 F1233.962
G1 X45.354 Y52.891 E.03379
G1 X45.227 Y52.001 E.03631
G1 X45.117 Y51.092 E.03704
G1 X45.043 Y50.222 E.0353
;WIDTH:0.486088
G1 F1353.89
G1 X45.022 Y49.302 E.03392
G1 X45.054 Y48.408 E.03295
G1 X45.073 Y48.299 E.00409
;WIDTH:0.452499
G1 F1464.919
G1 X45.319 Y47.833 E.01794
G1 X45.405 Y47.744 E.0042
G1 X45.864 Y47.508 E.0176
G1 X46.22 Y47.492 E.01214
G1 X47.804 Y47.567 E.05399
G1 X48.173 Y47.641 E.01281
G1 X48.369 Y46.808 E.02914
G1 X48.513 Y46.357 E.01616
M204 S10000
G1 E-.8 F1800
G1 X52.914 Y40.12 Z3.8 F7200
G1 X53.415 Y39.411 Z3.8
M73 P84 R2
G1 Z3.4
G1 E.8 F1800
M204 S500
;WIDTH:0.449999
G1 F1473.915
G1 X54.199 Y38.946 E.03085
G1 X53.684 Y37.291 E.05867
G1 X53.646 Y36.735 E.01888
G1 X53.733 Y36.403 E.01161
G1 X53.801 Y36.29 E.00446
G1 X53.295 Y36.528 E.01892
G1 X52.671 Y36.852 E.0238
G1 X51.898 Y37.314 E.03048
G1 X51.335 Y37.698 E.02306
G1 X51.912 Y37.855 E.02023
G1 X52.325 Y38.205 E.01833
G1 X53.388 Y39.381 E.05367
M204 S10000
G1 X53.496 Y38.893 F7200
M204 S500
G1 F1473.915
G1 X53.717 Y38.766 E.00863
G1 X53.296 Y37.412 E.04799
G1 X53.247 Y37.012 E.01364
G1 X52.722 Y37.296 E.0202
G1 X52.237 Y37.585 E.0191
G1 X52.627 Y37.932 E.01764
G1 X53.469 Y38.864 E.04252
M204 S10000
G1 X52.962 Y37.607 F7200
M204 S500
;WIDTH:0.467672
G1 F1412.589
G1 X52.909 Y37.607 E.00188
G1 X52.882 Y37.653 E.00188
G1 X52.909 Y37.699 E.00188
G1 X52.968 Y37.688 E.00214
M204 S10000
G1 E-.8 F1800
G1 X60.423 Y36.051 Z3.8 F7200
G1 X62.217 Y35.658 Z3.8
G1 Z3.4
G1 E.8 F1800
M204 S500
;WIDTH:0.38292
G1 F1764.706
G1 X62.316 Y35.786 E.00457
M204 S10000
G1 X61.334 Y34.369 F7200
M204 S500
;WIDTH:0.466285
G1 F1417.217
G1 X64.518 Y37.553 E.15852
G1 X64.311 Y37.946 E.01561
G1 X62.461 Y36.095 E.09214
G1 X62.434 Y36.667 E.02015
G1 X64.11 Y38.343 E.08347
G1 X64.036 Y38.576 E.0086
G1 X64.083 Y38.72 E.00534
G1 X63.776 Y38.608 E.0115
G1 X62.407 Y37.238 E.0682
G1 X62.368 Y37.798 E.01976
G1 X63.197 Y38.627 E.04126
M204 S10000
G1 X62.294 Y38.152 F7200
M204 S500
;WIDTH:0.389354
G1 F1731.932
G1 X62.23 Y38.19 E.00216
G1 X62.296 Y38.225 E.00216
M204 S10000
G1 E-.8 F1800
G1 X69.586 Y40.485 Z3.8 F7200
G1 X72.279 Y41.32 Z3.8
G1 Z3.4
G1 E.8 F1800
M204 S500
;WIDTH:0.444473
G1 F1494.199
G1 X72.421 Y41.488 E.00734
;WIDTH:0.423878
G1 F1574.977
G1 X72.562 Y41.656 E.00696
M204 S10000
G1 E-.8 F1800
G1 X65.927 Y37.884 Z3.8 F7200
G1 X64.655 Y37.161 Z3.8
G1 Z3.4
G1 E.8 F1800
M204 S500
;WIDTH:0.458581
G1 F1443.485
G1 X64.892 Y36.72 E.01729
G1 X65.216 Y36.385 E.01612
G1 X65.698 Y36.224 E.01754
G1 X66.15 Y36.284 E.01576
G1 X67.013 Y36.745 E.03385
;WIDTH:0.507056
G1 F1292.725
G1 X67.789 Y37.228 E.03526
G1 X68.476 Y37.715 E.03249
;WIDTH:0.526808
G1 F1239.958
G1 X69.477 Y38.482 E.05074
G1 X70.174 Y39.053 E.03624
G1 X70.836 Y39.656 E.03604
;WIDTH:0.456354
G1 F1451.262
G1 X71.46 Y40.3 E.03082
G1 X71.728 Y40.602 E.01387
G1 X71.89 Y40.953 E.0133
G1 X71.845 Y41.472 E.01792
G1 X74.143 Y43.77 E.11171
G1 X73.824 Y43.082 E.02605
G1 X73.386 Y42.268 E.03179
G1 X72.9 Y41.481 E.03179
G1 X72.367 Y40.725 E.03179
G1 X72.028 Y40.306 E.01854
G1 X71.351 Y39.54 E.03516
;WIDTH:0.507758
G1 F1290.775
G1 X70.718 Y38.908 E.03454
G1 X70.069 Y38.331 E.03359
;WIDTH:0.52682
G1 F1239.925
G1 X69.064 Y37.533 E.05162
G1 X68.308 Y37.005 E.03712
G1 X67.521 Y36.521 E.03716
;WIDTH:0.45726
G1 F1448.087
G1 X66.707 Y36.084 E.03184
G1 X65.959 Y35.738 E.02839
G1 X65.233 Y35.458 E.0268
G1 X64.755 Y35.295 E.01742
G1 X64.112 Y35.097 E.02317
G1 X63.214 Y34.877 E.03186
G1 X62.196 Y34.702 E.03556
G1 X64.627 Y37.132 E.1184
M204 S10000
G1 X64.553 Y36.393 F7200
M204 S500
;WIDTH:0.577055
G1 F1123.312
G1 X64.878 Y36.037 E.02142
G1 X65.124 Y35.92 E.01207
G1 X63.987 Y35.55 E.05309
G1 X63.621 Y35.461 E.01672
G1 X64.524 Y36.365 E.05674
M204 S10000
G1 E-.8 F1800
G1 X70.367 Y41.275 Z3.8 F7200
G1 X74.79 Y44.993 Z3.8
G1 Z3.4
G1 E.8 F1800
M204 S500
;WIDTH:0.531415
G1 F1228.262
G1 X71.484 Y41.687 E.18992
M204 S10000
G1 E-.8 F1800
G1 X64.702 Y45.189 Z3.8 F7200
G1 X45.315 Y55.198 Z3.8
G1 Z3.4
G1 E.8 F1800
M204 S500
;WIDTH:0.470357
G1 F1403.716
G1 X48.332 Y58.215 E.15162
G1 X48.16 Y58.647 E.01654
G1 X45.836 Y56.324 E.11678
G1 X45.92 Y56.519 E.00755
G1 X46.335 Y57.35 E.033
G1 X46.441 Y57.533 E.00753
G1 X48.248 Y59.34 E.09084
G1 X48.287 Y59.521 E.00656
G1 X48.159 Y59.856 E.01274
G1 X46.818 Y58.515 E.0674
; stop printing object fidget-finger-massager-2000-ring.stl id:15 copy 0
M106 S117
;LAYER_CHANGE
;Z:3.6
;HEIGHT:0.2
G92 E0
;_SET_FAN_SPEED_CHANGING_LAYER
; printing object fidget-finger-massager-2000-ring.stl id:15 copy 0
M204 S10000
G1 E-.8 F1800
G1 X46.76 Y50.882 Z4 F7200
G1 X46.711 Y44.412 Z4
G1 Z3.6
G1 E.8 F1800
M204 S1500
;TYPE:Inner wall
;WIDTH:0.449999
G1 F1473.915
G1 X46.645 Y44.072 E.01175
G1 X46.946 Y43.497 E.02196
G1 X47.399 Y42.752 E.02952
G1 X47.894 Y42.038 E.02942
G1 X49.056 Y40.521 E.06465
G1 X49.538 Y39.934 E.02573
G1 X50.125 Y39.293 E.02942
G1 X50.833 Y38.61 E.0333
G1 X51.188 Y38.482 E.01278
G1 X51.579 Y38.595 E.01377
G1 X52.834 Y39.981 E.06328
;WIDTH:0.452543
G1 F1464.761
G1 X52.935 Y40.487 E.01757
;WIDTH:0.487019
G1 F1351.052
G1 X52.862 Y40.646 E.00647
;WIDTH:0.521494
G1 F1253.725
G1 X52.789 Y40.805 E.00697
G1 X53.283 Y40.475 E.02364
;WIDTH:0.485747
G1 F1354.933
G1 X53.777 Y40.144 E.02188
;WIDTH:0.449999
G1 F1473.915
G1 X54.22 Y39.885 E.01738
G1 X55.296 Y39.335 E.0409
;WIDTH:0.489017
G1 F1345
G1 X55.49 Y39.236 E.00807
;WIDTH:0.528034
G1 F1236.823
G1 X55.684 Y39.138 E.00878
G1 X55.489 Y39.096 E.00804
;WIDTH:0.489017
G1 F1345
G1 X55.294 Y39.054 E.00739
;WIDTH:0.449999
G1 F1473.915
G1 X54.97 Y38.683 E.0167
G1 X54.469 Y37.073 E.05706
G1 X54.448 Y36.801 E.00923
G1 X54.645 Y36.436 E.01403
G1 X54.887 Y36.303 E.00937
G1 X55.704 Y36.075 E.02871
G1 X56.526 Y35.895 E.02846
G1 X57.355 Y35.763 E.02844
G1 X58.726 Y35.588 E.04677
G1 X59.604 Y35.496 E.0299
G1 X60.474 Y35.448 E.02948
G1 X61.561 Y35.461 E.03678
G1 X61.87 Y35.589 E.01134
G1 X62.082 Y35.911 E.01304
G1 X62.09 Y36.353 E.01497
G1 X62.022 Y37.781 E.04838
G1 X61.887 Y38.137 E.01288
;WIDTH:0.487101
G1 F1350.802
G1 X61.66 Y38.268 E.00967
;WIDTH:0.524202
G1 F1246.67
G1 X61.433 Y38.399 E.01048
G1 X61.736 Y38.461 E.01235
;WIDTH:0.487101
G1 F1350.802
G1 X62.038 Y38.523 E.0114
;WIDTH:0.449999
G1 F1473.915
G1 X62.7 Y38.665 E.02293
G1 X63.431 Y38.866 E.02564
;WIDTH:0.487564
G1 F1349.396
G1 X63.978 Y39.042 E.02124
;WIDTH:0.525128
G1 F1244.276
G1 X64.525 Y39.217 E.02304
;WIDTH:0.535668
G1 F1217.661
G1 X64.572 Y39.231 E.00198
G1 X64.478 Y38.919 E.01332
;WIDTH:0.492834
G1 F1333.59
G1 X64.384 Y38.608 E.01216
;WIDTH:0.449999
G1 F1473.915
G1 X64.639 Y38.066 E.02028
G1 X65.227 Y36.947 E.04279
G1 X65.37 Y36.768 E.00775
G1 X65.68 Y36.627 E.01154
G1 X66.067 Y36.699 E.01333
G1 X66.806 Y37.115 E.02871
G1 X67.514 Y37.568 E.02846
G1 X68.194 Y38.062 E.02844
G1 X69.198 Y38.838 E.04295
G1 X69.888 Y39.391 E.02994
G1 X70.539 Y39.968 E.02944
G1 X71.156 Y40.585 E.02953
G1 X71.44 Y40.91 E.01461
G1 X71.5 Y41.073 E.00588
G1 X71.452 Y41.471 E.01358
G1 X71.125 Y41.827 E.01636
G1 X70.067 Y42.789 E.04838
G1 X69.919 Y42.888 E.00605
;WIDTH:0.478806
G1 F1376.508
G1 X69.618 Y42.883 E.01092
;WIDTH:0.507612
G1 F1291.178
G1 X69.316 Y42.878 E.01164
;WIDTH:0.525846
G1 F1242.426
G1 X69.235 Y42.83 E.00378
G1 X69.486 Y43.211 E.01829
;WIDTH:0.487923
G1 F1348.307
G1 X69.736 Y43.592 E.01686
;WIDTH:0.449999
G1 F1473.915
G1 X70.127 Y44.237 E.02552
G1 X70.583 Y45.121 E.03367
;WIDTH:0.484645
G1 F1358.313
G1 X70.728 Y45.422 E.01228
;WIDTH:0.51929
G1 F1259.525
G1 X70.874 Y45.723 E.01324
G1 X70.933 Y45.462 E.01059
;WIDTH:0.484645
G1 F1358.313
G1 X70.993 Y45.202 E.00982
;WIDTH:0.449999
G1 F1473.915
G1 X71.314 Y44.966 E.01347
G1 X72.923 Y44.465 E.05706
G1 X73.108 Y44.437 E.00633
G1 X73.475 Y44.563 E.01311
G1 X73.693 Y44.884 E.01313
G1 X73.921 Y45.701 E.02871
G1 X74.101 Y46.522 E.02846
G1 X74.233 Y47.351 E.02844
G1 X74.38 Y48.498 E.03914
M73 P85 R2
G1 X74.48 Y49.377 E.02993
G1 X74.539 Y50.245 E.02943
G1 X74.546 Y51.117 E.02952
G1 X74.515 Y51.656 E.01828
G1 X74.471 Y51.768 E.00407
G1 X74.167 Y52.05 E.01402
G1 X73.802 Y52.094 E.01244
G1 X72.215 Y52.018 E.05379
G1 X71.759 Y51.779 E.01742
;WIDTH:0.489373
G1 F1343.928
G1 X71.677 Y51.61 E.007
;WIDTH:0.528746
G1 F1235.01
G1 X71.595 Y51.44 E.00761
G1 X71.469 Y52.054 E.0253
;WIDTH:0.489373
G1 F1343.928
G1 X71.343 Y52.667 E.02325
;WIDTH:0.449999
G1 F1473.915
G1 X71.128 Y53.449 E.02744
;WIDTH:0.452545
G1 F1464.754
G1 X70.827 Y54.309 E.03105
;WIDTH:0.48702
G1 F1351.049
G1 X70.768 Y54.486 E.00687
;WIDTH:0.521494
G1 F1253.725
G1 X70.71 Y54.663 E.00741
G1 X70.845 Y54.552 E.00697
;WIDTH:0.48702
G1 F1351.049
G1 X70.981 Y54.442 E.00646
;WIDTH:0.452545
G1 F1464.754
G1 X71.503 Y54.411 E.01781
;WIDTH:0.449999
G1 F1473.915
G1 X72.821 Y55.103 E.05037
G1 X73.17 Y55.307 E.01369
G1 X73.361 Y55.628 E.01263
G1 X73.297 Y56.063 E.0149
G1 X72.88 Y56.804 E.02879
G1 X72.428 Y57.51 E.02838
G1 X71.934 Y58.19 E.02844
G1 X70.979 Y59.426 E.05286
G1 X70.423 Y60.106 E.02973
G1 X69.853 Y60.725 E.0285
G1 X69.217 Y61.339 E.02991
G1 X69.035 Y61.461 E.0074
G1 X68.609 Y61.482 E.01444
G1 X68.342 Y61.311 E.01075
G1 X67.208 Y60.064 E.05706
G1 X67.064 Y59.79 E.01046
;WIDTH:0.485387
G1 F1356.035
G1 X67.128 Y59.498 E.01098
;WIDTH:0.520774
G1 F1255.614
G1 X67.192 Y59.207 E.01186
G1 X66.888 Y59.409 E.01453
;WIDTH:0.485387
G1 F1356.035
G1 X66.583 Y59.612 E.01345
;WIDTH:0.449999
G1 F1473.915
G1 X66.107 Y59.913 E.01908
G1 X65.451 Y60.288 E.02555
;WIDTH:0.48585
G1 F1354.617
G1 X64.886 Y60.572 E.0233
;WIDTH:0.5217
G1 F1253.185
G1 X64.321 Y60.857 E.02519
G1 X64.618 Y60.977 E.01274
;WIDTH:0.48585
G1 F1354.617
G1 X64.914 Y61.098 E.01178
;WIDTH:0.449999
G1 F1473.915
G1 X65.03 Y61.31 E.00818
G1 X65.531 Y62.92 E.05707
G1 X65.554 Y63.025 E.00367
G1 X65.492 Y63.379 E.01214
G1 X65.146 Y63.679 E.01552
G1 X64.309 Y63.912 E.0294
G1 X63.474 Y64.097 E.02893
G1 X62.645 Y64.229 E.02844
G1 X61.039 Y64.435 E.0548
G1 X60.22 Y64.515 E.02784
G1 X59.38 Y64.55 E.02846
G1 X58.497 Y64.535 E.02991
G1 X58.34 Y64.511 E.00538
G1 X57.99 Y64.248 E.01481
G1 X57.898 Y63.895 E.01233
G1 X57.978 Y62.211 E.05706
G1 X57.995 Y62.092 E.00408
;WIDTH:0.486107
G1 F1353.83
G1 X58.351 Y61.658 E.02067
;WIDTH:0.527636
G1 F1237.838
G1 X58.543 Y61.592 E.00817
G1 X58.041 Y61.489 E.02064
;WIDTH:0.488818
G1 F1345.601
G1 X57.539 Y61.387 E.01899
;WIDTH:0.449999
G1 F1473.915
G1 X56.925 Y61.23 E.02145
G1 X55.888 Y60.9 E.03684
;WIDTH:0.489009
G1 F1345.025
G1 X55.629 Y60.812 E.01015
;WIDTH:0.528018
G1 F1236.864
G1 X55.37 Y60.724 E.01103
G1 X55.492 Y60.934 E.00978
;WIDTH:0.489009
G1 F1345.025
G1 X55.614 Y61.143 E.009
;WIDTH:0.449999
G1 F1473.915
G1 X55.524 Y61.616 E.0163
G1 X54.773 Y63.045 E.05465
G1 X54.47 Y63.324 E.01395
G1 X54.102 Y63.358 E.0125
G1 X53.304 Y62.939 E.03051
G1 X52.566 Y62.475 E.02951
G1 X51.859 Y61.969 E.02942
G1 X50.57 Y60.975 E.05509
G1 X49.89 Y60.419 E.02973
G1 X49.271 Y59.849 E.0285
G1 X48.657 Y59.214 E.02991
G1 X48.594 Y59.137 E.00334
G1 X48.492 Y58.702 E.01514
G1 X48.686 Y58.338 E.01395
G1 X49.933 Y57.204 E.05706
G1 X50.36 Y57.045 E.01543
;WIDTH:0.485513
G1 F1355.649
G1 X50.584 Y57.126 E.00878
;WIDTH:0.521026
G1 F1254.952
G1 X50.809 Y57.207 E.00948
G1 X50.658 Y56.981 E.01078
;WIDTH:0.485513
G1 F1355.649
G1 X50.508 Y56.756 E.00998
;WIDTH:0.449999
G1 F1473.915
G1 X50.074 Y56.096 E.02674
G1 X49.698 Y55.432 E.02582
;WIDTH:0.486103
G1 F1353.843
G1 X49.237 Y54.51 E.03798
;WIDTH:0.527632
G1 F1237.848
G1 X49.143 Y54.324 E.00839
G1 X49.128 Y54.527 E.00817
;WIDTH:0.486103
G1 F1353.843
G1 X48.797 Y54.979 E.02067
;WIDTH:0.449999
G1 F1473.915
G1 X47.077 Y55.527 E.06113
G1 X46.71 Y55.526 E.0124
G1 X46.365 Y55.247 E.01505
G1 X46.145 Y54.523 E.0256
G1 X45.943 Y53.674 E.02955
G1 X45.795 Y52.817 E.02942
G1 X45.562 Y51.035 E.06084
G1 X45.488 Y50.29 E.02534
G1 X45.447 Y49.347 E.03197
G1 X45.461 Y48.493 E.0289
G1 X45.666 Y48.048 E.01659
G1 X46.012 Y47.89 E.01285
G1 X47.359 Y47.954 E.04567
G1 X47.978 Y48.015 E.02103
;WIDTH:0.485851
G1 F1354.614
G1 X48.189 Y48.281 E.01251
;WIDTH:0.521702
G1 F1253.18
G1 X48.401 Y48.546 E.01352
G1 X48.484 Y48.146 E.01626
;WIDTH:0.485851
G1 F1354.614
G1 X48.566 Y47.746 E.01504
;WIDTH:0.449999
G1 F1473.915
G1 X48.764 Y46.908 E.02915
G1 X49.032 Y46.062 E.03005
;WIDTH:0.485342
G1 F1356.173
G1 X49.154 Y45.707 E.01379
;WIDTH:0.520684
G1 F1255.85
G1 X49.276 Y45.353 E.01489
G1 X49.019 Y45.488 E.01155
;WIDTH:0.485342
G1 F1356.173
G1 X48.761 Y45.622 E.01069
;WIDTH:0.449999
G1 F1473.915
G1 X48.443 Y45.553 E.01101
G1 X46.948 Y44.768 E.05717
G1 X46.747 Y44.597 E.00893
G1 X46.719 Y44.452 E.005
M204 S500
G1 X47.089 Y44.338 F7200
;TYPE:Outer wall
G1 F1473.915
G1 X47.069 Y44.152 E.00634
G1 X47.319 Y43.707 E.01727
G1 X47.76 Y42.983 E.02867
G1 X48.241 Y42.29 E.02858
G1 X49.395 Y40.783 E.06423
G1 X49.869 Y40.205 E.02531
G1 X50.44 Y39.584 E.02854
G1 X51.049 Y38.991 E.02877
G1 X51.201 Y38.911 E.00583
G1 X51.341 Y38.97 E.00515
G1 X52.475 Y40.217 E.05706
G1 X52.514 Y40.396 E.0062
G1 X51.501 Y41.453 E.04955
G1 X51.018 Y42.036 E.02562
G1 X50.04 Y43.301 E.05413
G1 X49.628 Y43.867 E.02369
G1 X49.251 Y44.453 E.02358
G1 X48.886 Y45.102 E.02521
G1 X48.737 Y45.194 E.00592
G1 X48.265 Y44.976 E.0176
G1 X47.149 Y44.389 E.04268
G1 X47.12 Y44.364 E.00131
M204 S10000
G1 E-.8 F1800
G1 X45.951 Y48.368 Z4 F7200
G1 Z3.6
G1 E.8 F1800
M204 S500
G1 F1473.915
G1 X46.081 Y48.322 E.00465
G1 X47.765 Y48.402 E.05706
G1 X47.834 Y48.42 E.00244
G1 X47.938 Y48.587 E.00667
G1 X47.924 Y49.332 E.02521
G1 X47.952 Y50.028 E.02358
G1 X48.021 Y50.725 E.02369
G1 X48.223 Y52.305 E.05393
G1 X48.332 Y52.996 E.02369
G1 X48.48 Y53.677 E.02358
G1 X48.68 Y54.394 E.02521
G1 X48.686 Y54.467 E.00248
G1 X48.559 Y54.617 E.00663
G1 X46.949 Y55.118 E.05707
G1 X46.84 Y55.118 E.0037
G1 X46.72 Y54.993 E.00587
G1 X46.485 Y54.148 E.02968
G1 X46.362 Y53.582 E.0196
G1 X46.218 Y52.75 E.02858
G1 X45.987 Y50.981 E.06042
G1 X45.915 Y50.248 E.02491
G1 X45.875 Y49.33 E.03109
G1 X45.89 Y48.501 E.02808
G1 X45.934 Y48.404 E.00359
M204 S10000
G1 E-.8 F1800
G1 X48.046 Y55.739 Z4 F7200
G1 X48.916 Y58.764 Z4
G1 Z3.6
G1 E.8 F1800
M204 S500
G1 F1473.915
G1 X48.974 Y58.655 E.00416
G1 X50.221 Y57.521 E.05706
G1 X50.348 Y57.474 E.0046
G1 X50.475 Y57.529 E.00467
G1 X50.983 Y58.056 E.02478
G1 X51.495 Y58.53 E.0236
G1 X51.952 Y58.906 E.02007
G1 X53.305 Y59.957 E.05797
G1 X53.871 Y60.368 E.02369
G1 X54.457 Y60.745 E.02358
G1 X55.106 Y61.11 E.02521
G1 X55.195 Y61.232 E.00509
G1 X55.144 Y61.417 E.0065
G1 X54.394 Y62.846 E.05465
G1 X54.303 Y62.929 E.00416
G1 X54.143 Y62.92 E.00543
G1 X53.404 Y62.504 E.02871
G1 X52.797 Y62.115 E.02441
G1 X52.111 Y61.623 E.02857
G1 X50.832 Y60.636 E.05467
G1 X50.161 Y60.088 E.02934
G1 X49.562 Y59.534 E.02763
G1 X48.965 Y58.916 E.02907
G1 X48.928 Y58.802 E.00407
M204 S10000
G1 E-.8 F1800
G1 X55.852 Y55.589 Z4 F7200
G1 X71.124 Y48.503 Z4
G1 Z3.6
G1 E.8 F1800
M204 S500
G1 F1473.915
G1 X71.203 Y49.289 E.02674
G1 X71.221 Y50.003 E.0242
G1 X71.199 Y50.644 E.02169
G1 X71.136 Y51.339 E.02362
G1 X70.923 Y52.584 E.04275
G1 X70.715 Y53.335 E.02637
G1 X70.422 Y54.164 E.02979
G1 X70.086 Y54.923 E.02808
G1 X69.695 Y55.654 E.02808
G1 X69.318 Y56.248 E.02378
G1 X68.756 Y57.02 E.03236
G1 X68.383 Y57.451 E.01928
G1 X67.935 Y57.924 E.02205
G1 X67.49 Y58.35 E.02086
G1 X66.996 Y58.774 E.02203
G1 X66.329 Y59.267 E.02808
G1 X65.879 Y59.551 E.01801
G1 X65.251 Y59.909 E.02448
G1 X64.135 Y60.432 E.04171
G1 X63.454 Y60.673 E.02446
G1 X62.814 Y60.856 E.02251
G1 X62.179 Y61 E.02205
G1 X60.914 Y61.184 E.04324
G1 X60.086 Y61.221 E.02808
G1 X59.345 Y61.197 E.02508
G1 X58.648 Y61.134 E.02371
G1 X57.615 Y60.965 E.03542
G1 X57.032 Y60.815 E.02038
G1 X56.025 Y60.494 E.03577
G1 X55.553 Y60.294 E.01736
G1 X54.883 Y59.979 E.02505
G1 X54.321 Y59.672 E.02168
G1 X53.814 Y59.362 E.02011
G1 X53.139 Y58.88 E.02808
G1 X52.538 Y58.377 E.02651
G1 X52.064 Y57.927 E.02213
G1 X51.626 Y57.46 E.02168
G1 X51.177 Y56.925 E.02364
G1 X50.848 Y56.495 E.01832
G1 X50.432 Y55.861 E.02566
G1 X50.073 Y55.224 E.02475
G1 X49.643 Y54.323 E.0338
G1 X49.351 Y53.546 E.02808
G1 X49.136 Y52.805 E.02613
G1 X48.993 Y52.168 E.02209
G1 X48.831 Y51.117 E.03599
G1 X48.779 Y50.289 E.02808
G1 X48.79 Y49.434 E.02895
G1 X48.858 Y48.635 E.02714
G1 X48.989 Y47.814 E.02814
G1 X49.18 Y47.007 E.02808
G1 X49.44 Y46.192 E.02895
G1 X49.707 Y45.525 E.0243
G1 X50.019 Y44.871 E.02454
G1 X50.33 Y44.311 E.02166
G1 X50.676 Y43.758 E.02208
G1 X50.991 Y43.3 E.01882
G1 X51.51 Y42.653 E.02808
G1 X52.071 Y42.052 E.02784
G1 X52.541 Y41.615 E.02171
G1 X53.078 Y41.168 E.02366
G1 X54.018 Y40.498 E.03907
G1 X54.736 Y40.082 E.02808
G1 X55.482 Y39.72 E.02808
G1 X56.254 Y39.415 E.02808
G1 X57.045 Y39.167 E.02808
G1 X57.835 Y38.983 E.02744
G1 X58.673 Y38.85 E.02872
G1 X59.346 Y38.796 E.02287
G1 X60 Y38.778 E.02212
G1 X60.64 Y38.796 E.02167
G1 X61.157 Y38.831 E.01755
G1 X61.978 Y38.947 E.02808
G1 X62.609 Y39.084 E.02186
G1 X63.309 Y39.277 E.02457
G1 X64.36 Y39.653 E.03778
G1 X65.112 Y40.003 E.02808
G1 X65.693 Y40.328 E.02252
G1 X66.243 Y40.677 E.02207
G1 X67.185 Y41.372 E.03962
M73 P86 R2
G1 X67.802 Y41.926 E.02808
G1 X68.377 Y42.524 E.02808
G1 X68.836 Y43.079 E.02437
G1 X69.386 Y43.84 E.03178
G1 X69.76 Y44.458 E.02445
G1 X70.2 Y45.313 E.03257
G1 X70.446 Y45.901 E.02156
G1 X70.679 Y46.559 E.02364
G1 X70.857 Y47.174 E.02167
G1 X70.979 Y47.659 E.01693
G1 X71.12 Y48.463 E.02761
M204 S10000
G1 E-.8 F1800
G1 X65.097 Y53.151 Z4 F7200
G1 X55.37 Y60.724 Z4
G1 Z3.6
G1 E.8 F1800
M204 S1500
;TYPE:Inner wall
;WIDTH:0.528018
G1 F1236.864
G1 X55.334 Y60.705 E.00164
;WIDTH:0.522234
G1 F1251.789
G1 X55.008 Y60.537 E.0146
;WIDTH:0.496188
G1 F1323.72
G1 X54.683 Y60.369 E.0138
;WIDTH:0.470142
G1 F1404.422
G1 X54.105 Y60.026 E.02388
;WIDTH:0.422634
G1 F1580.137
G1 X53.822 Y59.836 E.01078
;WIDTH:0.397192
G1 F1693.614
G1 X53.539 Y59.645 E.01005
;WIDTH:0.37175
G1 F1824.651
G1 X52.887 Y59.159 E.02223
;WIDTH:0.376088
G1 F1800.893
G1 X52.201 Y58.604 E.02445
;WIDTH:0.422632
G1 F1580.145
G1 X51.776 Y58.225 E.01797
;WIDTH:0.470144
G1 F1404.415
G1 X51.298 Y57.752 E.02388
;WIDTH:0.495585
G1 F1325.483
G1 X51.054 Y57.479 E.01378
;WIDTH:0.521026
G1 F1254.952
G1 X50.809 Y57.207 E.01456
M204 S10000
G1 E-.8 F1800
G1 X57.269 Y61.272 Z4 F7200
G1 X58.532 Y62.067 Z4
G1 Z3.6
G1 E.8 F1800
M204 S500
;TYPE:Outer wall
;WIDTH:0.449999
G1 F1473.915
G1 X59.164 Y62.069 E.02141
G1 X60.02 Y62.045 E.02897
G1 X60.723 Y61.976 E.0239
G1 X62.315 Y61.773 E.05432
G1 X63 Y61.665 E.02349
G1 X63.545 Y61.545 E.01887
G1 X64.398 Y61.316 E.02992
G1 X64.606 Y61.388 E.00745
G1 X65.129 Y63.078 E.05988
G1 X65.11 Y63.184 E.00362
G1 X64.997 Y63.276 E.00496
G1 X64.152 Y63.511 E.02969
G1 X63.383 Y63.679 E.02662
G1 X62.578 Y63.806 E.02759
G1 X60.984 Y64.009 E.05438
G1 X60.178 Y64.089 E.02742
G1 X59.363 Y64.122 E.02761
G1 X58.505 Y64.106 E.02907
G1 X58.354 Y64.021 E.00588
G1 X58.338 Y63.656 E.01237
G1 X58.406 Y62.232 E.04826
G1 X58.507 Y62.099 E.00566
M204 S10000
G1 E-.8 F1800
G1 X64.321 Y60.857 Z4 F7200
G1 Z3.6
G1 E.8 F1800
M204 S1500
;TYPE:Inner wall
;WIDTH:0.5217
G1 F1253.185
G1 X64.274 Y60.872 E.00197
;WIDTH:0.514706
G1 F1271.763
G1 X63.863 Y60.999 E.01687
;WIDTH:0.482424
G1 F1365.175
G1 X63.452 Y61.126 E.01572
;WIDTH:0.450142
G1 F1473.398
G1 X63.034 Y61.224 E.01455
;WIDTH:0.420278
G1 F1590.002
G1 X62.615 Y61.322 E.01349
;WIDTH:0.390414
G1 F1726.649
G1 X61.769 Y61.462 E.02478
;WIDTH:0.3761
G1 F1800.828
G1 X60.684 Y61.586 E.03025
;WIDTH:0.41893
G1 F1595.702
G1 X60.003 Y61.632 E.02134
;WIDTH:0.445044
G1 F1492.077
G1 X59.588 Y61.631 E.01389
;WIDTH:0.471158
G1 F1401.09
G1 X59.172 Y61.63 E.0148
;WIDTH:0.499397
G1 F1314.415
G1 X58.857 Y61.611 E.01197
;WIDTH:0.527636
G1 F1237.838
G1 X58.543 Y61.592 E.01271
M204 S10000
G1 E-.8 F1800
G1 X66.008 Y60.007 Z4 F7200
G1 X67.482 Y59.694 Z4
G1 Z3.6
G1 E.8 F1800
M204 S500
;TYPE:Outer wall
;WIDTH:0.449999
G1 F1473.915
G1 X67.533 Y59.522 E.00606
G1 X68.086 Y58.986 E.02607
G1 X68.542 Y58.493 E.02273
G1 X68.986 Y57.952 E.02369
G1 X69.96 Y56.691 E.05394
G1 X70.372 Y56.126 E.02368
G1 X70.761 Y55.517 E.02444
G1 X71.114 Y54.89 E.02436
G1 X71.186 Y54.82 E.00341
G1 X71.357 Y54.819 E.0058
G1 X72.85 Y55.603 E.05706
G1 X72.943 Y55.723 E.00515
G1 X72.903 Y55.891 E.00583
G1 X72.507 Y56.593 E.02727
G1 X72.067 Y57.279 E.02759
G1 X71.588 Y57.938 E.02759
G1 X70.64 Y59.164 E.05244
G1 X70.091 Y59.835 E.02934
G1 X69.538 Y60.435 E.02763
G1 X68.92 Y61.031 E.02907
G1 X68.711 Y61.08 E.00726
G1 X67.525 Y59.775 E.05969
G1 X67.501 Y59.729 E.00176
M204 S10000
G1 E-.8 F1800
G1 X70.71 Y54.663 Z4 F7200
G1 Z3.6
G1 E.8 F1800
M204 S1500
;TYPE:Inner wall
;WIDTH:0.521494
G1 F1253.725
G1 X70.548 Y54.977 E.01408
;WIDTH:0.495104
G1 F1326.893
G1 X70.386 Y55.292 E.01331
;WIDTH:0.468714
G1 F1409.132
G1 X70.209 Y55.593 E.01235
;WIDTH:0.442939
G1 F1499.929
G1 X70.032 Y55.893 E.0116
;WIDTH:0.417164
G1 F1603.232
G1 X69.791 Y56.244 E.01324
;WIDTH:0.388557
G1 F1735.925
G1 X69.55 Y56.595 E.01222
;WIDTH:0.35995
G1 F1892.565
G1 X69.032 Y57.277 E.0226
;WIDTH:0.37647
G1 F1798.831
G1 X68.679 Y57.708 E.01543
;WIDTH:0.424928
G1 F1570.648
G1 X68.228 Y58.219 E.02168
;WIDTH:0.465234
G1 F1420.744
G1 X67.774 Y58.681 E.02274
;WIDTH:0.493004
G1 F1333.084
G1 X67.483 Y58.944 E.01467
;WIDTH:0.520774
G1 F1255.614
G1 X67.192 Y59.207 E.01558
M204 S10000
G1 E-.8 F1800
G1 X62.207 Y53.427 Z4 F7200
G1 X49.346 Y38.514 Z4
G1 Z3.6
G1 E.8 F1800
M204 S1500
;WIDTH:0.449999
G1 F1473.915
G1 X50.052 Y37.897 E.03172
G1 X50.793 Y37.324 E.03172
G1 X51.567 Y36.796 E.03172
G1 X52.372 Y36.315 E.03172
G1 X53.204 Y35.884 E.03172
G1 X54.06 Y35.502 E.03172
G1 X54.937 Y35.173 E.03172
G1 X55.833 Y34.897 E.03172
G1 X56.743 Y34.675 E.03172
G1 X57.665 Y34.507 E.03172
G1 X58.596 Y34.395 E.03172
G1 X59.531 Y34.339 E.03172
G1 X60.469 Y34.339 E.03172
G1 X61.278 Y34.388 E.02744
G1 X62.337 Y34.508 E.03607
G1 X63.257 Y34.675 E.03164
G1 X64.167 Y34.897 E.03172
G1 X65.063 Y35.173 E.03172
G1 X65.822 Y35.458 E.02744
G1 X66.798 Y35.885 E.03607
G1 X67.628 Y36.315 E.03164
G1 X68.433 Y36.796 E.03172
G1 X69.207 Y37.324 E.03172
G1 X69.948 Y37.897 E.03172
G1 X70.654 Y38.514 E.03172
G1 X71.322 Y39.172 E.03172
G1 X71.949 Y39.868 E.03172
G1 X72.533 Y40.601 E.03172
G1 X73.073 Y41.367 E.03172
G1 X73.434 Y41.952 E.02328
G1 X74.022 Y43.017 E.04116
G1 X74.41 Y43.857 E.03132
G1 X74.751 Y44.727 E.03164
G1 X75.039 Y45.62 E.03174
G1 X75.242 Y46.403 E.02739
G1 X75.455 Y47.452 E.03624
G1 X75.579 Y48.377 E.03158
G1 X75.648 Y49.311 E.0317
G1 X75.662 Y50.231 E.03113
G1 X75.62 Y51.167 E.03172
G1 X75.522 Y52.099 E.03172
G1 X75.369 Y53.023 E.03172
G1 X75.16 Y53.937 E.03172
G1 X74.897 Y54.837 E.03172
G1 X74.581 Y55.719 E.03172
G1 X74.213 Y56.581 E.03172
G1 X73.85 Y57.306 E.02744
G1 X73.324 Y58.232 E.03607
G1 X72.809 Y59.013 E.03164
G1 X72.246 Y59.762 E.03172
G1 X71.64 Y60.477 E.03172
G1 X70.993 Y61.155 E.03172
G1 X70.306 Y61.792 E.03172
G1 X69.582 Y62.387 E.03172
G1 X68.824 Y62.938 E.03172
G1 X68.034 Y63.443 E.03172
G1 X67.215 Y63.899 E.03172
G1 X66.371 Y64.306 E.03172
G1 X65.504 Y64.661 E.03172
G1 X64.617 Y64.964 E.03172
G1 X63.714 Y65.213 E.03172
G1 X62.797 Y65.408 E.03172
G1 X61.87 Y65.548 E.03172
G1 X60.937 Y65.632 E.03172
G1 X60 Y65.66 E.03172
G1 X59.063 Y65.632 E.03172
G1 X58.13 Y65.548 E.03172
G1 X57.203 Y65.408 E.03172
G1 X56.286 Y65.213 E.03172
G1 X55.383 Y64.964 E.03172
G1 X54.496 Y64.661 E.03172
G1 X53.629 Y64.306 E.03172
G1 X52.785 Y63.899 E.03172
G1 X51.966 Y63.443 E.03172
G1 X51.176 Y62.938 E.03172
G1 X50.418 Y62.387 E.03172
G1 X49.694 Y61.792 E.03172
G1 X49.1 Y61.241 E.02744
G1 X48.358 Y60.476 E.03607
G1 X47.754 Y59.762 E.03165
G1 X47.191 Y59.013 E.03172
G1 X46.675 Y58.23 E.03172
G1 X46.27 Y57.528 E.02744
G1 X45.786 Y56.578 E.03608
G1 X45.419 Y55.719 E.03164
G1 X45.103 Y54.837 E.03172
G1 X44.84 Y53.937 E.03172
G1 X44.631 Y53.023 E.03172
G1 X44.478 Y52.099 E.03172
G1 X44.38 Y51.167 E.03172
G1 X44.344 Y50.357 E.02744
G1 X44.352 Y49.291 E.03608
G1 X44.422 Y48.359 E.03164
G1 X44.548 Y47.43 E.03172
G1 X44.729 Y46.511 E.03172
G1 X44.965 Y45.604 E.03172
G1 X45.215 Y44.833 E.02744
G1 X45.598 Y43.838 E.03608
G1 X45.991 Y42.99 E.03164
G1 X46.435 Y42.164 E.03172
G1 X46.927 Y41.367 E.03172
G1 X47.467 Y40.601 E.03172
G1 X48.051 Y39.868 E.03172
G1 X48.678 Y39.172 E.03172
G1 X49.317 Y38.542 E.03037
M204 S500
G1 X49.054 Y38.2 F7200
;TYPE:Outer wall
G1 F1473.915
G1 X49.779 Y37.566 E.03259
G1 X50.541 Y36.977 E.03259
G1 X51.337 Y36.435 E.03259
G1 X52.163 Y35.941 E.03259
G1 X53.018 Y35.497 E.03259
G1 X53.897 Y35.106 E.03259
G1 X54.799 Y34.767 E.03259
G1 X55.719 Y34.484 E.03259
G1 X56.654 Y34.255 E.03259
G1 X57.602 Y34.083 E.03259
G1 X58.557 Y33.968 E.03259
G1 X59.519 Y33.911 E.03259
G1 X60.481 Y33.911 E.03259
G1 X61.315 Y33.961 E.02826
G1 X62.399 Y34.084 E.03694
M73 P87 R2
G1 X63.346 Y34.255 E.03256
G1 X64.281 Y34.484 E.03259
G1 X65.201 Y34.767 E.03259
G1 X65.983 Y35.061 E.02826
G1 X66.983 Y35.498 E.03694
G1 X67.837 Y35.941 E.03256
G1 X68.663 Y36.435 E.03259
G1 X69.459 Y36.977 E.03259
G1 X70.221 Y37.566 E.03259
G1 X70.946 Y38.2 E.03259
G1 X71.632 Y38.875 E.03259
G1 X72.276 Y39.591 E.03259
G1 X72.876 Y40.344 E.03259
G1 X73.43 Y41.131 E.03259
G1 X73.799 Y41.727 E.02372
G1 X74.411 Y42.837 E.04289
G1 X74.809 Y43.7 E.03219
G1 X75.158 Y44.595 E.03251
G1 X75.454 Y45.512 E.03261
G1 X75.662 Y46.317 E.02816
G1 X75.88 Y47.395 E.03721
G1 X76.007 Y48.345 E.03245
G1 X76.077 Y49.305 E.03257
G1 X76.091 Y50.237 E.03156
G1 X76.048 Y51.199 E.03259
G1 X75.947 Y52.156 E.03259
G1 X75.789 Y53.106 E.03259
G1 X75.575 Y54.045 E.03259
G1 X75.305 Y54.969 E.03259
G1 X74.98 Y55.875 E.03259
G1 X74.602 Y56.761 E.03259
G1 X74.228 Y57.508 E.02826
G1 X73.689 Y58.456 E.03694
G1 X73.159 Y59.259 E.03256
G1 X72.582 Y60.03 E.03259
G1 X71.959 Y60.764 E.03259
G1 X71.294 Y61.46 E.03259
G1 X70.588 Y62.115 E.03259
G1 X69.844 Y62.727 E.03259
G1 X69.065 Y63.293 E.03259
G1 X68.254 Y63.811 E.03259
G1 X67.413 Y64.28 E.03259
G1 X66.545 Y64.697 E.03259
G1 X65.655 Y65.063 E.03259
G1 X64.743 Y65.374 E.03259
G1 X63.815 Y65.63 E.03259
G1 X62.873 Y65.83 E.03259
G1 X61.921 Y65.974 E.03259
G1 X60.962 Y66.06 E.03259
G1 X60 Y66.089 E.03259
G1 X59.038 Y66.06 E.03259
G1 X58.079 Y65.974 E.03259
G1 X57.127 Y65.83 E.03259
G1 X56.185 Y65.63 E.03259
G1 X55.257 Y65.374 E.03259
G1 X54.345 Y65.063 E.03259
G1 X53.455 Y64.697 E.03259
G1 X52.587 Y64.28 E.03259
G1 X51.746 Y63.811 E.03259
G1 X50.935 Y63.293 E.03259
G1 X50.156 Y62.727 E.03259
G1 X49.412 Y62.115 E.03259
G1 X48.8 Y61.547 E.02826
G1 X48.04 Y60.764 E.03694
G1 X47.418 Y60.03 E.03256
G1 X46.841 Y59.259 E.03259
G1 X46.31 Y58.456 E.03259
G1 X45.893 Y57.733 E.02826
G1 X45.398 Y56.76 E.03694
G1 X45.02 Y55.875 E.03256
G1 X44.695 Y54.969 E.03259
G1 X44.425 Y54.045 E.03259
G1 X44.211 Y53.106 E.03259
G1 X44.053 Y52.156 E.03259
G1 X43.952 Y51.199 E.03259
G1 X43.915 Y50.365 E.02826
G1 X43.924 Y49.273 E.03694
G1 X43.996 Y48.314 E.03256
G1 X44.125 Y47.36 E.03259
G1 X44.311 Y46.415 E.03259
G1 X44.553 Y45.483 E.03259
G1 X44.811 Y44.689 E.02826
G1 X45.203 Y43.671 E.03694
G1 X45.607 Y42.798 E.03256
G1 X46.063 Y41.95 E.03259
G1 X46.57 Y41.131 E.03259
G1 X47.124 Y40.344 E.03259
G1 X47.724 Y39.591 E.03259
G1 X48.368 Y38.875 E.03259
G1 X49.026 Y38.228 E.03124
M204 S10000
G1 E-.8 F1800
G1 X56.289 Y40.572 Z4 F7200
G1 X71.353 Y45.435 Z4
G1 Z3.6
G1 E.8 F1800
M204 S500
G1 F1473.915
G1 X71.844 Y45.25 E.01775
G1 X73.051 Y44.874 E.04279
G1 X73.215 Y44.903 E.00566
G1 X73.322 Y45.15 E.00909
G1 X73.508 Y45.816 E.02342
G1 X73.682 Y46.613 E.02762
G1 X73.809 Y47.418 E.02759
G1 X74.053 Y49.419 E.06823
G1 X74.111 Y50.262 E.02859
G1 X74.117 Y51.109 E.02868
G1 X74.09 Y51.572 E.01569
G1 X73.981 Y51.673 E.00504
G1 X72.23 Y51.59 E.05932
G1 X72.099 Y51.519 E.00504
G1 X72.062 Y51.405 E.00406
G1 X72.076 Y50.66 E.02521
G1 X72.048 Y49.964 E.02358
G1 X71.979 Y49.268 E.02369
G1 X71.777 Y47.687 E.05393
G1 X71.668 Y46.996 E.02369
G1 X71.32 Y45.598 E.04877
G1 X71.345 Y45.474 E.00428
M204 S10000
G1 X70.874 Y45.723 F7200
M204 S1500
;TYPE:Inner wall
;WIDTH:0.51929
G1 F1259.525
G1 X70.943 Y45.925 E.00848
;WIDTH:0.494814
G1 F1327.745
G1 X71.095 Y46.421 E.01948
;WIDTH:0.46962
G1 F1406.14
G1 X71.26 Y47.073 E.02385
;WIDTH:0.423858
G1 F1575.06
G1 X71.39 Y47.743 E.02162
;WIDTH:0.374604
G1 F1808.951
G1 X71.495 Y48.439 E.01943
;WIDTH:0.370896
G1 F1829.402
G1 X71.593 Y49.312 E.02394
;WIDTH:0.397612
G1 F1691.608
G1 X71.616 Y49.731 E.0124
;WIDTH:0.424328
G1 F1573.118
G1 X71.639 Y50.151 E.01334
;WIDTH:0.469662
G1 F1406.002
G1 X71.637 Y50.665 E.01823
;WIDTH:0.499204
G1 F1314.971
G1 X71.616 Y51.053 E.01473
;WIDTH:0.528746
G1 F1235.01
G1 X71.595 Y51.44 E.01568
M204 S10000
G1 E-.8 F1800
G1 X68.002 Y44.706 Z4 F7200
G1 X64.894 Y38.882 Z4
G1 Z3.6
G1 E.8 F1800
M73 P87 R1
M204 S500
;TYPE:Outer wall
;WIDTH:0.449999
G1 F1473.915
G1 X64.801 Y38.68 E.00753
G1 X65.487 Y37.373 E.04997
G1 X65.649 Y37.093 E.01096
G1 X65.741 Y37.051 E.00344
G1 X65.857 Y37.072 E.00398
G1 X66.596 Y37.488 E.02871
G1 X67.283 Y37.929 E.02761
G1 X67.942 Y38.408 E.02759
G1 X69.616 Y39.722 E.07204
G1 X70.248 Y40.283 E.02859
G1 X70.848 Y40.882 E.02869
G1 X71.082 Y41.164 E.0124
G1 X71.026 Y41.337 E.00616
G1 X69.735 Y42.501 E.05885
G1 X69.525 Y42.463 E.0072
G1 X69.008 Y41.927 E.02521
G1 X68.497 Y41.455 E.02358
G1 X67.956 Y41.011 E.02369
G1 X66.695 Y40.036 E.05394
G1 X66.129 Y39.624 E.02369
G1 X65.543 Y39.247 E.02358
G1 X64.929 Y38.902 E.02386
M204 S10000
G1 X64.572 Y39.231 F7200
M204 S1500
;TYPE:Inner wall
;WIDTH:0.535668
G1 F1217.661
G1 X64.667 Y39.285 E.00451
;WIDTH:0.517966
G1 F1263.035
G1 X65.002 Y39.458 E.01486
;WIDTH:0.489516
G1 F1343.496
G1 X65.336 Y39.63 E.01397
;WIDTH:0.461066
G1 F1434.906
G1 X65.703 Y39.855 E.01495
;WIDTH:0.429783
G1 F1550.937
G1 X66.07 Y40.079 E.01383
;WIDTH:0.3985
G1 F1687.384
G1 X66.771 Y40.573 E.02537
;WIDTH:0.377222
G1 F1794.784
G1 X67.711 Y41.317 E.03333
;WIDTH:0.421558
G1 F1584.627
G1 X68.224 Y41.767 E.02148
;WIDTH:0.46402
G1 F1424.84
G1 X68.721 Y42.257 E.02443
;WIDTH:0.494933
G1 F1327.395
G1 X68.978 Y42.544 E.01447
;WIDTH:0.525846
G1 F1242.426
G1 X69.235 Y42.83 E.01546
M204 S10000
G1 E-.8 F1800
G1 X62.765 Y38.782 Z4 F7200
G1 X61.409 Y37.934 Z4
G1 Z3.6
G1 E.8 F1800
M204 S500
;TYPE:Outer wall
;WIDTH:0.449999
G1 F1473.915
G1 X60.664 Y37.921 E.02521
G1 X59.968 Y37.948 E.02358
G1 X59.272 Y38.017 E.02369
G1 X57.691 Y38.219 E.05392
G1 X56.975 Y38.333 E.02455
G1 X56.319 Y38.476 E.02273
G1 X55.589 Y38.68 E.02564
G1 X55.476 Y38.666 E.00388
G1 X55.358 Y38.489 E.0072
G1 X54.878 Y36.946 E.0547
G1 X54.872 Y36.865 E.00275
G1 X54.988 Y36.721 E.00625
G1 X55.82 Y36.488 E.02924
G1 X56.617 Y36.314 E.02762
G1 X57.422 Y36.187 E.02759
G1 X58.78 Y36.013 E.04634
G1 X59.645 Y35.922 E.02945
G1 X60.491 Y35.876 E.02867
G1 X61.512 Y35.887 E.03457
G1 X61.605 Y35.925 E.00338
G1 X61.674 Y36.077 E.00564
G1 X61.594 Y37.761 E.05706
G1 X61.554 Y37.867 E.00384
G1 X61.445 Y37.917 E.00405
M204 S10000
G1 E-.8 F1800
G1 X55.684 Y39.138 Z4 F7200
G1 Z3.6
G1 E.8 F1800
M204 S1500
;TYPE:Inner wall
;WIDTH:0.528034
G1 F1236.823
G1 X55.727 Y39.124 E.00182
;WIDTH:0.521762
G1 F1253.023
G1 X56.076 Y39.013 E.01458
;WIDTH:0.495716
G1 F1325.1
G1 X56.425 Y38.902 E.01379
;WIDTH:0.46967
G1 F1405.975
G1 X57.052 Y38.74 E.02298
;WIDTH:0.420776
G1 F1587.906
G1 X57.429 Y38.667 E.01208
;WIDTH:0.393488
G1 F1711.508
G1 X57.807 Y38.594 E.01121
;WIDTH:0.3662
G1 F1855.976
G1 X58.657 Y38.474 E.02308
;WIDTH:0.379556
G1 F1782.341
G1 X59.494 Y38.39 E.02356
;WIDTH:0.423858
G1 F1575.06
G1 X59.997 Y38.363 E.01593
;WIDTH:0.469614
G1 F1406.16
G1 X60.669 Y38.359 E.02385
;WIDTH:0.496908
G1 F1321.621
G1 X61.051 Y38.379 E.01445
;WIDTH:0.524202
G1 F1246.67
G1 X61.433 Y38.399 E.01532
M204 S10000
G1 E-.8 F1800
G1 X54.808 Y42.189 Z4 F7200
G1 X49.276 Y45.353 Z4
G1 Z3.6
G1 E.8 F1800
M204 S1500
;WIDTH:0.520684
G1 F1255.85
G1 X49.451 Y45.016 E.01509
;WIDTH:0.494393
G1 F1328.983
G1 X49.626 Y44.679 E.01426
;WIDTH:0.468102
G1 F1411.16
G1 X49.971 Y44.102 E.02376
;WIDTH:0.42409
G1 F1574.101
G1 X50.353 Y43.536 E.02163
;WIDTH:0.376468
G1 F1798.842
G1 X50.681 Y43.087 E.01543
;WIDTH:0.35995
G1 F1892.565
G1 X51.211 Y42.413 E.0226
;WIDTH:0.388578
G1 F1735.82
G1 X51.49 Y42.092 E.01223
;WIDTH:0.417206
G1 F1603.052
G1 X51.769 Y41.77 E.01325
;WIDTH:0.442702
G1 F1500.818
G1 X52.007 Y41.532 E.01118
;WIDTH:0.468198
G1 F1410.842
G1 X52.244 Y41.294 E.01189
;WIDTH:0.494846
G1 F1327.651
G1 X52.517 Y41.05 E.01376
;WIDTH:0.521494
G1 F1253.725
G1 X52.789 Y40.805 E.01458
M204 S10000
G1 E-.8 F1800
G1 X50.802 Y48.174 Z4 F7200
G1 X49.143 Y54.324 Z4
G1 Z3.6
G1 E.8 F1800
M204 S1500
;WIDTH:0.527632
G1 F1237.848
G1 X49.127 Y54.27 E.0023
;WIDTH:0.520232
G1 F1257.039
G1 X49.015 Y53.921 E.01454
;WIDTH:0.493078
G1 F1332.865
G1 X48.904 Y53.572 E.01371
;WIDTH:0.465924
G1 F1418.426
G1 X48.808 Y53.184 E.01403
;WIDTH:0.436063
G1 F1526.162
G1 X48.712 Y52.797 E.01304
;WIDTH:0.406202
G1 F1651.609
G1 X48.638 Y52.387 E.01258
;WIDTH:0.38045
G1 F1777.62
G1 X48.565 Y51.978 E.01168
;WIDTH:0.377338
G1 F1794.162
G1 X48.41 Y50.681 E.03632
;WIDTH:0.42393
G1 F1574.762
M73 P88 R1
G1 X48.367 Y49.999 E.02162
;WIDTH:0.46558
G1 F1419.581
G1 X48.361 Y49.327 E.02362
;WIDTH:0.493641
G1 F1331.2
G1 X48.381 Y48.937 E.01466
;WIDTH:0.521702
G1 F1253.18
G1 X48.401 Y48.546 E.01557
M204 S10000
G1 E-.8 F1800
G1 X54.379 Y43.8 Z4 F7200
G1 X63.712 Y36.391 Z4
G1 Z3.6
G1 E.8 F1800
M204 S500
;TYPE:Internal solid infill
;WIDTH:0.39684
G1 F1695.298
G1 X63.645 Y36.429 E.00225
G1 X63.714 Y36.464 E.00226
M204 S10000
G1 X63.498 Y37.612 F7200
M204 S500
;WIDTH:0.449999
G1 F1473.915
G1 X64.146 Y36.379 E.04716
G1 X64.262 Y36.204 E.0071
G1 X63.78 Y36.059 E.01704
G1 X63.332 Y35.95 E.01562
G1 X63.262 Y37.418 E.04973
G1 X63.271 Y37.545 E.00433
G1 X63.46 Y37.601 E.00664
M204 S10000
G1 X62.827 Y37.864 F7200
M204 S500
G1 F1473.915
G1 X63.703 Y38.098 E.03068
G1 X64.569 Y36.472 E.06236
G1 X64.839 Y36.15 E.01422
G1 X65.038 Y36.033 E.00779
G1 X63.876 Y35.664 E.04124
G1 X63.087 Y35.471 E.0275
G1 X62.71 Y35.403 E.01298
G1 X62.869 Y35.701 E.01144
G1 X62.915 Y36.136 E.01478
G1 X62.834 Y37.825 E.05725
M204 S10000
G1 E-.8 F1800
G1 X55.202 Y37.772 Z4 F7200
G1 X53.039 Y37.758 Z4
G1 Z3.6
G1 E.8 F1800
M204 S500
;WIDTH:0.39661
G1 F1696.401
G1 X52.972 Y37.796 E.00225
G1 X53.041 Y37.831 E.00226
M204 S10000
G1 X53.496 Y38.893 F7200
M204 S500
;WIDTH:0.449999
G1 F1473.915
G1 X53.717 Y38.766 E.00863
G1 X53.303 Y37.436 E.04714
G1 X53.263 Y37.229 E.00714
G1 X52.423 Y37.707 E.03272
G1 X53.469 Y38.864 E.05279
M204 S10000
G1 X53.415 Y39.411 F7200
M204 S500
G1 F1473.915
G1 X54.199 Y38.946 E.03085
G1 X53.691 Y37.315 E.05783
G1 X53.638 Y36.818 E.01693
G1 X53.684 Y36.562 E.00878
G1 X53.09 Y36.86 E.02247
G1 X52.613 Y37.12 E.0184
G1 X52.006 Y37.482 E.02392
G1 X51.595 Y37.762 E.01682
G1 X52.001 Y37.91 E.01462
G1 X52.432 Y38.324 E.02025
G1 X53.388 Y39.381 E.04823
M204 S10000
G1 E-.8 F1800
G1 X48.757 Y45.447 Z4 F7200
G1 X48.108 Y46.297 Z4
G1 Z3.6
G1 E.8 F1800
M204 S500
G1 F1473.915
G1 X46.802 Y45.611 E.04994
G1 X46.456 Y45.412 E.0135
G1 X46.098 Y45.087 E.01638
G1 X46.038 Y44.962 E.00469
G1 X45.825 Y45.59 E.02245
G1 X45.674 Y46.109 E.0183
G1 X45.523 Y46.692 E.02038
G1 X45.407 Y47.281 E.02032
G1 X45.887 Y47.091 E.01746
G1 X46.399 Y47.093 E.01733
G1 X47.865 Y47.167 E.0497
G1 X47.987 Y46.664 E.01751
G1 X48.096 Y46.335 E.01174
M204 S10000
G1 X47.548 Y46.74 F7200
M204 S500
G1 F1473.915
G1 X47.613 Y46.497 E.00853
G1 X46.375 Y45.846 E.04736
G1 X46.207 Y45.732 E.00687
G1 X45.951 Y46.665 E.03274
G1 X47.508 Y46.738 E.05278
M204 S10000
G1 X46.458 Y46.269 F7200
M204 S500
;WIDTH:0.39544
G1 F1702.031
G1 X46.392 Y46.307 E.00224
G1 X46.46 Y46.342 E.00224
M204 S10000
G1 E-.8 F1800
G1 X47.436 Y53.912 Z4 F7200
G1 X47.826 Y56.941 Z4
G1 Z3.6
G1 E.8 F1800
M204 S500
;WIDTH:0.399564
G1 F1682.35
G1 X47.759 Y56.979 E.00229
G1 X47.828 Y57.014 E.00229
M204 S10000
G1 X48.768 Y56.275 F7200
M204 S500
;WIDTH:0.449999
G1 F1473.915
G1 X47.443 Y56.692 E.04704
G1 X47.231 Y56.725 E.00725
G1 X47.711 Y57.582 E.03325
G1 X48.893 Y56.5 E.05425
G1 X48.788 Y56.31 E.00735
M204 S10000
G1 X49.42 Y56.58 F7200
M204 S500
G1 F1473.915
G1 X48.963 Y55.787 E.03098
G1 X47.321 Y56.304 E.0583
G1 X46.647 Y56.331 E.02282
G1 X46.568 Y56.319 E.00272
G1 X46.986 Y57.14 E.0312
G1 X47.368 Y57.802 E.02589
G1 X47.752 Y58.383 E.02357
G1 X48.026 Y57.845 E.02045
G1 X49.39 Y56.607 E.06235
M204 S10000
G1 E-.8 F1800
G1 X55.448 Y61.248 Z4 F7200
G1 X56.29 Y61.893 Z4
G1 Z3.6
G1 E.8 F1800
M204 S500
G1 F1473.915
G1 X55.408 Y63.567 E.06406
G1 X54.964 Y63.961 E.02007
G1 X55.623 Y64.186 E.02357
G1 X56.48 Y64.422 E.03007
G1 X57.259 Y64.588 E.02696
G1 X57.108 Y64.106 E.01708
G1 X57.099 Y63.596 E.01727
G1 X57.173 Y62.135 E.04953
G1 X56.328 Y61.905 E.02963
M204 S10000
G1 X56.749 Y62.446 F7200
M204 S500
G1 F1473.915
G1 X56.5 Y62.382 E.00872
G1 X55.744 Y63.797 E.0543
G1 X56.692 Y64.051 E.03323
G1 X56.747 Y62.486 E.05301
M204 S10000
G1 X56.333 Y63.518 F7200
M204 S500
;WIDTH:0.400674
G1 F1677.13
G1 X56.266 Y63.557 E.0023
G1 X56.336 Y63.591 E.00231
M204 S10000
G1 E-.8 F1800
G1 X63.628 Y61.337 Z4 F7200
G1 X65.22 Y60.845 Z4
G1 Z3.6
G1 E.8 F1800
M204 S500
;WIDTH:0.449999
G1 F1473.915
G1 X65.419 Y61.189 E.01343
G1 X65.92 Y62.799 E.05707
G1 X65.957 Y63.036 E.00812
G1 X65.855 Y63.564 E.01821
;WIDTH:0.434178
G1 F1533.518
G1 X65.614 Y63.772 E.01036
;WIDTH:0.401794
G1 F1671.899
G1 X65.373 Y63.981 E.0095
G1 X64.355 Y64.288 E.03174
G1 X63.545 Y64.478 E.02484
G1 X62.683 Y64.626 E.02608
;WIDTH:0.43206
G1 F1541.865
G1 X61.089 Y64.829 E.05199
G1 X60.258 Y64.9 E.02699
;WIDTH:0.385214
G1 F1752.881
G1 X59.348 Y64.925 E.02592
G1 X58.276 Y64.869 E.03055
G1 X58.177 Y64.847 E.00287
;WIDTH:0.408546
G1 F1641.022
G1 X57.936 Y64.683 E.00888
;WIDTH:0.449474
G1 F1475.82
G1 X57.695 Y64.518 E.00987
G1 X57.622 Y64.413 E.00433
G1 X57.491 Y63.924 E.01711
G1 X57.582 Y62.092 E.06203
G1 X57.644 Y61.91 E.0065
G1 X57.713 Y61.83 E.00355
G1 X56.825 Y61.625 E.0308
G1 X55.98 Y61.359 E.02996
G1 X55.917 Y61.743 E.01314
G1 X55.084 Y63.317 E.06021
G1 X54.677 Y63.669 E.01819
G1 X54.567 Y63.714 E.00402
;WIDTH:0.430396
G1 F1548.486
G1 X54.295 Y63.716 E.00876
;WIDTH:0.384641
G1 F1755.82
G1 X54.023 Y63.717 E.00773
G1 X53.755 Y63.61 E.00823
G1 X53.121 Y63.265 E.0205
G1 X52.358 Y62.8 E.0254
;WIDTH:0.429312
G1 F1552.83
G1 X51.625 Y62.291 E.02865
G1 X50.911 Y61.75 E.02878
G1 X50.326 Y61.291 E.02388
G1 X49.624 Y60.7 E.02948
;WIDTH:0.384386
G1 F1757.134
G1 X48.984 Y60.093 E.02504
G1 X48.258 Y59.293 E.03068
;WIDTH:0.404992
G1 F1657.131
G1 X48.175 Y59.006 E.00899
;WIDTH:0.449417
G1 F1476.025
G1 X48.093 Y58.719 E.01009
G1 X48.106 Y58.588 E.00446
G1 X48.33 Y58.119 E.01756
G1 X49.72 Y56.864 E.06329
G1 X50.014 Y56.746 E.01072
G1 X49.663 Y56.208 E.02172
G1 X49.288 Y55.533 E.02606
G1 X49.122 Y55.187 E.01299
G1 X48.945 Y55.361 E.00839
G1 X47.198 Y55.916 E.06195
G1 X46.648 Y55.924 E.0186
G1 X46.526 Y55.882 E.00438
;WIDTH:0.436536
G1 F1524.329
G1 X46.316 Y55.706 E.00897
;WIDTH:0.40961
G1 F1636.263
G1 X46.106 Y55.529 E.00835
;WIDTH:0.384672
G1 F1755.662
G1 X45.957 Y55.204 E.01016
G1 X45.785 Y54.623 E.01723
G1 X45.567 Y53.756 E.02541
;WIDTH:0.429869
G1 F1550.594
G1 X45.403 Y52.879 E.0287
G1 X45.277 Y51.992 E.02882
G1 X45.167 Y51.097 E.029
G1 X45.101 Y50.328 E.02484
;WIDTH:0.387536
G1 F1741.068
G1 X45.071 Y49.324 E.0288
G1 X45.113 Y48.314 E.02895
;WIDTH:0.40256
G1 F1668.335
G1 X45.232 Y48.057 E.00847
;WIDTH:0.447668
G1 F1482.405
G1 X45.352 Y47.8 E.00954
G1 X45.447 Y47.71 E.00439
G1 X45.973 Y47.481 E.01932
G1 X47.844 Y47.573 E.06306
G1 X48.173 Y47.641 E.0113
G1 X48.369 Y46.808 E.02879
G1 X48.63 Y46.015 E.0281
G1 X48.254 Y45.914 E.01311
G1 X46.757 Y45.127 E.0569
G1 X46.422 Y44.842 E.0148
G1 X46.253 Y44.146 E.0241
;WIDTH:0.384476
G1 F1756.668
G1 X46.387 Y43.751 E.01185
G1 X46.817 Y42.965 E.02543
G1 X47.274 Y42.234 E.0245
;WIDTH:0.431215
G1 F1545.22
G1 X48.109 Y41.086 E.04583
G1 X48.663 Y40.375 E.0291
G1 X49.237 Y39.687 E.02895
;WIDTH:0.388806
G1 F1734.68
G1 X49.849 Y39.037 E.02566
G1 X50.5 Y38.423 E.02572
G1 X50.654 Y38.295 E.00575
;WIDTH:0.388525
G1 F1736.088
G1 X50.884 Y38.191 E.00726
;WIDTH:0.448218
G1 F1480.395
G1 X51.114 Y38.087 E.00851
G1 X51.239 Y38.083 E.00422
G1 X51.774 Y38.248 E.01887
G1 X52.131 Y38.597 E.01682
G1 X53.15 Y39.724 E.05121
G1 X53.238 Y40.02 E.01039
G1 X54.015 Y39.534 E.0309
G1 X54.821 Y39.113 E.03066
G1 X54.588 Y38.825 E.01248
G1 X54.08 Y37.194 E.05757
G1 X54.045 Y36.747 E.01512
G1 X54.343 Y36.195 E.02113
;WIDTH:0.404919
G1 F1657.463
G1 X54.567 Y36.075 E.00764
;WIDTH:0.383163
G1 F1763.445
G1 X54.79 Y35.954 E.00718
G1 X55.604 Y35.715 E.024
G1 X56.49 Y35.509 E.02574
;WIDTH:0.423908
G1 F1574.855
G1 X57.317 Y35.368 E.02658
G1 X58.675 Y35.19 E.04338
G1 X59.567 Y35.106 E.02838
G1 X60.449 Y35.07 E.02797
;WIDTH:0.378729
G1 F1786.73
G1 X61.228 Y35.086 E.02177
G1 X61.645 Y35.111 E.01164
;WIDTH:0.384723
G1 F1755.398
G1 X61.884 Y35.19 E.00716
;WIDTH:0.449317
G1 F1476.389
G1 X62.123 Y35.269 E.00851
G1 X62.449 Y35.747 E.01953
G1 X62.509 Y36.116 E.01265
G1 X62.429 Y37.8 E.05697
G1 X62.311 Y38.172 E.01317
M73 P89 R1
G1 X63.024 Y38.321 E.02461
G1 X63.99 Y38.62 E.0342
G1 X64.005 Y38.464 E.00531
G1 X64.279 Y37.877 E.0219
G1 X64.867 Y36.758 E.04272
G1 X65.153 Y36.428 E.01475
G1 X65.621 Y36.224 E.01728
;WIDTH:0.429294
G1 F1552.9
G1 X65.868 Y36.274 E.00809
;WIDTH:0.38577
G1 F1750.036
G1 X66.115 Y36.324 E.00718
G1 X67.03 Y36.813 E.02957
G1 X67.762 Y37.27 E.02461
;WIDTH:0.425192
G1 F1569.563
G1 X68.447 Y37.755 E.02666
G1 X69.453 Y38.527 E.04032
G1 X70.138 Y39.088 E.02812
G1 X70.797 Y39.689 E.02836
;WIDTH:0.381588
G1 F1771.65
G1 X71.42 Y40.329 E.02517
G1 X71.686 Y40.626 E.01121
;WIDTH:0.386309
G1 F1747.293
G1 X71.791 Y40.803 E.00589
;WIDTH:0.449463
G1 F1475.862
G1 X71.897 Y40.98 E.00698
G1 X71.837 Y41.585 E.02054
G1 X71.606 Y41.939 E.01428
G1 X70.653 Y42.806 E.04355
G1 X70.153 Y43.218 E.02191
G1 X70.006 Y43.272 E.00531
G1 X70.475 Y44.026 E.03003
G1 X70.866 Y44.789 E.02897
G1 X71.193 Y44.577 E.01317
G1 X72.802 Y44.076 E.05699
G1 X73.175 Y44.041 E.01266
G1 X73.664 Y44.208 E.01746
G1 X73.761 Y44.278 E.00404
;WIDTH:0.428417
G1 F1556.433
G1 X73.899 Y44.529 E.00918
;WIDTH:0.385471
G1 F1751.565
G1 X74.037 Y44.78 E.00815
G1 X74.293 Y45.645 E.02571
G1 X74.487 Y46.486 E.02459
;WIDTH:0.426484
G1 F1564.277
G1 X74.628 Y47.313 E.02675
G1 X74.78 Y48.447 E.03649
G1 X74.872 Y49.338 E.02858
G1 X74.92 Y50.229 E.02845
;WIDTH:0.382781
G1 F1765.43
G1 X74.915 Y51.123 E.02525
G1 X74.891 Y51.619 E.01404
;WIDTH:0.38388
G1 F1759.738
G1 X74.841 Y51.814 E.00572
;WIDTH:0.449452
G1 F1475.901
G1 X74.79 Y52.01 E.00682
G1 X74.386 Y52.386 E.01867
G1 X74.283 Y52.438 E.00388
G1 X73.783 Y52.5 E.01703
G1 X72.173 Y52.424 E.05448
G1 X71.835 Y52.275 E.01249
G1 X71.728 Y52.806 E.0183
G1 X71.507 Y53.606 E.02808
G1 X71.357 Y54.031 E.01524
G1 X71.669 Y54.044 E.01057
G1 X73.238 Y54.863 E.05982
G1 X73.48 Y55.05 E.01036
G1 X73.757 Y55.537 E.01892
;WIDTH:0.429507
G1 F1552.047
G1 X73.717 Y55.818 E.00912
;WIDTH:0.387214
G1 F1742.696
G1 X73.676 Y56.098 E.00812
G1 X73.218 Y56.965 E.02805
G1 X72.726 Y57.759 E.02674
;WIDTH:0.428598
G1 F1555.703
G1 X72.242 Y58.443 E.0269
G1 X71.615 Y59.263 E.03308
G1 X70.722 Y60.35 E.04513
;WIDTH:0.383825
G1 F1760.021
G1 X70.095 Y61.013 E.02587
G1 X69.42 Y61.643 E.02616
G1 X69.125 Y61.829 E.00989
;WIDTH:0.44501
G1 F1492.203
G1 X68.558 Y61.879 E.01903
G1 X68.439 Y61.848 E.00414
G1 X68.043 Y61.588 E.01582
G1 X66.906 Y60.337 E.05649
G1 X66.715 Y60.012 E.01264
G1 X66.024 Y60.444 E.02724
G1 X65.256 Y60.827 E.02869
M204 S10000
G1 X65.791 Y61.016 F7200
M204 S500
;WIDTH:0.449999
G1 F1473.915
G1 X66.231 Y62.43 E.05013
G1 X66.362 Y62.925 E.01733
G1 X66.299 Y63.437 E.01746
G1 X66.84 Y63.176 E.02032
G1 X67.616 Y62.744 E.03008
G1 X68.363 Y62.266 E.03
G1 X67.802 Y61.927 E.02222
G1 X66.58 Y60.576 E.06163
G1 X65.827 Y60.998 E.0292
M204 S10000
G1 X66.283 Y61.226 F7200
M204 S500
G1 F1473.915
G1 X66.697 Y62.557 E.04718
G1 X66.746 Y62.763 E.00717
G1 X67.407 Y62.394 E.02563
G1 X67.601 Y62.27 E.00778
G1 X67.264 Y61.94 E.01597
G1 X66.504 Y61.104 E.03824
G1 X66.318 Y61.206 E.00716
M204 S10000
G1 X67.005 Y62.158 F7200
M204 S500
;WIDTH:0.395434
G1 F1702.06
G1 X66.939 Y62.196 E.00224
G1 X67.007 Y62.23 E.00224
M204 S10000
G1 E-.8 F1800
G1 X70.808 Y55.612 Z4 F7200
G1 X71.902 Y53.706 Z4
G1 Z3.6
G1 E.8 F1800
M204 S500
;WIDTH:0.449999
G1 F1473.915
G1 X73.426 Y54.502 E.05821
G1 X73.71 Y54.697 E.01166
G1 X73.955 Y55.053 E.01461
G1 X74.125 Y54.578 E.01708
G1 X74.372 Y53.732 E.02981
G1 X74.592 Y52.731 E.03471
G1 X74.355 Y52.838 E.0088
G1 X73.86 Y52.911 E.01693
G1 X72.154 Y52.83 E.05783
G1 X71.913 Y53.668 E.0295
M204 S10000
G1 X72.382 Y53.497 F7200
M204 S500
G1 F1473.915
G1 X73.615 Y54.141 E.04707
G1 X73.795 Y54.256 E.00722
G1 X73.977 Y53.63 E.02207
G1 X74.046 Y53.328 E.01048
G1 X72.45 Y53.252 E.0541
G1 X72.393 Y53.459 E.00727
M204 S10000
G1 X73.587 Y53.647 F7200
M204 S500
;WIDTH:0.396606
G1 F1696.42
G1 X73.521 Y53.686 E.00225
G1 X73.589 Y53.72 E.00226
M204 S10000
G1 E-.8 F1800
G1 X75.268 Y49.717 Z4 F7200
G1 Z3.6
G1 E.8 F1800
M204 S500
;WIDTH:0.42731
G1 F1560.916
G1 X75.177 Y48.407 E.04198
G1 X75.057 Y47.506 E.02905
G1 X74.862 Y46.481 E.03336
G1 X74.673 Y45.717 E.02516
;WIDTH:0.378939
G1 F1785.613
G1 X74.344 Y44.685 E.03026
;WIDTH:0.385253
G1 F1752.683
G1 X74.207 Y44.395 E.00913
;WIDTH:0.44831
G1 F1480.058
G1 X73.751 Y43.401 E.03685
G1 X73.213 Y42.368 E.03928
G1 X72.733 Y41.591 E.03077
G1 X72.2 Y40.836 E.03115
;WIDTH:0.427176
G1 F1561.461
G1 X72.055 Y40.618 E.00837
;WIDTH:0.383131
G1 F1763.615
G1 X71.911 Y40.4 E.00741
G1 X71.274 Y39.677 E.02724
G1 X70.616 Y39.018 E.02635
;WIDTH:0.425172
G1 F1569.645
G1 X69.973 Y38.446 E.02737
G1 X68.975 Y37.653 E.04049
G1 X68.226 Y37.131 E.02904
G1 X67.447 Y36.651 E.02907
;WIDTH:0.381386
G1 F1772.704
G1 X66.644 Y36.221 E.02564
G1 X66.2 Y36.022 E.0137
;WIDTH:0.387884
G1 F1739.312
G1 X65.937 Y35.93 E.008
;WIDTH:0.448482
G1 F1479.428
G1 X65.126 Y35.632 E.02914
G1 X63.973 Y35.268 E.04076
G1 X63.172 Y35.073 E.0278
G1 X62.278 Y34.911 E.03066
;WIDTH:0.428241
G1 F1557.146
G1 X62 Y34.857 E.00904
;WIDTH:0.384347
G1 F1757.334
G1 X61.723 Y34.804 E.00801
G1 X60.629 Y34.725 E.03116
G1 X59.775 Y34.726 E.02424
;WIDTH:0.426536
G1 F1564.064
G1 X58.912 Y34.774 E.02757
G1 X57.731 Y34.906 E.03788
G1 X56.831 Y35.06 E.02914
G1 X55.94 Y35.265 E.02917
;WIDTH:0.386253
G1 F1747.575
G1 X55.062 Y35.523 E.02612
G1 X54.283 Y35.821 E.02382
;WIDTH:0.403524
G1 F1663.876
G1 X53.936 Y35.99 E.01157
;WIDTH:0.448216
G1 F1480.401
G1 X52.903 Y36.499 E.03881
G1 X52.404 Y36.77 E.01914
G1 X51.787 Y37.139 E.02423
G1 X51.032 Y37.653 E.03076
;WIDTH:0.429508
G1 F1552.042
G1 X50.766 Y37.834 E.01034
;WIDTH:0.38671
G1 F1745.253
G1 X50.499 Y38.014 E.0092
G1 X49.703 Y38.699 E.03003
G1 X49.022 Y39.376 E.02744
;WIDTH:0.428642
G1 F1555.524
G1 X48.45 Y40.02 E.02764
G1 X47.794 Y40.838 E.03363
G1 X47.45 Y41.315 E.01884
G1 X46.977 Y42.022 E.02729
;WIDTH:0.384758
G1 F1755.218
G1 X46.527 Y42.783 E.02513
G1 X46.104 Y43.606 E.0263
G1 X45.902 Y44.125 E.01583
;WIDTH:0.446335
G1 F1487.302
G1 X45.438 Y45.464 E.04755
G1 X45.28 Y46.007 E.01895
G1 X45.126 Y46.601 E.0206
G1 X44.95 Y47.497 E.03062
;WIDTH:0.434186
G1 F1533.484
G1 X44.885 Y47.858 E.01194
;WIDTH:0.40052
G1 F1677.853
G1 X44.82 Y48.219 E.01091
G1 X44.728 Y49.296 E.03213
G1 X44.731 Y50.249 E.02834
G1 X44.776 Y51.108 E.02558
;WIDTH:0.432053
G1 F1541.891
G1 X44.878 Y52.039 E.03029
G1 X44.986 Y52.73 E.02265
G1 X45.151 Y53.565 E.02753
;WIDTH:0.385153
G1 F1753.195
G1 X45.364 Y54.393 E.02434
G1 X45.654 Y55.3 E.02709
;WIDTH:0.383331
G1 F1762.576
G1 X45.867 Y55.765 E.01447
;WIDTH:0.446702
G1 F1485.953
G1 X46.466 Y57.016 E.04656
G1 X46.768 Y57.577 E.02141
G1 X47.022 Y58.016 E.01703
G1 X47.524 Y58.778 E.03065
;WIDTH:0.434997
G1 F1530.314
G1 X47.749 Y59.102 E.01284
;WIDTH:0.400862
G1 F1676.251
G1 X47.973 Y59.426 E.01172
G1 X48.632 Y60.219 E.0307
G1 X49.36 Y60.954 E.03079
G1 X49.952 Y61.488 E.02373
;WIDTH:0.432775
G1 F1539.035
G1 X50.661 Y62.064 E.02959
G1 X51.314 Y62.546 E.02634
G1 X52.022 Y63.019 E.02759
;WIDTH:0.3858
G1 F1749.887
G1 X52.784 Y63.469 E.02521
G1 X53.607 Y63.892 E.02639
;WIDTH:0.3839
G1 F1759.634
G1 X54.049 Y64.056 E.01337
;WIDTH:0.446914
G1 F1485.171
G1 X55.231 Y64.482 E.04218
G1 X55.993 Y64.71 E.02672
G1 X56.675 Y64.88 E.02363
G1 X57.276 Y65.008 E.02063
;WIDTH:0.436182
G1 F1525.703
G1 X57.663 Y65.08 E.01287
;WIDTH:0.402219
G1 F1669.92
G1 X58.049 Y65.152 E.01175
G1 X59.081 Y65.257 E.03097
G1 X59.995 Y65.274 E.02731
G1 X60.907 Y65.235 E.02729
;WIDTH:0.432926
G1 F1538.439
G1 X61.816 Y65.147 E.02961
G1 X62.72 Y65.016 E.02961
G1 X63.601 Y64.841 E.02914
;WIDTH:0.386413
G1 F1746.762
G1 X64.396 Y64.635 E.02345
G1 X65.371 Y64.322 E.02926
;WIDTH:0.385307
G1 F1752.407
G1 X65.711 Y64.16 E.01071
;WIDTH:0.443839
G1 F1496.562
G1 X66.779 Y63.658 E.03932
G1 X67.825 Y63.093 E.03964
G1 X68.594 Y62.602 E.0304
G1 X69.24 Y62.152 E.02628
;WIDTH:0.383881
G1 F1759.732
G1 X69.63 Y61.879 E.01348
G1 X70.057 Y61.515 E.01591
G1 X70.719 Y60.884 E.02592
;WIDTH:0.429553
G1 F1551.859
G1 X71.342 Y60.216 E.02937
G1 X71.927 Y59.515 E.02935
G1 X72.477 Y58.787 E.02936
G1 X72.988 Y58.034 E.02924
;WIDTH:0.388856
G1 F1734.427
G1 X73.471 Y57.213 E.02739
G1 X73.878 Y56.431 E.02536
;WIDTH:0.388463
G1 F1736.397
G1 X74.013 Y56.064 E.01122
;WIDTH:0.44802
G1 F1481.118
G1 X74.42 Y54.96 E.03964
G1 X74.766 Y53.835 E.03966
G1 X74.969 Y52.945 E.03075
G1 X75.097 Y52.175 E.02629
;WIDTH:0.42796
G1 F1558.283
G1 X75.149 Y51.928 E.00808
;WIDTH:0.382418
G1 F1767.318
G1 X75.201 Y51.681 E.00712
G1 X75.249 Y51.144 E.01522
G1 X75.279 Y50.23 E.02581
G1 X75.269 Y49.757 E.01335
M204 S10000
G1 E-.8 F1800
G1 X71.028 Y44.202 Z4 F7200
G1 Z3.6
G1 E.8 F1800
M204 S500
;WIDTH:0.449999
G1 F1473.915
G1 X72.436 Y43.764 E.04993
G1 X73.02 Y43.63 E.02025
G1 X73.307 Y43.656 E.00976
G1 X73.442 Y43.702 E.00485
G1 X73.217 Y43.236 E.01753
G1 X72.86 Y42.572 E.02553
G1 X72.393 Y41.816 E.03007
G1 X72.241 Y41.634 E.00802
G1 X72.123 Y41.927 E.0107
G1 X71.862 Y42.257 E.01422
G1 X70.583 Y43.416 E.05846
G1 X70.879 Y43.908 E.01943
G1 X71.01 Y44.166 E.00981
M204 S10000
G1 X71.106 Y43.495 F7200
M204 S500
G1 F1473.915
G1 X71.251 Y43.706 E.00868
G1 X72.56 Y43.299 E.04642
G1 X72.766 Y43.256 E.00711
G1 X72.507 Y42.775 E.01849
G1 X72.275 Y42.431 E.01404
G1 X71.135 Y43.468 E.05218
M204 S10000
G1 X72.225 Y42.974 F7200
M204 S500
;WIDTH:0.396836
G1 F1695.318
G1 X72.158 Y43.012 E.00225
G1 X72.227 Y43.046 E.00226
; stop printing object fidget-finger-massager-2000-ring.stl id:15 copy 0
M106 S127
;LAYER_CHANGE
;Z:3.8
;HEIGHT:0.2
G92 E0
;_SET_FAN_SPEED_CHANGING_LAYER
; printing object fidget-finger-massager-2000-ring.stl id:15 copy 0
M204 S10000
G1 E-.8 F1800
G1 X64.606 Y43.474 Z4.2 F7200
G1 X46.689 Y44.48 Z4.2
G1 Z3.8
G1 E.8 F1800
M204 S1500
;TYPE:Inner wall
;WIDTH:0.495142
G1 F1326.783
G1 X46.685 Y44.468 E.00044
;WIDTH:0.540285
G1 F1206.359
G1 X46.636 Y44.33 E.00606
;WIDTH:0.585428
G1 F1105.976
G1 X46.588 Y44.192 E.00661
;WIDTH:0.63057
G1 F1021.016
G1 X46.539 Y44.054 E.00716
;WIDTH:0.646733
G1 F993.685
G1 X46.854 Y43.44 E.03461
;WIDTH:0.653896
G1 F982.035
M73 P90 R1
G1 X47.126 Y42.958 E.02812
;WIDTH:0.674046
G1 F950.682
G1 X47.528 Y42.325 E.03937
;WIDTH:0.692062
G1 F924.297
G1 X47.959 Y41.721 E.04005
;WIDTH:0.708105
G1 F902.005
G1 X48.866 Y40.54 E.08238
;WIDTH:0.701455
G1 F911.113
G1 X49.412 Y39.882 E.04678
;WIDTH:0.678348
G1 F944.245
G1 X49.917 Y39.338 E.03924
;WIDTH:0.656541
G1 F977.802
G1 X50.674 Y38.615 E.0534
;WIDTH:0.631339
G1 F1019.682
G1 X50.781 Y38.522 E.00691
;WIDTH:0.624571
G1 F1031.546
G1 X50.894 Y38.508 E.0055
;WIDTH:0.580928
G1 F1115.225
G1 X51.006 Y38.493 E.00509
;WIDTH:0.537285
G1 F1213.678
G1 X51.119 Y38.479 E.00467
;WIDTH:0.493642
G1 F1331.197
G1 X51.232 Y38.464 E.00426
;WIDTH:0.449999
G1 F1473.915
G1 X51.558 Y38.575 E.01166
G1 X52.811 Y39.93 E.06247
G1 X52.968 Y40.39 E.01645
;WIDTH:0.495664
G1 F1325.252
G1 X52.794 Y40.802 E.01683
G1 X53.827 Y40.097 E.04706
;WIDTH:0.449999
G1 F1473.915
G1 X54.549 Y39.681 E.02822
G1 X55.3 Y39.319 E.02822
;WIDTH:0.475815
G1 F1386.019
G1 X55.486 Y39.23 E.00743
;WIDTH:0.50163
G1 F1308.016
G1 X55.673 Y39.141 E.00788
G1 X55.485 Y39.109 E.00729
;WIDTH:0.475815
G1 F1386.019
G1 X55.296 Y39.076 E.00688
;WIDTH:0.449999
G1 F1473.915
G1 X54.961 Y38.699 E.01706
G1 X54.452 Y37.064 E.05798
G1 X54.425 Y36.856 E.0071
;WIDTH:0.486407
G1 F1352.916
G1 X54.506 Y36.636 E.00863
;WIDTH:0.522814
G1 F1250.276
G1 X54.587 Y36.416 E.00934
;WIDTH:0.558617
G1 F1163.475
G1 X54.618 Y36.371 E.00237
;WIDTH:0.594419
G1 F1087.945
G1 X54.649 Y36.325 E.00254
;WIDTH:0.630221
G1 F1021.623
G1 X54.679 Y36.279 E.0027
;WIDTH:0.643394
G1 F999.211
G1 X55.232 Y36.096 E.02908
;WIDTH:0.6545
G1 F981.065
G1 X55.873 Y35.916 E.03386
;WIDTH:0.67535
G1 F948.722
G1 X56.634 Y35.748 E.04096
;WIDTH:0.694373
G1 F921.018
G1 X57.337 Y35.629 E.03865
;WIDTH:0.703754
G1 F907.944
G1 X58.703 Y35.45 E.07569
G1 X59.585 Y35.364 E.04868
;WIDTH:0.681786
G1 F939.164
G1 X60.312 Y35.333 E.03866
;WIDTH:0.660203
G1 F972.002
G1 X61.346 Y35.35 E.05307
;WIDTH:0.635167
G1 F1013.091
G1 X61.589 Y35.363 E.012
;WIDTH:0.623157
G1 F1034.06
G1 X61.669 Y35.422 E.0048
;WIDTH:0.579868
G1 F1117.428
G1 X61.75 Y35.48 E.00444
;WIDTH:0.536578
G1 F1215.416
G1 X61.83 Y35.539 E.00408
;WIDTH:0.493289
G1 F1332.242
G1 X61.91 Y35.598 E.00373
;WIDTH:0.449999
G1 F1473.915
G1 X62.11 Y35.966 E.01416
G1 X62.093 Y36.561 E.02017
G1 X62.035 Y37.795 E.04182
G1 X61.81 Y38.24 E.01687
;WIDTH:0.475819
G1 F1386.006
G1 X61.633 Y38.321 E.00699
;WIDTH:0.501638
G1 F1307.993
G1 X61.457 Y38.402 E.00741
G1 X62.051 Y38.518 E.02309
;WIDTH:0.475819
G1 F1386.006
G1 X62.645 Y38.634 E.02179
;WIDTH:0.449999
G1 F1473.915
G1 X63.423 Y38.844 E.02727
G1 X64.236 Y39.126 E.02914
;WIDTH:0.497272
G1 F1320.562
G1 X64.642 Y39.275 E.01635
G1 X64.399 Y38.956 E.01516
;WIDTH:0.449999
G1 F1473.915
G1 X64.425 Y38.445 E.01731
G1 X65.222 Y36.929 E.05798
G1 X65.276 Y36.844 E.00343
G1 X65.711 Y36.604 E.0168
;WIDTH:0.493196
G1 F1332.516
G1 X65.795 Y36.597 E.00315
;WIDTH:0.536393
G1 F1215.872
G1 X65.878 Y36.59 E.00345
;WIDTH:0.57959
G1 F1118.006
G1 X65.962 Y36.583 E.00375
;WIDTH:0.622787
G1 F1034.72
G1 X66.046 Y36.576 E.00405
;WIDTH:0.65552
G1 F979.432
G1 X67.039 Y37.121 E.0577
;WIDTH:0.674723
G1 F949.663
G1 X67.672 Y37.524 E.03942
;WIDTH:0.701101
G1 F911.603
G1 X68.343 Y38.002 E.04512
;WIDTH:0.705493
G1 F905.561
G1 X69.285 Y38.727 E.06546
G1 X69.967 Y39.284 E.04854
;WIDTH:0.685589
G1 F933.606
G1 X70.619 Y39.875 E.04698
;WIDTH:0.660663
G1 F971.278
G1 X71.228 Y40.507 E.04508
;WIDTH:0.639633
G1 F1005.508
G1 X71.538 Y40.868 E.02359
;WIDTH:0.630265
G1 F1021.546
G1 X71.543 Y40.935 E.00329
;WIDTH:0.587229
G1 F1102.315
G1 X71.548 Y41.002 E.00305
;WIDTH:0.544193
G1 F1196.953
G1 X71.493 Y41.267 E.0113
;WIDTH:0.497096
G1 F1321.074
G1 X71.437 Y41.532 E.01024
;WIDTH:0.449999
G1 F1473.915
G1 X71.019 Y41.941 E.01976
G1 X70.066 Y42.807 E.04361
G1 X69.577 Y42.961 E.01734
;WIDTH:0.475692
G1 F1386.413
G1 X69.403 Y42.895 E.00671
;WIDTH:0.501384
G1 F1308.718
G1 X69.229 Y42.828 E.00711
G1 X69.562 Y43.322 E.02272
;WIDTH:0.475692
G1 F1386.413
G1 X69.895 Y43.816 E.02145
;WIDTH:0.449999
G1 F1473.915
G1 X70.311 Y44.539 E.02822
G1 X70.686 Y45.316 E.0292
;WIDTH:0.49694
G1 F1321.528
G1 X70.864 Y45.698 E.0159
G1 X70.913 Y45.309 E.01478
;WIDTH:0.449999
G1 F1473.915
G1 X71.297 Y44.957 E.01762
G1 X72.932 Y44.449 E.05798
G1 X73.048 Y44.424 E.00402
G1 X73.454 Y44.525 E.01416
;WIDTH:0.494311
G1 F1329.225
G1 X73.533 Y44.589 E.00381
;WIDTH:0.538623
G1 F1210.403
G1 X73.612 Y44.654 E.00419
;WIDTH:0.582935
G1 F1111.082
G1 X73.69 Y44.718 E.00456
;WIDTH:0.627246
G1 F1026.824
G1 X73.769 Y44.782 E.00494
;WIDTH:0.656781
G1 F977.42
G1 X74.082 Y45.869 E.05774
;WIDTH:0.675694
G1 F948.206
G1 X74.244 Y46.602 E.03948
;WIDTH:0.694863
G1 F920.326
G1 X74.367 Y47.333 E.04022
;WIDTH:0.707092
G1 F903.38
G1 X74.52 Y48.478 E.06375
G1 X74.613 Y49.358 E.04891
;WIDTH:0.688975
G1 F928.714
G1 X74.662 Y50.236 E.04722
;WIDTH:0.664551
G1 F965.203
G1 X74.653 Y51.113 E.04535
;WIDTH:0.643354
G1 F999.277
G1 X74.615 Y51.695 E.02908
;WIDTH:0.63015
G1 F1021.746
G1 X74.578 Y51.736 E.0027
;WIDTH:0.594375
G1 F1088.032
G1 X74.542 Y51.778 E.00254
;WIDTH:0.558599
G1 F1163.515
G1 X74.505 Y51.819 E.00237
;WIDTH:0.522823
G1 F1250.253
G1 X74.313 Y51.952 E.00934
;WIDTH:0.486411
G1 F1352.902
G1 X74.12 Y52.086 E.00863
;WIDTH:0.449999
G1 F1473.915
G1 X73.592 Y52.097 E.01787
G1 X72.201 Y52.031 E.04715
G1 X71.752 Y51.801 E.01706
;WIDTH:0.475812
G1 F1386.029
G1 X71.673 Y51.627 E.00688
;WIDTH:0.501624
G1 F1308.033
G1 X71.594 Y51.453 E.00729
G1 X71.479 Y52.044 E.02294
;WIDTH:0.475812
G1 F1386.029
G1 X71.364 Y52.634 E.02165
;WIDTH:0.449999
G1 F1473.915
G1 X71.147 Y53.439 E.02822
G1 X70.872 Y54.226 E.02822
;WIDTH:0.496926
G1 F1321.568
G1 X70.721 Y54.639 E.01657
G1 X71.045 Y54.393 E.01534
;WIDTH:0.449999
G1 F1473.915
G1 X71.551 Y54.421 E.01715
G1 X73.133 Y55.258 E.06057
G1 X73.368 Y55.581 E.01354
;WIDTH:0.493513
G1 F1331.579
G1 X73.382 Y55.694 E.00426
;WIDTH:0.537027
G1 F1214.312
G1 X73.396 Y55.807 E.00467
;WIDTH:0.580541
G1 F1116.028
G1 X73.41 Y55.92 E.00508
;WIDTH:0.624055
G1 F1032.462
G1 X73.425 Y56.033 E.0055
;WIDTH:0.655889
G1 F978.842
G1 X72.927 Y56.944 E.05291
;WIDTH:0.677077
G1 F946.138
G1 X72.473 Y57.668 E.0451
;WIDTH:0.695736
G1 F919.095
G1 X72.042 Y58.273 E.04028
;WIDTH:0.708138
G1 F901.96
G1 X71.051 Y59.554 E.0896
;WIDTH:0.695183
G1 F919.874
G1 X70.587 Y60.109 E.03926
;WIDTH:0.67547
G1 F948.542
G1 X70.082 Y60.654 E.03907
;WIDTH:0.655702
G1 F979.141
G1 X69.652 Y61.07 E.03046
;WIDTH:0.646733
G1 F993.685
G1 X69.281 Y61.418 E.02556
;WIDTH:0.63057
G1 F1021.016
G1 X69.138 Y61.529 E.00884
G1 X68.991 Y61.516 E.00719
;WIDTH:0.585428
G1 F1105.976
G1 X68.845 Y61.504 E.00664
;WIDTH:0.540285
G1 F1206.359
G1 X68.698 Y61.492 E.00608
;WIDTH:0.495142
G1 F1326.783
G1 X68.552 Y61.479 E.00553
;WIDTH:0.449999
G1 F1473.915
G1 X68.196 Y61.17 E.01594
G1 X67.189 Y60.062 E.05069
G1 X67.036 Y59.568 E.01752
;WIDTH:0.475697
G1 F1386.397
G1 X67.102 Y59.396 E.00662
;WIDTH:0.501394
G1 F1308.689
G1 X67.168 Y59.225 E.00701
G1 X66.665 Y59.564 E.02312
;WIDTH:0.475697
G1 F1386.397
G1 X66.162 Y59.902 E.02183
;WIDTH:0.449999
G1 F1473.915
G1 X65.438 Y60.318 E.02826
G1 X64.687 Y60.68 E.02822
;WIDTH:0.496784
G1 F1321.982
G1 X64.298 Y60.86 E.01615
G1 X64.692 Y60.911 E.01499
;WIDTH:0.449999
G1 F1473.915
G1 X65.039 Y61.293 E.01744
G1 X65.548 Y62.928 E.05798
G1 X65.529 Y63.344 E.01408
;WIDTH:0.494244
G1 F1329.423
G1 X65.467 Y63.441 E.00432
;WIDTH:0.538488
G1 F1210.732
G1 X65.405 Y63.538 E.00474
;WIDTH:0.582733
G1 F1111.497
G1 X65.344 Y63.635 E.00516
;WIDTH:0.626977
G1 F1027.297
G1 X65.282 Y63.733 E.00559
;WIDTH:0.654237
G1 F981.488
G1 X64.332 Y64.021 E.05048
;WIDTH:0.675906
G1 F947.888
G1 X63.483 Y64.222 E.04591
;WIDTH:0.697028
G1 F917.28
G1 X62.663 Y64.364 E.04529
;WIDTH:0.708764
G1 F901.112
G1 X61.056 Y64.57 E.08968
;WIDTH:0.695882
G1 F918.89
G1 X60.335 Y64.633 E.0393
;WIDTH:0.675563
G1 F948.402
G1 X59.593 Y64.662 E.03907
;WIDTH:0.655282
G1 F979.813
G1 X58.486 Y64.635 E.05636
;WIDTH:0.633834
G1 F1015.376
G1 X58.293 Y64.61 E.00957
G1 X58.207 Y64.51 E.00648
;WIDTH:0.587876
G1 F1101.008
G1 X58.121 Y64.41 E.00598
;WIDTH:0.541917
G1 F1202.413
G1 X58.035 Y64.31 E.00547
;WIDTH:0.495958
G1 F1324.393
G1 X57.948 Y64.211 E.00497
;WIDTH:0.449999
G1 F1473.915
G1 X57.89 Y63.798 E.01409
G1 X57.965 Y62.197 E.05426
G1 X58.2 Y61.745 E.01725
;WIDTH:0.475719
G1 F1386.326
G1 X58.371 Y61.668 E.00677
;WIDTH:0.501438
G1 F1308.564
G1 X58.543 Y61.591 E.00717
G1 X57.956 Y61.476 E.0228
;WIDTH:0.475719
G1 F1386.326
G1 X57.369 Y61.362 E.02152
;WIDTH:0.449999
G1 F1473.915
G1 X56.564 Y61.145 E.02822
G1 X55.75 Y60.86 E.02921
;WIDTH:0.475761
G1 F1386.192
G1 X55.567 Y60.796 E.00697
;WIDTH:0.501522
G1 F1308.324
G1 X55.384 Y60.731 E.00739
G1 X55.49 Y60.878 E.00688
;WIDTH:0.475761
G1 F1386.192
G1 X55.596 Y61.024 E.0065
;WIDTH:0.449999
G1 F1473.915
G1 X55.575 Y61.547 E.01773
G1 X54.778 Y63.063 E.05798
G1 X54.523 Y63.319 E.01224
;WIDTH:0.4961
G1 F1323.977
G1 X54.414 Y63.356 E.00433
;WIDTH:0.542201
G1 F1201.728
G1 X54.305 Y63.393 E.00477
;WIDTH:0.588302
G1 F1100.146
G1 X54.196 Y63.429 E.00521
;WIDTH:0.634403
G1 F1014.399
G1 X54.088 Y63.466 E.00565
;WIDTH:0.65215
G1 F984.85
G1 X53.248 Y63.033 E.04785
;WIDTH:0.668153
G1 F959.642
G1 X52.626 Y62.66 E.03771
;WIDTH:0.696627
G1 F917.842
G1 X51.773 Y62.075 E.05623
;WIDTH:0.708973
G1 F900.829
G1 X50.442 Y61.048 E.09311
;WIDTH:0.696998
G1 F917.322
G1 X49.887 Y60.583 E.03937
;WIDTH:0.676073
G1 F947.638
G1 X49.342 Y60.078 E.03911
;WIDTH:0.655279
G1 F979.817
G1 X48.578 Y59.278 E.05636
;WIDTH:0.62713
G1 F1027.028
G1 X48.504 Y59.189 E.00563
G1 X48.498 Y59.054 E.00656
;WIDTH:0.582848
G1 F1111.261
G1 X48.493 Y58.919 E.00606
;WIDTH:0.538565
G1 F1210.545
G1 X48.488 Y58.784 E.00556
;WIDTH:0.494282
G1 F1329.311
G1 X48.483 Y58.649 E.00507
;WIDTH:0.449999
G1 F1473.915
G1 X48.669 Y58.335 E.01236
G1 X49.934 Y57.185 E.05786
G1 X50.435 Y57.033 E.01772
;WIDTH:0.494712
G1 F1328.045
G1 X50.805 Y57.202 E.0153
G1 X50.098 Y56.165 E.04718
;WIDTH:0.449999
G1 F1473.915
G1 X49.682 Y55.44 E.02827
G1 X49.319 Y54.69 E.02822
;WIDTH:0.475717
G1 F1386.333
G1 X49.232 Y54.506 E.0073
;WIDTH:0.501434
G1 F1308.575
G1 X49.145 Y54.323 E.00773
G1 X49.114 Y54.509 E.00717
;WIDTH:0.475717
G1 F1386.333
G1 X49.082 Y54.694 E.00677
;WIDTH:0.449999
G1 F1473.915
G1 X48.703 Y55.035 E.01725
G1 X47.068 Y55.544 E.05798
G1 X46.759 Y55.558 E.01046
;WIDTH:0.496606
G1 F1322.503
G1 X46.643 Y55.505 E.0048
;WIDTH:0.543212
G1 F1199.301
G1 X46.528 Y55.452 E.00529
;WIDTH:0.589818
G1 F1097.097
G1 X46.412 Y55.398 E.00579
;WIDTH:0.636424
G1 F1010.945
G1 X46.297 Y55.345 E.00628
;WIDTH:0.649652
G1 F988.904
G1 X46.038 Y54.548 E.04227
;WIDTH:0.664957
G1 F964.573
G1 X45.855 Y53.846 E.03752
;WIDTH:0.673195
G1 F951.965
G1 X45.751 Y53.354 E.02635
;WIDTH:0.694516
G1 F920.816
G1 X45.659 Y52.83 E.02882
;WIDTH:0.708765
G1 F901.111
G1 X45.446 Y51.221 E.08984
;WIDTH:0.70044
G1 F912.52
G1 X45.363 Y50.331 E.04888
;WIDTH:0.676245
G1 F947.381
G1 X45.334 Y49.589 E.03911
;WIDTH:0.655704
G1 F979.138
G1 X45.358 Y48.583 E.0513
;WIDTH:0.631107
G1 F1020.084
G1 X45.369 Y48.403 E.00881
;WIDTH:0.622164
G1 F1035.833
G1 X45.45 Y48.303 E.00621
;WIDTH:0.579123
G1 F1118.98
G1 X45.531 Y48.202 E.00575
;WIDTH:0.536082
G1 F1216.64
G1 X45.613 Y48.102 E.00529
;WIDTH:0.493041
G1 F1332.977
G1 X45.694 Y48.002 E.00483
;WIDTH:0.449999
G1 F1473.915
G1 X46.089 Y47.881 E.014
G1 X47.799 Y47.962 E.05794
G1 X48.255 Y48.201 E.01744
;WIDTH:0.494564
G1 F1328.48
G1 X48.403 Y48.59 E.01563
G1 X48.633 Y47.373 E.04653
;WIDTH:0.449999
G1 F1473.915
G1 X48.858 Y46.54 E.02919
G1 X49.123 Y45.779 E.02728
;WIDTH:0.47584
G1 F1385.939
G1 X49.194 Y45.58 E.00763
;WIDTH:0.50168
G1 F1307.873
G1 X49.265 Y45.38 E.00808
G1 X49.105 Y45.492 E.00746
;WIDTH:0.47584
G1 F1385.939
G1 X48.944 Y45.604 E.00704
;WIDTH:0.449999
G1 F1473.915
G1 X48.432 Y45.562 E.0174
G1 X46.933 Y44.775 E.05732
G1 X46.733 Y44.607 E.00883
;WIDTH:0.495142
G1 F1326.783
G1 X46.702 Y44.517 E.00356
M204 S10000
G1 E-.8 F1800
G1 X54.234 Y45.747 Z4.2 F7200
G1 X71.135 Y48.507 Z4.2
G1 Z3.8
G1 E.8 F1800
M204 S500
;TYPE:Outer wall
;WIDTH:0.449999
G1 F1473.915
G1 X71.149 Y48.589 E.00283
G1 X71.219 Y49.344 E.02566
G1 X71.237 Y50.151 E.02731
G1 X71.198 Y50.899 E.02536
G1 X71.143 Y51.398 E.01698
G1 X70.944 Y52.551 E.03964
G1 X70.733 Y53.327 E.02719
G1 X70.468 Y54.085 E.02719
G1 X70.161 Y54.796 E.02624
G1 X69.779 Y55.534 E.02811
G1 X69.358 Y56.219 E.0272
G1 X68.89 Y56.871 E.02719
G1 X68.394 Y57.468 E.02624
G1 X67.836 Y58.051 E.02734
G1 X67.28 Y58.554 E.02537
G1 X66.889 Y58.867 E.01696
G1 X65.923 Y59.547 E.03998
G1 X65.225 Y59.945 E.0272
G1 X64.501 Y60.293 E.02718
G1 X63.781 Y60.579 E.02624
G1 X63.015 Y60.822 E.02718
G1 X62.207 Y61.015 E.02813
G1 X61.442 Y61.141 E.02625
G1 X60.652 Y61.215 E.02686
G1 X59.845 Y61.233 E.02731
G1 X59.097 Y61.195 E.02537
G1 X58.599 Y61.14 E.01696
G1 X57.452 Y60.941 E.0394
G1 X56.676 Y60.732 E.02719
G1 X55.892 Y60.456 E.02814
G1 X55.181 Y60.148 E.02623
G1 X54.468 Y59.778 E.02719
G1 X53.783 Y59.358 E.02719
G1 X53.131 Y58.89 E.02719
G1 X52.534 Y58.395 E.02625
G1 X51.945 Y57.832 E.02759
G1 X51.442 Y57.276 E.02536
G1 X50.918 Y56.614 E.0286
G1 X50.453 Y55.925 E.02811
G1 X50.054 Y55.228 E.0272
G1 X49.706 Y54.504 E.02719
G1 X49.42 Y53.783 E.02624
G1 X49.169 Y52.992 E.02812
G1 X48.982 Y52.21 E.0272
G1 X48.852 Y51.417 E.02719
G1 X48.781 Y50.648 E.02614
G1 X48.764 Y49.842 E.02732
G1 X48.801 Y49.093 E.02537
G1 X48.9 Y48.243 E.02897
G1 X49.053 Y47.455 E.02718
G1 X49.271 Y46.653 E.02813
G1 X49.527 Y45.921 E.02625
G1 X49.845 Y45.183 E.02718
G1 X50.214 Y44.47 E.02719
G1 X50.65 Y43.762 E.02813
G1 X51.102 Y43.132 E.02624
G1 X51.606 Y42.524 E.02674
G1 X52.164 Y41.941 E.02731
M73 P91 R1
G1 X52.72 Y41.438 E.02539
G1 X53.422 Y40.885 E.03025
G1 X54.065 Y40.453 E.02623
G1 X54.762 Y40.053 E.02719
G1 X55.486 Y39.705 E.02719
G1 X56.232 Y39.409 E.02719
G1 X56.972 Y39.175 E.02625
G1 X57.779 Y38.98 E.02811
G1 X58.572 Y38.849 E.0272
G1 X59.348 Y38.778 E.02637
G1 X60.147 Y38.76 E.02706
G1 X60.904 Y38.797 E.02567
G1 X61.774 Y38.899 E.02964
G1 X62.562 Y39.054 E.02719
G1 X63.31 Y39.257 E.02624
G1 X64.095 Y39.531 E.02812
G1 X64.832 Y39.85 E.0272
G1 X65.52 Y40.208 E.02624
G1 X66.228 Y40.642 E.02812
G1 X66.858 Y41.094 E.02625
G1 X67.472 Y41.602 E.02698
G1 X68.055 Y42.16 E.02731
G1 X68.557 Y42.716 E.02537
G1 X68.871 Y43.107 E.01695
G1 X69.539 Y44.056 E.03928
G1 X69.939 Y44.752 E.02719
G1 X70.299 Y45.501 E.02813
G1 X70.585 Y46.222 E.02624
G1 X70.828 Y46.988 E.02718
G1 X71.015 Y47.769 E.02719
G1 X71.129 Y48.467 E.02395
M204 S10000
G1 E-.8 F1800
G1 X63.606 Y47.178 Z4.2 F7200
G1 X47.073 Y44.345 Z4.2
G1 Z3.8
G1 E.8 F1800
M204 S500
G1 F1473.915
G1 X47.052 Y44.157 E.00639
G1 X47.586 Y43.221 E.03649
G1 X47.98 Y42.622 E.02428
G1 X48.402 Y42.046 E.02418
G1 X49.384 Y40.775 E.05435
G1 X49.833 Y40.225 E.02403
G1 X50.312 Y39.694 E.0242
G1 X51.037 Y38.987 E.03429
G1 X51.215 Y38.893 E.00682
G1 X51.342 Y38.952 E.00476
G1 X52.494 Y40.218 E.05794
G1 X52.54 Y40.368 E.00529
G1 X52.484 Y40.473 E.00402
G1 X52.118 Y40.819 E.01704
G1 X51.571 Y41.393 E.02684
G1 X51.024 Y42.049 E.02892
G1 X50.05 Y43.309 E.05389
G1 X49.567 Y43.981 E.02804
G1 X48.89 Y45.123 E.04494
G1 X48.796 Y45.201 E.00413
G1 X48.631 Y45.183 E.00562
G1 X47.132 Y44.395 E.05732
G1 X47.103 Y44.371 E.00128
M204 S10000
G1 E-.8 F1800
G1 X49.265 Y45.38 Z4.2 F7200
G1 Z3.8
G1 E.8 F1800
M204 S1500
;TYPE:Inner wall
;WIDTH:0.50168
G1 F1307.873
G1 X49.462 Y45.015 E.01583
;WIDTH:0.467906
G1 F1411.813
G1 X49.659 Y44.649 E.01466
;WIDTH:0.434131
G1 F1533.701
G1 X49.856 Y44.284 E.0135
;WIDTH:0.400356
G1 F1678.622
G1 X50.093 Y43.925 E.0128
;WIDTH:0.373003
G1 F1817.725
G1 X50.33 Y43.565 E.01182
;WIDTH:0.34565
G1 F1981.964
G1 X50.808 Y42.921 E.02018
;WIDTH:0.34423
G1 F1991.305
G1 X51.317 Y42.284 E.02044
;WIDTH:0.372464
G1 F1820.698
G1 X51.595 Y41.973 E.01143
;WIDTH:0.400698
G1 F1677.018
G1 X51.872 Y41.662 E.01241
;WIDTH:0.428393
G1 F1556.529
G1 X52.152 Y41.39 E.01249
;WIDTH:0.456088
G1 F1452.194
G1 X52.431 Y41.117 E.01339
;WIDTH:0.495664
G1 F1325.252
G1 X52.794 Y40.802 E.01812
M204 S10000
G1 E-.8 F1800
G1 X60.04 Y38.404 Z4.2 F7200
G1 X61.419 Y37.948 Z4.2
G1 Z3.8
G1 E.8 F1800
M204 S500
;TYPE:Outer wall
;WIDTH:0.449999
G1 F1473.915
G1 X60.916 Y37.934 E.01704
G1 X60.123 Y37.952 E.02684
G1 X59.273 Y38.03 E.02892
G1 X57.693 Y38.232 E.05389
G1 X56.876 Y38.365 E.02804
G1 X55.589 Y38.694 E.04494
G1 X55.47 Y38.684 E.00405
G1 X55.359 Y38.535 E.0063
G1 X54.862 Y36.937 E.05667
G1 X54.909 Y36.751 E.00647
G1 X56.013 Y36.428 E.03893
G1 X56.742 Y36.278 E.02521
G1 X57.421 Y36.174 E.02324
G1 X59.64 Y35.906 E.07566
G1 X60.339 Y35.866 E.02369
G1 X61.528 Y35.874 E.04023
G1 X61.627 Y35.919 E.00367
G1 X61.688 Y36.064 E.00533
G1 X61.606 Y37.775 E.05798
G1 X61.529 Y37.915 E.00543
G1 X61.458 Y37.937 E.00253
M204 S10000
G1 E-.8 F1800
G1 X55.673 Y39.141 Z4.2 F7200
G1 Z3.8
G1 E.8 F1800
M204 S1500
;TYPE:Inner wall
;WIDTH:0.50163
G1 F1308.016
G1 X55.895 Y39.07 E.00889
;WIDTH:0.472581
G1 F1396.45
G1 X56.117 Y38.999 E.00833
;WIDTH:0.443532
G1 F1497.709
G1 X56.959 Y38.762 E.02914
;WIDTH:0.401652
G1 F1672.558
G1 X57.353 Y38.683 E.012
;WIDTH:0.372991
G1 F1817.791
G1 X57.747 Y38.604 E.01104
;WIDTH:0.34433
G1 F1990.644
G1 X58.552 Y38.487 E.02037
;WIDTH:0.345978
G1 F1979.819
G1 X59.377 Y38.399 E.02091
;WIDTH:0.374109
G1 F1811.654
G1 X59.778 Y38.377 E.01107
;WIDTH:0.40224
G1 F1669.821
G1 X60.18 Y38.356 E.01201
;WIDTH:0.429398
G1 F1552.482
G1 X60.553 Y38.361 E.01199
;WIDTH:0.456556
G1 F1450.551
G1 X60.926 Y38.366 E.01283
;WIDTH:0.501638
G1 F1307.993
G1 X61.457 Y38.402 E.02029
M204 S10000
G1 E-.8 F1800
G1 X55.032 Y42.522 Z4.2 F7200
G1 X45.951 Y48.345 Z4.2
G1 Z3.8
G1 E.8 F1800
M204 S500
;TYPE:Outer wall
;WIDTH:0.449999
G1 F1473.915
G1 X46.069 Y48.309 E.00418
G1 X47.779 Y48.39 E.05794
G1 X47.922 Y48.472 E.00559
G1 X47.952 Y48.577 E.00371
G1 X47.938 Y49.08 E.01704
G1 X47.956 Y49.873 E.02684
G1 X48.034 Y50.724 E.02892
G1 X48.236 Y52.303 E.05389
G1 X48.369 Y53.12 E.02804
G1 X48.698 Y54.407 E.04494
G1 X48.689 Y54.524 E.00399
G1 X48.547 Y54.635 E.0061
G1 X46.94 Y55.135 E.05695
G1 X46.848 Y55.139 E.00312
G1 X46.711 Y55.009 E.00642
G1 X46.432 Y53.984 E.03596
G1 X46.286 Y53.281 E.02428
G1 X46.089 Y51.887 E.04765
G1 X45.974 Y50.982 E.03088
G1 X45.902 Y50.276 E.02402
G1 X45.865 Y49.562 E.0242
G1 X45.877 Y48.589 E.03294
G1 X45.88 Y48.468 E.00411
G1 X45.931 Y48.379 E.00345
M204 S10000
G1 E-.8 F1800
G1 X49.145 Y54.323 Z4.2 F7200
G1 Z3.8
G1 E.8 F1800
M204 S1500
;TYPE:Inner wall
;WIDTH:0.501434
G1 F1308.575
G1 X49.077 Y54.112 E.00848
;WIDTH:0.473716
G1 F1392.77
G1 X49.009 Y53.9 E.00796
;WIDTH:0.445998
G1 F1488.546
G1 X48.764 Y53.038 E.03004
;WIDTH:0.399778
G1 F1681.341
G1 X48.686 Y52.643 E.01194
;WIDTH:0.371988
G1 F1823.331
G1 X48.607 Y52.249 E.01101
;WIDTH:0.344198
G1 F1991.516
G1 X48.49 Y51.438 E.02053
;WIDTH:0.34556
G1 F1982.553
G1 X48.404 Y50.64 E.02019
;WIDTH:0.374393
G1 F1810.102
G1 X48.382 Y50.21 E.01187
;WIDTH:0.403226
G1 F1665.251
G1 X48.359 Y49.78 E.0129
;WIDTH:0.448895
G1 F1477.924
G1 X48.381 Y49.185 E.0201
;WIDTH:0.494564
G1 F1328.48
G1 X48.403 Y48.59 E.02236
M204 S10000
G1 E-.8 F1800
G1 X48.776 Y56.213 Z4.2 F7200
G1 X48.9 Y58.747 Z4.2
G1 Z3.8
G1 E.8 F1800
M204 S500
;TYPE:Outer wall
;WIDTH:0.449999
G1 F1473.915
G1 X48.958 Y58.652 E.00377
G1 X50.222 Y57.502 E.05786
G1 X50.384 Y57.459 E.00567
G1 X51.344 Y58.375 E.04492
G1 X52.024 Y58.948 E.03007
G1 X53.312 Y59.946 E.05518
G1 X53.985 Y60.43 E.02804
G1 X55.127 Y61.106 E.04494
G1 X55.202 Y61.192 E.00384
G1 X55.176 Y61.386 E.00662
G1 X54.399 Y62.864 E.05653
G1 X54.323 Y62.94 E.00365
G1 X54.147 Y62.938 E.00594
G1 X53.225 Y62.41 E.03596
G1 X52.626 Y62.016 E.02428
G1 X51.412 Y61.101 E.05143
G1 X50.229 Y60.163 E.05112
G1 X49.698 Y59.684 E.02421
G1 X48.947 Y58.916 E.03635
G1 X48.911 Y58.786 E.00458
M204 S10000
G1 E-.8 F1800
G1 X55.384 Y60.731 Z4.2 F7200
G1 Z3.8
G1 E.8 F1800
M204 S1500
;TYPE:Inner wall
;WIDTH:0.501522
G1 F1308.324
G1 X55.017 Y60.533 E.01592
;WIDTH:0.467718
G1 F1412.438
G1 X54.649 Y60.335 E.01475
;WIDTH:0.433913
G1 F1534.556
G1 X54.282 Y60.136 E.01358
;WIDTH:0.400108
G1 F1679.788
G1 X53.934 Y59.908 E.01236
;WIDTH:0.373023
G1 F1817.614
G1 X53.586 Y59.679 E.01142
;WIDTH:0.345938
G1 F1980.08
G1 X52.919 Y59.184 E.02092
;WIDTH:0.34413
G1 F1991.966
G1 X52.294 Y58.683 E.02007
;WIDTH:0.372538
G1 F1820.289
G1 X51.98 Y58.404 E.01153
;WIDTH:0.400946
G1 F1675.856
G1 X51.666 Y58.124 E.01253
;WIDTH:0.428614
G1 F1555.637
G1 X51.393 Y57.845 E.0125
;WIDTH:0.456282
G1 F1451.512
G1 X51.121 Y57.566 E.0134
;WIDTH:0.494712
G1 F1328.045
G1 X50.805 Y57.202 E.01808
M204 S10000
G1 E-.8 F1800
G1 X57.284 Y61.237 Z4.2 F7200
G1 X58.581 Y62.044 Z4.2
G1 Z3.8
G1 E.8 F1800
M204 S500
;TYPE:Outer wall
;WIDTH:0.449999
G1 F1473.915
G1 X59.084 Y62.058 E.01704
G1 X59.877 Y62.04 E.02684
G1 X60.727 Y61.962 E.02892
G1 X62.307 Y61.76 E.05389
G1 X63.124 Y61.627 E.02804
G1 X64.41 Y61.298 E.04495
G1 X64.526 Y61.306 E.00393
G1 X64.636 Y61.441 E.00589
G1 X65.138 Y63.056 E.05723
G1 X65.133 Y63.18 E.0042
G1 X65.012 Y63.285 E.00543
G1 X63.987 Y63.565 E.03596
G1 X63.374 Y63.692 E.02121
G1 X62.579 Y63.819 E.02725
G1 X60.986 Y64.023 E.05435
G1 X60.28 Y64.095 E.02402
G1 X59.566 Y64.131 E.02421
G1 X58.492 Y64.119 E.03635
G1 X58.331 Y64.019 E.00642
G1 X58.335 Y63.448 E.01932
G1 X58.394 Y62.218 E.04169
G1 X58.474 Y62.075 E.00554
G1 X58.542 Y62.055 E.00241
M204 S10000
G1 E-.8 F1800
G1 X64.298 Y60.86 Z4.2 F7200
G1 Z3.8
G1 E.8 F1800
M204 S1500
;TYPE:Inner wall
;WIDTH:0.496784
G1 F1321.982
G1 X64.098 Y60.925 E.00795
;WIDTH:0.470893
G1 F1401.958
G1 X63.897 Y60.989 E.0075
;WIDTH:0.445002
G1 F1492.233
G1 X63.041 Y61.231 E.02974
;WIDTH:0.400602
G1 F1677.468
G1 X62.647 Y61.31 E.01196
;WIDTH:0.372389
G1 F1821.112
G1 X62.253 Y61.389 E.01102
;WIDTH:0.344176
G1 F1991.662
M73 P92 R1
G1 X61.463 Y61.503 E.01999
;WIDTH:0.345544
G1 F1982.659
G1 X60.637 Y61.593 E.02089
;WIDTH:0.373928
G1 F1812.645
G1 X60.221 Y61.615 E.01147
;WIDTH:0.402312
G1 F1669.486
G1 X59.805 Y61.637 E.01246
;WIDTH:0.42983
G1 F1550.748
G1 X59.44 Y61.632 E.01175
;WIDTH:0.457348
G1 F1447.779
G1 X59.074 Y61.626 E.01259
;WIDTH:0.501438
G1 F1308.564
G1 X58.543 Y61.591 E.0203
M204 S10000
G1 E-.8 F1800
G1 X65.995 Y59.939 Z4.2 F7200
G1 X67.462 Y59.614 Z4.2
G1 Z3.8
G1 E.8 F1800
M204 S500
;TYPE:Outer wall
;WIDTH:0.449999
G1 F1473.915
G1 X67.516 Y59.519 E.00368
G1 X67.882 Y59.173 E.01704
G1 X68.404 Y58.626 E.02559
G1 X68.947 Y57.978 E.02861
G1 X69.95 Y56.684 E.05544
G1 X70.433 Y56.011 E.02803
G1 X71.11 Y54.869 E.04495
G1 X71.201 Y54.792 E.00402
G1 X71.382 Y54.817 E.0062
G1 X72.868 Y55.597 E.05681
G1 X72.957 Y55.706 E.00476
G1 X72.911 Y55.901 E.0068
G1 X72.413 Y56.772 E.03395
G1 X72.02 Y57.37 E.02425
G1 X71.598 Y57.947 E.02418
G1 X70.615 Y59.217 E.05435
G1 X70.167 Y59.767 E.02402
G1 X69.688 Y60.298 E.02421
G1 X68.92 Y61.049 E.03635
G1 X68.861 Y61.087 E.00239
G1 X68.721 Y61.086 E.00474
G1 X68.335 Y60.686 E.01883
G1 X67.506 Y59.774 E.04171
G1 X67.473 Y59.652 E.00426
M204 S10000
G1 E-.8 F1800
G1 X70.721 Y54.639 Z4.2 F7200
G1 Z3.8
G1 E.8 F1800
M204 S1500
;TYPE:Inner wall
;WIDTH:0.496926
G1 F1321.568
G1 X70.628 Y54.821 E.00775
;WIDTH:0.471703
G1 F1399.309
G1 X70.534 Y55.004 E.00732
;WIDTH:0.44648
G1 F1486.768
G1 X70.095 Y55.79 E.03021
;WIDTH:0.399814
G1 F1681.172
G1 X69.872 Y56.125 E.01193
;WIDTH:0.372031
G1 F1823.093
G1 X69.649 Y56.459 E.011
;WIDTH:0.344248
G1 F1991.186
G1 X69.16 Y57.113 E.02045
;WIDTH:0.345574
G1 F1982.462
G1 X68.657 Y57.738 E.02018
;WIDTH:0.374276
G1 F1810.741
G1 X68.369 Y58.058 E.01186
;WIDTH:0.402978
G1 F1666.398
G1 X68.081 Y58.378 E.01289
;WIDTH:0.429786
G1 F1550.924
G1 X67.825 Y58.626 E.01148
;WIDTH:0.456594
G1 F1450.417
G1 X67.569 Y58.875 E.01227
;WIDTH:0.501394
G1 F1308.689
G1 X67.168 Y59.225 E.02029
M204 S10000
G1 E-.8 F1800
G1 X62.195 Y53.435 Z4.2 F7200
G1 X49.608 Y38.783 Z4.2
G1 Z3.8
G1 E.8 F1800
M204 S1500
;WIDTH:0.655944
G1 F978.755
G1 X50.425 Y38.062 E.05553
;WIDTH:0.624571
G1 F1031.546
G1 X50.557 Y37.933 E.00895
;WIDTH:0.580928
G1 F1115.225
G1 X50.689 Y37.803 E.00828
;WIDTH:0.537285
G1 F1213.678
G1 X50.821 Y37.673 E.0076
;WIDTH:0.493642
G1 F1331.197
G1 X50.953 Y37.544 E.00693
;WIDTH:0.449999
G1 F1473.915
G1 X51.587 Y37.112 E.02598
G1 X52.321 Y36.664 E.0291
G1 X53.343 Y36.119 E.0392
;WIDTH:0.486407
G1 F1352.916
G1 X53.755 Y35.956 E.01634
;WIDTH:0.522814
G1 F1250.276
G1 X54.166 Y35.792 E.01768
;WIDTH:0.572779
G1 F1132.378
G1 X54.377 Y35.74 E.00955
;WIDTH:0.622743
G1 F1034.799
G1 X54.587 Y35.687 E.01045
;WIDTH:0.643394
G1 F999.211
G1 X55.065 Y35.519 E.02531
;WIDTH:0.664699
G1 F964.973
G1 X55.943 Y35.26 E.04732
;WIDTH:0.676947
G1 F946.332
G1 X56.546 Y35.119 E.03263
;WIDTH:0.694373
G1 F921.018
G1 X57.23 Y34.987 E.03775
;WIDTH:0.707094
G1 F903.378
G1 X57.735 Y34.902 E.02829
G1 X58.91 Y34.772 E.06529
;WIDTH:0.694865
G1 F920.323
G1 X59.686 Y34.724 E.04213
;WIDTH:0.675693
G1 F948.207
G1 X60.471 Y34.721 E.0413
;WIDTH:0.65309
G1 F983.333
G1 X61.658 Y34.787 E.06035
;WIDTH:0.623157
G1 F1034.06
G1 X61.821 Y34.785 E.00784
;WIDTH:0.579868
G1 F1117.428
G1 X61.983 Y34.783 E.00725
;WIDTH:0.536578
G1 F1215.416
G1 X62.146 Y34.781 E.00667
;WIDTH:0.493289
G1 F1332.242
G1 X62.308 Y34.779 E.00608
;WIDTH:0.449999
G1 F1473.915
G1 X63.536 Y35.023 E.04237
G1 X64.138 Y35.172 E.02099
G1 X64.851 Y35.393 E.02527
G1 X65.85 Y35.759 E.036
;WIDTH:0.493196
G1 F1332.516
G1 X65.958 Y35.831 E.00486
;WIDTH:0.536393
G1 F1215.872
G1 X66.066 Y35.903 E.00532
;WIDTH:0.57959
G1 F1118.006
G1 X66.174 Y35.975 E.00579
;WIDTH:0.622787
G1 F1034.72
G1 X66.282 Y36.046 E.00626
;WIDTH:0.639633
G1 F1005.508
G1 X66.645 Y36.218 E.01995
;WIDTH:0.660663
G1 F971.278
G1 X67.452 Y36.65 E.04702
;WIDTH:0.685589
G1 F933.606
G1 X68.231 Y37.13 E.04888
;WIDTH:0.701101
G1 F911.603
G1 X68.854 Y37.564 E.04157
;WIDTH:0.705493
G1 F905.561
G1 X69.787 Y38.277 E.06467
G1 X70.574 Y38.974 E.05795
;WIDTH:0.674725
G1 F949.66
G1 X71.137 Y39.526 E.04139
;WIDTH:0.655519
G1 F979.434
G1 X71.675 Y40.112 E.04053
;WIDTH:0.639633
G1 F1005.508
G1 X71.931 Y40.396 E.01899
;WIDTH:0.591913
G1 F1092.91
G1 X72.188 Y40.68 E.01747
;WIDTH:0.544193
G1 F1196.953
G1 X72.509 Y41.088 E.02165
;WIDTH:0.497096
G1 F1321.074
G1 X72.83 Y41.496 E.01961
;WIDTH:0.449999
G1 F1473.915
G1 X73.376 Y42.387 E.03536
G1 X73.778 Y43.136 E.02878
G1 X74.158 Y43.96 E.03073
;WIDTH:0.494311
G1 F1329.225
G1 X74.207 Y44.145 E.00717
;WIDTH:0.538623
G1 F1210.403
G1 X74.256 Y44.329 E.00787
;WIDTH:0.582935
G1 F1111.082
G1 X74.304 Y44.514 E.00857
;WIDTH:0.627246
G1 F1026.824
G1 X74.353 Y44.699 E.00928
;WIDTH:0.656781
G1 F977.42
G1 X74.679 Y45.722 E.05483
;WIDTH:0.681786
G1 F939.164
G1 X74.895 Y46.606 E.04836
;WIDTH:0.703752
G1 F907.946
G1 X75.06 Y47.505 E.05022
;WIDTH:0.707092
G1 F903.38
G1 X75.18 Y48.411 E.05044
G1 X75.27 Y49.677 E.07012
;WIDTH:0.674176
G1 F950.486
G1 X75.277 Y50.465 E.04135
;WIDTH:0.6545
G1 F981.065
G1 X75.219 Y51.544 E.05494
;WIDTH:0.624824
G1 F1031.098
G1 X75.218 Y51.719 E.00847
;WIDTH:0.590824
G1 F1095.083
G1 X75.216 Y51.894 E.00797
;WIDTH:0.556824
G1 F1167.535
G1 X75.215 Y52.069 E.00748
;WIDTH:0.522823
G1 F1250.253
G1 X75.158 Y52.52 E.01814
;WIDTH:0.486411
G1 F1352.902
G1 X75.102 Y52.971 E.01676
;WIDTH:0.449999
G1 F1473.915
G1 X74.84 Y54.062 E.03799
G1 X74.629 Y54.78 E.02535
G1 X74.322 Y55.633 E.03068
;WIDTH:0.495212
G1 F1326.577
G1 X74.211 Y55.834 E.00861
;WIDTH:0.540425
G1 F1206.019
G1 X74.101 Y56.035 E.00948
;WIDTH:0.585638
G1 F1105.548
G1 X73.99 Y56.235 E.01034
;WIDTH:0.63085
G1 F1020.53
G1 X73.88 Y56.436 E.0112
;WIDTH:0.656535
G1 F977.812
G1 X73.374 Y57.395 E.05531
;WIDTH:0.678346
G1 F944.248
G1 X72.974 Y58.062 E.04111
;WIDTH:0.701456
G1 F911.112
G1 X72.483 Y58.784 E.04777
;WIDTH:0.708138
G1 F901.96
G1 X71.933 Y59.512 E.05052
G1 X71.541 Y59.985 E.03397
;WIDTH:0.694748
G1 F920.488
G1 X71.025 Y60.566 E.04213
;WIDTH:0.674047
G1 F950.68
G1 X70.472 Y61.128 E.04135
;WIDTH:0.653895
G1 F982.037
G1 X70.055 Y61.519 E.02904
;WIDTH:0.646733
G1 F993.685
G1 X69.713 Y61.825 E.02305
;WIDTH:0.608772
G1 F1060.349
G1 X69.37 Y62.13 E.0216
;WIDTH:0.57081
G1 F1136.6
G1 X69.137 Y62.325 E.01333
;WIDTH:0.53054
G1 F1230.467
G1 X68.904 Y62.519 E.01231
;WIDTH:0.49027
G1 F1341.234
G1 X68.671 Y62.714 E.0113
;WIDTH:0.449999
G1 F1473.915
G1 X67.628 Y63.358 E.04149
G1 X67.061 Y63.672 E.02193
G1 X66.245 Y64.064 E.03064
;WIDTH:0.493445
G1 F1331.78
G1 X66.014 Y64.132 E.00903
;WIDTH:0.536891
G1 F1214.646
G1 X65.783 Y64.2 E.0099
;WIDTH:0.580337
G1 F1116.452
G1 X65.552 Y64.269 E.01077
;WIDTH:0.623783
G1 F1032.946
G1 X65.32 Y64.337 E.01165
;WIDTH:0.655699
G1 F979.146
G1 X64.227 Y64.683 E.05842
;WIDTH:0.677001
G1 F946.251
G1 X63.472 Y64.871 E.04101
;WIDTH:0.698738
G1 F914.888
G1 X62.716 Y65.02 E.04202
;WIDTH:0.708764
G1 F901.112
G1 X61.812 Y65.15 E.05057
G1 X60.903 Y65.239 E.05056
;WIDTH:0.694489
G1 F920.854
G1 X60.324 Y65.266 E.03144
;WIDTH:0.674338
G1 F950.242
G1 X59.599 Y65.273 E.03804
;WIDTH:0.655282
G1 F979.813
G1 X59.076 Y65.26 E.02663
;WIDTH:0.64965
G1 F988.908
G1 X58.165 Y65.185 E.04616
;WIDTH:0.633834
G1 F1015.376
G1 X57.936 Y65.174 E.01123
;WIDTH:0.587876
G1 F1101.008
G1 X57.708 Y65.163 E.01035
;WIDTH:0.541917
G1 F1202.413
G1 X57.48 Y65.152 E.00948
;WIDTH:0.495958
G1 F1324.393
G1 X57.252 Y65.141 E.00861
;WIDTH:0.449999
G1 F1473.915
G1 X56.495 Y64.98 E.02619
G1 X55.957 Y64.841 E.0188
G1 X55.427 Y64.692 E.01863
G1 X54.575 Y64.4 E.03048
;WIDTH:0.494049
G1 F1329.997
G1 X54.336 Y64.275 E.01011
;WIDTH:0.538099
G1 F1211.683
G1 X54.097 Y64.151 E.01109
;WIDTH:0.582149
G1 F1112.7
G1 X53.858 Y64.026 E.01208
;WIDTH:0.626199
G1 F1028.667
G1 X53.62 Y63.902 E.01307
;WIDTH:0.65528
G1 F979.816
G1 X52.606 Y63.371 E.05825
;WIDTH:0.673236
G1 F951.904
G1 X51.945 Y62.968 E.0406
;WIDTH:0.696995
G1 F917.326
G1 X51.316 Y62.551 E.04103
;WIDTH:0.708973
G1 F900.829
G1 X50.656 Y62.063 E.04544
G1 X49.947 Y61.488 E.05057
;WIDTH:0.696618
G1 F917.855
G1 X49.27 Y60.875 E.04966
;WIDTH:0.673697
G1 F951.208
G1 X48.631 Y60.221 E.04795
;WIDTH:0.652129
G1 F984.884
G1 X48.03 Y59.531 E.04635
;WIDTH:0.62713
G1 F1027.028
G1 X47.876 Y59.362 E.0111
;WIDTH:0.582848
G1 F1111.261
G1 X47.722 Y59.193 E.01026
;WIDTH:0.538565
G1 F1210.545
G1 X47.568 Y59.025 E.00942
;WIDTH:0.494282
G1 F1329.311
G1 X47.414 Y58.856 E.00857
;WIDTH:0.449999
G1 F1473.915
G1 X46.906 Y58.087 E.03117
G1 X46.65 Y57.644 E.01734
G1 X46.38 Y57.158 E.0188
G1 X46.026 Y56.448 E.02685
;WIDTH:0.493835
G1 F1330.628
G1 X45.934 Y56.166 E.01114
;WIDTH:0.537671
G1 F1212.731
G1 X45.842 Y55.884 E.01222
;WIDTH:0.581507
G1 F1114.026
G1 X45.75 Y55.601 E.0133
;WIDTH:0.625343
G1 F1030.179
G1 X45.658 Y55.319 E.01438
;WIDTH:0.649652
G1 F988.904
G1 X45.454 Y54.713 E.03225
;WIDTH:0.664957
G1 F964.573
G1 X45.248 Y53.981 E.03934
;WIDTH:0.673195
G1 F951.965
G1 X45.133 Y53.475 E.02719
;WIDTH:0.695881
G1 F918.891
G1 X44.984 Y52.735 E.04095
;WIDTH:0.708765
G1 F901.111
G1 X44.875 Y52.035 E.03924
G1 X44.778 Y51.084 E.05293
;WIDTH:0.693322
G1 F922.506
G1 X44.723 Y50.211 E.04732
;WIDTH:0.675758
G1 F948.11
G1 X44.726 Y49.301 E.04787
;WIDTH:0.654339
G1 F981.324
G1 X44.794 Y48.33 E.0495
;WIDTH:0.622164
G1 F1035.833
G1 X44.8 Y48.115 E.01033
;WIDTH:0.579123
G1 F1118.98
G1 X44.805 Y47.901 E.00956
;WIDTH:0.536082
G1 F1216.64
G1 X44.811 Y47.686 E.0088
;WIDTH:0.493041
G1 F1332.977
G1 X44.817 Y47.472 E.00803
;WIDTH:0.449999
G1 F1473.915
G1 X44.994 Y46.571 E.03108
G1 X45.149 Y45.975 E.02084
G1 X45.52 Y44.779 E.04239
;WIDTH:0.493726
G1 F1330.95
G1 X45.664 Y44.49 E.01212
;WIDTH:0.537453
G1 F1213.267
G1 X45.807 Y44.2 E.01329
;WIDTH:0.58118
G1 F1114.704
G1 X45.951 Y43.91 E.01447
;WIDTH:0.624906
G1 F1030.953
G1 X46.094 Y43.621 E.01564
;WIDTH:0.646733
G1 F993.685
G1 X46.326 Y43.147 E.02647
;WIDTH:0.655703
G1 F979.139
G1 X46.622 Y42.606 E.03144
;WIDTH:0.675471
G1 F948.54
G1 X47.025 Y41.941 E.04089
;WIDTH:0.692608
G1 F923.52
G1 X47.446 Y41.322 E.04044
;WIDTH:0.708105
G1 F902.005
G1 X47.797 Y40.83 E.03344
G1 X48.464 Y39.999 E.05895
;WIDTH:0.695739
G1 F919.091
G1 X48.979 Y39.416 E.04219
;WIDTH:0.67708
G1 F946.134
G1 X49.58 Y38.811 E.04497
M204 S500
G1 X49.239 Y38.399 F7200
;TYPE:Outer wall
;WIDTH:0.449999
G1 F1473.915
G1 X49.952 Y37.776 E.03204
G1 X50.701 Y37.197 E.03204
G1 X51.355 Y36.751 E.02678
G1 X52.296 Y36.178 E.03732
G1 X53.136 Y35.742 E.03201
G1 X54 Y35.357 E.03204
G1 X54.887 Y35.025 E.03204
G1 X55.791 Y34.746 E.03204
G1 X56.711 Y34.521 E.03204
G1 X57.642 Y34.352 E.03204
G1 X58.582 Y34.239 E.03204
G1 X59.527 Y34.183 E.03204
G1 X60.318 Y34.183 E.02679
G1 X61.419 Y34.239 E.03732
G1 X62.358 Y34.352 E.03201
G1 X63.289 Y34.521 E.03204
G1 X64.209 Y34.746 E.03204
G1 X64.965 Y34.979 E.02679
G1 X66 Y35.358 E.03732
G1 X66.864 Y35.742 E.03201
G1 X67.704 Y36.178 E.03204
G1 X68.517 Y36.664 E.03204
G1 X69.171 Y37.11 E.02679
G1 X70.049 Y37.777 E.03732
G1 X70.761 Y38.399 E.03201
G1 X71.435 Y39.063 E.03204
G1 X72.068 Y39.767 E.03204
G1 X72.562 Y40.385 E.02679
G1 X73.179 Y41.246 E.03585
G1 X73.448 Y41.676 E.01715
G1 X73.754 Y42.183 E.02007
G1 X74.167 Y42.956 E.02964
G1 X74.557 Y43.803 E.03159
G1 X74.843 Y44.535 E.02658
G1 X75.187 Y45.562 E.03668
G1 X75.429 Y46.501 E.03281
G1 X75.61 Y47.431 E.03206
G1 X75.736 Y48.369 E.03204
G1 X75.805 Y49.312 E.03202
G1 X75.819 Y50.233 E.03116
G1 X75.776 Y51.178 E.03204
G1 X75.677 Y52.12 E.03204
G1 X75.522 Y53.054 E.03204
G1 X75.312 Y53.976 E.03204
G1 X75.046 Y54.885 E.03204
G1 X74.727 Y55.776 E.03204
G1 X74.355 Y56.647 E.03204
G1 X73.932 Y57.493 E.03204
G1 X73.458 Y58.313 E.03204
G1 X72.937 Y59.103 E.03204
M73 P93 R1
G1 X72.369 Y59.86 E.03204
G1 X71.757 Y60.582 E.03204
G1 X71.103 Y61.266 E.03204
G1 X70.409 Y61.91 E.03204
G1 X69.678 Y62.511 E.03204
G1 X68.912 Y63.068 E.03204
G1 X68.114 Y63.577 E.03204
G1 X67.288 Y64.038 E.03204
G1 X66.435 Y64.449 E.03204
G1 X65.703 Y64.749 E.02678
G1 X64.662 Y65.114 E.03732
G1 X63.751 Y65.366 E.03201
G1 X62.825 Y65.563 E.03204
G1 X61.889 Y65.704 E.03204
G1 X60.946 Y65.789 E.03204
G1 X60 Y65.817 E.03204
G1 X59.054 Y65.789 E.03204
G1 X58.111 Y65.704 E.03204
G1 X57.175 Y65.563 E.03204
G1 X56.249 Y65.366 E.03204
G1 X55.337 Y65.114 E.03204
G1 X54.441 Y64.808 E.03204
G1 X53.565 Y64.449 E.03204
G1 X52.712 Y64.038 E.03204
G1 X52.021 Y63.653 E.02679
G1 X51.087 Y63.067 E.03732
G1 X50.322 Y62.511 E.03201
G1 X49.591 Y61.91 E.03204
G1 X48.897 Y61.266 E.03204
G1 X48.243 Y60.582 E.03204
G1 X47.631 Y59.86 E.03204
G1 X47.063 Y59.103 E.03204
G1 X46.542 Y58.313 E.03204
G1 X46.068 Y57.493 E.03204
G1 X45.645 Y56.647 E.03204
G1 X45.273 Y55.776 E.03204
G1 X44.954 Y54.885 E.03204
G1 X44.732 Y54.125 E.02679
G1 X44.477 Y53.053 E.03732
G1 X44.323 Y52.12 E.03201
G1 X44.24 Y51.333 E.02679
G1 X44.181 Y50.232 E.03732
G1 X44.195 Y49.286 E.03201
G1 X44.254 Y48.497 E.02679
G1 X44.393 Y47.404 E.03732
G1 X44.576 Y46.476 E.03201
G1 X44.775 Y45.71 E.02679
G1 X45.107 Y44.659 E.03732
G1 X45.452 Y43.778 E.03201
G1 X45.85 Y42.919 E.03204
G1 X46.299 Y42.086 E.03204
G1 X46.715 Y41.413 E.02679
G1 X47.342 Y40.506 E.03732
G1 X47.932 Y39.767 E.03201
G1 X48.565 Y39.063 E.03204
G1 X49.211 Y38.427 E.03069
M204 S10000
G1 E-.8 F1800
G1 X56.483 Y40.745 Z4.2 F7200
G1 X71.31 Y45.472 Z4.2
G1 Z3.8
G1 E.8 F1800
M204 S500
G1 F1473.915
G1 X71.469 Y45.353 E.00672
G1 X73.06 Y44.858 E.05639
G1 X73.215 Y44.88 E.00533
G1 X73.295 Y45.004 E.00497
G1 X73.569 Y46.011 E.03533
G1 X73.714 Y46.711 E.02421
G1 X73.823 Y47.417 E.02418
G1 X74.068 Y49.414 E.06809
G1 X74.126 Y50.263 E.02881
G1 X74.128 Y51.107 E.02857
G1 X74.1 Y51.591 E.01641
G1 X73.932 Y51.684 E.00648
G1 X72.221 Y51.603 E.05798
G1 X72.08 Y51.524 E.00548
G1 X72.048 Y51.415 E.00382
G1 X72.062 Y50.912 E.01704
G1 X72.044 Y50.119 E.02684
G1 X71.966 Y49.269 E.02892
G1 X71.764 Y47.69 E.05389
G1 X71.631 Y46.872 E.02804
G1 X71.302 Y45.586 E.04494
G1 X71.307 Y45.511 E.00252
M204 S10000
G1 X70.864 Y45.698 F7200
M204 S1500
;TYPE:Inner wall
;WIDTH:0.49694
G1 F1321.528
G1 X70.93 Y45.902 E.00809
;WIDTH:0.470586
G1 F1402.964
G1 X70.995 Y46.106 E.00762
;WIDTH:0.444232
G1 F1495.096
G1 X71.235 Y46.955 E.02943
;WIDTH:0.400164
G1 F1679.524
G1 X71.314 Y47.349 E.01195
;WIDTH:0.372395
G1 F1821.079
G1 X71.392 Y47.744 E.01102
;WIDTH:0.344626
G1 F1988.691
G1 X71.511 Y48.569 E.02091
;WIDTH:0.345708
G1 F1981.584
G1 X71.597 Y49.366 E.0202
;WIDTH:0.374125
G1 F1811.567
G1 X71.619 Y49.783 E.01148
;WIDTH:0.402542
G1 F1668.419
G1 X71.641 Y50.199 E.01247
;WIDTH:0.430224
G1 F1549.171
G1 X71.635 Y50.561 E.01164
;WIDTH:0.457906
G1 F1445.832
G1 X71.63 Y50.922 E.01248
;WIDTH:0.501624
G1 F1308.033
G1 X71.594 Y51.453 E.0203
M204 S10000
G1 E-.8 F1800
G1 X67.995 Y44.723 Z4.2 F7200
G1 X64.873 Y38.886 Z4.2
G1 Z3.8
G1 E.8 F1800
M204 S500
;TYPE:Outer wall
;WIDTH:0.449999
G1 F1473.915
G1 X64.797 Y38.797 E.00397
G1 X64.83 Y38.595 E.00693
G1 X65.601 Y37.128 E.05608
G1 X65.747 Y37.032 E.00593
G1 X66.1 Y37.196 E.01318
G1 X66.775 Y37.582 E.02633
G1 X67.374 Y37.976 E.02428
G1 X67.952 Y38.4 E.02426
G1 X69.622 Y39.708 E.0718
G1 X70.261 Y40.271 E.02882
G1 X70.854 Y40.872 E.02858
G1 X71.096 Y41.147 E.0124
G1 X71.045 Y41.338 E.00667
G1 X69.778 Y42.49 E.05798
G1 X69.619 Y42.534 E.00556
G1 X69.533 Y42.491 E.00326
G1 X69.177 Y42.115 E.01754
G1 X68.604 Y41.567 E.02684
G1 X67.947 Y41.02 E.02892
G1 X66.688 Y40.047 E.05389
G1 X66.015 Y39.563 E.02804
G1 X64.907 Y38.906 E.04359
M204 S10000
G1 X64.642 Y39.275 F7200
M204 S1500
;TYPE:Inner wall
;WIDTH:0.497272
G1 F1320.562
G1 X64.841 Y39.377 E.00843
;WIDTH:0.470012
G1 F1404.849
G1 X65.04 Y39.479 E.00793
;WIDTH:0.442752
G1 F1500.63
G1 X65.794 Y39.901 E.02874
;WIDTH:0.400832
G1 F1676.39
G1 X66.128 Y40.124 E.01197
;WIDTH:0.3725
G1 F1820.499
G1 X66.463 Y40.348 E.01102
;WIDTH:0.344168
G1 F1991.714
G1 X67.1 Y40.823 E.0199
;WIDTH:0.34551
G1 F1982.881
G1 X67.747 Y41.343 E.02089
;WIDTH:0.373876
G1 F1812.93
G1 X68.057 Y41.622 E.01147
;WIDTH:0.402242
G1 F1669.812
G1 X68.366 Y41.9 E.01245
;WIDTH:0.429678
G1 F1551.358
G1 X68.622 Y42.164 E.01181
;WIDTH:0.457114
G1 F1448.597
G1 X68.878 Y42.427 E.01265
;WIDTH:0.501384
G1 F1308.718
G1 X69.229 Y42.828 E.02029
M204 S10000
G1 E-.8 F1800
G1 X70.887 Y44.796 Z4.2 F7200
G1 Z3.8
G1 E.8 F1800
M204 S500
;TYPE:Internal solid infill
;WIDTH:0.449999
G1 F1473.915
G1 X71.144 Y44.58 E.01136
G1 X72.811 Y44.06 E.05912
G1 X73.076 Y44.024 E.00903
G1 X73.617 Y44.158 E.01888
G1 X73.787 Y44.258 E.00667
G1 X73.771 Y44.101 E.00535
G1 X73.502 Y43.509 E.02204
G1 X72.977 Y42.504 E.03836
G1 X72.513 Y41.753 E.02989
G1 X71.953 Y41.101 E.02908
G1 X71.806 Y41.691 E.02059
G1 X71.607 Y41.956 E.01121
G1 X70.307 Y43.137 E.05945
G1 X70.002 Y43.246 E.01098
G1 X70.473 Y44.003 E.03017
G1 X70.869 Y44.76 E.02893
M204 S10000
G1 X71.017 Y44.134 F7200
M204 S500
G1 F1473.915
G1 X71.057 Y44.18 E.00205
G1 X72.69 Y43.671 E.05791
G1 X72.961 Y43.615 E.00938
G1 X73.107 Y43.625 E.00493
G1 X72.659 Y42.772 E.03259
G1 X72.134 Y41.936 E.03343
G1 X71.881 Y42.258 E.01385
G1 X70.605 Y43.416 E.05834
G1 X70.998 Y44.099 E.02666
M204 S10000
G1 X71.196 Y43.509 F7200
M204 S500
;WIDTH:0.568027
G1 F1142.624
G1 X71.264 Y43.627 E.00596
G1 X72.4 Y43.273 E.05193
G1 X72.077 Y42.709 E.0284
G1 X71.226 Y43.482 E.05022
M204 S10000
G1 E-.8 F1800
G1 X64.899 Y39.213 Z4.2 F7200
G1 X64.021 Y38.62 Z4.2
G1 Z3.8
G1 E.8 F1800
M204 S500
;WIDTH:0.449999
G1 F1473.915
G1 X64.053 Y38.28 E.01159
G1 X64.861 Y36.74 E.05887
G1 X65.016 Y36.542 E.0085
G1 X65.596 Y36.223 E.02239
G1 X65.73 Y36.187 E.00472
G1 X65.668 Y36.13 E.00285
G1 X64.965 Y35.869 E.02541
G1 X63.903 Y35.531 E.03771
G1 X63.115 Y35.339 E.02744
G1 X62.261 Y35.184 E.0294
G1 X62.086 Y35.21 E.00598
G1 X62.224 Y35.348 E.0066
G1 X62.49 Y35.839 E.01888
G1 X62.522 Y36.104 E.00904
G1 X62.439 Y37.847 E.05907
G1 X62.3 Y38.151 E.01133
G1 X63.167 Y38.352 E.03014
G1 X63.983 Y38.607 E.02893
M204 S10000
G1 X63.636 Y38.058 F7200
M204 S500
G1 F1473.915
G1 X63.71 Y38.057 E.0025
G1 X64.501 Y36.551 E.05759
G1 X64.628 Y36.351 E.008
G1 X64.768 Y36.23 E.00627
G1 X63.898 Y35.95 E.03094
G1 X62.869 Y35.708 E.03577
G1 X62.929 Y36.063 E.0122
M73 P93 R0
G1 X62.847 Y37.845 E.06036
G1 X63.598 Y38.048 E.02633
M204 S10000
G1 X63.33 Y37.492 F7200
M204 S500
;WIDTH:0.567902
G1 F1142.896
G1 X63.461 Y37.528 E.00594
G1 X64.015 Y36.474 E.05195
G1 X63.387 Y36.304 E.02839
G1 X63.332 Y37.452 E.05017
M204 S10000
G1 E-.8 F1800
G1 X55.77 Y38.49 Z4.2 F7200
G1 X53.513 Y38.8 Z4.2
G1 Z3.8
G1 E.8 F1800
M204 S500
;WIDTH:0.567261
G1 F1144.294
G1 X53.632 Y38.732 E.00598
G1 X53.277 Y37.594 E.05198
G1 X52.716 Y37.923 E.02837
G1 X53.486 Y38.771 E.04995
M204 S10000
G1 X54.188 Y38.952 F7200
M204 S500
;WIDTH:0.449999
G1 F1473.915
G1 X53.675 Y37.306 E.05836
G1 X53.586 Y36.91 E.01376
G1 X52.906 Y37.262 E.0259
G1 X51.933 Y37.861 E.03869
G1 X52.262 Y38.116 E.01409
G1 X53.42 Y39.391 E.0583
G1 X54.153 Y38.971 E.02858
M204 S10000
G1 X54.795 Y39.111 F7200
M204 S500
G1 F1473.915
G1 X54.575 Y38.824 E.01222
G1 X54.064 Y37.185 E.05812
G1 X54.029 Y36.784 E.01364
G1 X54.205 Y36.248 E.0191
G1 X53.506 Y36.492 E.02505
G1 X52.706 Y36.906 E.03049
G1 X51.808 Y37.454 E.03562
G1 X51.205 Y37.865 E.02469
G1 X51.044 Y38.067 E.00875
G1 X51.305 Y38.068 E.00885
G1 X51.792 Y38.242 E.0175
G1 X52.283 Y38.745 E.02379
M73 P94 R0
G1 X53.138 Y39.686 E.04302
G1 X53.254 Y39.992 E.01108
G1 X54.006 Y39.523 E.02999
G1 X54.759 Y39.128 E.02877
M204 S10000
G1 E-.8 F1800
G1 X49.429 Y44.591 Z4.2 F7200
G1 X47.532 Y46.534 Z4.2
G1 Z3.8
G1 E.8 F1800
M204 S500
;WIDTH:0.56787
G1 F1142.966
G1 X46.481 Y45.983 E.05183
G1 X46.306 Y46.611 E.02843
G1 X47.496 Y46.667 E.052
G1 X47.522 Y46.573 E.00425
M204 S10000
G1 X47.849 Y47.15 F7200
M204 S500
;WIDTH:0.449999
G1 F1473.915
G1 X48.08 Y46.296 E.02997
G1 X46.555 Y45.496 E.05832
G1 X46.228 Y45.239 E.01406
G1 X45.97 Y46.054 E.02892
G1 X45.788 Y46.752 E.02442
G1 X45.711 Y47.147 E.01361
G1 X46.078 Y47.066 E.01274
G1 X47.809 Y47.148 E.05865
M204 S10000
G1 X48.155 Y47.697 F7200
M204 S500
G1 F1473.915
G1 X48.357 Y46.83 E.03013
G1 X48.62 Y45.984 E.03001
G1 X48.289 Y45.945 E.0113
G1 X46.744 Y45.135 E.05905
G1 X46.387 Y44.816 E.01621
G1 X46.196 Y44.399 E.01549
G1 X45.897 Y44.935 E.02076
G1 X45.578 Y45.941 E.03573
G1 X45.391 Y46.662 E.0252
G1 X45.221 Y47.528 E.02989
G1 X45.249 Y47.887 E.01219
G1 X45.506 Y47.647 E.01192
G1 X45.984 Y47.484 E.01709
G1 X47.864 Y47.559 E.06369
G1 X48.119 Y47.68 E.00957
M204 S10000
G1 E-.8 F1800
G1 X49.67 Y55.153 Z4.2 F7200
G1 X50.002 Y56.75 Z4.2
G1 Z3.8
G1 E.8 F1800
M204 S500
G1 F1473.915
G1 X49.301 Y55.591 E.04584
G1 X49.114 Y55.202 E.0146
G1 X48.853 Y55.414 E.01139
G1 X47.189 Y55.933 E.05899
G1 X46.645 Y55.948 E.01841
G1 X46.316 Y55.825 E.01189
G1 X46.424 Y56.335 E.01764
G1 X46.805 Y57.097 E.02884
G1 X47.253 Y57.873 E.03034
G1 X47.743 Y58.614 E.03006
G1 X48.073 Y58.91 E.01501
G1 X48.11 Y58.499 E.01397
G1 X48.393 Y58.036 E.01838
G1 X49.687 Y56.86 E.0592
G1 X49.964 Y56.763 E.00992
M204 S10000
G1 X48.737 Y56.364 F7200
M204 S500
;WIDTH:0.567161
G1 F1144.512
G1 X47.595 Y56.72 E.05216
G1 X47.921 Y57.286 E.02846
G1 X48.805 Y56.483 E.05204
G1 X48.757 Y56.399 E.00422
M204 S10000
G1 X48.956 Y55.808 F7200
M204 S500
;WIDTH:0.449999
G1 F1473.915
G1 X47.31 Y56.321 E.05837
G1 X46.892 Y56.36 E.01422
G1 X47.163 Y56.904 E.02058
G1 X47.599 Y57.659 E.0295
G1 X47.881 Y58.085 E.01729
G1 X48.122 Y57.732 E.01446
G1 X49.395 Y56.576 E.05822
G1 X48.976 Y55.842 E.02858
M204 S10000
G1 E-.8 F1800
G1 X55.119 Y60.373 Z4.2 F7200
G1 X56.835 Y61.639 Z4.2
G1 Z3.8
G1 E.8 F1800
M204 S500
G1 F1473.915
G1 X55.979 Y61.372 E.03036
G1 X55.944 Y61.718 E.01177
G1 X55.139 Y63.253 E.05865
G1 X54.762 Y63.643 E.01837
G1 X54.433 Y63.801 E.01233
G1 X54.777 Y64.039 E.01416
G1 X55.583 Y64.315 E.02885
G1 X56.447 Y64.554 E.03034
G1 X57.317 Y64.738 E.03009
G1 X57.818 Y64.711 E.01698
G1 X57.567 Y64.344 E.01503
G1 X57.478 Y63.889 E.0157
G1 X57.562 Y62.137 E.05937
G1 X57.701 Y61.841 E.01105
G1 X56.874 Y61.648 E.02872
M204 S10000
G1 X56.3 Y61.915 F7200
M204 S500
G1 F1473.915
G1 X55.499 Y63.442 E.05837
G1 X55.22 Y63.761 E.01434
G1 X55.703 Y63.926 E.0173
G1 X56.544 Y64.158 E.02951
G1 X57.138 Y64.284 E.02057
G1 X57.071 Y63.869 E.01422
G1 X57.154 Y62.148 E.05834
G1 X56.339 Y61.925 E.02858
M204 S10000
G1 X56.539 Y62.463 F7200
M204 S500
;WIDTH:0.567201
G1 F1144.424
G1 X55.984 Y63.52 E.05205
G1 X56.613 Y63.694 E.02846
G1 X56.671 Y62.499 E.05215
G1 X56.577 Y62.474 E.00422
M204 S10000
G1 E-.8 F1800
G1 X64.152 Y61.535 Z4.2 F7200
G1 X66.368 Y61.261 Z4.2
G1 Z3.8
G1 E.8 F1800
M204 S500
;WIDTH:0.567777
G1 F1143.169
G1 X66.722 Y62.398 E.05197
G1 X67.29 Y62.076 E.0285
G1 X66.487 Y61.193 E.05212
G1 X66.403 Y61.241 E.00424
M204 S10000
G1 X66.579 Y60.601 F7200
M204 S500
;WIDTH:0.449999
G1 F1473.915
G1 X65.83 Y61.031 E.02922
G1 X66.338 Y62.733 E.06014
G1 X66.353 Y63.109 E.01272
G1 X67.231 Y62.647 E.03359
G1 X68.07 Y62.13 E.03336
G1 X67.739 Y61.877 E.01412
G1 X66.606 Y60.63 E.05703
M204 S10000
G1 X66.753 Y59.994 F7200
M204 S500
G1 F1473.915
G1 X66.326 Y60.279 E.0174
G1 X65.629 Y60.677 E.02717
G1 X65.205 Y60.882 E.01592
G1 X65.417 Y61.142 E.01136
G1 X65.949 Y62.854 E.0607
G1 X65.92 Y63.437 E.01976
G1 X65.785 Y63.729 E.01088
G1 X66.205 Y63.632 E.01459
G1 X66.903 Y63.296 E.02622
G1 X67.686 Y62.86 E.03034
G1 X68.442 Y62.376 E.03039
G1 X68.89 Y61.947 E.02098
G1 X68.383 Y61.85 E.01746
G1 X68.04 Y61.603 E.0143
G1 X66.867 Y60.313 E.05904
G1 X66.767 Y60.032 E.01008
M204 S10000
G1 E-.8 F1800
G1 X71.378 Y54.013 Z4.2 F7200
G1 Z3.8
G1 E.8 F1800
M204 S500
G1 F1473.915
G1 X71.715 Y54.049 E.01145
G1 X73.344 Y54.911 E.0624
G1 X73.727 Y55.403 E.02109
G1 X73.799 Y55.663 E.00914
G1 X73.986 Y55.366 E.01187
G1 X74.251 Y54.627 E.02658
G1 X74.503 Y53.766 E.03034
G1 X74.7 Y52.9 E.03007
G1 X74.764 Y52.146 E.0256
G1 X74.29 Y52.452 E.01909
G1 X73.893 Y52.519 E.01364
G1 X72.145 Y52.435 E.05922
G1 X71.845 Y52.295 E.0112
G1 X71.644 Y53.163 E.03016
G1 X71.391 Y53.975 E.02877
M204 S10000
G1 X72.469 Y53.459 F7200
M204 S500
;WIDTH:0.569374
G1 F1139.701
G1 X73.52 Y54.015 E.05204
G1 X73.694 Y53.384 E.02865
G1 X72.505 Y53.327 E.0521
G1 X72.479 Y53.42 E.00424
M204 S10000
G1 X72.151 Y52.843 F7200
M204 S500
;WIDTH:0.449999
G1 F1473.915
G1 X71.927 Y53.672 E.02907
G1 X71.943 Y53.709 E.00138
G1 X73.535 Y54.551 E.06094
G1 X73.783 Y54.726 E.01029
G1 X74.058 Y53.836 E.03154
G1 X74.287 Y52.88 E.03327
G1 X73.873 Y52.925 E.01411
G1 X72.191 Y52.845 E.05701
; stop printing object fidget-finger-massager-2000-ring.stl id:15 copy 0
M106 S137
;LAYER_CHANGE
;Z:4
;HEIGHT:0.2
G92 E0
;_SET_FAN_SPEED_CHANGING_LAYER
; printing object fidget-finger-massager-2000-ring.stl id:15 copy 0
M204 S10000
G1 X71.001 Y54.241 Z4 F7200
M204 S1500
;TYPE:Inner wall
G1 F1473.915
G1 X71.268 Y53.474 E.02749
G1 X71.488 Y52.662 E.0285
G1 X71.636 Y51.907 E.02602
G1 X72.071 Y52.148 E.01683
G1 X74.101 Y52.241 E.06878
;WIDTH:0.488223
G1 F1347.399
G1 X74.281 Y52.146 E.00754
;WIDTH:0.526446
G1 F1240.885
G1 X74.461 Y52.051 E.00819
;WIDTH:0.564669
G1 F1149.978
G1 X74.641 Y51.956 E.00883
;WIDTH:0.60519
G1 F1067.104
G1 X74.69 Y51.891 E.00378
;WIDTH:0.64571
G1 F995.372
G1 X74.738 Y51.827 E.00405
G1 X74.749 Y51.912 E.00432
;WIDTH:0.60519
G1 F1067.104
G1 X74.761 Y51.998 E.00403
;WIDTH:0.564669
G1 F1149.978
G1 X74.719 Y52.346 E.01522
;WIDTH:0.526446
G1 F1240.885
G1 X74.677 Y52.694 E.01411
;WIDTH:0.488223
G1 F1347.399
G1 X74.636 Y53.043 E.01299
;WIDTH:0.449999
G1 F1473.915
G1 X74.418 Y53.944 E.03138
G1 X74.154 Y54.806 E.03051
G1 X73.917 Y55.465 E.02372
;WIDTH:0.496701
G1 F1322.224
G1 X73.836 Y55.595 E.00575
;WIDTH:0.543403
G1 F1198.843
G1 X73.756 Y55.724 E.00634
;WIDTH:0.590105
G1 F1096.523
G1 X73.675 Y55.853 E.00693
;WIDTH:0.636806
G1 F1010.295
G1 X73.594 Y55.982 E.00752
G1 X73.573 Y55.853 E.00647
;WIDTH:0.590105
G1 F1096.523
G1 X73.551 Y55.724 E.00596
;WIDTH:0.543403
G1 F1198.843
G1 X73.53 Y55.595 E.00545
;WIDTH:0.496701
G1 F1322.224
G1 X73.508 Y55.465 E.00494
;WIDTH:0.449999
G1 F1473.915
G1 X73.231 Y55.165 E.01383
G1 X71.498 Y54.254 E.06626
G1 X71.041 Y54.242 E.01548
M204 S10000
G1 E-.8 F1800
G1 X73.24 Y46.933 Z4.4 F7200
G1 X73.895 Y44.755 Z4.4
G1 Z4
G1 E.8 F1800
M204 S1500
;WIDTH:0.644248
G1 F997.792
G1 X73.943 Y44.816 E.00388
;WIDTH:0.595837
G1 F1085.155
G1 X73.991 Y44.877 E.00357
;WIDTH:0.547425
G1 F1189.286
G1 X74.039 Y44.938 E.00326
;WIDTH:0.499013
G1 F1315.522
G1 X74.087 Y44.999 E.00294
;WIDTH:0.450601
G1 F1471.74
G1 X74.134 Y45.06 E.00263
;WIDTH:0.402189
G1 F1670.059
G1 X74.182 Y45.121 E.00232
;WIDTH:0.375297
G1 F1805.179
G1 X74.403 Y45.844 E.02089
;WIDTH:0.399515
G1 F1682.581
G1 X74.604 Y46.668 E.02516
;WIDTH:0.421359
G1 F1585.46
G1 X74.766 Y47.55 E.0282
;WIDTH:0.424666
G1 F1571.726
G1 X74.884 Y48.438 E.02843
G1 X74.973 Y49.68 E.03954
;WIDTH:0.391902
G1 F1719.286
G1 X74.98 Y50.45 E.02234
;WIDTH:0.372323
G1 F1821.477
G1 X74.946 Y51.221 E.02114
;WIDTH:0.406281
G1 F1651.251
G1 X74.915 Y51.285 E.00213
;WIDTH:0.453268
G1 F1462.174
G1 X74.885 Y51.349 E.00241
;WIDTH:0.500255
G1 F1311.949
G1 X74.855 Y51.413 E.00269
;WIDTH:0.547242
G1 F1189.716
G1 X74.824 Y51.476 E.00296
;WIDTH:0.594229
G1 F1088.319
G1 X74.794 Y51.54 E.00324
;WIDTH:0.641216
G1 F1002.848
G1 X74.764 Y51.604 E.00351
G1 X74.742 Y51.537 E.00351
;WIDTH:0.594229
G1 F1088.319
G1 X74.719 Y51.47 E.00324
;WIDTH:0.547242
G1 F1189.716
G1 X74.697 Y51.403 E.00296
;WIDTH:0.500255
G1 F1311.949
G1 X74.675 Y51.336 E.00269
;WIDTH:0.453268
G1 F1462.174
G1 X74.653 Y51.269 E.00241
;WIDTH:0.406281
G1 F1651.251
G1 X74.63 Y51.202 E.00213
;WIDTH:0.363601
G1 F1871.018
G1 X74.634 Y51.102 E.00266
;WIDTH:0.382214
G1 F1768.378
G1 X74.646 Y50.227 E.0247
;WIDTH:0.406647
G1 F1649.589
G1 X74.597 Y49.351 E.02652
;WIDTH:0.424666
G1 F1571.726
G1 X74.505 Y48.476 E.02793
G1 X74.353 Y47.339 E.03641
;WIDTH:0.412473
G1 F1623.583
G1 X74.231 Y46.612 E.02266
;WIDTH:0.393419
G1 F1711.845
G1 X74.069 Y45.881 E.02182
;WIDTH:0.374812
G1 F1807.817
G1 X73.884 Y45.208 E.01925
;WIDTH:0.402189
G1 F1670.059
G1 X73.886 Y45.133 E.00226
;WIDTH:0.450601
G1 F1471.74
G1 X73.888 Y45.057 E.00256
;WIDTH:0.499013
G1 F1315.522
G1 X73.89 Y44.981 E.00287
;WIDTH:0.547425
G1 F1189.286
G1 X73.891 Y44.906 E.00317
;WIDTH:0.595837
G1 F1085.155
G1 X73.893 Y44.83 E.00348
;WIDTH:0.644248
G1 F997.792
G1 X73.894 Y44.795 E.00178
M204 S10000
G1 E-.8 F1800
G1 X70.886 Y45.119 Z4.4 F7200
G1 Z4
M73 P95 R0
G1 E.8 F1800
M204 S1500
;WIDTH:0.449999
G1 F1473.915
G1 X70.781 Y45.219 E.0049
G1 X70.427 Y44.488 E.0275
G1 X70.008 Y43.758 E.02849
G1 X69.579 Y43.12 E.02602
G1 X70.057 Y42.982 E.01685
G1 X71.518 Y41.652 E.06685
;WIDTH:0.480777
G1 F1370.312
G1 X71.624 Y41.392 E.01025
;WIDTH:0.511554
G1 F1280.317
G1 X71.73 Y41.131 E.01098
;WIDTH:0.556582
G1 F1168.085
G1 X71.726 Y41.045 E.00367
;WIDTH:0.601609
G1 F1073.943
G1 X71.721 Y40.959 E.00399
;WIDTH:0.646636
G1 F993.845
G1 X71.716 Y40.873 E.00431
G1 X71.792 Y40.932 E.00477
;WIDTH:0.601609
G1 F1073.943
G1 X71.867 Y40.99 E.00442
;WIDTH:0.556582
G1 F1168.085
G1 X71.942 Y41.048 E.00406
;WIDTH:0.511554
G1 F1280.317
G1 X72.225 Y41.427 E.01843
;WIDTH:0.480777
G1 F1370.312
G1 X72.509 Y41.806 E.01722
;WIDTH:0.449999
G1 F1473.915
G1 X72.993 Y42.6 E.0315
G1 X73.412 Y43.391 E.03028
G1 X73.752 Y44.124 E.02736
;WIDTH:0.496499
G1 F1322.813
G1 X73.776 Y44.249 E.00477
;WIDTH:0.542999
G1 F1199.812
G1 X73.8 Y44.373 E.00526
;WIDTH:0.589499
G1 F1097.739
G1 X73.823 Y44.497 E.00575
;WIDTH:0.635998
G1 F1011.671
G1 X73.847 Y44.621 E.00624
G1 X73.759 Y44.553 E.00551
;WIDTH:0.589499
G1 F1097.739
G1 X73.671 Y44.485 E.00508
;WIDTH:0.542999
G1 F1199.812
G1 X73.582 Y44.416 E.00464
;WIDTH:0.496499
G1 F1322.813
G1 X73.494 Y44.348 E.00421
;WIDTH:0.449999
G1 F1473.915
G1 X73.011 Y44.295 E.01645
G1 X71.142 Y44.877 E.06625
G1 X70.915 Y45.092 E.01059
M204 S500
G1 X71.147 Y45.394 F7200
;TYPE:Outer wall
;WIDTH:0.462472
G1 F1430.097
G1 X71.334 Y45.266 E.00792
;WIDTH:0.449999
G1 F1473.915
G1 X73.138 Y44.705 E.06396
G1 X73.282 Y44.72 E.00491
G1 X73.393 Y44.912 E.0075
G1 X73.691 Y45.979 E.03749
G1 X73.839 Y46.692 E.02467
G1 X73.948 Y47.401 E.02428
G1 X74.092 Y48.529 E.03848
G1 X74.192 Y49.392 E.02943
G1 X74.252 Y50.247 E.02899
G1 X74.239 Y51.635 E.047
G1 X74.216 Y51.72 E.00298
G1 X74.048 Y51.814 E.00651
G1 X72.092 Y51.72 E.0663
;WIDTH:0.48584
G1 F1354.646
G1 X71.929 Y51.64 E.00668
;WIDTH:0.520616
G1 F1256.03
G1 X71.897 Y51.586 E.0025
;WIDTH:0.555391
G1 F1170.798
G1 X71.866 Y51.531 E.00269
G1 X71.893 Y51.001 E.02261
;WIDTH:0.531244
G1 F1228.692
G1 X71.892 Y50.189 E.03298
;WIDTH:0.503237
G1 F1303.45
G1 X71.834 Y49.342 E.03248
;WIDTH:0.475043
G1 F1388.494
G1 X71.737 Y48.511 E.03009
;WIDTH:0.474468
G1 F1390.344
G1 X71.627 Y47.711 E.02894
;WIDTH:0.502547
G1 F1305.406
G1 X71.481 Y46.904 E.03136
;WIDTH:0.530553
G1 F1230.434
G1 X71.279 Y46.105 E.03341
;WIDTH:0.555393
G1 F1170.793
G1 X71.098 Y45.525 E.02589
G1 X71.122 Y45.46 E.00298
;WIDTH:0.508933
G1 F1287.519
G1 X71.133 Y45.432 E.00116
M204 S10000
G1 E-.8 F1800
G1 X67.486 Y38.727 Z4.4 F7200
G1 X66.434 Y36.794 Z4.4
G1 Z4
G1 E.8 F1800
M204 S1500
;TYPE:Inner wall
;WIDTH:0.403452
G1 F1664.208
G1 X66.388 Y36.742 E.00209
;WIDTH:0.451903
G1 F1467.055
G1 X66.341 Y36.69 E.00237
;WIDTH:0.500354
G1 F1311.666
G1 X66.295 Y36.638 E.00265
;WIDTH:0.548805
G1 F1186.042
G1 X66.248 Y36.586 E.00293
;WIDTH:0.597256
G1 F1082.378
G1 X66.201 Y36.534 E.00321
;WIDTH:0.645706
G1 F995.378
G1 X66.155 Y36.483 E.0035
G1 X66.227 Y36.489 E.00361
;WIDTH:0.597256
G1 F1082.378
G1 X66.298 Y36.495 E.00332
;WIDTH:0.548805
G1 F1186.042
G1 X66.37 Y36.502 E.00303
;WIDTH:0.500354
G1 F1311.666
G1 X66.442 Y36.508 E.00274
;WIDTH:0.451903
G1 F1467.055
G1 X66.514 Y36.514 E.00245
;WIDTH:0.403452
G1 F1664.208
G1 X66.585 Y36.521 E.00216
;WIDTH:0.378341
G1 F1788.797
G1 X67.304 Y36.907 E.02275
;WIDTH:0.403289
G1 F1664.96
G1 X68.067 Y37.378 E.02688
;WIDTH:0.42322
G1 F1577.702
G1 X68.802 Y37.891 E.02834
G1 X69.798 Y38.684 E.04027
;WIDTH:0.412025
G1 F1625.554
G1 X70.365 Y39.186 E.02323
;WIDTH:0.392453
G1 F1716.576
G1 X70.916 Y39.725 E.0224
;WIDTH:0.373333
G1 F1815.909
G1 X71.438 Y40.295 E.02123
;WIDTH:0.407141
G1 F1647.354
G1 X71.465 Y40.367 E.00232
;WIDTH:0.453508
G1 F1461.319
G1 X71.493 Y40.438 E.00262
;WIDTH:0.499876
G1 F1313.038
G1 X71.52 Y40.51 E.00291
;WIDTH:0.546243
G1 F1192.077
G1 X71.548 Y40.581 E.00321
;WIDTH:0.592611
G1 F1091.523
G1 X71.575 Y40.653 E.0035
;WIDTH:0.638978
G1 F1006.613
G1 X71.603 Y40.724 E.0038
G1 X71.536 Y40.689 E.00373
;WIDTH:0.592611
G1 F1091.523
G1 X71.47 Y40.653 E.00344
;WIDTH:0.546243
G1 F1192.077
G1 X71.404 Y40.618 E.00315
;WIDTH:0.499876
G1 F1313.038
G1 X71.337 Y40.582 E.00286
;WIDTH:0.453508
G1 F1461.319
G1 X71.271 Y40.547 E.00257
;WIDTH:0.407141
G1 F1647.354
G1 X71.205 Y40.511 E.00228
;WIDTH:0.378343
G1 F1788.786
G1 X70.6 Y39.878 E.02442
;WIDTH:0.403287
G1 F1664.969
G1 X69.95 Y39.289 E.02628
;WIDTH:0.42322
G1 F1577.702
G1 X69.268 Y38.733 E.02783
G1 X68.27 Y37.968 E.03977
;WIDTH:0.412027
G1 F1625.545
G1 X67.669 Y37.541 E.02263
;WIDTH:0.392453
G1 F1716.576
G1 X67.048 Y37.144 E.02144
;WIDTH:0.373652
G1 F1814.158
G1 X66.469 Y36.814 E.01831
M204 S10000
G1 E-.8 F1800
G1 X64.246 Y38.976 Z4.4 F7200
G1 Z4
G1 E.8 F1800
M204 S1500
;WIDTH:0.449999
G1 F1473.915
G1 X64.245 Y38.995 E.00065
G1 X63.478 Y38.728 E.0275
G1 X62.665 Y38.509 E.0285
G1 X61.911 Y38.36 E.02602
G1 X62.152 Y37.925 E.01683
G1 X62.242 Y36.038 E.06395
G1 X62.073 Y35.513 E.01868
;WIDTH:0.495923
G1 F1324.495
G1 X61.985 Y35.445 E.0042
;WIDTH:0.541847
G1 F1202.582
G1 X61.896 Y35.377 E.00462
;WIDTH:0.587771
G1 F1101.22
G1 X61.808 Y35.309 E.00505
;WIDTH:0.633694
G1 F1015.617
G1 X61.72 Y35.241 E.00548
G1 X61.847 Y35.233 E.00626
;WIDTH:0.587771
G1 F1101.22
G1 X61.974 Y35.226 E.00578
;WIDTH:0.541847
G1 F1202.582
G1 X62.101 Y35.218 E.00529
;WIDTH:0.495923
G1 F1324.495
G1 X62.229 Y35.21 E.0048
;WIDTH:0.449999
G1 F1473.915
G1 X63.109 Y35.37 E.03028
G1 X63.978 Y35.582 E.03028
G1 X64.833 Y35.846 E.03028
;WIDTH:0.451596
G1 F1468.156
G1 X65.666 Y36.159 E.03025
;WIDTH:0.49769
G1 F1319.348
G1 X65.749 Y36.221 E.00389
;WIDTH:0.543784
G1 F1197.93
G1 X65.831 Y36.283 E.00429
;WIDTH:0.589878
G1 F1096.976
G1 X65.913 Y36.345 E.00468
;WIDTH:0.635972
G1 F1011.716
G1 X65.996 Y36.406 E.00508
G1 X65.905 Y36.415 E.00449
;WIDTH:0.589878
G1 F1096.976
G1 X65.814 Y36.424 E.00414
;WIDTH:0.543784
G1 F1197.93
G1 X65.724 Y36.433 E.0038
;WIDTH:0.49769
G1 F1319.348
G1 X65.633 Y36.443 E.00345
;WIDTH:0.451596
G1 F1468.156
G1 X65.169 Y36.765 E.0192
;WIDTH:0.449999
G1 F1473.915
G1 X64.258 Y38.498 E.06625
G1 X64.247 Y38.936 E.01484
M204 S10000
G1 E-.8 F1800
G1 X61.203 Y35.361 Z4.4 F7200
G1 Z4
G1 E.8 F1800
M204 S1500
;WIDTH:0.359564
G1 F1894.872
G1 X60.949 Y35.351 E.00668
;WIDTH:0.375299
G1 F1805.168
G1 X60.403 Y35.344 E.01508
;WIDTH:0.399516
G1 F1682.577
G1 X59.575 Y35.38 E.02458
;WIDTH:0.42136
G1 F1585.456
G1 X58.699 Y35.465 E.0277
G1 X57.343 Y35.643 E.04305
;WIDTH:0.411996
G1 F1625.682
G1 X56.616 Y35.766 E.02263
;WIDTH:0.391903
G1 F1719.282
G1 X55.895 Y35.925 E.0214
;WIDTH:0.372574
G1 F1820.09
G1 X55.249 Y36.101 E.01837
;WIDTH:0.405675
G1 F1654.012
G1 X55.179 Y36.097 E.00211
;WIDTH:0.453975
G1 F1459.66
G1 X55.109 Y36.093 E.00239
;WIDTH:0.502275
G1 F1306.179
G1 X55.039 Y36.089 E.00267
;WIDTH:0.550576
G1 F1181.904
G1 X54.97 Y36.085 E.00295
;WIDTH:0.598876
G1 F1079.223
G1 X54.9 Y36.081 E.00323
;WIDTH:0.647176
G1 F992.957
G1 X54.83 Y36.077 E.00351
G1 X54.886 Y36.031 E.00363
;WIDTH:0.598876
G1 F1079.223
G1 X54.941 Y35.984 E.00334
;WIDTH:0.550576
G1 F1181.904
G1 X54.997 Y35.938 E.00305
;WIDTH:0.502275
G1 F1306.179
G1 X55.052 Y35.891 E.00276
;WIDTH:0.453975
G1 F1459.66
G1 X55.107 Y35.845 E.00247
;WIDTH:0.405675
G1 F1654.012
G1 X55.163 Y35.798 E.00218
;WIDTH:0.382216
G1 F1768.367
G1 X56.018 Y35.548 E.02514
;WIDTH:0.393082
G1 F1713.493
G1 X56.576 Y35.417 E.0167
;WIDTH:0.411996
G1 F1625.682
G1 X57.282 Y35.279 E.02206
;WIDTH:0.424666
G1 F1571.726
G1 X57.775 Y35.197 E.01588
G1 X58.931 Y35.068 E.03691
;WIDTH:0.412476
G1 F1623.57
G1 X59.686 Y35.021 E.02326
;WIDTH:0.393422
G1 F1711.831
G1 X60.453 Y35.012 E.02235
;WIDTH:0.374812
G1 F1807.817
G1 X61.217 Y35.049 E.0211
;WIDTH:0.403294
G1 F1664.938
G1 X61.282 Y35.079 E.00215
;WIDTH:0.450819
G1 F1470.954
G1 X61.347 Y35.109 E.00243
;WIDTH:0.498344
G1 F1317.455
G1 X61.412 Y35.14 E.00272
;WIDTH:0.545869
G1 F1192.965
G1 X61.477 Y35.17 E.003
;WIDTH:0.593394
G1 F1089.971
G1 X61.542 Y35.201 E.00328
;WIDTH:0.640918
G1 F1003.348
G1 X61.607 Y35.231 E.00357
G1 X61.539 Y35.253 E.00352
;WIDTH:0.593394
G1 F1089.971
G1 X61.472 Y35.275 E.00324
;WIDTH:0.545869
G1 F1192.965
G1 X61.405 Y35.296 E.00296
;WIDTH:0.498344
G1 F1317.455
G1 X61.337 Y35.318 E.00268
;WIDTH:0.450819
G1 F1470.954
G1 X61.27 Y35.339 E.0024
;WIDTH:0.403294
G1 F1664.938
G1 X61.241 Y35.349 E.00092
M204 S10000
G1 E-.8 F1800
G1 X55.223 Y39.215 Z4.4 F7200
G1 Z4
G1 E.8 F1800
M204 S1500
;WIDTH:0.449999
G1 F1473.915
G1 X54.492 Y39.569 E.0275
G1 X53.762 Y39.989 E.02849
G1 X53.124 Y40.417 E.02602
G1 X52.986 Y39.939 E.01685
G1 X51.668 Y38.491 E.06627
G1 X51.308 Y38.298 E.01383
;WIDTH:0.496549
G1 F1322.667
G1 X51.177 Y38.31 E.00494
;WIDTH:0.543099
G1 F1199.572
G1 X51.047 Y38.321 E.00545
;WIDTH:0.589649
G1 F1097.437
G1 X50.916 Y38.333 E.00596
;WIDTH:0.636198
G1 F1011.33
G1 X50.786 Y38.345 E.00646
G1 X50.893 Y38.232 E.00768
;WIDTH:0.589649
G1 F1097.437
G1 X51.001 Y38.12 E.00708
;WIDTH:0.543099
G1 F1199.572
G1 X51.109 Y38.007 E.00647
;WIDTH:0.496549
G1 F1322.667
G1 X51.216 Y37.895 E.00587
;WIDTH:0.449999
G1 F1473.915
G1 X51.971 Y37.382 E.03088
G1 X52.751 Y36.919 E.03072
G1 X53.527 Y36.517 E.02958
;WIDTH:0.488352
G1 F1347.007
G1 X53.801 Y36.416 E.01082
;WIDTH:0.526705
G1 F1240.22
G1 X54.075 Y36.315 E.01175
;WIDTH:0.565058
G1 F1149.122
G1 X54.349 Y36.214 E.01269
;WIDTH:0.60624
G1 F1065.114
G1 X54.436 Y36.203 E.00407
;WIDTH:0.647422
G1 F992.553
G1 X54.522 Y36.193 E.00437
G1 X54.472 Y36.257 E.00409
;WIDTH:0.60624
G1 F1065.114
G1 X54.421 Y36.321 E.00382
;WIDTH:0.565058
G1 F1149.122
G1 X54.375 Y36.519 E.00883
;WIDTH:0.526705
G1 F1240.22
G1 X54.328 Y36.717 E.00818
;WIDTH:0.488352
G1 F1347.007
G1 X54.282 Y36.915 E.00753
;WIDTH:0.449999
G1 F1473.915
G1 X54.88 Y38.854 E.06871
G1 X55.195 Y39.186 E.01549
M204 S10000
G1 E-.8 F1800
G1 X61.535 Y38.131 Z4.4 F7200
G1 Z4
G1 E.8 F1800
M204 S500
;TYPE:Outer wall
;WIDTH:0.555392
G1 F1170.796
G1 X61.005 Y38.103 E.02261
;WIDTH:0.531244
G1 F1228.692
G1 X60.193 Y38.104 E.03298
;WIDTH:0.503237
G1 F1303.45
G1 X59.346 Y38.163 E.03248
;WIDTH:0.475043
G1 F1388.494
G1 X58.515 Y38.26 E.03009
;WIDTH:0.47447
G1 F1390.337
G1 X57.715 Y38.369 E.02895
;WIDTH:0.50255
G1 F1305.398
G1 X56.908 Y38.515 E.03136
;WIDTH:0.530556
G1 F1230.426
G1 X56.109 Y38.717 E.03341
;WIDTH:0.555394
G1 F1170.791
G1 X55.529 Y38.898 E.02589
G1 X55.463 Y38.877 E.00298
;WIDTH:0.514637
G1 F1271.95
G1 X55.396 Y38.855 E.00275
;WIDTH:0.473879
G1 F1392.244
G1 X55.27 Y38.663 E.00825
;WIDTH:0.449999
G1 F1473.915
G1 X54.708 Y36.858 E.06396
G1 X54.757 Y36.672 E.0065
G1 X55.299 Y36.483 E.01944
G1 X55.993 Y36.302 E.02429
G1 X56.696 Y36.157 E.02429
G1 X57.405 Y36.048 E.02428
G1 X59.616 Y35.781 E.07539
G1 X60.423 Y35.735 E.02736
G1 X61.59 Y35.755 E.03949
G1 X61.766 Y35.812 E.00626
G1 X61.814 Y36.017 E.00715
G1 X61.724 Y37.905 E.06395
;WIDTH:0.485839
G1 F1354.649
G1 X61.644 Y38.068 E.00668
;WIDTH:0.520616
G1 F1256.03
G1 X61.589 Y38.099 E.0025
;WIDTH:0.555392
G1 F1170.796
G1 X61.569 Y38.111 E.00098
M204 S10000
G1 E-.8 F1800
G1 X54.427 Y40.802 Z4.4 F7200
G1 X46.515 Y43.783 Z4.4
G1 Z4
G1 E.8 F1800
M204 S1500
;TYPE:Inner wall
;WIDTH:0.648634
G1 F990.566
G1 X46.521 Y43.72 E.00318
;WIDTH:0.60555
G1 F1066.422
G1 X46.526 Y43.657 E.00295
;WIDTH:0.562465
G1 F1154.858
G1 X46.531 Y43.594 E.00272
;WIDTH:0.51938
G1 F1259.288
G1 X46.537 Y43.532 E.0025
;WIDTH:0.476295
G1 F1384.483
G1 X46.542 Y43.469 E.00227
;WIDTH:0.43321
G1 F1537.318
G1 X46.565 Y43.376 E.0031
;WIDTH:0.397204
G1 F1693.559
G1 X46.589 Y43.283 E.00282
;WIDTH:0.373092
G1 F1817.235
G1 X46.88 Y42.755 E.01656
;WIDTH:0.392801
G1 F1714.869
G1 X47.271 Y42.107 E.02202
;WIDTH:0.412694
G1 F1622.613
G1 X47.683 Y41.494 E.02271
;WIDTH:0.425701
G1 F1567.476
G1 X48.029 Y41.015 E.01881
G1 X48.688 Y40.195 E.0335
;WIDTH:0.413333
G1 F1619.814
G1 X49.189 Y39.627 E.02332
;WIDTH:0.394803
G1 F1705.112
G1 X49.807 Y39.004 E.02568
;WIDTH:0.374058
G1 F1811.933
G1 X50.348 Y38.52 E.01997
;WIDTH:0.403323
G1 F1664.803
G1 X50.415 Y38.495 E.00214
;WIDTH:0.449992
G1 F1473.941
G1 X50.482 Y38.471 E.00242
;WIDTH:0.496661
G1 F1322.34
G1 X50.549 Y38.447 E.0027
;WIDTH:0.54333
G1 F1199.017
G1 X50.616 Y38.422 E.00298
;WIDTH:0.589999
G1 F1096.734
G1 X50.684 Y38.398 E.00325
;WIDTH:0.636668
G1 F1010.53
G1 X50.751 Y38.374 E.00353
G1 X50.719 Y38.436 E.00348
;WIDTH:0.589999
G1 F1096.734
G1 X50.687 Y38.499 E.00321
;WIDTH:0.54333
G1 F1199.017
G1 X50.655 Y38.562 E.00293
;WIDTH:0.496661
G1 F1322.34
G1 X50.623 Y38.625 E.00266
;WIDTH:0.449992
G1 F1473.941
G1 X50.591 Y38.688 E.00239
;WIDTH:0.403323
G1 F1664.803
G1 X50.56 Y38.751 E.00211
;WIDTH:0.374029
G1 F1812.092
G1 X49.925 Y39.351 E.02404
;WIDTH:0.39582
G1 F1700.198
G1 X49.423 Y39.892 E.02166
;WIDTH:0.419086
G1 F1595.041
G1 X48.874 Y40.554 E.02691
;WIDTH:0.425701
G1 F1567.476
G1 X47.972 Y41.726 E.04706
;WIDTH:0.412376
G1 F1624.01
G1 X47.545 Y42.327 E.02266
;WIDTH:0.391765
G1 F1719.962
G1 X47.148 Y42.949 E.02139
;WIDTH:0.371911
G1 F1823.758
G1 X46.866 Y43.439 E.01548
;WIDTH:0.409104
G1 F1638.524
G1 X46.808 Y43.497 E.00249
;WIDTH:0.45701
G1 F1448.963
G1 X46.749 Y43.554 E.00282
;WIDTH:0.504916
G1 F1298.714
G1 X46.691 Y43.611 E.00314
;WIDTH:0.552822
G1 F1176.698
G1 X46.632 Y43.668 E.00347
;WIDTH:0.600728
G1 F1075.639
G1 X46.574 Y43.726 E.00379
;WIDTH:0.648634
G1 F990.566
G1 X46.544 Y43.755 E.00211
M204 S10000
G1 X46.599 Y44.63 F7200
M204 S1500
;WIDTH:0.492282
G1 F1335.229
G1 X46.66 Y44.754 E.00514
;WIDTH:0.449999
G1 F1473.915
G1 X46.769 Y44.827 E.00446
G1 X48.501 Y45.738 E.06625
G1 X48.999 Y45.751 E.01685
G1 X48.732 Y46.518 E.0275
G1 X48.512 Y47.331 E.0285
G1 X48.364 Y48.085 E.02602
G1 X47.928 Y47.845 E.01685
G1 X45.973 Y47.752 E.06627
G1 X45.648 Y47.828 E.0113
;WIDTH:0.49695
G1 F1321.499
G1 X45.547 Y47.938 E.00562
;WIDTH:0.543901
G1 F1197.651
G1 X45.447 Y48.048 E.0062
;WIDTH:0.590852
G1 F1095.028
G1 X45.346 Y48.158 E.00678
;WIDTH:0.637802
G1 F1008.603
G1 X45.246 Y48.267 E.00736
G1 X45.247 Y48.085 E.00901
;WIDTH:0.590852
G1 F1095.028
G1 X45.248 Y47.903 E.0083
;WIDTH:0.543901
G1 F1197.651
G1 X45.249 Y47.721 E.00759
;WIDTH:0.49695
G1 F1321.499
G1 X45.25 Y47.539 E.00688
;WIDTH:0.449999
G1 F1473.915
G1 X45.428 Y46.643 E.03092
G1 X45.657 Y45.77 E.03054
G1 X45.928 Y44.939 E.02958
;WIDTH:0.499746
G1 F1313.411
G1 X46.038 Y44.73 E.00896
;WIDTH:0.549493
G1 F1184.431
G1 X46.148 Y44.522 E.00993
;WIDTH:0.59924
G1 F1078.517
G1 X46.257 Y44.313 E.01091
;WIDTH:0.648986
G1 F989.991
G1 X46.367 Y44.104 E.01188
G1 X46.369 Y44.165 E.00306
;WIDTH:0.619128
G1 F1041.291
G1 X46.441 Y44.312 E.00787
;WIDTH:0.576846
G1 F1123.752
G1 X46.514 Y44.459 E.00729
;WIDTH:0.534564
G1 F1220.397
G1 X46.581 Y44.595 E.00617
M204 S500
G1 X46.968 Y44.448 F7200
;TYPE:Outer wall
;WIDTH:0.449999
G1 F1473.915
G1 X46.874 Y44.255 E.00728
G1 X47.12 Y43.765 E.01856
G1 X47.484 Y43.146 E.02429
G1 X47.878 Y42.547 E.02429
G1 X48.302 Y41.968 E.02428
G1 X49.285 Y40.698 E.05435
G1 X49.735 Y40.146 E.02412
G1 X50.215 Y39.613 E.02429
G1 X51.105 Y38.758 E.04177
G1 X51.244 Y38.722 E.00485
G1 X51.47 Y38.91 E.00997
G1 X52.669 Y40.227 E.06028
;WIDTH:0.474141
G1 F1391.398
G1 X52.722 Y40.397 E.0064
;WIDTH:0.514768
G1 F1271.597
G1 X52.709 Y40.459 E.00247
;WIDTH:0.555394
G1 F1170.791
G1 X52.695 Y40.521 E.00269
G1 X52.301 Y40.876 E.02261
;WIDTH:0.531247
G1 F1228.685
G1 X51.727 Y41.451 E.03298
;WIDTH:0.503237
G1 F1303.45
G1 X51.17 Y42.091 E.03248
;WIDTH:0.475046
G1 F1388.484
G1 X50.651 Y42.748 E.03009
;WIDTH:0.474469
G1 F1390.34
G1 X50.163 Y43.39 E.02895
;WIDTH:0.502549
G1 F1305.401
G1 X49.695 Y44.064 E.03135
;WIDTH:0.530555
G1 F1230.428
G1 X49.273 Y44.772 E.03341
;WIDTH:0.555395
G1 F1170.789
G1 X48.991 Y45.31 E.02589
G1 X48.929 Y45.342 E.00298
;WIDTH:0.514636
G1 F1271.952
G1 X48.867 Y45.373 E.00275
;WIDTH:0.473877
G1 F1392.25
G1 X48.641 Y45.327 E.00825
;WIDTH:0.449999
G1 F1473.915
G1 X47.004 Y44.466 E.06261
M204 S10000
G1 E-.8 F1800
G1 X45.26 Y48.412 Z4.4 F7200
G1 Z4
G1 E.8 F1800
M204 S1500
;TYPE:Inner wall
;WIDTH:0.594774
G1 F1087.246
G1 X45.283 Y48.477 E.00312
;WIDTH:0.547051
G1 F1190.168
G1 X45.305 Y48.541 E.00285
;WIDTH:0.499328
G1 F1314.615
G1 X45.328 Y48.605 E.00258
;WIDTH:0.451605
G1 F1468.125
G1 X45.35 Y48.669 E.00231
;WIDTH:0.403882
G1 F1662.226
G1 X45.373 Y48.733 E.00204
;WIDTH:0.373171
G1 F1816.8
G1 X45.349 Y49.593 E.02362
;WIDTH:0.394447
G1 F1706.839
G1 X45.377 Y50.33 E.02157
;WIDTH:0.416398
G1 F1606.52
G1 X45.443 Y51.077 E.02329
;WIDTH:0.426319
G1 F1564.949
G1 X45.674 Y52.826 E.05623
;WIDTH:0.412118
G1 F1625.144
G1 X45.77 Y53.381 E.01728
;WIDTH:0.392041
G1 F1718.602
G1 X45.929 Y54.101 E.02141
;WIDTH:0.371664
G1 F1825.128
G1 X46.092 Y54.699 E.01696
;WIDTH:0.406077
G1 F1652.18
G1 X46.088 Y54.769 E.00212
;WIDTH:0.454882
G1 F1456.447
G1 X46.083 Y54.839 E.0024
;WIDTH:0.503686
G1 F1302.179
G1 X46.078 Y54.909 E.00268
;WIDTH:0.552491
G1 F1177.462
G1 X46.074 Y54.979 E.00297
;WIDTH:0.601296
G1 F1074.546
G1 X46.069 Y55.049 E.00325
;WIDTH:0.6501
G1 F988.175
G1 X46.065 Y55.119 E.00354
G1 X46.022 Y55.068 E.00335
;WIDTH:0.604405
G1 F1068.596
G1 X45.98 Y55.017 E.0031
;WIDTH:0.558709
G1 F1163.267
G1 X45.937 Y54.966 E.00285
;WIDTH:0.513014
G1 F1276.343
G1 X45.895 Y54.915 E.0026
;WIDTH:0.467318
G1 F1413.769
G1 X45.852 Y54.864 E.00234
;WIDTH:0.421622
G1 F1584.359
G1 X45.796 Y54.749 E.00402
;WIDTH:0.393187
G1 F1712.979
G1 X45.74 Y54.635 E.00372
;WIDTH:0.372703
G1 F1819.378
G1 X45.603 Y54.152 E.01376
;WIDTH:0.392933
G1 F1714.222
G1 X45.421 Y53.417 E.02203
;WIDTH:0.413415
G1 F1619.455
G1 X45.278 Y52.692 E.02276
;WIDTH:0.426319
G1 F1564.949
G1 X45.17 Y51.999 E.02236
G1 X45.069 Y51.063 E.03003
;WIDTH:0.414607
G1 F1614.262
G1 X45.02 Y50.215 E.02624
;WIDTH:0.39355
G1 F1711.206
G1 X45.024 Y49.319 E.02614
;WIDTH:0.372846
G1 F1818.59
G1 X45.06 Y48.718 E.01651
;WIDTH:0.403882
G1 F1662.226
G1 X45.09 Y48.656 E.00205
;WIDTH:0.451605
G1 F1468.125
G1 X45.119 Y48.595 E.00232
;WIDTH:0.499328
G1 F1314.615
G1 X45.149 Y48.533 E.00259
;WIDTH:0.547051
G1 F1190.168
G1 X45.178 Y48.472 E.00286
;WIDTH:0.594774
G1 F1087.246
G1 X45.208 Y48.41 E.00313
;WIDTH:0.642496
G1 F1000.707
G1 X45.237 Y48.348 E.00341
G1 X45.247 Y48.375 E.00139
M204 S10000
G1 E-.8 F1800
G1 X46.21 Y55.503 Z4.4 F7200
G1 Z4
M73 P96 R0
G1 E.8 F1800
M204 S1500
;WIDTH:0.654728
G1 F980.7
G1 X46.328 Y55.547 E.00637
;WIDTH:0.613783
G1 F1051.042
G1 X46.445 Y55.592 E.00594
;WIDTH:0.572837
G1 F1132.254
G1 X46.562 Y55.636 E.00552
;WIDTH:0.531891
G1 F1227.068
G1 X46.679 Y55.68 E.00509
;WIDTH:0.490945
G1 F1339.212
G1 X46.796 Y55.724 E.00466
;WIDTH:0.449999
G1 F1473.915
G1 X46.989 Y55.697 E.00661
G1 X48.858 Y55.116 E.06625
G1 X49.219 Y54.773 E.01685
G1 X49.573 Y55.505 E.0275
G1 X49.992 Y56.234 E.02849
G1 X50.421 Y56.873 E.02602
G1 X49.943 Y57.01 E.01683
G1 X48.493 Y58.327 E.0663
G1 X48.341 Y58.542 E.00891
;WIDTH:0.497267
G1 F1320.579
G1 X48.341 Y58.707 E.00623
;WIDTH:0.544534
G1 F1196.14
G1 X48.34 Y58.872 E.00688
;WIDTH:0.591801
G1 F1093.134
G1 X48.34 Y59.037 E.00753
;WIDTH:0.639068
G1 F1006.461
G1 X48.339 Y59.202 E.00818
G1 X48.196 Y59.051 E.01034
;WIDTH:0.591801
G1 F1093.134
G1 X48.053 Y58.899 E.00952
;WIDTH:0.544534
G1 F1196.14
G1 X47.91 Y58.747 E.0087
;WIDTH:0.497267
G1 F1320.579
G1 X47.767 Y58.595 E.00788
;WIDTH:0.449999
G1 F1473.915
G1 X47.265 Y57.831 E.03095
G1 X46.818 Y57.053 E.03037
G1 X46.427 Y56.271 E.0296
;WIDTH:0.490945
G1 F1339.212
G1 X46.384 Y56.118 E.00595
;WIDTH:0.531891
G1 F1227.068
G1 X46.341 Y55.964 E.00649
;WIDTH:0.572837
G1 F1132.254
G1 X46.297 Y55.81 E.00703
;WIDTH:0.613783
G1 F1051.042
G1 X46.254 Y55.657 E.00758
;WIDTH:0.654728
G1 F980.7
G1 X46.221 Y55.542 E.00608
M204 S10000
G1 E-.8 F1800
G1 X48.441 Y59.306 Z4.4 F7200
G1 Z4
G1 E.8 F1800
M204 S1500
;WIDTH:0.645602
G1 F995.55
G1 X48.479 Y59.325 E.00209
;WIDTH:0.597503
G1 F1081.895
G1 X48.542 Y59.356 E.00327
;WIDTH:0.549403
G1 F1184.64
G1 X48.606 Y59.387 E.00298
;WIDTH:0.501304
G1 F1308.948
G1 X48.67 Y59.419 E.0027
;WIDTH:0.453204
G1 F1462.402
G1 X48.733 Y59.45 E.00242
;WIDTH:0.405105
G1 F1656.614
G1 X48.797 Y59.481 E.00213
;WIDTH:0.37273
G1 F1819.229
G1 X49.355 Y60.07 E.02226
;WIDTH:0.393484
G1 F1711.528
G1 X49.897 Y60.572 E.02151
;WIDTH:0.414551
G1 F1614.505
G1 X50.451 Y61.037 E.02234
;WIDTH:0.426528
G1 F1564.097
G1 X51.781 Y62.063 E.05359
;WIDTH:0.414235
G1 F1615.879
G1 X52.501 Y62.563 E.02706
;WIDTH:0.39134
G1 F1722.06
G1 X52.953 Y62.848 E.01549
;WIDTH:0.371829
G1 F1824.213
G1 X53.488 Y63.154 E.01686
;WIDTH:0.405772
G1 F1653.568
G1 X53.534 Y63.207 E.00212
;WIDTH:0.45493
G1 F1456.278
G1 X53.58 Y63.26 E.0024
;WIDTH:0.504087
G1 F1301.047
G1 X53.626 Y63.312 E.00269
;WIDTH:0.553245
G1 F1175.722
G1 X53.672 Y63.365 E.00298
;WIDTH:0.602403
G1 F1072.42
G1 X53.718 Y63.418 E.00326
;WIDTH:0.65156
G1 F985.804
G1 X53.765 Y63.471 E.00355
G1 X53.694 Y63.464 E.00359
;WIDTH:0.602403
G1 F1072.42
G1 X53.623 Y63.457 E.0033
;WIDTH:0.553245
G1 F1175.722
G1 X53.552 Y63.451 E.00301
;WIDTH:0.504087
G1 F1301.047
G1 X53.482 Y63.444 E.00272
;WIDTH:0.45493
G1 F1456.278
G1 X53.411 Y63.437 E.00243
;WIDTH:0.405772
G1 F1653.568
G1 X53.34 Y63.43 E.00214
;WIDTH:0.372729
G1 F1819.235
G1 X52.757 Y63.115 E.01819
;WIDTH:0.393484
G1 F1711.528
G1 X52.108 Y62.724 E.02207
;WIDTH:0.414551
G1 F1614.505
G1 X51.494 Y62.313 E.02283
;WIDTH:0.426528
G1 F1564.097
G1 X50.841 Y61.831 E.0259
G1 X50.146 Y61.267 E.02856
;WIDTH:0.414235
G1 F1615.879
G1 X49.482 Y60.666 E.02766
;WIDTH:0.39134
G1 F1722.06
G1 X49.09 Y60.27 E.01614
;WIDTH:0.371736
G1 F1824.729
G1 X48.564 Y59.692 E.02137
;WIDTH:0.405105
G1 F1656.614
G1 X48.539 Y59.625 E.00213
;WIDTH:0.453204
G1 F1462.402
G1 X48.514 Y59.559 E.00242
;WIDTH:0.501304
G1 F1308.948
G1 X48.49 Y59.493 E.0027
;WIDTH:0.549403
G1 F1184.64
G1 X48.465 Y59.426 E.00298
;WIDTH:0.597503
G1 F1081.895
G1 X48.44 Y59.36 E.00327
;WIDTH:0.645602
G1 F995.55
G1 X48.419 Y59.304 E.003
M204 S10000
G1 E-.8 F1800
G1 X54.138 Y63.638 Z4.4 F7200
G1 Z4
G1 E.8 F1800
M204 S1500
;WIDTH:0.65151
G1 F985.885
G1 X54.243 Y63.596 E.00571
;WIDTH:0.611208
G1 F1055.803
G1 X54.348 Y63.554 E.00533
;WIDTH:0.570906
G1 F1136.395
G1 X54.452 Y63.512 E.00495
;WIDTH:0.530604
G1 F1230.306
G1 X54.557 Y63.47 E.00457
;WIDTH:0.490302
G1 F1341.138
G1 X54.662 Y63.428 E.00419
;WIDTH:0.449999
G1 F1473.915
G1 X54.831 Y63.227 E.00889
G1 X55.742 Y61.495 E.06625
G1 X55.755 Y60.997 E.01685
G1 X56.522 Y61.264 E.0275
G1 X57.335 Y61.484 E.0285
G1 X58.089 Y61.632 E.02602
G1 X57.848 Y62.068 E.01685
G1 X57.779 Y63.532 E.04964
G1 X57.778 Y64.217 E.02316
;WIDTH:0.498711
G1 F1316.395
G1 X57.89 Y64.349 E.00657
;WIDTH:0.547422
G1 F1189.293
G1 X58.002 Y64.481 E.00727
;WIDTH:0.596133
G1 F1084.574
G1 X58.114 Y64.613 E.00797
;WIDTH:0.644844
G1 F996.804
G1 X58.226 Y64.746 E.00868
G1 X58.005 Y64.737 E.01108
;WIDTH:0.596133
G1 F1084.574
G1 X57.784 Y64.728 E.01018
;WIDTH:0.547422
G1 F1189.293
G1 X57.563 Y64.72 E.00929
;WIDTH:0.498711
G1 F1316.395
G1 X57.342 Y64.711 E.00839
;WIDTH:0.449999
G1 F1473.915
G1 X56.073 Y64.418 E.04409
G1 X55.565 Y64.276 E.01786
G1 X54.737 Y63.992 E.02962
;WIDTH:0.490302
G1 F1341.138
G1 X54.617 Y63.921 E.00517
;WIDTH:0.530604
G1 F1230.306
G1 X54.497 Y63.851 E.00564
;WIDTH:0.570906
G1 F1136.395
G1 X54.378 Y63.78 E.0061
;WIDTH:0.611208
G1 F1055.803
G1 X54.258 Y63.709 E.00657
;WIDTH:0.65151
G1 F985.885
G1 X54.173 Y63.659 E.00501
M204 S10000
G1 E-.8 F1800
G1 X58.783 Y64.624 Z4.4 F7200
G1 Z4
G1 E.8 F1800
M204 S1500
;WIDTH:0.372704
G1 F1819.373
G1 X59.597 Y64.647 E.02232
;WIDTH:0.392937
G1 F1714.203
G1 X60.334 Y64.618 E.02148
;WIDTH:0.413415
G1 F1619.455
G1 X61.054 Y64.555 E.02228
;WIDTH:0.426318
G1 F1564.953
G1 X62.657 Y64.35 E.05152
;WIDTH:0.414606
G1 F1614.266
G1 X63.475 Y64.208 E.02564
;WIDTH:0.393546
G1 F1711.225
G1 X64.105 Y64.067 E.01881
;WIDTH:0.37241
G1 F1820.996
G1 X64.724 Y63.898 E.01759
;WIDTH:0.404847
G1 F1657.794
G1 X64.794 Y63.902 E.00211
;WIDTH:0.454483
G1 F1457.858
G1 X64.864 Y63.907 E.0024
;WIDTH:0.504119
G1 F1300.958
G1 X64.934 Y63.912 E.00269
;WIDTH:0.553755
G1 F1174.549
G1 X65.004 Y63.917 E.00298
;WIDTH:0.603391
G1 F1070.53
G1 X65.074 Y63.922 E.00327
;WIDTH:0.653026
G1 F983.436
G1 X65.144 Y63.926 E.00356
G1 X65.089 Y63.971 E.00361
;WIDTH:0.603391
G1 F1070.53
G1 X65.034 Y64.016 E.00331
;WIDTH:0.553755
G1 F1174.549
G1 X64.979 Y64.062 E.00302
;WIDTH:0.504119
G1 F1300.958
G1 X64.924 Y64.107 E.00273
;WIDTH:0.454483
G1 F1457.858
G1 X64.868 Y64.152 E.00243
;WIDTH:0.404847
G1 F1657.794
G1 X64.813 Y64.197 E.00214
;WIDTH:0.373171
G1 F1816.8
G1 X64.154 Y64.395 E.01892
;WIDTH:0.394443
G1 F1706.858
G1 X63.419 Y64.578 E.02214
;WIDTH:0.416398
G1 F1606.52
G1 X62.667 Y64.727 E.02378
;WIDTH:0.426318
G1 F1564.953
G1 X61.781 Y64.855 E.02855
G1 X60.89 Y64.942 E.02855
;WIDTH:0.412119
G1 F1625.14
G1 X60.319 Y64.969 E.01755
;WIDTH:0.392043
G1 F1718.592
G1 X59.548 Y64.975 E.02238
;WIDTH:0.371512
G1 F1825.973
G1 X58.766 Y64.938 E.02139
;WIDTH:0.405429
G1 F1655.135
G1 X58.702 Y64.909 E.00213
;WIDTH:0.453222
G1 F1462.34
G1 X58.637 Y64.879 E.00241
;WIDTH:0.501015
G1 F1309.773
G1 X58.573 Y64.849 E.0027
;WIDTH:0.548808
G1 F1186.034
G1 X58.509 Y64.819 E.00298
;WIDTH:0.596601
G1 F1083.657
G1 X58.445 Y64.79 E.00326
;WIDTH:0.644394
G1 F997.549
G1 X58.38 Y64.76 E.00354
G1 X58.448 Y64.737 E.00354
;WIDTH:0.596601
G1 F1083.657
G1 X58.515 Y64.715 E.00326
;WIDTH:0.548808
G1 F1186.034
G1 X58.582 Y64.692 E.00298
;WIDTH:0.501015
G1 F1309.773
G1 X58.649 Y64.67 E.0027
;WIDTH:0.453222
G1 F1462.34
G1 X58.716 Y64.647 E.00241
;WIDTH:0.405429
G1 F1655.135
G1 X58.745 Y64.637 E.00093
M204 S10000
G1 E-.8 F1800
G1 X64.777 Y60.777 Z4.4 F7200
G1 Z4
G1 E.8 F1800
M204 S1500
;WIDTH:0.449999
G1 F1473.915
G1 X65.508 Y60.423 E.02749
G1 X66.238 Y60.004 E.02849
G1 X66.876 Y59.575 E.02602
G1 X67.014 Y60.054 E.01685
G1 X68.43 Y61.589 E.07069
;WIDTH:0.499747
G1 F1313.41
G1 X68.606 Y61.619 E.00677
;WIDTH:0.549494
G1 F1184.428
G1 X68.781 Y61.649 E.0075
;WIDTH:0.599241
G1 F1078.515
G1 X68.957 Y61.679 E.00824
;WIDTH:0.648988
G1 F989.988
G1 X69.133 Y61.709 E.00898
G1 X69.095 Y61.759 E.00316
;WIDTH:0.619147
G1 F1041.256
G1 X68.93 Y61.905 E.01056
;WIDTH:0.57686
G1 F1123.722
G1 X68.765 Y62.051 E.00979
;WIDTH:0.534573
G1 F1220.373
G1 X68.6 Y62.197 E.00901
;WIDTH:0.492286
G1 F1335.214
G1 X68.435 Y62.343 E.00824
;WIDTH:0.449999
G1 F1473.915
G1 X67.412 Y62.976 E.04072
G1 X66.61 Y63.402 E.03074
G1 X66.075 Y63.66 E.02011
;WIDTH:0.497103
G1 F1321.054
G1 X65.902 Y63.705 E.00673
;WIDTH:0.544207
G1 F1196.92
G1 X65.73 Y63.75 E.00743
;WIDTH:0.591311
G1 F1094.111
G1 X65.557 Y63.795 E.00813
;WIDTH:0.638414
G1 F1007.567
G1 X65.385 Y63.841 E.00882
G1 X65.466 Y63.716 E.00737
;WIDTH:0.591311
G1 F1094.111
G1 X65.547 Y63.591 E.00679
;WIDTH:0.544207
G1 F1196.92
G1 X65.628 Y63.466 E.0062
;WIDTH:0.497103
G1 F1321.054
G1 X65.709 Y63.341 E.00562
;WIDTH:0.449999
G1 F1473.915
G1 X65.701 Y63.007 E.01131
G1 X65.119 Y61.138 E.06626
G1 X64.805 Y60.806 E.01548
M204 S10000
G1 E-.8 F1800
G1 X58.465 Y61.862 Z4.4 F7200
G1 Z4
G1 E.8 F1800
M204 S500
;TYPE:Outer wall
;WIDTH:0.555393
G1 F1170.793
G1 X58.995 Y61.89 E.02261
;WIDTH:0.531245
G1 F1228.69
G1 X59.807 Y61.889 E.03298
;WIDTH:0.503236
G1 F1303.452
G1 X60.654 Y61.83 E.03248
;WIDTH:0.475044
G1 F1388.49
G1 X61.485 Y61.733 E.03009
;WIDTH:0.474468
G1 F1390.344
G1 X62.285 Y61.624 E.02894
;WIDTH:0.502548
G1 F1305.404
G1 X63.092 Y61.478 E.03136
;WIDTH:0.530549
G1 F1230.444
G1 X63.891 Y61.276 E.0334
;WIDTH:0.555169
G1 F1171.305
G1 X64.47 Y61.094 E.02587
G1 X64.536 Y61.118 E.00298
;WIDTH:0.508765
G1 F1287.983
G1 X64.602 Y61.143 E.00271
;WIDTH:0.46236
G1 F1430.479
G1 X64.73 Y61.33 E.00793
;WIDTH:0.449999
G1 F1473.915
G1 X65.292 Y63.134 E.06396
G1 X65.294 Y63.234 E.00337
G1 X65.172 Y63.362 E.00599
G1 X64.692 Y63.512 E.01701
G1 X64.007 Y63.69 E.02398
G1 X63.394 Y63.816 E.02117
G1 X62.595 Y63.944 E.02739
G1 X61.002 Y64.148 E.05435
G1 X60.293 Y64.22 E.02412
G1 X59.577 Y64.257 E.02429
G1 X58.33 Y64.23 E.04221
G1 X58.191 Y64.101 E.00644
G1 X58.276 Y62.088 E.0682
;WIDTH:0.485849
G1 F1354.619
G1 X58.356 Y61.925 E.00669
;WIDTH:0.520621
G1 F1256.016
G1 X58.411 Y61.893 E.0025
;WIDTH:0.555393
G1 F1170.793
G1 X58.43 Y61.882 E.00098
M204 S10000
G1 E-.8 F1800
G1 X66.048 Y61.411 Z4.4 F7200
G1 X69.486 Y61.198 Z4.4
G1 Z4
G1 E.8 F1800
M204 S1500
;TYPE:Inner wall
;WIDTH:0.366872
G1 F1852.126
G1 X69.647 Y61.05 E.0059
;WIDTH:0.373091
G1 F1817.24
G1 X70.074 Y60.641 E.01623
;WIDTH:0.392799
G1 F1714.879
G1 X70.576 Y60.099 E.02147
;WIDTH:0.412692
G1 F1622.621
G1 X71.04 Y59.545 E.02223
;WIDTH:0.425699
G1 F1567.484
G1 X72.028 Y58.267 E.05144
;WIDTH:0.413333
G1 F1619.814
G1 X72.457 Y57.666 E.02272
;WIDTH:0.394801
G1 F1705.122
G1 X72.914 Y56.938 E.02515
;WIDTH:0.372919
G1 F1818.187
G1 X73.203 Y56.428 E.0161
;WIDTH:0.402037
G1 F1670.765
G1 X73.257 Y56.378 E.0022
;WIDTH:0.451042
G1 F1470.149
G1 X73.311 Y56.327 E.00251
;WIDTH:0.500047
G1 F1312.545
G1 X73.365 Y56.277 E.00281
;WIDTH:0.549052
G1 F1185.462
G1 X73.419 Y56.227 E.00311
;WIDTH:0.598057
G1 F1080.814
G1 X73.473 Y56.177 E.00341
;WIDTH:0.647062
G1 F993.144
G1 X73.527 Y56.126 E.00371
G1 X73.519 Y56.201 E.00379
;WIDTH:0.598057
G1 F1080.814
G1 X73.51 Y56.276 E.00348
;WIDTH:0.549052
G1 F1185.462
G1 X73.501 Y56.351 E.00317
;WIDTH:0.500047
G1 F1312.545
G1 X73.493 Y56.426 E.00287
;WIDTH:0.451042
G1 F1470.149
G1 X73.484 Y56.501 E.00256
;WIDTH:0.402037
G1 F1670.765
G1 X73.475 Y56.576 E.00225
;WIDTH:0.374026
G1 F1812.109
G1 X73.119 Y57.242 E.02081
;WIDTH:0.39582
G1 F1700.198
G1 X72.73 Y57.892 E.02223
;WIDTH:0.419088
G1 F1595.032
G1 X72.24 Y58.612 E.02724
;WIDTH:0.425699
G1 F1567.484
G1 X71.7 Y59.327 E.0285
G1 X71.314 Y59.793 E.01926
;WIDTH:0.412374
G1 F1624.018
G1 X70.811 Y60.359 E.02326
;WIDTH:0.391764
G1 F1719.967
G1 X70.271 Y60.909 E.02236
;WIDTH:0.371705
G1 F1824.901
G1 X69.696 Y61.434 E.0213
;WIDTH:0.405822
G1 F1653.34
G1 X69.629 Y61.458 E.00213
;WIDTH:0.453244
G1 F1462.261
G1 X69.563 Y61.482 E.00241
;WIDTH:0.500665
G1 F1310.773
G1 X69.496 Y61.506 E.00269
;WIDTH:0.548087
G1 F1187.727
G1 X69.43 Y61.53 E.00297
;WIDTH:0.595509
G1 F1085.799
G1 X69.363 Y61.554 E.00325
;WIDTH:0.64293
G1 F999.983
G1 X69.297 Y61.578 E.00353
G1 X69.328 Y61.514 E.00353
;WIDTH:0.595509
G1 F1085.799
G1 X69.36 Y61.451 E.00325
;WIDTH:0.548087
G1 F1187.727
G1 X69.391 Y61.388 E.00297
;WIDTH:0.500665
G1 F1310.773
G1 X69.423 Y61.325 E.00269
;WIDTH:0.453244
G1 F1462.261
G1 X69.455 Y61.261 E.00241
;WIDTH:0.405822
G1 F1653.34
G1 X69.468 Y61.234 E.00093
M204 S10000
G1 E-.8 F1800
G1 X67.272 Y59.594 Z4.4 F7200
G1 Z4
G1 E.8 F1800
M204 S500
;TYPE:Outer wall
;WIDTH:0.520622
G1 F1256.013
G1 X67.289 Y59.533 E.0025
;WIDTH:0.555392
G1 F1170.796
G1 X67.305 Y59.472 E.00269
G1 X67.699 Y59.117 E.02261
;WIDTH:0.531246
G1 F1228.687
G1 X68.273 Y58.542 E.03298
;WIDTH:0.503237
G1 F1303.45
G1 X68.83 Y57.902 E.03248
;WIDTH:0.475045
G1 F1388.487
G1 X69.349 Y57.245 E.03009
;WIDTH:0.474468
G1 F1390.344
G1 X69.837 Y56.602 E.02895
;WIDTH:0.502548
G1 F1305.404
G1 X70.305 Y55.928 E.03135
;WIDTH:0.530549
G1 F1230.444
G1 X70.727 Y55.221 E.0334
;WIDTH:0.555166
G1 F1171.312
G1 X71.008 Y54.682 E.02588
G1 X71.072 Y54.653 E.00298
;WIDTH:0.508761
G1 F1287.993
G1 X71.136 Y54.624 E.00271
;WIDTH:0.462356
G1 F1430.492
G1 X71.359 Y54.665 E.00793
;WIDTH:0.449999
G1 F1473.915
G1 X73.032 Y55.545 E.06396
G1 X73.114 Y55.634 E.00413
G1 X73.108 Y55.79 E.00529
G1 X72.875 Y56.235 E.01701
G1 X72.516 Y56.846 E.02398
G1 X72.122 Y57.446 E.02429
G1 X71.698 Y58.024 E.02428
G1 X70.715 Y59.294 E.05435
G1 X70.265 Y59.847 E.02412
G1 X69.785 Y60.38 E.02429
G1 X68.909 Y61.222 E.04111
G1 X68.859 Y61.256 E.00205
G1 X68.648 Y61.213 E.00728
G1 X67.331 Y59.765 E.06625
;WIDTH:0.485852
G1 F1354.61
G1 X67.285 Y59.631 E.00521
M204 S10000
G1 E-.8 F1800
G1 X62.35 Y53.809 Z4.4 F7200
G1 X49.55 Y38.709 Z4.4
G1 Z4
G1 E.8 F1800
M204 S500
;WIDTH:0.449999
G1 F1473.915
G1 X50.467 Y37.932 E.04068
G1 X50.959 Y37.552 E.02105
G1 X51.719 Y37.033 E.03115
G1 X52.509 Y36.561 E.03115
G1 X53.326 Y36.137 E.03115
G1 X54.167 Y35.763 E.03115
G1 X55.028 Y35.44 E.03115
G1 X55.908 Y35.169 E.03115
G1 X56.802 Y34.95 E.03115
G1 X57.707 Y34.786 E.03115
G1 X58.621 Y34.676 E.03115
G1 X59.54 Y34.621 E.03115
G1 X60.46 Y34.621 E.03115
G1 X61.379 Y34.676 E.03115
G1 X62.293 Y34.786 E.03115
G1 X63.198 Y34.95 E.03115
G1 X64.092 Y35.169 E.03115
G1 X64.972 Y35.44 E.03115
G1 X65.833 Y35.763 E.03115
G1 X66.674 Y36.137 E.03115
G1 X67.491 Y36.561 E.03115
G1 X68.281 Y37.033 E.03115
G1 X69.041 Y37.552 E.03115
G1 X69.769 Y38.115 E.03115
G1 X70.462 Y38.72 E.03115
G1 X71.118 Y39.366 E.03115
G1 X71.734 Y40.05 E.03115
G1 X72.308 Y40.77 E.03115
G1 X72.837 Y41.522 E.03115
G1 X73.321 Y42.305 E.03115
G1 X73.757 Y43.116 E.03115
G1 X74.144 Y43.951 E.03115
G1 X74.544 Y45.004 E.03812
G1 X74.781 Y45.746 E.02637
G1 X75 Y46.59 E.02953
G1 X75.177 Y47.494 E.03117
G1 X75.299 Y48.406 E.03116
G1 X75.367 Y49.324 E.03113
G1 X75.38 Y50.226 E.03056
G1 X75.339 Y51.146 E.03115
G1 X75.243 Y52.061 E.03115
G1 X75.092 Y52.969 E.03115
M73 P97 R0
G1 X74.887 Y53.866 E.03115
G1 X74.629 Y54.75 E.03115
G1 X74.319 Y55.616 E.03115
G1 X73.957 Y56.462 E.03115
G1 X73.545 Y57.285 E.03115
G1 X73.085 Y58.082 E.03115
G1 X72.578 Y58.85 E.03115
G1 X72.026 Y59.587 E.03115
G1 X71.431 Y60.289 E.03115
G1 X70.795 Y60.954 E.03115
G1 X70.12 Y61.58 E.03115
G1 X69.41 Y62.164 E.03115
G1 X68.665 Y62.705 E.03115
G1 X67.889 Y63.201 E.03115
G1 X67.086 Y63.649 E.03115
G1 X66.256 Y64.048 E.03115
G1 X65.405 Y64.397 E.03115
G1 X64.534 Y64.695 E.03115
G1 X63.647 Y64.94 E.03115
G1 X62.747 Y65.131 E.03115
G1 X61.837 Y65.268 E.03115
G1 X60.92 Y65.351 E.03115
G1 X60 Y65.378 E.03115
G1 X59.08 Y65.351 E.03115
G1 X58.163 Y65.268 E.03115
G1 X57.253 Y65.131 E.03115
G1 X56.353 Y64.94 E.03115
G1 X55.466 Y64.695 E.03115
G1 X54.595 Y64.397 E.03115
G1 X53.744 Y64.048 E.03115
G1 X52.914 Y63.649 E.03115
G1 X52.111 Y63.201 E.03115
G1 X51.335 Y62.705 E.03115
G1 X50.59 Y62.164 E.03115
G1 X49.88 Y61.58 E.03115
G1 X49.205 Y60.954 E.03115
G1 X48.569 Y60.289 E.03115
G1 X47.974 Y59.587 E.03115
G1 X47.422 Y58.85 E.03115
G1 X46.915 Y58.082 E.03115
G1 X46.455 Y57.285 E.03115
G1 X46.043 Y56.462 E.03115
G1 X45.681 Y55.616 E.03115
G1 X45.371 Y54.75 E.03115
G1 X45.113 Y53.866 E.03115
G1 X44.908 Y52.969 E.03115
G1 X44.757 Y52.061 E.03115
G1 X44.661 Y51.146 E.03115
G1 X44.62 Y50.226 E.03115
G1 X44.633 Y49.306 E.03115
G1 X44.702 Y48.388 E.03115
G1 X44.826 Y47.476 E.03115
G1 X45.004 Y46.573 E.03115
G1 X45.235 Y45.683 E.03115
G1 X45.52 Y44.807 E.03115
G1 X45.856 Y43.951 E.03115
G1 X46.243 Y43.116 E.03115
G1 X46.536 Y42.57 E.02097
G1 X46.931 Y41.897 E.02642
G1 X47.348 Y41.259 E.02582
G1 X47.704 Y40.756 E.02085
G1 X48.383 Y39.92 E.03645
G1 X48.907 Y39.341 E.02643
G1 X49.522 Y38.737 E.02915
M204 S10000
G1 E-.8 F1800
G1 X56.322 Y42.204 Z4.4 F7200
G1 X74.764 Y51.604 Z4.4
G1 Z4
G1 E.8 F1800
M204 S1500
;TYPE:Inner wall
;WIDTH:0.64571
G1 F995.372
G1 X74.738 Y51.827 E.01124
M204 S10000
G1 E-.8 F1800
G1 X73.594 Y55.982 Z4.4 F7200
G1 Z4
G1 E.8 F1800
M204 S1500
;WIDTH:0.647062
G1 F993.144
G1 X73.527 Y56.126 E.00798
M204 S10000
G1 E-.8 F1800
G1 X69.297 Y61.578 Z4.4 F7200
G1 Z4
G1 E.8 F1800
M204 S1500
;WIDTH:0.648988
G1 F989.988
G1 X69.133 Y61.709 E.01057
M204 S10000
G1 E-.8 F1800
G1 X65.385 Y63.841 Z4.4 F7200
G1 Z4
G1 E.8 F1800
M204 S1500
;WIDTH:0.653026
G1 F983.436
G1 X65.144 Y63.926 E.01299
M204 S10000
G1 E-.8 F1800
G1 X58.226 Y64.746 Z4.4 F7200
G1 Z4
G1 E.8 F1800
M204 S1500
;WIDTH:0.644844
G1 F996.804
G1 X58.38 Y64.76 E.00775
M204 S10000
G1 E-.8 F1800
G1 X63.119 Y58.777 Z4.4 F7200
G1 X71.268 Y48.489 Z4.4
G1 Z4
G1 E.8 F1800
M204 S500
;TYPE:Outer wall
;WIDTH:0.475044
G1 F1388.49
G1 X71.277 Y48.548 E.00212
;WIDTH:0.474467
G1 F1390.347
G1 X71.357 Y49.334 E.02835
;WIDTH:0.502547
G1 F1305.406
G1 X71.389 Y50.128 E.03039
;WIDTH:0.530552
G1 F1230.436
G1 X71.365 Y50.917 E.03197
;WIDTH:0.555391
G1 F1170.798
G1 X71.312 Y51.489 E.02448
G1 X71.235 Y51.83 E.0149
;WIDTH:0.520261
G1 F1256.965
G1 X71.158 Y52.171 E.01388
;WIDTH:0.48513
G1 F1356.822
G1 X71.08 Y52.512 E.01286
;WIDTH:0.449999
G1 F1473.915
G1 X70.855 Y53.362 E.02977
;WIDTH:0.462356
G1 F1430.492
G1 X70.593 Y54.13 E.02829
;WIDTH:0.508761
G1 F1287.993
G1 X70.551 Y54.284 E.0062
;WIDTH:0.555166
G1 F1171.312
G1 X70.51 Y54.439 E.00681
G1 X70.296 Y54.903 E.02178
;WIDTH:0.531221
G1 F1228.75
G1 X69.915 Y55.605 E.03242
;WIDTH:0.503238
G1 F1303.447
G1 X69.477 Y56.29 E.03113
;WIDTH:0.475044
G1 F1388.49
G1 X68.998 Y56.946 E.02918
;WIDTH:0.474469
G1 F1390.34
G1 X68.499 Y57.558 E.02836
;WIDTH:0.502547
G1 F1305.406
G1 X67.959 Y58.143 E.03039
;WIDTH:0.530555
G1 F1230.428
G1 X67.386 Y58.684 E.03197
;WIDTH:0.555392
G1 F1170.796
G1 X66.944 Y59.051 E.02448
G1 X66.648 Y59.237 E.01491
;WIDTH:0.520261
G1 F1256.963
G1 X66.351 Y59.424 E.01389
;WIDTH:0.48513
G1 F1356.821
G1 X66.055 Y59.61 E.01287
;WIDTH:0.449999
G1 F1473.915
G1 X65.295 Y60.051 E.02974
;WIDTH:0.46236
G1 F1430.479
G1 X64.567 Y60.409 E.02829
;WIDTH:0.508765
G1 F1287.983
G1 X64.429 Y60.489 E.0062
;WIDTH:0.555169
G1 F1171.305
G1 X64.29 Y60.569 E.00681
G1 X63.811 Y60.746 E.02178
;WIDTH:0.531221
G1 F1228.75
G1 X63.045 Y60.973 E.03242
;WIDTH:0.503237
G1 F1303.45
G1 X62.251 Y61.148 E.03113
;WIDTH:0.475043
G1 F1388.494
G1 X61.449 Y61.273 E.02918
;WIDTH:0.474469
G1 F1390.34
G1 X60.662 Y61.353 E.02835
;WIDTH:0.502546
G1 F1305.409
G1 X59.868 Y61.385 E.03039
;WIDTH:0.530553
G1 F1230.434
G1 X59.079 Y61.362 E.03197
;WIDTH:0.555393
G1 F1170.793
G1 X58.507 Y61.309 E.02448
G1 X58.166 Y61.231 E.01491
;WIDTH:0.520262
G1 F1256.961
G1 X57.825 Y61.154 E.01389
;WIDTH:0.485131
G1 F1356.82
G1 X57.484 Y61.076 E.01287
;WIDTH:0.449999
G1 F1473.915
G1 X56.634 Y60.851 E.02974
;WIDTH:0.46247
G1 F1430.104
G1 X55.866 Y60.589 E.0283
;WIDTH:0.508932
G1 F1287.522
G1 X55.712 Y60.548 E.00619
;WIDTH:0.555393
G1 F1170.793
G1 X55.558 Y60.506 E.00681
G1 X55.093 Y60.292 E.0218
;WIDTH:0.531247
G1 F1228.685
G1 X54.392 Y59.911 E.03242
;WIDTH:0.503238
G1 F1303.447
G1 X53.706 Y59.474 E.03113
;WIDTH:0.475044
G1 F1388.49
G1 X53.05 Y58.995 E.02918
;WIDTH:0.47447
G1 F1390.337
G1 X52.438 Y58.495 E.02836
;WIDTH:0.502549
G1 F1305.401
G1 X51.853 Y57.956 E.03039
;WIDTH:0.530556
G1 F1230.426
G1 X51.313 Y57.382 E.03197
;WIDTH:0.555397
G1 F1170.784
G1 X50.945 Y56.94 E.02449
G1 X50.759 Y56.644 E.0149
;WIDTH:0.520265
G1 F1256.954
G1 X50.573 Y56.348 E.01388
;WIDTH:0.485132
G1 F1356.816
G1 X50.386 Y56.052 E.01286
;WIDTH:0.449999
G1 F1473.915
G1 X49.945 Y55.292 E.02977
;WIDTH:0.47388
G1 F1392.241
G1 X49.582 Y54.566 E.02907
;WIDTH:0.514638
G1 F1271.948
G1 X49.504 Y54.426 E.00626
;WIDTH:0.555395
G1 F1170.789
G1 X49.427 Y54.287 E.0068
G1 X49.25 Y53.807 E.0218
;WIDTH:0.531248
G1 F1228.682
G1 X49.024 Y53.041 E.03242
;WIDTH:0.503237
G1 F1303.45
G1 X48.848 Y52.247 E.03113
;WIDTH:0.475045
G1 F1388.487
G1 X48.723 Y51.445 E.02918
;WIDTH:0.474468
G1 F1390.344
G1 X48.643 Y50.659 E.02835
;WIDTH:0.502548
G1 F1305.404
G1 X48.611 Y49.864 E.03039
;WIDTH:0.530553
G1 F1230.434
G1 X48.635 Y49.076 E.03197
;WIDTH:0.555393
G1 F1170.793
G1 X48.688 Y48.504 E.02449
G1 X48.765 Y48.162 E.01491
;WIDTH:0.520262
G1 F1256.961
G1 X48.842 Y47.821 E.01389
;WIDTH:0.485131
G1 F1356.82
G1 X48.92 Y47.48 E.01287
;WIDTH:0.449999
G1 F1473.915
G1 X49.145 Y46.631 E.02974
;WIDTH:0.473877
G1 F1392.25
G1 X49.402 Y45.861 E.02907
;WIDTH:0.514636
G1 F1271.952
G1 X49.446 Y45.707 E.00626
;WIDTH:0.555395
G1 F1170.789
G1 X49.49 Y45.554 E.0068
G1 X49.704 Y45.09 E.0218
;WIDTH:0.531247
G1 F1228.685
G1 X50.085 Y44.388 E.03242
;WIDTH:0.503237
G1 F1303.45
G1 X50.523 Y43.702 E.03113
;WIDTH:0.475044
G1 F1388.49
G1 X51.002 Y43.046 E.02918
;WIDTH:0.474471
G1 F1390.334
G1 X51.501 Y42.434 E.02836
;WIDTH:0.502548
G1 F1305.404
G1 X52.041 Y41.85 E.03039
;WIDTH:0.530556
G1 F1230.426
G1 X52.614 Y41.309 E.03197
;WIDTH:0.555394
G1 F1170.791
G1 X53.056 Y40.942 E.02448
G1 X53.352 Y40.755 E.01491
;WIDTH:0.520263
G1 F1256.96
G1 X53.649 Y40.569 E.01389
;WIDTH:0.485131
G1 F1356.819
G1 X53.945 Y40.382 E.01287
;WIDTH:0.449999
G1 F1473.915
G1 X54.705 Y39.941 E.02974
;WIDTH:0.473879
G1 F1392.244
G1 X55.43 Y39.578 E.02907
;WIDTH:0.514637
G1 F1271.95
G1 X55.57 Y39.501 E.00626
;WIDTH:0.555394
G1 F1170.791
G1 X55.709 Y39.423 E.0068
G1 X56.189 Y39.247 E.0218
;WIDTH:0.531247
G1 F1228.685
G1 X56.955 Y39.02 E.03242
;WIDTH:0.503239
G1 F1303.444
G1 X57.749 Y38.844 E.03113
;WIDTH:0.475045
G1 F1388.487
G1 X58.551 Y38.719 E.02918
;WIDTH:0.474467
G1 F1390.347
G1 X59.338 Y38.64 E.02835
;WIDTH:0.502547
G1 F1305.406
G1 X60.132 Y38.608 E.03039
;WIDTH:0.530551
G1 F1230.439
G1 X60.921 Y38.631 E.03197
;WIDTH:0.555392
G1 F1170.796
G1 X61.493 Y38.684 E.02448
G1 X61.834 Y38.761 E.0149
;WIDTH:0.520261
G1 F1256.963
G1 X62.175 Y38.839 E.01388
;WIDTH:0.48513
G1 F1356.821
G1 X62.515 Y38.916 E.01286
;WIDTH:0.449999
G1 F1473.915
G1 X63.366 Y39.142 E.02977
;WIDTH:0.462469
G1 F1430.107
G1 X64.134 Y39.403 E.0283
;WIDTH:0.508931
G1 F1287.525
G1 X64.288 Y39.445 E.00619
;WIDTH:0.555392
G1 F1170.796
G1 X64.442 Y39.486 E.00681
G1 X64.907 Y39.701 E.0218
;WIDTH:0.531247
G1 F1228.685
G1 X65.608 Y40.081 E.03242
;WIDTH:0.503237
G1 F1303.45
G1 X66.294 Y40.519 E.03113
;WIDTH:0.475045
G1 F1388.487
G1 X66.95 Y40.998 E.02918
;WIDTH:0.474469
G1 F1390.34
G1 X67.562 Y41.498 E.02836
;WIDTH:0.502546
G1 F1305.409
G1 X68.147 Y42.037 E.03039
;WIDTH:0.530554
G1 F1230.431
G1 X68.687 Y42.611 E.03197
;WIDTH:0.555393
G1 F1170.793
G1 X69.055 Y43.053 E.02448
G1 X69.241 Y43.349 E.01491
;WIDTH:0.520262
G1 F1256.961
G1 X69.428 Y43.645 E.01389
;WIDTH:0.485131
G1 F1356.82
G1 X69.614 Y43.941 E.01287
;WIDTH:0.449999
G1 F1473.915
G1 X70.055 Y44.701 E.02974
;WIDTH:0.462472
G1 F1430.097
G1 X70.413 Y45.429 E.0283
;WIDTH:0.508933
G1 F1287.519
G1 X70.493 Y45.567 E.00619
;WIDTH:0.555393
G1 F1170.793
G1 X70.573 Y45.705 E.00681
G1 X70.75 Y46.186 E.0218
;WIDTH:0.531245
G1 F1228.69
G1 X70.976 Y46.951 E.03242
;WIDTH:0.503237
G1 F1303.45
G1 X71.152 Y47.745 E.03113
;WIDTH:0.475044
G1 F1388.49
G1 X71.262 Y48.45 E.02563
M204 S10000
G1 E-.8 F1800
G1 X64.316 Y51.613 Z4.4 F7200
G1 X48.736 Y58.709 Z4.4
G1 Z4
G1 E.8 F1800
M204 S500
;WIDTH:0.449999
G1 F1473.915
G1 X50.231 Y57.327 E.0689
;WIDTH:0.474151
G1 F1391.366
G1 X50.401 Y57.274 E.00639
;WIDTH:0.514774
G1 F1271.58
G1 X50.463 Y57.288 E.00247
;WIDTH:0.555397
G1 F1170.784
G1 X50.524 Y57.301 E.00269
G1 X50.88 Y57.695 E.02261
;WIDTH:0.531247
G1 F1228.685
G1 X51.455 Y58.269 E.03298
;WIDTH:0.503237
G1 F1303.45
G1 X52.095 Y58.826 E.03248
;WIDTH:0.475045
G1 F1388.487
G1 X52.751 Y59.346 E.03009
;WIDTH:0.474467
G1 F1390.347
G1 X53.394 Y59.834 E.02895
;WIDTH:0.502549
G1 F1305.401
G1 X54.068 Y60.301 E.03135
;WIDTH:0.530554
G1 F1230.431
G1 X54.776 Y60.723 E.03341
;WIDTH:0.555393
G1 F1170.793
G1 X55.314 Y61.005 E.02589
G1 X55.343 Y61.068 E.00298
;WIDTH:0.508932
G1 F1287.522
G1 X55.372 Y61.132 E.00271
;WIDTH:0.46247
G1 F1430.104
G1 X55.331 Y61.355 E.00792
;WIDTH:0.449999
G1 F1473.915
G1 X54.452 Y63.028 E.06396
G1 X54.401 Y63.088 E.00265
G1 X54.201 Y63.102 E.00678
G1 X53.681 Y62.825 E.01994
G1 X53.15 Y62.512 E.02086
G1 X52.72 Y62.229 E.01742
G1 X52.024 Y61.732 E.02897
G1 X50.702 Y60.712 E.05652
G1 X50.149 Y60.262 E.02412
G1 X49.616 Y59.781 E.02429
G1 X48.758 Y58.889 E.04192
G1 X48.741 Y58.748 E.00478
M204 S10000
G1 E-.8 F1800
G1 X53.765 Y63.471 Z4.4 F7200
G1 Z4
M73 P98 R0
G1 E.8 F1800
M204 S1500
;TYPE:Inner wall
;WIDTH:0.65156
G1 F985.804
G1 X54.138 Y63.638 E.02073
M204 S10000
G1 E-.8 F1800
G1 X50.53 Y56.913 Z4.4 F7200
G1 X45.856 Y48.203 Z4.4
G1 Z4
G1 E.8 F1800
M204 S500
;TYPE:Outer wall
;WIDTH:0.449999
G1 F1473.915
G1 X46.807 Y48.221 E.03221
G1 X47.908 Y48.273 E.03732
;WIDTH:0.474138
G1 F1391.407
G1 X48.066 Y48.355 E.0064
;WIDTH:0.514766
G1 F1271.603
G1 X48.1 Y48.408 E.00247
;WIDTH:0.555393
G1 F1170.793
G1 X48.134 Y48.461 E.00269
G1 X48.107 Y48.991 E.02261
;WIDTH:0.531244
G1 F1228.692
G1 X48.108 Y49.803 E.03298
;WIDTH:0.503238
G1 F1303.447
G1 X48.166 Y50.65 E.03248
;WIDTH:0.475043
G1 F1388.494
G1 X48.263 Y51.482 E.03009
;WIDTH:0.474469
G1 F1390.34
G1 X48.373 Y52.281 E.02894
;WIDTH:0.502548
G1 F1305.404
G1 X48.519 Y53.088 E.03136
;WIDTH:0.530557
G1 F1230.423
G1 X48.721 Y53.887 E.03341
;WIDTH:0.555395
G1 F1170.789
G1 X48.902 Y54.467 E.02589
G1 X48.88 Y54.533 E.00298
;WIDTH:0.514638
G1 F1271.948
G1 X48.859 Y54.6 E.00275
;WIDTH:0.47388
G1 F1392.241
G1 X48.666 Y54.727 E.00825
;WIDTH:0.449999
G1 F1473.915
G1 X46.862 Y55.288 E.06396
G1 X46.804 Y55.296 E.00197
G1 X46.634 Y55.168 E.0072
G1 X46.484 Y54.689 E.01701
G1 X46.306 Y54.003 E.02398
G1 X46.161 Y53.3 E.02429
G1 X46.079 Y52.764 E.01837
G1 X45.848 Y50.998 E.06026
G1 X45.776 Y50.29 E.02412
G1 X45.739 Y49.573 E.02429
G1 X45.755 Y48.74 E.02819
G1 X45.764 Y48.338 E.01363
G1 X45.833 Y48.236 E.00417
M204 S10000
G1 E-.8 F1800
G1 X46.367 Y44.104 Z4.4 F7200
G1 Z4
G1 E.8 F1800
M204 S1500
;TYPE:Inner wall
;WIDTH:0.648986
G1 F989.991
G1 X46.515 Y43.783 E.01783
M204 S10000
G1 E-.8 F1800
G1 X52.055 Y38.532 Z4.4 F7200
G1 X54.522 Y36.193 Z4.4
G1 Z4
G1 E.8 F1800
M204 S1500
;WIDTH:0.647422
G1 F992.553
G1 X54.83 Y36.077 E.01655
M204 S10000
G1 E-.8 F1800
G1 X62.15 Y38.239 Z4.4 F7200
G1 X64.686 Y38.988 Z4.4
G1 Z4
G1 E.8 F1800
M204 S500
;TYPE:Outer wall
;WIDTH:0.555392
G1 F1170.796
G1 X64.657 Y38.924 E.00298
;WIDTH:0.508931
G1 F1287.525
G1 X64.628 Y38.86 E.00271
;WIDTH:0.462469
G1 F1430.107
G1 X64.669 Y38.637 E.00792
;WIDTH:0.449999
G1 F1473.915
G1 X65.548 Y36.964 E.06396
G1 X65.687 Y36.868 E.0057
G1 X65.911 Y36.949 E.00806
G1 X66.85 Y37.48 E.03652
G1 X67.449 Y37.875 E.02429
G1 X68.028 Y38.299 E.02427
G1 X69.014 Y39.061 E.04222
G1 X69.694 Y39.604 E.02943
G1 X70.337 Y40.17 E.029
G1 X71.254 Y41.126 E.04483
G1 X71.275 Y41.19 E.00227
G1 X71.217 Y41.348 E.0057
G1 X69.769 Y42.665 E.06625
;WIDTH:0.485852
G1 F1354.61
G1 X69.597 Y42.724 E.00669
;WIDTH:0.520623
G1 F1256.012
G1 X69.536 Y42.708 E.0025
;WIDTH:0.555393
G1 F1170.793
G1 X69.476 Y42.691 E.00269
;WIDTH:0.532251
G1 F1226.164
G1 X68.545 Y41.723 E.05462
;WIDTH:0.503236
G1 F1303.452
G1 X67.905 Y41.166 E.03248
;WIDTH:0.475045
G1 F1388.487
G1 X67.249 Y40.647 E.03009
;WIDTH:0.474469
G1 F1390.34
G1 X66.606 Y40.159 E.02895
;WIDTH:0.502547
G1 F1305.406
G1 X65.932 Y39.691 E.03135
;WIDTH:0.530553
G1 F1230.434
G1 X65.224 Y39.269 E.03341
;WIDTH:0.555392
G1 F1170.796
G1 X64.722 Y39.006 E.02418
M204 S10000
G1 E-.8 F1800
G1 X71.716 Y40.873 Z4.4 F7200
G1 Z4
G1 E.8 F1800
M204 S1500
;TYPE:Inner wall
;WIDTH:0.646636
G1 F993.845
G1 X71.603 Y40.724 E.00942
M204 S10000
G1 E-.8 F1800
G1 X65.996 Y36.406 Z4.4 F7200
G1 Z4
G1 E.8 F1800
M204 S1500
;WIDTH:0.645706
G1 F995.378
G1 X66.155 Y36.483 E.00884
M204 S10000
G1 E-.8 F1800
G1 X60.631 Y41.75 Z4.4 F7200
G1 X46.21 Y55.503 Z4.4
G1 Z4
G1 E.8 F1800
M204 S1500
;WIDTH:0.654728
G1 F980.7
G1 X46.065 Y55.119 E.0209
M204 S10000
G1 E-.8 F1800
G1 X49.94 Y56.368 Z4.4 F7200
G1 Z4
G1 E.8 F1800
M204 S500
;TYPE:Top surface
;WIDTH:0.417597
G1 F1601.379
G1 X47.831 Y58.476 E.09289
M204 S10000
G1 X47.621 Y58.157 F7200
M204 S500
G1 F1601.379
G1 X49.741 Y56.036 E.09343
M204 S10000
G1 X49.551 Y55.697 F7200
M204 S500
G1 F1601.379
G1 X47.41 Y57.837 E.09431
M204 S10000
G1 X47.214 Y57.504 F7200
M204 S500
G1 F1601.379
G1 X49.365 Y55.352 E.09479
M204 S10000
G1 X49.193 Y54.995 F7200
M204 S500
G1 F1601.379
G1 X47.02 Y57.168 E.09575
M204 S10000
G1 X46.836 Y56.822 F7200
M204 S500
G1 F1601.379
G1 X48.218 Y55.44 E.06088
M204 S10000
G1 X47.449 Y55.679 F7200
M204 S500
G1 F1601.379
G1 X46.659 Y56.469 E.03478
M204 S10000
G1 X46.488 Y56.11 F7200
M204 S500
G1 F1601.379
G1 X46.775 Y55.823 E.01264
M204 S10000
G1 E-.8 F1800
G1 X48.223 Y48.329 Z4.4 F7200
G1 X48.486 Y46.966 Z4.4
G1 Z4
G1 E.8 F1800
M204 S500
;WIDTH:0.412649
G1 F1622.81
G1 X47.737 Y47.716 E.03259
M204 S10000
G1 X47.238 Y47.692 F7200
M204 S500
G1 F1622.81
G1 X48.707 Y46.223 E.06387
M204 S10000
G1 X48.569 Y45.838 F7200
M204 S500
G1 F1622.81
G1 X46.738 Y47.669 E.07958
M204 S10000
G1 X46.239 Y47.645 F7200
M204 S500
G1 F1622.81
G1 X48.18 Y45.704 E.08439
M204 S10000
G1 X47.837 Y45.524 F7200
M204 S500
G1 F1622.81
G1 X45.648 Y47.713 E.09518
M204 S10000
G1 X45.39 Y47.448 F7200
M204 S500
G1 F1622.81
G1 X47.495 Y45.344 E.0915
M204 S10000
G1 X47.152 Y45.164 F7200
M204 S500
G1 F1622.81
G1 X45.518 Y46.797 E.07103
M204 S10000
G1 X45.693 Y46.099 F7200
M204 S500
G1 F1622.81
G1 X46.809 Y44.983 E.04852
M204 S10000
G1 X46.549 Y44.72 F7200
M204 S500
G1 F1622.81
G1 X45.92 Y45.35 E.02738
M204 S10000
G1 E-.8 F1800
G1 X52.157 Y40.951 Z4.4 F7200
G1 X53.173 Y40.234 Z4.4
G1 Z4
G1 E.8 F1800
M204 S500
;WIDTH:0.438685
G1 F1516.051
G1 X54.708 Y38.7 E.0714
M204 S10000
G1 X54.576 Y38.272 F7200
M204 S500
G1 F1516.051
G1 X53.034 Y39.814 E.07178
M204 S10000
G1 X52.767 Y39.521 F7200
M204 S500
G1 F1516.051
G1 X54.444 Y37.844 E.07805
M204 S10000
G1 X54.312 Y37.416 F7200
M204 S500
G1 F1516.051
G1 X52.5 Y39.228 E.08433
M204 S10000
G1 X52.234 Y38.935 F7200
M204 S500
G1 F1516.051
G1 X54.181 Y36.988 E.0906
M204 S10000
G1 X54.309 Y36.3 F7200
M204 S500
G1 F1516.051
G1 X51.967 Y38.642 E.10898
M204 S10000
G1 X51.676 Y38.373 F7200
M204 S500
G1 F1516.051
G1 X53.259 Y36.79 E.07368
M204 S10000
G1 E-.8 F1800
G1 X60.866 Y37.422 Z4.4 F7200
G1 X64.529 Y37.727 Z4.4
G1 Z4
G1 E.8 F1800
M204 S500
;WIDTH:0.406978
G1 F1648.089
G1 X63.608 Y38.647 E.0394
M204 S10000
G1 X63.209 Y38.531 F7200
M204 S500
G1 F1648.089
G1 X65.512 Y36.228 E.09859
M204 S10000
G1 X65.138 Y36.088 F7200
M204 S500
G1 F1648.089
G1 X62.805 Y38.421 E.09989
M204 S10000
G1 X62.38 Y38.331 F7200
M73 P99 R0
M204 S500
G1 F1648.089
G1 X64.762 Y35.949 E.102
M204 S10000
G1 X64.369 Y35.827 F7200
M204 S500
G1 F1648.089
G1 X62.257 Y37.939 E.09041
M204 S10000
G1 X62.297 Y37.384 F7200
M204 S500
G1 F1648.089
G1 X63.975 Y35.706 E.07182
M204 S10000
G1 X63.561 Y35.605 F7200
M204 S500
G1 F1648.089
G1 X62.323 Y36.843 E.05298
M204 S10000
G1 X62.349 Y36.302 F7200
M204 S500
G1 F1648.089
G1 X63.145 Y35.506 E.03407
M204 S10000
G1 X62.716 Y35.42 F7200
M204 S500
G1 F1648.089
G1 X62.304 Y35.832 E.01765
M204 S10000
G1 E-.8 F1800
G1 X68.324 Y40.524 Z4.4 F7200
G1 X73.032 Y44.194 Z4.4
G1 Z4
G1 E.8 F1800
M204 S500
;WIDTH:0.408006
G1 F1643.448
G1 X73.456 Y43.77 E.01821
M204 S10000
G1 X73.293 Y43.417 F7200
M204 S500
G1 F1643.448
G1 X72.328 Y44.383 E.04143
M204 S10000
G1 X71.579 Y44.616 F7200
M204 S500
G1 F1643.448
G1 X73.115 Y43.079 E.06597
M204 S10000
G1 X72.935 Y42.743 F7200
M204 S500
G1 F1643.448
G1 X70.766 Y44.912 E.09311
M204 S10000
G1 X70.597 Y44.565 F7200
M204 S500
G1 F1643.448
G1 X72.745 Y42.416 E.09223
M204 S10000
G1 X72.548 Y42.097 F7200
M204 S500
G1 F1643.448
G1 X70.417 Y44.229 E.0915
M204 S10000
G1 X70.229 Y43.9 F7200
M204 S500
G1 F1643.448
G1 X72.349 Y41.78 E.09101
M204 S10000
G1 X72.135 Y41.477 F7200
M204 S500
G1 F1643.448
G1 X70.031 Y43.581 E.09033
M204 S10000
G1 E-.8 F1800
G1 X72.736 Y50.718 Z4.4 F7200
G1 X74.147 Y54.444 Z4.4
G1 Z4
G1 E.8 F1800
M204 S500
;WIDTH:0.402813
G1 F1667.162
G1 X73.401 Y55.19 E.03159
M204 S10000
G1 X73.114 Y54.968 F7200
M204 S500
G1 F1667.162
G1 X74.357 Y53.725 E.05262
M204 S10000
G1 X74.507 Y53.066 F7200
M204 S500
G1 F1667.162
G1 X72.78 Y54.793 E.07308
M204 S10000
G1 X72.447 Y54.618 F7200
M204 S500
G1 F1667.162
G1 X74.624 Y52.44 E.09216
M204 S10000
G1 X74.38 Y52.176 F7200
M204 S500
G1 F1667.162
G1 X72.113 Y54.442 E.09593
M204 S10000
G1 X71.779 Y54.267 F7200
M204 S500
G1 F1667.162
G1 X73.705 Y52.341 E.0815
M204 S10000
G1 X73.218 Y52.319 F7200
M204 S500
G1 F1667.162
G1 X71.385 Y54.153 E.07759
M204 S10000
G1 X71.31 Y53.719 F7200
M204 S500
G1 F1667.162
G1 X72.731 Y52.297 E.06016
M204 S10000
G1 X72.244 Y52.275 F7200
M204 S500
G1 F1667.162
G1 X71.522 Y52.998 E.03057
M204 S10000
G1 E-.8 F1800
G1 X68.399 Y59.962 Z4.4 F7200
G1 X67.008 Y63.064 Z4.4
G1 Z4
G1 E.8 F1800
M204 S500
;WIDTH:0.402901
G1 F1666.755
G1 X68.395 Y61.678 E.05869
M204 S10000
G1 X68.119 Y61.445 F7200
M204 S500
G1 F1666.755
G1 X66.001 Y63.563 E.08966
M204 S10000
G1 X65.818 Y63.236 F7200
M204 S500
G1 F1666.755
G1 X67.876 Y61.179 E.08711
M204 S10000
G1 X67.634 Y60.912 F7200
M204 S500
G1 F1666.755
G1 X65.758 Y62.788 E.07941
M204 S10000
G1 X65.637 Y62.399 F7200
M204 S500
G1 F1666.755
G1 X67.391 Y60.645 E.07425
M204 S10000
G1 X67.149 Y60.379 F7200
M204 S500
G1 F1666.755
G1 X65.516 Y62.011 E.0691
M204 S10000
G1 X65.396 Y61.623 F7200
M204 S500
G1 F1666.755
G1 X66.924 Y60.095 E.06468
M204 S10000
G1 X66.615 Y59.895 F7200
M204 S500
G1 F1666.755
G1 X65.275 Y61.234 E.05672
M204 S10000
G1 E-.8 F1800
G1 X58.183 Y64.057 Z4.4 F7200
G1 X57.018 Y64.521 Z4.4
G1 Z4
G1 E.8 F1800
M204 S500
;WIDTH:0.423449
G1 F1576.752
G1 X57.642 Y63.896 E.02794
M204 S10000
G1 X57.669 Y63.331 F7200
M204 S500
G1 F1576.752
G1 X56.574 Y64.426 E.04899
M204 S10000
G1 X56.148 Y64.314 F7200
M204 S500
G1 F1576.752
G1 X57.696 Y62.767 E.06926
M204 S10000
G1 X57.722 Y62.202 F7200
M204 S500
G1 F1576.752
G1 X55.726 Y64.198 E.08933
M204 S10000
G1 X55.32 Y64.066 F7200
M204 S500
G1 F1576.752
G1 X57.707 Y61.679 E.10682
M204 S10000
G1 X57.259 Y61.589 F7200
M204 S500
G1 F1576.752
G1 X54.919 Y63.929 E.10471
M204 S10000
G1 X54.518 Y63.792 F7200
M204 S500
G1 F1576.752
G1 X56.838 Y61.471 E.10385
M204 S10000
G1 X56.418 Y61.353 F7200
M204 S500
G1 F1576.752
G1 X55.434 Y62.338 E.04405
; stop printing object fidget-finger-massager-2000-ring.stl id:15 copy 0
G1 E-.8 F1800
M106 S0
;TYPE:Custom
M104 S0
M140 S0
M107
G28 X0 Y0
M84
M73 P100 R0
; EXECUTABLE_BLOCK_END

; filament used [mm] = 595.27
; filament used [cm3] = 1.43
; total filament used [g] = 0.00
; total filament cost = 0.00
; total layers count = 20
; estimated printing time (normal mode) = 16m 2s
; estimated first layer printing time (normal mode) = 1s

; CONFIG_BLOCK_START
; accel_to_decel_enable = 1
; accel_to_decel_factor = 50%
; activate_air_filtration = 0
; activate_chamber_temp_control = 0
; adaptive_bed_mesh_margin = 0
; adaptive_pressure_advance = 0
; adaptive_pressure_advance_bridges = 0
; adaptive_pressure_advance_model = "0,0,0\n0,0,0"
; adaptive_pressure_advance_overhangs = 0
; additional_cooling_fan_speed = 0
; align_infill_direction_to_model = 0
; alternate_extra_wall = 0
; auxiliary_fan = 0
; bbl_calib_mark_logo = 1
; bed_custom_model = 
; bed_custom_texture = 
; bed_exclude_area = 0x0
; bed_mesh_max = 99999,99999
; bed_mesh_min = -99999,-99999
; bed_mesh_probe_distance = 50,50
; bed_temperature_formula = by_highest_temp
; before_layer_change_gcode = G92 E0
; best_object_pos = 0.5,0.5
; bottom_shell_layers = 3
; bottom_shell_thickness = 0
; bottom_solid_infill_flow_ratio = 1
; bottom_surface_density = 100%
; bottom_surface_pattern = monotonic
; bridge_acceleration = 50%
; bridge_angle = 0
; bridge_density = 100%
; bridge_flow = 1
; bridge_no_support = 0
; bridge_speed = 25
; brim_ears_detection_length = 1
; brim_ears_max_angle = 125
; brim_object_gap = 0
; brim_type = auto_brim
; brim_use_efc_outline = 0
; brim_width = 0
; calib_flowrate_topinfill_special_order = 0
; chamber_temperature = 0
; change_extrusion_role_gcode = 
; change_filament_gcode = 
; close_fan_the_first_x_layers = 1
; complete_print_exhaust_fan_speed = 80
; cool_plate_temp = 35
; cool_plate_temp_initial_layer = 35
; cooling_tube_length = 5
; cooling_tube_retraction = 91.5
; counterbore_hole_bridging = none
; curr_bed_type = Cool Plate
; default_acceleration = 500
; default_filament_colour = ""
; default_jerk = 0
; default_junction_deviation = 0
; deretraction_speed = 0
; detect_narrow_internal_solid_infill = 1
; detect_overhang_wall = 1
; detect_thin_wall = 0
; different_settings_to_system = ;
; disable_m73 = 0
; dont_filter_internal_bridges = disabled
; dont_slow_down_outer_wall = 0
; draft_shield = disabled
; during_print_exhaust_fan_speed = 60
; elefant_foot_compensation = 0
; elefant_foot_compensation_layers = 1
; emit_machine_limits_to_gcode = 1
; enable_arc_fitting = 0
; enable_extra_bridge_layer = disabled
; enable_filament_ramming = 1
; enable_long_retraction_when_cut = 0
; enable_overhang_bridge_fan = 1
; enable_overhang_speed = 1
; enable_power_loss_recovery = printer_configuration
; enable_pressure_advance = 0
; enable_prime_tower = 0
; enable_support = 0
; enable_tower_interface_cooldown_during_tower = 0
; enable_tower_interface_features = 0
; enable_wrapping_detection = 0
; enforce_support_layers = 0
; eng_plate_temp = 45
; eng_plate_temp_initial_layer = 45
; ensure_vertical_shell_thickness = ensure_all
; exclude_object = 0
; extra_loading_move = -2
; extra_perimeters_on_overhangs = 0
; extra_solid_infills = 
; extruder_ams_count = 
; extruder_clearance_height_to_lid = 120
; extruder_clearance_height_to_rod = 40
; extruder_clearance_radius = 40
; extruder_colour = #F2754E
; extruder_offset = 0x0
; extruder_printable_area = 
; extruder_printable_height = 0
; extruder_type = Direct Drive
; extrusion_rate_smoothing_external_perimeter_only = 0
; fan_cooling_layer_time = 60
; fan_kickstart = 0
; fan_max_speed = 100
; fan_min_speed = 20
; fan_speedup_overhangs = 1
; fan_speedup_time = 0
; filament_adaptive_volumetric_speed = 0
; filament_adhesiveness_category = 0
; filament_change_length = 10
; filament_colour = #F2754E
; filament_cooling_final_speed = 3.4
; filament_cooling_initial_speed = 2.2
; filament_cooling_moves = 4
; filament_cost = 0
; filament_density = 0
; filament_diameter = 1.75
; filament_end_gcode = " "
; filament_extruder_variant = "Direct Drive Standard"
; filament_flow_ratio = 1
; filament_flush_temp = 0
; filament_flush_volumetric_speed = 0
; filament_ids = 
; filament_is_support = 0
; filament_loading_speed = 28
; filament_loading_speed_start = 3
; filament_map = 1
; filament_map_mode = Auto For Flush
; filament_max_volumetric_speed = 2
; filament_minimal_purge_on_wipe_tower = 15
; filament_multitool_ramming = 0
; filament_multitool_ramming_flow = 10
; filament_multitool_ramming_volume = 10
; filament_notes = ""
; filament_printable = 3
; filament_ramming_parameters = "120 100 6.6 6.8 7.2 7.6 7.9 8.2 8.7 9.4 9.9 10.0| 0.05 6.6 0.45 6.8 0.95 7.8 1.45 8.3 1.95 9.7 2.45 10 2.95 7.6 3.45 7.6 3.95 7.6 4.45 7.6 4.95 7.6"
; filament_settings_id = ""
; filament_shrink = 100%
; filament_shrinkage_compensation_z = 100%
; filament_soluble = 0
; filament_stamping_distance = 0
; filament_stamping_loading_speed = 0
; filament_start_gcode = " "
; filament_toolchange_delay = 0
; filament_tower_interface_pre_extrusion_dist = 10
; filament_tower_interface_pre_extrusion_length = 0
; filament_tower_interface_print_temp = -1
; filament_tower_interface_purge_volume = 20
; filament_tower_ironing_area = 4
; filament_type = PLA
; filament_unloading_speed = 90
; filament_unloading_speed_start = 100
; filament_vendor = (Undefined)
; file_start_gcode = 
; filename_format = {input_filename_base}_{filament_type[initial_tool]}_{print_time}.gcode
; fill_multiline = 1
; filter_out_gap_fill = 0
; first_layer_flow_ratio = 1
; first_layer_print_sequence = 0
; flush_into_infill = 0
; flush_into_objects = 0
; flush_into_support = 1
; flush_multiplier = 0.3
; flush_volumes_matrix = 0,280,280,280,280,0,280,280,280,280,0,280,280,280,280,0
; flush_volumes_vector = 140,140,140,140,140,140,140,140
; full_fan_speed_layer = 0
; fuzzy_skin = disabled_fuzzy
; fuzzy_skin_first_layer = 0
; fuzzy_skin_mode = displacement
; fuzzy_skin_noise_type = classic
; fuzzy_skin_octaves = 4
; fuzzy_skin_persistence = 0.5
; fuzzy_skin_point_distance = 0.3
; fuzzy_skin_scale = 1
; fuzzy_skin_thickness = 0.2
; gap_fill_flow_ratio = 1
; gap_fill_target = nowhere
; gap_infill_speed = 30
; gcode_add_line_number = 0
; gcode_comments = 0
; gcode_flavor = marlin
; gcode_label_objects = 1
; grab_length = 0
; has_scarf_joint_seam = 0
; head_wrap_detect_zone = 
; high_current_on_filament_swap = 0
; hole_to_polyhole = 0
; hole_to_polyhole_threshold = 0.01
; hole_to_polyhole_twisted = 1
; hot_plate_temp = 45
; hot_plate_temp_initial_layer = 45
; idle_temperature = 0
; independent_support_layer_height = 1
; infill_anchor = 400%
; infill_anchor_max = 20
; infill_combination = 0
; infill_combination_max_layer_height = 100%
; infill_direction = 45
; infill_jerk = 9
; infill_lock_depth = 1
; infill_overhang_angle = 60
; infill_shift_step = 0.4
; infill_wall_overlap = 15%
; inherits_group = ;
; initial_layer_acceleration = 300
; initial_layer_infill_speed = 60
; initial_layer_jerk = 9
; initial_layer_line_width = 0
; initial_layer_min_bead_width = 85%
; initial_layer_print_height = 0.2
; initial_layer_speed = 30
; initial_layer_travel_speed = 100%
; inner_wall_acceleration = 10000
; inner_wall_flow_ratio = 1
; inner_wall_jerk = 9
; inner_wall_line_width = 0
; inner_wall_speed = 60
; interface_shells = 0
; interlocking_beam = 0
; interlocking_beam_layer_count = 2
; interlocking_beam_width = 0.8
; interlocking_boundary_avoidance = 2
; interlocking_depth = 2
; interlocking_orientation = 22.5
; internal_bridge_angle = 0
; internal_bridge_density = 100%
; internal_bridge_fan_speed = -1
; internal_bridge_flow = 1
; internal_bridge_speed = 150%
; internal_solid_infill_acceleration = 100%
; internal_solid_infill_flow_ratio = 1
; internal_solid_infill_line_width = 0
; internal_solid_infill_pattern = monotonic
; internal_solid_infill_speed = 100
; ironing_angle = 0
; ironing_angle_fixed = 0
; ironing_fan_speed = -1
; ironing_flow = 10%
; ironing_inset = 0
; ironing_pattern = rectilinear
; ironing_spacing = 0.1
; ironing_speed = 20
; ironing_type = no ironing
; is_infill_first = 0
; lateral_lattice_angle_1 = -45
; lateral_lattice_angle_2 = 45
; layer_change_gcode = 
; layer_height = 0.2
; line_width = 0
; long_retractions_when_cut = 0
; long_retractions_when_ec = 0
; machine_end_gcode = M104 S0\nM140 S0\nM107\nG28 X0 Y0\nM84
; machine_load_filament_time = 0
; machine_max_acceleration_e = 5000,5000
; machine_max_acceleration_extruding = 1500,1250
; machine_max_acceleration_retracting = 1500,1250
; machine_max_acceleration_travel = 0,0
; machine_max_acceleration_x = 1000,1000
; machine_max_acceleration_y = 1000,1000
; machine_max_acceleration_z = 500,200
; machine_max_jerk_e = 2.5,2.5
; machine_max_jerk_x = 10,10
; machine_max_jerk_y = 10,10
; machine_max_jerk_z = 0.2,0.4
; machine_max_junction_deviation = 0.01
; machine_max_speed_e = 120,120
; machine_max_speed_x = 500,200
; machine_max_speed_y = 500,200
; machine_max_speed_z = 12,12
; machine_min_extruding_rate = 0,0
; machine_min_travel_rate = 0,0
; machine_pause_gcode = 
; machine_start_gcode = G90\nM82\nM104 S[first_layer_temperature]\nM140 S[first_layer_bed_temperature]\nG28\nG92 E0\nM190 S[first_layer_bed_temperature]\nM109 S[first_layer_temperature]\nG92 E0
; machine_tool_change_time = 0
; machine_unload_filament_time = 0
; make_overhang_printable = 0
; make_overhang_printable_angle = 55
; make_overhang_printable_hole_size = 0
; manual_filament_change = 0
; master_extruder_id = 1
; max_bridge_length = 10
; max_layer_height = 0
; max_resonance_avoidance_speed = 120
; max_travel_detour_distance = 0
; max_volumetric_extrusion_rate_slope = 0
; max_volumetric_extrusion_rate_slope_segment_length = 3
; min_bead_width = 85%
; min_feature_size = 25%
; min_layer_height = 0.07
; min_length_factor = 0.5
; min_resonance_avoidance_speed = 70
; min_skirt_length = 0
; min_width_top_surface = 300%
; minimum_sparse_infill_area = 15
; mmu_segmented_region_interlocking_depth = 0
; mmu_segmented_region_max_width = 0
; notes = 
; nozzle_diameter = 0.4
; nozzle_flush_dataset = 0
; nozzle_height = 2.5
; nozzle_hrc = 0
; nozzle_temperature = 200
; nozzle_temperature_initial_layer = 200
; nozzle_temperature_range_high = 240
; nozzle_temperature_range_low = 190
; nozzle_type = undefine
; nozzle_volume = 0
; nozzle_volume_type = Standard
; only_one_wall_first_layer = 0
; only_one_wall_top = 0
; ooze_prevention = 0
; other_layers_print_sequence = 0
; other_layers_print_sequence_nums = 0
; outer_wall_acceleration = 500
; outer_wall_flow_ratio = 1
; outer_wall_jerk = 9
; outer_wall_line_width = 0
; outer_wall_speed = 60
; overhang_1_4_speed = 0
; overhang_2_4_speed = 0
; overhang_3_4_speed = 0
; overhang_4_4_speed = 0
; overhang_fan_speed = 100
; overhang_fan_threshold = 95%
; overhang_flow_ratio = 1
; overhang_reverse = 0
; overhang_reverse_internal_only = 0
; overhang_reverse_threshold = 50%
; parking_pos_retraction = 92
; physical_extruder_map = 0
; post_process = 
; precise_outer_wall = 1
; precise_z_height = 0
; preferred_orientation = 0
; preheat_steps = 1
; preheat_time = 30
; pressure_advance = 0.02
; prime_tower_brim_width = 3
; prime_tower_enable_framework = 0
; prime_tower_flat_ironing = 0
; prime_tower_infill_gap = 150%
; prime_tower_skip_points = 1
; prime_tower_width = 60
; prime_volume = 45
; print_compatible_printers = "WEEFUN Tina 2 0.4 nozzle"
; print_extruder_id = 1
; print_extruder_variant = "Direct Drive Standard"
; print_flow_ratio = 1
; print_order = default
; print_sequence = by layer
; print_settings_id = 0.20mm Tina 2 @MyMarlin
; printable_area = 0x0,120x0,120x100,0x100
; printable_height = 100
; printer_extruder_id = 1
; printer_extruder_variant = "Direct Drive Standard"
; printer_model = WEEFUN Tina 2
; printer_notes = 
; printer_settings_id = WEEFUN Tina 2 0.4 nozzle
; printer_structure = undefine
; printer_technology = FFF
; printing_by_object_gcode = 
; purge_in_prime_tower = 1
; raft_contact_distance = 0.1
; raft_expansion = 1.5
; raft_first_layer_density = 90%
; raft_first_layer_expansion = 2
; raft_layers = 0
; reduce_crossing_wall = 0
; reduce_fan_stop_start_freq = 0
; reduce_infill_retraction = 0
; required_nozzle_HRC = 0
; resolution = 0.01
; resonance_avoidance = 0
; retract_before_wipe = 100%
; retract_length_toolchange = 10
; retract_lift_above = 0
; retract_lift_below = 0
; retract_lift_enforce = All Surfaces
; retract_restart_extra = 0
; retract_restart_extra_toolchange = 0
; retract_when_changing_layer = 0
; retraction_distances_when_cut = 18
; retraction_distances_when_ec = 10
; retraction_length = 0.8
; retraction_minimum_travel = 2
; retraction_speed = 30
; role_based_wipe_speed = 1
; scan_first_layer = 0
; scarf_angle_threshold = 155
; scarf_joint_flow_ratio = 1
; scarf_joint_speed = 100%
; scarf_overhang_threshold = 40%
; seam_gap = 10%
; seam_position = aligned
; seam_slope_conditional = 0
; seam_slope_entire_loop = 0
; seam_slope_inner_walls = 0
; seam_slope_min_length = 20
; seam_slope_start_height = 0
; seam_slope_steps = 10
; seam_slope_type = none
; set_other_flow_ratios = 0
; silent_mode = 0
; single_extruder_multi_material = 1
; single_extruder_multi_material_priming = 0
; single_loop_draft_shield = 0
; skeleton_infill_density = 25%
; skeleton_infill_line_width = 100%
; skin_infill_density = 25%
; skin_infill_depth = 2
; skin_infill_line_width = 100%
; skirt_distance = 2
; skirt_height = 1
; skirt_loops = 1
; skirt_speed = 50
; skirt_start_angle = -135
; skirt_type = combined
; slice_closing_radius = 0.049
; slicing_mode = regular
; slow_down_for_layer_cooling = 1
; slow_down_layer_time = 5
; slow_down_layers = 0
; slow_down_min_speed = 10
; slowdown_for_curled_perimeters = 1
; small_area_infill_flow_compensation = 0
; small_area_infill_flow_compensation_model = 0,0;"\n0.2,0.4444";"\n0.4,0.6145";"\n0.6,0.7059";"\n0.8,0.7619";"\n1.5,0.8571";"\n2,0.8889";"\n3,0.9231";"\n5,0.9520";"\n10,1"
; small_perimeter_speed = 50%
; small_perimeter_threshold = 0
; solid_infill_direction = 45
; solid_infill_filament = 1
; solid_infill_rotate_template = 
; sparse_infill_acceleration = 100%
; sparse_infill_density = 20%
; sparse_infill_filament = 1
; sparse_infill_flow_ratio = 1
; sparse_infill_line_width = 0
; sparse_infill_pattern = crosshatch
; sparse_infill_rotate_template = 
; sparse_infill_speed = 100
; spiral_finishing_flow_ratio = 0
; spiral_mode = 0
; spiral_mode_max_xy_smoothing = 200%
; spiral_mode_smooth = 0
; spiral_starting_flow_ratio = 0
; staggered_inner_seams = 0
; standby_temperature_delta = -5
; start_end_points = 30x-3,54x245
; supertack_plate_temp = 35
; supertack_plate_temp_initial_layer = 35
; support_air_filtration = 1
; support_angle = 0
; support_base_pattern = default
; support_base_pattern_spacing = 2.5
; support_bottom_interface_spacing = 0.5
; support_bottom_z_distance = 0.2
; support_chamber_temp_control = 1
; support_critical_regions_only = 0
; support_expansion = 0
; support_filament = 0
; support_flow_ratio = 1
; support_interface_bottom_layers = 0
; support_interface_filament = 0
; support_interface_flow_ratio = 1
; support_interface_loop_pattern = 0
; support_interface_not_for_body = 1
; support_interface_pattern = auto
; support_interface_spacing = 0.5
; support_interface_speed = 80
; support_interface_top_layers = 3
; support_ironing = 0
; support_ironing_flow = 10%
; support_ironing_pattern = rectilinear
; support_ironing_spacing = 0.1
; support_line_width = 0
; support_material_interface_fan_speed = -1
; support_multi_bed_types = 0
; support_object_first_layer_gap = 0.2
; support_object_skip_flush = 0
; support_object_xy_distance = 0.35
; support_on_build_plate_only = 0
; support_remove_small_overhang = 1
; support_speed = 80
; support_style = default
; support_threshold_angle = 30
; support_threshold_overlap = 50%
; support_top_z_distance = 0.2
; support_type = normal(auto)
; symmetric_infill_y_axis = 0
; temperature_vitrification = 100
; template_custom_gcode = 
; textured_cool_plate_temp = 40
; textured_cool_plate_temp_initial_layer = 40
; textured_plate_temp = 45
; textured_plate_temp_initial_layer = 45
; thick_bridges = 0
; thick_internal_bridges = 1
; thumbnails = 48x48/PNG,300x300/PNG
; time_cost = 0
; time_lapse_gcode = 
; timelapse_type = 0
; top_bottom_infill_wall_overlap = 25%
; top_shell_layers = 4
; top_shell_thickness = 0.6
; top_solid_infill_flow_ratio = 1
; top_surface_acceleration = 500
; top_surface_density = 100%
; top_surface_jerk = 9
; top_surface_line_width = 0
; top_surface_pattern = monotonicline
; top_surface_speed = 100
; travel_acceleration = 10000
; travel_jerk = 12
; travel_slope = 3
; travel_speed = 120
; travel_speed_z = 0
; tree_support_angle_slow = 25
; tree_support_auto_brim = 1
; tree_support_branch_angle = 40
; tree_support_branch_angle_organic = 40
; tree_support_branch_diameter = 5
; tree_support_branch_diameter_angle = 5
; tree_support_branch_diameter_organic = 2
; tree_support_branch_distance = 5
; tree_support_branch_distance_organic = 1
; tree_support_brim_width = 3
; tree_support_tip_diameter = 0.8
; tree_support_top_rate = 30%
; tree_support_wall_count = 0
; use_firmware_retraction = 0
; use_relative_e_distances = 1
; volumetric_speed_coefficients = ""
; wall_direction = auto
; wall_distribution_count = 1
; wall_filament = 1
; wall_generator = arachne
; wall_loops = 2
; wall_sequence = inner wall/outer wall
; wall_transition_angle = 10
; wall_transition_filter_deviation = 25%
; wall_transition_length = 100%
; wipe = 0
; wipe_before_external_loop = 0
; wipe_distance = 1
; wipe_on_loops = 0
; wipe_speed = 80%
; wipe_tower_bridging = 10
; wipe_tower_cone_angle = 30
; wipe_tower_extra_flow = 100%
; wipe_tower_extra_rib_length = 0
; wipe_tower_extra_spacing = 100%
; wipe_tower_filament = 0
; wipe_tower_fillet_wall = 1
; wipe_tower_max_purge_speed = 90
; wipe_tower_no_sparse_layers = 0
; wipe_tower_rib_width = 8
; wipe_tower_rotation_angle = 0
; wipe_tower_type = type2
; wipe_tower_wall_type = rectangle
; wipe_tower_x = 15.000
; wipe_tower_x = 15
; wipe_tower_y = 220.000
; wipe_tower_y = 220
; wiping_volumes_extruders = 70,70,70,70,70,70,70,70,70,70
; wrapping_detection_gcode = 
; wrapping_detection_layers = 20
; wrapping_exclude_area = 
; xy_contour_compensation = 0
; xy_hole_compensation = 0
; z_hop = 0.4
; z_hop_types = Slope Lift
; z_offset = 0
; first_layer_bed_temperature = 35
; bed_shape = 0x0,120x0,120x100,0x100
; first_layer_temperature = 200
; first_layer_height = 0.200
; CONFIG_BLOCK_END


