; HEADER_BLOCK_START
; generated by OrcaSlicer 2.3.2 on 2026-05-31 at 21:48:03
; total layer number: 161
; filament_density: 0
; filament_diameter: 1.75
; max_z_height: 32.20
; filament: 1
; HEADER_BLOCK_END

; external perimeters extrusion width = 0.45mm
; perimeters extrusion width = 0.45mm
; infill extrusion width = 0.45mm
; solid infill extrusion width = 0.45mm
; top infill extrusion width = 0.40mm

; EXECUTABLE_BLOCK_START
M73 P0 R20
M201 X1000 Y1000 Z500 E5000
M203 X500 Y500 Z12 E120
M204 P1500 R1500 T1500
M205 X10.00 Y10.00 Z0.20 E2.50 ; sets the jerk limits, mm/sec
;TYPE:Custom
G90
M82
M104 S200
M140 S35
G28
G92 E0
M190 S35
M109 S200
G92 E0
G90
G21
M83 ; use relative distances for extrusion
M106 S0
;LAYER_CHANGE
;Z:0.2
;HEIGHT:0.2
G92 E0
;_SET_FAN_SPEED_CHANGING_LAYER
M204 S300
G1 E-.8 F1800
G1 X57.865 Y45.124 F7200
G1 Z.6
M73 P0 R19
G1 Z.2
G1 E.8 F1800
;TYPE:Skirt
;WIDTH:0.45
G1 F1473.913
G1 X58.553 Y43.459 E.06099
G1 X59.083 Y42.863 E.02699
G1 X59.718 Y42.496 E.02481
G1 X60.382 Y42.346 E.02305
G1 X61.104 Y42.399 E.0245
G1 X64.343 Y43.703 E.1182
G1 X64.686 Y43.881 E.01307
G1 X65.198 Y44.311 E.02263
G1 X65.649 Y45.048 E.02925
G1 X65.798 Y45.68 E.02198
G1 X65.758 Y46.385 E.0239
G1 X61.561 Y56.541 E.37195
G1 X61.086 Y57.093 E.02467
G1 X60.421 Y57.494 E.02629
G1 X59.733 Y57.654 E.02391
G1 X59.011 Y57.601 E.0245
G1 X55.772 Y56.297 E.1182
G1 X55.429 Y56.119 E.01307
G1 X54.917 Y55.689 E.02263
G1 X54.466 Y54.952 E.02925
G1 X54.316 Y54.32 E.02198
G1 X54.357 Y53.615 E.0239
G1 X57.85 Y45.161 E.30961
; printing object fidget-finger-massager-2000-roller_plain.stl id:4713352688601451214 copy 0
G1 E-.8 F1800
G1 X58.993 Y52.708 Z.6 F7200
G1 X59.288 Y54.653 Z.6
G1 Z.2
G1 E.8 F1800
;TYPE:Inner wall
;WIDTH:0.449999
G1 F1473.915
G1 X57.309 Y53.84 E.07241
G1 X60.83 Y45.34 E.31139
G1 X62.806 Y46.159 E.07241
G1 X59.303 Y54.616 E.30985
G1 X59.52 Y55.212 F7200
;TYPE:Outer wall
G1 F1473.915
G1 X56.749 Y54.073 E.10143
G1 X60.598 Y44.781 E.34044
G1 X63.366 Y45.927 E.10142
G1 X59.535 Y55.175 E.33883
G1 E-.8 F1800
G1 X62.011 Y47.956 Z.6 F7200
G1 X62.402 Y46.816 Z.6
G1 Z.2
G1 E.8 F1800
;TYPE:Bottom surface
;WIDTH:0.454361
G1 F1458.289
G1 X61.559 Y45.973 E.04077
G1 X60.995 Y45.739 E.0209
G1 X60.921 Y45.917 E.00658
G1 X62.091 Y47.087 E.05661
G1 X61.921 Y47.499 E.01524
G1 X60.751 Y46.329 E.05661
G1 X60.58 Y46.74 E.01524
G1 X61.75 Y47.91 E.05661
G1 X61.58 Y48.321 E.01524
G1 X60.41 Y47.151 E.05661
G1 X60.24 Y47.563 E.01524
G1 X61.41 Y48.733 E.05661
G1 X61.239 Y49.144 E.01524
G1 X60.069 Y47.974 E.05661
G1 X59.899 Y48.386 E.01524
G1 X61.069 Y49.556 E.05661
G1 X60.898 Y49.967 E.01524
G1 X59.728 Y48.797 E.05661
G1 X59.558 Y49.209 E.01524
G1 X60.728 Y50.379 E.05661
G1 X60.557 Y50.79 E.01524
G1 X59.387 Y49.62 E.05661
G1 X59.217 Y50.032 E.01524
G1 X60.387 Y51.202 E.05661
G1 X60.217 Y51.613 E.01524
G1 X59.047 Y50.443 E.05661
G1 X58.876 Y50.854 E.01524
G1 X60.046 Y52.024 E.05661
G1 X59.876 Y52.436 E.01524
G1 X58.706 Y51.266 E.05661
G1 X58.535 Y51.677 E.01524
G1 X59.705 Y52.847 E.05661
G1 X59.535 Y53.259 E.01524
G1 X58.365 Y52.089 E.05661
G1 X58.195 Y52.5 E.01524
G1 X59.365 Y53.67 E.05661
G1 X59.194 Y54.082 E.01524
G1 X58.024 Y52.912 E.05661
G1 X57.854 Y53.323 E.01524
G1 X58.887 Y54.357 E.05
; stop printing object fidget-finger-massager-2000-roller_plain.stl id:4713352688601451214 copy 0
M106 S252
;LAYER_CHANGE
;Z:0.4
;HEIGHT:0.2
G92 E0
;_SET_FAN_SPEED_CHANGING_LAYER
M204 S500
; printing object fidget-finger-massager-2000-roller_plain.stl id:4713352688601451214 copy 0
M204 S10000
G1 X59.268 Y54.77 Z.4 F7200
M204 S1500
;TYPE:Inner wall
;WIDTH:0.449999
G1 F1068
G1 X57.246 Y53.939 E.074
G1 X60.849 Y45.225 E.31916
G1 X62.869 Y46.06 E.074
G1 X59.283 Y54.733 E.31766
M204 S500
G1 X59.501 Y55.329 F7200
;TYPE:Outer wall
G1 F1068
G1 X56.686 Y54.172 E.10301
G1 X60.617 Y44.665 E.3482
G1 X63.429 Y45.828 E.10301
G1 X59.516 Y55.292 E.34665
M204 S10000
G1 E-.8 F1800
G1 X57.778 Y53.717 Z.8 F7200
G1 Z.4
M73 P1 R19
G1 E.8 F1800
M204 S500
;TYPE:Internal solid infill
G1 F1068
G1 X59.047 Y54.239 E.04644
G1 X62.337 Y46.281 E.29149
G1 X61.069 Y45.757 E.04644
G1 X57.794 Y53.68 E.29022
M204 S10000
G1 X58.452 Y53.252 F7200
M204 S500
;WIDTH:0.525371
G1 F1068
G1 X58.359 Y53.475 E.00969
G1 X58.806 Y53.659 E.01935
G1 X61.756 Y46.522 E.30981
G1 X61.311 Y46.338 E.01935
G1 X58.467 Y53.215 E.29855
; stop printing object fidget-finger-massager-2000-roller_plain.stl id:4713352688601451214 copy 0
;LAYER_CHANGE
;Z:0.6
;HEIGHT:0.2
G92 E0
;_SET_FAN_SPEED_CHANGING_LAYER
; printing object fidget-finger-massager-2000-roller_plain.stl id:4713352688601451214 copy 0
M204 S10000
G1 X59.224 Y54.877 Z.6 F7200
M204 S1500
;TYPE:Inner wall
;WIDTH:0.449999
G1 F1090
G1 X57.202 Y54.045 E.074
G1 X60.893 Y45.119 E.32694
G1 X62.913 Y45.954 E.074
G1 X59.239 Y54.84 E.32547
M204 S500
G1 X59.456 Y55.436 F7200
;TYPE:Outer wall
G1 F1090
G1 X56.642 Y54.278 E.10301
G1 X60.66 Y44.56 E.35597
G1 X63.473 Y45.722 E.10301
G1 X59.472 Y55.399 E.35446
M204 S10000
G1 E-.8 F1800
G1 X57.734 Y53.824 Z1 F7200
G1 Z.6
G1 E.8 F1800
M204 S500
;TYPE:Internal solid infill
G1 F1090
G1 X59.003 Y54.346 E.04644
G1 X62.381 Y46.175 E.29929
G1 X61.113 Y45.651 E.04644
G1 X57.749 Y53.787 E.298
M204 S10000
G1 X58.315 Y53.582 F7200
M204 S500
;WIDTH:0.525371
G1 F1090
G1 X58.762 Y53.766 E.01935
G1 X61.8 Y46.416 E.31904
G1 X61.354 Y46.232 E.01935
G1 X58.331 Y53.545 E.31747
; stop printing object fidget-finger-massager-2000-roller_plain.stl id:4713352688601451214 copy 0
;LAYER_CHANGE
;Z:0.8
;HEIGHT:0.2
G92 E0
;_SET_FAN_SPEED_CHANGING_LAYER
; printing object fidget-finger-massager-2000-roller_plain.stl id:4713352688601451214 copy 0
M204 S10000
G1 X59.18 Y54.984 Z.8 F7200
M204 S1500
;TYPE:Inner wall
;WIDTH:0.449999
G1 F850
G1 X57.158 Y54.152 E.074
G1 X60.936 Y45.014 E.33471
G1 X62.957 Y45.848 E.074
G1 X59.195 Y54.947 E.33328
M204 S500
G1 X59.412 Y55.543 F7200
;TYPE:Outer wall
G1 F850
G1 X56.598 Y54.385 E.10301
G1 X60.704 Y44.455 E.36373
G1 X63.517 Y45.615 E.10301
G1 X59.428 Y55.506 E.36228
M204 S10000
G1 X59.081 Y54.316 F7200
M204 S500
;TYPE:Sparse infill
;WIDTH:0.45
G1 F850
G1 X59.703 Y52.811 E.05512
G1 X58.56 Y51.667 E.05475
G1 X59.469 Y49.468 E.08056
G1 X60.613 Y50.612 E.05475
G1 X61.235 Y49.107 E.05512
M73 P2 R19
M204 S10000
G1 E-.8 F1800
G1 X61.001 Y45.764 Z1.2 F7200
G1 Z.8
G1 E.8 F1800
M204 S500
G1 F850
G1 X60.378 Y47.269 E.05512
G1 X61.522 Y48.412 E.05475
G1 X62.432 Y46.213 E.08056
G1 X62.078 Y45.859 E.01694
G1 X61.124 Y45.466 E.03492
G1 X61.001 Y45.764 E.01092
; stop printing object fidget-finger-massager-2000-roller_plain.stl id:4713352688601451214 copy 0
;LAYER_CHANGE
;Z:1
;HEIGHT:0.2
G92 E0
;_SET_FAN_SPEED_CHANGING_LAYER
; printing object fidget-finger-massager-2000-roller_plain.stl id:4713352688601451214 copy 0
M204 S10000
G1 E-.8 F1800
G1 X59.504 Y53.248 Z1.4 F7200
G1 X59.135 Y55.09 Z1.4
G1 Z1
G1 E.8 F1800
M204 S1500
;TYPE:Inner wall
;WIDTH:0.449999
G1 F880
G1 X57.114 Y54.259 E.074
G1 X60.982 Y44.904 E.34266
G1 X63.002 Y45.74 E.074
G1 X59.151 Y55.053 E.34112
M204 S500
G1 X59.368 Y55.649 F7200
;TYPE:Outer wall
G1 F880
G1 X56.554 Y54.492 E.10301
G1 X60.75 Y44.344 E.37171
G1 X63.561 Y45.508 E.10301
G1 X59.383 Y55.612 E.3701
M204 S10000
G1 X59.201 Y54.026 F7200
M204 S500
;TYPE:Sparse infill
;WIDTH:0.45
G1 F880
G1 X58.948 Y54.639 E.02246
G1 X58.055 Y54.272 E.03266
G1 X57.65 Y53.867 E.0194
G1 X58.56 Y51.667 E.08056
G1 X59.703 Y52.811 E.05475
G1 X60.613 Y50.612 E.08056
G1 X59.469 Y49.468 E.05475
G1 X60.378 Y47.269 E.08056
G1 X61.522 Y48.412 E.05475
G1 X62.432 Y46.213 E.08056
G1 X61.861 Y45.642 E.02733
G1 X61.169 Y45.356 E.02533
G1 X60.833 Y46.169 E.02979
; stop printing object fidget-finger-massager-2000-roller_plain.stl id:4713352688601451214 copy 0
;LAYER_CHANGE
;Z:1.2
;HEIGHT:0.2
G92 E0
;_SET_FAN_SPEED_CHANGING_LAYER
; printing object fidget-finger-massager-2000-roller_plain.stl id:4713352688601451214 copy 0
M204 S10000
G1 E-.8 F1800
G1 X59.387 Y53.663 Z1.6 F7200
G1 X59.091 Y55.197 Z1.6
G1 Z1.2
G1 E.8 F1800
M204 S1500
;TYPE:Inner wall
;WIDTH:0.449999
G1 F938
G1 X57.069 Y54.365 E.074
G1 X61.025 Y44.8 E.35036
G1 X63.046 Y45.634 E.074
G1 X59.107 Y55.16 E.34892
M204 S500
G1 X59.324 Y55.756 F7200
;TYPE:Outer wall
G1 F938
G1 X56.509 Y54.598 E.10301
G1 X60.792 Y44.241 E.37939
G1 X63.605 Y45.402 E.10301
G1 X59.339 Y55.719 E.37791
M204 S10000
G1 X59.263 Y53.876 F7200
M204 S500
;TYPE:Sparse infill
;WIDTH:0.45
G1 F938
G1 X58.904 Y54.746 E.03184
G1 X58.267 Y54.484 E.02328
G1 X57.65 Y53.867 E.02955
G1 X58.56 Y51.667 E.08056
G1 X59.703 Y52.811 E.05475
G1 X60.326 Y51.306 E.05512
M204 S10000
G1 E-.8 F1800
G1 X60.091 Y47.963 Z1.6 F7200
G1 Z1.2
G1 E.8 F1800
M204 S500
G1 F938
G1 X59.469 Y49.468 E.05512
G1 X60.613 Y50.612 E.05475
G1 X61.522 Y48.412 E.08056
G1 X60.378 Y47.269 E.05475
G1 X61.212 Y45.252 E.07387
G1 X61.652 Y45.433 E.01608
G1 X62.432 Y46.213 E.03734
G1 X61.809 Y47.718 E.05512
; stop printing object fidget-finger-massager-2000-roller_plain.stl id:4713352688601451214 copy 0
;LAYER_CHANGE
;Z:1.4
;HEIGHT:0.2
G92 E0
;_SET_FAN_SPEED_CHANGING_LAYER
; printing object fidget-finger-massager-2000-roller_plain.stl id:4713352688601451214 copy 0
M204 S10000
G1 E-.8 F1800
M73 P3 R19
G1 X59.198 Y54.89 Z1.8 F7200
G1 X59.047 Y55.304 Z1.8
G1 Z1.4
G1 E.8 F1800
M204 S1500
;TYPE:Inner wall
;WIDTH:0.449999
G1 F933
G1 X57.025 Y54.472 E.074
G1 X61.069 Y44.694 E.35816
G1 X63.09 Y45.528 E.074
G1 X59.062 Y55.267 E.35673
M204 S500
G1 X59.28 Y55.863 F7200
;TYPE:Outer wall
G1 F933
G1 X56.465 Y54.705 E.10301
G1 X60.836 Y44.135 E.38718
G1 X63.65 Y45.295 E.10301
G1 X59.295 Y55.826 E.38573
M204 S10000
G1 E-.8 F1800
G1 X59.325 Y53.727 Z1.8 F7200
G1 Z1.4
G1 E.8 F1800
M204 S500
;TYPE:Sparse infill
;WIDTH:0.45
G1 F933
G1 X58.859 Y54.852 E.04122
G1 X58.48 Y54.696 E.0139
G1 X57.65 Y53.867 E.03971
G1 X58.56 Y51.667 E.08056
G1 X59.703 Y52.811 E.05475
G1 X60.613 Y50.612 E.08056
G1 X59.469 Y49.468 E.05475
G1 X60.378 Y47.269 E.08056
G1 X61.522 Y48.413 E.05475
G1 X62.432 Y46.213 E.08056
G1 X61.44 Y45.221 E.04748
G1 X61.256 Y45.146 E.00672
G1 X60.71 Y46.467 E.0484
; stop printing object fidget-finger-massager-2000-roller_plain.stl id:4713352688601451214 copy 0
;LAYER_CHANGE
;Z:1.6
;HEIGHT:0.2
G92 E0
;_SET_FAN_SPEED_CHANGING_LAYER
; printing object fidget-finger-massager-2000-roller_plain.stl id:4713352688601451214 copy 0
M204 S10000
G1 E-.8 F1800
G1 X59.279 Y53.964 Z2 F7200
G1 X59.003 Y55.41 Z2
G1 Z1.6
G1 E.8 F1800
M204 S1500
;TYPE:Inner wall
;WIDTH:0.449999
G1 F981
G1 X56.981 Y54.579 E.074
G1 X61.113 Y44.588 E.36595
G1 X63.134 Y45.421 E.074
G1 X59.018 Y55.373 E.36455
M204 S500
G1 X59.235 Y55.969 F7200
;TYPE:Outer wall
G1 F981
G1 X56.421 Y54.812 E.10301
G1 X60.88 Y44.029 E.39497
G1 X63.694 Y45.188 E.10301
G1 X59.251 Y55.932 E.39355
M204 S10000
G1 E-.8 F1800
G1 X58.272 Y52.362 Z2 F7200
G1 Z1.6
G1 E.8 F1800
M204 S500
;TYPE:Sparse infill
;WIDTH:0.45
G1 F981
G1 X57.65 Y53.867 E.05512
G1 X58.692 Y54.908 E.04986
G1 X58.815 Y54.959 E.00452
G1 X59.703 Y52.811 E.07867
G1 X58.56 Y51.667 E.05475
G1 X59.469 Y49.468 E.08056
G1 X60.613 Y50.612 E.05475
G1 X61.235 Y49.107 E.05512
M204 S10000
G1 E-.8 F1800
G1 X61.001 Y45.764 Z2 F7200
G1 Z1.6
G1 E.8 F1800
M204 S500
G1 F981
G1 X60.378 Y47.269 E.05512
G1 X61.522 Y48.413 E.05475
G1 X62.432 Y46.213 E.08056
G1 X61.288 Y45.069 E.05475
G1 X61.001 Y45.764 E.02544
; stop printing object fidget-finger-massager-2000-roller_plain.stl id:4713352688601451214 copy 0
;LAYER_CHANGE
;Z:1.8
;HEIGHT:0.2
G92 E0
;_SET_FAN_SPEED_CHANGING_LAYER
; printing object fidget-finger-massager-2000-roller_plain.stl id:4713352688601451214 copy 0
M204 S10000
G1 E-.8 F1800
G1 X59.437 Y53.234 Z2.2 F7200
G1 X58.959 Y55.517 Z2.2
G1 Z1.8
G1 E.8 F1800
M204 S1500
;TYPE:Inner wall
;WIDTH:0.449999
G1 F966
G1 X56.937 Y54.685 E.074
G1 X61.159 Y44.477 E.37393
G1 X63.178 Y45.313 E.074
M73 P4 R19
G1 X58.974 Y55.48 E.37239
M204 S500
G1 X59.191 Y56.076 F7200
;TYPE:Outer wall
G1 F966
G1 X56.377 Y54.918 E.10301
G1 X60.926 Y43.917 E.40298
G1 X63.738 Y45.081 E.10301
G1 X59.207 Y56.039 E.40137
M204 S10000
G1 E-.8 F1800
G1 X58.272 Y52.362 Z2.2 F7200
G1 Z1.8
G1 E.8 F1800
M204 S500
;TYPE:Sparse infill
;WIDTH:0.45
G1 F966
G1 X57.65 Y53.867 E.05512
G1 X58.794 Y55.01 E.05475
G1 X59.703 Y52.811 E.08056
G1 X58.56 Y51.667 E.05475
G1 X59.469 Y49.468 E.08056
G1 X60.613 Y50.612 E.05475
G1 X61.522 Y48.413 E.08056
G1 X60.379 Y47.269 E.05475
G1 X61.288 Y45.069 E.08056
G1 X62.432 Y46.213 E.05475
G1 X62.726 Y45.501 E.0261
G1 X61.934 Y45.173 E.02902
; stop printing object fidget-finger-massager-2000-roller_plain.stl id:4713352688601451214 copy 0
;LAYER_CHANGE
;Z:2
;HEIGHT:0.2
G92 E0
;_SET_FAN_SPEED_CHANGING_LAYER
; printing object fidget-finger-massager-2000-roller_plain.stl id:4713352688601451214 copy 0
M204 S10000
G1 E-.8 F1800
G1 X59.816 Y52.505 Z2.4 F7200
G1 X58.915 Y55.624 Z2.4
G1 Z2
G1 E.8 F1800
M204 S1500
;TYPE:Inner wall
;WIDTH:0.449999
G1 F958
G1 X56.893 Y54.792 E.074
G1 X61.203 Y44.37 E.38175
G1 X63.223 Y45.207 E.074
G1 X58.93 Y55.587 E.38021
M204 S500
G1 X59.147 Y56.183 F7200
;TYPE:Outer wall
G1 F958
G1 X56.333 Y55.025 E.10301
G1 X60.971 Y43.81 E.41079
G1 X63.782 Y44.975 E.10301
G1 X59.162 Y56.146 E.40918
M204 S10000
G1 X58.113 Y54.92 F7200
M204 S500
;TYPE:Sparse infill
;WIDTH:0.45
G1 F958
G1 X57.345 Y54.604 E.0281
G1 X57.65 Y53.867 E.02701
G1 X58.794 Y55.01 E.05475
G1 X59.703 Y52.811 E.08056
G1 X58.56 Y51.667 E.05475
G1 X59.469 Y49.468 E.08056
G1 X60.613 Y50.612 E.05475
G1 X61.522 Y48.413 E.08056
G1 X60.379 Y47.269 E.05475
G1 X61.288 Y45.07 E.08056
G1 X62.432 Y46.213 E.05475
G1 X62.771 Y45.394 E.03001
G1 X62.085 Y45.11 E.02511
; stop printing object fidget-finger-massager-2000-roller_plain.stl id:4713352688601451214 copy 0
;LAYER_CHANGE
;Z:2.2
;HEIGHT:0.2
G92 E0
;_SET_FAN_SPEED_CHANGING_LAYER
; printing object fidget-finger-massager-2000-roller_plain.stl id:4713352688601451214 copy 0
M204 S10000
G1 E-.8 F1800
G1 X59.874 Y52.415 Z2.6 F7200
G1 X58.87 Y55.73 Z2.6
G1 Z2.2
G1 E.8 F1800
M204 S1500
;TYPE:Inner wall
;WIDTH:0.449999
G1 F983
G1 X56.849 Y54.899 E.074
G1 X61.245 Y44.268 E.38941
G1 X63.266 Y45.101 E.074
G1 X58.886 Y55.693 E.388
M204 S500
G1 X59.103 Y56.289 F7200
M73 P5 R18
;TYPE:Outer wall
G1 F983
G1 X56.288 Y55.132 E.10301
G1 X61.013 Y43.708 E.41843
G1 X63.826 Y44.868 E.10301
G1 X59.118 Y56.252 E.417
M204 S10000
G1 E-.8 F1800
G1 X57.577 Y54.824 Z2.6 F7200
G1 Z2.2
G1 E.8 F1800
M204 S500
;TYPE:Sparse infill
;WIDTH:0.45
G1 F983
G1 X58.683 Y55.279 E.04045
G1 X58.848 Y54.879 E.01466
G1 X57.669 Y54.246 E.04528
G1 X57.545 Y54.121 E.00597
G1 X58.577 Y51.624 E.09145
G1 X59.224 Y51.972 E.02484
G1 X59.584 Y52.332 E.01723
G1 X59.763 Y52.666 E.01285
G1 X60.508 Y50.866 E.06592
G1 X60.418 Y50.777 E.00427
G1 X59.574 Y49.213 E.06015
G1 X60.302 Y47.453 E.06449
G1 X60.418 Y47.668 E.00829
G1 X60.778 Y48.028 E.01723
G1 X61.517 Y48.425 E.02839
G1 X62.537 Y45.959 E.09034
G1 X62.333 Y45.754 E.00979
G1 X61.246 Y45.171 E.04174
G1 X61.433 Y44.719 E.01654
G1 X62.487 Y45.154 E.03858
; stop printing object fidget-finger-massager-2000-roller_plain.stl id:4713352688601451214 copy 0
;LAYER_CHANGE
;Z:2.4
;HEIGHT:0.2
G92 E0
;_SET_FAN_SPEED_CHANGING_LAYER
; printing object fidget-finger-massager-2000-roller_plain.stl id:4713352688601451214 copy 0
M204 S10000
G1 E-.8 F1800
G1 X60.013 Y52.374 Z2.8 F7200
G1 X58.826 Y55.837 Z2.8
G1 Z2.4
G1 E.8 F1800
M204 S1500
;TYPE:Inner wall
;WIDTH:0.449999
G1 F978
G1 X56.804 Y55.006 E.074
G1 X61.289 Y44.161 E.39721
G1 X63.311 Y44.994 E.074
G1 X58.841 Y55.8 E.39581
M204 S500
G1 X59.059 Y56.396 F7200
;TYPE:Outer wall
G1 F978
G1 X56.244 Y55.239 E.10301
G1 X61.057 Y43.602 E.42623
G1 X63.871 Y44.761 E.10301
G1 X59.074 Y56.359 E.42481
M204 S10000
G1 X57.817 Y55.048 F7200
M204 S500
;TYPE:Sparse infill
;WIDTH:0.45
G1 F978
G1 X58.638 Y55.386 E.03008
G1 X58.921 Y54.702 E.02504
G1 X57.669 Y54.599 E.04251
G1 X57.441 Y54.371 E.01093
G1 X58.601 Y51.567 E.10271
G1 X59.224 Y51.618 E.02116
G1 X59.912 Y52.306 E.03294
G1 X60.404 Y51.117 E.04358
G1 X60.065 Y50.777 E.01624
G1 X59.937 Y49.223 E.05279
G1 X59.678 Y48.963 E.01242
G1 X60.17 Y47.774 E.04358
G1 X60.778 Y48.382 E.02912
G1 X61.51 Y48.442 E.02486
G1 X62.641 Y45.709 E.10012
G1 X62.333 Y45.401 E.01475
G1 X61.19 Y45.307 E.03881
G1 X61.477 Y44.613 E.02542
G1 X62.288 Y44.947 E.0297
; stop printing object fidget-finger-massager-2000-roller_plain.stl id:4713352688601451214 copy 0
;LAYER_CHANGE
;Z:2.6
;HEIGHT:0.2
G92 E0
;_SET_FAN_SPEED_CHANGING_LAYER
; printing object fidget-finger-massager-2000-roller_plain.stl id:4713352688601451214 copy 0
M204 S10000
G1 E-.8 F1800
G1 X59.97 Y52.219 Z3 F7200
G1 X58.782 Y55.944 Z3
G1 Z2.6
G1 E.8 F1800
M204 S1500
;TYPE:Inner wall
;WIDTH:0.449999
G1 F994
G1 X56.76 Y55.112 E.074
G1 X61.335 Y44.05 E.4052
G1 X63.355 Y44.887 E.074
G1 X58.797 Y55.907 E.40366
M204 S500
G1 X59.015 Y56.503 F7200
;TYPE:Outer wall
G1 F994
G1 X56.2 Y55.345 E.10301
G1 X61.103 Y43.49 E.43424
G1 X63.915 Y44.655 E.10301
M73 P6 R18
G1 X59.03 Y56.466 E.43263
M204 S10000
G1 E-.8 F1800
G1 X59.554 Y53.172 Z3 F7200
G1 Z2.6
G1 E.8 F1800
M204 S500
;TYPE:Sparse infill
;WIDTH:0.45
G1 F994
G1 X58.932 Y54.676 E.05512
G1 X57.669 Y54.642 E.04274
G1 X57.336 Y54.975 E.01594
G1 X57.212 Y54.924 E.00454
G1 X58.604 Y51.559 E.12327
G1 X59.224 Y51.575 E.02098
G1 X60.022 Y50.777 E.03821
G1 X59.98 Y49.223 E.05263
G1 X60.778 Y48.425 E.03821
G1 X61.509 Y48.444 E.02475
G1 X62.903 Y45.074 E.12345
G1 X62.7 Y44.99 E.00743
G1 X62.333 Y45.358 E.01761
G1 X61.182 Y45.327 E.03897
G1 X60.56 Y46.831 E.05512
; stop printing object fidget-finger-massager-2000-roller_plain.stl id:4713352688601451214 copy 0
;LAYER_CHANGE
;Z:2.8
;HEIGHT:0.2
G92 E0
;_SET_FAN_SPEED_CHANGING_LAYER
; printing object fidget-finger-massager-2000-roller_plain.stl id:4713352688601451214 copy 0
M204 S10000
G1 E-.8 F1800
G1 X59.08 Y54.319 Z3.2 F7200
G1 X58.738 Y56.05 Z3.2
G1 Z2.8
G1 E.8 F1800
M204 S1500
;TYPE:Inner wall
;WIDTH:0.449999
G1 F1006
G1 X56.716 Y55.219 E.074
G1 X61.38 Y43.943 E.41301
G1 X63.399 Y44.78 E.074
G1 X58.753 Y56.013 E.41148
M204 S500
G1 X58.97 Y56.609 F7200
;TYPE:Outer wall
G1 F1006
G1 X56.156 Y55.452 E.10301
G1 X61.147 Y43.383 E.44206
G1 X63.959 Y44.548 E.10301
G1 X58.986 Y56.572 E.44045
M204 S10000
G1 E-.8 F1800
G1 X59.665 Y52.903 Z3.2 F7200
G1 Z2.8
G1 E.8 F1800
M204 S500
;TYPE:Sparse infill
;WIDTH:0.45
G1 F1006
G1 X59.043 Y54.408 E.05512
G1 X57.669 Y54.996 E.05056
G1 X57.499 Y55.167 E.00818
G1 X57.168 Y55.031 E.01209
G1 X58.64 Y51.471 E.13037
G1 X59.224 Y51.222 E.02148
G1 X59.668 Y50.777 E.02129
G1 X60.334 Y49.223 E.05723
G1 X60.778 Y48.778 E.02129
G1 X61.499 Y48.47 E.02653
G1 X62.947 Y44.967 E.12829
G1 X62.539 Y44.798 E.01497
G1 X62.333 Y45.004 E.00987
G1 X61.096 Y45.533 E.04551
G1 X60.474 Y47.038 E.05512
; stop printing object fidget-finger-massager-2000-roller_plain.stl id:4713352688601451214 copy 0
;LAYER_CHANGE
;Z:3
;HEIGHT:0.2
G92 E0
;_SET_FAN_SPEED_CHANGING_LAYER
; printing object fidget-finger-massager-2000-roller_plain.stl id:4713352688601451214 copy 0
M204 S10000
G1 E-.8 F1800
G1 X59.012 Y54.529 Z3.4 F7200
G1 X58.694 Y56.157 Z3.4
G1 Z3
G1 E.8 F1800
M204 S1500
;TYPE:Inner wall
;WIDTH:0.449999
G1 F1036
G1 X56.672 Y55.326 E.074
G1 X61.424 Y43.837 E.42083
G1 X63.443 Y44.673 E.074
G1 X58.709 Y56.12 E.41929
M204 S500
G1 X58.926 Y56.716 F7200
;TYPE:Outer wall
G1 F1036
G1 X56.112 Y55.559 E.10301
G1 X61.192 Y43.277 E.44988
G1 X64.003 Y44.441 E.10301
G1 X58.941 Y56.679 E.44827
M73 P7 R18
M204 S10000
G1 E-.8 F1800
G1 X59.905 Y52.322 Z3.4 F7200
G1 Z3
G1 E.8 F1800
M204 S500
;TYPE:Sparse infill
;WIDTH:0.45
G1 F1036
G1 X59.283 Y53.827 E.05512
G1 X57.725 Y55.385 E.07458
G1 X57.124 Y55.137 E.022
G1 X58.719 Y51.282 E.14121
G1 X61.476 Y48.525 E.13199
G1 X62.992 Y44.861 E.13423
G1 X62.313 Y44.58 E.02487
G1 X60.911 Y45.981 E.06708
G1 X60.289 Y47.486 E.05512
; stop printing object fidget-finger-massager-2000-roller_plain.stl id:4713352688601451214 copy 0
;LAYER_CHANGE
;Z:3.2
;HEIGHT:0.2
G92 E0
;_SET_FAN_SPEED_CHANGING_LAYER
; printing object fidget-finger-massager-2000-roller_plain.stl id:4713352688601451214 copy 0
M204 S10000
G1 E-.8 F1800
G1 X58.888 Y54.988 Z3.6 F7200
G1 X58.649 Y56.264 Z3.6
G1 Z3.2
G1 E.8 F1800
M204 S1500
;TYPE:Inner wall
;WIDTH:0.449999
G1 F1052
G1 X56.628 Y55.432 E.074
G1 X61.466 Y43.735 E.42848
G1 X63.487 Y44.568 E.074
G1 X58.665 Y56.227 E.42708
M204 S500
G1 X58.882 Y56.823 F7200
;TYPE:Outer wall
G1 F1052
G1 X56.068 Y55.665 E.10301
G1 X61.234 Y43.176 E.4575
G1 X64.047 Y44.335 E.10301
G1 X58.897 Y56.786 E.45608
M204 S10000
G1 E-.8 F1800
G1 X59.905 Y52.322 Z3.6 F7200
G1 Z3.2
G1 E.8 F1800
M204 S500
;TYPE:Sparse infill
;WIDTH:0.45
G1 F1052
G1 X59.283 Y53.827 E.05512
G1 X57.637 Y55.473 E.07881
G1 X57.08 Y55.244 E.02038
G1 X58.719 Y51.282 E.14511
G1 X61.476 Y48.525 E.132
G1 X63.035 Y44.755 E.13808
G1 X62.399 Y44.493 E.02329
G1 X60.911 Y45.981 E.0712
G1 X60.289 Y47.486 E.05512
; stop printing object fidget-finger-massager-2000-roller_plain.stl id:4713352688601451214 copy 0
;LAYER_CHANGE
;Z:3.4
;HEIGHT:0.2
G92 E0
;_SET_FAN_SPEED_CHANGING_LAYER
; printing object fidget-finger-massager-2000-roller_plain.stl id:4713352688601451214 copy 0
M204 S10000
G1 E-.8 F1800
G1 X58.868 Y54.984 Z3.8 F7200
G1 X58.605 Y56.37 Z3.8
G1 Z3.4
G1 E.8 F1800
M204 S1500
;TYPE:Inner wall
;WIDTH:0.449999
G1 F1069
G1 X56.583 Y55.539 E.074
G1 X61.512 Y43.623 E.43647
G1 X63.532 Y44.46 E.074
G1 X58.621 Y56.334 E.43493
M204 S500
G1 X58.838 Y56.929 F7200
;TYPE:Outer wall
G1 F1069
G1 X56.023 Y55.772 E.10301
G1 X61.28 Y43.063 E.46551
G1 X64.092 Y44.228 E.10301
G1 X58.853 Y56.893 E.4639
M204 S10000
G1 E-.8 F1800
G1 X59.905 Y52.322 Z3.8 F7200
G1 Z3.4
M73 P8 R18
G1 E.8 F1800
M204 S500
;TYPE:Sparse infill
;WIDTH:0.45
G1 F1069
G1 X59.283 Y53.827 E.05512
G1 X57.548 Y55.562 E.08304
G1 X57.036 Y55.351 E.01876
G1 X58.719 Y51.283 E.14902
G1 X61.476 Y48.525 E.132
G1 X63.08 Y44.647 E.14204
G1 X62.489 Y44.403 E.02163
G1 X60.912 Y45.981 E.07554
G1 X60.289 Y47.485 E.05512
; stop printing object fidget-finger-massager-2000-roller_plain.stl id:4713352688601451214 copy 0
;LAYER_CHANGE
;Z:3.6
;HEIGHT:0.2
G92 E0
;_SET_FAN_SPEED_CHANGING_LAYER
; printing object fidget-finger-massager-2000-roller_plain.stl id:4713352688601451214 copy 0
M204 S10000
G1 E-.8 F1800
G1 X58.849 Y54.981 Z4 F7200
G1 X58.561 Y56.477 Z4
G1 Z3.6
G1 E.8 F1800
M204 S1500
;TYPE:Inner wall
;WIDTH:0.449999
G1 F1085
G1 X56.539 Y55.646 E.074
G1 X61.556 Y43.517 E.44428
G1 X63.576 Y44.353 E.074
G1 X58.576 Y56.44 E.44274
M204 S500
G1 X58.794 Y57.036 F7200
;TYPE:Outer wall
G1 F1085
G1 X55.979 Y55.879 E.10301
G1 X61.324 Y42.957 E.47333
G1 X64.136 Y44.121 E.10301
G1 X58.809 Y56.999 E.47172
M204 S10000
G1 E-.8 F1800
G1 X59.905 Y52.322 Z4 F7200
G1 Z3.6
G1 E.8 F1800
M204 S500
;TYPE:Sparse infill
;WIDTH:0.45
G1 F1085
G1 X59.283 Y53.827 E.05512
G1 X57.46 Y55.65 E.08727
G1 X56.992 Y55.457 E.01714
G1 X58.718 Y51.283 E.15293
G1 X61.476 Y48.525 E.132
G1 X63.124 Y44.541 E.14595
G1 X62.578 Y44.314 E.02001
G1 X60.912 Y45.981 E.07976
G1 X60.289 Y47.485 E.05512
; stop printing object fidget-finger-massager-2000-roller_plain.stl id:4713352688601451214 copy 0
;LAYER_CHANGE
;Z:3.8
;HEIGHT:0.2
G92 E0
;_SET_FAN_SPEED_CHANGING_LAYER
; printing object fidget-finger-massager-2000-roller_plain.stl id:4713352688601451214 copy 0
M204 S10000
G1 E-.8 F1800
G1 X58.83 Y54.977 Z4.2 F7200
G1 X58.517 Y56.584 Z4.2
G1 Z3.8
G1 E.8 F1800
M204 S1500
;TYPE:Inner wall
;WIDTH:0.449999
G1 F1101
G1 X56.495 Y55.752 E.074
G1 X61.6 Y43.41 E.4521
G1 X63.62 Y44.247 E.074
G1 X58.532 Y56.547 E.45056
M204 S500
G1 X58.749 Y57.143 F7200
;TYPE:Outer wall
G1 F1101
G1 X55.935 Y55.985 E.10301
G1 X61.368 Y42.85 E.48115
G1 X64.18 Y44.015 E.10301
G1 X58.765 Y57.106 E.47954
M204 S10000
G1 E-.8 F1800
G1 X59.905 Y52.322 Z4.2 F7200
G1 Z3.8
G1 E.8 F1800
M204 S500
;TYPE:Sparse infill
;WIDTH:0.45
G1 F1101
G1 X59.283 Y53.827 E.05512
G1 X57.371 Y55.739 E.09151
G1 X56.947 Y55.564 E.01552
G1 X58.718 Y51.283 E.15684
G1 X61.476 Y48.525 E.132
G1 X63.168 Y44.434 E.14986
M73 P9 R18
G1 X62.666 Y44.226 E.01839
G1 X60.912 Y45.981 E.08399
G1 X60.289 Y47.485 E.05512
; stop printing object fidget-finger-massager-2000-roller_plain.stl id:4713352688601451214 copy 0
;LAYER_CHANGE
;Z:4
;HEIGHT:0.2
G92 E0
;_SET_FAN_SPEED_CHANGING_LAYER
; printing object fidget-finger-massager-2000-roller_plain.stl id:4713352688601451214 copy 0
M204 S10000
G1 E-.8 F1800
G1 X62.674 Y51.715 Z4.4 F7200
G1 Z4
G1 E.8 F1800
M204 S250
;TYPE:Overhang wall
;WIDTH:0.449999
G1 F1473.915
M106 S255
G1 X63.344 Y49.934 E.06441
G1 X63.961 Y50.007 E.02105
G1 X63.961 Y51.866 E.06294
G1 X63.345 Y51.812 E.02094
G1 X62.713 Y51.721 E.02161
M204 S10000
G1 X62.093 Y52.041 F7200
M204 S250
G1 F1473.915
G1 X63.064 Y49.459 E.09336
G1 X63.771 Y49.564 E.02419
G1 X64.39 Y49.609 E.02098
G1 X64.39 Y52.326 E.09199
G1 X63.468 Y52.261 E.03127
G1 X62.693 Y52.155 E.02648
G1 X62.133 Y52.048 E.01931
M204 S10000
G1 E-.8 F1800
G1 X63.644 Y50.142 Z4.4 F7200
G1 Z4
G1 E.8 F1800
M204 S250
;TYPE:Bridge
;WIDTH:0.45
G1 F1473.913
G1 X63.157 Y51.437 E.04682
G1 X63.572 Y51.492 E.01414
G1 X63.798 Y50.889 E.02181
M204 S10000
G1 E-.8 F1800
G1 X56.995 Y49.363 Z4.4 F7200
G1 Z4
G1 E.8 F1800
M204 S250
;TYPE:Overhang wall
;WIDTH:0.449999
G1 F1473.915
G1 X56.451 Y48.956 E.02296
G1 X55.973 Y48.563 E.02095
G1 X57.292 Y47.245 E.06311
G1 X57.781 Y47.629 E.02105
G1 X57.011 Y49.326 E.06306
M204 S10000
G1 X57.175 Y50.003 F7200
M204 S250
G1 F1473.915
G1 X56.659 Y49.652 E.02111
G1 X56.028 Y49.172 E.02684
G1 X55.344 Y48.587 E.03049
G1 X57.271 Y46.66 E.09224
G1 X57.793 Y47.105 E.02323
G1 X58.314 Y47.491 E.02194
G1 X57.191 Y49.967 E.09201
M204 S10000
G1 X56.688 Y48.927 F7200
M204 S250
;TYPE:Bridge
;WIDTH:0.45
G1 F1473.913
G1 X57.336 Y47.499 E.05306
M204 S10000
G1 E-.8 F1800
G1 X58.273 Y55.074 Z4.4 F7200
G1 X58.473 Y56.691 Z4.4
G1 Z4
G1 E.8 F1800
M204 S1500
;TYPE:Inner wall
;WIDTH:0.449999
G1 F1473.915
M106 S252
G1 X56.451 Y55.859 E.074
G1 X61.645 Y43.303 E.45992
G1 X63.664 Y44.14 E.074
G1 X58.488 Y56.654 E.45838
M204 S500
G1 X58.705 Y57.25 F7200
;TYPE:Outer wall
G1 F1473.915
G1 X55.891 Y56.092 E.10301
G1 X61.413 Y42.743 E.48896
G1 X64.224 Y43.908 E.10301
G1 X58.721 Y57.213 E.48735
M204 S10000
G1 E-.8 F1800
G1 X59.905 Y52.322 Z4.4 F7200
G1 Z4
G1 E.8 F1800
M204 S500
;TYPE:Sparse infill
;WIDTH:0.45
G1 F1473.913
G1 X59.283 Y53.827 E.05512
G1 X57.283 Y55.827 E.09574
G1 X56.903 Y55.671 E.01389
G1 X58.718 Y51.283 E.16074
G1 X61.476 Y48.525 E.132
G1 X63.212 Y44.327 E.15376
G1 X62.755 Y44.138 E.01677
G1 X60.912 Y45.981 E.08822
G1 X60.289 Y47.485 E.05512
; stop printing object fidget-finger-massager-2000-roller_plain.stl id:4713352688601451214 copy 0
M106 S250
;LAYER_CHANGE
;Z:4.2
;HEIGHT:0.2
G92 E0
;_SET_FAN_SPEED_CHANGING_LAYER
; printing object fidget-finger-massager-2000-roller_plain.stl id:4713352688601451214 copy 0
M204 S10000
G1 E-.8 F1800
G1 X63.208 Y49.698 Z4.6 F7200
G1 Z4.2
G1 E.8 F1800
M204 S1500
;TYPE:Inner wall
;WIDTH:0.449999
G1 F1473.915
G1 X64.173 Y49.816 E.0329
G1 X64.172 Y52.099 E.07727
G1 X63.319 Y52.02 E.02901
G1 X62.395 Y51.874 E.03165
G1 X63.194 Y49.735 E.07727
M204 S500
G1 X62.929 Y49.22 F7200
;TYPE:Outer wall
G1 F1473.915
G1 X63.793 Y49.355 E.02959
G1 X64.601 Y49.412 E.02744
G1 X64.601 Y52.548 E.10615
G1 X64.232 Y52.534 E.0125
G1 X63.26 Y52.444 E.03301
G1 X62.64 Y52.358 E.0212
G1 X61.818 Y52.193 E.02837
G1 X62.915 Y49.257 E.10609
M204 S10000
G1 E-.8 F1800
G1 X63.047 Y51.491 Z4.6 F7200
G1 Z4.2
G1 E.8 F1800
M204 S500
;TYPE:Internal solid infill
;WIDTH:0.588453
G1 F1099.842
G1 X63.696 Y51.57 E.02967
G1 X63.696 Y50.244 E.06014
G1 X63.52 Y50.222 E.00803
G1 X63.061 Y51.453 E.05962
M204 S10000
G1 E-.8 F1800
G1 X57.082 Y49.666 Z4.6 F7200
G1 Z4.2
G1 E.8 F1800
M204 S1500
;TYPE:Inner wall
;WIDTH:0.449999
G1 F1473.915
G1 X56.793 Y49.478 E.01168
G1 X56.183 Y49.016 E.02591
G1 X55.664 Y48.575 E.02306
G1 X57.283 Y46.955 E.07753
G1 X57.621 Y47.251 E.0152
G1 X58.039 Y47.568 E.01778
G1 X57.099 Y49.63 E.07671
M204 S500
G1 X57.265 Y50.297 F7200
;TYPE:Outer wall
G1 F1473.915
G1 X56.526 Y49.813 E.02992
G1 X55.893 Y49.332 E.02692
G1 X55.043 Y48.589 E.03819
G1 X57.264 Y46.367 E.10634
G1 X57.926 Y46.944 E.0297
G1 X58.577 Y47.422 E.02734
G1 X57.282 Y50.261 E.10559
M204 S10000
G1 X56.887 Y48.945 F7200
M204 S500
;TYPE:Internal solid infill
;WIDTH:0.590581
G1 F1095.568
G1 X57.449 Y47.712 E.06171
G1 X57.312 Y47.601 E.00802
G1 X56.367 Y48.546 E.06082
G1 X56.855 Y48.92 E.02799
M204 S10000
G1 E-.8 F1800
G1 X58.35 Y56.405 Z4.6 F7200
G1 X58.429 Y56.797 Z4.6
G1 Z4.2
G1 E.8 F1800
M204 S1500
;TYPE:Inner wall
;WIDTH:0.449999
G1 F1473.915
G1 X56.407 Y55.966 E.074
G1 X61.689 Y43.197 E.46773
G1 X63.709 Y44.033 E.074
M73 P10 R17
G1 X58.444 Y56.76 E.4662
M204 S500
G1 X58.661 Y57.356 F7200
;TYPE:Outer wall
G1 F1473.915
G1 X55.847 Y56.199 E.10301
G1 X61.457 Y42.637 E.49678
G1 X64.268 Y43.801 E.10301
G1 X58.676 Y57.319 E.49517
M204 S10000
G1 E-.8 F1800
G1 X59.905 Y52.322 Z4.6 F7200
G1 Z4.2
G1 E.8 F1800
M204 S500
;TYPE:Sparse infill
;WIDTH:0.45
G1 F1473.913
G1 X59.283 Y53.827 E.05512
G1 X57.194 Y55.915 E.09997
G1 X56.859 Y55.778 E.01227
G1 X58.718 Y51.283 E.16465
G1 X61.476 Y48.525 E.13201
G1 X63.257 Y44.221 E.15767
G1 X62.843 Y44.049 E.01516
G1 X60.912 Y45.981 E.09245
G1 X60.289 Y47.485 E.05512
; stop printing object fidget-finger-massager-2000-roller_plain.stl id:4713352688601451214 copy 0
M106 S247
;LAYER_CHANGE
;Z:4.4
;HEIGHT:0.2
G92 E0
;_SET_FAN_SPEED_CHANGING_LAYER
; printing object fidget-finger-massager-2000-roller_plain.stl id:4713352688601451214 copy 0
M204 S10000
G1 E-.8 F1800
G1 X63.131 Y49.563 Z4.8 F7200
G1 Z4.4
G1 E.8 F1800
M204 S1500
;TYPE:Inner wall
;WIDTH:0.449999
G1 F1473.915
G1 X63.77 Y49.665 E.02191
G1 X64.291 Y49.707 E.01767
G1 X64.29 Y52.193 E.08413
G1 X64.256 Y52.225 E.00159
G1 X63.302 Y52.137 E.03243
G1 X62.233 Y51.965 E.03665
G1 X63.117 Y49.6 E.08547
M204 S500
G1 X62.853 Y49.083 F7200
;TYPE:Outer wall
G1 F1473.915
G1 X63.805 Y49.238 E.03266
G1 X64.719 Y49.296 E.031
G1 X64.719 Y52.668 E.11415
G1 X64.221 Y52.652 E.01687
G1 X63.244 Y52.561 E.03322
G1 X62.619 Y52.475 E.02134
G1 X61.661 Y52.27 E.03316
G1 X62.839 Y49.121 E.11382
M204 S10000
G1 E-.8 F1800
G1 X62.787 Y51.646 Z4.8 F7200
G1 Z4.4
G1 E.8 F1800
M204 S500
;TYPE:Internal solid infill
G1 F1473.915
G1 X63.526 Y51.756 E.0253
G1 X63.883 Y51.786 E.01214
G1 X63.883 Y50.074 E.05793
G1 X63.397 Y50.013 E.01658
G1 X62.801 Y51.609 E.05767
M204 S10000
G1 X63.453 Y51.217 F7200
M204 S500
;WIDTH:0.56159
G1 F1156.805
G1 X63.388 Y51.217 E.0028
G1 X63.356 Y51.273 E.0028
G1 X63.388 Y51.329 E.0028
G1 X63.453 Y51.329 E.0028
G1 X63.465 Y51.307 E.00107
M204 S10000
G1 E-.8 F1800
G1 X57.13 Y49.852 Z4.8 F7200
G1 Z4.4
G1 E.8 F1800
M204 S1500
;TYPE:Inner wall
;WIDTH:0.449999
G1 F1473.915
G1 X56.721 Y49.573 E.01673
G1 X56.094 Y49.095 E.0267
G1 X55.49 Y48.581 E.02683
G1 X57.28 Y46.791 E.08566
G1 X57.739 Y47.192 E.02062
G1 X58.187 Y47.531 E.01904
G1 X57.146 Y49.815 E.08496
M204 S500
G1 X57.318 Y50.471 F7200
;TYPE:Outer wall
G1 F1473.915
G1 X57.011 Y50.29 E.01208
G1 X56.462 Y49.914 E.0225
G1 X55.816 Y49.422 E.02749
G1 X54.874 Y48.591 E.04252
G1 X57.263 Y46.202 E.11433
G1 X57.998 Y46.85 E.03317
G1 X58.727 Y47.38 E.0305
G1 X57.335 Y50.435 E.11365
M204 S10000
G1 X56.964 Y49.234 F7200
M204 S500
;TYPE:Internal solid infill
G1 F1473.915
G1 X57.684 Y47.654 E.05877
G1 X57.302 Y47.345 E.01663
G1 X56.089 Y48.557 E.05805
G1 X56.504 Y48.894 E.01808
G1 X56.931 Y49.21 E.018
M204 S10000
G1 X56.812 Y48.466 F7200
M204 S500
;WIDTH:0.5616
G1 F1156.783
G1 X56.747 Y48.466 E.0028
G1 X56.715 Y48.522 E.0028
G1 X56.747 Y48.578 E.0028
G1 X56.812 Y48.578 E.0028
G1 X56.824 Y48.557 E.00107
M204 S10000
G1 E-.8 F1800
G1 X58.226 Y56.059 Z4.8 F7200
G1 X58.384 Y56.904 Z4.8
G1 Z4.4
G1 E.8 F1800
M204 S1500
;TYPE:Inner wall
;WIDTH:0.449999
G1 F1473.915
G1 X56.363 Y56.072 E.074
G1 X61.733 Y43.09 E.47555
G1 X63.753 Y43.927 E.074
G1 X58.4 Y56.867 E.47401
M204 S500
G1 X58.617 Y57.463 F7200
;TYPE:Outer wall
G1 F1473.915
G1 X55.802 Y56.305 E.10301
G1 X61.501 Y42.53 E.5046
G1 X64.313 Y43.695 E.10301
G1 X58.632 Y57.426 E.50299
M204 S10000
G1 E-.8 F1800
G1 X59.756 Y52.682 Z4.8 F7200
G1 Z4.4
G1 E.8 F1800
M204 S500
;TYPE:Sparse infill
;WIDTH:0.45
G1 F1473.913
G1 X59.134 Y54.186 E.05512
G1 X57.669 Y55.202 E.06033
G1 X57.431 Y55.44 E.0114
G1 X57.055 Y55.983 E.02235
G1 X56.815 Y55.884 E.00879
G1 X58.67 Y51.399 E.16428
G1 X59.224 Y51.015 E.02281
G1 X59.462 Y50.777 E.0114
G1 X60.54 Y49.223 E.06403
G1 X60.778 Y48.985 E.0114
G1 X61.49 Y48.491 E.02933
G1 X63.301 Y44.114 E.16033
G1 X62.974 Y43.979 E.01198
G1 X62.571 Y44.56 E.02394
G1 X62.333 Y44.798 E.0114
G1 X61.026 Y45.704 E.05381
G1 X60.404 Y47.208 E.05512
; stop printing object fidget-finger-massager-2000-roller_plain.stl id:4713352688601451214 copy 0
;LAYER_CHANGE
;Z:4.6
;HEIGHT:0.2
G92 E0
;_SET_FAN_SPEED_CHANGING_LAYER
; printing object fidget-finger-massager-2000-roller_plain.stl id:4713352688601451214 copy 0
M204 S10000
G1 E-.8 F1800
M73 P11 R17
G1 X63.09 Y49.488 Z5 F7200
G1 Z4.6
G1 E.8 F1800
M204 S1500
;TYPE:Inner wall
;WIDTH:0.449999
G1 F1473.915
G1 X63.777 Y49.599 E.02358
G1 X64.356 Y49.646 E.01965
G1 X64.356 Y52.294 E.08963
G1 X63.473 Y52.227 E.02996
G1 X62.699 Y52.121 E.02646
G1 X62.146 Y52.015 E.01904
G1 X63.076 Y49.525 E.08996
M204 S500
G1 X62.811 Y49.008 F7200
;TYPE:Outer wall
G1 F1473.915
G1 X63.813 Y49.172 E.03434
G1 X64.785 Y49.231 E.03296
G1 X64.784 Y52.735 E.1186
G1 X64.214 Y52.718 E.0193
G1 X63.235 Y52.627 E.03328
G1 X62.606 Y52.54 E.0215
G1 X61.577 Y52.315 E.03566
G1 X62.797 Y49.045 E.11814
M204 S10000
G1 E-.8 F1800
G1 X62.696 Y51.706 Z5 F7200
G1 Z4.6
G1 E.8 F1800
M204 S500
;TYPE:Internal solid infill
G1 F1473.915
G1 X63.349 Y51.799 E.02231
G1 X63.949 Y51.858 E.02041
G1 X63.949 Y50.013 E.06244
G1 X63.356 Y49.938 E.02022
G1 X62.71 Y51.669 E.06253
M204 S10000
G1 X63.197 Y51.409 F7200
M204 S500
;WIDTH:0.367627
G1 F1847.82
G1 X63.583 Y51.461 E.0105
G1 X63.583 Y50.377 E.02927
G1 X63.211 Y51.372 E.02868
M204 S10000
G1 E-.8 F1800
G1 X57.156 Y49.948 Z5 F7200
G1 Z4.6
G1 E.8 F1800
M204 S1500
;TYPE:Inner wall
;WIDTH:0.449999
G1 F1473.915
G1 X56.68 Y49.625 E.01946
G1 X56.051 Y49.146 E.02678
G1 X55.396 Y48.583 E.02923
G1 X57.279 Y46.7 E.09013
G1 X57.779 Y47.138 E.02251
G1 X58.269 Y47.507 E.02078
G1 X57.172 Y49.912 E.08945
M204 S500
G1 X57.346 Y50.563 F7200
;TYPE:Outer wall
G1 F1473.915
G1 X57.103 Y50.43 E.00939
G1 X56.44 Y49.98 E.0271
G1 X55.799 Y49.494 E.02724
G1 X55.185 Y48.974 E.02723
G1 X54.781 Y48.592 E.01883
G1 X57.262 Y46.11 E.11877
G1 X58.038 Y46.797 E.03506
G1 X58.81 Y47.355 E.03225
G1 X57.363 Y50.526 E.11799
M204 S10000
G1 X56.989 Y49.332 F7200
M204 S500
;TYPE:Internal solid infill
G1 F1473.915
G1 X57.765 Y47.632 E.06325
G1 X57.3 Y47.254 E.02028
G1 X55.992 Y48.562 E.06263
G1 X56.466 Y48.948 E.02067
G1 X56.957 Y49.308 E.02062
M204 S10000
G1 X56.843 Y48.771 F7200
M204 S500
;WIDTH:0.367205
G1 F1850.224
G1 X57.299 Y47.772 E.02959
G1 X56.531 Y48.54 E.02927
G1 X56.811 Y48.747 E.00938
M204 S10000
G1 E-.8 F1800
G1 X58.2 Y56.252 Z5 F7200
G1 X58.34 Y57.011 Z5
G1 Z4.6
G1 E.8 F1800
M204 S1500
;TYPE:Inner wall
;WIDTH:0.449999
G1 F1473.915
G1 X56.318 Y56.179 E.074
G1 X61.777 Y42.983 E.48337
G1 X63.797 Y43.82 E.074
G1 X58.355 Y56.974 E.48183
M204 S500
G1 X58.573 Y57.57 F7200
;TYPE:Outer wall
G1 F1473.915
G1 X55.758 Y56.412 E.10301
G1 X61.545 Y42.423 E.51242
G1 X64.357 Y43.588 E.10301
G1 X58.588 Y57.533 E.5108
M204 S10000
G1 X58.27 Y56.275 F7200
M204 S500
;TYPE:Sparse infill
;WIDTH:0.45
G1 F1473.913
G1 X58.152 Y56.559 E.0104
G1 X56.931 Y56.057 E.04472
G1 X57.078 Y55.44 E.02145
G1 X57.669 Y54.849 E.02833
G1 X58.99 Y54.533 E.04597
G1 X61.504 Y48.458 E.22255
G1 X60.778 Y48.631 E.02525
G1 X60.186 Y49.223 E.02833
G1 X59.816 Y50.777 E.05409
G1 X59.224 Y51.369 E.02833
G1 X58.623 Y51.512 E.02089
G1 X61.137 Y45.437 E.22255
G1 X62.333 Y45.151 E.04161
G1 X62.924 Y44.56 E.02833
G1 X63.082 Y43.898 E.02301
G1 X61.965 Y43.435 E.04094
G1 X61.805 Y43.822 E.01417
; stop printing object fidget-finger-massager-2000-roller_plain.stl id:4713352688601451214 copy 0
;LAYER_CHANGE
;Z:4.8
;HEIGHT:0.2
G92 E0
;_SET_FAN_SPEED_CHANGING_LAYER
; printing object fidget-finger-massager-2000-roller_plain.stl id:4713352688601451214 copy 0
M204 S10000
G1 E-.8 F1800
G1 X63.095 Y49.49 Z5.2 F7200
G1 Z4.8
G1 E.8 F1800
M204 S1500
;TYPE:Inner wall
;WIDTH:0.449999
G1 F1473.915
G1 X63.108 Y49.482 E.00049
G1 X63.78 Y49.576 E.02298
G1 X64.378 Y49.625 E.02032
G1 X64.378 Y52.317 E.09111
G1 X63.471 Y52.25 E.03081
G1 X62.695 Y52.143 E.02648
G1 X62.115 Y52.031 E.02001
G1 X63.057 Y49.512 E.09102
G1 X63.061 Y49.51 E.00016
M204 S500
G1 X62.796 Y48.986 F7200
;TYPE:Outer wall
G1 F1473.915
G1 X63.168 Y49.058 E.01281
G1 X63.815 Y49.149 E.02213
G1 X64.807 Y49.209 E.03363
G1 X64.807 Y52.758 E.12012
G1 X64.212 Y52.74 E.02014
G1 X63.232 Y52.649 E.03333
G1 X62.601 Y52.562 E.02155
G1 X61.547 Y52.328 E.03656
G1 X62.782 Y49.024 E.1194
M204 S10000
G1 E-.8 F1800
G1 X62.665 Y51.723 Z5.2 F7200
G1 Z4.8
G1 E.8 F1800
M204 S500
;TYPE:Internal solid infill
G1 F1473.915
G1 X63.345 Y51.822 E.02327
G1 X63.971 Y51.882 E.02128
G1 X63.971 Y49.994 E.0639
G1 X63.338 Y49.922 E.02157
G1 X62.679 Y51.685 E.06373
M204 S10000
G1 X63.258 Y51.215 F7200
M204 S500
;WIDTH:0.390331
G1 F1727.061
G1 X63.182 Y51.418 E.00627
G1 X63.594 Y51.473 E.01202
G1 X63.591 Y50.334 E.0329
G1 X63.272 Y51.178 E.02605
M204 S10000
G1 E-.8 F1800
G1 X57.166 Y49.981 Z5.2 F7200
G1 Z4.8
G1 E.8 F1800
M204 S1500
;TYPE:Inner wall
;WIDTH:0.449999
G1 F1473.915
G1 X56.666 Y49.642 E.02046
G1 X56.036 Y49.163 E.02679
G1 X55.364 Y48.583 E.03005
G1 X57.269 Y46.678 E.0912
G1 X57.792 Y47.12 E.0232
G1 X58.297 Y47.499 E.02137
G1 X57.183 Y49.945 E.09097
M204 S500
G1 X57.358 Y50.593 F7200
;TYPE:Outer wall
G1 F1473.915
G1 X57.09 Y50.447 E.01033
G1 X56.427 Y49.999 E.02711
G1 X55.785 Y49.512 E.02727
G1 X55.17 Y48.99 E.02727
G1 X54.749 Y48.592 E.01964
G1 X57.258 Y46.082 E.12012
G1 X57.514 Y46.324 E.01189
G1 X58.051 Y46.779 E.02385
G1 X58.838 Y47.347 E.03284
G1 X57.375 Y50.557 E.11939
M204 S10000
G1 X56.999 Y49.366 F7200
M204 S500
;TYPE:Internal solid infill
G1 F1473.915
G1 X57.792 Y47.626 E.06471
G1 X57.295 Y47.228 E.02157
G1 X55.959 Y48.563 E.06393
M73 P12 R17
G1 X56.454 Y48.966 E.02159
G1 X56.967 Y49.342 E.02154
M204 S10000
G1 X56.848 Y48.788 F7200
M204 S500
;WIDTH:0.389869
G1 F1729.361
G1 X57.323 Y47.738 E.03324
G1 X56.515 Y48.541 E.03285
G1 X56.816 Y48.764 E.01082
M204 S10000
G1 E-.8 F1800
G1 X58.148 Y56.28 Z5.2 F7200
G1 X58.296 Y57.117 Z5.2
G1 Z4.8
G1 E.8 F1800
M204 S1500
;TYPE:Inner wall
;WIDTH:0.449999
G1 F1473.915
G1 X56.274 Y56.286 E.074
G1 X61.821 Y42.877 E.49119
G1 X63.841 Y43.713 E.074
G1 X58.311 Y57.08 E.48965
M204 S500
G1 X58.528 Y57.676 F7200
;TYPE:Outer wall
G1 F1473.915
G1 X55.714 Y56.519 E.10301
G1 X61.589 Y42.317 E.52023
G1 X64.401 Y43.481 E.10301
G1 X58.544 Y57.639 E.51862
M204 S10000
G1 X58.232 Y56.367 F7200
M204 S500
;TYPE:Sparse infill
;WIDTH:0.45
G1 F1473.913
G1 X58.108 Y56.666 E.01094
G1 X56.901 Y56.169 E.04418
G1 X57.035 Y55.44 E.02509
G1 X57.009 Y55.414 E.00124
G1 X57.38 Y54.517 E.03288
G1 X57.669 Y54.806 E.01384
G1 X58.977 Y54.566 E.045
G1 X59.6 Y53.061 E.05512
M204 S10000
G1 X57.997 Y53.027 F7200
M204 S500
G1 F1473.913
G1 X58.619 Y51.523 E.05512
G1 X59.224 Y51.412 E.02081
G1 X59.972 Y52.16 E.03583
G1 X60.344 Y51.262 E.03288
G1 X59.858 Y50.777 E.02323
G1 X60.144 Y49.223 E.05349
G1 X59.738 Y48.817 E.01941
G1 X60.11 Y47.92 E.03288
G1 X60.778 Y48.588 E.03201
G1 X61.505 Y48.455 E.02502
G1 X62.128 Y46.95 E.05512
M204 S10000
G1 E-.8 F1800
G1 X61.77 Y43.907 Z5.2 F7200
G1 Z4.8
G1 E.8 F1800
M204 S500
G1 F1473.913
G1 X61.147 Y45.412 E.05512
G1 X62.333 Y45.194 E.0408
G1 X62.701 Y45.563 E.01766
G1 X63.073 Y44.665 E.03288
G1 X62.967 Y44.56 E.00506
G1 X63.109 Y43.785 E.02667
G1 X62.009 Y43.329 E.04032
G1 X61.842 Y43.733 E.0148
; stop printing object fidget-finger-massager-2000-roller_plain.stl id:4713352688601451214 copy 0
;LAYER_CHANGE
;Z:5
;HEIGHT:0.2
G92 E0
;_SET_FAN_SPEED_CHANGING_LAYER
; printing object fidget-finger-massager-2000-roller_plain.stl id:4713352688601451214 copy 0
M204 S10000
G1 E-.8 F1800
G1 X63.073 Y49.476 Z5.4 F7200
G1 Z5
G1 E.8 F1800
M204 S1500
;TYPE:Inner wall
;WIDTH:0.449999
G1 F1473.915
G1 X63.777 Y49.575 E.02405
G1 X64.379 Y49.625 E.02044
G1 X64.379 Y52.318 E.09116
G1 X63.47 Y52.25 E.03085
G1 X62.694 Y52.144 E.02649
G1 X62.115 Y52.032 E.01998
G1 X63.059 Y49.513 E.09105
M204 S500
G1 X62.799 Y48.986 F7200
;TYPE:Outer wall
G1 F1473.915
G1 X63.214 Y49.066 E.0143
G1 X63.812 Y49.148 E.02043
G1 X64.807 Y49.208 E.03376
G1 X64.807 Y52.758 E.12016
G1 X64.212 Y52.741 E.02017
G1 X63.232 Y52.65 E.03329
G1 X62.6 Y52.562 E.02161
G1 X61.546 Y52.328 E.03654
G1 X62.785 Y49.024 E.11945
M204 S10000
G1 E-.8 F1800
G1 X62.665 Y51.724 Z5.4 F7200
G1 Z5
G1 E.8 F1800
M204 S500
;TYPE:Internal solid infill
G1 F1473.915
G1 X63.346 Y51.823 E.02329
G1 X63.972 Y51.883 E.02128
G1 X63.972 Y49.994 E.06395
G1 X63.34 Y49.923 E.02151
G1 X62.679 Y51.686 E.06374
M204 S10000
G1 X63.258 Y51.216 F7200
M204 S500
;WIDTH:0.390193
G1 F1727.747
G1 X63.182 Y51.419 E.00627
G1 X63.595 Y51.474 E.01201
G1 X63.592 Y50.333 E.03293
G1 X63.272 Y51.178 E.02609
M204 S10000
G1 E-.8 F1800
G1 X57.166 Y49.982 Z5.4 F7200
G1 Z5
G1 E.8 F1800
M204 S1500
;TYPE:Inner wall
;WIDTH:0.449999
G1 F1473.915
G1 X56.666 Y49.643 E.02045
G1 X56.036 Y49.164 E.0268
G1 X55.363 Y48.583 E.03009
G1 X57.267 Y46.679 E.09116
G1 X57.792 Y47.12 E.0232
G1 X58.298 Y47.499 E.0214
G1 X57.183 Y49.946 E.09103
M204 S500
G1 X57.359 Y50.594 F7200
;TYPE:Outer wall
G1 F1473.915
G1 X57.09 Y50.448 E.01035
G1 X56.427 Y50 E.02708
G1 X55.785 Y49.513 E.02729
G1 X55.17 Y48.991 E.02728
G1 X54.748 Y48.592 E.01967
G1 X57.258 Y46.082 E.12016
G1 X57.545 Y46.352 E.01333
G1 X58.051 Y46.778 E.0224
G1 X58.838 Y47.347 E.03287
G1 X57.375 Y50.557 E.11943
M204 S10000
G1 X56.999 Y49.367 F7200
M204 S500
;TYPE:Internal solid infill
G1 F1473.915
G1 X57.793 Y47.626 E.06477
G1 X57.294 Y47.228 E.0216
G1 X55.958 Y48.564 E.06395
G1 X56.453 Y48.967 E.02161
G1 X56.967 Y49.343 E.02156
M204 S10000
G1 X56.848 Y48.789 F7200
M204 S500
;WIDTH:0.390409
G1 F1726.674
G1 X57.323 Y47.738 E.0333
G1 X56.514 Y48.541 E.03291
G1 X56.816 Y48.765 E.01086
M204 S10000
G1 E-.8 F1800
G1 X58.093 Y56.29 Z5.4 F7200
G1 X58.252 Y57.224 Z5.4
G1 Z5
G1 E.8 F1800
M204 S1500
;TYPE:Inner wall
;WIDTH:0.449999
G1 F1473.915
G1 X56.23 Y56.392 E.074
G1 X61.866 Y42.77 E.499
G1 X63.885 Y43.607 E.074
G1 X58.267 Y57.187 E.49746
M204 S500
G1 X58.484 Y57.783 F7200
;TYPE:Outer wall
G1 F1473.915
G1 X55.67 Y56.625 E.10301
G1 X61.634 Y42.21 E.52805
G1 X64.445 Y43.375 E.10301
M73 P13 R17
G1 X58.5 Y57.746 E.52644
M204 S10000
G1 X58.211 Y56.416 F7200
M204 S500
;TYPE:Sparse infill
;WIDTH:0.45
G1 F1473.913
G1 X58.064 Y56.773 E.01305
G1 X56.915 Y56.3 E.04207
G1 X56.807 Y55.903 E.01392
G1 X57.484 Y54.267 E.05994
G1 X57.669 Y54.452 E.00889
G1 X58.887 Y54.783 E.04271
G1 X59.51 Y53.278 E.05512
M204 S10000
G1 X57.967 Y53.098 F7200
M204 S500
G1 F1473.913
G1 X58.59 Y51.593 E.05512
G1 X59.224 Y51.765 E.02223
G1 X59.79 Y52.332 E.02711
G1 X59.834 Y52.494 E.00569
G1 X60.447 Y51.012 E.05427
G1 X60.212 Y50.777 E.01126
G1 X59.79 Y49.223 E.05452
G1 X59.635 Y49.067 E.00744
G1 X60.213 Y47.67 E.0512
G1 X60.778 Y48.235 E.02705
G1 X61.514 Y48.434 E.02579
G1 X62.136 Y46.93 E.05512
M204 S10000
G1 E-.8 F1800
G1 X61.839 Y43.74 Z5.4 F7200
G1 Z5
G1 E.8 F1800
M204 S500
G1 F1473.913
G1 X61.216 Y45.245 E.05512
G1 X62.333 Y45.548 E.03915
G1 X62.598 Y45.813 E.01271
G1 X63.24 Y44.262 E.05683
G1 X63.072 Y43.644 E.02165
G1 X62.053 Y43.222 E.03734
G1 X61.852 Y43.707 E.01777
; stop printing object fidget-finger-massager-2000-roller_plain.stl id:4713352688601451214 copy 0
M106 S245
;LAYER_CHANGE
;Z:5.2
;HEIGHT:0.2
G92 E0
;_SET_FAN_SPEED_CHANGING_LAYER
; printing object fidget-finger-massager-2000-roller_plain.stl id:4713352688601451214 copy 0
M204 S10000
G1 E-.8 F1800
G1 X63.076 Y49.477 Z5.6 F7200
G1 Z5.2
G1 E.8 F1800
M204 S1500
;TYPE:Inner wall
;WIDTH:0.449999
G1 F1473.915
G1 X63.773 Y49.575 E.02382
G1 X64.376 Y49.627 E.0205
G1 X64.379 Y52.318 E.09109
G1 X63.469 Y52.25 E.03087
G1 X62.693 Y52.144 E.02651
G1 X62.115 Y52.032 E.01992
G1 X63.062 Y49.514 E.09105
M204 S500
G1 X62.802 Y48.987 F7200
;TYPE:Outer wall
G1 F1473.915
G1 X63.198 Y49.063 E.01365
G1 X63.808 Y49.147 E.02084
G1 X64.807 Y49.208 E.03388
G1 X64.807 Y52.758 E.12016
G1 X64.211 Y52.741 E.02019
G1 X63.233 Y52.651 E.03325
G1 X62.599 Y52.562 E.02167
G1 X61.546 Y52.328 E.0365
G1 X62.788 Y49.025 E.11947
M204 S10000
G1 E-.8 F1800
G1 X62.666 Y51.724 Z5.6 F7200
G1 Z5.2
G1 E.8 F1800
M204 S500
;TYPE:Internal solid infill
G1 F1473.915
G1 X63.347 Y51.823 E.02328
G1 X63.972 Y51.883 E.02125
G1 X63.972 Y49.994 E.06395
G1 X63.343 Y49.923 E.02141
G1 X62.68 Y51.687 E.06377
M204 S10000
G1 X63.259 Y51.217 F7200
M204 S500
;WIDTH:0.38948
G1 F1731.302
G1 X63.183 Y51.42 E.00625
G1 X63.595 Y51.474 E.01197
G1 X63.593 Y50.332 E.03292
G1 X63.274 Y51.179 E.0261
M204 S10000
G1 E-.8 F1800
G1 X57.166 Y49.982 Z5.6 F7200
G1 Z5.2
G1 E.8 F1800
M204 S1500
;TYPE:Inner wall
;WIDTH:0.449999
G1 F1473.915
G1 X56.667 Y49.644 E.02042
G1 X56.037 Y49.164 E.02681
G1 X55.363 Y48.583 E.03012
G1 X57.267 Y46.682 E.09109
G1 X57.792 Y47.119 E.02312
G1 X58.298 Y47.499 E.02141
G1 X57.183 Y49.946 E.09103
M204 S500
G1 X57.359 Y50.594 F7200
;TYPE:Outer wall
G1 F1473.915
G1 X57.09 Y50.448 E.01035
G1 X56.428 Y50 E.02704
G1 X55.785 Y49.513 E.0273
G1 X55.17 Y48.991 E.0273
G1 X54.748 Y48.592 E.01968
G1 X57.259 Y46.082 E.12016
G1 X57.546 Y46.353 E.01339
G1 X58.051 Y46.778 E.02232
G1 X58.838 Y47.347 E.03289
G1 X57.375 Y50.557 E.11943
M204 S10000
G1 X56.999 Y49.367 F7200
M204 S500
;TYPE:Internal solid infill
G1 F1473.915
G1 X57.793 Y47.626 E.06478
G1 X57.294 Y47.228 E.0216
G1 X55.958 Y48.564 E.06395
G1 X56.453 Y48.967 E.02161
G1 X56.967 Y49.343 E.02156
M204 S10000
G1 X56.848 Y48.789 F7200
M204 S500
;WIDTH:0.39041
G1 F1726.668
G1 X57.323 Y47.738 E.0333
G1 X56.514 Y48.541 E.03292
G1 X56.816 Y48.765 E.01086
M204 S10000
G1 E-.8 F1800
G1 X58.04 Y56.299 Z5.6 F7200
G1 X58.208 Y57.331 Z5.6
G1 Z5.2
G1 E.8 F1800
M204 S1500
;TYPE:Inner wall
;WIDTH:0.449999
G1 F1473.915
G1 X56.186 Y56.499 E.074
G1 X61.91 Y42.663 E.50682
G1 X63.93 Y43.5 E.074
G1 X58.223 Y57.294 E.50528
M204 S500
G1 X58.44 Y57.89 F7200
;TYPE:Outer wall
G1 F1473.915
G1 X55.626 Y56.732 E.10301
G1 X61.678 Y42.103 E.53587
G1 X64.489 Y43.268 E.10301
G1 X58.455 Y57.853 E.53426
M204 S10000
G1 X58.261 Y56.296 F7200
M204 S500
;TYPE:Sparse infill
;WIDTH:0.45
G1 F1473.913
G1 X58.02 Y56.879 E.02135
G1 X57.097 Y56.5 E.03377
G1 X56.755 Y56.028 E.01972
G1 X57.587 Y54.017 E.0737
G1 X57.669 Y54.099 E.00393
G1 X58.823 Y54.937 E.04828
G1 X59.446 Y53.432 E.05512
M204 S10000
G1 X57.947 Y53.148 F7200
M204 S500
G1 F1473.913
G1 X58.569 Y51.643 E.05512
G1 X59.224 Y52.119 E.02739
G1 X59.437 Y52.332 E.01019
G1 X59.733 Y52.739 E.01705
G1 X60.552 Y50.759 E.07255
G1 X59.522 Y49.34 E.05934
G1 X60.341 Y47.36 E.07255
G1 X60.565 Y47.668 E.01291
G1 X60.778 Y47.881 E.01019
G1 X61.52 Y48.42 E.03102
G1 X62.142 Y46.915 E.05512
M204 S10000
G1 E-.8 F1800
G1 X61.888 Y43.622 Z5.6 F7200
G1 Z5.2
G1 E.8 F1800
M204 S500
G1 F1473.913
G1 X62.097 Y43.115 E.01854
G1 X62.853 Y43.428 E.02768
G1 X63.319 Y44.071 E.02686
G1 X62.495 Y46.063 E.07299
G1 X62.333 Y45.901 E.00775
G1 X61.265 Y45.126 E.04465
G1 X61.888 Y43.622 E.05512
; stop printing object fidget-finger-massager-2000-roller_plain.stl id:4713352688601451214 copy 0
;LAYER_CHANGE
;Z:5.4
;HEIGHT:0.2
G92 E0
;_SET_FAN_SPEED_CHANGING_LAYER
; printing object fidget-finger-massager-2000-roller_plain.stl id:4713352688601451214 copy 0
M204 S10000
G1 E-.8 F1800
G1 X63.07 Y49.476 Z5.8 F7200
G1 Z5.4
G1 E.8 F1800
M73 P14 R17
M204 S1500
;TYPE:Inner wall
;WIDTH:0.449999
G1 F1473.915
G1 X63.769 Y49.574 E.0239
G1 X64.374 Y49.629 E.02056
G1 X64.379 Y52.318 E.09102
G1 X63.469 Y52.25 E.03089
G1 X62.692 Y52.144 E.02652
G1 X62.114 Y52.032 E.01993
G1 X63.056 Y49.513 E.09103
M204 S500
G1 X62.796 Y48.986 F7200
;TYPE:Outer wall
G1 F1473.915
G1 X63.193 Y49.063 E.0137
G1 X63.805 Y49.147 E.0209
G1 X64.807 Y49.208 E.03401
G1 X64.807 Y52.758 E.12016
G1 X64.211 Y52.741 E.0202
G1 X63.231 Y52.65 E.0333
G1 X62.598 Y52.562 E.02165
G1 X61.546 Y52.328 E.03648
G1 X62.782 Y49.023 E.11943
M204 S10000
G1 E-.8 F1800
G1 X62.664 Y51.724 Z5.8 F7200
G1 Z5.4
G1 E.8 F1800
M204 S500
;TYPE:Internal solid infill
G1 F1473.915
G1 X63.345 Y51.822 E.02329
G1 X63.972 Y51.883 E.02131
G1 X63.972 Y49.994 E.06395
G1 X63.338 Y49.922 E.0216
G1 X62.678 Y51.686 E.06375
M204 S10000
G1 X63.257 Y51.215 F7200
M204 S500
;WIDTH:0.390874
G1 F1724.366
G1 X63.181 Y51.419 E.00629
G1 X63.594 Y51.473 E.01206
G1 X63.59 Y50.334 E.03296
G1 X63.271 Y51.178 E.02609
M204 S10000
G1 E-.8 F1800
G1 X57.166 Y49.982 Z5.8 F7200
G1 Z5.4
G1 E.8 F1800
M204 S1500
;TYPE:Inner wall
;WIDTH:0.449999
G1 F1473.915
G1 X56.668 Y49.645 E.02038
G1 X56.037 Y49.165 E.02683
G1 X55.363 Y48.583 E.03014
G1 X57.267 Y46.685 E.09102
G1 X57.792 Y47.119 E.02304
G1 X58.298 Y47.499 E.02142
G1 X57.183 Y49.946 E.09103
M204 S500
G1 X57.359 Y50.594 F7200
;TYPE:Outer wall
G1 F1473.915
G1 X57.09 Y50.448 E.01035
G1 X56.429 Y50.001 E.02701
G1 X55.786 Y49.514 E.02731
G1 X55.171 Y48.992 E.02731
G1 X54.748 Y48.592 E.01969
G1 X57.259 Y46.082 E.12016
G1 X57.547 Y46.355 E.01345
G1 X58.05 Y46.777 E.02224
G1 X58.838 Y47.347 E.03291
G1 X57.375 Y50.557 E.11943
M204 S10000
G1 X56.999 Y49.367 F7200
M204 S500
;TYPE:Internal solid infill
G1 F1473.915
G1 X57.793 Y47.625 E.06478
G1 X57.294 Y47.228 E.0216
G1 X55.958 Y48.564 E.06395
G1 X56.453 Y48.967 E.02161
G1 X56.967 Y49.343 E.02156
M204 S10000
G1 X56.848 Y48.789 F7200
M204 S500
;WIDTH:0.390415
G1 F1726.644
G1 X57.323 Y47.738 E.03331
G1 X56.514 Y48.541 E.03292
G1 X56.816 Y48.765 E.01086
M204 S10000
G1 E-.8 F1800
G1 X57.988 Y56.307 Z5.8 F7200
G1 X58.163 Y57.437 Z5.8
G1 Z5.4
G1 E.8 F1800
M204 S1500
;TYPE:Inner wall
;WIDTH:0.449999
G1 F1473.915
G1 X56.142 Y56.606 E.074
G1 X61.954 Y42.557 E.51464
G1 X63.974 Y43.393 E.074
G1 X58.179 Y57.4 E.5131
M204 S500
G1 X58.396 Y57.996 F7200
;TYPE:Outer wall
G1 F1473.915
G1 X55.581 Y56.839 E.10301
G1 X61.722 Y41.997 E.54368
G1 X64.533 Y43.161 E.10301
G1 X58.411 Y57.959 E.54207
M204 S10000
G1 X58.377 Y56.016 F7200
M204 S500
;TYPE:Sparse infill
;WIDTH:0.45
G1 F1473.913
G1 X57.976 Y56.986 E.03553
G1 X57.441 Y56.766 E.01959
G1 X56.74 Y56.065 E.03355
G1 X57.65 Y53.866 E.08055
G1 X58.793 Y55.01 E.05475
G1 X59.703 Y52.811 E.08055
G1 X58.559 Y51.667 E.05475
G1 X59.182 Y50.162 E.05512
M204 S10000
G1 E-.8 F1800
G1 X59.99 Y52.116 Z5.8 F7200
G1 Z5.4
G1 E.8 F1800
M204 S500
G1 F1473.913
G1 X60.613 Y50.612 E.05512
G1 X59.469 Y49.468 E.05475
G1 X60.379 Y47.269 E.08055
G1 X61.523 Y48.413 E.05475
G1 X62.432 Y46.214 E.08055
G1 X61.289 Y45.07 E.05475
G1 X62.141 Y43.009 E.07551
G1 X62.474 Y43.146 E.01218
G1 X63.342 Y44.015 E.04157
G1 X62.72 Y45.519 E.05512
; stop printing object fidget-finger-massager-2000-roller_plain.stl id:4713352688601451214 copy 0
;LAYER_CHANGE
;Z:5.6
;HEIGHT:0.2
G92 E0
;_SET_FAN_SPEED_CHANGING_LAYER
; printing object fidget-finger-massager-2000-roller_plain.stl id:4713352688601451214 copy 0
M204 S10000
G1 E-.8 F1800
G1 X59.992 Y52.648 Z6 F7200
G1 X58.119 Y57.544 Z6
G1 Z5.6
G1 E.8 F1800
M204 S1500
;TYPE:Inner wall
;WIDTH:0.449999
G1 F1473.915
G1 X56.097 Y56.712 E.074
G1 X61.998 Y42.45 E.52245
G1 X64.018 Y43.287 E.074
G1 X58.135 Y57.507 E.52091
M204 S500
G1 X58.352 Y58.103 F7200
;TYPE:Outer wall
G1 F1473.915
G1 X55.537 Y56.945 E.10301
G1 X61.766 Y41.89 E.5515
G1 X64.578 Y43.055 E.10301
G1 X58.367 Y58.066 E.54989
M204 S10000
G1 E-.8 F1800
M73 P15 R16
G1 X58.439 Y55.867 Z6 F7200
G1 Z5.6
G1 E.8 F1800
M204 S500
;TYPE:Sparse infill
;WIDTH:0.45
G1 F1473.913
G1 X57.931 Y57.093 E.04491
G1 X57.653 Y56.978 E.01021
G1 X56.74 Y56.065 E.0437
G1 X57.65 Y53.866 E.08055
G1 X58.793 Y55.01 E.05475
G1 X59.703 Y52.811 E.08055
G1 X58.559 Y51.667 E.05475
G1 X59.182 Y50.162 E.05512
M204 S10000
G1 E-.8 F1800
G1 X59.99 Y52.116 Z6 F7200
G1 Z5.6
G1 E.8 F1800
M204 S500
G1 F1473.913
G1 X60.613 Y50.612 E.05512
G1 X59.469 Y49.468 E.05475
G1 X60.379 Y47.269 E.08055
G1 X61.523 Y48.413 E.05475
G1 X62.145 Y46.908 E.05512
M204 S10000
G1 E-.8 F1800
G1 X61.911 Y43.565 Z6 F7200
G1 Z5.6
G1 E.8 F1800
M204 S500
G1 F1473.913
G1 X62.186 Y42.902 E.0243
G1 X62.26 Y42.933 E.00274
G1 X63.342 Y44.015 E.05178
G1 X62.432 Y46.214 E.08055
G1 X61.289 Y45.07 E.05475
G1 X61.911 Y43.565 E.05512
M204 S10000
G1 E-.8 F1800
G1 X57.373 Y49.702 Z6 F7200
G1 X57.166 Y49.982 Z6
G1 Z5.6
G1 E.8 F1800
M204 S1500
;TYPE:Inner wall
;WIDTH:0.449999
G1 F1473.915
G1 X56.669 Y49.645 E.02035
G1 X56.038 Y49.165 E.02684
G1 X55.363 Y48.583 E.03016
G1 X57.272 Y46.683 E.09118
G1 X57.791 Y47.119 E.02296
G1 X58.298 Y47.499 E.02144
G1 X57.183 Y49.946 E.09102
M204 S500
G1 X57.359 Y50.594 F7200
;TYPE:Outer wall
G1 F1473.915
G1 X57.09 Y50.448 E.01035
G1 X56.43 Y50.002 E.02697
G1 X55.786 Y49.514 E.02732
G1 X55.171 Y48.992 E.02732
G1 X54.748 Y48.592 E.0197
G1 X57.259 Y46.081 E.12016
G1 X57.549 Y46.356 E.01352
G1 X58.05 Y46.777 E.02216
G1 X58.838 Y47.347 E.03293
G1 X57.375 Y50.557 E.11943
M204 S10000
G1 X56.999 Y49.367 F7200
M204 S500
;TYPE:Internal solid infill
G1 F1473.915
G1 X57.793 Y47.625 E.06479
G1 X57.294 Y47.228 E.0216
G1 X55.958 Y48.564 E.06395
G1 X56.453 Y48.967 E.02161
G1 X56.967 Y49.343 E.02156
M204 S10000
G1 X56.848 Y48.789 F7200
M204 S500
;WIDTH:0.39042
G1 F1726.619
G1 X57.323 Y47.738 E.03331
G1 X56.514 Y48.541 E.03292
G1 X56.816 Y48.765 E.01086
M204 S10000
G1 E-.8 F1800
G1 X63.06 Y49.501 Z6 F7200
G1 Z5.6
G1 E.8 F1800
M204 S1500
;TYPE:Inner wall
;WIDTH:0.449999
G1 F1473.915
G1 X63.129 Y49.486 E.00236
G1 X63.765 Y49.574 E.02176
G1 X64.379 Y49.625 E.02083
G1 X64.379 Y52.318 E.09117
G1 X63.468 Y52.25 E.03092
G1 X62.691 Y52.144 E.02653
G1 X62.114 Y52.032 E.0199
G1 X63.046 Y49.539 E.0901
M204 S500
G1 X62.796 Y48.986 F7200
;TYPE:Outer wall
G1 F1473.915
G1 X63.188 Y49.062 E.01352
G1 X63.801 Y49.147 E.02096
G1 X64.807 Y49.208 E.03413
G1 X64.807 Y52.758 E.12016
G1 X64.211 Y52.741 E.02021
G1 X63.231 Y52.65 E.03329
G1 X62.597 Y52.562 E.02168
G1 X61.546 Y52.328 E.03645
G1 X62.782 Y49.024 E.11943
M204 S10000
G1 E-.8 F1800
G1 X62.664 Y51.724 Z6 F7200
G1 Z5.6
G1 E.8 F1800
M204 S500
;TYPE:Internal solid infill
G1 F1473.915
G1 X63.345 Y51.822 E.02329
G1 X63.972 Y51.883 E.02131
G1 X63.972 Y49.994 E.06395
G1 X63.338 Y49.922 E.0216
G1 X62.678 Y51.686 E.06375
M204 S10000
G1 X63.257 Y51.215 F7200
M204 S500
;WIDTH:0.390876
G1 F1724.356
G1 X63.181 Y51.419 E.00629
G1 X63.594 Y51.473 E.01206
G1 X63.591 Y50.334 E.03296
G1 X63.271 Y51.178 E.02609
; stop printing object fidget-finger-massager-2000-roller_plain.stl id:4713352688601451214 copy 0
;LAYER_CHANGE
;Z:5.8
;HEIGHT:0.2
G92 E0
;_SET_FAN_SPEED_CHANGING_LAYER
; printing object fidget-finger-massager-2000-roller_plain.stl id:4713352688601451214 copy 0
M204 S10000
G1 E-.8 F1800
G1 X58.493 Y57.13 Z6.2 F7200
G1 X58.075 Y57.651 Z6.2
G1 Z5.8
G1 E.8 F1800
M204 S1500
;TYPE:Inner wall
;WIDTH:0.449999
G1 F1473.915
G1 X56.053 Y56.819 E.074
G1 X62.042 Y42.343 E.53027
G1 X64.062 Y43.18 E.074
G1 X58.09 Y57.614 E.52873
M204 S500
G1 X58.308 Y58.21 F7200
;TYPE:Outer wall
G1 F1473.915
G1 X55.493 Y57.052 E.10301
G1 X61.81 Y41.783 E.55932
G1 X64.622 Y42.948 E.10301
G1 X58.323 Y58.173 E.55771
M204 S10000
G1 E-.8 F1800
G1 X57.362 Y54.56 Z6.2 F7200
G1 Z5.8
G1 E.8 F1800
M204 S500
;TYPE:Sparse infill
;WIDTH:0.45
G1 F1473.913
G1 X56.74 Y56.065 E.05512
G1 X57.887 Y57.199 E.05462
G1 X58.793 Y55.01 E.08021
G1 X57.649 Y53.866 E.05475
G1 X58.559 Y51.667 E.08055
G1 X59.703 Y52.811 E.05475
G1 X60.613 Y50.612 E.08055
G1 X59.469 Y49.468 E.05475
G1 X60.379 Y47.269 E.08055
G1 X61.523 Y48.413 E.05475
G1 X62.432 Y46.214 E.08055
G1 X61.289 Y45.07 E.05475
G1 X62.198 Y42.871 E.08055
G1 X63.342 Y44.015 E.05475
G1 X62.72 Y45.519 E.05512
M204 S10000
G1 E-.8 F1800
M73 P16 R16
G1 X57.166 Y49.982 Z6.2 F7200
G1 Z5.8
G1 E.8 F1800
M204 S1500
;TYPE:Inner wall
;WIDTH:0.449999
G1 F1473.915
G1 X56.67 Y49.646 E.02031
G1 X56.038 Y49.165 E.02685
G1 X55.363 Y48.583 E.03018
G1 X57.273 Y46.684 E.09118
G1 X57.791 Y47.119 E.02288
G1 X58.298 Y47.499 E.02145
G1 X57.183 Y49.946 E.09102
M204 S500
G1 X57.359 Y50.594 F7200
;TYPE:Outer wall
G1 F1473.915
G1 X57.09 Y50.448 E.01035
G1 X56.43 Y50.002 E.02694
G1 X55.787 Y49.514 E.02733
G1 X55.171 Y48.992 E.02733
G1 X54.748 Y48.592 E.01971
G1 X57.259 Y46.081 E.12017
G1 X57.55 Y46.357 E.01358
G1 X58.049 Y46.777 E.02208
G1 X58.838 Y47.347 E.03295
G1 X57.375 Y50.557 E.11943
M204 S10000
G1 X56.999 Y49.367 F7200
M204 S500
;TYPE:Internal solid infill
G1 F1473.915
G1 X57.793 Y47.625 E.06479
G1 X57.294 Y47.228 E.0216
G1 X55.958 Y48.564 E.06395
G1 X56.453 Y48.967 E.02161
G1 X56.967 Y49.343 E.02156
M204 S10000
G1 X56.848 Y48.789 F7200
M204 S500
;WIDTH:0.390423
G1 F1726.604
G1 X57.323 Y47.738 E.03332
G1 X56.514 Y48.541 E.03293
G1 X56.816 Y48.765 E.01086
M204 S10000
G1 E-.8 F1800
G1 X63.062 Y49.496 Z6.2 F7200
G1 Z5.8
G1 E.8 F1800
M204 S1500
;TYPE:Inner wall
;WIDTH:0.449999
G1 F1473.915
G1 X63.123 Y49.485 E.00209
G1 X63.762 Y49.573 E.02183
G1 X64.379 Y49.625 E.02096
G1 X64.379 Y52.318 E.09117
G1 X63.467 Y52.25 E.03094
G1 X62.69 Y52.143 E.02654
G1 X62.114 Y52.032 E.01987
G1 X63.048 Y49.534 E.09028
M204 S500
G1 X62.795 Y48.986 F7200
;TYPE:Outer wall
G1 F1473.915
G1 X63.182 Y49.061 E.01333
G1 X63.797 Y49.146 E.02102
G1 X64.807 Y49.208 E.03425
G1 X64.807 Y52.758 E.12016
G1 X64.21 Y52.741 E.02022
G1 X63.231 Y52.65 E.03328
G1 X62.596 Y52.562 E.02171
G1 X61.546 Y52.328 E.03642
G1 X62.781 Y49.024 E.11942
M204 S10000
G1 E-.8 F1800
G1 X62.664 Y51.724 Z6.2 F7200
G1 Z5.8
G1 E.8 F1800
M204 S500
;TYPE:Internal solid infill
G1 F1473.915
G1 X63.345 Y51.822 E.02329
G1 X63.972 Y51.883 E.02131
G1 X63.972 Y49.994 E.06395
G1 X63.338 Y49.922 E.0216
G1 X62.678 Y51.686 E.06376
M204 S10000
G1 X63.257 Y51.215 F7200
M204 S500
;WIDTH:0.390877
G1 F1724.351
G1 X63.181 Y51.419 E.00629
G1 X63.594 Y51.473 E.01206
G1 X63.591 Y50.334 E.03296
G1 X63.271 Y51.178 E.0261
; stop printing object fidget-finger-massager-2000-roller_plain.stl id:4713352688601451214 copy 0
;LAYER_CHANGE
;Z:6
;HEIGHT:0.2
G92 E0
;_SET_FAN_SPEED_CHANGING_LAYER
; printing object fidget-finger-massager-2000-roller_plain.stl id:4713352688601451214 copy 0
M204 S10000
G1 E-.8 F1800
G1 X58.516 Y57.148 Z6.4 F7200
G1 X58.031 Y57.757 Z6.4
G1 Z6
G1 E.8 F1800
M204 S1500
;TYPE:Inner wall
;WIDTH:0.449999
G1 F1473.915
G1 X56.009 Y56.926 E.074
G1 X62.085 Y42.241 E.53791
G1 X64.106 Y43.074 E.074
G1 X58.046 Y57.72 E.53652
M204 S500
G1 X58.263 Y58.316 F7200
;TYPE:Outer wall
G1 F1473.915
G1 X55.449 Y57.159 E.10301
G1 X61.852 Y41.682 E.56693
G1 X64.666 Y42.841 E.10301
G1 X58.279 Y58.279 E.56552
M204 S10000
G1 E-.8 F1800
G1 X58.506 Y55.704 Z6.4 F7200
G1 Z6
G1 E.8 F1800
M204 S500
;TYPE:Sparse infill
;WIDTH:0.45
G1 F1473.913
G1 X57.883 Y57.209 E.05512
G1 X56.74 Y56.065 E.05475
G1 X57.649 Y53.866 E.08055
G1 X58.793 Y55.01 E.05475
G1 X59.416 Y53.505 E.05512
M204 S10000
G1 E-.8 F1800
G1 X59.182 Y50.162 Z6.4 F7200
G1 Z6
G1 E.8 F1800
M204 S500
G1 F1473.913
G1 X58.559 Y51.667 E.05512
G1 X59.703 Y52.811 E.05475
G1 X60.613 Y50.612 E.08055
G1 X59.469 Y49.468 E.05475
G1 X60.379 Y47.269 E.08055
G1 X61.523 Y48.413 E.05475
G1 X62.432 Y46.214 E.08055
G1 X61.289 Y45.07 E.05475
G1 X62.198 Y42.871 E.08055
G1 X63.342 Y44.015 E.05475
G1 X63.654 Y43.262 E.02758
G1 X62.902 Y42.952 E.02754
M204 S10000
G1 E-.8 F1800
G1 X58.077 Y48.866 Z6.4 F7200
G1 X57.166 Y49.982 Z6.4
G1 Z6
G1 E.8 F1800
M204 S1500
;TYPE:Inner wall
;WIDTH:0.449999
G1 F1473.915
G1 X56.67 Y49.646 E.02028
G1 X56.039 Y49.166 E.02687
G1 X55.363 Y48.583 E.0302
G1 X57.275 Y46.686 E.09119
G1 X57.791 Y47.119 E.0228
G1 X58.298 Y47.499 E.02146
G1 X57.183 Y49.946 E.09102
M204 S500
G1 X57.359 Y50.594 F7200
;TYPE:Outer wall
G1 F1473.915
G1 X57.09 Y50.448 E.01035
G1 X56.431 Y50.003 E.0269
G1 X55.788 Y49.515 E.02734
G1 X55.171 Y48.992 E.02734
G1 X54.748 Y48.592 E.01972
G1 X57.259 Y46.081 E.12017
G1 X57.551 Y46.358 E.01364
G1 X58.049 Y46.776 E.02199
G1 X58.838 Y47.347 E.03297
G1 X57.375 Y50.557 E.11943
M204 S10000
G1 X56.999 Y49.367 F7200
M204 S500
;TYPE:Internal solid infill
G1 F1473.915
G1 X57.793 Y47.625 E.0648
G1 X57.294 Y47.228 E.02159
G1 X55.958 Y48.564 E.06396
G1 X56.453 Y48.967 E.02161
G1 X56.967 Y49.343 E.02156
M204 S10000
G1 X56.848 Y48.789 F7200
M204 S500
;WIDTH:0.390427
G1 F1726.584
G1 X57.323 Y47.738 E.03332
G1 X56.514 Y48.541 E.03293
G1 X56.816 Y48.765 E.01086
M204 S10000
G1 E-.8 F1800
G1 X63.064 Y49.491 Z6.4 F7200
G1 Z6
G1 E.8 F1800
M204 S1500
;TYPE:Inner wall
;WIDTH:0.449999
G1 F1473.915
G1 X63.117 Y49.484 E.00182
G1 X63.758 Y49.573 E.02189
G1 X64.379 Y49.624 E.02108
G1 X64.379 Y52.318 E.09117
G1 X63.467 Y52.25 E.03096
M73 P17 R16
G1 X62.689 Y52.143 E.02655
G1 X62.114 Y52.032 E.01983
G1 X63.05 Y49.529 E.09046
M204 S500
G1 X62.795 Y48.986 F7200
;TYPE:Outer wall
G1 F1473.915
G1 X63.177 Y49.06 E.01315
G1 X63.794 Y49.146 E.02108
G1 X64.807 Y49.208 E.03437
G1 X64.807 Y52.758 E.12016
G1 X64.21 Y52.741 E.02023
G1 X63.231 Y52.65 E.03327
G1 X62.595 Y52.561 E.02174
G1 X61.546 Y52.328 E.03638
G1 X62.781 Y49.024 E.11942
M204 S10000
G1 E-.8 F1800
G1 X62.664 Y51.724 Z6.4 F7200
G1 Z6
G1 E.8 F1800
M204 S500
;TYPE:Internal solid infill
G1 F1473.915
G1 X63.345 Y51.822 E.02329
G1 X63.972 Y51.883 E.02131
G1 X63.972 Y49.994 E.06396
G1 X63.338 Y49.922 E.02159
G1 X62.678 Y51.686 E.06376
M204 S10000
G1 X63.257 Y51.215 F7200
M204 S500
;WIDTH:0.390879
G1 F1724.341
G1 X63.181 Y51.419 E.00629
G1 X63.594 Y51.473 E.01206
G1 X63.591 Y50.334 E.03296
G1 X63.271 Y51.178 E.0261
; stop printing object fidget-finger-massager-2000-roller_plain.stl id:4713352688601451214 copy 0
;LAYER_CHANGE
;Z:6.2
;HEIGHT:0.2
G92 E0
;_SET_FAN_SPEED_CHANGING_LAYER
; printing object fidget-finger-massager-2000-roller_plain.stl id:4713352688601451214 copy 0
M204 S10000
G1 E-.8 F1800
G1 X58.539 Y57.166 Z6.6 F7200
G1 X57.987 Y57.864 Z6.6
G1 Z6.2
G1 E.8 F1800
M204 S1500
;TYPE:Inner wall
;WIDTH:0.449999
G1 F1473.915
G1 X55.965 Y57.032 E.074
G1 X62.131 Y42.13 E.5459
G1 X64.15 Y42.966 E.074
G1 X58.002 Y57.827 E.54437
M204 S500
G1 X58.219 Y58.423 F7200
;TYPE:Outer wall
G1 F1473.915
G1 X55.405 Y57.265 E.10301
G1 X61.899 Y41.57 E.57495
G1 X64.71 Y42.734 E.10301
G1 X58.234 Y58.386 E.57334
M204 S10000
G1 E-.8 F1800
G1 X56.497 Y56.877 Z6.6 F7200
G1 Z6.2
G1 E.8 F1800
M204 S500
;TYPE:Sparse infill
;WIDTH:0.45
G1 F1473.913
G1 X57.799 Y57.413 E.04764
G1 X57.883 Y57.209 E.00747
G1 X56.74 Y56.065 E.05475
G1 X57.649 Y53.866 E.08055
G1 X58.793 Y55.01 E.05475
G1 X59.703 Y52.811 E.08055
G1 X58.559 Y51.667 E.05475
G1 X59.469 Y49.468 E.08055
G1 X60.613 Y50.612 E.05475
G1 X61.523 Y48.413 E.08055
G1 X60.379 Y47.269 E.05475
G1 X61.289 Y45.07 E.08055
G1 X62.432 Y46.214 E.05475
G1 X63.342 Y44.015 E.08055
G1 X62.198 Y42.871 E.05475
G1 X62.318 Y42.582 E.01059
G1 X63.533 Y43.085 E.04453
M204 S10000
G1 E-.8 F1800
G1 X58.356 Y48.694 Z6.6 F7200
G1 X57.166 Y49.982 Z6.6
G1 Z6.2
G1 E.8 F1800
M204 S1500
;TYPE:Inner wall
;WIDTH:0.449999
G1 F1473.915
G1 X56.671 Y49.647 E.02024
G1 X56.039 Y49.166 E.02688
G1 X55.363 Y48.583 E.03022
G1 X57.276 Y46.687 E.09119
G1 X57.79 Y47.118 E.02272
G1 X58.298 Y47.499 E.02147
G1 X57.183 Y49.946 E.09102
M204 S500
G1 X57.359 Y50.594 F7200
;TYPE:Outer wall
G1 F1473.915
G1 X57.09 Y50.448 E.01035
G1 X56.432 Y50.003 E.02687
G1 X55.788 Y49.515 E.02736
G1 X55.172 Y48.993 E.02735
G1 X54.748 Y48.592 E.01973
G1 X57.259 Y46.081 E.12017
G1 X57.553 Y46.359 E.0137
G1 X58.048 Y46.776 E.02191
G1 X58.838 Y47.347 E.03299
G1 X57.375 Y50.557 E.11943
M204 S10000
G1 X56.999 Y49.367 F7200
M204 S500
;TYPE:Internal solid infill
G1 F1473.915
G1 X57.793 Y47.625 E.0648
G1 X57.294 Y47.228 E.02159
G1 X55.958 Y48.564 E.06396
G1 X56.453 Y48.967 E.02161
G1 X56.967 Y49.343 E.02156
M204 S10000
G1 X56.848 Y48.789 F7200
M204 S500
;WIDTH:0.39043
G1 F1726.569
G1 X57.323 Y47.738 E.03332
G1 X56.514 Y48.541 E.03293
G1 X56.816 Y48.765 E.01086
M204 S10000
G1 E-.8 F1800
G1 X63.066 Y49.486 Z6.6 F7200
G1 Z6.2
G1 E.8 F1800
M204 S1500
;TYPE:Inner wall
;WIDTH:0.449999
G1 F1473.915
G1 X63.754 Y49.572 E.02348
G1 X64.379 Y49.624 E.02121
G1 X64.379 Y52.318 E.09117
G1 X63.466 Y52.25 E.03099
G1 X62.688 Y52.143 E.02656
G1 X62.114 Y52.032 E.0198
G1 X63.052 Y49.524 E.09064
M204 S500
G1 X62.795 Y48.986 F7200
;TYPE:Outer wall
G1 F1473.915
G1 X63.172 Y49.059 E.01296
G1 X63.79 Y49.145 E.02115
G1 X64.807 Y49.208 E.03449
G1 X64.807 Y52.758 E.12016
G1 X64.209 Y52.741 E.02025
G1 X63.231 Y52.65 E.03326
G1 X62.594 Y52.561 E.02177
G1 X61.546 Y52.328 E.03635
G1 X62.781 Y49.024 E.11942
M204 S10000
G1 E-.8 F1800
G1 X62.664 Y51.724 Z6.6 F7200
G1 Z6.2
G1 E.8 F1800
M204 S500
;TYPE:Internal solid infill
G1 F1473.915
G1 X63.345 Y51.822 E.02329
G1 X63.972 Y51.883 E.02131
G1 X63.972 Y49.994 E.06396
G1 X63.338 Y49.922 E.02159
G1 X62.678 Y51.686 E.06377
M204 S10000
G1 X63.257 Y51.215 F7200
M204 S500
;WIDTH:0.390879
G1 F1724.341
G1 X63.181 Y51.419 E.00629
G1 X63.594 Y51.473 E.01206
G1 X63.591 Y50.334 E.03297
G1 X63.271 Y51.178 E.0261
; stop printing object fidget-finger-massager-2000-roller_plain.stl id:4713352688601451214 copy 0
;LAYER_CHANGE
;Z:6.4
;HEIGHT:0.2
G92 E0
;_SET_FAN_SPEED_CHANGING_LAYER
; printing object fidget-finger-massager-2000-roller_plain.stl id:4713352688601451214 copy 0
M204 S10000
G1 E-.8 F1800
G1 X58.56 Y57.183 Z6.8 F7200
G1 X57.942 Y57.971 Z6.8
G1 Z6.4
G1 E.8 F1800
M204 S1500
;TYPE:Inner wall
;WIDTH:0.449999
G1 F1473.915
G1 X55.921 Y57.139 E.074
G1 X62.175 Y42.023 E.55372
G1 X64.195 Y42.86 E.074
M73 P18 R16
G1 X57.958 Y57.934 E.55218
M204 S500
G1 X58.175 Y58.53 F7200
;TYPE:Outer wall
G1 F1473.915
G1 X55.361 Y57.372 E.10301
G1 X61.943 Y41.463 E.58277
G1 X64.754 Y42.628 E.10301
G1 X58.19 Y58.493 E.58116
M204 S10000
G1 X56.992 Y57.206 F7200
M204 S500
;TYPE:Sparse infill
;WIDTH:0.45
G1 F1473.913
G1 X56.373 Y56.951 E.02266
G1 X56.74 Y56.065 E.03246
G1 X57.883 Y57.209 E.05475
G1 X58.793 Y55.01 E.08055
G1 X57.649 Y53.866 E.05475
G1 X58.559 Y51.667 E.08055
G1 X59.703 Y52.811 E.05475
G1 X60.325 Y51.306 E.05512
M204 S10000
G1 E-.8 F1800
G1 X60.092 Y47.963 Z6.8 F7200
G1 Z6.4
G1 E.8 F1800
M204 S500
G1 F1473.913
G1 X59.469 Y49.468 E.05512
G1 X60.613 Y50.612 E.05475
G1 X61.523 Y48.413 E.08055
G1 X60.379 Y47.269 E.05475
G1 X61.289 Y45.07 E.08055
G1 X62.432 Y46.214 E.05475
G1 X63.342 Y44.015 E.08055
G1 X62.199 Y42.871 E.05475
G1 X62.362 Y42.475 E.0145
G1 X63.471 Y42.935 E.04062
M204 S10000
G1 E-.8 F1800
G1 X58.382 Y48.623 Z6.8 F7200
G1 X57.166 Y49.982 Z6.8
G1 Z6.4
G1 E.8 F1800
M204 S1500
;TYPE:Inner wall
;WIDTH:0.449999
G1 F1473.915
G1 X56.672 Y49.648 E.02021
G1 X56.04 Y49.167 E.02689
G1 X55.363 Y48.583 E.03024
G1 X56.821 Y47.125 E.06982
G1 X57.278 Y46.688 E.02138
G1 X57.79 Y47.118 E.02265
G1 X58.298 Y47.499 E.02149
G1 X57.183 Y49.946 E.09102
M204 S500
G1 X57.359 Y50.594 F7200
;TYPE:Outer wall
G1 F1473.915
G1 X57.09 Y50.448 E.01035
G1 X56.433 Y50.004 E.02683
G1 X55.789 Y49.516 E.02737
G1 X55.172 Y48.993 E.02737
G1 X54.748 Y48.592 E.01975
G1 X57.259 Y46.081 E.12017
G1 X57.554 Y46.361 E.01376
G1 X58.048 Y46.776 E.02183
G1 X58.838 Y47.347 E.03301
G1 X57.375 Y50.557 E.11943
M204 S10000
G1 X56.999 Y49.367 F7200
M204 S500
;TYPE:Internal solid infill
G1 F1473.915
G1 X57.793 Y47.625 E.06481
G1 X57.294 Y47.228 E.02159
G1 X55.958 Y48.564 E.06396
G1 X56.453 Y48.967 E.02161
G1 X56.967 Y49.343 E.02156
M204 S10000
G1 X56.848 Y48.789 F7200
M204 S500
;WIDTH:0.390435
G1 F1726.544
G1 X57.323 Y47.738 E.03333
G1 X56.514 Y48.541 E.03293
G1 X56.816 Y48.765 E.01086
M204 S10000
G1 E-.8 F1800
G1 X63.094 Y49.489 Z6.8 F7200
G1 Z6.4
G1 E.8 F1800
M204 S1500
;TYPE:Inner wall
;WIDTH:0.449999
G1 F1473.915
G1 X63.106 Y49.482 E.00047
G1 X63.751 Y49.572 E.02202
G1 X64.379 Y49.624 E.02134
G1 X64.379 Y52.318 E.09117
G1 X63.465 Y52.25 E.03101
G1 X62.687 Y52.143 E.02658
G1 X62.114 Y52.032 E.01976
G1 X63.057 Y49.512 E.09108
G1 X63.06 Y49.51 E.00014
M204 S500
G1 X62.795 Y48.986 F7200
;TYPE:Outer wall
G1 F1473.915
G1 X63.166 Y49.058 E.01278
G1 X63.787 Y49.145 E.02121
G1 X64.807 Y49.208 E.03462
G1 X64.807 Y52.758 E.12016
G1 X64.209 Y52.741 E.02026
G1 X63.231 Y52.65 E.03325
G1 X62.593 Y52.561 E.0218
G1 X61.546 Y52.328 E.03631
G1 X62.781 Y49.024 E.11942
M204 S10000
G1 E-.8 F1800
G1 X62.664 Y51.724 Z6.8 F7200
G1 Z6.4
G1 E.8 F1800
M204 S500
;TYPE:Internal solid infill
G1 F1473.915
G1 X63.345 Y51.822 E.02329
G1 X63.972 Y51.883 E.02131
G1 X63.972 Y49.994 E.06396
G1 X63.338 Y49.921 E.02159
G1 X62.678 Y51.686 E.06377
M204 S10000
G1 X63.257 Y51.215 F7200
M204 S500
;WIDTH:0.39088
G1 F1724.336
G1 X63.181 Y51.419 E.00629
G1 X63.594 Y51.473 E.01205
G1 X63.591 Y50.334 E.03297
G1 X63.271 Y51.178 E.02611
; stop printing object fidget-finger-massager-2000-roller_plain.stl id:4713352688601451214 copy 0
;LAYER_CHANGE
;Z:6.6
;HEIGHT:0.2
G92 E0
;_SET_FAN_SPEED_CHANGING_LAYER
; printing object fidget-finger-massager-2000-roller_plain.stl id:4713352688601451214 copy 0
M204 S10000
G1 E-.8 F1800
G1 X58.582 Y57.2 Z7 F7200
G1 X57.898 Y58.077 Z7
G1 Z6.6
G1 E.8 F1800
M204 S1500
;TYPE:Inner wall
;WIDTH:0.449999
G1 F1473.915
G1 X55.876 Y57.246 E.074
G1 X62.219 Y41.917 E.56154
G1 X64.239 Y42.753 E.074
G1 X57.914 Y58.04 E.56
M204 S500
G1 X58.131 Y58.636 F7200
;TYPE:Outer wall
G1 F1473.915
G1 X55.316 Y57.479 E.10301
G1 X61.987 Y41.357 E.59059
G1 X64.799 Y42.521 E.10301
G1 X58.146 Y58.599 E.58897
M204 S10000
G1 E-.8 F1800
M73 P19 R16
G1 X56.622 Y57.178 Z7 F7200
G1 Z6.6
G1 E.8 F1800
M204 S500
;TYPE:Sparse infill
;WIDTH:0.45
G1 F1473.913
G1 X57.711 Y57.626 E.03982
G1 X57.883 Y57.209 E.01529
G1 X56.74 Y56.065 E.05475
G1 X57.649 Y53.866 E.08055
G1 X58.793 Y55.01 E.05475
G1 X58.171 Y56.514 E.05512
M204 S10000
G1 E-.8 F1800
G1 X59.182 Y50.162 Z7 F7200
G1 Z6.6
G1 E.8 F1800
M204 S500
G1 F1473.913
G1 X58.559 Y51.667 E.05512
G1 X59.703 Y52.811 E.05475
G1 X60.613 Y50.612 E.08055
G1 X59.469 Y49.468 E.05475
G1 X60.379 Y47.269 E.08055
G1 X61.523 Y48.413 E.05475
G1 X62.432 Y46.214 E.08055
G1 X61.289 Y45.07 E.05475
G1 X62.199 Y42.871 E.08055
G1 X63.342 Y44.015 E.05475
G1 X63.787 Y42.94 E.03936
G1 X63.357 Y42.762 E.01576
M204 S10000
G1 E-.8 F1800
G1 X58.389 Y48.557 Z7 F7200
G1 X57.166 Y49.982 Z7
G1 Z6.6
G1 E.8 F1800
M204 S1500
;TYPE:Inner wall
;WIDTH:0.449999
G1 F1473.915
G1 X56.673 Y49.648 E.02017
G1 X56.04 Y49.167 E.02691
G1 X55.363 Y48.583 E.03027
G1 X56.819 Y47.128 E.06969
G1 X57.279 Y46.689 E.02152
G1 X57.79 Y47.118 E.02257
G1 X58.298 Y47.499 E.0215
G1 X57.183 Y49.946 E.09101
M204 S500
G1 X57.359 Y50.594 F7200
;TYPE:Outer wall
G1 F1473.915
G1 X57.09 Y50.448 E.01035
G1 X56.434 Y50.005 E.0268
G1 X55.789 Y49.516 E.02738
G1 X55.172 Y48.993 E.02738
G1 X54.748 Y48.592 E.01976
G1 X57.259 Y46.081 E.12017
G1 X57.556 Y46.362 E.01383
G1 X58.047 Y46.776 E.02175
G1 X58.838 Y47.347 E.03303
G1 X57.375 Y50.557 E.11943
M204 S10000
G1 X56.999 Y49.367 F7200
M204 S500
;TYPE:Internal solid infill
G1 F1473.915
G1 X57.793 Y47.625 E.06481
G1 X57.294 Y47.228 E.02159
G1 X55.958 Y48.564 E.06396
G1 X56.453 Y48.967 E.02161
G1 X56.967 Y49.343 E.02156
M204 S10000
G1 X56.848 Y48.789 F7200
M204 S500
;WIDTH:0.390439
G1 F1726.524
G1 X57.323 Y47.738 E.03333
G1 X56.514 Y48.541 E.03294
G1 X56.816 Y48.765 E.01086
M204 S10000
G1 E-.8 F1800
G1 X63.092 Y49.486 Z7 F7200
G1 Z6.6
G1 E.8 F1800
M204 S1500
;TYPE:Inner wall
;WIDTH:0.449999
G1 F1473.915
G1 X63.101 Y49.481 E.00033
G1 X63.747 Y49.571 E.02208
G1 X64.379 Y49.624 E.02146
G1 X64.379 Y52.318 E.09117
G1 X63.465 Y52.25 E.03103
G1 X62.686 Y52.143 E.02659
G1 X62.114 Y52.032 E.01973
G1 X63.058 Y49.507 E.09125
M204 S500
G1 X62.795 Y48.986 F7200
;TYPE:Outer wall
G1 F1473.915
G1 X63.161 Y49.057 E.0126
G1 X63.783 Y49.144 E.02127
G1 X64.807 Y49.208 E.03474
G1 X64.807 Y52.758 E.12016
G1 X64.209 Y52.741 E.02027
G1 X63.231 Y52.65 E.03324
G1 X62.592 Y52.561 E.02183
G1 X61.546 Y52.328 E.03628
G1 X62.781 Y49.024 E.11942
M204 S10000
G1 E-.8 F1800
G1 X62.664 Y51.724 Z7 F7200
G1 Z6.6
G1 E.8 F1800
M204 S500
;TYPE:Internal solid infill
G1 F1473.915
G1 X63.345 Y51.822 E.02329
G1 X63.972 Y51.883 E.02131
G1 X63.972 Y49.994 E.06396
G1 X63.338 Y49.921 E.02159
G1 X62.678 Y51.686 E.06378
M204 S10000
G1 X63.257 Y51.215 F7200
M204 S500
;WIDTH:0.390881
G1 F1724.331
G1 X63.181 Y51.419 E.00629
G1 X63.594 Y51.473 E.01205
G1 X63.591 Y50.334 E.03297
G1 X63.271 Y51.178 E.02611
; stop printing object fidget-finger-massager-2000-roller_plain.stl id:4713352688601451214 copy 0
M106 S237
;LAYER_CHANGE
;Z:6.8
;HEIGHT:0.2
G92 E0
;_SET_FAN_SPEED_CHANGING_LAYER
; printing object fidget-finger-massager-2000-roller_plain.stl id:4713352688601451214 copy 0
M204 S10000
G1 E-.8 F1800
G1 X58.603 Y57.216 Z7.2 F7200
G1 X57.854 Y58.184 Z7.2
G1 Z6.8
G1 E.8 F1800
M204 S1500
;TYPE:Inner wall
;WIDTH:0.449999
G1 F1473.915
G1 X55.832 Y57.352 E.074
G1 X62.261 Y41.814 E.56919
G1 X64.283 Y42.647 E.074
G1 X57.869 Y58.147 E.56779
M204 S500
G1 X58.087 Y58.743 F7200
;TYPE:Outer wall
G1 F1473.915
G1 X55.272 Y57.585 E.10301
G1 X62.029 Y41.255 E.59821
G1 X64.843 Y42.415 E.10301
G1 X58.102 Y58.706 E.59679
M204 S10000
G1 E-.8 F1800
G1 X56.364 Y57.131 Z7.2 F7200
G1 Z6.8
G1 E.8 F1800
M204 S500
;TYPE:Internal solid infill
G1 F1473.915
G1 X57.633 Y57.653 E.04644
G1 X63.751 Y42.868 E.54159
G1 X62.482 Y42.346 E.04644
G1 X56.38 Y57.094 E.54027
M204 S10000
G1 X56.946 Y56.889 F7200
M204 S500
;WIDTH:0.525367
G1 F1243.66
G1 X57.392 Y57.073 E.01935
G1 X63.169 Y43.11 E.60619
G1 X62.723 Y42.926 E.01935
M73 P20 R15
G1 X56.961 Y56.852 E.6046
M204 S10000
G1 E-.8 F1800
G1 X57.166 Y49.982 Z7.2 F7200
G1 Z6.8
G1 E.8 F1800
M204 S1500
;TYPE:Inner wall
;WIDTH:0.449999
G1 F1473.915
G1 X56.674 Y49.649 E.02014
G1 X56.041 Y49.167 E.02692
G1 X55.363 Y48.583 E.03029
G1 X56.816 Y47.13 E.06956
G1 X57.281 Y46.691 E.02165
G1 X57.789 Y47.118 E.02249
G1 X58.298 Y47.499 E.02151
G1 X57.183 Y49.946 E.09102
M204 S500
G1 X57.359 Y50.594 F7200
;TYPE:Outer wall
G1 F1473.915
G1 X57.09 Y50.448 E.01035
G1 X56.435 Y50.005 E.02676
G1 X55.79 Y49.517 E.02739
G1 X55.172 Y48.993 E.02739
G1 X54.748 Y48.592 E.01977
G1 X57.259 Y46.081 E.12017
G1 X57.557 Y46.363 E.01389
G1 X58.047 Y46.775 E.02167
G1 X58.838 Y47.347 E.03304
G1 X57.375 Y50.557 E.11943
M204 S10000
G1 X56.999 Y49.367 F7200
M204 S500
;TYPE:Internal solid infill
G1 F1473.915
G1 X57.793 Y47.625 E.06482
G1 X57.294 Y47.228 E.02159
G1 X55.958 Y48.564 E.06396
G1 X56.453 Y48.967 E.02161
G1 X56.967 Y49.343 E.02156
M204 S10000
G1 X56.848 Y48.789 F7200
M204 S500
;WIDTH:0.390442
G1 F1726.509
G1 X57.323 Y47.738 E.03333
G1 X56.515 Y48.541 E.03294
G1 X56.816 Y48.765 E.01086
M204 S10000
G1 E-.8 F1800
G1 X63.071 Y49.474 Z7.2 F7200
G1 Z6.8
G1 E.8 F1800
M204 S1500
;TYPE:Inner wall
;WIDTH:0.449999
G1 F1473.915
G1 X63.743 Y49.571 E.023
G1 X64.379 Y49.624 E.02159
G1 X64.379 Y52.318 E.09117
G1 X63.464 Y52.25 E.03105
G1 X62.685 Y52.143 E.0266
G1 X62.114 Y52.032 E.01969
G1 X63.057 Y49.511 E.0911
M204 S500
G1 X62.796 Y48.986 F7200
;TYPE:Outer wall
G1 F1473.915
G1 X63.261 Y49.073 E.01604
G1 X63.779 Y49.144 E.0177
G1 X64.807 Y49.208 E.03486
G1 X64.807 Y52.758 E.12016
G1 X64.208 Y52.741 E.02028
G1 X63.231 Y52.65 E.03323
G1 X62.591 Y52.561 E.02186
G1 X61.546 Y52.328 E.03625
G1 X62.782 Y49.023 E.11944
M204 S10000
G1 E-.8 F1800
G1 X62.664 Y51.724 Z7.2 F7200
G1 Z6.8
G1 E.8 F1800
M204 S500
;TYPE:Internal solid infill
G1 F1473.915
G1 X63.345 Y51.822 E.02329
G1 X63.972 Y51.883 E.02132
G1 X63.972 Y49.994 E.06395
G1 X63.337 Y49.923 E.02161
G1 X62.678 Y51.686 E.06372
M204 S10000
G1 X63.257 Y51.215 F7200
M204 S500
;WIDTH:0.390881
G1 F1724.331
G1 X63.181 Y51.419 E.00629
G1 X63.594 Y51.473 E.01205
G1 X63.59 Y50.335 E.03293
G1 X63.271 Y51.178 E.02607
; stop printing object fidget-finger-massager-2000-roller_plain.stl id:4713352688601451214 copy 0
;LAYER_CHANGE
;Z:7
;HEIGHT:0.2
G92 E0
;_SET_FAN_SPEED_CHANGING_LAYER
; printing object fidget-finger-massager-2000-roller_plain.stl id:4713352688601451214 copy 0
M204 S10000
G1 E-.8 F1800
G1 X58.623 Y57.232 Z7.4 F7200
G1 X57.81 Y58.291 Z7.4
G1 Z7
G1 E.8 F1800
M204 S1500
;TYPE:Inner wall
;WIDTH:0.449999
G1 F1473.915
G1 X55.788 Y57.459 E.074
G1 X62.306 Y41.707 E.57702
G1 X64.327 Y42.54 E.074
G1 X57.825 Y58.254 E.57561
M204 S500
G1 X58.042 Y58.85 F7200
;TYPE:Outer wall
G1 F1473.915
G1 X55.228 Y57.692 E.10301
G1 X62.073 Y41.148 E.60604
G1 X64.887 Y42.308 E.10301
G1 X58.058 Y58.813 E.60461
M204 S10000
G1 E-.8 F1800
G1 X56.32 Y57.238 Z7.4 F7200
G1 Z7
G1 E.8 F1800
M204 S500
;TYPE:Internal solid infill
G1 F1473.915
G1 X57.589 Y57.76 E.04644
G1 X63.795 Y42.762 E.54941
G1 X62.526 Y42.239 E.04644
G1 X56.336 Y57.201 E.5481
M204 S10000
G1 X56.902 Y56.996 F7200
M204 S500
;WIDTH:0.525366
G1 F1243.664
G1 X57.348 Y57.18 E.01935
G1 X63.214 Y43.003 E.61546
G1 X62.768 Y42.819 E.01935
G1 X56.917 Y56.959 E.61387
M204 S10000
G1 E-.8 F1800
M73 P21 R15
G1 X57.166 Y49.982 Z7.4 F7200
G1 Z7
G1 E.8 F1800
M204 S1500
;TYPE:Inner wall
;WIDTH:0.449999
G1 F1473.915
G1 X56.675 Y49.649 E.0201
G1 X56.041 Y49.168 E.02693
G1 X55.363 Y48.583 E.03031
G1 X56.813 Y47.133 E.06943
G1 X57.282 Y46.692 E.02179
G1 X57.789 Y47.118 E.02241
G1 X58.298 Y47.499 E.02152
G1 X57.183 Y49.946 E.09102
M204 S500
G1 X57.359 Y50.594 F7200
;TYPE:Outer wall
G1 F1473.915
G1 X57.09 Y50.448 E.01035
G1 X56.435 Y50.006 E.02673
G1 X55.79 Y49.517 E.0274
G1 X55.173 Y48.994 E.0274
G1 X54.748 Y48.592 E.01978
G1 X57.259 Y46.081 E.12017
G1 X57.558 Y46.364 E.01395
G1 X58.046 Y46.775 E.02159
G1 X58.838 Y47.347 E.03306
G1 X57.375 Y50.557 E.11943
M204 S10000
G1 X56.999 Y49.367 F7200
M204 S500
;TYPE:Internal solid infill
G1 F1473.915
G1 X57.793 Y47.624 E.06482
G1 X57.294 Y47.228 E.02159
G1 X55.958 Y48.564 E.06396
G1 X56.453 Y48.967 E.02161
G1 X56.967 Y49.343 E.02156
M204 S10000
G1 X56.848 Y48.789 F7200
M204 S500
;WIDTH:0.390448
G1 F1726.48
G1 X57.323 Y47.737 E.03334
G1 X56.515 Y48.541 E.03294
G1 X56.816 Y48.765 E.01086
M204 S10000
G1 E-.8 F1800
G1 X63.09 Y49.479 Z7.4 F7200
G1 Z7
G1 E.8 F1800
M204 S1500
;TYPE:Inner wall
;WIDTH:0.449999
G1 F1473.915
G1 X63.739 Y49.571 E.02221
G1 X64.379 Y49.624 E.02172
G1 X64.379 Y52.318 E.09117
G1 X63.463 Y52.25 E.03107
G1 X62.684 Y52.142 E.02661
G1 X62.114 Y52.032 E.01966
G1 X62.847 Y50.072 E.07083
G1 X63.075 Y49.516 E.02033
M204 S500
G1 X62.795 Y48.986 F7200
;TYPE:Outer wall
G1 F1473.915
G1 X63.15 Y49.055 E.01223
G1 X63.776 Y49.144 E.02139
G1 X64.807 Y49.208 E.03498
G1 X64.807 Y52.758 E.12016
G1 X64.208 Y52.741 E.02029
G1 X63.231 Y52.65 E.03322
G1 X62.59 Y52.561 E.02189
G1 X61.546 Y52.328 E.03621
G1 X62.781 Y49.024 E.11941
M204 S10000
G1 E-.8 F1800
G1 X62.664 Y51.724 Z7.4 F7200
G1 Z7
G1 E.8 F1800
M204 S500
;TYPE:Internal solid infill
G1 F1473.915
G1 X63.345 Y51.822 E.02329
G1 X63.972 Y51.883 E.02132
G1 X63.972 Y49.994 E.06396
G1 X63.338 Y49.921 E.02159
G1 X62.678 Y51.686 E.06379
M204 S10000
G1 X63.257 Y51.215 F7200
M204 S500
;WIDTH:0.390883
G1 F1724.321
G1 X63.181 Y51.419 E.00629
G1 X63.594 Y51.473 E.01205
G1 X63.591 Y50.334 E.03298
G1 X63.271 Y51.178 E.02612
; stop printing object fidget-finger-massager-2000-roller_plain.stl id:4713352688601451214 copy 0
;LAYER_CHANGE
;Z:7.2
;HEIGHT:0.2
G92 E0
;_SET_FAN_SPEED_CHANGING_LAYER
; printing object fidget-finger-massager-2000-roller_plain.stl id:4713352688601451214 copy 0
M204 S10000
G1 E-.8 F1800
G1 X58.643 Y57.247 Z7.6 F7200
G1 X57.766 Y58.397 Z7.6
G1 Z7.2
G1 E.8 F1800
M204 S1500
;TYPE:Inner wall
;WIDTH:0.449999
G1 F1473.915
G1 X55.744 Y57.566 E.074
G1 X62.352 Y41.596 E.58499
G1 X64.371 Y42.433 E.074
G1 X57.781 Y58.36 E.58345
M204 S500
G1 X57.998 Y58.956 F7200
;TYPE:Outer wall
G1 F1473.915
G1 X55.184 Y57.799 E.10301
G1 X62.12 Y41.037 E.61404
G1 X64.931 Y42.201 E.10301
G1 X58.014 Y58.919 E.61243
M204 S10000
G1 E-.8 F1800
G1 X58.51 Y51.947 Z7.6 F7200
G1 Z7.2
G1 E.8 F1800
M204 S500
;TYPE:Internal solid infill
G1 F1473.915
G1 X56.276 Y57.345 E.19774
G1 X57.545 Y57.866 E.04644
G1 X59.777 Y52.472 E.19763
G1 X58.547 Y51.962 E.04509
M204 S10000
G1 X58.75 Y52.528 F7200
M204 S500
;WIDTH:0.525368
G1 F1243.659
G1 X56.857 Y57.103 E.19862
G1 X57.304 Y57.286 E.01935
G1 X59.196 Y52.712 E.19857
G1 X58.787 Y52.543 E.01775
M204 S10000
G1 E-.8 F1800
G1 X60.647 Y51.014 Z7.6 F7200
G1 Z7.2
G1 E.8 F1800
M204 S500
;TYPE:Top surface
;WIDTH:0.420727
G1 F1588.112
G1 X59.531 Y52.13 E.0496
M204 S10000
G1 X59.153 Y51.974 F7200
M204 S500
G1 F1588.112
G1 X61.025 Y50.102 E.08314
M204 S10000
G1 X61.402 Y49.191 F7200
M204 S500
G1 F1588.112
G1 X58.775 Y51.817 E.11668
M204 S10000
G1 X58.398 Y51.661 F7200
M204 S500
G1 F1588.112
G1 X61.719 Y48.34 E.14754
M204 S10000
G1 X61.341 Y48.183 F7200
M204 S500
G1 F1588.112
G1 X58.712 Y50.812 E.1168
M204 S10000
G1 X59.089 Y49.9 F7200
M204 S500
G1 F1588.112
G1 X60.963 Y48.026 E.08326
M204 S10000
G1 X60.585 Y47.87 F7200
M204 S500
G1 F1588.112
G1 X59.466 Y48.989 E.04971
M204 S10000
G1 X60.338 Y47.528 F7200
M204 S500
;TYPE:Internal solid infill
;WIDTH:0.449999
G1 F1473.915
G1 X61.606 Y48.053 E.04644
G1 X63.84 Y42.653 E.19779
G1 X62.572 Y42.128 E.04644
G1 X60.353 Y47.491 E.19644
M204 S10000
G1 X60.919 Y47.287 F7200
M204 S500
;WIDTH:0.525367
G1 F1243.66
G1 X61.365 Y47.472 E.01935
G1 X63.259 Y42.894 E.19872
G1 X62.813 Y42.71 E.01935
M73 P22 R15
G1 X60.934 Y47.25 E.19712
M204 S10000
G1 E-.8 F1800
G1 X57.166 Y49.982 Z7.6 F7200
G1 Z7.2
G1 E.8 F1800
M204 S1500
;TYPE:Inner wall
;WIDTH:0.449999
G1 F1473.915
G1 X56.675 Y49.65 E.02007
G1 X56.042 Y49.168 E.02695
G1 X55.363 Y48.583 E.03033
G1 X56.811 Y47.136 E.0693
G1 X57.284 Y46.693 E.02192
G1 X57.789 Y47.118 E.02233
G1 X58.298 Y47.499 E.02154
G1 X57.183 Y49.946 E.09102
M204 S500
G1 X57.359 Y50.594 F7200
;TYPE:Outer wall
G1 F1473.915
G1 X57.09 Y50.448 E.01035
G1 X56.436 Y50.006 E.02669
G1 X55.791 Y49.517 E.02741
G1 X55.173 Y48.994 E.02741
G1 X54.748 Y48.592 E.01979
G1 X57.259 Y46.081 E.12017
G1 X57.56 Y46.366 E.01401
G1 X58.046 Y46.775 E.02151
G1 X58.838 Y47.347 E.03308
G1 X57.375 Y50.557 E.11943
M204 S10000
G1 X56.999 Y49.367 F7200
M204 S500
;TYPE:Internal solid infill
G1 F1473.915
G1 X57.794 Y47.624 E.06483
G1 X57.294 Y47.228 E.02159
G1 X55.958 Y48.564 E.06396
G1 X56.453 Y48.967 E.02161
G1 X56.967 Y49.343 E.02156
M204 S10000
G1 X56.848 Y48.789 F7200
M204 S500
;WIDTH:0.39045
G1 F1726.47
G1 X57.323 Y47.737 E.03334
G1 X56.515 Y48.541 E.03294
G1 X56.816 Y48.765 E.01086
M204 S10000
G1 E-.8 F1800
G1 X63.084 Y49.478 Z7.6 F7200
G1 Z7.2
G1 E.8 F1800
M204 S1500
;TYPE:Inner wall
;WIDTH:0.449999
G1 F1473.915
G1 X63.736 Y49.57 E.02227
G1 X64.379 Y49.624 E.02184
G1 X64.379 Y52.318 E.09117
G1 X63.463 Y52.25 E.0311
G1 X62.683 Y52.142 E.02662
G1 X62.114 Y52.032 E.01963
G1 X62.847 Y50.072 E.07083
G1 X63.069 Y49.515 E.02029
M204 S500
G1 X62.795 Y48.986 F7200
;TYPE:Outer wall
G1 F1473.915
G1 X63.145 Y49.054 E.01205
G1 X63.772 Y49.143 E.02145
G1 X64.807 Y49.208 E.03511
G1 X64.807 Y52.758 E.12016
G1 X64.208 Y52.741 E.02031
G1 X63.231 Y52.65 E.03321
G1 X62.589 Y52.56 E.02192
G1 X61.546 Y52.328 E.03618
G1 X62.781 Y49.024 E.11941
M204 S10000
G1 E-.8 F1800
G1 X62.664 Y51.724 Z7.6 F7200
G1 Z7.2
G1 E.8 F1800
M204 S500
;TYPE:Internal solid infill
G1 F1473.915
G1 X63.345 Y51.822 E.02329
G1 X63.972 Y51.883 E.02132
G1 X63.972 Y49.994 E.06396
G1 X63.338 Y49.921 E.02159
G1 X62.678 Y51.686 E.06379
M204 S10000
G1 X63.257 Y51.215 F7200
M204 S500
;WIDTH:0.390884
G1 F1724.316
G1 X63.181 Y51.419 E.00629
G1 X63.594 Y51.473 E.01205
G1 X63.591 Y50.333 E.03298
G1 X63.271 Y51.178 E.02612
; stop printing object fidget-finger-massager-2000-roller_plain.stl id:4713352688601451214 copy 0
M106 S240
;LAYER_CHANGE
;Z:7.4
;HEIGHT:0.2
G92 E0
;_SET_FAN_SPEED_CHANGING_LAYER
; printing object fidget-finger-massager-2000-roller_plain.stl id:4713352688601451214 copy 0
M204 S10000
G1 E-.8 F1800
G1 X59.569 Y48.313 Z7.8 F7200
G1 Z7.4
G1 E.8 F1800
M204 S1500
;TYPE:Inner wall
;WIDTH:0.449999
G1 F1473.915
G1 X62.396 Y41.49 E.24998
G1 X64.422 Y42.329 E.07423
G1 X61.595 Y49.152 E.24998
G1 X59.606 Y48.328 E.07287
M204 S500
G1 X59.01 Y48.545 F7200
;TYPE:Outer wall
G1 F1473.915
G1 X62.164 Y40.93 E.27899
G1 X64.934 Y42.077 E.10149
G1 X64.969 Y42.126 E.00205
G1 X61.827 Y49.712 E.27792
G1 X59.047 Y48.56 E.10188
M204 S10000
G1 X60.101 Y48.093 F7200
M204 S500
;TYPE:Internal solid infill
G1 F1473.915
G1 X61.375 Y48.62 E.04667
G1 X63.89 Y42.549 E.22242
G1 X62.616 Y42.022 E.04667
G1 X60.117 Y48.056 E.22107
M204 S10000
G1 X60.685 Y47.851 F7200
M204 S500
;WIDTH:0.528759
G1 F1234.977
G1 X61.134 Y48.037 E.01963
G1 X63.306 Y42.791 E.22939
G1 X62.858 Y42.605 E.01963
G1 X60.7 Y47.814 E.22777
M204 S10000
G1 E-.8 F1800
G1 X57.166 Y49.982 Z7.8 F7200
G1 Z7.4
G1 E.8 F1800
M204 S1500
;TYPE:Inner wall
;WIDTH:0.449999
G1 F1473.915
G1 X56.676 Y49.651 E.02003
G1 X56.042 Y49.169 E.02696
G1 X55.363 Y48.583 E.03035
G1 X56.808 Y47.138 E.06917
G1 X57.285 Y46.695 E.02205
G1 X57.791 Y47.119 E.02234
G1 X58.298 Y47.499 E.02146
G1 X57.183 Y49.946 E.09103
M204 S500
G1 X57.359 Y50.594 F7200
;TYPE:Outer wall
G1 F1473.915
G1 X57.09 Y50.448 E.01035
G1 X56.437 Y50.007 E.02666
G1 X55.791 Y49.518 E.02742
G1 X55.173 Y48.994 E.02743
G1 X54.748 Y48.592 E.0198
G1 X57.259 Y46.081 E.12017
G1 X57.561 Y46.367 E.01407
G1 X58.048 Y46.776 E.02152
G1 X58.838 Y47.347 E.03301
G1 X57.375 Y50.557 E.11942
M204 S10000
G1 X56.999 Y49.367 F7200
M204 S500
;TYPE:Internal solid infill
G1 F1473.915
G1 X57.794 Y47.624 E.06483
G1 X57.294 Y47.228 E.02159
G1 X55.958 Y48.564 E.06396
G1 X56.453 Y48.967 E.02161
G1 X56.967 Y49.344 E.02156
M204 S10000
G1 X56.848 Y48.789 F7200
M204 S500
;WIDTH:0.390454
G1 F1726.45
G1 X57.323 Y47.737 E.03335
G1 X56.515 Y48.541 E.03295
G1 X56.816 Y48.765 E.01086
M204 S10000
G1 E-.8 F1800
G1 X60.545 Y51.686 Z7.8 F7200
G1 Z7.4
G1 E.8 F1800
M204 S1500
;TYPE:Inner wall
;WIDTH:0.449999
G1 F1473.915
G1 X57.714 Y58.507 E.24997
G1 X55.696 Y57.665 E.07401
G1 X58.52 Y50.847 E.24979
G1 X60.508 Y51.671 E.07286
M204 S500
G1 X61.105 Y51.454 F7200
;TYPE:Outer wall
G1 F1473.915
G1 X57.945 Y59.068 E.27902
G1 X55.136 Y57.896 E.10301
G1 X58.288 Y50.287 E.27876
G1 X61.069 Y51.439 E.10188
M204 S10000
G1 E-.8 F1800
G1 X58.74 Y51.379 Z7.8 F7200
G1 Z7.4
G1 E.8 F1800
M204 S500
;TYPE:Internal solid infill
G1 F1473.915
G1 X56.227 Y57.446 E.22226
G1 X57.494 Y57.974 E.04646
M73 P23 R15
G1 X60.013 Y51.906 E.22238
G1 X58.777 Y51.394 E.04529
M204 S10000
G1 X58.982 Y51.962 F7200
M204 S500
;WIDTH:0.52702
G1 F1239.413
G1 X56.808 Y57.206 E.22849
G1 X57.254 Y57.392 E.01944
G1 X59.43 Y52.148 E.22854
G1 X59.018 Y51.977 E.01792
M204 S10000
G1 E-.8 F1800
G1 X63.075 Y49.463 Z7.8 F7200
G1 Z7.4
G1 E.8 F1800
M204 S1500
;TYPE:Inner wall
;WIDTH:0.449999
G1 F1473.915
G1 X63.732 Y49.57 E.02254
G1 X64.379 Y49.624 E.02197
G1 X64.379 Y52.318 E.09117
G1 X63.462 Y52.25 E.03112
G1 X62.682 Y52.142 E.02663
G1 X62.114 Y52.032 E.01959
G1 X63.061 Y49.5 E.09148
M204 S500
G1 X62.797 Y48.983 F7200
;TYPE:Outer wall
G1 F1473.915
G1 X63.769 Y49.143 E.03334
G1 X64.807 Y49.208 E.03523
G1 X64.807 Y52.758 E.12017
G1 X64.207 Y52.741 E.02032
G1 X63.231 Y52.65 E.0332
G1 X62.588 Y52.56 E.02195
G1 X61.546 Y52.328 E.03615
G1 X62.783 Y49.02 E.11955
M204 S10000
G1 E-.8 F1800
G1 X62.664 Y51.724 Z7.8 F7200
G1 Z7.4
G1 E.8 F1800
M204 S500
;TYPE:Internal solid infill
G1 F1473.915
G1 X63.345 Y51.822 E.02328
G1 X63.972 Y51.883 E.02132
G1 X63.972 Y49.992 E.06402
G1 X63.341 Y49.913 E.02151
G1 X62.678 Y51.686 E.06408
M204 S10000
G1 X63.257 Y51.215 F7200
M204 S500
;WIDTH:0.390885
G1 F1724.311
G1 X63.181 Y51.419 E.00629
G1 X63.594 Y51.473 E.01205
G1 X63.592 Y50.327 E.03316
G1 X63.271 Y51.178 E.0263
; stop printing object fidget-finger-massager-2000-roller_plain.stl id:4713352688601451214 copy 0
;LAYER_CHANGE
;Z:7.6
;HEIGHT:0.2
G92 E0
;_SET_FAN_SPEED_CHANGING_LAYER
; printing object fidget-finger-massager-2000-roller_plain.stl id:4713352688601451214 copy 0
M204 S10000
G1 E-.8 F1800
G1 X59.705 Y47.985 Z8 F7200
G1 Z7.6
G1 E.8 F1800
M204 S1500
;TYPE:Inner wall
;WIDTH:0.449999
G1 F1473.915
G1 X62.438 Y41.387 E.24172
G1 X64.466 Y42.223 E.07423
G1 X61.731 Y48.824 E.24186
G1 X59.742 Y48 E.07287
M204 S500
G1 X59.145 Y48.217 F7200
;TYPE:Outer wall
G1 F1473.915
G1 X62.206 Y40.828 E.27071
G1 X64.978 Y41.971 E.1015
G1 X65.014 Y42.02 E.00204
G1 X61.963 Y49.384 E.26982
G1 X59.182 Y48.232 E.10188
M204 S10000
G1 X60.237 Y47.765 F7200
M204 S500
;TYPE:Internal solid infill
G1 F1473.915
G1 X61.511 Y48.292 E.04667
G1 X63.933 Y42.444 E.21427
G1 X62.659 Y41.919 E.04667
G1 X60.252 Y47.728 E.21284
M204 S10000
G1 X60.82 Y47.523 F7200
M204 S500
;WIDTH:0.528759
G1 F1234.977
G1 X61.269 Y47.709 E.01963
G1 X63.35 Y42.686 E.21963
G1 X62.901 Y42.501 E.01963
G1 X60.836 Y47.486 E.21797
M204 S10000
G1 E-.8 F1800
G1 X57.166 Y49.982 Z8 F7200
G1 Z7.6
G1 E.8 F1800
M204 S1500
;TYPE:Inner wall
;WIDTH:0.449999
G1 F1473.915
G1 X56.677 Y49.651 E.02
G1 X56.043 Y49.169 E.02697
G1 X55.363 Y48.583 E.03037
G1 X57.249 Y46.697 E.09027
G1 X57.286 Y46.696 E.00128
G1 X57.791 Y47.12 E.02231
G1 X58.293 Y47.5 E.02132
G1 X57.183 Y49.946 E.09092
M204 S500
G1 X57.359 Y50.594 F7200
;TYPE:Outer wall
G1 F1473.915
G1 X57.09 Y50.448 E.01035
G1 X56.438 Y50.008 E.02662
G1 X55.792 Y49.518 E.02744
G1 X55.173 Y48.994 E.02744
G1 X54.748 Y48.592 E.01981
G1 X57.259 Y46.081 E.12017
G1 X57.562 Y46.368 E.01414
G1 X58.05 Y46.778 E.02158
G1 X58.838 Y47.347 E.03289
G1 X57.375 Y50.557 E.11942
M204 S10000
G1 X56.999 Y49.367 F7200
M204 S500
;TYPE:Internal solid infill
G1 F1473.915
G1 X57.794 Y47.624 E.06484
G1 X57.294 Y47.228 E.02159
G1 X55.958 Y48.564 E.06396
G1 X56.453 Y48.967 E.02161
G1 X56.967 Y49.344 E.02156
M204 S10000
G1 X56.848 Y48.789 F7200
M204 S500
;WIDTH:0.390457
G1 F1726.435
G1 X57.323 Y47.737 E.03335
G1 X56.515 Y48.541 E.03295
G1 X56.816 Y48.765 E.01086
M204 S10000
G1 E-.8 F1800
G1 X60.408 Y52.02 Z8 F7200
G1 Z7.6
G1 E.8 F1800
M204 S1500
;TYPE:Inner wall
;WIDTH:0.449999
G1 F1473.915
G1 X57.678 Y58.611 E.24148
G1 X55.655 Y57.779 E.07401
G1 X58.382 Y51.181 E.24166
G1 X60.371 Y52.005 E.07286
M204 S500
G1 X60.968 Y51.788 F7200
;TYPE:Outer wall
G1 F1473.915
G1 X58.491 Y57.767 E.21906
G1 X57.91 Y59.17 E.0514
G1 X55.095 Y58.012 E.10301
G1 X58.15 Y50.621 E.27071
G1 X60.931 Y51.773 E.10188
M204 S10000
G1 E-.8 F1800
G1 X58.603 Y51.713 Z8 F7200
G1 Z7.6
G1 E.8 F1800
M204 S500
;TYPE:Internal solid infill
G1 F1473.915
G1 X56.187 Y57.558 E.21407
G1 X57.457 Y58.08 E.04646
G1 X59.876 Y52.24 E.21396
G1 X58.64 Y51.728 E.04529
M204 S10000
G1 X58.845 Y52.296 F7200
M204 S500
;WIDTH:0.527019
G1 F1239.416
G1 X56.769 Y57.316 E.21866
G1 X57.216 Y57.499 E.01944
M73 P24 R15
G1 X59.293 Y52.482 E.21861
G1 X58.881 Y52.311 E.01792
M204 S10000
G1 E-.8 F1800
G1 X63.075 Y49.463 Z8 F7200
G1 Z7.6
G1 E.8 F1800
M204 S1500
;TYPE:Inner wall
;WIDTH:0.449999
G1 F1473.915
G1 X63.728 Y49.569 E.02241
G1 X64.379 Y49.624 E.0221
G1 X64.379 Y52.318 E.09117
G1 X63.461 Y52.249 E.03114
G1 X62.681 Y52.142 E.02665
G1 X62.114 Y52.032 E.01956
G1 X63.061 Y49.5 E.09148
M204 S500
G1 X62.797 Y48.983 F7200
;TYPE:Outer wall
G1 F1473.915
G1 X63.765 Y49.142 E.03321
G1 X64.807 Y49.208 E.03535
G1 X64.807 Y52.758 E.12017
G1 X64.207 Y52.741 E.02033
G1 X63.231 Y52.65 E.03319
G1 X62.587 Y52.56 E.02199
G1 X61.546 Y52.328 E.03611
G1 X62.783 Y49.02 E.11955
M204 S10000
G1 E-.8 F1800
G1 X62.664 Y51.724 Z8 F7200
G1 Z7.6
G1 E.8 F1800
M204 S500
;TYPE:Internal solid infill
G1 F1473.915
G1 X63.345 Y51.822 E.02328
G1 X63.972 Y51.883 E.02132
G1 X63.972 Y49.992 E.06402
G1 X63.341 Y49.913 E.02151
G1 X62.678 Y51.686 E.06408
M204 S10000
G1 X63.257 Y51.215 F7200
M204 S500
;WIDTH:0.390886
G1 F1724.306
G1 X63.181 Y51.419 E.00629
G1 X63.594 Y51.473 E.01205
G1 X63.592 Y50.327 E.03316
G1 X63.271 Y51.178 E.0263
; stop printing object fidget-finger-massager-2000-roller_plain.stl id:4713352688601451214 copy 0
;LAYER_CHANGE
;Z:7.8
;HEIGHT:0.2
G92 E0
;_SET_FAN_SPEED_CHANGING_LAYER
; printing object fidget-finger-massager-2000-roller_plain.stl id:4713352688601451214 copy 0
M204 S10000
G1 E-.8 F1800
G1 X59.795 Y47.767 Z8.2 F7200
G1 Z7.8
G1 E.8 F1800
M204 S1500
;TYPE:Inner wall
;WIDTH:0.449999
G1 F1473.915
G1 X62.483 Y41.28 E.23768
G1 X64.51 Y42.116 E.07423
G1 X61.821 Y48.607 E.2378
G1 X59.832 Y47.783 E.07287
M204 S500
G1 X59.235 Y47.999 F7200
;TYPE:Outer wall
G1 F1473.915
G1 X62.25 Y40.721 E.26667
G1 X65.022 Y41.864 E.1015
G1 X65.058 Y41.913 E.00205
G1 X62.053 Y49.167 E.26576
G1 X59.272 Y48.015 E.10188
M204 S10000
G1 X60.327 Y47.547 F7200
M204 S500
;TYPE:Internal solid infill
G1 F1473.915
G1 X61.601 Y48.075 E.04667
G1 X63.978 Y42.337 E.21022
G1 X62.703 Y41.811 E.04667
G1 X60.343 Y47.51 E.20879
M204 S10000
G1 X60.911 Y47.306 F7200
M204 S500
;WIDTH:0.52876
G1 F1234.976
G1 X61.359 Y47.491 E.01963
G1 X63.394 Y42.579 E.21479
G1 X62.945 Y42.394 E.01963
G1 X60.926 Y47.269 E.21314
M204 S10000
G1 E-.8 F1800
G1 X57.166 Y49.982 Z8.2 F7200
G1 Z7.8
G1 E.8 F1800
M204 S1500
;TYPE:Inner wall
;WIDTH:0.449999
G1 F1473.915
G1 X56.678 Y49.652 E.01996
G1 X56.043 Y49.169 E.02699
G1 X55.363 Y48.583 E.0304
G1 X57.247 Y46.699 E.09021
G1 X57.288 Y46.697 E.00138
G1 X57.793 Y47.121 E.02231
G1 X58.298 Y47.499 E.02136
G1 X57.183 Y49.946 E.09103
M204 S500
G1 X57.359 Y50.594 F7200
;TYPE:Outer wall
G1 F1473.915
G1 X57.09 Y50.448 E.01035
G1 X56.439 Y50.008 E.02659
G1 X55.792 Y49.519 E.02745
G1 X55.174 Y48.994 E.02745
G1 X54.748 Y48.592 E.01983
G1 X57.259 Y46.081 E.12017
G1 X57.564 Y46.369 E.0142
G1 X58.053 Y46.781 E.02164
G1 X58.838 Y47.347 E.03276
G1 X57.375 Y50.557 E.11942
M204 S10000
G1 X56.999 Y49.367 F7200
M204 S500
;TYPE:Internal solid infill
G1 F1473.915
G1 X57.794 Y47.624 E.06484
G1 X57.294 Y47.228 E.02158
G1 X55.958 Y48.564 E.06396
G1 X56.453 Y48.967 E.02162
G1 X56.967 Y49.344 E.02156
M204 S10000
G1 X56.848 Y48.789 F7200
M204 S500
;WIDTH:0.390461
G1 F1726.415
G1 X57.323 Y47.737 E.03335
G1 X56.515 Y48.541 E.03295
G1 X56.816 Y48.765 E.01086
M204 S10000
G1 E-.8 F1800
G1 X60.318 Y52.235 Z8.2 F7200
G1 Z7.8
G1 E.8 F1800
M204 S1500
;TYPE:Inner wall
;WIDTH:0.449999
G1 F1473.915
G1 X57.633 Y58.718 E.23749
G1 X55.611 Y57.886 E.07401
G1 X58.293 Y51.396 E.23768
G1 X60.281 Y52.22 E.07286
M204 S500
G1 X60.878 Y52.003 F7200
;TYPE:Outer wall
G1 F1473.915
G1 X58.447 Y57.874 E.21507
G1 X57.866 Y59.276 E.0514
G1 X55.051 Y58.119 E.10301
G1 X58.061 Y50.836 E.26672
G1 X60.841 Y51.988 E.10188
M204 S10000
G1 E-.8 F1800
G1 X58.513 Y51.928 Z8.2 F7200
G1 Z7.8
G1 E.8 F1800
M204 S500
;TYPE:Internal solid infill
G1 F1473.915
G1 X56.143 Y57.664 E.21008
G1 X57.413 Y58.187 E.04646
G1 X59.786 Y52.456 E.20997
G1 X58.55 Y51.944 E.04529
M204 S10000
G1 X58.755 Y52.511 F7200
M204 S500
;WIDTH:0.527019
G1 F1239.416
G1 X56.725 Y57.422 E.21391
G1 X57.171 Y57.606 E.01944
G1 X59.204 Y52.697 E.21386
G1 X58.792 Y52.527 E.01792
M204 S10000
G1 E-.8 F1800
G1 X63.075 Y49.463 Z8.2 F7200
G1 Z7.8
G1 E.8 F1800
M204 S1500
;TYPE:Inner wall
;WIDTH:0.449999
G1 F1473.915
G1 X63.725 Y49.569 E.02229
G1 X64.379 Y49.624 E.02222
G1 X64.379 Y52.318 E.09117
G1 X63.461 Y52.249 E.03117
G1 X62.681 Y52.142 E.02666
G1 X62.114 Y52.032 E.01952
G1 X63.061 Y49.5 E.09148
M204 S500
G1 X62.797 Y48.983 F7200
;TYPE:Outer wall
G1 F1473.915
G1 X63.761 Y49.142 E.03309
G1 X64.807 Y49.208 E.03547
M73 P25 R15
G1 X64.807 Y52.758 E.12017
G1 X64.207 Y52.741 E.02034
M73 P25 R14
G1 X63.23 Y52.65 E.03319
G1 X62.586 Y52.56 E.02202
G1 X61.546 Y52.328 E.03608
G1 X62.783 Y49.02 E.11955
M204 S10000
G1 E-.8 F1800
G1 X62.664 Y51.724 Z8.2 F7200
G1 Z7.8
G1 E.8 F1800
M204 S500
;TYPE:Internal solid infill
G1 F1473.915
G1 X63.345 Y51.822 E.02328
G1 X63.972 Y51.883 E.02132
G1 X63.972 Y49.992 E.06402
G1 X63.341 Y49.913 E.02151
G1 X62.678 Y51.686 E.06408
M204 S10000
G1 X63.257 Y51.215 F7200
M204 S500
;WIDTH:0.390887
G1 F1724.301
G1 X63.181 Y51.419 E.00629
G1 X63.594 Y51.473 E.01205
G1 X63.592 Y50.327 E.03316
G1 X63.271 Y51.178 E.0263
; stop printing object fidget-finger-massager-2000-roller_plain.stl id:4713352688601451214 copy 0
;LAYER_CHANGE
;Z:8
;HEIGHT:0.2
G92 E0
;_SET_FAN_SPEED_CHANGING_LAYER
; printing object fidget-finger-massager-2000-roller_plain.stl id:4713352688601451214 copy 0
M204 S10000
G1 E-.8 F1800
G1 X59.861 Y47.609 Z8.4 F7200
G1 Z8
G1 E.8 F1800
M204 S1500
;TYPE:Inner wall
;WIDTH:0.449999
G1 F1473.915
G1 X62.527 Y41.173 E.23581
G1 X64.554 Y42.009 E.07423
G1 X61.887 Y48.448 E.23591
G1 X59.898 Y47.624 E.07287
M204 S500
G1 X59.301 Y47.841 F7200
;TYPE:Outer wall
G1 F1473.915
G1 X62.295 Y40.613 E.2648
G1 X65.067 Y41.757 E.10149
G1 X65.102 Y41.806 E.00205
G1 X62.119 Y49.008 E.26387
G1 X59.338 Y47.856 E.10188
M204 S10000
G1 X60.393 Y47.389 F7200
M204 S500
;TYPE:Internal solid infill
G1 F1473.915
G1 X61.667 Y47.917 E.04667
G1 X64.022 Y42.23 E.20833
G1 X62.747 Y41.704 E.04667
G1 X60.408 Y47.352 E.20692
M204 S10000
G1 X60.976 Y47.147 F7200
M204 S500
;WIDTH:0.528759
G1 F1234.977
G1 X61.425 Y47.333 E.01963
G1 X63.438 Y42.472 E.21254
G1 X62.989 Y42.287 E.01963
G1 X60.991 Y47.11 E.2109
M204 S10000
G1 E-.8 F1800
G1 X57.166 Y49.982 Z8.4 F7200
G1 Z8
G1 E.8 F1800
M204 S1500
;TYPE:Inner wall
;WIDTH:0.449999
G1 F1473.915
G1 X56.679 Y49.652 E.01993
G1 X56.044 Y49.17 E.027
G1 X55.363 Y48.583 E.03042
G1 X57.246 Y46.7 E.09014
G1 X57.289 Y46.698 E.00148
G1 X57.8 Y47.126 E.02254
G1 X58.298 Y47.499 E.02106
G1 X57.183 Y49.946 E.09104
M204 S500
G1 X57.359 Y50.594 F7200
;TYPE:Outer wall
G1 F1473.915
G1 X57.09 Y50.448 E.01035
G1 X56.44 Y50.009 E.02655
G1 X55.793 Y49.519 E.02746
G1 X55.174 Y48.995 E.02746
G1 X54.748 Y48.592 E.01984
G1 X57.259 Y46.081 E.12017
G1 X57.565 Y46.37 E.01426
G1 X58.056 Y46.783 E.0217
G1 X58.838 Y47.347 E.03264
G1 X57.375 Y50.557 E.11942
M204 S10000
G1 X56.999 Y49.367 F7200
M204 S500
;TYPE:Internal solid infill
G1 F1473.915
G1 X57.794 Y47.624 E.06485
G1 X57.294 Y47.228 E.02158
G1 X55.958 Y48.564 E.06396
G1 X56.453 Y48.967 E.02162
G1 X56.967 Y49.344 E.02156
M204 S10000
G1 X56.848 Y48.789 F7200
M204 S500
;WIDTH:0.390465
G1 F1726.395
G1 X57.323 Y47.737 E.03335
G1 X56.515 Y48.541 E.03295
G1 X56.816 Y48.765 E.01086
M204 S10000
G1 E-.8 F1800
G1 X60.252 Y52.396 Z8.4 F7200
G1 Z8
G1 E.8 F1800
M204 S1500
;TYPE:Inner wall
;WIDTH:0.449999
G1 F1473.915
G1 X57.589 Y58.824 E.2355
G1 X55.561 Y57.99 E.07423
G1 X58.226 Y51.557 E.23569
G1 X60.215 Y52.381 E.07287
M204 S500
G1 X60.812 Y52.164 F7200
;TYPE:Outer wall
G1 F1473.915
G1 X58.404 Y57.978 E.21299
G1 X57.821 Y59.383 E.05149
G1 X55.048 Y58.243 E.1015
G1 X55.013 Y58.194 E.00204
G1 X57.994 Y50.997 E.26366
G1 X60.775 Y52.149 E.10188
M204 S10000
G1 E-.8 F1800
G1 X58.446 Y52.089 Z8.4 F7200
G1 Z8
G1 E.8 F1800
M204 S500
;TYPE:Internal solid infill
G1 F1473.915
G1 X56.093 Y57.769 E.20809
G1 X57.368 Y58.293 E.04667
G1 X59.72 Y52.617 E.20798
G1 X58.483 Y52.104 E.04532
M204 S10000
G1 X58.688 Y52.672 F7200
M204 S500
;WIDTH:0.528761
G1 F1234.972
G1 X56.677 Y57.526 E.21224
G1 X57.126 Y57.711 E.01963
G1 X59.136 Y52.858 E.21219
G1 X58.725 Y52.688 E.01801
M204 S10000
G1 E-.8 F1800
G1 X63.075 Y49.463 Z8.4 F7200
G1 Z8
G1 E.8 F1800
M204 S1500
;TYPE:Inner wall
;WIDTH:0.449999
G1 F1473.915
G1 X63.721 Y49.568 E.02216
G1 X64.379 Y49.624 E.02235
G1 X64.379 Y52.318 E.09117
G1 X63.46 Y52.249 E.03119
G1 X62.68 Y52.142 E.02667
G1 X62.114 Y52.032 E.01949
G1 X63.061 Y49.501 E.09148
M204 S500
G1 X62.797 Y48.983 F7200
;TYPE:Outer wall
G1 F1473.915
G1 X63.758 Y49.141 E.03297
G1 X64.807 Y49.208 E.0356
G1 X64.807 Y52.758 E.12017
G1 X64.206 Y52.741 E.02035
G1 X63.23 Y52.65 E.03318
G1 X62.585 Y52.56 E.02205
G1 X61.546 Y52.328 E.03605
G1 X62.783 Y49.02 E.11955
M204 S10000
G1 E-.8 F1800
G1 X62.664 Y51.724 Z8.4 F7200
G1 Z8
G1 E.8 F1800
M204 S500
;TYPE:Internal solid infill
G1 F1473.915
G1 X63.345 Y51.822 E.02328
G1 X63.972 Y51.883 E.02132
G1 X63.972 Y49.992 E.06402
G1 X63.341 Y49.913 E.02151
G1 X62.678 Y51.686 E.06408
M204 S10000
G1 X63.257 Y51.215 F7200
M73 P26 R14
M204 S500
;WIDTH:0.390888
G1 F1724.296
G1 X63.181 Y51.419 E.00629
G1 X63.594 Y51.473 E.01205
G1 X63.592 Y50.327 E.03316
G1 X63.271 Y51.178 E.0263
; stop printing object fidget-finger-massager-2000-roller_plain.stl id:4713352688601451214 copy 0
;LAYER_CHANGE
;Z:8.2
;HEIGHT:0.2
G92 E0
;_SET_FAN_SPEED_CHANGING_LAYER
; printing object fidget-finger-massager-2000-roller_plain.stl id:4713352688601451214 copy 0
M204 S10000
G1 E-.8 F1800
G1 X59.911 Y47.489 Z8.6 F7200
G1 Z8.2
G1 E.8 F1800
M204 S1500
;TYPE:Inner wall
;WIDTH:0.449999
G1 F1473.915
G1 X62.572 Y41.063 E.23544
G1 X64.598 Y41.902 E.07423
G1 X61.937 Y48.328 E.23544
G1 X59.948 Y47.504 E.07287
M204 S500
G1 X59.351 Y47.721 F7200
;TYPE:Outer wall
G1 F1473.915
G1 X62.341 Y40.503 E.26445
G1 X65.111 Y41.651 E.10149
G1 X65.146 Y41.7 E.00205
G1 X62.169 Y48.888 E.26338
G1 X59.388 Y47.736 E.10188
M204 S10000
G1 X60.443 Y47.269 F7200
M204 S500
;TYPE:Internal solid infill
G1 F1473.915
G1 X61.716 Y47.796 E.04667
G1 X64.067 Y42.123 E.20788
G1 X62.793 Y41.595 E.04667
G1 X60.458 Y47.232 E.20653
M204 S10000
G1 X61.026 Y47.027 F7200
M204 S500
;WIDTH:0.528759
G1 F1234.978
G1 X61.475 Y47.213 E.01963
G1 X63.483 Y42.364 E.21203
G1 X63.034 Y42.178 E.01963
G1 X61.041 Y46.99 E.21041
M204 S10000
G1 E-.8 F1800
G1 X57.166 Y49.982 Z8.6 F7200
G1 Z8.2
G1 E.8 F1800
M204 S1500
;TYPE:Inner wall
;WIDTH:0.449999
G1 F1473.915
G1 X56.68 Y49.653 E.01989
G1 X56.044 Y49.17 E.02702
G1 X55.363 Y48.583 E.03044
G1 X57.244 Y46.702 E.09007
G1 X57.291 Y46.7 E.00157
G1 X57.803 Y47.129 E.0226
G1 X58.298 Y47.498 E.02093
G1 X57.183 Y49.946 E.09105
M204 S500
G1 X57.359 Y50.594 F7200
;TYPE:Outer wall
G1 F1473.915
G1 X57.09 Y50.448 E.01035
G1 X56.44 Y50.009 E.02652
G1 X55.793 Y49.52 E.02747
G1 X55.174 Y48.995 E.02747
G1 X54.748 Y48.592 E.01985
G1 X57.259 Y46.081 E.12017
G1 X57.567 Y46.372 E.01432
G1 X58.059 Y46.785 E.02176
G1 X58.838 Y47.347 E.03252
G1 X57.375 Y50.557 E.11942
M204 S10000
G1 X56.999 Y49.367 F7200
M204 S500
;TYPE:Internal solid infill
G1 F1473.915
G1 X57.794 Y47.624 E.06485
G1 X57.294 Y47.228 E.02158
G1 X55.958 Y48.564 E.06396
G1 X56.453 Y48.967 E.02162
G1 X56.967 Y49.344 E.02156
M204 S10000
G1 X56.848 Y48.789 F7200
M204 S500
;WIDTH:0.390469
G1 F1726.375
G1 X57.324 Y47.737 E.03336
G1 X56.515 Y48.541 E.03295
G1 X56.816 Y48.765 E.01086
M204 S10000
G1 E-.8 F1800
G1 X63.075 Y49.463 Z8.6 F7200
G1 Z8.2
G1 E.8 F1800
M204 S1500
;TYPE:Inner wall
;WIDTH:0.449999
G1 F1473.915
G1 X63.717 Y49.568 E.02204
G1 X64.379 Y49.624 E.02247
G1 X64.379 Y52.318 E.09117
G1 X63.459 Y52.249 E.03121
G1 X62.679 Y52.141 E.02668
G1 X62.114 Y52.032 E.01946
G1 X63.061 Y49.501 E.09148
M204 S500
G1 X62.797 Y48.983 F7200
;TYPE:Outer wall
G1 F1473.915
G1 X63.754 Y49.141 E.03285
G1 X64.807 Y49.208 E.03572
G1 X64.807 Y52.758 E.12017
G1 X64.206 Y52.741 E.02037
G1 X63.23 Y52.65 E.03317
G1 X62.584 Y52.56 E.02208
G1 X61.546 Y52.328 E.03601
G1 X62.783 Y49.02 E.11955
M204 S10000
G1 E-.8 F1800
G1 X62.664 Y51.724 Z8.6 F7200
G1 Z8.2
G1 E.8 F1800
M204 S500
;TYPE:Internal solid infill
G1 F1473.915
G1 X63.345 Y51.822 E.02328
G1 X63.972 Y51.883 E.02132
G1 X63.972 Y49.992 E.06402
G1 X63.341 Y49.913 E.02151
G1 X62.678 Y51.686 E.06408
M204 S10000
G1 X63.257 Y51.215 F7200
M204 S500
;WIDTH:0.39089
G1 F1724.287
G1 X63.181 Y51.419 E.00629
G1 X63.594 Y51.473 E.01205
G1 X63.592 Y50.327 E.03315
G1 X63.271 Y51.178 E.0263
M204 S10000
G1 E-.8 F1800
G1 X60.203 Y52.513 Z8.6 F7200
G1 Z8.2
G1 E.8 F1800
M204 S1500
;TYPE:Inner wall
;WIDTH:0.449999
G1 F1473.915
G1 X57.537 Y58.933 E.23531
G1 X55.519 Y58.092 E.07401
G1 X58.177 Y51.674 E.23512
G1 X60.166 Y52.498 E.07285
M204 S500
G1 X60.763 Y52.281 F7200
;TYPE:Outer wall
G1 F1473.915
G1 X58.353 Y58.086 E.21274
G1 X57.768 Y59.494 E.05161
G1 X54.959 Y58.323 E.10301
G1 X57.945 Y51.114 E.2641
G1 X60.726 Y52.266 E.10188
M204 S10000
G1 E-.8 F1800
G1 X58.397 Y52.206 Z8.6 F7200
G1 Z8.2
G1 E.8 F1800
M204 S500
;TYPE:Internal solid infill
G1 F1473.915
G1 X56.05 Y57.872 E.2076
G1 X57.317 Y58.401 E.04646
G1 X59.67 Y52.733 E.20771
G1 X58.434 Y52.221 E.04529
M204 S10000
G1 X58.639 Y52.789 F7200
M204 S500
;WIDTH:0.527018
G1 F1239.419
G1 X56.632 Y57.632 E.21105
G1 X57.077 Y57.818 E.01944
G1 X59.087 Y52.975 E.2111
G1 X58.676 Y52.804 E.01792
; stop printing object fidget-finger-massager-2000-roller_plain.stl id:4713352688601451214 copy 0
;LAYER_CHANGE
;Z:8.4
;HEIGHT:0.2
G92 E0
;_SET_FAN_SPEED_CHANGING_LAYER
; printing object fidget-finger-massager-2000-roller_plain.stl id:4713352688601451214 copy 0
M204 S10000
G1 E-.8 F1800
G1 X59.949 Y47.397 Z8.8 F7200
G1 Z8.4
G1 E.8 F1800
M204 S1500
;TYPE:Inner wall
;WIDTH:0.449999
G1 F1473.915
G1 X62.615 Y40.96 E.23583
G1 X64.642 Y41.796 E.07423
G1 X61.975 Y48.236 E.23594
G1 X59.986 Y47.412 E.07287
M73 P27 R14
M204 S500
G1 X59.389 Y47.629 F7200
;TYPE:Outer wall
G1 F1473.915
G1 X62.383 Y40.401 E.26482
G1 X65.155 Y41.544 E.1015
G1 X65.19 Y41.593 E.00204
G1 X62.207 Y48.796 E.2639
G1 X59.426 Y47.644 E.10188
M204 S10000
G1 X60.481 Y47.177 F7200
M204 S500
;TYPE:Internal solid infill
G1 F1473.915
G1 X61.755 Y47.704 E.04667
G1 X64.11 Y42.017 E.20836
G1 X62.836 Y41.491 E.04667
G1 X60.496 Y47.14 E.20694
M204 S10000
G1 X61.064 Y46.935 F7200
M204 S500
;WIDTH:0.52876
G1 F1234.976
G1 X61.513 Y47.121 E.01963
G1 X63.527 Y42.259 E.21258
G1 X63.078 Y42.074 E.01963
G1 X61.079 Y46.898 E.21093
M204 S10000
G1 E-.8 F1800
G1 X57.166 Y49.982 Z8.8 F7200
G1 Z8.4
G1 E.8 F1800
M204 S1500
;TYPE:Inner wall
;WIDTH:0.449999
G1 F1473.915
G1 X56.68 Y49.654 E.01986
G1 X56.045 Y49.171 E.02703
G1 X55.363 Y48.583 E.03046
G1 X57.243 Y46.703 E.09
G1 X57.292 Y46.701 E.00167
G1 X57.806 Y47.131 E.02267
G1 X58.298 Y47.498 E.0208
G1 X57.183 Y49.946 E.09105
M204 S500
G1 X57.359 Y50.594 F7200
;TYPE:Outer wall
G1 F1473.915
G1 X57.09 Y50.448 E.01035
G1 X56.441 Y50.01 E.02649
G1 X55.794 Y49.52 E.02748
G1 X55.175 Y48.995 E.02748
G1 X54.748 Y48.592 E.01986
G1 X57.259 Y46.081 E.12017
G1 X57.568 Y46.373 E.01438
G1 X58.062 Y46.787 E.02183
G1 X58.838 Y47.347 E.0324
G1 X57.375 Y50.557 E.11942
M204 S10000
G1 X56.999 Y49.367 F7200
M204 S500
;TYPE:Internal solid infill
G1 F1473.915
G1 X57.794 Y47.624 E.06485
G1 X57.294 Y47.228 E.02158
G1 X55.958 Y48.564 E.06396
G1 X56.453 Y48.967 E.02162
G1 X56.967 Y49.344 E.02156
M204 S10000
G1 X56.848 Y48.789 F7200
M204 S500
;WIDTH:0.390472
G1 F1726.36
G1 X57.324 Y47.737 E.03336
G1 X56.515 Y48.541 E.03296
G1 X56.816 Y48.765 E.01086
M204 S10000
G1 E-.8 F1800
G1 X63.071 Y49.472 Z8.8 F7200
G1 Z8.4
G1 E.8 F1800
M204 S1500
;TYPE:Inner wall
;WIDTH:0.449999
G1 F1473.915
G1 X64.379 Y49.624 E.04456
G1 X64.379 Y52.318 E.09117
G1 X63.459 Y52.249 E.03123
G1 X62.678 Y52.141 E.02669
G1 X62.114 Y52.032 E.01942
G1 X63.057 Y49.51 E.09114
M204 S500
G1 X62.796 Y48.985 F7200
;TYPE:Outer wall
G1 F1473.915
G1 X63.721 Y49.124 E.03166
G1 X64.807 Y49.208 E.03689
G1 X64.807 Y52.758 E.12017
G1 X64.206 Y52.741 E.02038
G1 X63.23 Y52.65 E.03316
G1 X62.583 Y52.559 E.02211
G1 X61.546 Y52.328 E.03598
G1 X62.782 Y49.023 E.11945
M204 S10000
G1 E-.8 F1800
G1 X62.664 Y51.724 Z8.8 F7200
G1 Z8.4
G1 E.8 F1800
M204 S500
;TYPE:Internal solid infill
G1 F1473.915
G1 X63.345 Y51.822 E.02328
G1 X63.972 Y51.883 E.02132
G1 X63.972 Y49.992 E.06402
G1 X63.337 Y49.924 E.0216
G1 X62.678 Y51.686 E.0637
M204 S10000
G1 X63.257 Y51.215 F7200
M204 S500
;WIDTH:0.390891
G1 F1724.282
G1 X63.181 Y51.419 E.00629
G1 X63.594 Y51.473 E.01205
G1 X63.591 Y50.334 E.03295
G1 X63.271 Y51.178 E.0261
M204 S10000
G1 E-.8 F1800
G1 X60.167 Y52.6 Z8.8 F7200
G1 Z8.4
G1 E.8 F1800
M204 S1500
;TYPE:Inner wall
;WIDTH:0.449999
G1 F1473.915
G1 X57.493 Y59.04 E.23605
G1 X55.475 Y58.198 E.07401
G1 X58.141 Y51.761 E.23587
G1 X60.13 Y52.584 E.07285
M204 S500
G1 X60.727 Y52.368 F7200
;TYPE:Outer wall
G1 F1473.915
G1 X58.309 Y58.193 E.21349
G1 X57.724 Y59.601 E.05161
G1 X54.915 Y58.429 E.10301
G1 X57.909 Y51.201 E.26484
G1 X60.69 Y52.352 E.10188
M204 S10000
G1 E-.8 F1800
G1 X58.362 Y52.292 Z8.8 F7200
G1 Z8.4
G1 E.8 F1800
M204 S500
;TYPE:Internal solid infill
G1 F1473.915
G1 X56.006 Y57.979 E.20834
G1 X57.273 Y58.507 E.04646
G1 X59.635 Y52.82 E.20846
G1 X58.399 Y52.308 E.04529
M204 S10000
G1 X58.603 Y52.875 F7200
M204 S500
;WIDTH:0.527019
G1 F1239.417
G1 X56.587 Y57.739 E.21193
G1 X57.033 Y57.925 E.01944
G1 X59.051 Y53.061 E.21198
G1 X58.64 Y52.891 E.01792
; stop printing object fidget-finger-massager-2000-roller_plain.stl id:4713352688601451214 copy 0
M106 S237
;LAYER_CHANGE
;Z:8.6
;HEIGHT:0.200001
G92 E0
;_SET_FAN_SPEED_CHANGING_LAYER
; printing object fidget-finger-massager-2000-roller_plain.stl id:4713352688601451214 copy 0
M204 S10000
G1 E-.8 F1800
G1 X59.975 Y47.334 Z9 F7200
G1 Z8.6
G1 E.8 F1800
M204 S1500
;TYPE:Inner wall
;WIDTH:0.449999
G1 F1473.915
G1 X62.66 Y40.852 E.23749
G1 X64.687 Y41.689 E.07423
G1 X62.001 Y48.174 E.23757
G1 X60.012 Y47.35 E.07287
M204 S500
G1 X59.415 Y47.566 F7200
;TYPE:Outer wall
G1 F1473.915
G1 X62.428 Y40.293 E.26649
G1 X65.199 Y41.437 E.10149
G1 X65.235 Y41.486 E.00205
G1 X62.233 Y48.734 E.26552
G1 X59.452 Y47.582 E.10188
M204 S10000
G1 X60.507 Y47.114 F7200
M73 P28 R14
M204 S500
;TYPE:Internal solid infill
G1 F1473.915
G1 X61.78 Y47.642 E.04667
G1 X64.155 Y41.91 E.21
G1 X62.88 Y41.384 E.04667
G1 X60.522 Y47.077 E.20859
M204 S10000
G1 X61.09 Y46.872 F7200
M204 S500
;WIDTH:0.528758
G1 F1234.98
G1 X61.539 Y47.058 E.01963
G1 X63.571 Y42.152 E.21454
G1 X63.122 Y41.967 E.01963
G1 X61.105 Y46.836 E.2129
M204 S10000
G1 E-.8 F1800
G1 X62.713 Y50.393 Z9 F7200
G1 Z8.6
G1 E.8 F1800
M204 S1500
;TYPE:Inner wall
;WIDTH:0.449999
G1 F1473.915
G1 X62.75 Y50.33 E.00246
G1 X63.075 Y49.463 E.03135
G1 X63.71 Y49.567 E.02178
G1 X64.379 Y49.624 E.02273
G1 X64.379 Y52.318 E.09117
G1 X63.458 Y52.249 E.03125
G1 X62.676 Y52.141 E.0267
G1 X62.114 Y52.032 E.01939
G1 X62.402 Y51.184 E.03032
G1 X62.383 Y50.993 E.00648
G1 X62.138 Y50.689 E.01323
G1 X62.523 Y50.621 E.01323
G1 X62.642 Y50.514 E.00541
G1 X62.693 Y50.427 E.00342
M204 S10000
G1 E-.8 F1800
G1 X58.099 Y49.017 Z9 F7200
G1 Z8.6
G1 E.8 F1800
M204 S1500
G1 F1473.915
G1 X57.71 Y49.058 E.01323
G1 X57.584 Y49.156 E.00541
G1 X57.463 Y49.332 E.00723
G1 X57.166 Y49.982 E.0242
G1 X56.558 Y49.561 E.02506
G1 X56.045 Y49.171 E.02179
G1 X55.363 Y48.583 E.03048
G1 X57.242 Y46.705 E.08993
G1 X57.294 Y46.702 E.00177
G1 X57.809 Y47.133 E.02273
G1 X58.298 Y47.498 E.02067
G1 X58.045 Y48.054 E.02067
G1 X57.866 Y48.536 E.01742
G1 X57.875 Y48.696 E.00541
G1 X58.076 Y48.984 E.01188
M204 S10000
G1 E-.8 F1800
G1 X62.349 Y50.18 Z9 F7200
G1 Z8.6
G1 E.8 F1800
M204 S500
;TYPE:Outer wall
G1 F1473.915
G1 X62.797 Y48.982 E.0433
G1 X63.747 Y49.14 E.0326
G1 X64.807 Y49.208 E.03596
G1 X64.807 Y52.758 E.12017
G1 X64.205 Y52.741 E.02039
G1 X63.195 Y52.645 E.03433
G1 X62.582 Y52.559 E.02096
G1 X61.546 Y52.328 E.03594
G1 X61.974 Y51.159 E.04216
;WIDTH:0.49902
G1 F1315.501
G1 X61.952 Y51.079 E.00313
;WIDTH:0.548041
G1 F1187.834
G1 X61.93 Y51 E.00347
;WIDTH:0.597062
G1 F1082.755
G1 X61.908 Y50.92 E.0038
G1 X61.867 Y50.907 E.00199
;WIDTH:0.590682
G1 F1095.366
G1 X61.648 Y50.843 E.01041
M204 S250
;TYPE:Overhang wall
;WIDTH:0.57821
G1 F1120.888
M106 S255
G1 X61.386 Y50.766 E.01214
;WIDTH:0.580723
G1 F1115.65
G1 X60.646 Y50.535 E.03466
G1 X59.924 Y50.259 E.03457
G1 X59.218 Y49.94 E.03466
;WIDTH:0.580609
G1 X58.549 Y49.587 E.0338
;WIDTH:0.599725
G1 F1077.576
G1 X58.337 Y49.472 E.01118
M204 S500
;TYPE:Outer wall
M106 S237
G1 X58.098 Y49.342 E.01258
;WIDTH:0.597061
G1 F1082.757
G1 X58.041 Y49.371 E.00295
;WIDTH:0.548041
G1 F1187.836
G1 X57.984 Y49.399 E.00268
;WIDTH:0.49902
G1 F1315.502
G1 X57.927 Y49.428 E.00242
;WIDTH:0.449999
G1 F1473.915
G1 X57.853 Y49.51 E.00373
G1 X57.359 Y50.594 E.04034
G1 X57.09 Y50.448 E.01035
G1 X56.442 Y50.011 E.02645
G1 X55.794 Y49.52 E.0275
G1 X55.175 Y48.995 E.02749
G1 X54.748 Y48.592 E.01987
G1 X57.259 Y46.081 E.12017
G1 X57.569 Y46.374 E.01445
G1 X58.065 Y46.79 E.02189
G1 X58.838 Y47.347 E.03227
G1 X58.294 Y48.569 E.04528
;WIDTH:0.49902
G1 F1315.502
G1 X58.31 Y48.647 E.00302
;WIDTH:0.548041
G1 F1187.836
G1 X58.327 Y48.724 E.00334
;WIDTH:0.597061
G1 F1082.757
G1 X58.344 Y48.802 E.00367
;WIDTH:0.598307
G1 F1080.328
G1 X58.58 Y48.938 E.01258
M204 S250
;TYPE:Overhang wall
M106 S255
G1 X58.845 Y49.09 E.01411
;WIDTH:0.580722
G1 F1115.652
G1 X59.501 Y49.432 E.03306
G1 X60.175 Y49.734 E.03306
G1 X60.866 Y49.997 E.03306
;WIDTH:0.580608
G1 X61.572 Y50.218 E.03305
;WIDTH:0.578558
G1 F1120.16
G1 X61.853 Y50.293 E.01297
M204 S500
;TYPE:Outer wall
;WIDTH:0.597062
G1 F1082.755
M106 S237
G1 X62.116 Y50.364 E.01255
G1 X62.171 Y50.332 E.00295
;WIDTH:0.548041
G1 F1187.834
G1 X62.226 Y50.299 E.00268
;WIDTH:0.49902
G1 F1315.501
G1 X62.281 Y50.267 E.00242
;WIDTH:0.449999
G1 F1473.915
G1 X62.324 Y50.212 E.00237
M204 S10000
G1 X62.784 Y50.931 F7200
M204 S500
;TYPE:Internal solid infill
G1 F1473.915
G1 X62.799 Y51.257 E.01104
G1 X62.652 Y51.722 E.01649
G1 X63.31 Y51.818 E.0225
G1 X63.972 Y51.883 E.02251
G1 X63.972 Y49.992 E.06402
G1 X63.341 Y49.913 E.02151
G1 X63.132 Y50.473 E.02023
G1 X62.932 Y50.799 E.01294
G1 X62.813 Y50.905 E.00537
M204 S10000
G1 X63.199 Y51.137 F7200
M204 S500
;WIDTH:0.421238
G1 F1585.968
G1 X63.192 Y51.405 E.00844
G1 X63.579 Y51.457 E.01227
G1 X63.579 Y50.398 E.03331
G1 X63.454 Y50.705 E.01044
G1 X63.219 Y51.102 E.01452
M204 S10000
G1 E-.8 F1800
G1 X57.471 Y48.731 Z9 F7200
G1 Z8.6
G1 E.8 F1800
M204 S500
;WIDTH:0.449999
G1 F1473.915
G1 X57.466 Y48.47 E.00882
G1 X57.549 Y48.161 E.01085
G1 X57.794 Y47.624 E.01997
G1 X57.294 Y47.228 E.02158
G1 X55.958 Y48.564 E.06396
G1 X56.482 Y48.989 E.02283
G1 X57.009 Y49.375 E.02212
G1 X57.259 Y48.908 E.01792
G1 X57.44 Y48.756 E.008
M204 S10000
G1 X57.067 Y48.511 F7200
M204 S500
;WIDTH:0.421167
G1 F1586.265
G1 X57.192 Y47.998 E.0166
G1 X57.286 Y47.791 E.00715
G1 X56.537 Y48.54 E.03331
G1 X56.881 Y48.769 E.01299
G1 X57.044 Y48.543 E.00876
M204 S10000
G1 E-.8 F1800
G1 X58.115 Y51.825 Z9 F7200
G1 Z8.6
G1 E.8 F1800
M204 S1500
;TYPE:Inner wall
;WIDTH:0.449999
G1 F1473.915
G1 X60.141 Y52.664 E.07421
G1 X57.457 Y59.144 E.23742
G1 X55.434 Y58.313 E.07401
G1 X58.1 Y51.862 E.23625
M204 S500
G1 X57.883 Y51.265 F7200
;TYPE:Outer wall
G1 F1473.915
G1 X60.701 Y52.432 E.10323
G1 X58.27 Y58.3 E.21499
G1 X57.689 Y59.703 E.0514
G1 X54.874 Y58.546 E.10301
G1 X57.868 Y51.302 E.2653
M204 S10000
G1 X58.336 Y52.357 F7200
M204 S500
;TYPE:Internal solid infill
G1 F1473.915
G1 X55.966 Y58.091 E.21001
G1 X57.236 Y58.613 E.04646
G1 X59.609 Y52.884 E.20989
G1 X58.373 Y52.372 E.04529
M204 S10000
G1 X58.578 Y52.94 F7200
M204 S500
;WIDTH:0.527017
G1 F1239.421
G1 X56.548 Y57.849 E.21382
G1 X56.995 Y58.033 E.01944
G1 X59.026 Y53.126 E.21378
G1 X58.615 Y52.955 E.01792
; stop printing object fidget-finger-massager-2000-roller_plain.stl id:4713352688601451214 copy 0
;LAYER_CHANGE
;Z:8.8
;HEIGHT:0.2
G92 E0
;_SET_FAN_SPEED_CHANGING_LAYER
; printing object fidget-finger-massager-2000-roller_plain.stl id:4713352688601451214 copy 0
M204 S10000
G1 E-.8 F1800
G1 X59.991 Y47.296 Z9.2 F7200
G1 Z8.8
G1 E.8 F1800
M204 S1500
;TYPE:Inner wall
;WIDTH:0.449999
G1 F1473.915
G1 X62.704 Y40.744 E.24003
G1 X64.731 Y41.582 E.07423
G1 X62.017 Y48.135 E.24007
G1 X60.028 Y47.311 E.07287
M204 S500
G1 X59.431 Y47.528 F7200
;TYPE:Outer wall
G1 F1473.915
G1 X62.472 Y40.185 E.26903
G1 X65.243 Y41.331 E.10149
G1 X65.279 Y41.38 E.00205
G1 X62.249 Y48.695 E.26801
G1 X59.468 Y47.543 E.10188
M204 S10000
G1 X60.523 Y47.075 F7200
M204 S500
;TYPE:Internal solid infill
G1 F1473.915
G1 X61.796 Y47.603 E.04667
G1 X64.199 Y41.803 E.2125
G1 X62.925 Y41.276 E.04667
M73 P29 R14
G1 X60.538 Y47.038 E.21112
M204 S10000
G1 X61.106 Y46.834 F7200
M204 S500
;WIDTH:0.528759
G1 F1234.977
G1 X61.555 Y47.02 E.01963
G1 X63.616 Y42.045 E.21753
G1 X63.167 Y41.859 E.01963
G1 X61.121 Y46.797 E.21591
M204 S10000
G1 E-.8 F1800
G1 X62.789 Y50.15 Z9.2 F7200
G1 Z8.8
G1 E.8 F1800
M204 S1500
;TYPE:Inner wall
;WIDTH:0.449999
G1 F1473.915
G1 X62.849 Y50.067 E.00345
G1 X63.075 Y49.463 E.02184
G1 X63.706 Y49.567 E.02166
G1 X64.377 Y49.626 E.0228
G1 X64.379 Y52.318 E.09111
G1 X63.457 Y52.249 E.03128
G1 X62.675 Y52.141 E.02672
G1 X62.114 Y52.032 E.01935
G1 X62.269 Y51.619 E.01492
G1 X62.301 Y51.322 E.01013
G1 X62.241 Y51.129 E.00683
;WIDTH:0.467424
G1 F1413.414
G1 X61.95 Y50.84 E.01449
G1 X61.405 Y50.68 E.02002
;WIDTH:0.4568
G1 F1449.696
G1 X60.668 Y50.454 E.02654
G1 X59.951 Y50.179 E.02644
G1 X59.251 Y49.863 E.02644
;WIDTH:0.457193
G1 F1448.32
G1 X58.573 Y49.509 E.02633
;WIDTH:0.47134
G1 F1400.495
G1 X58.098 Y49.244 E.01937
G1 X57.715 Y49.254 E.01366
;WIDTH:0.449999
G1 F1473.915
G1 X57.551 Y49.337 E.00623
G1 X57.381 Y49.52 E.00842
G1 X57.166 Y49.982 E.01727
G1 X56.682 Y49.655 E.01979
G1 X56.046 Y49.171 E.02705
G1 X55.363 Y48.583 E.0305
G1 X57.24 Y46.706 E.08987
G1 X57.295 Y46.704 E.00187
G1 X57.812 Y47.136 E.02279
G1 X58.299 Y47.498 E.02054
G1 X58.047 Y48.05 E.02054
G1 X57.986 Y48.383 E.01144
G1 X58.031 Y48.561 E.00623
;WIDTH:0.47134
G1 F1400.495
G1 X58.275 Y48.857 E.01366
G1 X58.813 Y49.169 E.02217
;WIDTH:0.456799
G1 F1449.699
G1 X59.474 Y49.511 E.02561
G1 X60.153 Y49.815 E.02561
G1 X60.849 Y50.079 E.02561
;WIDTH:0.456426
G1 F1451.007
G1 X61.56 Y50.299 E.02558
;WIDTH:0.467424
G1 F1413.414
G1 X62.088 Y50.441 E.01931
G1 X62.508 Y50.416 E.01484
;WIDTH:0.449999
G1 F1473.915
G1 X62.666 Y50.321 E.00623
G1 X62.766 Y50.183 E.00578
M204 S500
G1 X62.448 Y49.915 F7200
;TYPE:Outer wall
G1 F1473.915
G1 X62.797 Y48.982 E.0337
G1 X63.743 Y49.14 E.03248
G1 X64.807 Y49.208 E.03608
G1 X64.807 Y52.758 E.12017
G1 X64.205 Y52.741 E.0204
G1 X63.133 Y52.637 E.03644
G1 X62.465 Y52.537 E.02287
G1 X61.546 Y52.328 E.03191
G1 X61.877 Y51.38 E.03399
G1 X61.771 Y51.239 E.00598
G1 X60.515 Y50.858 E.04444
G1 X59.774 Y50.573 E.02685
G1 X59.051 Y50.246 E.02685
G1 X57.995 Y49.677 E.04062
G1 X57.848 Y49.662 E.005
G1 X57.739 Y49.759 E.00495
G1 X57.359 Y50.594 E.03105
G1 X57.09 Y50.448 E.01035
G1 X56.443 Y50.011 E.02641
G1 X55.795 Y49.521 E.02751
G1 X55.175 Y48.996 E.02751
G1 X54.748 Y48.592 E.01988
G1 X57.259 Y46.081 E.12017
G1 X57.571 Y46.375 E.01451
G1 X58.068 Y46.792 E.02195
G1 X58.838 Y47.347 E.03215
G1 X58.412 Y48.341 E.0366
G1 X58.5 Y48.48 E.00556
G1 X59.013 Y48.786 E.02021
G1 X59.651 Y49.117 E.02434
G1 X60.307 Y49.411 E.02434
G1 X60.979 Y49.667 E.02434
G1 X62.091 Y49.99 E.03921
G1 X62.347 Y50.018 E.00869
G1 X62.42 Y49.943 E.00356
M204 S10000
G1 X62.495 Y50.817 F7200
M204 S500
;TYPE:Internal solid infill
G1 F1473.915
G1 X62.616 Y50.973 E.00667
G1 X62.703 Y51.278 E.01072
G1 X62.66 Y51.723 E.01514
G1 X63.247 Y51.809 E.02011
G1 X63.972 Y51.883 E.02464
G1 X63.972 Y49.992 E.06402
G1 X63.341 Y49.913 E.02152
G1 X63.204 Y50.259 E.01258
G1 X62.9 Y50.653 E.01687
G1 X62.604 Y50.807 E.01126
G1 X62.535 Y50.814 E.00236
M204 S10000
G1 X63.081 Y51.036 F7200
M204 S500
;WIDTH:0.47828
G1 F1378.172
G1 X63.12 Y51.367 E.01206
G1 X63.549 Y51.424 E.01565
G1 X63.548 Y50.506 E.03321
G1 X63.193 Y50.961 E.02091
G1 X63.114 Y51.014 E.00343
M204 S10000
G1 E-.8 F1800
G1 X57.753 Y48.853 Z9.2 F7200
G1 Z8.8
G1 E.8 F1800
M204 S500
;WIDTH:0.449999
G1 F1473.915
G1 X57.646 Y48.69 E.0066
G1 X57.582 Y48.369 E.01107
G1 X57.67 Y47.895 E.01634
G1 X57.794 Y47.624 E.01009
G1 X57.294 Y47.228 E.02158
G1 X55.958 Y48.564 E.06397
G1 X56.534 Y49.027 E.02501
G1 X57.003 Y49.37 E.01967
G1 X57.314 Y49.006 E.01623
G1 X57.644 Y48.857 E.01222
G1 X57.713 Y48.855 E.00236
M204 S10000
G1 X57.177 Y48.556 F7200
M204 S500
;WIDTH:0.478623
G1 F1377.085
G1 X57.166 Y48.301 E.00923
G1 X57.231 Y47.89 E.01511
G1 X56.578 Y48.538 E.03334
G1 X56.93 Y48.796 E.0158
G1 X57.148 Y48.584 E.01101
M204 S10000
G1 E-.8 F1800
G1 X58.096 Y51.871 Z9.2 F7200
G1 Z8.8
G1 E.8 F1800
M204 S1500
;TYPE:Inner wall
;WIDTH:0.449999
G1 F1473.915
G1 X60.119 Y52.709 E.07414
G1 X57.41 Y59.256 E.23983
G1 X55.386 Y58.412 E.07422
G1 X58.08 Y51.908 E.23829
M204 S500
G1 X57.864 Y51.311 F7200
;TYPE:Outer wall
G1 F1473.915
G1 X60.679 Y52.477 E.10315
G1 X58.226 Y58.404 E.21712
G1 X57.642 Y59.817 E.05176
G1 X54.827 Y58.643 E.10324
G1 X57.849 Y51.348 E.26727
M204 S10000
G1 X58.316 Y52.403 F7200
M204 S500
;TYPE:Internal solid infill
G1 F1473.915
G1 X55.918 Y58.192 E.21212
G1 X57.19 Y58.723 E.04666
G1 X59.588 Y52.929 E.21224
G1 X58.353 Y52.418 E.04523
M204 S10000
G1 X58.557 Y52.985 F7200
M204 S500
;WIDTH:0.528083
G1 F1236.699
G1 X56.501 Y57.952 E.21686
G1 X56.949 Y58.139 E.01959
G1 X59.005 Y53.171 E.21691
G1 X58.594 Y53.001 E.01794
; stop printing object fidget-finger-massager-2000-roller_plain.stl id:4713352688601451214 copy 0
;LAYER_CHANGE
;Z:9
;HEIGHT:0.2
G92 E0
;_SET_FAN_SPEED_CHANGING_LAYER
; printing object fidget-finger-massager-2000-roller_plain.stl id:4713352688601451214 copy 0
M204 S10000
G1 E-.8 F1800
G1 X60 Y47.273 Z9.4 F7200
G1 Z9
G1 E.8 F1800
M204 S1500
;TYPE:Inner wall
;WIDTH:0.449999
G1 F1473.915
G1 X62.749 Y40.636 E.24317
G1 X64.775 Y41.475 E.07423
G1 X62.026 Y48.113 E.24317
G1 X60.037 Y47.289 E.07287
M204 S500
G1 X59.44 Y47.505 F7200
;TYPE:Outer wall
G1 F1473.915
G1 X62.517 Y40.076 E.27218
G1 X65.287 Y41.224 E.10149
G1 X65.323 Y41.273 E.00205
G1 X62.258 Y48.672 E.2711
G1 X59.477 Y47.521 E.10188
M204 S10000
G1 X60.532 Y47.053 F7200
M204 S500
;TYPE:Internal solid infill
G1 F1473.915
G1 X61.806 Y47.581 E.04667
G1 X64.243 Y41.696 E.21561
G1 X62.97 Y41.168 E.04667
G1 X60.547 Y47.016 E.21425
M204 S10000
G1 X61.115 Y46.811 F7200
M204 S500
;WIDTH:0.52876
G1 F1234.976
G1 X61.564 Y46.997 E.01963
G1 X63.66 Y41.937 E.22125
G1 X63.211 Y41.752 E.01963
G1 X61.131 Y46.774 E.21963
M204 S10000
G1 E-.8 F1800
M73 P30 R13
G1 X62.838 Y50.012 Z9.4 F7200
G1 Z9
G1 E.8 F1800
M204 S1500
;TYPE:Inner wall
;WIDTH:0.449999
G1 F1473.915
G1 X62.887 Y49.956 E.00252
G1 X63.075 Y49.463 E.01785
G1 X63.702 Y49.566 E.02153
G1 X64.375 Y49.628 E.02286
G1 X64.379 Y52.318 E.09105
G1 X63.457 Y52.249 E.0313
G1 X62.675 Y52.141 E.02673
G1 X62.114 Y52.032 E.01932
G1 X62.247 Y51.602 E.01523
G1 X62.227 Y51.404 E.00672
G1 X62.151 Y51.233 E.00636
;WIDTH:0.496886
G1 F1321.686
G1 X62.095 Y51.154 E.00364
;WIDTH:0.543772
G1 F1197.959
G1 X62.038 Y51.076 E.00401
;WIDTH:0.590659
G1 F1095.413
G1 X61.982 Y50.998 E.00439
;WIDTH:0.637545
G1 F1009.039
G1 X61.925 Y50.92 E.00477
G1 X61.377 Y50.759 E.02826
;WIDTH:0.627275
G1 F1026.773
G1 X60.633 Y50.532 E.03779
G1 X59.911 Y50.255 E.03757
G1 X59.207 Y49.936 E.03757
;WIDTH:0.627602
G1 X58.525 Y49.58 E.03741
;WIDTH:0.64226
G1 F1001.101
G1 X58.055 Y49.316 E.02685
G1 X57.925 Y49.351 E.00674
;WIDTH:0.594195
G1 F1088.386
G1 X57.794 Y49.387 E.0062
;WIDTH:0.54613
G1 F1192.346
G1 X57.664 Y49.422 E.00566
;WIDTH:0.498065
G1 F1318.263
G1 X57.533 Y49.457 E.00512
;WIDTH:0.449999
G1 F1473.915
G1 X57.376 Y49.585 E.00684
G1 X57.166 Y49.982 E.01523
G1 X56.682 Y49.655 E.01979
G1 X56.046 Y49.172 E.02703
G1 X55.363 Y48.583 E.03052
G1 X57.239 Y46.707 E.0898
G1 X57.297 Y46.705 E.00196
G1 X57.815 Y47.138 E.02286
G1 X58.299 Y47.498 E.02041
G1 X58.109 Y47.914 E.01549
G1 X58.066 Y48.288 E.01273
;WIDTH:0.498065
G1 F1318.263
G1 X58.125 Y48.409 E.00512
;WIDTH:0.54613
G1 F1192.346
G1 X58.184 Y48.531 E.00566
;WIDTH:0.594195
G1 F1088.386
G1 X58.243 Y48.653 E.0062
;WIDTH:0.64226
G1 F1001.101
G1 X58.302 Y48.774 E.00674
G1 X58.857 Y49.095 E.03196
;WIDTH:0.627274
G1 F1026.775
G1 X59.513 Y49.436 E.03592
G1 X60.188 Y49.737 E.03592
G1 X60.88 Y49.999 E.03592
;WIDTH:0.62675
G1 F1027.696
G1 X61.586 Y50.217 E.03588
;WIDTH:0.62155
G1 F1036.932
G1 X62.169 Y50.361 E.02889
;WIDTH:0.615111
G1 F1048.601
G1 X62.296 Y50.32 E.00634
;WIDTH:0.573833
G1 F1130.129
G1 X62.422 Y50.279 E.00589
;WIDTH:0.532555
G1 F1225.403
G1 X62.549 Y50.239 E.00543
;WIDTH:0.491277
G1 F1338.219
G1 X62.676 Y50.198 E.00497
;WIDTH:0.449999
G1 F1473.915
G1 X62.812 Y50.042 E.00698
M204 S500
G1 X62.509 Y49.753 F7200
;TYPE:Outer wall
G1 F1473.915
G1 X62.797 Y48.982 E.02785
G1 X63.74 Y49.139 E.03236
G1 X64.807 Y49.208 E.03621
G1 X64.807 Y52.758 E.12017
G1 X64.204 Y52.741 E.02042
G1 X63.075 Y52.629 E.0384
G1 X62.3 Y52.505 E.02658
G1 X61.546 Y52.328 E.02622
G1 X61.808 Y51.627 E.02535
G1 X61.813 Y51.516 E.00376
G1 X61.712 Y51.397 E.00529
G1 X60.449 Y51.015 E.04465
G1 X59.7 Y50.727 E.02719
G1 X58.968 Y50.395 E.02719
G1 X57.926 Y49.83 E.04012
G1 X57.796 Y49.81 E.00445
G1 X57.669 Y49.912 E.00552
G1 X57.359 Y50.594 E.02535
G1 X57.09 Y50.448 E.01035
G1 X56.444 Y50.012 E.02638
G1 X55.796 Y49.521 E.02752
G1 X55.175 Y48.996 E.02752
G1 X54.748 Y48.592 E.0199
G1 X57.259 Y46.081 E.12017
G1 X57.572 Y46.376 E.01457
G1 X58.187 Y46.881 E.02693
G1 X58.838 Y47.347 E.0271
G1 X58.499 Y48.092 E.0277
G1 X58.486 Y48.203 E.0038
G1 X58.571 Y48.324 E.00499
G1 X59.096 Y48.637 E.02069
G1 X59.725 Y48.964 E.024
G1 X60.372 Y49.254 E.024
G1 X61.035 Y49.506 E.024
G1 X61.711 Y49.719 E.024
G1 X62.389 Y49.864 E.02346
G1 X62.48 Y49.78 E.00417
M204 S10000
G1 X62.34 Y50.763 F7200
M204 S500
;TYPE:Internal solid infill
G1 F1473.915
G1 X62.602 Y51.251 E.01872
G1 X62.648 Y51.661 E.01399
G1 X62.635 Y51.718 E.00199
G1 X63.19 Y51.801 E.01899
G1 X63.972 Y51.883 E.02661
G1 X63.972 Y49.992 E.06402
G1 X63.338 Y49.913 E.02162
G1 X63.206 Y50.212 E.01105
G1 X62.875 Y50.552 E.01607
G1 X62.377 Y50.749 E.01812
M204 S10000
G1 X62.973 Y50.998 F7200
M204 S500
;WIDTH:0.528129
G1 F1236.581
G1 X63.069 Y51.281 E.01204
G1 X63.074 Y51.335 E.00219
G1 X63.526 Y51.397 E.01837
G1 X63.526 Y50.523 E.03526
G1 X63.149 Y50.908 E.02174
G1 X63.008 Y50.98 E.00636
M204 S10000
G1 E-.8 F1800
G1 X57.88 Y48.909 Z9.4 F7200
G1 Z9
G1 E.8 F1800
M204 S500
;WIDTH:0.449999
G1 F1473.915
G1 X57.677 Y48.403 E.01848
G1 X57.692 Y47.868 E.01809
G1 X57.796 Y47.625 E.00895
G1 X57.294 Y47.228 E.02168
G1 X55.958 Y48.564 E.06397
G1 X56.582 Y49.062 E.02703
G1 X57.024 Y49.385 E.01854
G1 X57.329 Y49.105 E.01402
G1 X57.843 Y48.923 E.01845
M204 S10000
G1 X57.292 Y48.642 F7200
M204 S500
;WIDTH:0.52814
G1 F1236.553
G1 X57.217 Y48.298 E.01421
G1 X57.235 Y47.918 E.01535
G1 X56.618 Y48.535 E.03523
G1 X56.986 Y48.805 E.01842
G1 X57.257 Y48.661 E.01238
M204 S10000
G1 E-.8 F1800
G1 X58.09 Y51.886 Z9.4 F7200
G1 Z9
G1 E.8 F1800
M204 S1500
;TYPE:Inner wall
;WIDTH:0.449999
G1 F1473.915
G1 X60.115 Y52.725 E.07421
G1 X57.368 Y59.358 E.24299
G1 X55.346 Y58.526 E.07401
G1 X58.075 Y51.923 E.24183
M204 S500
G1 X57.858 Y51.326 F7200
;TYPE:Outer wall
G1 F1473.915
G1 X60.675 Y52.493 E.10323
G1 X58.182 Y58.514 E.22057
G1 X57.601 Y59.916 E.0514
G1 X54.786 Y58.759 E.10301
G1 X57.842 Y51.363 E.27087
M204 S10000
G1 X58.311 Y52.418 F7200
M204 S500
;TYPE:Internal solid infill
G1 F1473.915
G1 X55.878 Y58.305 E.21559
G1 X57.148 Y58.827 E.04646
G1 X59.584 Y52.946 E.21547
G1 X58.347 Y52.434 E.04529
M204 S10000
G1 X58.552 Y53.001 F7200
M204 S500
;WIDTH:0.527022
G1 F1239.41
G1 X56.46 Y58.062 E.22046
G1 X56.906 Y58.246 E.01944
G1 X59.001 Y53.187 E.22041
G1 X58.589 Y53.017 E.01792
; stop printing object fidget-finger-massager-2000-roller_plain.stl id:4713352688601451214 copy 0
;LAYER_CHANGE
;Z:9.2
;HEIGHT:0.2
G92 E0
;_SET_FAN_SPEED_CHANGING_LAYER
; printing object fidget-finger-massager-2000-roller_plain.stl id:4713352688601451214 copy 0
M204 S10000
G1 E-.8 F1800
G1 X60 Y47.273 Z9.6 F7200
G1 Z9.2
G1 E.8 F1800
M204 S1500
;TYPE:Inner wall
;WIDTH:0.449999
G1 F1473.915
G1 X62.749 Y40.636 E.24314
G1 X64.775 Y41.475 E.07423
G1 X62.026 Y48.112 E.24314
G1 X60.037 Y47.288 E.07287
M204 S500
G1 X59.44 Y47.504 F7200
;TYPE:Outer wall
G1 F1473.915
G1 X62.517 Y40.076 E.27215
G1 X65.287 Y41.224 E.10149
G1 X65.323 Y41.273 E.00205
G1 X62.258 Y48.672 E.27107
G1 X59.477 Y47.52 E.10188
M204 S10000
G1 X60.532 Y47.052 F7200
M204 S500
;TYPE:Internal solid infill
G1 F1473.915
G1 X61.806 Y47.58 E.04667
G1 X64.243 Y41.696 E.21558
G1 X62.97 Y41.168 E.04667
G1 X60.548 Y47.015 E.21422
M204 S10000
G1 X61.116 Y46.811 F7200
M204 S500
;WIDTH:0.528759
G1 F1234.977
G1 X61.564 Y46.997 E.01963
G1 X63.66 Y41.937 E.22121
G1 X63.211 Y41.752 E.01963
G1 X61.131 Y46.774 E.2196
M204 S10000
G1 E-.8 F1800
G1 X62.64 Y50.133 Z9.6 F7200
G1 Z9.2
G1 E.8 F1800
M204 S1500
;TYPE:Inner wall
;WIDTH:0.449999
G1 F1473.915
G1 X62.677 Y50.119 E.00132
G1 X62.887 Y49.922 E.00973
G1 X63.075 Y49.463 E.01679
G1 X63.699 Y49.566 E.02141
G1 X64.379 Y49.63 E.02312
G1 X64.379 Y52.318 E.09099
G1 X63.456 Y52.249 E.03132
M73 P31 R13
G1 X62.674 Y52.141 E.02674
G1 X62.114 Y52.032 E.01928
G1 X62.208 Y51.627 E.01408
G1 X62.09 Y51.305 E.0116
G1 X61.848 Y51.11 E.0105
G1 X60.56 Y50.715 E.0456
G1 X59.828 Y50.433 E.02656
G1 X59.113 Y50.11 E.02656
G1 X57.979 Y49.509 E.04344
G1 X57.698 Y49.486 E.00955
G1 X57.387 Y49.63 E.0116
G1 X57.166 Y49.982 E.01408
G1 X56.682 Y49.655 E.0198
G1 X56.047 Y49.172 E.027
G1 X55.363 Y48.583 E.03055
G1 X57.264 Y46.682 E.09099
G1 X57.818 Y47.14 E.02433
G1 X58.299 Y47.498 E.02028
G1 X58.114 Y47.935 E.01608
G1 X58.119 Y48.223 E.00972
G1 X58.194 Y48.396 E.0064
G1 X58.397 Y48.592 E.00955
G1 X58.951 Y48.922 E.02183
G1 X59.597 Y49.257 E.02463
G1 X60.261 Y49.554 E.02463
G1 X60.942 Y49.812 E.02463
G1 X61.636 Y50.03 E.02463
G1 X62.176 Y50.166 E.01884
G1 X62.509 Y50.183 E.0113
G1 X62.603 Y50.147 E.00341
M204 S500
G1 X62.466 Y49.745 F7200
;TYPE:Outer wall
G1 F1473.915
G1 X62.547 Y49.651 E.00422
G1 X62.797 Y48.982 E.02415
G1 X63.736 Y49.139 E.03223
G1 X64.807 Y49.208 E.03633
G1 X64.807 Y52.758 E.12017
G1 X64.204 Y52.741 E.02043
G1 X63.014 Y52.62 E.04049
G1 X62.19 Y52.483 E.02826
G1 X61.546 Y52.328 E.02243
G1 X61.769 Y51.731 E.02157
G1 X61.77 Y51.607 E.00422
G1 X61.673 Y51.501 E.00485
G1 X60.408 Y51.115 E.04477
G1 X59.653 Y50.824 E.0274
G1 X58.915 Y50.49 E.0274
G1 X57.879 Y49.931 E.03985
G1 X57.71 Y49.925 E.00571
G1 X57.623 Y50.014 E.00422
G1 X57.359 Y50.594 E.02157
G1 X57.09 Y50.448 E.01035
G1 X56.445 Y50.012 E.02634
G1 X55.796 Y49.522 E.02753
G1 X55.176 Y48.996 E.02753
G1 X54.748 Y48.592 E.01991
G1 X57.259 Y46.081 E.12017
G1 X57.573 Y46.378 E.01463
G1 X58.274 Y46.946 E.03054
G1 X58.838 Y47.347 E.02342
G1 X58.544 Y47.993 E.02401
G1 X58.534 Y48.114 E.00413
G1 X58.616 Y48.224 E.00467
G1 X59.149 Y48.542 E.02099
G1 X59.772 Y48.866 E.02379
G1 X60.414 Y49.154 E.02379
G1 X61.071 Y49.403 E.02379
G1 X61.741 Y49.614 E.02379
G1 X62.281 Y49.75 E.01884
G1 X62.426 Y49.747 E.00492
M204 S10000
G1 E-.8 F1800
G1 X57.375 Y48.68 Z9.6 F7200
G1 Z9.2
G1 E.8 F1800
M204 S500
;TYPE:Internal solid infill
;WIDTH:0.555472
G1 F1170.613
G1 X57.28 Y48.439 E.01104
G1 X57.249 Y47.923 E.02205
G1 X56.639 Y48.533 E.03681
G1 X57.037 Y48.825 E.02102
G1 X57.339 Y48.696 E.01398
M204 S10000
G1 X58.137 Y49.028 F7200
M204 S500
;WIDTH:0.624729
G1 F1031.267
G1 X58.062 Y48.918 E.00644
;WIDTH:0.574806
G1 F1128.062
G1 X57.987 Y48.808 E.00589
;WIDTH:0.524884
G1 F1244.908
G1 X57.912 Y48.698 E.00534
;WIDTH:0.450575
G1 F1471.832
G1 X57.837 Y48.588 E.00451
G1 X57.719 Y48.279 E.0112
G1 X57.723 Y47.829 E.01526
G1 X57.801 Y47.629 E.00728
G1 X57.294 Y47.228 E.02191
G1 X55.958 Y48.564 E.06406
G1 X56.609 Y49.081 E.02818
G1 X57.052 Y49.405 E.01861
G1 X57.327 Y49.184 E.01195
G1 X57.685 Y49.082 E.01262
;WIDTH:0.474961
G1 F1388.759
G1 X57.788 Y49.069 E.00373
;WIDTH:0.524884
G1 F1244.908
G1 X57.891 Y49.057 E.00416
;WIDTH:0.574806
G1 F1128.062
G1 X57.994 Y49.045 E.0046
;WIDTH:0.599768
G1 F1077.495
G1 X58.097 Y49.032 E.00481
M204 S10000
G1 X58.137 Y49.028 F7200
M204 S500
;WIDTH:0.618841
G1 F1041.81
G1 X58.682 Y49.333 E.02993
G1 X59.36 Y49.686 E.0366
G1 X60.058 Y49.999 E.03662
G1 X60.757 Y50.266 E.03586
G1 X62.039 Y50.651 E.06409
M204 S10000
G1 X62.099 Y50.678 F7200
M204 S500
;WIDTH:0.609393
G1 F1059.187
G1 X62.182 Y50.781 E.00623
;WIDTH:0.563852
G1 F1151.783
G1 X62.266 Y50.883 E.00573
;WIDTH:0.518311
G1 F1262.12
G1 X62.35 Y50.986 E.00523
;WIDTH:0.45052
G1 F1472.032
G1 X62.433 Y51.088 E.00449
G1 X62.565 Y51.354 E.01006
G1 X62.612 Y51.643 E.0099
G1 X62.602 Y51.712 E.00238
G1 X63.129 Y51.793 E.01805
G1 X63.972 Y51.883 E.02874
G1 X63.972 Y49.992 E.0641
G1 X63.332 Y49.912 E.02184
G1 X63.197 Y50.182 E.01021
G1 X62.847 Y50.485 E.01571
G1 X62.55 Y50.585 E.01059
;WIDTH:0.47277
G1 F1395.837
G1 X62.447 Y50.606 E.00376
;WIDTH:0.518311
G1 F1262.12
G1 X62.344 Y50.628 E.00416
;WIDTH:0.563852
G1 F1151.783
G1 X62.241 Y50.649 E.00456
;WIDTH:0.586622
G1 F1103.546
G1 X62.138 Y50.67 E.00476
M204 S10000
G1 X62.889 Y50.964 F7200
M204 S500
;WIDTH:0.557535
G1 F1165.92
G1 X63.08 Y51.321 E.01734
G1 X63.511 Y51.38 E.0186
G1 X63.511 Y50.519 E.03685
G1 X63.124 Y50.863 E.02216
G1 X62.925 Y50.948 E.00922
M204 S10000
G1 E-.8 F1800
G1 X58.09 Y51.886 Z9.6 F7200
G1 Z9.2
G1 E.8 F1800
M204 S1500
;TYPE:Inner wall
;WIDTH:0.449999
G1 F1473.915
G1 X60.115 Y52.725 E.07421
G1 X57.368 Y59.358 E.243
G1 X55.346 Y58.526 E.07401
G1 X58.075 Y51.923 E.24183
M204 S500
G1 X57.858 Y51.326 F7200
;TYPE:Outer wall
G1 F1473.915
G1 X60.675 Y52.493 E.10323
G1 X58.182 Y58.514 E.22058
G1 X57.601 Y59.917 E.0514
G1 X54.786 Y58.759 E.10301
G1 X57.842 Y51.363 E.27088
M204 S10000
G1 X58.311 Y52.418 F7200
M204 S500
;TYPE:Internal solid infill
G1 F1473.915
G1 X55.878 Y58.305 E.21559
G1 X57.147 Y58.827 E.04646
G1 X59.584 Y52.945 E.21548
G1 X58.348 Y52.433 E.04529
M204 S10000
G1 X58.552 Y53.001 F7200
M204 S500
;WIDTH:0.527021
G1 F1239.411
G1 X56.46 Y58.062 E.22047
G1 X56.906 Y58.246 E.01944
G1 X59.001 Y53.187 E.22042
G1 X58.589 Y53.016 E.01792
; stop printing object fidget-finger-massager-2000-roller_plain.stl id:4713352688601451214 copy 0
;LAYER_CHANGE
;Z:9.4
;HEIGHT:0.2
G92 E0
;_SET_FAN_SPEED_CHANGING_LAYER
; printing object fidget-finger-massager-2000-roller_plain.stl id:4713352688601451214 copy 0
M204 S10000
G1 E-.8 F1800
G1 X59.991 Y47.296 Z9.8 F7200
G1 Z9.4
G1 E.8 F1800
M204 S1500
;TYPE:Inner wall
;WIDTH:0.449999
G1 F1473.915
G1 X62.704 Y40.744 E.24003
G1 X64.731 Y41.582 E.07423
G1 X62.017 Y48.135 E.24006
G1 X60.028 Y47.311 E.07287
M204 S500
G1 X59.431 Y47.528 F7200
;TYPE:Outer wall
G1 F1473.915
G1 X62.472 Y40.185 E.26903
G1 X65.243 Y41.331 E.10149
G1 X65.279 Y41.38 E.00205
G1 X62.249 Y48.695 E.26801
G1 X59.468 Y47.543 E.10188
M204 S10000
G1 X60.523 Y47.075 F7200
M204 S500
;TYPE:Internal solid infill
G1 F1473.915
G1 X61.797 Y47.603 E.04667
G1 X64.199 Y41.803 E.2125
G1 X62.925 Y41.276 E.04667
G1 X60.538 Y47.038 E.21112
M204 S10000
G1 X61.106 Y46.834 F7200
M204 S500
;WIDTH:0.528759
G1 F1234.977
G1 X61.555 Y47.02 E.01963
G1 X63.616 Y42.045 E.21753
G1 X63.167 Y41.859 E.01963
G1 X61.121 Y46.797 E.21591
M204 S10000
G1 E-.8 F1800
G1 X62.645 Y50.08 Z9.8 F7200
G1 Z9.4
G1 E.8 F1800
M204 S1500
;TYPE:Inner wall
;WIDTH:0.449999
G1 F1473.915
G1 X62.675 Y50.07 E.00107
G1 X62.89 Y49.888 E.00954
G1 X63.075 Y49.463 E.01568
G1 X63.695 Y49.565 E.02128
G1 X64.379 Y49.632 E.02325
G1 X64.379 Y52.318 E.09093
G1 X63.455 Y52.249 E.03134
G1 X62.673 Y52.14 E.02675
G1 X62.114 Y52.032 E.01925
G1 X62.178 Y51.639 E.01347
G1 X62.052 Y51.35 E.0107
G1 X61.752 Y51.147 E.01226
G1 X60.578 Y50.792 E.04149
G1 X59.845 Y50.513 E.02656
G1 X59.129 Y50.192 E.02656
G1 X58.049 Y49.613 E.04149
G1 X57.693 Y49.544 E.01226
G1 X57.399 Y49.659 E.0107
G1 X57.166 Y49.982 E.01347
G1 X56.682 Y49.655 E.0198
G1 X56.047 Y49.173 E.02698
G1 X55.363 Y48.583 E.03057
G1 X57.262 Y46.684 E.09093
M73 P32 R13
G1 X57.821 Y47.143 E.02447
G1 X58.299 Y47.497 E.02015
G1 X58.134 Y47.912 E.01509
G1 X58.152 Y48.181 E.00914
G1 X58.235 Y48.355 E.00653
G1 X58.424 Y48.532 E.00877
G1 X58.983 Y48.865 E.02201
G1 X59.626 Y49.198 E.0245
G1 X60.286 Y49.493 E.0245
G1 X60.963 Y49.75 E.0245
G1 X62.051 Y50.067 E.03834
G1 X62.509 Y50.126 E.01564
G1 X62.607 Y50.093 E.00349
M204 S500
G1 X62.482 Y49.688 F7200
;TYPE:Outer wall
G1 F1473.915
G1 X62.57 Y49.589 E.00449
G1 X62.797 Y48.982 E.02192
G1 X63.733 Y49.138 E.03211
G1 X64.807 Y49.208 E.03645
G1 X64.807 Y52.758 E.12017
G1 X64.219 Y52.742 E.01992
G1 X63.408 Y52.675 E.02754
G1 X62.63 Y52.567 E.02661
G1 X62.124 Y52.47 E.01743
G1 X61.546 Y52.328 E.02014
G1 X61.745 Y51.795 E.01928
G1 X61.743 Y51.662 E.00449
G1 X61.627 Y51.557 E.0053
G1 X60.44 Y51.198 E.04199
G1 X59.681 Y50.909 E.02749
G1 X58.94 Y50.576 E.02749
G1 X57.846 Y49.991 E.04199
G1 X57.69 Y49.983 E.0053
G1 X57.595 Y50.076 E.00449
G1 X57.359 Y50.594 E.01928
G1 X57.09 Y50.448 E.01035
G1 X56.445 Y50.013 E.02631
G1 X55.797 Y49.522 E.02754
G1 X55.176 Y48.996 E.02754
G1 X54.748 Y48.592 E.01992
G1 X57.259 Y46.081 E.12017
G1 X57.575 Y46.379 E.01469
G1 X58.327 Y46.985 E.0327
G1 X58.838 Y47.347 E.0212
G1 X58.571 Y47.932 E.02177
G1 X58.563 Y48.06 E.00432
G1 X58.644 Y48.164 E.00449
G1 X59.181 Y48.485 E.02117
G1 X59.801 Y48.807 E.02366
G1 X60.439 Y49.093 E.02366
G1 X61.092 Y49.341 E.02366
G1 X61.759 Y49.551 E.02366
G1 X62.301 Y49.688 E.01891
G1 X62.442 Y49.688 E.00477
M204 S10000
G1 X62.826 Y50.941 F7200
M204 S500
;TYPE:Internal solid infill
;WIDTH:0.5746
G1 F1128.498
G1 X63.05 Y51.308 E.01901
G1 X63.502 Y51.371 E.0202
G1 X63.498 Y50.521 E.03757
G1 X63.076 Y50.849 E.02365
G1 X62.863 Y50.927 E.01002
M204 S10000
G1 E-.8 F1800
G1 X59.986 Y50.16 Z9.8 F7200
G1 Z9.4
G1 E.8 F1800
M204 S500
;WIDTH:0.395369
G1 F1702.376
G1 X60.688 Y50.428 E.02202
G1 X62.011 Y50.834 E.04056
;WIDTH:0.447321
G1 F1483.676
G1 X62.386 Y51.119 E.01586
G1 X62.525 Y51.369 E.00961
G1 X62.582 Y51.63 E.00897
G1 X62.574 Y51.707 E.0026
G1 X63.084 Y51.786 E.01734
G1 X63.972 Y51.883 E.03004
G1 X63.972 Y49.992 E.06359
G1 X63.327 Y49.912 E.02186
G1 X63.187 Y50.163 E.00966
G1 X62.824 Y50.444 E.01543
G1 X62.539 Y50.529 E.01002
G1 X62.124 Y50.485 E.01403
;WIDTH:0.395298
G1 F1702.717
G1 X61.562 Y50.332 E.01707
G1 X60.822 Y50.103 E.02269
G1 X60.152 Y49.848 E.02102
G1 X59.454 Y49.536 E.0224
G1 X58.801 Y49.195 E.0216
G1 X58.253 Y48.881 E.01848
;WIDTH:0.447529
G1 F1482.916
G1 X57.928 Y48.62 E.01403
G1 X57.753 Y48.253 E.01366
G1 X57.74 Y47.821 E.01455
G1 X57.804 Y47.637 E.00657
G1 X57.291 Y47.231 E.02201
G1 X55.958 Y48.564 E.06341
G1 X56.625 Y49.093 E.02865
G1 X57.076 Y49.422 E.01876
G1 X57.177 Y49.318 E.00488
G1 X57.394 Y49.204 E.00824
G1 X57.691 Y49.14 E.01024
G1 X58.087 Y49.209 E.0135
;WIDTH:0.397488
G1 F1692.202
G1 X59.28 Y49.842 E.03985
G1 X59.949 Y50.144 E.02162
M204 S10000
G1 E-.8 F1800
G1 X57.436 Y48.709 Z9.8 F7200
G1 Z9.4
G1 E.8 F1800
M204 S500
;WIDTH:0.572293
G1 F1133.416
G1 X57.311 Y48.427 E.01357
G1 X57.262 Y47.922 E.02234
G1 X56.652 Y48.532 E.03801
G1 X57.072 Y48.84 E.02293
G1 X57.399 Y48.722 E.01527
M204 S10000
G1 E-.8 F1800
G1 X58.096 Y51.87 Z9.8 F7200
G1 Z9.4
G1 E.8 F1800
M204 S1500
;TYPE:Inner wall
;WIDTH:0.449999
G1 F1473.915
G1 X60.122 Y52.709 E.07423
G1 X57.412 Y59.251 E.23967
G1 X55.384 Y58.417 E.07423
G1 X58.081 Y51.907 E.2385
M204 S500
G1 X57.864 Y51.31 F7200
;TYPE:Outer wall
G1 F1473.915
G1 X60.682 Y52.477 E.10324
G1 X58.227 Y58.404 E.21715
G1 X57.645 Y59.81 E.05149
G1 X54.871 Y58.669 E.1015
G1 X54.836 Y58.62 E.00204
G1 X57.849 Y51.347 E.26647
M204 S10000
G1 X58.316 Y52.402 F7200
M204 S500
;TYPE:Internal solid infill
G1 F1473.915
G1 X55.917 Y58.196 E.21226
G1 X57.192 Y58.72 E.04667
G1 X59.59 Y52.93 E.21214
G1 X58.353 Y52.417 E.04532
M204 S10000
G1 X58.558 Y52.985 F7200
M204 S500
;WIDTH:0.528761
G1 F1234.973
G1 X56.5 Y57.953 E.21721
G1 X56.95 Y58.138 E.01963
G1 X59.007 Y53.171 E.21716
G1 X58.595 Y53.001 E.01801
; stop printing object fidget-finger-massager-2000-roller_plain.stl id:4713352688601451214 copy 0
;LAYER_CHANGE
;Z:9.6
;HEIGHT:0.200001
G92 E0
;_SET_FAN_SPEED_CHANGING_LAYER
; printing object fidget-finger-massager-2000-roller_plain.stl id:4713352688601451214 copy 0
M204 S10000
G1 E-.8 F1800
G1 X59.974 Y47.335 Z10 F7200
G1 Z9.6
G1 E.8 F1800
M204 S1500
;TYPE:Inner wall
;WIDTH:0.449999
G1 F1473.915
G1 X62.66 Y40.852 E.23752
G1 X64.687 Y41.689 E.07423
G1 X62 Y48.174 E.2376
G1 X60.011 Y47.35 E.07287
M204 S500
G1 X59.415 Y47.567 F7200
;TYPE:Outer wall
G1 F1473.915
G1 X62.428 Y40.293 E.26652
G1 X65.199 Y41.437 E.10149
G1 X65.235 Y41.486 E.00205
G1 X62.232 Y48.734 E.26555
G1 X59.451 Y47.582 E.10188
M204 S10000
G1 X60.506 Y47.115 F7200
M204 S500
;TYPE:Internal solid infill
G1 F1473.915
G1 X61.78 Y47.642 E.04667
G1 X64.155 Y41.91 E.21002
G1 X62.88 Y41.384 E.04667
G1 X60.522 Y47.078 E.20862
M204 S10000
G1 X61.09 Y46.873 F7200
M204 S500
;WIDTH:0.528759
G1 F1234.977
G1 X61.539 Y47.059 E.01963
G1 X63.571 Y42.152 E.21457
G1 X63.122 Y41.967 E.01963
G1 X61.105 Y46.836 E.21293
M204 S10000
G1 E-.8 F1800
G1 X62.646 Y50.055 Z10 F7200
G1 Z9.6
G1 E.8 F1800
M204 S1500
;TYPE:Inner wall
;WIDTH:0.449999
G1 F1473.915
G1 X62.673 Y50.047 E.00094
G1 X62.891 Y49.872 E.00947
G1 X63.075 Y49.463 E.01517
G1 X63.691 Y49.565 E.02116
G1 X64.379 Y49.633 E.02339
G1 X64.379 Y52.318 E.09087
G1 X63.455 Y52.249 E.03136
G1 X62.672 Y52.14 E.02676
G1 X62.114 Y52.032 E.01922
G1 X62.162 Y51.645 E.01319
G1 X62.032 Y51.373 E.01021
G1 X61.741 Y51.179 E.01185
G1 X60.569 Y50.822 E.04148
G1 X59.833 Y50.542 E.02665
G1 X59.115 Y50.219 E.02665
G1 X58.033 Y49.643 E.04148
G1 X57.69 Y49.574 E.01185
G1 X57.406 Y49.675 E.01021
G1 X57.166 Y49.983 E.01319
G1 X56.682 Y49.655 E.01979
G1 X56.048 Y49.173 E.02697
G1 X55.363 Y48.583 E.03059
G1 X57.261 Y46.685 E.09087
G1 X57.819 Y47.142 E.02442
G1 X58.299 Y47.497 E.0202
G1 X58.145 Y47.901 E.01461
G1 X58.167 Y48.161 E.00886
G1 X58.254 Y48.336 E.0066
G1 X58.437 Y48.504 E.0084
G1 X58.998 Y48.837 E.0221
G1 X59.639 Y49.17 E.02444
G1 X60.298 Y49.465 E.02444
G1 X60.974 Y49.72 E.02444
G1 X62.059 Y50.037 E.03827
G1 X62.509 Y50.098 E.01537
G1 X62.608 Y50.067 E.00351
M204 S500
G1 X62.489 Y49.66 F7200
M73 P33 R13
;TYPE:Outer wall
G1 F1473.915
G1 X62.581 Y49.559 E.00462
G1 X62.797 Y48.982 E.02085
G1 X63.729 Y49.138 E.03199
G1 X64.807 Y49.208 E.03657
G1 X64.807 Y52.758 E.12017
G1 X64.219 Y52.742 E.01993
G1 X63.408 Y52.675 E.02755
G1 X62.601 Y52.563 E.02756
G1 X62.09 Y52.464 E.01762
G1 X61.546 Y52.328 E.01899
G1 X61.733 Y51.827 E.01812
G1 X61.73 Y51.69 E.00462
G1 X61.616 Y51.589 E.00516
G1 X60.43 Y51.227 E.04197
G1 X59.669 Y50.938 E.02756
G1 X58.926 Y50.604 E.02756
G1 X57.832 Y50.022 E.04197
G1 X57.68 Y50.013 E.00516
G1 X57.581 Y50.107 E.00462
G1 X57.359 Y50.594 E.01812
G1 X57.09 Y50.448 E.01035
G1 X56.446 Y50.014 E.02628
G1 X55.797 Y49.523 E.02755
G1 X55.176 Y48.996 E.02755
G1 X54.748 Y48.592 E.01993
G1 X57.259 Y46.081 E.12017
G1 X57.576 Y46.38 E.01476
G1 X58.352 Y47.003 E.03369
G1 X58.838 Y47.347 E.02015
G1 X58.584 Y47.904 E.02071
G1 X58.576 Y48.034 E.0044
G1 X58.657 Y48.136 E.0044
G1 X59.196 Y48.457 E.02125
G1 X59.815 Y48.779 E.0236
G1 X60.451 Y49.064 E.0236
G1 X61.103 Y49.312 E.0236
G1 X61.767 Y49.521 E.0236
G1 X62.31 Y49.658 E.01895
G1 X62.449 Y49.66 E.00469
M204 S10000
G1 X62.8 Y50.952 F7200
M204 S500
;TYPE:Internal solid infill
;WIDTH:0.582954
G1 F1111.041
G1 X62.962 Y51.291 E.01688
G1 X63.498 Y51.366 E.02431
G1 X63.498 Y50.504 E.03871
G1 X63.103 Y50.817 E.02264
G1 X62.837 Y50.936 E.01308
M204 S10000
G1 E-.8 F1800
G1 X59.979 Y50.174 Z10 F7200
G1 Z9.6
G1 E.8 F1800
M204 S500
;WIDTH:0.440643
G1 F1508.588
G1 X60.682 Y50.442 E.02488
G1 X62.005 Y50.851 E.04579
G1 X62.364 Y51.139 E.01524
G1 X62.565 Y51.623 E.0173
G1 X62.558 Y51.703 E.00269
G1 X63.126 Y51.792 E.01902
G1 X63.972 Y51.883 E.02813
G1 X63.972 Y49.992 E.06254
G1 X63.323 Y49.911 E.02161
G1 X63.182 Y50.154 E.0093
G1 X62.853 Y50.41 E.01377
G1 X62.533 Y50.503 E.01102
G1 X62.129 Y50.471 E.01341
G1 X61.566 Y50.318 E.01927
G1 X60.829 Y50.088 E.02554
G1 X60.158 Y49.834 E.02373
G1 X59.46 Y49.522 E.02528
G1 X58.81 Y49.182 E.02425
G1 X58.26 Y48.868 E.02096
G1 X57.907 Y48.546 E.0158
G1 X57.77 Y48.241 E.01106
G1 X57.748 Y47.819 E.01397
G1 X57.807 Y47.639 E.00626
G1 X57.291 Y47.231 E.02174
G1 X55.958 Y48.564 E.06233
G1 X56.633 Y49.099 E.02849
G1 X57.089 Y49.431 E.01866
G1 X57.224 Y49.314 E.00591
G1 X57.694 Y49.169 E.01627
G1 X58.079 Y49.224 E.01284
G1 X59.272 Y49.856 E.04463
G1 X59.943 Y50.158 E.02434
M204 S10000
G1 E-.8 F1800
G1 X57.47 Y48.727 Z10 F7200
G1 Z9.6
G1 E.8 F1800
M204 S500
;WIDTH:0.580519
G1 F1116.073
G1 X57.327 Y48.421 E.0151
G1 X57.269 Y47.921 E.02251
G1 X56.658 Y48.532 E.03864
G1 X57.103 Y48.856 E.02461
G1 X57.432 Y48.74 E.01561
M204 S10000
G1 E-.8 F1800
G1 X58.115 Y51.825 Z10 F7200
G1 Z9.6
G1 E.8 F1800
M204 S1500
;TYPE:Inner wall
;WIDTH:0.449999
G1 F1473.915
G1 X60.14 Y52.664 E.07421
G1 X57.449 Y59.147 E.23759
G1 X55.431 Y58.305 E.07401
G1 X58.099 Y51.862 E.23605
M204 S500
G1 X57.883 Y51.265 F7200
;TYPE:Outer wall
G1 F1473.915
G1 X60.7 Y52.432 E.10323
G1 X58.264 Y58.299 E.21503
G1 X57.68 Y59.708 E.05161
G1 X54.871 Y58.536 E.10301
G1 X57.867 Y51.302 E.26503
M204 S10000
G1 X58.335 Y52.357 F7200
M204 S500
;TYPE:Internal solid infill
G1 F1473.915
G1 X55.962 Y58.086 E.20988
G1 X57.229 Y58.614 E.04646
G1 X59.608 Y52.884 E.21
G1 X58.372 Y52.372 E.04529
M204 S10000
G1 X58.576 Y52.94 F7200
M204 S500
;WIDTH:0.52702
G1 F1239.415
G1 X56.543 Y57.846 E.21377
G1 X56.989 Y58.032 E.01944
G1 X59.025 Y53.126 E.21382
G1 X58.613 Y52.955 E.01792
; stop printing object fidget-finger-massager-2000-roller_plain.stl id:4713352688601451214 copy 0
;LAYER_CHANGE
;Z:9.8
;HEIGHT:0.2
G92 E0
;_SET_FAN_SPEED_CHANGING_LAYER
; printing object fidget-finger-massager-2000-roller_plain.stl id:4713352688601451214 copy 0
M204 S10000
G1 E-.8 F1800
G1 X59.949 Y47.396 Z10.2 F7200
G1 Z9.8
G1 E.8 F1800
M204 S1500
;TYPE:Inner wall
;WIDTH:0.449999
G1 F1473.915
G1 X62.615 Y40.96 E.23579
G1 X64.642 Y41.796 E.07423
G1 X61.975 Y48.235 E.2359
G1 X59.986 Y47.411 E.07287
M204 S500
G1 X59.389 Y47.628 F7200
;TYPE:Outer wall
G1 F1473.915
G1 X62.383 Y40.401 E.26478
G1 X65.155 Y41.544 E.1015
G1 X65.19 Y41.593 E.00204
G1 X62.207 Y48.795 E.26386
G1 X59.426 Y47.643 E.10188
M204 S10000
G1 X60.481 Y47.175 F7200
M204 S500
;TYPE:Internal solid infill
G1 F1473.915
G1 X61.755 Y47.703 E.04667
G1 X64.11 Y42.017 E.20832
G1 X62.836 Y41.491 E.04667
G1 X60.497 Y47.139 E.2069
M204 S10000
G1 X61.065 Y46.934 F7200
M204 S500
;WIDTH:0.528759
G1 F1234.977
G1 X61.513 Y47.12 E.01963
G1 X63.527 Y42.259 E.21253
G1 X63.078 Y42.074 E.01963
G1 X61.08 Y46.897 E.21088
M204 S10000
G1 E-.8 F1800
G1 X62.646 Y50.055 Z10.2 F7200
G1 Z9.8
G1 E.8 F1800
M204 S1500
;TYPE:Inner wall
;WIDTH:0.449999
G1 F1473.915
G1 X62.673 Y50.047 E.00094
G1 X62.891 Y49.872 E.00947
G1 X63.075 Y49.463 E.01517
G1 X63.688 Y49.564 E.02103
G1 X64.379 Y49.635 E.02352
G1 X64.379 Y52.318 E.09081
G1 X63.454 Y52.249 E.03139
G1 X62.671 Y52.14 E.02677
G1 X62.114 Y52.032 E.01918
G1 X62.162 Y51.646 E.01318
G1 X62.032 Y51.373 E.01023
G1 X61.741 Y51.179 E.01185
G1 X60.569 Y50.822 E.04148
G1 X59.833 Y50.542 E.02665
G1 X59.115 Y50.219 E.02665
G1 X58.033 Y49.643 E.04148
G1 X57.69 Y49.574 E.01185
G1 X57.406 Y49.675 E.01023
G1 X57.166 Y49.983 E.01318
G1 X56.683 Y49.655 E.01975
G1 X56.048 Y49.173 E.02699
G1 X55.363 Y48.583 E.03061
G1 X57.26 Y46.686 E.09081
G1 X57.827 Y47.147 E.02474
G1 X58.299 Y47.497 E.01989
G1 X58.145 Y47.899 E.01456
G1 X58.167 Y48.161 E.00892
G1 X58.254 Y48.336 E.0066
G1 X58.437 Y48.504 E.0084
G1 X58.998 Y48.837 E.0221
G1 X59.639 Y49.17 E.02444
G1 X60.298 Y49.465 E.02444
G1 X60.974 Y49.72 E.02444
G1 X62.059 Y50.037 E.03827
G1 X62.509 Y50.098 E.01537
G1 X62.608 Y50.067 E.00351
M204 S500
G1 X62.489 Y49.66 F7200
;TYPE:Outer wall
G1 F1473.915
G1 X62.581 Y49.559 E.00462
G1 X62.797 Y48.982 E.02085
G1 X63.726 Y49.138 E.03187
G1 X64.807 Y49.208 E.0367
G1 X64.807 Y52.758 E.12017
G1 X64.218 Y52.742 E.01994
G1 X63.407 Y52.675 E.02756
G1 X62.6 Y52.563 E.02757
G1 X62.09 Y52.464 E.01758
G1 X61.546 Y52.328 E.01899
M73 P34 R13
G1 X61.733 Y51.827 E.01812
G1 X61.73 Y51.69 E.00462
G1 X61.616 Y51.589 E.00516
G1 X60.43 Y51.227 E.04197
G1 X59.669 Y50.938 E.02756
G1 X58.926 Y50.604 E.02756
G1 X57.832 Y50.022 E.04197
G1 X57.68 Y50.013 E.00516
G1 X57.581 Y50.107 E.00462
G1 X57.359 Y50.594 E.01812
G1 X57.09 Y50.448 E.01036
G1 X56.447 Y50.014 E.02624
G1 X55.798 Y49.523 E.02757
G1 X55.176 Y48.997 E.02756
G1 X54.748 Y48.592 E.01994
G1 X57.259 Y46.081 E.12018
G1 X57.578 Y46.381 E.01482
G1 X58.352 Y47.003 E.03361
G1 X58.838 Y47.347 E.02017
G1 X58.584 Y47.904 E.02071
G1 X58.576 Y48.034 E.0044
G1 X58.657 Y48.136 E.0044
G1 X59.196 Y48.457 E.02125
G1 X59.815 Y48.779 E.0236
G1 X60.451 Y49.064 E.0236
G1 X61.103 Y49.312 E.0236
G1 X61.767 Y49.521 E.0236
G1 X62.31 Y49.658 E.01895
G1 X62.449 Y49.66 E.00469
M204 S10000
G1 X62.801 Y50.952 F7200
M204 S500
;TYPE:Internal solid infill
;WIDTH:0.582954
G1 F1111.041
G1 X62.962 Y51.291 E.01686
G1 X63.498 Y51.366 E.02432
G1 X63.498 Y50.504 E.03871
G1 X63.103 Y50.817 E.02264
G1 X62.837 Y50.936 E.01308
M204 S10000
G1 E-.8 F1800
G1 X59.979 Y50.174 Z10.2 F7200
G1 Z9.8
G1 E.8 F1800
M204 S500
;WIDTH:0.440643
G1 F1508.589
G1 X60.682 Y50.442 E.02488
G1 X62.005 Y50.851 E.04579
G1 X62.364 Y51.139 E.01524
G1 X62.565 Y51.623 E.01732
G1 X62.558 Y51.703 E.00266
G1 X63.126 Y51.792 E.01901
G1 X63.972 Y51.883 E.02813
G1 X63.972 Y49.992 E.06254
G1 X63.323 Y49.912 E.02161
G1 X63.182 Y50.154 E.0093
G1 X62.853 Y50.41 E.01376
G1 X62.533 Y50.503 E.01102
G1 X62.129 Y50.471 E.01341
G1 X61.566 Y50.318 E.01927
G1 X60.829 Y50.088 E.02554
G1 X60.158 Y49.834 E.02373
G1 X59.46 Y49.522 E.02528
G1 X58.81 Y49.182 E.02425
G1 X58.26 Y48.868 E.02096
G1 X57.907 Y48.546 E.0158
G1 X57.77 Y48.241 E.01106
G1 X57.748 Y47.819 E.01397
G1 X57.807 Y47.639 E.00626
G1 X57.291 Y47.231 E.02174
G1 X55.958 Y48.564 E.06233
G1 X56.633 Y49.099 E.02849
G1 X57.089 Y49.431 E.01866
G1 X57.224 Y49.315 E.00589
G1 X57.694 Y49.169 E.01629
G1 X58.079 Y49.224 E.01284
G1 X59.272 Y49.856 E.04463
G1 X59.943 Y50.158 E.02434
M204 S10000
G1 E-.8 F1800
G1 X57.47 Y48.727 Z10.2 F7200
G1 Z9.8
G1 E.8 F1800
M204 S500
;WIDTH:0.580526
G1 F1116.059
G1 X57.327 Y48.421 E.0151
G1 X57.269 Y47.921 E.02251
G1 X56.658 Y48.532 E.03864
G1 X57.103 Y48.856 E.02462
G1 X57.432 Y48.74 E.0156
M204 S10000
G1 E-.8 F1800
G1 X58.142 Y51.761 Z10.2 F7200
G1 Z9.8
G1 E.8 F1800
M204 S1500
;TYPE:Inner wall
;WIDTH:0.449999
G1 F1473.915
G1 X60.167 Y52.6 E.07421
G1 X57.501 Y59.038 E.23587
G1 X55.479 Y58.206 E.07401
G1 X58.127 Y51.798 E.2347
M204 S500
G1 X57.91 Y51.201 F7200
;TYPE:Outer wall
G1 F1473.915
G1 X60.727 Y52.368 E.10323
G1 X58.314 Y58.194 E.21345
G1 X57.733 Y59.596 E.0514
G1 X54.919 Y58.439 E.10301
G1 X57.894 Y51.238 E.26375
M204 S10000
G1 X58.363 Y52.293 F7200
M204 S500
;TYPE:Internal solid infill
G1 F1473.915
G1 X56.011 Y57.984 E.20846
G1 X57.28 Y58.507 E.04646
G1 X59.636 Y52.82 E.20835
G1 X58.4 Y52.308 E.04529
M204 S10000
G1 X58.604 Y52.876 F7200
M204 S500
;WIDTH:0.52702
G1 F1239.415
G1 X56.592 Y57.742 E.21199
G1 X57.039 Y57.926 E.01944
G1 X59.053 Y53.061 E.21194
G1 X58.641 Y52.891 E.01792
; stop printing object fidget-finger-massager-2000-roller_plain.stl id:4713352688601451214 copy 0
;LAYER_CHANGE
;Z:10
;HEIGHT:0.2
G92 E0
;_SET_FAN_SPEED_CHANGING_LAYER
; printing object fidget-finger-massager-2000-roller_plain.stl id:4713352688601451214 copy 0
M204 S10000
G1 E-.8 F1800
G1 X59.911 Y47.489 Z10.4 F7200
G1 Z10
G1 E.8 F1800
M204 S1500
;TYPE:Inner wall
;WIDTH:0.449999
G1 F1473.915
G1 X62.572 Y41.063 E.23542
G1 X64.598 Y41.902 E.07423
G1 X61.937 Y48.328 E.23542
G1 X59.948 Y47.504 E.07287
M204 S500
G1 X59.351 Y47.721 F7200
;TYPE:Outer wall
G1 F1473.915
G1 X62.341 Y40.503 E.26443
G1 X65.111 Y41.651 E.10149
G1 X65.146 Y41.7 E.00205
G1 X62.169 Y48.888 E.26336
G1 X59.388 Y47.736 E.10188
M204 S10000
G1 X60.443 Y47.268 F7200
M204 S500
;TYPE:Internal solid infill
G1 F1473.915
G1 X61.717 Y47.796 E.04667
G1 X64.067 Y42.123 E.20786
G1 X62.793 Y41.595 E.04667
G1 X60.458 Y47.231 E.20651
M204 S10000
G1 X61.026 Y47.027 F7200
M204 S500
;WIDTH:0.528759
G1 F1234.977
G1 X61.475 Y47.213 E.01963
G1 X63.483 Y42.364 E.21201
G1 X63.034 Y42.178 E.01963
G1 X61.041 Y46.99 E.21039
M204 S10000
G1 E-.8 F1800
G1 X62.645 Y50.08 Z10.4 F7200
G1 Z10
G1 E.8 F1800
M204 S1500
;TYPE:Inner wall
;WIDTH:0.449999
G1 F1473.915
G1 X62.675 Y50.07 E.00107
G1 X62.89 Y49.889 E.00954
G1 X63.075 Y49.464 E.01568
G1 X63.684 Y49.564 E.02091
G1 X64.379 Y49.637 E.02365
G1 X64.379 Y52.318 E.09075
G1 X63.453 Y52.249 E.03141
G1 X62.67 Y52.14 E.02679
G1 X62.114 Y52.032 E.01915
G1 X62.179 Y51.641 E.01342
G1 X62.052 Y51.35 E.01075
G1 X61.752 Y51.147 E.01226
G1 X60.578 Y50.792 E.04149
G1 X59.845 Y50.513 E.02656
G1 X59.129 Y50.192 E.02656
G1 X58.049 Y49.613 E.04149
G1 X57.693 Y49.544 E.01226
G1 X57.397 Y49.66 E.01075
G1 X57.166 Y49.983 E.01342
G1 X56.685 Y49.656 E.01969
G1 X56.049 Y49.174 E.02702
G1 X55.363 Y48.583 E.03063
G1 X57.259 Y46.687 E.09075
G1 X57.83 Y47.15 E.02487
G1 X58.299 Y47.497 E.01976
G1 X58.135 Y47.907 E.01493
G1 X58.152 Y48.181 E.00932
G1 X58.235 Y48.355 E.00653
G1 X58.424 Y48.532 E.00877
G1 X58.983 Y48.865 E.02201
G1 X59.626 Y49.198 E.0245
G1 X60.286 Y49.493 E.0245
G1 X60.963 Y49.75 E.0245
G1 X62.051 Y50.067 E.03834
G1 X62.509 Y50.126 E.01564
G1 X62.607 Y50.093 E.00349
M204 S500
G1 X62.482 Y49.688 F7200
;TYPE:Outer wall
G1 F1473.915
G1 X62.57 Y49.589 E.00449
G1 X62.797 Y48.982 E.02191
G1 X63.722 Y49.137 E.03175
G1 X64.807 Y49.208 E.03682
G1 X64.807 Y52.758 E.12017
G1 X64.218 Y52.742 E.01995
G1 X63.406 Y52.675 E.02757
G1 X62.627 Y52.567 E.02664
G1 X62.124 Y52.47 E.01733
G1 X61.546 Y52.328 E.02014
G1 X61.745 Y51.795 E.01928
G1 X61.743 Y51.662 E.00449
G1 X61.627 Y51.557 E.0053
G1 X60.44 Y51.198 E.04199
G1 X59.681 Y50.909 E.02749
G1 X58.94 Y50.576 E.02749
G1 X57.846 Y49.991 E.04199
G1 X57.69 Y49.983 E.0053
G1 X57.595 Y50.076 E.00449
G1 X57.359 Y50.594 E.01928
G1 X57.09 Y50.448 E.01036
G1 X56.448 Y50.015 E.0262
G1 X55.798 Y49.523 E.02758
G1 X55.177 Y48.997 E.02757
G1 X54.748 Y48.592 E.01995
G1 X57.259 Y46.081 E.12018
M73 P35 R13
G1 X57.579 Y46.383 E.01488
G1 X58.326 Y46.984 E.03248
G1 X58.838 Y47.347 E.02124
M73 P35 R12
G1 X58.571 Y47.932 E.02177
G1 X58.563 Y48.06 E.00432
G1 X58.644 Y48.164 E.00449
G1 X59.181 Y48.485 E.02117
G1 X59.801 Y48.807 E.02366
G1 X60.439 Y49.093 E.02366
G1 X61.092 Y49.341 E.02366
G1 X61.759 Y49.551 E.02366
G1 X62.301 Y49.688 E.01891
G1 X62.442 Y49.688 E.00477
M204 S10000
G1 X62.826 Y50.941 F7200
M204 S500
;TYPE:Internal solid infill
;WIDTH:0.574596
G1 F1128.507
G1 X63.049 Y51.308 E.01898
G1 X63.502 Y51.371 E.02025
G1 X63.498 Y50.521 E.03757
G1 X63.076 Y50.849 E.02364
G1 X62.863 Y50.927 E.01002
M204 S10000
G1 E-.8 F1800
G1 X59.986 Y50.16 Z10.4 F7200
G1 Z10
G1 E.8 F1800
M204 S500
;WIDTH:0.395369
G1 F1702.376
G1 X60.688 Y50.428 E.02202
G1 X62.011 Y50.834 E.04056
;WIDTH:0.447321
G1 F1483.677
G1 X62.386 Y51.119 E.01586
G1 X62.525 Y51.369 E.00961
G1 X62.582 Y51.632 E.00904
G1 X62.575 Y51.707 E.00253
G1 X63.083 Y51.786 E.01732
G1 X63.972 Y51.883 E.03004
G1 X63.972 Y49.992 E.06359
G1 X63.327 Y49.912 E.02186
G1 X63.187 Y50.163 E.00966
G1 X62.824 Y50.444 E.01542
G1 X62.539 Y50.529 E.01002
G1 X62.124 Y50.485 E.01403
;WIDTH:0.395298
G1 F1702.718
G1 X61.562 Y50.332 E.01707
G1 X60.822 Y50.103 E.02269
G1 X60.152 Y49.848 E.02102
G1 X59.454 Y49.536 E.0224
G1 X58.801 Y49.195 E.0216
G1 X58.253 Y48.881 E.01848
;WIDTH:0.447529
G1 F1482.915
G1 X57.928 Y48.62 E.01403
G1 X57.753 Y48.253 E.01366
G1 X57.74 Y47.821 E.01455
G1 X57.804 Y47.637 E.00657
G1 X57.291 Y47.231 E.02201
G1 X55.958 Y48.564 E.06341
G1 X56.625 Y49.093 E.02865
G1 X57.075 Y49.422 E.01874
G1 X57.176 Y49.32 E.00481
G1 X57.394 Y49.204 E.00832
G1 X57.691 Y49.14 E.01024
G1 X58.087 Y49.209 E.01349
;WIDTH:0.397488
G1 F1692.201
G1 X59.28 Y49.842 E.03985
G1 X59.949 Y50.144 E.02162
M204 S10000
G1 E-.8 F1800
G1 X57.436 Y48.709 Z10.4 F7200
G1 Z10
G1 E.8 F1800
M204 S500
;WIDTH:0.57232
G1 F1133.359
G1 X57.311 Y48.427 E.01357
G1 X57.262 Y47.922 E.02234
G1 X56.652 Y48.532 E.03802
G1 X57.072 Y48.84 E.02294
G1 X57.399 Y48.722 E.01527
M204 S10000
G1 E-.8 F1800
G1 X58.178 Y51.674 Z10.4 F7200
G1 Z10
G1 E.8 F1800
M204 S1500
;TYPE:Inner wall
;WIDTH:0.449999
G1 F1473.915
G1 X60.203 Y52.513 E.07421
G1 X57.545 Y58.931 E.23514
G1 X55.523 Y58.099 E.07401
G1 X58.163 Y51.711 E.23397
M204 S500
G1 X57.946 Y51.114 F7200
;TYPE:Outer wall
G1 F1473.915
G1 X60.763 Y52.281 E.10323
G1 X58.358 Y58.087 E.21271
G1 X57.777 Y59.49 E.0514
G1 X54.963 Y58.332 E.10301
G1 X57.93 Y51.151 E.26302
M204 S10000
G1 X58.398 Y52.206 F7200
M204 S500
;TYPE:Internal solid infill
G1 F1473.915
G1 X56.055 Y57.878 E.20773
G1 X57.324 Y58.4 E.04646
G1 X59.671 Y52.733 E.20761
G1 X58.435 Y52.221 E.04529
M204 S10000
G1 X58.64 Y52.789 F7200
M204 S500
;WIDTH:0.527019
G1 F1239.417
G1 X56.636 Y57.636 E.21111
G1 X57.083 Y57.819 E.01944
G1 X59.089 Y52.975 E.21107
G1 X58.677 Y52.804 E.01792
; stop printing object fidget-finger-massager-2000-roller_plain.stl id:4713352688601451214 copy 0
;LAYER_CHANGE
;Z:10.2
;HEIGHT:0.2
G92 E0
;_SET_FAN_SPEED_CHANGING_LAYER
; printing object fidget-finger-massager-2000-roller_plain.stl id:4713352688601451214 copy 0
M204 S10000
G1 E-.8 F1800
G1 X59.861 Y47.609 Z10.6 F7200
G1 Z10.2
G1 E.8 F1800
M204 S1500
;TYPE:Inner wall
;WIDTH:0.449999
G1 F1473.915
G1 X62.527 Y41.173 E.23581
G1 X64.554 Y42.009 E.07423
G1 X61.887 Y48.448 E.23591
G1 X59.898 Y47.625 E.07287
M204 S500
G1 X59.301 Y47.841 F7200
;TYPE:Outer wall
G1 F1473.915
G1 X62.295 Y40.613 E.26481
G1 X65.067 Y41.757 E.10149
G1 X65.102 Y41.806 E.00205
G1 X62.119 Y49.008 E.26387
G1 X59.338 Y47.856 E.10188
M204 S10000
G1 X60.393 Y47.389 F7200
M204 S500
;TYPE:Internal solid infill
G1 F1473.915
G1 X61.667 Y47.917 E.04667
G1 X64.022 Y42.23 E.20833
G1 X62.747 Y41.704 E.04667
G1 X60.408 Y47.352 E.20692
M204 S10000
G1 X60.976 Y47.147 F7200
M204 S500
;WIDTH:0.52876
G1 F1234.974
G1 X61.425 Y47.333 E.01963
G1 X63.438 Y42.472 E.21255
G1 X62.989 Y42.287 E.01963
G1 X60.991 Y47.11 E.21091
M204 S10000
G1 E-.8 F1800
G1 X62.64 Y50.133 Z10.6 F7200
G1 Z10.2
G1 E.8 F1800
M204 S1500
;TYPE:Inner wall
;WIDTH:0.449999
G1 F1473.915
G1 X62.677 Y50.119 E.00132
G1 X62.887 Y49.922 E.00973
G1 X63.074 Y49.464 E.01678
G1 X63.68 Y49.564 E.02078
G1 X64.379 Y49.639 E.02378
G1 X64.379 Y52.318 E.09068
G1 X63.453 Y52.249 E.03143
G1 X62.669 Y52.14 E.0268
G1 X62.114 Y52.032 E.01912
G1 X62.208 Y51.629 E.014
G1 X62.09 Y51.305 E.01169
G1 X61.848 Y51.11 E.0105
G1 X60.56 Y50.715 E.0456
G1 X59.828 Y50.433 E.02656
G1 X59.113 Y50.11 E.02656
G1 X57.979 Y49.509 E.04344
G1 X57.698 Y49.486 E.00955
G1 X57.385 Y49.631 E.01169
G1 X57.166 Y49.983 E.014
G1 X56.686 Y49.658 E.01962
G1 X56.049 Y49.174 E.02707
G1 X55.363 Y48.583 E.03065
G1 X57.257 Y46.689 E.09069
G1 X57.305 Y46.713 E.00181
G1 X57.833 Y47.152 E.02324
G1 X58.299 Y47.497 E.01962
G1 X58.116 Y47.927 E.01581
G1 X58.119 Y48.223 E.01001
G1 X58.194 Y48.396 E.0064
G1 X58.397 Y48.592 E.00955
G1 X58.951 Y48.922 E.02183
G1 X59.597 Y49.257 E.02463
G1 X60.261 Y49.554 E.02463
G1 X60.942 Y49.812 E.02463
G1 X61.636 Y50.03 E.02463
G1 X62.176 Y50.166 E.01884
G1 X62.509 Y50.183 E.0113
G1 X62.603 Y50.147 E.00341
M204 S500
G1 X62.466 Y49.745 F7200
;TYPE:Outer wall
G1 F1473.915
G1 X62.547 Y49.651 E.00422
G1 X62.797 Y48.982 E.02415
G1 X63.718 Y49.137 E.03162
G1 X64.807 Y49.208 E.03694
G1 X64.807 Y52.758 E.12017
G1 X64.202 Y52.741 E.02049
G1 X63.013 Y52.62 E.04045
G1 X62.19 Y52.483 E.02825
G1 X61.546 Y52.328 E.02243
G1 X61.769 Y51.731 E.02157
G1 X61.77 Y51.607 E.00422
G1 X61.673 Y51.501 E.00485
G1 X60.408 Y51.115 E.04477
G1 X59.652 Y50.824 E.0274
G1 X58.915 Y50.49 E.0274
G1 X57.879 Y49.931 E.03985
G1 X57.71 Y49.925 E.00571
G1 X57.623 Y50.014 E.00422
G1 X57.359 Y50.594 E.02157
G1 X57.09 Y50.448 E.01036
G1 X56.449 Y50.015 E.02617
G1 X55.799 Y49.524 E.02759
G1 X55.177 Y48.997 E.02758
G1 X54.748 Y48.592 E.01997
G1 X57.259 Y46.081 E.12018
G1 X57.58 Y46.384 E.01494
G1 X58.273 Y46.945 E.03017
G1 X58.838 Y47.347 E.02349
G1 X58.544 Y47.993 E.024
G1 X58.534 Y48.114 E.00413
G1 X58.616 Y48.224 E.00467
G1 X59.149 Y48.542 E.02099
G1 X59.772 Y48.866 E.02379
G1 X60.414 Y49.154 E.02379
G1 X61.071 Y49.403 E.02379
G1 X61.741 Y49.614 E.02379
G1 X62.281 Y49.75 E.01884
G1 X62.426 Y49.747 E.00492
M73 P36 R12
M204 S10000
G1 E-.8 F1800
G1 X57.375 Y48.68 Z10.6 F7200
G1 Z10.2
G1 E.8 F1800
M204 S500
;TYPE:Internal solid infill
;WIDTH:0.555513
G1 F1170.519
G1 X57.28 Y48.439 E.01104
G1 X57.249 Y47.923 E.02205
G1 X56.639 Y48.534 E.03681
G1 X57.037 Y48.825 E.02103
G1 X57.339 Y48.696 E.01399
M204 S10000
G1 X58.137 Y49.028 F7200
M204 S500
;WIDTH:0.624717
G1 F1031.289
G1 X58.062 Y48.918 E.00644
;WIDTH:0.574797
G1 F1128.08
G1 X57.987 Y48.808 E.00589
;WIDTH:0.524878
G1 F1244.922
G1 X57.912 Y48.698 E.00534
;WIDTH:0.450576
G1 F1471.83
G1 X57.837 Y48.588 E.00451
G1 X57.719 Y48.279 E.0112
G1 X57.723 Y47.829 E.01526
G1 X57.799 Y47.633 E.00714
G1 X57.291 Y47.231 E.02198
G1 X55.958 Y48.564 E.06389
G1 X56.609 Y49.081 E.02818
G1 X57.051 Y49.405 E.01859
G1 X57.326 Y49.185 E.01194
G1 X57.685 Y49.082 E.01263
;WIDTH:0.474959
G1 F1388.765
G1 X57.788 Y49.069 E.00373
;WIDTH:0.524878
G1 F1244.922
G1 X57.891 Y49.057 E.00416
;WIDTH:0.574797
G1 F1128.08
G1 X57.994 Y49.045 E.0046
;WIDTH:0.599757
G1 F1077.515
G1 X58.097 Y49.032 E.00481
M204 S10000
G1 X58.137 Y49.028 F7200
M204 S500
;WIDTH:0.618837
G1 F1041.817
G1 X58.682 Y49.333 E.02993
G1 X59.36 Y49.686 E.0366
G1 X60.058 Y49.999 E.03662
G1 X60.757 Y50.266 E.03586
G1 X62.039 Y50.651 E.06409
M204 S10000
G1 X62.099 Y50.678 F7200
M204 S500
;WIDTH:0.609383
G1 F1059.204
G1 X62.182 Y50.781 E.00623
;WIDTH:0.563845
G1 F1151.798
G1 X62.266 Y50.883 E.00573
;WIDTH:0.518307
G1 F1262.131
G1 X62.35 Y50.986 E.00523
;WIDTH:0.450521
G1 F1472.031
G1 X62.433 Y51.088 E.00449
G1 X62.565 Y51.355 E.01007
G1 X62.603 Y51.712 E.01219
G1 X63.128 Y51.793 E.01803
G1 X63.972 Y51.883 E.02875
G1 X63.972 Y49.992 E.06409
G1 X63.332 Y49.913 E.02185
G1 X63.197 Y50.182 E.0102
G1 X62.847 Y50.485 E.01571
G1 X62.55 Y50.585 E.01059
;WIDTH:0.472768
G1 F1395.842
G1 X62.447 Y50.606 E.00376
;WIDTH:0.518307
G1 F1262.131
G1 X62.344 Y50.628 E.00416
;WIDTH:0.563845
G1 F1151.798
G1 X62.241 Y50.649 E.00456
;WIDTH:0.586614
G1 F1103.563
G1 X62.138 Y50.67 E.00476
M204 S10000
G1 X62.889 Y50.964 F7200
M204 S500
;WIDTH:0.557531
G1 F1165.929
G1 X63.079 Y51.32 E.01729
G1 X63.511 Y51.38 E.01867
G1 X63.511 Y50.519 E.03685
G1 X63.124 Y50.863 E.02216
G1 X62.925 Y50.948 E.00922
M204 S10000
G1 E-.8 F1800
G1 X58.225 Y51.558 Z10.6 F7200
G1 Z10.2
G1 E.8 F1800
M204 S1500
;TYPE:Inner wall
;WIDTH:0.449999
G1 F1473.915
G1 X60.251 Y52.397 E.07423
G1 X57.587 Y58.829 E.23567
G1 X55.563 Y57.985 E.07423
G1 X58.21 Y51.595 E.23413
M204 S500
G1 X57.993 Y50.998 F7200
;TYPE:Outer wall
G1 F1473.915
G1 X60.811 Y52.165 E.10324
G1 X58.404 Y57.978 E.21296
G1 X57.819 Y59.39 E.05175
G1 X55.004 Y58.216 E.10324
G1 X57.978 Y51.035 E.2631
M204 S10000
G1 X58.446 Y52.09 F7200
M204 S500
;TYPE:Internal solid infill
G1 F1473.915
G1 X56.095 Y57.766 E.20796
G1 X57.367 Y58.296 E.04667
G1 X59.72 Y52.617 E.20807
G1 X58.483 Y52.105 E.04532
M204 S10000
G1 X58.687 Y52.673 F7200
M204 S500
;WIDTH:0.528762
G1 F1234.971
G1 X56.678 Y57.525 E.21216
G1 X57.126 Y57.712 E.01963
G1 X59.136 Y52.859 E.21221
G1 X58.724 Y52.688 E.01801
; stop printing object fidget-finger-massager-2000-roller_plain.stl id:4713352688601451214 copy 0
;LAYER_CHANGE
;Z:10.4
;HEIGHT:0.2
G92 E0
;_SET_FAN_SPEED_CHANGING_LAYER
; printing object fidget-finger-massager-2000-roller_plain.stl id:4713352688601451214 copy 0
M204 S10000
G1 E-.8 F1800
G1 X59.795 Y47.768 Z10.8 F7200
G1 Z10.4
G1 E.8 F1800
M204 S1500
;TYPE:Inner wall
;WIDTH:0.449999
G1 F1473.915
G1 X62.483 Y41.28 E.2377
G1 X64.51 Y42.116 E.07423
G1 X61.821 Y48.607 E.23781
G1 X59.832 Y47.783 E.07287
M204 S500
G1 X59.235 Y48 F7200
;TYPE:Outer wall
G1 F1473.915
G1 X62.25 Y40.721 E.26669
G1 X65.022 Y41.864 E.1015
G1 X65.058 Y41.913 E.00204
G1 X62.053 Y49.167 E.26577
G1 X59.272 Y48.015 E.10188
M204 S10000
G1 X60.327 Y47.548 F7200
M204 S500
;TYPE:Internal solid infill
G1 F1473.915
G1 X61.601 Y48.075 E.04667
G1 X63.978 Y42.337 E.21023
G1 X62.703 Y41.811 E.04667
G1 X60.342 Y47.511 E.20881
M204 S10000
G1 X60.91 Y47.306 F7200
M204 S500
;WIDTH:0.528759
G1 F1234.977
G1 X61.359 Y47.492 E.01963
G1 X63.394 Y42.579 E.21481
G1 X62.945 Y42.394 E.01963
G1 X60.926 Y47.269 E.21316
M204 S10000
G1 E-.8 F1800
G1 X62.5 Y50.255 Z10.8 F7200
G1 Z10.4
G1 E.8 F1800
M204 S1500
;TYPE:Inner wall
;WIDTH:0.532988
G1 F1224.32
G1 X62.549 Y50.239 E.00212
;WIDTH:0.491494
G1 F1337.573
G1 X62.676 Y50.198 E.00497
;WIDTH:0.449999
G1 F1473.915
G1 X62.892 Y49.946 E.01124
G1 X63.074 Y49.464 E.01744
G1 X63.677 Y49.563 E.02065
G1 X64.379 Y49.64 E.02391
G1 X64.379 Y52.318 E.09062
G1 X63.452 Y52.248 E.03145
G1 X62.668 Y52.14 E.02681
G1 X62.114 Y52.032 E.01908
G1 X62.246 Y51.606 E.01509
G1 X62.226 Y51.405 E.00683
G1 X62.15 Y51.234 E.00634
;WIDTH:0.497138
G1 F1320.952
G1 X62.094 Y51.156 E.00364
;WIDTH:0.544277
G1 F1196.753
G1 X62.038 Y51.078 E.00402
;WIDTH:0.591416
G1 F1093.902
G1 X61.981 Y51 E.0044
;WIDTH:0.638554
G1 F1007.33
G1 X61.925 Y50.921 E.00477
G1 X61.376 Y50.76 E.02832
;WIDTH:0.627274
G1 F1026.775
G1 X60.633 Y50.532 E.03777
G1 X59.911 Y50.255 E.03757
G1 X59.207 Y49.936 E.03757
;WIDTH:0.627702
G1 X58.526 Y49.58 E.03735
;WIDTH:0.643274
G1 F999.41
G1 X58.055 Y49.318 E.02695
G1 X57.924 Y49.353 E.00675
;WIDTH:0.594956
G1 F1086.887
G1 X57.794 Y49.388 E.0062
;WIDTH:0.546637
G1 F1191.146
G1 X57.663 Y49.423 E.00566
;WIDTH:0.498318
G1 F1317.529
G1 X57.533 Y49.459 E.00512
;WIDTH:0.449999
G1 F1473.915
G1 X57.374 Y49.588 E.00693
G1 X57.166 Y49.983 E.01509
G1 X56.688 Y49.659 E.01954
G1 X56.05 Y49.175 E.02713
G1 X55.363 Y48.583 E.03068
G1 X57.256 Y46.69 E.09063
G1 X57.307 Y46.714 E.0019
G1 X57.836 Y47.154 E.0233
G1 X58.299 Y47.497 E.01949
G1 X58.109 Y47.914 E.01552
G1 X58.066 Y48.288 E.01275
;WIDTH:0.498318
G1 F1317.529
G1 X58.125 Y48.41 E.00512
;WIDTH:0.546637
G1 F1191.146
G1 X58.184 Y48.531 E.00566
;WIDTH:0.594956
G1 F1086.887
G1 X58.243 Y48.653 E.0062
;WIDTH:0.643274
G1 F999.41
G1 X58.302 Y48.775 E.00675
G1 X58.857 Y49.095 E.03201
;WIDTH:0.627273
G1 F1026.777
G1 X59.513 Y49.436 E.03591
G1 X60.188 Y49.737 E.03591
G1 X60.88 Y49.999 E.03592
;WIDTH:0.626808
G1 F1027.594
G1 X61.585 Y50.218 E.03588
;WIDTH:0.622216
G1 F1035.74
G1 X62.169 Y50.362 E.02893
;WIDTH:0.615977
G1 F1047.016
G1 X62.295 Y50.321 E.00635
;WIDTH:0.574483
G1 F1128.748
G1 X62.422 Y50.28 E.00589
;WIDTH:0.532988
G1 F1224.32
G1 X62.462 Y50.267 E.00168
M204 S500
G1 X62.389 Y49.864 F7200
;TYPE:Outer wall
;WIDTH:0.449999
G1 F1473.915
G1 X62.509 Y49.753 E.00553
G1 X62.797 Y48.982 E.02784
G1 X63.715 Y49.136 E.0315
G1 X64.807 Y49.208 E.03706
G1 X64.807 Y52.758 E.12017
G1 X64.202 Y52.741 E.0205
G1 X63.074 Y52.629 E.03837
G1 X62.298 Y52.504 E.0266
G1 X61.546 Y52.328 E.02615
G1 X61.808 Y51.629 E.02529
G1 X61.813 Y51.517 E.00377
G1 X61.711 Y51.399 E.00528
G1 X60.449 Y51.015 E.04465
G1 X59.7 Y50.727 E.02719
G1 X58.968 Y50.395 E.02719
G1 X57.925 Y49.832 E.04014
G1 X57.795 Y49.812 E.00442
G1 X57.668 Y49.914 E.00553
G1 X57.359 Y50.594 E.02529
G1 X57.09 Y50.448 E.01036
G1 X56.45 Y50.016 E.02613
G1 X55.799 Y49.524 E.0276
G1 X55.177 Y48.997 E.0276
G1 X54.748 Y48.592 E.01998
G1 X57.259 Y46.081 E.12018
G1 X57.582 Y46.385 E.015
G1 X58.185 Y46.88 E.02641
G1 X58.838 Y47.347 E.02719
G1 X58.499 Y48.092 E.02769
G1 X58.486 Y48.203 E.0038
G1 X58.571 Y48.324 E.00499
G1 X59.096 Y48.637 E.02069
G1 X59.725 Y48.964 E.024
G1 X60.372 Y49.254 E.024
G1 X61.035 Y49.506 E.024
G1 X61.711 Y49.719 E.024
G1 X62.35 Y49.856 E.02211
M204 S10000
G1 X62.339 Y50.764 F7200
M204 S500
;TYPE:Internal solid infill
G1 F1473.915
G1 X62.601 Y51.252 E.01875
G1 X62.647 Y51.666 E.01411
G1 X62.635 Y51.719 E.00181
G1 X63.189 Y51.801 E.01895
G1 X63.972 Y51.883 E.02664
G1 X63.972 Y49.992 E.06401
G1 X63.338 Y49.914 E.02162
G1 X63.206 Y50.212 E.01103
G1 X62.874 Y50.552 E.01608
G1 X62.376 Y50.749 E.01813
M204 S10000
G1 X62.972 Y50.999 F7200
M204 S500
;WIDTH:0.52861
G1 F1235.356
G1 X63.074 Y51.334 E.01416
G1 X63.525 Y51.397 E.01842
M73 P37 R12
G1 X63.525 Y50.524 E.03526
G1 X63.148 Y50.909 E.02177
G1 X63.007 Y50.981 E.00638
M204 S10000
G1 E-.8 F1800
G1 X57.88 Y48.91 Z10.8 F7200
G1 Z10.4
G1 E.8 F1800
M204 S500
;WIDTH:0.449999
G1 F1473.915
G1 X57.677 Y48.403 E.01849
G1 X57.69 Y47.874 E.01792
G1 X57.795 Y47.629 E.009
G1 X57.291 Y47.231 E.02174
G1 X55.958 Y48.564 E.0638
G1 X56.583 Y49.063 E.02705
G1 X57.024 Y49.385 E.0185
G1 X57.329 Y49.106 E.014
G1 X57.842 Y48.924 E.01844
M204 S10000
G1 X57.292 Y48.643 F7200
M204 S500
;WIDTH:0.528615
G1 F1235.343
G1 X57.217 Y48.298 E.01424
G1 X57.235 Y47.918 E.01537
G1 X56.618 Y48.535 E.03524
G1 X56.987 Y48.805 E.01847
G1 X57.257 Y48.662 E.01235
M204 S10000
G1 E-.8 F1800
G1 X58.292 Y51.397 Z10.8 F7200
G1 Z10.4
G1 E.8 F1800
M204 S1500
;TYPE:Inner wall
;WIDTH:0.449999
G1 F1473.915
G1 X60.318 Y52.236 E.07421
G1 X57.625 Y58.72 E.23766
G1 X55.607 Y57.878 E.07401
G1 X58.277 Y51.434 E.23612
M204 S500
G1 X58.06 Y50.837 F7200
;TYPE:Outer wall
G1 F1473.915
G1 X60.878 Y52.004 E.10323
G1 X58.441 Y57.873 E.21509
G1 X57.856 Y59.281 E.05161
G1 X55.048 Y58.109 E.10301
G1 X58.045 Y50.874 E.26509
M204 S10000
G1 X58.512 Y51.929 F7200
M204 S500
;TYPE:Internal solid infill
G1 F1473.915
G1 X56.139 Y57.659 E.20995
G1 X57.406 Y58.187 E.04646
G1 X59.785 Y52.456 E.21006
G1 X58.549 Y51.944 E.04529
M204 S10000
G1 X58.754 Y52.511 F7200
M204 S500
;WIDTH:0.52702
G1 F1239.415
G1 X56.72 Y57.419 E.21384
G1 X57.166 Y57.605 E.01944
G1 X59.202 Y52.697 E.21389
G1 X58.791 Y52.527 E.01792
; stop printing object fidget-finger-massager-2000-roller_plain.stl id:4713352688601451214 copy 0
;LAYER_CHANGE
;Z:10.6
;HEIGHT:0.200001
G92 E0
;_SET_FAN_SPEED_CHANGING_LAYER
; printing object fidget-finger-massager-2000-roller_plain.stl id:4713352688601451214 copy 0
M204 S10000
G1 E-.8 F1800
G1 X57.669 Y58.613 Z11 F7200
G1 Z10.6
G1 E.8 F1800
M204 S1500
;TYPE:Inner wall
;WIDTH:0.449999
G1 F1473.915
G1 X55.652 Y57.772 E.07401
G1 X58.381 Y51.181 E.24145
G1 X60.407 Y52.02 E.07421
G1 X57.685 Y58.576 E.24029
M204 S500
G1 X57.901 Y59.174 F7200
;TYPE:Outer wall
G1 F1473.915
G1 X55.092 Y58.003 E.10301
G1 X58.149 Y50.621 E.27043
G1 X60.967 Y51.788 E.10323
G1 X58.485 Y57.766 E.21907
G1 X57.916 Y59.137 E.05026
M204 S10000
G1 E-.8 F1800
G1 X58.602 Y51.713 Z11 F7200
G1 Z10.6
G1 E.8 F1800
M204 S500
;TYPE:Internal solid infill
G1 F1473.915
G1 X56.183 Y57.552 E.21393
G1 X57.45 Y58.081 E.04646
G1 X59.875 Y52.24 E.21405
G1 X58.639 Y51.728 E.04529
M204 S10000
G1 X58.843 Y52.296 F7200
M204 S500
;WIDTH:0.527019
G1 F1239.416
G1 X56.764 Y57.312 E.21858
G1 X57.21 Y57.498 E.01944
G1 X59.291 Y52.482 E.21863
G1 X58.88 Y52.311 E.01792
M204 S10000
G1 E-.8 F1800
G1 X61.244 Y45.054 Z11 F7200
G1 X62.438 Y41.387 Z11
G1 Z10.6
G1 E.8 F1800
M204 S1500
;TYPE:Inner wall
;WIDTH:0.449999
G1 F1473.915
G1 X64.466 Y42.223 E.07423
G1 X61.731 Y48.825 E.24187
G1 X59.705 Y47.986 E.07423
G1 X62.423 Y41.424 E.24038
M204 S500
G1 X62.206 Y40.828 F7200
;TYPE:Outer wall
G1 F1473.915
G1 X65.012 Y41.985 E.10275
G1 X65.01 Y42.028 E.00147
G1 X61.963 Y49.385 E.26952
G1 X59.145 Y48.217 E.10324
G1 X62.191 Y40.865 E.26937
M204 S10000
G1 E-.8 F1800
G1 X62.971 Y48.458 Z11 F7200
G1 X63.074 Y49.464 Z11
G1 Z10.6
G1 E.8 F1800
M204 S1500
;TYPE:Inner wall
G1 F1473.915
G1 X63.673 Y49.563 E.02053
G1 X64.379 Y49.624 E.02399
G1 X64.379 Y52.318 E.09118
G1 X63.451 Y52.248 E.03148
G1 X62.667 Y52.139 E.02682
G1 X62.114 Y52.032 E.01905
G1 X62.268 Y51.619 E.01491
G1 X62.301 Y51.322 E.01014
G1 X62.241 Y51.129 E.00683
;WIDTH:0.467504
G1 F1413.148
G1 X61.95 Y50.84 E.01449
G1 X61.405 Y50.68 E.02003
;WIDTH:0.456799
G1 F1449.699
G1 X60.668 Y50.454 E.02653
G1 X59.951 Y50.179 E.02644
G1 X59.251 Y49.863 E.02644
;WIDTH:0.457197
G1 F1448.306
G1 X58.573 Y49.509 E.02632
;WIDTH:0.47142
G1 F1400.233
G1 X58.098 Y49.244 E.01938
G1 X57.715 Y49.254 E.01366
;WIDTH:0.449999
G1 F1473.915
G1 X57.55 Y49.337 E.00623
G1 X57.379 Y49.524 E.00859
G1 X57.166 Y49.983 E.0171
G1 X56.69 Y49.66 E.01947
G1 X56.05 Y49.175 E.02717
G1 X55.363 Y48.583 E.0307
G1 X57.255 Y46.691 E.09056
G1 X57.308 Y46.715 E.00198
G1 X57.839 Y47.157 E.02337
G1 X58.299 Y47.497 E.01936
G1 X58.062 Y48.017 E.01936
G1 X57.986 Y48.383 E.01263
G1 X58.031 Y48.561 E.00623
;WIDTH:0.47142
G1 F1400.233
G1 X58.275 Y48.857 E.01366
G1 X58.813 Y49.169 E.02217
;WIDTH:0.456798
G1 F1449.703
G1 X59.474 Y49.511 E.02561
G1 X60.153 Y49.815 E.02561
G1 X60.849 Y50.079 E.02561
;WIDTH:0.456428
G1 F1451
G1 X61.56 Y50.299 E.02558
;WIDTH:0.467504
G1 F1413.148
G1 X62.088 Y50.441 E.01932
G1 X62.508 Y50.416 E.01484
;WIDTH:0.449999
G1 F1473.915
G1 X62.666 Y50.321 E.00623
G1 X62.849 Y50.067 E.01059
G1 X63.06 Y49.501 E.02046
M204 S500
G1 X62.797 Y48.982 F7200
;TYPE:Outer wall
G1 F1473.915
G1 X63.711 Y49.136 E.03138
G1 X64.807 Y49.208 E.03718
G1 X64.807 Y52.758 E.12017
M73 P38 R12
G1 X64.202 Y52.741 E.02051
G1 X63.133 Y52.637 E.03636
G1 X62.465 Y52.537 E.02285
G1 X61.546 Y52.328 E.0319
G1 X61.877 Y51.381 E.03398
G1 X61.771 Y51.239 E.00598
G1 X60.515 Y50.858 E.04444
G1 X59.774 Y50.573 E.02685
G1 X59.051 Y50.246 E.02685
G1 X57.995 Y49.677 E.04063
G1 X57.848 Y49.662 E.00499
G1 X57.739 Y49.759 E.00495
G1 X57.359 Y50.594 E.03104
G1 X57.09 Y50.448 E.01036
G1 X56.451 Y50.017 E.0261
G1 X55.8 Y49.525 E.02761
G1 X55.177 Y48.998 E.02761
G1 X54.748 Y48.592 E.01999
G1 X57.259 Y46.081 E.12017
G1 X57.583 Y46.386 E.01507
G1 X58.093 Y46.812 E.0225
G1 X58.838 Y47.347 E.03104
G1 X58.412 Y48.341 E.0366
G1 X58.5 Y48.48 E.00556
G1 X59.013 Y48.786 E.02021
G1 X59.651 Y49.117 E.02434
G1 X60.307 Y49.411 E.02434
G1 X60.979 Y49.667 E.02434
G1 X62.091 Y49.99 E.03921
G1 X62.347 Y50.018 E.00869
G1 X62.448 Y49.915 E.00492
G1 X62.783 Y49.02 E.03233
M204 S10000
G1 X62.495 Y50.817 F7200
M204 S500
;TYPE:Internal solid infill
G1 F1473.915
G1 X62.616 Y50.973 E.00668
G1 X62.703 Y51.279 E.01075
G1 X62.66 Y51.723 E.01511
G1 X63.247 Y51.809 E.02008
G1 X63.972 Y51.883 E.02465
G1 X63.972 Y49.992 E.06401
G1 X63.341 Y49.914 E.02152
G1 X63.204 Y50.259 E.01254
G1 X62.9 Y50.653 E.01688
G1 X62.604 Y50.807 E.01125
G1 X62.535 Y50.814 E.00237
M204 S10000
G1 X63.081 Y51.036 F7200
M204 S500
;WIDTH:0.477728
G1 F1379.921
G1 X63.12 Y51.367 E.01203
G1 X63.551 Y51.418 E.01572
G1 X63.548 Y50.506 E.03297
G1 X63.193 Y50.962 E.02089
G1 X63.114 Y51.014 E.00342
M204 S10000
G1 E-.8 F1800
G1 X60.237 Y47.765 Z11 F7200
G1 Z10.6
G1 E.8 F1800
M204 S500
;WIDTH:0.449999
G1 F1473.915
G1 X61.511 Y48.293 E.04667
G1 X63.933 Y42.444 E.21429
G1 X62.659 Y41.919 E.04667
G1 X60.252 Y47.728 E.21285
M204 S10000
G1 X60.82 Y47.524 F7200
M204 S500
;WIDTH:0.52876
G1 F1234.974
G1 X61.269 Y47.71 E.01963
G1 X63.35 Y42.686 E.21964
G1 X62.901 Y42.501 E.01963
G1 X60.836 Y47.487 E.21799
M204 S10000
G1 E-.8 F1800
G1 X57.753 Y48.853 Z11 F7200
G1 Z10.6
G1 E.8 F1800
M204 S500
;WIDTH:0.449999
G1 F1473.915
G1 X57.646 Y48.69 E.0066
G1 X57.582 Y48.369 E.01107
G1 X57.671 Y47.893 E.01642
G1 X57.792 Y47.628 E.00986
G1 X57.291 Y47.231 E.02164
G1 X55.958 Y48.564 E.0638
G1 X56.534 Y49.027 E.02501
G1 X57.002 Y49.37 E.01965
G1 X57.314 Y49.006 E.01623
G1 X57.644 Y48.858 E.01222
G1 X57.713 Y48.855 E.00236
M204 S10000
G1 X57.177 Y48.556 F7200
M204 S500
;WIDTH:0.478657
G1 F1376.978
G1 X57.166 Y48.301 E.00924
G1 X57.231 Y47.889 E.01511
G1 X56.583 Y48.538 E.03321
G1 X56.93 Y48.796 E.01567
G1 X57.148 Y48.584 E.01102
; stop printing object fidget-finger-massager-2000-roller_plain.stl id:4713352688601451214 copy 0
M106 S235
;LAYER_CHANGE
;Z:10.8
;HEIGHT:0.2
G92 E0
;_SET_FAN_SPEED_CHANGING_LAYER
; printing object fidget-finger-massager-2000-roller_plain.stl id:4713352688601451214 copy 0
M204 S10000
G1 E-.8 F1800
G1 X57.589 Y56.204 Z11.2 F7200
G1 X57.722 Y58.504 Z11.2
G1 Z10.8
G1 E.8 F1800
M204 S1500
;TYPE:Inner wall
;WIDTH:0.449999
G1 F1473.915
G1 X55.7 Y57.672 E.07401
G1 X58.52 Y50.847 E.25
G1 X60.546 Y51.686 E.07421
G1 X57.737 Y58.467 E.24846
M204 S500
G1 X57.954 Y59.063 F7200
;TYPE:Outer wall
G1 F1473.915
G1 X55.14 Y57.906 E.10301
G1 X58.288 Y50.287 E.27904
G1 X61.106 Y51.454 E.10323
G1 X57.969 Y59.026 E.27743
M204 S10000
G1 E-.8 F1800
G1 X58.736 Y51.432 Z11.2 F7200
G1 X58.741 Y51.379 Z11.2
G1 Z10.8
G1 E.8 F1800
M204 S500
;TYPE:Internal solid infill
G1 F1473.915
G1 X56.232 Y57.451 E.2224
G1 X57.501 Y57.973 E.04646
G1 X60.014 Y51.906 E.22229
G1 X58.778 Y51.394 E.04529
M204 S10000
G1 X58.983 Y51.962 F7200
M204 S500
;WIDTH:0.527021
G1 F1239.411
G1 X56.813 Y57.209 E.22857
G1 X57.26 Y57.393 E.01944
G1 X59.431 Y52.147 E.22852
G1 X59.02 Y51.977 E.01792
M204 S10000
G1 E-.8 F1800
G1 X59.549 Y48.362 Z11.2 F7200
G1 Z10.8
G1 E.8 F1800
M204 S1500
;TYPE:Inner wall
;WIDTH:0.449999
G1 F1473.915
G1 X62.396 Y41.49 E.25179
G1 X64.422 Y42.329 E.07423
G1 X61.575 Y49.201 E.25179
G1 X61.543 Y49.128 E.0027
G1 X59.623 Y48.333 E.07033
G1 X59.586 Y48.348 E.00135
M204 S10000
G1 E-.8 F1800
G1 X63.074 Y49.464 Z11.2 F7200
G1 Z10.8
G1 E.8 F1800
M204 S1500
G1 F1473.915
G1 X63.669 Y49.562 E.0204
G1 X64.379 Y49.624 E.02411
G1 X64.379 Y52.318 E.09118
G1 X63.451 Y52.248 E.0315
G1 X62.666 Y52.139 E.02683
G1 X62.114 Y52.032 E.01901
G1 X62.402 Y51.184 E.03032
G1 X62.383 Y50.992 E.00652
G1 X62.134 Y50.687 E.01333
G1 X62.522 Y50.62 E.01333
G1 X62.642 Y50.513 E.00544
G1 X62.751 Y50.328 E.00725
G1 X63.06 Y49.501 E.02988
M204 S10000
G1 E-.8 F1800
G1 X59.258 Y48.836 Z11.2 F7200
G1 Z10.8
G1 E.8 F1800
M204 S500
;TYPE:Outer wall
;WIDTH:0.413593
G1 F1618.677
G1 X59.359 Y48.783 E.00352
;WIDTH:0.449999
G1 F1473.915
G1 X59.459 Y48.729 E.00386
G1 X61.379 Y49.524 E.07033
G1 X61.413 Y49.633 E.00386
;WIDTH:0.413592
G1 F1618.682
G1 X61.446 Y49.742 E.00352
;WIDTH:0.420075
G1 F1590.861
G1 X61.428 Y49.805 E.00205
;WIDTH:0.462964
G1 F1428.423
G1 X61.409 Y49.868 E.00228
;WIDTH:0.505853
G1 F1296.084
G1 X61.391 Y49.93 E.00251
;WIDTH:0.548743
G1 F1186.187
G1 X61.372 Y49.993 E.00275
;WIDTH:0.591632
G1 F1093.471
G1 X61.354 Y50.056 E.00298
;WIDTH:0.634521
G1 F1014.197
G1 X61.336 Y50.118 E.00321
G1 X61.094 Y50.055 E.01227
;WIDTH:0.607622
G1 F1062.507
G1 X60.853 Y49.992 E.01171
;WIDTH:0.580723
G1 F1115.65
G1 X60.175 Y49.734 E.03242
;WIDTH:0.587302
G1 F1102.167
G1 X59.497 Y49.42 E.03384
;WIDTH:0.634522
G1 F1014.195
G1 X59.07 Y49.18 E.02409
G1 X59.101 Y49.123 E.00321
;WIDTH:0.591633
G1 F1093.468
G1 X59.133 Y49.065 E.00298
;WIDTH:0.548744
G1 F1186.184
G1 X59.164 Y49.008 E.00275
;WIDTH:0.505855
G1 F1296.08
G1 X59.195 Y48.951 E.00251
;WIDTH:0.462966
G1 F1428.417
G1 X59.226 Y48.893 E.00228
;WIDTH:0.420077
G1 F1590.853
G1 X59.238 Y48.871 E.00079
M204 S10000
G1 X58.103 Y49.017 F7200
M204 S1500
;TYPE:Inner wall
;WIDTH:0.449999
G1 F1473.915
G1 X57.711 Y49.057 E.01333
G1 X57.584 Y49.156 E.00544
G1 X57.463 Y49.332 E.00725
G1 X57.166 Y49.983 E.02421
G1 X56.558 Y49.561 E.02505
G1 X56.051 Y49.175 E.02157
G1 X55.363 Y48.583 E.03072
G1 X57.254 Y46.693 E.0905
G1 X57.31 Y46.716 E.00207
G1 X57.842 Y47.159 E.02343
G1 X58.299 Y47.497 E.01924
G1 X58.063 Y48.014 E.01924
G1 X57.867 Y48.535 E.01885
G1 X57.876 Y48.695 E.00544
G1 X58.08 Y48.984 E.01198
M204 S10000
G1 E-.8 F1800
G1 X62.797 Y48.983 Z11.2 F7200
G1 Z10.8
G1 E.8 F1800
M204 S500
;TYPE:Outer wall
G1 F1473.915
G1 X63.708 Y49.135 E.03126
G1 X64.807 Y49.208 E.03731
G1 X64.807 Y52.758 E.12017
G1 X64.201 Y52.741 E.02052
G1 X63.195 Y52.645 E.03423
G1 X62.572 Y52.557 E.02129
G1 X61.546 Y52.328 E.03557
G1 X61.974 Y51.159 E.04216
;WIDTH:0.496278
G1 F1323.459
G1 X61.951 Y51.08 E.00309
;WIDTH:0.542556
G1 F1200.875
G1 X61.928 Y51.002 E.0034
;WIDTH:0.588834
G1 F1099.074
G1 X61.905 Y50.923 E.00372
;WIDTH:0.592144
G1 F1092.45
G1 X61.867 Y50.906 E.00188
;WIDTH:0.634521
G1 F1014.197
G1 X61.342 Y50.723 E.02736
G1 X60.994 Y50.629 E.01773
M73 P39 R12
;WIDTH:0.607622
G1 F1062.507
G1 X60.646 Y50.535 E.01692
;WIDTH:0.580766
G1 F1115.561
G1 X59.915 Y50.255 E.035
;WIDTH:0.587302
G1 F1102.167
G1 X59.235 Y49.945 E.03385
;WIDTH:0.634522
G1 F1014.195
G1 X58.638 Y49.602 E.03385
G1 X58.1 Y49.342 E.02941
;WIDTH:0.5979
G1 F1081.12
G1 X58.042 Y49.371 E.00297
;WIDTH:0.5486
G1 F1186.522
G1 X57.984 Y49.399 E.0027
;WIDTH:0.4993
G1 F1314.696
G1 X57.927 Y49.428 E.00244
;WIDTH:0.449999
G1 F1473.915
G1 X57.853 Y49.51 E.00374
G1 X57.359 Y50.594 E.04034
G1 X57.09 Y50.448 E.01036
G1 X56.451 Y50.017 E.02606
G1 X55.8 Y49.525 E.02763
G1 X55.178 Y48.998 E.02762
G1 X54.748 Y48.592 E.02
G1 X57.259 Y46.081 E.12017
G1 X57.584 Y46.387 E.01513
G1 X58.096 Y46.814 E.02256
G1 X58.838 Y47.347 E.03092
G1 X58.295 Y48.567 E.04519
;WIDTH:0.4993
G1 F1314.696
G1 X58.312 Y48.645 E.00303
;WIDTH:0.5486
G1 F1186.522
G1 X58.329 Y48.723 E.00336
;WIDTH:0.5979
G1 F1081.12
G1 X58.346 Y48.801 E.00369
;WIDTH:0.634522
G1 F1014.195
G1 X58.759 Y49.006 E.02265
G1 X58.784 Y48.952 E.00293
;WIDTH:0.591633
G1 F1093.468
G1 X58.81 Y48.899 E.00271
;WIDTH:0.548744
G1 F1186.184
G1 X58.836 Y48.845 E.0025
;WIDTH:0.505855
G1 F1296.08
G1 X58.861 Y48.791 E.00229
;WIDTH:0.462966
G1 F1428.417
G1 X58.887 Y48.738 E.00208
;WIDTH:0.420077
G1 F1590.853
G1 X58.912 Y48.684 E.00187
;WIDTH:0.413593
G1 F1618.677
G1 X59.054 Y48.389 E.01009
;WIDTH:0.449999
G1 F1473.915
G1 X59.196 Y48.094 E.01108
G1 X62.164 Y40.93 E.26248
G1 X64.969 Y42.092 E.10277
G1 X64.966 Y42.135 E.00146
G1 X62.014 Y49.261 E.26109
;WIDTH:0.49613
G1 F1323.891
G1 X61.93 Y49.5 E.00953
;WIDTH:0.54226
G1 F1201.586
G1 X61.846 Y49.738 E.0105
;WIDTH:0.588391
G1 F1099.968
G1 X61.763 Y49.977 E.01147
;WIDTH:0.634521
G1 F1014.197
G1 X61.679 Y50.215 E.01244
G1 X62.096 Y50.356 E.02168
;WIDTH:0.596018
G1 F1084.799
G1 X62.158 Y50.326 E.00317
;WIDTH:0.547345
G1 F1189.473
G1 X62.22 Y50.295 E.00289
;WIDTH:0.498672
G1 F1316.505
G1 X62.282 Y50.265 E.00261
;WIDTH:0.449999
G1 F1473.915
G1 X62.35 Y50.178 E.00374
G1 X62.783 Y49.02 E.04185
M204 S10000
G1 X62.783 Y50.93 F7200
M204 S500
;TYPE:Internal solid infill
G1 F1473.915
G1 X62.799 Y51.257 E.01109
G1 X62.652 Y51.722 E.0165
G1 X63.31 Y51.818 E.02249
G1 X63.972 Y51.883 E.02252
G1 X63.972 Y49.992 E.06401
G1 X63.341 Y49.914 E.02152
G1 X63.133 Y50.471 E.02011
G1 X62.932 Y50.797 E.01297
G1 X62.813 Y50.903 E.00539
M204 S10000
G1 X63.199 Y51.136 F7200
M204 S500
;WIDTH:0.421254
G1 F1585.902
G1 X63.192 Y51.405 E.00846
G1 X63.579 Y51.456 E.01228
G1 X63.579 Y50.398 E.0333
G1 X63.455 Y50.703 E.01037
G1 X63.219 Y51.102 E.01457
M204 S10000
G1 E-.8 F1800
G1 X60.102 Y48.091 Z11.2 F7200
G1 Z10.8
G1 E.8 F1800
M204 S500
;WIDTH:0.449999
G1 F1473.915
G1 X61.376 Y48.619 E.04667
G1 X63.89 Y42.549 E.22237
G1 X62.616 Y42.022 E.04667
G1 X60.117 Y48.054 E.22101
M204 S10000
G1 X60.685 Y47.849 F7200
M204 S500
;WIDTH:0.52876
G1 F1234.974
G1 X61.134 Y48.035 E.01963
G1 X63.306 Y42.791 E.22932
G1 X62.858 Y42.605 E.01963
G1 X60.701 Y47.812 E.2277
M204 S10000
G1 E-.8 F1800
G1 X57.472 Y48.73 Z11.2 F7200
G1 Z10.8
G1 E.8 F1800
M204 S500
;WIDTH:0.449999
G1 F1473.915
G1 X57.467 Y48.469 E.00884
G1 X57.55 Y48.158 E.01087
G1 X57.792 Y47.628 E.01975
G1 X57.291 Y47.231 E.02163
G1 X55.958 Y48.564 E.0638
G1 X56.482 Y48.989 E.02283
G1 X57.009 Y49.375 E.02212
G1 X57.259 Y48.908 E.01792
G1 X57.442 Y48.756 E.00805
M204 S10000
G1 X57.068 Y48.509 F7200
M204 S500
;WIDTH:0.42119
G1 F1586.171
G1 X57.193 Y47.996 E.01663
G1 X57.286 Y47.791 E.00707
G1 X56.538 Y48.54 E.0333
G1 X56.881 Y48.769 E.01299
G1 X57.045 Y48.542 E.00882
; stop printing object fidget-finger-massager-2000-roller_plain.stl id:4713352688601451214 copy 0
M106 S237
;LAYER_CHANGE
;Z:11
;HEIGHT:0.2
G92 E0
;_SET_FAN_SPEED_CHANGING_LAYER
; printing object fidget-finger-massager-2000-roller_plain.stl id:4713352688601451214 copy 0
M204 S10000
G1 E-.8 F1800
G1 X57.602 Y56.154 Z11.4 F7200
G1 X57.766 Y58.397 Z11.4
G1 Z11
G1 E.8 F1800
M204 S1500
;TYPE:Inner wall
;WIDTH:0.449999
G1 F1473.915
G1 X55.744 Y57.566 E.074
G1 X62.352 Y41.596 E.58499
G1 X64.371 Y42.433 E.074
G1 X57.781 Y58.36 E.58345
M204 S500
G1 X57.998 Y58.956 F7200
;TYPE:Outer wall
G1 F1473.915
G1 X55.184 Y57.799 E.10301
G1 X62.12 Y41.037 E.61404
G1 X64.931 Y42.201 E.10301
G1 X58.014 Y58.919 E.61243
M204 S10000
G1 E-.8 F1800
G1 X59.831 Y52.007 Z11.4 F7200
G1 Z11
G1 E.8 F1800
M204 S250
;TYPE:Bridge
;WIDTH:0.45
G1 F1473.913
M106 S255
G1 X61.243 Y48.596 E.12494
G1 X60.867 Y48.44 E.01378
G1 X59.525 Y51.682 E.11874
G1 X59.149 Y51.526 E.01378
G1 X60.491 Y48.284 E.11874
G1 X60.114 Y48.129 E.01378
G1 X58.703 Y51.539 E.12494
M204 S10000
G1 X58.596 Y51.737 F7200
M204 S500
;TYPE:Internal solid infill
;WIDTH:0.449999
G1 F1473.915
M106 S237
G1 X56.276 Y57.345 E.2054
G1 X57.545 Y57.866 E.04644
G1 X59.864 Y52.262 E.20529
G1 X58.633 Y51.753 E.04509
M204 S10000
G1 X58.837 Y52.319 F7200
M204 S500
;WIDTH:0.525367
G1 F1243.66
G1 X56.857 Y57.103 E.2077
G1 X57.304 Y57.286 E.01935
G1 X59.283 Y52.503 E.20766
G1 X58.874 Y52.334 E.01775
M204 S10000
G1 E-.8 F1800
G1 X60.249 Y47.744 Z11.4 F7200
G1 Z11
G1 E.8 F1800
M204 S500
;WIDTH:0.449999
G1 F1473.915
G1 X61.516 Y48.269 E.04644
G1 X63.84 Y42.653 E.2057
G1 X62.572 Y42.128 E.04644
G1 X60.264 Y47.707 E.20434
M204 S10000
G1 X60.83 Y47.503 F7200
M73 P40 R12
M204 S500
;WIDTH:0.525367
G1 F1243.661
G1 X61.275 Y47.687 E.01935
G1 X63.259 Y42.894 E.2081
G1 X62.813 Y42.71 E.01935
M73 P40 R11
G1 X60.845 Y47.466 E.20649
M204 S10000
G1 E-.8 F1800
G1 X58.299 Y47.496 Z11.4 F7200
G1 Z11
G1 E.8 F1800
M204 S1500
;TYPE:Inner wall
;WIDTH:0.449999
G1 F1473.915
G1 X57.166 Y49.983 E.09248
G1 X56.691 Y49.661 E.0194
G1 X56.051 Y49.176 E.0272
G1 X55.363 Y48.583 E.03074
G1 X57.252 Y46.694 E.09045
G1 X57.311 Y46.718 E.00215
G1 X57.845 Y47.162 E.0235
G1 X58.267 Y47.473 E.01775
M204 S500
G1 X58.838 Y47.347 F7200
;TYPE:Outer wall
G1 F1473.915
G1 X57.359 Y50.594 E.12076
G1 X57.09 Y50.448 E.01036
G1 X56.452 Y50.018 E.02603
G1 X55.801 Y49.525 E.02764
G1 X55.178 Y48.998 E.02763
G1 X54.748 Y48.592 E.02001
G1 X57.259 Y46.081 E.12018
G1 X57.586 Y46.389 E.01519
G1 X58.099 Y46.817 E.02263
G1 X58.806 Y47.324 E.02944
M204 S10000
G1 E-.8 F1800
G1 X56.999 Y49.367 Z11.4 F7200
G1 Z11
G1 E.8 F1800
M204 S500
;TYPE:Internal solid infill
G1 F1473.915
G1 X57.792 Y47.628 E.06472
G1 X57.291 Y47.231 E.02163
G1 X55.958 Y48.564 E.0638
G1 X56.453 Y48.968 E.02162
G1 X56.967 Y49.344 E.02156
M204 S10000
G1 X56.848 Y48.789 F7200
M204 S500
;WIDTH:0.390522
G1 F1726.112
G1 X57.322 Y47.748 E.03306
G1 X56.515 Y48.541 E.0327
G1 X56.816 Y48.765 E.01086
M204 S10000
G1 E-.8 F1800
G1 X63.074 Y49.464 Z11.4 F7200
G1 Z11
G1 E.8 F1800
M204 S1500
;TYPE:Inner wall
;WIDTH:0.449999
G1 F1473.915
G1 X63.665 Y49.562 E.02027
G1 X64.379 Y49.646 E.02432
G1 X64.379 Y52.318 E.09044
G1 X63.45 Y52.248 E.03152
G1 X62.665 Y52.139 E.02685
G1 X62.114 Y52.032 E.01898
G1 X63.06 Y49.502 E.09144
M204 S500
G1 X62.797 Y48.983 F7200
;TYPE:Outer wall
G1 F1473.915
G1 X63.704 Y49.135 E.03113
G1 X64.807 Y49.208 E.03744
G1 X64.807 Y52.758 E.12018
G1 X64.201 Y52.741 E.02054
G1 X63.229 Y52.65 E.03304
G1 X62.571 Y52.557 E.02251
G1 X61.546 Y52.328 E.03554
G1 X62.783 Y49.02 E.11954
M204 S10000
G1 E-.8 F1800
G1 X62.664 Y51.724 Z11.4 F7200
G1 Z11
G1 E.8 F1800
M204 S500
;TYPE:Internal solid infill
G1 F1473.915
G1 X63.344 Y51.823 E.02327
G1 X63.972 Y51.883 E.02134
G1 X63.972 Y49.992 E.06401
G1 X63.341 Y49.914 E.02153
G1 X62.678 Y51.687 E.06405
M204 S10000
G1 X63.257 Y51.215 F7200
M204 S500
;WIDTH:0.390906
G1 F1724.207
G1 X63.181 Y51.419 E.00628
G1 X63.594 Y51.473 E.01205
G1 X63.592 Y50.328 E.03312
G1 X63.271 Y51.178 E.02627
; stop printing object fidget-finger-massager-2000-roller_plain.stl id:4713352688601451214 copy 0
;LAYER_CHANGE
;Z:11.2
;HEIGHT:0.2
G92 E0
;_SET_FAN_SPEED_CHANGING_LAYER
; printing object fidget-finger-massager-2000-roller_plain.stl id:4713352688601451214 copy 0
M204 S10000
G1 E-.8 F1800
G1 X58.623 Y57.232 Z11.6 F7200
G1 X57.81 Y58.291 Z11.6
G1 Z11.2
G1 E.8 F1800
M204 S1500
;TYPE:Inner wall
;WIDTH:0.449999
G1 F1473.915
G1 X55.788 Y57.459 E.074
G1 X62.306 Y41.707 E.57702
G1 X64.327 Y42.54 E.074
G1 X57.825 Y58.254 E.57561
M204 S500
G1 X58.042 Y58.85 F7200
;TYPE:Outer wall
G1 F1473.915
G1 X55.228 Y57.692 E.10301
G1 X62.073 Y41.148 E.60604
G1 X64.887 Y42.308 E.10301
G1 X58.058 Y58.813 E.60461
M204 S10000
G1 E-.8 F1800
G1 X56.32 Y57.238 Z11.6 F7200
G1 Z11.2
G1 E.8 F1800
M204 S500
;TYPE:Internal solid infill
G1 F1473.915
G1 X57.589 Y57.76 E.04644
G1 X63.795 Y42.762 E.54941
G1 X62.526 Y42.239 E.04644
G1 X56.336 Y57.201 E.5481
M204 S10000
G1 X56.902 Y56.996 F7200
M204 S500
;WIDTH:0.525365
G1 F1243.666
G1 X57.348 Y57.18 E.01935
G1 X63.214 Y43.003 E.61546
G1 X62.768 Y42.819 E.01935
G1 X56.917 Y56.959 E.61387
M204 S10000
G1 E-.8 F1800
G1 X58.02 Y49.407 Z11.6 F7200
G1 X58.299 Y47.496 Z11.6
M73 P41 R11
G1 Z11.2
G1 E.8 F1800
M204 S1500
;TYPE:Inner wall
;WIDTH:0.449999
G1 F1473.915
G1 X57.166 Y49.983 E.09248
G1 X56.692 Y49.662 E.01936
G1 X56.052 Y49.176 E.02722
G1 X55.363 Y48.583 E.03076
G1 X57.251 Y46.695 E.09039
G1 X57.313 Y46.719 E.00223
G1 X57.848 Y47.164 E.02356
G1 X58.267 Y47.473 E.01762
M204 S500
G1 X58.838 Y47.347 F7200
;TYPE:Outer wall
G1 F1473.915
G1 X57.359 Y50.594 E.12076
G1 X57.09 Y50.448 E.01036
G1 X56.453 Y50.018 E.02599
G1 X55.801 Y49.526 E.02765
G1 X55.178 Y48.998 E.02764
G1 X54.748 Y48.592 E.02002
G1 X57.259 Y46.081 E.12018
G1 X57.587 Y46.39 E.01525
G1 X58.102 Y46.819 E.02269
G1 X58.806 Y47.324 E.02932
M204 S10000
G1 E-.8 F1800
G1 X56.999 Y49.367 Z11.6 F7200
G1 Z11.2
G1 E.8 F1800
M204 S500
;TYPE:Internal solid infill
G1 F1473.915
G1 X57.792 Y47.628 E.06472
G1 X57.291 Y47.231 E.02163
G1 X55.958 Y48.564 E.0638
G1 X56.453 Y48.968 E.02162
G1 X56.967 Y49.344 E.02156
M204 S10000
G1 X56.848 Y48.789 F7200
M204 S500
;WIDTH:0.390526
G1 F1726.092
G1 X57.322 Y47.748 E.03306
G1 X56.515 Y48.541 E.0327
G1 X56.816 Y48.765 E.01086
M204 S10000
G1 E-.8 F1800
G1 X63.074 Y49.464 Z11.6 F7200
G1 Z11.2
G1 E.8 F1800
M204 S1500
;TYPE:Inner wall
;WIDTH:0.449999
G1 F1473.915
G1 X63.661 Y49.561 E.02015
G1 X64.379 Y49.648 E.02446
G1 X64.379 Y52.318 E.09038
G1 X63.449 Y52.248 E.03154
G1 X62.664 Y52.139 E.02686
G1 X62.114 Y52.032 E.01894
G1 X63.06 Y49.502 E.09144
M204 S500
G1 X62.797 Y48.983 F7200
;TYPE:Outer wall
G1 F1473.915
G1 X63.7 Y49.135 E.03101
G1 X64.807 Y49.208 E.03756
G1 X64.807 Y52.758 E.12018
G1 X64.201 Y52.741 E.02055
G1 X63.229 Y52.65 E.03303
G1 X62.57 Y52.557 E.02254
G1 X61.546 Y52.328 E.03551
G1 X62.783 Y49.02 E.11954
M204 S10000
G1 E-.8 F1800
G1 X62.664 Y51.724 Z11.6 F7200
G1 Z11.2
G1 E.8 F1800
M204 S500
;TYPE:Internal solid infill
G1 F1473.915
G1 X63.344 Y51.823 E.02327
G1 X63.972 Y51.883 E.02134
G1 X63.972 Y49.992 E.064
G1 X63.341 Y49.914 E.02153
G1 X62.678 Y51.687 E.06404
M204 S10000
G1 X63.257 Y51.215 F7200
M204 S500
;WIDTH:0.390907
G1 F1724.203
G1 X63.181 Y51.419 E.00628
G1 X63.594 Y51.473 E.01205
G1 X63.592 Y50.328 E.03312
G1 X63.271 Y51.178 E.02627
; stop printing object fidget-finger-massager-2000-roller_plain.stl id:4713352688601451214 copy 0
M106 S245
;LAYER_CHANGE
;Z:11.4
;HEIGHT:0.2
G92 E0
;_SET_FAN_SPEED_CHANGING_LAYER
; printing object fidget-finger-massager-2000-roller_plain.stl id:4713352688601451214 copy 0
M204 S10000
G1 E-.8 F1800
G1 X58.603 Y57.216 Z11.8 F7200
G1 X57.854 Y58.184 Z11.8
G1 Z11.4
G1 E.8 F1800
M204 S1500
;TYPE:Inner wall
;WIDTH:0.449999
G1 F1473.915
G1 X55.832 Y57.352 E.074
G1 X62.261 Y41.814 E.56919
G1 X64.283 Y42.647 E.074
G1 X57.869 Y58.147 E.56779
M204 S500
G1 X58.087 Y58.743 F7200
;TYPE:Outer wall
G1 F1473.915
G1 X55.272 Y57.585 E.10301
G1 X62.029 Y41.255 E.59821
G1 X64.843 Y42.415 E.10301
G1 X58.102 Y58.706 E.59679
M204 S10000
G1 E-.8 F1800
G1 X58.348 Y56.085 Z11.8 F7200
G1 Z11.4
G1 E.8 F1800
M204 S500
;TYPE:Sparse infill
;WIDTH:0.45
G1 F1473.913
G1 X57.726 Y57.589 E.05512
G1 X57.669 Y57.575 E.00197
G1 X57.089 Y56.995 E.02778
G1 X56.81 Y55.894 E.03844
G1 X57.48 Y54.276 E.05925
G1 X57.669 Y54.466 E.00909
G1 X58.89 Y54.775 E.04262
G1 X59.513 Y53.271 E.05512
M204 S10000
G1 X57.968 Y53.095 F7200
M204 S500
G1 F1473.913
G1 X58.591 Y51.591 E.05512
G1 X59.224 Y51.751 E.02211
G1 X59.804 Y52.332 E.02778
G1 X59.841 Y52.477 E.00508
G1 X60.443 Y51.022 E.05329
G1 X60.198 Y50.777 E.01173
G1 X59.804 Y49.223 E.05428
G1 X59.639 Y49.058 E.00791
G1 X60.209 Y47.68 E.05048
G1 X60.778 Y48.249 E.02724
G1 X61.513 Y48.435 E.02567
G1 X62.136 Y46.93 E.05512
M204 S10000
G1 E-.8 F1800
G1 X61.837 Y43.746 Z11.8 F7200
G1 Z11.4
G1 E.8 F1800
M204 S500
G1 F1473.913
G1 X61.214 Y45.25 E.05512
G1 X62.333 Y45.534 E.03905
G1 X62.602 Y45.803 E.01291
G1 X63.235 Y44.275 E.05598
G1 X62.913 Y43.005 E.04434
G1 X62.368 Y42.461 E.02606
G1 X62.449 Y42.266 E.00714
G1 X63.76 Y42.806 E.04798
M204 S10000
G1 E-.8 F1800
G1 X58.299 Y47.496 Z11.8 F7200
G1 Z11.4
G1 E.8 F1800
M204 S1500
;TYPE:Inner wall
;WIDTH:0.449999
G1 F1473.915
G1 X57.166 Y49.983 E.09249
G1 X56.693 Y49.663 E.01933
G1 X56.052 Y49.177 E.02723
G1 X55.363 Y48.583 E.03078
G1 X57.25 Y46.696 E.09033
G1 X57.314 Y46.72 E.00232
G1 X57.851 Y47.166 E.02362
G1 X58.267 Y47.473 E.01749
M204 S500
G1 X58.838 Y47.347 F7200
;TYPE:Outer wall
G1 F1473.915
G1 X57.359 Y50.594 E.12076
G1 X57.09 Y50.448 E.01036
G1 X56.454 Y50.019 E.02596
G1 X55.802 Y49.526 E.02766
G1 X55.178 Y48.998 E.02765
G1 X54.748 Y48.592 E.02003
G1 X57.259 Y46.081 E.12018
G1 X57.588 Y46.391 E.01531
G1 X58.105 Y46.821 E.02275
G1 X58.806 Y47.324 E.02919
M204 S10000
G1 E-.8 F1800
G1 X56.999 Y49.367 Z11.8 F7200
G1 Z11.4
G1 E.8 F1800
M204 S500
;TYPE:Internal solid infill
G1 F1473.915
G1 X57.792 Y47.628 E.06472
G1 X57.291 Y47.231 E.02163
G1 X55.958 Y48.564 E.0638
G1 X56.453 Y48.968 E.02162
G1 X56.967 Y49.344 E.02156
M204 S10000
G1 X56.848 Y48.789 F7200
M204 S500
;WIDTH:0.390531
G1 F1726.067
G1 X57.322 Y47.748 E.03307
G1 X56.515 Y48.541 E.0327
G1 X56.816 Y48.765 E.01086
M204 S10000
G1 E-.8 F1800
M73 P42 R11
G1 X63.074 Y49.464 Z11.8 F7200
G1 Z11.4
G1 E.8 F1800
M204 S1500
;TYPE:Inner wall
;WIDTH:0.449999
G1 F1473.915
G1 X63.659 Y49.561 E.02008
G1 X64.379 Y49.649 E.02453
G1 X64.379 Y52.318 E.09032
G1 X63.449 Y52.248 E.03157
G1 X62.663 Y52.139 E.02687
G1 X62.114 Y52.032 E.01891
G1 X63.06 Y49.502 E.09144
M204 S500
G1 X62.797 Y48.983 F7200
;TYPE:Outer wall
G1 F1473.915
G1 X63.698 Y49.134 E.03094
G1 X64.807 Y49.208 E.03763
G1 X64.807 Y52.758 E.12018
G1 X64.2 Y52.741 E.02056
G1 X63.229 Y52.65 E.03302
G1 X62.569 Y52.557 E.02257
G1 X61.546 Y52.328 E.03547
G1 X62.783 Y49.02 E.11954
M204 S10000
G1 E-.8 F1800
G1 X62.664 Y51.724 Z11.8 F7200
G1 Z11.4
G1 E.8 F1800
M204 S500
;TYPE:Internal solid infill
G1 F1473.915
G1 X63.344 Y51.823 E.02327
G1 X63.972 Y51.883 E.02134
G1 X63.972 Y49.992 E.064
G1 X63.34 Y49.915 E.02153
G1 X62.678 Y51.687 E.06404
M204 S10000
G1 X63.257 Y51.215 F7200
M204 S500
;WIDTH:0.390909
G1 F1724.192
G1 X63.181 Y51.419 E.00628
G1 X63.594 Y51.473 E.01205
G1 X63.592 Y50.328 E.03311
G1 X63.271 Y51.178 E.02627
; stop printing object fidget-finger-massager-2000-roller_plain.stl id:4713352688601451214 copy 0
;LAYER_CHANGE
;Z:11.6
;HEIGHT:0.200001
G92 E0
;_SET_FAN_SPEED_CHANGING_LAYER
; printing object fidget-finger-massager-2000-roller_plain.stl id:4713352688601451214 copy 0
M204 S10000
G1 E-.8 F1800
G1 X58.582 Y57.2 Z12 F7200
G1 X57.898 Y58.077 Z12
G1 Z11.6
G1 E.8 F1800
M204 S1500
;TYPE:Inner wall
;WIDTH:0.449999
G1 F1473.915
G1 X55.876 Y57.246 E.074
G1 X62.219 Y41.917 E.56154
G1 X64.239 Y42.753 E.074
G1 X57.914 Y58.04 E.56
M204 S500
G1 X58.131 Y58.636 F7200
;TYPE:Outer wall
G1 F1473.915
G1 X55.316 Y57.479 E.10301
G1 X61.987 Y41.357 E.59059
G1 X64.799 Y42.521 E.10301
G1 X58.146 Y58.599 E.58897
M204 S10000
G1 X57.954 Y57.038 F7200
M204 S500
;TYPE:Sparse infill
;WIDTH:0.45
G1 F1473.913
G1 X57.711 Y57.626 E.02152
G1 X56.793 Y57.249 E.03359
G1 X57.046 Y56.995 E.01215
G1 X56.822 Y55.865 E.03899
G1 X57.181 Y54.997 E.0318
G1 X57.669 Y54.509 E.02336
G1 X58.899 Y54.753 E.04244
G1 X61.513 Y48.437 E.23136
G1 X60.778 Y48.291 E.02534
G1 X59.847 Y49.223 E.04459
G1 X60.155 Y50.777 E.05364
G1 X59.224 Y51.709 E.04459
G1 X58.594 Y51.584 E.02174
G1 X57.971 Y53.088 E.05512
M204 S10000
G1 E-.8 F1800
G1 X60.889 Y46.036 Z12 F7200
G1 X61.83 Y43.763 Z12
G1 Z11.6
G1 E.8 F1800
M204 S500
G1 F1473.913
G1 X61.207 Y45.268 E.05512
G1 X62.333 Y45.491 E.03884
G1 X63.013 Y44.811 E.03257
G1 X63.216 Y44.319 E.018
G1 X62.956 Y43.005 E.04535
G1 X63.245 Y42.716 E.01385
G1 X62.406 Y42.369 E.03072
G1 X62.131 Y43.035 E.0244
M204 S10000
G1 E-.8 F1800
G1 X58.299 Y47.496 Z12 F7200
G1 Z11.6
G1 E.8 F1800
M204 S1500
;TYPE:Inner wall
;WIDTH:0.449999
G1 F1473.915
G1 X57.166 Y49.983 E.09249
G1 X56.694 Y49.663 E.0193
G1 X56.053 Y49.177 E.02725
G1 X55.363 Y48.583 E.0308
G1 X57.249 Y46.698 E.09027
G1 X57.316 Y46.721 E.00241
G1 X57.854 Y47.169 E.02369
G1 X58.267 Y47.472 E.01736
M204 S500
G1 X58.838 Y47.348 F7200
;TYPE:Outer wall
G1 F1473.915
G1 X57.359 Y50.594 E.12076
G1 X57.09 Y50.448 E.01036
G1 X56.455 Y50.02 E.02592
G1 X55.802 Y49.527 E.02767
G1 X55.179 Y48.999 E.02767
G1 X54.748 Y48.592 E.02005
G1 X57.259 Y46.081 E.12018
G1 X57.59 Y46.392 E.01537
G1 X58.108 Y46.823 E.02281
G1 X58.806 Y47.324 E.02907
M204 S10000
G1 E-.8 F1800
G1 X56.999 Y49.367 Z12 F7200
G1 Z11.6
G1 E.8 F1800
M204 S500
;TYPE:Internal solid infill
G1 F1473.915
G1 X57.792 Y47.628 E.06472
G1 X57.291 Y47.231 E.02163
G1 X55.958 Y48.564 E.0638
G1 X56.453 Y48.968 E.02162
G1 X56.967 Y49.344 E.02156
M204 S10000
G1 X56.848 Y48.789 F7200
M204 S500
;WIDTH:0.390534
G1 F1726.053
G1 X57.322 Y47.748 E.03307
G1 X56.515 Y48.541 E.03271
G1 X56.816 Y48.765 E.01086
M204 S10000
G1 E-.8 F1800
G1 X63.074 Y49.464 Z12 F7200
G1 Z11.6
G1 E.8 F1800
M204 S1500
;TYPE:Inner wall
;WIDTH:0.449999
G1 F1473.915
G1 X63.66 Y49.561 E.02008
G1 X64.379 Y49.651 E.02453
G1 X64.379 Y52.318 E.09026
G1 X63.448 Y52.248 E.03159
G1 X62.662 Y52.139 E.02688
G1 X62.114 Y52.032 E.01888
G1 X63.06 Y49.502 E.09144
M204 S500
G1 X62.797 Y48.983 F7200
;TYPE:Outer wall
G1 F1473.915
G1 X63.698 Y49.134 E.03095
G1 X64.807 Y49.208 E.03762
G1 X64.807 Y52.758 E.12018
G1 X64.2 Y52.741 E.02057
G1 X63.229 Y52.65 E.03301
G1 X62.568 Y52.557 E.02261
G1 X61.546 Y52.328 E.03544
G1 X62.783 Y49.02 E.11954
M204 S10000
G1 E-.8 F1800
G1 X62.664 Y51.724 Z12 F7200
G1 Z11.6
G1 E.8 F1800
M204 S500
;TYPE:Internal solid infill
G1 F1473.915
G1 X63.344 Y51.823 E.02326
G1 X63.972 Y51.883 E.02134
G1 X63.972 Y49.992 E.064
G1 X63.34 Y49.915 E.02153
G1 X62.678 Y51.687 E.06404
M204 S10000
G1 X63.257 Y51.215 F7200
M204 S500
;WIDTH:0.390909
G1 F1724.192
G1 X63.181 Y51.419 E.00628
G1 X63.594 Y51.473 E.01205
G1 X63.592 Y50.329 E.03311
G1 X63.271 Y51.178 E.02627
; stop printing object fidget-finger-massager-2000-roller_plain.stl id:4713352688601451214 copy 0
;LAYER_CHANGE
;Z:11.8
;HEIGHT:0.2
G92 E0
;_SET_FAN_SPEED_CHANGING_LAYER
; printing object fidget-finger-massager-2000-roller_plain.stl id:4713352688601451214 copy 0
M204 S10000
G1 E-.8 F1800
G1 X58.56 Y57.183 Z12.2 F7200
G1 X57.942 Y57.971 Z12.2
M73 P43 R11
G1 Z11.8
G1 E.8 F1800
M204 S1500
;TYPE:Inner wall
;WIDTH:0.449999
G1 F1473.915
G1 X55.921 Y57.139 E.074
G1 X62.175 Y42.023 E.55372
G1 X64.195 Y42.86 E.074
G1 X57.958 Y57.934 E.55218
M204 S500
G1 X58.175 Y58.53 F7200
;TYPE:Outer wall
G1 F1473.915
G1 X55.361 Y57.372 E.10301
G1 X61.943 Y41.463 E.58277
G1 X64.754 Y42.628 E.10301
G1 X58.19 Y58.493 E.58116
M204 S10000
G1 X57.913 Y57.138 F7200
M204 S500
;TYPE:Sparse infill
;WIDTH:0.45
G1 F1473.913
G1 X57.755 Y57.519 E.01397
G1 X56.631 Y57.057 E.04114
G1 X56.693 Y56.995 E.00298
G1 X57.092 Y55.44 E.05432
G1 X57.669 Y54.862 E.02766
G1 X58.995 Y54.523 E.04631
G1 X61.504 Y48.459 E.22212
G1 X60.778 Y48.645 E.02535
G1 X60.2 Y49.223 E.02766
G1 X59.802 Y50.777 E.05432
G1 X59.224 Y51.355 E.02766
G1 X58.625 Y51.509 E.02093
G1 X61.134 Y45.445 E.22212
G1 X62.333 Y45.138 E.0419
G1 X62.91 Y44.56 E.02766
G1 X63.309 Y43.005 E.05432
G1 X63.407 Y42.908 E.00466
G1 X62.362 Y42.475 E.03826
G1 X62.172 Y42.936 E.01686
M204 S10000
G1 E-.8 F1800
G1 X58.299 Y47.496 Z12.2 F7200
G1 Z11.8
G1 E.8 F1800
M204 S1500
;TYPE:Inner wall
;WIDTH:0.449999
G1 F1473.915
G1 X57.166 Y49.983 E.09249
G1 X56.695 Y49.664 E.01926
G1 X56.053 Y49.177 E.02726
G1 X55.363 Y48.583 E.03083
G1 X57.268 Y46.678 E.09119
G1 X57.857 Y47.171 E.02599
G1 X58.267 Y47.472 E.01723
M204 S500
G1 X58.838 Y47.348 F7200
;TYPE:Outer wall
G1 F1473.915
G1 X57.359 Y50.594 E.12076
G1 X57.09 Y50.448 E.01036
G1 X56.456 Y50.02 E.02589
G1 X55.803 Y49.527 E.02768
G1 X55.179 Y48.999 E.02768
G1 X54.748 Y48.592 E.02006
G1 X57.259 Y46.081 E.12018
G1 X57.591 Y46.393 E.01544
G1 X58.111 Y46.826 E.02287
G1 X58.805 Y47.324 E.02895
M204 S10000
G1 E-.8 F1800
G1 X56.999 Y49.368 Z12.2 F7200
G1 Z11.8
G1 E.8 F1800
M204 S500
;TYPE:Internal solid infill
G1 F1473.915
G1 X57.792 Y47.628 E.06472
G1 X57.291 Y47.231 E.02163
G1 X55.958 Y48.564 E.0638
G1 X56.453 Y48.968 E.02162
G1 X56.967 Y49.344 E.02156
M204 S10000
G1 X56.848 Y48.789 F7200
M204 S500
;WIDTH:0.390539
G1 F1726.028
G1 X57.323 Y47.748 E.03308
G1 X56.515 Y48.541 E.03271
G1 X56.816 Y48.765 E.01086
M204 S10000
G1 E-.8 F1800
G1 X63.074 Y49.464 Z12.2 F7200
G1 Z11.8
G1 E.8 F1800
M204 S1500
;TYPE:Inner wall
;WIDTH:0.449999
G1 F1473.915
G1 X63.66 Y49.561 E.02009
G1 X64.349 Y49.623 E.02344
G1 X64.379 Y49.653 E.00142
G1 X64.379 Y52.318 E.0902
G1 X63.447 Y52.248 E.03161
G1 X62.661 Y52.138 E.02689
G1 X62.114 Y52.032 E.01884
G1 X63.06 Y49.502 E.09143
M204 S500
G1 X62.797 Y48.983 F7200
;TYPE:Outer wall
G1 F1473.915
G1 X63.699 Y49.134 E.03096
G1 X64.807 Y49.208 E.0376
G1 X64.807 Y52.758 E.12018
G1 X64.199 Y52.741 E.02058
G1 X63.229 Y52.65 E.033
G1 X62.567 Y52.557 E.02263
G1 X61.546 Y52.328 E.03541
G1 X62.783 Y49.02 E.11954
M204 S10000
G1 E-.8 F1800
G1 X62.664 Y51.724 Z12.2 F7200
G1 Z11.8
G1 E.8 F1800
M204 S500
;TYPE:Internal solid infill
G1 F1473.915
G1 X63.344 Y51.823 E.02326
G1 X63.972 Y51.883 E.02134
G1 X63.972 Y49.992 E.064
G1 X63.34 Y49.915 E.02153
G1 X62.678 Y51.687 E.06404
M204 S10000
G1 X63.257 Y51.215 F7200
M204 S500
;WIDTH:0.390911
G1 F1724.183
G1 X63.181 Y51.419 E.00628
G1 X63.594 Y51.473 E.01205
G1 X63.592 Y50.329 E.03311
G1 X63.271 Y51.178 E.02626
; stop printing object fidget-finger-massager-2000-roller_plain.stl id:4713352688601451214 copy 0
;LAYER_CHANGE
;Z:12
;HEIGHT:0.2
G92 E0
;_SET_FAN_SPEED_CHANGING_LAYER
; printing object fidget-finger-massager-2000-roller_plain.stl id:4713352688601451214 copy 0
M204 S10000
G1 E-.8 F1800
G1 X58.539 Y57.166 Z12.4 F7200
G1 X57.987 Y57.864 Z12.4
G1 Z12
G1 E.8 F1800
M204 S1500
;TYPE:Inner wall
;WIDTH:0.449999
G1 F1473.915
G1 X55.965 Y57.032 E.074
G1 X62.131 Y42.13 E.5459
G1 X64.15 Y42.966 E.074
G1 X58.002 Y57.827 E.54437
M204 S500
G1 X58.219 Y58.423 F7200
;TYPE:Outer wall
G1 F1473.915
G1 X55.405 Y57.265 E.10301
G1 X61.899 Y41.57 E.57495
G1 X64.71 Y42.734 E.10301
G1 X58.234 Y58.386 E.57334
M204 S10000
G1 X57.86 Y57.266 F7200
M73 P44 R11
M204 S500
;TYPE:Sparse infill
;WIDTH:0.45
G1 F1473.913
G1 X57.799 Y57.413 E.00537
G1 X56.44 Y56.854 E.04975
G1 X57.445 Y55.44 E.05871
G1 X57.669 Y55.216 E.01074
G1 X59.141 Y54.169 E.06112
G1 X61.49 Y48.492 E.20795
G1 X60.778 Y48.998 E.02955
G1 X60.554 Y49.223 E.01074
G1 X59.448 Y50.777 E.06457
G1 X59.224 Y51.002 E.01074
G1 X58.672 Y51.394 E.02291
G1 X61.021 Y45.717 E.20795
G1 X62.333 Y44.784 E.05448
G1 X62.557 Y44.56 E.01074
G1 X63.589 Y43.109 E.06028
G1 X62.318 Y42.582 E.04657
G1 X62.222 Y42.815 E.00855
M204 S10000
G1 E-.8 F1800
G1 X58.299 Y47.496 Z12.4 F7200
G1 Z12
G1 E.8 F1800
M204 S1500
;TYPE:Inner wall
;WIDTH:0.449999
G1 F1473.915
G1 X57.166 Y49.983 E.0925
G1 X56.696 Y49.664 E.01922
G1 X56.054 Y49.178 E.02727
G1 X55.363 Y48.583 E.03085
G1 X57.268 Y46.678 E.09119
G1 X57.86 Y47.173 E.02612
G1 X58.267 Y47.472 E.0171
M204 S500
G1 X58.838 Y47.348 F7200
;TYPE:Outer wall
G1 F1473.915
G1 X57.359 Y50.594 E.12075
G1 X57.09 Y50.448 E.01036
G1 X56.456 Y50.021 E.02585
G1 X55.803 Y49.528 E.0277
G1 X55.179 Y48.999 E.02769
G1 X54.748 Y48.592 E.02007
G1 X57.259 Y46.081 E.12018
G1 X57.593 Y46.395 E.0155
G1 X58.114 Y46.828 E.02293
G1 X58.805 Y47.324 E.02883
M204 S10000
G1 E-.8 F1800
G1 X56.999 Y49.368 Z12.4 F7200
G1 Z12
G1 E.8 F1800
M204 S500
;TYPE:Internal solid infill
G1 F1473.915
G1 X57.792 Y47.627 E.06473
G1 X57.291 Y47.231 E.02163
G1 X55.958 Y48.564 E.06381
G1 X56.453 Y48.968 E.02162
G1 X56.967 Y49.344 E.02156
M204 S10000
G1 X56.848 Y48.789 F7200
M204 S500
;WIDTH:0.390543
G1 F1726.008
G1 X57.323 Y47.748 E.03308
G1 X56.515 Y48.541 E.03271
G1 X56.816 Y48.765 E.01086
M204 S10000
G1 E-.8 F1800
G1 X63.074 Y49.465 Z12.4 F7200
G1 Z12
G1 E.8 F1800
M204 S1500
;TYPE:Inner wall
;WIDTH:0.449999
G1 F1473.915
G1 X63.66 Y49.561 E.0201
G1 X64.348 Y49.623 E.02337
G1 X64.379 Y49.655 E.00151
G1 X64.379 Y52.318 E.09014
G1 X63.447 Y52.248 E.03163
G1 X62.66 Y52.138 E.0269
G1 X62.114 Y52.032 E.01881
G1 X63.06 Y49.502 E.09143
M204 S500
G1 X62.797 Y48.983 F7200
;TYPE:Outer wall
G1 F1473.915
G1 X63.699 Y49.134 E.03097
G1 X64.807 Y49.208 E.03759
G1 X64.807 Y52.758 E.12018
G1 X64.199 Y52.741 E.0206
G1 X63.229 Y52.65 E.03299
G1 X62.566 Y52.556 E.02267
G1 X61.546 Y52.328 E.03537
G1 X62.783 Y49.02 E.11954
M204 S10000
G1 E-.8 F1800
G1 X62.664 Y51.724 Z12.4 F7200
G1 Z12
G1 E.8 F1800
M204 S500
;TYPE:Internal solid infill
G1 F1473.915
G1 X63.344 Y51.823 E.02326
G1 X63.972 Y51.883 E.02134
G1 X63.972 Y49.992 E.064
G1 X63.34 Y49.915 E.02153
G1 X62.678 Y51.687 E.06403
M204 S10000
G1 X63.257 Y51.215 F7200
M204 S500
;WIDTH:0.390913
G1 F1724.173
G1 X63.181 Y51.419 E.00628
G1 X63.594 Y51.473 E.01205
G1 X63.592 Y50.329 E.0331
G1 X63.271 Y51.178 E.02626
; stop printing object fidget-finger-massager-2000-roller_plain.stl id:4713352688601451214 copy 0
M106 S247
;LAYER_CHANGE
;Z:12.2
;HEIGHT:0.2
G92 E0
;_SET_FAN_SPEED_CHANGING_LAYER
; printing object fidget-finger-massager-2000-roller_plain.stl id:4713352688601451214 copy 0
M204 S10000
G1 E-.8 F1800
G1 X58.516 Y57.148 Z12.6 F7200
G1 X58.031 Y57.757 Z12.6
G1 Z12.2
G1 E.8 F1800
M204 S1500
;TYPE:Inner wall
;WIDTH:0.449999
G1 F1473.915
G1 X56.009 Y56.926 E.074
G1 X62.085 Y42.241 E.53791
G1 X64.106 Y43.074 E.074
G1 X58.046 Y57.72 E.53652
M204 S500
G1 X58.263 Y58.316 F7200
;TYPE:Outer wall
G1 F1473.915
G1 X55.449 Y57.159 E.10301
G1 X61.852 Y41.682 E.56693
G1 X64.666 Y42.841 E.10301
G1 X58.279 Y58.279 E.56552
M204 S10000
G1 X57.815 Y57.294 F7200
M204 S500
;TYPE:Sparse infill
;WIDTH:0.45
G1 F1473.913
G1 X56.461 Y56.738 E.04954
G1 X56.524 Y56.585 E.00557
G1 X59.282 Y53.827 E.13203
G1 X59.905 Y52.323 E.05512
M204 S10000
G1 X58.096 Y52.787 F7200
M204 S500
G1 F1473.913
G1 X58.718 Y51.283 E.05512
G1 X61.476 Y48.525 E.13203
G1 X62.099 Y47.02 E.05512
M204 S10000
G1 X60.29 Y47.485 F7200
M204 S500
G1 F1473.913
G1 X60.912 Y45.98 E.05512
G1 X63.637 Y43.255 E.13044
G1 X62.272 Y42.693 E.04997
G1 X62.214 Y42.833 E.00515
M204 S10000
G1 E-.8 F1800
G1 X58.299 Y47.496 Z12.6 F7200
G1 Z12.2
G1 E.8 F1800
M204 S1500
;TYPE:Inner wall
;WIDTH:0.449999
G1 F1473.915
G1 X57.166 Y49.983 E.0925
G1 X56.697 Y49.665 E.01919
G1 X56.054 Y49.178 E.02729
G1 X55.363 Y48.583 E.03087
G1 X57.268 Y46.678 E.0912
G1 X57.863 Y47.176 E.02625
G1 X58.267 Y47.472 E.01697
M204 S500
G1 X58.838 Y47.348 F7200
;TYPE:Outer wall
G1 F1473.915
G1 X57.359 Y50.594 E.12075
G1 X57.09 Y50.448 E.01036
G1 X56.457 Y50.021 E.02582
G1 X55.804 Y49.528 E.02771
G1 X55.179 Y48.999 E.0277
G1 X54.748 Y48.592 E.02008
G1 X57.259 Y46.081 E.12018
G1 X57.594 Y46.396 E.01556
G1 X58.116 Y46.83 E.02299
G1 X58.805 Y47.324 E.0287
M204 S10000
G1 E-.8 F1800
G1 X56.999 Y49.368 Z12.6 F7200
G1 Z12.2
M73 P45 R11
G1 E.8 F1800
M204 S500
;TYPE:Internal solid infill
G1 F1473.915
G1 X57.792 Y47.627 E.06473
G1 X57.291 Y47.231 E.02163
M73 P45 R10
G1 X55.958 Y48.564 E.06381
G1 X56.453 Y48.968 E.02162
G1 X56.967 Y49.344 E.02156
M204 S10000
G1 X56.848 Y48.789 F7200
M204 S500
;WIDTH:0.390547
G1 F1725.988
G1 X57.323 Y47.748 E.03308
G1 X56.515 Y48.541 E.03271
G1 X56.816 Y48.765 E.01086
M204 S10000
G1 E-.8 F1800
G1 X63.074 Y49.465 Z12.6 F7200
G1 Z12.2
G1 E.8 F1800
M204 S1500
;TYPE:Inner wall
;WIDTH:0.449999
G1 F1473.915
G1 X63.66 Y49.561 E.02011
G1 X64.346 Y49.622 E.0233
G1 X64.379 Y49.656 E.0016
G1 X64.379 Y52.318 E.09008
G1 X63.446 Y52.248 E.03166
G1 X62.659 Y52.138 E.02692
G1 X62.114 Y52.032 E.01877
G1 X63.06 Y49.502 E.09143
M204 S500
G1 X62.797 Y48.983 F7200
;TYPE:Outer wall
G1 F1473.915
G1 X63.699 Y49.134 E.03098
G1 X64.807 Y49.208 E.03758
G1 X64.807 Y52.758 E.12018
G1 X64.199 Y52.741 E.02061
G1 X63.229 Y52.65 E.03298
G1 X62.565 Y52.556 E.0227
G1 X61.546 Y52.328 E.03534
G1 X62.783 Y49.021 E.11953
M204 S10000
G1 E-.8 F1800
G1 X62.664 Y51.724 Z12.6 F7200
G1 Z12.2
G1 E.8 F1800
M204 S500
;TYPE:Internal solid infill
G1 F1473.915
G1 X63.344 Y51.823 E.02326
G1 X63.972 Y51.883 E.02134
G1 X63.972 Y49.992 E.064
G1 X63.34 Y49.915 E.02153
G1 X62.678 Y51.687 E.06403
M204 S10000
G1 X63.257 Y51.215 F7200
M204 S500
;WIDTH:0.390915
G1 F1724.163
G1 X63.181 Y51.419 E.00628
G1 X63.594 Y51.473 E.01205
G1 X63.591 Y50.329 E.0331
G1 X63.271 Y51.178 E.02626
; stop printing object fidget-finger-massager-2000-roller_plain.stl id:4713352688601451214 copy 0
;LAYER_CHANGE
;Z:12.4
;HEIGHT:0.2
G92 E0
;_SET_FAN_SPEED_CHANGING_LAYER
; printing object fidget-finger-massager-2000-roller_plain.stl id:4713352688601451214 copy 0
M204 S10000
G1 E-.8 F1800
G1 X58.493 Y57.13 Z12.8 F7200
G1 X58.075 Y57.651 Z12.8
G1 Z12.4
G1 E.8 F1800
M204 S1500
;TYPE:Inner wall
;WIDTH:0.449999
G1 F1473.915
G1 X56.053 Y56.819 E.074
G1 X62.042 Y42.343 E.53027
G1 X64.062 Y43.18 E.074
G1 X58.09 Y57.614 E.52873
M204 S500
G1 X58.308 Y58.21 F7200
;TYPE:Outer wall
G1 F1473.915
G1 X55.493 Y57.052 E.10301
G1 X61.81 Y41.783 E.55932
G1 X64.622 Y42.948 E.10301
G1 X58.323 Y58.173 E.55771
M204 S10000
G1 X57.92 Y57.121 F7200
M204 S500
;TYPE:Sparse infill
;WIDTH:0.45
G1 F1473.913
G1 X57.887 Y57.199 E.00287
G1 X56.506 Y56.631 E.05057
G1 X56.524 Y56.585 E.00167
G1 X59.282 Y53.827 E.13202
G1 X59.905 Y52.323 E.05512
M204 S10000
G1 X58.096 Y52.787 F7200
M204 S500
G1 F1473.913
G1 X58.718 Y51.283 E.05512
G1 X61.476 Y48.525 E.13202
G1 X63.61 Y43.367 E.18893
G1 X63.55 Y43.342 E.0022
G1 X60.912 Y45.98 E.12627
G1 X60.29 Y47.485 E.05512
M204 S10000
G1 X58.3 Y47.496 F7200
M204 S1500
;TYPE:Inner wall
;WIDTH:0.449999
G1 F1473.915
G1 X57.166 Y49.983 E.09251
G1 X56.697 Y49.666 E.01915
G1 X56.055 Y49.179 E.0273
G1 X55.363 Y48.583 E.03089
G1 X57.268 Y46.678 E.0912
G1 X57.866 Y47.178 E.02638
G1 X58.267 Y47.472 E.01684
M204 S500
G1 X58.838 Y47.348 F7200
;TYPE:Outer wall
G1 F1473.915
G1 X57.359 Y50.594 E.12075
G1 X57.09 Y50.448 E.01036
G1 X56.458 Y50.022 E.02578
G1 X55.805 Y49.528 E.02772
G1 X55.18 Y49 E.02771
G1 X54.748 Y48.592 E.02009
G1 X57.259 Y46.081 E.12018
G1 X57.595 Y46.397 E.01562
G1 X58.119 Y46.832 E.02306
G1 X58.805 Y47.324 E.02858
M204 S10000
G1 E-.8 F1800
G1 X56.999 Y49.368 Z12.8 F7200
G1 Z12.4
G1 E.8 F1800
M204 S500
;TYPE:Internal solid infill
G1 F1473.915
G1 X57.792 Y47.627 E.06473
G1 X57.291 Y47.231 E.02163
G1 X55.958 Y48.564 E.06381
G1 X56.453 Y48.968 E.02162
G1 X56.967 Y49.344 E.02156
M204 S10000
G1 X56.848 Y48.789 F7200
M204 S500
;WIDTH:0.39055
G1 F1725.973
G1 X57.323 Y47.748 E.03309
G1 X56.515 Y48.541 E.03272
G1 X56.816 Y48.765 E.01086
M204 S10000
G1 E-.8 F1800
G1 X63.074 Y49.465 Z12.8 F7200
G1 Z12.4
G1 E.8 F1800
M204 S1500
;TYPE:Inner wall
;WIDTH:0.449999
G1 F1473.915
G1 X63.66 Y49.561 E.02011
G1 X64.344 Y49.622 E.02323
G1 X64.379 Y49.658 E.00169
G1 X64.379 Y52.318 E.09002
G1 X63.445 Y52.248 E.03168
G1 X62.658 Y52.138 E.02693
G1 X62.114 Y52.032 E.01874
G1 X63.06 Y49.502 E.09143
M204 S500
G1 X62.797 Y48.983 F7200
;TYPE:Outer wall
G1 F1473.915
G1 X63.7 Y49.134 E.03099
G1 X64.807 Y49.208 E.03757
G1 X64.807 Y52.758 E.12018
G1 X64.198 Y52.741 E.02062
G1 X63.229 Y52.65 E.03297
G1 X62.564 Y52.556 E.02273
G1 X61.546 Y52.328 E.0353
G1 X62.783 Y49.021 E.11953
M204 S10000
G1 E-.8 F1800
G1 X62.664 Y51.724 Z12.8 F7200
G1 Z12.4
G1 E.8 F1800
M204 S500
;TYPE:Internal solid infill
G1 F1473.915
G1 X63.344 Y51.823 E.02326
G1 X63.972 Y51.883 E.02135
G1 X63.972 Y49.992 E.06399
G1 X63.34 Y49.915 E.02153
G1 X62.678 Y51.687 E.06403
M204 S10000
G1 X63.257 Y51.215 F7200
M204 S500
;WIDTH:0.390916
G1 F1724.158
G1 X63.181 Y51.419 E.00628
G1 X63.594 Y51.473 E.01205
G1 X63.591 Y50.329 E.0331
G1 X63.271 Y51.178 E.02626
; stop printing object fidget-finger-massager-2000-roller_plain.stl id:4713352688601451214 copy 0
;LAYER_CHANGE
;Z:12.6
;HEIGHT:0.200001
G92 E0
;_SET_FAN_SPEED_CHANGING_LAYER
; printing object fidget-finger-massager-2000-roller_plain.stl id:4713352688601451214 copy 0
M204 S10000
G1 E-.8 F1800
G1 X58.47 Y57.111 Z13 F7200
G1 X58.119 Y57.544 Z13
G1 Z12.6
G1 E.8 F1800
M204 S1500
;TYPE:Inner wall
;WIDTH:0.449999
G1 F1473.915
G1 X56.097 Y56.712 E.074
G1 X61.998 Y42.45 E.52245
G1 X64.018 Y43.287 E.074
M73 P46 R10
G1 X58.135 Y57.507 E.52091
M204 S500
G1 X58.352 Y58.103 F7200
;TYPE:Outer wall
G1 F1473.915
G1 X55.537 Y56.945 E.10301
G1 X61.766 Y41.89 E.5515
G1 X64.578 Y43.055 E.10301
G1 X58.367 Y58.066 E.54989
M204 S10000
G1 X57.993 Y56.943 F7200
M204 S500
;TYPE:Sparse infill
;WIDTH:0.45
G1 F1473.913
G1 X57.931 Y57.093 E.00547
G1 X56.575 Y56.535 E.04965
G1 X59.282 Y53.827 E.1296
G1 X59.905 Y52.323 E.05512
M204 S10000
G1 X58.096 Y52.787 F7200
M204 S500
G1 F1473.913
G1 X58.718 Y51.283 E.05512
G1 X61.476 Y48.525 E.13202
G1 X63.566 Y43.474 E.18502
G1 X63.462 Y43.431 E.00382
G1 X60.912 Y45.98 E.12204
G1 X60.29 Y47.485 E.05512
M204 S10000
G1 X58.3 Y47.496 F7200
M204 S1500
;TYPE:Inner wall
;WIDTH:0.449999
G1 F1473.915
G1 X57.166 Y49.983 E.09251
G1 X56.698 Y49.666 E.01912
G1 X56.055 Y49.179 E.02731
G1 X55.363 Y48.583 E.03091
G1 X57.268 Y46.678 E.0912
G1 X57.869 Y47.18 E.02651
G1 X58.267 Y47.472 E.01671
M204 S500
G1 X58.838 Y47.348 F7200
;TYPE:Outer wall
G1 F1473.915
G1 X57.359 Y50.594 E.12075
G1 X57.09 Y50.448 E.01036
G1 X56.459 Y50.023 E.02575
G1 X55.805 Y49.529 E.02773
G1 X55.18 Y49 E.02772
G1 X54.748 Y48.592 E.0201
G1 X57.259 Y46.081 E.12018
G1 X57.597 Y46.398 E.01568
G1 X58.122 Y46.835 E.02312
G1 X58.805 Y47.324 E.02846
M204 S10000
G1 E-.8 F1800
G1 X56.999 Y49.368 Z13 F7200
G1 Z12.6
G1 E.8 F1800
M204 S500
;TYPE:Internal solid infill
G1 F1473.915
G1 X57.792 Y47.627 E.06474
G1 X57.291 Y47.231 E.02163
G1 X55.958 Y48.564 E.06381
G1 X56.453 Y48.968 E.02162
G1 X56.967 Y49.344 E.02156
M204 S10000
G1 X56.848 Y48.789 F7200
M204 S500
;WIDTH:0.390554
G1 F1725.953
G1 X57.323 Y47.748 E.03309
G1 X56.515 Y48.541 E.03272
G1 X56.816 Y48.765 E.01086
M204 S10000
G1 E-.8 F1800
G1 X63.074 Y49.465 Z13 F7200
G1 Z12.6
G1 E.8 F1800
M204 S1500
;TYPE:Inner wall
;WIDTH:0.449999
G1 F1473.915
G1 X63.661 Y49.561 E.02012
G1 X64.379 Y49.623 E.0244
G1 X64.379 Y52.318 E.0912
G1 X63.445 Y52.248 E.0317
G1 X62.657 Y52.138 E.02694
G1 X62.114 Y52.032 E.01871
G1 X63.06 Y49.502 E.09142
M204 S500
G1 X62.797 Y48.983 F7200
;TYPE:Outer wall
G1 F1473.915
G1 X63.7 Y49.134 E.031
G1 X64.807 Y49.208 E.03756
G1 X64.807 Y52.758 E.12018
G1 X64.198 Y52.74 E.02063
G1 X63.228 Y52.65 E.03296
G1 X62.563 Y52.556 E.02276
G1 X61.546 Y52.328 E.03527
G1 X62.783 Y49.021 E.11953
M204 S10000
G1 E-.8 F1800
G1 X62.664 Y51.724 Z13 F7200
G1 Z12.6
G1 E.8 F1800
M204 S500
;TYPE:Internal solid infill
G1 F1473.915
G1 X63.344 Y51.823 E.02326
G1 X63.972 Y51.883 E.02135
G1 X63.972 Y49.993 E.06399
G1 X63.34 Y49.915 E.02153
G1 X62.678 Y51.687 E.06403
M204 S10000
G1 X63.257 Y51.215 F7200
M204 S500
;WIDTH:0.390917
G1 F1724.153
G1 X63.181 Y51.419 E.00628
G1 X63.594 Y51.473 E.01205
G1 X63.591 Y50.329 E.0331
G1 X63.271 Y51.178 E.02625
; stop printing object fidget-finger-massager-2000-roller_plain.stl id:4713352688601451214 copy 0
;LAYER_CHANGE
;Z:12.8
;HEIGHT:0.2
G92 E0
;_SET_FAN_SPEED_CHANGING_LAYER
; printing object fidget-finger-massager-2000-roller_plain.stl id:4713352688601451214 copy 0
M204 S10000
G1 E-.8 F1800
G1 X58.446 Y57.091 Z13.2 F7200
G1 X58.163 Y57.437 Z13.2
G1 Z12.8
G1 E.8 F1800
M204 S1500
;TYPE:Inner wall
;WIDTH:0.449999
G1 F1473.915
G1 X56.142 Y56.606 E.074
G1 X61.954 Y42.557 E.51464
G1 X63.974 Y43.393 E.074
G1 X58.179 Y57.4 E.5131
M204 S500
G1 X58.396 Y57.996 F7200
;TYPE:Outer wall
G1 F1473.915
G1 X55.581 Y56.839 E.10301
G1 X61.722 Y41.997 E.54368
G1 X64.533 Y43.161 E.10301
G1 X58.411 Y57.959 E.54207
M204 S10000
G1 E-.8 F1800
G1 X59.905 Y52.323 Z13.2 F7200
G1 Z12.8
G1 E.8 F1800
M204 S500
;TYPE:Sparse infill
;WIDTH:0.45
G1 F1473.913
G1 X59.282 Y53.827 E.05512
G1 X56.664 Y56.446 E.12537
G1 X56.594 Y56.418 E.00255
G1 X58.718 Y51.283 E.1881
G1 X61.476 Y48.525 E.13202
M73 P47 R10
G1 X63.522 Y43.581 E.18112
G1 X63.373 Y43.519 E.00544
G1 X60.912 Y45.98 E.11782
G1 X60.29 Y47.485 E.05512
M204 S10000
G1 X58.3 Y47.496 F7200
M204 S1500
;TYPE:Inner wall
;WIDTH:0.449999
G1 F1473.915
G1 X57.166 Y49.983 E.09251
G1 X56.699 Y49.667 E.01909
G1 X56.056 Y49.179 E.02733
G1 X55.363 Y48.583 E.03093
G1 X57.268 Y46.678 E.0912
G1 X57.872 Y47.183 E.02664
G1 X58.267 Y47.472 E.01658
M204 S500
G1 X58.838 Y47.348 F7200
;TYPE:Outer wall
G1 F1473.915
G1 X57.359 Y50.594 E.12075
G1 X57.09 Y50.448 E.01036
G1 X56.46 Y50.023 E.02572
G1 X55.806 Y49.529 E.02774
G1 X55.18 Y49 E.02773
G1 X54.748 Y48.592 E.02012
G1 X57.259 Y46.081 E.12018
G1 X57.598 Y46.4 E.01574
G1 X58.125 Y46.837 E.02318
G1 X58.805 Y47.324 E.02833
M204 S10000
G1 E-.8 F1800
G1 X56.999 Y49.368 Z13.2 F7200
G1 Z12.8
G1 E.8 F1800
M204 S500
;TYPE:Internal solid infill
G1 F1473.915
G1 X57.792 Y47.627 E.06474
G1 X57.291 Y47.231 E.02163
G1 X55.958 Y48.564 E.06381
G1 X56.453 Y48.968 E.02162
G1 X56.967 Y49.344 E.02156
M204 S10000
G1 X56.848 Y48.789 F7200
M204 S500
;WIDTH:0.390559
G1 F1725.928
G1 X57.323 Y47.748 E.0331
G1 X56.515 Y48.541 E.03272
G1 X56.816 Y48.765 E.01086
M204 S10000
G1 E-.8 F1800
G1 X63.074 Y49.465 Z13.2 F7200
G1 Z12.8
G1 E.8 F1800
M204 S1500
;TYPE:Inner wall
;WIDTH:0.449999
G1 F1473.915
G1 X63.661 Y49.56 E.02013
G1 X64.379 Y49.623 E.02439
G1 X64.379 Y52.318 E.0912
G1 X63.444 Y52.248 E.03172
G1 X62.656 Y52.138 E.02695
G1 X62.114 Y52.032 E.01867
G1 X63.06 Y49.502 E.09142
M204 S500
G1 X62.797 Y48.983 F7200
;TYPE:Outer wall
G1 F1473.915
G1 X63.7 Y49.134 E.03101
G1 X64.807 Y49.208 E.03755
G1 X64.807 Y52.758 E.12018
G1 X64.198 Y52.74 E.02064
G1 X63.228 Y52.65 E.03295
G1 X62.562 Y52.556 E.02279
G1 X61.546 Y52.328 E.03524
G1 X62.783 Y49.021 E.11953
M204 S10000
G1 E-.8 F1800
G1 X62.664 Y51.724 Z13.2 F7200
G1 Z12.8
G1 E.8 F1800
M204 S500
;TYPE:Internal solid infill
G1 F1473.915
G1 X63.344 Y51.823 E.02326
G1 X63.972 Y51.883 E.02135
G1 X63.972 Y49.993 E.06399
G1 X63.34 Y49.915 E.02153
G1 X62.678 Y51.687 E.06402
M204 S10000
G1 X63.257 Y51.215 F7200
M204 S500
;WIDTH:0.390918
G1 F1724.148
G1 X63.181 Y51.419 E.00628
G1 X63.594 Y51.473 E.01205
G1 X63.591 Y50.329 E.03309
G1 X63.271 Y51.178 E.02625
; stop printing object fidget-finger-massager-2000-roller_plain.stl id:4713352688601451214 copy 0
;LAYER_CHANGE
;Z:13
;HEIGHT:0.2
G92 E0
;_SET_FAN_SPEED_CHANGING_LAYER
; printing object fidget-finger-massager-2000-roller_plain.stl id:4713352688601451214 copy 0
M204 S10000
G1 E-.8 F1800
G1 X58.421 Y57.071 Z13.4 F7200
G1 X58.208 Y57.331 Z13.4
G1 Z13
G1 E.8 F1800
M204 S1500
;TYPE:Inner wall
;WIDTH:0.449999
G1 F1473.915
G1 X56.186 Y56.499 E.074
G1 X61.91 Y42.663 E.50682
G1 X63.93 Y43.5 E.074
G1 X58.223 Y57.294 E.50528
M204 S500
G1 X58.44 Y57.89 F7200
;TYPE:Outer wall
G1 F1473.915
G1 X55.626 Y56.732 E.10301
G1 X61.678 Y42.103 E.53587
G1 X64.489 Y43.268 E.10301
G1 X58.455 Y57.853 E.53426
M204 S10000
G1 E-.8 F1800
G1 X59.905 Y52.323 Z13.4 F7200
G1 Z13
G1 E.8 F1800
M204 S500
;TYPE:Sparse infill
;WIDTH:0.45
G1 F1473.913
G1 X59.282 Y53.827 E.05512
G1 X56.752 Y56.358 E.12113
G1 X56.638 Y56.311 E.00417
G1 X58.718 Y51.283 E.18419
G1 X61.476 Y48.525 E.13202
G1 X63.478 Y43.687 E.17721
G1 X63.285 Y43.607 E.00706
G1 X60.912 Y45.98 E.11359
G1 X60.289 Y47.485 E.05512
M204 S10000
G1 X58.3 Y47.496 F7200
M204 S1500
;TYPE:Inner wall
;WIDTH:0.449999
G1 F1473.915
G1 X57.166 Y49.983 E.09252
G1 X56.7 Y49.668 E.01905
G1 X56.056 Y49.18 E.02734
G1 X55.363 Y48.583 E.03095
G1 X57.268 Y46.678 E.0912
G1 X57.875 Y47.185 E.02676
G1 X58.267 Y47.472 E.01645
M204 S500
G1 X58.838 Y47.348 F7200
;TYPE:Outer wall
G1 F1473.915
G1 X57.359 Y50.594 E.12075
G1 X57.09 Y50.448 E.01036
G1 X56.461 Y50.024 E.02568
G1 X55.806 Y49.53 E.02776
G1 X55.18 Y49 E.02774
G1 X54.748 Y48.592 E.02013
G1 X57.259 Y46.081 E.12018
G1 X57.599 Y46.401 E.01581
G1 X58.128 Y46.839 E.02324
G1 X58.805 Y47.325 E.02821
M204 S10000
G1 E-.8 F1800
G1 X56.999 Y49.368 Z13.4 F7200
G1 Z13
G1 E.8 F1800
M204 S500
;TYPE:Internal solid infill
G1 F1473.915
G1 X57.792 Y47.627 E.06474
G1 X57.291 Y47.231 E.02163
G1 X55.958 Y48.564 E.06381
G1 X56.453 Y48.968 E.02162
G1 X56.967 Y49.344 E.02156
M204 S10000
G1 X56.848 Y48.789 F7200
M204 S500
;WIDTH:0.390562
G1 F1725.913
G1 X57.323 Y47.747 E.0331
G1 X56.515 Y48.541 E.03272
G1 X56.816 Y48.765 E.01086
M204 S10000
G1 E-.8 F1800
G1 X63.074 Y49.465 Z13.4 F7200
G1 Z13
G1 E.8 F1800
M204 S1500
;TYPE:Inner wall
;WIDTH:0.449999
G1 F1473.915
G1 X63.661 Y49.56 E.02013
G1 X64.379 Y49.623 E.02439
G1 X64.379 Y52.318 E.0912
G1 X63.444 Y52.248 E.03175
G1 X62.655 Y52.137 E.02696
G1 X62.114 Y52.032 E.01864
G1 X63.06 Y49.502 E.09142
M204 S500
G1 X62.797 Y48.983 F7200
M73 P48 R10
;TYPE:Outer wall
G1 F1473.915
G1 X63.701 Y49.134 E.03102
G1 X64.807 Y49.208 E.03754
G1 X64.807 Y52.758 E.12018
G1 X64.197 Y52.74 E.02066
G1 X63.228 Y52.65 E.03294
G1 X62.561 Y52.556 E.02282
G1 X61.546 Y52.328 E.0352
G1 X62.783 Y49.021 E.11953
M204 S10000
G1 E-.8 F1800
G1 X62.664 Y51.724 Z13.4 F7200
G1 Z13
G1 E.8 F1800
M204 S500
;TYPE:Internal solid infill
G1 F1473.915
G1 X63.344 Y51.823 E.02326
G1 X63.972 Y51.883 E.02135
G1 X63.972 Y49.993 E.06399
G1 X63.34 Y49.915 E.02154
G1 X62.678 Y51.687 E.06402
M204 S10000
G1 X63.257 Y51.215 F7200
M204 S500
;WIDTH:0.39092
G1 F1724.138
G1 X63.181 Y51.419 E.00628
G1 X63.594 Y51.473 E.01205
G1 X63.591 Y50.329 E.03309
G1 X63.271 Y51.178 E.02625
; stop printing object fidget-finger-massager-2000-roller_plain.stl id:4713352688601451214 copy 0
;LAYER_CHANGE
;Z:13.2
;HEIGHT:0.2
G92 E0
;_SET_FAN_SPEED_CHANGING_LAYER
; printing object fidget-finger-massager-2000-roller_plain.stl id:4713352688601451214 copy 0
M204 S10000
G1 X63.074 Y49.465 Z13.2 F7200
M204 S1500
;TYPE:Inner wall
;WIDTH:0.449999
G1 F1473.915
G1 X63.661 Y49.56 E.02014
G1 X64.379 Y49.623 E.02438
G1 X64.379 Y52.318 E.0912
G1 X63.443 Y52.247 E.03177
G1 X62.654 Y52.137 E.02697
G1 X62.114 Y52.032 E.0186
G1 X63.06 Y49.502 E.09141
M204 S500
G1 X62.797 Y48.983 F7200
;TYPE:Outer wall
G1 F1473.915
G1 X63.701 Y49.134 E.03103
G1 X64.807 Y49.208 E.03753
G1 X64.807 Y52.758 E.12018
G1 X64.197 Y52.74 E.02067
G1 X63.228 Y52.65 E.03293
G1 X62.56 Y52.555 E.02285
G1 X61.546 Y52.328 E.03517
G1 X62.783 Y49.021 E.11953
M204 S10000
G1 E-.8 F1800
G1 X62.664 Y51.724 Z13.6 F7200
G1 Z13.2
G1 E.8 F1800
M204 S500
;TYPE:Internal solid infill
G1 F1473.915
G1 X63.344 Y51.823 E.02326
G1 X63.972 Y51.883 E.02135
G1 X63.972 Y49.993 E.06399
G1 X63.34 Y49.915 E.02154
G1 X62.678 Y51.687 E.06402
M204 S10000
G1 X63.257 Y51.215 F7200
M204 S500
;WIDTH:0.390922
G1 F1724.128
G1 X63.181 Y51.419 E.00628
G1 X63.594 Y51.473 E.01205
G1 X63.591 Y50.329 E.03309
G1 X63.271 Y51.178 E.02625
M204 S10000
G1 E-.8 F1800
G1 X58.3 Y47.495 Z13.6 F7200
G1 Z13.2
G1 E.8 F1800
M204 S1500
;TYPE:Inner wall
;WIDTH:0.449999
G1 F1473.915
G1 X57.166 Y49.983 E.09252
G1 X56.701 Y49.668 E.01902
G1 X56.057 Y49.18 E.02735
G1 X55.363 Y48.583 E.03098
G1 X57.268 Y46.678 E.0912
G1 X57.878 Y47.187 E.02689
G1 X58.267 Y47.472 E.01632
M204 S500
G1 X58.838 Y47.348 F7200
;TYPE:Outer wall
G1 F1473.915
G1 X57.359 Y50.594 E.12075
G1 X57.09 Y50.448 E.01036
G1 X56.461 Y50.024 E.02565
G1 X55.807 Y49.53 E.02777
G1 X55.181 Y49.001 E.02776
G1 X54.748 Y48.592 E.02014
G1 X57.259 Y46.081 E.12018
G1 X57.601 Y46.402 E.01587
G1 X58.131 Y46.841 E.0233
G1 X58.805 Y47.325 E.02809
M204 S10000
G1 E-.8 F1800
G1 X56.999 Y49.368 Z13.6 F7200
G1 Z13.2
G1 E.8 F1800
M204 S500
;TYPE:Internal solid infill
G1 F1473.915
G1 X57.792 Y47.627 E.06474
G1 X57.291 Y47.231 E.02163
G1 X55.958 Y48.564 E.06381
G1 X56.453 Y48.968 E.02162
G1 X56.967 Y49.344 E.02156
M204 S10000
G1 X56.848 Y48.789 F7200
M204 S500
;WIDTH:0.390567
G1 F1725.889
G1 X57.323 Y47.747 E.0331
G1 X56.515 Y48.541 E.03273
G1 X56.816 Y48.765 E.01086
M204 S10000
G1 E-.8 F1800
G1 X58.093 Y56.29 Z13.6 F7200
G1 X58.252 Y57.224 Z13.6
G1 Z13.2
G1 E.8 F1800
M204 S1500
;TYPE:Inner wall
;WIDTH:0.449999
G1 F1473.915
G1 X56.23 Y56.392 E.074
G1 X61.866 Y42.77 E.499
G1 X63.885 Y43.607 E.074
G1 X58.267 Y57.187 E.49746
M204 S500
G1 X58.484 Y57.783 F7200
;TYPE:Outer wall
G1 F1473.915
G1 X55.67 Y56.625 E.10301
G1 X61.634 Y42.21 E.52805
G1 X64.445 Y43.375 E.10301
G1 X58.5 Y57.746 E.52644
M204 S10000
G1 E-.8 F1800
G1 X59.905 Y52.323 Z13.6 F7200
G1 Z13.2
G1 E.8 F1800
M204 S500
;TYPE:Sparse infill
;WIDTH:0.45
G1 F1473.913
G1 X59.283 Y53.827 E.05512
G1 X56.84 Y56.269 E.1169
G1 X56.682 Y56.204 E.00579
G1 X58.718 Y51.283 E.18028
G1 X61.476 Y48.525 E.13202
G1 X63.433 Y43.794 E.1733
G1 X63.196 Y43.696 E.00868
G1 X60.912 Y45.98 E.10936
G1 X60.289 Y47.485 E.05512
; stop printing object fidget-finger-massager-2000-roller_plain.stl id:4713352688601451214 copy 0
;LAYER_CHANGE
;Z:13.4
;HEIGHT:0.2
G92 E0
;_SET_FAN_SPEED_CHANGING_LAYER
; printing object fidget-finger-massager-2000-roller_plain.stl id:4713352688601451214 copy 0
M204 S10000
G1 E-.8 F1800
G1 X63.074 Y49.465 Z13.8 F7200
G1 Z13.4
G1 E.8 F1800
M204 S1500
;TYPE:Inner wall
;WIDTH:0.449999
G1 F1473.915
G1 X63.661 Y49.56 E.02015
G1 X64.379 Y49.623 E.02437
G1 X64.379 Y52.318 E.0912
G1 X63.442 Y52.247 E.03179
G1 X62.653 Y52.137 E.02699
G1 X62.114 Y52.032 E.01857
G1 X63.06 Y49.503 E.09141
M204 S500
G1 X62.797 Y48.983 F7200
;TYPE:Outer wall
G1 F1473.915
G1 X63.701 Y49.134 E.03104
G1 X64.807 Y49.208 E.03752
G1 X64.807 Y52.758 E.12018
G1 X64.197 Y52.74 E.02068
G1 X63.228 Y52.65 E.03292
G1 X62.559 Y52.555 E.02288
G1 X61.546 Y52.328 E.03514
G1 X62.783 Y49.021 E.11953
M204 S10000
G1 E-.8 F1800
G1 X62.664 Y51.724 Z13.8 F7200
G1 Z13.4
G1 E.8 F1800
M204 S500
;TYPE:Internal solid infill
G1 F1473.915
G1 X63.344 Y51.823 E.02326
G1 X63.972 Y51.883 E.02135
G1 X63.972 Y49.993 E.06399
G1 X63.34 Y49.916 E.02154
G1 X62.678 Y51.687 E.06402
M204 S10000
G1 X63.257 Y51.215 F7200
M204 S500
;WIDTH:0.390923
G1 F1724.123
G1 X63.181 Y51.419 E.00628
G1 X63.594 Y51.473 E.01205
G1 X63.591 Y50.329 E.03308
M73 P49 R10
G1 X63.271 Y51.178 E.02625
M204 S10000
G1 E-.8 F1800
G1 X58.3 Y47.495 Z13.8 F7200
G1 Z13.4
G1 E.8 F1800
M204 S1500
;TYPE:Inner wall
;WIDTH:0.449999
G1 F1473.915
G1 X57.166 Y49.983 E.09252
G1 X56.702 Y49.669 E.01898
G1 X56.057 Y49.181 E.02737
G1 X55.363 Y48.583 E.031
G1 X57.268 Y46.678 E.0912
G1 X57.881 Y47.19 E.02702
G1 X58.267 Y47.472 E.0162
M204 S500
G1 X58.838 Y47.348 F7200
;TYPE:Outer wall
G1 F1473.915
G1 X57.359 Y50.594 E.12074
G1 X57.09 Y50.448 E.01036
G1 X56.462 Y50.025 E.02561
G1 X55.807 Y49.531 E.02778
G1 X55.181 Y49.001 E.02777
G1 X54.748 Y48.592 E.02015
G1 X57.259 Y46.081 E.12018
G1 X57.602 Y46.403 E.01593
G1 X58.134 Y46.844 E.02336
G1 X58.805 Y47.325 E.02797
M204 S10000
G1 E-.8 F1800
G1 X56.999 Y49.368 Z13.8 F7200
G1 Z13.4
G1 E.8 F1800
M204 S500
;TYPE:Internal solid infill
G1 F1473.915
G1 X57.792 Y47.627 E.06474
G1 X57.291 Y47.231 E.02163
G1 X55.958 Y48.564 E.06381
G1 X56.453 Y48.968 E.02162
G1 X56.967 Y49.344 E.02156
M204 S10000
G1 X56.848 Y48.789 F7200
M204 S500
;WIDTH:0.39057
G1 F1725.874
G1 X57.323 Y47.747 E.03311
G1 X56.515 Y48.541 E.03273
G1 X56.816 Y48.765 E.01086
M204 S10000
G1 E-.8 F1800
G1 X58.148 Y56.281 Z13.8 F7200
G1 X58.296 Y57.117 Z13.8
G1 Z13.4
G1 E.8 F1800
M204 S1500
;TYPE:Inner wall
;WIDTH:0.449999
G1 F1473.915
G1 X56.274 Y56.286 E.074
G1 X61.821 Y42.877 E.49119
G1 X63.841 Y43.713 E.074
G1 X58.311 Y57.08 E.48965
M204 S500
G1 X58.528 Y57.676 F7200
;TYPE:Outer wall
G1 F1473.915
G1 X55.714 Y56.519 E.10301
G1 X61.589 Y42.317 E.52023
G1 X64.401 Y43.481 E.10301
G1 X58.544 Y57.639 E.51862
M204 S10000
G1 E-.8 F1800
G1 X59.905 Y52.323 Z13.8 F7200
G1 Z13.4
G1 E.8 F1800
M204 S500
;TYPE:Sparse infill
;WIDTH:0.45
G1 F1473.913
G1 X59.283 Y53.827 E.05512
G1 X56.929 Y56.181 E.11267
G1 X56.726 Y56.098 E.00741
G1 X58.718 Y51.283 E.17637
G1 X61.476 Y48.525 E.13201
G1 X63.389 Y43.901 E.16939
G1 X63.108 Y43.784 E.0103
G1 X60.912 Y45.98 E.10513
G1 X60.289 Y47.485 E.05512
; stop printing object fidget-finger-massager-2000-roller_plain.stl id:4713352688601451214 copy 0
;LAYER_CHANGE
;Z:13.6
;HEIGHT:0.200001
G92 E0
;_SET_FAN_SPEED_CHANGING_LAYER
; printing object fidget-finger-massager-2000-roller_plain.stl id:4713352688601451214 copy 0
M204 S10000
G1 E-.8 F1800
G1 X63.074 Y49.465 Z14 F7200
G1 Z13.6
G1 E.8 F1800
M204 S1500
;TYPE:Inner wall
;WIDTH:0.449999
G1 F1473.915
G1 X63.662 Y49.56 E.02015
G1 X64.379 Y49.623 E.02437
G1 X64.379 Y52.318 E.0912
G1 X63.442 Y52.247 E.03181
G1 X62.652 Y52.137 E.027
G1 X62.114 Y52.032 E.01853
G1 X63.06 Y49.503 E.09141
M204 S500
G1 X62.797 Y48.983 F7200
;TYPE:Outer wall
G1 F1473.915
G1 X63.702 Y49.134 E.03105
G1 X64.807 Y49.208 E.03751
G1 X64.807 Y52.758 E.12018
G1 X64.196 Y52.74 E.02069
G1 X63.228 Y52.65 E.03292
G1 X62.558 Y52.555 E.02292
G1 X61.546 Y52.328 E.0351
G1 X62.783 Y49.021 E.11953
M204 S10000
G1 E-.8 F1800
G1 X62.664 Y51.724 Z14 F7200
G1 Z13.6
G1 E.8 F1800
M204 S500
;TYPE:Internal solid infill
G1 F1473.915
G1 X63.344 Y51.823 E.02326
G1 X63.972 Y51.883 E.02135
G1 X63.972 Y49.993 E.06398
G1 X63.34 Y49.916 E.02154
G1 X62.678 Y51.687 E.06401
M204 S10000
G1 X63.257 Y51.215 F7200
M204 S500
;WIDTH:0.390923
G1 F1724.123
G1 X63.181 Y51.419 E.00628
G1 X63.594 Y51.473 E.01205
G1 X63.591 Y50.329 E.03308
G1 X63.271 Y51.178 E.02624
M204 S10000
G1 E-.8 F1800
G1 X58.3 Y47.495 Z14 F7200
G1 Z13.6
G1 E.8 F1800
M204 S1500
;TYPE:Inner wall
;WIDTH:0.449999
G1 F1473.915
G1 X57.166 Y49.983 E.09252
G1 X56.702 Y49.669 E.01894
G1 X56.058 Y49.181 E.02738
G1 X55.363 Y48.583 E.03102
G1 X57.268 Y46.678 E.09121
G1 X57.884 Y47.192 E.02715
G1 X58.267 Y47.472 E.01607
M204 S500
G1 X58.838 Y47.348 F7200
;TYPE:Outer wall
G1 F1473.915
G1 X57.359 Y50.594 E.12074
G1 X57.09 Y50.448 E.01036
G1 X56.463 Y50.026 E.02558
G1 X55.808 Y49.531 E.02779
G1 X55.181 Y49.001 E.02778
G1 X54.748 Y48.592 E.02016
G1 X57.259 Y46.081 E.12018
G1 X57.604 Y46.404 E.01599
G1 X58.136 Y46.846 E.02342
G1 X58.805 Y47.325 E.02784
M204 S10000
G1 E-.8 F1800
G1 X56.999 Y49.368 Z14 F7200
G1 Z13.6
G1 E.8 F1800
M204 S500
;TYPE:Internal solid infill
G1 F1473.915
G1 X57.792 Y47.627 E.06475
G1 X57.291 Y47.231 E.02163
G1 X55.958 Y48.564 E.06381
G1 X56.341 Y48.886 E.01694
G1 X56.967 Y49.344 E.02626
M204 S10000
G1 X56.848 Y48.789 F7200
M204 S500
;WIDTH:0.390575
G1 F1725.849
G1 X57.323 Y47.747 E.03311
G1 X56.515 Y48.541 E.03273
G1 X56.816 Y48.765 E.01086
M204 S10000
G1 E-.8 F1800
G1 X58.203 Y56.271 Z14 F7200
G1 X58.34 Y57.011 Z14
G1 Z13.6
G1 E.8 F1800
M204 S1500
;TYPE:Inner wall
;WIDTH:0.449999
G1 F1473.915
G1 X56.318 Y56.179 E.074
G1 X61.777 Y42.983 E.48337
G1 X63.797 Y43.82 E.074
M73 P50 R10
G1 X58.355 Y56.974 E.48183
M204 S500
G1 X58.573 Y57.57 F7200
M73 P50 R9
;TYPE:Outer wall
G1 F1473.915
G1 X55.758 Y56.412 E.10301
G1 X61.545 Y42.423 E.51242
G1 X64.357 Y43.588 E.10301
G1 X58.588 Y57.533 E.5108
M204 S10000
G1 X58.28 Y56.252 F7200
M204 S500
;TYPE:Sparse infill
;WIDTH:0.45
G1 F1473.913
G1 X58.152 Y56.559 E.01126
G1 X56.954 Y56.066 E.04385
G1 X57.211 Y55.44 E.0229
G1 X57.669 Y54.982 E.02195
G1 X59.037 Y54.421 E.05002
G1 X61.499 Y48.469 E.21805
G1 X60.778 Y48.764 E.02638
G1 X60.32 Y49.223 E.02195
G1 X59.682 Y50.777 E.05686
G1 X59.224 Y51.236 E.02195
G1 X58.638 Y51.476 E.02141
G1 X61.101 Y45.523 E.21805
G1 X62.333 Y45.018 E.04505
G1 X62.791 Y44.56 E.02195
G1 X63.065 Y43.891 E.02445
G1 X61.965 Y43.435 E.04032
G1 X61.798 Y43.839 E.0148
; stop printing object fidget-finger-massager-2000-roller_plain.stl id:4713352688601451214 copy 0
;LAYER_CHANGE
;Z:13.8
;HEIGHT:0.2
G92 E0
;_SET_FAN_SPEED_CHANGING_LAYER
; printing object fidget-finger-massager-2000-roller_plain.stl id:4713352688601451214 copy 0
M204 S10000
G1 E-.8 F1800
G1 X63.074 Y49.465 Z14.2 F7200
G1 Z13.8
G1 E.8 F1800
M204 S1500
;TYPE:Inner wall
;WIDTH:0.449999
G1 F1473.915
G1 X63.662 Y49.56 E.02016
G1 X64.379 Y49.623 E.02436
G1 X64.379 Y52.318 E.09121
G1 X63.441 Y52.247 E.03184
G1 X62.651 Y52.137 E.02701
G1 X62.114 Y52.032 E.0185
G1 X63.06 Y49.503 E.09141
M204 S500
G1 X62.797 Y48.983 F7200
;TYPE:Outer wall
G1 F1473.915
G1 X63.702 Y49.133 E.03106
G1 X64.807 Y49.208 E.0375
G1 X64.807 Y52.758 E.12018
G1 X64.196 Y52.74 E.0207
G1 X63.228 Y52.65 E.03291
G1 X62.557 Y52.555 E.02295
G1 X61.546 Y52.328 E.03507
G1 X62.783 Y49.021 E.11953
M204 S10000
G1 E-.8 F1800
G1 X62.664 Y51.725 Z14.2 F7200
G1 Z13.8
G1 E.8 F1800
M204 S500
;TYPE:Internal solid infill
G1 F1473.915
G1 X63.344 Y51.823 E.02325
G1 X63.972 Y51.883 E.02135
G1 X63.972 Y49.993 E.06398
G1 X63.34 Y49.916 E.02154
G1 X62.678 Y51.687 E.06401
M204 S10000
G1 X63.257 Y51.215 F7200
M204 S500
;WIDTH:0.390926
G1 F1724.108
G1 X63.181 Y51.419 E.00628
G1 X63.594 Y51.473 E.01205
G1 X63.591 Y50.33 E.03308
G1 X63.271 Y51.178 E.02624
M204 S10000
G1 E-.8 F1800
G1 X58.3 Y47.495 Z14.2 F7200
G1 Z13.8
G1 E.8 F1800
M204 S1500
;TYPE:Inner wall
;WIDTH:0.449999
G1 F1473.915
G1 X57.166 Y49.983 E.09253
G1 X56.703 Y49.67 E.01891
G1 X56.058 Y49.181 E.02739
G1 X55.363 Y48.583 E.03104
G1 X57.268 Y46.678 E.09121
G1 X57.887 Y47.194 E.02728
G1 X58.267 Y47.472 E.01594
M204 S500
G1 X58.838 Y47.348 F7200
;TYPE:Outer wall
G1 F1473.915
G1 X57.359 Y50.594 E.12074
G1 X57.09 Y50.448 E.01036
G1 X56.464 Y50.026 E.02554
G1 X55.808 Y49.531 E.0278
G1 X55.181 Y49.001 E.02779
G1 X54.748 Y48.592 E.02017
G1 X57.259 Y46.081 E.12018
G1 X57.605 Y46.406 E.01605
G1 X58.139 Y46.848 E.02349
G1 X58.805 Y47.325 E.02772
M204 S10000
G1 E-.8 F1800
G1 X56.999 Y49.368 Z14.2 F7200
G1 Z13.8
G1 E.8 F1800
M204 S500
;TYPE:Internal solid infill
G1 F1473.915
G1 X57.792 Y47.627 E.06475
G1 X57.291 Y47.231 E.02163
G1 X55.958 Y48.564 E.06381
G1 X56.341 Y48.886 E.01696
G1 X56.967 Y49.344 E.02623
M204 S10000
G1 X56.848 Y48.789 F7200
M204 S500
;WIDTH:0.390578
G1 F1725.834
G1 X57.323 Y47.747 E.03311
G1 X56.515 Y48.541 E.03273
G1 X56.816 Y48.766 E.01086
M204 S10000
G1 E-.8 F1800
G1 X58.26 Y56.26 Z14.2 F7200
G1 X58.384 Y56.904 Z14.2
G1 Z13.8
G1 E.8 F1800
M204 S1500
;TYPE:Inner wall
;WIDTH:0.449999
G1 F1473.915
G1 X56.363 Y56.072 E.074
G1 X61.733 Y43.09 E.47555
G1 X63.753 Y43.927 E.074
G1 X58.4 Y56.867 E.47401
M204 S500
G1 X58.617 Y57.463 F7200
;TYPE:Outer wall
G1 F1473.915
G1 X55.802 Y56.305 E.10301
G1 X61.501 Y42.53 E.5046
G1 X64.313 Y43.695 E.10301
G1 X58.632 Y57.426 E.50299
M204 S10000
G1 X57.636 Y56.222 F7200
M204 S500
;TYPE:Sparse infill
;WIDTH:0.45
G1 F1473.913
G1 X56.815 Y55.884 E.03004
G1 X57.098 Y55.2 E.02508
G1 X57.669 Y54.628 E.02735
G1 X58.928 Y54.685 E.04264
G1 X61.51 Y48.444 E.22862
G1 X60.778 Y48.411 E.02479
G1 X59.966 Y49.223 E.03888
G1 X60.036 Y50.777 E.05267
G1 X59.224 Y51.589 E.03888
G1 X58.603 Y51.561 E.02103
G1 X61.185 Y45.32 E.22862
G1 X62.333 Y45.372 E.03889
M73 P51 R9
G1 X63.096 Y44.608 E.03657
G1 X63.142 Y44.498 E.00403
G1 X63.121 Y44.04 E.01553
G1 X61.92 Y43.542 E.044
G1 X61.795 Y43.846 E.01112
; stop printing object fidget-finger-massager-2000-roller_plain.stl id:4713352688601451214 copy 0
;LAYER_CHANGE
;Z:14
;HEIGHT:0.2
G92 E0
;_SET_FAN_SPEED_CHANGING_LAYER
; printing object fidget-finger-massager-2000-roller_plain.stl id:4713352688601451214 copy 0
M204 S10000
G1 E-.8 F1800
G1 X63.074 Y49.465 Z14.4 F7200
G1 Z14
G1 E.8 F1800
M204 S1500
;TYPE:Inner wall
;WIDTH:0.449999
G1 F1473.915
G1 X63.662 Y49.56 E.02017
G1 X64.379 Y49.623 E.02435
G1 X64.379 Y52.318 E.09121
G1 X63.44 Y52.247 E.03186
G1 X62.65 Y52.137 E.02702
G1 X62.114 Y52.032 E.01847
G1 X63.06 Y49.503 E.0914
M204 S500
G1 X62.797 Y48.983 F7200
;TYPE:Outer wall
G1 F1473.915
G1 X63.702 Y49.133 E.03107
G1 X64.807 Y49.208 E.03749
G1 X64.807 Y52.758 E.12018
G1 X64.196 Y52.74 E.02071
G1 X63.228 Y52.65 E.0329
G1 X62.556 Y52.555 E.02298
G1 X61.546 Y52.328 E.03503
G1 X62.783 Y49.021 E.11953
M204 S10000
G1 E-.8 F1800
G1 X62.664 Y51.725 Z14.4 F7200
G1 Z14
G1 E.8 F1800
M204 S500
;TYPE:Internal solid infill
G1 F1473.915
G1 X63.344 Y51.823 E.02325
G1 X63.972 Y51.883 E.02135
G1 X63.972 Y49.993 E.06398
G1 X63.34 Y49.916 E.02154
G1 X62.678 Y51.687 E.06401
M204 S10000
G1 X63.257 Y51.215 F7200
M204 S500
;WIDTH:0.390927
G1 F1724.103
G1 X63.181 Y51.419 E.00628
G1 X63.594 Y51.473 E.01205
G1 X63.591 Y50.33 E.03308
G1 X63.271 Y51.178 E.02624
M204 S10000
G1 E-.8 F1800
G1 X58.303 Y47.488 Z14.4 F7200
G1 Z14
G1 E.8 F1800
M204 S1500
;TYPE:Inner wall
;WIDTH:0.449999
G1 F1473.915
G1 X57.166 Y49.983 E.09278
G1 X56.704 Y49.671 E.01887
G1 X56.059 Y49.182 E.02741
G1 X55.363 Y48.583 E.03106
G1 X57.282 Y46.664 E.09184
G1 X57.846 Y47.161 E.02544
G1 X58.27 Y47.465 E.01767
M204 S500
G1 X58.84 Y47.343 F7200
;TYPE:Outer wall
G1 F1473.915
G1 X57.359 Y50.594 E.12092
G1 X57.09 Y50.448 E.01036
G1 X56.465 Y50.027 E.02551
G1 X55.809 Y49.532 E.02781
G1 X55.182 Y49.001 E.0278
G1 X54.748 Y48.592 E.02018
G1 X57.263 Y46.077 E.12037
G1 X58.136 Y46.846 E.03939
G1 X58.807 Y47.32 E.02781
M204 S10000
G1 E-.8 F1800
G1 X56.999 Y49.368 Z14.4 F7200
G1 Z14
G1 E.8 F1800
M204 S500
;TYPE:Internal solid infill
G1 F1473.915
G1 X57.794 Y47.624 E.06485
G1 X57.299 Y47.223 E.02156
G1 X55.958 Y48.564 E.0642
G1 X56.342 Y48.887 E.01698
G1 X56.967 Y49.344 E.02621
M204 S10000
G1 X56.848 Y48.789 F7200
M204 S500
;WIDTH:0.390581
G1 F1725.819
G1 X57.323 Y47.746 E.03314
G1 X56.515 Y48.54 E.03276
G1 X56.816 Y48.766 E.01086
M204 S10000
G1 E-.8 F1800
G1 X58.318 Y56.249 Z14.4 F7200
G1 X58.429 Y56.797 Z14.4
G1 Z14
G1 E.8 F1800
M204 S1500
;TYPE:Inner wall
;WIDTH:0.449999
G1 F1473.915
G1 X56.407 Y55.966 E.074
G1 X61.689 Y43.197 E.46773
G1 X63.709 Y44.033 E.074
G1 X58.444 Y56.76 E.4662
M204 S500
G1 X58.661 Y57.356 F7200
;TYPE:Outer wall
G1 F1473.915
G1 X55.847 Y56.199 E.10301
G1 X61.457 Y42.637 E.49678
G1 X64.268 Y43.801 E.10301
G1 X58.676 Y57.319 E.49517
M204 S10000
G1 X58.295 Y56.215 F7200
M204 S500
;TYPE:Sparse infill
;WIDTH:0.45
G1 F1473.913
G1 X58.917 Y54.71 E.05512
G1 X57.669 Y54.586 E.04245
G1 X57.445 Y54.361 E.01075
G1 X58.6 Y51.57 E.10225
G1 X59.224 Y51.632 E.02123
G1 X59.908 Y52.316 E.03274
G1 X60.408 Y51.107 E.0443
G1 X60.079 Y50.777 E.01577
G1 X59.923 Y49.223 E.05288
G1 X59.674 Y48.973 E.01195
G1 X60.174 Y47.764 E.0443
G1 X60.778 Y48.368 E.02892
G1 X61.511 Y48.441 E.02492
G1 X62.637 Y45.719 E.09972
G1 X62.333 Y45.414 E.01457
G1 X61.193 Y45.301 E.03877
G1 X61.815 Y43.796 E.05512
; stop printing object fidget-finger-massager-2000-roller_plain.stl id:4713352688601451214 copy 0
;LAYER_CHANGE
;Z:14.2
;HEIGHT:0.2
G92 E0
;_SET_FAN_SPEED_CHANGING_LAYER
; printing object fidget-finger-massager-2000-roller_plain.stl id:4713352688601451214 copy 0
M204 S10000
G1 E-.8 F1800
G1 X63.074 Y49.465 Z14.6 F7200
G1 Z14.2
G1 E.8 F1800
M204 S1500
;TYPE:Inner wall
;WIDTH:0.449999
G1 F1473.915
G1 X63.662 Y49.56 E.02017
G1 X64.379 Y49.623 E.02435
G1 X64.379 Y52.318 E.09121
G1 X63.44 Y52.247 E.03188
G1 X62.649 Y52.136 E.02703
G1 X62.114 Y52.032 E.01843
G1 X63.06 Y49.503 E.0914
M204 S500
G1 X62.797 Y48.983 F7200
;TYPE:Outer wall
G1 F1473.915
G1 X63.702 Y49.133 E.03108
G1 X64.807 Y49.208 E.03749
G1 X64.807 Y52.758 E.12018
G1 X64.195 Y52.74 E.02073
G1 X63.228 Y52.65 E.03289
G1 X62.555 Y52.555 E.02301
G1 X61.546 Y52.328 E.035
G1 X62.783 Y49.021 E.11953
M204 S10000
G1 E-.8 F1800
G1 X62.664 Y51.725 Z14.6 F7200
G1 Z14.2
G1 E.8 F1800
M204 S500
;TYPE:Internal solid infill
G1 F1473.915
G1 X63.344 Y51.823 E.02325
G1 X63.972 Y51.883 E.02136
G1 X63.972 Y49.993 E.06398
G1 X63.34 Y49.916 E.02154
G1 X62.678 Y51.687 E.06401
M204 S10000
G1 X63.257 Y51.215 F7200
M204 S500
;WIDTH:0.390929
G1 F1724.093
G1 X63.181 Y51.419 E.00628
G1 X63.594 Y51.473 E.01205
G1 X63.591 Y50.33 E.03307
G1 X63.271 Y51.178 E.02624
M204 S10000
G1 E-.8 F1800
G1 X58.303 Y47.489 Z14.6 F7200
G1 Z14.2
G1 E.8 F1800
M204 S1500
;TYPE:Inner wall
;WIDTH:0.449999
G1 F1473.915
G1 X57.166 Y49.983 E.09278
G1 X56.705 Y49.671 E.01884
G1 X56.059 Y49.182 E.02742
G1 X55.363 Y48.583 E.03108
G1 X57.282 Y46.664 E.09185
G1 X57.849 Y47.164 E.02557
G1 X58.27 Y47.465 E.01755
M204 S500
G1 X58.84 Y47.343 F7200
;TYPE:Outer wall
G1 F1473.915
G1 X57.359 Y50.594 E.12092
G1 X57.09 Y50.448 E.01036
G1 X56.466 Y50.027 E.02547
G1 X55.809 Y49.532 E.02782
G1 X55.182 Y49.002 E.02782
G1 X54.748 Y48.592 E.0202
G1 X57.263 Y46.077 E.12037
G1 X58.139 Y46.848 E.03951
M73 P52 R9
G1 X58.807 Y47.32 E.02768
M204 S10000
G1 E-.8 F1800
G1 X56.999 Y49.368 Z14.6 F7200
G1 Z14.2
G1 E.8 F1800
M204 S500
;TYPE:Internal solid infill
G1 F1473.915
G1 X57.794 Y47.624 E.06485
G1 X57.299 Y47.222 E.02156
G1 X55.958 Y48.564 E.06421
G1 X56.342 Y48.887 E.017
G1 X56.967 Y49.344 E.02619
M204 S10000
G1 X56.848 Y48.79 F7200
M204 S500
;WIDTH:0.390586
G1 F1725.794
G1 X57.323 Y47.746 E.03315
G1 X56.515 Y48.54 E.03276
G1 X56.816 Y48.766 E.01086
M204 S10000
G1 E-.8 F1800
G1 X58.378 Y56.236 Z14.6 F7200
G1 X58.473 Y56.691 Z14.6
G1 Z14.2
G1 E.8 F1800
M204 S1500
;TYPE:Inner wall
;WIDTH:0.449999
G1 F1473.915
G1 X56.451 Y55.859 E.074
G1 X61.645 Y43.303 E.45992
G1 X63.664 Y44.14 E.074
G1 X58.488 Y56.654 E.45838
M204 S500
G1 X58.705 Y57.25 F7200
;TYPE:Outer wall
G1 F1473.915
G1 X55.891 Y56.092 E.10301
G1 X61.413 Y42.743 E.48896
G1 X64.224 Y43.908 E.10301
G1 X58.721 Y57.213 E.48735
M204 S10000
G1 X58.135 Y56.177 F7200
M204 S500
;TYPE:Sparse infill
;WIDTH:0.45
G1 F1473.913
G1 X58.285 Y56.239 E.00549
G1 X58.845 Y54.884 E.04963
G1 X57.669 Y54.232 E.04552
G1 X57.548 Y54.111 E.00579
G1 X58.576 Y51.626 E.09101
G1 X59.224 Y51.986 E.02507
G1 X59.57 Y52.332 E.01656
G1 X59.76 Y52.674 E.01325
G1 X60.512 Y50.857 E.06657
G1 X60.432 Y50.777 E.0038
G1 X59.57 Y49.223 E.06014
G1 X60.307 Y47.443 E.06524
G1 X60.432 Y47.668 E.00874
G1 X60.778 Y48.014 E.01656
G1 X61.518 Y48.425 E.02862
G1 X62.533 Y45.969 E.08996
G1 X62.333 Y45.768 E.00961
G1 X61.248 Y45.167 E.04197
G1 X61.832 Y43.756 E.05169
G1 X61.926 Y43.794 E.00343
; stop printing object fidget-finger-massager-2000-roller_plain.stl id:4713352688601451214 copy 0
;LAYER_CHANGE
;Z:14.4
;HEIGHT:0.2
G92 E0
;_SET_FAN_SPEED_CHANGING_LAYER
; printing object fidget-finger-massager-2000-roller_plain.stl id:4713352688601451214 copy 0
M204 S10000
G1 E-.8 F1800
G1 X63.074 Y49.466 Z14.8 F7200
G1 Z14.4
G1 E.8 F1800
M204 S1500
;TYPE:Inner wall
;WIDTH:0.449999
G1 F1473.915
G1 X63.662 Y49.56 E.02018
G1 X64.379 Y49.623 E.02434
G1 X64.379 Y52.318 E.09121
G1 X63.439 Y52.247 E.0319
G1 X62.648 Y52.136 E.02704
G1 X62.114 Y52.032 E.0184
G1 X63.06 Y49.503 E.0914
M204 S500
G1 X62.797 Y48.983 F7200
;TYPE:Outer wall
G1 F1473.915
G1 X63.703 Y49.133 E.03109
G1 X64.807 Y49.208 E.03748
G1 X64.807 Y52.758 E.12018
G1 X64.195 Y52.74 E.02074
G1 X63.228 Y52.65 E.03288
G1 X62.554 Y52.555 E.02304
G1 X61.546 Y52.328 E.03497
G1 X62.783 Y49.021 E.11953
M204 S10000
G1 E-.8 F1800
G1 X62.664 Y51.725 Z14.8 F7200
G1 Z14.4
G1 E.8 F1800
M204 S500
;TYPE:Internal solid infill
G1 F1473.915
G1 X63.344 Y51.823 E.02325
G1 X63.972 Y51.883 E.02136
G1 X63.972 Y49.993 E.06398
G1 X63.34 Y49.916 E.02154
G1 X62.678 Y51.687 E.064
M204 S10000
G1 X63.257 Y51.215 F7200
M204 S500
;WIDTH:0.39093
G1 F1724.088
G1 X63.181 Y51.419 E.00628
G1 X63.594 Y51.473 E.01205
G1 X63.591 Y50.33 E.03307
G1 X63.271 Y51.178 E.02623
M204 S10000
G1 E-.8 F1800
G1 X58.303 Y47.489 Z14.8 F7200
G1 Z14.4
G1 E.8 F1800
M204 S1500
;TYPE:Inner wall
;WIDTH:0.449999
G1 F1473.915
G1 X57.166 Y49.983 E.09277
G1 X56.706 Y49.672 E.01881
G1 X56.059 Y49.183 E.02744
G1 X55.363 Y48.583 E.0311
G1 X57.282 Y46.664 E.09185
G1 X57.851 Y47.166 E.02569
G1 X58.27 Y47.465 E.01743
M204 S500
G1 X58.84 Y47.343 F7200
;TYPE:Outer wall
G1 F1473.915
G1 X57.359 Y50.594 E.12092
G1 X57.09 Y50.448 E.01036
G1 X56.466 Y50.028 E.02544
G1 X55.81 Y49.533 E.02784
G1 X55.182 Y49.002 E.02783
G1 X54.748 Y48.592 E.02021
G1 X57.263 Y46.077 E.12038
G1 X58.142 Y46.851 E.03963
G1 X58.807 Y47.32 E.02756
M204 S10000
G1 E-.8 F1800
G1 X56.999 Y49.368 Z14.8 F7200
G1 Z14.4
G1 E.8 F1800
M204 S500
;TYPE:Internal solid infill
G1 F1473.915
G1 X57.794 Y47.624 E.06485
G1 X57.3 Y47.222 E.02156
G1 X55.958 Y48.564 E.06421
G1 X56.343 Y48.888 E.01702
G1 X56.967 Y49.344 E.02617
M204 S10000
G1 X56.848 Y48.79 F7200
M204 S500
;WIDTH:0.39059
G1 F1725.774
G1 X57.323 Y47.746 E.03316
G1 X56.515 Y48.54 E.03277
G1 X56.816 Y48.766 E.01086
M204 S10000
G1 E-.8 F1800
G1 X58.439 Y56.224 Z14.8 F7200
G1 X58.517 Y56.584 Z14.8
G1 Z14.4
G1 E.8 F1800
M204 S1500
;TYPE:Inner wall
;WIDTH:0.449999
G1 F1473.915
G1 X56.495 Y55.752 E.074
G1 X61.6 Y43.41 E.4521
G1 X63.62 Y44.247 E.074
G1 X58.532 Y56.547 E.45056
M204 S500
G1 X58.749 Y57.143 F7200
;TYPE:Outer wall
G1 F1473.915
G1 X55.935 Y55.985 E.10301
G1 X61.368 Y42.85 E.48115
G1 X64.18 Y44.015 E.10301
G1 X58.765 Y57.106 E.47954
M204 S10000
G1 X57.947 Y55.975 F7200
M73 P53 R9
M204 S500
;TYPE:Sparse infill
;WIDTH:0.45
G1 F1473.913
G1 X58.329 Y56.132 E.014
G1 X58.793 Y55.01 E.04112
G1 X57.65 Y53.866 E.05475
G1 X58.559 Y51.667 E.08055
G1 X59.703 Y52.811 E.05475
G1 X60.613 Y50.612 E.08055
G1 X59.469 Y49.468 E.05475
G1 X60.091 Y47.963 E.05512
M204 S10000
G1 E-.8 F1800
G1 X60.9 Y49.917 Z14.8 F7200
G1 Z14.4
G1 E.8 F1800
M204 S500
G1 F1473.913
G1 X61.522 Y48.413 E.05512
G1 X60.379 Y47.269 E.05475
G1 X61.288 Y45.07 E.08055
G1 X62.432 Y46.214 E.05475
G1 X63.055 Y44.709 E.05512
; stop printing object fidget-finger-massager-2000-roller_plain.stl id:4713352688601451214 copy 0
;LAYER_CHANGE
;Z:14.6
;HEIGHT:0.200001
G92 E0
;_SET_FAN_SPEED_CHANGING_LAYER
; printing object fidget-finger-massager-2000-roller_plain.stl id:4713352688601451214 copy 0
M204 S10000
G1 E-.8 F1800
G1 X63.074 Y49.466 Z15 F7200
G1 Z14.6
G1 E.8 F1800
M204 S1500
;TYPE:Inner wall
;WIDTH:0.449999
G1 F1473.915
G1 X63.663 Y49.56 E.02019
G1 X64.379 Y49.623 E.02433
G1 X64.379 Y52.318 E.09121
G1 X63.438 Y52.247 E.03192
G1 X62.647 Y52.136 E.02706
G1 X62.114 Y52.032 E.01837
G1 X63.06 Y49.503 E.0914
M204 S500
G1 X62.797 Y48.983 F7200
;TYPE:Outer wall
G1 F1473.915
G1 X63.703 Y49.133 E.0311
G1 X64.807 Y49.208 E.03747
G1 X64.807 Y52.758 E.12018
G1 X64.194 Y52.74 E.02075
G1 X63.228 Y52.65 E.03287
G1 X62.553 Y52.554 E.02307
G1 X61.546 Y52.328 E.03493
G1 X62.783 Y49.021 E.11952
M204 S10000
G1 E-.8 F1800
G1 X62.664 Y51.725 Z15 F7200
G1 Z14.6
G1 E.8 F1800
M204 S500
;TYPE:Internal solid infill
G1 F1473.915
G1 X63.344 Y51.823 E.02325
G1 X63.972 Y51.883 E.02136
G1 X63.972 Y49.993 E.06398
G1 X63.34 Y49.916 E.02154
G1 X62.678 Y51.687 E.064
M204 S10000
G1 X63.257 Y51.215 F7200
M204 S500
;WIDTH:0.390931
G1 F1724.083
G1 X63.181 Y51.419 E.00628
G1 X63.594 Y51.473 E.01205
G1 X63.591 Y50.33 E.03307
G1 X63.271 Y51.178 E.02623
M204 S10000
G1 E-.8 F1800
G1 X58.303 Y47.489 Z15 F7200
G1 Z14.6
G1 E.8 F1800
M204 S1500
;TYPE:Inner wall
;WIDTH:0.449999
G1 F1473.915
G1 X57.166 Y49.983 E.09277
G1 X56.707 Y49.672 E.01877
G1 X56.06 Y49.183 E.02745
G1 X55.363 Y48.583 E.03113
G1 X57.282 Y46.664 E.09185
G1 X57.854 Y47.168 E.02582
G1 X58.27 Y47.465 E.0173
M204 S500
G1 X58.84 Y47.343 F7200
;TYPE:Outer wall
G1 F1473.915
G1 X57.359 Y50.594 E.12092
G1 X57.09 Y50.448 E.01036
G1 X56.467 Y50.029 E.0254
G1 X55.81 Y49.533 E.02785
G1 X55.182 Y49.002 E.02784
G1 X54.748 Y48.592 E.02022
G1 X57.263 Y46.077 E.12038
G1 X58.145 Y46.853 E.03975
G1 X58.807 Y47.32 E.02744
M204 S10000
G1 E-.8 F1800
G1 X56.999 Y49.368 Z15 F7200
G1 Z14.6
G1 E.8 F1800
M204 S500
;TYPE:Internal solid infill
G1 F1473.915
G1 X57.794 Y47.624 E.06485
G1 X57.3 Y47.222 E.02156
G1 X55.958 Y48.564 E.06422
G1 X56.343 Y48.888 E.01705
G1 X56.967 Y49.344 E.02614
M204 S10000
G1 X56.848 Y48.79 F7200
M204 S500
;WIDTH:0.390594
G1 F1725.755
G1 X57.324 Y47.746 E.03316
G1 X56.515 Y48.54 E.03278
G1 X56.816 Y48.766 E.01086
M204 S10000
G1 E-.8 F1800
G1 X58.501 Y56.21 Z15 F7200
G1 X58.561 Y56.477 Z15
G1 Z14.6
G1 E.8 F1800
M204 S1500
;TYPE:Inner wall
;WIDTH:0.449999
G1 F1473.915
G1 X56.539 Y55.646 E.074
G1 X61.556 Y43.517 E.44428
G1 X63.576 Y44.353 E.074
G1 X58.576 Y56.44 E.44274
M204 S500
G1 X58.794 Y57.036 F7200
;TYPE:Outer wall
G1 F1473.915
G1 X55.979 Y55.879 E.10301
G1 X61.324 Y42.957 E.47333
G1 X64.136 Y44.121 E.10301
G1 X58.809 Y56.999 E.47172
M204 S10000
G1 X57.884 Y55.825 F7200
M204 S500
;TYPE:Sparse infill
;WIDTH:0.45
G1 F1473.913
G1 X58.373 Y56.026 E.01791
G1 X58.794 Y55.01 E.03721
G1 X57.65 Y53.866 E.05475
G1 X58.559 Y51.667 E.08055
G1 X59.703 Y52.811 E.05475
G1 X60.613 Y50.612 E.08055
G1 X59.469 Y49.468 E.05475
G1 X60.091 Y47.963 E.05512
M204 S10000
G1 E-.8 F1800
G1 X62.145 Y46.908 Z15 F7200
G1 Z14.6
G1 E.8 F1800
M204 S500
G1 F1473.913
G1 X61.522 Y48.413 E.05512
G1 X60.379 Y47.269 E.05475
G1 X61.288 Y45.07 E.08055
G1 X62.432 Y46.214 E.05475
G1 X63.055 Y44.709 E.05512
; stop printing object fidget-finger-massager-2000-roller_plain.stl id:4713352688601451214 copy 0
;LAYER_CHANGE
;Z:14.8
;HEIGHT:0.2
G92 E0
;_SET_FAN_SPEED_CHANGING_LAYER
; printing object fidget-finger-massager-2000-roller_plain.stl id:4713352688601451214 copy 0
M204 S10000
G1 E-.8 F1800
G1 X63.074 Y49.466 Z15.2 F7200
G1 Z14.8
G1 E.8 F1800
M204 S1500
;TYPE:Inner wall
;WIDTH:0.449999
G1 F1473.915
G1 X63.663 Y49.56 E.02019
G1 X64.379 Y49.623 E.02433
G1 X64.379 Y52.318 E.09121
G1 X63.438 Y52.247 E.03195
G1 X62.646 Y52.136 E.02707
G1 X62.114 Y52.032 E.01833
G1 X63.06 Y49.503 E.09139
M204 S500
G1 X62.797 Y48.983 F7200
;TYPE:Outer wall
G1 F1473.915
G1 X63.703 Y49.133 E.03111
G1 X64.807 Y49.208 E.03746
G1 X64.807 Y52.758 E.12018
G1 X64.194 Y52.74 E.02076
G1 X63.228 Y52.65 E.03286
G1 X62.552 Y52.554 E.0231
G1 X61.546 Y52.328 E.0349
G1 X62.783 Y49.021 E.11952
M204 S10000
G1 E-.8 F1800
G1 X62.664 Y51.725 Z15.2 F7200
G1 Z14.8
G1 E.8 F1800
M73 P54 R9
M204 S500
;TYPE:Internal solid infill
G1 F1473.915
G1 X63.344 Y51.823 E.02325
G1 X63.972 Y51.883 E.02136
G1 X63.972 Y49.993 E.06397
G1 X63.34 Y49.916 E.02154
G1 X62.678 Y51.687 E.064
M204 S10000
G1 X63.257 Y51.215 F7200
M204 S500
;WIDTH:0.390934
G1 F1724.069
G1 X63.181 Y51.419 E.00628
G1 X63.594 Y51.473 E.01205
G1 X63.591 Y50.33 E.03306
G1 X63.271 Y51.178 E.02623
M204 S10000
G1 E-.8 F1800
G1 X58.303 Y47.489 Z15.2 F7200
G1 Z14.8
G1 E.8 F1800
M204 S1500
;TYPE:Inner wall
;WIDTH:0.449999
G1 F1473.915
G1 X57.166 Y49.983 E.09277
G1 X56.707 Y49.673 E.01873
G1 X56.061 Y49.183 E.02746
G1 X55.363 Y48.583 E.03115
G1 X57.282 Y46.664 E.09185
G1 X57.857 Y47.17 E.02594
G1 X58.27 Y47.466 E.01718
M204 S500
G1 X58.84 Y47.343 F7200
;TYPE:Outer wall
G1 F1473.915
G1 X57.359 Y50.594 E.12092
G1 X57.09 Y50.448 E.01036
G1 X56.468 Y50.029 E.02536
G1 X55.811 Y49.534 E.02786
G1 X55.183 Y49.002 E.02785
G1 X54.748 Y48.592 E.02023
G1 X57.263 Y46.077 E.12038
G1 X58.148 Y46.855 E.03988
G1 X58.807 Y47.32 E.02732
M204 S10000
G1 E-.8 F1800
G1 X56.999 Y49.368 Z15.2 F7200
G1 Z14.8
G1 E.8 F1800
M204 S500
;TYPE:Internal solid infill
G1 F1473.915
G1 X57.794 Y47.624 E.06485
G1 X57.3 Y47.222 E.02156
G1 X55.958 Y48.564 E.06422
G1 X56.344 Y48.889 E.01707
G1 X56.967 Y49.344 E.02612
M204 S10000
G1 X56.848 Y48.79 F7200
M204 S500
;WIDTH:0.390598
G1 F1725.735
G1 X57.324 Y47.745 E.03317
G1 X56.515 Y48.54 E.03278
G1 X56.816 Y48.766 E.01086
M204 S10000
G1 E-.8 F1800
G1 X58.564 Y56.195 Z15.2 F7200
G1 X58.605 Y56.37 Z15.2
G1 Z14.8
G1 E.8 F1800
M204 S1500
;TYPE:Inner wall
;WIDTH:0.449999
G1 F1473.915
G1 X56.583 Y55.539 E.074
G1 X61.512 Y43.623 E.43647
G1 X63.532 Y44.46 E.074
G1 X58.621 Y56.334 E.43493
M204 S500
G1 X58.838 Y56.929 F7200
;TYPE:Outer wall
G1 F1473.915
G1 X56.023 Y55.772 E.10301
G1 X61.28 Y43.063 E.46551
G1 X64.092 Y44.228 E.10301
G1 X58.853 Y56.893 E.4639
M204 S10000
G1 E-.8 F1800
G1 X57.056 Y55.359 Z15.2 F7200
G1 Z14.8
G1 E.8 F1800
M204 S500
;TYPE:Sparse infill
;WIDTH:0.45
G1 F1473.913
G1 X57.036 Y55.351 E.00074
G1 X57.65 Y53.866 E.05438
G1 X58.794 Y55.01 E.05475
G1 X59.703 Y52.811 E.08055
G1 X58.559 Y51.667 E.05475
G1 X59.469 Y49.468 E.08055
G1 X60.613 Y50.612 E.05475
G1 X61.522 Y48.413 E.08055
G1 X60.379 Y47.269 E.05475
G1 X61.288 Y45.07 E.08055
G1 X62.432 Y46.214 E.05475
G1 X63.054 Y44.709 E.05512
; stop printing object fidget-finger-massager-2000-roller_plain.stl id:4713352688601451214 copy 0
;LAYER_CHANGE
;Z:15
;HEIGHT:0.2
G92 E0
;_SET_FAN_SPEED_CHANGING_LAYER
; printing object fidget-finger-massager-2000-roller_plain.stl id:4713352688601451214 copy 0
M204 S10000
G1 E-.8 F1800
G1 X63.074 Y49.466 Z15.4 F7200
G1 Z15
G1 E.8 F1800
M204 S1500
;TYPE:Inner wall
;WIDTH:0.449999
G1 F1473.915
G1 X63.663 Y49.56 E.0202
G1 X64.379 Y49.623 E.02432
G1 X64.379 Y52.318 E.09121
G1 X63.437 Y52.247 E.03197
G1 X62.645 Y52.136 E.02708
G1 X62.114 Y52.032 E.0183
G1 X63.06 Y49.503 E.09139
M204 S500
G1 X62.797 Y48.983 F7200
;TYPE:Outer wall
G1 F1473.915
G1 X63.704 Y49.133 E.03112
G1 X64.807 Y49.208 E.03745
G1 X64.807 Y52.758 E.12018
G1 X64.194 Y52.74 E.02078
G1 X63.228 Y52.65 E.03285
G1 X62.551 Y52.554 E.02313
G1 X61.546 Y52.328 E.03487
G1 X62.783 Y49.021 E.11952
M204 S10000
G1 E-.8 F1800
G1 X62.664 Y51.725 Z15.4 F7200
G1 Z15
G1 E.8 F1800
M204 S500
;TYPE:Internal solid infill
G1 F1473.915
G1 X63.344 Y51.823 E.02325
G1 X63.972 Y51.883 E.02136
G1 X63.972 Y49.993 E.06397
G1 X63.34 Y49.916 E.02155
G1 X62.678 Y51.687 E.06399
M204 S10000
G1 X63.257 Y51.215 F7200
M204 S500
;WIDTH:0.390935
G1 F1724.064
G1 X63.181 Y51.419 E.00628
G1 X63.594 Y51.473 E.01205
G1 X63.591 Y50.33 E.03306
G1 X63.271 Y51.178 E.02623
M204 S10000
G1 E-.8 F1800
G1 X58.303 Y47.489 Z15.4 F7200
G1 Z15
G1 E.8 F1800
M204 S1500
;TYPE:Inner wall
;WIDTH:0.449999
G1 F1473.915
G1 X57.166 Y49.983 E.09276
G1 X56.708 Y49.674 E.0187
G1 X56.061 Y49.184 E.02747
G1 X55.363 Y48.583 E.03117
G1 X57.272 Y46.675 E.09136
G1 X57.869 Y47.18 E.02649
G1 X58.27 Y47.466 E.01667
M204 S500
G1 X58.84 Y47.343 F7200
;TYPE:Outer wall
G1 F1473.915
G1 X57.359 Y50.594 E.12091
G1 X57.09 Y50.448 E.01036
G1 X56.469 Y50.03 E.02533
G1 X55.811 Y49.534 E.02787
G1 X55.183 Y49.003 E.02786
G1 X54.748 Y48.592 E.02024
G1 X57.259 Y46.081 E.12019
G1 X57.505 Y46.31 E.01137
G1 X58.159 Y46.863 E.02898
G1 X58.807 Y47.32 E.02687
M204 S10000
G1 E-.8 F1800
G1 X56.999 Y49.368 Z15.4 F7200
G1 Z15
G1 E.8 F1800
M204 S500
;TYPE:Internal solid infill
G1 F1473.915
G1 X57.794 Y47.624 E.06485
G1 X57.295 Y47.227 E.02159
G1 X55.958 Y48.564 E.06397
G1 X56.344 Y48.889 E.01709
G1 X56.967 Y49.344 E.0261
M204 S10000
G1 X56.848 Y48.79 F7200
M204 S500
;WIDTH:0.390601
G1 F1725.72
G1 X57.323 Y47.746 E.03315
G1 X56.515 Y48.54 E.03276
G1 X56.816 Y48.766 E.01086
M204 S10000
G1 E-.8 F1800
G1 X58.629 Y56.18 Z15.4 F7200
G1 X58.649 Y56.264 Z15.4
G1 Z15
G1 E.8 F1800
M204 S1500
;TYPE:Inner wall
;WIDTH:0.449999
G1 F1473.915
G1 X56.628 Y55.432 E.074
G1 X61.466 Y43.735 E.42848
G1 X63.487 Y44.568 E.074
M73 P55 R9
G1 X58.665 Y56.227 E.42708
M204 S500
G1 X58.882 Y56.823 F7200
M73 P55 R8
;TYPE:Outer wall
G1 F1473.915
G1 X56.068 Y55.665 E.10301
G1 X61.234 Y43.176 E.4575
G1 X64.047 Y44.335 E.10301
G1 X58.897 Y56.786 E.45608
M204 S10000
G1 X57.759 Y55.523 F7200
M204 S500
;TYPE:Sparse infill
;WIDTH:0.45
G1 F1473.913
G1 X58.462 Y55.812 E.02573
G1 X58.794 Y55.01 E.02939
G1 X57.65 Y53.866 E.05475
G1 X58.559 Y51.667 E.08055
G1 X59.703 Y52.811 E.05475
G1 X60.326 Y51.306 E.05512
M204 S10000
G1 E-.8 F1800
G1 X60.091 Y47.963 Z15.4 F7200
G1 Z15
G1 E.8 F1800
M204 S500
G1 F1473.913
G1 X59.469 Y49.468 E.05512
G1 X60.613 Y50.612 E.05475
G1 X61.522 Y48.413 E.08055
G1 X60.379 Y47.269 E.05475
G1 X61.288 Y45.07 E.08055
G1 X62.432 Y46.214 E.05475
G1 X63.035 Y44.755 E.05341
G1 X62.988 Y44.736 E.00171
; stop printing object fidget-finger-massager-2000-roller_plain.stl id:4713352688601451214 copy 0
;LAYER_CHANGE
;Z:15.2
;HEIGHT:0.2
G92 E0
;_SET_FAN_SPEED_CHANGING_LAYER
; printing object fidget-finger-massager-2000-roller_plain.stl id:4713352688601451214 copy 0
M204 S10000
G1 E-.8 F1800
G1 X63.074 Y49.466 Z15.6 F7200
G1 Z15.2
G1 E.8 F1800
M204 S1500
;TYPE:Inner wall
;WIDTH:0.449999
G1 F1473.915
G1 X63.663 Y49.56 E.02021
G1 X64.379 Y49.623 E.02432
G1 X64.379 Y52.318 E.09122
G1 X63.436 Y52.247 E.03199
G1 X62.644 Y52.136 E.02709
G1 X62.114 Y52.032 E.01826
G1 X63.06 Y49.503 E.09139
M204 S500
G1 X62.797 Y48.983 F7200
;TYPE:Outer wall
G1 F1473.915
G1 X63.704 Y49.133 E.03113
G1 X64.807 Y49.208 E.03744
G1 X64.807 Y52.758 E.12019
G1 X64.193 Y52.74 E.02079
G1 X63.227 Y52.65 E.03284
G1 X62.55 Y52.554 E.02316
G1 X61.546 Y52.328 E.03483
G1 X62.782 Y49.021 E.11952
M204 S10000
G1 E-.8 F1800
G1 X62.664 Y51.725 Z15.6 F7200
G1 Z15.2
G1 E.8 F1800
M204 S500
;TYPE:Internal solid infill
G1 F1473.915
G1 X63.344 Y51.823 E.02325
G1 X63.972 Y51.883 E.02136
G1 X63.972 Y49.993 E.06397
G1 X63.34 Y49.916 E.02155
G1 X62.678 Y51.687 E.06399
M204 S10000
G1 X63.257 Y51.215 F7200
M204 S500
;WIDTH:0.390936
G1 F1724.059
G1 X63.181 Y51.419 E.00628
G1 X63.594 Y51.473 E.01205
G1 X63.591 Y50.33 E.03306
G1 X63.271 Y51.178 E.02622
M204 S10000
G1 E-.8 F1800
G1 X58.303 Y47.489 Z15.6 F7200
G1 Z15.2
G1 E.8 F1800
M204 S1500
;TYPE:Inner wall
;WIDTH:0.449999
G1 F1473.915
G1 X57.166 Y49.983 E.09276
G1 X56.709 Y49.674 E.01867
G1 X56.062 Y49.184 E.02749
G1 X55.363 Y48.583 E.03119
G1 X57.271 Y46.675 E.09135
G1 X57.872 Y47.183 E.02663
G1 X58.27 Y47.466 E.01653
M204 S500
G1 X58.84 Y47.343 F7200
;TYPE:Outer wall
G1 F1473.915
G1 X57.359 Y50.594 E.12091
G1 X57.09 Y50.448 E.01036
G1 X56.47 Y50.03 E.0253
G1 X55.812 Y49.534 E.02788
G1 X55.183 Y49.003 E.02787
G1 X54.748 Y48.592 E.02025
G1 X57.259 Y46.081 E.12019
G1 X57.512 Y46.318 E.01173
G1 X58.161 Y46.865 E.02874
G1 X58.807 Y47.32 E.02674
M204 S10000
G1 E-.8 F1800
G1 X56.999 Y49.368 Z15.6 F7200
G1 Z15.2
G1 E.8 F1800
M204 S500
;TYPE:Internal solid infill
G1 F1473.915
G1 X57.794 Y47.624 E.06485
G1 X57.294 Y47.227 E.02159
G1 X55.958 Y48.564 E.06397
G1 X56.345 Y48.889 E.01712
G1 X56.967 Y49.344 E.02608
M204 S10000
G1 X56.848 Y48.79 F7200
M204 S500
;WIDTH:0.390606
G1 F1725.695
G1 X57.323 Y47.746 E.03316
G1 X56.515 Y48.54 E.03277
G1 X56.816 Y48.766 E.01086
M204 S10000
G1 E-.8 F1800
G1 X58.694 Y56.157 Z15.6 F7200
G1 Z15.2
G1 E.8 F1800
M204 S1500
;TYPE:Inner wall
;WIDTH:0.449999
G1 F1473.915
G1 X56.672 Y55.326 E.074
G1 X61.424 Y43.837 E.42083
G1 X63.443 Y44.673 E.074
G1 X58.709 Y56.12 E.41929
M204 S500
G1 X58.926 Y56.716 F7200
;TYPE:Outer wall
G1 F1473.915
G1 X56.112 Y55.559 E.10301
G1 X61.192 Y43.277 E.44988
G1 X64.003 Y44.441 E.10301
G1 X58.941 Y56.679 E.44827
M204 S10000
G1 E-.8 F1800
G1 X57.358 Y55.234 Z15.6 F7200
G1 Z15.2
G1 E.8 F1800
M204 S500
;TYPE:Sparse infill
;WIDTH:0.45
G1 F1473.913
G1 X57.124 Y55.137 E.00856
G1 X57.65 Y53.866 E.04656
G1 X58.794 Y55.01 E.05475
G1 X59.703 Y52.811 E.08056
G1 X58.559 Y51.667 E.05475
G1 X59.469 Y49.468 E.08056
G1 X60.613 Y50.612 E.05475
G1 X61.522 Y48.413 E.08056
G1 X60.379 Y47.269 E.05475
G1 X61.288 Y45.07 E.08056
G1 X62.432 Y46.213 E.05475
G1 X62.992 Y44.861 E.04955
G1 X62.84 Y44.798 E.00557
; stop printing object fidget-finger-massager-2000-roller_plain.stl id:4713352688601451214 copy 0
;LAYER_CHANGE
;Z:15.4
;HEIGHT:0.2
G92 E0
;_SET_FAN_SPEED_CHANGING_LAYER
; printing object fidget-finger-massager-2000-roller_plain.stl id:4713352688601451214 copy 0
M204 S10000
G1 E-.8 F1800
G1 X63.074 Y49.466 Z15.8 F7200
G1 Z15.4
M73 P56 R8
G1 E.8 F1800
M204 S1500
;TYPE:Inner wall
;WIDTH:0.449999
G1 F1473.915
G1 X63.663 Y49.56 E.02021
G1 X64.379 Y49.623 E.02431
G1 X64.379 Y52.318 E.09122
G1 X63.436 Y52.247 E.03201
G1 X62.643 Y52.135 E.0271
G1 X62.114 Y52.032 E.01823
G1 X63.06 Y49.503 E.09138
M204 S500
G1 X62.796 Y48.983 F7200
;TYPE:Outer wall
G1 F1473.915
G1 X63.704 Y49.133 E.03114
G1 X64.807 Y49.208 E.03743
G1 X64.807 Y52.758 E.12019
G1 X64.193 Y52.74 E.0208
G1 X63.227 Y52.65 E.03283
G1 X62.549 Y52.554 E.02319
G1 X61.546 Y52.328 E.0348
G1 X62.782 Y49.021 E.11952
M204 S10000
G1 E-.8 F1800
G1 X62.664 Y51.725 Z15.8 F7200
G1 Z15.4
G1 E.8 F1800
M204 S500
;TYPE:Internal solid infill
G1 F1473.915
G1 X63.343 Y51.823 E.02325
G1 X63.972 Y51.883 E.02136
G1 X63.972 Y49.993 E.06397
G1 X63.34 Y49.917 E.02155
G1 X62.678 Y51.687 E.06399
M204 S10000
G1 X63.257 Y51.215 F7200
M204 S500
;WIDTH:0.390938
G1 F1724.049
G1 X63.181 Y51.419 E.00628
G1 X63.594 Y51.473 E.01205
G1 X63.591 Y50.33 E.03305
G1 X63.271 Y51.178 E.02622
M204 S10000
G1 E-.8 F1800
G1 X58.303 Y47.489 Z15.8 F7200
G1 Z15.4
G1 E.8 F1800
M204 S1500
;TYPE:Inner wall
;WIDTH:0.449999
G1 F1473.915
G1 X57.166 Y49.983 E.09276
G1 X56.71 Y49.675 E.01863
G1 X56.062 Y49.185 E.0275
G1 X55.363 Y48.583 E.03121
G1 X57.271 Y46.675 E.09133
G1 X57.875 Y47.185 E.02677
G1 X58.27 Y47.466 E.01639
M204 S500
G1 X58.84 Y47.343 F7200
;TYPE:Outer wall
G1 F1473.915
G1 X57.359 Y50.594 E.12091
G1 X57.09 Y50.448 E.01036
G1 X56.471 Y50.031 E.02526
G1 X55.813 Y49.535 E.02789
G1 X55.183 Y49.003 E.02789
G1 X54.748 Y48.592 E.02026
G1 X57.259 Y46.081 E.12019
G1 X57.52 Y46.325 E.0121
G1 X58.164 Y46.867 E.0285
G1 X58.807 Y47.32 E.02662
M204 S10000
G1 E-.8 F1800
G1 X56.999 Y49.368 Z15.8 F7200
G1 Z15.4
G1 E.8 F1800
M204 S500
;TYPE:Internal solid infill
G1 F1473.915
G1 X57.794 Y47.624 E.06485
G1 X57.294 Y47.228 E.02159
G1 X55.958 Y48.564 E.06396
G1 X56.345 Y48.89 E.01714
G1 X56.967 Y49.344 E.02605
M204 S10000
G1 X56.848 Y48.79 F7200
M204 S500
;WIDTH:0.390611
G1 F1725.67
G1 X57.323 Y47.746 E.03316
G1 X56.515 Y48.54 E.03277
G1 X56.816 Y48.766 E.01086
M204 S10000
G1 E-.8 F1800
G1 X58.738 Y56.05 Z15.8 F7200
G1 Z15.4
G1 E.8 F1800
M204 S1500
;TYPE:Inner wall
;WIDTH:0.449999
G1 F1473.915
G1 X56.716 Y55.219 E.074
G1 X61.38 Y43.943 E.41301
G1 X63.399 Y44.78 E.074
G1 X58.753 Y56.013 E.41148
M204 S500
G1 X58.97 Y56.609 F7200
;TYPE:Outer wall
G1 F1473.915
G1 X56.156 Y55.452 E.10301
G1 X61.147 Y43.383 E.44206
G1 X63.959 Y44.548 E.10301
G1 X58.986 Y56.572 E.44045
M204 S10000
G1 E-.8 F1800
G1 X57.509 Y55.171 Z15.8 F7200
G1 Z15.4
G1 E.8 F1800
M204 S500
;TYPE:Sparse infill
;WIDTH:0.45
G1 F1473.913
G1 X57.168 Y55.031 E.01247
G1 X57.65 Y53.866 E.04265
G1 X58.794 Y55.01 E.05475
G1 X59.703 Y52.811 E.08056
G1 X58.559 Y51.667 E.05475
G1 X59.182 Y50.163 E.05512
M204 S10000
G1 E-.8 F1800
G1 X61.235 Y49.107 Z15.8 F7200
G1 Z15.4
G1 E.8 F1800
M204 S500
G1 F1473.913
G1 X60.613 Y50.612 E.05512
G1 X59.469 Y49.468 E.05475
G1 X60.379 Y47.269 E.08056
G1 X61.522 Y48.413 E.05475
G1 X62.432 Y46.213 E.08056
G1 X61.288 Y45.07 E.05475
G1 X61.567 Y44.396 E.02469
G1 X62.397 Y44.74 E.03043
; stop printing object fidget-finger-massager-2000-roller_plain.stl id:4713352688601451214 copy 0
M106 S250
;LAYER_CHANGE
;Z:15.6
;HEIGHT:0.200001
G92 E0
;_SET_FAN_SPEED_CHANGING_LAYER
; printing object fidget-finger-massager-2000-roller_plain.stl id:4713352688601451214 copy 0
M204 S10000
G1 E-.8 F1800
G1 X63.074 Y49.466 Z16 F7200
G1 Z15.6
G1 E.8 F1800
M204 S1500
;TYPE:Inner wall
;WIDTH:0.449999
G1 F1473.915
G1 X63.664 Y49.56 E.02022
G1 X64.379 Y49.623 E.0243
G1 X64.379 Y52.318 E.09122
G1 X63.435 Y52.247 E.03204
G1 X62.642 Y52.135 E.02712
G1 X62.114 Y52.032 E.01819
G1 X63.06 Y49.504 E.09138
M204 S500
G1 X62.796 Y48.983 F7200
;TYPE:Outer wall
G1 F1473.915
G1 X63.704 Y49.133 E.03114
G1 X64.807 Y49.208 E.03742
G1 X64.807 Y52.758 E.12019
G1 X64.193 Y52.74 E.02081
G1 X63.227 Y52.65 E.03282
G1 X62.548 Y52.554 E.02323
G1 X61.546 Y52.328 E.03476
G1 X62.782 Y49.021 E.11952
M204 S10000
G1 E-.8 F1800
G1 X62.664 Y51.725 Z16 F7200
G1 Z15.6
G1 E.8 F1800
M204 S500
;TYPE:Internal solid infill
G1 F1473.915
G1 X63.343 Y51.823 E.02325
G1 X63.972 Y51.883 E.02136
G1 X63.972 Y49.993 E.06397
G1 X63.34 Y49.917 E.02155
G1 X62.678 Y51.687 E.06399
M204 S10000
G1 X63.257 Y51.215 F7200
M204 S500
;WIDTH:0.390939
G1 F1724.044
G1 X63.181 Y51.419 E.00627
G1 X63.594 Y51.473 E.01205
G1 X63.591 Y50.33 E.03305
G1 X63.271 Y51.178 E.02622
M204 S10000
G1 E-.8 F1800
G1 X58.782 Y55.944 Z16 F7200
G1 Z15.6
G1 E.8 F1800
M204 S1500
;TYPE:Inner wall
;WIDTH:0.449999
G1 F1473.915
G1 X56.76 Y55.112 E.074
G1 X61.335 Y44.05 E.4052
G1 X63.355 Y44.887 E.074
G1 X58.797 Y55.907 E.40366
M204 S500
G1 X59.015 Y56.503 F7200
M73 P57 R8
;TYPE:Outer wall
G1 F1473.915
G1 X56.2 Y55.345 E.10301
G1 X61.103 Y43.49 E.43424
G1 X63.915 Y44.655 E.10301
G1 X59.03 Y56.466 E.43263
M204 S10000
G1 E-.8 F1800
G1 X57.571 Y55.071 Z16 F7200
G1 Z15.6
G1 E.8 F1800
M204 S500
;TYPE:Sparse infill
;WIDTH:0.45
G1 F1473.913
G1 X58.594 Y55.492 E.03745
G1 X58.794 Y55.01 E.01766
G1 X57.65 Y53.866 E.05475
G1 X58.559 Y51.667 E.08056
G1 X59.703 Y52.811 E.05475
G1 X60.613 Y50.612 E.08056
G1 X59.469 Y49.468 E.05475
G1 X60.379 Y47.269 E.08056
G1 X61.522 Y48.413 E.05475
G1 X62.432 Y46.213 E.08056
G1 X61.288 Y45.07 E.05475
G1 X61.523 Y44.502 E.02078
G1 X62.46 Y44.891 E.03434
M204 S10000
G1 E-.8 F1800
G1 X58.303 Y47.489 Z16 F7200
G1 Z15.6
G1 E.8 F1800
M204 S1500
;TYPE:Inner wall
;WIDTH:0.449999
G1 F1473.915
G1 X57.166 Y49.983 E.09276
G1 X56.711 Y49.675 E.0186
G1 X56.062 Y49.185 E.02751
G1 X55.363 Y48.583 E.03123
G1 X57.271 Y46.676 E.09131
G1 X57.878 Y47.188 E.02691
G1 X58.27 Y47.466 E.01626
M204 S500
G1 X58.84 Y47.343 F7200
;TYPE:Outer wall
G1 F1473.915
G1 X57.359 Y50.594 E.12091
G1 X57.09 Y50.448 E.01036
G1 X56.471 Y50.032 E.02523
G1 X55.813 Y49.535 E.02791
G1 X55.184 Y49.003 E.0279
G1 X54.748 Y48.592 E.02028
G1 X57.259 Y46.081 E.12019
G1 X57.528 Y46.332 E.01246
G1 X58.167 Y46.87 E.02825
G1 X58.807 Y47.32 E.0265
M204 S10000
G1 E-.8 F1800
G1 X56.999 Y49.368 Z16 F7200
G1 Z15.6
G1 E.8 F1800
M204 S500
;TYPE:Internal solid infill
G1 F1473.915
G1 X57.794 Y47.624 E.06485
G1 X57.294 Y47.228 E.02159
G1 X55.958 Y48.564 E.06395
G1 X56.346 Y48.89 E.01716
G1 X56.967 Y49.344 E.02603
M204 S10000
G1 X56.848 Y48.79 F7200
M204 S500
;WIDTH:0.390614
G1 F1725.655
G1 X57.323 Y47.746 E.03316
G1 X56.515 Y48.54 E.03277
G1 X56.816 Y48.766 E.01086
; stop printing object fidget-finger-massager-2000-roller_plain.stl id:4713352688601451214 copy 0
;LAYER_CHANGE
;Z:15.8
;HEIGHT:0.2
G92 E0
;_SET_FAN_SPEED_CHANGING_LAYER
; printing object fidget-finger-massager-2000-roller_plain.stl id:4713352688601451214 copy 0
M204 S10000
G1 E-.8 F1800
G1 X63.074 Y49.466 Z16.2 F7200
G1 Z15.8
G1 E.8 F1800
M204 S1500
;TYPE:Inner wall
;WIDTH:0.449999
G1 F1473.915
G1 X63.664 Y49.56 E.02023
G1 X64.379 Y49.623 E.0243
G1 X64.379 Y52.318 E.09122
G1 X63.434 Y52.246 E.03206
G1 X62.641 Y52.135 E.02713
G1 X62.114 Y52.032 E.01816
G1 X63.06 Y49.504 E.09138
M204 S500
G1 X62.796 Y48.983 F7200
;TYPE:Outer wall
G1 F1473.915
G1 X63.705 Y49.133 E.03115
G1 X64.807 Y49.208 E.03741
G1 X64.807 Y52.758 E.12019
G1 X64.192 Y52.74 E.02082
G1 X63.227 Y52.65 E.03281
G1 X62.547 Y52.553 E.02326
G1 X61.546 Y52.328 E.03473
G1 X62.782 Y49.021 E.11952
M204 S10000
G1 E-.8 F1800
G1 X62.664 Y51.725 Z16.2 F7200
G1 Z15.8
G1 E.8 F1800
M204 S500
;TYPE:Internal solid infill
G1 F1473.915
G1 X63.343 Y51.823 E.02325
G1 X63.972 Y51.883 E.02136
G1 X63.972 Y49.993 E.06396
G1 X63.34 Y49.917 E.02155
G1 X62.678 Y51.687 E.06398
M204 S10000
G1 X63.257 Y51.216 F7200
M204 S500
;WIDTH:0.390941
G1 F1724.034
G1 X63.181 Y51.419 E.00627
G1 X63.594 Y51.473 E.01205
G1 X63.591 Y50.331 E.03305
G1 X63.271 Y51.178 E.02622
M204 S10000
G1 E-.8 F1800
G1 X58.826 Y55.837 Z16.2 F7200
G1 Z15.8
G1 E.8 F1800
M204 S1500
;TYPE:Inner wall
;WIDTH:0.449999
G1 F1473.915
G1 X56.804 Y55.006 E.074
G1 X61.289 Y44.161 E.39721
G1 X63.311 Y44.994 E.074
G1 X58.841 Y55.8 E.39581
M204 S500
G1 X59.059 Y56.396 F7200
;TYPE:Outer wall
G1 F1473.915
G1 X56.244 Y55.239 E.10301
G1 X61.057 Y43.602 E.42623
G1 X63.871 Y44.761 E.10301
G1 X59.074 Y56.359 E.42481
M204 S10000
G1 E-.8 F1800
G1 X57.63 Y54.971 Z16.2 F7200
G1 Z15.8
G1 E.8 F1800
M204 S500
;TYPE:Sparse infill
;WIDTH:0.45
G1 F1473.913
G1 X58.638 Y55.386 E.0369
G1 X58.844 Y54.888 E.01822
G1 X57.669 Y54.223 E.0457
G1 X57.551 Y54.105 E.00565
G1 X58.576 Y51.628 E.09074
G1 X59.224 Y51.995 E.02521
G1 X59.561 Y52.332 E.01613
G1 X59.758 Y52.679 E.01353
G1 X60.514 Y50.85 E.067
G1 X60.441 Y50.777 E.00349
G1 X59.566 Y49.233 E.06008
G1 X60.31 Y47.436 E.06582
G1 X60.441 Y47.668 E.00905
G1 X60.778 Y48.005 E.01613
G1 X61.518 Y48.424 E.02876
G1 X62.531 Y45.975 E.08971
G1 X62.333 Y45.777 E.00947
G1 X61.249 Y45.163 E.04214
G1 X61.477 Y44.613 E.02016
G1 X62.432 Y45.006 E.03495
M204 S10000
G1 E-.8 F1800
G1 X58.302 Y47.489 Z16.2 F7200
G1 Z15.8
G1 E.8 F1800
M204 S1500
;TYPE:Inner wall
;WIDTH:0.449999
G1 F1473.915
G1 X57.166 Y49.983 E.09275
G1 X56.712 Y49.676 E.01856
G1 X56.063 Y49.185 E.02753
G1 X55.363 Y48.583 E.03126
G1 X57.27 Y46.676 E.09129
G1 X57.882 Y47.19 E.02705
G1 X58.27 Y47.466 E.01612
M204 S500
G1 X58.84 Y47.343 F7200
;TYPE:Outer wall
G1 F1473.915
G1 X57.359 Y50.594 E.12091
G1 X57.09 Y50.448 E.01036
M73 P58 R8
G1 X56.472 Y50.032 E.02519
G1 X55.814 Y49.536 E.02792
G1 X55.184 Y49.004 E.02791
G1 X54.748 Y48.592 E.02029
G1 X57.259 Y46.081 E.12019
G1 X57.536 Y46.34 E.01283
G1 X58.17 Y46.872 E.02801
G1 X58.807 Y47.32 E.02638
M204 S10000
G1 E-.8 F1800
G1 X56.999 Y49.368 Z16.2 F7200
G1 Z15.8
G1 E.8 F1800
M204 S500
;TYPE:Internal solid infill
G1 F1473.915
G1 X57.794 Y47.624 E.06485
G1 X57.294 Y47.228 E.02159
G1 X55.958 Y48.564 E.06394
G1 X56.346 Y48.891 E.01718
G1 X56.967 Y49.344 E.02601
M204 S10000
G1 X56.848 Y48.79 F7200
M204 S500
;WIDTH:0.390618
G1 F1725.635
G1 X57.324 Y47.746 E.03317
G1 X56.515 Y48.54 E.03277
G1 X56.816 Y48.766 E.01086
; stop printing object fidget-finger-massager-2000-roller_plain.stl id:4713352688601451214 copy 0
;LAYER_CHANGE
;Z:16
;HEIGHT:0.2
G92 E0
;_SET_FAN_SPEED_CHANGING_LAYER
; printing object fidget-finger-massager-2000-roller_plain.stl id:4713352688601451214 copy 0
M204 S10000
G1 E-.8 F1800
G1 X63.074 Y49.466 Z16.4 F7200
G1 Z16
G1 E.8 F1800
M204 S1500
;TYPE:Inner wall
;WIDTH:0.449999
G1 F1473.915
G1 X63.664 Y49.559 E.02023
G1 X64.379 Y49.623 E.02429
G1 X64.379 Y52.318 E.09122
G1 X63.434 Y52.246 E.03208
G1 X62.64 Y52.135 E.02714
G1 X62.114 Y52.032 E.01813
G1 X63.059 Y49.504 E.09137
M204 S500
G1 X62.796 Y48.984 F7200
;TYPE:Outer wall
G1 F1473.915
G1 X63.705 Y49.133 E.03116
G1 X64.807 Y49.207 E.0374
G1 X64.807 Y52.758 E.12019
G1 X64.192 Y52.74 E.02084
G1 X63.227 Y52.65 E.0328
G1 X62.546 Y52.553 E.02329
G1 X61.546 Y52.328 E.0347
G1 X62.782 Y49.021 E.11952
M204 S10000
G1 E-.8 F1800
G1 X62.664 Y51.725 Z16.4 F7200
G1 Z16
G1 E.8 F1800
M204 S500
;TYPE:Internal solid infill
G1 F1473.915
G1 X63.343 Y51.823 E.02324
G1 X63.972 Y51.883 E.02137
G1 X63.972 Y49.993 E.06396
G1 X63.34 Y49.917 E.02155
G1 X62.678 Y51.687 E.06398
M204 S10000
G1 X63.257 Y51.216 F7200
M204 S500
;WIDTH:0.390943
G1 F1724.024
G1 X63.181 Y51.419 E.00627
G1 X63.594 Y51.472 E.01205
G1 X63.591 Y50.331 E.03304
G1 X63.271 Y51.178 E.02621
M204 S10000
G1 E-.8 F1800
G1 X58.87 Y55.73 Z16.4 F7200
G1 Z16
G1 E.8 F1800
M204 S1500
;TYPE:Inner wall
;WIDTH:0.449999
G1 F1473.915
G1 X56.849 Y54.899 E.074
G1 X61.245 Y44.268 E.38941
G1 X63.266 Y45.101 E.074
G1 X58.886 Y55.693 E.388
M204 S500
G1 X59.103 Y56.289 F7200
;TYPE:Outer wall
G1 F1473.915
G1 X56.288 Y55.132 E.10301
G1 X61.013 Y43.708 E.41843
G1 X63.826 Y44.868 E.10301
G1 X59.118 Y56.252 E.417
M204 S10000
G1 E-.8 F1800
G1 X59.538 Y53.211 Z16.4 F7200
G1 Z16
G1 E.8 F1800
M204 S500
;TYPE:Sparse infill
;WIDTH:0.45
G1 F1473.913
G1 X58.916 Y54.715 E.05512
G1 X57.669 Y54.576 E.04244
G1 X57.448 Y54.355 E.0106
G1 X58.599 Y51.571 E.10196
G1 X59.224 Y51.641 E.02128
G1 X59.905 Y52.323 E.03262
G1 X60.411 Y51.1 E.04477
G1 X60.088 Y50.777 E.01547
G1 X59.914 Y49.223 E.05294
G1 X59.671 Y48.98 E.01164
G1 X60.177 Y47.757 E.04477
G1 X60.778 Y48.359 E.0288
G1 X61.511 Y48.441 E.02495
G1 X62.634 Y45.725 E.09948
G1 X62.333 Y45.424 E.01442
G1 X61.194 Y45.297 E.03877
G1 X60.572 Y46.801 E.05512
M204 S10000
G1 E-.8 F1800
G1 X58.302 Y47.489 Z16.4 F7200
G1 Z16
G1 E.8 F1800
M204 S1500
;TYPE:Inner wall
;WIDTH:0.449999
G1 F1473.915
G1 X57.166 Y49.983 E.09275
G1 X56.712 Y49.677 E.01853
G1 X56.064 Y49.186 E.02754
G1 X55.363 Y48.583 E.03128
G1 X57.27 Y46.676 E.09127
G1 X57.885 Y47.193 E.02719
G1 X58.27 Y47.466 E.01598
M204 S500
G1 X58.84 Y47.343 F7200
;TYPE:Outer wall
G1 F1473.915
G1 X57.359 Y50.594 E.12091
G1 X57.09 Y50.448 E.01036
G1 X56.473 Y50.033 E.02516
G1 X55.814 Y49.536 E.02793
G1 X55.184 Y49.004 E.02792
G1 X54.748 Y48.592 E.0203
G1 X57.259 Y46.081 E.12019
G1 X57.544 Y46.347 E.0132
G1 X58.173 Y46.874 E.02776
G1 X58.807 Y47.32 E.02626
M204 S10000
G1 E-.8 F1800
G1 X56.999 Y49.368 Z16.4 F7200
G1 Z16
G1 E.8 F1800
M204 S500
;TYPE:Internal solid infill
G1 F1473.915
G1 X57.793 Y47.624 E.06485
G1 X57.294 Y47.228 E.02159
G1 X55.958 Y48.564 E.06394
G1 X56.347 Y48.891 E.01721
G1 X56.967 Y49.344 E.02599
M204 S10000
G1 X56.848 Y48.79 F7200
M204 S500
;WIDTH:0.390621
G1 F1725.621
G1 X57.324 Y47.746 E.03317
G1 X56.515 Y48.54 E.03277
G1 X56.816 Y48.766 E.01086
; stop printing object fidget-finger-massager-2000-roller_plain.stl id:4713352688601451214 copy 0
;LAYER_CHANGE
;Z:16.2
;HEIGHT:0.200001
G92 E0
;_SET_FAN_SPEED_CHANGING_LAYER
; printing object fidget-finger-massager-2000-roller_plain.stl id:4713352688601451214 copy 0
M204 S10000
G1 E-.8 F1800
G1 X63.073 Y49.466 Z16.6 F7200
G1 Z16.2
G1 E.8 F1800
M204 S1500
;TYPE:Inner wall
;WIDTH:0.449999
G1 F1473.915
G1 X63.664 Y49.559 E.02024
G1 X64.379 Y49.623 E.02428
G1 X64.379 Y52.318 E.09122
G1 X63.433 Y52.246 E.0321
G1 X62.639 Y52.135 E.02715
G1 X62.114 Y52.032 E.01809
G1 X63.059 Y49.504 E.09137
M204 S500
G1 X62.796 Y48.984 F7200
;TYPE:Outer wall
G1 F1473.915
G1 X63.705 Y49.133 E.03117
G1 X64.807 Y49.207 E.03739
G1 X64.807 Y52.758 E.12019
G1 X64.192 Y52.74 E.02085
G1 X63.227 Y52.65 E.03279
G1 X62.545 Y52.553 E.02332
G1 X61.546 Y52.328 E.03466
G1 X62.782 Y49.021 E.11952
M204 S10000
G1 E-.8 F1800
G1 X62.664 Y51.725 Z16.6 F7200
G1 Z16.2
G1 E.8 F1800
M204 S500
;TYPE:Internal solid infill
G1 F1473.915
G1 X63.343 Y51.823 E.02324
G1 X63.972 Y51.883 E.02137
G1 X63.972 Y49.994 E.06396
G1 X63.34 Y49.917 E.02155
G1 X62.678 Y51.687 E.06398
M204 S10000
G1 X63.257 Y51.216 F7200
M204 S500
;WIDTH:0.390944
G1 F1724.019
G1 X63.181 Y51.419 E.00627
G1 X63.594 Y51.472 E.01205
G1 X63.591 Y50.331 E.03304
G1 X63.271 Y51.178 E.02621
M204 S10000
G1 E-.8 F1800
G1 X58.915 Y55.624 Z16.6 F7200
G1 Z16.2
G1 E.8 F1800
M204 S1500
;TYPE:Inner wall
;WIDTH:0.449999
G1 F1473.915
G1 X56.893 Y54.792 E.074
G1 X61.203 Y44.37 E.38175
G1 X63.223 Y45.207 E.074
M73 P59 R8
G1 X58.93 Y55.587 E.38021
M204 S500
G1 X59.147 Y56.183 F7200
;TYPE:Outer wall
G1 F1473.915
G1 X56.333 Y55.025 E.10301
G1 X60.971 Y43.81 E.41079
G1 X63.782 Y44.975 E.10301
G1 X59.162 Y56.146 E.40918
M204 S10000
G1 E-.8 F1800
G1 X59.548 Y53.186 Z16.6 F7200
G1 Z16.2
G1 E.8 F1800
M204 S500
;TYPE:Sparse infill
;WIDTH:0.45
G1 F1473.913
G1 X58.926 Y54.69 E.05512
G1 X57.669 Y54.619 E.04261
G1 X57.586 Y54.703 E.00401
G1 X57.345 Y54.604 E.00881
G1 X58.603 Y51.563 E.11138
G1 X59.224 Y51.598 E.02106
G1 X60.045 Y50.777 E.03931
G1 X59.957 Y49.223 E.0527
G1 X60.778 Y48.402 E.03931
G1 X61.51 Y48.443 E.0248
G1 X62.771 Y45.394 E.11168
G1 X62.452 Y45.262 E.01169
G1 X62.333 Y45.381 E.00569
G1 X61.186 Y45.316 E.03887
G1 X60.564 Y46.821 E.05512
M204 S10000
G1 E-.8 F1800
G1 X58.302 Y47.489 Z16.6 F7200
G1 Z16.2
G1 E.8 F1800
M204 S1500
;TYPE:Inner wall
;WIDTH:0.449999
G1 F1473.915
G1 X57.166 Y49.983 E.09275
G1 X56.713 Y49.677 E.01849
G1 X56.064 Y49.186 E.02755
G1 X55.363 Y48.583 E.0313
G1 X57.277 Y46.683 E.09128
G1 X57.888 Y47.195 E.027
G1 X58.27 Y47.466 E.01584
M204 S500
G1 X58.84 Y47.343 F7200
;TYPE:Outer wall
G1 F1473.915
G1 X57.359 Y50.594 E.12091
G1 X57.09 Y50.448 E.01036
G1 X56.474 Y50.033 E.02512
G1 X55.815 Y49.537 E.02794
G1 X55.184 Y49.004 E.02793
G1 X54.748 Y48.592 E.02031
G1 X57.259 Y46.081 E.12019
G1 X57.552 Y46.355 E.01356
G1 X58.176 Y46.876 E.02752
G1 X58.807 Y47.32 E.02613
M204 S10000
G1 E-.8 F1800
G1 X56.999 Y49.368 Z16.6 F7200
G1 Z16.2
G1 E.8 F1800
M204 S500
;TYPE:Internal solid infill
G1 F1473.915
G1 X57.793 Y47.625 E.06485
G1 X57.294 Y47.228 E.02159
G1 X55.958 Y48.564 E.06393
G1 X56.348 Y48.891 E.01723
G1 X56.967 Y49.344 E.02596
M204 S10000
G1 X56.848 Y48.79 F7200
M204 S500
;WIDTH:0.390625
G1 F1725.601
G1 X57.324 Y47.746 E.03317
G1 X56.515 Y48.54 E.03278
G1 X56.816 Y48.766 E.01086
; stop printing object fidget-finger-massager-2000-roller_plain.stl id:4713352688601451214 copy 0
;LAYER_CHANGE
;Z:16.4
;HEIGHT:0.199999
G92 E0
;_SET_FAN_SPEED_CHANGING_LAYER
; printing object fidget-finger-massager-2000-roller_plain.stl id:4713352688601451214 copy 0
M204 S10000
G1 E-.8 F1800
G1 X63.073 Y49.466 Z16.8 F7200
G1 Z16.4
G1 E.8 F1800
M204 S1500
;TYPE:Inner wall
;WIDTH:0.449999
G1 F1473.915
G1 X63.664 Y49.559 E.02025
G1 X64.379 Y49.622 E.02428
G1 X64.379 Y52.318 E.09122
G1 X63.432 Y52.246 E.03213
G1 X62.638 Y52.135 E.02716
G1 X62.114 Y52.032 E.01806
G1 X63.059 Y49.504 E.09137
M204 S500
G1 X62.796 Y48.984 F7200
;TYPE:Outer wall
G1 F1473.915
G1 X63.705 Y49.133 E.03118
G1 X64.807 Y49.207 E.03738
G1 X64.807 Y52.758 E.12019
G1 X64.191 Y52.74 E.02086
G1 X63.227 Y52.65 E.03278
G1 X62.544 Y52.553 E.02335
G1 X61.546 Y52.328 E.03463
G1 X62.782 Y49.021 E.11952
M204 S10000
G1 E-.8 F1800
G1 X62.664 Y51.725 Z16.8 F7200
G1 Z16.4
G1 E.8 F1800
M204 S500
;TYPE:Internal solid infill
G1 F1473.915
G1 X63.343 Y51.823 E.02324
G1 X63.972 Y51.883 E.02137
G1 X63.972 Y49.994 E.06396
G1 X63.34 Y49.917 E.02155
G1 X62.678 Y51.687 E.06397
M204 S10000
G1 X63.257 Y51.216 F7200
M204 S500
;WIDTH:0.390946
G1 F1724.009
G1 X63.181 Y51.419 E.00627
G1 X63.594 Y51.472 E.01205
G1 X63.591 Y50.331 E.03304
G1 X63.271 Y51.178 E.02621
M204 S10000
G1 E-.8 F1800
G1 X58.959 Y55.517 Z16.8 F7200
G1 Z16.4
G1 E.8 F1800
M204 S1500
;TYPE:Inner wall
;WIDTH:0.449999
G1 F1473.915
G1 X56.937 Y54.685 E.074
G1 X61.159 Y44.477 E.37393
G1 X63.178 Y45.313 E.074
G1 X58.974 Y55.48 E.37239
M204 S500
G1 X59.191 Y56.076 F7200
;TYPE:Outer wall
G1 F1473.915
G1 X56.377 Y54.918 E.10301
G1 X60.926 Y43.917 E.40298
G1 X63.738 Y45.081 E.10301
G1 X59.207 Y56.039 E.40137
M204 S10000
G1 E-.8 F1800
G1 X59.656 Y52.924 Z16.8 F7200
G1 Z16.4
G1 E.8 F1800
M204 S500
;TYPE:Sparse infill
;WIDTH:0.45
G1 F1473.913
G1 X59.034 Y54.429 E.05512
G1 X58.114 Y54.796 E.03352
G1 X57.389 Y54.497 E.02654
G1 X58.638 Y51.478 E.11058
G1 X59.224 Y51.245 E.02136
G1 X59.692 Y50.777 E.02239
G1 X60.311 Y49.223 E.05663
G1 X60.778 Y48.755 E.02239
G1 X61.499 Y48.468 E.02628
G1 X62.726 Y45.501 E.10868
G1 X61.951 Y45.179 E.02842
G1 X61.103 Y45.517 E.03088
G1 X60.481 Y47.022 E.05512
M204 S10000
G1 E-.8 F1800
G1 X58.302 Y47.49 Z16.8 F7200
G1 Z16.4
G1 E.8 F1800
M204 S1500
;TYPE:Inner wall
;WIDTH:0.449999
G1 F1473.915
G1 X57.166 Y49.983 E.09274
G1 X56.714 Y49.678 E.01845
G1 X56.064 Y49.187 E.02757
G1 X55.363 Y48.583 E.03132
G1 X56.758 Y47.189 E.06676
G1 X57.285 Y46.691 E.02455
G1 X57.891 Y47.198 E.02676
G1 X58.27 Y47.466 E.0157
M204 S500
G1 X58.84 Y47.344 F7200
;TYPE:Outer wall
G1 F1473.915
G1 X57.359 Y50.594 E.12091
G1 X57.09 Y50.448 E.01036
M73 P60 R8
G1 X56.475 Y50.034 E.02508
G1 X55.815 Y49.537 E.02795
G1 X55.185 Y49.004 E.02794
G1 X54.748 Y48.592 E.02032
G1 X57.259 Y46.081 E.12019
G1 X57.56 Y46.362 E.01393
M73 P60 R7
G1 X58.178 Y46.879 E.02728
G1 X58.807 Y47.321 E.02601
M204 S10000
G1 E-.8 F1800
G1 X56.999 Y49.368 Z16.8 F7200
G1 Z16.4
G1 E.8 F1800
M204 S500
;TYPE:Internal solid infill
G1 F1473.915
G1 X57.793 Y47.625 E.06485
G1 X57.293 Y47.228 E.02159
G1 X55.958 Y48.564 E.06392
G1 X56.348 Y48.892 E.01725
G1 X56.967 Y49.344 E.02594
M204 S10000
G1 X56.848 Y48.79 F7200
M204 S500
;WIDTH:0.39063
G1 F1725.576
G1 X57.324 Y47.746 E.03318
G1 X56.515 Y48.54 E.03278
G1 X56.816 Y48.766 E.01086
; stop printing object fidget-finger-massager-2000-roller_plain.stl id:4713352688601451214 copy 0
;LAYER_CHANGE
;Z:16.6
;HEIGHT:0.200001
G92 E0
;_SET_FAN_SPEED_CHANGING_LAYER
; printing object fidget-finger-massager-2000-roller_plain.stl id:4713352688601451214 copy 0
M204 S10000
G1 E-.8 F1800
G1 X63.073 Y49.467 Z17 F7200
G1 Z16.6
G1 E.8 F1800
M204 S1500
;TYPE:Inner wall
;WIDTH:0.449999
G1 F1473.915
G1 X63.664 Y49.559 E.02025
G1 X64.379 Y49.622 E.02427
G1 X64.379 Y52.317 E.09122
G1 X63.432 Y52.246 E.03215
G1 X62.637 Y52.134 E.02717
G1 X62.114 Y52.032 E.01802
G1 X63.059 Y49.504 E.09137
M204 S500
G1 X62.796 Y48.984 F7200
;TYPE:Outer wall
G1 F1473.915
G1 X63.706 Y49.133 E.03119
G1 X64.807 Y49.207 E.03737
G1 X64.807 Y52.758 E.12019
G1 X64.191 Y52.74 E.02087
G1 X63.227 Y52.65 E.03277
G1 X62.543 Y52.553 E.02338
G1 X61.546 Y52.328 E.0346
G1 X62.782 Y49.021 E.11951
M204 S10000
G1 E-.8 F1800
G1 X62.664 Y51.725 Z17 F7200
G1 Z16.6
G1 E.8 F1800
M204 S500
;TYPE:Internal solid infill
G1 F1473.915
G1 X63.343 Y51.823 E.02324
G1 X63.972 Y51.883 E.02137
G1 X63.972 Y49.994 E.06396
G1 X63.34 Y49.917 E.02156
G1 X62.678 Y51.687 E.06397
M204 S10000
G1 X63.257 Y51.216 F7200
M204 S500
;WIDTH:0.390947
G1 F1724.004
G1 X63.181 Y51.419 E.00627
G1 X63.594 Y51.472 E.01205
G1 X63.591 Y50.331 E.03303
G1 X63.271 Y51.178 E.0262
M204 S10000
G1 E-.8 F1800
G1 X59.003 Y55.41 Z17 F7200
G1 Z16.6
G1 E.8 F1800
M204 S1500
;TYPE:Inner wall
;WIDTH:0.449999
G1 F1473.915
G1 X56.981 Y54.579 E.074
G1 X61.113 Y44.588 E.36595
G1 X63.134 Y45.421 E.074
G1 X59.018 Y55.373 E.36455
M204 S500
G1 X59.235 Y55.969 F7200
;TYPE:Outer wall
G1 F1473.915
G1 X56.421 Y54.812 E.10301
G1 X60.88 Y44.029 E.39497
G1 X63.694 Y45.188 E.10301
G1 X59.251 Y55.932 E.39355
M204 S10000
G1 E-.8 F1800
G1 X59.906 Y52.321 Z17 F7200
G1 Z16.6
G1 E.8 F1800
M204 S500
;TYPE:Sparse infill
;WIDTH:0.45
G1 F1473.913
G1 X59.284 Y53.826 E.05512
G1 X58.344 Y54.765 E.04496
G1 X57.433 Y54.391 E.03335
G1 X58.719 Y51.282 E.11386
G1 X61.476 Y48.525 E.13197
G1 X62.682 Y45.609 E.10683
G1 X61.691 Y45.201 E.03625
G1 X60.911 Y45.981 E.03737
G1 X60.289 Y47.486 E.05512
M204 S10000
G1 X58.302 Y47.49 F7200
M204 S1500
;TYPE:Inner wall
;WIDTH:0.449999
G1 F1473.915
G1 X57.166 Y49.983 E.09274
G1 X56.715 Y49.678 E.01842
G1 X56.065 Y49.187 E.02758
G1 X55.363 Y48.583 E.03134
G1 X57.246 Y46.7 E.09012
G1 X57.293 Y46.698 E.00161
G1 X57.823 Y47.141 E.02336
G1 X58.27 Y47.466 E.01872
M204 S500
G1 X58.84 Y47.344 F7200
;TYPE:Outer wall
G1 F1473.915
G1 X57.359 Y50.594 E.1209
G1 X57.09 Y50.448 E.01036
G1 X56.476 Y50.035 E.02505
G1 X55.816 Y49.537 E.02797
G1 X55.185 Y49.004 E.02795
G1 X54.748 Y48.592 E.02034
G1 X57.259 Y46.081 E.12019
G1 X57.568 Y46.369 E.0143
G1 X58.181 Y46.881 E.02703
G1 X58.807 Y47.321 E.02589
M204 S10000
G1 E-.8 F1800
G1 X56.999 Y49.368 Z17 F7200
G1 Z16.6
G1 E.8 F1800
M204 S500
;TYPE:Internal solid infill
G1 F1473.915
G1 X57.793 Y47.625 E.06485
G1 X57.293 Y47.229 E.0216
G1 X55.958 Y48.564 E.06391
G1 X56.349 Y48.892 E.01727
G1 X56.967 Y49.344 E.02592
M204 S10000
G1 X56.848 Y48.79 F7200
M204 S500
;WIDTH:0.390633
G1 F1725.561
G1 X57.324 Y47.746 E.03318
G1 X56.515 Y48.54 E.03278
G1 X56.816 Y48.766 E.01086
; stop printing object fidget-finger-massager-2000-roller_plain.stl id:4713352688601451214 copy 0
;LAYER_CHANGE
;Z:16.8
;HEIGHT:0.199999
G92 E0
;_SET_FAN_SPEED_CHANGING_LAYER
; printing object fidget-finger-massager-2000-roller_plain.stl id:4713352688601451214 copy 0
M204 S10000
G1 E-.8 F1800
G1 X63.073 Y49.467 Z17.2 F7200
G1 Z16.8
G1 E.8 F1800
M204 S1500
;TYPE:Inner wall
;WIDTH:0.449999
G1 F1473.915
G1 X63.665 Y49.559 E.02026
G1 X64.379 Y49.622 E.02427
G1 X64.379 Y52.317 E.09123
G1 X63.431 Y52.246 E.03217
G1 X62.636 Y52.134 E.02718
G1 X62.114 Y52.032 E.01799
G1 X63.059 Y49.504 E.09136
M204 S500
G1 X62.796 Y48.984 F7200
;TYPE:Outer wall
G1 F1473.915
G1 X63.6 Y49.122 E.0276
G1 X64.306 Y49.191 E.02401
G1 X64.807 Y49.207 E.01698
G1 X64.807 Y52.758 E.12019
G1 X64.191 Y52.74 E.02088
G1 X63.227 Y52.65 E.03276
G1 X62.542 Y52.553 E.02341
G1 X61.546 Y52.328 E.03456
G1 X62.782 Y49.021 E.11951
M204 S10000
G1 E-.8 F1800
G1 X62.664 Y51.725 Z17.2 F7200
G1 Z16.8
G1 E.8 F1800
M204 S500
;TYPE:Internal solid infill
G1 F1473.915
G1 X63.343 Y51.823 E.02324
G1 X63.972 Y51.883 E.02137
G1 X63.972 Y49.994 E.06395
G1 X63.339 Y49.917 E.02156
G1 X62.678 Y51.687 E.06397
M204 S10000
G1 X63.257 Y51.216 F7200
M204 S500
;WIDTH:0.390948
G1 F1723.999
G1 X63.181 Y51.419 E.00627
G1 X63.594 Y51.472 E.01205
G1 X63.591 Y50.331 E.03303
G1 X63.271 Y51.178 E.0262
M204 S10000
G1 E-.8 F1800
G1 X59.047 Y55.304 Z17.2 F7200
G1 Z16.8
G1 E.8 F1800
M204 S1500
;TYPE:Inner wall
;WIDTH:0.449999
G1 F1473.915
G1 X57.025 Y54.472 E.074
G1 X61.069 Y44.694 E.35816
G1 X63.09 Y45.528 E.074
G1 X59.062 Y55.267 E.35673
M204 S500
G1 X59.28 Y55.863 F7200
M73 P61 R7
;TYPE:Outer wall
G1 F1473.915
G1 X56.465 Y54.705 E.10301
G1 X60.836 Y44.135 E.38718
G1 X63.65 Y45.295 E.10301
G1 X59.295 Y55.826 E.38573
M204 S10000
G1 E-.8 F1800
G1 X59.906 Y52.321 Z17.2 F7200
G1 Z16.8
G1 E.8 F1800
M204 S500
;TYPE:Sparse infill
;WIDTH:0.45
G1 F1473.913
G1 X59.284 Y53.826 E.05512
G1 X58.433 Y54.677 E.04073
G1 X57.478 Y54.284 E.03497
G1 X58.719 Y51.282 E.10995
G1 X61.476 Y48.525 E.13197
G1 X62.638 Y45.715 E.10293
G1 X61.603 Y45.289 E.03787
G1 X60.911 Y45.981 E.03316
G1 X60.289 Y47.486 E.05512
M204 S10000
G1 X58.302 Y47.491 F7200
M204 S1500
;TYPE:Inner wall
;WIDTH:0.449999
G1 F1473.915
G1 X57.166 Y49.983 E.09269
G1 X56.716 Y49.679 E.01839
G1 X56.065 Y49.187 E.0276
G1 X55.363 Y48.583 E.03136
G1 X57.263 Y46.683 E.09096
G1 X57.822 Y47.136 E.02434
G1 X58.269 Y47.467 E.01885
M204 S500
G1 X58.84 Y47.344 F7200
;TYPE:Outer wall
G1 F1473.915
G1 X57.359 Y50.594 E.12089
G1 X57.09 Y50.448 E.01036
G1 X56.476 Y50.035 E.02502
G1 X55.816 Y49.538 E.02798
G1 X55.185 Y49.005 E.02797
G1 X54.748 Y48.592 E.02035
G1 X57.259 Y46.081 E.12019
G1 X57.576 Y46.377 E.01469
G1 X58.238 Y46.924 E.02905
G1 X58.807 Y47.321 E.02349
M204 S10000
G1 E-.8 F1800
G1 X56.999 Y49.368 Z17.2 F7200
G1 Z16.8
G1 E.8 F1800
M204 S500
;TYPE:Internal solid infill
G1 F1473.915
G1 X57.793 Y47.625 E.06484
G1 X57.294 Y47.228 E.02159
G1 X55.958 Y48.564 E.06394
G1 X56.349 Y48.893 E.0173
G1 X56.967 Y49.344 E.0259
M204 S10000
G1 X56.848 Y48.79 F7200
M204 S500
;WIDTH:0.390638
G1 F1725.536
G1 X57.325 Y47.743 E.03325
G1 X56.515 Y48.54 E.03285
G1 X56.816 Y48.766 E.01086
; stop printing object fidget-finger-massager-2000-roller_plain.stl id:4713352688601451214 copy 0
;LAYER_CHANGE
;Z:17
;HEIGHT:0.200001
G92 E0
;_SET_FAN_SPEED_CHANGING_LAYER
; printing object fidget-finger-massager-2000-roller_plain.stl id:4713352688601451214 copy 0
M204 S10000
G1 E-.8 F1800
G1 X63.073 Y49.467 Z17.4 F7200
G1 Z17
G1 E.8 F1800
M204 S1500
;TYPE:Inner wall
;WIDTH:0.449999
G1 F1473.915
G1 X63.665 Y49.559 E.02026
G1 X64.379 Y49.622 E.02426
G1 X64.379 Y52.317 E.09123
G1 X63.43 Y52.246 E.03219
G1 X62.635 Y52.134 E.0272
G1 X62.114 Y52.032 E.01796
G1 X63.059 Y49.504 E.09136
M204 S500
G1 X62.796 Y48.984 F7200
;TYPE:Outer wall
G1 F1473.915
G1 X63.596 Y49.122 E.02748
G1 X64.304 Y49.191 E.02407
G1 X64.807 Y49.207 E.01704
G1 X64.807 Y52.758 E.12019
G1 X64.19 Y52.74 E.0209
G1 X63.227 Y52.65 E.03276
G1 X62.541 Y52.552 E.02344
G1 X61.546 Y52.328 E.03453
G1 X62.782 Y49.021 E.11951
M204 S10000
G1 E-.8 F1800
G1 X62.664 Y51.725 Z17.4 F7200
G1 Z17
G1 E.8 F1800
M204 S500
;TYPE:Internal solid infill
G1 F1473.915
G1 X63.343 Y51.823 E.02324
G1 X63.972 Y51.883 E.02137
G1 X63.972 Y49.994 E.06395
G1 X63.339 Y49.917 E.02156
G1 X62.678 Y51.687 E.06396
M204 S10000
G1 X63.257 Y51.216 F7200
M204 S500
;WIDTH:0.39095
G1 F1723.989
G1 X63.181 Y51.419 E.00627
G1 X63.594 Y51.472 E.01205
G1 X63.591 Y50.331 E.03303
G1 X63.271 Y51.178 E.0262
M204 S10000
G1 E-.8 F1800
G1 X59.091 Y55.197 Z17.4 F7200
G1 Z17
G1 E.8 F1800
M204 S1500
;TYPE:Inner wall
;WIDTH:0.449999
G1 F1473.915
G1 X57.069 Y54.365 E.074
G1 X61.025 Y44.8 E.35036
G1 X63.046 Y45.634 E.074
G1 X59.107 Y55.16 E.34892
M204 S500
G1 X59.324 Y55.756 F7200
;TYPE:Outer wall
G1 F1473.915
G1 X56.509 Y54.598 E.10301
G1 X60.792 Y44.241 E.37939
G1 X63.605 Y45.402 E.10301
G1 X59.339 Y55.719 E.37791
M204 S10000
G1 E-.8 F1800
G1 X59.906 Y52.321 Z17.4 F7200
G1 Z17
G1 E.8 F1800
M204 S500
;TYPE:Sparse infill
;WIDTH:0.45
G1 F1473.913
G1 X59.284 Y53.826 E.05512
G1 X58.521 Y54.588 E.03649
G1 X57.522 Y54.177 E.03659
G1 X58.719 Y51.282 E.10604
G1 X61.476 Y48.525 E.13196
G1 X62.594 Y45.822 E.09903
G1 X61.515 Y45.377 E.03948
G1 X60.911 Y45.982 E.02895
G1 X60.288 Y47.486 E.05512
M204 S10000
G1 X58.302 Y47.491 F7200
M204 S1500
;TYPE:Inner wall
;WIDTH:0.449999
G1 F1473.915
G1 X57.166 Y49.983 E.09269
G1 X56.717 Y49.68 E.01835
G1 X56.066 Y49.188 E.02761
G1 X55.363 Y48.583 E.03139
G1 X57.256 Y46.69 E.0906
G1 X57.311 Y46.715 E.00205
G1 X57.821 Y47.136 E.02239
G1 X58.269 Y47.467 E.01886
M204 S500
G1 X58.84 Y47.344 F7200
;TYPE:Outer wall
G1 F1473.915
G1 X57.359 Y50.594 E.12089
G1 X57.09 Y50.448 E.01036
G1 X56.477 Y50.036 E.02498
G1 X55.817 Y49.538 E.02799
G1 X55.185 Y49.005 E.02798
G1 X54.748 Y48.592 E.02036
G1 X57.259 Y46.081 E.12019
G1 X57.584 Y46.385 E.01506
G1 X58.234 Y46.921 E.02851
G1 X58.807 Y47.321 E.02367
M204 S10000
G1 E-.8 F1800
G1 X56.999 Y49.368 Z17.4 F7200
G1 Z17
G1 E.8 F1800
M204 S500
;TYPE:Internal solid infill
G1 F1473.915
G1 X57.793 Y47.625 E.06484
G1 X57.293 Y47.228 E.0216
G1 X55.958 Y48.564 E.06392
G1 X56.35 Y48.893 E.01732
G1 X56.967 Y49.344 E.02588
M204 S10000
G1 X56.848 Y48.79 F7200
M73 P62 R7
M204 S500
;WIDTH:0.390642
G1 F1725.516
G1 X57.324 Y47.744 E.03324
G1 X56.515 Y48.54 E.03284
G1 X56.816 Y48.766 E.01086
; stop printing object fidget-finger-massager-2000-roller_plain.stl id:4713352688601451214 copy 0
;LAYER_CHANGE
;Z:17.2
;HEIGHT:0.200001
G92 E0
;_SET_FAN_SPEED_CHANGING_LAYER
; printing object fidget-finger-massager-2000-roller_plain.stl id:4713352688601451214 copy 0
M204 S10000
G1 E-.8 F1800
G1 X63.073 Y49.467 Z17.6 F7200
G1 Z17.2
G1 E.8 F1800
M204 S1500
;TYPE:Inner wall
;WIDTH:0.449999
G1 F1473.915
G1 X63.665 Y49.559 E.02027
G1 X64.379 Y49.622 E.02425
G1 X64.379 Y52.317 E.09123
G1 X63.43 Y52.246 E.03222
G1 X62.634 Y52.134 E.02721
G1 X62.114 Y52.032 E.01792
G1 X63.059 Y49.504 E.09136
M204 S500
G1 X62.796 Y48.984 F7200
;TYPE:Outer wall
G1 F1473.915
G1 X63.593 Y49.122 E.02736
G1 X64.302 Y49.191 E.02413
G1 X64.807 Y49.207 E.0171
G1 X64.807 Y52.758 E.12019
G1 X64.19 Y52.74 E.02091
G1 X63.227 Y52.65 E.03275
G1 X62.54 Y52.552 E.02347
G1 X61.546 Y52.328 E.0345
G1 X62.782 Y49.021 E.11951
M204 S10000
G1 E-.8 F1800
G1 X62.664 Y51.725 Z17.6 F7200
G1 Z17.2
G1 E.8 F1800
M204 S500
;TYPE:Internal solid infill
G1 F1473.915
G1 X63.343 Y51.823 E.02324
G1 X63.972 Y51.883 E.02137
G1 X63.972 Y49.994 E.06395
G1 X63.339 Y49.918 E.02156
G1 X62.678 Y51.687 E.06396
M204 S10000
G1 X63.257 Y51.216 F7200
M204 S500
;WIDTH:0.390953
G1 F1723.974
G1 X63.181 Y51.419 E.00627
G1 X63.594 Y51.472 E.01205
G1 X63.591 Y50.331 E.03302
G1 X63.271 Y51.178 E.0262
M204 S10000
G1 E-.8 F1800
G1 X59.135 Y55.09 Z17.6 F7200
G1 Z17.2
G1 E.8 F1800
M204 S1500
;TYPE:Inner wall
;WIDTH:0.449999
G1 F1473.915
G1 X57.114 Y54.259 E.074
G1 X60.982 Y44.904 E.34266
G1 X63.002 Y45.74 E.074
G1 X59.151 Y55.053 E.34112
M204 S500
G1 X59.368 Y55.649 F7200
;TYPE:Outer wall
G1 F1473.915
G1 X56.554 Y54.492 E.10301
G1 X60.75 Y44.344 E.37171
G1 X63.561 Y45.508 E.10301
G1 X59.383 Y55.612 E.3701
M204 S10000
G1 E-.8 F1800
G1 X59.906 Y52.321 Z17.6 F7200
G1 Z17.2
G1 E.8 F1800
M204 S500
;TYPE:Sparse infill
;WIDTH:0.45
G1 F1473.913
G1 X59.284 Y53.826 E.05512
G1 X58.61 Y54.5 E.03226
G1 X57.566 Y54.071 E.03821
G1 X58.719 Y51.282 E.10214
G1 X61.476 Y48.525 E.13196
G1 X62.55 Y45.928 E.09516
G1 X61.429 Y45.463 E.04106
G1 X60.911 Y45.982 E.02481
G1 X60.288 Y47.486 E.05512
M204 S10000
G1 X58.302 Y47.491 F7200
M204 S1500
;TYPE:Inner wall
;WIDTH:0.449999
G1 F1473.915
G1 X57.166 Y49.983 E.09269
G1 X56.718 Y49.68 E.01832
G1 X56.066 Y49.188 E.02762
G1 X55.363 Y48.583 E.03141
G1 X57.269 Y46.677 E.09124
G1 X57.821 Y47.136 E.0243
G1 X58.27 Y47.467 E.01887
M204 S500
G1 X58.84 Y47.344 F7200
;TYPE:Outer wall
G1 F1473.915
G1 X57.359 Y50.594 E.12089
G1 X57.09 Y50.448 E.01036
G1 X56.478 Y50.036 E.02495
G1 X55.817 Y49.539 E.028
G1 X55.186 Y49.005 E.02799
G1 X54.748 Y48.592 E.02037
G1 X57.259 Y46.081 E.12019
G1 X57.592 Y46.392 E.01542
G1 X58.229 Y46.917 E.02796
G1 X58.807 Y47.321 E.02385
M204 S10000
G1 E-.8 F1800
G1 X56.999 Y49.368 Z17.6 F7200
G1 Z17.2
G1 E.8 F1800
M204 S500
;TYPE:Internal solid infill
G1 F1473.915
G1 X57.793 Y47.625 E.06483
G1 X57.293 Y47.229 E.0216
G1 X55.958 Y48.564 E.0639
G1 X56.35 Y48.894 E.01734
G1 X56.967 Y49.344 E.02585
M204 S10000
G1 X56.848 Y48.79 F7200
M204 S500
;WIDTH:0.390647
G1 F1725.492
G1 X57.324 Y47.744 E.03323
G1 X56.515 Y48.54 E.03283
G1 X56.816 Y48.766 E.01086
; stop printing object fidget-finger-massager-2000-roller_plain.stl id:4713352688601451214 copy 0
M106 S247
;LAYER_CHANGE
;Z:17.4
;HEIGHT:0.199999
G92 E0
;_SET_FAN_SPEED_CHANGING_LAYER
; printing object fidget-finger-massager-2000-roller_plain.stl id:4713352688601451214 copy 0
M204 S10000
G1 E-.8 F1800
G1 X63.073 Y49.467 Z17.8 F7200
G1 Z17.4
G1 E.8 F1800
M204 S1500
;TYPE:Inner wall
;WIDTH:0.449999
G1 F1473.915
G1 X63.665 Y49.559 E.02028
G1 X64.379 Y49.622 E.02425
G1 X64.379 Y52.317 E.09123
G1 X63.429 Y52.246 E.03224
G1 X62.633 Y52.134 E.02722
G1 X62.114 Y52.032 E.01789
G1 X63.059 Y49.504 E.09135
M204 S500
G1 X62.796 Y48.984 F7200
;TYPE:Outer wall
G1 F1473.915
G1 X63.589 Y49.121 E.02724
G1 X64.3 Y49.191 E.02419
G1 X64.807 Y49.207 E.01717
G1 X64.807 Y52.758 E.12019
G1 X64.19 Y52.74 E.02092
G1 X63.227 Y52.65 E.03274
G1 X62.539 Y52.552 E.0235
G1 X61.546 Y52.328 E.03446
G1 X62.782 Y49.021 E.11951
M204 S10000
G1 E-.8 F1800
G1 X62.664 Y51.725 Z17.8 F7200
G1 Z17.4
G1 E.8 F1800
M204 S500
;TYPE:Internal solid infill
G1 F1473.915
G1 X63.343 Y51.823 E.02324
G1 X63.972 Y51.883 E.02137
G1 X63.972 Y49.994 E.06395
G1 X63.339 Y49.918 E.02156
G1 X62.678 Y51.687 E.06396
M204 S10000
G1 X63.257 Y51.216 F7200
M204 S500
;WIDTH:0.390954
G1 F1723.969
G1 X63.181 Y51.419 E.00627
G1 X63.594 Y51.472 E.01205
G1 X63.591 Y50.331 E.03302
G1 X63.271 Y51.178 E.02619
M204 S10000
G1 E-.8 F1800
G1 X59.18 Y54.984 Z17.8 F7200
G1 Z17.4
G1 E.8 F1800
M204 S1500
;TYPE:Inner wall
;WIDTH:0.449999
G1 F1473.915
G1 X57.158 Y54.152 E.074
G1 X60.936 Y45.014 E.33471
G1 X62.957 Y45.848 E.074
G1 X59.195 Y54.947 E.33328
M204 S500
G1 X59.412 Y55.543 F7200
;TYPE:Outer wall
G1 F1473.915
G1 X56.598 Y54.385 E.10301
G1 X60.704 Y44.455 E.36373
G1 X63.517 Y45.615 E.10301
G1 X59.428 Y55.506 E.36228
M204 S10000
G1 E-.8 F1800
M73 P63 R7
G1 X57.69 Y53.931 Z17.8 F7200
G1 Z17.4
G1 E.8 F1800
M204 S500
;TYPE:Internal solid infill
G1 F1473.915
G1 X58.959 Y54.453 E.04644
G1 X62.425 Y46.069 E.30709
G1 X61.157 Y45.545 E.04644
G1 X57.705 Y53.894 E.30578
M204 S10000
G1 X58.271 Y53.689 F7200
M204 S500
;WIDTH:0.525372
G1 F1243.648
G1 X58.717 Y53.872 E.01935
G1 X61.844 Y46.31 E.32828
G1 X61.398 Y46.126 E.01935
G1 X58.286 Y53.652 E.3267
M204 S10000
G1 E-.8 F1800
G1 X58.302 Y47.491 Z17.8 F7200
G1 Z17.4
G1 E.8 F1800
M204 S1500
;TYPE:Inner wall
;WIDTH:0.449999
G1 F1473.915
G1 X57.166 Y49.983 E.0927
G1 X56.718 Y49.681 E.01828
G1 X56.067 Y49.189 E.02764
G1 X55.363 Y48.583 E.03143
G1 X57.269 Y46.677 E.09124
G1 X57.82 Y47.136 E.02428
G1 X58.27 Y47.467 E.01889
M204 S500
G1 X58.84 Y47.344 F7200
;TYPE:Outer wall
G1 F1473.915
G1 X57.359 Y50.594 E.12089
G1 X57.09 Y50.448 E.01036
G1 X56.479 Y50.037 E.02491
G1 X55.818 Y49.539 E.02801
G1 X55.186 Y49.005 E.028
G1 X54.748 Y48.592 E.02038
G1 X57.259 Y46.081 E.12019
G1 X57.6 Y46.399 E.01578
G1 X58.225 Y46.914 E.02742
G1 X58.807 Y47.321 E.02403
M204 S10000
G1 E-.8 F1800
G1 X56.999 Y49.368 Z17.8 F7200
G1 Z17.4
G1 E.8 F1800
M204 S500
;TYPE:Internal solid infill
G1 F1473.915
G1 X57.793 Y47.625 E.06483
G1 X57.293 Y47.229 E.0216
G1 X55.958 Y48.564 E.06389
G1 X56.351 Y48.894 E.01736
G1 X56.967 Y49.344 E.02583
M204 S10000
G1 X56.848 Y48.79 F7200
M204 S500
;WIDTH:0.390651
G1 F1725.472
G1 X57.324 Y47.744 E.03322
G1 X56.515 Y48.54 E.03282
G1 X56.816 Y48.766 E.01086
; stop printing object fidget-finger-massager-2000-roller_plain.stl id:4713352688601451214 copy 0
;LAYER_CHANGE
;Z:17.6
;HEIGHT:0.200001
G92 E0
;_SET_FAN_SPEED_CHANGING_LAYER
; printing object fidget-finger-massager-2000-roller_plain.stl id:4713352688601451214 copy 0
M204 S10000
G1 E-.8 F1800
G1 X63.073 Y49.467 Z18 F7200
G1 Z17.6
G1 E.8 F1800
M204 S1500
;TYPE:Inner wall
;WIDTH:0.449999
G1 F1473.915
G1 X63.665 Y49.559 E.02028
G1 X64.379 Y49.622 E.02424
G1 X64.379 Y52.317 E.09123
G1 X63.428 Y52.246 E.03226
G1 X62.632 Y52.134 E.02723
G1 X62.114 Y52.032 E.01785
G1 X63.059 Y49.504 E.09135
M204 S500
G1 X62.796 Y48.984 F7200
;TYPE:Outer wall
G1 F1473.915
G1 X63.586 Y49.121 E.02712
G1 X64.299 Y49.19 E.02425
G1 X64.807 Y49.207 E.01723
G1 X64.807 Y52.758 E.12019
G1 X64.189 Y52.74 E.02093
G1 X63.226 Y52.65 E.03273
G1 X62.538 Y52.552 E.02354
G1 X61.546 Y52.328 E.03443
G1 X62.782 Y49.021 E.11951
M204 S10000
G1 E-.8 F1800
G1 X62.664 Y51.725 Z18 F7200
G1 Z17.6
G1 E.8 F1800
M204 S500
;TYPE:Internal solid infill
G1 F1473.915
G1 X63.343 Y51.823 E.02324
G1 X63.972 Y51.883 E.02137
G1 X63.972 Y49.994 E.06394
G1 X63.339 Y49.918 E.02156
G1 X62.678 Y51.687 E.06395
M204 S10000
G1 X63.257 Y51.216 F7200
M204 S500
;WIDTH:0.390955
G1 F1723.964
G1 X63.181 Y51.419 E.00627
G1 X63.594 Y51.472 E.01205
G1 X63.591 Y50.332 E.03302
G1 X63.271 Y51.178 E.02619
M204 S10000
G1 E-.8 F1800
G1 X59.224 Y54.877 Z18 F7200
G1 Z17.6
G1 E.8 F1800
M204 S1500
;TYPE:Inner wall
;WIDTH:0.449999
G1 F1473.915
G1 X57.202 Y54.045 E.074
G1 X60.893 Y45.119 E.32694
G1 X62.913 Y45.954 E.074
G1 X59.239 Y54.84 E.32547
M204 S500
G1 X59.456 Y55.436 F7200
;TYPE:Outer wall
G1 F1473.915
G1 X56.642 Y54.278 E.10301
G1 X60.66 Y44.56 E.35597
G1 X63.473 Y45.722 E.10301
G1 X59.472 Y55.399 E.35446
M204 S10000
G1 E-.8 F1800
G1 X57.734 Y53.824 Z18 F7200
G1 Z17.6
G1 E.8 F1800
M204 S500
;TYPE:Internal solid infill
G1 F1473.915
G1 X59.003 Y54.346 E.04644
G1 X62.381 Y46.175 E.29929
G1 X61.113 Y45.651 E.04644
G1 X57.749 Y53.787 E.298
M204 S10000
G1 X58.408 Y53.359 F7200
M204 S500
;WIDTH:0.525372
G1 F1243.648
G1 X58.315 Y53.582 E.00969
G1 X58.762 Y53.766 E.01935
G1 X61.8 Y46.416 E.31904
G1 X61.354 Y46.232 E.01935
G1 X58.423 Y53.322 E.30777
M204 S10000
G1 E-.8 F1800
G1 X58.302 Y47.491 Z18 F7200
G1 Z17.6
G1 E.8 F1800
M204 S1500
;TYPE:Inner wall
;WIDTH:0.449999
G1 F1473.915
G1 X57.166 Y49.983 E.0927
G1 X56.719 Y49.681 E.01825
G1 X56.067 Y49.189 E.02765
G1 X55.363 Y48.583 E.03145
G1 X57.269 Y46.677 E.09124
G1 X57.82 Y47.137 E.02427
G1 X58.27 Y47.467 E.0189
M204 S500
G1 X58.84 Y47.344 F7200
;TYPE:Outer wall
G1 F1473.915
G1 X57.359 Y50.594 E.12089
G1 X57.09 Y50.448 E.01036
G1 X56.48 Y50.038 E.02488
M73 P64 R7
G1 X55.818 Y49.54 E.02802
G1 X55.186 Y49.006 E.02801
G1 X54.748 Y48.592 E.02039
G1 X57.259 Y46.081 E.12019
G1 X57.608 Y46.407 E.01616
G1 X58.221 Y46.911 E.02687
G1 X58.807 Y47.321 E.02421
M204 S10000
G1 E-.8 F1800
G1 X56.999 Y49.368 Z18 F7200
G1 Z17.6
G1 E.8 F1800
M204 S500
;TYPE:Internal solid infill
G1 F1473.915
G1 X57.793 Y47.625 E.06483
G1 X57.292 Y47.23 E.0216
G1 X55.958 Y48.564 E.06387
G1 X56.351 Y48.894 E.01739
G1 X56.967 Y49.344 E.02581
M204 S10000
G1 X56.848 Y48.79 F7200
M204 S500
;WIDTH:0.390654
G1 F1725.457
G1 X57.324 Y47.745 E.03321
G1 X56.515 Y48.54 E.03281
G1 X56.816 Y48.766 E.01086
; stop printing object fidget-finger-massager-2000-roller_plain.stl id:4713352688601451214 copy 0
;LAYER_CHANGE
;Z:17.8
;HEIGHT:0.199999
G92 E0
;_SET_FAN_SPEED_CHANGING_LAYER
; printing object fidget-finger-massager-2000-roller_plain.stl id:4713352688601451214 copy 0
M204 S10000
G1 E-.8 F1800
G1 X63.073 Y49.467 Z18.2 F7200
G1 Z17.8
G1 E.8 F1800
M204 S1500
;TYPE:Inner wall
;WIDTH:0.449999
G1 F1473.915
G1 X63.666 Y49.559 E.02029
G1 X64.379 Y49.622 E.02424
G1 X64.379 Y52.317 E.09123
G1 X63.428 Y52.246 E.03228
G1 X62.631 Y52.133 E.02724
G1 X62.114 Y52.032 E.01782
G1 X63.059 Y49.505 E.09135
M204 S500
G1 X62.796 Y48.984 F7200
;TYPE:Outer wall
G1 F1473.915
G1 X63.582 Y49.12 E.027
G1 X64.297 Y49.19 E.02431
G1 X64.807 Y49.207 E.01729
G1 X64.807 Y52.758 E.12019
G1 X64.189 Y52.74 E.02094
G1 X63.226 Y52.65 E.03272
G1 X62.537 Y52.552 E.02357
G1 X61.546 Y52.328 E.03439
G1 X62.782 Y49.021 E.11951
M204 S10000
G1 E-.8 F1800
G1 X62.664 Y51.725 Z18.2 F7200
G1 Z17.8
G1 E.8 F1800
M204 S500
;TYPE:Internal solid infill
G1 F1473.915
G1 X63.343 Y51.823 E.02324
G1 X63.972 Y51.883 E.02138
G1 X63.972 Y49.994 E.06394
G1 X63.339 Y49.918 E.02156
G1 X62.678 Y51.688 E.06395
M204 S10000
G1 X63.257 Y51.216 F7200
M204 S500
;WIDTH:0.390957
G1 F1723.955
G1 X63.181 Y51.419 E.00627
G1 X63.594 Y51.472 E.01205
G1 X63.591 Y50.332 E.03301
G1 X63.271 Y51.178 E.02619
M204 S10000
G1 E-.8 F1800
G1 X59.268 Y54.77 Z18.2 F7200
G1 Z17.8
G1 E.8 F1800
M204 S1500
;TYPE:Inner wall
;WIDTH:0.449999
G1 F1473.915
G1 X57.246 Y53.939 E.074
G1 X60.849 Y45.225 E.31916
G1 X62.869 Y46.06 E.074
G1 X59.283 Y54.733 E.31766
M204 S500
G1 X59.501 Y55.329 F7200
;TYPE:Outer wall
G1 F1473.915
G1 X56.686 Y54.172 E.10301
G1 X60.617 Y44.665 E.3482
G1 X63.429 Y45.828 E.10301
G1 X59.516 Y55.292 E.34665
M204 S10000
G1 E-.8 F1800
G1 X57.778 Y53.717 Z18.2 F7200
G1 Z17.8
G1 E.8 F1800
M204 S500
;TYPE:Internal solid infill
G1 F1473.915
G1 X59.047 Y54.239 E.04644
G1 X62.337 Y46.281 E.29149
G1 X61.069 Y45.757 E.04644
G1 X57.794 Y53.68 E.29022
M204 S10000
G1 X58.452 Y53.252 F7200
M204 S500
;WIDTH:0.525372
G1 F1243.647
G1 X58.359 Y53.475 E.00969
G1 X58.806 Y53.659 E.01935
G1 X61.756 Y46.522 E.30981
G1 X61.311 Y46.338 E.01935
G1 X58.467 Y53.215 E.29855
M204 S10000
G1 E-.8 F1800
G1 X58.302 Y47.491 Z18.2 F7200
G1 Z17.8
G1 E.8 F1800
M204 S1500
;TYPE:Inner wall
;WIDTH:0.449999
G1 F1473.915
G1 X57.166 Y49.983 E.0927
G1 X56.72 Y49.682 E.01821
G1 X56.068 Y49.189 E.02766
G1 X55.363 Y48.583 E.03147
G1 X57.269 Y46.677 E.09124
G1 X57.819 Y47.137 E.02426
G1 X58.27 Y47.467 E.01891
M204 S500
G1 X58.84 Y47.344 F7200
;TYPE:Outer wall
G1 F1473.915
G1 X57.359 Y50.594 E.12089
G1 X57.09 Y50.448 E.01036
G1 X56.481 Y50.038 E.02484
G1 X55.819 Y49.54 E.02804
G1 X55.186 Y49.006 E.02802
G1 X54.748 Y48.592 E.0204
G1 X57.259 Y46.081 E.12019
G1 X57.616 Y46.414 E.01651
G1 X58.216 Y46.908 E.02633
G1 X58.807 Y47.321 E.02439
M204 S10000
G1 E-.8 F1800
G1 X56.999 Y49.368 Z18.2 F7200
G1 Z17.8
G1 E.8 F1800
M204 S500
;TYPE:Internal solid infill
G1 F1473.915
G1 X57.793 Y47.625 E.06483
G1 X57.292 Y47.23 E.02161
G1 X55.958 Y48.564 E.06385
G1 X56.352 Y48.895 E.01741
G1 X56.967 Y49.344 E.02579
M204 S10000
G1 X56.848 Y48.79 F7200
M204 S500
;WIDTH:0.390657
G1 F1725.442
G1 X57.324 Y47.745 E.0332
G1 X56.515 Y48.54 E.0328
G1 X56.816 Y48.766 E.01086
; stop printing object fidget-finger-massager-2000-roller_plain.stl id:4713352688601451214 copy 0
;LAYER_CHANGE
;Z:18
;HEIGHT:0.200001
G92 E0
;_SET_FAN_SPEED_CHANGING_LAYER
; printing object fidget-finger-massager-2000-roller_plain.stl id:4713352688601451214 copy 0
M204 S10000
G1 E-.8 F1800
G1 X63.073 Y49.467 Z18.4 F7200
G1 Z18
G1 E.8 F1800
M204 S1500
;TYPE:Inner wall
;WIDTH:0.449999
G1 F1473.915
G1 X63.666 Y49.559 E.0203
G1 X64.379 Y49.622 E.02423
G1 X64.379 Y52.317 E.09123
G1 X63.427 Y52.246 E.03231
G1 X62.63 Y52.133 E.02725
G1 X62.114 Y52.032 E.01779
G1 X63.059 Y49.505 E.09134
M204 S500
G1 X62.796 Y48.984 F7200
;TYPE:Outer wall
G1 F1473.915
G1 X63.708 Y49.133 E.03125
G1 X64.307 Y49.191 E.02038
G1 X64.807 Y49.207 E.01695
G1 X64.807 Y52.758 E.12019
G1 X64.188 Y52.74 E.02096
G1 X63.226 Y52.65 E.03271
G1 X62.536 Y52.552 E.0236
G1 X61.546 Y52.328 E.03436
G1 X62.782 Y49.021 E.11951
M204 S10000
G1 E-.8 F1800
G1 X62.664 Y51.725 Z18.4 F7200
G1 Z18
G1 E.8 F1800
M204 S500
;TYPE:Internal solid infill
G1 F1473.915
G1 X63.343 Y51.823 E.02324
G1 X63.972 Y51.883 E.02138
G1 X63.972 Y49.994 E.06394
G1 X63.339 Y49.918 E.02156
G1 X62.678 Y51.688 E.06395
M204 S10000
G1 X63.257 Y51.216 F7200
M204 S500
;WIDTH:0.390959
G1 F1723.945
G1 X63.181 Y51.419 E.00627
G1 X63.594 Y51.472 E.01205
G1 X63.591 Y50.332 E.03301
G1 X63.271 Y51.178 E.02618
M204 S10000
G1 E-.8 F1800
G1 X59.288 Y54.653 Z18.4 F7200
G1 Z18
G1 E.8 F1800
M73 P65 R7
M204 S1500
;TYPE:Inner wall
;WIDTH:0.449999
G1 F1473.915
G1 X57.309 Y53.84 E.07241
G1 X60.83 Y45.34 E.31139
G1 X62.806 Y46.159 E.07241
M73 P65 R6
G1 X59.303 Y54.616 E.30985
M204 S500
G1 X59.52 Y55.212 F7200
;TYPE:Outer wall
G1 F1473.915
G1 X56.749 Y54.073 E.10143
G1 X60.598 Y44.781 E.34044
G1 X63.366 Y45.927 E.10142
G1 X59.535 Y55.175 E.33883
M204 S10000
G1 E-.8 F1800
G1 X59.726 Y53.175 Z18.4 F7200
G1 Z18
G1 E.8 F1800
M204 S500
;TYPE:Top surface
;WIDTH:0.408827
G1 F1639.761
G1 X58.674 Y54.228 E.04528
M204 S10000
G1 X58.307 Y54.077 F7200
M204 S500
G1 F1639.761
G1 X60.092 Y52.292 E.0768
M204 S10000
G1 X60.458 Y51.409 F7200
M204 S500
G1 F1639.761
G1 X57.941 Y53.926 E.10832
M204 S10000
G1 X57.574 Y53.775 F7200
M204 S500
G1 F1639.761
G1 X60.824 Y50.525 E.13984
M204 S10000
G1 X61.19 Y49.642 F7200
M204 S500
G1 F1639.761
G1 X57.83 Y53.002 E.14459
M204 S10000
G1 X58.196 Y52.119 F7200
M204 S500
G1 F1639.761
G1 X61.556 Y48.758 E.14459
M204 S10000
G1 X61.922 Y47.875 F7200
M204 S500
G1 F1639.761
G1 X58.561 Y51.236 E.14459
M204 S10000
G1 X58.927 Y50.352 F7200
M204 S500
G1 F1639.761
G1 X62.288 Y46.992 E.14459
M204 S10000
G1 X62.54 Y46.222 F7200
M204 S500
G1 F1639.761
G1 X59.293 Y49.469 E.13969
M204 S10000
G1 X59.659 Y48.585 F7200
M204 S500
G1 F1639.761
G1 X62.174 Y46.071 E.1082
M204 S10000
G1 X61.808 Y45.919 F7200
M204 S500
G1 F1639.761
G1 X60.025 Y47.702 E.07671
M204 S10000
G1 X60.391 Y46.819 F7200
M204 S500
G1 F1639.761
G1 X61.442 Y45.768 E.04522
M204 S10000
G1 E-.8 F1800
G1 X58.302 Y47.491 Z18.4 F7200
G1 Z18
G1 E.8 F1800
M204 S1500
;TYPE:Inner wall
;WIDTH:0.449999
G1 F1473.915
G1 X57.166 Y49.983 E.09271
G1 X56.721 Y49.683 E.01818
G1 X56.068 Y49.19 E.02768
G1 X55.363 Y48.583 E.03149
G1 X57.269 Y46.677 E.09124
G1 X57.819 Y47.137 E.02425
G1 X58.27 Y47.467 E.01893
M204 S500
G1 X58.84 Y47.344 F7200
;TYPE:Outer wall
G1 F1473.915
G1 X57.359 Y50.594 E.12089
G1 X57.09 Y50.448 E.01036
G1 X56.482 Y50.039 E.02481
G1 X55.819 Y49.54 E.02805
G1 X55.187 Y49.006 E.02804
G1 X54.748 Y48.592 E.02041
G1 X57.259 Y46.081 E.12019
G1 X57.623 Y46.421 E.01688
G1 X58.212 Y46.905 E.02578
G1 X58.807 Y47.321 E.02457
M204 S10000
G1 E-.8 F1800
G1 X56.999 Y49.368 Z18.4 F7200
G1 Z18
G1 E.8 F1800
M204 S500
;TYPE:Internal solid infill
G1 F1473.915
G1 X57.793 Y47.625 E.06483
G1 X57.292 Y47.23 E.02161
G1 X55.958 Y48.564 E.06383
G1 X56.352 Y48.895 E.01743
G1 X56.967 Y49.344 E.02576
M204 S10000
G1 X56.848 Y48.79 F7200
M204 S500
;WIDTH:0.390661
G1 F1725.422
G1 X57.324 Y47.745 E.03319
G1 X56.515 Y48.54 E.03279
G1 X56.816 Y48.766 E.01086
; stop printing object fidget-finger-massager-2000-roller_plain.stl id:4713352688601451214 copy 0
M106 S252
;LAYER_CHANGE
;Z:18.2
;HEIGHT:0.200001
G92 E0
;_SET_FAN_SPEED_CHANGING_LAYER
; printing object fidget-finger-massager-2000-roller_plain.stl id:4713352688601451214 copy 0
M204 S10000
G1 E-.8 F1800
G1 X63.073 Y49.467 Z18.6 F7200
G1 Z18.2
G1 E.8 F1800
M204 S1500
;TYPE:Inner wall
;WIDTH:0.449999
G1 F801
G1 X63.666 Y49.559 E.0203
G1 X64.379 Y49.622 E.02423
G1 X64.379 Y52.317 E.09123
G1 X63.426 Y52.246 E.03233
G1 X62.629 Y52.133 E.02727
G1 X62.114 Y52.032 E.01775
G1 X63.059 Y49.505 E.09134
M204 S500
G1 X62.796 Y48.984 F7200
;TYPE:Outer wall
G1 F801
G1 X63.708 Y49.133 E.03126
G1 X64.305 Y49.191 E.02031
G1 X64.807 Y49.207 E.01701
G1 X64.807 Y52.758 E.12019
G1 X64.188 Y52.74 E.02097
G1 X63.226 Y52.65 E.0327
G1 X62.535 Y52.551 E.02363
G1 X61.546 Y52.328 E.03433
G1 X62.782 Y49.021 E.11951
M204 S10000
G1 E-.8 F1800
G1 X62.664 Y51.725 Z18.6 F7200
G1 Z18.2
G1 E.8 F1800
M204 S500
;TYPE:Internal solid infill
G1 F801
G1 X63.343 Y51.823 E.02324
G1 X63.972 Y51.883 E.02138
G1 X63.972 Y49.994 E.06394
G1 X63.339 Y49.918 E.02157
G1 X62.678 Y51.688 E.06394
M204 S10000
G1 X63.257 Y51.216 F7200
M204 S500
;WIDTH:0.390961
G1 F801
G1 X63.181 Y51.419 E.00627
G1 X63.594 Y51.472 E.01205
G1 X63.591 Y50.332 E.033
G1 X63.271 Y51.178 E.02618
M204 S10000
G1 E-.8 F1800
G1 X58.302 Y47.49 Z18.6 F7200
G1 Z18.2
G1 E.8 F1800
M204 S1500
;TYPE:Inner wall
;WIDTH:0.449999
G1 F801
G1 X57.166 Y49.983 E.09271
G1 X56.722 Y49.683 E.01814
G1 X56.069 Y49.19 E.02769
G1 X55.363 Y48.583 E.03151
G1 X57.269 Y46.677 E.09124
G1 X57.818 Y47.137 E.02423
G1 X58.27 Y47.467 E.01894
M204 S500
G1 X58.84 Y47.344 F7200
;TYPE:Outer wall
G1 F801
G1 X57.359 Y50.594 E.12089
G1 X57.09 Y50.448 E.01036
G1 X56.482 Y50.039 E.02477
G1 X55.82 Y49.541 E.02806
G1 X55.187 Y49.006 E.02805
G1 X54.748 Y48.592 E.02043
G1 X57.259 Y46.081 E.12019
G1 X57.631 Y46.429 E.01724
G1 X58.208 Y46.902 E.02524
G1 X58.807 Y47.321 E.02475
M204 S10000
G1 E-.8 F1800
G1 X56.999 Y49.368 Z18.6 F7200
G1 Z18.2
G1 E.8 F1800
M204 S500
;TYPE:Internal solid infill
G1 F801
G1 X57.793 Y47.625 E.06483
G1 X57.291 Y47.231 E.02161
G1 X55.958 Y48.564 E.06381
G1 X56.34 Y48.886 E.01693
M73 P66 R6
G1 X56.967 Y49.344 E.02627
M204 S10000
G1 X56.848 Y48.79 F7200
M204 S500
;WIDTH:0.390665
G1 F801
G1 X57.324 Y47.746 E.03319
G1 X56.515 Y48.54 E.03278
G1 X56.816 Y48.766 E.01086
; stop printing object fidget-finger-massager-2000-roller_plain.stl id:4713352688601451214 copy 0
;LAYER_CHANGE
;Z:18.4
;HEIGHT:0.199999
G92 E0
;_SET_FAN_SPEED_CHANGING_LAYER
; printing object fidget-finger-massager-2000-roller_plain.stl id:4713352688601451214 copy 0
M204 S10000
G1 E-.8 F1800
G1 X63.073 Y49.467 Z18.8 F7200
G1 Z18.4
G1 E.8 F1800
M204 S1500
;TYPE:Inner wall
;WIDTH:0.449999
G1 F801
G1 X63.666 Y49.559 E.02031
G1 X64.379 Y49.622 E.02422
G1 X64.379 Y52.317 E.09124
G1 X63.426 Y52.246 E.03234
G1 X62.628 Y52.133 E.02727
G1 X62.114 Y52.032 E.01773
G1 X63.059 Y49.505 E.09134
M204 S500
G1 X62.796 Y48.984 F7200
;TYPE:Outer wall
G1 F801
G1 X63.708 Y49.133 E.03126
G1 X64.304 Y49.191 E.02028
G1 X64.807 Y49.207 E.01704
G1 X64.807 Y52.758 E.12019
G1 X64.188 Y52.74 E.02098
G1 X63.226 Y52.65 E.03269
G1 X62.535 Y52.551 E.02365
G1 X61.546 Y52.328 E.03431
G1 X62.782 Y49.021 E.11951
M204 S10000
G1 E-.8 F1800
G1 X62.664 Y51.725 Z18.8 F7200
G1 Z18.4
G1 E.8 F1800
M204 S500
;TYPE:Internal solid infill
G1 F801
G1 X63.343 Y51.823 E.02323
G1 X63.972 Y51.883 E.02138
G1 X63.972 Y49.994 E.06394
G1 X63.339 Y49.918 E.02157
G1 X62.678 Y51.688 E.06394
M204 S10000
G1 X63.257 Y51.216 F7200
M204 S500
;WIDTH:0.390962
G1 F801
G1 X63.181 Y51.419 E.00627
G1 X63.594 Y51.472 E.01205
G1 X63.591 Y50.332 E.033
G1 X63.271 Y51.178 E.02618
M204 S10000
G1 E-.8 F1800
G1 X58.302 Y47.49 Z18.8 F7200
G1 Z18.4
G1 E.8 F1800
M204 S1500
;TYPE:Inner wall
;WIDTH:0.449999
G1 F801
G1 X57.166 Y49.983 E.09271
G1 X56.722 Y49.683 E.01812
G1 X56.069 Y49.19 E.0277
G1 X55.363 Y48.583 E.03153
G1 X57.269 Y46.677 E.09123
G1 X57.818 Y47.137 E.02423
G1 X58.27 Y47.467 E.01894
M204 S500
G1 X58.84 Y47.344 F7200
;TYPE:Outer wall
G1 F801
G1 X57.359 Y50.594 E.12089
G1 X57.09 Y50.448 E.01036
G1 X56.483 Y50.04 E.02475
G1 X55.82 Y49.541 E.02806
G1 X55.187 Y49.006 E.02805
G1 X54.748 Y48.592 E.02043
G1 X57.259 Y46.081 E.12019
G1 X57.632 Y46.429 E.01728
G1 X58.206 Y46.9 E.02511
G1 X58.807 Y47.321 E.02485
M204 S10000
G1 E-.8 F1800
G1 X56.999 Y49.368 Z18.8 F7200
G1 Z18.4
G1 E.8 F1800
M204 S500
;TYPE:Internal solid infill
G1 F801
G1 X57.793 Y47.625 E.06483
G1 X57.291 Y47.231 E.02161
G1 X55.958 Y48.564 E.06381
G1 X56.34 Y48.887 E.01694
G1 X56.967 Y49.344 E.02626
M204 S10000
G1 X56.848 Y48.79 F7200
M204 S500
;WIDTH:0.390668
G1 F801
G1 X57.324 Y47.746 E.03318
G1 X56.515 Y48.54 E.03277
G1 X56.816 Y48.766 E.01086
; stop printing object fidget-finger-massager-2000-roller_plain.stl id:4713352688601451214 copy 0
;LAYER_CHANGE
;Z:18.6
;HEIGHT:0.200001
G92 E0
;_SET_FAN_SPEED_CHANGING_LAYER
; printing object fidget-finger-massager-2000-roller_plain.stl id:4713352688601451214 copy 0
M204 S10000
G1 E-.8 F1800
G1 X63.073 Y49.467 Z19 F7200
G1 Z18.6
G1 E.8 F1800
M204 S1500
;TYPE:Inner wall
;WIDTH:0.449999
G1 F801
G1 X63.666 Y49.559 E.02031
G1 X64.379 Y49.622 E.02422
G1 X64.379 Y52.317 E.09124
G1 X63.426 Y52.246 E.03234
G1 X62.628 Y52.133 E.02727
G1 X62.114 Y52.032 E.01773
G1 X63.059 Y49.505 E.09134
M204 S500
G1 X62.796 Y48.984 F7200
;TYPE:Outer wall
G1 F801
G1 X63.708 Y49.133 E.03126
G1 X64.304 Y49.191 E.02028
G1 X64.807 Y49.207 E.01704
G1 X64.807 Y52.758 E.12019
G1 X64.188 Y52.74 E.02098
G1 X63.226 Y52.65 E.03269
G1 X62.535 Y52.551 E.02365
G1 X61.546 Y52.328 E.03431
G1 X62.782 Y49.021 E.11951
M204 S10000
G1 E-.8 F1800
G1 X62.664 Y51.725 Z19 F7200
G1 Z18.6
G1 E.8 F1800
M204 S500
;TYPE:Internal solid infill
G1 F801
G1 X63.343 Y51.823 E.02323
G1 X63.972 Y51.883 E.02138
G1 X63.972 Y49.994 E.06394
G1 X63.339 Y49.918 E.02157
G1 X62.678 Y51.688 E.06394
M204 S10000
G1 X63.257 Y51.216 F7200
M204 S500
;WIDTH:0.390961
G1 F801
G1 X63.181 Y51.419 E.00627
G1 X63.594 Y51.472 E.01205
G1 X63.591 Y50.332 E.033
G1 X63.271 Y51.178 E.02618
M204 S10000
G1 E-.8 F1800
G1 X58.302 Y47.49 Z19 F7200
G1 Z18.6
G1 E.8 F1800
M204 S1500
;TYPE:Inner wall
;WIDTH:0.449999
G1 F801
G1 X57.166 Y49.983 E.09271
G1 X56.722 Y49.683 E.01812
G1 X56.069 Y49.19 E.0277
G1 X55.363 Y48.583 E.03153
G1 X57.269 Y46.677 E.09123
G1 X57.819 Y47.137 E.02426
G1 X58.27 Y47.467 E.01891
M204 S500
G1 X58.84 Y47.344 F7200
;TYPE:Outer wall
G1 F801
G1 X57.359 Y50.594 E.12089
G1 X57.09 Y50.448 E.01036
G1 X56.483 Y50.04 E.02475
G1 X55.82 Y49.541 E.02806
G1 X55.187 Y49.006 E.02805
G1 X54.748 Y48.592 E.02043
G1 X57.259 Y46.081 E.12019
G1 X57.624 Y46.422 E.01691
G1 X58.206 Y46.9 E.02547
G1 X58.807 Y47.321 E.02485
M204 S10000
G1 E-.8 F1800
G1 X56.999 Y49.368 Z19 F7200
G1 Z18.6
G1 E.8 F1800
M204 S500
;TYPE:Internal solid infill
G1 F801
G1 X57.793 Y47.625 E.06483
G1 X57.291 Y47.23 E.02161
G1 X55.958 Y48.564 E.06382
G1 X56.34 Y48.887 E.01694
G1 X56.967 Y49.344 E.02626
M204 S10000
G1 X56.848 Y48.79 F7200
M204 S500
;WIDTH:0.390667
G1 F801
G1 X57.324 Y47.746 E.03319
G1 X56.515 Y48.54 E.03278
G1 X56.816 Y48.766 E.01086
; stop printing object fidget-finger-massager-2000-roller_plain.stl id:4713352688601451214 copy 0
;LAYER_CHANGE
;Z:18.8
;HEIGHT:0.199999
G92 E0
;_SET_FAN_SPEED_CHANGING_LAYER
; printing object fidget-finger-massager-2000-roller_plain.stl id:4713352688601451214 copy 0
M204 S10000
G1 E-.8 F1800
G1 X63.073 Y49.467 Z19.2 F7200
G1 Z18.8
M73 P67 R6
G1 E.8 F1800
M204 S1500
;TYPE:Inner wall
;WIDTH:0.449999
G1 F801
G1 X63.666 Y49.559 E.02031
G1 X64.379 Y49.622 E.02422
G1 X64.379 Y52.317 E.09124
G1 X63.426 Y52.246 E.03234
G1 X62.628 Y52.133 E.02727
G1 X62.114 Y52.032 E.01773
G1 X63.059 Y49.505 E.09134
M204 S500
G1 X62.796 Y48.984 F7200
;TYPE:Outer wall
G1 F801
G1 X63.708 Y49.133 E.03126
G1 X64.304 Y49.191 E.02028
G1 X64.807 Y49.207 E.01704
G1 X64.807 Y52.758 E.12019
G1 X64.188 Y52.74 E.02098
G1 X63.226 Y52.65 E.03269
G1 X62.535 Y52.551 E.02365
G1 X61.546 Y52.328 E.03431
G1 X62.782 Y49.021 E.11951
M204 S10000
G1 E-.8 F1800
G1 X62.664 Y51.725 Z19.2 F7200
G1 Z18.8
G1 E.8 F1800
M204 S500
;TYPE:Internal solid infill
G1 F801
G1 X63.343 Y51.823 E.02323
G1 X63.972 Y51.883 E.02138
G1 X63.972 Y49.994 E.06394
G1 X63.339 Y49.918 E.02157
G1 X62.678 Y51.688 E.06394
M204 S10000
G1 X63.257 Y51.216 F7200
M204 S500
;WIDTH:0.390962
G1 F801
G1 X63.181 Y51.419 E.00627
G1 X63.594 Y51.472 E.01205
G1 X63.591 Y50.332 E.033
G1 X63.271 Y51.178 E.02618
M204 S10000
G1 E-.8 F1800
G1 X58.302 Y47.49 Z19.2 F7200
G1 Z18.8
G1 E.8 F1800
M204 S1500
;TYPE:Inner wall
;WIDTH:0.449999
G1 F801
G1 X57.166 Y49.983 E.09271
G1 X56.722 Y49.683 E.01812
G1 X56.069 Y49.19 E.0277
G1 X55.363 Y48.583 E.03153
G1 X57.269 Y46.677 E.09124
G1 X57.819 Y47.137 E.02428
G1 X58.27 Y47.467 E.01889
M204 S500
G1 X58.84 Y47.344 F7200
;TYPE:Outer wall
G1 F801
G1 X57.359 Y50.594 E.12089
G1 X57.09 Y50.448 E.01036
G1 X56.483 Y50.04 E.02475
G1 X55.82 Y49.541 E.02806
G1 X55.187 Y49.006 E.02805
G1 X54.748 Y48.592 E.02043
G1 X57.259 Y46.081 E.12019
G1 X57.616 Y46.415 E.01654
G1 X58.206 Y46.9 E.02584
G1 X58.807 Y47.321 E.02485
M204 S10000
G1 E-.8 F1800
G1 X56.999 Y49.368 Z19.2 F7200
G1 Z18.8
G1 E.8 F1800
M204 S500
;TYPE:Internal solid infill
G1 F801
G1 X57.793 Y47.625 E.06483
G1 X57.292 Y47.23 E.02161
G1 X55.958 Y48.564 E.06384
G1 X56.34 Y48.887 E.01694
G1 X56.967 Y49.344 E.02626
M204 S10000
G1 X56.848 Y48.79 F7200
M204 S500
;WIDTH:0.390668
G1 F801
G1 X57.324 Y47.745 E.03319
G1 X56.515 Y48.54 E.03278
G1 X56.816 Y48.766 E.01086
; stop printing object fidget-finger-massager-2000-roller_plain.stl id:4713352688601451214 copy 0
;LAYER_CHANGE
;Z:19
;HEIGHT:0.200001
G92 E0
;_SET_FAN_SPEED_CHANGING_LAYER
; printing object fidget-finger-massager-2000-roller_plain.stl id:4713352688601451214 copy 0
M204 S10000
G1 E-.8 F1800
G1 X63.073 Y49.467 Z19.4 F7200
G1 Z19
G1 E.8 F1800
M204 S1500
;TYPE:Inner wall
;WIDTH:0.449999
G1 F801
G1 X63.666 Y49.559 E.02031
G1 X64.379 Y49.622 E.02422
G1 X64.379 Y52.317 E.09124
G1 X63.426 Y52.246 E.03234
G1 X62.628 Y52.133 E.02727
G1 X62.114 Y52.032 E.01773
G1 X63.059 Y49.505 E.09134
M204 S500
G1 X62.796 Y48.984 F7200
;TYPE:Outer wall
G1 F801
G1 X63.708 Y49.133 E.03126
G1 X64.304 Y49.191 E.02028
G1 X64.807 Y49.207 E.01704
G1 X64.807 Y52.758 E.12019
G1 X64.188 Y52.74 E.02098
G1 X63.226 Y52.65 E.03269
G1 X62.535 Y52.551 E.02365
G1 X61.546 Y52.328 E.03431
G1 X62.782 Y49.021 E.11951
M204 S10000
G1 E-.8 F1800
G1 X62.664 Y51.725 Z19.4 F7200
G1 Z19
G1 E.8 F1800
M204 S500
;TYPE:Internal solid infill
G1 F801
G1 X63.343 Y51.823 E.02323
G1 X63.972 Y51.883 E.02138
G1 X63.972 Y49.994 E.06394
G1 X63.339 Y49.918 E.02157
G1 X62.678 Y51.688 E.06394
M204 S10000
G1 X63.257 Y51.216 F7200
M204 S500
;WIDTH:0.390962
G1 F801
G1 X63.181 Y51.419 E.00627
G1 X63.594 Y51.472 E.01205
G1 X63.591 Y50.332 E.033
G1 X63.271 Y51.178 E.02618
M204 S10000
G1 E-.8 F1800
G1 X58.302 Y47.49 Z19.4 F7200
G1 Z19
G1 E.8 F1800
M204 S1500
;TYPE:Inner wall
;WIDTH:0.449999
G1 F801
G1 X57.166 Y49.983 E.09271
G1 X56.722 Y49.683 E.01812
G1 X56.069 Y49.19 E.0277
G1 X55.363 Y48.583 E.03153
G1 X57.269 Y46.677 E.09123
G1 X57.82 Y47.138 E.02431
G1 X58.27 Y47.467 E.01886
M204 S500
G1 X58.84 Y47.344 F7200
;TYPE:Outer wall
G1 F801
G1 X57.359 Y50.594 E.12089
G1 X57.09 Y50.448 E.01036
G1 X56.483 Y50.04 E.02475
G1 X55.82 Y49.541 E.02806
G1 X55.187 Y49.006 E.02805
G1 X54.748 Y48.592 E.02043
G1 X57.259 Y46.081 E.12019
G1 X57.608 Y46.407 E.01617
G1 X58.205 Y46.9 E.0262
G1 X58.807 Y47.321 E.02485
M204 S10000
G1 E-.8 F1800
G1 X56.999 Y49.368 Z19.4 F7200
G1 Z19
G1 E.8 F1800
M204 S500
;TYPE:Internal solid infill
G1 F801
G1 X57.793 Y47.625 E.06483
G1 X57.292 Y47.23 E.02161
G1 X55.958 Y48.564 E.06385
G1 X56.34 Y48.887 E.01694
G1 X56.967 Y49.344 E.02626
M204 S10000
G1 X56.848 Y48.79 F7200
M204 S500
;WIDTH:0.390668
G1 F801
G1 X57.324 Y47.745 E.03319
G1 X56.515 Y48.54 E.03278
G1 X56.816 Y48.766 E.01086
; stop printing object fidget-finger-massager-2000-roller_plain.stl id:4713352688601451214 copy 0
;LAYER_CHANGE
;Z:19.2
;HEIGHT:0.200001
G92 E0
;_SET_FAN_SPEED_CHANGING_LAYER
; printing object fidget-finger-massager-2000-roller_plain.stl id:4713352688601451214 copy 0
M204 S10000
G1 E-.8 F1800
G1 X63.073 Y49.467 Z19.6 F7200
G1 Z19.2
G1 E.8 F1800
M204 S1500
;TYPE:Inner wall
;WIDTH:0.449999
G1 F801
G1 X63.666 Y49.559 E.02031
G1 X64.379 Y49.622 E.02422
G1 X64.379 Y52.317 E.09124
G1 X63.426 Y52.246 E.03234
M73 P68 R6
G1 X62.628 Y52.133 E.02727
G1 X62.114 Y52.032 E.01773
G1 X63.059 Y49.505 E.09134
M204 S500
G1 X62.796 Y48.984 F7200
;TYPE:Outer wall
G1 F801
G1 X63.708 Y49.133 E.03126
G1 X64.304 Y49.191 E.02028
G1 X64.807 Y49.207 E.01704
G1 X64.807 Y52.758 E.12019
G1 X64.188 Y52.74 E.02097
G1 X63.226 Y52.65 E.03269
G1 X62.535 Y52.551 E.02365
G1 X61.546 Y52.328 E.03431
G1 X62.782 Y49.021 E.11951
M204 S10000
G1 E-.8 F1800
G1 X62.664 Y51.725 Z19.6 F7200
G1 Z19.2
G1 E.8 F1800
M204 S500
;TYPE:Internal solid infill
G1 F801
G1 X63.343 Y51.823 E.02323
G1 X63.972 Y51.883 E.02138
G1 X63.972 Y49.994 E.06394
G1 X63.339 Y49.918 E.02157
G1 X62.678 Y51.688 E.06394
M204 S10000
G1 X63.257 Y51.216 F7200
M204 S500
;WIDTH:0.390962
G1 F801
G1 X63.181 Y51.419 E.00627
G1 X63.594 Y51.472 E.01205
G1 X63.591 Y50.332 E.033
G1 X63.271 Y51.178 E.02618
M204 S10000
G1 E-.8 F1800
G1 X58.302 Y47.49 Z19.6 F7200
G1 Z19.2
G1 E.8 F1800
M204 S1500
;TYPE:Inner wall
;WIDTH:0.449999
G1 F801
G1 X57.166 Y49.983 E.09271
G1 X56.722 Y49.683 E.01812
G1 X56.069 Y49.19 E.0277
G1 X55.363 Y48.583 E.03153
G1 X57.269 Y46.677 E.09123
G1 X57.82 Y47.138 E.02433
G1 X58.27 Y47.467 E.01884
M204 S500
G1 X58.84 Y47.344 F7200
;TYPE:Outer wall
G1 F801
G1 X57.359 Y50.594 E.12089
G1 X57.09 Y50.448 E.01036
G1 X56.483 Y50.04 E.02475
G1 X55.82 Y49.541 E.02806
G1 X55.187 Y49.006 E.02805
G1 X54.748 Y48.592 E.02043
G1 X57.259 Y46.081 E.12019
G1 X57.6 Y46.4 E.01581
G1 X58.205 Y46.9 E.02657
G1 X58.807 Y47.321 E.02485
M204 S10000
G1 E-.8 F1800
G1 X56.999 Y49.368 Z19.6 F7200
G1 Z19.2
G1 E.8 F1800
M204 S500
;TYPE:Internal solid infill
G1 F801
G1 X57.793 Y47.625 E.06483
G1 X57.292 Y47.23 E.02161
G1 X55.958 Y48.564 E.06387
G1 X56.34 Y48.887 E.01694
G1 X56.967 Y49.344 E.02626
M204 S10000
G1 X56.848 Y48.79 F7200
M204 S500
;WIDTH:0.390668
G1 F801
G1 X57.324 Y47.745 E.0332
G1 X56.515 Y48.54 E.03279
G1 X56.816 Y48.766 E.01086
; stop printing object fidget-finger-massager-2000-roller_plain.stl id:4713352688601451214 copy 0
;LAYER_CHANGE
;Z:19.4
;HEIGHT:0.199999
G92 E0
;_SET_FAN_SPEED_CHANGING_LAYER
; printing object fidget-finger-massager-2000-roller_plain.stl id:4713352688601451214 copy 0
M204 S10000
G1 E-.8 F1800
G1 X63.073 Y49.467 Z19.8 F7200
G1 Z19.4
G1 E.8 F1800
M204 S1500
;TYPE:Inner wall
;WIDTH:0.449999
G1 F801
G1 X63.666 Y49.559 E.02031
G1 X64.379 Y49.622 E.02422
G1 X64.379 Y52.317 E.09124
G1 X63.426 Y52.246 E.03234
G1 X62.628 Y52.133 E.02727
G1 X62.114 Y52.032 E.01773
G1 X63.059 Y49.505 E.09134
M204 S500
G1 X62.796 Y48.984 F7200
;TYPE:Outer wall
G1 F801
G1 X63.708 Y49.133 E.03126
G1 X64.304 Y49.191 E.02028
G1 X64.807 Y49.207 E.01704
G1 X64.807 Y52.758 E.12019
G1 X64.188 Y52.74 E.02098
G1 X63.226 Y52.65 E.03269
G1 X62.535 Y52.551 E.02365
G1 X61.546 Y52.328 E.03431
G1 X62.782 Y49.021 E.11951
M204 S10000
G1 E-.8 F1800
G1 X62.664 Y51.725 Z19.8 F7200
G1 Z19.4
G1 E.8 F1800
M204 S500
;TYPE:Internal solid infill
G1 F801
G1 X63.343 Y51.823 E.02323
G1 X63.972 Y51.883 E.02138
G1 X63.972 Y49.994 E.06394
G1 X63.339 Y49.918 E.02157
G1 X62.678 Y51.688 E.06394
M204 S10000
G1 X63.257 Y51.216 F7200
M204 S500
;WIDTH:0.390962
G1 F801
G1 X63.181 Y51.419 E.00627
G1 X63.594 Y51.472 E.01205
G1 X63.591 Y50.332 E.033
G1 X63.271 Y51.178 E.02618
M204 S10000
G1 E-.8 F1800
G1 X58.302 Y47.49 Z19.8 F7200
G1 Z19.4
G1 E.8 F1800
M204 S1500
;TYPE:Inner wall
;WIDTH:0.449999
G1 F801
G1 X57.166 Y49.983 E.09271
G1 X56.722 Y49.683 E.01812
G1 X56.069 Y49.19 E.0277
G1 X55.363 Y48.583 E.03153
G1 X57.269 Y46.677 E.09123
G1 X57.821 Y47.138 E.02435
G1 X58.27 Y47.467 E.01882
M204 S500
G1 X58.84 Y47.344 F7200
;TYPE:Outer wall
G1 F801
G1 X57.359 Y50.594 E.12089
G1 X57.09 Y50.448 E.01036
G1 X56.483 Y50.04 E.02475
G1 X55.82 Y49.541 E.02806
G1 X55.187 Y49.006 E.02805
G1 X54.748 Y48.592 E.02043
G1 X57.259 Y46.081 E.12019
G1 X57.592 Y46.392 E.01544
G1 X58.205 Y46.9 E.02694
G1 X58.807 Y47.321 E.02485
M204 S10000
G1 E-.8 F1800
G1 X56.999 Y49.368 Z19.8 F7200
G1 Z19.4
G1 E.8 F1800
M204 S500
;TYPE:Internal solid infill
G1 F801
G1 X57.793 Y47.625 E.06483
G1 X57.293 Y47.229 E.0216
G1 X55.958 Y48.564 E.06388
G1 X56.34 Y48.887 E.01694
G1 X56.967 Y49.344 E.02626
M204 S10000
G1 X56.848 Y48.79 F7200
M204 S500
;WIDTH:0.390668
G1 F801
G1 X57.324 Y47.745 E.0332
G1 X56.515 Y48.54 E.03279
G1 X56.816 Y48.766 E.01086
; stop printing object fidget-finger-massager-2000-roller_plain.stl id:4713352688601451214 copy 0
;LAYER_CHANGE
;Z:19.6
;HEIGHT:0.200001
G92 E0
;_SET_FAN_SPEED_CHANGING_LAYER
; printing object fidget-finger-massager-2000-roller_plain.stl id:4713352688601451214 copy 0
M204 S10000
G1 E-.8 F1800
G1 X63.073 Y49.467 Z20 F7200
G1 Z19.6
G1 E.8 F1800
M204 S1500
;TYPE:Inner wall
;WIDTH:0.449999
G1 F801
G1 X63.666 Y49.559 E.02031
G1 X64.379 Y49.622 E.02422
G1 X64.379 Y52.317 E.09124
G1 X63.426 Y52.246 E.03234
G1 X62.628 Y52.133 E.02727
G1 X62.114 Y52.032 E.01773
G1 X63.059 Y49.505 E.09134
M204 S500
G1 X62.796 Y48.984 F7200
;TYPE:Outer wall
G1 F801
G1 X63.708 Y49.133 E.03126
G1 X64.304 Y49.191 E.02028
M73 P69 R6
G1 X64.807 Y49.207 E.01704
G1 X64.807 Y52.758 E.12019
G1 X64.188 Y52.74 E.02098
G1 X63.226 Y52.65 E.03269
G1 X62.535 Y52.551 E.02365
G1 X61.546 Y52.328 E.03431
G1 X62.782 Y49.021 E.11951
M204 S10000
G1 E-.8 F1800
G1 X62.664 Y51.725 Z20 F7200
G1 Z19.6
G1 E.8 F1800
M204 S500
;TYPE:Internal solid infill
G1 F801
G1 X63.343 Y51.823 E.02323
G1 X63.972 Y51.883 E.02138
G1 X63.972 Y49.994 E.06394
G1 X63.339 Y49.918 E.02157
G1 X62.678 Y51.688 E.06394
M204 S10000
G1 X63.257 Y51.216 F7200
M204 S500
;WIDTH:0.390962
G1 F801
G1 X63.181 Y51.419 E.00627
G1 X63.594 Y51.472 E.01205
G1 X63.591 Y50.332 E.033
G1 X63.271 Y51.178 E.02618
M204 S10000
G1 E-.8 F1800
G1 X58.302 Y47.49 Z20 F7200
G1 Z19.6
G1 E.8 F1800
M204 S1500
;TYPE:Inner wall
;WIDTH:0.449999
G1 F801
G1 X57.166 Y49.983 E.09271
G1 X56.722 Y49.683 E.01812
G1 X56.069 Y49.19 E.0277
G1 X55.363 Y48.583 E.03153
G1 X57.255 Y46.691 E.09057
G1 X57.311 Y46.715 E.00205
G1 X57.822 Y47.139 E.02247
G1 X58.27 Y47.467 E.0188
M204 S500
G1 X58.84 Y47.344 F7200
;TYPE:Outer wall
G1 F801
G1 X57.359 Y50.594 E.12089
G1 X57.09 Y50.448 E.01036
G1 X56.483 Y50.04 E.02475
G1 X55.82 Y49.541 E.02806
G1 X55.187 Y49.006 E.02805
G1 X54.748 Y48.592 E.02043
G1 X57.259 Y46.081 E.12019
G1 X57.584 Y46.385 E.01507
G1 X58.205 Y46.9 E.0273
G1 X58.807 Y47.321 E.02485
M204 S10000
G1 E-.8 F1800
G1 X56.999 Y49.368 Z20 F7200
G1 Z19.6
G1 E.8 F1800
M204 S500
;TYPE:Internal solid infill
G1 F801
G1 X57.793 Y47.625 E.06484
G1 X57.293 Y47.229 E.0216
G1 X55.958 Y48.564 E.06389
G1 X56.34 Y48.887 E.01694
G1 X56.967 Y49.344 E.02626
M204 S10000
G1 X56.848 Y48.79 F7200
M204 S500
;WIDTH:0.390669
G1 F801
G1 X57.324 Y47.745 E.0332
G1 X56.515 Y48.54 E.03279
G1 X56.816 Y48.766 E.01086
; stop printing object fidget-finger-massager-2000-roller_plain.stl id:4713352688601451214 copy 0
;LAYER_CHANGE
;Z:19.8
;HEIGHT:0.199999
G92 E0
;_SET_FAN_SPEED_CHANGING_LAYER
; printing object fidget-finger-massager-2000-roller_plain.stl id:4713352688601451214 copy 0
M204 S10000
G1 E-.8 F1800
G1 X63.073 Y49.467 Z20.2 F7200
G1 Z19.8
G1 E.8 F1800
M204 S1500
;TYPE:Inner wall
;WIDTH:0.449999
G1 F801
G1 X63.666 Y49.559 E.02031
G1 X64.379 Y49.622 E.02422
G1 X64.379 Y52.317 E.09124
G1 X63.426 Y52.246 E.03234
G1 X62.628 Y52.133 E.02727
G1 X62.114 Y52.032 E.01773
G1 X63.059 Y49.505 E.09134
M204 S500
G1 X62.796 Y48.984 F7200
;TYPE:Outer wall
G1 F801
G1 X63.708 Y49.133 E.03126
G1 X64.304 Y49.191 E.02028
G1 X64.807 Y49.207 E.01704
G1 X64.807 Y52.758 E.12019
G1 X64.188 Y52.74 E.02097
G1 X63.226 Y52.65 E.03269
G1 X62.535 Y52.551 E.02365
G1 X61.546 Y52.328 E.03431
G1 X62.782 Y49.021 E.11951
M204 S10000
G1 E-.8 F1800
G1 X62.664 Y51.725 Z20.2 F7200
G1 Z19.8
G1 E.8 F1800
M204 S500
;TYPE:Internal solid infill
G1 F801
G1 X63.343 Y51.823 E.02323
G1 X63.972 Y51.883 E.02138
G1 X63.972 Y49.994 E.06394
G1 X63.339 Y49.918 E.02157
G1 X62.678 Y51.688 E.06394
M204 S10000
G1 X63.257 Y51.216 F7200
M204 S500
;WIDTH:0.390962
G1 F801
G1 X63.181 Y51.419 E.00627
G1 X63.594 Y51.472 E.01205
G1 X63.591 Y50.332 E.033
G1 X63.271 Y51.178 E.02618
M204 S10000
G1 E-.8 F1800
G1 X58.302 Y47.49 Z20.2 F7200
G1 Z19.8
G1 E.8 F1800
M204 S1500
;TYPE:Inner wall
;WIDTH:0.449999
G1 F801
G1 X57.166 Y49.983 E.09271
G1 X56.722 Y49.683 E.01812
G1 X56.069 Y49.19 E.0277
G1 X55.363 Y48.583 E.03153
G1 X57.263 Y46.683 E.09093
G1 X57.822 Y47.139 E.02442
G1 X58.27 Y47.467 E.01878
M204 S500
G1 X58.84 Y47.344 F7200
;TYPE:Outer wall
G1 F801
G1 X57.359 Y50.594 E.12089
G1 X57.09 Y50.448 E.01036
G1 X56.483 Y50.04 E.02475
G1 X55.82 Y49.541 E.02806
G1 X55.187 Y49.006 E.02805
G1 X54.748 Y48.592 E.02043
G1 X57.259 Y46.081 E.12019
G1 X57.577 Y46.378 E.01471
G1 X58.205 Y46.9 E.02767
G1 X58.807 Y47.321 E.02485
M204 S10000
G1 E-.8 F1800
G1 X56.999 Y49.368 Z20.2 F7200
G1 Z19.8
G1 E.8 F1800
M204 S500
;TYPE:Internal solid infill
G1 F801
G1 X57.793 Y47.625 E.06484
G1 X57.293 Y47.229 E.0216
G1 X55.958 Y48.564 E.06391
G1 X56.34 Y48.887 E.01694
G1 X56.967 Y49.344 E.02626
M204 S10000
G1 X56.848 Y48.79 F7200
M204 S500
;WIDTH:0.390668
G1 F801
G1 X57.324 Y47.745 E.03321
G1 X56.515 Y48.54 E.03279
G1 X56.816 Y48.766 E.01086
; stop printing object fidget-finger-massager-2000-roller_plain.stl id:4713352688601451214 copy 0
;LAYER_CHANGE
;Z:20
;HEIGHT:0.200001
G92 E0
;_SET_FAN_SPEED_CHANGING_LAYER
; printing object fidget-finger-massager-2000-roller_plain.stl id:4713352688601451214 copy 0
M204 S10000
G1 E-.8 F1800
G1 X63.073 Y49.467 Z20.4 F7200
G1 Z20
G1 E.8 F1800
M204 S1500
;TYPE:Inner wall
;WIDTH:0.449999
G1 F801
G1 X63.666 Y49.559 E.02031
G1 X64.379 Y49.622 E.02422
G1 X64.379 Y52.317 E.09124
G1 X63.426 Y52.246 E.03234
G1 X62.628 Y52.133 E.02727
G1 X62.114 Y52.032 E.01773
G1 X63.059 Y49.505 E.09134
M204 S500
G1 X62.796 Y48.984 F7200
;TYPE:Outer wall
G1 F801
G1 X63.708 Y49.133 E.03126
G1 X64.304 Y49.191 E.02028
G1 X64.807 Y49.207 E.01704
G1 X64.807 Y52.758 E.12019
G1 X64.188 Y52.74 E.02097
G1 X63.226 Y52.65 E.03269
G1 X62.535 Y52.551 E.02365
M73 P70 R6
G1 X61.546 Y52.328 E.03431
G1 X62.782 Y49.021 E.11951
M204 S10000
G1 E-.8 F1800
M73 P70 R5
G1 X62.664 Y51.725 Z20.4 F7200
G1 Z20
G1 E.8 F1800
M204 S500
;TYPE:Internal solid infill
G1 F801
G1 X63.343 Y51.823 E.02323
G1 X63.972 Y51.883 E.02138
G1 X63.972 Y49.994 E.06394
G1 X63.339 Y49.918 E.02157
G1 X62.678 Y51.688 E.06394
M204 S10000
G1 X63.257 Y51.216 F7200
M204 S500
;WIDTH:0.390962
G1 F801
G1 X63.181 Y51.419 E.00627
G1 X63.594 Y51.472 E.01205
G1 X63.591 Y50.332 E.033
G1 X63.271 Y51.178 E.02618
M204 S10000
G1 E-.8 F1800
G1 X58.302 Y47.49 Z20.4 F7200
G1 Z20
G1 E.8 F1800
M204 S1500
;TYPE:Inner wall
;WIDTH:0.449999
G1 F801
G1 X57.166 Y49.983 E.09271
G1 X56.722 Y49.683 E.01812
G1 X56.069 Y49.19 E.0277
G1 X55.363 Y48.583 E.03153
G1 X57.244 Y46.702 E.09006
G1 X57.294 Y46.699 E.0017
G1 X57.823 Y47.139 E.02327
G1 X58.27 Y47.467 E.01876
M204 S500
G1 X58.84 Y47.344 F7200
;TYPE:Outer wall
G1 F801
G1 X57.359 Y50.594 E.12089
G1 X57.09 Y50.448 E.01036
G1 X56.483 Y50.04 E.02475
G1 X55.82 Y49.541 E.02806
G1 X55.187 Y49.006 E.02805
G1 X54.748 Y48.592 E.02043
G1 X57.259 Y46.081 E.12019
G1 X57.569 Y46.37 E.01434
G1 X58.205 Y46.9 E.02803
G1 X58.807 Y47.321 E.02485
M204 S10000
G1 E-.8 F1800
G1 X56.999 Y49.368 Z20.4 F7200
G1 Z20
G1 E.8 F1800
M204 S500
;TYPE:Internal solid infill
G1 F801
G1 X57.793 Y47.625 E.06484
G1 X57.293 Y47.228 E.0216
G1 X55.958 Y48.564 E.06392
G1 X56.34 Y48.887 E.01694
G1 X56.967 Y49.344 E.02626
M204 S10000
G1 X56.848 Y48.79 F7200
M204 S500
;WIDTH:0.390669
G1 F801
G1 X57.324 Y47.745 E.03321
G1 X56.515 Y48.54 E.0328
G1 X56.816 Y48.766 E.01086
; stop printing object fidget-finger-massager-2000-roller_plain.stl id:4713352688601451214 copy 0
;LAYER_CHANGE
;Z:20.2
;HEIGHT:0.200001
G92 E0
;_SET_FAN_SPEED_CHANGING_LAYER
; printing object fidget-finger-massager-2000-roller_plain.stl id:4713352688601451214 copy 0
M204 S10000
G1 E-.8 F1800
G1 X63.073 Y49.467 Z20.6 F7200
G1 Z20.2
G1 E.8 F1800
M204 S1500
;TYPE:Inner wall
;WIDTH:0.449999
G1 F801
G1 X63.666 Y49.559 E.02031
G1 X64.379 Y49.622 E.02422
G1 X64.379 Y52.317 E.09124
G1 X63.426 Y52.246 E.03234
G1 X62.628 Y52.133 E.02727
G1 X62.114 Y52.032 E.01773
G1 X63.059 Y49.505 E.09134
M204 S500
G1 X62.796 Y48.984 F7200
;TYPE:Outer wall
G1 F801
G1 X63.708 Y49.133 E.03126
G1 X64.304 Y49.191 E.02028
G1 X64.807 Y49.207 E.01704
G1 X64.807 Y52.758 E.12019
G1 X64.188 Y52.74 E.02098
G1 X63.226 Y52.65 E.03269
G1 X62.535 Y52.551 E.02365
G1 X61.546 Y52.328 E.03431
G1 X62.782 Y49.021 E.11951
M204 S10000
G1 E-.8 F1800
G1 X62.664 Y51.725 Z20.6 F7200
G1 Z20.2
G1 E.8 F1800
M204 S500
;TYPE:Internal solid infill
G1 F801
G1 X63.343 Y51.823 E.02323
G1 X63.972 Y51.883 E.02138
G1 X63.972 Y49.994 E.06394
G1 X63.339 Y49.918 E.02157
G1 X62.678 Y51.688 E.06394
M204 S10000
G1 X63.257 Y51.216 F7200
M204 S500
;WIDTH:0.390962
G1 F801
G1 X63.181 Y51.419 E.00627
G1 X63.594 Y51.472 E.01205
G1 X63.591 Y50.332 E.033
G1 X63.271 Y51.178 E.02618
M204 S10000
G1 E-.8 F1800
G1 X58.302 Y47.49 Z20.6 F7200
G1 Z20.2
G1 E.8 F1800
M204 S1500
;TYPE:Inner wall
;WIDTH:0.449999
G1 F801
G1 X57.166 Y49.983 E.09271
G1 X56.722 Y49.683 E.01812
G1 X56.069 Y49.19 E.0277
G1 X55.363 Y48.583 E.03153
G1 X56.758 Y47.188 E.06679
G1 X57.286 Y46.692 E.02452
G1 X57.823 Y47.14 E.02367
G1 X58.27 Y47.467 E.01874
M204 S500
G1 X58.84 Y47.344 F7200
;TYPE:Outer wall
G1 F801
G1 X57.359 Y50.594 E.12089
G1 X57.09 Y50.448 E.01036
G1 X56.483 Y50.04 E.02475
G1 X55.82 Y49.541 E.02806
G1 X55.187 Y49.006 E.02805
G1 X54.748 Y48.592 E.02043
G1 X57.259 Y46.081 E.12019
G1 X57.561 Y46.363 E.01397
G1 X58.205 Y46.9 E.0284
G1 X58.807 Y47.321 E.02486
M204 S10000
G1 E-.8 F1800
G1 X56.999 Y49.368 Z20.6 F7200
G1 Z20.2
G1 E.8 F1800
M204 S500
;TYPE:Internal solid infill
G1 F801
G1 X57.793 Y47.625 E.06484
G1 X57.294 Y47.228 E.0216
G1 X55.958 Y48.564 E.06393
G1 X56.34 Y48.887 E.01694
G1 X56.967 Y49.344 E.02626
M204 S10000
G1 X56.848 Y48.79 F7200
M204 S500
;WIDTH:0.390668
G1 F801
G1 X57.324 Y47.745 E.03321
G1 X56.515 Y48.54 E.0328
G1 X56.816 Y48.766 E.01086
; stop printing object fidget-finger-massager-2000-roller_plain.stl id:4713352688601451214 copy 0
;LAYER_CHANGE
;Z:20.4
;HEIGHT:0.199999
G92 E0
;_SET_FAN_SPEED_CHANGING_LAYER
; printing object fidget-finger-massager-2000-roller_plain.stl id:4713352688601451214 copy 0
M204 S10000
G1 E-.8 F1800
G1 X63.073 Y49.467 Z20.8 F7200
G1 Z20.4
G1 E.8 F1800
M204 S1500
;TYPE:Inner wall
;WIDTH:0.449999
G1 F801
G1 X63.666 Y49.559 E.02031
G1 X64.379 Y49.622 E.02422
G1 X64.379 Y52.317 E.09124
G1 X63.426 Y52.246 E.03234
G1 X62.628 Y52.133 E.02727
G1 X62.114 Y52.032 E.01773
G1 X63.059 Y49.505 E.09134
M204 S500
G1 X62.796 Y48.984 F7200
;TYPE:Outer wall
G1 F801
G1 X63.708 Y49.133 E.03126
G1 X64.304 Y49.191 E.02028
G1 X64.807 Y49.207 E.01704
G1 X64.807 Y52.758 E.12019
G1 X64.188 Y52.74 E.02098
G1 X63.226 Y52.65 E.03269
G1 X62.535 Y52.551 E.02365
G1 X61.546 Y52.328 E.03431
G1 X62.782 Y49.021 E.11951
M204 S10000
G1 E-.8 F1800
G1 X62.664 Y51.725 Z20.8 F7200
G1 Z20.4
M73 P71 R5
G1 E.8 F1800
M204 S500
;TYPE:Internal solid infill
G1 F801
G1 X63.343 Y51.823 E.02323
G1 X63.972 Y51.883 E.02138
G1 X63.972 Y49.994 E.06394
G1 X63.339 Y49.918 E.02157
G1 X62.678 Y51.688 E.06394
M204 S10000
G1 X63.257 Y51.216 F7200
M204 S500
;WIDTH:0.390962
G1 F801
G1 X63.181 Y51.419 E.00627
G1 X63.594 Y51.472 E.01205
G1 X63.591 Y50.332 E.033
G1 X63.271 Y51.178 E.02618
M204 S10000
G1 E-.8 F1800
G1 X58.302 Y47.49 Z20.8 F7200
G1 Z20.4
G1 E.8 F1800
M204 S1500
;TYPE:Inner wall
;WIDTH:0.449999
G1 F801
G1 X57.166 Y49.983 E.09271
G1 X56.722 Y49.683 E.01812
G1 X56.069 Y49.19 E.0277
G1 X55.363 Y48.583 E.03153
G1 X57.278 Y46.684 E.09128
G1 X57.824 Y47.14 E.02406
G1 X58.27 Y47.467 E.01872
M204 S500
G1 X58.84 Y47.344 F7200
;TYPE:Outer wall
G1 F801
G1 X57.359 Y50.594 E.12089
G1 X57.09 Y50.448 E.01036
G1 X56.483 Y50.04 E.02475
G1 X55.82 Y49.541 E.02806
G1 X55.187 Y49.006 E.02805
G1 X54.748 Y48.592 E.02043
G1 X57.259 Y46.081 E.12019
G1 X57.553 Y46.355 E.01361
G1 X58.205 Y46.9 E.02876
G1 X58.807 Y47.321 E.02486
M204 S10000
G1 E-.8 F1800
G1 X56.999 Y49.368 Z20.8 F7200
G1 Z20.4
G1 E.8 F1800
M204 S500
;TYPE:Internal solid infill
G1 F801
G1 X57.793 Y47.625 E.06484
G1 X57.294 Y47.228 E.02159
G1 X55.958 Y48.564 E.06394
G1 X56.34 Y48.887 E.01694
G1 X56.967 Y49.344 E.02626
M204 S10000
G1 X56.848 Y48.79 F7200
M204 S500
;WIDTH:0.390668
G1 F801
G1 X57.324 Y47.745 E.03321
G1 X56.515 Y48.54 E.0328
G1 X56.816 Y48.766 E.01086
; stop printing object fidget-finger-massager-2000-roller_plain.stl id:4713352688601451214 copy 0
;LAYER_CHANGE
;Z:20.6
;HEIGHT:0.200001
G92 E0
;_SET_FAN_SPEED_CHANGING_LAYER
; printing object fidget-finger-massager-2000-roller_plain.stl id:4713352688601451214 copy 0
M204 S10000
G1 E-.8 F1800
G1 X63.073 Y49.467 Z21 F7200
G1 Z20.6
G1 E.8 F1800
M204 S1500
;TYPE:Inner wall
;WIDTH:0.449999
G1 F801
G1 X63.666 Y49.559 E.02031
G1 X64.379 Y49.622 E.02422
G1 X64.379 Y52.317 E.09124
G1 X63.426 Y52.246 E.03234
G1 X62.628 Y52.133 E.02727
G1 X62.114 Y52.032 E.01773
G1 X63.059 Y49.505 E.09134
M204 S500
G1 X62.796 Y48.984 F7200
;TYPE:Outer wall
G1 F801
G1 X63.708 Y49.133 E.03126
G1 X64.304 Y49.191 E.02028
G1 X64.807 Y49.207 E.01704
G1 X64.807 Y52.758 E.12019
G1 X64.188 Y52.74 E.02097
G1 X63.226 Y52.65 E.03269
G1 X62.535 Y52.551 E.02365
G1 X61.546 Y52.328 E.03431
G1 X62.782 Y49.021 E.11951
M204 S10000
G1 E-.8 F1800
G1 X62.664 Y51.725 Z21 F7200
G1 Z20.6
G1 E.8 F1800
M204 S500
;TYPE:Internal solid infill
G1 F801
G1 X63.343 Y51.823 E.02323
G1 X63.972 Y51.883 E.02138
G1 X63.972 Y49.994 E.06394
G1 X63.339 Y49.918 E.02157
G1 X62.678 Y51.688 E.06394
M204 S10000
G1 X63.257 Y51.216 F7200
M204 S500
;WIDTH:0.390962
G1 F801
G1 X63.181 Y51.419 E.00627
G1 X63.594 Y51.472 E.01205
G1 X63.591 Y50.332 E.033
G1 X63.271 Y51.178 E.02618
M204 S10000
G1 E-.8 F1800
G1 X58.302 Y47.49 Z21 F7200
G1 Z20.6
G1 E.8 F1800
M204 S1500
;TYPE:Inner wall
;WIDTH:0.449999
G1 F801
G1 X57.166 Y49.983 E.09271
G1 X56.722 Y49.683 E.01812
G1 X56.069 Y49.19 E.0277
G1 X55.363 Y48.583 E.03153
G1 X57.27 Y46.677 E.09125
G1 X57.824 Y47.14 E.02446
G1 X58.27 Y47.467 E.0187
M204 S500
G1 X58.84 Y47.344 F7200
;TYPE:Outer wall
G1 F801
G1 X57.359 Y50.594 E.12089
G1 X57.09 Y50.448 E.01036
G1 X56.483 Y50.04 E.02475
G1 X55.82 Y49.541 E.02806
G1 X55.187 Y49.006 E.02805
G1 X54.748 Y48.592 E.02043
G1 X57.259 Y46.081 E.12019
G1 X57.545 Y46.348 E.01324
G1 X58.205 Y46.9 E.02913
G1 X58.807 Y47.321 E.02486
M204 S10000
G1 E-.8 F1800
G1 X56.999 Y49.368 Z21 F7200
G1 Z20.6
G1 E.8 F1800
M204 S500
;TYPE:Internal solid infill
G1 F801
G1 X57.793 Y47.625 E.06484
G1 X57.294 Y47.228 E.02159
G1 X55.958 Y48.564 E.06396
G1 X56.34 Y48.887 E.01694
G1 X56.967 Y49.344 E.02626
M204 S10000
G1 X56.848 Y48.79 F7200
M204 S500
;WIDTH:0.390668
G1 F801
G1 X57.324 Y47.745 E.03322
G1 X56.515 Y48.54 E.0328
G1 X56.816 Y48.766 E.01086
; stop printing object fidget-finger-massager-2000-roller_plain.stl id:4713352688601451214 copy 0
;LAYER_CHANGE
;Z:20.8
;HEIGHT:0.199999
G92 E0
;_SET_FAN_SPEED_CHANGING_LAYER
; printing object fidget-finger-massager-2000-roller_plain.stl id:4713352688601451214 copy 0
M204 S10000
G1 E-.8 F1800
G1 X63.073 Y49.467 Z21.2 F7200
G1 Z20.8
G1 E.8 F1800
M204 S1500
;TYPE:Inner wall
;WIDTH:0.449999
G1 F801
G1 X63.666 Y49.559 E.02031
G1 X64.379 Y49.622 E.02422
G1 X64.379 Y52.317 E.09124
G1 X63.426 Y52.246 E.03234
G1 X62.628 Y52.133 E.02727
G1 X62.114 Y52.032 E.01773
G1 X63.059 Y49.505 E.09134
M204 S500
G1 X62.796 Y48.984 F7200
;TYPE:Outer wall
G1 F801
G1 X63.708 Y49.133 E.03126
G1 X64.304 Y49.191 E.02028
G1 X64.807 Y49.207 E.01704
G1 X64.807 Y52.758 E.12019
G1 X64.188 Y52.74 E.02098
G1 X63.226 Y52.65 E.03269
G1 X62.535 Y52.551 E.02365
G1 X61.546 Y52.328 E.03431
G1 X62.782 Y49.021 E.11951
M204 S10000
G1 E-.8 F1800
G1 X62.664 Y51.725 Z21.2 F7200
G1 Z20.8
G1 E.8 F1800
M204 S500
;TYPE:Internal solid infill
G1 F801
G1 X63.343 Y51.823 E.02323
G1 X63.972 Y51.883 E.02138
G1 X63.972 Y49.994 E.06394
G1 X63.339 Y49.918 E.02157
G1 X62.678 Y51.688 E.06394
M204 S10000
G1 X63.257 Y51.216 F7200
M73 P72 R5
M204 S500
;WIDTH:0.390962
G1 F801
G1 X63.181 Y51.419 E.00627
G1 X63.594 Y51.472 E.01205
G1 X63.591 Y50.332 E.033
G1 X63.271 Y51.178 E.02618
M204 S10000
G1 E-.8 F1800
G1 X58.302 Y47.49 Z21.2 F7200
G1 Z20.8
G1 E.8 F1800
M204 S1500
;TYPE:Inner wall
;WIDTH:0.449999
G1 F801
G1 X57.166 Y49.983 E.09271
G1 X56.722 Y49.683 E.01812
G1 X56.069 Y49.19 E.0277
G1 X55.363 Y48.583 E.03153
G1 X57.27 Y46.676 E.09129
G1 X57.825 Y47.141 E.02449
G1 X58.27 Y47.467 E.01868
M204 S500
G1 X58.84 Y47.344 F7200
;TYPE:Outer wall
G1 F801
G1 X57.359 Y50.594 E.12089
G1 X57.09 Y50.448 E.01036
G1 X56.483 Y50.04 E.02475
G1 X55.82 Y49.541 E.02806
G1 X55.187 Y49.006 E.02805
G1 X54.748 Y48.592 E.02043
G1 X57.259 Y46.081 E.12019
G1 X57.537 Y46.341 E.01288
G1 X58.205 Y46.9 E.02949
G1 X58.807 Y47.321 E.02486
M204 S10000
G1 E-.8 F1800
G1 X56.999 Y49.368 Z21.2 F7200
G1 Z20.8
G1 E.8 F1800
M204 S500
;TYPE:Internal solid infill
G1 F801
G1 X57.793 Y47.625 E.06484
G1 X57.294 Y47.227 E.02159
G1 X55.958 Y48.564 E.06397
G1 X56.34 Y48.887 E.01694
G1 X56.967 Y49.344 E.02626
M204 S10000
G1 X56.848 Y48.79 F7200
M204 S500
;WIDTH:0.390667
G1 F801
G1 X57.324 Y47.745 E.03322
G1 X56.515 Y48.54 E.03281
G1 X56.816 Y48.766 E.01086
; stop printing object fidget-finger-massager-2000-roller_plain.stl id:4713352688601451214 copy 0
;LAYER_CHANGE
;Z:21
;HEIGHT:0.200001
G92 E0
;_SET_FAN_SPEED_CHANGING_LAYER
; printing object fidget-finger-massager-2000-roller_plain.stl id:4713352688601451214 copy 0
M204 S10000
G1 E-.8 F1800
G1 X63.073 Y49.467 Z21.4 F7200
G1 Z21
G1 E.8 F1800
M204 S1500
;TYPE:Inner wall
;WIDTH:0.449999
G1 F801
G1 X63.666 Y49.559 E.02031
G1 X64.379 Y49.622 E.02422
G1 X64.379 Y52.317 E.09124
G1 X63.426 Y52.246 E.03234
G1 X62.628 Y52.133 E.02727
G1 X62.114 Y52.032 E.01773
G1 X63.059 Y49.505 E.09133
M204 S500
G1 X62.796 Y48.984 F7200
;TYPE:Outer wall
G1 F801
G1 X63.708 Y49.133 E.03127
G1 X64.304 Y49.191 E.02028
G1 X64.807 Y49.207 E.01704
G1 X64.807 Y52.758 E.12019
G1 X64.188 Y52.74 E.02098
G1 X63.226 Y52.65 E.03269
G1 X62.535 Y52.551 E.02365
G1 X61.546 Y52.328 E.03431
G1 X62.782 Y49.022 E.1195
M204 S10000
G1 E-.8 F1800
G1 X62.664 Y51.725 Z21.4 F7200
G1 Z21
G1 E.8 F1800
M204 S500
;TYPE:Internal solid infill
G1 F801
G1 X63.343 Y51.823 E.02323
G1 X63.972 Y51.883 E.02138
G1 X63.972 Y49.994 E.06393
G1 X63.339 Y49.918 E.02157
G1 X62.678 Y51.688 E.06394
M204 S10000
G1 X63.257 Y51.216 F7200
M204 S500
;WIDTH:0.390962
G1 F801
G1 X63.181 Y51.419 E.00627
G1 X63.594 Y51.472 E.01205
G1 X63.591 Y50.332 E.033
G1 X63.271 Y51.178 E.02618
M204 S10000
G1 E-.8 F1800
G1 X58.302 Y47.49 Z21.4 F7200
G1 Z21
G1 E.8 F1800
M204 S1500
;TYPE:Inner wall
;WIDTH:0.449999
G1 F801
G1 X57.166 Y49.983 E.09271
G1 X56.722 Y49.683 E.01812
G1 X56.069 Y49.19 E.0277
G1 X55.363 Y48.583 E.03153
G1 X57.271 Y46.676 E.09131
G1 X57.825 Y47.141 E.0245
G1 X58.27 Y47.467 E.01866
M204 S500
G1 X58.84 Y47.344 F7200
;TYPE:Outer wall
G1 F801
G1 X57.359 Y50.594 E.12089
G1 X57.09 Y50.448 E.01036
G1 X56.483 Y50.04 E.02475
G1 X55.82 Y49.541 E.02806
G1 X55.187 Y49.006 E.02805
G1 X54.748 Y48.592 E.02043
G1 X57.259 Y46.081 E.12019
G1 X57.529 Y46.333 E.01251
G1 X58.205 Y46.9 E.02986
G1 X58.807 Y47.321 E.02486
M204 S10000
G1 E-.8 F1800
G1 X56.999 Y49.368 Z21.4 F7200
G1 Z21
G1 E.8 F1800
M204 S500
;TYPE:Internal solid infill
G1 F801
G1 X57.793 Y47.625 E.06484
G1 X57.295 Y47.227 E.02159
G1 X55.958 Y48.564 E.06398
G1 X56.34 Y48.887 E.01694
G1 X56.967 Y49.344 E.02626
M204 S10000
G1 X56.848 Y48.79 F7200
M204 S500
;WIDTH:0.390667
G1 F801
G1 X57.324 Y47.744 E.03322
G1 X56.515 Y48.54 E.03281
G1 X56.816 Y48.766 E.01086
; stop printing object fidget-finger-massager-2000-roller_plain.stl id:4713352688601451214 copy 0
;LAYER_CHANGE
;Z:21.2
;HEIGHT:0.200001
G92 E0
;_SET_FAN_SPEED_CHANGING_LAYER
; printing object fidget-finger-massager-2000-roller_plain.stl id:4713352688601451214 copy 0
M204 S10000
G1 E-.8 F1800
G1 X63.073 Y49.467 Z21.6 F7200
G1 Z21.2
G1 E.8 F1800
M204 S1500
;TYPE:Inner wall
;WIDTH:0.449999
G1 F801
G1 X63.666 Y49.559 E.02031
G1 X64.379 Y49.622 E.02422
G1 X64.379 Y52.317 E.09124
G1 X63.426 Y52.246 E.03234
G1 X62.628 Y52.133 E.02727
G1 X62.114 Y52.032 E.01773
G1 X63.059 Y49.505 E.09134
M204 S500
G1 X62.796 Y48.984 F7200
;TYPE:Outer wall
G1 F801
G1 X63.708 Y49.133 E.03126
G1 X64.304 Y49.191 E.02028
G1 X64.807 Y49.207 E.01704
G1 X64.807 Y52.758 E.12019
G1 X64.188 Y52.74 E.02097
G1 X63.226 Y52.65 E.03269
G1 X62.535 Y52.551 E.02365
G1 X61.546 Y52.328 E.03431
G1 X62.782 Y49.021 E.11951
M204 S10000
G1 E-.8 F1800
G1 X62.664 Y51.725 Z21.6 F7200
G1 Z21.2
G1 E.8 F1800
M204 S500
;TYPE:Internal solid infill
G1 F801
G1 X63.343 Y51.823 E.02323
G1 X63.972 Y51.883 E.02138
G1 X63.972 Y49.994 E.06394
G1 X63.339 Y49.918 E.02157
G1 X62.678 Y51.688 E.06394
M204 S10000
G1 X63.257 Y51.216 F7200
M204 S500
;WIDTH:0.390962
G1 F801
G1 X63.181 Y51.419 E.00627
G1 X63.594 Y51.472 E.01205
G1 X63.591 Y50.332 E.033
G1 X63.271 Y51.178 E.02618
M204 S10000
G1 E-.8 F1800
G1 X58.302 Y47.49 Z21.6 F7200
G1 Z21.2
M73 P73 R5
G1 E.8 F1800
M204 S1500
;TYPE:Inner wall
;WIDTH:0.449999
G1 F801
G1 X57.166 Y49.983 E.09271
G1 X56.722 Y49.683 E.01812
G1 X56.069 Y49.19 E.0277
G1 X55.363 Y48.583 E.03153
G1 X57.271 Y46.675 E.09133
G1 X57.825 Y47.141 E.02452
G1 X58.27 Y47.467 E.01864
M204 S500
G1 X58.84 Y47.344 F7200
;TYPE:Outer wall
G1 F801
G1 X57.359 Y50.594 E.12089
G1 X57.09 Y50.448 E.01036
G1 X56.483 Y50.04 E.02475
G1 X55.82 Y49.541 E.02806
G1 X55.187 Y49.006 E.02805
G1 X54.748 Y48.592 E.02043
G1 X57.259 Y46.081 E.12019
G1 X57.521 Y46.326 E.01215
G1 X58.205 Y46.9 E.03022
G1 X58.807 Y47.321 E.02486
M204 S10000
G1 E-.8 F1800
G1 X56.999 Y49.368 Z21.6 F7200
G1 Z21.2
G1 E.8 F1800
M204 S500
;TYPE:Internal solid infill
G1 F801
G1 X57.793 Y47.625 E.06484
G1 X57.295 Y47.227 E.02159
G1 X55.958 Y48.564 E.06399
G1 X56.34 Y48.887 E.01694
G1 X56.967 Y49.344 E.02626
M204 S10000
G1 X56.848 Y48.79 F7200
M204 S500
;WIDTH:0.390669
G1 F801
G1 X57.324 Y47.744 E.03322
G1 X56.515 Y48.54 E.03281
G1 X56.816 Y48.766 E.01086
; stop printing object fidget-finger-massager-2000-roller_plain.stl id:4713352688601451214 copy 0
;LAYER_CHANGE
;Z:21.4
;HEIGHT:0.199999
G92 E0
;_SET_FAN_SPEED_CHANGING_LAYER
; printing object fidget-finger-massager-2000-roller_plain.stl id:4713352688601451214 copy 0
M204 S10000
G1 E-.8 F1800
G1 X63.073 Y49.467 Z21.8 F7200
G1 Z21.4
G1 E.8 F1800
M204 S1500
;TYPE:Inner wall
;WIDTH:0.449999
G1 F801
G1 X63.666 Y49.559 E.0203
G1 X64.379 Y49.622 E.02422
G1 X64.379 Y52.317 E.09124
G1 X63.426 Y52.246 E.03234
G1 X62.628 Y52.133 E.02727
G1 X62.114 Y52.032 E.01773
G1 X63.059 Y49.504 E.09135
M204 S500
G1 X62.797 Y48.983 F7200
;TYPE:Outer wall
G1 F801
G1 X63.708 Y49.133 E.03126
G1 X64.304 Y49.191 E.02028
G1 X64.807 Y49.207 E.01704
G1 X64.807 Y52.758 E.12019
G1 X64.188 Y52.74 E.02098
G1 X63.226 Y52.65 E.03269
G1 X62.535 Y52.551 E.02365
G1 X61.546 Y52.328 E.03431
G1 X62.783 Y49.021 E.11953
M204 S10000
G1 E-.8 F1800
G1 X62.664 Y51.725 Z21.8 F7200
G1 Z21.4
G1 E.8 F1800
M204 S500
;TYPE:Internal solid infill
G1 F801
G1 X63.343 Y51.823 E.02323
G1 X63.972 Y51.883 E.02138
G1 X63.972 Y49.994 E.06394
G1 X63.339 Y49.918 E.02156
G1 X62.678 Y51.688 E.06395
M204 S10000
G1 X63.257 Y51.216 F7200
M204 S500
;WIDTH:0.390962
G1 F801
G1 X63.181 Y51.419 E.00627
G1 X63.594 Y51.472 E.01205
G1 X63.591 Y50.332 E.03301
G1 X63.271 Y51.178 E.02618
M204 S10000
G1 E-.8 F1800
G1 X58.302 Y47.49 Z21.8 F7200
G1 Z21.4
G1 E.8 F1800
M204 S1500
;TYPE:Inner wall
;WIDTH:0.449999
G1 F801
G1 X57.166 Y49.983 E.09271
G1 X56.722 Y49.683 E.01812
G1 X56.069 Y49.19 E.0277
G1 X55.363 Y48.583 E.03153
G1 X57.271 Y46.675 E.09134
G1 X57.826 Y47.141 E.02453
G1 X58.27 Y47.467 E.01863
M204 S500
G1 X58.84 Y47.344 F7200
;TYPE:Outer wall
G1 F801
G1 X57.359 Y50.594 E.12089
G1 X57.09 Y50.448 E.01036
G1 X56.483 Y50.04 E.02475
G1 X55.82 Y49.541 E.02806
G1 X55.187 Y49.006 E.02805
G1 X54.748 Y48.592 E.02043
G1 X57.259 Y46.081 E.12019
G1 X57.513 Y46.319 E.01178
G1 X58.205 Y46.9 E.03058
G1 X58.807 Y47.321 E.02486
M204 S10000
G1 E-.8 F1800
G1 X56.999 Y49.368 Z21.8 F7200
G1 Z21.4
G1 E.8 F1800
M204 S500
;TYPE:Internal solid infill
G1 F801
G1 X57.793 Y47.625 E.06484
G1 X57.295 Y47.227 E.02159
G1 X55.958 Y48.564 E.064
G1 X56.34 Y48.887 E.01694
G1 X56.967 Y49.344 E.02626
M204 S10000
G1 X56.848 Y48.79 F7200
M204 S500
;WIDTH:0.390667
G1 F801
G1 X57.324 Y47.744 E.03323
G1 X56.515 Y48.54 E.03281
G1 X56.816 Y48.766 E.01086
; stop printing object fidget-finger-massager-2000-roller_plain.stl id:4713352688601451214 copy 0
;LAYER_CHANGE
;Z:21.6
;HEIGHT:0.200001
G92 E0
;_SET_FAN_SPEED_CHANGING_LAYER
; printing object fidget-finger-massager-2000-roller_plain.stl id:4713352688601451214 copy 0
M204 S10000
G1 E-.8 F1800
G1 X62.749 Y49.416 Z22 F7200
G1 Z21.6
G1 E.8 F1800
M204 S1500
;TYPE:Inner wall
;WIDTH:0.449999
G1 F1227
G1 X62.778 Y49.423 E.00102
G1 X63.531 Y49.546 E.02582
G1 X64.379 Y49.622 E.02881
G1 X64.379 Y52.317 E.09124
G1 X63.402 Y52.242 E.03315
G1 X62.593 Y52.126 E.02767
G1 X61.894 Y51.988 E.02411
G1 X61.279 Y51.828 E.02151
M204 S250
;TYPE:Overhang wall
M106 S255
G1 X60.367 Y51.552 E.03227
G1 X59.843 Y51.364 E.01883
G1 X59.183 Y51.088 E.02419
G1 X58.538 Y50.781 E.02421
G1 X57.898 Y50.435 E.02461
M204 S1500
;TYPE:Inner wall
M106 S252
G1 X57.225 Y50.023 E.02671
G1 X56.559 Y49.56 E.02745
G1 X56.069 Y49.19 E.02077
G1 X55.363 Y48.583 E.03153
G1 X57.272 Y46.674 E.09136
G1 X57.916 Y47.218 E.02853
G1 X58.784 Y47.826 E.03586
G1 X59.022 Y47.968 E.0094
M204 S250
;TYPE:Overhang wall
M106 S255
G1 X59.338 Y48.157 E.01243
G1 X59.797 Y48.397 E.01756
G1 X60.313 Y48.64 E.01928
G1 X60.839 Y48.858 E.01926
G1 X61.375 Y49.051 E.01929
G1 X61.905 Y49.214 E.01879
G1 X62.228 Y49.291 E.01122
M204 S1500
;TYPE:Inner wall
M106 S252
G1 X62.71 Y49.406 E.01679
M204 S500
G1 X62.941 Y49.015 F7200
;TYPE:Outer wall
G1 F1227
G1 X63.573 Y49.119 E.02168
G1 X64.304 Y49.191 E.02486
G1 X64.807 Y49.207 E.01704
G1 X64.807 Y52.758 E.12019
G1 X64.204 Y52.741 E.02043
G1 X63.378 Y52.672 E.02805
G1 X62.557 Y52.556 E.02806
G1 X61.834 Y52.414 E.02493
G1 X61.126 Y52.239 E.02471
M204 S250
;TYPE:Overhang wall
M106 S255
G1 X60.414 Y52.024 E.02516
G1 X59.72 Y51.776 E.02494
G1 X59.04 Y51.495 E.02492
G1 X58.374 Y51.179 E.02494
G1 X57.719 Y50.827 E.02516
M204 S500
;TYPE:Outer wall
M106 S252
G1 X57.094 Y50.451 E.02471
G1 X56.483 Y50.04 E.02493
G1 X55.82 Y49.541 E.02807
G1 X55.187 Y49.006 E.02805
G1 X54.748 Y48.592 E.02043
G1 X57.259 Y46.081 E.12019
G1 X57.506 Y46.311 E.01141
G1 X58.192 Y46.89 E.0304
G1 X59.005 Y47.459 E.03357
G1 X59.201 Y47.576 E.00773
M204 S250
;TYPE:Overhang wall
M106 S255
G1 X59.513 Y47.763 E.01232
G1 X59.995 Y48.017 E.01844
G1 X60.488 Y48.249 E.01844
G1 X60.991 Y48.457 E.01842
G1 X61.504 Y48.642 E.01844
G1 X62.006 Y48.798 E.01779
G1 X62.379 Y48.887 E.01299
M204 S500
;TYPE:Outer wall
M106 S252
G1 X62.848 Y49 E.01634
G1 X62.902 Y49.009 E.00183
M204 S10000
G1 E-.8 F1800
G1 X62.467 Y51.682 Z22 F7200
G1 Z21.6
G1 E.8 F1800
M204 S250
;TYPE:Bridge
;WIDTH:0.45
G1 F1227
M106 S255
G1 X57.334 Y49.556 E.18806
G1 X57.503 Y49.185 E.01379
G1 X62.44 Y51.23 E.18089
G1 X62.583 Y50.849 E.01379
M73 P74 R5
G1 X57.672 Y48.815 E.17993
G1 X57.84 Y48.444 E.01379
G1 X62.725 Y50.467 E.17897
G1 X62.868 Y50.086 E.01379
G1 X57.84 Y48.003 E.18421
M204 S10000
G1 X56.978 Y49.354 F7200
M204 S500
;TYPE:Internal solid infill
;WIDTH:0.449999
G1 F1227
M106 S252
G1 X57.772 Y47.613 E.06477
G1 X57.295 Y47.227 E.02077
G1 X55.958 Y48.564 E.06401
G1 X56.341 Y48.887 E.01694
G1 X56.946 Y49.33 E.02541
M204 S10000
G1 X56.829 Y48.783 F7200
M204 S500
;WIDTH:0.380273
G1 F1227
G1 X57.302 Y47.746 E.03198
G1 X56.508 Y48.541 E.03152
G1 X56.798 Y48.759 E.01019
M204 S10000
G1 E-.8 F1800
G1 X62.688 Y51.73 Z22 F7200
G1 Z21.6
G1 E.8 F1800
M204 S500
;WIDTH:0.449999
G1 F1227
G1 X63.355 Y51.824 E.0228
G1 X63.972 Y51.883 E.02097
G1 X63.972 Y49.998 E.06381
G1 X63.358 Y49.937 E.02087
G1 X62.702 Y51.692 E.06344
M204 S10000
G1 X63.199 Y51.426 F7200
M204 S500
;WIDTH:0.380522
G1 F1227
G1 X63.599 Y51.478 E.01134
G1 X63.599 Y50.355 E.03152
G1 X63.213 Y51.389 E.03098
; stop printing object fidget-finger-massager-2000-roller_plain.stl id:4713352688601451214 copy 0
;LAYER_CHANGE
;Z:21.8
;HEIGHT:0.199999
G92 E0
;_SET_FAN_SPEED_CHANGING_LAYER
; printing object fidget-finger-massager-2000-roller_plain.stl id:4713352688601451214 copy 0
M204 S10000
G1 E-.8 F1800
G1 X62.749 Y49.416 Z22.2 F7200
G1 Z21.8
G1 E.8 F1800
M204 S1500
;TYPE:Inner wall
;WIDTH:0.449999
G1 F1168
G1 X62.778 Y49.423 E.00103
G1 X63.531 Y49.546 E.02582
G1 X64.379 Y49.622 E.02881
G1 X64.379 Y52.317 E.09124
G1 X63.402 Y52.242 E.03315
G1 X62.593 Y52.126 E.02767
G1 X61.893 Y51.987 E.02417
G1 X61.032 Y51.763 E.03011
G1 X60.367 Y51.553 E.02359
G1 X59.837 Y51.361 E.0191
G1 X59.19 Y51.091 E.02371
G1 X58.542 Y50.783 E.02429
G1 X57.911 Y50.443 E.02427
G1 X57.221 Y50.02 E.0274
G1 X56.559 Y49.56 E.02728
G1 X56.069 Y49.19 E.02077
G1 X55.363 Y48.583 E.03153
G1 X57.283 Y46.663 E.0919
G1 X57.908 Y47.21 E.0281
G1 X58.78 Y47.823 E.03609
G1 X59.348 Y48.162 E.0224
G1 X59.801 Y48.399 E.01732
G1 X60.319 Y48.643 E.01936
G1 X60.832 Y48.855 E.01879
G1 X61.37 Y49.049 E.01936
G1 X61.903 Y49.213 E.01888
G1 X62.71 Y49.406 E.02807
M204 S500
G1 X62.972 Y49.02 F7200
;TYPE:Outer wall
G1 F1168
G1 X63.573 Y49.119 E.0206
G1 X64.304 Y49.191 E.02486
G1 X64.807 Y49.207 E.01704
G1 X64.807 Y52.758 E.12019
G1 X64.204 Y52.741 E.02043
G1 X63.378 Y52.672 E.02805
G1 X62.557 Y52.556 E.02806
G1 X61.833 Y52.414 E.02499
G1 X61.116 Y52.236 E.025
G1 X60.409 Y52.022 E.025
G1 X59.713 Y51.774 E.025
G1 X59.047 Y51.498 E.02443
G1 X58.379 Y51.182 E.025
G1 X57.728 Y50.833 E.025
G1 X57.095 Y50.452 E.025
G1 X56.483 Y50.04 E.02499
G1 X55.82 Y49.541 E.02806
G1 X55.187 Y49.006 E.02805
G1 X54.748 Y48.592 E.02043
G1 X57.263 Y46.077 E.12039
G1 X58.19 Y46.888 E.04167
G1 X59.001 Y47.456 E.03352
G1 X59.515 Y47.763 E.02028
G1 X59.999 Y48.019 E.01854
G1 X60.495 Y48.252 E.01852
G1 X60.985 Y48.455 E.01795
G1 X61.499 Y48.64 E.01852
G1 X62.004 Y48.796 E.01789
G1 X62.848 Y49 E.02939
G1 X62.933 Y49.014 E.00291
M204 S10000
G1 X62.53 Y49.786 F7200
M204 S500
;TYPE:Internal solid infill
G1 F1168
G1 X63.972 Y51.227 E.06902
G1 X63.972 Y49.998 E.04163
G1 X63.438 Y49.944 E.01816
G1 X62.569 Y49.794 E.02984
M204 S10000
G1 X63.622 Y50.297 F7200
M204 S500
;WIDTH:0.377014
G1 F1168
G1 X63.559 Y50.333 E.00201
G1 X63.623 Y50.367 E.00201
M204 S10000
G1 X64.216 Y52.009 F7200
M204 S500
;WIDTH:0.477138
G1 F1168
G1 X61.733 Y49.526 E.12677
G1 X61.087 Y49.322 E.02446
G1 X60.809 Y49.216 E.01074
G1 X63.497 Y51.904 E.13725
G1 X62.784 Y51.806 E.02599
G1 X59.73 Y48.752 E.15593
G1 X59.174 Y48.461 E.02266
G1 X58.562 Y48.095 E.02574
G1 X58.213 Y47.848 E.01546
G1 X62.027 Y51.663 E.19477
G1 X61.204 Y51.453 E.03067
G1 X57.093 Y47.342 E.20991
G1 X56.786 Y47.649 E.01568
G1 X60.296 Y51.16 E.17922
G1 X59.992 Y51.051 E.01165
G1 X59.268 Y50.745 E.02838
G1 X56.479 Y47.957 E.1424
G1 X56.172 Y48.264 E.01568
G1 X58.465 Y50.557 E.1171
; stop printing object fidget-finger-massager-2000-roller_plain.stl id:4713352688601451214 copy 0
;LAYER_CHANGE
;Z:22
;HEIGHT:0.200001
G92 E0
;_SET_FAN_SPEED_CHANGING_LAYER
; printing object fidget-finger-massager-2000-roller_plain.stl id:4713352688601451214 copy 0
M204 S10000
G1 E-.8 F1800
G1 X62.935 Y49.448 Z22.4 F7200
G1 Z22
G1 E.8 F1800
M204 S1500
;TYPE:Inner wall
;WIDTH:0.449999
G1 F1242
G1 X63.531 Y49.546 E.02044
G1 X64.379 Y49.622 E.02881
G1 X64.379 Y52.317 E.09124
G1 X63.402 Y52.242 E.03315
G1 X62.593 Y52.126 E.02767
G1 X61.891 Y51.987 E.02423
G1 X61.049 Y51.768 E.02943
G1 X60.369 Y51.553 E.02414
G1 X59.83 Y51.358 E.01939
G1 X59.197 Y51.094 E.02322
G1 X58.547 Y50.785 E.02437
G1 X57.914 Y50.444 E.02433
G1 X57.217 Y50.017 E.02768
G1 X56.559 Y49.56 E.02711
G1 X56.069 Y49.19 E.02077
G1 X55.363 Y48.583 E.03153
G1 X57.269 Y46.677 E.09123
G1 X58.291 Y47.483 E.04403
G1 X58.776 Y47.821 E.02002
G1 X59.358 Y48.167 E.02293
G1 X59.806 Y48.402 E.0171
G1 X60.326 Y48.645 E.01944
G1 X60.826 Y48.853 E.01832
G1 X61.365 Y49.048 E.01942
G1 X61.899 Y49.213 E.01891
G1 X62.778 Y49.423 E.03061
G1 X62.896 Y49.442 E.00403
M204 S500
G1 X63.005 Y49.026 F7200
;TYPE:Outer wall
G1 F1242
G1 X63.573 Y49.119 E.0195
G1 X64.304 Y49.191 E.02486
G1 X64.807 Y49.207 E.01704
G1 X64.807 Y52.758 E.12019
G1 X64.204 Y52.741 E.02043
G1 X63.378 Y52.672 E.02805
G1 X62.557 Y52.556 E.02806
G1 X61.831 Y52.413 E.02505
G1 X61.112 Y52.235 E.02506
G1 X60.404 Y52.021 E.02506
G1 X59.706 Y51.771 E.02507
G1 X59.053 Y51.5 E.02393
G1 X58.384 Y51.184 E.02507
G1 X57.731 Y50.834 E.02506
G1 X57.097 Y50.453 E.02506
G1 X56.483 Y50.04 E.02505
G1 X55.82 Y49.541 E.02806
G1 X55.187 Y49.006 E.02805
G1 X54.748 Y48.592 E.02043
G1 X57.259 Y46.081 E.12019
G1 X57.636 Y46.433 E.01744
G1 X58.536 Y47.132 E.03859
G1 X58.997 Y47.454 E.01902
G1 X59.517 Y47.764 E.02051
G1 X60.003 Y48.021 E.01862
G1 X60.501 Y48.254 E.0186
G1 X60.978 Y48.452 E.01747
G1 X61.494 Y48.639 E.01857
G1 X61.999 Y48.796 E.01791
G1 X62.848 Y49 E.02956
G1 X62.965 Y49.019 E.00402
M204 S10000
G1 E-.8 F1800
G1 X59.392 Y50.736 Z22.4 F7200
G1 Z22
G1 E.8 F1800
M204 S500
;TYPE:Internal solid infill
G1 F1242
G1 X60.007 Y50.991 E.02255
G1 X60.666 Y51.227 E.02367
G1 X61.334 Y51.429 E.02364
G1 X62.012 Y51.597 E.02364
G1 X62.696 Y51.731 E.02359
G1 X63.472 Y51.841 E.02652
G1 X63.972 Y51.883 E.01699
G1 X63.972 Y49.998 E.06382
G1 X63.438 Y49.944 E.01816
G1 X62.654 Y49.813 E.02691
G1 X61.805 Y49.608 E.02954
G1 X61.244 Y49.436 E.01987
G1 X60.681 Y49.233 E.02026
G1 X60.158 Y49.015 E.01917
G1 X59.619 Y48.762 E.02015
G1 X59.158 Y48.522 E.0176
G1 X58.532 Y48.148 E.02465
G1 X58.059 Y47.816 E.01957
G1 X57.291 Y47.231 E.03269
G1 X55.958 Y48.564 E.0638
G1 X56.342 Y48.887 E.01699
G1 X56.968 Y49.359 E.02652
G1 X57.546 Y49.747 E.02359
M73 P75 R5
G1 X58.144 Y50.108 E.02364
G1 X58.76 Y50.437 E.02364
G1 X59.356 Y50.719 E.02231
M204 S10000
G1 X59.545 Y50.358 F7200
M204 S500
G1 F1242
G1 X60.142 Y50.606 E.02188
G1 X60.613 Y50.776 E.01694
G1 X61.293 Y50.991 E.02414
G1 X62.087 Y51.197 E.02777
G1 X62.75 Y51.327 E.02285
G1 X63.565 Y51.44 E.02785
G1 X63.565 Y50.366 E.03637
G1 X62.941 Y50.274 E.02133
M73 P75 R4
G1 X62.342 Y50.157 E.02065
G1 X61.646 Y49.988 E.02424
G1 X61.121 Y49.824 E.01862
G1 X60.536 Y49.613 E.02105
G1 X59.992 Y49.387 E.01996
G1 X59.43 Y49.123 E.02099
G1 X58.971 Y48.884 E.01753
G1 X58.324 Y48.498 E.02552
G1 X57.318 Y47.78 E.04183
G1 X56.559 Y48.538 E.03632
G1 X57.049 Y48.911 E.02083
G1 X57.682 Y49.349 E.02606
G1 X58.334 Y49.747 E.02585
G1 X58.931 Y50.067 E.02295
G1 X59.509 Y50.341 E.02164
M204 S10000
G1 X59.703 Y50.025 F7200
M204 S500
;WIDTH:0.372828
G1 F1242
G1 X60.283 Y50.266 E.01723
G1 X60.905 Y50.489 E.01812
G1 X61.399 Y50.64 E.01418
G1 X62.176 Y50.838 E.022
G1 X62.821 Y50.964 E.01801
G1 X63.196 Y51.019 E.01042
G1 X63.196 Y50.69 E.00903
G1 X62.525 Y50.576 E.01867
G1 X61.623 Y50.362 E.02545
G1 X61.01 Y50.175 E.01756
G1 X60.405 Y49.958 E.01764
G1 X59.841 Y49.724 E.01675
G1 X59.26 Y49.45 E.01762
G1 X58.801 Y49.209 E.01421
G1 X58.135 Y48.814 E.02126
G1 X57.352 Y48.268 E.02618
G1 X57.119 Y48.501 E.00905
G1 X57.887 Y49.044 E.02581
G1 X58.524 Y49.431 E.02045
G1 X59.105 Y49.742 E.01809
G1 X59.667 Y50.008 E.01703
; stop printing object fidget-finger-massager-2000-roller_plain.stl id:4713352688601451214 copy 0
;LAYER_CHANGE
;Z:22.2
;HEIGHT:0.200001
G92 E0
;_SET_FAN_SPEED_CHANGING_LAYER
; printing object fidget-finger-massager-2000-roller_plain.stl id:4713352688601451214 copy 0
M204 S10000
G1 E-.8 F1800
G1 X62.968 Y49.454 Z22.6 F7200
G1 Z22.2
G1 E.8 F1800
M204 S1500
;TYPE:Inner wall
;WIDTH:0.449999
G1 F805
G1 X63.531 Y49.546 E.01931
G1 X64.379 Y49.622 E.02881
G1 X64.379 Y52.317 E.09124
G1 X63.402 Y52.242 E.03315
G1 X62.593 Y52.126 E.02767
G1 X61.889 Y51.986 E.02429
G1 X61.052 Y51.769 E.02927
G1 X60.298 Y51.527 E.02682
G1 X59.824 Y51.356 E.01705
G1 X59.204 Y51.097 E.02274
G1 X58.551 Y50.787 E.02445
G1 X57.917 Y50.446 E.02439
G1 X57.213 Y50.014 E.02796
G1 X56.559 Y49.56 E.02695
G1 X56.069 Y49.19 E.02077
G1 X55.363 Y48.583 E.03153
G1 X57.269 Y46.677 E.09123
G1 X58.291 Y47.483 E.04404
G1 X58.772 Y47.818 E.01986
G1 X59.301 Y48.133 E.02082
G1 X59.81 Y48.404 E.01953
G1 X60.332 Y48.648 E.01952
G1 X60.819 Y48.85 E.01785
G1 X61.36 Y49.046 E.01948
G1 X61.896 Y49.212 E.01897
G1 X62.778 Y49.423 E.03072
G1 X62.928 Y49.447 E.00515
M204 S500
G1 X63.037 Y49.031 F7200
;TYPE:Outer wall
G1 F805
G1 X63.573 Y49.119 E.01838
G1 X64.304 Y49.191 E.02486
G1 X64.807 Y49.207 E.01704
G1 X64.807 Y52.758 E.12019
G1 X64.204 Y52.741 E.02043
G1 X63.378 Y52.672 E.02805
G1 X62.557 Y52.556 E.02806
G1 X61.829 Y52.413 E.02511
G1 X61.109 Y52.234 E.02512
G1 X60.399 Y52.019 E.02512
G1 X59.7 Y51.768 E.02513
G1 X59.06 Y51.503 E.02344
G1 X58.389 Y51.186 E.02513
G1 X57.734 Y50.836 E.02512
G1 X57.098 Y50.454 E.02512
G1 X56.483 Y50.04 E.02511
G1 X55.82 Y49.541 E.02806
G1 X55.187 Y49.006 E.02805
G1 X54.748 Y48.592 E.02043
G1 X57.259 Y46.081 E.12019
G1 X57.636 Y46.433 E.01744
G1 X58.537 Y47.132 E.0386
G1 X58.993 Y47.451 E.01885
G1 X59.52 Y47.764 E.02074
G1 X60.008 Y48.024 E.01871
G1 X60.507 Y48.257 E.01868
G1 X60.971 Y48.449 E.017
G1 X61.489 Y48.637 E.01863
G1 X61.996 Y48.795 E.01797
G1 X62.848 Y49 E.02967
G1 X62.998 Y49.025 E.00514
M204 S10000
G1 E-.8 F1800
G1 X63.159 Y51.858 Z22.6 F7200
G1 Z22.2
G1 E.8 F1800
M204 S500
;TYPE:Sparse infill
;WIDTH:0.45
G1 F805
G1 X62.686 Y51.792 E.01617
G1 X61.997 Y51.657 E.02375
G1 X61.561 Y51.548 E.0152
G1 X63.258 Y49.852 E.0812
G1 X62.659 Y49.752 E.02055
G1 X61.755 Y49.533 E.03149
G1 X61.09 Y49.323 E.0236
G1 X60.791 Y49.21 E.0108
G1 X59.26 Y50.741 E.07331
G1 X58.737 Y50.494 E.01957
G1 X58.117 Y50.162 E.0238
G1 X57.514 Y49.8 E.0238
G1 X57.262 Y49.63 E.01029
G1 X58.71 Y48.183 E.06929
G1 X58.555 Y48.09 E.0061
G1 X57.707 Y47.493 E.03509
G1 X57.389 Y47.232 E.01393
; stop printing object fidget-finger-massager-2000-roller_plain.stl id:4713352688601451214 copy 0
;LAYER_CHANGE
;Z:22.4
;HEIGHT:0.199999
G92 E0
;_SET_FAN_SPEED_CHANGING_LAYER
; printing object fidget-finger-massager-2000-roller_plain.stl id:4713352688601451214 copy 0
M204 S10000
G1 E-.8 F1800
G1 X63.001 Y49.459 Z22.8 F7200
G1 Z22.4
G1 E.8 F1800
M204 S1500
;TYPE:Inner wall
;WIDTH:0.449999
G1 F1243
G1 X63.531 Y49.546 E.01819
G1 X64.379 Y49.622 E.02881
G1 X64.379 Y52.317 E.09124
G1 X63.402 Y52.242 E.03315
G1 X62.593 Y52.126 E.02767
G1 X61.887 Y51.986 E.02436
G1 X61.055 Y51.77 E.0291
G1 X60.298 Y51.527 E.02692
G1 X59.818 Y51.353 E.01728
G1 X59.211 Y51.1 E.02225
G1 X58.556 Y50.79 E.02453
G1 X57.92 Y50.448 E.02445
G1 X57.209 Y50.011 E.02824
G1 X56.559 Y49.56 E.02678
G1 X56.069 Y49.19 E.02077
G1 X55.363 Y48.583 E.03153
G1 X57.269 Y46.677 E.09123
G1 X58.291 Y47.483 E.04404
G1 X58.768 Y47.816 E.0197
G1 X59.303 Y48.133 E.02105
G1 X59.814 Y48.406 E.0196
G1 X60.338 Y48.651 E.01959
G1 X60.813 Y48.848 E.01738
G1 X61.356 Y49.045 E.01955
G1 X61.892 Y49.211 E.01902
G1 X62.778 Y49.423 E.03083
G1 X62.961 Y49.453 E.00628
M204 S500
G1 X63.07 Y49.037 F7200
;TYPE:Outer wall
G1 F1243
G1 X63.573 Y49.119 E.01725
G1 X64.304 Y49.191 E.02486
G1 X64.807 Y49.207 E.01704
G1 X64.807 Y52.758 E.12019
G1 X64.204 Y52.741 E.02043
G1 X63.378 Y52.672 E.02805
G1 X62.557 Y52.556 E.02806
G1 X61.827 Y52.413 E.02517
G1 X61.105 Y52.233 E.02518
G1 X60.393 Y52.017 E.02518
G1 X59.693 Y51.766 E.02519
G1 X59.067 Y51.506 E.02295
G1 X58.393 Y51.189 E.02519
G1 X57.737 Y50.838 E.02518
G1 X57.1 Y50.455 E.02518
G1 X56.483 Y50.04 E.02517
G1 X55.82 Y49.541 E.02806
G1 X55.187 Y49.006 E.02805
G1 X54.748 Y48.592 E.02043
G1 X57.259 Y46.081 E.12019
G1 X57.636 Y46.433 E.01744
G1 X58.537 Y47.132 E.0386
G1 X58.99 Y47.449 E.01872
G1 X59.606 Y47.814 E.02423
G1 X60.14 Y48.092 E.02039
G1 X60.965 Y48.447 E.0304
G1 X61.484 Y48.636 E.0187
G1 X61.992 Y48.795 E.01803
G1 X62.848 Y49 E.02978
G1 X63.031 Y49.03 E.00627
M204 S10000
G1 E-.8 F1800
G1 X59.405 Y50.742 Z22.8 F7200
G1 Z22.4
G1 E.8 F1800
M204 S500
;TYPE:Internal solid infill
G1 F1243
G1 X59.994 Y50.986 E.02159
G1 X60.656 Y51.224 E.0238
G1 X61.328 Y51.427 E.02375
G1 X62.009 Y51.597 E.02376
G1 X62.696 Y51.731 E.02371
G1 X63.472 Y51.841 E.02651
G1 X63.972 Y51.883 E.01699
G1 X63.972 Y49.998 E.06382
G1 X63.438 Y49.944 E.01816
G1 X62.654 Y49.813 E.02691
G1 X61.799 Y49.606 E.02977
G1 X61.235 Y49.433 E.01998
G1 X60.668 Y49.228 E.0204
G1 X60.17 Y49.021 E.01824
G1 X59.627 Y48.767 E.0203
G1 X59.178 Y48.532 E.01714
G1 X58.534 Y48.149 E.02536
G1 X58.059 Y47.816 E.01963
G1 X57.291 Y47.231 E.0327
G1 X55.958 Y48.564 E.0638
G1 X56.342 Y48.887 E.01699
G1 X56.967 Y49.359 E.02652
G1 X57.549 Y49.749 E.02371
G1 X58.15 Y50.111 E.02375
G1 X58.769 Y50.442 E.02376
G1 X59.369 Y50.725 E.02245
M204 S10000
G1 X59.558 Y50.364 F7200
M204 S500
G1 F1243
G1 X60.129 Y50.601 E.02093
G1 X60.615 Y50.776 E.01749
G1 X61.298 Y50.993 E.02426
G1 X62.084 Y51.196 E.02746
G1 X62.75 Y51.327 E.02297
G1 X63.565 Y51.44 E.02785
G1 X63.565 Y50.366 E.03637
G1 X62.941 Y50.274 E.02133
G1 X62.339 Y50.156 E.02077
G1 X61.652 Y49.99 E.02393
G1 X61.112 Y49.821 E.01914
G1 X60.523 Y49.608 E.02119
G1 X60.004 Y49.393 E.01903
G1 X59.439 Y49.128 E.02114
G1 X58.992 Y48.894 E.01707
G1 X58.326 Y48.499 E.02621
G1 X57.318 Y47.78 E.04191
G1 X56.559 Y48.538 E.03632
G1 X57.049 Y48.91 E.02082
G1 X57.674 Y49.343 E.02574
G1 X58.34 Y49.75 E.02639
M73 P76 R4
G1 X58.94 Y50.072 E.02306
G1 X59.522 Y50.347 E.02179
M204 S10000
G1 X59.716 Y50.03 F7200
M204 S500
;WIDTH:0.372801
G1 F1243
G1 X60.27 Y50.26 E.01648
G1 X60.896 Y50.485 E.01824
G1 X61.405 Y50.642 E.0146
G1 X62.173 Y50.837 E.02175
G1 X62.821 Y50.965 E.0181
G1 X63.196 Y51.019 E.01041
G1 X63.196 Y50.69 E.00903
G1 X62.526 Y50.576 E.01866
G1 X61.617 Y50.36 E.02563
G1 X61.001 Y50.173 E.01764
G1 X60.392 Y49.953 E.01776
G1 X59.854 Y49.729 E.016
G1 X59.268 Y49.455 E.01774
G1 X58.822 Y49.22 E.01383
G1 X58.138 Y48.815 E.02181
G1 X57.352 Y48.268 E.02626
G1 X57.119 Y48.501 E.00905
G1 X57.879 Y49.038 E.02554
G1 X58.53 Y49.434 E.02088
G1 X59.114 Y49.747 E.01818
G1 X59.679 Y50.013 E.01715
; stop printing object fidget-finger-massager-2000-roller_plain.stl id:4713352688601451214 copy 0
;LAYER_CHANGE
;Z:22.6
;HEIGHT:0.200001
G92 E0
;_SET_FAN_SPEED_CHANGING_LAYER
; printing object fidget-finger-massager-2000-roller_plain.stl id:4713352688601451214 copy 0
M204 S10000
G1 E-.8 F1800
G1 X63.034 Y49.464 Z23 F7200
G1 Z22.6
G1 E.8 F1800
M204 S1500
;TYPE:Inner wall
;WIDTH:0.449999
G1 F1167
G1 X63.531 Y49.546 E.01706
G1 X64.379 Y49.622 E.02881
G1 X64.379 Y52.317 E.09124
G1 X63.402 Y52.242 E.03315
G1 X62.593 Y52.126 E.02767
G1 X61.886 Y51.986 E.02442
G1 X61.058 Y51.771 E.02893
G1 X60.298 Y51.527 E.02703
G1 X59.811 Y51.351 E.01752
G1 X59.218 Y51.103 E.02177
G1 X58.561 Y50.792 E.02461
G1 X57.923 Y50.449 E.02451
G1 X57.205 Y50.009 E.02852
G1 X56.559 Y49.56 E.02661
G1 X56.069 Y49.19 E.02077
G1 X55.363 Y48.583 E.03153
G1 X57.269 Y46.677 E.09123
G1 X58.291 Y47.483 E.04405
G1 X58.767 Y47.815 E.01966
G1 X59.417 Y48.2 E.02556
G1 X59.963 Y48.482 E.0208
G1 X60.806 Y48.845 E.03107
G1 X61.351 Y49.043 E.01962
G1 X61.892 Y49.212 E.01919
G1 X62.778 Y49.423 E.03084
G1 X62.994 Y49.458 E.0074
M204 S500
G1 X63.103 Y49.042 F7200
;TYPE:Outer wall
G1 F1167
G1 X63.573 Y49.119 E.01612
G1 X64.304 Y49.191 E.02486
G1 X64.807 Y49.207 E.01704
G1 X64.807 Y52.758 E.12019
G1 X64.204 Y52.741 E.02043
G1 X63.378 Y52.672 E.02805
G1 X62.557 Y52.556 E.02806
G1 X61.826 Y52.412 E.02523
G1 X61.102 Y52.232 E.02524
G1 X60.388 Y52.015 E.02524
G1 X59.686 Y51.763 E.02526
G1 X59.073 Y51.509 E.02246
G1 X58.398 Y51.191 E.02526
G1 X57.741 Y50.84 E.02524
G1 X57.101 Y50.455 E.02524
G1 X56.483 Y50.04 E.02523
G1 X55.82 Y49.541 E.02806
G1 X55.187 Y49.006 E.02805
G1 X54.748 Y48.592 E.02043
G1 X57.259 Y46.081 E.12019
G1 X57.636 Y46.433 E.01744
G1 X58.537 Y47.132 E.03861
G1 X58.986 Y47.447 E.01856
G1 X59.615 Y47.82 E.02476
G1 X60.139 Y48.092 E.01996
G1 X60.958 Y48.444 E.03021
G1 X61.479 Y48.634 E.01876
G1 X61.992 Y48.795 E.0182
G1 X62.848 Y49 E.02979
G1 X63.064 Y49.035 E.00739
M204 S10000
G1 X62.53 Y49.786 F7200
M204 S500
;TYPE:Internal solid infill
G1 F1167
G1 X63.972 Y51.227 E.06901
G1 X63.972 Y49.998 E.04163
G1 X63.438 Y49.944 E.01816
G1 X62.569 Y49.794 E.02983
M204 S10000
G1 X63.622 Y50.297 F7200
M204 S500
;WIDTH:0.377012
G1 F1167
G1 X63.559 Y50.333 E.00201
G1 X63.623 Y50.367 E.00201
M204 S10000
G1 X64.216 Y52.009 F7200
M204 S500
;WIDTH:0.477138
G1 F1167
G1 X61.732 Y49.525 E.12682
G1 X61.092 Y49.324 E.02424
G1 X60.809 Y49.216 E.01093
G1 X63.497 Y51.904 E.13725
G1 X62.784 Y51.806 E.02599
G1 X59.731 Y48.752 E.15592
G1 X59.215 Y48.483 E.02101
G1 X58.547 Y48.085 E.02805
G1 X58.218 Y47.854 E.01452
G1 X62.027 Y51.662 E.19448
G1 X61.204 Y51.454 E.03066
G1 X57.093 Y47.342 E.20992
G1 X56.786 Y47.649 E.01568
G1 X60.295 Y51.159 E.17919
G1 X59.966 Y51.04 E.01265
G1 X59.266 Y50.744 E.02743
G1 X56.479 Y47.957 E.14231
G1 X56.172 Y48.264 E.01568
G1 X58.464 Y50.556 E.11704
; stop printing object fidget-finger-massager-2000-roller_plain.stl id:4713352688601451214 copy 0
;LAYER_CHANGE
;Z:22.8
;HEIGHT:0.199999
G92 E0
;_SET_FAN_SPEED_CHANGING_LAYER
; printing object fidget-finger-massager-2000-roller_plain.stl id:4713352688601451214 copy 0
M204 S10000
G1 E-.8 F1800
G1 X63.066 Y49.47 Z23.2 F7200
G1 Z22.8
G1 E.8 F1800
M204 S1500
;TYPE:Inner wall
;WIDTH:0.449999
G1 F1243
G1 X63.531 Y49.546 E.01596
G1 X64.379 Y49.622 E.02881
G1 X64.379 Y52.317 E.09124
G1 X63.402 Y52.242 E.03315
G1 X62.593 Y52.126 E.02767
G1 X61.884 Y51.985 E.02448
G1 X61.061 Y51.772 E.02876
G1 X60.298 Y51.527 E.02714
G1 X59.805 Y51.348 E.01775
G1 X59.225 Y51.106 E.02128
G1 X58.565 Y50.794 E.02469
G1 X57.926 Y50.451 E.02457
G1 X57.201 Y50.006 E.0288
G1 X56.559 Y49.56 E.02645
G1 X56.069 Y49.19 E.02077
G1 X55.363 Y48.583 E.03153
G1 X57.269 Y46.677 E.09123
G1 X58.291 Y47.483 E.04405
G1 X58.764 Y47.813 E.01951
G1 X59.427 Y48.205 E.02608
G1 X59.962 Y48.482 E.02037
G1 X60.8 Y48.843 E.03089
G1 X61.346 Y49.042 E.01968
G1 X61.895 Y49.212 E.01947
G1 X62.778 Y49.423 E.03073
G1 X63.026 Y49.463 E.0085
M204 S500
G1 X63.135 Y49.047 F7200
;TYPE:Outer wall
G1 F1243
G1 X63.573 Y49.119 E.01501
G1 X64.304 Y49.191 E.02486
G1 X64.807 Y49.207 E.01704
G1 X64.807 Y52.758 E.12019
G1 X64.204 Y52.741 E.02043
G1 X63.378 Y52.672 E.02805
G1 X62.557 Y52.556 E.02806
G1 X61.824 Y52.412 E.02529
G1 X61.098 Y52.231 E.02531
G1 X60.383 Y52.014 E.0253
G1 X59.679 Y51.76 E.02532
G1 X59.08 Y51.512 E.02197
G1 X58.403 Y51.194 E.02532
G1 X57.744 Y50.841 E.0253
G1 X57.103 Y50.456 E.02531
G1 X56.483 Y50.04 E.02529
G1 X55.82 Y49.541 E.02806
G1 X55.187 Y49.006 E.02805
G1 X54.748 Y48.592 E.02043
G1 X57.259 Y46.081 E.12019
G1 X57.636 Y46.433 E.01744
G1 X58.537 Y47.132 E.03862
G1 X58.982 Y47.444 E.0184
G1 X59.625 Y47.825 E.02529
G1 X60.137 Y48.091 E.01954
G1 X60.952 Y48.442 E.03003
G1 X61.474 Y48.633 E.01883
G1 X61.995 Y48.796 E.01848
G1 X62.848 Y49 E.02968
G1 X63.096 Y49.041 E.0085
M204 S10000
G1 E-.8 F1800
G1 X59.418 Y50.747 Z23.2 F7200
G1 Z22.8
G1 E.8 F1800
M204 S500
;TYPE:Internal solid infill
G1 F1243
G1 X59.981 Y50.981 E.02064
G1 X60.646 Y51.22 E.02394
G1 X61.321 Y51.425 E.02387
G1 X62.005 Y51.596 E.02387
G1 X62.696 Y51.731 E.02382
G1 X63.472 Y51.841 E.02651
G1 X63.972 Y51.883 E.01699
G1 X63.972 Y49.998 E.06382
G1 X63.438 Y49.944 E.01816
G1 X62.654 Y49.813 E.0269
G1 X61.793 Y49.605 E.02999
G1 X61.225 Y49.43 E.0201
G1 X60.655 Y49.223 E.02054
G1 X60.183 Y49.027 E.01731
G1 X59.635 Y48.771 E.02046
G1 X59.19 Y48.539 E.017
G1 X58.517 Y48.138 E.02652
G1 X58.059 Y47.817 E.01893
G1 X57.291 Y47.231 E.0327
G1 X55.958 Y48.564 E.0638
G1 X56.342 Y48.887 E.01699
G1 X56.967 Y49.359 E.02651
G1 X57.551 Y49.751 E.02382
G1 X58.156 Y50.114 E.02387
G1 X58.778 Y50.446 E.02387
G1 X59.382 Y50.73 E.02258
M204 S10000
G1 X59.571 Y50.37 F7200
M204 S500
G1 F1243
G1 X60.116 Y50.596 E.01999
G1 X60.617 Y50.777 E.01803
G1 X61.304 Y50.995 E.02438
G1 X62.081 Y51.195 E.02716
G1 X62.75 Y51.327 E.02308
G1 X63.565 Y51.44 E.02785
G1 X63.565 Y50.366 E.03637
G1 X62.941 Y50.274 E.02133
G1 X62.336 Y50.155 E.02087
G1 X61.658 Y49.991 E.02363
G1 X61.103 Y49.818 E.01966
G1 X60.51 Y49.604 E.02133
G1 X60.017 Y49.398 E.0181
G1 X59.447 Y49.132 E.02129
G1 X58.982 Y48.888 E.01776
G1 X58.309 Y48.488 E.02652
G1 X57.318 Y47.78 E.04123
G1 X56.559 Y48.538 E.03632
G1 X57.049 Y48.91 E.02082
G1 X57.666 Y49.338 E.02541
G1 X58.345 Y49.753 E.02694
G1 X58.949 Y50.076 E.02317
G1 X59.535 Y50.353 E.02194
M204 S10000
G1 X59.728 Y50.036 F7200
M204 S500
;WIDTH:0.372611
G1 F1243
G1 X60.258 Y50.255 E.01571
G1 X60.742 Y50.432 E.01413
G1 X61.411 Y50.643 E.01923
G1 X62.17 Y50.837 E.02148
G1 X62.821 Y50.965 E.01818
G1 X63.196 Y51.019 E.0104
G1 X63.196 Y50.69 E.00902
G1 X62.526 Y50.576 E.01864
G1 X61.61 Y50.359 E.02579
G1 X60.992 Y50.17 E.01772
G1 X60.379 Y49.948 E.01786
G1 X59.866 Y49.735 E.01524
G1 X59.276 Y49.459 E.01785
G1 X58.834 Y49.226 E.01371
G1 X58.14 Y48.816 E.02209
G1 X57.352 Y48.268 E.02632
G1 X57.119 Y48.501 E.00905
G1 X57.871 Y49.033 E.02527
M73 P77 R4
G1 X58.535 Y49.437 E.0213
G1 X59.122 Y49.751 E.01825
G1 X59.692 Y50.019 E.01726
; stop printing object fidget-finger-massager-2000-roller_plain.stl id:4713352688601451214 copy 0
;LAYER_CHANGE
;Z:23
;HEIGHT:0.200001
G92 E0
;_SET_FAN_SPEED_CHANGING_LAYER
; printing object fidget-finger-massager-2000-roller_plain.stl id:4713352688601451214 copy 0
M204 S10000
G1 E-.8 F1800
G1 X63.097 Y49.475 Z23.4 F7200
G1 Z23
G1 E.8 F1800
M204 S1500
;TYPE:Inner wall
;WIDTH:0.449999
G1 F1325
G1 X63.531 Y49.546 E.01488
G1 X64.379 Y49.622 E.02881
G1 X64.379 Y52.317 E.09124
G1 X63.402 Y52.242 E.03315
G1 X62.593 Y52.126 E.02767
G1 X61.882 Y51.985 E.02454
G1 X61.064 Y51.773 E.02859
G1 X60.298 Y51.527 E.02724
G1 X59.799 Y51.346 E.01798
G1 X59.231 Y51.109 E.0208
G1 X58.57 Y50.797 E.02477
G1 X57.929 Y50.453 E.02463
G1 X57.197 Y50.003 E.02909
G1 X56.559 Y49.56 E.02628
G1 X56.069 Y49.19 E.02077
G1 X55.363 Y48.583 E.03153
G1 X57.269 Y46.677 E.09123
G1 X58.291 Y47.483 E.04406
G1 X58.76 Y47.81 E.01936
G1 X59.437 Y48.21 E.0266
G1 X59.96 Y48.481 E.01995
G1 X60.793 Y48.84 E.03071
G1 X61.341 Y49.04 E.01975
G1 X61.898 Y49.213 E.01975
G1 X62.778 Y49.423 E.03062
G1 X63.058 Y49.468 E.00958
M204 S500
G1 X63.167 Y49.052 F7200
;TYPE:Outer wall
G1 F1325
G1 X63.573 Y49.119 E.01393
G1 X64.304 Y49.191 E.02486
G1 X64.807 Y49.207 E.01704
G1 X64.807 Y52.758 E.12019
G1 X64.204 Y52.741 E.02043
G1 X63.378 Y52.672 E.02805
G1 X62.557 Y52.556 E.02806
G1 X61.822 Y52.411 E.02535
G1 X61.095 Y52.23 E.02536
G1 X60.378 Y52.012 E.02536
G1 X59.673 Y51.758 E.02538
G1 X59.087 Y51.515 E.02147
G1 X58.408 Y51.196 E.02538
G1 X57.747 Y50.843 E.02536
G1 X57.104 Y50.457 E.02537
G1 X56.483 Y50.04 E.02535
G1 X55.82 Y49.541 E.02806
G1 X55.187 Y49.006 E.02805
G1 X54.748 Y48.592 E.02043
G1 X57.259 Y46.081 E.12019
G1 X57.636 Y46.433 E.01744
G1 X58.537 Y47.133 E.03863
G1 X58.978 Y47.442 E.01823
G1 X59.635 Y47.83 E.02581
G1 X60.136 Y48.09 E.01911
G1 X60.945 Y48.439 E.02985
G1 X61.47 Y48.631 E.01889
G1 X61.998 Y48.797 E.01876
G1 X62.848 Y49 E.02958
G1 X63.127 Y49.046 E.00958
M204 S10000
G1 X64.218 Y50.535 F7200
M204 S500
;TYPE:Top surface
;WIDTH:0.417298
G1 F1325
G1 X63.366 Y49.682 E.03755
M204 S10000
G1 X62.729 Y49.575 F7200
M204 S500
G1 F1325
G1 X64.083 Y50.929 E.05961
M204 S10000
G1 X63.836 Y51.212 F7200
M204 S500
G1 F1325
G1 X62.034 Y49.41 E.07933
M204 S10000
G1 X61.285 Y49.19 F7200
M204 S500
G1 F1325
G1 X63.719 Y51.624 E.10716
M204 S10000
G1 X63.602 Y52.037 F7200
M204 S500
G1 F1325
G1 X60.434 Y48.869 E.13946
M204 S10000
G1 X59.413 Y48.377 F7200
M204 S500
G1 F1325
G1 X63.07 Y52.033 E.16096
M204 S10000
G1 X62.378 Y51.871 F7200
M204 S500
G1 F1325
G1 X57.931 Y47.424 E.19576
M204 S10000
G1 X57.075 Y47.098 F7200
M204 S500
G1 F1325
G1 X61.769 Y51.791 E.20663
M204 S10000
G1 X61.048 Y51.6 F7200
M204 S500
G1 F1325
G1 X56.81 Y47.362 E.18657
M204 S10000
G1 X56.546 Y47.627 F7200
M204 S500
G1 F1325
G1 X60.263 Y51.344 E.16365
M204 S10000
G1 X59.394 Y51.005 F7200
M204 S500
G1 F1325
G1 X56.547 Y48.158 E.12531
M204 S10000
G1 X56.357 Y48.497 F7200
M204 S500
G1 F1325
G1 X58.365 Y50.506 E.08844
M204 S10000
G1 E-.8 F1800
G1 X56.05 Y48.508 Z23.4 F7200
G1 Z23
G1 E.8 F1800
M204 S500
;TYPE:Internal solid infill
;WIDTH:0.53253
G1 F1225.465
G1 X55.988 Y48.508 E.00249
G1 X55.958 Y48.561 E.00249
G1 X55.988 Y48.614 E.00249
G1 X56.05 Y48.614 E.00249
G1 X56.06 Y48.596 E.00086
M204 S10000
G1 E-.8 F1800
G1 X63.138 Y51.453 Z23.4 F7200
G1 X63.961 Y51.786 Z23.4
G1 Z23
G1 E.8 F1800
M204 S500
;WIDTH:0.53153
G1 F1227.973
G1 X63.9 Y51.786 E.00248
G1 X63.87 Y51.839 E.00248
G1 X63.9 Y51.892 E.00248
G1 X63.961 Y51.892 E.00248
G1 X63.972 Y51.873 E.00086
; stop printing object fidget-finger-massager-2000-roller_plain.stl id:4713352688601451214 copy 0
;LAYER_CHANGE
;Z:23.2
;HEIGHT:0.200001
G92 E0
;_SET_FAN_SPEED_CHANGING_LAYER
; printing object fidget-finger-massager-2000-roller_plain.stl id:4713352688601451214 copy 0
M204 S10000
G1 E-.8 F1800
G1 X58.055 Y47.36 Z23.6 F7200
G1 Z23.2
G1 E.8 F1800
M204 S1500
;TYPE:Inner wall
;WIDTH:0.53354
G1 F902
G1 X57.93 Y47.295 E.00577
;WIDTH:0.558758
G1 X57.408 Y47.33 E.02244
G1 X57.173 Y47.563 E.01419
;WIDTH:0.536648
G1 X56.701 Y48.355 E.03783
;WIDTH:0.493324
G1 X56.229 Y49.147 E.03451
;WIDTH:0.449999
G1 X56.302 Y49.367 E.00785
G1 X55.742 Y48.914 E.02438
G1 X55.363 Y48.583 E.01702
G1 X55.713 Y48.233 E.01675
;WIDTH:0.493324
G1 X56.164 Y47.808 E.0232
;WIDTH:0.536648
G1 X56.615 Y47.384 E.02543
;WIDTH:0.558758
G1 X57.27 Y46.753 E.03902
G1 X57.448 Y46.904 E.01001
G1 X58.023 Y47.336 E.03086
M204 S10000
G1 E-.8 F1800
G1 X63.381 Y49.565 Z23.6 F7200
G1 Z23.2
G1 E.8 F1800
M204 S1500
;WIDTH:0.537801
G1 F902
G1 X63.34 Y49.55 E.00182
G1 X63.527 Y49.589 E.00787
;WIDTH:0.558759
G1 X64.324 Y49.675 E.03441
G1 X64.324 Y49.758 E.00359
G1 X64.335 Y50.373 E.02637
;WIDTH:0.536648
G1 X64.365 Y51.346 E.03995
;WIDTH:0.493324
G1 X64.394 Y52.318 E.03644
;WIDTH:0.449999
G1 X63.877 Y52.284 E.01752
G1 X63.19 Y52.212 E.02338
G1 X63.355 Y52.11 E.00657
G1 X63.464 Y51.722 E.01363
;WIDTH:0.493324
G1 X63.642 Y51.019 E.02715
;WIDTH:0.536648
G1 X63.82 Y50.317 E.02977
;WIDTH:0.558759
G1 X63.819 Y49.986 E.01419
G1 X63.519 Y49.614 E.02051
;WIDTH:0.537801
G1 X63.419 Y49.578 E.00436
M204 S500
G1 X64.807 Y49.207 F7200
;TYPE:Outer wall
;WIDTH:0.449999
G1 F902
G1 X64.807 Y52.758 E.12019
G1 X64.188 Y52.74 E.02098
G1 X63.364 Y52.67 E.028
;WIDTH:0.486162
G1 X62.96 Y52.594 E.01513
;WIDTH:0.522325
G1 X62.556 Y52.519 E.01637
;WIDTH:0.542462
G1 X61.779 Y52.353 E.03303
;WIDTH:0.564514
G1 X60.959 Y52.129 E.03686
;WIDTH:0.586529
G1 X60.167 Y51.863 E.03776
;WIDTH:0.598034
G1 X59.117 Y51.447 E.05213
G1 X58.436 Y51.135 E.03456
;WIDTH:0.58442
G1 X57.772 Y50.792 E.03367
;WIDTH:0.563352
G1 X57.125 Y50.416 E.03238
;WIDTH:0.542259
G1 X56.379 Y49.92 E.03718
;WIDTH:0.51582
G1 X56.1 Y49.731 E.01328
;WIDTH:0.48291
G1 X55.82 Y49.541 E.01235
;WIDTH:0.449999
G1 X55.187 Y49.006 E.02805
G1 X54.748 Y48.592 E.02043
G1 X57.259 Y46.081 E.12019
G1 X57.755 Y46.53 E.02265
G1 X58.321 Y46.981 E.02451
G1 X58.974 Y47.439 E.027
G1 X59.644 Y47.835 E.02634
G1 X60.134 Y48.089 E.01869
G1 X60.742 Y48.362 E.02254
G1 X61.446 Y48.624 E.02544
G1 X62.072 Y48.814 E.02214
G1 X62.848 Y49 E.02701
G1 X63.573 Y49.119 E.02487
G1 X64.304 Y49.191 E.02486
G1 X64.767 Y49.206 E.01569
G1 X63.226 Y49.999 F7200
G1 F902
G1 X63.376 Y50.142 E.007
G1 X62.977 Y51.907 E.06126
;WIDTH:0.482917
G1 X62.882 Y51.971 E.00419
;WIDTH:0.515835
G1 X62.787 Y52.034 E.0045
;WIDTH:0.541981
G1 X61.956 Y51.839 E.03543
;WIDTH:0.563352
G1 X61.267 Y51.634 E.0311
;WIDTH:0.584421
G1 X60.59 Y51.396 E.03228
;WIDTH:0.598033
G1 X59.915 Y51.131 E.03348
G1 X58.893 Y50.701 E.0512
;WIDTH:0.58628
G1 X58.163 Y50.361 E.03636
;WIDTH:0.564515
G1 X57.45 Y49.978 E.0351
;WIDTH:0.542763
G1 X56.789 Y49.573 E.03224
;WIDTH:0.522346
G1 X56.689 Y49.508 E.00473
;WIDTH:0.51582
G1 X56.677 Y49.373 E.00532
;WIDTH:0.48291
G1 X56.665 Y49.239 E.00495
;WIDTH:0.449999
G1 X57.571 Y47.817 E.05707
G1 X57.638 Y47.754 E.00309
G1 X57.818 Y47.758 E.0061
G1 X58.457 Y48.14 E.02521
G1 X59.075 Y48.462 E.02358
G1 X59.714 Y48.748 E.02369
G1 X61.186 Y49.358 E.05394
G1 X61.84 Y49.607 E.02369
G1 X62.504 Y49.816 E.02358
G1 X63.188 Y49.989 E.02386
M204 S10000
G1 X63.34 Y49.55 F7200
M204 S1500
;TYPE:Inner wall
;WIDTH:0.518212
G1 F902
G1 X62.982 Y49.473 E.01448
;WIDTH:0.492444
G1 X62.623 Y49.396 E.01369
;WIDTH:0.466676
G1 X62.246 Y49.289 E.01383
;WIDTH:0.436582
G1 X61.868 Y49.182 E.01285
;WIDTH:0.406488
G1 X61.217 Y48.954 E.02084
;WIDTH:0.362614
G1 X60.578 Y48.7 E.01829
;WIDTH:0.37211
G1 X59.868 Y48.39 E.0212
;WIDTH:0.39767
G1 X59.562 Y48.239 E.01007
;WIDTH:0.42323
G1 X59.256 Y48.088 E.01079
;WIDTH:0.465346
G1 X58.67 Y47.759 E.02361
;WIDTH:0.492467
G1 X58.363 Y47.56 E.01369
;WIDTH:0.519588
G1 X58.055 Y47.36 E.01452
M204 S10000
G1 E-.8 F1800
G1 X56.068 Y48.516 Z23.6 F7200
G1 Z23.2
G1 E.8 F1800
M204 S500
;TYPE:Internal solid infill
;WIDTH:0.542154
G1 F902
G1 X56.005 Y48.516 E.00259
G1 X55.974 Y48.57 E.00259
G1 X56.005 Y48.624 E.00259
G1 X56.068 Y48.624 E.00259
G1 X56.079 Y48.604 E.00093
M204 S10000
G1 E-.8 F1800
G1 X63.16 Y51.453 Z23.6 F7200
G1 X63.952 Y51.772 Z23.6
G1 Z23.2
G1 E.8 F1800
M73 P78 R4
M204 S500
;WIDTH:0.552974
G1 F902
G1 X63.888 Y51.772 E.0027
G1 X63.856 Y51.827 E.0027
G1 X63.888 Y51.882 E.0027
G1 X63.952 Y51.882 E.0027
G1 X63.964 Y51.862 E.00101
; stop printing object fidget-finger-massager-2000-roller_plain.stl id:4713352688601451214 copy 0
;LAYER_CHANGE
;Z:23.4
;HEIGHT:0.199999
G92 E0
;_SET_FAN_SPEED_CHANGING_LAYER
; printing object fidget-finger-massager-2000-roller_plain.stl id:4713352688601451214 copy 0
M204 S10000
G1 E-.8 F1800
G1 X58.055 Y47.36 Z23.8 F7200
G1 Z23.4
G1 E.8 F1800
M204 S1500
;TYPE:Inner wall
;WIDTH:0.533535
G1 F902
G1 X57.93 Y47.295 E.00577
;WIDTH:0.558758
G1 X57.408 Y47.33 E.02244
G1 X57.173 Y47.563 E.01419
;WIDTH:0.536649
G1 X56.701 Y48.355 E.03783
;WIDTH:0.493324
G1 X56.229 Y49.147 E.03451
;WIDTH:0.449999
G1 X56.302 Y49.367 E.00785
G1 X55.742 Y48.914 E.02438
G1 X55.363 Y48.583 E.01702
G1 X55.713 Y48.233 E.01675
;WIDTH:0.493324
G1 X56.164 Y47.808 E.02319
;WIDTH:0.536649
G1 X56.615 Y47.384 E.02542
;WIDTH:0.558758
G1 X57.27 Y46.753 E.03903
G1 X57.448 Y46.904 E.01001
G1 X58.023 Y47.336 E.03086
M204 S10000
G1 E-.8 F1800
G1 X63.381 Y49.565 Z23.8 F7200
G1 Z23.4
G1 E.8 F1800
M204 S1500
;WIDTH:0.5378
G1 F902
G1 X63.34 Y49.55 E.00182
G1 X63.527 Y49.589 E.00787
;WIDTH:0.558758
G1 X64.324 Y49.675 E.03441
G1 X64.324 Y49.758 E.00359
G1 X64.335 Y50.373 E.02637
;WIDTH:0.536647
G1 X64.365 Y51.346 E.03995
;WIDTH:0.493323
G1 X64.394 Y52.318 E.03644
;WIDTH:0.449999
G1 X63.877 Y52.284 E.01752
G1 X63.19 Y52.212 E.02338
G1 X63.355 Y52.11 E.00657
G1 X63.464 Y51.722 E.01363
;WIDTH:0.493323
G1 X63.642 Y51.019 E.02715
;WIDTH:0.536647
G1 X63.82 Y50.317 E.02976
;WIDTH:0.558758
G1 X63.819 Y49.986 E.01419
G1 X63.519 Y49.614 E.02051
;WIDTH:0.5378
G1 X63.419 Y49.578 E.00436
M204 S500
G1 X64.807 Y49.207 F7200
;TYPE:Outer wall
;WIDTH:0.449999
G1 F902
G1 X64.807 Y52.758 E.12019
G1 X64.188 Y52.74 E.02098
G1 X63.364 Y52.67 E.028
;WIDTH:0.486162
G1 X62.96 Y52.594 E.01513
;WIDTH:0.522325
G1 X62.556 Y52.519 E.01637
;WIDTH:0.542478
G1 X61.779 Y52.353 E.03303
;WIDTH:0.564528
G1 X60.959 Y52.129 E.03686
;WIDTH:0.586525
G1 X60.167 Y51.863 E.03776
;WIDTH:0.598079
G1 X59.124 Y51.45 E.05179
G1 X58.441 Y51.137 E.03466
;WIDTH:0.584516
G1 X57.775 Y50.794 E.03376
;WIDTH:0.563405
G1 X57.126 Y50.417 E.03246
;WIDTH:0.542003
G1 X56.379 Y49.92 E.03723
;WIDTH:0.515835
G1 X56.1 Y49.731 E.01328
;WIDTH:0.482917
G1 X55.82 Y49.541 E.01235
;WIDTH:0.449999
G1 X55.187 Y49.006 E.02805
G1 X54.748 Y48.592 E.02043
G1 X57.259 Y46.081 E.12019
G1 X57.755 Y46.53 E.02265
G1 X58.321 Y46.981 E.02451
G1 X58.971 Y47.437 E.02684
G1 X59.654 Y47.84 E.02687
G1 X60.133 Y48.089 E.01826
G1 X60.742 Y48.362 E.02259
G1 X61.446 Y48.624 E.02543
G1 X62.072 Y48.814 E.02214
G1 X62.848 Y49 E.02701
G1 X63.573 Y49.119 E.02487
G1 X64.304 Y49.191 E.02486
G1 X64.767 Y49.206 E.01569
G1 X63.226 Y49.999 F7200
G1 F902
G1 X63.376 Y50.142 E.007
G1 X62.977 Y51.907 E.06126
;WIDTH:0.482918
G1 X62.882 Y51.971 E.00419
;WIDTH:0.515836
G1 X62.787 Y52.034 E.0045
;WIDTH:0.542003
G1 X61.954 Y51.838 E.03551
;WIDTH:0.563408
G1 X61.263 Y51.633 E.03118
;WIDTH:0.584515
G1 X60.586 Y51.394 E.03236
;WIDTH:0.598078
G1 X59.909 Y51.128 E.03358
G1 X58.899 Y50.704 E.05054
;WIDTH:0.586526
G1 X58.163 Y50.361 E.0367
;WIDTH:0.564528
G1 X57.441 Y49.974 E.03553
;WIDTH:0.542478
G1 X56.789 Y49.573 E.0318
;WIDTH:0.522326
G1 X56.689 Y49.508 E.00474
;WIDTH:0.515835
G1 X56.677 Y49.373 E.00532
;WIDTH:0.482917
G1 X56.665 Y49.239 E.00495
;WIDTH:0.449999
G1 X57.571 Y47.817 E.05706
G1 X57.638 Y47.754 E.00309
G1 X57.818 Y47.758 E.0061
G1 X58.457 Y48.14 E.02521
G1 X59.075 Y48.462 E.02358
G1 X59.714 Y48.748 E.02369
G1 X61.186 Y49.358 E.05394
G1 X61.84 Y49.607 E.02369
G1 X62.504 Y49.816 E.02358
G1 X63.188 Y49.989 E.02386
M204 S10000
G1 X63.34 Y49.55 F7200
M204 S1500
;TYPE:Inner wall
;WIDTH:0.518212
G1 F902
G1 X62.982 Y49.473 E.01448
;WIDTH:0.492436
G1 X62.623 Y49.396 E.01369
;WIDTH:0.46666
G1 X62.247 Y49.29 E.01377
;WIDTH:0.436726
G1 X61.871 Y49.183 E.0128
;WIDTH:0.406792
G1 X61.219 Y48.955 E.0209
;WIDTH:0.362712
G1 X60.578 Y48.7 E.01834
;WIDTH:0.37207
G1 X59.868 Y48.39 E.0212
;WIDTH:0.39788
G1 X59.562 Y48.239 E.01007
;WIDTH:0.42369
G1 X59.256 Y48.088 E.01081
;WIDTH:0.465192
G1 X58.67 Y47.759 E.0236
;WIDTH:0.492378
G1 X58.363 Y47.56 E.01369
;WIDTH:0.519564
G1 X58.055 Y47.36 E.01452
M204 S10000
G1 E-.8 F1800
G1 X56.068 Y48.516 Z23.8 F7200
G1 Z23.4
G1 E.8 F1800
M204 S500
;TYPE:Internal solid infill
;WIDTH:0.542156
G1 F902
G1 X56.005 Y48.516 E.00259
G1 X55.974 Y48.57 E.00259
G1 X56.005 Y48.624 E.00259
G1 X56.068 Y48.624 E.00259
G1 X56.079 Y48.604 E.00093
M204 S10000
G1 E-.8 F1800
G1 X63.16 Y51.453 Z23.8 F7200
G1 X63.952 Y51.772 Z23.8
G1 Z23.4
G1 E.8 F1800
M204 S500
;WIDTH:0.552974
G1 F902
G1 X63.888 Y51.772 E.0027
G1 X63.856 Y51.827 E.0027
G1 X63.888 Y51.882 E.0027
G1 X63.952 Y51.882 E.0027
G1 X63.964 Y51.862 E.00101
; stop printing object fidget-finger-massager-2000-roller_plain.stl id:4713352688601451214 copy 0
;LAYER_CHANGE
;Z:23.6
;HEIGHT:0.200001
G92 E0
;_SET_FAN_SPEED_CHANGING_LAYER
; printing object fidget-finger-massager-2000-roller_plain.stl id:4713352688601451214 copy 0
M204 S10000
G1 E-.8 F1800
G1 X58.055 Y47.36 Z24 F7200
G1 Z23.6
G1 E.8 F1800
M204 S1500
;TYPE:Inner wall
;WIDTH:0.533531
G1 F902
G1 X57.929 Y47.295 E.00578
;WIDTH:0.558758
G1 X57.408 Y47.33 E.02243
G1 X57.173 Y47.563 E.01419
;WIDTH:0.536648
G1 X56.701 Y48.355 E.03783
;WIDTH:0.493324
G1 X56.229 Y49.147 E.03451
;WIDTH:0.449999
G1 X56.302 Y49.367 E.00785
G1 X55.742 Y48.914 E.02438
G1 X55.363 Y48.583 E.01702
G1 X55.713 Y48.233 E.01675
;WIDTH:0.493324
G1 X56.164 Y47.808 E.0232
;WIDTH:0.536648
G1 X56.615 Y47.384 E.02543
;WIDTH:0.558758
G1 X57.27 Y46.753 E.03902
G1 X57.448 Y46.904 E.01001
G1 X58.023 Y47.336 E.03086
M204 S10000
G1 E-.8 F1800
G1 X63.381 Y49.565 Z24 F7200
G1 Z23.6
G1 E.8 F1800
M204 S1500
;WIDTH:0.537801
G1 F902
G1 X63.34 Y49.55 E.00182
G1 X63.527 Y49.589 E.00787
;WIDTH:0.558759
G1 X64.324 Y49.675 E.03441
G1 X64.324 Y49.758 E.00359
G1 X64.335 Y50.373 E.02637
;WIDTH:0.536648
G1 X64.365 Y51.346 E.03995
;WIDTH:0.493324
G1 X64.394 Y52.318 E.03644
;WIDTH:0.449999
G1 X63.877 Y52.284 E.01752
G1 X63.19 Y52.212 E.02338
G1 X63.355 Y52.11 E.00657
G1 X63.464 Y51.722 E.01363
;WIDTH:0.493324
G1 X63.642 Y51.019 E.02715
;WIDTH:0.536648
G1 X63.82 Y50.317 E.02977
;WIDTH:0.558759
G1 X63.819 Y49.986 E.01419
G1 X63.519 Y49.614 E.02051
;WIDTH:0.537801
G1 X63.419 Y49.578 E.00436
M204 S500
G1 X64.807 Y49.207 F7200
;TYPE:Outer wall
;WIDTH:0.449999
G1 F902
G1 X64.807 Y52.758 E.12019
G1 X64.188 Y52.74 E.02098
G1 X63.364 Y52.67 E.028
;WIDTH:0.486162
G1 X62.96 Y52.594 E.01513
;WIDTH:0.522324
G1 X62.556 Y52.519 E.01637
;WIDTH:0.542494
G1 X61.778 Y52.353 E.03304
;WIDTH:0.564543
G1 X60.959 Y52.129 E.03687
;WIDTH:0.586526
G1 X60.167 Y51.863 E.03776
;WIDTH:0.598125
G1 X59.13 Y51.453 E.05145
G1 X58.446 Y51.139 E.03475
;WIDTH:0.584608
G1 X57.778 Y50.795 E.03384
;WIDTH:0.56346
G1 X57.128 Y50.418 E.03255
;WIDTH:0.542026
G1 X56.379 Y49.92 E.0373
;WIDTH:0.515835
G1 X56.1 Y49.731 E.01328
;WIDTH:0.482917
G1 X55.82 Y49.541 E.01235
;WIDTH:0.449999
G1 X55.187 Y49.006 E.02805
G1 X54.748 Y48.592 E.02043
G1 X57.259 Y46.081 E.12019
G1 X57.755 Y46.53 E.02265
G1 X58.322 Y46.981 E.02452
G1 X58.967 Y47.434 E.02668
G1 X59.664 Y47.845 E.02739
G1 X60.131 Y48.088 E.01784
G1 X60.742 Y48.362 E.02264
G1 X61.446 Y48.624 E.02543
G1 X62.072 Y48.814 E.02215
G1 X62.848 Y49 E.02702
G1 X63.573 Y49.119 E.02487
G1 X64.304 Y49.191 E.02486
G1 X64.767 Y49.206 E.01569
G1 X63.226 Y49.999 F7200
G1 F902
G1 X63.376 Y50.142 E.007
G1 X62.977 Y51.907 E.06126
;WIDTH:0.482918
G1 X62.882 Y51.971 E.00419
;WIDTH:0.515836
G1 X62.787 Y52.034 E.0045
;WIDTH:0.542026
G1 X61.952 Y51.838 E.03558
;WIDTH:0.563461
G1 X61.26 Y51.632 E.03126
;WIDTH:0.58461
G1 X60.581 Y51.392 E.03245
;WIDTH:0.598125
G1 X59.902 Y51.125 E.03367
G1 X58.899 Y50.704 E.05021
;WIDTH:0.586526
G1 X58.163 Y50.361 E.0367
;WIDTH:0.564543
G1 X57.441 Y49.974 E.03553
;WIDTH:0.542495
G1 X56.789 Y49.573 E.03181
;WIDTH:0.522325
G1 X56.689 Y49.508 E.00474
;WIDTH:0.515835
G1 X56.677 Y49.373 E.00532
;WIDTH:0.482917
G1 X56.665 Y49.239 E.00495
;WIDTH:0.449999
G1 X57.571 Y47.817 E.05706
G1 X57.638 Y47.754 E.00309
G1 X57.818 Y47.758 E.0061
G1 X58.457 Y48.14 E.02521
G1 X59.075 Y48.462 E.02358
G1 X59.714 Y48.748 E.02369
G1 X61.186 Y49.358 E.05394
G1 X61.84 Y49.607 E.02369
G1 X62.504 Y49.816 E.02358
G1 X63.188 Y49.989 E.02386
M204 S10000
G1 X63.34 Y49.55 F7200
M204 S1500
;TYPE:Inner wall
;WIDTH:0.518212
G1 F902
G1 X62.982 Y49.473 E.01448
;WIDTH:0.492429
G1 X62.623 Y49.396 E.01369
;WIDTH:0.466646
G1 X62.249 Y49.29 E.01372
;WIDTH:0.436872
G1 X61.874 Y49.184 E.01275
;WIDTH:0.407098
G1 X61.22 Y48.956 E.02097
;WIDTH:0.36281
G1 X60.578 Y48.7 E.01839
;WIDTH:0.372028
G1 X59.868 Y48.39 E.0212
;WIDTH:0.398085
G1 X59.562 Y48.239 E.01008
;WIDTH:0.424142
G1 X59.256 Y48.087 E.01082
;WIDTH:0.46504
G1 X58.67 Y47.759 E.02359
;WIDTH:0.492291
G1 X58.362 Y47.56 E.01369
;WIDTH:0.519542
G1 X58.055 Y47.36 E.01452
M204 S10000
G1 E-.8 F1800
G1 X56.068 Y48.516 Z24 F7200
G1 Z23.6
G1 E.8 F1800
M204 S500
;TYPE:Internal solid infill
;WIDTH:0.542156
G1 F902
G1 X56.005 Y48.516 E.00259
G1 X55.974 Y48.57 E.00259
G1 X56.005 Y48.624 E.00259
G1 X56.068 Y48.624 E.00259
G1 X56.079 Y48.604 E.00093
M204 S10000
G1 E-.8 F1800
G1 X63.16 Y51.453 Z24 F7200
G1 X63.952 Y51.772 Z24
G1 Z23.6
G1 E.8 F1800
M204 S500
;WIDTH:0.552974
G1 F902
G1 X63.888 Y51.772 E.0027
G1 X63.856 Y51.827 E.0027
G1 X63.888 Y51.882 E.0027
G1 X63.952 Y51.882 E.0027
G1 X63.964 Y51.862 E.00101
; stop printing object fidget-finger-massager-2000-roller_plain.stl id:4713352688601451214 copy 0
;LAYER_CHANGE
;Z:23.8
;HEIGHT:0.199999
G92 E0
;_SET_FAN_SPEED_CHANGING_LAYER
; printing object fidget-finger-massager-2000-roller_plain.stl id:4713352688601451214 copy 0
M204 S10000
G1 E-.8 F1800
G1 X58.055 Y47.36 Z24.2 F7200
G1 Z23.8
G1 E.8 F1800
M204 S1500
;TYPE:Inner wall
;WIDTH:0.533525
G1 F902
G1 X57.929 Y47.295 E.00578
;WIDTH:0.558758
G1 X57.408 Y47.33 E.02243
M73 P79 R4
G1 X57.173 Y47.563 E.01419
;WIDTH:0.536648
G1 X56.701 Y48.355 E.03783
;WIDTH:0.493324
G1 X56.229 Y49.147 E.03451
;WIDTH:0.449999
G1 X56.302 Y49.367 E.00785
G1 X55.742 Y48.914 E.02438
G1 X55.363 Y48.583 E.01702
G1 X55.713 Y48.233 E.01675
;WIDTH:0.493324
G1 X56.164 Y47.808 E.0232
;WIDTH:0.536648
G1 X56.615 Y47.384 E.02543
;WIDTH:0.558758
G1 X57.27 Y46.753 E.03902
G1 X57.448 Y46.904 E.01001
G1 X58.023 Y47.336 E.03086
M204 S10000
G1 E-.8 F1800
G1 X63.381 Y49.565 Z24.2 F7200
G1 Z23.8
G1 E.8 F1800
M204 S1500
;WIDTH:0.537801
G1 F902
G1 X63.34 Y49.55 E.00182
G1 X63.527 Y49.589 E.00787
;WIDTH:0.558759
G1 X64.324 Y49.675 E.03441
G1 X64.324 Y49.758 E.00359
G1 X64.335 Y50.373 E.02637
;WIDTH:0.536648
G1 X64.365 Y51.346 E.03995
;WIDTH:0.493324
G1 X64.394 Y52.318 E.03644
;WIDTH:0.449999
G1 X63.877 Y52.284 E.01752
G1 X63.19 Y52.212 E.02338
G1 X63.355 Y52.11 E.00657
G1 X63.464 Y51.722 E.01363
;WIDTH:0.493324
G1 X63.642 Y51.019 E.02715
;WIDTH:0.536648
G1 X63.82 Y50.317 E.02977
;WIDTH:0.558759
G1 X63.819 Y49.986 E.01419
G1 X63.519 Y49.614 E.02051
;WIDTH:0.537801
G1 X63.419 Y49.578 E.00436
M204 S500
G1 X64.807 Y49.207 F7200
;TYPE:Outer wall
;WIDTH:0.449999
G1 F902
G1 X64.807 Y52.758 E.12019
G1 X64.188 Y52.74 E.02097
G1 X63.364 Y52.67 E.02801
;WIDTH:0.486162
G1 X62.96 Y52.594 E.01513
;WIDTH:0.522324
G1 X62.556 Y52.519 E.01637
;WIDTH:0.542509
G1 X61.778 Y52.353 E.03304
;WIDTH:0.564558
G1 X60.959 Y52.129 E.03687
;WIDTH:0.586528
G1 X60.166 Y51.863 E.03776
;WIDTH:0.598169
G1 X59.137 Y51.456 E.05111
G1 X58.451 Y51.142 E.03484
;WIDTH:0.584705
G1 X57.781 Y50.797 E.03393
;WIDTH:0.563513
G1 X57.129 Y50.419 E.03262
;WIDTH:0.542048
G1 X56.379 Y49.92 E.03738
;WIDTH:0.515835
G1 X56.1 Y49.731 E.01328
;WIDTH:0.482917
G1 X55.82 Y49.541 E.01235
;WIDTH:0.449999
G1 X55.187 Y49.006 E.02805
G1 X54.748 Y48.592 E.02043
G1 X57.259 Y46.081 E.12019
G1 X57.755 Y46.53 E.02265
G1 X58.322 Y46.981 E.02452
G1 X58.963 Y47.431 E.02652
G1 X59.674 Y47.85 E.02792
G1 X60.13 Y48.087 E.01741
G1 X60.742 Y48.362 E.0227
G1 X61.446 Y48.624 E.02543
G1 X62.072 Y48.815 E.02215
G1 X62.848 Y49 E.02702
G1 X63.573 Y49.119 E.02487
G1 X64.304 Y49.191 E.02486
G1 X64.767 Y49.206 E.01569
G1 X63.226 Y49.999 F7200
G1 F902
G1 X63.376 Y50.142 E.007
G1 X62.977 Y51.907 E.06126
;WIDTH:0.482918
G1 X62.882 Y51.971 E.00419
;WIDTH:0.515836
G1 X62.787 Y52.034 E.0045
;WIDTH:0.542047
G1 X61.95 Y51.838 E.03565
;WIDTH:0.563516
G1 X61.256 Y51.631 E.03134
;WIDTH:0.584704
G1 X60.576 Y51.39 E.03253
;WIDTH:0.59817
G1 X58.899 Y50.704 E.08363
;WIDTH:0.586529
G1 X58.163 Y50.361 E.0367
;WIDTH:0.564557
G1 X57.441 Y49.974 E.03553
;WIDTH:0.542512
G1 X56.789 Y49.573 E.03181
;WIDTH:0.522324
G1 X56.689 Y49.508 E.00474
;WIDTH:0.515835
G1 X56.677 Y49.373 E.00532
;WIDTH:0.482917
G1 X56.665 Y49.239 E.00495
;WIDTH:0.449999
G1 X57.571 Y47.817 E.05706
G1 X57.638 Y47.754 E.00309
G1 X57.818 Y47.758 E.0061
G1 X58.457 Y48.14 E.02521
G1 X59.075 Y48.462 E.02358
G1 X59.714 Y48.748 E.02369
G1 X61.186 Y49.358 E.05394
G1 X61.84 Y49.607 E.02369
G1 X62.504 Y49.816 E.02358
G1 X63.188 Y49.989 E.02386
M204 S10000
G1 X63.34 Y49.55 F7200
M204 S1500
;TYPE:Inner wall
;WIDTH:0.518212
G1 F902
G1 X62.982 Y49.473 E.01448
;WIDTH:0.492423
G1 X62.623 Y49.396 E.01369
;WIDTH:0.466634
G1 X62.25 Y49.291 E.01366
;WIDTH:0.437017
G1 X61.877 Y49.185 E.0127
;WIDTH:0.4074
G1 X61.222 Y48.956 E.02104
;WIDTH:0.36291
G1 X60.578 Y48.7 E.01844
;WIDTH:0.371988
G1 X59.868 Y48.39 E.02119
;WIDTH:0.398292
G1 X59.562 Y48.239 E.01009
;WIDTH:0.424596
G1 X59.256 Y48.087 E.01083
;WIDTH:0.46488
G1 X58.67 Y47.759 E.02358
;WIDTH:0.492197
G1 X58.362 Y47.56 E.01368
;WIDTH:0.519514
G1 X58.055 Y47.36 E.01452
M204 S10000
G1 E-.8 F1800
G1 X56.068 Y48.516 Z24.2 F7200
G1 Z23.8
G1 E.8 F1800
M204 S500
;TYPE:Internal solid infill
;WIDTH:0.542158
G1 F902
G1 X56.005 Y48.516 E.00259
G1 X55.974 Y48.57 E.00259
G1 X56.005 Y48.624 E.00259
G1 X56.068 Y48.624 E.00259
G1 X56.079 Y48.604 E.00093
M204 S10000
G1 E-.8 F1800
G1 X63.16 Y51.453 Z24.2 F7200
G1 X63.952 Y51.772 Z24.2
G1 Z23.8
G1 E.8 F1800
M204 S500
;WIDTH:0.552974
G1 F902
G1 X63.888 Y51.772 E.0027
G1 X63.856 Y51.827 E.0027
G1 X63.888 Y51.882 E.0027
G1 X63.952 Y51.882 E.0027
G1 X63.964 Y51.862 E.00101
; stop printing object fidget-finger-massager-2000-roller_plain.stl id:4713352688601451214 copy 0
;LAYER_CHANGE
;Z:24
;HEIGHT:0.200001
G92 E0
;_SET_FAN_SPEED_CHANGING_LAYER
; printing object fidget-finger-massager-2000-roller_plain.stl id:4713352688601451214 copy 0
M204 S10000
G1 E-.8 F1800
G1 X58.055 Y47.36 Z24.4 F7200
G1 Z24
G1 E.8 F1800
M204 S1500
;TYPE:Inner wall
;WIDTH:0.533522
G1 F902
G1 X57.929 Y47.295 E.00579
;WIDTH:0.558757
G1 X57.408 Y47.33 E.02242
G1 X57.173 Y47.563 E.01419
;WIDTH:0.536648
G1 X56.701 Y48.355 E.03783
;WIDTH:0.493324
G1 X56.229 Y49.147 E.03451
;WIDTH:0.449999
G1 X56.302 Y49.367 E.00785
G1 X55.742 Y48.914 E.02438
G1 X55.363 Y48.583 E.01702
G1 X55.713 Y48.233 E.01675
;WIDTH:0.493324
G1 X56.164 Y47.808 E.0232
;WIDTH:0.536648
G1 X56.615 Y47.384 E.02543
;WIDTH:0.558757
G1 X57.27 Y46.753 E.03902
G1 X57.448 Y46.904 E.01001
G1 X58.023 Y47.336 E.03086
M204 S10000
G1 E-.8 F1800
G1 X63.381 Y49.565 Z24.4 F7200
G1 Z24
G1 E.8 F1800
M204 S1500
;WIDTH:0.537801
G1 F902
G1 X63.34 Y49.55 E.00182
G1 X63.527 Y49.589 E.00787
;WIDTH:0.558759
G1 X64.324 Y49.675 E.03441
G1 X64.324 Y49.758 E.00359
G1 X64.335 Y50.373 E.02637
;WIDTH:0.536648
G1 X64.365 Y51.346 E.03995
;WIDTH:0.493324
G1 X64.394 Y52.318 E.03644
;WIDTH:0.449999
G1 X63.877 Y52.284 E.01752
G1 X63.19 Y52.212 E.02338
G1 X63.355 Y52.11 E.00657
G1 X63.464 Y51.722 E.01363
;WIDTH:0.493324
G1 X63.642 Y51.019 E.02715
;WIDTH:0.536648
G1 X63.82 Y50.317 E.02977
;WIDTH:0.558759
G1 X63.819 Y49.986 E.01419
G1 X63.519 Y49.614 E.02051
;WIDTH:0.537801
G1 X63.419 Y49.578 E.00436
M204 S500
G1 X64.807 Y49.207 F7200
;TYPE:Outer wall
;WIDTH:0.449999
G1 F902
G1 X64.807 Y52.758 E.12019
G1 X64.188 Y52.74 E.02098
G1 X63.364 Y52.67 E.028
;WIDTH:0.486161
G1 X62.96 Y52.594 E.01513
;WIDTH:0.522323
G1 X62.556 Y52.519 E.01637
;WIDTH:0.542528
G1 X61.778 Y52.353 E.03304
;WIDTH:0.564575
G1 X60.958 Y52.129 E.03687
;WIDTH:0.586533
G1 X60.166 Y51.863 E.03776
;WIDTH:0.598214
G1 X59.144 Y51.458 E.05077
G1 X58.456 Y51.144 E.03494
;WIDTH:0.584797
G1 X57.784 Y50.799 E.03402
;WIDTH:0.563567
G1 X57.131 Y50.419 E.0327
;WIDTH:0.54207
G1 X56.379 Y49.92 E.03746
;WIDTH:0.515836
G1 X56.1 Y49.731 E.01328
;WIDTH:0.482918
G1 X55.82 Y49.541 E.01235
;WIDTH:0.449999
G1 X55.187 Y49.006 E.02805
G1 X54.748 Y48.592 E.02043
G1 X57.259 Y46.081 E.12019
G1 X57.755 Y46.53 E.02265
G1 X58.322 Y46.981 E.02452
G1 X58.959 Y47.429 E.02636
G1 X59.468 Y47.728 E.01998
G1 X60.042 Y48.027 E.02191
G1 X60.742 Y48.362 E.02627
G1 X61.447 Y48.624 E.02546
G1 X62.078 Y48.808 E.02225
G1 X62.848 Y49 E.02686
G1 X63.573 Y49.119 E.02488
G1 X64.304 Y49.191 E.02486
G1 X64.767 Y49.206 E.01569
G1 X63.226 Y49.999 F7200
G1 F902
G1 X63.376 Y50.142 E.007
G1 X62.977 Y51.907 E.06126
;WIDTH:0.482918
G1 X62.882 Y51.971 E.00419
;WIDTH:0.515836
G1 X62.787 Y52.034 E.0045
;WIDTH:0.54207
G1 X61.949 Y51.837 E.03573
;WIDTH:0.563569
G1 X61.253 Y51.63 E.03142
;WIDTH:0.584799
G1 X60.571 Y51.389 E.03262
;WIDTH:0.598215
G1 X58.899 Y50.704 E.0834
;WIDTH:0.586533
G1 X58.163 Y50.361 E.0367
;WIDTH:0.564574
G1 X57.441 Y49.974 E.03553
;WIDTH:0.54208
G1 X56.789 Y49.573 E.03178
;WIDTH:0.522324
G1 X56.689 Y49.508 E.00474
;WIDTH:0.515836
G1 X56.677 Y49.373 E.00532
;WIDTH:0.482918
G1 X56.665 Y49.239 E.00495
;WIDTH:0.449999
G1 X57.571 Y47.817 E.05706
G1 X57.638 Y47.754 E.00309
G1 X57.818 Y47.758 E.0061
G1 X58.457 Y48.14 E.02521
G1 X59.075 Y48.462 E.02358
G1 X59.714 Y48.748 E.02369
G1 X61.186 Y49.358 E.05394
G1 X61.84 Y49.607 E.02369
G1 X62.504 Y49.816 E.02358
G1 X63.188 Y49.989 E.02386
M204 S10000
G1 X63.34 Y49.55 F7200
M204 S1500
;TYPE:Inner wall
;WIDTH:0.518212
G1 F902
G1 X62.982 Y49.473 E.01447
;WIDTH:0.492958
G1 X62.624 Y49.395 E.01371
;WIDTH:0.467704
G1 X62.171 Y49.263 E.01666
;WIDTH:0.431785
G1 X61.718 Y49.131 E.01525
;WIDTH:0.395866
G1 X61.223 Y48.957 E.01539
;WIDTH:0.363006
G1 X60.565 Y48.695 E.01885
;WIDTH:0.385134
G1 X59.871 Y48.384 E.02165
;WIDTH:0.42504
G1 X59.256 Y48.087 E.02168
;WIDTH:0.464728
G1 X58.67 Y47.759 E.02357
;WIDTH:0.492109
G1 X58.362 Y47.56 E.01368
;WIDTH:0.51949
G1 X58.055 Y47.36 E.01452
M204 S10000
G1 E-.8 F1800
G1 X56.068 Y48.516 Z24.4 F7200
G1 Z24
G1 E.8 F1800
M204 S500
;TYPE:Internal solid infill
;WIDTH:0.54216
G1 F902
G1 X56.005 Y48.516 E.00259
G1 X55.974 Y48.57 E.00259
G1 X56.005 Y48.624 E.00259
G1 X56.068 Y48.624 E.00259
G1 X56.079 Y48.604 E.00093
M204 S10000
G1 E-.8 F1800
G1 X63.16 Y51.453 Z24.4 F7200
G1 X63.952 Y51.772 Z24.4
G1 Z24
G1 E.8 F1800
M204 S500
;WIDTH:0.552974
G1 F902
G1 X63.888 Y51.772 E.0027
G1 X63.856 Y51.827 E.0027
G1 X63.888 Y51.882 E.0027
G1 X63.952 Y51.882 E.0027
G1 X63.964 Y51.862 E.00101
; stop printing object fidget-finger-massager-2000-roller_plain.stl id:4713352688601451214 copy 0
;LAYER_CHANGE
;Z:24.2
;HEIGHT:0.200001
G92 E0
;_SET_FAN_SPEED_CHANGING_LAYER
; printing object fidget-finger-massager-2000-roller_plain.stl id:4713352688601451214 copy 0
M204 S10000
G1 E-.8 F1800
G1 X58.055 Y47.36 Z24.6 F7200
G1 Z24.2
G1 E.8 F1800
M204 S1500
;TYPE:Inner wall
;WIDTH:0.533515
G1 F902
G1 X57.929 Y47.295 E.00579
;WIDTH:0.558758
G1 X57.408 Y47.33 E.02242
G1 X57.173 Y47.563 E.01419
;WIDTH:0.536648
G1 X56.701 Y48.355 E.03783
;WIDTH:0.493324
G1 X56.229 Y49.147 E.03451
;WIDTH:0.449999
G1 X56.302 Y49.367 E.00785
G1 X55.742 Y48.914 E.02438
G1 X55.363 Y48.583 E.01702
G1 X55.713 Y48.233 E.01675
;WIDTH:0.493324
G1 X56.164 Y47.808 E.0232
;WIDTH:0.536648
G1 X56.615 Y47.384 E.02543
;WIDTH:0.558758
G1 X57.27 Y46.753 E.03902
M73 P80 R4
G1 X57.448 Y46.904 E.01001
G1 X58.023 Y47.336 E.03086
M204 S10000
G1 E-.8 F1800
G1 X63.381 Y49.565 Z24.6 F7200
G1 Z24.2
G1 E.8 F1800
M204 S1500
;WIDTH:0.537801
G1 F902
G1 X63.34 Y49.55 E.00182
G1 X63.527 Y49.589 E.00787
M73 P80 R3
;WIDTH:0.558759
G1 X64.324 Y49.675 E.03441
G1 X64.324 Y49.758 E.00359
G1 X64.335 Y50.373 E.02637
;WIDTH:0.536649
G1 X64.365 Y51.346 E.03995
;WIDTH:0.493324
G1 X64.394 Y52.318 E.03644
;WIDTH:0.449999
G1 X63.877 Y52.284 E.01752
G1 X63.19 Y52.212 E.02338
G1 X63.355 Y52.11 E.00657
G1 X63.464 Y51.722 E.01363
;WIDTH:0.493324
G1 X63.642 Y51.019 E.02715
;WIDTH:0.536649
G1 X63.82 Y50.317 E.02977
;WIDTH:0.558759
G1 X63.819 Y49.986 E.01419
G1 X63.519 Y49.614 E.02051
;WIDTH:0.537801
G1 X63.419 Y49.578 E.00436
M204 S500
G1 X64.807 Y49.207 F7200
;TYPE:Outer wall
;WIDTH:0.449999
G1 F902
G1 X64.807 Y52.758 E.12019
G1 X64.188 Y52.74 E.02098
G1 X63.364 Y52.67 E.028
;WIDTH:0.486161
G1 X62.96 Y52.594 E.01513
;WIDTH:0.522322
G1 X62.556 Y52.519 E.01637
;WIDTH:0.542544
G1 X61.778 Y52.353 E.03305
;WIDTH:0.564593
G1 X60.958 Y52.129 E.03687
;WIDTH:0.586541
G1 X60.166 Y51.863 E.03777
;WIDTH:0.598262
G1 X59.151 Y51.461 E.05043
G1 X58.461 Y51.146 E.03503
;WIDTH:0.584893
G1 X57.787 Y50.801 E.0341
;WIDTH:0.563621
G1 X57.133 Y50.42 E.03279
;WIDTH:0.542094
G1 X56.379 Y49.92 E.03753
;WIDTH:0.515837
G1 X56.1 Y49.731 E.01328
;WIDTH:0.482918
G1 X55.82 Y49.541 E.01235
;WIDTH:0.449999
G1 X55.187 Y49.006 E.02805
G1 X54.748 Y48.592 E.02043
G1 X57.259 Y46.081 E.12019
G1 X57.755 Y46.53 E.02265
G1 X58.322 Y46.982 E.02453
G1 X58.955 Y47.426 E.0262
G1 X59.392 Y47.683 E.01714
G1 X60.043 Y48.028 E.02496
G1 X60.742 Y48.362 E.0262
G1 X61.446 Y48.624 E.02542
G1 X62.072 Y48.815 E.02215
G1 X62.848 Y49 E.02702
G1 X63.573 Y49.119 E.02487
G1 X64.304 Y49.191 E.02486
G1 X64.767 Y49.206 E.01569
G1 X63.226 Y49.999 F7200
G1 F902
G1 X63.376 Y50.142 E.007
G1 X62.977 Y51.907 E.06126
;WIDTH:0.482918
G1 X62.882 Y51.971 E.00419
;WIDTH:0.515836
G1 X62.787 Y52.034 E.0045
;WIDTH:0.542093
G1 X61.947 Y51.837 E.0358
;WIDTH:0.563624
G1 X61.25 Y51.629 E.0315
;WIDTH:0.584895
G1 X60.566 Y51.387 E.0327
;WIDTH:0.598262
G1 X58.899 Y50.704 E.08316
;WIDTH:0.586542
G1 X58.163 Y50.361 E.0367
;WIDTH:0.564593
G1 X57.441 Y49.974 E.03554
;WIDTH:0.542101
G1 X56.789 Y49.573 E.03178
;WIDTH:0.522323
G1 X56.689 Y49.508 E.00474
;WIDTH:0.515837
G1 X56.677 Y49.373 E.00532
;WIDTH:0.482918
G1 X56.665 Y49.239 E.00495
;WIDTH:0.449999
G1 X57.571 Y47.817 E.05706
G1 X57.638 Y47.754 E.00309
G1 X57.818 Y47.758 E.0061
G1 X58.457 Y48.14 E.02521
G1 X58.996 Y48.42 E.02055
G1 X59.714 Y48.748 E.02674
G1 X61.186 Y49.358 E.05391
G1 X61.84 Y49.607 E.02369
G1 X62.504 Y49.816 E.02358
G1 X63.188 Y49.989 E.02386
M204 S10000
G1 X63.34 Y49.55 F7200
M204 S1500
;TYPE:Inner wall
;WIDTH:0.518212
G1 F902
G1 X62.982 Y49.473 E.01448
;WIDTH:0.492407
G1 X62.623 Y49.396 E.01369
;WIDTH:0.466602
G1 X62.253 Y49.292 E.01354
;WIDTH:0.437307
G1 X61.883 Y49.187 E.01261
;WIDTH:0.408012
G1 X61.225 Y48.957 E.02118
;WIDTH:0.363106
G1 X60.566 Y48.695 E.0189
;WIDTH:0.384758
G1 X59.872 Y48.385 E.02158
;WIDTH:0.430046
G1 X59.179 Y48.044 E.02486
;WIDTH:0.464566
G1 X58.67 Y47.759 E.02047
;WIDTH:0.492014
G1 X58.362 Y47.56 E.01368
;WIDTH:0.519462
G1 X58.055 Y47.36 E.01451
M204 S10000
G1 E-.8 F1800
G1 X56.068 Y48.516 Z24.6 F7200
G1 Z24.2
G1 E.8 F1800
M204 S500
;TYPE:Internal solid infill
;WIDTH:0.54216
G1 F902
G1 X56.005 Y48.516 E.00259
G1 X55.974 Y48.57 E.00259
G1 X56.005 Y48.624 E.00259
G1 X56.068 Y48.624 E.00259
G1 X56.079 Y48.604 E.00093
M204 S10000
G1 E-.8 F1800
G1 X63.16 Y51.453 Z24.6 F7200
G1 X63.952 Y51.772 Z24.6
G1 Z24.2
G1 E.8 F1800
M204 S500
;WIDTH:0.552974
G1 F902
G1 X63.888 Y51.772 E.0027
G1 X63.856 Y51.827 E.0027
G1 X63.888 Y51.882 E.0027
G1 X63.952 Y51.882 E.0027
G1 X63.964 Y51.862 E.00101
; stop printing object fidget-finger-massager-2000-roller_plain.stl id:4713352688601451214 copy 0
;LAYER_CHANGE
;Z:24.4
;HEIGHT:0.199999
G92 E0
;_SET_FAN_SPEED_CHANGING_LAYER
; printing object fidget-finger-massager-2000-roller_plain.stl id:4713352688601451214 copy 0
M204 S10000
G1 E-.8 F1800
G1 X58.055 Y47.36 Z24.8 F7200
G1 Z24.4
G1 E.8 F1800
M204 S1500
;TYPE:Inner wall
;WIDTH:0.533517
G1 F902
G1 X57.929 Y47.295 E.0058
;WIDTH:0.558758
G1 X57.408 Y47.33 E.02241
G1 X57.173 Y47.563 E.01419
;WIDTH:0.536648
G1 X56.701 Y48.355 E.03783
;WIDTH:0.493324
G1 X56.229 Y49.147 E.03451
;WIDTH:0.449999
G1 X56.302 Y49.367 E.00785
G1 X55.742 Y48.914 E.02438
G1 X55.363 Y48.583 E.01702
G1 X55.713 Y48.233 E.01675
;WIDTH:0.493324
G1 X56.164 Y47.808 E.0232
;WIDTH:0.536648
G1 X56.615 Y47.384 E.02543
;WIDTH:0.558758
G1 X57.27 Y46.753 E.03902
G1 X57.448 Y46.904 E.01001
G1 X58.023 Y47.336 E.03086
M204 S10000
G1 E-.8 F1800
G1 X63.381 Y49.565 Z24.8 F7200
G1 Z24.4
G1 E.8 F1800
M204 S1500
;WIDTH:0.537801
G1 F902
G1 X63.34 Y49.55 E.00182
G1 X63.527 Y49.589 E.00787
;WIDTH:0.558759
G1 X64.324 Y49.675 E.03441
G1 X64.324 Y49.758 E.00359
G1 X64.335 Y50.373 E.02637
;WIDTH:0.536649
G1 X64.365 Y51.346 E.03995
;WIDTH:0.493324
G1 X64.394 Y52.318 E.03644
;WIDTH:0.449999
G1 X63.877 Y52.284 E.01752
G1 X63.19 Y52.212 E.02338
G1 X63.355 Y52.11 E.00657
G1 X63.464 Y51.722 E.01363
;WIDTH:0.493324
G1 X63.642 Y51.019 E.02715
;WIDTH:0.536649
G1 X63.82 Y50.317 E.02977
;WIDTH:0.558759
G1 X63.819 Y49.986 E.01419
G1 X63.519 Y49.614 E.02051
;WIDTH:0.537801
G1 X63.419 Y49.578 E.00436
M204 S500
G1 X64.807 Y49.207 F7200
;TYPE:Outer wall
;WIDTH:0.449999
G1 F902
G1 X64.807 Y52.758 E.12019
G1 X64.188 Y52.74 E.02097
G1 X63.364 Y52.67 E.028
;WIDTH:0.48616
G1 X62.96 Y52.594 E.01513
;WIDTH:0.522321
G1 X62.556 Y52.519 E.01637
;WIDTH:0.542562
G1 X61.778 Y52.353 E.03305
;WIDTH:0.564613
G1 X60.958 Y52.129 E.03688
;WIDTH:0.586551
G1 X60.166 Y51.863 E.03777
;WIDTH:0.598307
G1 X59.157 Y51.464 E.05009
G1 X58.465 Y51.149 E.03512
;WIDTH:0.584987
G1 X57.791 Y50.802 E.03419
;WIDTH:0.563676
G1 X57.134 Y50.421 E.03287
;WIDTH:0.542114
G1 X56.379 Y49.92 E.03761
;WIDTH:0.515836
G1 X56.1 Y49.731 E.01328
;WIDTH:0.482918
G1 X55.82 Y49.541 E.01235
;WIDTH:0.449999
G1 X55.187 Y49.006 E.02805
G1 X54.748 Y48.592 E.02043
G1 X57.259 Y46.081 E.12019
G1 X57.755 Y46.53 E.02265
G1 X58.322 Y46.982 E.02453
G1 X58.951 Y47.424 E.02604
G1 X59.468 Y47.728 E.02028
G1 X60.041 Y48.028 E.02191
G1 X60.742 Y48.362 E.02628
G1 X61.446 Y48.624 E.02542
G1 X62.072 Y48.815 E.02215
G1 X62.848 Y49 E.02702
G1 X63.573 Y49.119 E.02487
G1 X64.304 Y49.191 E.02486
G1 X64.767 Y49.206 E.01569
G1 X63.226 Y49.999 F7200
G1 F902
G1 X63.376 Y50.142 E.007
G1 X62.977 Y51.907 E.06126
;WIDTH:0.482918
G1 X62.882 Y51.971 E.00419
;WIDTH:0.515836
G1 X62.787 Y52.034 E.0045
;WIDTH:0.542115
G1 X61.945 Y51.836 E.03588
;WIDTH:0.563679
G1 X61.246 Y51.628 E.03158
;WIDTH:0.584989
G1 X60.561 Y51.385 E.03279
;WIDTH:0.598307
G1 X58.899 Y50.704 E.08293
;WIDTH:0.586552
G1 X58.163 Y50.361 E.0367
;WIDTH:0.564612
G1 X57.441 Y49.974 E.03554
;WIDTH:0.54212
G1 X56.789 Y49.573 E.03178
;WIDTH:0.522321
G1 X56.689 Y49.508 E.00474
;WIDTH:0.515836
G1 X56.677 Y49.373 E.00532
;WIDTH:0.482918
G1 X56.665 Y49.239 E.00495
;WIDTH:0.449999
G1 X57.571 Y47.817 E.05706
G1 X57.638 Y47.754 E.00309
G1 X57.818 Y47.758 E.0061
G1 X58.457 Y48.14 E.02521
G1 X59.075 Y48.462 E.02358
G1 X59.714 Y48.748 E.02369
G1 X61.186 Y49.358 E.05394
G1 X61.84 Y49.607 E.02369
G1 X62.504 Y49.816 E.02358
G1 X63.188 Y49.989 E.02386
M204 S10000
G1 X63.34 Y49.55 F7200
M204 S1500
;TYPE:Inner wall
;WIDTH:0.518212
G1 F902
G1 X62.982 Y49.473 E.01448
;WIDTH:0.492401
G1 X62.623 Y49.396 E.01369
;WIDTH:0.46659
G1 X62.255 Y49.292 E.01348
;WIDTH:0.437453
G1 X61.887 Y49.188 E.01256
;WIDTH:0.408316
G1 X61.226 Y48.958 E.02124
;WIDTH:0.363204
G1 X60.566 Y48.695 E.01894
;WIDTH:0.384594
G1 X59.87 Y48.385 E.02163
;WIDTH:0.425912
G1 X59.257 Y48.087 E.02173
;WIDTH:0.464406
G1 X58.67 Y47.759 E.02355
;WIDTH:0.491923
G1 X58.362 Y47.56 E.01368
;WIDTH:0.51944
G1 X58.055 Y47.36 E.01451
M204 S10000
G1 E-.8 F1800
G1 X56.068 Y48.516 Z24.8 F7200
G1 Z24.4
G1 E.8 F1800
M204 S500
;TYPE:Internal solid infill
;WIDTH:0.542156
G1 F902
G1 X56.005 Y48.516 E.00259
G1 X55.974 Y48.57 E.00259
G1 X56.005 Y48.624 E.00259
G1 X56.068 Y48.624 E.00259
G1 X56.079 Y48.604 E.00093
M204 S10000
G1 E-.8 F1800
G1 X63.16 Y51.453 Z24.8 F7200
G1 X63.952 Y51.772 Z24.8
G1 Z24.4
G1 E.8 F1800
M204 S500
;WIDTH:0.552974
G1 F902
G1 X63.888 Y51.772 E.0027
G1 X63.856 Y51.827 E.0027
G1 X63.888 Y51.882 E.0027
G1 X63.952 Y51.882 E.0027
G1 X63.964 Y51.862 E.00101
; stop printing object fidget-finger-massager-2000-roller_plain.stl id:4713352688601451214 copy 0
;LAYER_CHANGE
;Z:24.6
;HEIGHT:0.200001
G92 E0
;_SET_FAN_SPEED_CHANGING_LAYER
; printing object fidget-finger-massager-2000-roller_plain.stl id:4713352688601451214 copy 0
M204 S10000
G1 E-.8 F1800
G1 X58.055 Y47.36 Z25 F7200
G1 Z24.6
G1 E.8 F1800
M204 S1500
;TYPE:Inner wall
;WIDTH:0.533509
G1 F900
G1 X57.929 Y47.295 E.0058
;WIDTH:0.558758
G1 X57.408 Y47.33 E.02241
G1 X57.173 Y47.563 E.01419
;WIDTH:0.536649
G1 X56.701 Y48.355 E.03783
;WIDTH:0.493324
G1 X56.229 Y49.147 E.03451
;WIDTH:0.449999
G1 X56.302 Y49.367 E.00785
G1 X55.742 Y48.914 E.02438
G1 X55.363 Y48.583 E.01702
G1 X55.713 Y48.233 E.01675
;WIDTH:0.493324
G1 X56.164 Y47.808 E.0232
;WIDTH:0.536649
G1 X56.615 Y47.384 E.02543
;WIDTH:0.558758
G1 X57.27 Y46.753 E.03902
G1 X57.448 Y46.904 E.01001
G1 X58.023 Y47.336 E.03086
M204 S10000
G1 E-.8 F1800
G1 X63.571 Y49.7 Z25 F7200
G1 Z24.6
G1 E.8 F1800
M73 P81 R3
M204 S1500
;WIDTH:0.558759
G1 F900
G1 X63.471 Y49.585 E.00652
;WIDTH:0.546075
G1 X63.526 Y49.594 E.00233
;WIDTH:0.558759
G1 X64.324 Y49.675 E.03441
G1 X64.324 Y49.758 E.00359
G1 X64.335 Y50.373 E.02637
;WIDTH:0.536649
G1 X64.365 Y51.346 E.03995
;WIDTH:0.493324
G1 X64.394 Y52.318 E.03644
;WIDTH:0.449999
G1 X63.877 Y52.284 E.01752
G1 X63.19 Y52.212 E.02338
G1 X63.355 Y52.11 E.00657
G1 X63.464 Y51.722 E.01363
;WIDTH:0.493324
G1 X63.642 Y51.019 E.02715
;WIDTH:0.536649
G1 X63.82 Y50.317 E.02977
;WIDTH:0.558759
G1 X63.819 Y49.986 E.01419
G1 X63.597 Y49.73 E.01453
M204 S500
G1 X64.807 Y49.207 F7200
;TYPE:Outer wall
;WIDTH:0.449999
G1 F900
G1 X64.807 Y52.758 E.12019
G1 X64.188 Y52.74 E.02098
G1 X63.364 Y52.67 E.028
;WIDTH:0.48616
G1 X62.96 Y52.594 E.01513
;WIDTH:0.522321
G1 X62.556 Y52.519 E.01637
;WIDTH:0.54258
G1 X61.778 Y52.353 E.03305
;WIDTH:0.564634
G1 X60.958 Y52.129 E.03688
;WIDTH:0.586564
G1 X60.166 Y51.863 E.03777
;WIDTH:0.598352
G1 X59.164 Y51.467 E.04975
G1 X58.47 Y51.151 E.03522
;WIDTH:0.585083
G1 X57.794 Y50.804 E.03427
;WIDTH:0.563731
G1 X57.135 Y50.422 E.03295
;WIDTH:0.542137
G1 X56.379 Y49.92 E.03768
;WIDTH:0.515836
G1 X56.1 Y49.731 E.01328
;WIDTH:0.482918
G1 X55.82 Y49.541 E.01235
;WIDTH:0.449999
G1 X55.187 Y49.006 E.02805
G1 X54.748 Y48.592 E.02043
G1 X57.259 Y46.081 E.12019
G1 X57.755 Y46.53 E.02265
G1 X58.322 Y46.982 E.02453
G1 X58.947 Y47.421 E.02588
G1 X59.468 Y47.727 E.02043
G1 X60.041 Y48.028 E.02191
G1 X60.742 Y48.362 E.02628
G1 X61.379 Y48.603 E.02305
G1 X62.093 Y48.808 E.02516
G1 X62.705 Y48.959 E.02132
G1 X63.573 Y49.119 E.02989
G1 X64.304 Y49.191 E.02486
G1 X64.767 Y49.206 E.01569
G1 X63.226 Y49.999 F7200
G1 F900
G1 X63.376 Y50.142 E.007
G1 X62.977 Y51.907 E.06126
;WIDTH:0.482918
G1 X62.882 Y51.971 E.00419
;WIDTH:0.515836
G1 X62.787 Y52.034 E.0045
;WIDTH:0.542137
G1 X61.944 Y51.836 E.03595
;WIDTH:0.563732
G1 X61.243 Y51.627 E.03166
;WIDTH:0.585083
G1 X60.556 Y51.383 E.03287
;WIDTH:0.598353
G1 X58.899 Y50.704 E.08269
;WIDTH:0.586565
G1 X58.163 Y50.361 E.0367
;WIDTH:0.563731
G1 X57.441 Y49.974 E.03548
;WIDTH:0.54258
G1 X56.789 Y49.573 E.03181
;WIDTH:0.52232
G1 X56.689 Y49.508 E.00474
;WIDTH:0.515836
G1 X56.677 Y49.373 E.00532
;WIDTH:0.482918
G1 X56.665 Y49.239 E.00495
;WIDTH:0.449999
G1 X57.571 Y47.817 E.05706
G1 X57.638 Y47.754 E.00309
G1 X57.818 Y47.758 E.0061
G1 X58.457 Y48.14 E.02521
G1 X59.075 Y48.462 E.02358
G1 X59.714 Y48.748 E.02369
G1 X61.186 Y49.358 E.05394
G1 X61.84 Y49.607 E.02369
G1 X62.504 Y49.816 E.02358
G1 X63.188 Y49.989 E.02386
M204 S10000
G1 X63.471 Y49.585 F7200
M204 S1500
;TYPE:Inner wall
;WIDTH:0.543964
G1 F900
G1 X63.34 Y49.549 E.00567
;WIDTH:0.520962
G1 X62.624 Y49.392 E.02911
;WIDTH:0.473878
G1 X61.977 Y49.211 E.02408
;WIDTH:0.43077
G1 X61.603 Y49.085 E.01275
;WIDTH:0.397035
G1 X61.228 Y48.958 E.01164
;WIDTH:0.3633
G1 X60.566 Y48.695 E.01898
;WIDTH:0.384318
G1 X59.87 Y48.385 E.02162
;WIDTH:0.426342
G1 X59.257 Y48.086 E.02175
;WIDTH:0.464242
G1 X58.67 Y47.759 E.02354
;WIDTH:0.491826
G1 X58.362 Y47.56 E.01367
;WIDTH:0.51941
G1 X58.055 Y47.36 E.01451
M204 S10000
G1 E-.8 F1800
G1 X56.068 Y48.516 Z25 F7200
G1 Z24.6
G1 E.8 F1800
M204 S500
;TYPE:Internal solid infill
;WIDTH:0.542156
G1 F900
G1 X56.005 Y48.516 E.00259
G1 X55.974 Y48.57 E.00259
G1 X56.005 Y48.624 E.00259
G1 X56.068 Y48.624 E.00259
G1 X56.079 Y48.604 E.00093
M204 S10000
G1 E-.8 F1800
G1 X63.16 Y51.453 Z25 F7200
G1 X63.952 Y51.772 Z25
G1 Z24.6
G1 E.8 F1800
M204 S500
;WIDTH:0.552974
G1 F900
G1 X63.888 Y51.772 E.0027
G1 X63.856 Y51.827 E.0027
G1 X63.888 Y51.882 E.0027
G1 X63.952 Y51.882 E.0027
G1 X63.964 Y51.862 E.00101
; stop printing object fidget-finger-massager-2000-roller_plain.stl id:4713352688601451214 copy 0
;LAYER_CHANGE
;Z:24.8
;HEIGHT:0.199999
G92 E0
;_SET_FAN_SPEED_CHANGING_LAYER
; printing object fidget-finger-massager-2000-roller_plain.stl id:4713352688601451214 copy 0
M204 S10000
G1 E-.8 F1800
G1 X58.055 Y47.36 Z25.2 F7200
G1 Z24.8
G1 E.8 F1800
M204 S1500
;TYPE:Inner wall
;WIDTH:0.533503
G1 F902
G1 X57.929 Y47.295 E.00581
;WIDTH:0.558757
G1 X57.408 Y47.33 E.0224
G1 X57.173 Y47.563 E.01419
;WIDTH:0.536648
G1 X56.701 Y48.355 E.03783
;WIDTH:0.493324
G1 X56.229 Y49.147 E.03451
;WIDTH:0.449999
G1 X56.302 Y49.367 E.00785
G1 X55.742 Y48.914 E.02438
G1 X55.363 Y48.583 E.01702
G1 X55.713 Y48.233 E.01675
;WIDTH:0.493324
G1 X56.164 Y47.808 E.0232
;WIDTH:0.536648
G1 X56.615 Y47.384 E.02543
;WIDTH:0.558757
G1 X57.27 Y46.753 E.03902
G1 X57.448 Y46.904 E.01001
G1 X58.023 Y47.336 E.03086
M204 S10000
G1 E-.8 F1800
G1 X63.381 Y49.565 Z25.2 F7200
G1 Z24.8
G1 E.8 F1800
M204 S1500
;WIDTH:0.537801
G1 F902
G1 X63.34 Y49.55 E.00182
G1 X63.527 Y49.589 E.00787
;WIDTH:0.558759
G1 X64.324 Y49.675 E.03441
G1 X64.324 Y49.758 E.00359
G1 X64.335 Y50.373 E.02637
;WIDTH:0.536649
G1 X64.365 Y51.346 E.03995
;WIDTH:0.493324
G1 X64.394 Y52.318 E.03644
;WIDTH:0.449999
G1 X63.877 Y52.284 E.01752
G1 X63.19 Y52.212 E.02338
G1 X63.355 Y52.11 E.00657
G1 X63.464 Y51.722 E.01363
;WIDTH:0.493324
G1 X63.642 Y51.019 E.02715
;WIDTH:0.536649
G1 X63.82 Y50.317 E.02977
;WIDTH:0.558759
G1 X63.819 Y49.986 E.01419
G1 X63.519 Y49.614 E.02051
;WIDTH:0.537801
G1 X63.419 Y49.578 E.00436
M204 S500
G1 X64.807 Y49.207 F7200
;TYPE:Outer wall
;WIDTH:0.449999
G1 F902
G1 X64.807 Y52.758 E.12019
G1 X64.188 Y52.74 E.02098
G1 X63.364 Y52.67 E.028
;WIDTH:0.486159
G1 X62.96 Y52.594 E.01513
;WIDTH:0.522319
G1 X62.556 Y52.519 E.01637
;WIDTH:0.542598
G1 X61.778 Y52.353 E.03306
;WIDTH:0.564655
G1 X60.958 Y52.129 E.03688
;WIDTH:0.58658
G1 X60.166 Y51.863 E.03777
;WIDTH:0.598399
G1 X59.171 Y51.47 E.04941
G1 X58.475 Y51.153 E.03531
;WIDTH:0.585178
G1 X57.797 Y50.806 E.03436
;WIDTH:0.563785
G1 X57.137 Y50.423 E.03303
;WIDTH:0.54216
G1 X56.379 Y49.92 E.03776
;WIDTH:0.515836
G1 X56.1 Y49.731 E.01328
;WIDTH:0.482918
G1 X55.82 Y49.541 E.01235
;WIDTH:0.449999
G1 X55.187 Y49.006 E.02805
G1 X54.748 Y48.592 E.02043
G1 X57.259 Y46.081 E.12019
G1 X57.755 Y46.53 E.02265
G1 X58.322 Y46.982 E.02454
G1 X58.943 Y47.419 E.02572
G1 X59.468 Y47.727 E.02058
G1 X60.041 Y48.028 E.02191
G1 X60.742 Y48.362 E.02629
G1 X61.445 Y48.624 E.02541
G1 X62.071 Y48.815 E.02215
G1 X62.848 Y49 E.02703
G1 X63.573 Y49.119 E.02487
G1 X64.304 Y49.191 E.02486
G1 X64.767 Y49.206 E.01569
G1 X63.226 Y49.999 F7200
G1 F902
G1 X63.376 Y50.142 E.007
G1 X62.977 Y51.907 E.06126
;WIDTH:0.482917
G1 X62.882 Y51.971 E.00419
;WIDTH:0.515835
G1 X62.787 Y52.034 E.0045
;WIDTH:0.54216
G1 X61.942 Y51.835 E.03603
;WIDTH:0.563786
G1 X61.24 Y51.626 E.03174
;WIDTH:0.585179
G1 X60.551 Y51.381 E.03296
;WIDTH:0.598398
G1 X58.899 Y50.704 E.08245
;WIDTH:0.586581
G1 X58.163 Y50.361 E.03671
;WIDTH:0.564656
G1 X57.441 Y49.974 E.03554
;WIDTH:0.542162
G1 X56.789 Y49.573 E.03179
;WIDTH:0.522321
G1 X56.689 Y49.508 E.00474
;WIDTH:0.515836
G1 X56.677 Y49.373 E.00532
;WIDTH:0.482918
G1 X56.665 Y49.239 E.00495
;WIDTH:0.449999
G1 X57.571 Y47.817 E.05706
G1 X57.638 Y47.754 E.00309
G1 X57.818 Y47.758 E.0061
G1 X58.457 Y48.14 E.02521
G1 X59.075 Y48.462 E.02358
G1 X59.714 Y48.748 E.02369
G1 X61.186 Y49.358 E.05394
G1 X61.84 Y49.607 E.02369
G1 X62.504 Y49.816 E.02358
G1 X63.188 Y49.989 E.02386
M204 S10000
G1 X63.34 Y49.55 F7200
M204 S1500
;TYPE:Inner wall
;WIDTH:0.518212
G1 F902
G1 X62.981 Y49.473 E.01448
;WIDTH:0.492387
G1 X62.623 Y49.396 E.01369
;WIDTH:0.466562
G1 X62.258 Y49.293 E.01337
;WIDTH:0.437744
G1 X61.893 Y49.19 E.01246
;WIDTH:0.408926
G1 X61.229 Y48.959 E.02138
;WIDTH:0.3634
G1 X60.566 Y48.695 E.01903
;WIDTH:0.384036
G1 X59.87 Y48.385 E.0216
;WIDTH:0.426766
G1 X59.257 Y48.086 E.02178
;WIDTH:0.46408
G1 X58.67 Y47.759 E.02353
;WIDTH:0.491732
G1 X58.362 Y47.56 E.01367
;WIDTH:0.519384
G1 X58.055 Y47.36 E.01451
M204 S10000
G1 E-.8 F1800
G1 X56.068 Y48.516 Z25.2 F7200
G1 Z24.8
G1 E.8 F1800
M204 S500
;TYPE:Internal solid infill
;WIDTH:0.542156
G1 F902
G1 X56.005 Y48.516 E.00259
G1 X55.974 Y48.57 E.00259
G1 X56.005 Y48.624 E.00259
G1 X56.068 Y48.624 E.00259
G1 X56.079 Y48.604 E.00093
M204 S10000
G1 E-.8 F1800
G1 X63.16 Y51.453 Z25.2 F7200
G1 X63.952 Y51.772 Z25.2
G1 Z24.8
G1 E.8 F1800
M204 S500
;WIDTH:0.552974
G1 F902
G1 X63.888 Y51.772 E.0027
G1 X63.856 Y51.827 E.0027
G1 X63.888 Y51.882 E.0027
G1 X63.952 Y51.882 E.0027
G1 X63.964 Y51.862 E.00101
; stop printing object fidget-finger-massager-2000-roller_plain.stl id:4713352688601451214 copy 0
;LAYER_CHANGE
;Z:25
;HEIGHT:0.200001
G92 E0
;_SET_FAN_SPEED_CHANGING_LAYER
; printing object fidget-finger-massager-2000-roller_plain.stl id:4713352688601451214 copy 0
M204 S10000
G1 E-.8 F1800
G1 X58.055 Y47.36 Z25.4 F7200
G1 Z25
G1 E.8 F1800
M204 S1500
;TYPE:Inner wall
;WIDTH:0.533499
G1 F902
G1 X57.929 Y47.295 E.00581
;WIDTH:0.558758
G1 X57.408 Y47.33 E.0224
G1 X57.173 Y47.563 E.01419
;WIDTH:0.536649
G1 X56.701 Y48.355 E.03783
;WIDTH:0.493324
G1 X56.229 Y49.147 E.03451
;WIDTH:0.449999
G1 X56.302 Y49.367 E.00785
G1 X55.742 Y48.914 E.02438
G1 X55.363 Y48.583 E.01702
G1 X55.713 Y48.233 E.01675
;WIDTH:0.493324
G1 X56.164 Y47.808 E.0232
;WIDTH:0.536649
G1 X56.615 Y47.384 E.02543
;WIDTH:0.558758
G1 X57.27 Y46.753 E.03902
G1 X57.448 Y46.904 E.01001
G1 X58.023 Y47.336 E.03086
M204 S10000
G1 E-.8 F1800
G1 X63.381 Y49.565 Z25.4 F7200
G1 Z25
G1 E.8 F1800
M204 S1500
;WIDTH:0.537801
G1 F902
G1 X63.34 Y49.55 E.00182
G1 X63.527 Y49.589 E.00787
;WIDTH:0.558759
G1 X64.324 Y49.675 E.03441
G1 X64.324 Y49.758 E.00359
G1 X64.335 Y50.373 E.02637
;WIDTH:0.536649
G1 X64.365 Y51.346 E.03995
;WIDTH:0.493324
G1 X64.394 Y52.318 E.03644
;WIDTH:0.449999
G1 X63.877 Y52.284 E.01752
G1 X63.19 Y52.212 E.02338
G1 X63.355 Y52.11 E.00657
M73 P82 R3
G1 X63.464 Y51.722 E.01363
;WIDTH:0.493324
G1 X63.642 Y51.019 E.02715
;WIDTH:0.536649
G1 X63.82 Y50.317 E.02977
;WIDTH:0.558759
G1 X63.819 Y49.986 E.01419
G1 X63.519 Y49.614 E.02051
;WIDTH:0.537801
G1 X63.419 Y49.578 E.00436
M204 S500
G1 X64.807 Y49.207 F7200
;TYPE:Outer wall
;WIDTH:0.449999
G1 F902
G1 X64.807 Y52.758 E.12019
G1 X64.188 Y52.74 E.02098
G1 X63.364 Y52.67 E.028
;WIDTH:0.486159
G1 X62.96 Y52.594 E.01513
;WIDTH:0.522318
G1 X62.556 Y52.519 E.01637
;WIDTH:0.542616
G1 X61.778 Y52.353 E.03306
;WIDTH:0.564839
G1 X60.953 Y52.127 E.03711
;WIDTH:0.588055
G1 X60.342 Y51.927 E.02918
;WIDTH:0.598294
G1 X59.626 Y51.659 E.03529
G1 X58.507 Y51.17 E.05639
;WIDTH:0.584912
G1 X57.8 Y50.807 E.03581
;WIDTH:0.563839
G1 X57.139 Y50.424 E.03311
;WIDTH:0.542182
G1 X56.379 Y49.92 E.03783
;WIDTH:0.515835
G1 X56.1 Y49.731 E.01328
;WIDTH:0.482917
G1 X55.82 Y49.541 E.01235
;WIDTH:0.449999
G1 X55.187 Y49.006 E.02805
G1 X54.748 Y48.592 E.02043
G1 X57.259 Y46.081 E.12019
G1 X57.755 Y46.53 E.02265
G1 X58.322 Y46.982 E.02454
G1 X58.94 Y47.416 E.02556
G1 X59.468 Y47.726 E.02073
G1 X60.041 Y48.028 E.02191
G1 X60.742 Y48.362 E.02629
G1 X61.445 Y48.624 E.02541
G1 X62.071 Y48.815 E.02215
G1 X62.848 Y49 E.02703
G1 X63.573 Y49.119 E.02487
G1 X64.304 Y49.191 E.02486
G1 X64.767 Y49.206 E.01569
G1 X63.226 Y49.999 F7200
G1 F902
G1 X63.376 Y50.142 E.007
G1 X62.977 Y51.907 E.06126
;WIDTH:0.482918
G1 X62.882 Y51.971 E.00419
;WIDTH:0.515836
G1 X62.787 Y52.034 E.0045
;WIDTH:0.542182
G1 X61.94 Y51.835 E.0361
;WIDTH:0.56384
G1 X61.236 Y51.625 E.03182
;WIDTH:0.588055
G1 X60.55 Y51.376 E.0331
;WIDTH:0.598294
G1 X59.952 Y51.147 E.02957
G1 X58.9 Y50.703 E.05274
;WIDTH:0.584912
G1 X58.163 Y50.361 E.03659
;WIDTH:0.564679
G1 X57.441 Y49.974 E.03554
;WIDTH:0.542184
G1 X56.789 Y49.573 E.03179
;WIDTH:0.522318
G1 X56.689 Y49.508 E.00473
;WIDTH:0.515835
G1 X56.677 Y49.373 E.00532
;WIDTH:0.482917
G1 X56.665 Y49.239 E.00495
;WIDTH:0.449999
G1 X57.571 Y47.817 E.05706
G1 X57.638 Y47.754 E.00309
G1 X57.818 Y47.758 E.0061
G1 X58.457 Y48.14 E.02521
G1 X59.075 Y48.462 E.02358
G1 X59.714 Y48.748 E.02369
G1 X61.186 Y49.358 E.05394
G1 X61.84 Y49.607 E.02369
G1 X62.504 Y49.816 E.02358
G1 X63.188 Y49.989 E.02386
M204 S10000
G1 X63.34 Y49.55 F7200
M204 S1500
;TYPE:Inner wall
;WIDTH:0.518212
G1 F902
G1 X62.981 Y49.473 E.01448
;WIDTH:0.49238
G1 X62.623 Y49.396 E.01369
;WIDTH:0.466548
G1 X62.26 Y49.294 E.01331
;WIDTH:0.437889
G1 X61.896 Y49.191 E.01241
;WIDTH:0.40923
G1 X61.231 Y48.96 E.02145
;WIDTH:0.3635
G1 X60.566 Y48.695 E.01907
;WIDTH:0.383746
G1 X59.87 Y48.385 E.02159
;WIDTH:0.42719
G1 X59.257 Y48.086 E.0218
;WIDTH:0.463912
G1 X58.67 Y47.76 E.02352
;WIDTH:0.491634
G1 X58.362 Y47.56 E.01367
;WIDTH:0.519356
G1 X58.055 Y47.36 E.01451
M204 S10000
G1 E-.8 F1800
G1 X56.068 Y48.516 Z25.4 F7200
G1 Z25
G1 E.8 F1800
M204 S500
;TYPE:Internal solid infill
;WIDTH:0.542156
G1 F902
G1 X56.005 Y48.516 E.00259
G1 X55.974 Y48.57 E.00259
G1 X56.005 Y48.624 E.00259
G1 X56.068 Y48.624 E.00259
G1 X56.079 Y48.604 E.00093
M204 S10000
G1 E-.8 F1800
G1 X63.16 Y51.453 Z25.4 F7200
G1 X63.952 Y51.772 Z25.4
G1 Z25
G1 E.8 F1800
M204 S500
;WIDTH:0.552974
G1 F902
G1 X63.888 Y51.772 E.0027
G1 X63.856 Y51.827 E.0027
G1 X63.888 Y51.882 E.0027
G1 X63.952 Y51.882 E.0027
G1 X63.964 Y51.862 E.00101
; stop printing object fidget-finger-massager-2000-roller_plain.stl id:4713352688601451214 copy 0
;LAYER_CHANGE
;Z:25.2
;HEIGHT:0.200001
G92 E0
;_SET_FAN_SPEED_CHANGING_LAYER
; printing object fidget-finger-massager-2000-roller_plain.stl id:4713352688601451214 copy 0
M204 S10000
G1 E-.8 F1800
G1 X58.055 Y47.36 Z25.6 F7200
G1 Z25.2
G1 E.8 F1800
M204 S1500
;TYPE:Inner wall
;WIDTH:0.533497
G1 F902
G1 X57.928 Y47.295 E.00582
;WIDTH:0.558758
G1 X57.408 Y47.33 E.02239
G1 X57.173 Y47.563 E.01419
;WIDTH:0.536649
G1 X56.701 Y48.355 E.03783
;WIDTH:0.493324
G1 X56.229 Y49.147 E.03451
;WIDTH:0.449999
G1 X56.302 Y49.367 E.00785
G1 X55.742 Y48.914 E.02438
G1 X55.363 Y48.583 E.01702
G1 X55.713 Y48.233 E.01675
;WIDTH:0.493324
G1 X56.164 Y47.808 E.02319
;WIDTH:0.536649
G1 X56.615 Y47.384 E.02543
;WIDTH:0.558758
G1 X57.27 Y46.753 E.03902
G1 X57.448 Y46.904 E.01001
G1 X58.023 Y47.336 E.03086
M204 S10000
G1 E-.8 F1800
G1 X63.381 Y49.565 Z25.6 F7200
G1 Z25.2
G1 E.8 F1800
M204 S1500
;WIDTH:0.537801
G1 F902
G1 X63.34 Y49.55 E.00182
G1 X63.527 Y49.589 E.00787
;WIDTH:0.558759
G1 X64.324 Y49.675 E.03441
G1 X64.324 Y49.758 E.00359
G1 X64.335 Y50.373 E.02637
;WIDTH:0.536649
G1 X64.365 Y51.346 E.03995
;WIDTH:0.493324
G1 X64.394 Y52.318 E.03644
;WIDTH:0.449999
G1 X63.877 Y52.284 E.01752
G1 X63.19 Y52.212 E.02338
G1 X63.355 Y52.11 E.00657
G1 X63.464 Y51.722 E.01363
;WIDTH:0.493324
G1 X63.642 Y51.019 E.02715
;WIDTH:0.536649
G1 X63.82 Y50.317 E.02977
;WIDTH:0.558759
G1 X63.819 Y49.986 E.01419
G1 X63.519 Y49.614 E.02051
;WIDTH:0.537801
G1 X63.419 Y49.578 E.00436
M204 S500
G1 X64.807 Y49.207 F7200
;TYPE:Outer wall
;WIDTH:0.449999
G1 F902
G1 X64.807 Y52.758 E.12019
G1 X64.188 Y52.74 E.02098
G1 X63.364 Y52.67 E.028
;WIDTH:0.486158
G1 X62.96 Y52.594 E.01513
;WIDTH:0.522316
G1 X62.556 Y52.519 E.01637
;WIDTH:0.542635
G1 X61.778 Y52.353 E.03306
;WIDTH:0.564876
G1 X60.953 Y52.127 E.03713
;WIDTH:0.588371
G1 X60.337 Y51.925 E.02942
;WIDTH:0.59834
G1 X59.619 Y51.656 E.03538
G1 X58.512 Y51.172 E.05584
;WIDTH:0.585025
G1 X57.803 Y50.809 E.03587
;WIDTH:0.563893
G1 X57.14 Y50.425 E.0332
;WIDTH:0.542201
G1 X56.379 Y49.92 E.0379
;WIDTH:0.515835
G1 X56.1 Y49.731 E.01328
;WIDTH:0.482917
G1 X55.82 Y49.541 E.01235
;WIDTH:0.449999
G1 X55.187 Y49.006 E.02805
G1 X54.748 Y48.592 E.02043
G1 X57.259 Y46.081 E.12019
G1 X57.755 Y46.53 E.02265
G1 X58.322 Y46.982 E.02454
G1 X59.323 Y47.641 E.04057
G1 X60.043 Y48.03 E.02772
G1 X60.742 Y48.362 E.02618
G1 X61.445 Y48.624 E.0254
G1 X62.071 Y48.815 E.02216
G1 X62.848 Y49 E.02703
G1 X63.573 Y49.119 E.02487
G1 X64.304 Y49.191 E.02486
G1 X64.767 Y49.206 E.01569
G1 X63.226 Y49.999 F7200
G1 F902
G1 X63.376 Y50.142 E.007
G1 X62.977 Y51.907 E.06126
;WIDTH:0.482917
G1 X62.882 Y51.971 E.00419
;WIDTH:0.515835
G1 X62.787 Y52.034 E.0045
;WIDTH:0.542199
G1 X61.939 Y51.835 E.03617
;WIDTH:0.563895
G1 X61.233 Y51.624 E.0319
;WIDTH:0.588371
G1 X60.545 Y51.374 E.03319
;WIDTH:0.59834
G1 X59.932 Y51.138 E.03036
G1 X58.9 Y50.703 E.05172
;WIDTH:0.585025
G1 X58.163 Y50.361 E.0366
;WIDTH:0.564704
G1 X57.441 Y49.974 E.03554
;WIDTH:0.542636
G1 X56.789 Y49.573 E.03182
;WIDTH:0.522318
G1 X56.689 Y49.508 E.00473
;WIDTH:0.515835
G1 X56.666 Y49.391 E.00469
;WIDTH:0.482917
G1 X56.642 Y49.274 E.00437
;WIDTH:0.449999
G1 X57.571 Y47.817 E.0585
G1 X57.638 Y47.754 E.00309
G1 X57.818 Y47.758 E.0061
G1 X58.457 Y48.14 E.02521
G1 X58.924 Y48.383 E.01781
G1 X59.715 Y48.749 E.02949
G1 X61.186 Y49.358 E.05389
G1 X61.84 Y49.607 E.02369
G1 X62.504 Y49.816 E.02358
G1 X63.188 Y49.989 E.02386
M204 S10000
G1 X63.34 Y49.55 F7200
M204 S1500
;TYPE:Inner wall
;WIDTH:0.518212
G1 F902
G1 X62.981 Y49.473 E.01448
;WIDTH:0.492372
G1 X62.623 Y49.396 E.01369
;WIDTH:0.466532
G1 X62.261 Y49.294 E.01325
;WIDTH:0.438045
G1 X61.899 Y49.192 E.01236
;WIDTH:0.409558
G1 X61.232 Y48.96 E.02153
;WIDTH:0.363594
G1 X60.566 Y48.695 E.01911
;WIDTH:0.387146
G1 X59.576 Y48.247 E.0311
;WIDTH:0.43604
G1 X59.11 Y48.004 E.01719
;WIDTH:0.463744
G1 X58.67 Y47.76 E.01763
;WIDTH:0.491538
G1 X58.362 Y47.56 E.01367
;WIDTH:0.519332
G1 X58.055 Y47.36 E.01451
M204 S10000
G1 E-.8 F1800
G1 X56.068 Y48.516 Z25.6 F7200
G1 Z25.2
G1 E.8 F1800
M204 S500
;TYPE:Internal solid infill
;WIDTH:0.542156
G1 F902
G1 X56.005 Y48.516 E.00259
G1 X55.974 Y48.57 E.00259
G1 X56.005 Y48.624 E.00259
G1 X56.068 Y48.624 E.00259
G1 X56.079 Y48.604 E.00093
M204 S10000
G1 E-.8 F1800
G1 X63.16 Y51.453 Z25.6 F7200
G1 X63.952 Y51.772 Z25.6
G1 Z25.2
G1 E.8 F1800
M204 S500
;WIDTH:0.552974
G1 F902
G1 X63.888 Y51.772 E.0027
G1 X63.856 Y51.827 E.0027
G1 X63.888 Y51.882 E.0027
G1 X63.952 Y51.882 E.0027
G1 X63.964 Y51.862 E.00101
; stop printing object fidget-finger-massager-2000-roller_plain.stl id:4713352688601451214 copy 0
;LAYER_CHANGE
;Z:25.4
;HEIGHT:0.199999
G92 E0
;_SET_FAN_SPEED_CHANGING_LAYER
; printing object fidget-finger-massager-2000-roller_plain.stl id:4713352688601451214 copy 0
M204 S10000
G1 E-.8 F1800
G1 X58.055 Y47.361 Z25.8 F7200
G1 Z25.4
G1 E.8 F1800
M204 S1500
;TYPE:Inner wall
;WIDTH:0.533491
G1 F903
G1 X57.928 Y47.295 E.00582
;WIDTH:0.558758
G1 X57.408 Y47.33 E.02239
G1 X57.173 Y47.563 E.01419
;WIDTH:0.536648
G1 X56.701 Y48.355 E.03783
;WIDTH:0.493324
G1 X56.229 Y49.147 E.03451
;WIDTH:0.449999
G1 X56.302 Y49.367 E.00785
G1 X55.742 Y48.914 E.02438
G1 X55.363 Y48.583 E.01702
G1 X55.713 Y48.233 E.01675
;WIDTH:0.493324
G1 X56.164 Y47.808 E.0232
;WIDTH:0.536648
G1 X56.615 Y47.384 E.02543
;WIDTH:0.558758
G1 X57.27 Y46.753 E.03902
G1 X57.448 Y46.904 E.01001
G1 X58.023 Y47.336 E.03086
M204 S10000
G1 E-.8 F1800
G1 X63.381 Y49.565 Z25.8 F7200
G1 Z25.4
G1 E.8 F1800
M204 S1500
;WIDTH:0.537801
G1 F903
G1 X63.34 Y49.55 E.00182
G1 X63.527 Y49.589 E.00787
;WIDTH:0.558759
G1 X64.324 Y49.675 E.03441
G1 X64.324 Y49.758 E.00359
G1 X64.335 Y50.373 E.02637
;WIDTH:0.536649
G1 X64.365 Y51.346 E.03995
;WIDTH:0.493324
G1 X64.394 Y52.318 E.03644
;WIDTH:0.449999
G1 X63.877 Y52.284 E.01752
G1 X63.19 Y52.212 E.02338
G1 X63.355 Y52.11 E.00657
G1 X63.464 Y51.722 E.01363
;WIDTH:0.493324
G1 X63.642 Y51.019 E.02715
;WIDTH:0.536649
G1 X63.82 Y50.317 E.02977
;WIDTH:0.558759
G1 X63.819 Y49.986 E.01419
G1 X63.519 Y49.614 E.02051
;WIDTH:0.537801
G1 X63.419 Y49.578 E.00436
M204 S500
G1 X64.807 Y49.207 F7200
;TYPE:Outer wall
;WIDTH:0.449999
G1 F903
G1 X64.807 Y52.758 E.12019
G1 X64.188 Y52.74 E.02098
M73 P83 R3
G1 X63.364 Y52.67 E.028
;WIDTH:0.486159
G1 X62.96 Y52.594 E.01513
;WIDTH:0.522318
G1 X62.556 Y52.519 E.01637
;WIDTH:0.542655
G1 X61.778 Y52.353 E.03307
;WIDTH:0.564728
G1 X60.958 Y52.129 E.03689
;WIDTH:0.586643
G1 X60.165 Y51.863 E.03779
;WIDTH:0.598389
G1 X59.613 Y51.653 E.0273
G1 X58.516 Y51.174 E.05528
;WIDTH:0.58514
G1 X57.806 Y50.811 E.03594
;WIDTH:0.563947
G1 X57.14 Y50.425 E.03336
;WIDTH:0.542175
G1 X56.379 Y49.92 E.0379
;WIDTH:0.515836
G1 X56.1 Y49.731 E.01328
;WIDTH:0.482918
G1 X55.82 Y49.541 E.01235
;WIDTH:0.449999
G1 X55.187 Y49.006 E.02805
G1 X54.748 Y48.592 E.02043
G1 X57.259 Y46.081 E.12019
G1 X57.755 Y46.53 E.02265
G1 X58.322 Y46.982 E.02454
G1 X58.929 Y47.41 E.02513
G1 X59.514 Y47.764 E.02313
G1 X60.119 Y48.082 E.02314
G1 X60.742 Y48.362 E.02313
G1 X61.445 Y48.624 E.0254
G1 X62.071 Y48.815 E.02216
G1 X62.848 Y49 E.02704
G1 X63.573 Y49.119 E.02487
G1 X64.304 Y49.191 E.02486
G1 X64.767 Y49.206 E.01569
G1 X63.226 Y49.999 F7200
G1 F903
G1 X63.376 Y50.142 E.007
G1 X62.977 Y51.907 E.06126
;WIDTH:0.482918
G1 X62.882 Y51.971 E.00419
;WIDTH:0.515836
G1 X62.787 Y52.034 E.0045
;WIDTH:0.542177
G1 X61.939 Y51.835 E.03617
;WIDTH:0.563948
G1 X61.23 Y51.623 E.03206
;WIDTH:0.585464
G1 X60.536 Y51.376 E.03321
;WIDTH:0.598389
G1 X58.9 Y50.703 E.08172
;WIDTH:0.58514
G1 X58.163 Y50.361 E.03661
;WIDTH:0.564728
G1 X57.441 Y49.974 E.03554
;WIDTH:0.542655
G1 X56.789 Y49.573 E.03182
;WIDTH:0.522317
G1 X56.689 Y49.508 E.00473
;WIDTH:0.515836
G1 X56.677 Y49.373 E.00532
;WIDTH:0.482918
G1 X56.665 Y49.239 E.00495
;WIDTH:0.449999
G1 X57.571 Y47.817 E.05706
G1 X57.638 Y47.754 E.00309
G1 X57.818 Y47.758 E.0061
G1 X58.457 Y48.14 E.02521
G1 X59.064 Y48.456 E.02317
G1 X59.708 Y48.746 E.0239
G1 X61.186 Y49.358 E.05413
G1 X61.84 Y49.607 E.02369
G1 X62.504 Y49.816 E.02358
G1 X63.188 Y49.989 E.02386
M204 S10000
G1 X63.34 Y49.55 F7200
M204 S1500
;TYPE:Inner wall
;WIDTH:0.518212
G1 F903
G1 X62.981 Y49.473 E.01448
;WIDTH:0.492365
G1 X62.623 Y49.396 E.01369
;WIDTH:0.466518
G1 X62.263 Y49.295 E.01319
;WIDTH:0.43818
G1 X61.902 Y49.193 E.01231
;WIDTH:0.409842
G1 X61.234 Y48.961 E.02158
;WIDTH:0.363696
G1 X60.578 Y48.7 E.01884
;WIDTH:0.37197
G1 X59.868 Y48.39 E.02118
;WIDTH:0.418256
G1 X59.255 Y48.09 E.0213
;WIDTH:0.463578
G1 X58.669 Y47.76 E.02352
;WIDTH:0.491441
G1 X58.362 Y47.56 E.01366
;WIDTH:0.519304
G1 X58.055 Y47.361 E.01451
M204 S10000
G1 E-.8 F1800
G1 X56.068 Y48.516 Z25.8 F7200
G1 Z25.4
G1 E.8 F1800
M204 S500
;TYPE:Internal solid infill
;WIDTH:0.542158
G1 F903
G1 X56.005 Y48.516 E.00259
G1 X55.974 Y48.57 E.00259
G1 X56.005 Y48.624 E.00259
G1 X56.068 Y48.624 E.00259
G1 X56.079 Y48.604 E.00093
M204 S10000
G1 E-.8 F1800
G1 X63.16 Y51.453 Z25.8 F7200
G1 X63.952 Y51.772 Z25.8
G1 Z25.4
G1 E.8 F1800
M204 S500
;WIDTH:0.552974
G1 F903
G1 X63.888 Y51.772 E.0027
G1 X63.856 Y51.827 E.0027
G1 X63.888 Y51.882 E.0027
G1 X63.952 Y51.882 E.0027
G1 X63.964 Y51.862 E.00101
; stop printing object fidget-finger-massager-2000-roller_plain.stl id:4713352688601451214 copy 0
;LAYER_CHANGE
;Z:25.6
;HEIGHT:0.200001
G92 E0
;_SET_FAN_SPEED_CHANGING_LAYER
; printing object fidget-finger-massager-2000-roller_plain.stl id:4713352688601451214 copy 0
M204 S10000
G1 E-.8 F1800
G1 X58.055 Y47.361 Z26 F7200
G1 Z25.6
G1 E.8 F1800
M204 S1500
;TYPE:Inner wall
;WIDTH:0.533488
G1 F903
G1 X57.928 Y47.295 E.00583
;WIDTH:0.558758
G1 X57.408 Y47.33 E.02238
G1 X57.173 Y47.563 E.01419
;WIDTH:0.536649
G1 X56.701 Y48.355 E.03783
;WIDTH:0.493324
G1 X56.229 Y49.147 E.03451
;WIDTH:0.449999
G1 X56.302 Y49.367 E.00785
G1 X55.742 Y48.914 E.02438
G1 X55.363 Y48.583 E.01702
G1 X55.713 Y48.233 E.01675
;WIDTH:0.493324
G1 X56.164 Y47.808 E.02319
;WIDTH:0.536649
G1 X56.615 Y47.384 E.02543
;WIDTH:0.558758
G1 X57.27 Y46.753 E.03903
G1 X57.448 Y46.904 E.01001
G1 X58.023 Y47.336 E.03086
M204 S10000
G1 E-.8 F1800
G1 X63.381 Y49.565 Z26 F7200
G1 Z25.6
G1 E.8 F1800
M204 S1500
;WIDTH:0.5378
G1 F903
G1 X63.34 Y49.55 E.00182
G1 X63.527 Y49.589 E.00787
;WIDTH:0.558758
G1 X64.324 Y49.675 E.03441
G1 X64.324 Y49.758 E.00359
G1 X64.335 Y50.373 E.02637
;WIDTH:0.536649
G1 X64.365 Y51.346 E.03995
;WIDTH:0.493324
G1 X64.394 Y52.318 E.03644
;WIDTH:0.449999
G1 X63.877 Y52.284 E.01752
G1 X63.19 Y52.212 E.02338
G1 X63.355 Y52.11 E.00657
G1 X63.464 Y51.722 E.01363
;WIDTH:0.493324
G1 X63.642 Y51.019 E.02715
;WIDTH:0.536649
G1 X63.82 Y50.317 E.02977
;WIDTH:0.558758
G1 X63.819 Y49.986 E.01419
G1 X63.519 Y49.614 E.02051
;WIDTH:0.5378
G1 X63.419 Y49.578 E.00436
M204 S500
G1 X64.807 Y49.207 F7200
;TYPE:Outer wall
;WIDTH:0.449999
G1 F903
G1 X64.807 Y52.758 E.12019
G1 X64.188 Y52.74 E.02098
G1 X63.364 Y52.67 E.028
;WIDTH:0.486158
G1 X62.96 Y52.594 E.01513
;WIDTH:0.522317
G1 X62.556 Y52.519 E.01637
;WIDTH:0.542674
G1 X61.778 Y52.353 E.03307
;WIDTH:0.564756
G1 X60.958 Y52.129 E.0369
;WIDTH:0.586669
G1 X60.165 Y51.863 E.03779
;WIDTH:0.598436
G1 X59.606 Y51.65 E.02763
G1 X58.52 Y51.176 E.05473
;WIDTH:0.585254
G1 X57.809 Y50.813 E.03601
;WIDTH:0.564001
G1 X57.14 Y50.425 E.03352
;WIDTH:0.542153
G1 X56.379 Y49.92 E.0379
;WIDTH:0.515835
G1 X56.1 Y49.731 E.01328
;WIDTH:0.482917
G1 X55.82 Y49.541 E.01235
;WIDTH:0.449999
G1 X55.187 Y49.006 E.02805
G1 X54.748 Y48.592 E.02043
G1 X57.259 Y46.081 E.12019
G1 X57.755 Y46.53 E.02265
G1 X58.322 Y46.982 E.02455
G1 X58.925 Y47.407 E.02497
G1 X59.511 Y47.762 E.02319
G1 X60.117 Y48.081 E.02319
G1 X60.742 Y48.362 E.02318
G1 X61.445 Y48.624 E.0254
G1 X62.071 Y48.815 E.02216
G1 X62.848 Y49 E.02704
G1 X63.573 Y49.119 E.02487
G1 X64.304 Y49.191 E.02486
G1 X64.767 Y49.206 E.01569
G1 X63.226 Y49.999 F7200
G1 F903
G1 X63.376 Y50.142 E.007
G1 X62.977 Y51.907 E.06126
;WIDTH:0.482918
G1 X62.882 Y51.971 E.00419
;WIDTH:0.515837
G1 X62.787 Y52.034 E.0045
;WIDTH:0.542153
G1 X61.939 Y51.835 E.03617
;WIDTH:0.564003
G1 X61.226 Y51.622 E.03222
;WIDTH:0.58556
G1 X60.531 Y51.374 E.0333
;WIDTH:0.598436
G1 X58.9 Y50.703 E.08148
;WIDTH:0.585254
G1 X58.163 Y50.361 E.03662
;WIDTH:0.564755
G1 X57.441 Y49.974 E.03555
;WIDTH:0.542675
G1 X56.789 Y49.573 E.03182
;WIDTH:0.522316
G1 X56.689 Y49.508 E.00473
;WIDTH:0.515835
G1 X56.677 Y49.373 E.00532
;WIDTH:0.482917
G1 X56.665 Y49.239 E.00495
;WIDTH:0.449999
G1 X57.571 Y47.817 E.05706
G1 X57.638 Y47.754 E.00309
G1 X57.818 Y47.758 E.0061
G1 X58.457 Y48.14 E.02521
G1 X59.064 Y48.456 E.02317
G1 X59.708 Y48.746 E.0239
G1 X61.186 Y49.358 E.05413
G1 X61.84 Y49.607 E.02369
G1 X62.504 Y49.816 E.02358
G1 X63.188 Y49.989 E.02386
M204 S10000
G1 X63.34 Y49.55 F7200
M204 S1500
;TYPE:Inner wall
;WIDTH:0.518212
G1 F903
G1 X62.981 Y49.473 E.01448
;WIDTH:0.492357
G1 X62.623 Y49.396 E.01369
;WIDTH:0.466502
G1 X62.264 Y49.295 E.01314
;WIDTH:0.438323
G1 X61.905 Y49.194 E.01226
;WIDTH:0.410144
G1 X61.235 Y48.961 E.02165
;WIDTH:0.363794
G1 X60.577 Y48.7 E.01889
;WIDTH:0.371938
G1 X59.868 Y48.39 E.02118
;WIDTH:0.418178
G1 X59.255 Y48.09 E.0213
;WIDTH:0.463444
G1 X58.669 Y47.76 E.02351
;WIDTH:0.49136
G1 X58.362 Y47.56 E.01366
;WIDTH:0.519276
G1 X58.055 Y47.361 E.01451
M204 S10000
G1 E-.8 F1800
G1 X56.068 Y48.516 Z26 F7200
G1 Z25.6
G1 E.8 F1800
M204 S500
;TYPE:Internal solid infill
;WIDTH:0.542156
G1 F903
G1 X56.005 Y48.516 E.00259
G1 X55.974 Y48.57 E.00259
G1 X56.005 Y48.624 E.00259
G1 X56.068 Y48.624 E.00259
G1 X56.079 Y48.604 E.00093
M204 S10000
G1 E-.8 F1800
G1 X63.16 Y51.453 Z26 F7200
G1 X63.952 Y51.772 Z26
G1 Z25.6
G1 E.8 F1800
M204 S500
;WIDTH:0.552974
G1 F903
G1 X63.888 Y51.772 E.0027
G1 X63.856 Y51.827 E.0027
G1 X63.888 Y51.882 E.0027
G1 X63.952 Y51.882 E.0027
G1 X63.964 Y51.862 E.00101
; stop printing object fidget-finger-massager-2000-roller_plain.stl id:4713352688601451214 copy 0
;LAYER_CHANGE
;Z:25.8
;HEIGHT:0.199999
G92 E0
;_SET_FAN_SPEED_CHANGING_LAYER
; printing object fidget-finger-massager-2000-roller_plain.stl id:4713352688601451214 copy 0
M204 S10000
G1 E-.8 F1800
G1 X58.043 Y47.353 Z26.2 F7200
G1 Z25.8
G1 E.8 F1800
M204 S1500
;TYPE:Inner wall
;WIDTH:0.532901
G1 F903
G1 X57.928 Y47.295 E.00522
;WIDTH:0.558758
G1 X57.408 Y47.33 E.02237
G1 X57.173 Y47.563 E.01419
;WIDTH:0.536649
G1 X56.701 Y48.355 E.03783
;WIDTH:0.493324
G1 X56.229 Y49.147 E.03451
;WIDTH:0.449999
G1 X56.302 Y49.367 E.00785
G1 X55.742 Y48.914 E.02438
G1 X55.363 Y48.583 E.01702
G1 X55.713 Y48.233 E.01675
;WIDTH:0.493324
G1 X56.164 Y47.808 E.0232
;WIDTH:0.536649
G1 X56.615 Y47.384 E.02543
;WIDTH:0.558758
G1 X57.27 Y46.753 E.03902
G1 X57.448 Y46.904 E.01001
G1 X58.011 Y47.328 E.03023
M204 S10000
G1 E-.8 F1800
G1 X63.381 Y49.565 Z26.2 F7200
G1 Z25.8
G1 E.8 F1800
M204 S1500
;WIDTH:0.537801
G1 F903
G1 X63.34 Y49.55 E.00182
G1 X63.527 Y49.589 E.00787
;WIDTH:0.558759
G1 X64.324 Y49.675 E.03441
G1 X64.324 Y49.758 E.00359
G1 X64.335 Y50.373 E.02637
;WIDTH:0.536649
G1 X64.365 Y51.346 E.03995
;WIDTH:0.493324
G1 X64.394 Y52.318 E.03644
;WIDTH:0.449999
G1 X63.877 Y52.284 E.01752
G1 X63.19 Y52.212 E.02338
G1 X63.355 Y52.11 E.00657
G1 X63.464 Y51.722 E.01363
;WIDTH:0.493324
G1 X63.642 Y51.019 E.02715
;WIDTH:0.536649
G1 X63.82 Y50.317 E.02977
;WIDTH:0.558759
G1 X63.819 Y49.986 E.01419
G1 X63.519 Y49.614 E.02051
;WIDTH:0.537801
G1 X63.419 Y49.578 E.00436
M204 S500
G1 X64.807 Y49.207 F7200
;TYPE:Outer wall
;WIDTH:0.449999
G1 F903
G1 X64.807 Y52.758 E.12019
G1 X64.188 Y52.74 E.02098
G1 X63.364 Y52.67 E.028
;WIDTH:0.486157
G1 X62.96 Y52.594 E.01513
;WIDTH:0.522315
G1 X62.556 Y52.519 E.01637
;WIDTH:0.542694
G1 X61.778 Y52.353 E.03307
;WIDTH:0.564785
G1 X60.958 Y52.129 E.0369
;WIDTH:0.586697
G1 X60.165 Y51.863 E.03779
;WIDTH:0.598482
G1 X59.599 Y51.648 E.02796
M73 P84 R3
G1 X58.525 Y51.178 E.05417
;WIDTH:0.585367
G1 X57.812 Y50.814 E.03608
;WIDTH:0.564056
G1 X57.14 Y50.425 E.03367
;WIDTH:0.542129
G1 X56.379 Y49.92 E.0379
;WIDTH:0.515836
G1 X56.1 Y49.731 E.01328
;WIDTH:0.482918
G1 X55.82 Y49.541 E.01235
;WIDTH:0.449999
G1 X55.187 Y49.006 E.02805
G1 X54.748 Y48.592 E.02043
G1 X57.259 Y46.081 E.12019
G1 X57.755 Y46.53 E.02265
G1 X58.31 Y46.974 E.02405
G1 X58.921 Y47.404 E.02531
G1 X59.508 Y47.761 E.02324
G1 X60.116 Y48.08 E.02325
G1 X60.742 Y48.362 E.02324
G1 X61.445 Y48.624 E.02539
G1 X62.071 Y48.815 E.02216
G1 X62.848 Y49 E.02704
G1 X63.573 Y49.119 E.02487
G1 X64.304 Y49.191 E.02486
G1 X64.767 Y49.206 E.01569
G1 X63.226 Y49.999 F7200
G1 F903
G1 X63.376 Y50.142 E.007
G1 X62.977 Y51.907 E.06126
;WIDTH:0.482918
G1 X62.882 Y51.971 E.00419
;WIDTH:0.515836
G1 X62.787 Y52.034 E.0045
;WIDTH:0.542129
G1 X61.939 Y51.835 E.03617
;WIDTH:0.564059
G1 X61.223 Y51.621 E.03237
;WIDTH:0.585655
G1 X60.526 Y51.372 E.03338
;WIDTH:0.598482
G1 X58.9 Y50.703 E.08125
;WIDTH:0.585367
G1 X58.163 Y50.361 E.03662
;WIDTH:0.564784
G1 X57.441 Y49.974 E.03555
;WIDTH:0.542696
G1 X56.789 Y49.573 E.03183
;WIDTH:0.522315
G1 X56.689 Y49.508 E.00473
;WIDTH:0.515836
G1 X56.677 Y49.373 E.00532
;WIDTH:0.482918
G1 X56.665 Y49.239 E.00495
;WIDTH:0.449999
G1 X57.571 Y47.817 E.05706
G1 X57.638 Y47.754 E.00309
G1 X57.814 Y47.756 E.00597
G1 X58.884 Y48.362 E.04161
G1 X59.715 Y48.749 E.03103
G1 X61.186 Y49.358 E.05388
G1 X61.84 Y49.607 E.02369
G1 X62.504 Y49.816 E.02358
G1 X63.188 Y49.989 E.02386
M204 S10000
G1 X63.34 Y49.55 F7200
M204 S1500
;TYPE:Inner wall
;WIDTH:0.518212
G1 F903
G1 X62.981 Y49.473 E.01448
;WIDTH:0.492349
G1 X62.623 Y49.396 E.01369
;WIDTH:0.466486
G1 X62.266 Y49.296 E.01308
;WIDTH:0.438469
G1 X61.908 Y49.196 E.01221
;WIDTH:0.410452
G1 X61.237 Y48.962 E.02172
;WIDTH:0.36389
G1 X60.577 Y48.7 E.01894
;WIDTH:0.371514
G1 X59.872 Y48.392 E.02103
;WIDTH:0.404716
G1 X59.287 Y48.102 E.01963
;WIDTH:0.44743
G1 X58.664 Y47.747 E.02413
;WIDTH:0.483989
G1 X58.353 Y47.55 E.0135
;WIDTH:0.520548
G1 X58.043 Y47.353 E.01462
M204 S10000
G1 E-.8 F1800
G1 X56.068 Y48.516 Z26.2 F7200
G1 Z25.8
G1 E.8 F1800
M204 S500
;TYPE:Internal solid infill
;WIDTH:0.542158
G1 F903
G1 X56.005 Y48.516 E.00259
G1 X55.974 Y48.57 E.00259
G1 X56.005 Y48.624 E.00259
G1 X56.068 Y48.624 E.00259
G1 X56.079 Y48.604 E.00093
M204 S10000
G1 E-.8 F1800
G1 X63.16 Y51.453 Z26.2 F7200
G1 X63.952 Y51.772 Z26.2
G1 Z25.8
G1 E.8 F1800
M204 S500
;WIDTH:0.552974
G1 F903
G1 X63.888 Y51.772 E.0027
G1 X63.856 Y51.827 E.0027
G1 X63.888 Y51.882 E.0027
G1 X63.952 Y51.882 E.0027
G1 X63.964 Y51.862 E.00101
; stop printing object fidget-finger-massager-2000-roller_plain.stl id:4713352688601451214 copy 0
;LAYER_CHANGE
;Z:26
;HEIGHT:0.200001
G92 E0
;_SET_FAN_SPEED_CHANGING_LAYER
; printing object fidget-finger-massager-2000-roller_plain.stl id:4713352688601451214 copy 0
M204 S10000
G1 E-.8 F1800
G1 X58.055 Y47.361 Z26.4 F7200
G1 Z26
G1 E.8 F1800
M204 S1500
;TYPE:Inner wall
;WIDTH:0.533478
G1 F903
G1 X57.928 Y47.295 E.00584
;WIDTH:0.558756
G1 X57.408 Y47.33 E.02237
G1 X57.173 Y47.563 E.01419
;WIDTH:0.536648
G1 X56.701 Y48.355 E.03783
;WIDTH:0.493324
G1 X56.229 Y49.147 E.03451
;WIDTH:0.449999
G1 X56.302 Y49.367 E.00785
G1 X55.742 Y48.914 E.02438
G1 X55.363 Y48.583 E.01702
G1 X55.713 Y48.233 E.01675
;WIDTH:0.493324
G1 X56.164 Y47.808 E.0232
;WIDTH:0.536648
G1 X56.615 Y47.384 E.02543
;WIDTH:0.558756
G1 X57.27 Y46.753 E.03901
G1 X57.448 Y46.904 E.01001
G1 X58.023 Y47.336 E.03086
M204 S10000
G1 E-.8 F1800
G1 X63.381 Y49.565 Z26.4 F7200
G1 Z26
G1 E.8 F1800
M204 S1500
;WIDTH:0.537801
G1 F903
G1 X63.34 Y49.55 E.00182
G1 X63.527 Y49.589 E.00787
;WIDTH:0.558759
G1 X64.324 Y49.675 E.03441
G1 X64.324 Y49.758 E.00359
G1 X64.335 Y50.373 E.02637
;WIDTH:0.536649
G1 X64.365 Y51.346 E.03995
;WIDTH:0.493324
G1 X64.394 Y52.318 E.03644
;WIDTH:0.449999
G1 X63.877 Y52.284 E.01752
G1 X63.19 Y52.212 E.02338
G1 X63.355 Y52.11 E.00657
G1 X63.464 Y51.722 E.01363
;WIDTH:0.493324
G1 X63.642 Y51.019 E.02715
;WIDTH:0.536649
G1 X63.82 Y50.317 E.02977
;WIDTH:0.558759
G1 X63.819 Y49.986 E.01419
G1 X63.519 Y49.614 E.02051
;WIDTH:0.537801
G1 X63.419 Y49.578 E.00436
M204 S500
G1 X64.807 Y49.207 F7200
;TYPE:Outer wall
;WIDTH:0.449999
G1 F903
G1 X64.807 Y52.758 E.12019
G1 X64.188 Y52.74 E.02097
G1 X63.364 Y52.67 E.028
;WIDTH:0.486157
G1 X62.96 Y52.594 E.01513
;WIDTH:0.522314
G1 X62.556 Y52.519 E.01637
;WIDTH:0.542716
G1 X61.778 Y52.353 E.03308
;WIDTH:0.564813
G1 X60.957 Y52.129 E.03691
;WIDTH:0.586728
G1 X60.165 Y51.863 E.0378
;WIDTH:0.598529
G1 X59.593 Y51.645 E.02829
G1 X58.529 Y51.18 E.05362
;WIDTH:0.58548
G1 X57.816 Y50.816 E.03614
;WIDTH:0.56411
G1 X57.14 Y50.425 E.03383
;WIDTH:0.542105
G1 X56.379 Y49.92 E.0379
;WIDTH:0.515835
G1 X56.1 Y49.731 E.01328
;WIDTH:0.482917
G1 X55.82 Y49.541 E.01235
;WIDTH:0.449999
G1 X55.187 Y49.006 E.02805
G1 X54.748 Y48.592 E.02043
G1 X57.259 Y46.081 E.12019
G1 X57.755 Y46.53 E.02265
G1 X58.322 Y46.982 E.02455
G1 X58.917 Y47.402 E.02464
G1 X59.505 Y47.759 E.02329
G1 X60.114 Y48.08 E.0233
G1 X60.742 Y48.362 E.02329
G1 X61.445 Y48.624 E.02539
G1 X62.071 Y48.815 E.02216
G1 X62.848 Y49 E.02704
G1 X63.573 Y49.119 E.02487
G1 X64.304 Y49.191 E.02486
G1 X64.767 Y49.206 E.01569
G1 X63.226 Y49.999 F7200
G1 F903
G1 X63.376 Y50.142 E.007
G1 X62.977 Y51.907 E.06126
;WIDTH:0.482918
G1 X62.882 Y51.971 E.00419
;WIDTH:0.515836
G1 X62.787 Y52.034 E.0045
;WIDTH:0.542104
G1 X61.939 Y51.835 E.03616
;WIDTH:0.564112
G1 X61.22 Y51.62 E.03253
;WIDTH:0.585751
G1 X60.521 Y51.37 E.03347
;WIDTH:0.598529
G1 X58.9 Y50.703 E.08101
;WIDTH:0.58548
G1 X58.163 Y50.361 E.03663
;WIDTH:0.564814
G1 X57.441 Y49.974 E.03555
;WIDTH:0.542715
G1 X56.789 Y49.573 E.03183
;WIDTH:0.522314
G1 X56.689 Y49.508 E.00473
;WIDTH:0.515835
G1 X56.677 Y49.373 E.00532
;WIDTH:0.482917
G1 X56.665 Y49.239 E.00495
;WIDTH:0.449999
G1 X57.571 Y47.817 E.05706
G1 X57.638 Y47.754 E.00309
G1 X57.818 Y47.758 E.0061
G1 X58.457 Y48.14 E.02521
G1 X59.064 Y48.456 E.02317
G1 X59.708 Y48.746 E.0239
G1 X61.186 Y49.358 E.05413
G1 X61.84 Y49.607 E.02369
G1 X62.504 Y49.816 E.02358
G1 X63.188 Y49.989 E.02386
M204 S10000
G1 X63.34 Y49.55 F7200
M204 S1500
;TYPE:Inner wall
;WIDTH:0.518212
G1 F903
G1 X62.981 Y49.473 E.01448
;WIDTH:0.492341
G1 X62.623 Y49.396 E.01369
;WIDTH:0.46647
G1 X62.267 Y49.296 E.01302
;WIDTH:0.438622
G1 X61.912 Y49.197 E.01216
;WIDTH:0.410774
G1 X61.238 Y48.962 E.0218
;WIDTH:0.363986
G1 X60.577 Y48.7 E.01899
;WIDTH:0.37187
G1 X59.868 Y48.39 E.02117
;WIDTH:0.418014
G1 X59.255 Y48.09 E.02129
;WIDTH:0.464326
G1 X58.655 Y47.751 E.02414
;WIDTH:0.491773
G1 X58.355 Y47.556 E.01336
;WIDTH:0.51922
G1 X58.055 Y47.361 E.01418
M204 S10000
G1 E-.8 F1800
G1 X56.068 Y48.516 Z26.4 F7200
G1 Z26
G1 E.8 F1800
M204 S500
;TYPE:Internal solid infill
;WIDTH:0.542156
G1 F903
G1 X56.005 Y48.516 E.00259
G1 X55.974 Y48.57 E.00259
G1 X56.005 Y48.624 E.00259
G1 X56.068 Y48.624 E.00259
G1 X56.079 Y48.604 E.00093
M204 S10000
G1 E-.8 F1800
G1 X63.16 Y51.453 Z26.4 F7200
G1 X63.952 Y51.772 Z26.4
G1 Z26
G1 E.8 F1800
M204 S500
;WIDTH:0.552974
G1 F903
G1 X63.888 Y51.772 E.0027
G1 X63.856 Y51.827 E.0027
G1 X63.888 Y51.882 E.0027
G1 X63.952 Y51.882 E.0027
G1 X63.964 Y51.862 E.00101
; stop printing object fidget-finger-massager-2000-roller_plain.stl id:4713352688601451214 copy 0
;LAYER_CHANGE
;Z:26.2
;HEIGHT:0.200001
G92 E0
;_SET_FAN_SPEED_CHANGING_LAYER
; printing object fidget-finger-massager-2000-roller_plain.stl id:4713352688601451214 copy 0
M204 S10000
G1 E-.8 F1800
G1 X58.055 Y47.361 Z26.6 F7200
G1 Z26.2
G1 E.8 F1800
M204 S1500
;TYPE:Inner wall
;WIDTH:0.533474
G1 F903
G1 X57.928 Y47.295 E.00584
;WIDTH:0.558758
G1 X57.408 Y47.33 E.02237
G1 X57.173 Y47.563 E.01419
;WIDTH:0.536649
G1 X56.701 Y48.355 E.03783
;WIDTH:0.493324
G1 X56.229 Y49.147 E.03451
;WIDTH:0.449999
G1 X56.302 Y49.367 E.00785
G1 X55.742 Y48.914 E.02438
G1 X55.363 Y48.583 E.01702
G1 X55.713 Y48.233 E.01675
;WIDTH:0.493324
G1 X56.164 Y47.808 E.0232
;WIDTH:0.536649
G1 X56.615 Y47.384 E.02543
;WIDTH:0.558758
G1 X57.27 Y46.753 E.03902
G1 X57.448 Y46.904 E.01001
G1 X58.023 Y47.336 E.03086
M204 S10000
G1 E-.8 F1800
G1 X63.381 Y49.565 Z26.6 F7200
G1 Z26.2
G1 E.8 F1800
M204 S1500
;WIDTH:0.537801
G1 F903
G1 X63.34 Y49.55 E.00182
G1 X63.527 Y49.589 E.00787
;WIDTH:0.558759
G1 X64.324 Y49.675 E.03441
G1 X64.324 Y49.758 E.00359
G1 X64.335 Y50.373 E.02637
;WIDTH:0.536649
G1 X64.365 Y51.346 E.03995
;WIDTH:0.493324
G1 X64.394 Y52.318 E.03644
;WIDTH:0.449999
G1 X63.877 Y52.284 E.01752
G1 X63.19 Y52.212 E.02338
G1 X63.355 Y52.11 E.00657
G1 X63.464 Y51.722 E.01363
;WIDTH:0.493324
G1 X63.642 Y51.019 E.02715
;WIDTH:0.536649
G1 X63.82 Y50.317 E.02977
;WIDTH:0.558759
G1 X63.819 Y49.986 E.01419
G1 X63.519 Y49.614 E.02051
;WIDTH:0.537801
G1 X63.419 Y49.578 E.00436
M204 S500
G1 X64.807 Y49.207 F7200
;TYPE:Outer wall
;WIDTH:0.449999
G1 F903
G1 X64.807 Y52.758 E.12019
G1 X64.188 Y52.74 E.02098
G1 X63.364 Y52.67 E.028
;WIDTH:0.486156
G1 X62.96 Y52.594 E.01513
;WIDTH:0.522312
G1 X62.556 Y52.519 E.01637
;WIDTH:0.542735
G1 X61.778 Y52.353 E.03308
;WIDTH:0.564845
G1 X60.957 Y52.129 E.03691
;WIDTH:0.586761
G1 X60.165 Y51.863 E.0378
;WIDTH:0.598576
G1 X59.586 Y51.642 E.02862
G1 X58.534 Y51.182 E.05306
;WIDTH:0.585594
G1 X57.819 Y50.818 E.03621
;WIDTH:0.564165
G1 X57.14 Y50.425 E.03399
;WIDTH:0.542081
G1 X56.379 Y49.92 E.0379
;WIDTH:0.515835
G1 X56.1 Y49.731 E.01328
;WIDTH:0.482917
G1 X55.82 Y49.541 E.01235
;WIDTH:0.449999
G1 X55.187 Y49.006 E.02805
G1 X54.748 Y48.592 E.02043
M73 P85 R3
G1 X57.259 Y46.081 E.12019
G1 X57.755 Y46.53 E.02265
G1 X58.322 Y46.982 E.02456
G1 X58.913 Y47.399 E.02447
G1 X59.502 Y47.758 E.02335
M73 P85 R2
G1 X60.113 Y48.079 E.02336
G1 X60.742 Y48.362 E.02334
G1 X61.445 Y48.624 E.02539
G1 X62.071 Y48.816 E.02216
G1 X62.848 Y49 E.02704
G1 X63.573 Y49.119 E.02487
G1 X64.304 Y49.191 E.02486
G1 X64.767 Y49.206 E.01569
G1 X63.226 Y49.999 F7200
G1 F903
G1 X63.376 Y50.142 E.007
G1 X62.977 Y51.907 E.06126
;WIDTH:0.482917
G1 X62.882 Y51.971 E.00419
;WIDTH:0.515835
G1 X62.787 Y52.034 E.0045
;WIDTH:0.54208
G1 X61.939 Y51.835 E.03616
;WIDTH:0.564167
G1 X61.216 Y51.619 E.03268
;WIDTH:0.585844
G1 X60.516 Y51.369 E.03355
;WIDTH:0.598576
G1 X58.9 Y50.703 E.08078
;WIDTH:0.585594
G1 X58.163 Y50.361 E.03664
;WIDTH:0.564843
G1 X57.441 Y49.974 E.03555
;WIDTH:0.542735
G1 X56.789 Y49.573 E.03183
;WIDTH:0.522314
G1 X56.689 Y49.508 E.00473
;WIDTH:0.515835
G1 X56.677 Y49.373 E.00532
;WIDTH:0.482917
G1 X56.665 Y49.239 E.00495
;WIDTH:0.449999
G1 X57.571 Y47.817 E.05706
G1 X57.638 Y47.754 E.00309
G1 X57.818 Y47.758 E.0061
G1 X58.457 Y48.14 E.02521
G1 X59.064 Y48.456 E.02317
G1 X59.708 Y48.746 E.0239
G1 X61.186 Y49.358 E.05413
G1 X61.84 Y49.607 E.02369
G1 X62.504 Y49.816 E.02358
G1 X63.188 Y49.989 E.02386
M204 S10000
G1 X63.34 Y49.55 F7200
M204 S1500
;TYPE:Inner wall
;WIDTH:0.518212
G1 F903
G1 X62.981 Y49.473 E.01448
;WIDTH:0.492333
G1 X62.623 Y49.396 E.01369
;WIDTH:0.466454
G1 X62.269 Y49.297 E.01296
;WIDTH:0.438758
G1 X61.915 Y49.198 E.01211
;WIDTH:0.411062
G1 X61.24 Y48.963 E.02186
;WIDTH:0.36409
G1 X60.577 Y48.7 E.01904
;WIDTH:0.371836
G1 X59.868 Y48.39 E.02117
;WIDTH:0.417926
G1 X59.255 Y48.09 E.02128
;WIDTH:0.464526
G1 X58.651 Y47.748 E.02432
;WIDTH:0.491858
G1 X58.353 Y47.554 E.01327
;WIDTH:0.51919
G1 X58.055 Y47.361 E.01408
M204 S10000
G1 E-.8 F1800
G1 X56.068 Y48.516 Z26.6 F7200
G1 Z26.2
G1 E.8 F1800
M204 S500
;TYPE:Internal solid infill
;WIDTH:0.542156
G1 F903
G1 X56.005 Y48.516 E.00259
G1 X55.974 Y48.57 E.00259
G1 X56.005 Y48.624 E.00259
G1 X56.068 Y48.624 E.00259
G1 X56.079 Y48.604 E.00093
M204 S10000
G1 E-.8 F1800
G1 X63.16 Y51.453 Z26.6 F7200
G1 X63.952 Y51.772 Z26.6
G1 Z26.2
G1 E.8 F1800
M204 S500
;WIDTH:0.552974
G1 F903
G1 X63.888 Y51.772 E.0027
G1 X63.856 Y51.827 E.0027
G1 X63.888 Y51.882 E.0027
G1 X63.952 Y51.882 E.0027
G1 X63.964 Y51.862 E.00101
; stop printing object fidget-finger-massager-2000-roller_plain.stl id:4713352688601451214 copy 0
;LAYER_CHANGE
;Z:26.4
;HEIGHT:0.199999
G92 E0
;_SET_FAN_SPEED_CHANGING_LAYER
; printing object fidget-finger-massager-2000-roller_plain.stl id:4713352688601451214 copy 0
M204 S10000
G1 E-.8 F1800
G1 X58.055 Y47.361 Z26.8 F7200
G1 Z26.4
G1 E.8 F1800
M204 S1500
;TYPE:Inner wall
;WIDTH:0.533466
G1 F903
G1 X57.928 Y47.295 E.00585
;WIDTH:0.558758
G1 X57.408 Y47.33 E.02236
G1 X57.173 Y47.563 E.01419
;WIDTH:0.536648
G1 X56.701 Y48.355 E.03783
;WIDTH:0.493324
G1 X56.229 Y49.147 E.03451
;WIDTH:0.449999
G1 X56.302 Y49.367 E.00785
G1 X55.742 Y48.914 E.02438
G1 X55.363 Y48.583 E.01702
G1 X55.713 Y48.233 E.01675
;WIDTH:0.493324
G1 X56.164 Y47.808 E.0232
;WIDTH:0.536648
G1 X56.615 Y47.384 E.02543
;WIDTH:0.558758
G1 X57.27 Y46.753 E.03902
G1 X57.448 Y46.904 E.01001
G1 X58.023 Y47.337 E.03086
M204 S10000
G1 E-.8 F1800
G1 X63.381 Y49.565 Z26.8 F7200
G1 Z26.4
G1 E.8 F1800
M204 S1500
;WIDTH:0.5378
G1 F903
G1 X63.34 Y49.55 E.00182
G1 X63.527 Y49.589 E.00787
;WIDTH:0.558758
G1 X64.324 Y49.675 E.03441
G1 X64.324 Y49.758 E.00359
G1 X64.335 Y50.373 E.02637
;WIDTH:0.536649
G1 X64.365 Y51.346 E.03995
;WIDTH:0.493324
G1 X64.394 Y52.318 E.03644
;WIDTH:0.449999
G1 X63.877 Y52.284 E.01752
G1 X63.19 Y52.212 E.02338
G1 X63.355 Y52.11 E.00657
G1 X63.464 Y51.722 E.01363
;WIDTH:0.493324
G1 X63.642 Y51.019 E.02715
;WIDTH:0.536649
G1 X63.82 Y50.317 E.02977
;WIDTH:0.558758
G1 X63.819 Y49.986 E.01419
G1 X63.519 Y49.614 E.02051
;WIDTH:0.5378
G1 X63.419 Y49.578 E.00436
M204 S500
G1 X64.807 Y49.207 F7200
;TYPE:Outer wall
;WIDTH:0.449999
G1 F903
G1 X64.807 Y52.758 E.12019
G1 X64.188 Y52.74 E.02097
G1 X63.364 Y52.67 E.028
;WIDTH:0.486155
G1 X62.96 Y52.594 E.01513
;WIDTH:0.522311
G1 X62.556 Y52.519 E.01637
;WIDTH:0.542757
G1 X61.778 Y52.353 E.03308
;WIDTH:0.564876
G1 X60.957 Y52.129 E.03691
;WIDTH:0.586798
G1 X60.165 Y51.863 E.03781
;WIDTH:0.598623
G1 X59.579 Y51.64 E.02895
G1 X58.51 Y51.17 E.05394
;WIDTH:0.585827
G1 X57.822 Y50.82 E.03489
;WIDTH:0.564218
G1 X57.14 Y50.425 E.03415
;WIDTH:0.542058
G1 X56.379 Y49.92 E.03789
;WIDTH:0.515836
G1 X56.1 Y49.731 E.01328
;WIDTH:0.482918
G1 X55.82 Y49.541 E.01235
;WIDTH:0.449999
G1 X55.187 Y49.006 E.02805
G1 X54.748 Y48.592 E.02043
G1 X57.259 Y46.081 E.12019
G1 X57.755 Y46.53 E.02265
G1 X58.322 Y46.982 E.02456
G1 X58.909 Y47.397 E.02431
G1 X59.5 Y47.756 E.0234
G1 X60.112 Y48.078 E.02341
G1 X60.742 Y48.362 E.0234
G1 X61.445 Y48.624 E.02538
G1 X62.071 Y48.816 E.02216
G1 X62.848 Y49 E.02705
G1 X63.573 Y49.119 E.02487
G1 X64.304 Y49.191 E.02486
G1 X64.767 Y49.206 E.01569
G1 X63.226 Y49.999 F7200
G1 F903
G1 X63.376 Y50.142 E.007
G1 X62.977 Y51.907 E.06126
;WIDTH:0.482917
G1 X62.882 Y51.971 E.00419
;WIDTH:0.515835
G1 X62.787 Y52.034 E.0045
;WIDTH:0.542059
G1 X61.939 Y51.835 E.03616
;WIDTH:0.56422
G1 X61.213 Y51.618 E.03284
;WIDTH:0.58594
G1 X60.511 Y51.367 E.03364
;WIDTH:0.598623
G1 X58.9 Y50.703 E.08054
;WIDTH:0.585705
G1 X58.163 Y50.361 E.03665
;WIDTH:0.564875
G1 X57.441 Y49.974 E.03556
;WIDTH:0.542757
G1 X56.789 Y49.573 E.03183
;WIDTH:0.522313
G1 X56.689 Y49.508 E.00473
;WIDTH:0.515836
G1 X56.677 Y49.373 E.00532
;WIDTH:0.482918
G1 X56.665 Y49.239 E.00495
;WIDTH:0.449999
G1 X57.571 Y47.817 E.05706
G1 X57.638 Y47.754 E.00309
G1 X57.818 Y47.758 E.0061
G1 X58.457 Y48.14 E.02521
G1 X59.064 Y48.456 E.02317
G1 X59.708 Y48.746 E.0239
G1 X61.186 Y49.358 E.05413
G1 X61.84 Y49.607 E.02369
G1 X62.504 Y49.816 E.02358
G1 X63.188 Y49.989 E.02386
M204 S10000
G1 X63.34 Y49.55 F7200
M204 S1500
;TYPE:Inner wall
;WIDTH:0.518212
G1 F903
G1 X62.981 Y49.473 E.01448
;WIDTH:0.492325
G1 X62.623 Y49.396 E.01369
;WIDTH:0.466438
G1 X62.271 Y49.297 E.0129
;WIDTH:0.438903
G1 X61.918 Y49.199 E.01207
;WIDTH:0.411368
G1 X61.242 Y48.964 E.02193
;WIDTH:0.364188
G1 X60.577 Y48.7 E.01909
;WIDTH:0.371802
G1 X59.868 Y48.391 E.02117
;WIDTH:0.417838
G1 X59.255 Y48.09 E.02128
;WIDTH:0.464722
G1 X58.647 Y47.746 E.0245
;WIDTH:0.491941
G1 X58.351 Y47.553 E.01319
;WIDTH:0.51916
G1 X58.055 Y47.361 E.01399
M204 S10000
G1 E-.8 F1800
G1 X56.068 Y48.516 Z26.8 F7200
G1 Z26.4
G1 E.8 F1800
M204 S500
;TYPE:Internal solid infill
;WIDTH:0.54216
G1 F903
G1 X56.005 Y48.516 E.00259
G1 X55.974 Y48.57 E.00259
G1 X56.005 Y48.624 E.00259
G1 X56.068 Y48.624 E.00259
G1 X56.079 Y48.604 E.00093
M204 S10000
G1 E-.8 F1800
G1 X63.16 Y51.453 Z26.8 F7200
G1 X63.952 Y51.772 Z26.8
G1 Z26.4
G1 E.8 F1800
M204 S500
;WIDTH:0.552974
G1 F903
G1 X63.888 Y51.772 E.0027
G1 X63.856 Y51.827 E.0027
G1 X63.888 Y51.882 E.0027
G1 X63.952 Y51.882 E.0027
G1 X63.964 Y51.862 E.00101
; stop printing object fidget-finger-massager-2000-roller_plain.stl id:4713352688601451214 copy 0
;LAYER_CHANGE
;Z:26.6
;HEIGHT:0.200001
G92 E0
;_SET_FAN_SPEED_CHANGING_LAYER
; printing object fidget-finger-massager-2000-roller_plain.stl id:4713352688601451214 copy 0
M204 S10000
G1 E-.8 F1800
G1 X58.055 Y47.361 Z27 F7200
G1 Z26.6
G1 E.8 F1800
M204 S1500
;TYPE:Inner wall
;WIDTH:0.533464
G1 F903
G1 X57.928 Y47.295 E.00585
;WIDTH:0.558758
G1 X57.408 Y47.33 E.02236
G1 X57.173 Y47.563 E.01419
;WIDTH:0.536649
G1 X56.701 Y48.355 E.03783
;WIDTH:0.493324
G1 X56.229 Y49.147 E.03451
;WIDTH:0.449999
G1 X56.302 Y49.367 E.00785
G1 X55.742 Y48.914 E.02438
G1 X55.363 Y48.583 E.01702
G1 X55.713 Y48.233 E.01675
;WIDTH:0.493324
G1 X56.164 Y47.808 E.0232
;WIDTH:0.536649
G1 X56.615 Y47.384 E.02543
;WIDTH:0.558758
G1 X57.27 Y46.753 E.03902
G1 X57.448 Y46.904 E.01001
G1 X58.023 Y47.337 E.03086
M204 S10000
G1 E-.8 F1800
G1 X63.381 Y49.565 Z27 F7200
G1 Z26.6
G1 E.8 F1800
M204 S1500
;WIDTH:0.537801
G1 F903
G1 X63.34 Y49.55 E.00182
G1 X63.527 Y49.589 E.00787
;WIDTH:0.558759
G1 X64.324 Y49.675 E.03441
G1 X64.324 Y49.758 E.00359
G1 X64.335 Y50.373 E.02637
;WIDTH:0.536648
G1 X64.365 Y51.346 E.03995
;WIDTH:0.493324
G1 X64.394 Y52.318 E.03644
;WIDTH:0.449999
G1 X63.877 Y52.284 E.01752
G1 X63.19 Y52.212 E.02338
G1 X63.355 Y52.11 E.00657
G1 X63.464 Y51.722 E.01363
;WIDTH:0.493324
G1 X63.642 Y51.019 E.02715
;WIDTH:0.536648
G1 X63.82 Y50.317 E.02977
;WIDTH:0.558759
G1 X63.819 Y49.986 E.01419
G1 X63.519 Y49.614 E.02051
;WIDTH:0.537801
G1 X63.419 Y49.578 E.00436
M204 S500
G1 X64.807 Y49.207 F7200
;TYPE:Outer wall
;WIDTH:0.449999
G1 F903
G1 X64.807 Y52.758 E.12019
G1 X64.188 Y52.74 E.02098
G1 X63.364 Y52.67 E.028
;WIDTH:0.486155
G1 X62.96 Y52.594 E.01513
;WIDTH:0.522311
G1 X62.556 Y52.519 E.01637
;WIDTH:0.542777
G1 X61.778 Y52.353 E.03309
;WIDTH:0.564909
G1 X60.957 Y52.129 E.03692
;WIDTH:0.586835
G1 X60.165 Y51.863 E.03781
;WIDTH:0.59866
G1 X59.573 Y51.637 E.02925
G1 X58.515 Y51.173 E.05339
;WIDTH:0.58592
G1 X57.825 Y50.821 E.03497
;WIDTH:0.564275
G1 X57.14 Y50.425 E.0343
;WIDTH:0.542035
G1 X56.379 Y49.92 E.03789
;WIDTH:0.515836
G1 X56.1 Y49.731 E.01328
;WIDTH:0.482918
G1 X55.82 Y49.541 E.01235
;WIDTH:0.449999
G1 X55.187 Y49.006 E.02805
G1 X54.748 Y48.592 E.02043
G1 X57.259 Y46.081 E.12019
G1 X57.755 Y46.53 E.02265
G1 X58.322 Y46.982 E.02456
G1 X58.905 Y47.394 E.02415
G1 X59.497 Y47.754 E.02346
M73 P86 R2
G1 X60.11 Y48.078 E.02346
G1 X60.742 Y48.362 E.02345
G1 X61.445 Y48.624 E.02538
G1 X62.071 Y48.816 E.02216
G1 X62.848 Y49 E.02705
G1 X63.573 Y49.119 E.02487
G1 X64.304 Y49.191 E.02486
G1 X64.767 Y49.206 E.01569
G1 X63.226 Y49.999 F7200
G1 F903
G1 X63.376 Y50.142 E.007
G1 X62.977 Y51.907 E.06126
;WIDTH:0.482917
G1 X62.882 Y51.971 E.00419
;WIDTH:0.515835
G1 X62.787 Y52.034 E.0045
;WIDTH:0.542034
G1 X61.939 Y51.835 E.03616
;WIDTH:0.564276
G1 X61.209 Y51.617 E.033
;WIDTH:0.586036
G1 X60.506 Y51.365 E.03372
;WIDTH:0.59866
G1 X58.9 Y50.703 E.0803
;WIDTH:0.585809
G1 X58.163 Y50.362 E.03665
;WIDTH:0.564909
G1 X57.441 Y49.974 E.03556
;WIDTH:0.54278
G1 X56.789 Y49.573 E.03183
;WIDTH:0.522312
G1 X56.689 Y49.508 E.00473
;WIDTH:0.515836
G1 X56.677 Y49.373 E.00532
;WIDTH:0.482918
G1 X56.665 Y49.239 E.00495
;WIDTH:0.449999
G1 X57.571 Y47.817 E.05706
G1 X57.638 Y47.754 E.00309
G1 X57.818 Y47.758 E.0061
G1 X58.457 Y48.14 E.02521
G1 X59.064 Y48.456 E.02317
G1 X59.708 Y48.746 E.0239
G1 X61.186 Y49.358 E.05413
G1 X61.84 Y49.607 E.02369
G1 X62.504 Y49.816 E.02358
G1 X63.188 Y49.989 E.02386
M204 S10000
G1 X63.34 Y49.55 F7200
M204 S1500
;TYPE:Inner wall
;WIDTH:0.518212
G1 F903
G1 X62.981 Y49.473 E.01448
;WIDTH:0.492318
G1 X62.623 Y49.396 E.01369
;WIDTH:0.466424
G1 X62.272 Y49.298 E.01285
;WIDTH:0.439047
G1 X61.921 Y49.2 E.01202
;WIDTH:0.41167
G1 X61.243 Y48.964 E.022
;WIDTH:0.364286
G1 X60.577 Y48.7 E.01914
;WIDTH:0.371764
G1 X59.868 Y48.391 E.02116
;WIDTH:0.417754
G1 X59.255 Y48.09 E.02128
;WIDTH:0.46492
G1 X58.643 Y47.743 E.02468
;WIDTH:0.492026
G1 X58.349 Y47.552 E.0131
;WIDTH:0.519132
G1 X58.055 Y47.361 E.01389
M204 S10000
G1 E-.8 F1800
G1 X56.068 Y48.516 Z27 F7200
G1 Z26.6
G1 E.8 F1800
M204 S500
;TYPE:Internal solid infill
;WIDTH:0.542156
G1 F903
G1 X56.005 Y48.516 E.00259
G1 X55.974 Y48.57 E.00259
G1 X56.005 Y48.624 E.00259
G1 X56.068 Y48.624 E.00259
G1 X56.079 Y48.604 E.00093
M204 S10000
G1 E-.8 F1800
G1 X63.16 Y51.453 Z27 F7200
G1 X63.952 Y51.772 Z27
G1 Z26.6
G1 E.8 F1800
M204 S500
;WIDTH:0.552974
G1 F903
G1 X63.888 Y51.772 E.0027
G1 X63.856 Y51.827 E.0027
G1 X63.888 Y51.882 E.0027
G1 X63.952 Y51.882 E.0027
G1 X63.964 Y51.862 E.00101
; stop printing object fidget-finger-massager-2000-roller_plain.stl id:4713352688601451214 copy 0
;LAYER_CHANGE
;Z:26.8
;HEIGHT:0.199999
G92 E0
;_SET_FAN_SPEED_CHANGING_LAYER
; printing object fidget-finger-massager-2000-roller_plain.stl id:4713352688601451214 copy 0
M204 S10000
G1 E-.8 F1800
G1 X58.055 Y47.361 Z27.2 F7200
G1 Z26.8
G1 E.8 F1800
M204 S1500
;TYPE:Inner wall
;WIDTH:0.533318
G1 F933
G1 X57.923 Y47.293 E.00602
;WIDTH:0.558758
G1 X57.408 Y47.33 E.02219
G1 X57.173 Y47.563 E.01419
;WIDTH:0.536649
G1 X56.701 Y48.355 E.03783
;WIDTH:0.493324
G1 X56.229 Y49.147 E.03451
;WIDTH:0.449999
G1 X56.302 Y49.367 E.00785
G1 X55.742 Y48.914 E.02438
G1 X55.363 Y48.583 E.01702
G1 X55.713 Y48.233 E.01675
;WIDTH:0.493324
G1 X56.164 Y47.808 E.02319
;WIDTH:0.536649
G1 X56.615 Y47.384 E.02543
;WIDTH:0.558758
G1 X57.27 Y46.753 E.03903
G1 X57.448 Y46.904 E.01001
G1 X58.023 Y47.337 E.03086
M204 S10000
G1 E-.8 F1800
G1 X63.381 Y49.565 Z27.2 F7200
G1 Z26.8
G1 E.8 F1800
M204 S1500
;WIDTH:0.537802
G1 F933
G1 X63.34 Y49.55 E.00182
G1 X63.527 Y49.589 E.00787
;WIDTH:0.558759
G1 X64.324 Y49.675 E.03441
G1 X64.324 Y49.758 E.00359
G1 X64.335 Y50.373 E.02637
;WIDTH:0.536649
G1 X64.365 Y51.346 E.03995
;WIDTH:0.493324
G1 X64.394 Y52.318 E.03644
;WIDTH:0.449999
G1 X63.877 Y52.284 E.01752
G1 X63.19 Y52.212 E.02338
G1 X63.355 Y52.11 E.00657
G1 X63.464 Y51.722 E.01363
;WIDTH:0.493324
G1 X63.642 Y51.019 E.02715
;WIDTH:0.536649
G1 X63.82 Y50.317 E.02977
;WIDTH:0.558759
G1 X63.819 Y49.986 E.01419
G1 X63.519 Y49.614 E.02051
;WIDTH:0.537802
G1 X63.419 Y49.578 E.00436
M204 S500
G1 X64.807 Y49.207 F7200
;TYPE:Outer wall
;WIDTH:0.449999
G1 F933
G1 X64.807 Y52.758 E.12019
G1 X64.188 Y52.74 E.02098
G1 X63.364 Y52.67 E.028
;WIDTH:0.486155
G1 X62.96 Y52.594 E.01513
;WIDTH:0.522311
G1 X62.556 Y52.519 E.01637
;WIDTH:0.5428
G1 X61.778 Y52.353 E.03309
;WIDTH:0.564941
G1 X60.957 Y52.129 E.03692
;WIDTH:0.585922
G1 X60.162 Y51.86 E.0379
;WIDTH:0.598706
G1 X59.231 Y51.495 E.04619
G1 X58.523 Y51.177 E.03588
;WIDTH:0.586131
G1 X57.828 Y50.823 E.03523
;WIDTH:0.564329
G1 X57.14 Y50.425 E.03446
;WIDTH:0.54201
G1 X56.379 Y49.92 E.03789
;WIDTH:0.515835
G1 X56.1 Y49.731 E.01328
;WIDTH:0.482917
G1 X55.82 Y49.541 E.01235
;WIDTH:0.449999
G1 X55.187 Y49.006 E.02805
G1 X54.748 Y48.592 E.02043
G1 X57.259 Y46.081 E.12019
G1 X57.755 Y46.53 E.02265
G1 X58.324 Y46.985 E.02467
G1 X58.899 Y47.387 E.02374
G1 X59.494 Y47.753 E.02365
G1 X60.109 Y48.077 E.02351
G1 X60.742 Y48.362 E.02351
G1 X61.444 Y48.624 E.02538
G1 X62.071 Y48.816 E.02216
G1 X62.848 Y49 E.02705
G1 X63.573 Y49.119 E.02487
G1 X64.304 Y49.191 E.02486
G1 X64.767 Y49.206 E.01569
G1 X63.226 Y49.999 F7200
G1 F933
G1 X63.376 Y50.142 E.007
G1 X62.977 Y51.907 E.06126
;WIDTH:0.482918
G1 X62.882 Y51.971 E.00419
;WIDTH:0.515836
G1 X62.787 Y52.034 E.0045
;WIDTH:0.542011
G1 X61.939 Y51.835 E.03616
;WIDTH:0.564328
G1 X61.206 Y51.616 E.03315
;WIDTH:0.586023
G1 X60.505 Y51.364 E.03365
;WIDTH:0.598706
G1 X58.899 Y50.704 E.08022
;WIDTH:0.586877
G1 X58.163 Y50.362 E.03673
;WIDTH:0.564943
G1 X57.441 Y49.974 E.03556
;WIDTH:0.5428
G1 X56.789 Y49.573 E.03184
;WIDTH:0.52231
G1 X56.689 Y49.508 E.00473
;WIDTH:0.515835
G1 X56.677 Y49.373 E.00532
;WIDTH:0.482917
G1 X56.665 Y49.239 E.00495
;WIDTH:0.449999
G1 X57.571 Y47.817 E.05706
G1 X57.638 Y47.754 E.00309
G1 X57.818 Y47.758 E.0061
G1 X58.457 Y48.14 E.02521
G1 X59.064 Y48.456 E.02317
G1 X59.708 Y48.746 E.0239
G1 X61.186 Y49.358 E.05413
G1 X61.84 Y49.607 E.02369
G1 X62.504 Y49.816 E.02358
G1 X63.188 Y49.989 E.02386
M204 S10000
G1 E-.8 F1800
G1 X58.055 Y47.361 Z27.2 F7200
G1 Z26.8
G1 E.8 F1800
M204 S1500
;TYPE:Inner wall
;WIDTH:0.518212
G1 F933
G1 X58.536 Y47.676 E.02272
;WIDTH:0.47015
G1 X58.895 Y47.883 E.01474
;WIDTH:0.443938
G1 X59.255 Y48.09 E.01384
;WIDTH:0.417726
G1 X59.868 Y48.391 E.02127
;WIDTH:0.371718
G1 X60.577 Y48.7 E.02116
;WIDTH:0.364384
G1 X61.245 Y48.965 E.01919
;WIDTH:0.411976
G1 X61.924 Y49.201 E.02207
;WIDTH:0.439192
G1 X62.274 Y49.298 E.01197
;WIDTH:0.466408
G1 X62.623 Y49.396 E.01279
;WIDTH:0.492311
G1 X62.981 Y49.473 E.01369
;WIDTH:0.518214
G1 X63.34 Y49.55 E.01448
M204 S10000
G1 E-.8 F1800
G1 X63.952 Y51.772 Z27.2 F7200
G1 Z26.8
G1 E.8 F1800
M204 S500
;TYPE:Internal solid infill
;WIDTH:0.552974
G1 F933
G1 X63.888 Y51.772 E.0027
G1 X63.856 Y51.827 E.0027
G1 X63.888 Y51.882 E.0027
G1 X63.952 Y51.882 E.0027
G1 X63.964 Y51.862 E.00101
M204 S10000
G1 E-.8 F1800
G1 X56.936 Y48.884 Z27.2 F7200
G1 X56.068 Y48.516 Z27.2
G1 Z26.8
G1 E.8 F1800
M204 S500
;WIDTH:0.542156
G1 F933
G1 X56.005 Y48.516 E.00259
G1 X55.974 Y48.57 E.00259
G1 X56.005 Y48.624 E.00259
G1 X56.068 Y48.624 E.00259
G1 X56.079 Y48.604 E.00093
; stop printing object fidget-finger-massager-2000-roller_plain.stl id:4713352688601451214 copy 0
;LAYER_CHANGE
;Z:27
;HEIGHT:0.200001
G92 E0
;_SET_FAN_SPEED_CHANGING_LAYER
; printing object fidget-finger-massager-2000-roller_plain.stl id:4713352688601451214 copy 0
M204 S10000
G1 E-.8 F1800
G1 X58.055 Y47.361 Z27.4 F7200
G1 Z27
G1 E.8 F1800
M204 S1500
;TYPE:Inner wall
;WIDTH:0.533318
G1 F933
G1 X57.923 Y47.293 E.00602
;WIDTH:0.558758
G1 X57.408 Y47.33 E.02219
G1 X57.173 Y47.563 E.01419
;WIDTH:0.536649
G1 X56.701 Y48.355 E.03783
;WIDTH:0.493324
G1 X56.229 Y49.147 E.03451
;WIDTH:0.449999
G1 X56.302 Y49.367 E.00785
G1 X55.742 Y48.914 E.02438
G1 X55.363 Y48.583 E.01702
G1 X55.713 Y48.233 E.01675
;WIDTH:0.493324
G1 X56.164 Y47.808 E.0232
;WIDTH:0.536649
G1 X56.615 Y47.384 E.02543
;WIDTH:0.558758
G1 X57.27 Y46.753 E.03902
G1 X57.448 Y46.904 E.01001
G1 X58.023 Y47.337 E.03086
M204 S10000
G1 E-.8 F1800
G1 X63.381 Y49.565 Z27.4 F7200
G1 Z27
G1 E.8 F1800
M204 S1500
;WIDTH:0.5378
G1 F933
G1 X63.34 Y49.55 E.00182
G1 X63.527 Y49.589 E.00787
;WIDTH:0.558758
G1 X64.324 Y49.675 E.03441
G1 X64.324 Y49.758 E.00359
G1 X64.335 Y50.373 E.02637
;WIDTH:0.536648
G1 X64.365 Y51.346 E.03995
;WIDTH:0.493324
G1 X64.394 Y52.318 E.03644
;WIDTH:0.449999
G1 X63.877 Y52.284 E.01752
G1 X63.19 Y52.212 E.02338
G1 X63.355 Y52.11 E.00657
G1 X63.464 Y51.722 E.01363
;WIDTH:0.493324
G1 X63.642 Y51.019 E.02715
;WIDTH:0.536648
G1 X63.82 Y50.317 E.02977
;WIDTH:0.558758
G1 X63.819 Y49.986 E.01419
G1 X63.519 Y49.614 E.02051
;WIDTH:0.5378
G1 X63.419 Y49.578 E.00436
M204 S500
G1 X64.807 Y49.207 F7200
;TYPE:Outer wall
;WIDTH:0.449999
G1 F933
G1 X64.807 Y52.758 E.12019
G1 X64.188 Y52.74 E.02098
G1 X63.364 Y52.67 E.028
;WIDTH:0.486154
G1 X62.96 Y52.594 E.01513
;WIDTH:0.522309
G1 X62.556 Y52.519 E.01637
;WIDTH:0.542822
G1 X61.777 Y52.353 E.03309
;WIDTH:0.564977
G1 X60.957 Y52.129 E.03693
;WIDTH:0.58692
G1 X60.164 Y51.863 E.03782
;WIDTH:0.598753
G1 X59.56 Y51.632 E.02991
G1 X58.525 Y51.177 E.05223
;WIDTH:0.58612
G1 X57.831 Y50.825 E.03516
;WIDTH:0.564383
G1 X57.14 Y50.425 E.03462
;WIDTH:0.541988
G1 X56.379 Y49.92 E.03789
;WIDTH:0.515837
G1 X56.1 Y49.731 E.01328
;WIDTH:0.482918
G1 X55.82 Y49.541 E.01235
;WIDTH:0.449999
G1 X55.187 Y49.006 E.02805
G1 X54.748 Y48.592 E.02043
G1 X57.259 Y46.081 E.12019
G1 X57.755 Y46.53 E.02265
G1 X58.324 Y46.985 E.02467
G1 X58.899 Y47.387 E.02375
G1 X59.491 Y47.751 E.02353
G1 X60.107 Y48.076 E.02358
G1 X60.742 Y48.362 E.02356
G1 X61.444 Y48.624 E.02537
G1 X62.07 Y48.816 E.02217
G1 X62.848 Y49 E.02705
G1 X63.573 Y49.119 E.02487
G1 X64.304 Y49.191 E.02486
G1 X64.767 Y49.206 E.01569
M73 P87 R2
G1 X63.226 Y49.999 F7200
G1 F933
G1 X63.376 Y50.142 E.007
G1 X62.977 Y51.907 E.06126
;WIDTH:0.482917
G1 X62.882 Y51.971 E.00419
;WIDTH:0.515835
G1 X62.787 Y52.034 E.0045
;WIDTH:0.541989
G1 X61.939 Y51.835 E.03616
;WIDTH:0.564384
G1 X61.203 Y51.615 E.03331
;WIDTH:0.586227
G1 X60.496 Y51.361 E.0339
;WIDTH:0.598753
G1 X58.899 Y50.703 E.07982
;WIDTH:0.586034
G1 X58.163 Y50.362 E.03667
;WIDTH:0.564978
G1 X57.441 Y49.974 E.03556
;WIDTH:0.542824
G1 X56.789 Y49.573 E.03184
;WIDTH:0.522311
G1 X56.689 Y49.508 E.00473
;WIDTH:0.515837
G1 X56.677 Y49.373 E.00532
;WIDTH:0.482918
G1 X56.665 Y49.239 E.00495
;WIDTH:0.449999
G1 X57.571 Y47.817 E.05706
G1 X57.638 Y47.754 E.00309
G1 X57.818 Y47.758 E.0061
G1 X58.457 Y48.14 E.02521
G1 X59.064 Y48.456 E.02317
G1 X59.708 Y48.746 E.0239
G1 X61.186 Y49.358 E.05413
G1 X61.84 Y49.607 E.02369
G1 X62.504 Y49.816 E.02358
G1 X63.188 Y49.989 E.02386
M204 S10000
G1 E-.8 F1800
G1 X58.055 Y47.361 Z27.4 F7200
G1 Z27
G1 E.8 F1800
M204 S1500
;TYPE:Inner wall
;WIDTH:0.518212
G1 F933
G1 X58.536 Y47.676 E.02272
;WIDTH:0.470148
G1 X58.895 Y47.883 E.01474
;WIDTH:0.443881
G1 X59.255 Y48.09 E.01383
;WIDTH:0.417614
G1 X59.868 Y48.391 E.02127
;WIDTH:0.371688
G1 X60.577 Y48.7 E.02115
;WIDTH:0.364484
G1 X61.246 Y48.965 E.01924
;WIDTH:0.41228
G1 X61.927 Y49.202 E.02213
;WIDTH:0.439335
G1 X62.275 Y49.299 E.01192
;WIDTH:0.46639
G1 X62.623 Y49.396 E.01273
;WIDTH:0.492301
G1 X62.981 Y49.473 E.01369
;WIDTH:0.518212
G1 X63.34 Y49.55 E.01448
M204 S10000
G1 E-.8 F1800
G1 X63.952 Y51.772 Z27.4 F7200
G1 Z27
G1 E.8 F1800
M204 S500
;TYPE:Internal solid infill
;WIDTH:0.552974
G1 F933
G1 X63.888 Y51.772 E.0027
G1 X63.856 Y51.827 E.0027
G1 X63.888 Y51.882 E.0027
G1 X63.952 Y51.882 E.0027
G1 X63.964 Y51.862 E.00101
M204 S10000
G1 E-.8 F1800
G1 X56.936 Y48.884 Z27.4 F7200
G1 X56.068 Y48.516 Z27.4
G1 Z27
G1 E.8 F1800
M204 S500
;WIDTH:0.542156
G1 F933
G1 X56.005 Y48.516 E.00259
G1 X55.974 Y48.57 E.00259
G1 X56.005 Y48.624 E.00259
G1 X56.068 Y48.624 E.00259
G1 X56.079 Y48.604 E.00093
; stop printing object fidget-finger-massager-2000-roller_plain.stl id:4713352688601451214 copy 0
;LAYER_CHANGE
;Z:27.2
;HEIGHT:0.200001
G92 E0
;_SET_FAN_SPEED_CHANGING_LAYER
; printing object fidget-finger-massager-2000-roller_plain.stl id:4713352688601451214 copy 0
M204 S10000
G1 E-.8 F1800
G1 X58.055 Y47.361 Z27.6 F7200
G1 Z27.2
G1 E.8 F1800
M204 S1500
;TYPE:Inner wall
;WIDTH:0.53332
G1 F903
G1 X57.923 Y47.293 E.00602
;WIDTH:0.558758
G1 X57.408 Y47.33 E.02219
G1 X57.173 Y47.563 E.01419
;WIDTH:0.536649
G1 X56.701 Y48.355 E.03783
;WIDTH:0.493324
G1 X56.229 Y49.147 E.03451
;WIDTH:0.449999
G1 X56.302 Y49.367 E.00785
G1 X55.742 Y48.914 E.02438
G1 X55.363 Y48.583 E.01702
G1 X55.713 Y48.233 E.01675
;WIDTH:0.493324
G1 X56.164 Y47.808 E.02319
;WIDTH:0.536649
G1 X56.615 Y47.384 E.02543
;WIDTH:0.558758
G1 X57.27 Y46.753 E.03903
G1 X57.448 Y46.904 E.01001
G1 X58.023 Y47.337 E.03086
M204 S10000
G1 E-.8 F1800
G1 X63.381 Y49.565 Z27.6 F7200
G1 Z27.2
G1 E.8 F1800
M204 S1500
;WIDTH:0.5378
G1 F903
G1 X63.34 Y49.55 E.00182
G1 X63.527 Y49.589 E.00787
;WIDTH:0.558758
G1 X64.324 Y49.675 E.03441
G1 X64.324 Y49.758 E.00359
G1 X64.335 Y50.373 E.02637
;WIDTH:0.536648
G1 X64.365 Y51.346 E.03995
;WIDTH:0.493324
G1 X64.394 Y52.318 E.03644
;WIDTH:0.449999
G1 X63.877 Y52.284 E.01752
G1 X63.19 Y52.212 E.02338
G1 X63.355 Y52.11 E.00657
G1 X63.464 Y51.722 E.01363
;WIDTH:0.493324
G1 X63.642 Y51.019 E.02715
;WIDTH:0.536648
G1 X63.82 Y50.317 E.02977
;WIDTH:0.558758
G1 X63.819 Y49.986 E.01419
G1 X63.519 Y49.614 E.02051
;WIDTH:0.5378
G1 X63.419 Y49.578 E.00436
M204 S500
G1 X64.807 Y49.207 F7200
;TYPE:Outer wall
;WIDTH:0.449999
G1 F903
G1 X64.807 Y52.758 E.12019
G1 X64.188 Y52.74 E.02098
G1 X63.364 Y52.67 E.028
;WIDTH:0.486154
G1 X62.96 Y52.594 E.01513
;WIDTH:0.522309
G1 X62.556 Y52.519 E.01637
;WIDTH:0.542845
G1 X61.777 Y52.353 E.0331
;WIDTH:0.565014
G1 X60.957 Y52.129 E.03693
;WIDTH:0.586964
G1 X60.164 Y51.863 E.03782
;WIDTH:0.5988
G1 X59.553 Y51.629 E.03024
G1 X58.53 Y51.18 E.05164
;WIDTH:0.586222
G1 X57.834 Y50.826 E.03526
;WIDTH:0.564437
G1 X57.14 Y50.425 E.03478
;WIDTH:0.541965
G1 X56.379 Y49.92 E.03789
;WIDTH:0.515836
G1 X56.1 Y49.731 E.01328
;WIDTH:0.482918
G1 X55.82 Y49.541 E.01235
;WIDTH:0.449999
G1 X55.187 Y49.006 E.02805
G1 X54.748 Y48.592 E.02043
G1 X57.259 Y46.081 E.12019
G1 X57.755 Y46.53 E.02265
G1 X58.324 Y46.985 E.02467
G1 X58.899 Y47.387 E.02375
G1 X59.489 Y47.75 E.02343
G1 X60.106 Y48.076 E.02362
G1 X60.742 Y48.362 E.02362
G1 X61.444 Y48.624 E.02537
G1 X62.07 Y48.816 E.02217
G1 X62.848 Y49 E.02706
G1 X63.573 Y49.119 E.02487
G1 X64.304 Y49.191 E.02486
G1 X64.767 Y49.206 E.01569
G1 X63.226 Y49.999 F7200
G1 F903
G1 X63.376 Y50.142 E.007
G1 X62.977 Y51.907 E.06126
;WIDTH:0.482918
G1 X62.882 Y51.971 E.00419
;WIDTH:0.515836
G1 X62.787 Y52.034 E.0045
;WIDTH:0.541965
G1 X61.939 Y51.835 E.03615
;WIDTH:0.564439
G1 X61.199 Y51.614 E.03347
;WIDTH:0.586322
G1 X60.492 Y51.359 E.03398
;WIDTH:0.5988
G1 X58.899 Y50.703 E.07959
;WIDTH:0.586146
G1 X58.163 Y50.362 E.03668
;WIDTH:0.565014
G1 X57.441 Y49.974 E.03556
;WIDTH:0.542846
G1 X56.789 Y49.573 E.03184
;WIDTH:0.522309
G1 X56.689 Y49.508 E.00473
;WIDTH:0.515836
G1 X56.677 Y49.373 E.00532
;WIDTH:0.482918
G1 X56.665 Y49.239 E.00495
;WIDTH:0.449999
G1 X57.571 Y47.817 E.05706
G1 X57.638 Y47.754 E.00309
G1 X57.818 Y47.758 E.0061
G1 X58.457 Y48.14 E.02521
G1 X59.064 Y48.456 E.02317
G1 X59.708 Y48.746 E.0239
G1 X61.186 Y49.358 E.05413
G1 X61.84 Y49.607 E.02369
G1 X62.504 Y49.816 E.02358
G1 X63.188 Y49.989 E.02386
M204 S10000
G1 X63.34 Y49.55 F7200
M204 S1500
;TYPE:Inner wall
;WIDTH:0.518212
G1 F903
G1 X62.981 Y49.473 E.01448
;WIDTH:0.492293
G1 X62.623 Y49.396 E.01369
;WIDTH:0.466374
G1 X62.277 Y49.299 E.01267
;WIDTH:0.439479
G1 X61.93 Y49.203 E.01187
;WIDTH:0.412584
G1 X61.248 Y48.966 E.0222
;WIDTH:0.36458
G1 X60.577 Y48.7 E.01929
;WIDTH:0.371644
G1 X59.868 Y48.391 E.02115
;WIDTH:0.417502
G1 X59.255 Y48.09 E.02126
;WIDTH:0.443827
G1 X58.895 Y47.883 E.01383
;WIDTH:0.470152
G1 X58.536 Y47.676 E.01474
;WIDTH:0.518214
G1 X58.055 Y47.361 E.02272
M204 S10000
G1 E-.8 F1800
G1 X56.068 Y48.516 Z27.6 F7200
G1 Z27.2
G1 E.8 F1800
M204 S500
;TYPE:Internal solid infill
;WIDTH:0.542156
G1 F903
G1 X56.005 Y48.516 E.00259
G1 X55.974 Y48.57 E.00259
G1 X56.005 Y48.624 E.00259
G1 X56.068 Y48.624 E.00259
G1 X56.079 Y48.604 E.00093
M204 S10000
G1 E-.8 F1800
G1 X63.16 Y51.453 Z27.6 F7200
G1 X63.952 Y51.772 Z27.6
G1 Z27.2
G1 E.8 F1800
M204 S500
;WIDTH:0.552974
G1 F903
G1 X63.888 Y51.772 E.0027
G1 X63.856 Y51.827 E.0027
G1 X63.888 Y51.882 E.0027
G1 X63.952 Y51.882 E.0027
G1 X63.964 Y51.862 E.00101
; stop printing object fidget-finger-massager-2000-roller_plain.stl id:4713352688601451214 copy 0
;LAYER_CHANGE
;Z:27.4
;HEIGHT:0.199999
G92 E0
;_SET_FAN_SPEED_CHANGING_LAYER
; printing object fidget-finger-massager-2000-roller_plain.stl id:4713352688601451214 copy 0
M204 S10000
G1 E-.8 F1800
G1 X58.055 Y47.361 Z27.8 F7200
G1 Z27.4
G1 E.8 F1800
M204 S1500
;TYPE:Inner wall
;WIDTH:0.533319
G1 F902
G1 X57.923 Y47.293 E.00602
;WIDTH:0.558757
G1 X57.408 Y47.33 E.02218
G1 X57.173 Y47.563 E.01419
;WIDTH:0.536649
G1 X56.701 Y48.355 E.03783
;WIDTH:0.493324
G1 X56.229 Y49.147 E.03451
;WIDTH:0.449999
G1 X56.302 Y49.367 E.00785
G1 X55.742 Y48.914 E.02438
G1 X55.363 Y48.583 E.01702
G1 X55.713 Y48.233 E.01675
;WIDTH:0.493324
G1 X56.164 Y47.808 E.02319
;WIDTH:0.536649
G1 X56.615 Y47.384 E.02543
;WIDTH:0.558757
G1 X57.27 Y46.753 E.03903
G1 X57.448 Y46.904 E.01001
G1 X58.023 Y47.337 E.03086
M204 S10000
G1 E-.8 F1800
G1 X63.381 Y49.565 Z27.8 F7200
G1 Z27.4
G1 E.8 F1800
M204 S1500
;WIDTH:0.537801
G1 F902
G1 X63.34 Y49.55 E.00182
G1 X63.527 Y49.589 E.00787
;WIDTH:0.558759
G1 X64.324 Y49.675 E.03441
G1 X64.324 Y49.758 E.00359
G1 X64.335 Y50.373 E.02637
;WIDTH:0.536648
G1 X64.365 Y51.346 E.03995
;WIDTH:0.493324
G1 X64.394 Y52.318 E.03644
;WIDTH:0.449999
G1 X63.877 Y52.284 E.01752
G1 X63.19 Y52.212 E.02338
G1 X63.355 Y52.11 E.00657
G1 X63.464 Y51.722 E.01363
;WIDTH:0.493324
G1 X63.642 Y51.019 E.02715
;WIDTH:0.536648
G1 X63.82 Y50.317 E.02977
;WIDTH:0.558759
G1 X63.819 Y49.986 E.01419
G1 X63.519 Y49.614 E.02051
;WIDTH:0.537801
G1 X63.419 Y49.578 E.00436
M204 S500
G1 X64.807 Y49.207 F7200
;TYPE:Outer wall
;WIDTH:0.449999
G1 F902
G1 X64.807 Y52.758 E.12019
G1 X64.188 Y52.74 E.02098
G1 X63.364 Y52.67 E.028
;WIDTH:0.486153
G1 X62.96 Y52.594 E.01513
;WIDTH:0.522307
G1 X62.556 Y52.519 E.01637
;WIDTH:0.542868
G1 X61.777 Y52.353 E.0331
;WIDTH:0.565051
G1 X60.957 Y52.129 E.03693
;WIDTH:0.587014
G1 X60.164 Y51.863 E.03783
;WIDTH:0.598846
G1 X59.546 Y51.626 E.03057
G1 X58.535 Y51.182 E.05106
;WIDTH:0.586323
G1 X57.837 Y50.828 E.03534
;WIDTH:0.564491
G1 X57.14 Y50.425 E.03494
;WIDTH:0.541941
G1 X56.379 Y49.92 E.03789
;WIDTH:0.515835
G1 X56.1 Y49.731 E.01328
;WIDTH:0.482917
G1 X55.82 Y49.541 E.01235
;WIDTH:0.449999
G1 X55.187 Y49.006 E.02805
G1 X54.748 Y48.592 E.02043
G1 X57.259 Y46.081 E.12019
G1 X57.755 Y46.53 E.02265
G1 X58.324 Y46.985 E.02467
G1 X58.899 Y47.387 E.02375
G1 X59.486 Y47.748 E.02331
G1 X60.105 Y48.075 E.02368
G1 X60.742 Y48.362 E.02367
G1 X61.444 Y48.624 E.02537
G1 X62.07 Y48.816 E.02217
G1 X62.848 Y49 E.02706
G1 X63.573 Y49.119 E.02487
G1 X64.304 Y49.191 E.02486
G1 X64.767 Y49.206 E.01569
G1 X63.226 Y49.999 F7200
G1 F902
G1 X63.376 Y50.142 E.007
G1 X62.977 Y51.907 E.06126
;WIDTH:0.482918
G1 X62.882 Y51.971 E.00419
M73 P88 R2
;WIDTH:0.515836
G1 X62.787 Y52.034 E.0045
;WIDTH:0.541941
G1 X61.939 Y51.835 E.03615
;WIDTH:0.564493
G1 X61.196 Y51.613 E.03362
;WIDTH:0.586418
G1 X60.487 Y51.358 E.03407
;WIDTH:0.598846
G1 X58.899 Y50.704 E.07935
;WIDTH:0.586259
G1 X58.163 Y50.362 E.03668
;WIDTH:0.565051
G1 X57.441 Y49.974 E.03557
;WIDTH:0.542868
G1 X56.789 Y49.573 E.03184
;WIDTH:0.522308
G1 X56.689 Y49.508 E.00473
;WIDTH:0.515835
G1 X56.677 Y49.373 E.00532
;WIDTH:0.482917
G1 X56.665 Y49.239 E.00495
;WIDTH:0.449999
G1 X57.571 Y47.817 E.05706
G1 X57.638 Y47.754 E.00309
G1 X57.818 Y47.758 E.0061
G1 X58.457 Y48.14 E.02521
G1 X59.075 Y48.462 E.02358
G1 X59.714 Y48.748 E.02369
G1 X61.186 Y49.358 E.05394
G1 X61.84 Y49.607 E.02369
G1 X62.504 Y49.816 E.02358
G1 X63.188 Y49.989 E.02386
M204 S10000
G1 X63.34 Y49.55 F7200
M204 S1500
;TYPE:Inner wall
;WIDTH:0.518212
G1 F902
G1 X62.981 Y49.473 E.01448
;WIDTH:0.492285
G1 X62.623 Y49.396 E.01369
;WIDTH:0.466358
G1 X62.278 Y49.3 E.01261
;WIDTH:0.439623
G1 X61.933 Y49.204 E.01182
;WIDTH:0.412888
G1 X61.249 Y48.966 E.02227
;WIDTH:0.364678
G1 X60.577 Y48.7 E.01934
;WIDTH:0.37161
G1 X59.868 Y48.391 E.02115
;WIDTH:0.417386
G1 X59.255 Y48.09 E.02125
;WIDTH:0.443767
G1 X58.895 Y47.883 E.01383
;WIDTH:0.470148
G1 X58.536 Y47.676 E.01474
;WIDTH:0.518214
G1 X58.055 Y47.361 E.02272
M204 S10000
G1 E-.8 F1800
G1 X56.068 Y48.516 Z27.8 F7200
G1 Z27.4
G1 E.8 F1800
M204 S500
;TYPE:Internal solid infill
;WIDTH:0.542156
G1 F902
G1 X56.005 Y48.516 E.00259
G1 X55.974 Y48.57 E.00259
G1 X56.005 Y48.624 E.00259
G1 X56.068 Y48.624 E.00259
G1 X56.079 Y48.604 E.00093
M204 S10000
G1 E-.8 F1800
G1 X63.16 Y51.453 Z27.8 F7200
G1 X63.952 Y51.772 Z27.8
G1 Z27.4
G1 E.8 F1800
M204 S500
;WIDTH:0.552974
G1 F902
G1 X63.888 Y51.772 E.0027
G1 X63.856 Y51.827 E.0027
G1 X63.888 Y51.882 E.0027
G1 X63.952 Y51.882 E.0027
G1 X63.964 Y51.862 E.00101
; stop printing object fidget-finger-massager-2000-roller_plain.stl id:4713352688601451214 copy 0
;LAYER_CHANGE
;Z:27.6
;HEIGHT:0.200001
G92 E0
;_SET_FAN_SPEED_CHANGING_LAYER
; printing object fidget-finger-massager-2000-roller_plain.stl id:4713352688601451214 copy 0
M204 S10000
G1 E-.8 F1800
G1 X58.055 Y47.361 Z28 F7200
G1 Z27.6
G1 E.8 F1800
M204 S1500
;TYPE:Inner wall
;WIDTH:0.533317
G1 F902
G1 X57.923 Y47.293 E.00602
;WIDTH:0.558757
G1 X57.408 Y47.33 E.02219
G1 X57.173 Y47.563 E.01419
;WIDTH:0.536649
G1 X56.701 Y48.355 E.03783
;WIDTH:0.493324
G1 X56.229 Y49.147 E.03451
;WIDTH:0.449999
G1 X56.302 Y49.367 E.00785
G1 X55.742 Y48.914 E.02438
G1 X55.363 Y48.583 E.01702
G1 X55.713 Y48.233 E.01675
;WIDTH:0.493324
G1 X56.164 Y47.808 E.0232
;WIDTH:0.536649
G1 X56.615 Y47.384 E.02543
;WIDTH:0.558757
G1 X57.27 Y46.753 E.03902
G1 X57.448 Y46.904 E.01001
G1 X58.023 Y47.337 E.03086
M204 S10000
G1 E-.8 F1800
G1 X63.381 Y49.565 Z28 F7200
G1 Z27.6
G1 E.8 F1800
M204 S1500
;WIDTH:0.537801
G1 F902
G1 X63.34 Y49.55 E.00182
G1 X63.527 Y49.589 E.00787
;WIDTH:0.558759
G1 X64.324 Y49.675 E.03441
G1 X64.324 Y49.758 E.00359
G1 X64.335 Y50.373 E.02637
;WIDTH:0.536649
G1 X64.365 Y51.346 E.03995
;WIDTH:0.493324
G1 X64.394 Y52.318 E.03644
;WIDTH:0.449999
G1 X63.877 Y52.284 E.01752
G1 X63.19 Y52.212 E.02338
G1 X63.355 Y52.11 E.00657
G1 X63.464 Y51.722 E.01363
;WIDTH:0.493324
G1 X63.642 Y51.019 E.02715
;WIDTH:0.536649
G1 X63.82 Y50.317 E.02977
;WIDTH:0.558759
G1 X63.819 Y49.986 E.01419
G1 X63.519 Y49.614 E.02051
;WIDTH:0.537801
G1 X63.419 Y49.578 E.00436
M204 S500
G1 X64.807 Y49.207 F7200
;TYPE:Outer wall
;WIDTH:0.449999
G1 F902
G1 X64.807 Y52.758 E.12019
G1 X64.188 Y52.74 E.02098
G1 X63.364 Y52.67 E.028
;WIDTH:0.486154
G1 X62.96 Y52.594 E.01513
;WIDTH:0.522308
G1 X62.556 Y52.519 E.01637
;WIDTH:0.54289
G1 X61.777 Y52.353 E.03311
;WIDTH:0.565091
G1 X60.957 Y52.129 E.03694
;WIDTH:0.587064
G1 X60.164 Y51.863 E.03784
;WIDTH:0.598894
G1 X59.54 Y51.624 E.0309
G1 X58.54 Y51.185 E.05048
;WIDTH:0.586422
G1 X57.841 Y50.83 E.03544
;WIDTH:0.564546
G1 X57.14 Y50.425 E.03509
;WIDTH:0.541918
G1 X56.379 Y49.92 E.03789
;WIDTH:0.515836
G1 X56.1 Y49.731 E.01328
;WIDTH:0.482918
G1 X55.82 Y49.541 E.01235
;WIDTH:0.449999
G1 X55.187 Y49.006 E.02805
G1 X54.748 Y48.592 E.02043
G1 X57.259 Y46.081 E.12019
G1 X57.755 Y46.53 E.02265
G1 X58.324 Y46.985 E.02467
G1 X58.9 Y47.387 E.02375
G1 X59.483 Y47.747 E.0232
G1 X60.103 Y48.074 E.02374
G1 X60.742 Y48.362 E.02372
G1 X61.444 Y48.624 E.02536
G1 X62.07 Y48.816 E.02217
G1 X62.848 Y49 E.02706
G1 X63.573 Y49.119 E.02487
G1 X64.304 Y49.191 E.02486
G1 X64.767 Y49.206 E.01569
G1 X63.226 Y49.999 F7200
G1 F902
G1 X63.376 Y50.142 E.007
G1 X62.977 Y51.907 E.06126
;WIDTH:0.482918
G1 X62.882 Y51.971 E.00419
;WIDTH:0.515836
G1 X62.787 Y52.034 E.0045
;WIDTH:0.541919
G1 X61.939 Y51.835 E.03615
;WIDTH:0.564548
G1 X61.193 Y51.612 E.03378
;WIDTH:0.586514
G1 X60.482 Y51.356 E.03415
;WIDTH:0.598894
G1 X58.899 Y50.704 E.07911
;WIDTH:0.58637
G1 X58.163 Y50.362 E.03669
;WIDTH:0.56509
G1 X57.441 Y49.974 E.03557
;WIDTH:0.542889
G1 X56.789 Y49.573 E.03184
;WIDTH:0.522308
G1 X56.689 Y49.508 E.00473
;WIDTH:0.515836
G1 X56.677 Y49.373 E.00532
;WIDTH:0.482918
G1 X56.665 Y49.239 E.00495
;WIDTH:0.449999
G1 X57.571 Y47.817 E.05706
G1 X57.638 Y47.754 E.00309
G1 X57.818 Y47.758 E.0061
G1 X58.457 Y48.14 E.02521
G1 X59.075 Y48.462 E.02358
G1 X59.714 Y48.748 E.02369
G1 X61.186 Y49.358 E.05394
G1 X61.84 Y49.607 E.02369
G1 X62.504 Y49.816 E.02358
G1 X63.188 Y49.989 E.02386
M204 S10000
G1 X63.34 Y49.55 F7200
M204 S1500
;TYPE:Inner wall
;WIDTH:0.518212
G1 F902
G1 X62.981 Y49.473 E.01448
;WIDTH:0.492277
G1 X62.623 Y49.396 E.01369
;WIDTH:0.466342
G1 X62.28 Y49.3 E.01256
;WIDTH:0.439775
G1 X61.936 Y49.205 E.01177
;WIDTH:0.413208
G1 X61.25 Y48.967 E.02235
;WIDTH:0.364772
G1 X60.577 Y48.7 E.01939
;WIDTH:0.371572
G1 X59.868 Y48.391 E.02114
;WIDTH:0.417272
G1 X59.255 Y48.09 E.02125
;WIDTH:0.44371
G1 X58.895 Y47.883 E.01383
;WIDTH:0.470148
G1 X58.536 Y47.676 E.01474
;WIDTH:0.518212
G1 X58.055 Y47.361 E.02272
M204 S10000
G1 E-.8 F1800
G1 X56.068 Y48.516 Z28 F7200
G1 Z27.6
G1 E.8 F1800
M204 S500
;TYPE:Internal solid infill
;WIDTH:0.542156
G1 F902
G1 X56.005 Y48.516 E.00259
G1 X55.974 Y48.57 E.00259
G1 X56.005 Y48.624 E.00259
G1 X56.068 Y48.624 E.00259
G1 X56.079 Y48.604 E.00093
M204 S10000
G1 E-.8 F1800
G1 X63.16 Y51.453 Z28 F7200
G1 X63.952 Y51.772 Z28
G1 Z27.6
G1 E.8 F1800
M204 S500
;WIDTH:0.552974
G1 F902
G1 X63.888 Y51.772 E.0027
G1 X63.856 Y51.827 E.0027
G1 X63.888 Y51.882 E.0027
G1 X63.952 Y51.882 E.0027
G1 X63.964 Y51.862 E.00101
; stop printing object fidget-finger-massager-2000-roller_plain.stl id:4713352688601451214 copy 0
;LAYER_CHANGE
;Z:27.8
;HEIGHT:0.199999
G92 E0
;_SET_FAN_SPEED_CHANGING_LAYER
; printing object fidget-finger-massager-2000-roller_plain.stl id:4713352688601451214 copy 0
M204 S10000
G1 E-.8 F1800
G1 X58.055 Y47.361 Z28.2 F7200
G1 Z27.8
G1 E.8 F1800
M204 S1500
;TYPE:Inner wall
;WIDTH:0.53332
G1 F902
G1 X57.923 Y47.293 E.00602
;WIDTH:0.558758
G1 X57.408 Y47.33 E.02219
G1 X57.173 Y47.563 E.01419
;WIDTH:0.536649
G1 X56.701 Y48.355 E.03783
;WIDTH:0.493324
G1 X56.229 Y49.147 E.03451
;WIDTH:0.449999
G1 X56.302 Y49.367 E.00785
G1 X55.742 Y48.914 E.02438
G1 X55.363 Y48.583 E.01702
G1 X55.713 Y48.233 E.01675
;WIDTH:0.493324
G1 X56.164 Y47.808 E.0232
;WIDTH:0.536649
G1 X56.615 Y47.384 E.02543
;WIDTH:0.558758
G1 X57.27 Y46.753 E.03902
G1 X57.448 Y46.904 E.01001
G1 X58.023 Y47.337 E.03086
M204 S10000
G1 E-.8 F1800
G1 X63.381 Y49.565 Z28.2 F7200
G1 Z27.8
G1 E.8 F1800
M204 S1500
;WIDTH:0.537801
G1 F902
G1 X63.34 Y49.55 E.00182
G1 X63.527 Y49.589 E.00787
;WIDTH:0.558759
G1 X64.324 Y49.675 E.03441
G1 X64.324 Y49.758 E.00359
G1 X64.335 Y50.373 E.02637
;WIDTH:0.536649
G1 X64.365 Y51.346 E.03995
;WIDTH:0.493324
G1 X64.394 Y52.318 E.03644
;WIDTH:0.449999
G1 X63.877 Y52.284 E.01752
G1 X63.19 Y52.212 E.02338
G1 X63.355 Y52.11 E.00657
G1 X63.464 Y51.722 E.01363
;WIDTH:0.493324
G1 X63.642 Y51.019 E.02715
;WIDTH:0.536649
G1 X63.82 Y50.317 E.02977
;WIDTH:0.558759
G1 X63.819 Y49.986 E.01419
G1 X63.519 Y49.614 E.02051
;WIDTH:0.537801
G1 X63.419 Y49.578 E.00436
M204 S500
G1 X64.807 Y49.207 F7200
;TYPE:Outer wall
;WIDTH:0.449999
G1 F902
G1 X64.807 Y52.758 E.12019
G1 X64.188 Y52.74 E.02098
G1 X63.364 Y52.67 E.028
;WIDTH:0.486153
G1 X62.96 Y52.594 E.01513
;WIDTH:0.522306
G1 X62.556 Y52.519 E.01637
;WIDTH:0.542914
G1 X61.777 Y52.353 E.03311
;WIDTH:0.56513
G1 X60.957 Y52.129 E.03694
;WIDTH:0.586483
G1 X60.161 Y51.861 E.03792
;WIDTH:0.59894
G1 X59.265 Y51.51 E.04453
G1 X58.547 Y51.188 E.03634
;WIDTH:0.586609
G1 X57.844 Y50.832 E.03567
;WIDTH:0.5646
G1 X57.14 Y50.425 E.03525
;WIDTH:0.541896
G1 X56.379 Y49.92 E.03789
;WIDTH:0.515837
G1 X56.1 Y49.731 E.01328
;WIDTH:0.482918
G1 X55.82 Y49.541 E.01235
;WIDTH:0.449999
G1 X55.187 Y49.006 E.02805
G1 X54.748 Y48.592 E.02043
G1 X57.259 Y46.081 E.12019
G1 X57.755 Y46.53 E.02265
G1 X58.324 Y46.985 E.02467
G1 X58.9 Y47.387 E.02376
G1 X59.48 Y47.745 E.02309
G1 X60.102 Y48.074 E.02379
G1 X60.742 Y48.362 E.02378
G1 X61.444 Y48.624 E.02536
G1 X62.072 Y48.817 E.02222
G1 X62.848 Y49 E.02701
G1 X63.573 Y49.119 E.02487
G1 X64.304 Y49.191 E.02486
G1 X64.767 Y49.206 E.01569
G1 X63.226 Y49.999 F7200
G1 F902
G1 X63.376 Y50.142 E.007
G1 X62.977 Y51.907 E.06126
;WIDTH:0.482918
G1 X62.882 Y51.971 E.00419
;WIDTH:0.515836
G1 X62.787 Y52.034 E.0045
;WIDTH:0.541895
G1 X61.939 Y51.835 E.03615
;WIDTH:0.564603
G1 X61.189 Y51.611 E.03393
;WIDTH:0.586525
G1 X60.479 Y51.355 E.0341
;WIDTH:0.59894
G1 X58.899 Y50.704 E.07901
;WIDTH:0.587118
G1 X58.163 Y50.362 E.03674
;WIDTH:0.565129
G1 X57.441 Y49.974 E.03557
;WIDTH:0.542915
G1 X56.789 Y49.573 E.03185
M73 P89 R2
;WIDTH:0.522307
G1 X56.689 Y49.508 E.00473
;WIDTH:0.515837
G1 X56.677 Y49.373 E.00532
;WIDTH:0.482918
G1 X56.665 Y49.239 E.00495
;WIDTH:0.449999
G1 X57.571 Y47.817 E.05706
G1 X57.638 Y47.754 E.00309
G1 X57.818 Y47.758 E.0061
G1 X58.457 Y48.14 E.02521
G1 X59.075 Y48.462 E.02358
G1 X59.714 Y48.748 E.02369
G1 X61.186 Y49.358 E.05394
G1 X61.84 Y49.607 E.02369
G1 X62.504 Y49.816 E.02358
G1 X63.188 Y49.989 E.02386
M204 S10000
G1 X63.34 Y49.55 F7200
M204 S1500
;TYPE:Inner wall
;WIDTH:0.518212
G1 F902
G1 X62.981 Y49.473 E.01448
;WIDTH:0.492269
G1 X62.623 Y49.396 E.01369
;WIDTH:0.466326
G1 X62.281 Y49.301 E.0125
;WIDTH:0.439913
G1 X61.939 Y49.206 E.01172
;WIDTH:0.4135
G1 X61.252 Y48.968 E.02241
;WIDTH:0.364874
G1 X60.577 Y48.7 E.01944
;WIDTH:0.371528
G1 X59.868 Y48.391 E.02114
;WIDTH:0.417274
G1 X59.253 Y48.09 E.0213
;WIDTH:0.443712
G1 X58.895 Y47.883 E.0138
;WIDTH:0.47015
G1 X58.536 Y47.676 E.01471
;WIDTH:0.518214
G1 X58.055 Y47.361 E.02272
M204 S10000
G1 E-.8 F1800
G1 X56.068 Y48.516 Z28.2 F7200
G1 Z27.8
G1 E.8 F1800
M204 S500
;TYPE:Internal solid infill
;WIDTH:0.542156
G1 F902
G1 X56.005 Y48.516 E.00259
G1 X55.974 Y48.57 E.00259
G1 X56.005 Y48.624 E.00259
G1 X56.068 Y48.624 E.00259
G1 X56.079 Y48.604 E.00093
M204 S10000
G1 E-.8 F1800
G1 X63.16 Y51.453 Z28.2 F7200
G1 X63.952 Y51.772 Z28.2
G1 Z27.8
G1 E.8 F1800
M204 S500
;WIDTH:0.552974
G1 F902
G1 X63.888 Y51.772 E.0027
G1 X63.856 Y51.827 E.0027
G1 X63.888 Y51.882 E.0027
G1 X63.952 Y51.882 E.0027
G1 X63.964 Y51.862 E.00101
; stop printing object fidget-finger-massager-2000-roller_plain.stl id:4713352688601451214 copy 0
;LAYER_CHANGE
;Z:28
;HEIGHT:0.200001
G92 E0
;_SET_FAN_SPEED_CHANGING_LAYER
; printing object fidget-finger-massager-2000-roller_plain.stl id:4713352688601451214 copy 0
M204 S10000
G1 E-.8 F1800
G1 X58.055 Y47.361 Z28.4 F7200
G1 Z28
G1 E.8 F1800
M204 S1500
;TYPE:Inner wall
;WIDTH:0.53332
G1 F903
G1 X57.923 Y47.293 E.00602
;WIDTH:0.558758
G1 X57.408 Y47.33 E.02219
G1 X57.173 Y47.563 E.01419
;WIDTH:0.536649
G1 X56.701 Y48.355 E.03783
;WIDTH:0.493324
G1 X56.229 Y49.147 E.03451
;WIDTH:0.449999
G1 X56.302 Y49.367 E.00785
G1 X55.742 Y48.914 E.02438
G1 X55.363 Y48.583 E.01702
G1 X55.713 Y48.233 E.01675
;WIDTH:0.493324
G1 X56.164 Y47.808 E.02319
;WIDTH:0.536649
G1 X56.615 Y47.384 E.02543
;WIDTH:0.558758
G1 X57.27 Y46.753 E.03903
G1 X57.448 Y46.904 E.01001
G1 X58.023 Y47.337 E.03086
M204 S10000
G1 E-.8 F1800
G1 X63.381 Y49.565 Z28.4 F7200
G1 Z28
G1 E.8 F1800
M204 S1500
;WIDTH:0.537801
G1 F903
G1 X63.34 Y49.55 E.00182
G1 X63.527 Y49.589 E.00787
;WIDTH:0.558759
G1 X64.324 Y49.675 E.03441
G1 X64.324 Y49.758 E.00359
G1 X64.335 Y50.373 E.02637
;WIDTH:0.536649
G1 X64.365 Y51.346 E.03995
;WIDTH:0.493324
G1 X64.394 Y52.318 E.03644
;WIDTH:0.449999
G1 X63.877 Y52.284 E.01752
G1 X63.19 Y52.212 E.02338
G1 X63.355 Y52.11 E.00657
G1 X63.464 Y51.722 E.01363
;WIDTH:0.493324
G1 X63.642 Y51.019 E.02715
;WIDTH:0.536649
G1 X63.82 Y50.317 E.02977
;WIDTH:0.558759
G1 X63.819 Y49.986 E.01419
G1 X63.519 Y49.614 E.02051
;WIDTH:0.537801
G1 X63.419 Y49.578 E.00436
M204 S500
G1 X64.807 Y49.207 F7200
;TYPE:Outer wall
;WIDTH:0.449999
G1 F903
G1 X64.807 Y52.758 E.12019
G1 X64.188 Y52.74 E.02098
G1 X63.364 Y52.67 E.028
;WIDTH:0.486153
G1 X62.96 Y52.594 E.01513
;WIDTH:0.522307
G1 X62.556 Y52.519 E.01637
;WIDTH:0.542937
G1 X61.777 Y52.353 E.03311
;WIDTH:0.565171
G1 X60.956 Y52.129 E.03695
;WIDTH:0.587173
G1 X60.164 Y51.863 E.03785
;WIDTH:0.59899
G1 X59.526 Y51.618 E.03156
G1 X58.55 Y51.189 E.04932
;WIDTH:0.586623
G1 X57.847 Y50.833 E.03563
;WIDTH:0.564655
G1 X57.14 Y50.425 E.03541
;WIDTH:0.541873
G1 X56.379 Y49.92 E.03789
;WIDTH:0.515836
G1 X56.1 Y49.731 E.01328
;WIDTH:0.482918
G1 X55.82 Y49.541 E.01235
;WIDTH:0.449999
G1 X55.187 Y49.006 E.02805
G1 X54.748 Y48.592 E.02043
G1 X57.259 Y46.081 E.12019
G1 X57.755 Y46.53 E.02265
G1 X58.324 Y46.985 E.02467
G1 X58.9 Y47.387 E.02376
G1 X59.483 Y47.746 E.02318
G1 X60.742 Y48.362 E.04745
G1 X61.444 Y48.624 E.02537
G1 X62.075 Y48.818 E.02233
G1 X62.848 Y49 E.0269
G1 X63.573 Y49.119 E.02487
G1 X64.304 Y49.191 E.02486
G1 X64.767 Y49.206 E.01569
G1 X63.226 Y49.999 F7200
G1 F903
G1 X63.376 Y50.142 E.007
G1 X62.977 Y51.907 E.06126
;WIDTH:0.482918
G1 X62.882 Y51.971 E.00419
;WIDTH:0.515836
G1 X62.787 Y52.034 E.0045
;WIDTH:0.541875
G1 X61.939 Y51.835 E.03615
;WIDTH:0.564657
G1 X61.186 Y51.609 E.03409
;WIDTH:0.586707
G1 X60.472 Y51.352 E.03432
;WIDTH:0.59899
G1 X58.899 Y50.704 E.07864
;WIDTH:0.586593
G1 X58.163 Y50.362 E.03671
;WIDTH:0.56517
G1 X57.441 Y49.974 E.03558
;WIDTH:0.542939
G1 X56.789 Y49.573 E.03185
;WIDTH:0.522307
G1 X56.689 Y49.508 E.00473
;WIDTH:0.515836
G1 X56.677 Y49.373 E.00532
;WIDTH:0.482918
G1 X56.665 Y49.239 E.00495
;WIDTH:0.449999
G1 X57.571 Y47.817 E.05706
G1 X57.638 Y47.754 E.00309
G1 X57.818 Y47.758 E.0061
G1 X58.457 Y48.14 E.02521
G1 X59.075 Y48.462 E.02358
G1 X59.714 Y48.748 E.02369
G1 X61.186 Y49.358 E.05394
G1 X61.84 Y49.607 E.02369
G1 X62.504 Y49.816 E.02358
G1 X63.188 Y49.989 E.02386
M204 S10000
G1 X63.34 Y49.55 F7200
M204 S1500
;TYPE:Inner wall
;WIDTH:0.518212
G1 F903
G1 X62.981 Y49.473 E.01448
;WIDTH:0.49226
G1 X62.623 Y49.396 E.01369
;WIDTH:0.466308
G1 X62.283 Y49.301 E.01244
;WIDTH:0.440055
G1 X61.942 Y49.207 E.01167
;WIDTH:0.413802
G1 X61.254 Y48.968 E.02248
;WIDTH:0.364976
G1 X60.561 Y48.693 E.01997
;WIDTH:0.391578
G1 X59.872 Y48.381 E.02191
;WIDTH:0.417396
G1 X59.25 Y48.088 E.02139
;WIDTH:0.443774
G1 X58.893 Y47.882 E.01375
;WIDTH:0.470152
G1 X58.536 Y47.676 E.01466
;WIDTH:0.518214
G1 X58.055 Y47.361 E.02272
M204 S10000
G1 E-.8 F1800
G1 X56.068 Y48.516 Z28.4 F7200
G1 Z28
G1 E.8 F1800
M204 S500
;TYPE:Internal solid infill
;WIDTH:0.542158
G1 F903
G1 X56.005 Y48.516 E.00259
G1 X55.974 Y48.57 E.00259
G1 X56.005 Y48.624 E.00259
G1 X56.068 Y48.624 E.00259
G1 X56.079 Y48.604 E.00093
M204 S10000
G1 E-.8 F1800
G1 X63.16 Y51.453 Z28.4 F7200
G1 X63.952 Y51.772 Z28.4
G1 Z28
G1 E.8 F1800
M204 S500
;WIDTH:0.552974
G1 F903
G1 X63.888 Y51.772 E.0027
G1 X63.856 Y51.827 E.0027
G1 X63.888 Y51.882 E.0027
G1 X63.952 Y51.882 E.0027
G1 X63.964 Y51.862 E.00101
; stop printing object fidget-finger-massager-2000-roller_plain.stl id:4713352688601451214 copy 0
;LAYER_CHANGE
;Z:28.2
;HEIGHT:0.200001
G92 E0
;_SET_FAN_SPEED_CHANGING_LAYER
; printing object fidget-finger-massager-2000-roller_plain.stl id:4713352688601451214 copy 0
M204 S10000
G1 E-.8 F1800
G1 X58.055 Y47.361 Z28.6 F7200
G1 Z28.2
G1 E.8 F1800
M204 S1500
;TYPE:Inner wall
;WIDTH:0.533321
G1 F903
G1 X57.923 Y47.293 E.00602
;WIDTH:0.558758
G1 X57.408 Y47.33 E.02218
G1 X57.173 Y47.563 E.01419
;WIDTH:0.536649
G1 X56.701 Y48.355 E.03783
;WIDTH:0.493324
G1 X56.229 Y49.147 E.03451
;WIDTH:0.449999
G1 X56.302 Y49.367 E.00785
G1 X55.742 Y48.914 E.02438
G1 X55.363 Y48.583 E.01702
G1 X55.713 Y48.233 E.01675
;WIDTH:0.493324
G1 X56.164 Y47.808 E.0232
;WIDTH:0.536649
G1 X56.615 Y47.384 E.02543
;WIDTH:0.558758
G1 X57.27 Y46.753 E.03902
G1 X57.448 Y46.904 E.01001
G1 X58.023 Y47.337 E.03086
M204 S10000
G1 E-.8 F1800
G1 X63.381 Y49.565 Z28.6 F7200
G1 Z28.2
G1 E.8 F1800
M204 S1500
;WIDTH:0.537801
G1 F903
G1 X63.34 Y49.55 E.00182
G1 X63.527 Y49.589 E.00787
;WIDTH:0.558759
G1 X64.324 Y49.675 E.03441
G1 X64.324 Y49.758 E.00359
G1 X64.335 Y50.373 E.02637
;WIDTH:0.536649
G1 X64.365 Y51.346 E.03995
;WIDTH:0.493324
G1 X64.394 Y52.318 E.03644
;WIDTH:0.449999
G1 X63.877 Y52.284 E.01752
G1 X63.19 Y52.212 E.02338
G1 X63.355 Y52.11 E.00657
G1 X63.464 Y51.722 E.01363
;WIDTH:0.493324
G1 X63.642 Y51.019 E.02715
;WIDTH:0.536649
G1 X63.82 Y50.317 E.02977
;WIDTH:0.558759
G1 X63.819 Y49.986 E.01419
G1 X63.519 Y49.614 E.02051
;WIDTH:0.537801
G1 X63.419 Y49.578 E.00436
M204 S500
G1 X64.807 Y49.207 F7200
;TYPE:Outer wall
;WIDTH:0.449999
G1 F903
G1 X64.807 Y52.758 E.12019
G1 X64.188 Y52.74 E.02098
G1 X63.364 Y52.67 E.028
;WIDTH:0.486152
G1 X62.96 Y52.594 E.01513
;WIDTH:0.522304
G1 X62.556 Y52.519 E.01637
;WIDTH:0.542961
G1 X61.777 Y52.353 E.03312
;WIDTH:0.565212
G1 X60.956 Y52.129 E.03695
;WIDTH:0.587229
G1 X60.163 Y51.863 E.03785
;WIDTH:0.599036
G1 X59.52 Y51.616 E.03189
G1 X58.555 Y51.192 E.04873
;WIDTH:0.586723
G1 X57.85 Y50.835 E.03572
;WIDTH:0.564709
G1 X57.14 Y50.425 E.03557
;WIDTH:0.541851
G1 X56.379 Y49.92 E.03788
;WIDTH:0.515836
G1 X56.1 Y49.731 E.01328
;WIDTH:0.482918
G1 X55.82 Y49.541 E.01235
;WIDTH:0.449999
G1 X55.187 Y49.006 E.02805
G1 X54.748 Y48.592 E.02043
G1 X57.259 Y46.081 E.12019
G1 X57.755 Y46.53 E.02265
G1 X58.324 Y46.985 E.02467
G1 X58.9 Y47.387 E.02376
G1 X59.48 Y47.744 E.02307
G1 X60.744 Y48.363 E.04765
G1 X61.464 Y48.624 E.02592
G1 X62.848 Y49 E.04854
G1 X63.573 Y49.119 E.02487
G1 X64.304 Y49.191 E.02486
G1 X64.767 Y49.206 E.01569
G1 X63.226 Y49.999 F7200
G1 F903
G1 X63.376 Y50.142 E.007
G1 X62.977 Y51.907 E.06126
;WIDTH:0.482917
G1 X62.882 Y51.971 E.00419
;WIDTH:0.515835
G1 X62.787 Y52.034 E.0045
;WIDTH:0.541851
G1 X61.939 Y51.835 E.03615
;WIDTH:0.564711
G1 X61.182 Y51.608 E.03425
;WIDTH:0.586802
G1 X60.467 Y51.35 E.03441
;WIDTH:0.599036
G1 X58.899 Y50.704 E.0784
;WIDTH:0.586704
G1 X58.163 Y50.362 E.03671
;WIDTH:0.565212
G1 X57.441 Y49.974 E.03558
;WIDTH:0.542963
G1 X56.789 Y49.573 E.03185
;WIDTH:0.522304
G1 X56.689 Y49.508 E.00473
;WIDTH:0.515836
G1 X56.677 Y49.373 E.00532
;WIDTH:0.482918
G1 X56.665 Y49.239 E.00495
;WIDTH:0.449999
G1 X57.571 Y47.817 E.05706
G1 X57.638 Y47.754 E.00309
G1 X57.818 Y47.758 E.0061
G1 X58.457 Y48.14 E.02521
G1 X59.075 Y48.462 E.02358
G1 X59.714 Y48.748 E.02369
G1 X61.186 Y49.358 E.05394
G1 X61.84 Y49.607 E.02369
M73 P90 R2
G1 X62.504 Y49.816 E.02358
G1 X63.188 Y49.989 E.02386
M204 S10000
G1 X63.34 Y49.55 F7200
M204 S1500
;TYPE:Inner wall
;WIDTH:0.518212
G1 F903
G1 X62.624 Y49.395 E.02895
;WIDTH:0.468826
G1 X61.978 Y49.209 E.02379
;WIDTH:0.435256
G1 X61.654 Y49.101 E.01113
;WIDTH:0.406684
G1 X61.331 Y48.993 E.01032
;WIDTH:0.378112
G1 X60.561 Y48.693 E.02303
;WIDTH:0.391684
G1 X59.872 Y48.381 E.02193
M73 P90 R1
;WIDTH:0.417516
G1 X59.248 Y48.087 E.0215
;WIDTH:0.443832
G1 X58.892 Y47.881 E.0137
;WIDTH:0.470148
G1 X58.536 Y47.676 E.0146
;WIDTH:0.518214
G1 X58.055 Y47.361 E.02272
M204 S10000
G1 E-.8 F1800
G1 X56.068 Y48.516 Z28.6 F7200
G1 Z28.2
G1 E.8 F1800
M204 S500
;TYPE:Internal solid infill
;WIDTH:0.542156
G1 F903
G1 X56.005 Y48.516 E.00259
G1 X55.974 Y48.57 E.00259
G1 X56.005 Y48.624 E.00259
G1 X56.068 Y48.624 E.00259
G1 X56.079 Y48.604 E.00093
M204 S10000
G1 E-.8 F1800
G1 X63.16 Y51.453 Z28.6 F7200
G1 X63.952 Y51.772 Z28.6
G1 Z28.2
G1 E.8 F1800
M204 S500
;WIDTH:0.552974
G1 F903
G1 X63.888 Y51.772 E.0027
G1 X63.856 Y51.827 E.0027
G1 X63.888 Y51.882 E.0027
G1 X63.952 Y51.882 E.0027
G1 X63.964 Y51.862 E.00101
; stop printing object fidget-finger-massager-2000-roller_plain.stl id:4713352688601451214 copy 0
;LAYER_CHANGE
;Z:28.4
;HEIGHT:0.199999
G92 E0
;_SET_FAN_SPEED_CHANGING_LAYER
; printing object fidget-finger-massager-2000-roller_plain.stl id:4713352688601451214 copy 0
M204 S10000
G1 E-.8 F1800
G1 X58.055 Y47.361 Z28.8 F7200
G1 Z28.4
G1 E.8 F1800
M204 S1500
;TYPE:Inner wall
;WIDTH:0.533319
G1 F903
G1 X57.923 Y47.293 E.00602
;WIDTH:0.558758
G1 X57.408 Y47.33 E.02219
G1 X57.173 Y47.563 E.01419
;WIDTH:0.536648
G1 X56.701 Y48.355 E.03783
;WIDTH:0.493324
G1 X56.229 Y49.147 E.03451
;WIDTH:0.449999
G1 X56.302 Y49.367 E.00785
G1 X55.742 Y48.914 E.02438
G1 X55.363 Y48.583 E.01702
G1 X55.713 Y48.233 E.01675
;WIDTH:0.493324
G1 X56.164 Y47.808 E.0232
;WIDTH:0.536648
G1 X56.615 Y47.384 E.02543
;WIDTH:0.558758
G1 X57.27 Y46.753 E.03902
G1 X57.448 Y46.904 E.01001
G1 X58.023 Y47.337 E.03086
M204 S10000
G1 E-.8 F1800
G1 X63.381 Y49.565 Z28.8 F7200
G1 Z28.4
G1 E.8 F1800
M204 S1500
;WIDTH:0.537801
G1 F903
G1 X63.34 Y49.55 E.00182
G1 X63.527 Y49.589 E.00787
;WIDTH:0.558759
G1 X64.324 Y49.675 E.03441
G1 X64.324 Y49.758 E.00359
G1 X64.335 Y50.373 E.02637
;WIDTH:0.536649
G1 X64.365 Y51.346 E.03995
;WIDTH:0.493324
G1 X64.394 Y52.318 E.03644
;WIDTH:0.449999
G1 X63.877 Y52.284 E.01752
G1 X63.19 Y52.212 E.02338
G1 X63.355 Y52.11 E.00657
G1 X63.464 Y51.722 E.01363
;WIDTH:0.493324
G1 X63.642 Y51.019 E.02715
;WIDTH:0.536649
G1 X63.82 Y50.317 E.02977
;WIDTH:0.558759
G1 X63.819 Y49.986 E.01419
G1 X63.519 Y49.614 E.02051
;WIDTH:0.537801
G1 X63.419 Y49.578 E.00436
M204 S500
G1 X64.807 Y49.207 F7200
;TYPE:Outer wall
;WIDTH:0.449999
G1 F903
G1 X64.807 Y52.758 E.12019
G1 X64.188 Y52.74 E.02097
G1 X63.364 Y52.67 E.028
;WIDTH:0.486152
G1 X62.96 Y52.594 E.01513
;WIDTH:0.522304
G1 X62.556 Y52.519 E.01637
;WIDTH:0.542986
G1 X61.777 Y52.353 E.03312
;WIDTH:0.565255
G1 X60.956 Y52.129 E.03696
;WIDTH:0.586815
G1 X60.161 Y51.862 E.03793
;WIDTH:0.599081
G1 X59.285 Y51.518 E.04353
G1 X58.562 Y51.195 E.03662
;WIDTH:0.586896
G1 X57.853 Y50.837 E.03593
;WIDTH:0.564765
G1 X57.14 Y50.425 E.03572
;WIDTH:0.541829
G1 X56.379 Y49.92 E.03788
;WIDTH:0.515836
G1 X56.1 Y49.731 E.01328
;WIDTH:0.482918
G1 X55.82 Y49.541 E.01235
;WIDTH:0.449999
G1 X55.187 Y49.006 E.02805
G1 X54.748 Y48.592 E.02043
G1 X57.259 Y46.081 E.12019
G1 X57.755 Y46.53 E.02265
G1 X58.324 Y46.985 E.02467
G1 X58.9 Y47.387 E.02376
G1 X59.477 Y47.743 E.02296
G1 X60.744 Y48.363 E.04775
G1 X61.599 Y48.673 E.03078
G1 X62.848 Y49 E.0437
G1 X63.573 Y49.119 E.02487
G1 X64.304 Y49.191 E.02486
G1 X64.767 Y49.206 E.01569
G1 X63.226 Y49.999 F7200
G1 F903
G1 X63.376 Y50.142 E.007
G1 X62.977 Y51.907 E.06126
;WIDTH:0.482918
G1 X62.882 Y51.971 E.00419
;WIDTH:0.515836
G1 X62.787 Y52.034 E.0045
;WIDTH:0.541829
G1 X61.939 Y51.835 E.03614
;WIDTH:0.564767
G1 X61.179 Y51.607 E.0344
;WIDTH:0.586825
G1 X60.464 Y51.349 E.03438
;WIDTH:0.599081
G1 X58.899 Y50.704 E.07827
;WIDTH:0.58729
G1 X58.163 Y50.362 E.03675
;WIDTH:0.565256
G1 X57.441 Y49.974 E.03558
;WIDTH:0.542989
G1 X56.789 Y49.573 E.03185
;WIDTH:0.522304
G1 X56.689 Y49.508 E.00472
;WIDTH:0.515836
G1 X56.677 Y49.373 E.00532
;WIDTH:0.482918
G1 X56.665 Y49.239 E.00495
;WIDTH:0.449999
G1 X57.571 Y47.817 E.05706
G1 X57.638 Y47.754 E.00309
G1 X57.818 Y47.758 E.0061
G1 X58.457 Y48.14 E.02521
G1 X59.075 Y48.462 E.02358
G1 X59.714 Y48.748 E.02369
G1 X61.186 Y49.358 E.05394
G1 X61.84 Y49.607 E.02369
G1 X62.504 Y49.816 E.02358
G1 X63.188 Y49.989 E.02386
M204 S10000
G1 X63.34 Y49.55 F7200
M204 S1500
;TYPE:Inner wall
;WIDTH:0.518212
G1 F903
G1 X62.624 Y49.395 E.02895
;WIDTH:0.468868
G1 X61.978 Y49.209 E.02379
;WIDTH:0.435566
G1 X61.654 Y49.101 E.01114
;WIDTH:0.406628
G1 X61.331 Y48.993 E.01032
;WIDTH:0.37769
G1 X60.561 Y48.693 E.02301
;WIDTH:0.391786
G1 X59.872 Y48.381 E.02193
;WIDTH:0.417638
G1 X59.245 Y48.085 E.02161
;WIDTH:0.443894
G1 X58.89 Y47.881 E.01365
;WIDTH:0.47015
G1 X58.536 Y47.676 E.01454
;WIDTH:0.518214
G1 X58.055 Y47.361 E.02272
M204 S10000
G1 E-.8 F1800
G1 X56.068 Y48.516 Z28.8 F7200
G1 Z28.4
G1 E.8 F1800
M204 S500
;TYPE:Internal solid infill
;WIDTH:0.542158
G1 F903
G1 X56.005 Y48.516 E.00259
G1 X55.974 Y48.57 E.00259
G1 X56.005 Y48.624 E.00259
G1 X56.068 Y48.624 E.00259
G1 X56.079 Y48.604 E.00093
M204 S10000
G1 E-.8 F1800
G1 X63.16 Y51.453 Z28.8 F7200
G1 X63.952 Y51.772 Z28.8
G1 Z28.4
G1 E.8 F1800
M204 S500
;WIDTH:0.552974
G1 F903
G1 X63.888 Y51.772 E.0027
G1 X63.856 Y51.827 E.0027
G1 X63.888 Y51.882 E.0027
G1 X63.952 Y51.882 E.0027
G1 X63.964 Y51.862 E.00101
; stop printing object fidget-finger-massager-2000-roller_plain.stl id:4713352688601451214 copy 0
;LAYER_CHANGE
;Z:28.6
;HEIGHT:0.200001
G92 E0
;_SET_FAN_SPEED_CHANGING_LAYER
; printing object fidget-finger-massager-2000-roller_plain.stl id:4713352688601451214 copy 0
M204 S10000
G1 E-.8 F1800
G1 X58.055 Y47.361 Z29 F7200
G1 Z28.6
G1 E.8 F1800
M204 S1500
;TYPE:Inner wall
;WIDTH:0.533316
G1 F934
G1 X57.923 Y47.293 E.00602
;WIDTH:0.558757
G1 X57.408 Y47.33 E.02219
G1 X57.173 Y47.563 E.01419
;WIDTH:0.536648
G1 X56.701 Y48.355 E.03783
;WIDTH:0.493324
G1 X56.229 Y49.147 E.03451
;WIDTH:0.449999
G1 X56.302 Y49.367 E.00785
G1 X55.742 Y48.914 E.02438
G1 X55.363 Y48.583 E.01702
G1 X55.713 Y48.233 E.01675
;WIDTH:0.493324
G1 X56.164 Y47.808 E.0232
;WIDTH:0.536648
G1 X56.615 Y47.384 E.02543
;WIDTH:0.558757
G1 X57.27 Y46.753 E.03902
G1 X57.448 Y46.904 E.01001
G1 X58.023 Y47.337 E.03086
M204 S10000
G1 E-.8 F1800
G1 X63.381 Y49.565 Z29 F7200
G1 Z28.6
G1 E.8 F1800
M204 S1500
;WIDTH:0.537801
G1 F934
G1 X63.34 Y49.55 E.00182
G1 X63.527 Y49.589 E.00787
;WIDTH:0.558759
G1 X64.324 Y49.675 E.03441
G1 X64.324 Y49.758 E.00359
G1 X64.335 Y50.373 E.02637
;WIDTH:0.536649
G1 X64.365 Y51.345 E.03994
;WIDTH:0.493324
G1 X64.394 Y52.318 E.03643
;WIDTH:0.449999
G1 X63.627 Y52.263 E.02601
G1 X63.127 Y52.198 E.01709
G1 X63.411 Y51.963 E.01247
G1 X63.464 Y51.722 E.00835
;WIDTH:0.493324
G1 X63.642 Y51.019 E.02715
;WIDTH:0.536649
G1 X63.82 Y50.317 E.02977
;WIDTH:0.558759
G1 X63.819 Y49.986 E.01419
G1 X63.519 Y49.614 E.02051
;WIDTH:0.537801
G1 X63.419 Y49.578 E.00436
M204 S500
G1 X64.807 Y49.207 F7200
;TYPE:Outer wall
;WIDTH:0.449999
G1 F934
G1 X64.807 Y52.758 E.12019
G1 X64.188 Y52.74 E.02098
G1 X63.561 Y52.686 E.0213
;WIDTH:0.486188
G1 X63.057 Y52.602 E.01882
;WIDTH:0.522376
G1 X62.554 Y52.518 E.02036
;WIDTH:0.543042
G1 X61.776 Y52.353 E.03306
;WIDTH:0.565299
G1 X60.956 Y52.129 E.03691
;WIDTH:0.587352
G1 X60.163 Y51.863 E.03786
;WIDTH:0.599128
G1 X59.506 Y51.61 E.03255
G1 X58.565 Y51.197 E.04756
;WIDTH:0.586925
G1 X57.856 Y50.838 E.03591
;WIDTH:0.564819
G1 X57.14 Y50.425 E.03588
;WIDTH:0.541806
G1 X56.379 Y49.92 E.03788
;WIDTH:0.515835
G1 X56.1 Y49.731 E.01328
;WIDTH:0.482917
G1 X55.82 Y49.541 E.01235
;WIDTH:0.449999
G1 X55.187 Y49.006 E.02805
G1 X54.748 Y48.592 E.02043
G1 X57.259 Y46.081 E.12019
G1 X57.755 Y46.53 E.02265
G1 X58.324 Y46.985 E.02467
G1 X58.9 Y47.387 E.02376
G1 X59.474 Y47.741 E.02285
G1 X60.742 Y48.362 E.04777
G1 X61.444 Y48.624 E.02536
G1 X62.084 Y48.82 E.02266
G1 X62.848 Y49 E.02658
G1 X63.573 Y49.119 E.02487
G1 X64.304 Y49.191 E.02486
G1 X64.767 Y49.206 E.01569
G1 X63.226 Y49.999 F7200
G1 F934
G1 X63.376 Y50.142 E.007
G1 X62.994 Y51.863 E.05969
;WIDTH:0.484259
G1 X62.91 Y51.95 E.00443
;WIDTH:0.518519
G1 X62.826 Y52.037 E.00477
;WIDTH:0.541805
G1 X61.939 Y51.834 E.03777
;WIDTH:0.564821
G1 X61.176 Y51.606 E.03456
;WIDTH:0.586994
G1 X60.457 Y51.347 E.03458
;WIDTH:0.599128
G1 X58.899 Y50.704 E.07792
;WIDTH:0.586927
G1 X58.163 Y50.362 E.03673
;WIDTH:0.565299
G1 X57.442 Y49.974 E.03554
;WIDTH:0.543042
G1 X56.789 Y49.573 E.0319
;WIDTH:0.522304
G1 X56.689 Y49.508 E.00472
;WIDTH:0.515835
G1 X56.677 Y49.373 E.00532
;WIDTH:0.482917
G1 X56.665 Y49.239 E.00495
;WIDTH:0.449999
G1 X57.571 Y47.817 E.05706
G1 X57.638 Y47.754 E.00309
G1 X57.818 Y47.758 E.0061
G1 X58.457 Y48.14 E.02521
G1 X59.075 Y48.462 E.02358
G1 X59.714 Y48.748 E.02369
G1 X61.186 Y49.358 E.05394
G1 X61.84 Y49.607 E.02369
G1 X62.504 Y49.816 E.02358
G1 X63.188 Y49.989 E.02386
M204 S10000
G1 E-.8 F1800
G1 X58.055 Y47.361 Z29 F7200
G1 Z28.6
G1 E.8 F1800
M204 S1500
;TYPE:Inner wall
;WIDTH:0.518212
G1 F934
G1 X58.536 Y47.676 E.02272
;WIDTH:0.47015
G1 X58.889 Y47.88 E.01448
M73 P91 R1
;WIDTH:0.443955
G1 X59.242 Y48.084 E.0136
;WIDTH:0.41776
G1 X59.872 Y48.381 E.02172
;WIDTH:0.39189
G1 X60.561 Y48.692 E.02193
;WIDTH:0.36527
G1 X61.258 Y48.97 E.02012
;WIDTH:0.414718
G1 X61.952 Y49.21 E.02269
;WIDTH:0.440487
G1 X62.288 Y49.303 E.01152
;WIDTH:0.466256
G1 X62.623 Y49.396 E.01227
;WIDTH:0.492234
G1 X62.981 Y49.473 E.01368
;WIDTH:0.518212
G1 X63.34 Y49.55 E.01448
M204 S10000
G1 E-.8 F1800
G1 X63.954 Y51.773 Z29 F7200
G1 Z28.6
G1 E.8 F1800
M204 S500
;TYPE:Internal solid infill
;WIDTH:0.548072
G1 F934
G1 X63.891 Y51.773 E.00265
G1 X63.859 Y51.828 E.00265
G1 X63.891 Y51.883 E.00265
G1 X63.954 Y51.883 E.00265
G1 X63.966 Y51.863 E.00097
M204 S10000
G1 E-.8 F1800
G1 X56.938 Y48.885 Z29 F7200
G1 X56.068 Y48.516 Z29
G1 Z28.6
G1 E.8 F1800
M204 S500
;WIDTH:0.542156
G1 F934
G1 X56.005 Y48.516 E.00259
G1 X55.974 Y48.57 E.00259
G1 X56.005 Y48.624 E.00259
G1 X56.068 Y48.624 E.00259
G1 X56.079 Y48.604 E.00093
; stop printing object fidget-finger-massager-2000-roller_plain.stl id:4713352688601451214 copy 0
;LAYER_CHANGE
;Z:28.8
;HEIGHT:0.199999
G92 E0
;_SET_FAN_SPEED_CHANGING_LAYER
; printing object fidget-finger-massager-2000-roller_plain.stl id:4713352688601451214 copy 0
M204 S10000
G1 E-.8 F1800
G1 X58.055 Y47.361 Z29.2 F7200
G1 Z28.8
G1 E.8 F1800
M204 S1500
;TYPE:Inner wall
;WIDTH:0.533317
G1 F902
G1 X57.923 Y47.293 E.00602
;WIDTH:0.558757
G1 X57.408 Y47.33 E.02219
G1 X57.173 Y47.563 E.01419
;WIDTH:0.536649
G1 X56.701 Y48.355 E.03783
;WIDTH:0.493324
G1 X56.229 Y49.147 E.03451
;WIDTH:0.449999
G1 X56.302 Y49.367 E.00785
G1 X55.742 Y48.914 E.02438
G1 X55.363 Y48.583 E.01702
G1 X55.713 Y48.233 E.01675
;WIDTH:0.493324
G1 X56.164 Y47.808 E.0232
;WIDTH:0.536649
G1 X56.615 Y47.384 E.02543
;WIDTH:0.558757
G1 X57.27 Y46.753 E.03902
G1 X57.448 Y46.904 E.01001
G1 X58.023 Y47.337 E.03086
M204 S10000
G1 E-.8 F1800
G1 X63.381 Y49.565 Z29.2 F7200
G1 Z28.8
G1 E.8 F1800
M204 S1500
;WIDTH:0.537801
G1 F902
G1 X63.34 Y49.55 E.00182
G1 X63.527 Y49.589 E.00787
;WIDTH:0.558759
G1 X64.324 Y49.675 E.03441
G1 X64.324 Y49.758 E.00359
G1 X64.335 Y50.373 E.02637
;WIDTH:0.536649
G1 X64.365 Y51.346 E.03995
;WIDTH:0.493324
G1 X64.394 Y52.318 E.03644
;WIDTH:0.449999
G1 X63.877 Y52.284 E.01752
G1 X63.19 Y52.212 E.02338
G1 X63.355 Y52.11 E.00657
G1 X63.464 Y51.722 E.01363
;WIDTH:0.493324
G1 X63.642 Y51.019 E.02715
;WIDTH:0.536649
G1 X63.82 Y50.317 E.02977
;WIDTH:0.558759
G1 X63.819 Y49.986 E.01419
G1 X63.519 Y49.614 E.02051
;WIDTH:0.537801
G1 X63.419 Y49.578 E.00436
M204 S500
G1 X64.807 Y49.207 F7200
;TYPE:Outer wall
;WIDTH:0.449999
G1 F902
G1 X64.807 Y52.758 E.12019
G1 X64.188 Y52.74 E.02098
G1 X63.364 Y52.67 E.028
;WIDTH:0.486151
G1 X62.96 Y52.594 E.01513
;WIDTH:0.522302
G1 X62.556 Y52.519 E.01637
;WIDTH:0.543113
G1 X61.774 Y52.353 E.03325
;WIDTH:0.565344
G1 X60.956 Y52.129 E.03684
;WIDTH:0.587417
G1 X60.163 Y51.863 E.03787
;WIDTH:0.599175
G1 X59.5 Y51.608 E.03288
G1 X58.57 Y51.199 E.04698
;WIDTH:0.587025
G1 X57.859 Y50.84 E.036
;WIDTH:0.564874
G1 X57.14 Y50.425 E.03604
;WIDTH:0.541783
G1 X56.379 Y49.92 E.03788
;WIDTH:0.515835
G1 X56.1 Y49.731 E.01328
;WIDTH:0.482917
G1 X55.82 Y49.541 E.01235
;WIDTH:0.449999
G1 X55.187 Y49.006 E.02805
G1 X54.748 Y48.592 E.02043
G1 X57.259 Y46.081 E.12019
G1 X57.755 Y46.53 E.02265
G1 X58.324 Y46.985 E.02467
G1 X58.9 Y47.387 E.02377
G1 X59.466 Y47.737 E.02253
G1 X60.034 Y48.033 E.0217
G1 X60.744 Y48.363 E.02649
G1 X61.587 Y48.67 E.03038
G1 X62.087 Y48.821 E.01766
G1 X62.848 Y49 E.02647
G1 X63.573 Y49.119 E.02487
G1 X64.304 Y49.191 E.02486
G1 X64.767 Y49.206 E.01569
G1 X63.226 Y49.999 F7200
G1 F902
G1 X63.376 Y50.142 E.007
G1 X62.977 Y51.907 E.06126
;WIDTH:0.482918
G1 X62.882 Y51.971 E.00419
;WIDTH:0.515836
G1 X62.787 Y52.034 E.0045
;WIDTH:0.541784
G1 X61.939 Y51.834 E.03614
;WIDTH:0.564875
G1 X61.172 Y51.605 E.03472
;WIDTH:0.587091
G1 X60.452 Y51.345 E.03467
;WIDTH:0.599175
G1 X58.899 Y50.704 E.07769
;WIDTH:0.587037
G1 X58.163 Y50.362 E.03674
;WIDTH:0.565345
G1 X57.444 Y49.975 E.03546
;WIDTH:0.543118
G1 X56.789 Y49.573 E.03198
;WIDTH:0.522302
G1 X56.689 Y49.508 E.00472
;WIDTH:0.515835
G1 X56.677 Y49.373 E.00532
;WIDTH:0.482917
G1 X56.665 Y49.239 E.00495
;WIDTH:0.449999
G1 X57.571 Y47.817 E.05706
G1 X57.638 Y47.754 E.00309
G1 X57.818 Y47.758 E.0061
G1 X58.457 Y48.14 E.02521
G1 X59.075 Y48.462 E.02358
G1 X59.714 Y48.748 E.02369
G1 X61.186 Y49.358 E.05394
G1 X61.84 Y49.607 E.02369
G1 X62.504 Y49.816 E.02358
G1 X63.188 Y49.989 E.02386
M204 S10000
G1 X63.34 Y49.55 F7200
M204 S1500
;TYPE:Inner wall
;WIDTH:0.518212
G1 F902
G1 X62.981 Y49.473 E.01448
;WIDTH:0.492226
G1 X62.623 Y49.396 E.01368
;WIDTH:0.46624
G1 X62.29 Y49.304 E.01218
;WIDTH:0.440696
G1 X61.957 Y49.211 E.01144
;WIDTH:0.415152
G1 X61.33 Y48.994 E.02052
;WIDTH:0.376816
G1 X60.571 Y48.697 E.02264
;WIDTH:0.379872
G1 X59.731 Y48.325 E.02575
;WIDTH:0.41788
G1 X59.239 Y48.082 E.01709
;WIDTH:0.444017
G1 X58.887 Y47.879 E.01354
;WIDTH:0.470154
G1 X58.536 Y47.676 E.01443
;WIDTH:0.518214
G1 X58.055 Y47.361 E.02272
M204 S10000
G1 E-.8 F1800
G1 X56.068 Y48.516 Z29.2 F7200
G1 Z28.8
G1 E.8 F1800
M204 S500
;TYPE:Internal solid infill
;WIDTH:0.542156
G1 F902
G1 X56.005 Y48.516 E.00259
G1 X55.974 Y48.57 E.00259
G1 X56.005 Y48.624 E.00259
G1 X56.068 Y48.624 E.00259
G1 X56.079 Y48.604 E.00093
M204 S10000
G1 E-.8 F1800
G1 X63.16 Y51.453 Z29.2 F7200
G1 X63.952 Y51.772 Z29.2
G1 Z28.8
G1 E.8 F1800
M204 S500
;WIDTH:0.552974
G1 F902
G1 X63.888 Y51.772 E.0027
G1 X63.856 Y51.827 E.0027
G1 X63.888 Y51.882 E.0027
G1 X63.952 Y51.882 E.0027
G1 X63.964 Y51.862 E.00101
; stop printing object fidget-finger-massager-2000-roller_plain.stl id:4713352688601451214 copy 0
;LAYER_CHANGE
;Z:29
;HEIGHT:0.200001
G92 E0
;_SET_FAN_SPEED_CHANGING_LAYER
; printing object fidget-finger-massager-2000-roller_plain.stl id:4713352688601451214 copy 0
M204 S10000
G1 E-.8 F1800
G1 X58.055 Y47.361 Z29.4 F7200
G1 Z29
G1 E.8 F1800
M204 S1500
;TYPE:Inner wall
;WIDTH:0.533316
G1 F903
G1 X57.923 Y47.293 E.00602
;WIDTH:0.558757
G1 X57.408 Y47.33 E.02219
G1 X57.173 Y47.563 E.01419
;WIDTH:0.536648
G1 X56.701 Y48.355 E.03783
;WIDTH:0.493324
G1 X56.229 Y49.147 E.03451
;WIDTH:0.449999
G1 X56.302 Y49.367 E.00785
G1 X55.742 Y48.914 E.02438
G1 X55.363 Y48.583 E.01702
G1 X55.713 Y48.233 E.01675
;WIDTH:0.493324
G1 X56.164 Y47.808 E.0232
;WIDTH:0.536648
G1 X56.615 Y47.384 E.02543
;WIDTH:0.558757
G1 X57.27 Y46.753 E.03902
G1 X57.448 Y46.904 E.01001
G1 X58.023 Y47.337 E.03086
M204 S10000
G1 E-.8 F1800
G1 X63.381 Y49.565 Z29.4 F7200
G1 Z29
G1 E.8 F1800
M204 S1500
;WIDTH:0.5378
G1 F903
G1 X63.34 Y49.55 E.00182
G1 X63.527 Y49.589 E.00787
;WIDTH:0.558758
G1 X64.324 Y49.675 E.03441
G1 X64.324 Y49.758 E.00359
G1 X64.335 Y50.373 E.02637
;WIDTH:0.536649
G1 X64.365 Y51.345 E.03994
;WIDTH:0.493324
G1 X64.394 Y52.318 E.03643
;WIDTH:0.449999
G1 X63.641 Y52.264 E.02552
G1 X63.133 Y52.199 E.01734
G1 X63.406 Y51.981 E.01184
G1 X63.464 Y51.722 E.00896
;WIDTH:0.493324
G1 X63.642 Y51.019 E.02715
;WIDTH:0.536649
G1 X63.82 Y50.317 E.02977
;WIDTH:0.558758
G1 X63.819 Y49.986 E.01419
G1 X63.519 Y49.614 E.02051
;WIDTH:0.5378
G1 X63.419 Y49.578 E.00436
M204 S500
G1 X64.807 Y49.207 F7200
;TYPE:Outer wall
;WIDTH:0.449999
G1 F903
G1 X64.807 Y52.758 E.12019
G1 X64.188 Y52.74 E.02098
G1 X63.536 Y52.684 E.02213
;WIDTH:0.486183
G1 X63.045 Y52.601 E.01836
;WIDTH:0.522366
G1 X62.554 Y52.518 E.01986
;WIDTH:0.543187
G1 X61.772 Y52.352 E.03323
;WIDTH:0.565391
G1 X60.956 Y52.129 E.03677
;WIDTH:0.587483
G1 X60.163 Y51.863 E.03788
;WIDTH:0.599223
G1 X59.493 Y51.605 E.03321
G1 X58.575 Y51.201 E.0464
;WIDTH:0.587127
G1 X57.863 Y50.842 E.0361
;WIDTH:0.564931
G1 X57.14 Y50.425 E.0362
;WIDTH:0.541761
G1 X56.379 Y49.92 E.03788
;WIDTH:0.515835
G1 X56.1 Y49.731 E.01328
;WIDTH:0.482917
G1 X55.82 Y49.541 E.01235
;WIDTH:0.449999
G1 X55.187 Y49.006 E.02805
G1 X54.748 Y48.592 E.02043
G1 X57.259 Y46.081 E.12019
G1 X57.755 Y46.53 E.02265
G1 X58.324 Y46.985 E.02467
G1 X58.9 Y47.387 E.02377
G1 X59.464 Y47.736 E.02244
G1 X60.093 Y48.069 E.02411
G1 X60.744 Y48.363 E.02418
G1 X61.577 Y48.667 E.03
G1 X62.09 Y48.822 E.01814
G1 X62.848 Y49 E.02636
G1 X63.573 Y49.119 E.02487
G1 X64.304 Y49.191 E.02486
G1 X64.767 Y49.206 E.01569
G1 X63.226 Y49.999 F7200
G1 F903
G1 X63.376 Y50.142 E.007
G1 X62.993 Y51.869 E.05987
;WIDTH:0.484306
G1 X62.909 Y51.953 E.00435
;WIDTH:0.518613
G1 X62.826 Y52.037 E.00469
;WIDTH:0.541761
G1 X61.939 Y51.834 E.03776
;WIDTH:0.564931
G1 X61.169 Y51.604 E.03487
;WIDTH:0.587185
G1 X60.447 Y51.343 E.03475
;WIDTH:0.599223
G1 X58.899 Y50.704 E.07745
;WIDTH:0.587146
G1 X58.163 Y50.362 E.03674
;WIDTH:0.565392
G1 X57.445 Y49.976 E.03539
;WIDTH:0.543189
G1 X56.789 Y49.573 E.03206
;WIDTH:0.522302
G1 X56.689 Y49.508 E.00472
;WIDTH:0.515835
G1 X56.677 Y49.373 E.00532
;WIDTH:0.482917
G1 X56.665 Y49.239 E.00495
;WIDTH:0.449999
G1 X57.571 Y47.817 E.05706
G1 X57.638 Y47.754 E.00309
G1 X57.818 Y47.758 E.0061
G1 X58.457 Y48.14 E.02521
G1 X59.075 Y48.462 E.02358
G1 X59.714 Y48.748 E.02369
G1 X61.186 Y49.358 E.05394
G1 X61.84 Y49.607 E.02369
G1 X62.504 Y49.816 E.02358
G1 X63.188 Y49.989 E.02386
M204 S10000
G1 X63.34 Y49.55 F7200
M204 S1500
;TYPE:Inner wall
;WIDTH:0.518212
G1 F903
G1 X62.981 Y49.473 E.01448
;WIDTH:0.492217
G1 X62.623 Y49.396 E.01368
;WIDTH:0.466222
G1 X62.291 Y49.304 E.01212
;WIDTH:0.440835
G1 X61.96 Y49.212 E.0114
;WIDTH:0.415448
G1 X61.33 Y48.994 E.02063
;WIDTH:0.37636
G1 X60.577 Y48.7 E.02242
;WIDTH:0.37126
G1 X59.868 Y48.391 E.02112
;WIDTH:0.417994
G1 X59.236 Y48.08 E.02194
;WIDTH:0.444074
G1 X58.886 Y47.878 E.01349
;WIDTH:0.470154
G1 X58.536 Y47.676 E.01437
;WIDTH:0.518212
G1 X58.055 Y47.361 E.02272
M204 S10000
G1 E-.8 F1800
G1 X56.068 Y48.516 Z29.4 F7200
G1 Z29
M73 P92 R1
G1 E.8 F1800
M204 S500
;TYPE:Internal solid infill
;WIDTH:0.542156
G1 F903
G1 X56.005 Y48.516 E.00259
G1 X55.974 Y48.57 E.00259
G1 X56.005 Y48.624 E.00259
G1 X56.068 Y48.624 E.00259
G1 X56.079 Y48.604 E.00093
M204 S10000
G1 E-.8 F1800
G1 X63.16 Y51.454 Z29.4 F7200
G1 X63.954 Y51.774 Z29.4
G1 Z29
G1 E.8 F1800
M204 S500
;WIDTH:0.548756
G1 F903
G1 X63.891 Y51.774 E.00266
G1 X63.859 Y51.828 E.00266
G1 X63.891 Y51.883 E.00266
G1 X63.954 Y51.883 E.00266
G1 X63.965 Y51.863 E.00098
; stop printing object fidget-finger-massager-2000-roller_plain.stl id:4713352688601451214 copy 0
;LAYER_CHANGE
;Z:29.2
;HEIGHT:0.200001
G92 E0
;_SET_FAN_SPEED_CHANGING_LAYER
; printing object fidget-finger-massager-2000-roller_plain.stl id:4713352688601451214 copy 0
M204 S10000
G1 E-.8 F1800
G1 X58.039 Y47.351 Z29.6 F7200
G1 Z29.2
G1 E.8 F1800
M204 S1500
;TYPE:Inner wall
;WIDTH:0.53308
G1 F902
G1 X57.923 Y47.294 E.00527
;WIDTH:0.558878
G1 X57.407 Y47.33 E.02218
G1 X57.173 Y47.564 E.01421
;WIDTH:0.536701
G1 X56.701 Y48.355 E.03783
;WIDTH:0.49335
G1 X56.229 Y49.147 E.0345
;WIDTH:0.449999
G1 X56.302 Y49.367 E.00785
G1 X55.742 Y48.914 E.02438
G1 X55.363 Y48.583 E.01702
G1 X55.713 Y48.233 E.01675
;WIDTH:0.49335
G1 X56.163 Y47.809 E.02317
;WIDTH:0.536701
G1 X56.614 Y47.385 E.0254
;WIDTH:0.558878
G1 X57.27 Y46.753 E.0391
G1 X58.008 Y47.327 E.04008
M204 S10000
G1 E-.8 F1800
G1 X63.381 Y49.565 Z29.6 F7200
G1 Z29.2
G1 E.8 F1800
M204 S1500
;WIDTH:0.537801
G1 F902
G1 X63.34 Y49.55 E.00182
G1 X63.527 Y49.589 E.00787
;WIDTH:0.558759
G1 X64.324 Y49.675 E.03441
G1 X64.324 Y49.758 E.00359
G1 X64.335 Y50.373 E.02637
;WIDTH:0.536649
G1 X64.365 Y51.346 E.03995
;WIDTH:0.493324
G1 X64.394 Y52.318 E.03644
;WIDTH:0.449999
G1 X63.877 Y52.284 E.01752
G1 X63.19 Y52.21 E.02339
G1 X63.356 Y52.107 E.00661
G1 X63.464 Y51.722 E.01352
;WIDTH:0.493324
G1 X63.642 Y51.019 E.02715
;WIDTH:0.536649
G1 X63.82 Y50.317 E.02977
;WIDTH:0.558759
G1 X63.819 Y49.986 E.01419
G1 X63.519 Y49.614 E.02051
;WIDTH:0.537801
G1 X63.419 Y49.578 E.00436
M204 S500
G1 X64.807 Y49.207 F7200
;TYPE:Outer wall
;WIDTH:0.449999
G1 F902
G1 X64.807 Y52.758 E.12019
G1 X64.188 Y52.74 E.02098
G1 X63.362 Y52.669 E.02806
;WIDTH:0.488681
G1 X62.867 Y52.575 E.01869
;WIDTH:0.527363
G1 X62.372 Y52.48 E.02031
;WIDTH:0.545146
G1 X61.725 Y52.341 E.02762
;WIDTH:0.565438
G1 X60.956 Y52.129 E.03467
;WIDTH:0.587552
G1 X60.163 Y51.863 E.03788
;WIDTH:0.599269
G1 X59.486 Y51.602 E.03354
G1 X58.58 Y51.204 E.04581
;WIDTH:0.587228
G1 X57.866 Y50.844 E.03619
;WIDTH:0.564985
G1 X57.14 Y50.425 E.03636
;WIDTH:0.541738
G1 X56.379 Y49.92 E.03788
;WIDTH:0.515836
G1 X56.1 Y49.731 E.01328
;WIDTH:0.482918
G1 X55.82 Y49.541 E.01235
;WIDTH:0.449999
G1 X55.187 Y49.006 E.02805
G1 X54.748 Y48.592 E.02043
G1 X57.259 Y46.081 E.12019
G1 X57.755 Y46.531 E.02265
G1 X58.309 Y46.974 E.02404
G1 X58.801 Y47.326 E.02048
G1 X59.461 Y47.734 E.02623
G1 X60.034 Y48.034 E.02189
G1 X60.742 Y48.362 E.02643
G1 X61.443 Y48.624 E.02535
G1 X62.093 Y48.823 E.02299
G1 X62.848 Y49 E.02626
G1 X63.573 Y49.119 E.02487
G1 X64.304 Y49.191 E.02486
G1 X64.767 Y49.206 E.01569
G1 X63.226 Y49.999 F7200
G1 F902
G1 X63.376 Y50.142 E.007
G1 X62.978 Y51.906 E.06123
;WIDTH:0.481237
G1 X62.881 Y51.969 E.00419
;WIDTH:0.512475
G1 X62.785 Y52.032 E.00449
;WIDTH:0.541185
G1 X61.939 Y51.834 E.036
;WIDTH:0.564986
G1 X61.166 Y51.603 E.03501
;WIDTH:0.587283
G1 X60.442 Y51.341 E.03485
;WIDTH:0.599269
G1 X58.899 Y50.704 E.07721
;WIDTH:0.587257
G1 X58.163 Y50.362 E.03675
;WIDTH:0.565439
G1 X57.447 Y49.977 E.03532
;WIDTH:0.543263
G1 X56.789 Y49.573 E.03214
;WIDTH:0.522301
G1 X56.689 Y49.508 E.00472
;WIDTH:0.515836
G1 X56.677 Y49.373 E.00532
;WIDTH:0.482918
G1 X56.665 Y49.239 E.00495
;WIDTH:0.449999
G1 X57.57 Y47.817 E.05705
G1 X57.637 Y47.755 E.00309
G1 X57.813 Y47.756 E.00594
G1 X59.078 Y48.463 E.04904
G1 X59.714 Y48.748 E.0236
G1 X61.186 Y49.358 E.05394
G1 X61.84 Y49.607 E.02369
G1 X62.504 Y49.816 E.02358
G1 X63.188 Y49.989 E.02386
M204 S10000
G1 X63.34 Y49.55 F7200
M204 S1500
;TYPE:Inner wall
;WIDTH:0.518212
G1 F902
G1 X62.981 Y49.473 E.01448
;WIDTH:0.492209
G1 X62.623 Y49.396 E.01368
;WIDTH:0.466206
G1 X62.292 Y49.304 E.01209
;WIDTH:0.440919
G1 X61.961 Y49.213 E.01137
;WIDTH:0.415632
G1 X61.612 Y49.092 E.01145
;WIDTH:0.390597
G1 X61.263 Y48.972 E.01068
;WIDTH:0.365562
G1 X60.571 Y48.697 E.01995
;WIDTH:0.378512
G1 X59.75 Y48.334 E.02505
;WIDTH:0.416632
G1 X59.234 Y48.078 E.01791
;WIDTH:0.45397
G1 X58.54 Y47.669 E.02751
;WIDTH:0.487273
G1 X58.29 Y47.51 E.01097
;WIDTH:0.520576
G1 X58.039 Y47.351 E.01179
M204 S10000
G1 E-.8 F1800
G1 X56.068 Y48.516 Z29.6 F7200
G1 Z29.2
G1 E.8 F1800
M204 S500
;TYPE:Internal solid infill
;WIDTH:0.542136
G1 F902
G1 X56.005 Y48.516 E.00259
G1 X55.974 Y48.57 E.00259
G1 X56.005 Y48.624 E.00259
G1 X56.068 Y48.624 E.00259
G1 X56.079 Y48.604 E.00093
M204 S10000
G1 E-.8 F1800
G1 X63.16 Y51.453 Z29.6 F7200
G1 X63.952 Y51.772 Z29.6
G1 Z29.2
G1 E.8 F1800
M204 S500
;WIDTH:0.552854
G1 F902
G1 X63.888 Y51.772 E.0027
G1 X63.856 Y51.827 E.0027
G1 X63.888 Y51.882 E.0027
G1 X63.952 Y51.882 E.0027
G1 X63.964 Y51.862 E.00101
; stop printing object fidget-finger-massager-2000-roller_plain.stl id:4713352688601451214 copy 0
;LAYER_CHANGE
;Z:29.4
;HEIGHT:0.199999
G92 E0
;_SET_FAN_SPEED_CHANGING_LAYER
; printing object fidget-finger-massager-2000-roller_plain.stl id:4713352688601451214 copy 0
M204 S10000
G1 E-.8 F1800
G1 X58.055 Y47.361 Z29.8 F7200
G1 Z29.4
G1 E.8 F1800
M204 S1500
;TYPE:Inner wall
;WIDTH:0.533318
G1 F902
G1 X57.923 Y47.293 E.00602
;WIDTH:0.558758
G1 X57.408 Y47.33 E.02219
G1 X57.173 Y47.563 E.01419
;WIDTH:0.536649
G1 X56.702 Y48.354 E.03779
;WIDTH:0.493324
G1 X56.231 Y49.145 E.03447
;WIDTH:0.449999
G1 X56.303 Y49.365 E.00785
G1 X55.742 Y48.914 E.02438
G1 X55.363 Y48.583 E.01702
G1 X55.713 Y48.233 E.01675
;WIDTH:0.493324
G1 X56.164 Y47.808 E.02319
;WIDTH:0.536649
G1 X56.615 Y47.384 E.02543
;WIDTH:0.558758
G1 X57.27 Y46.753 E.03903
G1 X57.448 Y46.904 E.01001
G1 X58.023 Y47.337 E.03086
M204 S10000
G1 E-.8 F1800
G1 X63.381 Y49.565 Z29.8 F7200
G1 Z29.4
G1 E.8 F1800
M204 S1500
;WIDTH:0.5378
G1 F902
G1 X63.34 Y49.55 E.00182
G1 X63.527 Y49.589 E.00787
;WIDTH:0.558758
G1 X64.324 Y49.675 E.03441
G1 X64.324 Y49.758 E.00359
G1 X64.335 Y50.373 E.02637
;WIDTH:0.536649
G1 X64.365 Y51.346 E.03995
;WIDTH:0.493324
G1 X64.394 Y52.318 E.03644
;WIDTH:0.449999
G1 X63.877 Y52.284 E.01752
G1 X63.19 Y52.212 E.02338
G1 X63.355 Y52.11 E.00657
G1 X63.464 Y51.722 E.01363
;WIDTH:0.493324
G1 X63.642 Y51.019 E.02715
;WIDTH:0.536649
G1 X63.82 Y50.317 E.02977
;WIDTH:0.558758
G1 X63.819 Y49.986 E.01419
G1 X63.519 Y49.614 E.02051
;WIDTH:0.5378
G1 X63.419 Y49.578 E.00436
M204 S500
G1 X64.807 Y49.207 F7200
;TYPE:Outer wall
;WIDTH:0.449999
G1 F902
G1 X64.807 Y52.758 E.12019
G1 X64.188 Y52.74 E.02097
G1 X63.364 Y52.67 E.028
;WIDTH:0.48615
G1 X62.96 Y52.594 E.01513
;WIDTH:0.522301
G1 X62.556 Y52.519 E.01637
;WIDTH:0.543335
G1 X61.769 Y52.351 E.03349
;WIDTH:0.565486
G1 X60.956 Y52.129 E.03663
;WIDTH:0.587366
G1 X60.161 Y51.862 E.03795
;WIDTH:0.599317
G1 X59.318 Y51.533 E.04186
G1 X58.586 Y51.207 E.03708
;WIDTH:0.587376
G1 X57.869 Y50.845 E.03637
;WIDTH:0.565038
G1 X57.142 Y50.424 E.03649
;WIDTH:0.541205
G1 X56.387 Y49.921 E.03758
;WIDTH:0.512691
G1 X56.103 Y49.73 E.01334
;WIDTH:0.481345
G1 X55.82 Y49.54 E.01245
;WIDTH:0.449999
G1 X55.187 Y49.006 E.02802
G1 X54.748 Y48.592 E.02043
G1 X57.259 Y46.081 E.12019
G1 X57.755 Y46.53 E.02265
G1 X58.324 Y46.985 E.02467
G1 X58.9 Y47.387 E.02377
G1 X59.458 Y47.732 E.02222
G1 X60.09 Y48.068 E.02421
G1 X61.053 Y48.476 E.0354
G1 X61.556 Y48.66 E.01813
G1 X62.096 Y48.823 E.0191
G1 X62.848 Y49 E.02615
G1 X63.573 Y49.119 E.02487
G1 X64.304 Y49.191 E.02486
G1 X64.767 Y49.206 E.01569
G1 X63.226 Y49.999 F7200
G1 F902
G1 X63.376 Y50.142 E.007
G1 X62.977 Y51.907 E.06126
;WIDTH:0.482918
G1 X62.882 Y51.971 E.00419
;WIDTH:0.515836
G1 X62.787 Y52.034 E.0045
;WIDTH:0.541716
G1 X61.939 Y51.834 E.03614
;WIDTH:0.56504
G1 X61.162 Y51.602 E.03519
;WIDTH:0.587328
G1 X60.439 Y51.34 E.03484
;WIDTH:0.599317
G1 X58.899 Y50.704 E.07705
;WIDTH:0.587623
G1 X58.163 Y50.362 E.03678
;WIDTH:0.565486
G1 X57.486 Y49.998 E.03338
;WIDTH:0.545078
G1 X56.936 Y49.664 E.02688
;WIDTH:0.526973
G1 X56.692 Y49.508 E.01166
;WIDTH:0.512691
G1 X56.678 Y49.373 E.00529
;WIDTH:0.481345
G1 X56.665 Y49.239 E.00494
;WIDTH:0.449999
G1 X57.571 Y47.817 E.05706
G1 X57.638 Y47.754 E.00309
G1 X57.818 Y47.758 E.0061
G1 X58.457 Y48.14 E.02521
G1 X59.075 Y48.462 E.02358
G1 X59.714 Y48.748 E.02369
G1 X60.779 Y49.189 E.03902
G1 X61.841 Y49.607 E.03864
G1 X62.504 Y49.816 E.02354
G1 X63.188 Y49.989 E.02386
M204 S10000
G1 X63.34 Y49.55 F7200
M204 S1500
;TYPE:Inner wall
;WIDTH:0.518212
G1 F902
G1 X62.981 Y49.473 E.01448
;WIDTH:0.492199
G1 X62.623 Y49.396 E.01368
;WIDTH:0.466186
G1 X62.294 Y49.305 E.01201
;WIDTH:0.440933
G1 X61.966 Y49.214 E.01129
;WIDTH:0.41568
G1 X61.413 Y49.021 E.01814
;WIDTH:0.369624
G1 X60.577 Y48.7 E.02433
;WIDTH:0.37117
G1 X59.868 Y48.391 E.02112
;WIDTH:0.418238
G1 X59.231 Y48.077 E.02216
;WIDTH:0.444195
G1 X58.883 Y47.877 E.01339
;WIDTH:0.470152
G1 X58.536 Y47.676 E.01426
;WIDTH:0.518212
G1 X58.055 Y47.361 E.02272
M204 S10000
G1 E-.8 F1800
G1 X56.068 Y48.516 Z29.8 F7200
G1 Z29.4
G1 E.8 F1800
M204 S500
;TYPE:Internal solid infill
;WIDTH:0.542046
G1 F902
G1 X56.005 Y48.516 E.00259
G1 X55.974 Y48.57 E.00259
G1 X56.005 Y48.624 E.00259
G1 X56.068 Y48.624 E.00259
G1 X56.079 Y48.604 E.00093
M204 S10000
G1 E-.8 F1800
G1 X63.16 Y51.453 Z29.8 F7200
G1 X63.952 Y51.772 Z29.8
M73 P93 R1
G1 Z29.4
G1 E.8 F1800
M204 S500
;WIDTH:0.552974
G1 F902
G1 X63.888 Y51.772 E.0027
G1 X63.856 Y51.827 E.0027
G1 X63.888 Y51.882 E.0027
G1 X63.952 Y51.882 E.0027
G1 X63.964 Y51.862 E.00101
; stop printing object fidget-finger-massager-2000-roller_plain.stl id:4713352688601451214 copy 0
;LAYER_CHANGE
;Z:29.6
;HEIGHT:0.200001
G92 E0
;_SET_FAN_SPEED_CHANGING_LAYER
; printing object fidget-finger-massager-2000-roller_plain.stl id:4713352688601451214 copy 0
M204 S10000
G1 E-.8 F1800
G1 X58.055 Y47.361 Z30 F7200
G1 Z29.6
G1 E.8 F1800
M204 S1500
;TYPE:Inner wall
;WIDTH:0.533319
G1 F903
G1 X57.923 Y47.293 E.00602
;WIDTH:0.558758
G1 X57.408 Y47.33 E.02219
G1 X57.173 Y47.563 E.01419
;WIDTH:0.536648
G1 X56.701 Y48.355 E.03783
;WIDTH:0.493324
G1 X56.229 Y49.147 E.03451
;WIDTH:0.449999
G1 X56.302 Y49.367 E.00785
G1 X55.742 Y48.914 E.02438
G1 X55.363 Y48.583 E.01702
G1 X55.713 Y48.233 E.01675
;WIDTH:0.493324
G1 X56.164 Y47.808 E.0232
;WIDTH:0.536648
G1 X56.615 Y47.384 E.02543
;WIDTH:0.558758
G1 X57.27 Y46.753 E.03902
G1 X57.448 Y46.904 E.01001
G1 X58.023 Y47.337 E.03086
M204 S10000
G1 E-.8 F1800
G1 X63.381 Y49.565 Z30 F7200
G1 Z29.6
G1 E.8 F1800
M204 S1500
;WIDTH:0.537801
G1 F903
G1 X63.34 Y49.55 E.00182
G1 X63.527 Y49.589 E.00787
;WIDTH:0.558759
G1 X64.324 Y49.675 E.03441
G1 X64.324 Y49.758 E.00359
G1 X64.335 Y50.373 E.02637
;WIDTH:0.536648
G1 X64.365 Y51.346 E.03995
;WIDTH:0.493324
G1 X64.394 Y52.318 E.03644
;WIDTH:0.449999
G1 X63.877 Y52.284 E.01752
G1 X63.19 Y52.21 E.02339
G1 X63.356 Y52.107 E.00661
G1 X63.464 Y51.722 E.01354
;WIDTH:0.493324
G1 X63.642 Y51.019 E.02715
;WIDTH:0.536648
G1 X63.82 Y50.317 E.02977
;WIDTH:0.558759
G1 X63.819 Y49.986 E.01419
G1 X63.519 Y49.614 E.02051
;WIDTH:0.537801
G1 X63.419 Y49.578 E.00436
M204 S500
G1 X64.807 Y49.207 F7200
;TYPE:Outer wall
;WIDTH:0.449999
G1 F903
G1 X64.807 Y52.758 E.12019
G1 X64.188 Y52.74 E.02098
G1 X63.362 Y52.669 E.02805
;WIDTH:0.488292
G1 X62.881 Y52.578 E.01814
;WIDTH:0.526585
G1 X62.4 Y52.486 E.0197
;WIDTH:0.545006
G1 X61.729 Y52.341 E.02867
;WIDTH:0.565536
G1 X60.956 Y52.129 E.03483
;WIDTH:0.587697
G1 X60.162 Y51.863 E.0379
;WIDTH:0.599365
G1 X59.473 Y51.597 E.0342
G1 X58.59 Y51.208 E.04465
;WIDTH:0.587707
G1 X57.699 Y50.748 E.04541
;WIDTH:0.559636
G1 X57.141 Y50.425 E.02774
;WIDTH:0.541696
G1 X56.379 Y49.92 E.03788
;WIDTH:0.515835
G1 X56.1 Y49.731 E.01328
;WIDTH:0.482917
G1 X55.82 Y49.541 E.01235
;WIDTH:0.449999
G1 X55.187 Y49.006 E.02805
G1 X54.748 Y48.592 E.02043
G1 X57.259 Y46.081 E.12019
G1 X57.755 Y46.53 E.02265
G1 X58.324 Y46.985 E.02467
G1 X58.9 Y47.387 E.02378
G1 X59.455 Y47.731 E.02209
G1 X60.033 Y48.034 E.02209
G1 X60.744 Y48.363 E.02651
G1 X61.546 Y48.657 E.02891
G1 X62.099 Y48.824 E.01958
G1 X62.848 Y49 E.02604
G1 X63.573 Y49.119 E.02487
G1 X64.304 Y49.191 E.02486
G1 X64.767 Y49.206 E.01569
G1 X63.226 Y49.999 F7200
G1 F903
G1 X63.376 Y50.142 E.007
G1 X62.978 Y51.906 E.06123
;WIDTH:0.481455
G1 X62.881 Y51.969 E.00419
;WIDTH:0.51291
G1 X62.785 Y52.032 E.00449
;WIDTH:0.541223
G1 X61.939 Y51.834 E.03602
;WIDTH:0.565095
G1 X61.159 Y51.601 E.03533
;WIDTH:0.587475
G1 X60.432 Y51.337 E.03503
;WIDTH:0.599365
G1 X58.899 Y50.704 E.07675
;WIDTH:0.587472
G1 X58.138 Y50.342 E.03817
;WIDTH:0.569437
G1 X57.45 Y49.979 E.03405
;WIDTH:0.543412
G1 X56.789 Y49.573 E.0323
;WIDTH:0.522299
G1 X56.689 Y49.508 E.00472
;WIDTH:0.515835
G1 X56.677 Y49.373 E.00532
;WIDTH:0.482917
G1 X56.665 Y49.239 E.00495
;WIDTH:0.449999
G1 X57.571 Y47.817 E.05706
G1 X57.78 Y47.741 E.00753
G1 X58.311 Y48.053 E.02084
G1 X59.037 Y48.442 E.02789
G1 X59.61 Y48.701 E.02128
G1 X60.429 Y49.044 E.03005
G1 X61.841 Y49.607 E.05147
G1 X62.504 Y49.816 E.02354
G1 X63.188 Y49.989 E.02386
M204 S10000
G1 X63.34 Y49.55 F7200
M204 S1500
;TYPE:Inner wall
;WIDTH:0.518212
G1 F903
G1 X62.981 Y49.473 E.01448
;WIDTH:0.49219
G1 X62.623 Y49.396 E.01368
;WIDTH:0.466168
G1 X62.296 Y49.306 E.01196
;WIDTH:0.441099
G1 X61.968 Y49.215 E.01125
;WIDTH:0.41603
G1 X61.402 Y49.018 E.01861
;WIDTH:0.369186
G1 X60.572 Y48.698 E.02413
;WIDTH:0.377158
G1 X59.77 Y48.344 E.02436
;WIDTH:0.418364
G1 X59.228 Y48.076 E.01889
;WIDTH:0.444258
G1 X58.882 Y47.876 E.01334
;WIDTH:0.470152
G1 X58.536 Y47.676 E.0142
;WIDTH:0.518214
G1 X58.055 Y47.361 E.02272
M204 S10000
G1 E-.8 F1800
G1 X56.068 Y48.516 Z30 F7200
G1 Z29.6
G1 E.8 F1800
M204 S500
;TYPE:Internal solid infill
;WIDTH:0.542156
G1 F903
G1 X56.005 Y48.516 E.00259
G1 X55.974 Y48.57 E.00259
G1 X56.005 Y48.624 E.00259
G1 X56.068 Y48.624 E.00259
G1 X56.079 Y48.604 E.00093
M204 S10000
G1 E-.8 F1800
G1 X63.16 Y51.453 Z30 F7200
G1 X63.952 Y51.772 Z30
G1 Z29.6
G1 E.8 F1800
M204 S500
;WIDTH:0.55287
G1 F903
G1 X63.888 Y51.772 E.0027
G1 X63.856 Y51.827 E.0027
G1 X63.888 Y51.882 E.0027
G1 X63.952 Y51.882 E.0027
G1 X63.964 Y51.862 E.00101
; stop printing object fidget-finger-massager-2000-roller_plain.stl id:4713352688601451214 copy 0
;LAYER_CHANGE
;Z:29.8
;HEIGHT:0.199999
G92 E0
;_SET_FAN_SPEED_CHANGING_LAYER
; printing object fidget-finger-massager-2000-roller_plain.stl id:4713352688601451214 copy 0
M204 S10000
G1 E-.8 F1800
G1 X58.049 Y47.357 Z30.2 F7200
G1 Z29.8
G1 E.8 F1800
M204 S1500
;TYPE:Inner wall
;WIDTH:0.533337
G1 F903
G1 X57.923 Y47.294 E.00574
;WIDTH:0.558857
G1 X57.407 Y47.33 E.02218
G1 X57.173 Y47.564 E.01421
;WIDTH:0.536691
G1 X56.701 Y48.355 E.03783
;WIDTH:0.493345
G1 X56.229 Y49.147 E.03451
;WIDTH:0.449999
G1 X56.302 Y49.367 E.00785
G1 X55.742 Y48.914 E.02438
G1 X55.363 Y48.583 E.01702
G1 X55.713 Y48.233 E.01675
;WIDTH:0.493345
G1 X56.163 Y47.809 E.02317
;WIDTH:0.536691
G1 X56.614 Y47.385 E.0254
;WIDTH:0.558857
G1 X57.27 Y46.753 E.03908
G1 X57.448 Y46.904 E.01002
G1 X58.017 Y47.333 E.03057
M204 S10000
G1 E-.8 F1800
G1 X63.381 Y49.565 Z30.2 F7200
G1 Z29.8
G1 E.8 F1800
M204 S1500
;WIDTH:0.537801
G1 F903
G1 X63.34 Y49.55 E.00182
G1 X63.527 Y49.589 E.00787
;WIDTH:0.558759
G1 X64.324 Y49.675 E.03441
G1 X64.324 Y49.758 E.00359
G1 X64.335 Y50.373 E.02637
;WIDTH:0.536649
G1 X64.365 Y51.346 E.03995
;WIDTH:0.493324
G1 X64.394 Y52.318 E.03644
;WIDTH:0.449999
G1 X63.877 Y52.284 E.01752
G1 X63.19 Y52.21 E.02339
G1 X63.356 Y52.108 E.00661
G1 X63.464 Y51.722 E.01354
;WIDTH:0.493324
G1 X63.642 Y51.019 E.02715
;WIDTH:0.536649
G1 X63.82 Y50.317 E.02977
;WIDTH:0.558759
G1 X63.819 Y49.986 E.01419
G1 X63.519 Y49.614 E.02051
;WIDTH:0.537801
G1 X63.419 Y49.578 E.00436
M204 S500
G1 X64.807 Y49.207 F7200
;TYPE:Outer wall
;WIDTH:0.449999
G1 F903
G1 X64.807 Y52.758 E.12019
G1 X64.188 Y52.74 E.02098
G1 X63.362 Y52.669 E.02805
;WIDTH:0.488098
G1 X62.888 Y52.579 E.01786
;WIDTH:0.526196
G1 X62.414 Y52.489 E.01939
;WIDTH:0.544935
G1 X61.73 Y52.342 E.0292
;WIDTH:0.565586
G1 X60.956 Y52.129 E.03492
;WIDTH:0.587774
G1 X60.162 Y51.863 E.03791
;WIDTH:0.59941
G1 X59.466 Y51.594 E.03453
G1 X58.595 Y51.211 E.04406
;WIDTH:0.587758
G1 X57.715 Y50.757 E.04482
;WIDTH:0.560116
G1 X57.141 Y50.425 E.02856
;WIDTH:0.541674
G1 X56.379 Y49.92 E.03788
;WIDTH:0.515836
G1 X56.1 Y49.731 E.01328
;WIDTH:0.482918
G1 X55.82 Y49.541 E.01235
;WIDTH:0.449999
G1 X55.187 Y49.006 E.02805
G1 X54.748 Y48.592 E.02043
G1 X57.259 Y46.081 E.12019
G1 X57.755 Y46.531 E.02265
G1 X58.319 Y46.981 E.02443
G1 X58.801 Y47.326 E.02009
G1 X59.452 Y47.729 E.02592
G1 X60.032 Y48.035 E.02219
G1 X60.742 Y48.362 E.02645
G1 X61.443 Y48.624 E.02534
G1 X62.102 Y48.825 E.02332
G1 X62.848 Y49 E.02594
G1 X63.573 Y49.119 E.02487
G1 X64.304 Y49.191 E.02486
G1 X64.767 Y49.206 E.01569
G1 X63.226 Y49.999 F7200
G1 F903
G1 X63.376 Y50.142 E.007
G1 X62.978 Y51.906 E.06123
;WIDTH:0.481569
G1 X62.882 Y51.969 E.00419
;WIDTH:0.513138
G1 X62.785 Y52.032 E.00449
;WIDTH:0.541242
G1 X61.939 Y51.834 E.03603
;WIDTH:0.565149
G1 X61.156 Y51.6 E.03549
;WIDTH:0.587572
G1 X60.427 Y51.336 E.03511
;WIDTH:0.59941
G1 X58.899 Y50.704 E.07651
;WIDTH:0.58758
G1 X58.14 Y50.344 E.03803
;WIDTH:0.569215
G1 X57.452 Y49.98 E.0341
;WIDTH:0.543487
G1 X56.789 Y49.573 E.03238
;WIDTH:0.522298
G1 X56.689 Y49.508 E.00472
;WIDTH:0.515836
G1 X56.677 Y49.373 E.00532
;WIDTH:0.482918
G1 X56.665 Y49.239 E.00495
;WIDTH:0.449999
G1 X57.571 Y47.817 E.05705
G1 X57.78 Y47.742 E.00753
G1 X59.034 Y48.44 E.04861
G1 X59.62 Y48.706 E.02176
G1 X60.429 Y49.044 E.02968
G1 X61.186 Y49.358 E.02774
G1 X61.84 Y49.607 E.02369
G1 X62.504 Y49.816 E.02358
G1 X63.188 Y49.989 E.02386
M204 S10000
G1 X63.34 Y49.55 F7200
M204 S1500
;TYPE:Inner wall
;WIDTH:0.518212
G1 F903
G1 X62.981 Y49.473 E.01448
;WIDTH:0.49218
G1 X62.623 Y49.396 E.01368
;WIDTH:0.466148
G1 X61.97 Y49.216 E.02384
;WIDTH:0.416546
G1 X61.619 Y49.095 E.01155
;WIDTH:0.391202
G1 X61.267 Y48.973 E.01077
;WIDTH:0.365858
G1 X60.572 Y48.698 E.02007
;WIDTH:0.376478
G1 X59.78 Y48.349 E.02401
;WIDTH:0.418484
G1 X59.225 Y48.074 E.01934
;WIDTH:0.4643
G1 X58.537 Y47.674 E.02788
;WIDTH:0.491795
G1 X58.293 Y47.515 E.01086
;WIDTH:0.51929
G1 X58.049 Y47.357 E.01153
M204 S10000
G1 E-.8 F1800
G1 X56.068 Y48.516 Z30.2 F7200
G1 Z29.8
G1 E.8 F1800
M204 S500
;TYPE:Internal solid infill
;WIDTH:0.542138
G1 F903
G1 X56.005 Y48.516 E.00259
G1 X55.974 Y48.57 E.00259
G1 X56.005 Y48.624 E.00259
G1 X56.068 Y48.624 E.00259
G1 X56.079 Y48.604 E.00093
M204 S10000
G1 E-.8 F1800
G1 X63.16 Y51.453 Z30.2 F7200
G1 X63.952 Y51.772 Z30.2
G1 Z29.8
G1 E.8 F1800
M204 S500
;WIDTH:0.55288
G1 F903
G1 X63.888 Y51.772 E.0027
G1 X63.856 Y51.827 E.0027
G1 X63.888 Y51.882 E.0027
G1 X63.952 Y51.882 E.0027
G1 X63.964 Y51.862 E.00101
; stop printing object fidget-finger-massager-2000-roller_plain.stl id:4713352688601451214 copy 0
;LAYER_CHANGE
;Z:30
;HEIGHT:0.200001
G92 E0
;_SET_FAN_SPEED_CHANGING_LAYER
; printing object fidget-finger-massager-2000-roller_plain.stl id:4713352688601451214 copy 0
M204 S10000
G1 E-.8 F1800
G1 X58.049 Y47.358 Z30.4 F7200
G1 Z30
M73 P94 R1
G1 E.8 F1800
M204 S1500
;TYPE:Inner wall
;WIDTH:0.533332
G1 F902
G1 X57.923 Y47.294 E.00576
;WIDTH:0.558849
G1 X57.407 Y47.33 E.02218
G1 X57.173 Y47.564 E.01421
;WIDTH:0.536688
G1 X56.701 Y48.355 E.03783
;WIDTH:0.493344
G1 X56.229 Y49.147 E.03451
;WIDTH:0.449999
G1 X56.302 Y49.367 E.00785
G1 X55.742 Y48.914 E.02438
G1 X55.363 Y48.583 E.01702
G1 X55.713 Y48.233 E.01675
;WIDTH:0.493344
G1 X56.164 Y47.809 E.02318
;WIDTH:0.536688
G1 X56.614 Y47.384 E.02541
;WIDTH:0.558849
G1 X57.27 Y46.753 E.03907
G1 X57.448 Y46.904 E.01002
G1 X58.017 Y47.334 E.03059
M204 S10000
G1 E-.8 F1800
G1 X63.381 Y49.565 Z30.4 F7200
G1 Z30
G1 E.8 F1800
M204 S1500
;WIDTH:0.5378
G1 F902
G1 X63.34 Y49.55 E.00182
G1 X63.527 Y49.589 E.00787
;WIDTH:0.558758
G1 X64.324 Y49.675 E.03441
G1 X64.324 Y49.758 E.00359
G1 X64.335 Y50.373 E.02637
;WIDTH:0.536649
G1 X64.365 Y51.346 E.03995
;WIDTH:0.493324
G1 X64.394 Y52.318 E.03644
;WIDTH:0.449999
G1 X63.877 Y52.284 E.01752
G1 X63.19 Y52.212 E.02338
G1 X63.355 Y52.11 E.00657
G1 X63.464 Y51.722 E.01363
;WIDTH:0.493324
G1 X63.642 Y51.019 E.02715
;WIDTH:0.536649
G1 X63.82 Y50.317 E.02977
;WIDTH:0.558758
G1 X63.819 Y49.986 E.01419
G1 X63.519 Y49.614 E.02051
;WIDTH:0.5378
G1 X63.419 Y49.578 E.00436
M204 S500
G1 X64.807 Y49.207 F7200
;TYPE:Outer wall
;WIDTH:0.449999
G1 F902
G1 X64.807 Y52.758 E.12019
G1 X64.188 Y52.74 E.02098
G1 X63.364 Y52.67 E.028
;WIDTH:0.486149
G1 X62.96 Y52.594 E.01513
;WIDTH:0.522299
G1 X62.556 Y52.519 E.01637
;WIDTH:0.543556
G1 X61.764 Y52.35 E.03373
;WIDTH:0.565524
G1 X60.954 Y52.129 E.03647
;WIDTH:0.590158
G1 X60.091 Y51.838 E.04145
;WIDTH:0.599473
G1 X59.34 Y51.542 E.03738
G1 X58.601 Y51.214 E.03741
;WIDTH:0.587666
G1 X57.876 Y50.85 E.03673
;WIDTH:0.565148
G1 X57.144 Y50.422 E.03682
;WIDTH:0.539139
G1 X56.379 Y49.92 E.03775
;WIDTH:0.515835
G1 X56.1 Y49.731 E.01328
;WIDTH:0.482917
G1 X55.82 Y49.541 E.01235
;WIDTH:0.449999
G1 X55.187 Y49.006 E.02805
G1 X54.748 Y48.592 E.02043
G1 X57.259 Y46.081 E.12019
G1 X57.755 Y46.531 E.02265
G1 X58.319 Y46.981 E.02445
G1 X59.022 Y47.463 E.02886
G1 X59.45 Y47.728 E.01702
G1 X60.086 Y48.066 E.02438
G1 X60.744 Y48.363 E.02443
G1 X61.525 Y48.65 E.02817
G1 X62.105 Y48.826 E.02054
G1 X62.848 Y49 E.02583
G1 X63.573 Y49.119 E.02486
G1 X64.304 Y49.191 E.02486
G1 X64.767 Y49.206 E.01569
G1 X63.226 Y49.999 F7200
G1 F902
G1 X63.376 Y50.142 E.007
G1 X62.977 Y51.907 E.06126
;WIDTH:0.482918
G1 X62.882 Y51.971 E.00419
;WIDTH:0.515836
G1 X62.787 Y52.034 E.0045
;WIDTH:0.541652
G1 X61.939 Y51.834 E.03613
;WIDTH:0.565134
G1 X61.154 Y51.6 E.03554
;WIDTH:0.586641
G1 X60.385 Y51.319 E.03701
;WIDTH:0.599473
G1 X58.899 Y50.704 E.07444
;WIDTH:0.58785
G1 X58.163 Y50.362 E.03679
;WIDTH:0.565637
G1 X57.568 Y50.042 E.02936
;WIDTH:0.54762
G1 X56.787 Y49.572 E.03825
;WIDTH:0.522207
G1 X56.689 Y49.508 E.00465
;WIDTH:0.515835
G1 X56.677 Y49.373 E.00532
;WIDTH:0.482917
G1 X56.665 Y49.239 E.00495
;WIDTH:0.449999
G1 X57.571 Y47.817 E.05705
G1 X57.637 Y47.755 E.00309
G1 X57.816 Y47.758 E.00604
G1 X58.587 Y48.207 E.03021
G1 X59.075 Y48.462 E.01863
G1 X59.714 Y48.748 E.02369
G1 X61.186 Y49.358 E.05394
G1 X61.84 Y49.607 E.02369
G1 X62.504 Y49.816 E.02358
G1 X63.188 Y49.989 E.02386
M204 S10000
G1 X63.34 Y49.55 F7200
M204 S1500
;TYPE:Inner wall
;WIDTH:0.518212
G1 F902
G1 X62.981 Y49.473 E.01448
;WIDTH:0.492172
G1 X62.623 Y49.396 E.01368
;WIDTH:0.466132
G1 X61.974 Y49.217 E.02369
;WIDTH:0.416928
G1 X61.33 Y48.995 E.0212
;WIDTH:0.3739
G1 X60.577 Y48.7 E.02226
;WIDTH:0.371024
G1 X59.868 Y48.391 E.0211
;WIDTH:0.418604
G1 X59.222 Y48.073 E.02248
;WIDTH:0.464784
G1 X58.537 Y47.674 E.0278
;WIDTH:0.491992
G1 X58.293 Y47.516 E.01086
;WIDTH:0.5192
G1 X58.049 Y47.358 E.01151
M204 S10000
G1 E-.8 F1800
G1 X56.068 Y48.516 Z30.4 F7200
G1 Z30
G1 E.8 F1800
M204 S500
;TYPE:Internal solid infill
;WIDTH:0.542144
G1 F902
G1 X56.005 Y48.516 E.00259
G1 X55.974 Y48.57 E.00259
G1 X56.005 Y48.624 E.00259
G1 X56.068 Y48.624 E.00259
G1 X56.079 Y48.604 E.00093
M204 S10000
G1 E-.8 F1800
G1 X63.16 Y51.453 Z30.4 F7200
G1 X63.952 Y51.772 Z30.4
G1 Z30
G1 E.8 F1800
M204 S500
;WIDTH:0.552974
G1 F902
G1 X63.888 Y51.772 E.0027
G1 X63.856 Y51.827 E.0027
G1 X63.888 Y51.882 E.0027
G1 X63.952 Y51.882 E.0027
G1 X63.964 Y51.862 E.00101
; stop printing object fidget-finger-massager-2000-roller_plain.stl id:4713352688601451214 copy 0
;LAYER_CHANGE
;Z:30.2
;HEIGHT:0.200001
G92 E0
;_SET_FAN_SPEED_CHANGING_LAYER
; printing object fidget-finger-massager-2000-roller_plain.stl id:4713352688601451214 copy 0
M204 S10000
G1 E-.8 F1800
G1 X58.05 Y47.358 Z30.6 F7200
G1 Z30.2
G1 E.8 F1800
M204 S1500
;TYPE:Inner wall
;WIDTH:0.533328
G1 F903
G1 X57.923 Y47.294 E.00578
;WIDTH:0.55884
G1 X57.407 Y47.33 E.02218
G1 X57.173 Y47.564 E.01421
;WIDTH:0.536684
G1 X56.701 Y48.355 E.03783
;WIDTH:0.493342
G1 X56.229 Y49.147 E.03451
;WIDTH:0.449999
G1 X56.302 Y49.367 E.00785
G1 X55.742 Y48.914 E.02438
G1 X55.363 Y48.583 E.01702
G1 X55.713 Y48.233 E.01675
;WIDTH:0.493342
G1 X56.164 Y47.809 E.02318
;WIDTH:0.536684
G1 X56.614 Y47.384 E.02541
;WIDTH:0.55884
G1 X57.27 Y46.753 E.03906
G1 X57.448 Y46.904 E.01002
G1 X58.018 Y47.334 E.03062
M204 S10000
G1 E-.8 F1800
G1 X63.381 Y49.565 Z30.6 F7200
G1 Z30.2
G1 E.8 F1800
M204 S1500
;WIDTH:0.537801
G1 F903
G1 X63.34 Y49.55 E.00182
G1 X63.527 Y49.589 E.00787
;WIDTH:0.558759
G1 X64.324 Y49.675 E.03441
G1 X64.324 Y49.758 E.00359
G1 X64.335 Y50.373 E.02637
;WIDTH:0.536648
G1 X64.365 Y51.346 E.03995
;WIDTH:0.493324
G1 X64.394 Y52.318 E.03644
;WIDTH:0.449999
G1 X63.877 Y52.284 E.01752
G1 X63.155 Y52.204 E.02459
G1 X63.389 Y52.035 E.00978
G1 X63.464 Y51.722 E.01087
;WIDTH:0.493324
G1 X63.642 Y51.019 E.02715
;WIDTH:0.536648
G1 X63.82 Y50.317 E.02977
;WIDTH:0.558759
G1 X63.819 Y49.986 E.01419
G1 X63.519 Y49.614 E.02051
;WIDTH:0.537801
G1 X63.419 Y49.578 E.00436
M204 S500
G1 X64.807 Y49.207 F7200
;TYPE:Outer wall
;WIDTH:0.449999
G1 F903
G1 X64.807 Y52.758 E.12019
G1 X64.188 Y52.74 E.02097
G1 X63.463 Y52.678 E.02464
;WIDTH:0.486168
G1 X63.009 Y52.598 E.01698
;WIDTH:0.522337
G1 X62.555 Y52.518 E.01837
;WIDTH:0.543632
G1 X61.762 Y52.35 E.03375
;WIDTH:0.565597
G1 X60.954 Y52.129 E.03639
;WIDTH:0.589981
G1 X60.099 Y51.841 E.04103
;WIDTH:0.599519
G1 X59.346 Y51.545 E.03747
G1 X58.606 Y51.215 E.03749
;WIDTH:0.590761
G1 X57.877 Y50.85 E.03717
;WIDTH:0.565114
G1 X57.144 Y50.422 E.03683
;WIDTH:0.539367
G1 X56.379 Y49.92 E.03776
;WIDTH:0.515836
G1 X56.1 Y49.731 E.01328
;WIDTH:0.482918
G1 X55.82 Y49.541 E.01235
;WIDTH:0.449999
G1 X55.187 Y49.006 E.02805
G1 X54.748 Y48.592 E.02043
G1 X57.259 Y46.081 E.12019
G1 X57.755 Y46.531 E.02265
G1 X58.32 Y46.982 E.02447
G1 X59.009 Y47.455 E.0283
G1 X59.449 Y47.727 E.01752
G1 X60.031 Y48.035 E.02231
G1 X60.742 Y48.362 E.02647
G1 X61.443 Y48.624 E.02533
G1 X62.108 Y48.827 E.02354
G1 X62.848 Y49 E.02572
G1 X63.573 Y49.119 E.02486
G1 X64.304 Y49.191 E.02486
G1 X64.767 Y49.206 E.01569
G1 X63.226 Y49.999 F7200
G1 F903
G1 X63.376 Y50.142 E.007
G1 X62.987 Y51.885 E.06044
;WIDTH:0.484463
G1 X62.906 Y51.961 E.00409
;WIDTH:0.518927
G1 X62.825 Y52.037 E.00441
;WIDTH:0.54163
G1 X61.939 Y51.834 E.03772
;WIDTH:0.565095
G1 X61.154 Y51.6 E.03554
;WIDTH:0.586816
G1 X60.385 Y51.319 E.03702
;WIDTH:0.599519
G1 X58.861 Y50.682 E.07646
;WIDTH:0.590761
G1 X58.165 Y50.363 E.0349
;WIDTH:0.565817
G1 X57.557 Y50.036 E.03001
;WIDTH:0.547246
G1 X56.787 Y49.572 E.03769
;WIDTH:0.522215
G1 X56.689 Y49.508 E.00466
;WIDTH:0.515836
G1 X56.677 Y49.373 E.00532
;WIDTH:0.482918
G1 X56.665 Y49.239 E.00495
;WIDTH:0.449999
G1 X57.571 Y47.817 E.05705
G1 X57.637 Y47.755 E.00309
G1 X57.816 Y47.758 E.00605
G1 X58.572 Y48.2 E.02966
G1 X59.075 Y48.462 E.01918
G1 X59.714 Y48.748 E.02369
G1 X61.186 Y49.358 E.05394
G1 X61.84 Y49.607 E.02369
G1 X62.504 Y49.816 E.02358
G1 X63.188 Y49.989 E.02386
M204 S10000
G1 X63.34 Y49.55 F7200
M204 S1500
;TYPE:Inner wall
;WIDTH:0.518212
G1 F903
G1 X62.981 Y49.473 E.01448
;WIDTH:0.492163
G1 X62.623 Y49.396 E.01368
;WIDTH:0.466114
G1 X61.975 Y49.217 E.02366
;WIDTH:0.417064
G1 X61.623 Y49.096 E.0116
;WIDTH:0.391559
G1 X61.27 Y48.974 E.01081
;WIDTH:0.366054
G1 X60.573 Y48.698 E.02015
;WIDTH:0.375126
G1 X59.8 Y48.358 E.02333
;WIDTH:0.418726
G1 X59.219 Y48.071 E.02023
;WIDTH:0.46529
G1 X58.537 Y47.674 E.02772
;WIDTH:0.492197
G1 X58.293 Y47.516 E.01085
;WIDTH:0.519104
G1 X58.05 Y47.358 E.0115
M204 S10000
G1 E-.8 F1800
G1 X56.068 Y48.516 Z30.6 F7200
G1 Z30.2
G1 E.8 F1800
M204 S500
;TYPE:Internal solid infill
;WIDTH:0.542144
G1 F903
G1 X56.005 Y48.516 E.00259
G1 X55.974 Y48.57 E.00259
G1 X56.005 Y48.624 E.00259
G1 X56.068 Y48.624 E.00259
G1 X56.079 Y48.604 E.00093
M204 S10000
G1 E-.8 F1800
G1 X63.16 Y51.454 Z30.6 F7200
G1 X63.953 Y51.773 Z30.6
G1 Z30.2
G1 E.8 F1800
M204 S500
;WIDTH:0.551046
G1 F903
G1 X63.889 Y51.773 E.00268
G1 X63.858 Y51.828 E.00268
G1 X63.889 Y51.883 E.00268
G1 X63.953 Y51.883 E.00268
G1 X63.965 Y51.863 E.00099
; stop printing object fidget-finger-massager-2000-roller_plain.stl id:4713352688601451214 copy 0
;LAYER_CHANGE
;Z:30.4
;HEIGHT:0.199999
G92 E0
;_SET_FAN_SPEED_CHANGING_LAYER
; printing object fidget-finger-massager-2000-roller_plain.stl id:4713352688601451214 copy 0
M204 S10000
G1 E-.8 F1800
G1 X58.05 Y47.358 Z30.8 F7200
G1 Z30.4
G1 E.8 F1800
M204 S1500
;TYPE:Inner wall
;WIDTH:0.533329
G1 F902
G1 X57.923 Y47.294 E.00581
;WIDTH:0.558832
G1 X57.407 Y47.33 E.02218
G1 X57.173 Y47.563 E.0142
;WIDTH:0.536682
G1 X56.701 Y48.355 E.03783
;WIDTH:0.493341
G1 X56.229 Y49.147 E.03451
;WIDTH:0.449999
G1 X56.302 Y49.367 E.00785
G1 X55.742 Y48.914 E.02438
G1 X55.363 Y48.583 E.01702
G1 X55.713 Y48.233 E.01675
M73 P95 R1
;WIDTH:0.493341
G1 X56.164 Y47.809 E.02318
;WIDTH:0.536682
G1 X56.614 Y47.384 E.02542
;WIDTH:0.558832
G1 X57.27 Y46.753 E.03905
G1 X57.448 Y46.904 E.01001
G1 X58.018 Y47.334 E.03064
M204 S10000
G1 E-.8 F1800
G1 X63.381 Y49.565 Z30.8 F7200
G1 Z30.4
G1 E.8 F1800
M73 P95 R0
M204 S1500
;WIDTH:0.537801
G1 F902
G1 X63.34 Y49.55 E.00182
G1 X63.527 Y49.589 E.00787
;WIDTH:0.558759
G1 X64.324 Y49.675 E.03441
G1 X64.324 Y49.758 E.00359
G1 X64.335 Y50.373 E.02637
;WIDTH:0.536649
G1 X64.365 Y51.346 E.03995
;WIDTH:0.493324
G1 X64.394 Y52.318 E.03644
;WIDTH:0.449999
G1 X63.877 Y52.284 E.01752
G1 X63.19 Y52.211 E.02338
G1 X63.356 Y52.108 E.0066
G1 X63.464 Y51.722 E.01357
;WIDTH:0.493324
G1 X63.642 Y51.019 E.02715
;WIDTH:0.536649
G1 X63.82 Y50.317 E.02977
;WIDTH:0.558759
G1 X63.819 Y49.986 E.01419
G1 X63.519 Y49.614 E.02051
;WIDTH:0.537801
G1 X63.419 Y49.578 E.00436
M204 S500
G1 X64.807 Y49.207 F7200
;TYPE:Outer wall
;WIDTH:0.449999
G1 F902
G1 X64.807 Y52.758 E.12019
G1 X64.188 Y52.74 E.02097
G1 X63.363 Y52.669 E.02804
;WIDTH:0.487511
G1 X62.91 Y52.584 E.01704
;WIDTH:0.525023
G1 X62.457 Y52.498 E.01848
;WIDTH:0.544725
G1 X61.736 Y52.343 E.03078
;WIDTH:0.565745
G1 X60.955 Y52.13 E.03517
;WIDTH:0.588013
G1 X60.162 Y51.864 E.03793
;WIDTH:0.599551
G1 X59.446 Y51.586 E.03552
G1 X58.61 Y51.218 E.04231
;WIDTH:0.58783
G1 X57.876 Y50.849 E.03718
;WIDTH:0.565063
G1 X57.141 Y50.424 E.03688
;WIDTH:0.541281
G1 X56.379 Y49.92 E.03786
;WIDTH:0.515835
G1 X56.1 Y49.731 E.01328
;WIDTH:0.482917
G1 X55.82 Y49.541 E.01235
;WIDTH:0.449999
G1 X55.187 Y49.006 E.02805
G1 X54.748 Y48.592 E.02043
G1 X57.259 Y46.081 E.12019
G1 X57.755 Y46.531 E.02265
G1 X58.32 Y46.982 E.02449
G1 X58.995 Y47.447 E.02774
G1 X59.448 Y47.727 E.01804
G1 X60.083 Y48.064 E.02433
G1 X60.742 Y48.362 E.02448
G1 X61.443 Y48.624 E.02532
G1 X62.111 Y48.828 E.02365
G1 X62.848 Y49 E.02562
G1 X63.573 Y49.119 E.02486
G1 X64.304 Y49.191 E.02486
G1 X64.767 Y49.206 E.01569
G1 X63.226 Y49.999 F7200
G1 F902
G1 X63.376 Y50.142 E.007
G1 X62.978 Y51.907 E.06124
;WIDTH:0.481931
G1 X62.882 Y51.97 E.00419
;WIDTH:0.513862
G1 X62.786 Y52.033 E.00449
;WIDTH:0.541303
G1 X61.939 Y51.834 E.03605
;WIDTH:0.565066
G1 X61.154 Y51.6 E.03554
;WIDTH:0.587861
G1 X60.412 Y51.33 E.03579
;WIDTH:0.599551
G1 X58.899 Y50.704 E.07578
;WIDTH:0.587907
G1 X58.163 Y50.362 E.0368
;WIDTH:0.565743
G1 X57.478 Y49.994 E.03378
;WIDTH:0.54473
G1 X56.788 Y49.573 E.03374
;WIDTH:0.522285
G1 X56.689 Y49.508 E.00471
;WIDTH:0.515835
G1 X56.677 Y49.373 E.00532
;WIDTH:0.482917
G1 X56.665 Y49.239 E.00495
;WIDTH:0.449999
G1 X57.571 Y47.817 E.05705
G1 X57.637 Y47.755 E.00309
G1 X57.816 Y47.758 E.00605
G1 X58.558 Y48.192 E.0291
G1 X59.075 Y48.462 E.01973
G1 X59.714 Y48.748 E.02369
G1 X61.186 Y49.358 E.05394
G1 X61.84 Y49.607 E.02369
G1 X62.504 Y49.816 E.02358
G1 X63.188 Y49.989 E.02386
M204 S10000
G1 X63.34 Y49.55 F7200
M204 S1500
;TYPE:Inner wall
;WIDTH:0.518212
G1 F902
G1 X62.981 Y49.473 E.01448
;WIDTH:0.492153
G1 X62.623 Y49.396 E.01368
;WIDTH:0.466094
G1 X61.975 Y49.217 E.02366
;WIDTH:0.41715
G1 X61.623 Y49.096 E.01158
;WIDTH:0.391651
G1 X61.272 Y48.975 E.01079
;WIDTH:0.366152
G1 X60.577 Y48.7 E.02009
;WIDTH:0.370924
G1 X59.868 Y48.391 E.02109
;WIDTH:0.418844
G1 X59.216 Y48.07 E.0227
;WIDTH:0.465816
G1 X58.537 Y47.674 E.02765
;WIDTH:0.492413
G1 X58.294 Y47.516 E.01084
;WIDTH:0.51901
G1 X58.05 Y47.358 E.01148
M204 S10000
G1 E-.8 F1800
G1 X56.068 Y48.516 Z30.8 F7200
G1 Z30.4
G1 E.8 F1800
M204 S500
;TYPE:Internal solid infill
;WIDTH:0.542144
G1 F902
G1 X56.005 Y48.516 E.00259
G1 X55.974 Y48.57 E.00259
G1 X56.005 Y48.624 E.00259
G1 X56.068 Y48.624 E.00259
G1 X56.079 Y48.604 E.00093
M204 S10000
G1 E-.8 F1800
G1 X63.16 Y51.453 Z30.8 F7200
G1 X63.952 Y51.772 Z30.8
G1 Z30.4
G1 E.8 F1800
M204 S500
;WIDTH:0.552904
G1 F902
G1 X63.888 Y51.772 E.0027
G1 X63.856 Y51.827 E.0027
G1 X63.888 Y51.882 E.0027
G1 X63.952 Y51.882 E.0027
G1 X63.964 Y51.862 E.00101
; stop printing object fidget-finger-massager-2000-roller_plain.stl id:4713352688601451214 copy 0
;LAYER_CHANGE
;Z:30.6
;HEIGHT:0.200001
G92 E0
;_SET_FAN_SPEED_CHANGING_LAYER
; printing object fidget-finger-massager-2000-roller_plain.stl id:4713352688601451214 copy 0
M204 S10000
G1 E-.8 F1800
G1 X58.051 Y47.359 Z31 F7200
G1 Z30.6
G1 E.8 F1800
M204 S1500
;TYPE:Inner wall
;WIDTH:0.533319
G1 F903
G1 X57.923 Y47.294 E.00584
;WIDTH:0.558822
G1 X57.407 Y47.33 E.02218
G1 X57.173 Y47.563 E.0142
;WIDTH:0.536676
G1 X56.701 Y48.355 E.03783
;WIDTH:0.493338
G1 X56.229 Y49.147 E.03451
;WIDTH:0.449999
G1 X56.302 Y49.367 E.00785
G1 X55.742 Y48.914 E.02438
G1 X55.363 Y48.583 E.01702
G1 X55.713 Y48.233 E.01675
;WIDTH:0.493338
G1 X56.164 Y47.809 E.02318
;WIDTH:0.536676
G1 X56.614 Y47.384 E.02541
;WIDTH:0.558822
G1 X57.27 Y46.753 E.03906
G1 X57.448 Y46.904 E.01001
G1 X58.019 Y47.335 E.03067
M204 S10000
G1 E-.8 F1800
G1 X63.381 Y49.565 Z31 F7200
G1 Z30.6
G1 E.8 F1800
M204 S1500
;WIDTH:0.537801
G1 F903
G1 X63.34 Y49.55 E.00182
G1 X63.527 Y49.589 E.00787
;WIDTH:0.558759
G1 X64.324 Y49.675 E.03441
G1 X64.324 Y49.758 E.00359
G1 X64.335 Y50.373 E.02637
;WIDTH:0.536648
G1 X64.365 Y51.346 E.03995
;WIDTH:0.493324
G1 X64.394 Y52.318 E.03644
;WIDTH:0.449999
G1 X63.877 Y52.284 E.01752
G1 X63.163 Y52.206 E.02432
G1 X63.382 Y52.053 E.00903
G1 X63.464 Y51.722 E.01154
;WIDTH:0.493324
G1 X63.642 Y51.019 E.02715
;WIDTH:0.536648
G1 X63.82 Y50.317 E.02976
;WIDTH:0.558759
G1 X63.819 Y49.986 E.01419
G1 X63.519 Y49.614 E.02051
;WIDTH:0.537801
G1 X63.419 Y49.578 E.00436
M204 S500
G1 X64.807 Y49.207 F7200
;TYPE:Outer wall
;WIDTH:0.449999
G1 F903
G1 X64.807 Y52.758 E.12019
G1 X64.188 Y52.74 E.02098
G1 X63.438 Y52.676 E.02548
;WIDTH:0.486162
G1 X62.997 Y52.597 E.01652
;WIDTH:0.522325
G1 X62.555 Y52.518 E.01787
;WIDTH:0.543781
G1 X61.758 Y52.349 E.03393
;WIDTH:0.56574
G1 X60.954 Y52.129 E.03624
;WIDTH:0.589624
G1 X60.116 Y51.848 E.04018
;WIDTH:0.599607
G1 X59.359 Y51.55 E.03765
G1 X58.615 Y51.221 E.03767
;WIDTH:0.588029
G1 X57.78 Y50.794 E.04252
;WIDTH:0.562076
G1 X57.143 Y50.423 E.03181
;WIDTH:0.539846
G1 X56.379 Y49.92 E.03779
;WIDTH:0.515836
G1 X56.1 Y49.731 E.01328
;WIDTH:0.482918
G1 X55.82 Y49.541 E.01235
;WIDTH:0.449999
G1 X55.187 Y49.006 E.02805
G1 X54.748 Y48.592 E.02043
G1 X57.259 Y46.081 E.12019
G1 X57.755 Y46.53 E.02265
G1 X58.321 Y46.982 E.02451
G1 X58.982 Y47.438 E.02718
G1 X59.449 Y47.727 E.0186
G1 X60.031 Y48.036 E.02229
G1 X60.743 Y48.363 E.02653
G1 X61.493 Y48.64 E.02707
G1 X62.114 Y48.828 E.02197
G1 X62.848 Y49 E.02551
G1 X63.573 Y49.119 E.02486
G1 X64.304 Y49.191 E.02486
G1 X64.767 Y49.206 E.01569
G1 X63.226 Y49.999 F7200
G1 F903
G1 X63.376 Y50.142 E.007
G1 X62.985 Y51.89 E.06064
;WIDTH:0.48273
G1 X62.887 Y51.962 E.00446
;WIDTH:0.51546
G1 X62.788 Y52.034 E.0048
;WIDTH:0.541587
G1 X61.939 Y51.834 E.03617
;WIDTH:0.565016
G1 X61.155 Y51.6 E.03554
;WIDTH:0.587173
G1 X60.385 Y51.319 E.03705
;WIDTH:0.599607
G1 X58.899 Y50.704 E.07446
;WIDTH:0.588094
G1 X58.151 Y50.351 E.0375
;WIDTH:0.568205
G1 X57.534 Y50.024 E.03048
;WIDTH:0.546495
G1 X56.788 Y49.572 E.03656
;WIDTH:0.522232
G1 X56.689 Y49.508 E.00467
;WIDTH:0.515836
G1 X56.677 Y49.373 E.00532
;WIDTH:0.482918
G1 X56.665 Y49.239 E.00495
;WIDTH:0.449999
G1 X57.571 Y47.817 E.05705
G1 X57.78 Y47.741 E.00753
G1 X59.023 Y48.434 E.04817
G1 X59.66 Y48.724 E.02368
G1 X60.43 Y49.045 E.02826
G1 X61.186 Y49.358 E.02768
G1 X61.84 Y49.607 E.02369
G1 X62.504 Y49.816 E.02358
G1 X63.188 Y49.989 E.02386
M204 S10000
G1 X63.34 Y49.55 F7200
M204 S1500
;TYPE:Inner wall
;WIDTH:0.518212
G1 F903
G1 X62.981 Y49.473 E.01448
;WIDTH:0.492144
G1 X62.623 Y49.396 E.01368
;WIDTH:0.466076
G1 X61.975 Y49.217 E.02366
;WIDTH:0.417224
G1 X61.33 Y48.996 E.02124
;WIDTH:0.37226
G1 X60.574 Y48.698 E.02224
;WIDTH:0.37376
G1 X59.82 Y48.368 E.02266
;WIDTH:0.418968
G1 X59.214 Y48.068 E.02114
;WIDTH:0.46636
G1 X58.537 Y47.674 E.02757
;WIDTH:0.492631
G1 X58.294 Y47.517 E.01083
;WIDTH:0.518902
G1 X58.051 Y47.359 E.01147
M204 S10000
G1 E-.8 F1800
G1 X56.068 Y48.516 Z31 F7200
G1 Z30.6
G1 E.8 F1800
M204 S500
;TYPE:Internal solid infill
;WIDTH:0.542146
G1 F903
G1 X56.005 Y48.516 E.00259
G1 X55.974 Y48.57 E.00259
G1 X56.005 Y48.624 E.00259
G1 X56.068 Y48.624 E.00259
G1 X56.079 Y48.604 E.00093
M204 S10000
G1 E-.8 F1800
G1 X63.16 Y51.454 Z31 F7200
G1 X63.953 Y51.773 Z31
G1 Z30.6
G1 E.8 F1800
M204 S500
;WIDTH:0.551686
G1 F903
G1 X63.889 Y51.773 E.00269
G1 X63.857 Y51.828 E.00269
G1 X63.889 Y51.883 E.00269
G1 X63.953 Y51.883 E.00269
G1 X63.964 Y51.862 E.001
; stop printing object fidget-finger-massager-2000-roller_plain.stl id:4713352688601451214 copy 0
;LAYER_CHANGE
;Z:30.8
;HEIGHT:0.199999
G92 E0
;_SET_FAN_SPEED_CHANGING_LAYER
; printing object fidget-finger-massager-2000-roller_plain.stl id:4713352688601451214 copy 0
M204 S10000
G1 E-.8 F1800
G1 X58.051 Y47.359 Z31.2 F7200
G1 Z30.8
G1 E.8 F1800
M204 S1500
;TYPE:Inner wall
;WIDTH:0.533309
G1 F902
G1 X57.923 Y47.294 E.00586
;WIDTH:0.558782
G1 X57.408 Y47.33 E.02218
G1 X57.173 Y47.563 E.0142
;WIDTH:0.536637
G1 X56.701 Y48.355 E.03783
;WIDTH:0.493318
G1 X56.229 Y49.147 E.03451
;WIDTH:0.449999
G1 X56.302 Y49.367 E.00785
G1 X55.742 Y48.914 E.02438
G1 X55.363 Y48.583 E.01702
G1 X55.713 Y48.233 E.01675
;WIDTH:0.493318
G1 X56.164 Y47.809 E.02318
;WIDTH:0.536637
G1 X56.614 Y47.384 E.02541
;WIDTH:0.558782
G1 X57.27 Y46.753 E.03906
G1 X57.448 Y46.904 E.01001
G1 X58.02 Y47.335 E.03069
M204 S10000
G1 E-.8 F1800
G1 X63.381 Y49.565 Z31.2 F7200
G1 Z30.8
M73 P96 R0
G1 E.8 F1800
M204 S1500
;WIDTH:0.5378
G1 F902
G1 X63.34 Y49.55 E.00182
G1 X63.527 Y49.589 E.00787
;WIDTH:0.558758
G1 X64.324 Y49.675 E.03441
G1 X64.324 Y49.758 E.00359
G1 X64.335 Y50.373 E.02637
;WIDTH:0.536648
G1 X64.365 Y51.346 E.03995
;WIDTH:0.493324
G1 X64.394 Y52.318 E.03644
;WIDTH:0.449999
G1 X63.877 Y52.284 E.01752
G1 X63.19 Y52.211 E.02338
G1 X63.356 Y52.109 E.00659
G1 X63.464 Y51.722 E.01358
;WIDTH:0.493324
G1 X63.642 Y51.019 E.02715
;WIDTH:0.536648
G1 X63.82 Y50.317 E.02977
;WIDTH:0.558758
G1 X63.819 Y49.986 E.01419
G1 X63.519 Y49.614 E.02051
;WIDTH:0.5378
G1 X63.419 Y49.578 E.00436
M204 S500
G1 X64.807 Y49.207 F7200
;TYPE:Outer wall
;WIDTH:0.449999
G1 F902
G1 X64.807 Y52.758 E.12019
G1 X64.188 Y52.74 E.02097
G1 X63.363 Y52.669 E.02803
;WIDTH:0.487125
G1 X62.924 Y52.587 E.0165
;WIDTH:0.524251
G1 X62.485 Y52.504 E.01788
;WIDTH:0.544586
G1 X61.739 Y52.344 E.03183
;WIDTH:0.565854
G1 X60.955 Y52.13 E.03534
;WIDTH:0.588184
G1 X60.162 Y51.864 E.03794
;WIDTH:0.599644
G1 X59.433 Y51.581 E.03619
G1 X58.619 Y51.223 E.04113
;WIDTH:0.588032
G1 X57.876 Y50.849 E.0377
;WIDTH:0.564985
G1 X57.141 Y50.424 E.03687
;WIDTH:0.541332
G1 X56.379 Y49.92 E.03786
;WIDTH:0.515837
G1 X56.1 Y49.731 E.01328
;WIDTH:0.482918
G1 X55.82 Y49.541 E.01235
;WIDTH:0.449999
G1 X55.187 Y49.006 E.02805
G1 X54.748 Y48.592 E.02043
G1 X57.259 Y46.081 E.12019
G1 X57.755 Y46.531 E.02265
G1 X58.321 Y46.983 E.02453
G1 X58.968 Y47.43 E.02663
G1 X59.449 Y47.727 E.01913
G1 X60.03 Y48.037 E.02228
G1 X60.743 Y48.363 E.02654
G1 X61.483 Y48.637 E.02671
G1 X62.117 Y48.829 E.02245
G1 X62.848 Y49 E.0254
G1 X63.573 Y49.119 E.02486
G1 X64.304 Y49.191 E.02486
G1 X64.767 Y49.206 E.01569
G1 X63.226 Y49.999 F7200
G1 F902
G1 X63.376 Y50.142 E.007
G1 X62.978 Y51.907 E.06124
;WIDTH:0.482188
G1 X62.882 Y51.97 E.00419
;WIDTH:0.514376
G1 X62.786 Y52.033 E.0045
;WIDTH:0.541344
G1 X61.939 Y51.834 E.03607
;WIDTH:0.564986
G1 X61.155 Y51.6 E.03553
;WIDTH:0.588053
G1 X60.402 Y51.326 E.03628
;WIDTH:0.599644
G1 X58.899 Y50.704 E.07531
;WIDTH:0.588122
G1 X58.163 Y50.362 E.03681
;WIDTH:0.565854
G1 X57.475 Y49.992 E.03394
;WIDTH:0.54459
G1 X56.788 Y49.573 E.03358
;WIDTH:0.522286
G1 X56.689 Y49.508 E.00471
;WIDTH:0.515837
G1 X56.677 Y49.373 E.00532
;WIDTH:0.482918
G1 X56.665 Y49.239 E.00495
;WIDTH:0.449999
G1 X57.571 Y47.817 E.05706
G1 X57.638 Y47.755 E.00309
G1 X57.817 Y47.758 E.00606
G1 X58.529 Y48.178 E.028
G1 X59.075 Y48.462 E.02082
G1 X59.714 Y48.748 E.02369
G1 X61.186 Y49.358 E.05394
G1 X61.84 Y49.607 E.02369
G1 X62.504 Y49.816 E.02358
G1 X63.188 Y49.989 E.02386
M204 S10000
G1 X63.34 Y49.55 F7200
M204 S1500
;TYPE:Inner wall
;WIDTH:0.518212
G1 F902
G1 X62.981 Y49.473 E.01448
;WIDTH:0.492134
G1 X62.623 Y49.396 E.01368
;WIDTH:0.466056
G1 X61.975 Y49.217 E.02366
;WIDTH:0.417306
G1 X61.33 Y48.996 E.02125
;WIDTH:0.37168
G1 X60.574 Y48.699 E.02219
;WIDTH:0.373088
G1 X59.829 Y48.373 E.02232
;WIDTH:0.41909
G1 X59.211 Y48.067 E.02159
;WIDTH:0.46693
G1 X58.537 Y47.675 E.02749
;WIDTH:0.492866
G1 X58.294 Y47.517 E.01083
;WIDTH:0.518802
G1 X58.051 Y47.359 E.01145
M204 S10000
G1 E-.8 F1800
G1 X56.068 Y48.516 Z31.2 F7200
G1 Z30.8
G1 E.8 F1800
M204 S500
;TYPE:Internal solid infill
;WIDTH:0.542136
G1 F902
G1 X56.005 Y48.516 E.00259
G1 X55.974 Y48.57 E.00259
G1 X56.005 Y48.624 E.00259
G1 X56.068 Y48.624 E.00259
G1 X56.079 Y48.604 E.00093
M204 S10000
G1 E-.8 F1800
G1 X63.16 Y51.453 Z31.2 F7200
G1 X63.952 Y51.772 Z31.2
G1 Z30.8
G1 E.8 F1800
M204 S500
;WIDTH:0.552922
G1 F902
G1 X63.888 Y51.772 E.0027
G1 X63.856 Y51.827 E.0027
G1 X63.888 Y51.882 E.0027
G1 X63.952 Y51.882 E.0027
G1 X63.964 Y51.862 E.00101
; stop printing object fidget-finger-massager-2000-roller_plain.stl id:4713352688601451214 copy 0
;LAYER_CHANGE
;Z:31
;HEIGHT:0.200001
G92 E0
;_SET_FAN_SPEED_CHANGING_LAYER
; printing object fidget-finger-massager-2000-roller_plain.stl id:4713352688601451214 copy 0
M204 S10000
G1 E-.8 F1800
G1 X58.055 Y47.361 Z31.4 F7200
G1 Z31
G1 E.8 F1800
M204 S1500
;TYPE:Inner wall
;WIDTH:0.533318
G1 F903
G1 X57.923 Y47.293 E.00602
;WIDTH:0.558758
G1 X57.408 Y47.33 E.02219
G1 X57.173 Y47.563 E.01419
;WIDTH:0.536648
G1 X56.701 Y48.355 E.03783
;WIDTH:0.493324
G1 X56.229 Y49.147 E.03451
;WIDTH:0.449999
G1 X56.302 Y49.367 E.00785
G1 X55.742 Y48.914 E.02438
G1 X55.363 Y48.583 E.01702
G1 X55.713 Y48.233 E.01675
;WIDTH:0.493324
G1 X56.164 Y47.808 E.02319
;WIDTH:0.536648
G1 X56.615 Y47.384 E.02542
;WIDTH:0.558758
G1 X57.27 Y46.753 E.03903
G1 X57.448 Y46.904 E.01001
G1 X58.023 Y47.337 E.03086
M204 S10000
G1 E-.8 F1800
G1 X63.381 Y49.565 Z31.4 F7200
G1 Z31
G1 E.8 F1800
M204 S1500
;WIDTH:0.537801
G1 F903
G1 X63.34 Y49.55 E.00182
G1 X63.527 Y49.589 E.00787
;WIDTH:0.558759
G1 X64.324 Y49.675 E.03441
G1 X64.324 Y49.758 E.00359
G1 X64.335 Y50.373 E.02637
;WIDTH:0.536649
G1 X64.365 Y51.346 E.03995
;WIDTH:0.493324
G1 X64.394 Y52.318 E.03644
;WIDTH:0.449999
G1 X63.877 Y52.284 E.01752
G1 X63.171 Y52.208 E.02403
G1 X63.374 Y52.072 E.00825
G1 X63.464 Y51.722 E.01222
;WIDTH:0.493324
G1 X63.642 Y51.019 E.02715
;WIDTH:0.536649
G1 X63.82 Y50.317 E.02977
;WIDTH:0.558759
G1 X63.819 Y49.986 E.01419
G1 X63.519 Y49.614 E.02051
;WIDTH:0.537801
G1 X63.419 Y49.578 E.00436
M204 S500
G1 X64.807 Y49.207 F7200
;TYPE:Outer wall
;WIDTH:0.449999
G1 F903
G1 X64.807 Y52.758 E.12019
G1 X64.188 Y52.74 E.02098
G1 X63.413 Y52.674 E.02632
;WIDTH:0.486157
G1 X62.984 Y52.596 E.01606
;WIDTH:0.522315
G1 X62.555 Y52.518 E.01738
;WIDTH:0.543928
G1 X61.755 Y52.348 E.0341
;WIDTH:0.56588
G1 X60.954 Y52.13 E.03608
;WIDTH:0.589268
G1 X60.133 Y51.854 E.03934
;WIDTH:0.599697
G1 X59.373 Y51.556 E.03783
G1 X58.625 Y51.226 E.03784
;WIDTH:0.588148
G1 X57.877 Y50.849 E.03798
;WIDTH:0.564948
G1 X57.142 Y50.423 E.03684
;WIDTH:0.540348
G1 X56.379 Y49.92 E.03781
;WIDTH:0.515835
G1 X56.1 Y49.731 E.01328
;WIDTH:0.482917
G1 X55.82 Y49.541 E.01235
;WIDTH:0.449999
G1 X55.187 Y49.006 E.02805
G1 X54.748 Y48.592 E.02043
G1 X57.259 Y46.081 E.12019
G1 X57.755 Y46.53 E.02265
G1 X58.324 Y46.985 E.02467
G1 X58.9 Y47.388 E.02379
G1 X59.449 Y47.727 E.02184
G1 X60.033 Y48.039 E.02241
G1 X60.742 Y48.362 E.02638
G1 X61.424 Y48.619 E.02465
G1 X62.12 Y48.83 E.02465
G1 X62.848 Y49 E.0253
G1 X63.573 Y49.119 E.02486
G1 X64.304 Y49.191 E.02486
G1 X64.767 Y49.206 E.01569
G1 X63.226 Y49.999 F7200
G1 F903
G1 X63.376 Y50.142 E.007
G1 X62.983 Y51.896 E.06084
;WIDTH:0.482789
G1 X62.885 Y51.965 E.00438
;WIDTH:0.515579
G1 X62.788 Y52.034 E.0047
;WIDTH:0.541544
G1 X61.939 Y51.834 E.03615
;WIDTH:0.564936
G1 X61.155 Y51.6 E.03553
;WIDTH:0.587541
G1 X60.385 Y51.32 E.03707
;WIDTH:0.599697
G1 X58.899 Y50.704 E.07447
;WIDTH:0.588272
G1 X58.163 Y50.362 E.03682
;WIDTH:0.565911
G1 X57.512 Y50.012 E.03213
;WIDTH:0.545744
G1 X56.788 Y49.572 E.03543
;WIDTH:0.52225
G1 X56.689 Y49.508 E.00468
;WIDTH:0.515835
G1 X56.677 Y49.373 E.00532
;WIDTH:0.482917
G1 X56.665 Y49.239 E.00495
;WIDTH:0.449999
G1 X57.571 Y47.817 E.05706
G1 X57.638 Y47.754 E.00309
G1 X57.818 Y47.758 E.0061
G1 X58.457 Y48.14 E.02521
G1 X59.075 Y48.462 E.02358
G1 X59.714 Y48.748 E.02369
G1 X61.049 Y49.301 E.04894
G1 X61.84 Y49.607 E.0287
G1 X62.504 Y49.816 E.02356
G1 X63.188 Y49.989 E.02386
M204 S10000
G1 X63.34 Y49.55 F7200
M204 S1500
;TYPE:Inner wall
;WIDTH:0.518212
G1 F903
G1 X62.981 Y49.473 E.01448
;WIDTH:0.492125
G1 X62.623 Y49.396 E.01368
;WIDTH:0.466038
G1 X61.977 Y49.218 E.0236
;WIDTH:0.41741
G1 X61.585 Y49.081 E.01294
;WIDTH:0.390468
G1 X61.192 Y48.944 E.012
;WIDTH:0.363526
G1 X60.575 Y48.699 E.01772
;WIDTH:0.372404
G1 X59.839 Y48.377 E.02198
;WIDTH:0.419214
G1 X59.208 Y48.065 E.02204
;WIDTH:0.444684
G1 X58.872 Y47.87 E.01297
;WIDTH:0.470154
G1 X58.536 Y47.676 E.0138
;WIDTH:0.518212
G1 X58.055 Y47.361 E.02272
M204 S10000
G1 E-.8 F1800
G1 X56.068 Y48.516 Z31.4 F7200
G1 Z31
G1 E.8 F1800
M204 S500
;TYPE:Internal solid infill
;WIDTH:0.542158
G1 F903
G1 X56.005 Y48.516 E.00259
G1 X55.974 Y48.57 E.00259
G1 X56.005 Y48.624 E.00259
G1 X56.068 Y48.624 E.00259
G1 X56.079 Y48.604 E.00093
M204 S10000
G1 E-.8 F1800
G1 X63.16 Y51.453 Z31.4 F7200
G1 X63.952 Y51.772 Z31.4
G1 Z31
G1 E.8 F1800
M204 S500
;WIDTH:0.552342
G1 F903
G1 X63.889 Y51.772 E.0027
G1 X63.857 Y51.827 E.0027
G1 X63.889 Y51.883 E.0027
G1 X63.952 Y51.883 E.0027
G1 X63.964 Y51.862 E.001
; stop printing object fidget-finger-massager-2000-roller_plain.stl id:4713352688601451214 copy 0
;LAYER_CHANGE
;Z:31.2
;HEIGHT:0.200001
G92 E0
;_SET_FAN_SPEED_CHANGING_LAYER
; printing object fidget-finger-massager-2000-roller_plain.stl id:4713352688601451214 copy 0
M204 S10000
G1 E-.8 F1800
G1 X58.055 Y47.361 Z31.6 F7200
G1 Z31.2
G1 E.8 F1800
M204 S1500
;TYPE:Inner wall
;WIDTH:0.533317
G1 F902
G1 X57.923 Y47.293 E.00602
;WIDTH:0.558758
G1 X57.408 Y47.33 E.02219
G1 X57.173 Y47.563 E.01419
;WIDTH:0.536649
G1 X56.701 Y48.355 E.03783
;WIDTH:0.493324
G1 X56.229 Y49.147 E.03451
;WIDTH:0.449999
G1 X56.302 Y49.367 E.00785
G1 X55.742 Y48.914 E.02438
G1 X55.363 Y48.583 E.01702
G1 X55.713 Y48.233 E.01675
;WIDTH:0.493324
G1 X56.164 Y47.808 E.0232
;WIDTH:0.536649
G1 X56.615 Y47.384 E.02543
;WIDTH:0.558758
G1 X57.27 Y46.753 E.03902
G1 X57.448 Y46.904 E.01001
G1 X58.023 Y47.337 E.03086
M204 S10000
G1 E-.8 F1800
G1 X63.381 Y49.565 Z31.6 F7200
G1 Z31.2
G1 E.8 F1800
M204 S1500
;WIDTH:0.537799
G1 F902
G1 X63.34 Y49.55 E.00182
G1 X63.527 Y49.589 E.00787
;WIDTH:0.558759
G1 X64.324 Y49.675 E.03441
G1 X64.324 Y49.758 E.00359
G1 X64.335 Y50.373 E.02637
;WIDTH:0.536648
G1 X64.365 Y51.346 E.03995
;WIDTH:0.493324
G1 X64.394 Y52.318 E.03644
;WIDTH:0.449999
G1 X63.877 Y52.284 E.01752
G1 X63.19 Y52.212 E.02338
M73 P97 R0
G1 X63.355 Y52.109 E.00658
G1 X63.464 Y51.722 E.0136
;WIDTH:0.493324
G1 X63.642 Y51.019 E.02715
;WIDTH:0.536648
G1 X63.82 Y50.317 E.02977
;WIDTH:0.558759
G1 X63.819 Y49.986 E.01419
G1 X63.519 Y49.614 E.02051
;WIDTH:0.537799
G1 X63.419 Y49.578 E.00436
M204 S500
G1 X64.807 Y49.207 F7200
;TYPE:Outer wall
;WIDTH:0.449999
G1 F902
G1 X64.807 Y52.758 E.12019
G1 X64.188 Y52.74 E.02097
G1 X63.363 Y52.669 E.02802
;WIDTH:0.486736
G1 X62.938 Y52.59 E.01596
;WIDTH:0.523473
G1 X62.513 Y52.51 E.01728
;WIDTH:0.544445
G1 X61.742 Y52.345 E.03287
;WIDTH:0.565969
G1 X60.955 Y52.13 E.03551
;WIDTH:0.588363
G1 X60.161 Y51.864 E.03796
;WIDTH:0.599739
G1 X59.42 Y51.575 E.03685
G1 X58.629 Y51.228 E.03997
;WIDTH:0.588231
G1 X57.877 Y50.849 E.03821
;WIDTH:0.564905
G1 X57.141 Y50.424 E.03687
;WIDTH:0.541383
G1 X56.379 Y49.92 E.03786
;WIDTH:0.515836
G1 X56.1 Y49.731 E.01328
;WIDTH:0.482918
G1 X55.82 Y49.541 E.01235
;WIDTH:0.449999
G1 X55.187 Y49.006 E.02805
G1 X54.748 Y48.592 E.02043
G1 X57.259 Y46.081 E.12019
G1 X57.755 Y46.53 E.02265
G1 X58.324 Y46.985 E.02467
G1 X58.9 Y47.388 E.0238
G1 X59.449 Y47.727 E.02183
G1 X60.043 Y48.044 E.02279
G1 X60.743 Y48.363 E.02602
G1 X61.462 Y48.631 E.02597
G1 X62.124 Y48.831 E.02341
G1 X62.848 Y49 E.02519
G1 X63.573 Y49.119 E.02486
G1 X64.304 Y49.191 E.02486
G1 X64.767 Y49.206 E.01569
G1 X63.226 Y49.999 F7200
G1 F902
G1 X63.376 Y50.142 E.007
G1 X62.977 Y51.907 E.06125
;WIDTH:0.482464
G1 X62.882 Y51.97 E.00419
;WIDTH:0.514928
G1 X62.786 Y52.033 E.0045
;WIDTH:0.541389
G1 X61.939 Y51.834 E.03609
;WIDTH:0.564907
G1 X61.155 Y51.6 E.03553
;WIDTH:0.588247
G1 X60.392 Y51.323 E.03677
;WIDTH:0.599739
G1 X58.899 Y50.705 E.07483
;WIDTH:0.588332
G1 X58.163 Y50.362 E.03683
;WIDTH:0.565967
G1 X57.472 Y49.991 E.03411
;WIDTH:0.544447
G1 X56.788 Y49.573 E.03341
;WIDTH:0.522288
G1 X56.689 Y49.508 E.00471
;WIDTH:0.515836
G1 X56.677 Y49.373 E.00532
;WIDTH:0.482918
G1 X56.665 Y49.239 E.00495
;WIDTH:0.449999
G1 X57.571 Y47.817 E.05706
G1 X57.638 Y47.754 E.00309
G1 X57.818 Y47.758 E.0061
G1 X58.457 Y48.14 E.02521
G1 X59.075 Y48.462 E.02358
G1 X59.714 Y48.748 E.02369
G1 X61.186 Y49.358 E.05394
G1 X61.84 Y49.607 E.02369
G1 X62.504 Y49.816 E.02358
G1 X63.188 Y49.989 E.02386
M204 S10000
G1 X63.34 Y49.55 F7200
M204 S1500
;TYPE:Inner wall
;WIDTH:0.51821
G1 F902
G1 X62.981 Y49.473 E.01448
;WIDTH:0.492114
G1 X62.623 Y49.396 E.01368
;WIDTH:0.466018
G1 X61.975 Y49.217 E.02365
;WIDTH:0.417464
G1 X61.315 Y48.991 E.02174
;WIDTH:0.369924
G1 X60.575 Y48.699 E.02163
;WIDTH:0.371726
G1 X59.849 Y48.382 E.02165
;WIDTH:0.419334
G1 X59.205 Y48.063 E.0225
;WIDTH:0.444745
G1 X58.87 Y47.87 E.01292
;WIDTH:0.470156
G1 X58.536 Y47.676 E.01374
;WIDTH:0.518212
G1 X58.055 Y47.361 E.02272
M204 S10000
G1 E-.8 F1800
G1 X56.068 Y48.516 Z31.6 F7200
G1 Z31.2
G1 E.8 F1800
M204 S500
;TYPE:Internal solid infill
;WIDTH:0.542156
G1 F902
G1 X56.005 Y48.516 E.00259
G1 X55.974 Y48.57 E.00259
G1 X56.005 Y48.624 E.00259
G1 X56.068 Y48.624 E.00259
G1 X56.079 Y48.604 E.00093
M204 S10000
G1 E-.8 F1800
G1 X63.16 Y51.453 Z31.6 F7200
G1 X63.952 Y51.772 Z31.6
G1 Z31.2
G1 E.8 F1800
M204 S500
;WIDTH:0.552942
G1 F902
G1 X63.888 Y51.772 E.0027
G1 X63.856 Y51.827 E.0027
G1 X63.888 Y51.882 E.0027
G1 X63.952 Y51.882 E.0027
G1 X63.964 Y51.862 E.00101
; stop printing object fidget-finger-massager-2000-roller_plain.stl id:4713352688601451214 copy 0
;LAYER_CHANGE
;Z:31.4
;HEIGHT:0.199999
G92 E0
;_SET_FAN_SPEED_CHANGING_LAYER
; printing object fidget-finger-massager-2000-roller_plain.stl id:4713352688601451214 copy 0
M204 S10000
G1 E-.8 F1800
G1 X58.055 Y47.361 Z31.8 F7200
G1 Z31.4
G1 E.8 F1800
M204 S1500
;TYPE:Inner wall
;WIDTH:0.533318
G1 F902
G1 X57.923 Y47.293 E.00602
;WIDTH:0.558758
G1 X57.408 Y47.33 E.02218
G1 X57.173 Y47.563 E.01419
;WIDTH:0.536649
G1 X56.701 Y48.355 E.03783
;WIDTH:0.493324
G1 X56.229 Y49.147 E.03451
;WIDTH:0.449999
G1 X56.302 Y49.367 E.00785
G1 X55.742 Y48.914 E.02438
G1 X55.363 Y48.583 E.01702
G1 X55.713 Y48.233 E.01675
;WIDTH:0.493324
G1 X56.164 Y47.808 E.02319
;WIDTH:0.536649
G1 X56.615 Y47.384 E.02543
;WIDTH:0.558758
G1 X57.27 Y46.753 E.03903
G1 X57.448 Y46.904 E.01001
G1 X58.023 Y47.337 E.03086
M204 S10000
G1 E-.8 F1800
G1 X63.381 Y49.565 Z31.8 F7200
G1 Z31.4
G1 E.8 F1800
M204 S1500
;WIDTH:0.537801
G1 F902
G1 X63.34 Y49.55 E.00182
G1 X63.527 Y49.589 E.00787
;WIDTH:0.558759
G1 X64.324 Y49.675 E.03441
G1 X64.324 Y49.758 E.00359
G1 X64.335 Y50.373 E.02637
;WIDTH:0.536649
G1 X64.365 Y51.346 E.03995
;WIDTH:0.493324
G1 X64.394 Y52.318 E.03644
;WIDTH:0.449999
G1 X63.877 Y52.284 E.01752
G1 X63.19 Y52.212 E.02338
G1 X63.355 Y52.11 E.00657
G1 X63.464 Y51.722 E.01363
;WIDTH:0.493324
G1 X63.642 Y51.019 E.02715
;WIDTH:0.536649
G1 X63.82 Y50.317 E.02977
;WIDTH:0.558759
G1 X63.819 Y49.986 E.01419
G1 X63.519 Y49.614 E.02051
;WIDTH:0.537801
G1 X63.419 Y49.578 E.00436
M204 S500
G1 X64.807 Y49.207 F7200
;TYPE:Outer wall
;WIDTH:0.449999
G1 F902
G1 X64.807 Y52.758 E.12019
G1 X64.188 Y52.74 E.02098
G1 X63.364 Y52.67 E.028
;WIDTH:0.486146
G1 X62.96 Y52.594 E.01513
;WIDTH:0.522293
G1 X62.556 Y52.519 E.01637
;WIDTH:0.544077
G1 X61.751 Y52.347 E.0343
;WIDTH:0.566016
G1 X60.954 Y52.13 E.03593
;WIDTH:0.588911
G1 X60.15 Y51.86 E.0385
;WIDTH:0.599788
G1 X59.386 Y51.561 E.03802
G1 X58.635 Y51.23 E.03801
;WIDTH:0.588342
G1 X57.877 Y50.849 E.03848
;WIDTH:0.564868
G1 X57.142 Y50.424 E.03685
;WIDTH:0.540882
G1 X56.379 Y49.92 E.03784
;WIDTH:0.515836
G1 X56.1 Y49.731 E.01328
;WIDTH:0.482918
G1 X55.82 Y49.541 E.01235
;WIDTH:0.449999
G1 X55.187 Y49.006 E.02805
G1 X54.748 Y48.592 E.02043
G1 X57.259 Y46.081 E.12019
G1 X57.755 Y46.53 E.02265
G1 X58.324 Y46.985 E.02467
G1 X58.9 Y47.388 E.0238
G1 X59.449 Y47.727 E.02183
G1 X60.053 Y48.049 E.02316
G1 X60.743 Y48.362 E.02564
G1 X61.451 Y48.627 E.02561
G1 X62.127 Y48.832 E.02389
G1 X62.848 Y49 E.02508
G1 X63.573 Y49.119 E.02486
G1 X64.304 Y49.191 E.02486
G1 X64.767 Y49.206 E.01569
G1 X63.226 Y49.999 F7200
G1 F902
G1 X63.376 Y50.142 E.007
G1 X62.977 Y51.907 E.06126
;WIDTH:0.482917
G1 X62.882 Y51.971 E.00419
;WIDTH:0.515835
G1 X62.787 Y52.034 E.0045
;WIDTH:0.541502
G1 X61.939 Y51.834 E.03612
;WIDTH:0.564863
G1 X61.155 Y51.6 E.03553
;WIDTH:0.587915
G1 X60.385 Y51.32 E.0371
;WIDTH:0.599788
G1 X58.899 Y50.705 E.07448
;WIDTH:0.588456
G1 X58.163 Y50.362 E.03683
;WIDTH:0.566028
G1 X57.49 Y50 E.03323
;WIDTH:0.544997
G1 X56.788 Y49.572 E.03431
;WIDTH:0.522271
G1 X56.689 Y49.508 E.0047
;WIDTH:0.515836
G1 X56.677 Y49.373 E.00532
;WIDTH:0.482918
G1 X56.665 Y49.239 E.00495
;WIDTH:0.449999
G1 X57.571 Y47.817 E.05706
G1 X57.638 Y47.754 E.00309
G1 X57.818 Y47.758 E.0061
G1 X58.457 Y48.14 E.02521
G1 X59.075 Y48.462 E.02358
G1 X59.714 Y48.748 E.02369
G1 X61.186 Y49.358 E.05394
G1 X61.84 Y49.607 E.02369
G1 X62.504 Y49.816 E.02358
G1 X63.188 Y49.989 E.02386
M204 S10000
G1 X63.34 Y49.55 F7200
M204 S1500
;TYPE:Inner wall
;WIDTH:0.518212
G1 F902
G1 X62.981 Y49.473 E.01448
;WIDTH:0.492105
G1 X62.623 Y49.396 E.01368
;WIDTH:0.465998
G1 X61.975 Y49.217 E.02365
;WIDTH:0.417544
G1 X61.304 Y48.987 E.0221
;WIDTH:0.36891
G1 X60.576 Y48.699 E.02124
;WIDTH:0.371044
G1 X59.859 Y48.387 E.02132
;WIDTH:0.419456
G1 X59.202 Y48.062 E.02295
;WIDTH:0.444806
G1 X58.869 Y47.869 E.01287
;WIDTH:0.470156
G1 X58.536 Y47.676 E.01368
;WIDTH:0.518212
G1 X58.055 Y47.361 E.02272
M204 S10000
G1 E-.8 F1800
G1 X56.068 Y48.516 Z31.8 F7200
G1 Z31.4
G1 E.8 F1800
M204 S500
;TYPE:Internal solid infill
;WIDTH:0.542156
G1 F902
G1 X56.005 Y48.516 E.00259
G1 X55.974 Y48.57 E.00259
G1 X56.005 Y48.624 E.00259
G1 X56.068 Y48.624 E.00259
G1 X56.079 Y48.604 E.00093
M204 S10000
G1 E-.8 F1800
G1 X63.16 Y51.453 Z31.8 F7200
G1 X63.952 Y51.772 Z31.8
G1 Z31.4
G1 E.8 F1800
M204 S500
;WIDTH:0.552974
G1 F902
G1 X63.888 Y51.772 E.0027
G1 X63.856 Y51.827 E.0027
G1 X63.888 Y51.882 E.0027
G1 X63.952 Y51.882 E.0027
G1 X63.964 Y51.862 E.00101
; stop printing object fidget-finger-massager-2000-roller_plain.stl id:4713352688601451214 copy 0
;LAYER_CHANGE
;Z:31.6
;HEIGHT:0.200001
G92 E0
;_SET_FAN_SPEED_CHANGING_LAYER
; printing object fidget-finger-massager-2000-roller_plain.stl id:4713352688601451214 copy 0
M204 S10000
G1 E-.8 F1800
G1 X58.055 Y47.361 Z32 F7200
G1 Z31.6
G1 E.8 F1800
M204 S1500
;TYPE:Inner wall
;WIDTH:0.533317
G1 F933
G1 X57.923 Y47.293 E.00602
;WIDTH:0.558758
G1 X57.408 Y47.33 E.02219
G1 X57.173 Y47.563 E.01419
;WIDTH:0.536648
G1 X56.701 Y48.355 E.03783
;WIDTH:0.493324
G1 X56.229 Y49.147 E.03451
;WIDTH:0.449999
G1 X56.302 Y49.367 E.00785
G1 X55.742 Y48.914 E.02438
G1 X55.363 Y48.583 E.01702
G1 X55.713 Y48.233 E.01675
;WIDTH:0.493324
G1 X56.164 Y47.808 E.0232
;WIDTH:0.536648
G1 X56.615 Y47.384 E.02543
;WIDTH:0.558758
G1 X57.27 Y46.753 E.03902
G1 X57.448 Y46.904 E.01001
G1 X58.023 Y47.337 E.03086
M204 S10000
G1 E-.8 F1800
G1 X63.381 Y49.565 Z32 F7200
G1 Z31.6
G1 E.8 F1800
M204 S1500
;WIDTH:0.537801
G1 F933
G1 X63.34 Y49.55 E.00182
G1 X63.527 Y49.589 E.00787
;WIDTH:0.558759
G1 X64.324 Y49.675 E.03441
G1 X64.324 Y49.758 E.00359
G1 X64.335 Y50.373 E.02637
;WIDTH:0.536649
G1 X64.365 Y51.346 E.03995
;WIDTH:0.493324
G1 X64.394 Y52.318 E.03644
;WIDTH:0.449999
G1 X63.877 Y52.284 E.01752
G1 X63.19 Y52.212 E.02338
G1 X63.355 Y52.11 E.00658
G1 X63.464 Y51.722 E.01362
;WIDTH:0.493324
G1 X63.642 Y51.019 E.02715
;WIDTH:0.536649
G1 X63.82 Y50.317 E.02977
;WIDTH:0.558759
G1 X63.819 Y49.986 E.01419
G1 X63.519 Y49.614 E.02051
;WIDTH:0.537801
G1 X63.419 Y49.578 E.00436
M204 S500
G1 X64.807 Y49.207 F7200
;TYPE:Outer wall
;WIDTH:0.449999
G1 F933
G1 X64.807 Y52.758 E.12019
G1 X64.188 Y52.74 E.02097
M73 P98 R0
G1 X63.363 Y52.669 E.02801
;WIDTH:0.486347
G1 X62.953 Y52.593 E.01542
;WIDTH:0.522695
G1 X62.542 Y52.516 E.01668
;WIDTH:0.544302
G1 X61.746 Y52.346 E.03392
;WIDTH:0.566098
G1 X60.954 Y52.13 E.0357
;WIDTH:0.58855
G1 X60.161 Y51.864 E.03796
;WIDTH:0.599831
G1 X59.406 Y51.57 E.03751
G1 X58.639 Y51.232 E.03879
;WIDTH:0.588965
G1 X57.877 Y50.849 E.03876
;WIDTH:0.564828
G1 X57.141 Y50.424 E.03687
;WIDTH:0.541432
G1 X56.379 Y49.92 E.03786
;WIDTH:0.515836
G1 X56.1 Y49.731 E.01328
;WIDTH:0.482918
G1 X55.82 Y49.541 E.01235
;WIDTH:0.449999
G1 X55.187 Y49.006 E.02805
G1 X54.748 Y48.592 E.02043
G1 X57.259 Y46.081 E.12019
G1 X57.755 Y46.53 E.02265
G1 X58.324 Y46.985 E.02467
G1 X58.901 Y47.388 E.0238
G1 X59.449 Y47.727 E.02183
G1 X60.074 Y48.06 E.02399
G1 X60.742 Y48.362 E.02481
G1 X61.442 Y48.624 E.0253
G1 X62.13 Y48.833 E.02431
G1 X62.848 Y49 E.02497
G1 X63.573 Y49.119 E.02486
G1 X64.304 Y49.191 E.02486
G1 X64.767 Y49.206 E.01569
G1 X63.226 Y49.999 F7200
G1 F933
G1 X63.376 Y50.142 E.007
G1 X62.977 Y51.907 E.06125
;WIDTH:0.482757
G1 X62.882 Y51.97 E.00419
;WIDTH:0.515514
G1 X62.787 Y52.034 E.0045
;WIDTH:0.541434
G1 X61.939 Y51.834 E.03611
;WIDTH:0.564827
G1 X61.155 Y51.6 E.03552
;WIDTH:0.588358
G1 X60.385 Y51.32 E.03713
;WIDTH:0.599831
G1 X58.934 Y50.719 E.07272
;WIDTH:0.589075
G1 X58.163 Y50.362 E.03859
;WIDTH:0.566106
G1 X57.469 Y49.989 E.03429
;WIDTH:0.544304
G1 X56.788 Y49.573 E.03325
;WIDTH:0.52229
G1 X56.689 Y49.508 E.00471
;WIDTH:0.515836
G1 X56.677 Y49.373 E.00532
;WIDTH:0.482918
G1 X56.665 Y49.239 E.00495
;WIDTH:0.449999
G1 X57.571 Y47.817 E.05706
G1 X57.638 Y47.754 E.00309
G1 X57.818 Y47.758 E.0061
G1 X58.457 Y48.14 E.02521
G1 X59.075 Y48.462 E.02358
G1 X59.714 Y48.748 E.02369
G1 X61.186 Y49.358 E.05394
G1 X61.84 Y49.607 E.02369
G1 X62.504 Y49.816 E.02358
G1 X63.188 Y49.989 E.02386
M204 S10000
G1 E-.8 F1800
G1 X58.055 Y47.361 Z32 F7200
G1 Z31.6
G1 E.8 F1800
M204 S1500
;TYPE:Inner wall
;WIDTH:0.518212
G1 F933
G1 X58.536 Y47.676 E.02272
;WIDTH:0.470156
G1 X58.868 Y47.868 E.01362
;WIDTH:0.444867
G1 X59.199 Y48.06 E.01282
;WIDTH:0.419578
G1 X59.868 Y48.391 E.02335
;WIDTH:0.37061
G1 X60.576 Y48.699 E.02106
;WIDTH:0.366742
G1 X61.281 Y48.978 E.0204
;WIDTH:0.392185
G1 X61.628 Y49.098 E.01067
;WIDTH:0.417628
G1 X61.975 Y49.217 E.01144
;WIDTH:0.46598
G1 X62.623 Y49.396 E.02365
;WIDTH:0.492096
G1 X62.981 Y49.473 E.01368
;WIDTH:0.518212
G1 X63.34 Y49.55 E.01448
M204 S10000
G1 E-.8 F1800
G1 X63.952 Y51.772 Z32 F7200
G1 Z31.6
G1 E.8 F1800
M204 S500
;TYPE:Internal solid infill
;WIDTH:0.552962
G1 F933
G1 X63.888 Y51.772 E.0027
G1 X63.856 Y51.827 E.0027
G1 X63.888 Y51.882 E.0027
G1 X63.952 Y51.882 E.0027
G1 X63.964 Y51.862 E.00101
M204 S10000
G1 E-.8 F1800
G1 X56.936 Y48.884 Z32 F7200
G1 X56.068 Y48.516 Z32
G1 Z31.6
G1 E.8 F1800
M204 S500
;WIDTH:0.542158
G1 F933
G1 X56.005 Y48.516 E.00259
G1 X55.974 Y48.57 E.00259
G1 X56.005 Y48.624 E.00259
G1 X56.068 Y48.624 E.00259
G1 X56.079 Y48.604 E.00093
; stop printing object fidget-finger-massager-2000-roller_plain.stl id:4713352688601451214 copy 0
;LAYER_CHANGE
;Z:31.8
;HEIGHT:0.199999
G92 E0
;_SET_FAN_SPEED_CHANGING_LAYER
; printing object fidget-finger-massager-2000-roller_plain.stl id:4713352688601451214 copy 0
M204 S10000
G1 E-.8 F1800
G1 X58.055 Y47.361 Z32.2 F7200
G1 Z31.8
G1 E.8 F1800
M204 S1500
;TYPE:Inner wall
;WIDTH:0.533261
G1 F903
G1 X57.923 Y47.293 E.00602
;WIDTH:0.558603
G1 X57.408 Y47.33 E.02217
G1 X57.173 Y47.563 E.0142
;WIDTH:0.536479
G1 X56.701 Y48.355 E.03783
;WIDTH:0.493239
G1 X56.229 Y49.147 E.03451
;WIDTH:0.449999
G1 X56.301 Y49.367 E.00784
G1 X55.742 Y48.914 E.02436
G1 X55.363 Y48.583 E.01702
G1 X55.713 Y48.233 E.01675
;WIDTH:0.493239
G1 X56.163 Y47.809 E.02315
;WIDTH:0.536479
G1 X56.613 Y47.386 E.02537
;WIDTH:0.558603
G1 X57.271 Y46.753 E.03912
G1 X57.448 Y46.904 E.01001
G1 X58.023 Y47.337 E.03084
M204 S10000
G1 E-.8 F1800
G1 X63.381 Y49.565 Z32.2 F7200
G1 Z31.8
G1 E.8 F1800
M204 S1500
;WIDTH:0.537801
G1 F903
G1 X63.34 Y49.55 E.00182
G1 X63.527 Y49.589 E.00787
;WIDTH:0.558759
G1 X64.324 Y49.675 E.03441
G1 X64.324 Y49.758 E.00359
G1 X64.335 Y50.373 E.02637
;WIDTH:0.536649
G1 X64.365 Y51.346 E.03995
;WIDTH:0.493324
G1 X64.394 Y52.318 E.03644
;WIDTH:0.449999
G1 X63.877 Y52.284 E.01752
G1 X63.19 Y52.212 E.02338
G1 X63.355 Y52.11 E.00657
G1 X63.464 Y51.722 E.01363
;WIDTH:0.493324
G1 X63.642 Y51.019 E.02715
;WIDTH:0.536649
G1 X63.82 Y50.317 E.02977
;WIDTH:0.558759
G1 X63.819 Y49.986 E.01419
G1 X63.519 Y49.614 E.02051
;WIDTH:0.537801
G1 X63.419 Y49.578 E.00436
M204 S500
G1 X64.807 Y49.207 F7200
;TYPE:Outer wall
;WIDTH:0.449999
G1 F903
G1 X64.807 Y52.758 E.12019
G1 X64.188 Y52.74 E.02098
G1 X63.364 Y52.67 E.028
;WIDTH:0.486154
G1 X62.96 Y52.594 E.01515
;WIDTH:0.522308
G1 X62.556 Y52.519 E.01638
;WIDTH:0.544226
G1 X61.748 Y52.346 E.03443
;WIDTH:0.566257
G1 X60.951 Y52.129 E.03595
;WIDTH:0.588648
G1 X60.161 Y51.864 E.03781
;WIDTH:0.599878
G1 X59.399 Y51.567 E.03784
G1 X58.638 Y51.232 E.03852
;WIDTH:0.58837
G1 X57.877 Y50.849 E.03866
;WIDTH:0.564788
G1 X57.141 Y50.424 E.03686
;WIDTH:0.541458
G1 X56.379 Y49.92 E.03786
;WIDTH:0.515836
G1 X56.1 Y49.731 E.01327
;WIDTH:0.482918
G1 X55.821 Y49.541 E.01235
;WIDTH:0.449999
G1 X55.187 Y49.006 E.02807
G1 X54.749 Y48.592 E.02043
G1 X57.26 Y46.081 E.12019
G1 X57.755 Y46.531 E.02264
G1 X58.324 Y46.985 E.02466
G1 X58.901 Y47.388 E.0238
G1 X59.449 Y47.727 E.02183
G1 X60.073 Y48.06 E.02393
G1 X60.742 Y48.362 E.02486
G1 X61.442 Y48.624 E.0253
G1 X62.133 Y48.834 E.02443
G1 X62.848 Y49 E.02486
G1 X63.573 Y49.119 E.02487
G1 X64.304 Y49.191 E.02486
G1 X64.767 Y49.206 E.01569
G1 X63.226 Y49.999 F7200
G1 F903
G1 X63.376 Y50.142 E.007
G1 X62.977 Y51.907 E.06126
;WIDTH:0.482911
G1 X62.882 Y51.971 E.00419
;WIDTH:0.515823
G1 X62.787 Y52.034 E.0045
;WIDTH:0.541461
G1 X61.939 Y51.834 E.03612
;WIDTH:0.564789
G1 X61.155 Y51.6 E.03552
;WIDTH:0.58831
G1 X60.385 Y51.32 E.03713
;WIDTH:0.599878
G1 X58.9 Y50.705 E.07443
;WIDTH:0.588669
G1 X58.166 Y50.364 E.03674
;WIDTH:0.566256
G1 X57.467 Y49.988 E.03453
;WIDTH:0.544234
G1 X56.788 Y49.573 E.03318
;WIDTH:0.522288
G1 X56.689 Y49.508 E.00471
;WIDTH:0.515836
G1 X56.677 Y49.373 E.00532
;WIDTH:0.482918
G1 X56.665 Y49.239 E.00495
;WIDTH:0.449999
G1 X57.571 Y47.817 E.05706
G1 X57.78 Y47.741 E.00753
G1 X58.311 Y48.053 E.02083
G1 X59.006 Y48.425 E.02669
G1 X59.708 Y48.746 E.02615
G1 X61.186 Y49.358 E.05413
G1 X61.84 Y49.607 E.02369
G1 X62.504 Y49.816 E.02358
G1 X63.188 Y49.989 E.02386
M204 S10000
G1 X63.34 Y49.55 F7200
M204 S1500
;TYPE:Inner wall
;WIDTH:0.518214
G1 F903
G1 X62.981 Y49.473 E.01448
;WIDTH:0.492084
G1 X62.623 Y49.396 E.01368
;WIDTH:0.465954
G1 X61.975 Y49.217 E.02365
;WIDTH:0.4177
G1 X61.629 Y49.098 E.01142
;WIDTH:0.392271
G1 X61.282 Y48.979 E.01064
;WIDTH:0.366842
G1 X60.576 Y48.699 E.02045
;WIDTH:0.370552
G1 X59.868 Y48.391 E.02106
;WIDTH:0.419702
G1 X59.196 Y48.059 E.02347
;WIDTH:0.444929
G1 X58.866 Y47.867 E.01276
;WIDTH:0.470156
G1 X58.536 Y47.676 E.01356
;WIDTH:0.518212
G1 X58.055 Y47.361 E.02272
M204 S10000
G1 E-.8 F1800
G1 X56.068 Y48.516 Z32.2 F7200
G1 Z31.8
G1 E.8 F1800
M204 S500
;TYPE:Internal solid infill
;WIDTH:0.541976
G1 F903
G1 X56.006 Y48.516 E.00259
G1 X55.974 Y48.57 E.00259
G1 X56.006 Y48.624 E.00259
G1 X56.068 Y48.624 E.00259
G1 X56.079 Y48.605 E.00093
M204 S10000
G1 E-.8 F1800
G1 X63.16 Y51.453 Z32.2 F7200
G1 X63.952 Y51.772 Z32.2
G1 Z31.8
G1 E.8 F1800
M204 S500
;WIDTH:0.552974
G1 F903
G1 X63.888 Y51.772 E.0027
G1 X63.856 Y51.827 E.0027
G1 X63.888 Y51.882 E.0027
G1 X63.952 Y51.882 E.0027
G1 X63.964 Y51.862 E.00101
; stop printing object fidget-finger-massager-2000-roller_plain.stl id:4713352688601451214 copy 0
;LAYER_CHANGE
;Z:32
;HEIGHT:0.200001
G92 E0
;_SET_FAN_SPEED_CHANGING_LAYER
; printing object fidget-finger-massager-2000-roller_plain.stl id:4713352688601451214 copy 0
M204 S10000
G1 E-.8 F1800
G1 X58.019 Y47.338 Z32.4 F7200
G1 Z32
G1 E.8 F1800
M204 S1500
;TYPE:Inner wall
;WIDTH:0.481657
G1 F891
G1 X57.815 Y47.243 E.00823
;WIDTH:0.51278
G1 X57.397 Y47.301 E.01648
G1 X57.177 Y47.52 E.01211
;WIDTH:0.497976
G1 X56.183 Y49.137 E.07185
;WIDTH:0.449999
G1 X56.217 Y49.25 E.00398
G1 X55.422 Y48.58 E.0352
G1 X55.743 Y48.258 E.0154
;WIDTH:0.497976
G1 X56.81 Y47.225 E.0562
;WIDTH:0.503141
G1 X56.839 Y47.2 E.00148
;WIDTH:0.51278
G1 X57.268 Y46.783 E.02333
G1 X57.726 Y47.127 E.02238
;WIDTH:0.476354
G1 X57.987 Y47.315 E.01159
M204 S10000
G1 E-.8 F1800
G1 X63.49 Y49.603 Z32.4 F7200
G1 Z32
G1 E.8 F1800
M204 S1500
;WIDTH:0.488999
G1 F891
G1 X63.381 Y49.559 E.00437
G1 X63.639 Y49.622 E.00986
;WIDTH:0.512783
G1 X64.305 Y49.698 E.02617
G1 X64.316 Y50.334 E.02484
;WIDTH:0.497978
G1 X64.347 Y52.275 E.07344
;WIDTH:0.449999
G1 X63.317 Y52.187 E.03499
G1 X63.395 Y52.136 E.00313
G1 X63.503 Y51.727 E.01432
;WIDTH:0.497978
G1 X63.848 Y50.283 E.0562
;WIDTH:0.512783
G1 X63.847 Y49.973 E.01211
G1 X63.625 Y49.656 E.0151
;WIDTH:0.488999
G1 X63.528 Y49.617 E.0039
M204 S500
G1 X64.768 Y49.248 F7200
;TYPE:Outer wall
;WIDTH:0.449999
G1 F891
G1 X64.768 Y52.717 E.11744
G1 X64.194 Y52.697 E.01945
G1 X63.37 Y52.627 E.028
;WIDTH:0.481735
G1 X62.37 Y52.458 E.037
;WIDTH:0.502853
G1 X61.623 Y52.291 E.02927
;WIDTH:0.524248
G1 X60.884 Y52.084 E.0307
M73 P99 R0
;WIDTH:0.545572
G1 X60.168 Y51.844 E.03157
;WIDTH:0.556798
G1 X59.408 Y51.547 E.03487
G1 X58.649 Y51.213 E.03542
;WIDTH:0.545314
G1 X57.918 Y50.847 E.03417
;WIDTH:0.523703
G1 X57.203 Y50.437 E.03295
;WIDTH:0.502737
G1 X56.4 Y49.908 E.03675
;WIDTH:0.475212
G1 X55.847 Y49.507 E.02455
;WIDTH:0.449999
G1 X55.215 Y48.974 E.02799
G1 X54.805 Y48.591 E.019
G1 X57.258 Y46.137 E.11744
G1 X57.564 Y46.427 E.01427
G1 X58.087 Y46.863 E.02304
G1 X58.636 Y47.266 E.02304
G1 X59.208 Y47.635 E.02304
G1 X59.801 Y47.969 E.02304
G1 X60.413 Y48.267 E.02304
G1 X61.445 Y48.666 E.03745
G1 X62.033 Y48.846 E.02081
G1 X62.618 Y48.991 E.02043
G1 X63.444 Y49.141 E.02842
G1 X64.136 Y49.218 E.02355
G1 X64.728 Y49.246 E.02006
G1 X63.334 Y49.997 F7200
G1 F891
G1 X63.414 Y50.151 E.00587
G1 X63.01 Y51.947 E.06229
;WIDTH:0.473997
G1 X62.82 Y52.058 E.00791
;WIDTH:0.501913
G1 X61.881 Y51.84 E.0368
;WIDTH:0.523703
G1 X61.118 Y51.609 E.03186
;WIDTH:0.545314
G1 X60.376 Y51.339 E.03299
;WIDTH:0.556798
G1 X58.891 Y50.725 E.06867
;WIDTH:0.545573
G1 X58.226 Y50.417 E.03063
;WIDTH:0.524249
G1 X57.572 Y50.072 E.02957
;WIDTH:0.502855
G1 X56.78 Y49.587 E.03552
;WIDTH:0.482445
G1 X56.648 Y49.502 E.00573
;WIDTH:0.473996
G1 X56.612 Y49.249 E.00916
;WIDTH:0.449999
G1 X57.559 Y47.763 E.05966
G1 X57.623 Y47.702 E.00299
G1 X57.804 Y47.704 E.00615
G1 X58.559 Y48.147 E.02963
G1 X59.126 Y48.438 E.02159
G1 X59.726 Y48.706 E.02222
G1 X61.434 Y49.407 E.06251
G1 X62.114 Y49.649 E.02443
G1 X63.296 Y49.986 E.0416
M204 S10000
G1 X63.381 Y49.559 F7200
M204 S1500
;TYPE:Inner wall
;WIDTH:0.439928
G1 F891
G1 X62.912 Y49.463 E.0158
;WIDTH:0.391708
G1 X62.229 Y49.291 E.02041
;WIDTH:0.344588
G1 X61.56 Y49.078 E.01762
;WIDTH:0.296578
G1 X60.903 Y48.832 E.01479
;WIDTH:0.288478
G1 X59.867 Y48.389 E.02301
;WIDTH:0.332426
G1 X59.295 Y48.109 E.01533
;WIDTH:0.37526
G1 X58.748 Y47.804 E.01732
;WIDTH:0.407594
G1 X58.383 Y47.571 E.01311
;WIDTH:0.439928
G1 X58.019 Y47.338 E.01427
M204 S10000
G1 E-.8 F1800
G1 X56.065 Y48.516 Z32.4 F7200
G1 Z32
G1 E.8 F1800
M204 S500
;TYPE:Internal solid infill
;WIDTH:0.4695
G1 F891
G1 X56.012 Y48.516 E.00189
G1 X55.985 Y48.563 E.00189
G1 X56.012 Y48.609 E.00189
G1 X56.065 Y48.609 E.00189
G1 X56.072 Y48.597 E.00047
M204 S10000
G1 E-.8 F1800
G1 X63.148 Y51.458 Z32.4 F7200
G1 X63.943 Y51.779 Z32.4
G1 Z32
G1 E.8 F1800
M204 S500
;WIDTH:0.469576
G1 F891
G1 X63.889 Y51.779 E.00189
G1 X63.863 Y51.825 E.00189
G1 X63.889 Y51.872 E.00189
G1 X63.943 Y51.872 E.00189
G1 X63.949 Y51.86 E.00047
; stop printing object fidget-finger-massager-2000-roller_plain.stl id:4713352688601451214 copy 0
;LAYER_CHANGE
;Z:32.2
;HEIGHT:0.200001
G92 E0
;_SET_FAN_SPEED_CHANGING_LAYER
; printing object fidget-finger-massager-2000-roller_plain.stl id:4713352688601451214 copy 0
M204 S10000
G1 E-.8 F1800
G1 X57.628 Y47.582 Z32.6 F7200
G1 X57.108 Y47.23 Z32.6
G1 Z32.2
G1 E.8 F1800
M204 S1500
;TYPE:Inner wall
;WIDTH:0.615993
G1 F734
G1 X56.606 Y48.074 E.0468
;WIDTH:0.566116
G1 X56.103 Y48.918 E.04273
;WIDTH:0.516239
G1 X55.693 Y48.572 E.02111
G1 X55.875 Y48.39 E.01013
;WIDTH:0.566116
G1 X56.492 Y47.81 E.03681
;WIDTH:0.615993
G1 X57.079 Y47.258 E.03842
M204 S10000
G1 E-.8 F1800
G1 X57.343 Y50.228 Z32.6 F7200
G1 Z32.2
G1 E.8 F1800
M204 S500
;TYPE:Outer wall
;WIDTH:0.655576
G1 F734
G1 X56.658 Y49.792 E.04134
;WIDTH:0.619044
G1 X56.39 Y49.611 E.01549
M204 S10000
G1 E-.8 F1800
G1 X61.711 Y51.991 Z32.6 F7200
G1 Z32.2
G1 E.8 F1800
M204 S500
;WIDTH:0.60389
G1 F734
G1 X61.763 Y52.036 E.00325
;WIDTH:0.653308
G1 X61.816 Y52.082 E.00354
G1 X61.747 Y52.093 E.00356
;WIDTH:0.60389
G1 X61.677 Y52.105 E.00327
;WIDTH:0.554471
G1 X61.608 Y52.116 E.00299
;WIDTH:0.505052
G1 X61.539 Y52.127 E.0027
;WIDTH:0.455633
G1 X61.47 Y52.139 E.00241
;WIDTH:0.406214
G1 X61.4 Y52.15 E.00212
;WIDTH:0.370331
G1 X60.911 Y52.012 E.01383
;WIDTH:0.391745
G1 X60.196 Y51.772 E.0219
;WIDTH:0.402972
G1 X59.439 Y51.477 E.0243
G1 X58.69 Y51.148 E.02452
;WIDTH:0.391681
G1 X58.031 Y50.819 E.02136
;WIDTH:0.370332
G1 X57.588 Y50.571 E.01383
;WIDTH:0.406593
G1 X57.547 Y50.514 E.00212
;WIDTH:0.45639
G1 X57.506 Y50.456 E.00241
;WIDTH:0.506186
G1 X57.465 Y50.399 E.00271
;WIDTH:0.555983
G1 X57.424 Y50.342 E.003
;WIDTH:0.60578
G1 X57.383 Y50.285 E.00329
;WIDTH:0.655576
G1 X57.343 Y50.228 E.00358
G1 X57.412 Y50.233 E.00355
;WIDTH:0.60578
G1 X57.481 Y50.238 E.00326
;WIDTH:0.555983
G1 X57.551 Y50.243 E.00297
;WIDTH:0.506186
G1 X57.62 Y50.248 E.00268
;WIDTH:0.45639
G1 X57.69 Y50.253 E.00239
;WIDTH:0.406593
G1 X57.759 Y50.258 E.00211
;WIDTH:0.370332
G1 X58.191 Y50.485 E.01328
;WIDTH:0.391746
G1 X58.861 Y50.796 E.02143
;WIDTH:0.402972
G1 X60.344 Y51.41 E.04805
;WIDTH:0.391631
G1 X61.5 Y51.808 E.03544
;WIDTH:0.406214
G1 X61.553 Y51.853 E.00211
;WIDTH:0.455633
G1 X61.605 Y51.899 E.00239
;WIDTH:0.505052
G1 X61.658 Y51.945 E.00268
;WIDTH:0.554471
G1 X61.68 Y51.964 E.00126
G1 X62.973 Y52.322 F7200
;WIDTH:0.612102
G1 F734
G1 X62.435 Y52.226 E.02586
;WIDTH:0.653308
G1 X61.816 Y52.082 E.03227
M204 S10000
G1 E-.8 F1800
G1 X64.098 Y50.141 Z32.6 F7200
G1 Z32.2
G1 E.8 F1800
M204 S1500
;TYPE:Inner wall
;WIDTH:0.61601
G1 F734
G1 X64.132 Y51.128 E.04705
;WIDTH:0.566126
G1 X64.161 Y52.077 E.0413
;WIDTH:0.516242
G1 X63.627 Y52.032 E.0211
G1 X63.685 Y51.767 E.01065
;WIDTH:0.566126
G1 X63.892 Y50.954 E.0365
;WIDTH:0.61601
G1 X64.088 Y50.18 E.03807
M204 S500
G1 X63.462 Y49.827 F7200
;TYPE:Outer wall
;WIDTH:0.498942
G1 F734
G1 X62.859 Y49.69 E.02345
;WIDTH:0.469424
G1 X62.165 Y49.505 E.02546
;WIDTH:0.447131
G1 X61.489 Y49.277 E.02399
;WIDTH:0.423112
G1 X60.83 Y49.021 E.02234
;WIDTH:0.405938
G1 X60.183 Y48.753 E.02116
;WIDTH:0.423841
G1 X59.535 Y48.467 E.02241
;WIDTH:0.447984
G1 X58.895 Y48.148 E.02409
;WIDTH:0.470279
G1 X58.274 Y47.786 E.02556
;WIDTH:0.498943
G1 X57.772 Y47.47 E.02247
G1 X57.568 Y47.494 E.00779
;WIDTH:0.449999
G1 X57.513 Y47.55 E.00265
G1 X56.401 Y49.295 E.07005
;WIDTH:0.495914
G1 X56.397 Y49.4 E.00396
;WIDTH:0.541829
G1 X56.394 Y49.505 E.00437
;WIDTH:0.587744
G1 X56.39 Y49.611 E.00477
G1 X56.243 Y49.538 E.00742
;WIDTH:0.541829
G1 X56.097 Y49.465 E.0068
;WIDTH:0.495914
G1 X55.95 Y49.392 E.00617
;WIDTH:0.449999
G1 X55.024 Y48.589 E.04151
G1 X57.265 Y46.348 E.10727
G1 X57.63 Y46.667 E.01643
;WIDTH:0.498943
G1 X58.048 Y47.055 E.02161
G1 X58.543 Y47.401 E.02291
;WIDTH:0.469422
G1 X59.129 Y47.766 E.02447
;WIDTH:0.447132
G1 X59.735 Y48.094 E.02317
;WIDTH:0.423111
G1 X60.358 Y48.387 E.02177
;WIDTH:0.405937
G1 X60.994 Y48.65 E.02079
;WIDTH:0.423842
G1 X61.643 Y48.883 E.02183
;WIDTH:0.447982
G1 X62.304 Y49.08 E.02324
;WIDTH:0.470281
G1 X62.977 Y49.235 E.02454
;WIDTH:0.484806
G1 X63.659 Y49.346 E.02539
G1 X64.615 Y49.399 E.03515
;WIDTH:0.449999
G1 X64.615 Y52.561 E.10704
G1 X64.216 Y52.545 E.0135
G1 X63.429 Y52.478 E.02673
;WIDTH:0.49729
G1 X63.277 Y52.426 E.00607
;WIDTH:0.54458
G1 X63.125 Y52.374 E.00671
;WIDTH:0.59187
G1 X62.973 Y52.322 E.00734
G1 X63.029 Y52.246 E.00429
;WIDTH:0.54458
G1 X63.084 Y52.171 E.00392
;WIDTH:0.49729
G1 X63.14 Y52.095 E.00355
;WIDTH:0.449999
G1 X63.603 Y50.007 E.07238
;WIDTH:0.498942
G1 X63.487 Y49.859 E.00714
M204 S10000
G1 X64.097 Y49.888 F7200
M204 S1500
;TYPE:Inner wall
;WIDTH:0.62796
G1 F734
G1 X64.099 Y50.148 E.01264
M204 S10000
G1 E-.8 F1800
G1 X57.095 Y47.247 Z32.6 F7200
G1 Z32.2
G1 E.8 F1800
M204 S1500
;WIDTH:0.63015
G1 F734
G1 X57.288 Y47.058 E.0132
; stop printing object fidget-finger-massager-2000-roller_plain.stl id:4713352688601451214 copy 0
G1 E-.8 F1800
M106 S0
;TYPE:Custom
M104 S0
M140 S0
M107
G28 X0 Y0
M84
M73 P100 R0
; EXECUTABLE_BLOCK_END

; filament used [mm] = 631.41
; filament used [cm3] = 1.52
; total filament used [g] = 0.00
; total filament cost = 0.00
; total layers count = 161
; estimated printing time (normal mode) = 19m 59s
; estimated first layer printing time (normal mode) = 1s

; CONFIG_BLOCK_START
; accel_to_decel_enable = 1
; accel_to_decel_factor = 50%
; activate_air_filtration = 0
; activate_chamber_temp_control = 0
; adaptive_bed_mesh_margin = 0
; adaptive_pressure_advance = 0
; adaptive_pressure_advance_bridges = 0
; adaptive_pressure_advance_model = "0,0,0\n0,0,0"
; adaptive_pressure_advance_overhangs = 0
; additional_cooling_fan_speed = 0
; align_infill_direction_to_model = 0
; alternate_extra_wall = 0
; auxiliary_fan = 0
; bbl_calib_mark_logo = 1
; bed_custom_model = 
; bed_custom_texture = 
; bed_exclude_area = 0x0
; bed_mesh_max = 99999,99999
; bed_mesh_min = -99999,-99999
; bed_mesh_probe_distance = 50,50
; bed_temperature_formula = by_highest_temp
; before_layer_change_gcode = G92 E0
; best_object_pos = 0.5,0.5
; bottom_shell_layers = 3
; bottom_shell_thickness = 0
; bottom_solid_infill_flow_ratio = 1
; bottom_surface_density = 100%
; bottom_surface_pattern = monotonic
; bridge_acceleration = 50%
; bridge_angle = 0
; bridge_density = 100%
; bridge_flow = 1
; bridge_no_support = 0
; bridge_speed = 25
; brim_ears_detection_length = 1
; brim_ears_max_angle = 125
; brim_object_gap = 0
; brim_type = auto_brim
; brim_use_efc_outline = 0
; brim_width = 0
; calib_flowrate_topinfill_special_order = 0
; chamber_temperature = 0
; change_extrusion_role_gcode = 
; change_filament_gcode = 
; close_fan_the_first_x_layers = 1
; complete_print_exhaust_fan_speed = 80
; cool_plate_temp = 35
; cool_plate_temp_initial_layer = 35
; cooling_tube_length = 5
; cooling_tube_retraction = 91.5
; counterbore_hole_bridging = none
; curr_bed_type = Cool Plate
; default_acceleration = 500
; default_filament_colour = ""
; default_jerk = 0
; default_junction_deviation = 0
; deretraction_speed = 0
; detect_narrow_internal_solid_infill = 1
; detect_overhang_wall = 1
; detect_thin_wall = 0
; different_settings_to_system = ;
; disable_m73 = 0
; dont_filter_internal_bridges = disabled
; dont_slow_down_outer_wall = 0
; draft_shield = disabled
; during_print_exhaust_fan_speed = 60
; elefant_foot_compensation = 0
; elefant_foot_compensation_layers = 1
; emit_machine_limits_to_gcode = 1
; enable_arc_fitting = 0
; enable_extra_bridge_layer = disabled
; enable_filament_ramming = 1
; enable_long_retraction_when_cut = 0
; enable_overhang_bridge_fan = 1
; enable_overhang_speed = 1
; enable_power_loss_recovery = printer_configuration
; enable_pressure_advance = 0
; enable_prime_tower = 0
; enable_support = 0
; enable_tower_interface_cooldown_during_tower = 0
; enable_tower_interface_features = 0
; enable_wrapping_detection = 0
; enforce_support_layers = 0
; eng_plate_temp = 45
; eng_plate_temp_initial_layer = 45
; ensure_vertical_shell_thickness = ensure_all
; exclude_object = 0
; extra_loading_move = -2
; extra_perimeters_on_overhangs = 0
; extra_solid_infills = 
; extruder_ams_count = 
; extruder_clearance_height_to_lid = 120
; extruder_clearance_height_to_rod = 40
; extruder_clearance_radius = 40
; extruder_colour = #F2754E
; extruder_offset = 0x0
; extruder_printable_area = 
; extruder_printable_height = 0
; extruder_type = Direct Drive
; extrusion_rate_smoothing_external_perimeter_only = 0
; fan_cooling_layer_time = 60
; fan_kickstart = 0
; fan_max_speed = 100
; fan_min_speed = 20
; fan_speedup_overhangs = 1
; fan_speedup_time = 0
; filament_adaptive_volumetric_speed = 0
; filament_adhesiveness_category = 0
; filament_change_length = 10
; filament_colour = #F2754E
; filament_cooling_final_speed = 3.4
; filament_cooling_initial_speed = 2.2
; filament_cooling_moves = 4
; filament_cost = 0
; filament_density = 0
; filament_diameter = 1.75
; filament_end_gcode = " "
; filament_extruder_variant = "Direct Drive Standard"
; filament_flow_ratio = 1
; filament_flush_temp = 0
; filament_flush_volumetric_speed = 0
; filament_ids = 
; filament_is_support = 0
; filament_loading_speed = 28
; filament_loading_speed_start = 3
; filament_map = 1
; filament_map_mode = Auto For Flush
; filament_max_volumetric_speed = 2
; filament_minimal_purge_on_wipe_tower = 15
; filament_multitool_ramming = 0
; filament_multitool_ramming_flow = 10
; filament_multitool_ramming_volume = 10
; filament_notes = ""
; filament_printable = 3
; filament_ramming_parameters = "120 100 6.6 6.8 7.2 7.6 7.9 8.2 8.7 9.4 9.9 10.0| 0.05 6.6 0.45 6.8 0.95 7.8 1.45 8.3 1.95 9.7 2.45 10 2.95 7.6 3.45 7.6 3.95 7.6 4.45 7.6 4.95 7.6"
; filament_settings_id = ""
; filament_shrink = 100%
; filament_shrinkage_compensation_z = 100%
; filament_soluble = 0
; filament_stamping_distance = 0
; filament_stamping_loading_speed = 0
; filament_start_gcode = " "
; filament_toolchange_delay = 0
; filament_tower_interface_pre_extrusion_dist = 10
; filament_tower_interface_pre_extrusion_length = 0
; filament_tower_interface_print_temp = -1
; filament_tower_interface_purge_volume = 20
; filament_tower_ironing_area = 4
; filament_type = PLA
; filament_unloading_speed = 90
; filament_unloading_speed_start = 100
; filament_vendor = (Undefined)
; file_start_gcode = 
; filename_format = {input_filename_base}_{filament_type[initial_tool]}_{print_time}.gcode
; fill_multiline = 1
; filter_out_gap_fill = 0
; first_layer_flow_ratio = 1
; first_layer_print_sequence = 0
; flush_into_infill = 0
; flush_into_objects = 0
; flush_into_support = 1
; flush_multiplier = 0.3
; flush_volumes_matrix = 0,280,280,280,280,0,280,280,280,280,0,280,280,280,280,0
; flush_volumes_vector = 140,140,140,140,140,140,140,140
; full_fan_speed_layer = 0
; fuzzy_skin = disabled_fuzzy
; fuzzy_skin_first_layer = 0
; fuzzy_skin_mode = displacement
; fuzzy_skin_noise_type = classic
; fuzzy_skin_octaves = 4
; fuzzy_skin_persistence = 0.5
; fuzzy_skin_point_distance = 0.3
; fuzzy_skin_scale = 1
; fuzzy_skin_thickness = 0.2
; gap_fill_flow_ratio = 1
; gap_fill_target = nowhere
; gap_infill_speed = 30
; gcode_add_line_number = 0
; gcode_comments = 0
; gcode_flavor = marlin
; gcode_label_objects = 1
; grab_length = 0
; has_scarf_joint_seam = 0
; head_wrap_detect_zone = 
; high_current_on_filament_swap = 0
; hole_to_polyhole = 0
; hole_to_polyhole_threshold = 0.01
; hole_to_polyhole_twisted = 1
; hot_plate_temp = 45
; hot_plate_temp_initial_layer = 45
; idle_temperature = 0
; independent_support_layer_height = 1
; infill_anchor = 400%
; infill_anchor_max = 20
; infill_combination = 0
; infill_combination_max_layer_height = 100%
; infill_direction = 45
; infill_jerk = 9
; infill_lock_depth = 1
; infill_overhang_angle = 60
; infill_shift_step = 0.4
; infill_wall_overlap = 15%
; inherits_group = ;
; initial_layer_acceleration = 300
; initial_layer_infill_speed = 60
; initial_layer_jerk = 9
; initial_layer_line_width = 0
; initial_layer_min_bead_width = 85%
; initial_layer_print_height = 0.2
; initial_layer_speed = 30
; initial_layer_travel_speed = 100%
; inner_wall_acceleration = 10000
; inner_wall_flow_ratio = 1
; inner_wall_jerk = 9
; inner_wall_line_width = 0
; inner_wall_speed = 60
; interface_shells = 0
; interlocking_beam = 0
; interlocking_beam_layer_count = 2
; interlocking_beam_width = 0.8
; interlocking_boundary_avoidance = 2
; interlocking_depth = 2
; interlocking_orientation = 22.5
; internal_bridge_angle = 0
; internal_bridge_density = 100%
; internal_bridge_fan_speed = -1
; internal_bridge_flow = 1
; internal_bridge_speed = 150%
; internal_solid_infill_acceleration = 100%
; internal_solid_infill_flow_ratio = 1
; internal_solid_infill_line_width = 0
; internal_solid_infill_pattern = monotonic
; internal_solid_infill_speed = 100
; ironing_angle = 0
; ironing_angle_fixed = 0
; ironing_fan_speed = -1
; ironing_flow = 10%
; ironing_inset = 0
; ironing_pattern = rectilinear
; ironing_spacing = 0.1
; ironing_speed = 20
; ironing_type = no ironing
; is_infill_first = 0
; lateral_lattice_angle_1 = -45
; lateral_lattice_angle_2 = 45
; layer_change_gcode = 
; layer_height = 0.2
; line_width = 0
; long_retractions_when_cut = 0
; long_retractions_when_ec = 0
; machine_end_gcode = M104 S0\nM140 S0\nM107\nG28 X0 Y0\nM84
; machine_load_filament_time = 0
; machine_max_acceleration_e = 5000,5000
; machine_max_acceleration_extruding = 1500,1250
; machine_max_acceleration_retracting = 1500,1250
; machine_max_acceleration_travel = 0,0
; machine_max_acceleration_x = 1000,1000
; machine_max_acceleration_y = 1000,1000
; machine_max_acceleration_z = 500,200
; machine_max_jerk_e = 2.5,2.5
; machine_max_jerk_x = 10,10
; machine_max_jerk_y = 10,10
; machine_max_jerk_z = 0.2,0.4
; machine_max_junction_deviation = 0.01
; machine_max_speed_e = 120,120
; machine_max_speed_x = 500,200
; machine_max_speed_y = 500,200
; machine_max_speed_z = 12,12
; machine_min_extruding_rate = 0,0
; machine_min_travel_rate = 0,0
; machine_pause_gcode = 
; machine_start_gcode = G90\nM82\nM104 S[first_layer_temperature]\nM140 S[first_layer_bed_temperature]\nG28\nG92 E0\nM190 S[first_layer_bed_temperature]\nM109 S[first_layer_temperature]\nG92 E0
; machine_tool_change_time = 0
; machine_unload_filament_time = 0
; make_overhang_printable = 0
; make_overhang_printable_angle = 55
; make_overhang_printable_hole_size = 0
; manual_filament_change = 0
; master_extruder_id = 1
; max_bridge_length = 10
; max_layer_height = 0
; max_resonance_avoidance_speed = 120
; max_travel_detour_distance = 0
; max_volumetric_extrusion_rate_slope = 0
; max_volumetric_extrusion_rate_slope_segment_length = 3
; min_bead_width = 85%
; min_feature_size = 25%
; min_layer_height = 0.07
; min_length_factor = 0.5
; min_resonance_avoidance_speed = 70
; min_skirt_length = 0
; min_width_top_surface = 300%
; minimum_sparse_infill_area = 15
; mmu_segmented_region_interlocking_depth = 0
; mmu_segmented_region_max_width = 0
; notes = 
; nozzle_diameter = 0.4
; nozzle_flush_dataset = 0
; nozzle_height = 2.5
; nozzle_hrc = 0
; nozzle_temperature = 200
; nozzle_temperature_initial_layer = 200
; nozzle_temperature_range_high = 240
; nozzle_temperature_range_low = 190
; nozzle_type = undefine
; nozzle_volume = 0
; nozzle_volume_type = Standard
; only_one_wall_first_layer = 0
; only_one_wall_top = 0
; ooze_prevention = 0
; other_layers_print_sequence = 0
; other_layers_print_sequence_nums = 0
; outer_wall_acceleration = 500
; outer_wall_flow_ratio = 1
; outer_wall_jerk = 9
; outer_wall_line_width = 0
; outer_wall_speed = 60
; overhang_1_4_speed = 0
; overhang_2_4_speed = 0
; overhang_3_4_speed = 0
; overhang_4_4_speed = 0
; overhang_fan_speed = 100
; overhang_fan_threshold = 95%
; overhang_flow_ratio = 1
; overhang_reverse = 0
; overhang_reverse_internal_only = 0
; overhang_reverse_threshold = 50%
; parking_pos_retraction = 92
; physical_extruder_map = 0
; post_process = 
; precise_outer_wall = 1
; precise_z_height = 0
; preferred_orientation = 0
; preheat_steps = 1
; preheat_time = 30
; pressure_advance = 0.02
; prime_tower_brim_width = 3
; prime_tower_enable_framework = 0
; prime_tower_flat_ironing = 0
; prime_tower_infill_gap = 150%
; prime_tower_skip_points = 1
; prime_tower_width = 60
; prime_volume = 45
; print_compatible_printers = "WEEFUN Tina 2 0.4 nozzle"
; print_extruder_id = 1
; print_extruder_variant = "Direct Drive Standard"
; print_flow_ratio = 1
; print_order = default
; print_sequence = by layer
; print_settings_id = 0.20mm Tina 2 @MyMarlin
; printable_area = 0x0,120x0,120x100,0x100
; printable_height = 100
; printer_extruder_id = 1
; printer_extruder_variant = "Direct Drive Standard"
; printer_model = WEEFUN Tina 2
; printer_notes = 
; printer_settings_id = WEEFUN Tina 2 0.4 nozzle
; printer_structure = undefine
; printer_technology = FFF
; printing_by_object_gcode = 
; purge_in_prime_tower = 1
; raft_contact_distance = 0.1
; raft_expansion = 1.5
; raft_first_layer_density = 90%
; raft_first_layer_expansion = 2
; raft_layers = 0
; reduce_crossing_wall = 0
; reduce_fan_stop_start_freq = 0
; reduce_infill_retraction = 0
; required_nozzle_HRC = 0
; resolution = 0.01
; resonance_avoidance = 0
; retract_before_wipe = 100%
; retract_length_toolchange = 10
; retract_lift_above = 0
; retract_lift_below = 0
; retract_lift_enforce = All Surfaces
; retract_restart_extra = 0
; retract_restart_extra_toolchange = 0
; retract_when_changing_layer = 0
; retraction_distances_when_cut = 18
; retraction_distances_when_ec = 10
; retraction_length = 0.8
; retraction_minimum_travel = 2
; retraction_speed = 30
; role_based_wipe_speed = 1
; scan_first_layer = 0
; scarf_angle_threshold = 155
; scarf_joint_flow_ratio = 1
; scarf_joint_speed = 100%
; scarf_overhang_threshold = 40%
; seam_gap = 10%
; seam_position = aligned
; seam_slope_conditional = 0
; seam_slope_entire_loop = 0
; seam_slope_inner_walls = 0
; seam_slope_min_length = 20
; seam_slope_start_height = 0
; seam_slope_steps = 10
; seam_slope_type = none
; set_other_flow_ratios = 0
; silent_mode = 0
; single_extruder_multi_material = 1
; single_extruder_multi_material_priming = 0
; single_loop_draft_shield = 0
; skeleton_infill_density = 25%
; skeleton_infill_line_width = 100%
; skin_infill_density = 25%
; skin_infill_depth = 2
; skin_infill_line_width = 100%
; skirt_distance = 2
; skirt_height = 1
; skirt_loops = 1
; skirt_speed = 50
; skirt_start_angle = -135
; skirt_type = combined
; slice_closing_radius = 0.049
; slicing_mode = regular
; slow_down_for_layer_cooling = 1
; slow_down_layer_time = 5
; slow_down_layers = 0
; slow_down_min_speed = 10
; slowdown_for_curled_perimeters = 1
; small_area_infill_flow_compensation = 0
; small_area_infill_flow_compensation_model = 0,0;"\n0.2,0.4444";"\n0.4,0.6145";"\n0.6,0.7059";"\n0.8,0.7619";"\n1.5,0.8571";"\n2,0.8889";"\n3,0.9231";"\n5,0.9520";"\n10,1"
; small_perimeter_speed = 50%
; small_perimeter_threshold = 0
; solid_infill_direction = 45
; solid_infill_filament = 1
; solid_infill_rotate_template = 
; sparse_infill_acceleration = 100%
; sparse_infill_density = 20%
; sparse_infill_filament = 1
; sparse_infill_flow_ratio = 1
; sparse_infill_line_width = 0
; sparse_infill_pattern = crosshatch
; sparse_infill_rotate_template = 
; sparse_infill_speed = 100
; spiral_finishing_flow_ratio = 0
; spiral_mode = 0
; spiral_mode_max_xy_smoothing = 200%
; spiral_mode_smooth = 0
; spiral_starting_flow_ratio = 0
; staggered_inner_seams = 0
; standby_temperature_delta = -5
; start_end_points = 30x-3,54x245
; supertack_plate_temp = 35
; supertack_plate_temp_initial_layer = 35
; support_air_filtration = 1
; support_angle = 0
; support_base_pattern = default
; support_base_pattern_spacing = 2.5
; support_bottom_interface_spacing = 0.5
; support_bottom_z_distance = 0.2
; support_chamber_temp_control = 1
; support_critical_regions_only = 0
; support_expansion = 0
; support_filament = 0
; support_flow_ratio = 1
; support_interface_bottom_layers = 0
; support_interface_filament = 0
; support_interface_flow_ratio = 1
; support_interface_loop_pattern = 0
; support_interface_not_for_body = 1
; support_interface_pattern = auto
; support_interface_spacing = 0.5
; support_interface_speed = 80
; support_interface_top_layers = 3
; support_ironing = 0
; support_ironing_flow = 10%
; support_ironing_pattern = rectilinear
; support_ironing_spacing = 0.1
; support_line_width = 0
; support_material_interface_fan_speed = -1
; support_multi_bed_types = 0
; support_object_first_layer_gap = 0.2
; support_object_skip_flush = 0
; support_object_xy_distance = 0.35
; support_on_build_plate_only = 0
; support_remove_small_overhang = 1
; support_speed = 80
; support_style = default
; support_threshold_angle = 30
; support_threshold_overlap = 50%
; support_top_z_distance = 0.2
; support_type = normal(auto)
; symmetric_infill_y_axis = 0
; temperature_vitrification = 100
; template_custom_gcode = 
; textured_cool_plate_temp = 40
; textured_cool_plate_temp_initial_layer = 40
; textured_plate_temp = 45
; textured_plate_temp_initial_layer = 45
; thick_bridges = 0
; thick_internal_bridges = 1
; thumbnails = 48x48/PNG,300x300/PNG
; time_cost = 0
; time_lapse_gcode = 
; timelapse_type = 0
; top_bottom_infill_wall_overlap = 25%
; top_shell_layers = 4
; top_shell_thickness = 0.6
; top_solid_infill_flow_ratio = 1
; top_surface_acceleration = 500
; top_surface_density = 100%
; top_surface_jerk = 9
; top_surface_line_width = 0
; top_surface_pattern = monotonicline
; top_surface_speed = 100
; travel_acceleration = 10000
; travel_jerk = 12
; travel_slope = 3
; travel_speed = 120
; travel_speed_z = 0
; tree_support_angle_slow = 25
; tree_support_auto_brim = 1
; tree_support_branch_angle = 40
; tree_support_branch_angle_organic = 40
; tree_support_branch_diameter = 5
; tree_support_branch_diameter_angle = 5
; tree_support_branch_diameter_organic = 2
; tree_support_branch_distance = 5
; tree_support_branch_distance_organic = 1
; tree_support_brim_width = 3
; tree_support_tip_diameter = 0.8
; tree_support_top_rate = 30%
; tree_support_wall_count = 0
; use_firmware_retraction = 0
; use_relative_e_distances = 1
; volumetric_speed_coefficients = ""
; wall_direction = auto
; wall_distribution_count = 1
; wall_filament = 1
; wall_generator = arachne
; wall_loops = 2
; wall_sequence = inner wall/outer wall
; wall_transition_angle = 10
; wall_transition_filter_deviation = 25%
; wall_transition_length = 100%
; wipe = 0
; wipe_before_external_loop = 0
; wipe_distance = 1
; wipe_on_loops = 0
; wipe_speed = 80%
; wipe_tower_bridging = 10
; wipe_tower_cone_angle = 30
; wipe_tower_extra_flow = 100%
; wipe_tower_extra_rib_length = 0
; wipe_tower_extra_spacing = 100%
; wipe_tower_filament = 0
; wipe_tower_fillet_wall = 1
; wipe_tower_max_purge_speed = 90
; wipe_tower_no_sparse_layers = 0
; wipe_tower_rib_width = 8
; wipe_tower_rotation_angle = 0
; wipe_tower_type = type2
; wipe_tower_wall_type = rectangle
; wipe_tower_x = 15.000
; wipe_tower_x = 15
; wipe_tower_y = 220.000
; wipe_tower_y = 220
; wiping_volumes_extruders = 70,70,70,70,70,70,70,70,70,70
; wrapping_detection_gcode = 
; wrapping_detection_layers = 20
; wrapping_exclude_area = 
; xy_contour_compensation = 0
; xy_hole_compensation = 0
; z_hop = 0.4
; z_hop_types = Slope Lift
; z_offset = 0
; first_layer_bed_temperature = 35
; bed_shape = 0x0,120x0,120x100,0x100
; first_layer_temperature = 200
; first_layer_height = 0.200
; CONFIG_BLOCK_END


