; HEADER_BLOCK_START
; generated by OrcaSlicer 2.3.2 on 2026-05-31 at 21:47:58
; total layer number: 90
; filament_density: 0
; filament_diameter: 1.75
; max_z_height: 18.00
; filament: 1
; HEADER_BLOCK_END

; external perimeters extrusion width = 0.45mm
; perimeters extrusion width = 0.45mm
; infill extrusion width = 0.45mm
; solid infill extrusion width = 0.45mm
; top infill extrusion width = 0.40mm

; EXECUTABLE_BLOCK_START
M73 P0 R3
M201 X1000 Y1000 Z500 E5000
M203 X500 Y500 Z12 E120
M204 P1500 R1500 T1500
M205 X10.00 Y10.00 Z0.20 E2.50 ; sets the jerk limits, mm/sec
;TYPE:Custom
G90
M82
M104 S200
M140 S35
G28
G92 E0
M190 S35
M109 S200
G92 E0
G90
G21
M83 ; use relative distances for extrusion
M106 S0
;LAYER_CHANGE
;Z:0.2
;HEIGHT:0.2
G92 E0
;_SET_FAN_SPEED_CHANGING_LAYER
M204 S300
G1 E-.8 F1800
G1 X53.237 Y43.816 F7200
G1 Z.6
G1 Z.2
G1 E.8 F1800
;TYPE:Skirt
;WIDTH:0.45
G1 F1473.913
G1 X54.081 Y43.255 E.03429
G1 X55.658 Y42.598 E.05783
G1 X56.964 Y42.361 E.04492
G1 X62.202 Y42.337 E.17733
G1 X62.955 Y42.355 E.02547
G1 X63.957 Y42.502 E.03429
G1 X64.928 Y42.791 E.03429
G1 X65.848 Y43.215 E.03429
G1 X66.698 Y43.766 E.03429
G1 X67.46 Y44.432 E.03429
G1 X68.12 Y45.201 E.03429
G1 X68.664 Y46.056 E.03429
G1 X69.08 Y46.98 E.03429
G1 X69.373 Y48.021 E.03662
G1 X69.61 Y49.357 E.04593
G1 X69.691 Y50.367 E.03429
M73 P1 R3
G1 X69.628 Y51.378 E.03429
G1 X69.421 Y52.369 E.03429
G1 X69.074 Y53.321 E.03429
G1 X68.596 Y54.214 E.03429
G1 X67.516 Y55.538 E.05783
G1 X66.477 Y56.363 E.04492
G1 X64.944 Y57.117 E.05783
G1 X64.099 Y57.356 E.02972
G1 X62.871 Y57.566 E.04215
G1 X60.647 Y57.752 E.07556
G1 X59.231 Y57.748 E.04793
G1 X57.241 Y57.582 E.06759
G1 X55.308 Y57.2 E.06667
G1 X54.364 Y56.834 E.03429
G1 X53.482 Y56.336 E.03429
G1 X52.449 Y55.503 E.04492
G1 X51.378 Y54.172 E.05783
G1 X50.785 Y52.985 E.04492
G1 X50.366 Y51.328 E.05783
G1 X50.321 Y50.009 E.04468
G1 X50.624 Y48.034 E.06766
G1 X50.892 Y47.057 E.03429
G1 X51.652 Y45.527 E.05783
G1 X52.268 Y44.722 E.03429
G1 X53.208 Y43.843 E.04356
; printing object fidget-finger-massager-2000-rod.stl id:0 copy 0
G1 E-.8 F1800
G1 X54.626 Y45.782 Z.6 F7200
G1 Z.2
G1 E.8 F1800
;TYPE:Brim
G1 F1473.913
G1 X55.175 Y45.399 E.02265
G1 X55.773 Y45.098 E.02266
G1 X56.408 Y44.886 E.02265
G1 X57.066 Y44.766 E.02266
G1 X57.734 Y44.742 E.02263
G1 X58.464 Y44.824 E.02486
G1 X58.937 Y44.902 E.01621
M73 P2 R3
G1 X59.524 Y44.958 E.01998
G1 X60.476 Y44.958 E.0322
G1 X60.733 Y44.94 E.00872
G1 X62.212 Y44.744 E.05051
G1 X62.88 Y44.761 E.02261
G1 X63.54 Y44.873 E.02265
G1 X64.177 Y45.078 E.02266
G1 X64.778 Y45.371 E.02265
G1 X65.332 Y45.748 E.02266
G1 X65.826 Y46.199 E.02265
G1 X66.25 Y46.717 E.02265
G1 X66.597 Y47.289 E.02266
G1 X66.858 Y47.905 E.02263
G1 X67.04 Y48.614 E.02476
G1 X67.216 Y49.611 E.03428
G1 X67.286 Y50.284 E.0229
G1 X67.258 Y50.953 E.02265
G1 X67.136 Y51.611 E.02265
G1 X66.922 Y52.244 E.02265
G1 X66.619 Y52.841 E.02266
G1 X66.233 Y53.389 E.02265
G1 X65.774 Y53.876 E.02265
G1 X65.25 Y54.292 E.02265
G1 X64.672 Y54.63 E.02266
G1 X64.051 Y54.882 E.02269
G1 X63.504 Y55.024 E.01914
G1 X62.488 Y55.19 E.03484
G1 X61.525 Y55.296 E.03278
G1 X60.641 Y55.345 E.02997
G1 X59.359 Y55.345 E.0434
G1 X58.442 Y55.294 E.03107
G1 X57.512 Y55.19 E.03168
G1 X56.571 Y55.038 E.03228
G1 X55.917 Y54.871 E.02284
G1 X55.298 Y54.615 E.02265
G1 X54.723 Y54.274 E.02265
G1 X54.202 Y53.853 E.02266
G1 X53.746 Y53.363 E.02265
G1 X53.365 Y52.813 E.02265
G1 X53.066 Y52.214 E.02265
G1 X52.856 Y51.579 E.02266
G1 X52.738 Y50.92 E.02265
G1 X52.716 Y50.251 E.02267
G1 X52.784 Y49.609 E.02186
G1 X52.96 Y48.613 E.03421
G1 X53.125 Y47.957 E.0229
G1 X53.379 Y47.338 E.02265
G1 X53.719 Y46.761 E.02265
G1 X54.137 Y46.239 E.02265
G1 X54.597 Y45.809 E.0213
G1 X54.875 Y46.106 F7200
G1 F1473.913
G1 X54.876 Y46.105 E.00004
G1 X55.377 Y45.754 E.02068
G1 X55.922 Y45.479 E.02068
G1 X56.501 Y45.284 E.02068
G1 X57.102 Y45.174 E.02068
G1 X57.728 Y45.151 E.02122
G1 X58.405 Y45.227 E.02306
G1 X58.902 Y45.308 E.01704
G1 X59.53 Y45.365 E.02134
G1 X60.472 Y45.365 E.03188
G1 X60.758 Y45.346 E.00972
G1 X62.244 Y45.152 E.05071
G1 X62.849 Y45.168 E.02051
G1 X63.434 Y45.268 E.02009
G1 X64.016 Y45.454 E.02068
G1 X64.566 Y45.72 E.02068
G1 X65.071 Y46.063 E.02068
G1 X65.535 Y46.487 E.02127
M73 P3 R3
G1 X65.922 Y46.96 E.02068
G1 X66.229 Y47.468 E.02009
G1 X66.468 Y48.028 E.0206
G1 X66.643 Y48.704 E.02367
G1 X66.812 Y49.663 E.03294
G1 X66.877 Y50.305 E.02186
G1 X66.853 Y50.898 E.02009
G1 X66.743 Y51.499 E.02068
G1 X66.541 Y52.094 E.02127
G1 X66.264 Y52.638 E.02068
G1 X65.911 Y53.137 E.02068
G1 X65.504 Y53.569 E.02009
G1 X65.027 Y53.95 E.02068
G1 X64.5 Y54.259 E.02068
G1 X63.931 Y54.491 E.02082
G1 X63.425 Y54.624 E.01769
G1 X62.436 Y54.786 E.03393
G1 X61.488 Y54.89 E.03226
G1 X60.627 Y54.938 E.02922
G1 X59.367 Y54.937 E.04264
G1 X58.473 Y54.887 E.03031
G1 X57.564 Y54.786 E.03095
G1 X56.659 Y54.64 E.03104
G1 X56.037 Y54.481 E.02172
G1 X55.473 Y54.246 E.02068
G1 X54.949 Y53.933 E.02068
G1 X54.487 Y53.56 E.02009
G1 X54.07 Y53.114 E.02068
G1 X53.721 Y52.612 E.02068
G1 X53.44 Y52.05 E.02127
G1 X53.25 Y51.47 E.02068
G1 X53.144 Y50.868 E.02068
G1 X53.124 Y50.257 E.0207
G1 X53.188 Y49.662 E.02027
G1 X53.357 Y48.703 E.03296
G1 X53.51 Y48.093 E.02127
G1 X53.741 Y47.527 E.02068
G1 X54.05 Y47.001 E.02068
G1 X54.431 Y46.523 E.02068
G1 X54.846 Y46.133 E.01928
G1 X55.125 Y46.431 F7200
G1 F1473.913
G1 X55.141 Y46.417 E.00073
G1 X55.579 Y46.11 E.01811
G1 X56.072 Y45.859 E.0187
G1 X56.612 Y45.677 E.01929
G1 X57.155 Y45.579 E.01869
G1 X57.721 Y45.56 E.01919
G1 X58.347 Y45.63 E.02129
G1 X58.869 Y45.714 E.01791
G1 X59.487 Y45.77 E.02102
G1 X60.468 Y45.772 E.03318
G1 X60.815 Y45.749 E.01177
G1 X62.255 Y45.561 E.04917
G1 X62.818 Y45.576 E.01906
G1 X63.346 Y45.667 E.01814
G1 X63.856 Y45.83 E.01813
G1 X64.354 Y46.07 E.0187
G1 X64.811 Y46.378 E.01868
G1 X65.232 Y46.761 E.01926
G1 X65.593 Y47.203 E.01929
G1 X65.869 Y47.662 E.01814
G1 X66.078 Y48.151 E.018
G1 X66.246 Y48.796 E.02256
G1 X66.408 Y49.714 E.03157
G1 X66.469 Y50.326 E.02082
G1 X66.446 Y50.861 E.01813
G1 X66.35 Y51.388 E.01811
G1 X66.168 Y51.927 E.01926
G1 X65.909 Y52.434 E.01928
G1 X65.6 Y52.872 E.01813
G1 X65.234 Y53.262 E.01814
G1 X64.802 Y53.608 E.01871
G1 X64.327 Y53.889 E.0187
G1 X63.809 Y54.101 E.01894
G1 X63.346 Y54.224 E.01621
M73 P4 R3
G1 X62.384 Y54.382 E.033
G1 X61.452 Y54.485 E.03174
G1 X60.612 Y54.53 E.02846
G1 X59.382 Y54.53 E.04165
G1 X58.503 Y54.481 E.02977
G1 X57.622 Y54.383 E.03001
G1 X56.747 Y54.242 E.03
G1 X56.175 Y54.096 E.01999
G1 X55.649 Y53.877 E.01928
G1 X55.175 Y53.593 E.01871
G1 X54.759 Y53.255 E.01814
G1 X54.382 Y52.85 E.01872
G1 X54.068 Y52.396 E.01869
G1 X53.815 Y51.887 E.01926
G1 X53.644 Y51.362 E.01868
G1 X53.551 Y50.835 E.01811
G1 X53.532 Y50.281 E.01877
G1 X53.591 Y49.723 E.01899
G1 X53.755 Y48.792 E.032
G1 X53.901 Y48.212 E.02024
G1 X54.111 Y47.701 E.01871
G1 X54.392 Y47.225 E.0187
G1 X54.737 Y46.794 E.0187
G1 X55.096 Y46.459 E.01661
G1 X55.374 Y46.756 F7200
G1 F1473.913
G1 X55.392 Y46.739 E.00082
G1 X55.782 Y46.464 E.01616
G1 X56.238 Y46.233 E.01731
G1 X56.722 Y46.071 E.01728
G1 X57.207 Y45.984 E.01668
G1 X57.714 Y45.969 E.01718
G1 X58.836 Y46.119 E.03831
G1 X59.445 Y46.175 E.0207
G1 X60.463 Y46.179 E.03445
G1 X60.871 Y46.152 E.01386
G1 X62.267 Y45.97 E.04763
G1 X62.786 Y45.984 E.0176
G1 X63.257 Y46.066 E.01617
G1 X63.713 Y46.213 E.0162
G1 X64.158 Y46.429 E.01674
G1 X64.566 Y46.705 E.01669
G1 X64.942 Y47.049 E.01724
G1 X65.264 Y47.445 E.01727
G1 X65.509 Y47.855 E.01618
G1 X65.694 Y48.291 E.01603
G1 X65.846 Y48.878 E.02051
G1 X66.005 Y49.775 E.03082
G1 X66.061 Y50.347 E.01945
G1 X66.041 Y50.807 E.01561
G1 X65.956 Y51.277 E.01615
G1 X65.788 Y51.777 E.01785
G1 X65.555 Y52.23 E.01726
G1 X65.278 Y52.62 E.01617
G1 X64.95 Y52.968 E.01621
G1 X64.563 Y53.277 E.01675
G1 X64.137 Y53.527 E.01672
G1 X63.671 Y53.717 E.01702
G1 X63.255 Y53.826 E.01457
G1 X62.325 Y53.979 E.03189
G1 X61.422 Y54.078 E.03077
G1 X60.604 Y54.123 E.02771
G1 X59.396 Y54.123 E.04088
G1 X58.541 Y54.076 E.02901
G1 X57.674 Y53.979 E.02951
G1 X56.825 Y53.841 E.02912
G1 X56.313 Y53.711 E.01789
G1 X55.841 Y53.516 E.01728
G1 X55.416 Y53.263 E.01674
G1 X55.044 Y52.962 E.01619
G1 X54.706 Y52.601 E.01675
G1 X54.416 Y52.181 E.01729
G1 X54.19 Y51.724 E.01725
G1 X54.043 Y51.271 E.01611
G1 X53.958 Y50.801 E.01616
G1 X53.94 Y50.304 E.01684
G1 X53.994 Y49.784 E.0177
G1 X54.153 Y48.882 E.03101
G1 X54.292 Y48.332 E.0192
M73 P5 R3
G1 X54.481 Y47.875 E.01674
G1 X54.733 Y47.45 E.01672
G1 X55.043 Y47.065 E.01672
G1 X55.345 Y46.783 E.01397
G1 X55.623 Y47.081 F7200
G1 F1473.913
G1 X55.643 Y47.062 E.00094
G1 X55.985 Y46.819 E.0142
G1 X56.387 Y46.613 E.01529
G1 X56.815 Y46.469 E.01526
G1 X57.259 Y46.39 E.01527
G1 X57.704 Y46.378 E.01507
G1 X58.779 Y46.522 E.03673
G1 X59.449 Y46.582 E.02275
G1 X60.494 Y46.585 E.03537
G1 X60.928 Y46.556 E.01474
G1 X62.278 Y46.379 E.0461
G1 X62.737 Y46.39 E.01553
G1 X63.167 Y46.465 E.01479
G1 X63.568 Y46.595 E.01427
G1 X63.961 Y46.787 E.01478
G1 X64.319 Y47.032 E.0147
G1 X64.65 Y47.336 E.01523
G1 X64.934 Y47.687 E.01525
G1 X65.148 Y48.048 E.01422
G1 X65.309 Y48.431 E.01408
G1 X65.447 Y48.96 E.01849
G1 X65.602 Y49.835 E.03006
G1 X65.652 Y50.366 E.01808
G1 X65.634 Y50.77 E.01369
G1 X65.562 Y51.166 E.01363
G1 X65.408 Y51.626 E.01642
G1 X65.201 Y52.026 E.01522
G1 X64.957 Y52.367 E.01421
G1 X64.667 Y52.673 E.01428
G1 X64.324 Y52.945 E.01479
G1 X63.948 Y53.164 E.01474
G1 X63.535 Y53.332 E.0151
G1 X63.164 Y53.428 E.01295
G1 X62.267 Y53.576 E.0308
G1 X61.391 Y53.672 E.0298
G1 X60.596 Y53.716 E.02695
G1 X59.411 Y53.716 E.04012
G1 X58.578 Y53.67 E.02825
G1 X57.733 Y53.576 E.02879
G1 X56.913 Y53.443 E.02809
G1 X56.45 Y53.325 E.01619
G1 X56.032 Y53.154 E.01528
G1 X55.657 Y52.932 E.01477
G1 X55.329 Y52.669 E.01424
G1 X55.019 Y52.337 E.01536
G1 X54.763 Y51.966 E.01527
G1 X54.565 Y51.562 E.01524
G1 X54.437 Y51.163 E.01416
G1 X54.366 Y50.766 E.01366
G1 X54.349 Y50.309 E.01549
G1 X54.397 Y49.844 E.01581
G1 X54.55 Y48.972 E.02999
G1 X54.683 Y48.452 E.01814
G1 X54.851 Y48.05 E.01476
G1 X55.074 Y47.676 E.01474
G1 X55.348 Y47.337 E.01475
G1 X55.594 Y47.108 E.01136
G1 X55.871 Y47.407 F7200
G1 F1473.913
G1 X55.908 Y47.373 E.00168
G1 X56.19 Y47.173 E.0117
G1 X56.538 Y46.994 E.01327
G1 X56.907 Y46.868 E.01321
G1 X57.291 Y46.798 E.01321
G1 X57.692 Y46.787 E.01356
G1 X58.722 Y46.926 E.03519
G1 X59.452 Y46.989 E.02482
G1 X60.488 Y46.992 E.03505
G1 X60.985 Y46.959 E.01685
G1 X62.291 Y46.788 E.0446
G1 X62.688 Y46.796 E.01344
G1 X63.06 Y46.859 E.01279
G1 X63.407 Y46.971 E.01232
G1 X63.747 Y47.136 E.01281
G1 X64.058 Y47.346 E.01271
G1 X64.358 Y47.623 E.01381
G1 X64.603 Y47.928 E.01324
G1 X64.787 Y48.239 E.01225
G1 X64.925 Y48.57 E.01214
G1 X65.048 Y49.042 E.0165
G1 X65.198 Y49.894 E.02929
G1 X65.244 Y50.385 E.01669
G1 X65.229 Y50.716 E.01123
G1 X65.169 Y51.056 E.01167
G1 X65.027 Y51.475 E.01497
G1 X64.857 Y51.805 E.01257
M73 P6 R3
G1 X64.647 Y52.101 E.01227
G1 X64.384 Y52.378 E.01292
G1 X64.087 Y52.612 E.01283
G1 X63.76 Y52.801 E.01277
G1 X63.413 Y52.942 E.01266
G1 X63.074 Y53.031 E.01187
G1 X62.215 Y53.172 E.02949
G1 X61.355 Y53.266 E.02928
G1 X60.582 Y53.309 E.0262
G1 X59.426 Y53.309 E.03913
G1 X58.608 Y53.264 E.02771
G1 X57.791 Y53.173 E.02785
G1 X57.002 Y53.045 E.02706
G1 X56.586 Y52.94 E.0145
G1 X56.222 Y52.792 E.0133
G1 X55.882 Y52.591 E.01338
G1 X55.6 Y52.363 E.01227
G1 X55.343 Y52.088 E.01273
G1 X55.121 Y51.767 E.01322
G1 X54.948 Y51.417 E.01324
G1 X54.831 Y51.056 E.01281
G1 X54.771 Y50.714 E.01176
G1 X54.758 Y50.314 E.01355
G1 X54.801 Y49.896 E.01422
G1 X54.947 Y49.062 E.02866
G1 X55.068 Y48.59 E.01648
G1 X55.212 Y48.241 E.01278
G1 X55.414 Y47.903 E.01335
G1 X55.653 Y47.61 E.0128
G1 X55.842 Y47.434 E.00872
G1 X56.139 Y47.722 F7200
G1 F1473.913
G1 X56.503 Y47.473 E.01494
G1 X56.822 Y47.338 E.01172
G1 X57.412 Y47.212 E.02042
G1 X57.917 Y47.213 E.01709
G1 X58.609 Y47.322 E.02374
G1 X59.467 Y47.4 E.02914
G1 X60.532 Y47.4 E.03606
G1 X61.424 Y47.318 E.03032
G1 X62.146 Y47.211 E.02471
G1 X62.628 Y47.212 E.01629
G1 X63.041 Y47.284 E.01418
G1 X63.385 Y47.413 E.01244
G1 X63.657 Y47.567 E.0106
G1 X64.036 Y47.895 E.01695
G1 X64.379 Y48.377 E.02003
G1 X64.618 Y48.995 E.02244
G1 X64.811 Y50.104 E.0381
G1 X64.813 Y50.62 E.01747
G1 X64.731 Y51.072 E.01554
G1 X64.543 Y51.52 E.01646
G1 X64.286 Y51.881 E.01498
G1 X64.012 Y52.141 E.01277
G1 X63.615 Y52.398 E.01604
G1 X63.028 Y52.617 E.02119
G1 X62.141 Y52.771 E.03048
G1 X61.392 Y52.856 E.02551
G1 X60.658 Y52.901 E.02487
G1 X59.266 Y52.897 E.04714
G1 X58.011 Y52.79 E.04262
G1 X56.892 Y52.596 E.03845
G1 X56.492 Y52.452 E.01439
G1 X56.075 Y52.213 E.01627
G1 X55.781 Y51.958 E.01315
G1 X55.515 Y51.617 E.01465
G1 X55.458 Y51.517 E.0039
G1 X55.246 Y50.959 E.0202
G1 X55.178 Y50.495 E.01586
G1 X55.18 Y50.178 E.01074
G1 X55.375 Y49.015 E.0399
G1 X55.512 Y48.592 E.01508
G1 X55.731 Y48.181 E.01574
G1 X56.112 Y47.752 E.01944
G1 X56.369 Y48.057 F7200
G1 F1473.913
G1 X56.65 Y47.852 E.01178
G1 X56.991 Y47.708 E.01253
G1 X57.5 Y47.609 E.01754
G1 X57.913 Y47.62 E.01399
G1 X58.553 Y47.725 E.02197
G1 X59.443 Y47.807 E.03023
G1 X60.557 Y47.807 E.03771
G1 X61.47 Y47.723 E.03103
G1 X62.215 Y47.613 E.02551
M73 P7 R3
G1 X62.63 Y47.619 E.01407
G1 X62.899 Y47.666 E.00923
G1 X63.175 Y47.762 E.00989
G1 X63.467 Y47.927 E.01134
G1 X63.769 Y48.203 E.01385
G1 X64 Y48.524 E.01339
G1 X64.215 Y49.054 E.01934
G1 X64.412 Y50.185 E.03886
G1 X64.406 Y50.624 E.01488
G1 X64.355 Y50.915 E.00999
G1 X64.211 Y51.284 E.01343
G1 X64.014 Y51.577 E.01196
G1 X63.724 Y51.853 E.01355
G1 X63.477 Y52.015 E.00999
G1 X62.969 Y52.214 E.01846
G1 X62.067 Y52.371 E.03099
G1 X61.369 Y52.449 E.02378
G1 X60.663 Y52.494 E.02393
G1 X59.262 Y52.49 E.04744
G1 X58.041 Y52.384 E.04148
G1 X57.04 Y52.216 E.03436
G1 X56.62 Y52.065 E.01511
G1 X56.276 Y51.859 E.01359
G1 X56.049 Y51.652 E.01039
G1 X55.837 Y51.368 E.01198
G1 X55.651 Y50.913 E.01664
G1 X55.58 Y50.427 E.01663
G1 X55.587 Y50.184 E.00824
G1 X55.759 Y49.15 E.03548
G1 X55.903 Y48.707 E.01575
G1 X56.092 Y48.37 E.0131
G1 X56.343 Y48.087 E.01279
G1 X56.639 Y48.365 F7200
G1 F1473.913
G1 X56.673 Y48.328 E.00169
G1 X56.886 Y48.183 E.00874
G1 X57.069 Y48.107 E.0067
G1 X57.484 Y48.016 E.01436
G1 X57.838 Y48.02 E.012
G1 X58.497 Y48.129 E.02261
G1 X59.43 Y48.215 E.0317
G1 X60.581 Y48.214 E.03898
G1 X61.522 Y48.127 E.03197
G1 X62.284 Y48.014 E.02611
G1 X62.623 Y48.026 E.01148
G1 X62.826 Y48.066 E.00701
G1 X63.042 Y48.146 E.00778
G1 X63.266 Y48.281 E.00884
G1 X63.493 Y48.501 E.01071
G1 X63.67 Y48.762 E.01066
G1 X63.838 Y49.207 E.01611
G1 X64.012 Y50.261 E.03617
G1 X63.999 Y50.616 E.01203
G1 X63.954 Y50.846 E.00791
G1 X63.871 Y51.062 E.00783
G1 X63.733 Y51.283 E.00883
G1 X63.51 Y51.507 E.01071
G1 X63.243 Y51.682 E.01079
G1 X62.911 Y51.811 E.01204
G1 X61.994 Y51.97 E.03153
G1 X61.345 Y52.043 E.02208
G1 X60.668 Y52.087 E.02296
G1 X59.258 Y52.083 E.04775
G1 X58.072 Y51.979 E.04029
G1 X57.097 Y51.813 E.03347
G1 X56.758 Y51.682 E.01232
G1 X56.559 Y51.566 E.00779
G1 X56.315 Y51.343 E.0112
G1 X56.165 Y51.127 E.00891
G1 X56.028 Y50.761 E.01324
G1 X55.983 Y50.373 E.0132
G1 X55.988 Y50.258 E.00389
G1 X56.162 Y49.207 E.03606
G1 X56.291 Y48.829 E.01353
G1 X56.446 Y48.57 E.01022
G1 X56.611 Y48.394 E.00817
G1 X56.904 Y48.663 F7200
G1 F1473.913
G1 X56.905 Y48.662 E.00006
G1 X57.052 Y48.555 E.00614
G1 X57.164 Y48.503 E.00419
G1 X57.476 Y48.423 E.01092
G1 X57.762 Y48.42 E.00967
G1 X58.44 Y48.532 E.02327
G1 X59.405 Y48.622 E.0328
G1 X60.606 Y48.621 E.04064
G1 X61.567 Y48.532 E.03267
G1 X62.355 Y48.415 E.02697
M73 P8 R3
G1 X62.601 Y48.432 E.00833
G1 X62.742 Y48.464 E.0049
G1 X62.899 Y48.527 E.00573
G1 X63.051 Y48.627 E.00616
G1 X63.203 Y48.787 E.00747
G1 X63.332 Y48.989 E.00813
G1 X63.435 Y49.267 E.01002
G1 X63.606 Y50.234 E.03324
G1 X63.592 Y50.611 E.01278
G1 X63.558 Y50.757 E.00506
G1 X63.492 Y50.913 E.00572
G1 X63.391 Y51.063 E.00616
G1 X63.228 Y51.213 E.00747
G1 X63.022 Y51.34 E.00822
G1 X62.854 Y51.408 E.00613
G1 X61.92 Y51.57 E.03207
G1 X61.298 Y51.639 E.02119
G1 X60.673 Y51.68 E.02121
G1 X59.298 Y51.678 E.04653
G1 X58.139 Y51.577 E.03939
G1 X57.255 Y51.438 E.03027
G1 X56.896 Y51.299 E.01306
G1 X56.772 Y51.22 E.00498
G1 X56.646 Y51.107 E.00571
G1 X56.535 Y50.96 E.00623
G1 X56.479 Y50.841 E.00446
G1 X56.413 Y50.629 E.00749
G1 X56.388 Y50.333 E.01008
G1 X56.565 Y49.264 E.03666
G1 X56.677 Y48.959 E.01098
G1 X56.79 Y48.787 E.007
G1 X56.877 Y48.693 E.00431
G1 X57.176 Y48.969 F7200
G1 F1473.913
G1 X57.212 Y48.929 E.00182
G1 X57.346 Y48.867 E.00498
G1 X57.486 Y48.829 E.00492
G1 X57.685 Y48.82 E.00673
G1 X58.384 Y48.936 E.02398
G1 X59.381 Y49.029 E.0339
G1 X60.631 Y49.028 E.04231
G1 X61.617 Y48.936 E.03354
G1 X62.313 Y48.82 E.02389
G1 X62.582 Y48.839 E.0091
G1 X62.759 Y48.91 E.00646
G1 X62.868 Y49.017 E.00517
G1 X62.954 Y49.138 E.00505
G1 X63.032 Y49.327 E.00691
G1 X63.206 Y50.312 E.03387
G1 X63.186 Y50.591 E.00945
G1 X63.112 Y50.767 E.00646
G1 X63.004 Y50.874 E.00517
G1 X62.88 Y50.958 E.00505
G1 X62.691 Y51.034 E.00691
G1 X61.879 Y51.165 E.02782
G1 X61.251 Y51.234 E.02141
G1 X60.643 Y51.274 E.02063
G1 X59.294 Y51.271 E.04565
G1 X58.171 Y51.171 E.03816
G1 X57.307 Y51.034 E.02962
G1 X57.05 Y50.923 E.00946
G1 X56.908 Y50.796 E.00646
G1 X56.843 Y50.658 E.00517
G1 X56.803 Y50.514 E.00505
G1 X56.794 Y50.31 E.00691
G1 X56.968 Y49.324 E.03387
G1 X57.024 Y49.17 E.00555
G1 X57.083 Y49.07 E.00394
G1 X57.149 Y48.998 E.0033
G1 X57.441 Y49.263 F7200
G1 F1473.913
G1 X57.605 Y49.219 E.00572
G1 X58.327 Y49.34 E.02478
G1 X59.356 Y49.436 E.03499
G1 X60.644 Y49.436 E.0436
G1 X61.674 Y49.339 E.03503
G1 X62.39 Y49.22 E.02457
G1 X62.529 Y49.243 E.00475
G1 X62.629 Y49.384 E.00588
G1 X62.807 Y50.394 E.0347
G1 X62.783 Y50.532 E.00475
G1 X62.639 Y50.63 E.00588
G1 X61.812 Y50.764 E.02838
G1 X61.226 Y50.828 E.01994
G1 X60.647 Y50.867 E.01966
G1 X59.335 Y50.866 E.04439
G1 X58.203 Y50.765 E.03848
M73 P9 R3
G1 X57.361 Y50.63 E.02887
G1 X57.238 Y50.561 E.00475
G1 X57.193 Y50.394 E.00588
G1 X57.371 Y49.384 E.0347
G1 X57.421 Y49.298 E.0034
G1 E-.8 F1800
G1 X62.221 Y49.714 Z.6 F7200
G1 Z.2
G1 E.8 F1800
;TYPE:Outer wall
;WIDTH:0.511322
G1 F1280.951
G1 X62.31 Y50.219 E.01999
;WIDTH:0.511839
G1 F1279.539
G1 X61.739 Y50.31 E.02256
G1 X61.184 Y50.37 E.02175
G1 X60.629 Y50.407 E.02169
G1 X59.354 Y50.407 E.04972
G1 X58.748 Y50.356 E.02372
;WIDTH:0.510623
G1 F1282.865
G1 X58.201 Y50.301 E.02139
;WIDTH:0.511033
G1 F1281.742
G1 X57.69 Y50.218 E.02015
G1 X57.779 Y49.714 E.01995
G1 X58.27 Y49.795 E.01939
;WIDTH:0.510623
G1 F1282.865
G1 X58.808 Y49.854 E.02102
;WIDTH:0.511745
G1 F1279.795
G1 X59.375 Y49.895 E.02219
G1 X60.629 Y49.895 E.04889
G1 X61.149 Y49.86 E.02028
G1 X61.682 Y49.801 E.02092
G1 X62.182 Y49.72 E.01973
; stop printing object fidget-finger-massager-2000-rod.stl id:0 copy 0
M106 S255
;LAYER_CHANGE
;Z:0.4
;HEIGHT:0.2
G92 E0
;_SET_FAN_SPEED_CHANGING_LAYER
M204 S500
; printing object fidget-finger-massager-2000-rod.stl id:0 copy 0
G1 X62.46 Y49.523 Z.4 F7200
;WIDTH:0.449999
G1 F600
G1 X62.601 Y50.32 E.0274
G1 X61.752 Y50.464 E.02912
G1 X61.195 Y50.525 E.01898
G1 X60.628 Y50.562 E.01922
G1 X59.352 Y50.562 E.04322
G1 X58.722 Y50.516 E.02136
G1 X58.146 Y50.449 E.01964
G1 X57.399 Y50.324 E.02564
G1 X57.542 Y49.512 E.02791
G1 X58.334 Y49.647 E.0272
G1 X58.863 Y49.706 E.01801
G1 X59.372 Y49.741 E.01727
M73 P10 R3
G1 X60.659 Y49.741 E.04356
G1 X61.186 Y49.702 E.01791
G1 X61.722 Y49.64 E.01824
G1 X62.43 Y49.516 E.02435
M204 S10000
G1 X62.126 Y49.985 F7200
M204 S1500
;TYPE:Inner wall
;WIDTH:0.414372
G1 F600
G1 X61.707 Y50.056 E.0131
G1 X61.167 Y50.115 E.01678
;WIDTH:0.414248
G1 X60.628 Y50.151 E.01668
G1 X59.346 Y50.151 E.03959
G1 X58.767 Y50.109 E.01793
;WIDTH:0.419546
G1 X57.877 Y49.99 E.02811
; stop printing object fidget-finger-massager-2000-rod.stl id:0 copy 0
;LAYER_CHANGE
;Z:0.6
;HEIGHT:0.2
G92 E0
;_SET_FAN_SPEED_CHANGING_LAYER
; printing object fidget-finger-massager-2000-rod.stl id:0 copy 0
M204 S10000
G1 E-.8 F1800
G1 X62.572 Y49.478 Z1 F7200
G1 Z.6
G1 E.8 F1800
M204 S500
;TYPE:Outer wall
;WIDTH:0.449999
G1 F600
G1 X62.719 Y50.314 E.02873
G1 X61.757 Y50.477 E.03304
G1 X61.195 Y50.539 E.01914
G1 X60.628 Y50.576 E.01923
G1 X59.351 Y50.576 E.04323
G1 X58.712 Y50.529 E.02166
G1 X58.152 Y50.464 E.01909
G1 X57.281 Y50.314 E.02993
G1 X57.429 Y49.478 E.02873
G1 X58.338 Y49.633 E.03122
G1 X58.865 Y49.692 E.01795
G1 X59.372 Y49.726 E.01721
G1 X60.658 Y49.726 E.04353
M73 P11 R3
G1 X61.193 Y49.687 E.01815
G1 X61.718 Y49.627 E.0179
G1 X62.532 Y49.485 E.02797
M204 S10000
G1 E-.8 F1800
G1 X57.772 Y49.977 Z1 F7200
G1 Z.6
G1 E.8 F1800
M204 S1500
;TYPE:Inner wall
;WIDTH:0.442204
G1 F600
G1 X58.29 Y50.055 E.01739
G1 X58.834 Y50.115 E.01819
M73 P11 R2
;WIDTH:0.442918
G1 X59.36 Y50.151 E.01754
G1 X60.628 Y50.151 E.04217
G1 X61.166 Y50.115 E.01794
;WIDTH:0.44217
G1 X61.71 Y50.055 E.01818
G1 X62.229 Y49.976 E.0174
; stop printing object fidget-finger-massager-2000-rod.stl id:0 copy 0
;LAYER_CHANGE
;Z:0.8
;HEIGHT:0.2
G92 E0
;_SET_FAN_SPEED_CHANGING_LAYER
; printing object fidget-finger-massager-2000-rod.stl id:0 copy 0
M204 S500
G1 X62.623 Y49.467 Z.8 F7200
;TYPE:Outer wall
;WIDTH:0.449999
G1 F600
G1 X62.77 Y50.303 E.02873
G1 X62.325 Y50.391 E.01537
G1 X61.753 Y50.478 E.0196
G1 X61.193 Y50.539 E.01906
G1 X60.628 Y50.576 E.01916
G1 X59.351 Y50.576 E.04324
G1 X58.712 Y50.529 E.02168
G1 X58.151 Y50.464 E.01911
G1 X57.231 Y50.303 E.03161
G1 X57.382 Y49.468 E.02875
G1 X57.821 Y49.555 E.01513
G1 X58.342 Y49.634 E.01785
G1 X58.867 Y49.692 E.01787
G1 X59.372 Y49.726 E.01714
M73 P12 R2
G1 X60.658 Y49.726 E.04354
G1 X61.194 Y49.687 E.01817
G1 X61.72 Y49.627 E.01793
G1 X62.583 Y49.474 E.02969
M204 S10000
G1 X62.28 Y49.968 F7200
M204 S1500
;TYPE:Inner wall
;WIDTH:0.441984
G1 F600
G1 X62.261 Y49.971 E.00066
;WIDTH:0.442234
G1 X61.706 Y50.056 E.01863
G1 X61.164 Y50.115 E.01811
;WIDTH:0.442918
G1 X60.628 Y50.151 E.01786
G1 X59.346 Y50.151 E.04263
G1 X58.758 Y50.108 E.01962
;WIDTH:0.439898
G1 X58.218 Y50.045 E.01796
;WIDTH:0.440826
G1 X57.722 Y49.968 E.01658
; stop printing object fidget-finger-massager-2000-rod.stl id:0 copy 0
;LAYER_CHANGE
;Z:1
;HEIGHT:0.2
G92 E0
;_SET_FAN_SPEED_CHANGING_LAYER
; printing object fidget-finger-massager-2000-rod.stl id:0 copy 0
M204 S10000
G1 E-.8 F1800
G1 X62.629 Y49.465 Z1.4 F7200
G1 Z1
G1 E.8 F1800
M204 S500
;TYPE:Outer wall
;WIDTH:0.449999
G1 F600
G1 X62.777 Y50.301 E.02873
G1 X62.329 Y50.39 E.01544
G1 X61.748 Y50.478 E.0199
G1 X61.191 Y50.539 E.01899
G1 X60.628 Y50.576 E.01908
G1 X59.352 Y50.576 E.04319
G1 X58.736 Y50.532 E.0209
G1 X58.234 Y50.476 E.0171
G1 X57.23 Y50.302 E.0345
G1 X57.377 Y49.466 E.02874
G1 X57.798 Y49.551 E.01453
G1 X58.869 Y49.692 E.03657
G1 X59.372 Y49.726 E.01706
M73 P13 R2
G1 X60.658 Y49.726 E.04354
G1 X61.194 Y49.687 E.01819
G1 X61.721 Y49.626 E.01795
G1 X62.59 Y49.472 E.02987
M204 S10000
G1 X62.287 Y49.967 F7200
M204 S1500
;TYPE:Inner wall
;WIDTH:0.44191
G1 F600
G1 X62.265 Y49.971 E.00073
;WIDTH:0.442294
G1 X61.702 Y50.056 E.01892
G1 X61.162 Y50.115 E.01805
;WIDTH:0.442918
G1 X60.628 Y50.151 E.01779
G1 X59.36 Y50.151 E.04217
G1 X58.838 Y50.115 E.0174
;WIDTH:0.451424
G1 X57.719 Y49.968 E.03834
; stop printing object fidget-finger-massager-2000-rod.stl id:0 copy 0
;LAYER_CHANGE
;Z:1.2
;HEIGHT:0.2
G92 E0
;_SET_FAN_SPEED_CHANGING_LAYER
; printing object fidget-finger-massager-2000-rod.stl id:0 copy 0
M204 S10000
G1 E-.8 F1800
G1 X62.629 Y49.461 Z1.6 F7200
G1 Z1.2
G1 E.8 F1800
M204 S500
;TYPE:Outer wall
;WIDTH:0.449999
G1 F600
G1 X62.777 Y50.302 E.02889
G1 X62.334 Y50.389 E.01527
G1 X61.783 Y50.474 E.0189
G1 X61.188 Y50.539 E.02025
G1 X60.628 Y50.576 E.01899
G1 X59.35 Y50.576 E.04325
G1 X58.711 Y50.529 E.02171
G1 X58.149 Y50.463 E.01916
G1 X57.223 Y50.301 E.03179
G1 X57.371 Y49.465 E.02872
G1 X57.834 Y49.556 E.01598
G1 X58.35 Y49.635 E.01768
G1 X58.871 Y49.692 E.01773
G1 X59.372 Y49.726 E.01699
M73 P14 R2
G1 X60.658 Y49.726 E.04354
G1 X61.195 Y49.687 E.01822
G1 X61.727 Y49.626 E.01812
G1 X62.589 Y49.468 E.02968
M204 S10000
G1 X62.28 Y49.962 F7200
M204 S1500
;TYPE:Inner wall
;WIDTH:0.453384
G1 F600
G1 X61.736 Y50.052 E.01883
;WIDTH:0.44232
G1 X61.159 Y50.116 E.01926
;WIDTH:0.442918
G1 X60.628 Y50.151 E.01771
G1 X59.346 Y50.151 E.04263
G1 X58.757 Y50.108 E.01966
;WIDTH:0.439816
G1 X58.212 Y50.045 E.0181
;WIDTH:0.440114
G1 X57.713 Y49.966 E.01669
; stop printing object fidget-finger-massager-2000-rod.stl id:0 copy 0
;LAYER_CHANGE
;Z:1.4
;HEIGHT:0.2
G92 E0
;_SET_FAN_SPEED_CHANGING_LAYER
; printing object fidget-finger-massager-2000-rod.stl id:0 copy 0
M204 S10000
G1 E-.8 F1800
G1 X62.629 Y49.461 Z1.8 F7200
G1 Z1.4
G1 E.8 F1800
M204 S500
;TYPE:Outer wall
;WIDTH:0.449999
G1 F600
G1 X62.777 Y50.302 E.02889
G1 X62.339 Y50.389 E.01511
G1 X61.789 Y50.473 E.01882
G1 X61.186 Y50.54 E.02056
G1 X60.628 Y50.576 E.01892
G1 X59.35 Y50.576 E.04326
G1 X58.71 Y50.529 E.02172
G1 X58.147 Y50.463 E.01918
G1 X57.223 Y50.301 E.03175
G1 X57.371 Y49.465 E.02872
G1 X58.284 Y49.627 E.03139
G1 X58.812 Y49.688 E.01799
G1 X59.372 Y49.726 E.019
M73 P15 R2
G1 X60.658 Y49.726 E.04354
G1 X61.196 Y49.687 E.01824
G1 X61.728 Y49.625 E.01814
G1 X62.589 Y49.468 E.02964
M204 S10000
G1 X62.28 Y49.962 F7200
M204 S1500
;TYPE:Inner wall
;WIDTH:0.45337
G1 F600
G1 X61.742 Y50.051 E.0186
;WIDTH:0.442358
G1 X61.157 Y50.116 E.01956
;WIDTH:0.442918
G1 X60.628 Y50.151 E.01763
G1 X59.346 Y50.151 E.04264
G1 X58.756 Y50.108 E.01968
;WIDTH:0.439778
G1 X58.211 Y50.044 E.01812
;WIDTH:0.43996
G1 X57.712 Y49.966 E.01665
; stop printing object fidget-finger-massager-2000-rod.stl id:0 copy 0
;LAYER_CHANGE
;Z:1.6
;HEIGHT:0.2
G92 E0
;_SET_FAN_SPEED_CHANGING_LAYER
; printing object fidget-finger-massager-2000-rod.stl id:0 copy 0
M204 S10000
G1 E-.8 F1800
G1 X62.629 Y49.464 Z2 F7200
G1 Z1.6
G1 E.8 F1800
M204 S500
;TYPE:Outer wall
;WIDTH:0.449999
G1 F600
G1 X62.777 Y50.301 E.02875
G1 X62.292 Y50.397 E.01671
G1 X61.753 Y50.478 E.01848
G1 X61.254 Y50.533 E.01699
G1 X60.642 Y50.576 E.02076
G1 X59.358 Y50.576 E.04348
G1 X58.807 Y50.539 E.01868
G1 X58.256 Y50.479 E.01878
G1 X57.717 Y50.398 E.01843
G1 X57.223 Y50.301 E.01704
G1 X57.371 Y49.465 E.02872
G1 X58.283 Y49.627 E.03135
G1 X58.811 Y49.688 E.01801
M73 P16 R2
G1 X59.372 Y49.726 E.01902
G1 X60.66 Y49.726 E.0436
G1 X61.632 Y49.628 E.03305
G1 X62.59 Y49.471 E.03286
M204 S10000
G1 E-.8 F1800
G1 X57.712 Y49.966 Z2 F7200
G1 Z1.6
G1 E.8 F1800
M204 S1500
;TYPE:Inner wall
;WIDTH:0.439736
G1 F600
G1 X58.209 Y50.044 E.0166
G1 X58.755 Y50.108 E.01814
;WIDTH:0.442918
G1 X59.346 Y50.151 E.0197
G1 X60.627 Y50.151 E.04261
G1 X61.216 Y50.111 E.01962
;WIDTH:0.442436
G1 X62.287 Y49.965 E.03591
; stop printing object fidget-finger-massager-2000-rod.stl id:0 copy 0
;LAYER_CHANGE
;Z:1.8
;HEIGHT:0.2
G92 E0
;_SET_FAN_SPEED_CHANGING_LAYER
; printing object fidget-finger-massager-2000-rod.stl id:0 copy 0
M204 S500
G1 X62.629 Y49.465 Z1.8 F7200
;TYPE:Outer wall
;WIDTH:0.449999
G1 F600
G1 X62.777 Y50.301 E.02871
G1 X62.286 Y50.398 E.01693
G1 X61.742 Y50.479 E.01862
G1 X60.64 Y50.576 E.03743
G1 X59.358 Y50.576 E.04342
G1 X58.809 Y50.539 E.0186
G1 X58.26 Y50.48 E.01871
G1 X57.714 Y50.398 E.01868
G1 X57.223 Y50.301 E.01693
G1 X57.371 Y49.464 E.02875
G1 X57.843 Y49.558 E.0163
G1 X58.81 Y49.688 E.03303
M73 P17 R2
G1 X59.372 Y49.726 E.01905
G1 X60.658 Y49.726 E.04354
G1 X61.197 Y49.687 E.01828
G1 X61.726 Y49.626 E.01803
G1 X62.59 Y49.472 E.0297
M204 S10000
G1 X62.288 Y49.966 F7200
M204 S1500
;TYPE:Inner wall
;WIDTH:0.439716
G1 F600
G1 X61.767 Y50.047 E.01739
G1 X61.22 Y50.105 E.01816
;WIDTH:0.442918
G1 X60.622 Y50.151 E.01995
G1 X59.36 Y50.151 E.04197
G1 X58.847 Y50.116 E.01712
;WIDTH:0.45071
G1 X57.713 Y49.965 E.03877
; stop printing object fidget-finger-massager-2000-rod.stl id:0 copy 0
;LAYER_CHANGE
;Z:2
;HEIGHT:0.2
G92 E0
;_SET_FAN_SPEED_CHANGING_LAYER
; printing object fidget-finger-massager-2000-rod.stl id:0 copy 0
M204 S10000
G1 E-.8 F1800
G1 X62.629 Y49.465 Z2.4 F7200
G1 Z2
G1 E.8 F1800
M204 S500
;TYPE:Outer wall
;WIDTH:0.449999
G1 F600
G1 X62.777 Y50.301 E.02874
G1 X62.362 Y50.385 E.01432
G1 X61.736 Y50.48 E.02145
G1 X61.189 Y50.54 E.01862
G1 X60.642 Y50.576 E.01853
G1 X59.358 Y50.576 E.04349
G1 X58.811 Y50.54 E.01853
G1 X58.264 Y50.48 E.01863
G1 X57.72 Y50.399 E.01861
G1 X57.223 Y50.301 E.01715
G1 X57.371 Y49.464 E.02875
G1 X57.852 Y49.56 E.01661
G1 X58.81 Y49.688 E.0327
M73 P18 R2
G1 X59.372 Y49.726 E.01907
G1 X60.658 Y49.726 E.04354
G1 X61.197 Y49.687 E.0183
G1 X61.727 Y49.626 E.01806
G1 X62.59 Y49.472 E.02965
M204 S10000
G1 X62.287 Y49.967 F7200
M204 S1500
;TYPE:Inner wall
;WIDTH:0.442592
G1 F600
G1 X61.681 Y50.059 E.02038
G1 X61.151 Y50.116 E.01769
;WIDTH:0.442918
G1 X60.628 Y50.151 E.01745
G1 X59.36 Y50.151 E.04218
G1 X58.849 Y50.116 E.01705
;WIDTH:0.45054
G1 X57.713 Y49.965 E.03882
; stop printing object fidget-finger-massager-2000-rod.stl id:0 copy 0
;LAYER_CHANGE
;Z:2.2
;HEIGHT:0.2
G92 E0
;_SET_FAN_SPEED_CHANGING_LAYER
; printing object fidget-finger-massager-2000-rod.stl id:0 copy 0
M204 S10000
G1 E-.8 F1800
G1 X62.629 Y49.465 Z2.6 F7200
G1 Z2.2
G1 E.8 F1800
M204 S500
;TYPE:Outer wall
;WIDTH:0.449999
G1 F600
G1 X62.777 Y50.301 E.02874
G1 X62.366 Y50.384 E.01416
G1 X61.731 Y50.481 E.02175
G1 X61.186 Y50.54 E.01855
G1 X60.642 Y50.576 E.01846
G1 X59.358 Y50.576 E.04349
G1 X58.814 Y50.54 E.01846
G1 X58.268 Y50.481 E.01856
G1 X57.727 Y50.4 E.01854
G1 X57.224 Y50.301 E.01736
G1 X57.371 Y49.464 E.02876
G1 X57.863 Y49.561 E.01696
G1 X58.809 Y49.687 E.03231
M73 P19 R2
G1 X59.372 Y49.726 E.0191
G1 X60.658 Y49.726 E.04354
G1 X61.198 Y49.687 E.01832
G1 X61.729 Y49.625 E.01808
G1 X62.59 Y49.472 E.02961
M204 S10000
G1 X62.287 Y49.967 F7200
M204 S1500
;TYPE:Inner wall
;WIDTH:0.44265
G1 F600
G1 X61.676 Y50.059 E.02053
G1 X61.149 Y50.116 E.01762
;WIDTH:0.442918
G1 X60.628 Y50.151 E.01737
G1 X59.372 Y50.151 E.04178
G1 X58.851 Y50.116 E.01737
;WIDTH:0.450364
G1 X57.714 Y49.965 E.03886
; stop printing object fidget-finger-massager-2000-rod.stl id:0 copy 0
;LAYER_CHANGE
;Z:2.4
;HEIGHT:0.2
G92 E0
;_SET_FAN_SPEED_CHANGING_LAYER
; printing object fidget-finger-massager-2000-rod.stl id:0 copy 0
M204 S10000
G1 E-.8 F1800
G1 X62.629 Y49.464 Z2.8 F7200
G1 Z2.4
G1 E.8 F1800
M204 S500
;TYPE:Outer wall
;WIDTH:0.449999
G1 F600
G1 X62.777 Y50.302 E.02879
G1 X62.371 Y50.383 E.01401
G1 X61.727 Y50.481 E.02205
G1 X61.184 Y50.54 E.01847
G1 X60.642 Y50.576 E.01838
G1 X59.358 Y50.576 E.04349
G1 X58.816 Y50.54 E.01838
G1 X58.273 Y50.481 E.01849
G1 X57.733 Y50.401 E.01846
G1 X57.223 Y50.301 E.01758
G1 X57.371 Y49.465 E.02871
G1 X58.278 Y49.626 E.03118
M73 P20 R2
G1 X58.809 Y49.687 E.0181
G1 X59.372 Y49.726 E.0191
G1 X60.846 Y49.726 E.04988
G1 X62.137 Y49.561 E.04409
G1 X62.59 Y49.472 E.01561
M204 S10000
G1 E-.8 F1800
G1 X57.712 Y49.965 Z2.8 F7200
G1 Z2.4
G1 E.8 F1800
M204 S1500
;TYPE:Inner wall
;WIDTH:0.439212
G1 F600
G1 X58.209 Y50.044 E.01658
;WIDTH:0.439596
G1 X58.753 Y50.107 E.01804
;WIDTH:0.442918
G1 X59.346 Y50.151 E.01978
G1 X60.628 Y50.151 E.04265
G1 X61.147 Y50.117 E.0173
;WIDTH:0.450164
G1 X62.182 Y49.983 E.03534
;WIDTH:0.443868
G1 X62.285 Y49.966 E.00349
; stop printing object fidget-finger-massager-2000-rod.stl id:0 copy 0
;LAYER_CHANGE
;Z:2.6
;HEIGHT:0.2
G92 E0
;_SET_FAN_SPEED_CHANGING_LAYER
; printing object fidget-finger-massager-2000-rod.stl id:0 copy 0
M204 S500
G1 X62.629 Y49.464 Z2.6 F7200
;TYPE:Outer wall
;WIDTH:0.449999
G1 F600
G1 X62.777 Y50.302 E.02879
G1 X62.376 Y50.382 E.01385
G1 X61.723 Y50.482 E.02236
G1 X61.182 Y50.54 E.0184
G1 X60.642 Y50.576 E.01831
G1 X59.358 Y50.576 E.04349
G1 X58.818 Y50.54 E.01831
G1 X58.277 Y50.482 E.01841
G1 X57.74 Y50.402 E.01839
G1 X57.223 Y50.301 E.0178
G1 X57.371 Y49.465 E.0287
G1 X58.276 Y49.626 E.03114
M73 P21 R2
G1 X58.808 Y49.687 E.01812
G1 X59.372 Y49.726 E.01912
G1 X60.843 Y49.726 E.04981
G1 X62.127 Y49.563 E.04379
G1 X62.59 Y49.472 E.01598
M204 S10000
G1 X62.285 Y49.965 F7200
M204 S1500
;TYPE:Inner wall
;WIDTH:0.444092
G1 F600
G1 X62.171 Y49.985 E.00385
;WIDTH:0.44999
G1 X61.145 Y50.117 E.03502
;WIDTH:0.442918
G1 X60.628 Y50.151 E.01723
G1 X59.346 Y50.151 E.04266
G1 X58.752 Y50.107 E.0198
;WIDTH:0.439568
G1 X58.208 Y50.044 E.01806
;WIDTH:0.43907
G1 X57.712 Y49.965 E.01655
; stop printing object fidget-finger-massager-2000-rod.stl id:0 copy 0
;LAYER_CHANGE
;Z:2.8
;HEIGHT:0.2
G92 E0
;_SET_FAN_SPEED_CHANGING_LAYER
; printing object fidget-finger-massager-2000-rod.stl id:0 copy 0
M204 S10000
G1 E-.8 F1800
G1 X62.629 Y49.465 Z3.2 F7200
G1 Z2.8
G1 E.8 F1800
M204 S500
;TYPE:Outer wall
;WIDTH:0.449999
G1 F600
G1 X62.777 Y50.302 E.02874
G1 X61.845 Y50.465 E.03202
G1 X61.179 Y50.54 E.02268
G1 X60.642 Y50.576 E.01822
G1 X59.358 Y50.576 E.04349
G1 X58.82 Y50.54 E.01824
G1 X58.281 Y50.482 E.01834
G1 X57.746 Y50.403 E.01832
G1 X57.224 Y50.301 E.01802
G1 X57.372 Y49.464 E.02876
G1 X57.895 Y49.566 E.01806
M73 P22 R2
G1 X58.807 Y49.687 E.03114
G1 X59.372 Y49.726 E.01915
G1 X60.658 Y49.726 E.04354
G1 X61.2 Y49.687 E.01839
G1 X61.732 Y49.625 E.01814
G1 X62.59 Y49.472 E.02948
M204 S10000
G1 X62.287 Y49.967 F7200
M204 S1500
;TYPE:Inner wall
;WIDTH:0.441332
G1 F600
G1 X61.773 Y50.047 E.01722
;WIDTH:0.442618
G1 X61.141 Y50.117 E.02114
;WIDTH:0.442918
G1 X60.628 Y50.151 E.01711
G1 X59.372 Y50.151 E.04179
G1 X58.857 Y50.117 E.01716
;WIDTH:0.449848
G1 X57.714 Y49.964 E.03901
; stop printing object fidget-finger-massager-2000-rod.stl id:0 copy 0
;LAYER_CHANGE
;Z:3
;HEIGHT:0.2
G92 E0
;_SET_FAN_SPEED_CHANGING_LAYER
; printing object fidget-finger-massager-2000-rod.stl id:0 copy 0
M204 S10000
G1 E-.8 F1800
G1 X62.629 Y49.466 Z3.4 F7200
G1 Z3
G1 E.8 F1800
M204 S500
;TYPE:Outer wall
;WIDTH:0.449999
G1 F600
G1 X62.777 Y50.302 E.02874
G1 X61.852 Y50.464 E.03179
G1 X61.177 Y50.54 E.02298
G1 X60.642 Y50.576 E.01814
G1 X59.358 Y50.576 E.04349
G1 X58.822 Y50.54 E.01816
G1 X58.285 Y50.483 E.01827
G1 X57.752 Y50.404 E.01824
G1 X57.224 Y50.3 E.01824
G1 X57.372 Y49.464 E.02876
G1 X57.906 Y49.568 E.01843
M73 P23 R2
G1 X58.807 Y49.687 E.03075
G1 X59.372 Y49.726 E.01918
G1 X60.658 Y49.726 E.04354
G1 X61.201 Y49.687 E.01841
G1 X61.734 Y49.625 E.01816
G1 X62.59 Y49.473 E.02944
M204 S10000
G1 X62.287 Y49.966 F7200
M204 S1500
;TYPE:Inner wall
;WIDTH:0.441274
G1 F600
G1 X61.775 Y50.047 E.01717
;WIDTH:0.442656
G1 X61.139 Y50.117 E.02125
;WIDTH:0.442918
G1 X60.628 Y50.151 E.01703
G1 X59.372 Y50.151 E.04179
G1 X58.859 Y50.117 E.01709
;WIDTH:0.449676
G1 X58.34 Y50.058 E.01768
G1 X57.715 Y49.964 E.02138
; stop printing object fidget-finger-massager-2000-rod.stl id:0 copy 0
;LAYER_CHANGE
;Z:3.2
;HEIGHT:0.2
G92 E0
;_SET_FAN_SPEED_CHANGING_LAYER
; printing object fidget-finger-massager-2000-rod.stl id:0 copy 0
M204 S10000
G1 E-.8 F1800
G1 X62.629 Y49.463 Z3.6 F7200
G1 Z3.2
G1 E.8 F1800
M204 S500
;TYPE:Outer wall
;WIDTH:0.449999
G1 F600
G1 X62.776 Y50.302 E.02881
G1 X62.389 Y50.38 E.01335
G1 X61.71 Y50.483 E.02327
G1 X61.176 Y50.541 E.01818
G1 X60.642 Y50.576 E.01809
G1 X59.358 Y50.576 E.04349
G1 X58.824 Y50.541 E.01809
G1 X58.29 Y50.483 E.0182
G1 X57.759 Y50.405 E.01817
G1 X57.223 Y50.3 E.01846
G1 X57.371 Y49.466 E.02869
M73 P24 R2
G1 X58.273 Y49.626 E.03101
G1 X58.806 Y49.687 E.01818
G1 X59.372 Y49.726 E.01918
G1 X60.66 Y49.726 E.0436
G1 X61.598 Y49.634 E.03192
G1 X62.094 Y49.568 E.01693
G1 X62.59 Y49.471 E.01708
M204 S10000
G1 X62.285 Y49.965 F7200
M204 S1500
;TYPE:Inner wall
;WIDTH:0.444708
G1 F600
G1 X62.151 Y49.988 E.00454
;WIDTH:0.44946
G1 X61.139 Y50.117 E.03448
;WIDTH:0.442918
G1 X60.628 Y50.151 E.01702
G1 X59.345 Y50.151 E.04267
G1 X58.75 Y50.107 E.01986
;WIDTH:0.439482
G1 X58.224 Y50.046 E.01746
;WIDTH:0.439158
G1 X57.712 Y49.965 E.01708
; stop printing object fidget-finger-massager-2000-rod.stl id:0 copy 0
;LAYER_CHANGE
;Z:3.4
;HEIGHT:0.2
G92 E0
;_SET_FAN_SPEED_CHANGING_LAYER
; printing object fidget-finger-massager-2000-rod.stl id:0 copy 0
M204 S10000
G1 E-.8 F1800
G1 X62.629 Y49.466 Z3.8 F7200
G1 Z3.4
G1 E.8 F1800
M204 S500
;TYPE:Outer wall
;WIDTH:0.449999
G1 F600
G1 X62.777 Y50.302 E.02874
G1 X62.394 Y50.379 E.01322
G1 X61.705 Y50.484 E.02358
G1 X61.174 Y50.541 E.0181
G1 X60.642 Y50.576 E.01802
G1 X59.358 Y50.576 E.04349
G1 X58.826 Y50.541 E.01802
G1 X58.294 Y50.484 E.01812
G1 X57.765 Y50.406 E.0181
G1 X57.224 Y50.3 E.01867
G1 X57.372 Y49.464 E.02877
M73 P25 R2
G1 X57.928 Y49.572 E.01916
G1 X58.805 Y49.687 E.02997
G1 X59.372 Y49.726 E.01922
G1 X60.658 Y49.726 E.04355
G1 X61.202 Y49.686 E.01845
G1 X61.736 Y49.624 E.01821
G1 X62.59 Y49.473 E.02935
M204 S10000
G1 X62.287 Y49.966 F7200
M204 S1500
;TYPE:Inner wall
;WIDTH:0.442972
G1 F600
G1 X61.651 Y50.062 E.02141
G1 X61.137 Y50.117 E.01719
G1 X60.628 Y50.151 E.01695
G1 X59.372 Y50.151 E.0418
G1 X58.863 Y50.117 E.01695
;WIDTH:0.449328
G1 X58.348 Y50.059 E.01752
G1 X57.715 Y49.963 E.02164
; stop printing object fidget-finger-massager-2000-rod.stl id:0 copy 0
;LAYER_CHANGE
;Z:3.6
;HEIGHT:0.2
G92 E0
;_SET_FAN_SPEED_CHANGING_LAYER
; printing object fidget-finger-massager-2000-rod.stl id:0 copy 0
M204 S10000
G1 E-.8 F1800
G1 X62.629 Y49.466 Z4 F7200
G1 Z3.6
G1 E.8 F1800
M204 S500
;TYPE:Outer wall
;WIDTH:0.449999
G1 F600
G1 X62.777 Y50.302 E.02874
G1 X62.399 Y50.378 E.01306
G1 X61.701 Y50.484 E.02388
G1 X61.171 Y50.541 E.01803
G1 X60.642 Y50.576 E.01795
G1 X59.358 Y50.576 E.04349
G1 X58.829 Y50.541 E.01795
G1 X58.298 Y50.484 E.01805
G1 X57.771 Y50.407 E.01802
G1 X57.223 Y50.3 E.0189
G1 X57.371 Y49.463 E.02877
M73 P26 R2
G1 X57.938 Y49.573 E.01956
G1 X58.805 Y49.687 E.02958
G1 X59.372 Y49.726 E.01924
G1 X60.658 Y49.726 E.04355
G1 X61.203 Y49.686 E.01847
G1 X61.737 Y49.624 E.01823
G1 X62.59 Y49.473 E.02931
M204 S10000
G1 X62.287 Y49.966 F7200
M204 S1500
;TYPE:Inner wall
;WIDTH:0.443026
G1 F600
G1 X61.646 Y50.063 E.02156
G1 X61.135 Y50.118 E.01712
;WIDTH:0.442918
G1 X60.628 Y50.151 E.01688
G1 X59.372 Y50.151 E.04179
G1 X58.865 Y50.118 E.01688
;WIDTH:0.449154
G1 X58.352 Y50.06 E.01744
G1 X57.714 Y49.963 E.02178
; stop printing object fidget-finger-massager-2000-rod.stl id:0 copy 0
;LAYER_CHANGE
;Z:3.8
;HEIGHT:0.2
G92 E0
;_SET_FAN_SPEED_CHANGING_LAYER
; printing object fidget-finger-massager-2000-rod.stl id:0 copy 0
M204 S10000
G1 E-.8 F1800
G1 X62.629 Y49.466 Z4.2 F7200
G1 Z3.8
G1 E.8 F1800
M204 S500
;TYPE:Outer wall
;WIDTH:0.449999
G1 F600
G1 X62.777 Y50.302 E.02874
G1 X62.403 Y50.377 E.0129
G1 X61.697 Y50.485 E.02419
G1 X61.169 Y50.541 E.01796
G1 X60.642 Y50.576 E.01787
G1 X59.357 Y50.576 E.0435
G1 X58.831 Y50.541 E.01787
G1 X58.303 Y50.485 E.01798
G1 X57.778 Y50.408 E.01795
G1 X57.224 Y50.3 E.01911
G1 X57.371 Y49.463 E.02877
M73 P27 R2
G1 X57.949 Y49.575 E.01993
G1 X58.804 Y49.687 E.02919
G1 X59.372 Y49.726 E.01926
G1 X60.658 Y49.726 E.04355
G1 X61.203 Y49.686 E.01849
G1 X61.739 Y49.624 E.01825
G1 X62.59 Y49.473 E.02927
M204 S10000
G1 X62.287 Y49.966 F7200
M204 S1500
;TYPE:Inner wall
;WIDTH:0.443076
G1 F600
G1 X61.642 Y50.063 E.0217
G1 X61.133 Y50.118 E.01705
;WIDTH:0.442918
G1 X60.628 Y50.151 E.01681
G1 X59.372 Y50.151 E.0418
G1 X58.867 Y50.118 E.01681
;WIDTH:0.44898
G1 X58.356 Y50.06 E.01737
G1 X57.715 Y49.963 E.02191
; stop printing object fidget-finger-massager-2000-rod.stl id:0 copy 0
;LAYER_CHANGE
;Z:4
;HEIGHT:0.2
G92 E0
;_SET_FAN_SPEED_CHANGING_LAYER
; printing object fidget-finger-massager-2000-rod.stl id:0 copy 0
M204 S10000
G1 E-.8 F1800
G1 X62.629 Y49.466 Z4.4 F7200
G1 Z4
G1 E.8 F1800
M204 S500
;TYPE:Outer wall
;WIDTH:0.449999
G1 F600
G1 X62.777 Y50.302 E.02874
G1 X62.408 Y50.376 E.01274
G1 X61.692 Y50.486 E.02449
G1 X61.167 Y50.541 E.01788
G1 X60.642 Y50.576 E.0178
G1 X59.357 Y50.576 E.0435
G1 X58.833 Y50.541 E.0178
G1 X58.307 Y50.485 E.0179
G1 X57.784 Y50.409 E.01788
G1 X57.224 Y50.3 E.01933
G1 X57.372 Y49.463 E.02877
M73 P28 R2
G1 X57.96 Y49.577 E.02026
G1 X58.804 Y49.687 E.0288
G1 X59.372 Y49.726 E.01928
G1 X60.658 Y49.726 E.04355
G1 X61.204 Y49.686 E.01852
G1 X61.74 Y49.624 E.01827
G1 X62.59 Y49.473 E.02922
M204 S10000
G1 X62.287 Y49.966 F7200
M204 S1500
;TYPE:Inner wall
;WIDTH:0.443126
G1 F600
G1 X61.638 Y50.064 E.02185
G1 X61.131 Y50.118 E.01698
;WIDTH:0.442918
G1 X60.628 Y50.151 E.01674
G1 X59.372 Y50.151 E.0418
G1 X58.869 Y50.118 E.01674
;WIDTH:0.448806
G1 X58.36 Y50.061 E.01729
G1 X57.715 Y49.963 E.02202
; stop printing object fidget-finger-massager-2000-rod.stl id:0 copy 0
;LAYER_CHANGE
;Z:4.2
;HEIGHT:0.2
G92 E0
;_SET_FAN_SPEED_CHANGING_LAYER
; printing object fidget-finger-massager-2000-rod.stl id:0 copy 0
M204 S10000
G1 E-.8 F1800
G1 X62.629 Y49.463 Z4.6 F7200
G1 Z4.2
G1 E.8 F1800
M204 S500
;TYPE:Outer wall
;WIDTH:0.449999
G1 F600
G1 X62.777 Y50.302 E.02883
G1 X62.412 Y50.375 E.01259
G1 X61.688 Y50.486 E.0248
G1 X61.165 Y50.542 E.01781
G1 X60.643 Y50.576 E.01773
G1 X59.357 Y50.576 E.0435
G1 X58.835 Y50.542 E.01773
G1 X58.311 Y50.486 E.01783
G1 X57.791 Y50.41 E.0178
G1 X57.224 Y50.3 E.01955
G1 X57.371 Y49.466 E.02868
M73 P29 R2
G1 X58.266 Y49.625 E.0308
G1 X58.803 Y49.687 E.01829
G1 X59.372 Y49.726 E.01929
G1 X60.658 Y49.726 E.04355
G1 X61.207 Y49.686 E.01864
G1 X62.04 Y49.577 E.02843
G1 X62.59 Y49.471 E.01894
M204 S10000
G1 X62.284 Y49.964 F7200
M204 S1500
;TYPE:Inner wall
;WIDTH:0.448576
G1 F600
G1 X61.633 Y50.062 E.02221
G1 X61.128 Y50.118 E.01713
;WIDTH:0.442918
G1 X60.628 Y50.151 E.01667
G1 X59.345 Y50.151 E.04268
G1 X58.747 Y50.107 E.01995
;WIDTH:0.439366
G1 X58.218 Y50.045 E.01756
;WIDTH:0.438896
G1 X57.712 Y49.964 E.01686
; stop printing object fidget-finger-massager-2000-rod.stl id:0 copy 0
;LAYER_CHANGE
;Z:4.4
;HEIGHT:0.2
G92 E0
;_SET_FAN_SPEED_CHANGING_LAYER
; printing object fidget-finger-massager-2000-rod.stl id:0 copy 0
M204 S10000
G1 E-.8 F1800
G1 X62.629 Y49.466 Z4.8 F7200
G1 Z4.4
G1 E.8 F1800
M204 S500
;TYPE:Outer wall
;WIDTH:0.449999
G1 F600
G1 X62.777 Y50.302 E.02874
G1 X62.417 Y50.375 E.01243
G1 X61.684 Y50.487 E.0251
G1 X61.163 Y50.542 E.01773
G1 X60.643 Y50.576 E.01765
G1 X59.357 Y50.576 E.0435
G1 X58.837 Y50.542 E.01765
G1 X58.315 Y50.487 E.01776
G1 X57.797 Y50.411 E.01773
G1 X57.224 Y50.3 E.01976
M73 P30 R2
G1 X57.372 Y49.463 E.02877
G1 X57.981 Y49.58 E.02099
G1 X58.802 Y49.687 E.02802
G1 X59.372 Y49.726 E.01932
G1 X60.658 Y49.726 E.04355
G1 X61.205 Y49.686 E.01856
G1 X61.742 Y49.624 E.01831
G1 X62.59 Y49.473 E.02914
M204 S10000
G1 E-.8 F1800
G1 X57.716 Y49.962 Z4.8 F7200
G1 Z4.4
G1 E.8 F1800
M204 S1500
;TYPE:Inner wall
;WIDTH:0.448458
G1 F600
G1 X58.369 Y50.062 E.02228
G1 X59.172 Y50.151 E.02725
;WIDTH:0.442918
G1 X60.628 Y50.151 E.04845
G1 X61.228 Y50.109 E.02
;WIDTH:0.43963
G1 X61.784 Y50.044 E.01844
;WIDTH:0.440452
G1 X62.287 Y49.966 E.01685
; stop printing object fidget-finger-massager-2000-rod.stl id:0 copy 0
;LAYER_CHANGE
;Z:4.6
;HEIGHT:0.2
G92 E0
;_SET_FAN_SPEED_CHANGING_LAYER
; printing object fidget-finger-massager-2000-rod.stl id:0 copy 0
M204 S500
G1 X62.629 Y49.466 Z4.6 F7200
;TYPE:Outer wall
;WIDTH:0.449999
G1 F600
G1 X62.777 Y50.302 E.02874
G1 X62.421 Y50.374 E.01227
G1 X61.68 Y50.487 E.0254
G1 X61.161 Y50.542 E.01766
G1 X60.643 Y50.576 E.01758
G1 X59.357 Y50.576 E.0435
G1 X58.839 Y50.542 E.01758
G1 X58.32 Y50.487 E.01769
G1 X57.803 Y50.412 E.01766
M73 P31 R2
G1 X57.224 Y50.3 E.01998
G1 X57.372 Y49.463 E.02878
G1 X57.992 Y49.582 E.02136
G1 X58.802 Y49.687 E.02763
G1 X59.372 Y49.726 E.01934
G1 X60.658 Y49.726 E.04355
G1 X61.206 Y49.686 E.01858
G1 X61.744 Y49.623 E.01834
G1 X62.59 Y49.473 E.02909
M204 S10000
G1 X62.287 Y49.966 F7200
M204 S1500
;TYPE:Inner wall
;WIDTH:0.440356
G1 F600
G1 X61.785 Y50.044 E.0168
;WIDTH:0.43961
G1 X61.229 Y50.109 E.01846
;WIDTH:0.442918
G1 X60.628 Y50.151 E.02002
G1 X59.173 Y50.151 E.04839
;WIDTH:0.448282
G1 X58.373 Y50.063 E.02715
G1 X57.716 Y49.962 E.0224
; stop printing object fidget-finger-massager-2000-rod.stl id:0 copy 0
;LAYER_CHANGE
;Z:4.8
;HEIGHT:0.2
G92 E0
;_SET_FAN_SPEED_CHANGING_LAYER
; printing object fidget-finger-massager-2000-rod.stl id:0 copy 0
M204 S10000
G1 E-.8 F1800
G1 X62.629 Y49.463 Z5.2 F7200
G1 Z4.8
G1 E.8 F1800
M204 S500
;TYPE:Outer wall
;WIDTH:0.449999
G1 F600
G1 X62.777 Y50.302 E.02885
G1 X61.912 Y50.456 E.02972
G1 X61.158 Y50.542 E.02572
G1 X60.643 Y50.576 E.01747
G1 X59.357 Y50.576 E.0435
G1 X58.841 Y50.542 E.01751
G1 X58.324 Y50.488 E.01762
G1 X57.81 Y50.413 E.01758
M73 P32 R2
G1 X57.224 Y50.3 E.02021
G1 X57.371 Y49.466 E.02868
G1 X58.263 Y49.624 E.03067
G1 X58.801 Y49.687 E.01836
G1 X59.372 Y49.726 E.01935
G1 X60.658 Y49.726 E.04355
G1 X61.209 Y49.686 E.01869
G1 X62.008 Y49.582 E.02727
G1 X62.59 Y49.47 E.02005
M204 S10000
G1 X62.284 Y49.964 F7200
M204 S1500
;TYPE:Inner wall
;WIDTH:0.446762
G1 F600
G1 X61.23 Y50.108 E.03572
;WIDTH:0.442918
G1 X60.628 Y50.151 E.02006
G1 X59.345 Y50.151 E.04269
G1 X58.745 Y50.106 E.02001
;WIDTH:0.439316
G1 X58.214 Y50.044 E.01762
;WIDTH:0.438792
G1 X57.712 Y49.964 E.01674
; stop printing object fidget-finger-massager-2000-rod.stl id:0 copy 0
;LAYER_CHANGE
;Z:5
;HEIGHT:0.2
G92 E0
;_SET_FAN_SPEED_CHANGING_LAYER
; printing object fidget-finger-massager-2000-rod.stl id:0 copy 0
M204 S10000
G1 E-.8 F1800
G1 X62.629 Y49.463 Z5.4 F7200
G1 Z5
G1 E.8 F1800
M204 S500
;TYPE:Outer wall
;WIDTH:0.449999
G1 F600
G1 X62.777 Y50.302 E.02885
G1 X62.431 Y50.372 E.01196
G1 X61.671 Y50.488 E.02601
G1 X61.157 Y50.542 E.01751
G1 X60.643 Y50.576 E.01744
G1 X59.357 Y50.576 E.0435
G1 X58.328 Y50.488 E.03497
G1 X57.816 Y50.414 E.01751
M73 P33 R2
G1 X57.224 Y50.3 E.02043
G1 X57.371 Y49.466 E.02867
G1 X58.261 Y49.624 E.03062
G1 X58.801 Y49.687 E.01838
G1 X59.372 Y49.726 E.01937
G1 X60.658 Y49.726 E.04355
G1 X61.21 Y49.686 E.01871
G1 X61.997 Y49.584 E.02688
G1 X62.59 Y49.47 E.02041
M204 S10000
G1 X62.284 Y49.963 F7200
M204 S1500
;TYPE:Inner wall
;WIDTH:0.446148
G1 F600
G1 X62.04 Y50.004 E.00828
;WIDTH:0.439556
G1 X61.231 Y50.109 E.02693
;WIDTH:0.442918
G1 X60.628 Y50.151 E.02008
G1 X59.345 Y50.151 E.0427
G1 X58.744 Y50.106 E.02003
;WIDTH:0.4393
G1 X58.212 Y50.044 E.01764
;WIDTH:0.438766
G1 X57.712 Y49.964 E.0167
; stop printing object fidget-finger-massager-2000-rod.stl id:0 copy 0
;LAYER_CHANGE
;Z:5.2
;HEIGHT:0.2
G92 E0
;_SET_FAN_SPEED_CHANGING_LAYER
; printing object fidget-finger-massager-2000-rod.stl id:0 copy 0
M204 S10000
G1 E-.8 F1800
G1 X62.629 Y49.466 Z5.6 F7200
G1 Z5.2
G1 E.8 F1800
M204 S500
;TYPE:Outer wall
;WIDTH:0.449999
G1 F600
G1 X62.777 Y50.302 E.02874
G1 X62.435 Y50.371 E.0118
G1 X61.667 Y50.489 E.02632
G1 X61.154 Y50.542 E.01743
G1 X60.643 Y50.576 E.01736
G1 X59.357 Y50.576 E.0435
G1 X58.332 Y50.489 E.03483
G1 X57.823 Y50.415 E.01743
M73 P34 R2
G1 X57.224 Y50.3 E.02064
G1 X57.373 Y49.463 E.02878
G1 X58.025 Y49.587 E.02246
G1 X58.8 Y49.687 E.02646
G1 X59.372 Y49.726 E.0194
G1 X60.658 Y49.726 E.04355
G1 X61.208 Y49.686 E.01865
G1 X61.748 Y49.623 E.0184
G1 X62.59 Y49.473 E.02896
M204 S10000
G1 X62.287 Y49.965 F7200
M204 S1500
;TYPE:Inner wall
;WIDTH:0.44007
G1 F600
G1 X61.789 Y50.043 E.01667
;WIDTH:0.439546
G1 X61.231 Y50.109 E.01852
;WIDTH:0.442918
G1 X60.628 Y50.151 E.02009
G1 X59.337 Y50.151 E.04294
;WIDTH:0.447758
G1 X58.385 Y50.064 E.03219
G1 X57.716 Y49.962 E.02278
; stop printing object fidget-finger-massager-2000-rod.stl id:0 copy 0
;LAYER_CHANGE
;Z:5.4
;HEIGHT:0.2
G92 E0
;_SET_FAN_SPEED_CHANGING_LAYER
; printing object fidget-finger-massager-2000-rod.stl id:0 copy 0
M204 S10000
G1 E-.8 F1800
G1 X62.629 Y49.462 Z5.8 F7200
G1 Z5.4
G1 E.8 F1800
M204 S500
;TYPE:Outer wall
;WIDTH:0.449999
G1 F600
G1 X62.777 Y50.302 E.02886
G1 X62.44 Y50.37 E.01164
G1 X61.664 Y50.489 E.02655
G1 X60.64 Y50.576 E.03479
G1 X59.357 Y50.576 E.04343
G1 X58.85 Y50.543 E.01722
G1 X57.827 Y50.416 E.03489
M73 P35 R2
G1 X57.224 Y50.3 E.0208
G1 X57.371 Y49.466 E.02867
G1 X58.259 Y49.624 E.03054
G1 X58.799 Y49.687 E.01842
G1 X59.372 Y49.726 E.01941
G1 X60.658 Y49.726 E.04356
G1 X61.211 Y49.686 E.01875
G1 X61.976 Y49.587 E.02611
G1 X62.589 Y49.47 E.02115
M204 S10000
G1 X62.284 Y49.963 F7200
M204 S1500
;TYPE:Inner wall
;WIDTH:0.44639
G1 F600
G1 X62.018 Y50.008 E.00902
;WIDTH:0.437598
G1 X61.232 Y50.105 E.02602
;WIDTH:0.442918
G1 X60.622 Y50.151 E.02032
G1 X59.343 Y50.151 E.04254
G1 X58.743 Y50.105 E.02003
;WIDTH:0.436224
G1 X58.206 Y50.04 E.01769
;WIDTH:0.437342
G1 X57.712 Y49.964 E.01641
; stop printing object fidget-finger-massager-2000-rod.stl id:0 copy 0
;LAYER_CHANGE
;Z:5.6
;HEIGHT:0.2
G92 E0
;_SET_FAN_SPEED_CHANGING_LAYER
; printing object fidget-finger-massager-2000-rod.stl id:0 copy 0
M204 S10000
G1 E-.8 F1800
G1 X62.629 Y49.466 Z6 F7200
G1 Z5.6
G1 E.8 F1800
M204 S500
;TYPE:Outer wall
;WIDTH:0.449999
G1 F600
G1 X62.777 Y50.302 E.02875
G1 X62.444 Y50.37 E.01148
G1 X61.66 Y50.489 E.02685
G1 X60.64 Y50.576 E.03464
G1 X59.357 Y50.576 E.04343
G1 X58.852 Y50.543 E.01714
G1 X57.833 Y50.417 E.03475
M73 P36 R2
G1 X57.224 Y50.3 E.02101
G1 X57.371 Y49.462 E.02878
G1 X58.046 Y49.59 E.02325
G1 X58.799 Y49.686 E.02568
G1 X59.371 Y49.726 E.01944
G1 X60.658 Y49.726 E.04356
G1 X61.209 Y49.686 E.01869
G1 X61.75 Y49.622 E.01844
G1 X62.59 Y49.473 E.02888
M204 S10000
G1 X62.287 Y49.965 F7200
M204 S1500
;TYPE:Inner wall
;WIDTH:0.439876
G1 F600
G1 X61.791 Y50.043 E.01658
;WIDTH:0.436774
G1 X61.232 Y50.105 E.01843
;WIDTH:0.442918
G1 X60.622 Y50.151 E.02033
G1 X59.343 Y50.151 E.04256
G1 X58.735 Y50.104 E.02027
;WIDTH:0.444026
G1 X57.715 Y49.961 E.03435
; stop printing object fidget-finger-massager-2000-rod.stl id:0 copy 0
;LAYER_CHANGE
;Z:5.8
;HEIGHT:0.2
G92 E0
;_SET_FAN_SPEED_CHANGING_LAYER
; printing object fidget-finger-massager-2000-rod.stl id:0 copy 0
M204 S10000
G1 E-.8 F1800
G1 X62.629 Y49.466 Z6.2 F7200
G1 Z5.8
G1 E.8 F1800
M204 S500
;TYPE:Outer wall
;WIDTH:0.449999
G1 F600
G1 X62.777 Y50.302 E.02875
G1 X62.449 Y50.369 E.01133
G1 X61.656 Y50.49 E.02716
G1 X60.64 Y50.576 E.03449
G1 X59.357 Y50.576 E.04343
G1 X58.854 Y50.543 E.01707
G1 X57.84 Y50.418 E.0346
M73 P37 R2
G1 X57.224 Y50.3 E.02122
G1 X57.373 Y49.463 E.02878
G1 X58.057 Y49.592 E.02356
G1 X58.798 Y49.686 E.02529
G1 X59.371 Y49.726 E.01946
G1 X60.658 Y49.726 E.04356
G1 X61.21 Y49.686 E.01871
G1 X61.751 Y49.622 E.01846
G1 X62.59 Y49.473 E.02884
M204 S10000
G1 X62.287 Y49.965 F7200
M204 S1500
;TYPE:Inner wall
;WIDTH:0.439778
G1 F600
G1 X61.792 Y50.042 E.01653
;WIDTH:0.43663
G1 X61.233 Y50.105 E.01844
;WIDTH:0.442918
G1 X60.622 Y50.151 E.02035
G1 X59.343 Y50.151 E.04256
G1 X58.735 Y50.104 E.02028
;WIDTH:0.444104
G1 X57.716 Y49.961 E.03431
; stop printing object fidget-finger-massager-2000-rod.stl id:0 copy 0
;LAYER_CHANGE
;Z:6
;HEIGHT:0.2
G92 E0
;_SET_FAN_SPEED_CHANGING_LAYER
; printing object fidget-finger-massager-2000-rod.stl id:0 copy 0
M204 S10000
G1 E-.8 F1800
G1 X62.629 Y49.466 Z6.4 F7200
G1 Z6
G1 E.8 F1800
M204 S500
;TYPE:Outer wall
;WIDTH:0.449999
G1 F600
G1 X62.777 Y50.302 E.02875
G1 X61.953 Y50.45 E.02834
G1 X61.145 Y50.543 E.02754
G1 X60.643 Y50.576 E.01703
G1 X59.357 Y50.576 E.0435
G1 X58.856 Y50.543 E.017
G1 X57.846 Y50.419 E.03445
M73 P38 R2
G1 X57.224 Y50.3 E.02144
G1 X57.373 Y49.463 E.02878
G1 X58.068 Y49.594 E.02393
G1 X58.797 Y49.686 E.0249
G1 X59.371 Y49.726 E.01948
G1 X60.658 Y49.726 E.04356
G1 X61.21 Y49.686 E.01873
G1 X61.827 Y49.61 E.02103
G1 X62.59 Y49.473 E.02625
M204 S10000
G1 E-.8 F1800
G1 X57.717 Y49.961 Z6.4 F7200
G1 Z6
G1 E.8 F1800
M204 S1500
;TYPE:Inner wall
;WIDTH:0.444202
G1 F600
G1 X58.735 Y50.104 E.0343
;WIDTH:0.442916
G1 X59.343 Y50.151 E.02029
G1 X60.629 Y50.151 E.04277
G1 X61.233 Y50.108 E.02017
;WIDTH:0.43801
G1 X61.794 Y50.043 E.01853
;WIDTH:0.440776
G1 X62.287 Y49.966 E.01651
; stop printing object fidget-finger-massager-2000-rod.stl id:0 copy 0
;LAYER_CHANGE
;Z:6.2
;HEIGHT:0.2
G92 E0
;_SET_FAN_SPEED_CHANGING_LAYER
; printing object fidget-finger-massager-2000-rod.stl id:0 copy 0
M204 S500
G1 X62.629 Y49.466 Z6.2 F7200
;TYPE:Outer wall
;WIDTH:0.449999
G1 F600
G1 X62.777 Y50.302 E.02875
G1 X61.959 Y50.449 E.02811
G1 X61.142 Y50.543 E.02784
G1 X60.643 Y50.576 E.01695
G1 X59.36 Y50.576 E.04343
G1 X58.699 Y50.52 E.02244
M73 P39 R2
G1 X57.925 Y50.426 E.02639
G1 X57.224 Y50.302 E.02412
G1 X57.373 Y49.462 E.02887
G1 X58.078 Y49.596 E.0243
G1 X58.797 Y49.686 E.02451
G1 X59.377 Y49.726 E.0197
G1 X60.658 Y49.726 E.04335
G1 X61.211 Y49.686 E.01875
G1 X61.833 Y49.609 E.02123
G1 X62.59 Y49.473 E.02602
M204 S10000
G1 X62.287 Y49.966 F7200
M204 S1500
;TYPE:Inner wall
;WIDTH:0.44077
G1 F600
G1 X61.795 Y50.043 E.01647
;WIDTH:0.437874
G1 X61.234 Y50.108 E.01855
;WIDTH:0.442918
G1 X60.629 Y50.151 E.02019
G1 X59.348 Y50.151 E.04259
;WIDTH:0.446632
G1 X58.403 Y50.067 E.03184
;WIDTH:0.446744
G1 X57.718 Y49.962 E.02328
; stop printing object fidget-finger-massager-2000-rod.stl id:0 copy 0
;LAYER_CHANGE
;Z:6.4
;HEIGHT:0.2
G92 E0
;_SET_FAN_SPEED_CHANGING_LAYER
; printing object fidget-finger-massager-2000-rod.stl id:0 copy 0
M204 S10000
G1 E-.8 F1800
G1 X62.629 Y49.466 Z6.8 F7200
G1 Z6.4
G1 E.8 F1800
M204 S500
;TYPE:Outer wall
;WIDTH:0.449999
G1 F600
G1 X62.776 Y50.3 E.02866
G1 X62.141 Y50.421 E.02189
G1 X61.151 Y50.542 E.03376
G1 X60.643 Y50.576 E.01726
G1 X59.36 Y50.576 E.04343
G1 X58.699 Y50.521 E.02245
M73 P40 R2
G1 X57.936 Y50.427 E.026
G1 X57.224 Y50.302 E.02449
G1 X57.373 Y49.462 E.02888
G1 X58.089 Y49.597 E.02467
G1 X58.796 Y49.686 E.02412
G1 X59.377 Y49.726 E.01972
G1 X60.658 Y49.726 E.04335
G1 X61.211 Y49.686 E.01878
G1 X62.008 Y49.581 E.02719
G1 X62.59 Y49.473 E.02004
M204 S10000
G1 E-.8 F1800
G1 X57.718 Y49.962 Z6.8 F7200
G1 Z6.4
G1 E.8 F1800
M204 S1500
;TYPE:Inner wall
;WIDTH:0.446832
G1 F600
G1 X58.407 Y50.068 E.02343
;WIDTH:0.44645
G1 X59.348 Y50.151 E.03169
;WIDTH:0.442918
G1 X60.629 Y50.151 E.04259
G1 X61.235 Y50.107 E.02021
;WIDTH:0.436706
G1 X61.796 Y50.04 E.01852
;WIDTH:0.436814
G1 X62.289 Y49.963 E.01632
; stop printing object fidget-finger-massager-2000-rod.stl id:0 copy 0
;LAYER_CHANGE
;Z:6.6
;HEIGHT:0.2
G92 E0
;_SET_FAN_SPEED_CHANGING_LAYER
; printing object fidget-finger-massager-2000-rod.stl id:0 copy 0
M204 S500
G1 X62.629 Y49.462 Z6.6 F7200
;TYPE:Outer wall
;WIDTH:0.449999
G1 F600
G1 X62.776 Y50.3 E.02879
G1 X62.135 Y50.422 E.02211
G1 X61.149 Y50.542 E.03361
G1 X60.643 Y50.576 E.01718
M73 P40 R1
G1 X59.371 Y50.576 E.04303
G1 X58.863 Y50.544 E.01725
M73 P41 R1
G1 X57.865 Y50.422 E.03401
G1 X57.224 Y50.3 E.02211
G1 X57.371 Y49.466 E.02866
G1 X58.251 Y49.623 E.03028
G1 X58.796 Y49.686 E.01855
G1 X59.371 Y49.726 E.01953
G1 X60.658 Y49.726 E.04356
G1 X61.214 Y49.685 E.01886
G1 X61.911 Y49.597 E.02378
G1 X62.589 Y49.469 E.02337
M204 S10000
G1 X62.284 Y49.96 F7200
M204 S1500
;TYPE:Inner wall
;WIDTH:0.444492
G1 F600
G1 X61.953 Y50.019 E.01124
;WIDTH:0.43855
G1 X61.235 Y50.107 E.02377
;WIDTH:0.442916
G1 X60.629 Y50.151 E.02024
G1 X59.343 Y50.151 E.04277
G1 X58.739 Y50.104 E.02014
;WIDTH:0.436716
G1 X57.711 Y49.963 E.03396
; stop printing object fidget-finger-massager-2000-rod.stl id:0 copy 0
;LAYER_CHANGE
;Z:6.8
;HEIGHT:0.2
G92 E0
;_SET_FAN_SPEED_CHANGING_LAYER
; printing object fidget-finger-massager-2000-rod.stl id:0 copy 0
M204 S10000
G1 E-.8 F1800
G1 X62.629 Y49.466 Z7.2 F7200
G1 Z6.8
G1 E.8 F1800
M204 S500
;TYPE:Outer wall
;WIDTH:0.449999
G1 F600
G1 X62.776 Y50.299 E.02865
G1 X62.128 Y50.423 E.02233
G1 X61.147 Y50.543 E.03347
G1 X60.643 Y50.576 E.01711
G1 X59.371 Y50.576 E.04303
G1 X58.865 Y50.544 E.01718
M73 P42 R1
G1 X57.872 Y50.423 E.03387
G1 X57.224 Y50.299 E.02233
G1 X57.371 Y49.466 E.02865
G1 X57.997 Y49.576 E.02151
G1 X58.795 Y49.686 E.02728
G1 X59.371 Y49.726 E.01956
G1 X60.658 Y49.726 E.04356
G1 X61.213 Y49.685 E.01882
G1 X61.995 Y49.583 E.02671
G1 X62.59 Y49.473 E.02048
M204 S10000
G1 X62.289 Y49.963 F7200
M204 S1500
;TYPE:Inner wall
;WIDTH:0.436616
G1 F600
G1 X61.236 Y50.107 E.03478
;WIDTH:0.442918
G1 X60.629 Y50.151 E.02025
G1 X59.342 Y50.151 E.04279
G1 X58.725 Y50.102 E.02058
;WIDTH:0.438036
G1 X57.712 Y49.963 E.0336
; stop printing object fidget-finger-massager-2000-rod.stl id:0 copy 0
;LAYER_CHANGE
;Z:7
;HEIGHT:0.2
G92 E0
;_SET_FAN_SPEED_CHANGING_LAYER
; printing object fidget-finger-massager-2000-rod.stl id:0 copy 0
M204 S10000
G1 E-.8 F1800
G1 X62.629 Y49.462 Z7.4 F7200
G1 Z7
G1 E.8 F1800
M204 S500
;TYPE:Outer wall
;WIDTH:0.449999
G1 F600
G1 X62.776 Y50.299 E.02877
G1 X62.122 Y50.424 E.02255
G1 X61.145 Y50.543 E.03332
G1 X60.643 Y50.576 E.01703
G1 X59.371 Y50.576 E.04303
M73 P43 R1
G1 X58.867 Y50.544 E.01711
G1 X57.878 Y50.424 E.03372
G1 X57.224 Y50.299 E.02255
G1 X57.371 Y49.466 E.02865
G1 X58.249 Y49.622 E.0302
G1 X58.794 Y49.686 E.01859
G1 X59.371 Y49.726 E.01957
G1 X60.658 Y49.726 E.04356
G1 X61.215 Y49.685 E.01889
G1 X61.889 Y49.601 E.02299
G1 X62.589 Y49.47 E.02413
M204 S10000
G1 X62.284 Y49.96 F7200
M204 S1500
;TYPE:Inner wall
;WIDTH:0.444404
G1 F600
G1 X61.93 Y50.022 E.012
;WIDTH:0.438188
G1 X61.237 Y50.107 E.02296
;WIDTH:0.442918
G1 X60.629 Y50.151 E.02028
G1 X59.343 Y50.151 E.04278
G1 X58.738 Y50.104 E.02018
;WIDTH:0.436522
G1 X57.711 Y49.963 E.03391
; stop printing object fidget-finger-massager-2000-rod.stl id:0 copy 0
;LAYER_CHANGE
;Z:7.2
;HEIGHT:0.2
G92 E0
;_SET_FAN_SPEED_CHANGING_LAYER
; printing object fidget-finger-massager-2000-rod.stl id:0 copy 0
M204 S10000
G1 E-.8 F1800
G1 X62.629 Y49.462 Z7.6 F7200
G1 Z7.2
G1 E.8 F1800
M204 S500
;TYPE:Outer wall
;WIDTH:0.449999
G1 F600
G1 X62.776 Y50.299 E.02877
G1 X62.116 Y50.425 E.02277
G1 X61.143 Y50.543 E.03318
G1 X60.643 Y50.576 E.01696
G1 X59.371 Y50.576 E.04304
M73 P44 R1
G1 X58.869 Y50.544 E.01703
G1 X57.884 Y50.425 E.03357
G1 X57.224 Y50.299 E.02277
G1 X57.371 Y49.466 E.02865
G1 X58.248 Y49.622 E.03015
G1 X58.794 Y49.686 E.01861
G1 X59.371 Y49.726 E.01959
G1 X60.658 Y49.726 E.04357
G1 X61.215 Y49.685 E.01891
G1 X61.878 Y49.602 E.0226
G1 X62.589 Y49.47 E.0245
M204 S10000
G1 X62.284 Y49.96 F7200
M204 S1500
;TYPE:Inner wall
;WIDTH:0.444468
G1 F600
G1 X61.919 Y50.024 E.01237
;WIDTH:0.437996
G1 X61.237 Y50.107 E.02256
;WIDTH:0.442918
G1 X60.629 Y50.151 E.0203
G1 X59.342 Y50.151 E.04278
G1 X58.737 Y50.104 E.0202
;WIDTH:0.436422
G1 X57.711 Y49.963 E.03388
; stop printing object fidget-finger-massager-2000-rod.stl id:0 copy 0
;LAYER_CHANGE
;Z:7.4
;HEIGHT:0.2
G92 E0
;_SET_FAN_SPEED_CHANGING_LAYER
; printing object fidget-finger-massager-2000-rod.stl id:0 copy 0
M204 S10000
G1 E-.8 F1800
G1 X62.629 Y49.466 Z7.8 F7200
G1 Z7.4
G1 E.8 F1800
M204 S500
;TYPE:Outer wall
;WIDTH:0.449999
G1 F600
G1 X62.776 Y50.298 E.02862
G1 X61.998 Y50.443 E.02681
G1 X61.287 Y50.526 E.02423
G1 X60.643 Y50.576 E.02186
G1 X59.361 Y50.576 E.04339
M73 P45 R1
G1 X57.889 Y50.426 E.05007
G1 X57.227 Y50.3 E.0228
G1 X57.373 Y49.466 E.02865
G1 X58.01 Y49.577 E.02188
G1 X58.793 Y49.686 E.02675
G1 X59.382 Y49.726 E.01999
G1 X60.658 Y49.726 E.04319
G1 X61.215 Y49.685 E.01888
G1 X61.866 Y49.604 E.02223
G1 X62.59 Y49.473 E.02489
M204 S10000
G1 X62.29 Y49.961 F7200
M204 S1500
;TYPE:Inner wall
;WIDTH:0.437094
G1 F600
G1 X61.803 Y50.041 E.01618
G1 X61.238 Y50.107 E.01864
;WIDTH:0.442918
G1 X60.629 Y50.151 E.02031
G1 X59.358 Y50.151 E.04226
G1 X58.724 Y50.095 E.02117
;WIDTH:0.438092
G1 X57.715 Y49.963 E.03343
; stop printing object fidget-finger-massager-2000-rod.stl id:0 copy 0
;LAYER_CHANGE
;Z:7.6
;HEIGHT:0.2
G92 E0
;_SET_FAN_SPEED_CHANGING_LAYER
; printing object fidget-finger-massager-2000-rod.stl id:0 copy 0
M204 S10000
G1 E-.8 F1800
G1 X62.629 Y49.462 Z8 F7200
G1 Z7.6
G1 E.8 F1800
M204 S500
;TYPE:Outer wall
;WIDTH:0.449999
G1 F600
G1 X62.776 Y50.299 E.02877
G1 X62.103 Y50.427 E.02321
G1 X61.289 Y50.525 E.02775
G1 X60.643 Y50.576 E.02194
G1 X59.361 Y50.576 E.0434
M73 P46 R1
G1 X57.896 Y50.427 E.04985
G1 X57.224 Y50.299 E.02315
G1 X57.371 Y49.466 E.02865
G1 X58.245 Y49.622 E.03007
G1 X58.793 Y49.686 E.01866
G1 X59.382 Y49.726 E.02001
G1 X60.658 Y49.726 E.04319
G1 X61.216 Y49.685 E.01894
G1 X61.856 Y49.606 E.02183
G1 X62.589 Y49.47 E.02523
M204 S10000
G1 X62.284 Y49.96 F7200
M204 S1500
;TYPE:Inner wall
;WIDTH:0.444588
G1 F600
G1 X61.897 Y50.027 E.01312
;WIDTH:0.437612
G1 X61.239 Y50.107 E.02177
;WIDTH:0.442918
G1 X60.629 Y50.151 E.02033
G1 X59.358 Y50.151 E.04226
G1 X58.736 Y50.096 E.02076
;WIDTH:0.436234
G1 X57.711 Y49.963 E.03381
; stop printing object fidget-finger-massager-2000-rod.stl id:0 copy 0
;LAYER_CHANGE
;Z:7.8
;HEIGHT:0.2
G92 E0
;_SET_FAN_SPEED_CHANGING_LAYER
; printing object fidget-finger-massager-2000-rod.stl id:0 copy 0
M204 S10000
G1 E-.8 F1800
G1 X62.629 Y49.462 Z8.2 F7200
G1 Z7.8
G1 E.8 F1800
M204 S500
;TYPE:Outer wall
;WIDTH:0.449999
G1 F600
G1 X62.776 Y50.299 E.02877
G1 X62.096 Y50.429 E.02343
G1 X61.289 Y50.525 E.02751
G1 X60.643 Y50.576 E.02196
G1 X59.361 Y50.576 E.04339
M73 P47 R1
G1 X57.902 Y50.428 E.04963
G1 X57.224 Y50.299 E.02337
G1 X57.371 Y49.466 E.02864
G1 X58.244 Y49.622 E.03003
G1 X58.792 Y49.686 E.01868
G1 X59.382 Y49.726 E.02003
G1 X60.658 Y49.726 E.0432
G1 X61.217 Y49.685 E.01896
G1 X61.846 Y49.608 E.02144
G1 X62.589 Y49.469 E.0256
M204 S10000
G1 X62.284 Y49.959 F7200
M204 S1500
;TYPE:Inner wall
;WIDTH:0.444646
G1 F600
G1 X61.886 Y50.028 E.0135
;WIDTH:0.437416
G1 X61.239 Y50.106 E.02137
;WIDTH:0.442918
G1 X60.629 Y50.151 E.02036
G1 X59.358 Y50.151 E.04226
G1 X58.736 Y50.097 E.02078
;WIDTH:0.436142
G1 X57.711 Y49.963 E.03379
; stop printing object fidget-finger-massager-2000-rod.stl id:0 copy 0
;LAYER_CHANGE
;Z:8
;HEIGHT:0.2
G92 E0
;_SET_FAN_SPEED_CHANGING_LAYER
; printing object fidget-finger-massager-2000-rod.stl id:0 copy 0
M204 S10000
G1 E-.8 F1800
G1 X62.629 Y49.466 Z8.4 F7200
G1 Z8
G1 E.8 F1800
M204 S500
;TYPE:Outer wall
;WIDTH:0.449999
G1 F600
G1 X62.776 Y50.297 E.02855
G1 X61.607 Y50.496 E.04014
G1 X60.641 Y50.576 E.03282
G1 X59.361 Y50.576 E.04333
M73 P48 R1
G1 X57.908 Y50.429 E.04941
G1 X57.227 Y50.3 E.02347
G1 X57.374 Y49.467 E.02864
G1 X58.029 Y49.58 E.02252
G1 X58.791 Y49.686 E.02604
G1 X59.382 Y49.726 E.02005
G1 X60.658 Y49.726 E.0432
G1 X61.217 Y49.685 E.01895
G1 X61.765 Y49.62 E.0187
G1 X62.59 Y49.473 E.02836
M204 S10000
G1 X62.293 Y49.957 F7200
M204 S1500
;TYPE:Inner wall
;WIDTH:0.430272
G1 F600
G1 X61.806 Y50.037 E.0159
;WIDTH:0.433396
G1 X61.24 Y50.105 E.01853
;WIDTH:0.442916
G1 X60.623 Y50.151 E.02057
G1 X59.358 Y50.151 E.04208
G1 X58.722 Y50.095 E.02122
;WIDTH:0.437944
G1 X57.715 Y49.963 E.03335
; stop printing object fidget-finger-massager-2000-rod.stl id:0 copy 0
;LAYER_CHANGE
;Z:8.2
;HEIGHT:0.2
G92 E0
;_SET_FAN_SPEED_CHANGING_LAYER
; printing object fidget-finger-massager-2000-rod.stl id:0 copy 0
M204 S10000
G1 E-.8 F1800
G1 X62.629 Y49.462 Z8.6 F7200
G1 Z8.2
G1 E.8 F1800
M204 S500
;TYPE:Outer wall
;WIDTH:0.449999
G1 F600
G1 X62.776 Y50.299 E.02877
G1 X62.084 Y50.431 E.02386
G1 X61.29 Y50.525 E.02704
G1 X60.643 Y50.576 E.02199
G1 X59.361 Y50.576 E.0434
M73 P49 R1
G1 X57.915 Y50.43 E.04919
G1 X57.224 Y50.299 E.02381
G1 X57.371 Y49.466 E.02864
G1 X58.241 Y49.621 E.02994
G1 X58.791 Y49.686 E.01872
G1 X59.382 Y49.726 E.02006
G1 X60.658 Y49.726 E.0432
G1 X61.218 Y49.685 E.01899
G1 X61.824 Y49.611 E.02067
G1 X62.589 Y49.469 E.02634
M204 S10000
G1 E-.8 F1800
G1 X57.711 Y49.963 Z8.6 F7200
G1 Z8.2
G1 E.8 F1800
M204 S1500
;TYPE:Inner wall
;WIDTH:0.435962
G1 F600
G1 X58.734 Y50.097 E.03373
;WIDTH:0.442918
G1 X59.358 Y50.151 E.02082
G1 X60.629 Y50.151 E.04227
G1 X61.24 Y50.106 E.0204
;WIDTH:0.437008
G1 X61.864 Y50.032 E.02057
;WIDTH:0.444758
G1 X62.284 Y49.959 E.01425
; stop printing object fidget-finger-massager-2000-rod.stl id:0 copy 0
;LAYER_CHANGE
;Z:8.4
;HEIGHT:0.2
G92 E0
;_SET_FAN_SPEED_CHANGING_LAYER
; printing object fidget-finger-massager-2000-rod.stl id:0 copy 0
M204 S500
G1 X62.629 Y49.466 Z8.4 F7200
;TYPE:Outer wall
;WIDTH:0.449999
G1 F600
G1 X62.776 Y50.299 E.02864
G1 X62.077 Y50.432 E.02408
G1 X61.291 Y50.525 E.02681
G1 X60.643 Y50.576 E.02201
M73 P50 R1
G1 X59.361 Y50.576 E.0434
G1 X57.921 Y50.431 E.04897
G1 X57.224 Y50.299 E.02403
G1 X57.371 Y49.466 E.02864
G1 X58.24 Y49.621 E.0299
G1 X58.79 Y49.686 E.01874
G1 X59.382 Y49.726 E.02008
G1 X60.658 Y49.726 E.0432
G1 X61.218 Y49.685 E.01901
G1 X61.944 Y49.592 E.02478
G1 X62.59 Y49.473 E.02222
M204 S10000
G1 X62.289 Y49.963 F7200
M204 S1500
;TYPE:Inner wall
;WIDTH:0.436802
G1 F600
G1 X61.853 Y50.033 E.01448
G1 X61.241 Y50.106 E.02017
;WIDTH:0.442918
G1 X60.629 Y50.151 E.02042
G1 X59.358 Y50.151 E.04227
G1 X58.734 Y50.097 E.02084
;WIDTH:0.435876
G1 X57.711 Y49.963 E.0337
; stop printing object fidget-finger-massager-2000-rod.stl id:0 copy 0
;LAYER_CHANGE
;Z:8.6
;HEIGHT:0.200001
G92 E0
;_SET_FAN_SPEED_CHANGING_LAYER
; printing object fidget-finger-massager-2000-rod.stl id:0 copy 0
M204 S10000
G1 E-.8 F1800
G1 X62.629 Y49.466 Z9 F7200
G1 Z8.6
G1 E.8 F1800
M204 S500
;TYPE:Outer wall
;WIDTH:0.449999
G1 F600
G1 X62.776 Y50.299 E.02864
G1 X62.069 Y50.433 E.02436
G1 X61.564 Y50.501 E.01724
G1 X60.641 Y50.576 E.03137
M73 P51 R1
G1 X59.359 Y50.576 E.04338
G1 X58.698 Y50.522 E.02247
G1 X58.1 Y50.451 E.02037
G1 X57.223 Y50.303 E.03011
G1 X57.371 Y49.466 E.02876
G1 X58.239 Y49.621 E.02985
G1 X58.789 Y49.686 E.01876
G1 X59.377 Y49.726 E.01993
G1 X60.658 Y49.726 E.04338
G1 X61.219 Y49.685 E.01903
G1 X61.933 Y49.593 E.02437
G1 X62.59 Y49.473 E.02261
M204 S10000
G1 X62.289 Y49.962 F7200
M204 S1500
;TYPE:Inner wall
;WIDTH:0.43953
G1 F600
G1 X61.842 Y50.037 E.01496
G1 X61.242 Y50.105 E.01992
;WIDTH:0.442918
G1 X60.623 Y50.151 E.02062
G1 X59.349 Y50.151 E.0424
;WIDTH:0.443832
G1 X58.454 Y50.075 E.02992
G1 X57.712 Y49.964 E.02501
; stop printing object fidget-finger-massager-2000-rod.stl id:0 copy 0
;LAYER_CHANGE
;Z:8.8
;HEIGHT:0.2
G92 E0
;_SET_FAN_SPEED_CHANGING_LAYER
; printing object fidget-finger-massager-2000-rod.stl id:0 copy 0
M204 S10000
G1 E-.8 F1800
G1 X62.629 Y49.466 Z9.2 F7200
G1 Z8.8
G1 E.8 F1800
M204 S500
;TYPE:Outer wall
;WIDTH:0.449999
G1 F600
G1 X62.776 Y50.299 E.02863
G1 X62.074 Y50.432 E.0242
G1 X61.573 Y50.5 E.01709
G1 X60.641 Y50.576 E.03167
M73 P52 R1
G1 X59.359 Y50.576 E.04338
G1 X58.697 Y50.522 E.02249
G1 X58.099 Y50.451 E.0204
G1 X57.223 Y50.303 E.03006
G1 X57.371 Y49.466 E.02876
G1 X58.238 Y49.621 E.02981
G1 X58.789 Y49.686 E.01879
G1 X59.377 Y49.726 E.01995
G1 X60.658 Y49.726 E.04338
G1 X61.219 Y49.685 E.01904
G1 X61.926 Y49.594 E.02413
G1 X62.59 Y49.473 E.02283
M204 S10000
G1 X62.289 Y49.962 F7200
M204 S1500
;TYPE:Inner wall
;WIDTH:0.439494
G1 F600
G1 X61.831 Y50.038 E.01532
G1 X61.242 Y50.105 E.01953
;WIDTH:0.442918
G1 X60.623 Y50.151 E.02064
G1 X59.349 Y50.151 E.0424
;WIDTH:0.443862
G1 X58.458 Y50.075 E.02978
G1 X57.712 Y49.964 E.02516
; stop printing object fidget-finger-massager-2000-rod.stl id:0 copy 0
;LAYER_CHANGE
;Z:9
;HEIGHT:0.2
G92 E0
;_SET_FAN_SPEED_CHANGING_LAYER
; printing object fidget-finger-massager-2000-rod.stl id:0 copy 0
M204 S10000
G1 E-.8 F1800
G1 X62.629 Y49.466 Z9.4 F7200
G1 Z9
G1 E.8 F1800
M204 S500
;TYPE:Outer wall
;WIDTH:0.449999
G1 F600
G1 X62.776 Y50.299 E.02863
G1 X62.059 Y50.435 E.0247
G1 X60.639 Y50.576 E.04831
M73 P53 R1
G1 X59.359 Y50.576 E.04332
G1 X58.696 Y50.522 E.02252
G1 X58.091 Y50.449 E.02062
G1 X57.223 Y50.303 E.02981
G1 X57.371 Y49.466 E.02876
G1 X58.23 Y49.62 E.02956
G1 X58.788 Y49.685 E.01901
G1 X59.377 Y49.726 E.01997
G1 X60.658 Y49.726 E.04338
G1 X61.22 Y49.685 E.01906
G1 X61.93 Y49.594 E.02425
G1 X62.59 Y49.473 E.0227
M204 S10000
G1 X62.289 Y49.962 F7200
M204 S1500
;TYPE:Inner wall
;WIDTH:0.435614
G1 F600
G1 X61.813 Y50.037 E.01574
;WIDTH:0.432288
G1 X61.242 Y50.099 E.01857
;WIDTH:0.442918
G1 X60.618 Y50.151 E.02084
G1 X59.348 Y50.151 E.04223
;WIDTH:0.444006
G1 X58.463 Y50.076 E.02965
G1 X57.712 Y49.964 E.02531
; stop printing object fidget-finger-massager-2000-rod.stl id:0 copy 0
;LAYER_CHANGE
;Z:9.2
;HEIGHT:0.2
G92 E0
;_SET_FAN_SPEED_CHANGING_LAYER
; printing object fidget-finger-massager-2000-rod.stl id:0 copy 0
M204 S10000
G1 E-.8 F1800
G1 X62.629 Y49.466 Z9.6 F7200
G1 Z9.2
G1 E.8 F1800
M204 S500
;TYPE:Outer wall
;WIDTH:0.449999
G1 F600
G1 X62.776 Y50.296 E.02854
G1 X61.585 Y50.499 E.04087
G1 X60.641 Y50.576 E.03208
M73 P54 R1
G1 X59.36 Y50.576 E.04334
G1 X57.94 Y50.434 E.04831
G1 X57.227 Y50.3 E.02458
G1 X57.374 Y49.467 E.02863
G1 X58.23 Y49.62 E.02945
G1 X58.788 Y49.685 E.01901
G1 X59.382 Y49.726 E.02014
G1 X60.658 Y49.726 E.04321
G1 X61.22 Y49.685 E.01905
G1 X61.771 Y49.619 E.01881
G1 X62.59 Y49.473 E.02815
M204 S10000
G1 X62.293 Y49.956 F7200
M204 S1500
;TYPE:Inner wall
;WIDTH:0.429302
G1 F600
G1 X61.813 Y50.036 E.01565
;WIDTH:0.434022
G1 X61.243 Y50.105 E.01866
;WIDTH:0.442918
G1 X60.623 Y50.151 E.02066
G1 X59.358 Y50.151 E.0421
G1 X58.731 Y50.097 E.02091
;WIDTH:0.435736
G1 X57.714 Y49.963 E.03351
; stop printing object fidget-finger-massager-2000-rod.stl id:0 copy 0
;LAYER_CHANGE
;Z:9.4
;HEIGHT:0.2
G92 E0
;_SET_FAN_SPEED_CHANGING_LAYER
; printing object fidget-finger-massager-2000-rod.stl id:0 copy 0
M204 S10000
G1 E-.8 F1800
G1 X62.629 Y49.466 Z9.8 F7200
G1 Z9.4
G1 E.8 F1800
M204 S500
;TYPE:Outer wall
;WIDTH:0.449999
G1 F600
G1 X62.776 Y50.296 E.02854
G1 X61.59 Y50.498 E.04072
G1 X60.641 Y50.576 E.03223
M73 P55 R1
G1 X59.359 Y50.576 E.04338
G1 X58.697 Y50.522 E.02249
G1 X58.099 Y50.451 E.0204
G1 X57.223 Y50.303 E.03006
G1 X57.371 Y49.466 E.02876
G1 X58.238 Y49.621 E.02981
G1 X58.789 Y49.686 E.01879
G1 X59.377 Y49.726 E.01995
G1 X60.658 Y49.726 E.04338
G1 X61.219 Y49.685 E.01904
G1 X61.788 Y49.617 E.01939
G1 X62.59 Y49.473 E.02758
M204 S10000
G1 X62.293 Y49.956 F7200
M204 S1500
;TYPE:Inner wall
;WIDTH:0.429226
G1 F600
G1 X61.83 Y50.033 E.01509
;WIDTH:0.433896
G1 X61.242 Y50.105 E.01925
;WIDTH:0.442918
G1 X60.623 Y50.151 E.02064
G1 X59.349 Y50.151 E.0424
;WIDTH:0.443864
G1 X58.458 Y50.075 E.02978
G1 X57.712 Y49.964 E.02516
; stop printing object fidget-finger-massager-2000-rod.stl id:0 copy 0
;LAYER_CHANGE
;Z:9.6
;HEIGHT:0.200001
G92 E0
;_SET_FAN_SPEED_CHANGING_LAYER
; printing object fidget-finger-massager-2000-rod.stl id:0 copy 0
M204 S10000
G1 E-.8 F1800
G1 X62.629 Y49.466 Z10 F7200
G1 Z9.6
G1 E.8 F1800
M204 S500
;TYPE:Outer wall
;WIDTH:0.449999
G1 F600
G1 X62.776 Y50.296 E.02854
G1 X61.594 Y50.498 E.04058
G1 X60.641 Y50.576 E.03238
M73 P56 R1
G1 X59.359 Y50.576 E.04337
G1 X58.698 Y50.522 E.02247
G1 X58.1 Y50.451 E.02037
G1 X57.223 Y50.303 E.03011
G1 X57.371 Y49.466 E.02876
G1 X58.239 Y49.621 E.02985
G1 X58.789 Y49.686 E.01876
G1 X59.377 Y49.726 E.01993
G1 X60.658 Y49.726 E.04338
G1 X61.219 Y49.685 E.01903
G1 X61.799 Y49.615 E.01977
G1 X62.59 Y49.473 E.02721
M204 S10000
G1 X62.293 Y49.956 F7200
M204 S1500
;TYPE:Inner wall
;WIDTH:0.429236
G1 F600
G1 X61.841 Y50.031 E.01473
;WIDTH:0.433768
G1 X61.242 Y50.105 E.01963
;WIDTH:0.442918
G1 X60.623 Y50.151 E.02063
G1 X59.349 Y50.151 E.04239
;WIDTH:0.443832
G1 X58.454 Y50.075 E.02992
G1 X57.712 Y49.964 E.02501
; stop printing object fidget-finger-massager-2000-rod.stl id:0 copy 0
;LAYER_CHANGE
;Z:9.8
;HEIGHT:0.2
G92 E0
;_SET_FAN_SPEED_CHANGING_LAYER
; printing object fidget-finger-massager-2000-rod.stl id:0 copy 0
M204 S10000
G1 E-.8 F1800
G1 X62.629 Y49.466 Z10.2 F7200
G1 Z9.8
G1 E.8 F1800
M204 S500
;TYPE:Outer wall
;WIDTH:0.449999
G1 F600
G1 X62.776 Y50.297 E.02855
G1 X61.598 Y50.497 E.04043
G1 X60.641 Y50.576 E.03252
M73 P57 R1
G1 X59.359 Y50.576 E.04337
G1 X58.698 Y50.522 E.02245
G1 X58.101 Y50.451 E.02035
G1 X57.223 Y50.303 E.03015
G1 X57.371 Y49.466 E.02876
G1 X58.24 Y49.621 E.0299
G1 X58.79 Y49.686 E.01874
G1 X59.377 Y49.726 E.01991
G1 X60.658 Y49.726 E.04338
G1 X61.218 Y49.685 E.01901
G1 X61.81 Y49.613 E.02015
G1 X62.59 Y49.473 E.02684
M204 S10000
G1 X62.293 Y49.957 F7200
M204 S1500
;TYPE:Inner wall
;WIDTH:0.429246
G1 F600
G1 X61.852 Y50.03 E.01436
;WIDTH:0.43364
G1 X61.241 Y50.105 E.02001
;WIDTH:0.442918
G1 X60.623 Y50.151 E.02061
G1 X59.349 Y50.151 E.04239
;WIDTH:0.4438
G1 X58.45 Y50.074 E.03007
G1 X57.712 Y49.964 E.02487
; stop printing object fidget-finger-massager-2000-rod.stl id:0 copy 0
;LAYER_CHANGE
;Z:10
;HEIGHT:0.2
G92 E0
;_SET_FAN_SPEED_CHANGING_LAYER
; printing object fidget-finger-massager-2000-rod.stl id:0 copy 0
M204 S10000
G1 E-.8 F1800
G1 X62.629 Y49.466 Z10.4 F7200
G1 Z10
G1 E.8 F1800
M204 S500
;TYPE:Outer wall
;WIDTH:0.449999
G1 F600
G1 X62.776 Y50.297 E.02855
G1 X61.603 Y50.497 E.04029
G1 X60.641 Y50.576 E.03267
M73 P58 R1
G1 X59.36 Y50.576 E.04334
G1 X57.974 Y50.439 E.04716
G1 X57.224 Y50.299 E.02583
G1 X57.371 Y49.466 E.02862
G1 X58.094 Y49.589 E.02484
G1 X58.791 Y49.686 E.02381
G1 X59.381 Y49.726 E.02004
G1 X60.658 Y49.726 E.04322
G1 X61.217 Y49.685 E.01897
G1 X61.766 Y49.62 E.01872
G1 X62.59 Y49.473 E.02832
M204 S10000
G1 X62.293 Y49.957 F7200
M204 S1500
;TYPE:Inner wall
;WIDTH:0.430076
G1 F600
G1 X61.808 Y50.037 E.01585
;WIDTH:0.433518
G1 X61.24 Y50.105 E.01856
;WIDTH:0.442918
G1 X60.623 Y50.151 E.02058
G1 X59.357 Y50.151 E.04211
G1 X58.721 Y50.096 E.02122
;WIDTH:0.436258
G1 X57.711 Y49.961 E.03332
; stop printing object fidget-finger-massager-2000-rod.stl id:0 copy 0
;LAYER_CHANGE
;Z:10.2
;HEIGHT:0.2
G92 E0
;_SET_FAN_SPEED_CHANGING_LAYER
; printing object fidget-finger-massager-2000-rod.stl id:0 copy 0
M204 S10000
G1 E-.8 F1800
G1 X62.629 Y49.462 Z10.6 F7200
G1 Z10.2
G1 E.8 F1800
M204 S500
;TYPE:Outer wall
;WIDTH:0.449999
G1 F600
G1 X62.776 Y50.297 E.02868
G1 X61.607 Y50.496 E.04014
G1 X60.641 Y50.576 E.03282
M73 P59 R1
G1 X59.359 Y50.576 E.04337
G1 X58.7 Y50.522 E.02241
G1 X58.104 Y50.452 E.0203
G1 X57.223 Y50.303 E.03024
G1 X57.371 Y49.466 E.02876
G1 X58.243 Y49.621 E.02998
G1 X58.791 Y49.686 E.0187
G1 X59.377 Y49.726 E.01987
G1 X60.658 Y49.726 E.04337
G1 X61.217 Y49.685 E.01898
G1 X61.832 Y49.61 E.02097
G1 X62.589 Y49.469 E.02606
M204 S10000
G1 X62.288 Y49.953 F7200
M204 S1500
;TYPE:Inner wall
;WIDTH:0.434138
G1 F600
G1 X61.874 Y50.026 E.01367
;WIDTH:0.433394
G1 X61.24 Y50.105 E.02076
;WIDTH:0.442916
G1 X60.623 Y50.151 E.02057
G1 X59.349 Y50.151 E.04239
;WIDTH:0.443734
G1 X58.441 Y50.073 E.03035
G1 X57.712 Y49.964 E.02457
; stop printing object fidget-finger-massager-2000-rod.stl id:0 copy 0
;LAYER_CHANGE
;Z:10.4
;HEIGHT:0.2
G92 E0
;_SET_FAN_SPEED_CHANGING_LAYER
; printing object fidget-finger-massager-2000-rod.stl id:0 copy 0
M204 S10000
G1 E-.8 F1800
G1 X62.629 Y49.462 Z10.8 F7200
G1 Z10.4
G1 E.8 F1800
M204 S500
;TYPE:Outer wall
;WIDTH:0.449999
G1 F600
G1 X62.776 Y50.297 E.02868
G1 X61.611 Y50.495 E.03999
G1 X60.641 Y50.576 E.03297
M73 P60 R1
G1 X59.359 Y50.576 E.04337
G1 X58.7 Y50.521 E.02239
G1 X58.105 Y50.452 E.02027
G1 X57.223 Y50.303 E.03029
G1 X57.371 Y49.466 E.02875
G1 X58.244 Y49.622 E.03003
G1 X58.792 Y49.686 E.01868
G1 X59.377 Y49.726 E.01985
G1 X60.658 Y49.726 E.04337
G1 X61.217 Y49.685 E.01896
G1 X61.843 Y49.608 E.02136
G1 X62.589 Y49.469 E.02569
M204 S10000
G1 X62.288 Y49.953 F7200
M204 S1500
;TYPE:Inner wall
;WIDTH:0.434048
G1 F600
G1 X61.885 Y50.024 E.01331
;WIDTH:0.433268
G1 X61.239 Y50.105 E.02114
;WIDTH:0.442916
G1 X60.623 Y50.151 E.02055
G1 X59.349 Y50.151 E.04238
;WIDTH:0.4437
G1 X58.437 Y50.073 E.03049
G1 X57.712 Y49.964 E.02443
; stop printing object fidget-finger-massager-2000-rod.stl id:0 copy 0
;LAYER_CHANGE
;Z:10.6
;HEIGHT:0.200001
G92 E0
;_SET_FAN_SPEED_CHANGING_LAYER
; printing object fidget-finger-massager-2000-rod.stl id:0 copy 0
M204 S10000
G1 E-.8 F1800
G1 X62.629 Y49.462 Z11 F7200
G1 Z10.6
G1 E.8 F1800
M204 S500
;TYPE:Outer wall
;WIDTH:0.449999
G1 F600
G1 X62.776 Y50.297 E.02868
G1 X61.616 Y50.495 E.03985
M73 P61 R1
G1 X60.641 Y50.576 E.03311
G1 X59.36 Y50.576 E.04334
G1 X57.994 Y50.442 E.04647
G1 X57.224 Y50.299 E.02652
G1 X57.371 Y49.466 E.02862
G1 X58.245 Y49.622 E.03007
G1 X58.793 Y49.686 E.01866
G1 X59.381 Y49.726 E.01997
G1 X60.658 Y49.726 E.04323
G1 X61.216 Y49.685 E.01894
G1 X61.854 Y49.606 E.02174
G1 X62.589 Y49.47 E.02532
M204 S10000
G1 X62.288 Y49.953 F7200
M204 S1500
;TYPE:Inner wall
;WIDTH:0.433956
G1 F600
G1 X61.896 Y50.023 E.01294
;WIDTH:0.433146
G1 X61.238 Y50.105 E.02152
;WIDTH:0.442918
G1 X60.623 Y50.151 E.02053
G1 X59.357 Y50.151 E.0421
G1 X58.736 Y50.098 E.02073
;WIDTH:0.433888
G1 X57.71 Y49.962 E.03365
; stop printing object fidget-finger-massager-2000-rod.stl id:0 copy 0
;LAYER_CHANGE
;Z:10.8
;HEIGHT:0.2
G92 E0
;_SET_FAN_SPEED_CHANGING_LAYER
; printing object fidget-finger-massager-2000-rod.stl id:0 copy 0
M204 S10000
G1 E-.8 F1800
G1 X62.629 Y49.466 Z11.2 F7200
G1 Z10.8
G1 E.8 F1800
M204 S500
;TYPE:Outer wall
;WIDTH:0.449999
G1 F600
G1 X62.776 Y50.298 E.02862
G1 X61.998 Y50.443 E.02681
M73 P62 R1
G1 X61.287 Y50.526 E.02423
G1 X60.643 Y50.576 E.02186
G1 X59.361 Y50.576 E.04339
G1 X57.889 Y50.426 E.05007
G1 X57.226 Y50.3 E.02283
G1 X57.374 Y49.467 E.02865
G1 X58.01 Y49.577 E.02185
G1 X58.793 Y49.686 E.02675
G1 X59.382 Y49.726 E.01999
G1 X60.658 Y49.726 E.04319
G1 X61.215 Y49.685 E.01888
G1 X61.866 Y49.604 E.02223
G1 X62.59 Y49.473 E.02489
M204 S10000
G1 X62.29 Y49.961 F7200
M204 S1500
;TYPE:Inner wall
;WIDTH:0.437094
G1 F600
G1 X61.803 Y50.041 E.01618
G1 X61.238 Y50.107 E.01864
;WIDTH:0.442918
G1 X60.629 Y50.151 E.02031
G1 X59.358 Y50.151 E.04226
G1 X58.724 Y50.095 E.02117
;WIDTH:0.438076
G1 X57.715 Y49.963 E.03343
; stop printing object fidget-finger-massager-2000-rod.stl id:0 copy 0
;LAYER_CHANGE
;Z:11
;HEIGHT:0.2
G92 E0
;_SET_FAN_SPEED_CHANGING_LAYER
; printing object fidget-finger-massager-2000-rod.stl id:0 copy 0
M204 S10000
G1 E-.8 F1800
G1 X62.629 Y49.462 Z11.4 F7200
G1 Z11
G1 E.8 F1800
M204 S500
;TYPE:Outer wall
;WIDTH:0.449999
G1 F600
G1 X62.776 Y50.297 E.02868
G1 X61.624 Y50.494 E.03955
M73 P63 R1
G1 X60.641 Y50.576 E.03341
G1 X59.359 Y50.576 E.04337
G1 X58.109 Y50.453 E.04253
G1 X57.223 Y50.302 E.03042
G1 X57.371 Y49.466 E.02875
G1 X58.248 Y49.622 E.03015
G1 X58.794 Y49.686 E.01861
G1 X59.377 Y49.726 E.01979
G1 X60.658 Y49.726 E.04336
G1 X61.215 Y49.685 E.01891
G1 X61.875 Y49.603 E.02251
G1 X62.589 Y49.47 E.02459
M204 S10000
G1 X62.288 Y49.954 F7200
M204 S1500
;TYPE:Inner wall
;WIDTH:0.433764
G1 F600
G1 X61.919 Y50.019 E.01221
;WIDTH:0.43291
G1 X61.237 Y50.105 E.02227
;WIDTH:0.442918
G1 X60.623 Y50.151 E.02049
G1 X59.349 Y50.151 E.04238
;WIDTH:0.44359
G1 X58.424 Y50.071 E.03091
G1 X57.712 Y49.965 E.02398
; stop printing object fidget-finger-massager-2000-rod.stl id:0 copy 0
;LAYER_CHANGE
;Z:11.2
;HEIGHT:0.2
G92 E0
;_SET_FAN_SPEED_CHANGING_LAYER
; printing object fidget-finger-massager-2000-rod.stl id:0 copy 0
M204 S10000
G1 E-.8 F1800
G1 X62.629 Y49.462 Z11.6 F7200
G1 Z11.2
G1 E.8 F1800
M204 S500
;TYPE:Outer wall
;WIDTH:0.449999
G1 F600
G1 X62.776 Y50.298 E.02873
G1 X61.984 Y50.445 E.02727
M73 P64 R1
G1 X61.144 Y50.543 E.02862
G1 X60.643 Y50.576 E.01702
G1 X59.359 Y50.576 E.04343
G1 X58.11 Y50.454 E.04248
G1 X57.223 Y50.302 E.03047
G1 X57.371 Y49.466 E.02875
G1 X58.249 Y49.622 E.0302
G1 X58.794 Y49.686 E.01859
G1 X59.377 Y49.726 E.01977
G1 X60.658 Y49.726 E.04336
G1 X61.215 Y49.685 E.01889
G1 X61.889 Y49.601 E.02298
G1 X62.589 Y49.47 E.02414
M204 S10000
G1 X62.286 Y49.958 F7200
M204 S1500
;TYPE:Inner wall
;WIDTH:0.442358
G1 F600
G1 X61.921 Y50.025 E.01232
G1 X61.237 Y50.107 E.02288
;WIDTH:0.442918
G1 X60.629 Y50.151 E.02027
G1 X59.349 Y50.151 E.04257
;WIDTH:0.443554
G1 X58.42 Y50.071 E.03106
G1 X57.712 Y49.965 E.02384
; stop printing object fidget-finger-massager-2000-rod.stl id:0 copy 0
;LAYER_CHANGE
;Z:11.4
;HEIGHT:0.2
G92 E0
;_SET_FAN_SPEED_CHANGING_LAYER
; printing object fidget-finger-massager-2000-rod.stl id:0 copy 0
M204 S10000
G1 E-.8 F1800
G1 X62.629 Y49.462 Z11.8 F7200
G1 Z11.4
G1 E.8 F1800
M204 S500
;TYPE:Outer wall
;WIDTH:0.449999
G1 F600
G1 X62.776 Y50.298 E.02873
G1 X61.977 Y50.446 E.0275
M73 P65 R1
G1 X61.146 Y50.543 E.02832
G1 X60.643 Y50.576 E.01709
G1 X59.359 Y50.576 E.04343
G1 X58.112 Y50.454 E.04244
G1 X57.223 Y50.302 E.03051
G1 X57.371 Y49.466 E.02875
G1 X58.25 Y49.622 E.03024
G1 X58.795 Y49.686 E.01857
G1 X59.377 Y49.726 E.01976
G1 X60.658 Y49.726 E.04336
G1 X61.214 Y49.685 E.01887
G1 X61.899 Y49.599 E.02336
G1 X62.589 Y49.47 E.02377
M204 S10000
G1 X62.286 Y49.958 F7200
M204 S1500
;TYPE:Inner wall
;WIDTH:0.44282
G1 F600
G1 X61.914 Y50.026 E.01256
G1 X61.236 Y50.107 E.02271
G1 X60.629 Y50.151 E.02025
;WIDTH:0.44292
G1 X59.349 Y50.151 E.04257
;WIDTH:0.443518
G1 X58.416 Y50.07 E.0312
G1 X57.712 Y49.965 E.02369
; stop printing object fidget-finger-massager-2000-rod.stl id:0 copy 0
;LAYER_CHANGE
;Z:11.6
;HEIGHT:0.200001
G92 E0
;_SET_FAN_SPEED_CHANGING_LAYER
; printing object fidget-finger-massager-2000-rod.stl id:0 copy 0
M204 S10000
G1 E-.8 F1800
G1 X62.629 Y49.462 Z12 F7200
G1 Z11.6
G1 E.8 F1800
M204 S500
;TYPE:Outer wall
;WIDTH:0.449999
G1 F600
G1 X62.776 Y50.299 E.02877
G1 X61.971 Y50.447 E.02771
M73 P66 R1
G1 X61.149 Y50.543 E.02803
G1 X60.643 Y50.576 E.01716
G1 X59.359 Y50.576 E.04343
G1 X58.113 Y50.454 E.04239
G1 X57.223 Y50.302 E.03056
G1 X57.371 Y49.466 E.02875
G1 X58.251 Y49.623 E.03028
G1 X58.796 Y49.686 E.01855
G1 X59.377 Y49.726 E.01974
G1 X60.658 Y49.726 E.04336
G1 X61.214 Y49.685 E.01886
G1 X61.91 Y49.597 E.02376
G1 X62.589 Y49.469 E.02339
M204 S10000
G1 X62.286 Y49.958 F7200
M204 S1500
;TYPE:Inner wall
;WIDTH:0.443278
G1 F600
G1 X61.908 Y50.026 E.01277
G1 X61.235 Y50.107 E.02255
;WIDTH:0.442918
G1 X60.629 Y50.151 E.02024
G1 X59.349 Y50.151 E.04257
;WIDTH:0.443478
G1 X58.411 Y50.07 E.03134
G1 X57.712 Y49.965 E.02354
; stop printing object fidget-finger-massager-2000-rod.stl id:0 copy 0
;LAYER_CHANGE
;Z:11.8
;HEIGHT:0.2
G92 E0
;_SET_FAN_SPEED_CHANGING_LAYER
; printing object fidget-finger-massager-2000-rod.stl id:0 copy 0
M204 S10000
G1 E-.8 F1800
G1 X62.629 Y49.462 Z12.2 F7200
G1 Z11.8
G1 E.8 F1800
M204 S500
;TYPE:Outer wall
;WIDTH:0.449999
G1 F600
G1 X62.777 Y50.302 E.02888
G1 X61.956 Y50.449 E.02822
M73 P67 R1
G1 X61.13 Y50.544 E.02816
G1 X60.629 Y50.576 E.01699
G1 X59.343 Y50.576 E.04352
G1 X58.691 Y50.524 E.02214
G1 X58.024 Y50.446 E.02273
G1 X57.223 Y50.302 E.02754
G1 X57.371 Y49.466 E.02875
G1 X58.253 Y49.623 E.03032
G1 X58.796 Y49.686 E.01853
G1 X59.371 Y49.726 E.01951
G1 X60.658 Y49.726 E.04356
G1 X61.213 Y49.685 E.01884
G1 X61.922 Y49.596 E.02417
G1 X62.589 Y49.469 E.023
M204 S10000
G1 X62.283 Y49.963 F7200
M204 S1500
;TYPE:Inner wall
;WIDTH:0.448206
G1 F600
G1 X61.907 Y50.027 E.01284
;WIDTH:0.44377
G1 X61.235 Y50.107 E.02257
;WIDTH:0.442918
G1 X60.629 Y50.151 E.02022
G1 X59.343 Y50.151 E.04275
G1 X58.739 Y50.105 E.02014
;WIDTH:0.44077
G1 X57.713 Y49.966 E.03427
; stop printing object fidget-finger-massager-2000-rod.stl id:0 copy 0
;LAYER_CHANGE
;Z:12
;HEIGHT:0.2
G92 E0
;_SET_FAN_SPEED_CHANGING_LAYER
; printing object fidget-finger-massager-2000-rod.stl id:0 copy 0
M204 S10000
G1 E-.8 F1800
G1 X62.629 Y49.462 Z12.4 F7200
G1 Z12
G1 E.8 F1800
M204 S500
;TYPE:Outer wall
;WIDTH:0.449999
G1 F600
G1 X62.777 Y50.302 E.02888
G1 X61.949 Y50.45 E.02845
M73 P68 R1
G1 X61.132 Y50.544 E.02786
G1 X60.629 Y50.576 E.01707
G1 X59.343 Y50.576 E.04351
G1 X58.692 Y50.524 E.02212
G1 X58.031 Y50.447 E.02252
G1 X57.223 Y50.302 E.02777
G1 X57.371 Y49.466 E.02875
G1 X58.254 Y49.623 E.03037
G1 X58.797 Y49.686 E.01851
G1 X59.371 Y49.726 E.01949
G1 X60.658 Y49.726 E.04356
G1 X61.213 Y49.685 E.01882
G1 X61.933 Y49.594 E.02456
G1 X62.589 Y49.469 E.02263
M204 S10000
G1 X62.283 Y49.963 F7200
M204 S1500
;TYPE:Inner wall
;WIDTH:0.448018
G1 F600
G1 X61.901 Y50.027 E.01306
;WIDTH:0.444192
G1 X61.234 Y50.108 E.02239
;WIDTH:0.442918
G1 X60.629 Y50.151 E.0202
G1 X59.343 Y50.151 E.04275
G1 X58.74 Y50.105 E.02012
;WIDTH:0.440772
G1 X57.713 Y49.966 E.03429
; stop printing object fidget-finger-massager-2000-rod.stl id:0 copy 0
;LAYER_CHANGE
;Z:12.2
;HEIGHT:0.2
G92 E0
;_SET_FAN_SPEED_CHANGING_LAYER
; printing object fidget-finger-massager-2000-rod.stl id:0 copy 0
M204 S10000
G1 E-.8 F1800
G1 X62.629 Y49.462 Z12.6 F7200
G1 Z12.2
G1 E.8 F1800
M204 S500
;TYPE:Outer wall
;WIDTH:0.449999
G1 F600
G1 X62.777 Y50.302 E.02887
G1 X61.953 Y50.45 E.02834
M73 P69 R1
G1 X61.145 Y50.543 E.02754
G1 X60.643 Y50.576 E.01703
G1 X59.36 Y50.576 E.04343
G1 X58.117 Y50.455 E.04226
G1 X57.223 Y50.302 E.03069
G1 X57.371 Y49.466 E.02875
G1 X58.255 Y49.623 E.03041
G1 X58.798 Y49.686 E.01848
G1 X59.378 Y49.726 E.01968
G1 X60.658 Y49.726 E.04335
G1 X61.212 Y49.685 E.0188
G1 X61.943 Y49.592 E.02494
G1 X62.589 Y49.47 E.02226
M204 S10000
G1 E-.8 F1800
G1 X57.713 Y49.965 Z12.6 F7200
G1 Z12.2
G1 E.8 F1800
M204 S1500
;TYPE:Inner wall
;WIDTH:0.443354
G1 F600
G1 X58.399 Y50.068 E.0231
G1 X59.349 Y50.151 E.03176
;WIDTH:0.442916
G1 X60.629 Y50.151 E.04256
G1 X61.234 Y50.108 E.02018
;WIDTH:0.444602
G1 X61.894 Y50.028 E.02221
;WIDTH:0.447828
G1 X62.283 Y49.963 E.01328
; stop printing object fidget-finger-massager-2000-rod.stl id:0 copy 0
;LAYER_CHANGE
;Z:12.4
;HEIGHT:0.2
G92 E0
;_SET_FAN_SPEED_CHANGING_LAYER
; printing object fidget-finger-massager-2000-rod.stl id:0 copy 0
M204 S500
G1 X62.629 Y49.466 Z12.4 F7200
;TYPE:Outer wall
;WIDTH:0.449999
G1 F600
M73 P70 R1
G1 X62.777 Y50.302 E.02875
G1 X62.449 Y50.369 E.01133
G1 X61.656 Y50.49 E.02716
G1 X60.64 Y50.576 E.03449
G1 X59.357 Y50.576 E.04343
G1 X58.854 Y50.543 E.01707
G1 X57.84 Y50.418 E.0346
G1 X57.226 Y50.3 E.02115
G1 X57.375 Y49.463 E.02878
G1 X58.057 Y49.592 E.02348
G1 X58.798 Y49.686 E.02529
G1 X59.371 Y49.726 E.01946
G1 X60.658 Y49.726 E.04356
G1 X61.21 Y49.686 E.01871
G1 X61.751 Y49.622 E.01846
G1 X62.59 Y49.473 E.02884
M73 P70 R0
M204 S10000
G1 X62.287 Y49.965 F7200
M204 S1500
;TYPE:Inner wall
;WIDTH:0.439778
G1 F600
G1 X61.792 Y50.042 E.01653
;WIDTH:0.43663
G1 X61.233 Y50.105 E.01844
;WIDTH:0.442918
G1 X60.622 Y50.151 E.02035
G1 X59.343 Y50.151 E.04256
G1 X58.735 Y50.104 E.02028
;WIDTH:0.444096
G1 X57.719 Y49.961 E.03423
; stop printing object fidget-finger-massager-2000-rod.stl id:0 copy 0
;LAYER_CHANGE
;Z:12.6
;HEIGHT:0.200001
G92 E0
;_SET_FAN_SPEED_CHANGING_LAYER
; printing object fidget-finger-massager-2000-rod.stl id:0 copy 0
M204 S10000
G1 E-.8 F1800
G1 X62.629 Y49.466 Z13 F7200
G1 Z12.6
G1 E.8 F1800
M73 P71 R0
M204 S500
;TYPE:Outer wall
;WIDTH:0.449999
G1 F600
G1 X62.777 Y50.302 E.02875
G1 X62.444 Y50.37 E.01148
G1 X61.66 Y50.489 E.02685
G1 X60.64 Y50.576 E.03464
G1 X59.357 Y50.576 E.04343
G1 X58.852 Y50.543 E.01714
G1 X57.833 Y50.417 E.03475
G1 X57.226 Y50.3 E.02093
G1 X57.375 Y49.463 E.02878
G1 X58.046 Y49.59 E.02311
G1 X58.799 Y49.686 E.02568
G1 X59.371 Y49.726 E.01944
G1 X60.658 Y49.726 E.04356
G1 X61.209 Y49.686 E.01869
G1 X61.75 Y49.622 E.01844
G1 X62.59 Y49.473 E.02888
M204 S10000
G1 X62.287 Y49.965 F7200
M204 S1500
;TYPE:Inner wall
;WIDTH:0.439876
G1 F600
G1 X61.791 Y50.043 E.01658
;WIDTH:0.436774
G1 X61.232 Y50.105 E.01843
;WIDTH:0.442918
G1 X60.622 Y50.151 E.02033
G1 X59.343 Y50.151 E.04256
G1 X58.735 Y50.104 E.02027
;WIDTH:0.443996
G1 X57.719 Y49.962 E.03423
; stop printing object fidget-finger-massager-2000-rod.stl id:0 copy 0
;LAYER_CHANGE
;Z:12.8
;HEIGHT:0.2
G92 E0
;_SET_FAN_SPEED_CHANGING_LAYER
; printing object fidget-finger-massager-2000-rod.stl id:0 copy 0
M204 S10000
G1 E-.8 F1800
G1 X62.629 Y49.462 Z13.2 F7200
G1 Z12.8
G1 E.8 F1800
M73 P72 R0
M204 S500
;TYPE:Outer wall
;WIDTH:0.449999
G1 F600
G1 X62.776 Y50.3 E.02878
G1 X62.074 Y50.429 E.02416
G1 X61.264 Y50.528 E.02762
G1 X60.625 Y50.576 E.02171
G1 X59.344 Y50.576 E.04335
G1 X58.694 Y50.525 E.02206
G1 X58.058 Y50.451 E.02169
G1 X57.223 Y50.302 E.0287
G1 X57.371 Y49.466 E.02874
G1 X58.259 Y49.624 E.03054
G1 X58.799 Y49.687 E.01842
G1 X59.372 Y49.726 E.01941
G1 X60.659 Y49.726 E.04358
G1 X61.323 Y49.671 E.02254
G1 X61.976 Y49.587 E.02229
G1 X62.589 Y49.47 E.02115
M204 S10000
G1 E-.8 F1800
G1 X57.713 Y49.966 Z13.2 F7200
G1 Z12.8
G1 E.8 F1800
M204 S1500
;TYPE:Inner wall
;WIDTH:0.440812
G1 F600
G1 X58.21 Y50.044 E.01664
;WIDTH:0.43842
G1 X58.744 Y50.105 E.01767
;WIDTH:0.442918
G1 X59.344 Y50.151 E.02002
G1 X60.625 Y50.151 E.0426
G1 X61.232 Y50.107 E.02024
;WIDTH:0.440478
G1 X62.019 Y50.009 E.02622
;WIDTH:0.443922
G1 X62.285 Y49.961 E.00901
M73 P73 R0
; stop printing object fidget-finger-massager-2000-rod.stl id:0 copy 0
;LAYER_CHANGE
;Z:13
;HEIGHT:0.2
G92 E0
;_SET_FAN_SPEED_CHANGING_LAYER
; printing object fidget-finger-massager-2000-rod.stl id:0 copy 0
M204 S500
G1 X62.629 Y49.462 Z13 F7200
;TYPE:Outer wall
;WIDTH:0.449999
G1 F600
G1 X62.776 Y50.3 E.02878
G1 X62.085 Y50.427 E.02379
G1 X61.264 Y50.528 E.02802
G1 X60.625 Y50.576 E.02168
G1 X59.344 Y50.576 E.04334
G1 X58.695 Y50.525 E.02204
G1 X58.065 Y50.452 E.02149
G1 X57.223 Y50.302 E.02893
G1 X57.371 Y49.466 E.02874
G1 X58.26 Y49.624 E.03058
G1 X58.8 Y49.687 E.0184
G1 X59.372 Y49.726 E.01939
G1 X60.659 Y49.726 E.04358
G1 X61.314 Y49.672 E.02224
G1 X61.986 Y49.585 E.02296
G1 X62.589 Y49.47 E.02078
M204 S10000
G1 X62.285 Y49.961 F7200
M204 S1500
;TYPE:Inner wall
;WIDTH:0.443816
G1 F600
G1 X62.03 Y50.007 E.00864
;WIDTH:0.440554
G1 X61.231 Y50.107 E.02661
;WIDTH:0.442918
G1 X60.625 Y50.151 E.02022
G1 X59.344 Y50.151 E.0426
G1 X58.744 Y50.106 E.02
;WIDTH:0.43856
G1 X58.211 Y50.044 E.01766
;WIDTH:0.440832
G1 X57.713 Y49.966 E.01669
; stop printing object fidget-finger-massager-2000-rod.stl id:0 copy 0
;LAYER_CHANGE
;Z:13.2
;HEIGHT:0.2
G92 E0
;_SET_FAN_SPEED_CHANGING_LAYER
; printing object fidget-finger-massager-2000-rod.stl id:0 copy 0
M204 S10000
G1 E-.8 F1800
G1 X62.629 Y49.466 Z13.6 F7200
G1 Z13.2
M73 P74 R0
G1 E.8 F1800
M204 S500
;TYPE:Outer wall
;WIDTH:0.449999
G1 F600
G1 X62.776 Y50.3 E.02867
G1 X61.843 Y50.459 E.03207
G1 X61.263 Y50.528 E.01977
G1 X60.625 Y50.576 E.02165
G1 X59.347 Y50.576 E.04326
G1 X58.692 Y50.526 E.02223
G1 X57.859 Y50.416 E.02842
G1 X57.223 Y50.302 E.02188
G1 X57.371 Y49.463 E.02885
G1 X58.014 Y49.585 E.02214
G1 X58.8 Y49.687 E.02685
G1 X59.372 Y49.726 E.01938
G1 X60.659 Y49.726 E.04357
G1 X61.31 Y49.674 E.02212
G1 X62.05 Y49.574 E.02526
G1 X62.59 Y49.473 E.01861
M204 S10000
G1 X62.288 Y49.964 F7200
M204 S1500
;TYPE:Inner wall
;WIDTH:0.437568
G1 F600
G1 X61.787 Y50.042 E.01664
;WIDTH:0.437066
G1 X61.23 Y50.108 E.01838
;WIDTH:0.442918
G1 X60.625 Y50.151 E.02018
G1 X59.337 Y50.151 E.04282
;WIDTH:0.447864
G1 X58.384 Y50.064 E.03225
G1 X57.716 Y49.963 E.02273
; stop printing object fidget-finger-massager-2000-rod.stl id:0 copy 0
;LAYER_CHANGE
;Z:13.4
;HEIGHT:0.2
G92 E0
;_SET_FAN_SPEED_CHANGING_LAYER
; printing object fidget-finger-massager-2000-rod.stl id:0 copy 0
M204 S10000
G1 E-.8 F1800
G1 X62.629 Y49.463 Z13.8 F7200
G1 Z13.4
M73 P75 R0
G1 E.8 F1800
M204 S500
;TYPE:Outer wall
;WIDTH:0.449999
G1 F600
G1 X62.776 Y50.3 E.02878
G1 X62.107 Y50.424 E.02304
G1 X61.262 Y50.529 E.02882
G1 X60.625 Y50.576 E.02163
G1 X59.347 Y50.576 E.04325
G1 X58.7 Y50.527 E.02196
G1 X58.125 Y50.457 E.01963
G1 X57.223 Y50.302 E.03096
G1 X57.371 Y49.466 E.02874
G1 X58.263 Y49.624 E.03067
G1 X58.801 Y49.687 E.01835
G1 X59.372 Y49.726 E.01935
G1 X60.659 Y49.726 E.04357
G1 X61.296 Y49.674 E.02162
G1 X62.008 Y49.582 E.02431
G1 X62.59 Y49.47 E.02005
M204 S10000
G1 X62.285 Y49.962 F7200
M204 S1500
;TYPE:Inner wall
;WIDTH:0.443588
G1 F600
G1 X62.052 Y50.004 E.0079
;WIDTH:0.44071
G1 X61.23 Y50.108 E.02739
;WIDTH:0.442918
G1 X60.625 Y50.151 E.02017
G1 X59.345 Y50.151 E.04258
G1 X58.745 Y50.106 E.02002
;WIDTH:0.439318
G1 X58.214 Y50.044 E.01762
;WIDTH:0.44026
G1 X57.713 Y49.966 E.01676
; stop printing object fidget-finger-massager-2000-rod.stl id:0 copy 0
;LAYER_CHANGE
;Z:13.6
;HEIGHT:0.200001
G92 E0
;_SET_FAN_SPEED_CHANGING_LAYER
; printing object fidget-finger-massager-2000-rod.stl id:0 copy 0
M204 S10000
G1 E-.8 F1800
G1 X62.629 Y49.466 Z14 F7200
G1 Z13.6
M73 P76 R0
G1 E.8 F1800
M204 S500
;TYPE:Outer wall
;WIDTH:0.449999
G1 F600
G1 X62.776 Y50.3 E.02868
G1 X61.84 Y50.459 E.03216
G1 X61.261 Y50.529 E.01973
G1 X60.625 Y50.576 E.02159
G1 X59.347 Y50.576 E.04326
G1 X58.693 Y50.526 E.02222
G1 X57.838 Y50.413 E.02919
G1 X57.223 Y50.302 E.02113
G1 X57.371 Y49.463 E.02884
G1 X57.992 Y49.582 E.0214
G1 X58.802 Y49.687 E.02763
G1 X59.372 Y49.726 E.01934
G1 X60.659 Y49.726 E.04357
G1 X61.292 Y49.676 E.02152
G1 X62.063 Y49.572 E.0263
G1 X62.59 Y49.473 E.01816
M204 S10000
G1 X62.288 Y49.964 F7200
M204 S1500
;TYPE:Inner wall
;WIDTH:0.437792
G1 F600
G1 X61.785 Y50.042 E.01673
;WIDTH:0.437432
G1 X61.229 Y50.108 E.01836
;WIDTH:0.442918
G1 X60.625 Y50.151 E.02013
G1 X59.174 Y50.151 E.04828
;WIDTH:0.44822
G1 X58.375 Y50.063 E.02707
G1 X57.716 Y49.963 E.02247
; stop printing object fidget-finger-massager-2000-rod.stl id:0 copy 0
;LAYER_CHANGE
;Z:13.8
;HEIGHT:0.2
G92 E0
;_SET_FAN_SPEED_CHANGING_LAYER
; printing object fidget-finger-massager-2000-rod.stl id:0 copy 0
M204 S10000
G1 E-.8 F1800
G1 X62.629 Y49.463 Z14.2 F7200
G1 Z13.8
M73 P77 R0
G1 E.8 F1800
M204 S500
;TYPE:Outer wall
;WIDTH:0.449999
G1 F600
G1 X62.776 Y50.3 E.02878
G1 X62.129 Y50.421 E.0223
G1 X61.261 Y50.529 E.02962
G1 X60.625 Y50.576 E.02157
G1 X59.348 Y50.576 E.04325
G1 X58.702 Y50.527 E.02193
G1 X58.127 Y50.458 E.01958
G1 X57.223 Y50.302 E.03105
G1 X57.371 Y49.466 E.02874
G1 X58.265 Y49.625 E.03075
G1 X58.803 Y49.687 E.01831
G1 X59.372 Y49.726 E.01931
G1 X60.659 Y49.726 E.04357
G1 X61.278 Y49.677 E.02102
G1 X62.03 Y49.578 E.02567
G1 X62.59 Y49.47 E.01931
M204 S10000
G1 X62.285 Y49.962 F7200
M204 S1500
;TYPE:Inner wall
;WIDTH:0.443348
G1 F600
G1 X62.073 Y50.001 E.00717
;WIDTH:0.440868
G1 X61.229 Y50.108 E.02818
;WIDTH:0.442918
G1 X60.625 Y50.151 E.02012
G1 X59.345 Y50.151 E.04258
G1 X58.746 Y50.107 E.01997
;WIDTH:0.439346
G1 X58.216 Y50.044 E.01758
;WIDTH:0.440454
G1 X57.713 Y49.966 E.01685
; stop printing object fidget-finger-massager-2000-rod.stl id:0 copy 0
;LAYER_CHANGE
;Z:14
;HEIGHT:0.2
G92 E0
;_SET_FAN_SPEED_CHANGING_LAYER
; printing object fidget-finger-massager-2000-rod.stl id:0 copy 0
M204 S10000
G1 E-.8 F1800
G1 X62.629 Y49.463 Z14.4 F7200
G1 Z14
M73 P78 R0
G1 E.8 F1800
M204 S500
;TYPE:Outer wall
;WIDTH:0.449999
G1 F600
G1 X62.777 Y50.302 E.02883
G1 X62.148 Y50.416 E.02163
G1 X61.264 Y50.523 E.03015
G1 X60.622 Y50.576 E.02178
G1 X59.348 Y50.576 E.04315
G1 X58.702 Y50.527 E.02192
G1 X58.129 Y50.458 E.01955
G1 X57.223 Y50.302 E.0311
G1 X57.371 Y49.466 E.02874
G1 X58.266 Y49.625 E.0308
G1 X58.803 Y49.687 E.01829
G1 X59.372 Y49.726 E.01929
G1 X60.658 Y49.726 E.04355
G1 X61.207 Y49.686 E.01864
G1 X62.04 Y49.577 E.02844
G1 X62.59 Y49.471 E.01894
M204 S10000
G1 E-.8 F1800
G1 X57.713 Y49.966 Z14.4 F7200
G1 Z14
G1 E.8 F1800
M204 S1500
;TYPE:Inner wall
;WIDTH:0.440544
G1 F600
G1 X58.218 Y50.044 E.01689
;WIDTH:0.439366
G1 X58.747 Y50.107 E.01756
;WIDTH:0.442918
G1 X59.345 Y50.151 E.01995
G1 X60.622 Y50.151 E.04249
G1 X61.228 Y50.105 E.02019
;WIDTH:0.43873
G1 X62.084 Y49.998 E.02841
M73 P79 R0
;WIDTH:0.445588
G1 X62.284 Y49.964 E.0068
; stop printing object fidget-finger-massager-2000-rod.stl id:0 copy 0
;LAYER_CHANGE
;Z:14.2
;HEIGHT:0.2
G92 E0
;_SET_FAN_SPEED_CHANGING_LAYER
; printing object fidget-finger-massager-2000-rod.stl id:0 copy 0
M204 S500
G1 X62.629 Y49.463 Z14.2 F7200
;TYPE:Outer wall
;WIDTH:0.449999
G1 F600
G1 X62.777 Y50.302 E.02883
G1 X62.159 Y50.414 E.02126
G1 X61.263 Y50.523 E.03054
G1 X60.622 Y50.576 E.02177
G1 X59.348 Y50.576 E.04314
G1 X58.703 Y50.528 E.0219
G1 X58.13 Y50.458 E.01953
G1 X57.223 Y50.302 E.03114
G1 X57.371 Y49.466 E.02874
G1 X58.268 Y49.625 E.03084
G1 X58.804 Y49.687 E.01827
G1 X59.372 Y49.726 E.01927
G1 X60.658 Y49.726 E.04355
G1 X61.207 Y49.686 E.01862
G1 X62.051 Y49.575 E.02882
G1 X62.59 Y49.471 E.01857
M204 S10000
G1 X62.284 Y49.964 F7200
M204 S1500
;TYPE:Inner wall
;WIDTH:0.44543
G1 F600
G1 X62.095 Y49.996 E.00643
;WIDTH:0.438922
G1 X61.227 Y50.105 E.0288
;WIDTH:0.442918
G1 X60.622 Y50.151 E.02017
G1 X59.345 Y50.151 E.04248
G1 X58.747 Y50.107 E.01994
;WIDTH:0.439388
G1 X58.219 Y50.045 E.01754
;WIDTH:0.440642
G1 X57.713 Y49.966 E.01694
; stop printing object fidget-finger-massager-2000-rod.stl id:0 copy 0
;LAYER_CHANGE
;Z:14.4
;HEIGHT:0.2
G92 E0
;_SET_FAN_SPEED_CHANGING_LAYER
; printing object fidget-finger-massager-2000-rod.stl id:0 copy 0
M204 S10000
G1 E-.8 F1800
G1 X62.629 Y49.463 Z14.8 F7200
G1 Z14.4
M73 P80 R0
G1 E.8 F1800
M204 S500
;TYPE:Outer wall
;WIDTH:0.449999
G1 F600
G1 X62.777 Y50.302 E.02882
G1 X62.17 Y50.413 E.02088
G1 X61.263 Y50.522 E.03093
G1 X60.622 Y50.576 E.02175
G1 X59.348 Y50.576 E.04314
G1 X58.703 Y50.528 E.02189
G1 X58.131 Y50.459 E.0195
G1 X57.223 Y50.302 E.03119
G1 X57.371 Y49.466 E.02874
G1 X58.269 Y49.625 E.03088
G1 X58.804 Y49.687 E.01825
G1 X59.372 Y49.726 E.01924
G1 X60.658 Y49.726 E.04355
G1 X61.206 Y49.686 E.0186
G1 X62.062 Y49.573 E.02921
G1 X62.59 Y49.471 E.0182
M204 S10000
G1 X62.284 Y49.964 F7200
M204 S1500
;TYPE:Inner wall
;WIDTH:0.445266
G1 F600
G1 X62.106 Y49.994 E.00606
;WIDTH:0.439116
G1 X61.226 Y50.105 E.0292
;WIDTH:0.442918
G1 X60.622 Y50.151 E.02015
G1 X59.345 Y50.151 E.04248
G1 X58.748 Y50.107 E.01991
;WIDTH:0.439408
G1 X58.22 Y50.045 E.01752
;WIDTH:0.440734
G1 X57.713 Y49.966 E.01698
; stop printing object fidget-finger-massager-2000-rod.stl id:0 copy 0
;LAYER_CHANGE
;Z:14.6
;HEIGHT:0.200001
G92 E0
;_SET_FAN_SPEED_CHANGING_LAYER
; printing object fidget-finger-massager-2000-rod.stl id:0 copy 0
M204 S10000
G1 E-.8 F1800
G1 X62.629 Y49.463 Z15 F7200
G1 Z14.6
M73 P81 R0
G1 E.8 F1800
M204 S500
;TYPE:Outer wall
;WIDTH:0.449999
G1 F600
G1 X62.777 Y50.302 E.02882
G1 X62.181 Y50.411 E.02051
G1 X61.264 Y50.524 E.03127
G1 X60.655 Y50.566 E.02067
G1 X59.348 Y50.576 E.04423
G1 X58.704 Y50.528 E.02188
G1 X58.132 Y50.459 E.01948
G1 X57.223 Y50.302 E.03123
G1 X57.371 Y49.466 E.02874
G1 X58.27 Y49.625 E.03092
G1 X58.805 Y49.687 E.01823
G1 X59.369 Y49.726 E.01914
G1 X60.658 Y49.726 E.04363
G1 X61.206 Y49.686 E.01858
G1 X62.073 Y49.571 E.0296
G1 X62.59 Y49.471 E.01783
M204 S10000
G1 X62.285 Y49.964 F7200
M204 S1500
;TYPE:Inner wall
;WIDTH:0.445092
G1 F600
G1 X62.117 Y49.993 E.00569
;WIDTH:0.439306
G1 X61.226 Y50.106 E.0296
;WIDTH:0.433002
G1 X60.652 Y50.146 E.01867
;WIDTH:0.442754
G1 X59.345 Y50.151 E.04343
G1 X58.749 Y50.107 E.01989
;WIDTH:0.439432
G1 X58.222 Y50.045 E.0175
;WIDTH:0.440828
G1 X57.713 Y49.966 E.01703
; stop printing object fidget-finger-massager-2000-rod.stl id:0 copy 0
;LAYER_CHANGE
;Z:14.8
;HEIGHT:0.2
G92 E0
;_SET_FAN_SPEED_CHANGING_LAYER
; printing object fidget-finger-massager-2000-rod.stl id:0 copy 0
M204 S10000
G1 E-.8 F1800
G1 X62.629 Y49.463 Z15.2 F7200
G1 Z14.8
M73 P82 R0
G1 E.8 F1800
M204 S500
;TYPE:Outer wall
;WIDTH:0.449999
G1 F600
G1 X62.777 Y50.302 E.02881
G1 X62.192 Y50.41 E.02014
G1 X61.263 Y50.524 E.03166
G1 X60.655 Y50.567 E.02065
G1 X59.347 Y50.576 E.04426
G1 X58.702 Y50.527 E.0219
G1 X58.126 Y50.461 E.01963
G1 X57.223 Y50.302 E.03101
G1 X57.371 Y49.466 E.02874
G1 X58.271 Y49.625 E.03097
G1 X58.806 Y49.687 E.01821
G1 X59.369 Y49.726 E.01913
G1 X60.658 Y49.726 E.04363
G1 X61.205 Y49.686 E.01856
G1 X62.083 Y49.57 E.02999
G1 X62.59 Y49.471 E.01746
M204 S10000
G1 X62.285 Y49.965 F7200
M204 S1500
;TYPE:Inner wall
;WIDTH:0.44491
G1 F600
G1 X62.128 Y49.991 E.00532
;WIDTH:0.4395
G1 X61.225 Y50.106 E.03
;WIDTH:0.433572
G1 X60.652 Y50.147 E.01868
;WIDTH:0.442762
G1 X59.345 Y50.151 E.04344
G1 X58.751 Y50.107 E.01981
;WIDTH:0.439878
G1 X58.223 Y50.046 E.01755
;WIDTH:0.441166
G1 X57.713 Y49.966 E.01708
; stop printing object fidget-finger-massager-2000-rod.stl id:0 copy 0
;LAYER_CHANGE
;Z:15
;HEIGHT:0.2
G92 E0
;_SET_FAN_SPEED_CHANGING_LAYER
; printing object fidget-finger-massager-2000-rod.stl id:0 copy 0
M204 S10000
G1 E-.8 F1800
G1 X62.629 Y49.466 Z15.4 F7200
G1 Z15
M73 P83 R0
G1 E.8 F1800
M204 S500
;TYPE:Outer wall
;WIDTH:0.449999
G1 F600
G1 X62.777 Y50.302 E.02874
G1 X61.859 Y50.463 E.03156
G1 X61.175 Y50.541 E.02328
G1 X60.642 Y50.576 E.01807
G1 X59.358 Y50.576 E.04349
G1 X58.824 Y50.541 E.01809
G1 X58.29 Y50.483 E.0182
G1 X57.759 Y50.405 E.01817
G1 X57.225 Y50.301 E.0184
G1 X57.376 Y49.464 E.02876
G1 X57.917 Y49.57 E.01866
G1 X58.806 Y49.687 E.03036
G1 X59.372 Y49.726 E.0192
G1 X60.658 Y49.726 E.04355
G1 X61.201 Y49.686 E.01843
G1 X61.735 Y49.624 E.0182
G1 X62.59 Y49.473 E.02938
M204 S10000
G1 X62.287 Y49.966 F7200
M204 S1500
;TYPE:Inner wall
;WIDTH:0.441216
G1 F600
G1 X61.776 Y50.046 E.01713
;WIDTH:0.442694
G1 X61.137 Y50.117 E.02137
;WIDTH:0.442918
G1 X60.628 Y50.151 E.01696
G1 X59.372 Y50.151 E.04179
G1 X58.861 Y50.117 E.01702
;WIDTH:0.449498
G1 X58.344 Y50.058 E.0176
G1 X57.717 Y49.964 E.02142
; stop printing object fidget-finger-massager-2000-rod.stl id:0 copy 0
;LAYER_CHANGE
;Z:15.2
;HEIGHT:0.2
G92 E0
;_SET_FAN_SPEED_CHANGING_LAYER
; printing object fidget-finger-massager-2000-rod.stl id:0 copy 0
M204 S10000
G1 E-.8 F1800
M73 P84 R0
G1 X62.629 Y49.464 Z15.6 F7200
G1 Z15.2
G1 E.8 F1800
M204 S500
;TYPE:Outer wall
;WIDTH:0.449999
G1 F600
G1 X62.777 Y50.302 E.0288
G1 X62.214 Y50.407 E.01939
G1 X61.262 Y50.524 E.03246
G1 X60.654 Y50.568 E.02062
G1 X59.349 Y50.576 E.04419
G1 X58.706 Y50.528 E.02183
G1 X58.136 Y50.46 E.0194
G1 X57.223 Y50.302 E.03137
G1 X57.371 Y49.466 E.02874
G1 X58.274 Y49.626 E.03105
G1 X58.807 Y49.687 E.01816
G1 X59.37 Y49.726 E.01909
G1 X60.677 Y49.726 E.04426
G1 X61.608 Y49.633 E.03166
G1 X62.105 Y49.566 E.01698
G1 X62.59 Y49.471 E.01672
M204 S10000
G1 X62.285 Y49.965 F7200
M204 S1500
;TYPE:Inner wall
;WIDTH:0.444522
G1 F600
G1 X62.15 Y49.988 E.00459
;WIDTH:0.439884
G1 X61.224 Y50.106 E.0308
;WIDTH:0.434738
G1 X60.652 Y50.147 E.0187
;WIDTH:0.44278
G1 X59.346 Y50.151 E.04342
G1 X58.751 Y50.107 E.01983
;WIDTH:0.439508
G1 X58.225 Y50.046 E.01744
;WIDTH:0.441108
G1 X57.713 Y49.966 E.01717
; stop printing object fidget-finger-massager-2000-rod.stl id:0 copy 0
;LAYER_CHANGE
;Z:15.4
;HEIGHT:0.2
G92 E0
;_SET_FAN_SPEED_CHANGING_LAYER
; printing object fidget-finger-massager-2000-rod.stl id:0 copy 0
M204 S10000
G1 E-.8 F1800
M73 P85 R0
G1 X62.629 Y49.464 Z15.8 F7200
G1 Z15.4
G1 E.8 F1800
M204 S500
;TYPE:Outer wall
;WIDTH:0.449999
G1 F600
G1 X62.777 Y50.302 E.0288
G1 X62.224 Y50.405 E.01902
G1 X61.261 Y50.524 E.03285
G1 X60.654 Y50.569 E.02061
G1 X59.349 Y50.576 E.04418
G1 X58.706 Y50.528 E.02182
G1 X58.138 Y50.46 E.01938
G1 X57.223 Y50.302 E.03141
G1 X57.371 Y49.465 E.02874
G1 X58.275 Y49.626 E.03109
G1 X58.808 Y49.687 E.01814
G1 X59.37 Y49.726 E.01908
G1 X60.674 Y49.726 E.04415
G1 X61.612 Y49.632 E.03191
G1 X62.116 Y49.565 E.0172
G1 X62.59 Y49.471 E.01635
M204 S10000
G1 X62.285 Y49.965 F7200
M204 S1500
;TYPE:Inner wall
;WIDTH:0.444312
G1 F600
G1 X62.161 Y49.986 E.00422
;WIDTH:0.440078
G1 X61.223 Y50.106 E.0312
;WIDTH:0.435334
G1 X60.652 Y50.148 E.01871
;WIDTH:0.442792
G1 X59.346 Y50.151 E.04342
G1 X58.751 Y50.107 E.01981
;WIDTH:0.439536
G1 X58.227 Y50.046 E.01742
;WIDTH:0.4412
G1 X57.713 Y49.966 E.01721
; stop printing object fidget-finger-massager-2000-rod.stl id:0 copy 0
;LAYER_CHANGE
;Z:15.6
;HEIGHT:0.200001
G92 E0
;_SET_FAN_SPEED_CHANGING_LAYER
; printing object fidget-finger-massager-2000-rod.stl id:0 copy 0
M204 S10000
G1 E-.8 F1800
M73 P86 R0
G1 X62.629 Y49.464 Z16 F7200
G1 Z15.6
G1 E.8 F1800
M204 S500
;TYPE:Outer wall
;WIDTH:0.449999
G1 F600
G1 X62.776 Y50.298 E.02868
G1 X61.822 Y50.468 E.0328
G1 X61.172 Y50.541 E.02214
G1 X60.628 Y50.576 E.01845
G1 X59.348 Y50.576 E.04333
G1 X58.705 Y50.527 E.02183
G1 X58.137 Y50.462 E.01934
G1 X57.223 Y50.302 E.03141
G1 X57.371 Y49.465 E.02874
G1 X58.276 Y49.626 E.03114
G1 X58.808 Y49.687 E.01812
G1 X59.372 Y49.726 E.01912
G1 X60.658 Y49.726 E.04354
G1 X61.203 Y49.686 E.01848
G1 X62.124 Y49.563 E.03144
G1 X62.59 Y49.472 E.01609
M204 S10000
G1 X62.29 Y49.959 F7200
M204 S1500
;TYPE:Inner wall
;WIDTH:0.449622
G1 F600
G1 X61.774 Y50.042 E.01766
G1 X61.144 Y50.117 E.02148
;WIDTH:0.442918
G1 X60.628 Y50.151 E.01718
G1 X59.345 Y50.151 E.04267
G1 X58.752 Y50.107 E.01979
;WIDTH:0.44062
G1 X58.218 Y50.046 E.01777
;WIDTH:0.441396
G1 X57.713 Y49.967 E.01694
; stop printing object fidget-finger-massager-2000-rod.stl id:0 copy 0
;LAYER_CHANGE
;Z:15.8
;HEIGHT:0.2
G92 E0
;_SET_FAN_SPEED_CHANGING_LAYER
; printing object fidget-finger-massager-2000-rod.stl id:0 copy 0
M204 S10000
G1 E-.8 F1800
M73 P87 R0
G1 X62.629 Y49.465 Z16.2 F7200
G1 Z15.8
G1 E.8 F1800
M204 S500
;TYPE:Outer wall
;WIDTH:0.449999
G1 F600
G1 X62.777 Y50.302 E.02874
G1 X62.371 Y50.383 E.01401
G1 X61.727 Y50.481 E.02205
G1 X61.184 Y50.54 E.01847
G1 X60.642 Y50.576 E.01838
G1 X59.358 Y50.576 E.04349
G1 X58.816 Y50.54 E.01838
G1 X58.273 Y50.481 E.01849
G1 X57.733 Y50.401 E.01846
G1 X57.225 Y50.301 E.01753
G1 X57.376 Y49.465 E.02875
G1 X57.874 Y49.563 E.01718
G1 X58.808 Y49.687 E.03192
G1 X59.372 Y49.726 E.01912
G1 X60.658 Y49.726 E.04354
G1 X61.199 Y49.687 E.01835
G1 X61.73 Y49.625 E.0181
G1 X62.59 Y49.472 E.02957
M204 S10000
G1 E-.8 F1800
G1 X57.717 Y49.965 Z16.2 F7200
G1 Z15.8
G1 E.8 F1800
M204 S1500
;TYPE:Inner wall
;WIDTH:0.450194
G1 F600
G1 X58.853 Y50.117 E.03881
;WIDTH:0.442918
G1 X59.372 Y50.151 E.0173
G1 X60.628 Y50.151 E.04178
M73 P88 R0
G1 X61.147 Y50.117 E.0173
;WIDTH:0.442708
G1 X61.672 Y50.06 E.01755
G1 X62.287 Y49.967 E.02067
; stop printing object fidget-finger-massager-2000-rod.stl id:0 copy 0
;LAYER_CHANGE
;Z:16
;HEIGHT:0.2
G92 E0
;_SET_FAN_SPEED_CHANGING_LAYER
; printing object fidget-finger-massager-2000-rod.stl id:0 copy 0
M204 S500
G1 X62.629 Y49.464 Z16 F7200
;TYPE:Outer wall
;WIDTH:0.449999
G1 F600
G1 X62.776 Y50.298 E.02867
G1 X61.809 Y50.47 E.03326
G1 X61.177 Y50.54 E.02153
G1 X60.628 Y50.576 E.01861
G1 X59.348 Y50.576 E.04331
G1 X58.706 Y50.528 E.0218
G1 X58.14 Y50.463 E.01929
G1 X57.223 Y50.301 E.03151
G1 X57.371 Y49.465 E.02874
G1 X58.28 Y49.627 E.03125
G1 X58.809 Y49.688 E.01805
G1 X59.372 Y49.726 E.01908
G1 X60.658 Y49.726 E.04354
G1 X61.202 Y49.686 E.01845
G1 X62.137 Y49.561 E.03194
G1 X62.59 Y49.472 E.01562
M204 S10000
G1 X62.29 Y49.959 F7200
M204 S1500
;TYPE:Inner wall
;WIDTH:0.450054
G1 F600
G1 X61.761 Y50.044 E.01815
G1 X61.148 Y50.117 E.02089
;WIDTH:0.442918
G1 X60.628 Y50.151 E.01733
G1 X59.346 Y50.151 E.04265
G1 X58.755 Y50.107 E.01969
;WIDTH:0.4408
G1 X58.23 Y50.048 E.01748
;WIDTH:0.441532
G1 X57.713 Y49.967 E.01735
M73 P89 R0
; stop printing object fidget-finger-massager-2000-rod.stl id:0 copy 0
;LAYER_CHANGE
;Z:16.2
;HEIGHT:0.200001
G92 E0
;_SET_FAN_SPEED_CHANGING_LAYER
; printing object fidget-finger-massager-2000-rod.stl id:0 copy 0
M204 S10000
G1 E-.8 F1800
G1 X62.629 Y49.464 Z16.6 F7200
G1 Z16.2
G1 E.8 F1800
M204 S500
;TYPE:Outer wall
;WIDTH:0.449999
G1 F600
G1 X62.777 Y50.302 E.02879
G1 X61.809 Y50.47 E.03324
G1 X61.179 Y50.54 E.02147
G1 X60.628 Y50.576 E.01869
G1 X59.35 Y50.576 E.04328
G1 X58.708 Y50.528 E.02176
G1 X58.143 Y50.462 E.01928
G1 X57.223 Y50.301 E.03159
G1 X57.371 Y49.465 E.02873
G1 X58.28 Y49.627 E.03127
G1 X58.81 Y49.688 E.01806
G1 X59.372 Y49.726 E.01906
G1 X60.658 Y49.726 E.04354
G1 X61.201 Y49.686 E.01843
G1 X61.705 Y49.619 E.01719
G1 X62.59 Y49.471 E.03038
M204 S10000
G1 X62.286 Y49.966 F7200
M204 S1500
;TYPE:Inner wall
;WIDTH:0.45042
G1 F600
G1 X61.15 Y50.116 E.03881
;WIDTH:0.442918
G1 X60.628 Y50.151 E.01741
G1 X59.346 Y50.151 E.04265
G1 X58.754 Y50.107 E.01974
;WIDTH:0.439666
G1 X58.21 Y50.044 E.01808
M73 P90 R0
;WIDTH:0.441562
G1 X57.713 Y49.967 E.01666
; stop printing object fidget-finger-massager-2000-rod.stl id:0 copy 0
;LAYER_CHANGE
;Z:16.4
;HEIGHT:0.199999
G92 E0
;_SET_FAN_SPEED_CHANGING_LAYER
; printing object fidget-finger-massager-2000-rod.stl id:0 copy 0
M204 S10000
G1 E-.8 F1800
G1 X62.629 Y49.465 Z16.8 F7200
G1 Z16.4
G1 E.8 F1800
M204 S500
;TYPE:Outer wall
;WIDTH:0.449999
G1 F600
G1 X62.777 Y50.302 E.02875
G1 X62.348 Y50.387 E.01479
G1 X61.803 Y50.471 E.01869
G1 X61.181 Y50.54 E.02117
G1 X60.628 Y50.576 E.01876
G1 X59.35 Y50.576 E.04327
G1 X58.709 Y50.528 E.02175
G1 X58.144 Y50.462 E.01925
G1 X57.223 Y50.301 E.03164
G1 X57.371 Y49.465 E.02873
G1 X58.281 Y49.627 E.03131
G1 X58.811 Y49.688 E.01803
G1 X59.372 Y49.726 E.01904
G1 X60.658 Y49.726 E.04354
G1 X61.197 Y49.687 E.01828
G1 X61.726 Y49.626 E.01803
G1 X62.59 Y49.472 E.0297
M204 S10000
G1 X62.287 Y49.967 F7200
M204 S1500
;TYPE:Inner wall
;WIDTH:0.441668
G1 F600
G1 X61.756 Y50.049 E.01783
;WIDTH:0.442432
G1 X61.152 Y50.116 E.02016
;WIDTH:0.442918
G1 X60.628 Y50.151 E.01748
G1 X59.346 Y50.151 E.04264
G1 X58.755 Y50.108 E.01972
;WIDTH:0.4397
G1 X58.208 Y50.044 E.01816
M73 P91 R0
;WIDTH:0.4415
G1 X57.713 Y49.967 E.0166
; stop printing object fidget-finger-massager-2000-rod.stl id:0 copy 0
;LAYER_CHANGE
;Z:16.6
;HEIGHT:0.200001
G92 E0
;_SET_FAN_SPEED_CHANGING_LAYER
; printing object fidget-finger-massager-2000-rod.stl id:0 copy 0
M204 S10000
G1 E-.8 F1800
G1 X62.629 Y49.465 Z17 F7200
G1 Z16.6
G1 E.8 F1800
M204 S500
;TYPE:Outer wall
;WIDTH:0.449999
G1 F600
G1 X62.777 Y50.302 E.02875
G1 X62.344 Y50.388 E.01495
G1 X61.796 Y50.472 E.01876
G1 X61.183 Y50.54 E.02086
G1 X60.628 Y50.576 E.01884
G1 X59.35 Y50.576 E.04327
G1 X58.71 Y50.529 E.02173
G1 X58.145 Y50.462 E.01922
G1 X57.223 Y50.301 E.03169
G1 X57.371 Y49.465 E.02873
G1 X58.283 Y49.627 E.03135
G1 X58.811 Y49.688 E.01801
G1 X59.372 Y49.726 E.01902
G1 X60.658 Y49.726 E.04354
G1 X61.196 Y49.687 E.01826
G1 X61.725 Y49.626 E.01801
G1 X62.59 Y49.472 E.02974
M204 S10000
G1 X62.287 Y49.967 F7200
M204 S1500
;TYPE:Inner wall
;WIDTH:0.441736
G1 F600
G1 X61.749 Y50.05 E.01805
;WIDTH:0.442392
G1 X61.155 Y50.116 E.01986
;WIDTH:0.442918
G1 X60.628 Y50.151 E.01756
G1 X59.346 Y50.151 E.04264
G1 X58.755 Y50.108 E.0197
;WIDTH:0.439736
G1 X58.209 Y50.044 E.01814
M73 P92 R0
;WIDTH:0.441378
G1 X57.713 Y49.967 E.01664
; stop printing object fidget-finger-massager-2000-rod.stl id:0 copy 0
;LAYER_CHANGE
;Z:16.8
;HEIGHT:0.199999
G92 E0
;_SET_FAN_SPEED_CHANGING_LAYER
; printing object fidget-finger-massager-2000-rod.stl id:0 copy 0
M204 S10000
G1 E-.8 F1800
G1 X62.629 Y49.465 Z17.2 F7200
G1 Z16.8
G1 E.8 F1800
M204 S500
;TYPE:Outer wall
;WIDTH:0.449999
G1 F600
G1 X62.777 Y50.301 E.02873
G1 X62.338 Y50.389 E.01512
G1 X61.739 Y50.48 E.02051
G1 X61.186 Y50.54 E.01883
G1 X60.628 Y50.576 E.01894
G1 X59.357 Y50.576 E.04302
G1 X58.796 Y50.538 E.01903
G1 X58.243 Y50.477 E.01885
G1 X57.225 Y50.301 E.03497
G1 X57.376 Y49.466 E.02874
G1 X57.831 Y49.556 E.0157
G1 X58.812 Y49.688 E.03351
G1 X59.372 Y49.726 E.019
G1 X60.658 Y49.726 E.04354
G1 X61.196 Y49.687 E.01824
G1 X61.724 Y49.626 E.01799
G1 X62.59 Y49.472 E.02978
M204 S10000
G1 X62.287 Y49.967 F7200
M204 S1500
;TYPE:Inner wall
;WIDTH:0.441774
G1 F600
G1 X62.274 Y49.969 E.00042
;WIDTH:0.44242
G1 X61.693 Y50.057 E.01953
G1 X61.158 Y50.116 E.0179
;WIDTH:0.442918
G1 X60.628 Y50.151 E.01765
G1 X59.36 Y50.151 E.04217
G1 X58.842 Y50.116 E.01726
;WIDTH:0.45108
G1 X57.716 Y49.966 E.03856
M73 P93 R0
; stop printing object fidget-finger-massager-2000-rod.stl id:0 copy 0
;LAYER_CHANGE
;Z:17
;HEIGHT:0.200001
G92 E0
;_SET_FAN_SPEED_CHANGING_LAYER
; printing object fidget-finger-massager-2000-rod.stl id:0 copy 0
M204 S10000
G1 E-.8 F1800
G1 X62.629 Y49.465 Z17.4 F7200
G1 Z17
G1 E.8 F1800
M204 S500
;TYPE:Outer wall
;WIDTH:0.449999
G1 F600
G1 X62.777 Y50.301 E.02873
G1 X62.334 Y50.389 E.01528
G1 X61.744 Y50.479 E.0202
G1 X61.188 Y50.539 E.01891
G1 X60.628 Y50.576 E.01901
G1 X59.352 Y50.576 E.0432
G1 X58.736 Y50.531 E.02091
G1 X58.238 Y50.477 E.01694
G1 X57.225 Y50.301 E.03483
G1 X57.376 Y49.466 E.02874
G1 X57.809 Y49.553 E.01494
G1 X58.871 Y49.692 E.03627
G1 X59.372 Y49.726 E.01699
G1 X60.658 Y49.726 E.04354
G1 X61.195 Y49.687 E.01822
G1 X61.722 Y49.626 E.01797
G1 X62.59 Y49.472 E.02982
M204 S10000
G1 X62.287 Y49.967 F7200
M204 S1500
;TYPE:Inner wall
;WIDTH:0.441844
G1 F600
G1 X62.27 Y49.97 E.00058
;WIDTH:0.44236
G1 X61.698 Y50.057 E.01923
G1 X61.16 Y50.116 E.01797
;WIDTH:0.442918
G1 X60.628 Y50.151 E.01772
G1 X59.36 Y50.151 E.04217
G1 X58.84 Y50.116 E.01733
;WIDTH:0.451254
G1 X57.716 Y49.967 E.03851
M73 P94 R0
; stop printing object fidget-finger-massager-2000-rod.stl id:0 copy 0
;LAYER_CHANGE
;Z:17.2
;HEIGHT:0.200001
G92 E0
;_SET_FAN_SPEED_CHANGING_LAYER
; printing object fidget-finger-massager-2000-rod.stl id:0 copy 0
M204 S10000
G1 E-.8 F1800
G1 X62.629 Y49.465 Z17.6 F7200
G1 Z17.2
G1 E.8 F1800
M204 S500
;TYPE:Outer wall
;WIDTH:0.449999
G1 F600
G1 X62.777 Y50.301 E.02873
G1 X62.329 Y50.39 E.01544
G1 X61.748 Y50.478 E.0199
G1 X61.191 Y50.539 E.01899
G1 X60.628 Y50.576 E.01908
G1 X59.352 Y50.576 E.04319
G1 X58.736 Y50.532 E.0209
G1 X58.234 Y50.476 E.0171
G1 X57.224 Y50.301 E.03468
G1 X57.376 Y49.466 E.02873
G1 X57.798 Y49.551 E.01457
G1 X58.869 Y49.692 E.03657
G1 X59.372 Y49.726 E.01706
G1 X60.658 Y49.726 E.04354
G1 X61.194 Y49.687 E.01819
G1 X61.721 Y49.626 E.01795
G1 X62.59 Y49.472 E.02987
M204 S10000
G1 X62.287 Y49.967 F7200
M204 S1500
;TYPE:Inner wall
;WIDTH:0.44191
G1 F600
G1 X62.265 Y49.971 E.00073
;WIDTH:0.442294
G1 X61.702 Y50.056 E.01892
G1 X61.162 Y50.115 E.01805
;WIDTH:0.442918
G1 X60.628 Y50.151 E.01779
G1 X59.36 Y50.151 E.04217
G1 X58.838 Y50.115 E.0174
;WIDTH:0.451424
G1 X57.716 Y49.967 E.03846
M73 P95 R0
; stop printing object fidget-finger-massager-2000-rod.stl id:0 copy 0
;LAYER_CHANGE
;Z:17.4
;HEIGHT:0.199999
G92 E0
;_SET_FAN_SPEED_CHANGING_LAYER
; printing object fidget-finger-massager-2000-rod.stl id:0 copy 0
M204 S10000
G1 E-.8 F1800
G1 X62.623 Y49.466 Z17.8 F7200
G1 Z17.4
G1 E.8 F1800
M204 S500
;TYPE:Outer wall
;WIDTH:0.449999
G1 F600
G1 X62.77 Y50.303 E.02876
G1 X62.325 Y50.391 E.01535
G1 X61.769 Y50.476 E.01905
G1 X61.192 Y50.539 E.01964
G1 X60.628 Y50.576 E.01915
G1 X59.351 Y50.576 E.04324
G1 X58.712 Y50.529 E.02168
G1 X58.151 Y50.464 E.01912
G1 X57.23 Y50.303 E.03165
G1 X57.377 Y49.467 E.02873
G1 X57.805 Y49.552 E.01477
G1 X58.342 Y49.634 E.01839
G1 X58.867 Y49.692 E.01787
G1 X59.372 Y49.726 E.01714
G1 X60.658 Y49.726 E.04354
G1 X61.194 Y49.687 E.01817
G1 X61.72 Y49.627 E.01792
G1 X62.583 Y49.473 E.02969
M204 S10000
G1 X62.281 Y49.968 F7200
M204 S1500
;TYPE:Inner wall
;WIDTH:0.4419
G1 F600
G1 X61.722 Y50.054 E.01874
;WIDTH:0.442244
G1 X61.164 Y50.115 E.01867
;WIDTH:0.442918
G1 X60.628 Y50.151 E.01786
G1 X59.346 Y50.151 E.04263
G1 X58.758 Y50.108 E.01962
;WIDTH:0.439898
G1 X58.215 Y50.045 E.01806
M73 P96 R0
;WIDTH:0.441166
G1 X57.719 Y49.968 E.01659
; stop printing object fidget-finger-massager-2000-rod.stl id:0 copy 0
;LAYER_CHANGE
;Z:17.6
;HEIGHT:0.200001
G92 E0
;_SET_FAN_SPEED_CHANGING_LAYER
; printing object fidget-finger-massager-2000-rod.stl id:0 copy 0
M204 S10000
G1 E-.8 F1800
G1 X62.572 Y49.478 Z18 F7200
G1 Z17.6
G1 E.8 F1800
M204 S500
;TYPE:Outer wall
;WIDTH:0.449999
G1 F600
G1 X62.719 Y50.314 E.02875
G1 X61.762 Y50.477 E.03285
G1 X61.195 Y50.539 E.01933
G1 X60.628 Y50.576 E.01923
G1 X59.351 Y50.576 E.04323
G1 X58.712 Y50.529 E.02166
G1 X58.152 Y50.464 E.0191
G1 X57.281 Y50.314 E.02993
G1 X57.428 Y49.478 E.02873
G1 X58.338 Y49.633 E.03124
G1 X58.865 Y49.692 E.01794
G1 X59.372 Y49.726 E.01721
G1 X60.658 Y49.726 E.04353
G1 X61.193 Y49.687 E.01815
G1 X61.718 Y49.627 E.0179
G1 X62.532 Y49.485 E.02797
M204 S10000
G1 X62.229 Y49.976 F7200
M204 S1500
;TYPE:Inner wall
;WIDTH:0.442058
G1 F600
G1 X61.716 Y50.055 E.01722
;WIDTH:0.442204
G1 X61.166 Y50.115 E.01837
;WIDTH:0.442918
G1 X60.628 Y50.151 E.01793
G1 X59.36 Y50.151 E.04217
G1 X58.834 Y50.115 E.01754
;WIDTH:0.442206
G1 X58.29 Y50.055 E.01819
M73 P97 R0
G1 X57.771 Y49.976 E.0174
; stop printing object fidget-finger-massager-2000-rod.stl id:0 copy 0
;LAYER_CHANGE
;Z:17.8
;HEIGHT:0.199999
G92 E0
;_SET_FAN_SPEED_CHANGING_LAYER
; printing object fidget-finger-massager-2000-rod.stl id:0 copy 0
M204 S10000
G1 E-.8 F1800
G1 X62.458 Y49.511 Z18.2 F7200
G1 Z17.8
G1 E.8 F1800
M204 S500
;TYPE:Outer wall
;WIDTH:0.449999
G1 F600
G1 X62.601 Y50.32 E.0278
G1 X61.752 Y50.464 E.02912
G1 X61.195 Y50.525 E.01898
G1 X60.628 Y50.562 E.01922
G1 X59.352 Y50.562 E.04322
G1 X58.722 Y50.516 E.02136
G1 X58.145 Y50.449 E.01967
G1 X57.399 Y50.324 E.02561
G1 X57.542 Y49.511 E.02793
G1 X58.334 Y49.647 E.0272
G1 X58.863 Y49.706 E.01801
G1 X59.372 Y49.741 E.01727
G1 X60.659 Y49.741 E.04356
G1 X61.186 Y49.702 E.01791
G1 X61.722 Y49.64 E.01824
G1 X62.419 Y49.518 E.02395
M204 S10000
G1 X62.126 Y49.985 F7200
M204 S1500
;TYPE:Inner wall
;WIDTH:0.414372
G1 F600
G1 X61.707 Y50.056 E.0131
G1 X61.167 Y50.115 E.01678
;WIDTH:0.414246
G1 X60.628 Y50.151 E.01668
G1 X59.346 Y50.151 E.03959
G1 X58.767 Y50.109 E.01793
;WIDTH:0.419854
G1 X57.877 Y49.99 E.02813
; stop printing object fidget-finger-massager-2000-rod.stl id:0 copy 0
;LAYER_CHANGE
;Z:18
;HEIGHT:0.200001
G92 E0
;_SET_FAN_SPEED_CHANGING_LAYER
; printing object fidget-finger-massager-2000-rod.stl id:0 copy 0
M204 S10000
G1 E-.8 F1800
M73 P98 R0
G1 X62.221 Y49.714 Z18.4 F7200
G1 Z18
G1 E.8 F1800
M204 S500
;TYPE:Outer wall
;WIDTH:0.51132
G1 F600
G1 X62.31 Y50.219 E.01999
;WIDTH:0.511744
G1 X61.739 Y50.31 E.02255
G1 X61.184 Y50.37 E.02174
G1 X60.629 Y50.407 E.02168
G1 X59.354 Y50.407 E.04971
G1 X58.748 Y50.356 E.02372
;WIDTH:0.510623
G1 X58.201 Y50.301 E.02139
;WIDTH:0.511032
G1 X57.69 Y50.218 E.02015
G1 X57.779 Y49.714 E.01995
G1 X58.27 Y49.795 E.01939
;WIDTH:0.510623
G1 X58.808 Y49.854 E.02102
;WIDTH:0.511841
G1 X59.375 Y49.895 E.0222
G1 X60.629 Y49.895 E.0489
G1 X61.149 Y49.86 E.02029
G1 X61.682 Y49.801 E.02092
G1 X62.182 Y49.72 E.01974
; stop printing object fidget-finger-massager-2000-rod.stl id:0 copy 0
G1 E-.8 F1800
M106 S0
;TYPE:Custom
M104 S0
M140 S0
M107
G28 X0 Y0
M84
M73 P100 R0
; EXECUTABLE_BLOCK_END

; filament used [mm] = 64.52
; filament used [cm3] = 0.16
; total filament used [g] = 0.00
; total filament cost = 0.00
; total layers count = 90
; estimated printing time (normal mode) = 3m 22s
; estimated first layer printing time (normal mode) = 1s

; CONFIG_BLOCK_START
; accel_to_decel_enable = 1
; accel_to_decel_factor = 50%
; activate_air_filtration = 0
; activate_chamber_temp_control = 0
; adaptive_bed_mesh_margin = 0
; adaptive_pressure_advance = 0
; adaptive_pressure_advance_bridges = 0
; adaptive_pressure_advance_model = "0,0,0\n0,0,0"
; adaptive_pressure_advance_overhangs = 0
; additional_cooling_fan_speed = 0
; align_infill_direction_to_model = 0
; alternate_extra_wall = 0
; auxiliary_fan = 0
; bbl_calib_mark_logo = 1
; bed_custom_model = 
; bed_custom_texture = 
; bed_exclude_area = 0x0
; bed_mesh_max = 99999,99999
; bed_mesh_min = -99999,-99999
; bed_mesh_probe_distance = 50,50
; bed_temperature_formula = by_highest_temp
; before_layer_change_gcode = G92 E0
; best_object_pos = 0.5,0.5
; bottom_shell_layers = 3
; bottom_shell_thickness = 0
; bottom_solid_infill_flow_ratio = 1
; bottom_surface_density = 100%
; bottom_surface_pattern = monotonic
; bridge_acceleration = 50%
; bridge_angle = 0
; bridge_density = 100%
; bridge_flow = 1
; bridge_no_support = 0
; bridge_speed = 25
; brim_ears_detection_length = 1
; brim_ears_max_angle = 125
; brim_object_gap = 0
; brim_type = auto_brim
; brim_use_efc_outline = 0
; brim_width = 0
; calib_flowrate_topinfill_special_order = 0
; chamber_temperature = 0
; change_extrusion_role_gcode = 
; change_filament_gcode = 
; close_fan_the_first_x_layers = 1
; complete_print_exhaust_fan_speed = 80
; cool_plate_temp = 35
; cool_plate_temp_initial_layer = 35
; cooling_tube_length = 5
; cooling_tube_retraction = 91.5
; counterbore_hole_bridging = none
; curr_bed_type = Cool Plate
; default_acceleration = 500
; default_filament_colour = ""
; default_jerk = 0
; default_junction_deviation = 0
; deretraction_speed = 0
; detect_narrow_internal_solid_infill = 1
; detect_overhang_wall = 1
; detect_thin_wall = 0
; different_settings_to_system = ;
; disable_m73 = 0
; dont_filter_internal_bridges = disabled
; dont_slow_down_outer_wall = 0
; draft_shield = disabled
; during_print_exhaust_fan_speed = 60
; elefant_foot_compensation = 0
; elefant_foot_compensation_layers = 1
; emit_machine_limits_to_gcode = 1
; enable_arc_fitting = 0
; enable_extra_bridge_layer = disabled
; enable_filament_ramming = 1
; enable_long_retraction_when_cut = 0
; enable_overhang_bridge_fan = 1
; enable_overhang_speed = 1
; enable_power_loss_recovery = printer_configuration
; enable_pressure_advance = 0
; enable_prime_tower = 0
; enable_support = 0
; enable_tower_interface_cooldown_during_tower = 0
; enable_tower_interface_features = 0
; enable_wrapping_detection = 0
; enforce_support_layers = 0
; eng_plate_temp = 45
; eng_plate_temp_initial_layer = 45
; ensure_vertical_shell_thickness = ensure_all
; exclude_object = 0
; extra_loading_move = -2
; extra_perimeters_on_overhangs = 0
; extra_solid_infills = 
; extruder_ams_count = 
; extruder_clearance_height_to_lid = 120
; extruder_clearance_height_to_rod = 40
; extruder_clearance_radius = 40
; extruder_colour = #F2754E
; extruder_offset = 0x0
; extruder_printable_area = 
; extruder_printable_height = 0
; extruder_type = Direct Drive
; extrusion_rate_smoothing_external_perimeter_only = 0
; fan_cooling_layer_time = 60
; fan_kickstart = 0
; fan_max_speed = 100
; fan_min_speed = 20
; fan_speedup_overhangs = 1
; fan_speedup_time = 0
; filament_adaptive_volumetric_speed = 0
; filament_adhesiveness_category = 0
; filament_change_length = 10
; filament_colour = #F2754E
; filament_cooling_final_speed = 3.4
; filament_cooling_initial_speed = 2.2
; filament_cooling_moves = 4
; filament_cost = 0
; filament_density = 0
; filament_diameter = 1.75
; filament_end_gcode = " "
; filament_extruder_variant = "Direct Drive Standard"
; filament_flow_ratio = 1
; filament_flush_temp = 0
; filament_flush_volumetric_speed = 0
; filament_ids = 
; filament_is_support = 0
; filament_loading_speed = 28
; filament_loading_speed_start = 3
; filament_map = 1
; filament_map_mode = Auto For Flush
; filament_max_volumetric_speed = 2
; filament_minimal_purge_on_wipe_tower = 15
; filament_multitool_ramming = 0
; filament_multitool_ramming_flow = 10
; filament_multitool_ramming_volume = 10
; filament_notes = ""
; filament_printable = 3
; filament_ramming_parameters = "120 100 6.6 6.8 7.2 7.6 7.9 8.2 8.7 9.4 9.9 10.0| 0.05 6.6 0.45 6.8 0.95 7.8 1.45 8.3 1.95 9.7 2.45 10 2.95 7.6 3.45 7.6 3.95 7.6 4.45 7.6 4.95 7.6"
; filament_settings_id = ""
; filament_shrink = 100%
; filament_shrinkage_compensation_z = 100%
; filament_soluble = 0
; filament_stamping_distance = 0
; filament_stamping_loading_speed = 0
; filament_start_gcode = " "
; filament_toolchange_delay = 0
; filament_tower_interface_pre_extrusion_dist = 10
; filament_tower_interface_pre_extrusion_length = 0
; filament_tower_interface_print_temp = -1
; filament_tower_interface_purge_volume = 20
; filament_tower_ironing_area = 4
; filament_type = PLA
; filament_unloading_speed = 90
; filament_unloading_speed_start = 100
; filament_vendor = (Undefined)
; file_start_gcode = 
; filename_format = {input_filename_base}_{filament_type[initial_tool]}_{print_time}.gcode
; fill_multiline = 1
; filter_out_gap_fill = 0
; first_layer_flow_ratio = 1
; first_layer_print_sequence = 0
; flush_into_infill = 0
; flush_into_objects = 0
; flush_into_support = 1
; flush_multiplier = 0.3
; flush_volumes_matrix = 0,280,280,280,280,0,280,280,280,280,0,280,280,280,280,0
; flush_volumes_vector = 140,140,140,140,140,140,140,140
; full_fan_speed_layer = 0
; fuzzy_skin = disabled_fuzzy
; fuzzy_skin_first_layer = 0
; fuzzy_skin_mode = displacement
; fuzzy_skin_noise_type = classic
; fuzzy_skin_octaves = 4
; fuzzy_skin_persistence = 0.5
; fuzzy_skin_point_distance = 0.3
; fuzzy_skin_scale = 1
; fuzzy_skin_thickness = 0.2
; gap_fill_flow_ratio = 1
; gap_fill_target = nowhere
; gap_infill_speed = 30
; gcode_add_line_number = 0
; gcode_comments = 0
; gcode_flavor = marlin
; gcode_label_objects = 1
; grab_length = 0
; has_scarf_joint_seam = 0
; head_wrap_detect_zone = 
; high_current_on_filament_swap = 0
; hole_to_polyhole = 0
; hole_to_polyhole_threshold = 0.01
; hole_to_polyhole_twisted = 1
; hot_plate_temp = 45
; hot_plate_temp_initial_layer = 45
; idle_temperature = 0
; independent_support_layer_height = 1
; infill_anchor = 400%
; infill_anchor_max = 20
; infill_combination = 0
; infill_combination_max_layer_height = 100%
; infill_direction = 45
; infill_jerk = 9
; infill_lock_depth = 1
; infill_overhang_angle = 60
; infill_shift_step = 0.4
; infill_wall_overlap = 15%
; inherits_group = ;
; initial_layer_acceleration = 300
; initial_layer_infill_speed = 60
; initial_layer_jerk = 9
; initial_layer_line_width = 0
; initial_layer_min_bead_width = 85%
; initial_layer_print_height = 0.2
; initial_layer_speed = 30
; initial_layer_travel_speed = 100%
; inner_wall_acceleration = 10000
; inner_wall_flow_ratio = 1
; inner_wall_jerk = 9
; inner_wall_line_width = 0
; inner_wall_speed = 60
; interface_shells = 0
; interlocking_beam = 0
; interlocking_beam_layer_count = 2
; interlocking_beam_width = 0.8
; interlocking_boundary_avoidance = 2
; interlocking_depth = 2
; interlocking_orientation = 22.5
; internal_bridge_angle = 0
; internal_bridge_density = 100%
; internal_bridge_fan_speed = -1
; internal_bridge_flow = 1
; internal_bridge_speed = 150%
; internal_solid_infill_acceleration = 100%
; internal_solid_infill_flow_ratio = 1
; internal_solid_infill_line_width = 0
; internal_solid_infill_pattern = monotonic
; internal_solid_infill_speed = 100
; ironing_angle = 0
; ironing_angle_fixed = 0
; ironing_fan_speed = -1
; ironing_flow = 10%
; ironing_inset = 0
; ironing_pattern = rectilinear
; ironing_spacing = 0.1
; ironing_speed = 20
; ironing_type = no ironing
; is_infill_first = 0
; lateral_lattice_angle_1 = -45
; lateral_lattice_angle_2 = 45
; layer_change_gcode = 
; layer_height = 0.2
; line_width = 0
; long_retractions_when_cut = 0
; long_retractions_when_ec = 0
; machine_end_gcode = M104 S0\nM140 S0\nM107\nG28 X0 Y0\nM84
; machine_load_filament_time = 0
; machine_max_acceleration_e = 5000,5000
; machine_max_acceleration_extruding = 1500,1250
; machine_max_acceleration_retracting = 1500,1250
; machine_max_acceleration_travel = 0,0
; machine_max_acceleration_x = 1000,1000
; machine_max_acceleration_y = 1000,1000
; machine_max_acceleration_z = 500,200
; machine_max_jerk_e = 2.5,2.5
; machine_max_jerk_x = 10,10
; machine_max_jerk_y = 10,10
; machine_max_jerk_z = 0.2,0.4
; machine_max_junction_deviation = 0.01
; machine_max_speed_e = 120,120
; machine_max_speed_x = 500,200
; machine_max_speed_y = 500,200
; machine_max_speed_z = 12,12
; machine_min_extruding_rate = 0,0
; machine_min_travel_rate = 0,0
; machine_pause_gcode = 
; machine_start_gcode = G90\nM82\nM104 S[first_layer_temperature]\nM140 S[first_layer_bed_temperature]\nG28\nG92 E0\nM190 S[first_layer_bed_temperature]\nM109 S[first_layer_temperature]\nG92 E0
; machine_tool_change_time = 0
; machine_unload_filament_time = 0
; make_overhang_printable = 0
; make_overhang_printable_angle = 55
; make_overhang_printable_hole_size = 0
; manual_filament_change = 0
; master_extruder_id = 1
; max_bridge_length = 10
; max_layer_height = 0
; max_resonance_avoidance_speed = 120
; max_travel_detour_distance = 0
; max_volumetric_extrusion_rate_slope = 0
; max_volumetric_extrusion_rate_slope_segment_length = 3
; min_bead_width = 85%
; min_feature_size = 25%
; min_layer_height = 0.07
; min_length_factor = 0.5
; min_resonance_avoidance_speed = 70
; min_skirt_length = 0
; min_width_top_surface = 300%
; minimum_sparse_infill_area = 15
; mmu_segmented_region_interlocking_depth = 0
; mmu_segmented_region_max_width = 0
; notes = 
; nozzle_diameter = 0.4
; nozzle_flush_dataset = 0
; nozzle_height = 2.5
; nozzle_hrc = 0
; nozzle_temperature = 200
; nozzle_temperature_initial_layer = 200
; nozzle_temperature_range_high = 240
; nozzle_temperature_range_low = 190
; nozzle_type = undefine
; nozzle_volume = 0
; nozzle_volume_type = Standard
; only_one_wall_first_layer = 0
; only_one_wall_top = 0
; ooze_prevention = 0
; other_layers_print_sequence = 0
; other_layers_print_sequence_nums = 0
; outer_wall_acceleration = 500
; outer_wall_flow_ratio = 1
; outer_wall_jerk = 9
; outer_wall_line_width = 0
; outer_wall_speed = 60
; overhang_1_4_speed = 0
; overhang_2_4_speed = 0
; overhang_3_4_speed = 0
; overhang_4_4_speed = 0
; overhang_fan_speed = 100
; overhang_fan_threshold = 95%
; overhang_flow_ratio = 1
; overhang_reverse = 0
; overhang_reverse_internal_only = 0
; overhang_reverse_threshold = 50%
; parking_pos_retraction = 92
; physical_extruder_map = 0
; post_process = 
; precise_outer_wall = 1
; precise_z_height = 0
; preferred_orientation = 0
; preheat_steps = 1
; preheat_time = 30
; pressure_advance = 0.02
; prime_tower_brim_width = 3
; prime_tower_enable_framework = 0
; prime_tower_flat_ironing = 0
; prime_tower_infill_gap = 150%
; prime_tower_skip_points = 1
; prime_tower_width = 60
; prime_volume = 45
; print_compatible_printers = "WEEFUN Tina 2 0.4 nozzle"
; print_extruder_id = 1
; print_extruder_variant = "Direct Drive Standard"
; print_flow_ratio = 1
; print_order = default
; print_sequence = by layer
; print_settings_id = 0.20mm Tina 2 @MyMarlin
; printable_area = 0x0,120x0,120x100,0x100
; printable_height = 100
; printer_extruder_id = 1
; printer_extruder_variant = "Direct Drive Standard"
; printer_model = WEEFUN Tina 2
; printer_notes = 
; printer_settings_id = WEEFUN Tina 2 0.4 nozzle
; printer_structure = undefine
; printer_technology = FFF
; printing_by_object_gcode = 
; purge_in_prime_tower = 1
; raft_contact_distance = 0.1
; raft_expansion = 1.5
; raft_first_layer_density = 90%
; raft_first_layer_expansion = 2
; raft_layers = 0
; reduce_crossing_wall = 0
; reduce_fan_stop_start_freq = 0
; reduce_infill_retraction = 0
; required_nozzle_HRC = 0
; resolution = 0.01
; resonance_avoidance = 0
; retract_before_wipe = 100%
; retract_length_toolchange = 10
; retract_lift_above = 0
; retract_lift_below = 0
; retract_lift_enforce = All Surfaces
; retract_restart_extra = 0
; retract_restart_extra_toolchange = 0
; retract_when_changing_layer = 0
; retraction_distances_when_cut = 18
; retraction_distances_when_ec = 10
; retraction_length = 0.8
; retraction_minimum_travel = 2
; retraction_speed = 30
; role_based_wipe_speed = 1
; scan_first_layer = 0
; scarf_angle_threshold = 155
; scarf_joint_flow_ratio = 1
; scarf_joint_speed = 100%
; scarf_overhang_threshold = 40%
; seam_gap = 10%
; seam_position = aligned
; seam_slope_conditional = 0
; seam_slope_entire_loop = 0
; seam_slope_inner_walls = 0
; seam_slope_min_length = 20
; seam_slope_start_height = 0
; seam_slope_steps = 10
; seam_slope_type = none
; set_other_flow_ratios = 0
; silent_mode = 0
; single_extruder_multi_material = 1
; single_extruder_multi_material_priming = 0
; single_loop_draft_shield = 0
; skeleton_infill_density = 25%
; skeleton_infill_line_width = 100%
; skin_infill_density = 25%
; skin_infill_depth = 2
; skin_infill_line_width = 100%
; skirt_distance = 2
; skirt_height = 1
; skirt_loops = 1
; skirt_speed = 50
; skirt_start_angle = -135
; skirt_type = combined
; slice_closing_radius = 0.049
; slicing_mode = regular
; slow_down_for_layer_cooling = 1
; slow_down_layer_time = 5
; slow_down_layers = 0
; slow_down_min_speed = 10
; slowdown_for_curled_perimeters = 1
; small_area_infill_flow_compensation = 0
; small_area_infill_flow_compensation_model = 0,0;"\n0.2,0.4444";"\n0.4,0.6145";"\n0.6,0.7059";"\n0.8,0.7619";"\n1.5,0.8571";"\n2,0.8889";"\n3,0.9231";"\n5,0.9520";"\n10,1"
; small_perimeter_speed = 50%
; small_perimeter_threshold = 0
; solid_infill_direction = 45
; solid_infill_filament = 1
; solid_infill_rotate_template = 
; sparse_infill_acceleration = 100%
; sparse_infill_density = 20%
; sparse_infill_filament = 1
; sparse_infill_flow_ratio = 1
; sparse_infill_line_width = 0
; sparse_infill_pattern = crosshatch
; sparse_infill_rotate_template = 
; sparse_infill_speed = 100
; spiral_finishing_flow_ratio = 0
; spiral_mode = 0
; spiral_mode_max_xy_smoothing = 200%
; spiral_mode_smooth = 0
; spiral_starting_flow_ratio = 0
; staggered_inner_seams = 0
; standby_temperature_delta = -5
; start_end_points = 30x-3,54x245
; supertack_plate_temp = 35
; supertack_plate_temp_initial_layer = 35
; support_air_filtration = 1
; support_angle = 0
; support_base_pattern = default
; support_base_pattern_spacing = 2.5
; support_bottom_interface_spacing = 0.5
; support_bottom_z_distance = 0.2
; support_chamber_temp_control = 1
; support_critical_regions_only = 0
; support_expansion = 0
; support_filament = 0
; support_flow_ratio = 1
; support_interface_bottom_layers = 0
; support_interface_filament = 0
; support_interface_flow_ratio = 1
; support_interface_loop_pattern = 0
; support_interface_not_for_body = 1
; support_interface_pattern = auto
; support_interface_spacing = 0.5
; support_interface_speed = 80
; support_interface_top_layers = 3
; support_ironing = 0
; support_ironing_flow = 10%
; support_ironing_pattern = rectilinear
; support_ironing_spacing = 0.1
; support_line_width = 0
; support_material_interface_fan_speed = -1
; support_multi_bed_types = 0
; support_object_first_layer_gap = 0.2
; support_object_skip_flush = 0
; support_object_xy_distance = 0.35
; support_on_build_plate_only = 0
; support_remove_small_overhang = 1
; support_speed = 80
; support_style = default
; support_threshold_angle = 30
; support_threshold_overlap = 50%
; support_top_z_distance = 0.2
; support_type = normal(auto)
; symmetric_infill_y_axis = 0
; temperature_vitrification = 100
; template_custom_gcode = 
; textured_cool_plate_temp = 40
; textured_cool_plate_temp_initial_layer = 40
; textured_plate_temp = 45
; textured_plate_temp_initial_layer = 45
; thick_bridges = 0
; thick_internal_bridges = 1
; thumbnails = 48x48/PNG,300x300/PNG
; time_cost = 0
; time_lapse_gcode = 
; timelapse_type = 0
; top_bottom_infill_wall_overlap = 25%
; top_shell_layers = 4
; top_shell_thickness = 0.6
; top_solid_infill_flow_ratio = 1
; top_surface_acceleration = 500
; top_surface_density = 100%
; top_surface_jerk = 9
; top_surface_line_width = 0
; top_surface_pattern = monotonicline
; top_surface_speed = 100
; travel_acceleration = 10000
; travel_jerk = 12
; travel_slope = 3
; travel_speed = 120
; travel_speed_z = 0
; tree_support_angle_slow = 25
; tree_support_auto_brim = 1
; tree_support_branch_angle = 40
; tree_support_branch_angle_organic = 40
; tree_support_branch_diameter = 5
; tree_support_branch_diameter_angle = 5
; tree_support_branch_diameter_organic = 2
; tree_support_branch_distance = 5
; tree_support_branch_distance_organic = 1
; tree_support_brim_width = 3
; tree_support_tip_diameter = 0.8
; tree_support_top_rate = 30%
; tree_support_wall_count = 0
; use_firmware_retraction = 0
; use_relative_e_distances = 1
; volumetric_speed_coefficients = ""
; wall_direction = auto
; wall_distribution_count = 1
; wall_filament = 1
; wall_generator = arachne
; wall_loops = 2
; wall_sequence = inner wall/outer wall
; wall_transition_angle = 10
; wall_transition_filter_deviation = 25%
; wall_transition_length = 100%
; wipe = 0
; wipe_before_external_loop = 0
; wipe_distance = 1
; wipe_on_loops = 0
; wipe_speed = 80%
; wipe_tower_bridging = 10
; wipe_tower_cone_angle = 30
; wipe_tower_extra_flow = 100%
; wipe_tower_extra_rib_length = 0
; wipe_tower_extra_spacing = 100%
; wipe_tower_filament = 0
; wipe_tower_fillet_wall = 1
; wipe_tower_max_purge_speed = 90
; wipe_tower_no_sparse_layers = 0
; wipe_tower_rib_width = 8
; wipe_tower_rotation_angle = 0
; wipe_tower_type = type2
; wipe_tower_wall_type = rectangle
; wipe_tower_x = 15.000
; wipe_tower_x = 15
; wipe_tower_y = 220.000
; wipe_tower_y = 220
; wiping_volumes_extruders = 70,70,70,70,70,70,70,70,70,70
; wrapping_detection_gcode = 
; wrapping_detection_layers = 20
; wrapping_exclude_area = 
; xy_contour_compensation = 0
; xy_hole_compensation = 0
; z_hop = 0.4
; z_hop_types = Slope Lift
; z_offset = 0
; first_layer_bed_temperature = 35
; bed_shape = 0x0,120x0,120x100,0x100
; first_layer_temperature = 200
; first_layer_height = 0.200
; CONFIG_BLOCK_END


